sig_time,entry_time,exit_time,side,entry,exit,stop,risk_pts,pnl,R,reason,parts,tag
2019-06-21 11:44:00-04:00,2019-06-21 11:44:00-04:00,2019-06-21 15:59:00-04:00,S,7770.0,7756.0,7803.75,33.75,26.0,0.3851851851851852,time,1,S
2019-06-24 12:29:00-04:00,2019-06-24 12:29:00-04:00,2019-06-24 14:49:00-04:00,S,7766.25,7753.75,7775.25,9.0,23.0,1.2777777777777777,TP,1,S
2019-06-25 09:34:00-04:00,2019-06-25 09:34:00-04:00,2019-06-25 09:38:00-04:00,S,7744.0,7725.0,7757.25,13.25,36.0,1.3584905660377358,TP,1,S
2019-06-26 10:54:00-04:00,2019-06-26 10:54:00-04:00,2019-06-26 13:36:00-04:00,S,7683.25,7656.75,7701.5,18.25,51.0,1.3972602739726028,TP,1,S
2019-06-27 09:39:00-04:00,2019-06-27 09:39:00-04:00,2019-06-27 09:54:00-04:00,S,7674.5,7699.0,7698.75,24.25,-51.0,-1.0515463917525774,SL,1,S
2019-06-27 12:09:00-04:00,2019-06-27 12:09:00-04:00,2019-06-27 15:59:00-04:00,L,7683.25,7683.25,7662.5,20.75,-2.0,-0.04819277108433735,time,1,L
2019-06-28 09:39:00-04:00,2019-06-28 09:39:00-04:00,2019-06-28 15:59:00-04:00,S,7688.75,7693.5,7710.5,21.75,-11.5,-0.26436781609195403,time,1,S
2019-07-02 09:34:00-04:00,2019-07-02 09:34:00-04:00,2019-07-02 09:39:00-04:00,S,7779.25,7794.5,7794.25,15.0,-32.5,-1.0833333333333333,SL,1,S
2019-07-02 13:09:00-04:00,2019-07-02 13:09:00-04:00,2019-07-02 15:07:00-04:00,L,7784.5,7807.25,7768.75,15.75,43.5,1.380952380952381,TP,1,L
2019-07-03 10:19:00-04:00,2019-07-03 10:19:00-04:00,2019-07-03 13:00:00-04:00,L,7855.5,7885.25,7835.0,20.5,57.5,1.4024390243902438,TP,1,L
2019-07-04 10:09:00-04:00,2019-07-04 10:09:00-04:00,2019-07-04 10:54:00-04:00,S,7894.75,7900.75,7900.5,5.75,-14.0,-1.2173913043478262,SL,1,S
2019-07-05 11:19:00-04:00,2019-07-05 11:19:00-04:00,2019-07-05 13:30:00-04:00,L,7823.25,7862.25,7796.75,26.5,76.0,1.4339622641509433,TP,1,L
2019-07-08 11:04:00-04:00,2019-07-08 11:04:00-04:00,2019-07-08 12:03:00-04:00,L,7803.25,7784.0,7784.25,19.0,-40.5,-1.0657894736842106,SL,1,L
2019-07-08 12:34:00-04:00,2019-07-08 12:34:00-04:00,2019-07-08 15:15:00-04:00,L,7794.5,7813.75,7781.0,13.5,36.5,1.3518518518518519,TP,1,L
2019-07-10 11:59:00-04:00,2019-07-10 11:59:00-04:00,2019-07-10 15:59:00-04:00,L,7918.0,7927.5,7881.25,36.75,17.0,0.23129251700680273,time,1,L
2019-07-11 11:09:00-04:00,2019-07-11 11:09:00-04:00,2019-07-11 13:34:00-04:00,L,7940.5,7921.25,7921.5,19.0,-40.5,-1.0657894736842106,SL,1,L
2019-07-12 09:39:00-04:00,2019-07-12 09:39:00-04:00,2019-07-12 10:44:00-04:00,L,7936.75,7924.25,7924.5,12.25,-27.0,-1.1020408163265305,SL,1,L
2019-07-12 13:39:00-04:00,2019-07-12 13:39:00-04:00,2019-07-12 15:39:00-04:00,S,7947.25,7959.0,7958.75,11.5,-25.5,-1.108695652173913,SL,1,S
2019-07-15 09:34:00-04:00,2019-07-15 09:34:00-04:00,2019-07-15 15:00:00-04:00,S,7974.5,7987.25,7987.0,12.5,-27.5,-1.1,SL,1,S
2019-07-16 13:04:00-04:00,2019-07-16 13:04:00-04:00,2019-07-16 15:59:00-04:00,L,7960.5,7948.25,7923.75,36.75,-26.5,-0.36054421768707484,time,1,L
2019-07-17 10:14:00-04:00,2019-07-17 10:14:00-04:00,2019-07-17 15:57:00-04:00,S,7942.75,7914.0,7962.5,19.75,55.5,1.4050632911392404,TP,1,S
2019-07-18 09:39:00-04:00,2019-07-18 09:39:00-04:00,2019-07-18 11:21:00-04:00,L,7895.75,7863.25,7863.5,32.25,-67.0,-1.0387596899224807,SL,1,L
2019-07-18 12:24:00-04:00,2019-07-18 12:24:00-04:00,2019-07-18 14:20:00-04:00,L,7867.75,7901.0,7845.0,22.75,64.5,1.4175824175824177,TP,1,L
2019-07-19 09:39:00-04:00,2019-07-19 09:39:00-04:00,2019-07-19 11:39:00-04:00,S,7954.75,7916.75,7980.75,26.0,74.0,1.4230769230769231,TP,1,S
2019-07-19 12:29:00-04:00,2019-07-19 12:29:00-04:00,2019-07-19 14:10:00-04:00,L,7929.0,7899.75,7900.0,29.0,-60.5,-1.043103448275862,SL,1,L
2019-07-22 10:54:00-04:00,2019-07-22 10:54:00-04:00,2019-07-22 12:58:00-04:00,S,7891.75,7915.5,7915.25,23.5,-49.5,-1.053191489361702,SL,1,S
2019-07-22 14:39:00-04:00,2019-07-22 14:39:00-04:00,2019-07-22 15:01:00-04:00,S,7908.75,7922.5,7922.25,13.5,-29.5,-1.0925925925925926,SL,1,S
2019-07-23 09:34:00-04:00,2019-07-23 09:34:00-04:00,2019-07-23 09:50:00-04:00,S,7952.25,7936.25,7963.5,11.25,30.0,1.3333333333333333,TP,1,S
2019-07-23 11:19:00-04:00,2019-07-23 11:19:00-04:00,2019-07-23 11:47:00-04:00,L,7937.75,7921.0,7921.25,16.5,-35.5,-1.0757575757575757,SL,1,L
2019-07-23 12:44:00-04:00,2019-07-23 12:44:00-04:00,2019-07-23 13:44:00-04:00,L,7928.0,7957.25,7908.0,20.0,56.5,1.4125,TP,1,L
2019-07-24 09:39:00-04:00,2019-07-24 09:39:00-04:00,2019-07-24 10:35:00-04:00,L,7958.5,7988.0,7938.25,20.25,57.0,1.4074074074074074,TP,1,L
2019-07-24 13:39:00-04:00,2019-07-24 13:39:00-04:00,2019-07-24 14:02:00-04:00,S,7984.25,7995.5,7995.25,11.0,-24.5,-1.1136363636363635,SL,1,S
2019-07-25 13:44:00-04:00,2019-07-25 13:44:00-04:00,2019-07-25 15:59:00-04:00,L,7956.5,7946.25,7934.5,22.0,-22.5,-0.5113636363636364,time,1,L
2019-07-26 09:34:00-04:00,2019-07-26 09:34:00-04:00,2019-07-26 15:59:00-04:00,L,8018.75,8028.0,7994.25,24.5,16.5,0.336734693877551,time,1,L
2019-07-29 14:09:00-04:00,2019-07-29 14:09:00-04:00,2019-07-29 14:51:00-04:00,S,7988.5,8000.5,8000.25,11.75,-26.0,-1.1063829787234043,SL,1,S
2019-07-30 09:34:00-04:00,2019-07-30 09:34:00-04:00,2019-07-30 14:00:00-04:00,L,7948.25,7977.75,7928.0,20.25,57.0,1.4074074074074074,TP,1,L
2019-07-30 14:59:00-04:00,2019-07-30 14:59:00-04:00,2019-07-30 15:59:00-04:00,S,7977.0,7967.0,7998.25,21.25,18.0,0.4235294117647059,time,1,S
2019-08-02 12:09:00-04:00,2019-08-02 12:09:00-04:00,2019-08-02 13:36:00-04:00,L,7690.5,7656.75,7657.0,33.5,-69.5,-1.037313432835821,SL,1,L
2019-08-02 14:09:00-04:00,2019-08-02 14:09:00-04:00,2019-08-02 15:36:00-04:00,L,7674.25,7710.25,7649.75,24.5,70.0,1.4285714285714286,TP,1,L
2019-08-05 11:14:00-04:00,2019-08-05 11:14:00-04:00,2019-08-05 12:00:00-04:00,L,7506.25,7461.75,7462.0,44.25,-91.0,-1.0282485875706215,SL,1,L
2019-08-05 13:39:00-04:00,2019-08-05 13:39:00-04:00,2019-08-05 13:59:00-04:00,L,7457.75,7416.25,7416.5,41.25,-85.0,-1.0303030303030303,SL,1,L
2019-08-06 10:19:00-04:00,2019-08-06 10:19:00-04:00,2019-08-06 14:25:00-04:00,S,7468.25,7535.75,7535.5,67.25,-137.0,-1.0185873605947955,SL,1,S
2019-08-07 10:09:00-04:00,2019-08-07 10:09:00-04:00,2019-08-07 15:30:00-04:00,L,7459.0,7565.25,7387.5,71.5,210.5,1.472027972027972,TP,1,L
2019-08-09 09:54:00-04:00,2019-08-09 09:54:00-04:00,2019-08-09 11:58:00-04:00,S,7671.5,7599.25,7720.25,48.75,142.5,1.4615384615384615,TP,1,S
2019-08-12 09:34:00-04:00,2019-08-12 09:34:00-04:00,2019-08-12 10:25:00-04:00,S,7593.5,7629.25,7629.0,35.5,-73.5,-1.0352112676056338,SL,1,S
2019-08-12 11:09:00-04:00,2019-08-12 11:09:00-04:00,2019-08-12 12:31:00-04:00,S,7599.5,7632.5,7632.25,32.75,-68.0,-1.0381679389312977,SL,1,S
2019-08-12 12:54:00-04:00,2019-08-12 12:54:00-04:00,2019-08-12 14:29:00-04:00,S,7605.5,7563.75,7634.0,28.5,81.5,1.4298245614035088,TP,1,S
2019-08-13 13:19:00-04:00,2019-08-13 13:19:00-04:00,2019-08-13 14:18:00-04:00,S,7723.25,7746.75,7746.5,23.25,-49.0,-1.053763440860215,SL,1,S
2019-08-14 09:39:00-04:00,2019-08-14 09:39:00-04:00,2019-08-14 09:45:00-04:00,L,7633.25,7595.75,7596.0,37.25,-77.0,-1.0335570469798658,SL,1,L
2019-08-14 13:29:00-04:00,2019-08-14 13:29:00-04:00,2019-08-14 15:59:00-04:00,L,7529.0,7500.25,7489.0,40.0,-59.5,-0.74375,time,1,L
2019-08-15 09:39:00-04:00,2019-08-15 09:39:00-04:00,2019-08-15 15:59:00-04:00,S,7486.25,7494.0,7549.75,63.5,-17.5,-0.1377952755905512,time,1,S
2019-08-16 09:54:00-04:00,2019-08-16 09:54:00-04:00,2019-08-16 10:55:00-04:00,L,7574.25,7617.25,7545.0,29.25,84.0,1.435897435897436,TP,1,L
2019-08-16 12:19:00-04:00,2019-08-16 12:19:00-04:00,2019-08-16 12:37:00-04:00,S,7598.75,7615.0,7614.75,16.0,-34.5,-1.078125,SL,1,S
2019-08-16 14:09:00-04:00,2019-08-16 14:09:00-04:00,2019-08-16 15:55:00-04:00,S,7611.75,7626.25,7626.0,14.25,-31.0,-1.087719298245614,SL,1,S
2019-08-19 10:54:00-04:00,2019-08-19 10:54:00-04:00,2019-08-19 15:59:00-04:00,L,7728.5,7728.0,7694.5,34.0,-3.0,-0.04411764705882353,time,1,L
2019-08-20 11:59:00-04:00,2019-08-20 11:59:00-04:00,2019-08-20 14:20:00-04:00,S,7718.5,7683.75,7742.25,23.75,67.5,1.4210526315789473,TP,1,S
2019-08-21 10:39:00-04:00,2019-08-21 10:39:00-04:00,2019-08-21 14:00:00-04:00,S,7744.5,7713.5,7765.75,21.25,60.0,1.411764705882353,TP,1,S
2019-08-21 14:44:00-04:00,2019-08-21 14:44:00-04:00,2019-08-21 15:59:00-04:00,S,7733.0,7741.5,7749.25,16.25,-19.0,-0.5846153846153846,time,1,S
2019-08-22 14:29:00-04:00,2019-08-22 14:29:00-04:00,2019-08-22 14:45:00-04:00,S,7712.75,7730.75,7730.5,17.75,-38.0,-1.0704225352112675,SL,1,S
2019-08-23 10:04:00-04:00,2019-08-23 10:04:00-04:00,2019-08-23 11:02:00-04:00,L,7675.5,7627.25,7627.5,48.0,-98.5,-1.0260416666666667,SL,1,L
2019-08-23 11:04:00-04:00,2019-08-23 11:04:00-04:00,2019-08-23 13:30:00-04:00,S,7633.5,7486.25,7732.25,98.75,292.5,1.481012658227848,TP,1,S
2019-08-26 10:49:00-04:00,2019-08-26 10:49:00-04:00,2019-08-26 15:59:00-04:00,L,7546.0,7583.0,7510.5,35.5,72.0,1.0140845070422535,time,1,L
2019-08-27 10:14:00-04:00,2019-08-27 10:14:00-04:00,2019-08-27 11:16:00-04:00,S,7624.75,7589.25,7649.0,24.25,69.0,1.422680412371134,TP,1,S
2019-08-27 13:39:00-04:00,2019-08-27 13:39:00-04:00,2019-08-27 15:59:00-04:00,L,7576.75,7570.5,7536.5,40.25,-14.5,-0.18012422360248448,time,1,L
2019-08-29 09:34:00-04:00,2019-08-29 09:34:00-04:00,2019-08-29 10:37:00-04:00,L,7711.25,7679.5,7679.75,31.5,-65.5,-1.0396825396825398,SL,1,L
2019-08-29 10:39:00-04:00,2019-08-29 10:39:00-04:00,2019-08-29 13:55:00-04:00,S,7675.0,7726.25,7726.0,51.0,-104.5,-1.0245098039215685,SL,1,S
2019-08-29 14:19:00-04:00,2019-08-29 14:19:00-04:00,2019-08-29 15:59:00-04:00,S,7713.25,7707.75,7730.5,17.25,9.0,0.2608695652173913,time,1,S
2019-08-30 14:54:00-04:00,2019-08-30 14:54:00-04:00,2019-08-30 15:55:00-04:00,S,7669.25,7687.25,7687.0,17.75,-38.0,-1.0704225352112675,SL,1,S
2019-09-02 10:19:00-04:00,2019-09-02 10:19:00-04:00,2019-09-02 11:49:00-04:00,L,7662.25,7640.25,7640.5,21.75,-46.0,-1.0574712643678161,SL,1,L
2019-09-03 10:04:00-04:00,2019-09-03 10:04:00-04:00,2019-09-03 15:59:00-04:00,S,7612.5,7615.0,7677.0,64.5,-7.0,-0.05426356589147287,time,1,S
2019-09-04 11:04:00-04:00,2019-09-04 11:04:00-04:00,2019-09-04 12:55:00-04:00,L,7684.75,7714.75,7664.25,20.5,58.0,1.4146341463414633,TP,1,L
2019-09-04 13:54:00-04:00,2019-09-04 13:54:00-04:00,2019-09-04 15:14:00-04:00,S,7705.5,7720.0,7719.75,14.25,-31.0,-1.087719298245614,SL,1,S
2019-09-05 14:09:00-04:00,2019-09-05 14:09:00-04:00,2019-09-05 14:53:00-04:00,L,7852.0,7862.25,7844.5,7.5,18.5,1.2333333333333334,TP,1,L
2019-09-06 10:44:00-04:00,2019-09-06 10:44:00-04:00,2019-09-06 12:51:00-04:00,L,7869.25,7842.75,7843.0,26.25,-55.0,-1.0476190476190477,SL,1,L
2019-09-06 13:04:00-04:00,2019-09-06 13:04:00-04:00,2019-09-06 15:59:00-04:00,L,7867.25,7856.0,7838.25,29.0,-24.5,-0.4224137931034483,time,1,L
2019-09-09 09:34:00-04:00,2019-09-09 09:34:00-04:00,2019-09-09 10:21:00-04:00,S,7869.75,7845.75,7886.25,16.5,46.0,1.393939393939394,TP,1,S
2019-09-09 10:54:00-04:00,2019-09-09 10:54:00-04:00,2019-09-09 12:13:00-04:00,L,7870.25,7843.75,7844.0,26.25,-55.0,-1.0476190476190477,SL,1,L
2019-09-10 10:29:00-04:00,2019-09-10 10:29:00-04:00,2019-09-10 15:59:00-04:00,L,7782.25,7819.0,7744.0,38.25,71.5,0.934640522875817,time,1,L
2019-09-11 09:34:00-04:00,2019-09-11 09:34:00-04:00,2019-09-11 09:39:00-04:00,S,7822.5,7835.25,7835.0,12.5,-27.5,-1.1,SL,1,S
2019-09-11 13:44:00-04:00,2019-09-11 13:44:00-04:00,2019-09-11 15:55:00-04:00,S,7875.25,7893.25,7893.0,17.75,-38.0,-1.0704225352112675,SL,1,S
2019-09-12 09:44:00-04:00,2019-09-12 09:44:00-04:00,2019-09-12 10:10:00-04:00,S,7927.0,7957.5,7957.25,30.25,-63.0,-1.0413223140495869,SL,1,S
2019-09-12 14:24:00-04:00,2019-09-12 14:24:00-04:00,2019-09-12 14:40:00-04:00,S,7946.75,7960.75,7960.5,13.75,-30.0,-1.0909090909090908,SL,1,S
2019-09-13 10:49:00-04:00,2019-09-13 10:49:00-04:00,2019-09-13 13:44:00-04:00,L,7916.5,7884.75,7885.0,31.5,-65.5,-1.0396825396825398,SL,1,L
2019-09-13 13:54:00-04:00,2019-09-13 13:54:00-04:00,2019-09-13 15:10:00-04:00,L,7901.0,7884.0,7884.25,16.75,-36.0,-1.0746268656716418,SL,1,L
2019-09-18 09:34:00-04:00,2019-09-18 09:34:00-04:00,2019-09-18 13:25:00-04:00,S,7892.0,7867.75,7908.75,16.75,46.5,1.3880597014925373,TP,1,S
2019-09-19 11:44:00-04:00,2019-09-19 11:44:00-04:00,2019-09-19 12:29:00-04:00,S,7952.75,7922.75,7973.25,20.5,58.0,1.4146341463414633,TP,1,S
2019-09-20 09:34:00-04:00,2019-09-20 09:34:00-04:00,2019-09-20 11:37:00-04:00,S,7929.5,7895.75,7952.5,23.0,65.5,1.423913043478261,TP,1,S
2019-09-23 14:09:00-04:00,2019-09-23 14:09:00-04:00,2019-09-23 15:08:00-04:00,S,7848.5,7862.0,7861.75,13.25,-29.0,-1.0943396226415094,SL,1,S
2019-09-24 10:14:00-04:00,2019-09-24 10:14:00-04:00,2019-09-24 11:02:00-04:00,S,7869.5,7833.25,7894.25,24.75,70.5,1.4242424242424243,TP,1,S
2019-09-24 14:14:00-04:00,2019-09-24 14:14:00-04:00,2019-09-24 15:59:00-04:00,L,7751.0,7732.75,7701.5,49.5,-38.5,-0.3888888888888889,time,1,L
2019-09-25 09:44:00-04:00,2019-09-25 09:44:00-04:00,2019-09-25 10:01:00-04:00,S,7716.25,7677.0,7743.0,26.75,76.5,1.4299065420560748,TP,1,S
2019-09-25 10:39:00-04:00,2019-09-25 10:39:00-04:00,2019-09-25 14:56:00-04:00,L,7724.25,7814.5,7663.5,60.75,178.5,1.4691358024691359,TP,1,L
2019-09-26 10:49:00-04:00,2019-09-26 10:49:00-04:00,2019-09-26 11:01:00-04:00,L,7794.75,7757.5,7757.75,37.0,-76.5,-1.0337837837837838,SL,1,L
2019-09-26 13:44:00-04:00,2019-09-26 13:44:00-04:00,2019-09-26 15:25:00-04:00,L,7773.0,7802.5,7752.75,20.25,57.0,1.4074074074074074,TP,1,L
2019-09-27 10:49:00-04:00,2019-09-27 10:49:00-04:00,2019-09-27 11:37:00-04:00,L,7782.5,7742.5,7742.75,39.75,-82.0,-1.0314465408805031,SL,1,L
2019-09-27 11:39:00-04:00,2019-09-27 11:39:00-04:00,2019-09-27 14:50:00-04:00,S,7735.5,7648.75,7794.0,58.5,171.5,1.4658119658119657,TP,1,S
2019-09-30 09:34:00-04:00,2019-09-30 09:34:00-04:00,2019-09-30 12:25:00-04:00,L,7732.25,7769.25,7707.0,25.25,72.0,1.4257425742574257,TP,1,L
2019-09-30 14:39:00-04:00,2019-09-30 14:39:00-04:00,2019-09-30 15:59:00-04:00,S,7765.0,7768.0,7779.25,14.25,-8.0,-0.2807017543859649,time,1,S
2019-10-01 10:09:00-04:00,2019-10-01 10:09:00-04:00,2019-10-01 15:59:00-04:00,S,7779.0,7701.75,7841.75,62.75,152.5,1.2151394422310757,time,1,S
2019-10-02 14:19:00-04:00,2019-10-02 14:19:00-04:00,2019-10-02 15:59:00-04:00,L,7557.0,7565.75,7533.25,23.75,15.5,0.3263157894736842,time,1,L
2019-10-07 10:09:00-04:00,2019-10-07 10:09:00-04:00,2019-10-07 15:59:00-04:00,L,7755.5,7736.25,7724.25,31.25,-40.5,-0.648,time,1,L
2019-10-08 10:59:00-04:00,2019-10-08 10:59:00-04:00,2019-10-08 14:48:00-04:00,L,7664.5,7716.75,7629.0,35.5,102.5,1.443661971830986,TP,1,L
2019-10-09 09:49:00-04:00,2019-10-09 09:49:00-04:00,2019-10-09 09:53:00-04:00,L,7689.5,7669.75,7670.0,19.5,-41.5,-1.064102564102564,SL,1,L
2019-10-09 13:19:00-04:00,2019-10-09 13:19:00-04:00,2019-10-09 14:54:00-04:00,S,7696.0,7720.75,7720.5,24.5,-51.5,-1.0510204081632653,SL,1,S
2019-10-10 13:59:00-04:00,2019-10-10 13:59:00-04:00,2019-10-10 14:08:00-04:00,L,7750.0,7726.0,7726.25,23.75,-50.0,-1.0526315789473684,SL,1,L
2019-10-11 09:34:00-04:00,2019-10-11 09:34:00-04:00,2019-10-11 09:49:00-04:00,L,7852.75,7883.0,7832.0,20.75,58.5,1.4096385542168675,TP,1,L
2019-10-11 11:54:00-04:00,2019-10-11 11:54:00-04:00,2019-10-11 12:32:00-04:00,S,7883.5,7842.75,7911.25,27.75,79.5,1.4324324324324325,TP,1,S
2019-10-11 13:14:00-04:00,2019-10-11 13:14:00-04:00,2019-10-11 13:26:00-04:00,S,7876.25,7893.25,7893.0,16.75,-36.0,-1.0746268656716418,SL,1,S
2019-10-14 12:04:00-04:00,2019-10-14 12:04:00-04:00,2019-10-14 15:59:00-04:00,S,7857.25,7854.25,7872.75,15.5,4.0,0.12903225806451613,time,1,S
2019-10-16 10:29:00-04:00,2019-10-16 10:29:00-04:00,2019-10-16 15:59:00-04:00,L,7936.0,7933.25,7907.5,28.5,-7.5,-0.13157894736842105,time,1,L
2019-10-17 14:14:00-04:00,2019-10-17 14:14:00-04:00,2019-10-17 14:49:00-04:00,S,7945.0,7958.0,7957.75,12.75,-28.0,-1.0980392156862746,SL,1,S
2019-10-21 09:34:00-04:00,2019-10-21 09:34:00-04:00,2019-10-21 09:36:00-04:00,S,7912.25,7926.25,7926.0,13.75,-30.0,-1.0909090909090908,SL,1,S
2019-10-21 10:29:00-04:00,2019-10-21 10:29:00-04:00,2019-10-21 15:59:00-04:00,L,7922.0,7946.25,7893.25,28.75,46.5,0.808695652173913,time,1,L
2019-10-22 09:49:00-04:00,2019-10-22 09:49:00-04:00,2019-10-22 11:30:00-04:00,S,7966.0,7932.75,7988.75,22.75,64.5,1.4175824175824177,TP,1,S
2019-10-23 09:34:00-04:00,2019-10-23 09:34:00-04:00,2019-10-23 09:38:00-04:00,S,7857.25,7875.25,7875.0,17.75,-38.0,-1.0704225352112675,SL,1,S
2019-10-23 12:09:00-04:00,2019-10-23 12:09:00-04:00,2019-10-23 15:59:00-04:00,S,7874.0,7896.75,7899.25,25.25,-47.5,-0.9405940594059405,time,1,S
2019-10-24 09:54:00-04:00,2019-10-24 09:54:00-04:00,2019-10-24 11:29:00-04:00,S,7936.25,7961.75,7961.5,25.25,-53.0,-1.0495049504950495,SL,1,S
2019-10-24 12:14:00-04:00,2019-10-24 12:14:00-04:00,2019-10-24 15:59:00-04:00,S,7953.75,7973.0,7977.75,24.0,-40.5,-0.84375,time,1,S
2019-10-25 14:04:00-04:00,2019-10-25 14:04:00-04:00,2019-10-25 15:55:00-04:00,S,8018.75,8034.5,8034.25,15.5,-33.5,-1.0806451612903225,SL,1,S
2019-10-29 09:39:00-04:00,2019-10-29 09:39:00-04:00,2019-10-29 11:23:00-04:00,S,8095.25,8067.75,8114.25,19.0,53.0,1.394736842105263,TP,1,S
2019-10-29 12:19:00-04:00,2019-10-29 12:19:00-04:00,2019-10-29 15:59:00-04:00,L,8078.75,8054.0,8051.25,27.5,-51.5,-0.9363636363636364,time,1,L
2019-10-30 09:34:00-04:00,2019-10-30 09:34:00-04:00,2019-10-30 10:04:00-04:00,S,8053.75,8021.75,8075.75,22.0,62.0,1.4090909090909092,TP,1,S
2019-10-30 11:24:00-04:00,2019-10-30 11:24:00-04:00,2019-10-30 14:16:00-04:00,S,8048.5,8068.5,8068.25,19.75,-42.0,-1.0632911392405062,SL,1,S
2019-10-31 09:44:00-04:00,2019-10-31 09:44:00-04:00,2019-10-31 10:31:00-04:00,S,8092.5,8054.0,8118.75,26.25,75.0,1.4285714285714286,TP,1,S
2019-10-31 11:09:00-04:00,2019-10-31 11:09:00-04:00,2019-10-31 15:59:00-04:00,L,8091.0,8090.5,8045.75,45.25,-3.0,-0.03314917127071823,time,1,L
2019-11-01 13:14:00-04:00,2019-11-01 13:14:00-04:00,2019-11-01 15:55:00-04:00,L,8134.75,8154.5,8121.0,13.75,37.5,1.3636363636363635,TP,1,L
2019-11-04 09:54:00-05:00,2019-11-04 09:54:00-05:00,2019-11-04 15:59:00-05:00,S,8216.75,8214.0,8234.0,17.25,3.5,0.10144927536231885,time,1,S
2019-11-05 11:09:00-05:00,2019-11-05 11:09:00-05:00,2019-11-05 15:59:00-05:00,L,8219.5,8214.75,8200.25,19.25,-11.5,-0.2987012987012987,time,1,L
2019-11-06 11:34:00-05:00,2019-11-06 11:34:00-05:00,2019-11-06 11:44:00-05:00,L,8197.25,8177.75,8178.0,19.25,-41.0,-1.0649350649350648,SL,1,L
2019-11-06 13:14:00-05:00,2019-11-06 13:14:00-05:00,2019-11-06 15:55:00-05:00,L,8183.5,8199.5,8172.25,11.25,30.0,1.3333333333333333,TP,1,L
2019-11-07 11:49:00-05:00,2019-11-07 11:49:00-05:00,2019-11-07 11:59:00-05:00,S,8260.0,8273.25,8273.0,13.0,-28.5,-1.0961538461538463,SL,1,S
2019-11-08 09:39:00-05:00,2019-11-08 09:39:00-05:00,2019-11-08 09:59:00-05:00,L,8224.75,8205.5,8205.75,19.0,-40.5,-1.0657894736842106,SL,1,L
2019-11-08 10:04:00-05:00,2019-11-08 10:04:00-05:00,2019-11-08 10:44:00-05:00,S,8204.75,8234.5,8234.25,29.5,-61.5,-1.0423728813559323,SL,1,S
2019-11-08 13:09:00-05:00,2019-11-08 13:09:00-05:00,2019-11-08 15:17:00-05:00,S,8236.0,8247.75,8247.5,11.5,-25.5,-1.108695652173913,SL,1,S
2019-11-11 11:24:00-05:00,2019-11-11 11:24:00-05:00,2019-11-11 12:41:00-05:00,S,8230.75,8243.25,8243.0,12.25,-27.0,-1.1020408163265305,SL,1,S
2019-11-12 14:04:00-05:00,2019-11-12 14:04:00-05:00,2019-11-12 14:50:00-05:00,S,8277.5,8255.5,8292.75,15.25,42.0,1.3770491803278688,TP,1,S
2019-11-13 11:29:00-05:00,2019-11-13 11:29:00-05:00,2019-11-13 11:44:00-05:00,S,8260.0,8275.0,8274.75,14.75,-32.0,-1.0847457627118644,SL,1,S
2019-11-13 13:24:00-05:00,2019-11-13 13:24:00-05:00,2019-11-13 13:57:00-05:00,S,8272.5,8259.25,8282.0,9.5,24.5,1.2894736842105263,TP,1,S
2019-11-13 14:54:00-05:00,2019-11-13 14:54:00-05:00,2019-11-13 15:59:00-05:00,L,8262.5,8265.25,8239.5,23.0,3.5,0.07608695652173914,time,1,L
2019-11-14 10:34:00-05:00,2019-11-14 10:34:00-05:00,2019-11-14 11:48:00-05:00,S,8246.5,8220.25,8264.5,18.0,50.5,1.4027777777777777,TP,1,S
2019-11-14 12:29:00-05:00,2019-11-14 12:29:00-05:00,2019-11-14 15:37:00-05:00,L,8238.5,8271.0,8216.25,22.25,63.0,1.4157303370786516,TP,1,L
2019-11-15 09:34:00-05:00,2019-11-15 09:34:00-05:00,2019-11-15 11:05:00-05:00,S,8300.75,8321.5,8321.25,20.5,-43.5,-1.0609756097560976,SL,1,S
2019-11-15 11:54:00-05:00,2019-11-15 11:54:00-05:00,2019-11-15 15:59:00-05:00,S,8307.0,8319.0,8322.5,15.5,-26.0,-0.8387096774193549,time,1,S
2019-11-18 10:44:00-05:00,2019-11-18 10:44:00-05:00,2019-11-18 14:22:00-05:00,L,8307.25,8340.75,8284.25,23.0,65.0,1.4130434782608696,TP,1,L
2019-11-19 11:34:00-05:00,2019-11-19 11:34:00-05:00,2019-11-19 15:59:00-05:00,L,8341.25,8343.75,8312.5,28.75,3.0,0.05217391304347826,time,1,L
2019-11-20 11:34:00-05:00,2019-11-20 11:34:00-05:00,2019-11-20 12:56:00-05:00,S,8326.25,8294.25,8348.25,22.0,62.0,1.4090909090909092,TP,1,S
2019-11-21 11:04:00-05:00,2019-11-21 11:04:00-05:00,2019-11-21 11:59:00-05:00,L,8272.5,8248.0,8248.25,24.25,-51.0,-1.0515463917525774,SL,1,L
2019-11-21 14:04:00-05:00,2019-11-21 14:04:00-05:00,2019-11-21 14:08:00-05:00,S,8263.25,8276.5,8276.25,13.0,-28.5,-1.0961538461538463,SL,1,S
2019-11-22 13:49:00-05:00,2019-11-22 13:49:00-05:00,2019-11-22 15:28:00-05:00,S,8264.25,8276.5,8276.25,12.0,-26.5,-1.1041666666666667,SL,1,S
2019-11-25 14:44:00-05:00,2019-11-25 14:44:00-05:00,2019-11-25 15:21:00-05:00,S,8363.5,8367.75,8367.5,4.0,-10.5,-1.3125,SL,1,S
2019-11-27 09:54:00-05:00,2019-11-27 09:54:00-05:00,2019-11-27 12:04:00-05:00,L,8416.75,8437.75,8402.25,14.5,40.0,1.3793103448275863,TP,1,L
2019-11-29 10:34:00-05:00,2019-11-29 10:34:00-05:00,2019-11-29 13:04:00-05:00,S,8426.0,8417.5,8441.0,15.0,15.0,0.5,time,1,S
2019-12-03 10:19:00-05:00,2019-12-03 10:19:00-05:00,2019-12-03 15:59:00-05:00,L,8218.5,8257.5,8168.25,50.25,76.0,0.7562189054726368,time,1,L
2019-12-04 10:29:00-05:00,2019-12-04 10:29:00-05:00,2019-12-04 15:59:00-05:00,S,8302.25,8298.5,8319.75,17.5,5.5,0.15714285714285714,time,1,S
2019-12-05 13:14:00-05:00,2019-12-05 13:14:00-05:00,2019-12-05 14:35:00-05:00,L,8295.0,8310.25,8284.25,10.75,28.5,1.3255813953488371,TP,1,L
2019-12-06 14:59:00-05:00,2019-12-06 14:59:00-05:00,2019-12-06 15:39:00-05:00,S,8400.0,8405.5,8405.25,5.25,-13.0,-1.2380952380952381,SL,1,S
2019-12-09 09:34:00-05:00,2019-12-09 09:34:00-05:00,2019-12-09 09:41:00-05:00,L,8398.5,8422.0,8382.25,16.25,45.0,1.3846153846153846,TP,1,L
2019-12-09 13:44:00-05:00,2019-12-09 13:44:00-05:00,2019-12-09 14:01:00-05:00,L,8394.5,8385.25,8385.5,9.0,-20.5,-1.1388888888888888,SL,1,L
2019-12-09 14:09:00-05:00,2019-12-09 14:09:00-05:00,2019-12-09 15:59:00-05:00,S,8376.0,8365.5,8395.0,19.0,19.0,0.5,time,1,S
2019-12-10 09:39:00-05:00,2019-12-10 09:39:00-05:00,2019-12-10 10:14:00-05:00,S,8347.25,8380.5,8380.25,33.0,-68.5,-1.0378787878787878,SL,1,S
2019-12-10 12:04:00-05:00,2019-12-10 12:04:00-05:00,2019-12-10 15:30:00-05:00,S,8376.25,8361.0,8387.0,10.75,28.5,1.3255813953488371,TP,1,S
2019-12-11 10:54:00-05:00,2019-12-11 10:54:00-05:00,2019-12-11 14:06:00-05:00,S,8379.5,8395.75,8395.5,16.0,-34.5,-1.078125,SL,1,S
2019-12-12 09:39:00-05:00,2019-12-12 09:39:00-05:00,2019-12-12 15:59:00-05:00,L,8455.5,8466.5,8380.75,74.75,20.0,0.13377926421404682,time,1,L
2019-12-13 09:54:00-05:00,2019-12-13 09:54:00-05:00,2019-12-13 15:59:00-05:00,L,8481.5,8492.0,8435.75,45.75,19.0,0.20765027322404372,time,1,L
2019-12-18 10:04:00-05:00,2019-12-18 10:04:00-05:00,2019-12-18 11:16:00-05:00,S,8615.0,8629.0,8628.75,13.75,-30.0,-1.0909090909090908,SL,1,S
2019-12-18 14:14:00-05:00,2019-12-18 14:14:00-05:00,2019-12-18 15:31:00-05:00,L,8633.0,8626.0,8626.25,6.75,-16.0,-1.1851851851851851,SL,1,L
2019-12-20 09:44:00-05:00,2019-12-20 09:44:00-05:00,2019-12-20 15:59:00-05:00,S,8691.75,8704.5,8725.0,33.25,-27.5,-0.41353383458646614,time,1,S
2019-12-23 10:59:00-05:00,2019-12-23 10:59:00-05:00,2019-12-23 15:42:00-05:00,L,8732.25,8721.25,8721.5,10.75,-24.0,-1.1162790697674418,SL,1,L
2019-12-26 12:19:00-05:00,2019-12-26 12:19:00-05:00,2019-12-26 13:14:00-05:00,S,8768.0,8781.25,8781.0,13.0,-28.5,-1.0961538461538463,SL,1,S
2019-12-27 14:24:00-05:00,2019-12-27 14:24:00-05:00,2019-12-27 15:41:00-05:00,L,8800.75,8790.5,8790.75,10.0,-22.5,-1.125,SL,1,L
2019-12-30 14:04:00-05:00,2019-12-30 14:04:00-05:00,2019-12-30 15:59:00-05:00,S,8739.0,8731.75,8752.0,13.0,12.5,0.4807692307692308,time,1,S
2019-12-31 09:39:00-05:00,2019-12-31 09:39:00-05:00,2019-12-31 15:59:00-05:00,L,8738.25,8747.75,8692.0,46.25,17.0,0.1837837837837838,time,1,L
2020-01-03 09:39:00-05:00,2020-01-03 09:39:00-05:00,2020-01-03 15:59:00-05:00,L,8822.0,8809.5,8768.25,53.75,-27.0,-0.25116279069767444,time,1,L
2020-01-07 11:49:00-05:00,2020-01-07 11:49:00-05:00,2020-01-07 15:59:00-05:00,S,8867.25,8862.5,8888.25,21.0,7.5,0.17857142857142858,time,1,S
2020-01-08 10:44:00-05:00,2020-01-08 10:44:00-05:00,2020-01-08 11:29:00-05:00,S,8873.75,8898.25,8898.0,24.25,-51.0,-1.0515463917525774,SL,1,S
2020-01-09 10:09:00-05:00,2020-01-09 10:09:00-05:00,2020-01-09 12:40:00-05:00,S,8997.5,8960.75,9022.5,25.0,71.5,1.43,TP,1,S
2020-01-10 10:09:00-05:00,2020-01-10 10:09:00-05:00,2020-01-10 12:06:00-05:00,L,9036.0,9004.0,9004.25,31.75,-66.0,-1.0393700787401574,SL,1,L
2020-01-10 13:09:00-05:00,2020-01-10 13:09:00-05:00,2020-01-10 14:45:00-05:00,L,9014.5,8990.25,8990.5,24.0,-50.5,-1.0520833333333333,SL,1,L
2020-01-13 10:39:00-05:00,2020-01-13 10:39:00-05:00,2020-01-13 10:57:00-05:00,S,9021.75,9038.0,9037.75,16.0,-34.5,-1.078125,SL,1,S
2020-01-14 13:44:00-05:00,2020-01-14 13:44:00-05:00,2020-01-14 15:59:00-05:00,S,9061.25,9050.75,9095.25,34.0,19.0,0.27941176470588236,time,1,S
2020-01-15 09:34:00-05:00,2020-01-15 09:34:00-05:00,2020-01-15 15:23:00-05:00,L,9066.75,9042.75,9043.0,23.75,-50.0,-1.0526315789473684,SL,1,L
2020-01-16 10:39:00-05:00,2020-01-16 10:39:00-05:00,2020-01-16 15:43:00-05:00,S,9100.25,9120.0,9119.75,19.5,-41.5,-1.064102564102564,SL,1,S
2020-01-17 10:29:00-05:00,2020-01-17 10:29:00-05:00,2020-01-17 11:12:00-05:00,L,9164.25,9139.5,9139.75,24.5,-51.5,-1.0510204081632653,SL,1,L
2020-01-17 12:14:00-05:00,2020-01-17 12:14:00-05:00,2020-01-17 15:55:00-05:00,L,9152.0,9184.5,9129.75,22.25,63.0,1.4157303370786516,TP,1,L
2020-01-21 14:59:00-05:00,2020-01-21 14:59:00-05:00,2020-01-21 15:59:00-05:00,L,9172.0,9179.5,9157.0,15.0,13.0,0.43333333333333335,time,1,L
2020-01-22 09:39:00-05:00,2020-01-22 09:39:00-05:00,2020-01-22 15:06:00-05:00,L,9234.25,9211.5,9211.75,22.5,-47.5,-1.0555555555555556,SL,1,L
2020-01-23 11:04:00-05:00,2020-01-23 11:04:00-05:00,2020-01-23 14:02:00-05:00,S,9188.0,9215.75,9215.5,27.5,-57.5,-1.0454545454545454,SL,1,S
2020-01-24 14:59:00-05:00,2020-01-24 14:59:00-05:00,2020-01-24 15:59:00-05:00,L,9155.0,9151.25,9109.5,45.5,-9.5,-0.1043956043956044,time,1,L
2020-01-27 09:49:00-05:00,2020-01-27 09:49:00-05:00,2020-01-27 15:59:00-05:00,L,8974.25,8961.0,8925.75,48.5,-28.5,-0.29381443298969073,time,1,L
2020-01-29 13:09:00-05:00,2020-01-29 13:09:00-05:00,2020-01-29 13:25:00-05:00,S,9122.5,9138.75,9138.5,16.0,-34.5,-1.078125,SL,1,S
2020-01-30 10:34:00-05:00,2020-01-30 10:34:00-05:00,2020-01-30 14:42:00-05:00,S,9070.75,9114.75,9114.5,43.75,-90.0,-1.0285714285714285,SL,1,S
2020-01-31 09:34:00-05:00,2020-01-31 09:34:00-05:00,2020-01-31 10:29:00-05:00,S,9150.5,9074.25,9202.0,51.5,150.5,1.4611650485436893,TP,1,S
2020-01-31 14:04:00-05:00,2020-01-31 14:04:00-05:00,2020-01-31 15:15:00-05:00,L,9036.75,8996.25,8996.5,40.25,-83.0,-1.031055900621118,SL,1,L
2020-02-03 09:39:00-05:00,2020-02-03 09:39:00-05:00,2020-02-03 15:59:00-05:00,L,9088.5,9131.0,9035.5,53.0,83.0,0.7830188679245284,time,1,L
2020-02-05 09:34:00-05:00,2020-02-05 09:34:00-05:00,2020-02-05 09:43:00-05:00,S,9429.0,9376.75,9464.5,35.5,102.5,1.443661971830986,TP,1,S
2020-02-05 13:49:00-05:00,2020-02-05 13:49:00-05:00,2020-02-05 15:01:00-05:00,L,9358.5,9393.75,9334.5,24.0,68.5,1.4270833333333333,TP,1,L
2020-02-06 09:59:00-05:00,2020-02-06 09:59:00-05:00,2020-02-06 15:59:00-05:00,L,9414.5,9452.75,9362.75,51.75,74.5,0.7198067632850241,time,1,L
2020-02-07 10:19:00-05:00,2020-02-07 10:19:00-05:00,2020-02-07 11:30:00-05:00,L,9412.75,9453.75,9384.75,28.0,80.0,1.4285714285714286,TP,1,L
2020-02-10 09:39:00-05:00,2020-02-10 09:39:00-05:00,2020-02-10 15:01:00-05:00,L,9425.25,9496.0,9377.5,47.75,139.5,1.4607329842931938,TP,1,L
2020-02-11 09:34:00-05:00,2020-02-11 09:34:00-05:00,2020-02-11 10:08:00-05:00,S,9553.25,9583.25,9583.0,29.75,-62.0,-1.0420168067226891,SL,1,S
2020-02-11 11:34:00-05:00,2020-02-11 11:34:00-05:00,2020-02-11 14:06:00-05:00,S,9578.0,9533.5,9608.25,30.25,87.0,1.43801652892562,TP,1,S
2020-02-12 09:54:00-05:00,2020-02-12 09:54:00-05:00,2020-02-12 11:25:00-05:00,S,9570.5,9604.25,9604.0,33.5,-69.5,-1.037313432835821,SL,1,S
2020-02-12 13:24:00-05:00,2020-02-12 13:24:00-05:00,2020-02-12 15:53:00-05:00,S,9601.75,9620.25,9620.0,18.25,-39.0,-1.0684931506849316,SL,1,S
2020-02-13 12:59:00-05:00,2020-02-13 12:59:00-05:00,2020-02-13 13:42:00-05:00,S,9605.0,9632.25,9632.0,27.0,-56.5,-1.0462962962962963,SL,1,S
2020-02-14 09:34:00-05:00,2020-02-14 09:34:00-05:00,2020-02-14 09:36:00-05:00,L,9638.5,9612.75,9613.0,25.5,-53.5,-1.0490196078431373,SL,1,L
2020-02-14 10:39:00-05:00,2020-02-14 10:39:00-05:00,2020-02-14 14:16:00-05:00,L,9621.75,9592.75,9593.0,28.75,-60.0,-1.0434782608695652,SL,1,L
2020-02-17 09:39:00-05:00,2020-02-17 09:39:00-05:00,2020-02-17 12:49:00-05:00,L,9664.0,9666.25,9655.25,8.75,2.5,0.14285714285714285,time,1,L
2020-02-18 10:29:00-05:00,2020-02-18 10:29:00-05:00,2020-02-18 13:13:00-05:00,S,9595.5,9628.5,9628.25,32.75,-68.0,-1.0381679389312977,SL,1,S
2020-02-18 14:24:00-05:00,2020-02-18 14:24:00-05:00,2020-02-18 15:59:00-05:00,L,9634.0,9635.75,9607.25,26.75,1.5,0.028037383177570093,time,1,L
2020-02-20 10:29:00-05:00,2020-02-20 10:29:00-05:00,2020-02-20 11:12:00-05:00,S,9703.25,9670.25,9725.75,22.5,64.0,1.4222222222222223,TP,1,S
2020-02-24 09:44:00-05:00,2020-02-24 09:44:00-05:00,2020-02-24 15:59:00-05:00,L,9177.75,9084.75,9040.75,137.0,-188.0,-0.6861313868613139,time,1,L
2020-02-26 11:49:00-05:00,2020-02-26 11:49:00-05:00,2020-02-26 12:06:00-05:00,S,8979.25,8908.75,9026.75,47.5,139.0,1.4631578947368422,TP,1,S
2020-02-27 09:39:00-05:00,2020-02-27 09:39:00-05:00,2020-02-27 09:46:00-05:00,L,8713.0,8630.75,8631.0,82.0,-166.5,-1.0152439024390243,SL,1,L
2020-02-27 10:59:00-05:00,2020-02-27 10:59:00-05:00,2020-02-27 15:50:00-05:00,L,8667.75,8519.5,8519.75,148.0,-298.5,-1.008445945945946,SL,1,L
2020-02-28 09:39:00-05:00,2020-02-28 09:39:00-05:00,2020-02-28 15:59:00-05:00,L,8294.75,8475.75,8124.0,170.75,360.0,1.054172767203514,time,1,L
2020-03-02 10:09:00-05:00,2020-03-02 10:09:00-05:00,2020-03-02 10:54:00-05:00,S,8464.25,8597.0,8596.75,132.5,-267.5,-1.009433962264151,SL,1,S
2020-03-02 13:24:00-05:00,2020-03-02 13:24:00-05:00,2020-03-02 15:36:00-05:00,S,8669.5,8737.25,8737.0,67.5,-137.5,-1.0185185185185186,SL,1,S
2020-03-03 09:44:00-05:00,2020-03-03 09:44:00-05:00,2020-03-03 10:00:00-05:00,S,8825.0,8910.0,8909.75,84.75,-172.0,-1.0147492625368733,SL,1,S
2020-03-03 10:04:00-05:00,2020-03-03 10:04:00-05:00,2020-03-03 11:24:00-05:00,L,8977.5,8744.25,8744.5,233.0,-468.5,-1.0053648068669527,SL,1,L
2020-03-03 12:04:00-05:00,2020-03-03 12:04:00-05:00,2020-03-03 13:13:00-05:00,L,8837.75,8704.5,8704.75,133.0,-268.5,-1.0093984962406015,SL,1,L
2020-03-04 10:14:00-05:00,2020-03-04 10:14:00-05:00,2020-03-04 15:23:00-05:00,L,8748.25,8871.75,8665.25,83.0,245.0,1.4759036144578312,TP,1,L
2020-03-05 11:59:00-05:00,2020-03-05 11:59:00-05:00,2020-03-05 13:09:00-05:00,S,8787.75,8666.75,8869.0,81.25,240.0,1.476923076923077,TP,1,S
2020-03-05 13:49:00-05:00,2020-03-05 13:49:00-05:00,2020-03-05 14:26:00-05:00,L,8735.25,8656.0,8656.25,79.0,-160.5,-1.0158227848101267,SL,1,L
2020-03-06 11:24:00-05:00,2020-03-06 11:24:00-05:00,2020-03-06 15:57:00-05:00,S,8447.0,8545.5,8545.25,98.25,-199.0,-1.0127226463104326,SL,1,S
2020-03-09 11:04:00-04:00,2020-03-09 11:04:00-04:00,2020-03-09 11:37:00-04:00,S,8057.0,8177.5,8177.25,120.25,-243.0,-1.0103950103950103,SL,1,S
2020-03-09 12:34:00-04:00,2020-03-09 12:34:00-04:00,2020-03-09 14:02:00-04:00,S,8140.25,7990.75,8240.5,100.25,297.0,1.4812967581047383,TP,1,S
2020-03-10 10:09:00-04:00,2020-03-10 10:09:00-04:00,2020-03-10 10:46:00-04:00,L,8224.25,8133.5,8133.75,90.5,-183.5,-1.0138121546961325,SL,1,L
2020-03-10 12:14:00-04:00,2020-03-10 12:14:00-04:00,2020-03-10 15:59:00-04:00,L,8116.5,8365.5,7931.25,185.25,496.0,1.3387314439946019,time,1,L
2020-03-11 10:39:00-04:00,2020-03-11 10:39:00-04:00,2020-03-11 14:18:00-04:00,S,8125.25,7980.25,8222.5,97.25,288.0,1.480719794344473,TP,1,S
2020-03-12 10:34:00-04:00,2020-03-12 10:34:00-04:00,2020-03-12 12:11:00-04:00,L,7555.75,7326.5,7326.75,229.0,-460.5,-1.005458515283843,SL,1,L
2020-03-12 12:54:00-04:00,2020-03-12 12:54:00-04:00,2020-03-12 13:04:00-04:00,L,7494.75,7748.25,7325.25,169.5,505.0,1.4896755162241888,TP,1,L
2020-03-13 09:39:00-04:00,2020-03-13 09:39:00-04:00,2020-03-13 11:48:00-04:00,S,7571.25,7308.25,7747.25,176.0,524.0,1.4886363636363635,TP,1,S
2020-03-13 12:34:00-04:00,2020-03-13 12:34:00-04:00,2020-03-13 15:50:00-04:00,L,7460.5,7715.0,7290.25,170.25,507.0,1.4889867841409692,TP,1,L
2020-03-18 09:34:00-04:00,2020-03-18 09:34:00-04:00,2020-03-18 13:29:00-04:00,L,7125.5,6943.5,6943.75,181.75,-366.0,-1.0068775790921596,SL,1,L
2020-03-18 14:54:00-04:00,2020-03-18 14:54:00-04:00,2020-03-18 15:59:00-04:00,L,6978.25,7207.0,6809.75,168.5,455.5,1.3516320474777448,time,1,L
2020-03-19 09:39:00-04:00,2020-03-19 09:39:00-04:00,2020-03-19 09:57:00-04:00,S,7064.75,7199.5,7199.25,134.5,-271.5,-1.0092936802973977,SL,1,S
2020-03-19 12:04:00-04:00,2020-03-19 12:04:00-04:00,2020-03-19 13:55:00-04:00,S,7287.25,7450.5,7450.25,163.0,-328.5,-1.0076687116564418,SL,1,S
2020-03-20 10:34:00-04:00,2020-03-20 10:34:00-04:00,2020-03-20 12:04:00-04:00,L,7450.75,7287.5,7287.75,163.0,-328.5,-1.0076687116564418,SL,1,L
2020-03-20 13:09:00-04:00,2020-03-20 13:09:00-04:00,2020-03-20 14:39:00-04:00,L,7296.75,7131.75,7132.0,164.75,-332.0,-1.007587253414264,SL,1,L
2020-03-23 12:19:00-04:00,2020-03-23 12:19:00-04:00,2020-03-23 15:59:00-04:00,L,6927.75,6993.5,6759.5,168.25,129.5,0.3848439821693908,time,1,L
2020-03-24 10:49:00-04:00,2020-03-24 10:49:00-04:00,2020-03-24 11:41:00-04:00,S,7363.0,7460.5,7460.25,97.25,-197.0,-1.012853470437018,SL,1,S
2020-03-24 12:59:00-04:00,2020-03-24 12:59:00-04:00,2020-03-24 15:55:00-04:00,S,7434.0,7531.0,7530.75,96.75,-196.0,-1.0129198966408268,SL,1,S
2020-03-25 10:59:00-04:00,2020-03-25 10:59:00-04:00,2020-03-25 13:37:00-04:00,L,7507.0,7708.25,7372.25,134.75,400.5,1.4860853432282004,TP,1,L
2020-03-25 14:09:00-04:00,2020-03-25 14:09:00-04:00,2020-03-25 15:59:00-04:00,S,7632.5,7438.25,7762.5,130.0,386.5,1.4865384615384616,TP,1,S
2020-03-26 13:14:00-04:00,2020-03-26 13:14:00-04:00,2020-03-26 14:58:00-04:00,S,7704.25,7775.75,7775.5,71.25,-145.0,-1.0175438596491229,SL,1,S
2020-03-27 12:39:00-04:00,2020-03-27 12:39:00-04:00,2020-03-27 14:59:00-04:00,L,7642.25,7734.75,7580.0,62.25,183.0,1.4698795180722892,TP,1,L
2020-03-30 14:04:00-04:00,2020-03-30 14:04:00-04:00,2020-03-30 14:36:00-04:00,S,7812.0,7840.5,7840.25,28.25,-59.0,-1.0442477876106195,SL,1,S
2020-03-31 11:54:00-04:00,2020-03-31 11:54:00-04:00,2020-03-31 12:32:00-04:00,S,7921.0,7849.25,7969.5,48.5,141.5,1.458762886597938,TP,1,S
2020-03-31 13:49:00-04:00,2020-03-31 13:49:00-04:00,2020-03-31 15:14:00-04:00,L,7873.75,7810.0,7810.25,63.5,-129.5,-1.0196850393700787,SL,1,L
2020-04-01 11:34:00-04:00,2020-04-01 11:34:00-04:00,2020-04-01 12:38:00-04:00,S,7623.75,7535.25,7683.25,59.5,175.0,1.4705882352941178,TP,1,S
2020-04-02 09:39:00-04:00,2020-04-02 09:39:00-04:00,2020-04-02 15:59:00-04:00,L,7497.25,7617.5,7375.25,122.0,238.5,0.9774590163934426,time,1,L
2020-04-03 14:29:00-04:00,2020-04-03 14:29:00-04:00,2020-04-03 15:59:00-04:00,L,7474.0,7514.25,7423.25,50.75,78.5,0.7733990147783252,time,1,L
2020-04-06 14:14:00-04:00,2020-04-06 14:14:00-04:00,2020-04-06 15:05:00-04:00,S,7924.0,7962.25,7962.0,38.0,-78.5,-1.0328947368421053,SL,1,S
2020-04-07 09:39:00-04:00,2020-04-07 09:39:00-04:00,2020-04-07 14:51:00-04:00,S,8206.5,8068.75,8299.0,92.5,273.5,1.4783783783783784,TP,1,S
2020-04-08 09:49:00-04:00,2020-04-08 09:49:00-04:00,2020-04-08 11:20:00-04:00,S,8093.0,8155.25,8155.0,62.0,-126.5,-1.0201612903225807,SL,1,S
2020-04-08 13:34:00-04:00,2020-04-08 13:34:00-04:00,2020-04-08 14:31:00-04:00,S,8153.5,8195.5,8195.25,41.75,-86.0,-1.029940119760479,SL,1,S
2020-04-09 10:09:00-04:00,2020-04-09 10:09:00-04:00,2020-04-09 15:59:00-04:00,S,8221.5,8226.25,8327.25,105.75,-11.5,-0.054373522458628844,time,1,S
2020-04-13 11:29:00-04:00,2020-04-13 11:29:00-04:00,2020-04-13 15:31:00-04:00,L,8202.5,8293.75,8141.0,61.5,180.5,1.467479674796748,TP,1,L
2020-04-15 09:39:00-04:00,2020-04-15 09:39:00-04:00,2020-04-15 09:44:00-04:00,L,8560.25,8502.5,8502.75,57.5,-117.5,-1.0217391304347827,SL,1,L
2020-04-15 11:44:00-04:00,2020-04-15 11:44:00-04:00,2020-04-15 12:50:00-04:00,S,8531.5,8583.25,8583.0,51.5,-105.5,-1.0242718446601942,SL,1,S
2020-04-16 09:39:00-04:00,2020-04-16 09:39:00-04:00,2020-04-16 10:12:00-04:00,S,8656.25,8594.5,8698.0,41.75,121.5,1.4550898203592815,TP,1,S
2020-04-16 10:34:00-04:00,2020-04-16 10:34:00-04:00,2020-04-16 11:29:00-04:00,L,8662.0,8765.75,8592.25,69.75,205.5,1.4731182795698925,TP,1,L
2020-04-16 12:14:00-04:00,2020-04-16 12:14:00-04:00,2020-04-16 12:36:00-04:00,S,8714.5,8608.5,8785.75,71.25,210.0,1.4736842105263157,TP,1,S
2020-04-16 13:34:00-04:00,2020-04-16 13:34:00-04:00,2020-04-16 15:53:00-04:00,L,8684.25,8752.75,8638.0,46.25,135.0,1.4594594594594594,TP,1,L
2020-04-17 12:49:00-04:00,2020-04-17 12:49:00-04:00,2020-04-17 14:05:00-04:00,L,8764.0,8716.25,8716.5,47.5,-97.5,-1.0263157894736843,SL,1,L
2020-04-20 13:04:00-04:00,2020-04-20 13:04:00-04:00,2020-04-20 14:58:00-04:00,S,8798.0,8740.0,8837.25,39.25,114.0,1.4522292993630572,TP,1,S
2020-04-21 13:04:00-04:00,2020-04-21 13:04:00-04:00,2020-04-21 14:15:00-04:00,L,8409.25,8493.25,8352.75,56.5,166.0,1.4690265486725664,TP,1,L
2020-04-21 14:44:00-04:00,2020-04-21 14:44:00-04:00,2020-04-21 15:59:00-04:00,S,8438.75,8391.25,8516.75,78.0,93.0,0.5961538461538461,time,1,S
2020-04-22 09:49:00-04:00,2020-04-22 09:49:00-04:00,2020-04-22 10:40:00-04:00,S,8540.5,8598.5,8598.25,57.75,-118.0,-1.0216450216450217,SL,1,S
2020-04-23 11:34:00-04:00,2020-04-23 11:34:00-04:00,2020-04-23 12:45:00-04:00,S,8738.5,8672.75,8783.0,44.5,129.5,1.4550561797752808,TP,1,S
2020-04-24 10:24:00-04:00,2020-04-24 10:24:00-04:00,2020-04-24 14:39:00-04:00,L,8643.25,8733.5,8582.5,60.75,178.5,1.4691358024691359,TP,1,L
2020-04-27 10:04:00-04:00,2020-04-27 10:04:00-04:00,2020-04-27 10:59:00-04:00,L,8865.5,8819.0,8819.25,46.25,-95.0,-1.027027027027027,SL,1,L
2020-04-27 12:04:00-04:00,2020-04-27 12:04:00-04:00,2020-04-27 15:59:00-04:00,S,8820.75,8824.25,8864.0,43.25,-9.0,-0.10404624277456648,time,1,S
2020-04-28 13:04:00-04:00,2020-04-28 13:04:00-04:00,2020-04-28 15:51:00-04:00,L,8736.0,8674.0,8674.25,61.75,-126.0,-1.0202429149797572,SL,1,L
2020-04-29 09:39:00-04:00,2020-04-29 09:39:00-04:00,2020-04-29 10:16:00-04:00,S,8835.0,8907.5,8907.25,72.25,-147.0,-1.0173010380622838,SL,1,S
2020-04-29 14:44:00-04:00,2020-04-29 14:44:00-04:00,2020-04-29 15:59:00-04:00,L,8967.25,8962.75,8922.5,44.75,-11.0,-0.12290502793296089,time,1,L
2020-04-30 11:04:00-04:00,2020-04-30 11:04:00-04:00,2020-04-30 11:54:00-04:00,L,8996.75,8945.25,8945.5,51.25,-105.0,-1.024390243902439,SL,1,L
2020-04-30 13:14:00-04:00,2020-04-30 13:14:00-04:00,2020-04-30 15:59:00-04:00,L,8955.0,8982.0,8905.5,49.5,52.0,0.5252525252525253,time,1,L
2020-05-01 11:04:00-04:00,2020-05-01 11:04:00-04:00,2020-05-01 11:48:00-04:00,S,8810.0,8747.75,8852.0,42.0,122.5,1.4583333333333333,TP,1,S
2020-05-01 14:24:00-04:00,2020-05-01 14:24:00-04:00,2020-05-01 15:59:00-04:00,L,8726.75,8711.25,8674.0,52.75,-33.0,-0.3127962085308057,time,1,L
2020-05-04 12:34:00-04:00,2020-05-04 12:34:00-04:00,2020-05-04 15:10:00-04:00,S,8745.25,8783.5,8783.25,38.0,-78.5,-1.0328947368421053,SL,1,S
2020-05-05 13:09:00-04:00,2020-05-05 13:09:00-04:00,2020-05-05 13:46:00-04:00,S,8971.75,8995.25,8995.0,23.25,-49.0,-1.053763440860215,SL,1,S
2020-05-06 10:34:00-04:00,2020-05-06 10:34:00-04:00,2020-05-06 15:59:00-04:00,L,9002.5,8971.75,8935.25,67.25,-63.5,-0.4721189591078067,time,1,L
2020-05-07 11:14:00-04:00,2020-05-07 11:14:00-04:00,2020-05-07 15:59:00-04:00,L,9072.25,9090.75,9030.25,42.0,35.0,0.4166666666666667,time,1,L
2020-05-08 10:19:00-04:00,2020-05-08 10:19:00-04:00,2020-05-08 15:59:00-04:00,L,9177.5,9209.25,9115.75,61.75,61.5,0.4979757085020243,time,1,L
2020-05-12 11:49:00-04:00,2020-05-12 11:49:00-04:00,2020-05-12 15:18:00-04:00,S,9294.5,9238.25,9332.5,38.0,110.5,1.4539473684210527,TP,1,S
2020-05-13 10:04:00-04:00,2020-05-13 10:04:00-04:00,2020-05-13 11:38:00-04:00,L,9152.0,9042.0,9042.25,109.75,-222.0,-1.0113895216400912,SL,1,L
2020-05-13 14:19:00-04:00,2020-05-13 14:19:00-04:00,2020-05-13 14:59:00-04:00,L,8963.75,8904.25,8904.5,59.25,-121.0,-1.021097046413502,SL,1,L
2020-05-14 09:34:00-04:00,2020-05-14 09:34:00-04:00,2020-05-14 09:51:00-04:00,L,8942.75,8889.25,8889.5,53.25,-109.0,-1.0234741784037558,SL,1,L
2020-05-14 10:49:00-04:00,2020-05-14 10:49:00-04:00,2020-05-14 15:24:00-04:00,L,8922.25,9035.25,8846.25,76.0,224.0,1.4736842105263157,TP,1,L
2020-05-15 09:39:00-04:00,2020-05-15 09:39:00-04:00,2020-05-15 13:10:00-04:00,L,8989.5,9085.25,8925.0,64.5,189.5,1.4689922480620154,TP,1,L
2020-05-18 09:34:00-04:00,2020-05-18 09:34:00-04:00,2020-05-18 09:45:00-04:00,S,9253.75,9293.25,9293.0,39.25,-81.0,-1.0318471337579618,SL,1,S
2020-05-19 12:19:00-04:00,2020-05-19 12:19:00-04:00,2020-05-19 13:33:00-04:00,S,9369.0,9406.25,9406.0,37.0,-76.5,-1.0337837837837838,SL,1,S
2020-05-19 14:59:00-04:00,2020-05-19 14:59:00-04:00,2020-05-19 15:59:00-04:00,S,9352.0,9291.25,9417.0,65.0,119.5,0.9192307692307692,time,1,S
2020-05-20 12:19:00-04:00,2020-05-20 12:19:00-04:00,2020-05-20 15:59:00-04:00,S,9465.5,9480.5,9496.75,31.25,-32.0,-0.512,time,1,S
2020-05-21 12:04:00-04:00,2020-05-21 12:04:00-04:00,2020-05-21 15:59:00-04:00,L,9421.75,9377.75,9354.75,67.0,-90.0,-0.6716417910447762,time,1,L
2020-05-22 09:39:00-04:00,2020-05-22 09:39:00-04:00,2020-05-22 09:53:00-04:00,S,9320.0,9372.0,9371.75,51.75,-106.0,-1.0241545893719808,SL,1,S
2020-05-22 10:14:00-04:00,2020-05-22 10:14:00-04:00,2020-05-22 13:04:00-04:00,S,9348.25,9399.5,9399.25,51.0,-104.5,-1.0245098039215685,SL,1,S
2020-05-22 14:54:00-04:00,2020-05-22 14:54:00-04:00,2020-05-22 15:59:00-04:00,S,9396.5,9406.25,9418.75,22.25,-21.5,-0.48314606741573035,time,1,S
2020-05-26 09:39:00-04:00,2020-05-26 09:39:00-04:00,2020-05-26 11:26:00-04:00,S,9526.0,9460.5,9570.25,44.25,129.0,1.4576271186440677,TP,1,S
2020-05-26 12:39:00-04:00,2020-05-26 12:39:00-04:00,2020-05-26 15:17:00-04:00,L,9475.75,9423.75,9424.0,51.75,-106.0,-1.0241545893719808,SL,1,L
2020-05-27 11:49:00-04:00,2020-05-27 11:49:00-04:00,2020-05-27 15:41:00-04:00,L,9274.75,9419.0,9178.0,96.75,286.5,1.4806201550387597,TP,1,L
2020-05-29 09:54:00-04:00,2020-05-29 09:54:00-04:00,2020-05-29 10:08:00-04:00,L,9469.25,9420.0,9420.25,49.0,-100.5,-1.0255102040816326,SL,1,L
2020-05-29 11:39:00-04:00,2020-05-29 11:39:00-04:00,2020-05-29 15:00:00-04:00,L,9427.0,9509.0,9371.75,55.25,162.0,1.4660633484162895,TP,1,L
2020-06-01 09:34:00-04:00,2020-06-01 09:34:00-04:00,2020-06-01 12:45:00-04:00,L,9538.25,9586.75,9505.25,33.0,95.0,1.4393939393939394,TP,1,L
2020-06-02 10:24:00-04:00,2020-06-02 10:24:00-04:00,2020-06-02 10:46:00-04:00,L,9610.0,9557.5,9557.75,52.25,-107.0,-1.0239234449760766,SL,1,L
2020-06-02 14:34:00-04:00,2020-06-02 14:34:00-04:00,2020-06-02 15:49:00-04:00,S,9590.75,9617.5,9617.25,26.5,-55.5,-1.0471698113207548,SL,1,S
2020-06-03 10:29:00-04:00,2020-06-03 10:29:00-04:00,2020-06-03 14:52:00-04:00,S,9675.25,9704.25,9704.0,28.75,-60.0,-1.0434782608695652,SL,1,S
2020-06-04 11:04:00-04:00,2020-06-04 11:04:00-04:00,2020-06-04 11:17:00-04:00,S,9704.0,9649.0,9741.25,37.25,108.0,1.4496644295302012,TP,1,S
2020-06-04 13:44:00-04:00,2020-06-04 13:44:00-04:00,2020-06-04 14:45:00-04:00,L,9665.75,9622.25,9622.5,43.25,-89.0,-1.0289017341040463,SL,1,L
2020-06-05 13:59:00-04:00,2020-06-05 13:59:00-04:00,2020-06-05 15:59:00-04:00,S,9817.0,9816.25,9847.0,30.0,-0.5,-0.008333333333333333,time,1,S
2020-06-08 09:39:00-04:00,2020-06-08 09:39:00-04:00,2020-06-08 09:47:00-04:00,S,9812.0,9784.0,9831.25,19.25,54.0,1.4025974025974026,TP,1,S
2020-06-08 10:44:00-04:00,2020-06-08 10:44:00-04:00,2020-06-08 14:13:00-04:00,L,9794.25,9865.0,9746.5,47.75,139.5,1.4607329842931938,TP,1,L
2020-06-09 14:19:00-04:00,2020-06-09 14:19:00-04:00,2020-06-09 15:20:00-04:00,S,9976.0,10005.5,10005.25,29.25,-61.0,-1.0427350427350428,SL,1,S
2020-06-10 10:19:00-04:00,2020-06-10 10:19:00-04:00,2020-06-10 14:00:00-04:00,S,10038.5,10078.25,10078.0,39.5,-81.5,-1.0316455696202531,SL,1,S
2020-06-10 14:54:00-04:00,2020-06-10 14:54:00-04:00,2020-06-10 15:29:00-04:00,S,10079.0,10146.25,10146.0,67.0,-136.5,-1.0186567164179106,SL,1,S
2020-06-11 10:54:00-04:00,2020-06-11 10:54:00-04:00,2020-06-11 12:15:00-04:00,S,9917.25,9822.25,9981.25,64.0,188.0,1.46875,TP,1,S
2020-06-12 10:14:00-04:00,2020-06-12 10:14:00-04:00,2020-06-12 10:58:00-04:00,S,9774.0,9662.0,9849.25,75.25,222.0,1.4750830564784052,TP,1,S
2020-06-12 11:59:00-04:00,2020-06-12 11:59:00-04:00,2020-06-12 13:35:00-04:00,L,9717.25,9568.0,9568.25,149.0,-300.5,-1.0083892617449663,SL,1,L
2020-06-12 14:34:00-04:00,2020-06-12 14:34:00-04:00,2020-06-12 15:59:00-04:00,L,9597.0,9659.75,9494.75,102.25,123.5,0.6039119804400978,time,1,L
2020-06-15 09:34:00-04:00,2020-06-15 09:34:00-04:00,2020-06-15 09:37:00-04:00,S,9499.5,9553.25,9553.0,53.5,-109.5,-1.0233644859813085,SL,1,S
2020-06-16 09:39:00-04:00,2020-06-16 09:39:00-04:00,2020-06-16 10:18:00-04:00,S,9958.75,10012.25,10012.0,53.25,-109.0,-1.0234741784037558,SL,1,S
2020-06-16 11:49:00-04:00,2020-06-16 11:49:00-04:00,2020-06-16 15:59:00-04:00,L,9960.0,9953.0,9796.75,163.25,-16.0,-0.04900459418070444,time,1,L
2020-06-19 09:59:00-04:00,2020-06-19 09:59:00-04:00,2020-06-19 12:00:00-04:00,S,10086.5,10048.0,10112.75,26.25,75.0,1.4285714285714286,TP,1,S
2020-06-19 14:54:00-04:00,2020-06-19 14:54:00-04:00,2020-06-19 15:59:00-04:00,L,9984.5,9990.25,9921.25,63.25,9.5,0.07509881422924901,time,1,L
2020-06-22 09:59:00-04:00,2020-06-22 09:59:00-04:00,2020-06-22 12:16:00-04:00,L,10021.0,10089.25,9975.0,46.0,134.5,1.4619565217391304,TP,1,L
2020-06-23 10:14:00-04:00,2020-06-23 10:14:00-04:00,2020-06-23 11:23:00-04:00,L,10195.25,10249.5,10158.5,36.75,106.5,1.4489795918367347,TP,1,L
2020-06-23 14:04:00-04:00,2020-06-23 14:04:00-04:00,2020-06-23 15:25:00-04:00,S,10266.75,10223.25,10296.25,29.5,85.0,1.4406779661016949,TP,1,S
2020-06-24 14:29:00-04:00,2020-06-24 14:29:00-04:00,2020-06-24 15:59:00-04:00,L,10006.5,9993.25,9938.0,68.5,-28.5,-0.20802919708029197,time,1,L
2020-06-25 09:39:00-04:00,2020-06-25 09:39:00-04:00,2020-06-25 09:46:00-04:00,S,9973.25,9907.25,10017.75,44.5,130.0,1.4606741573033708,TP,1,S
2020-06-25 11:39:00-04:00,2020-06-25 11:39:00-04:00,2020-06-25 12:00:00-04:00,S,9972.5,10004.0,10003.75,31.25,-65.0,-1.04,SL,1,S
2020-06-25 13:04:00-04:00,2020-06-25 13:04:00-04:00,2020-06-25 15:15:00-04:00,S,10000.25,10041.25,10041.0,40.75,-84.0,-1.030674846625767,SL,1,S
2020-06-26 14:14:00-04:00,2020-06-26 14:14:00-04:00,2020-06-26 15:33:00-04:00,S,9912.25,9853.25,9952.25,40.0,116.0,1.45,TP,1,S
2020-06-29 10:14:00-04:00,2020-06-29 10:14:00-04:00,2020-06-29 15:59:00-04:00,L,9835.0,9950.5,9728.75,106.25,229.0,1.0776470588235294,time,1,L
2020-06-30 09:34:00-04:00,2020-06-30 09:34:00-04:00,2020-06-30 09:56:00-04:00,L,9975.5,10027.5,9940.25,35.25,102.0,1.446808510638298,TP,1,L
2020-06-30 12:49:00-04:00,2020-06-30 12:49:00-04:00,2020-06-30 15:23:00-04:00,S,10062.0,10103.5,10103.25,41.25,-85.0,-1.0303030303030303,SL,1,S
2020-07-01 13:09:00-04:00,2020-07-01 13:09:00-04:00,2020-07-01 14:01:00-04:00,S,10230.25,10267.75,10267.5,37.25,-77.0,-1.0335570469798658,SL,1,S
2020-07-01 14:44:00-04:00,2020-07-01 14:44:00-04:00,2020-07-01 15:04:00-04:00,S,10245.0,10275.25,10275.0,30.0,-62.5,-1.0416666666666667,SL,1,S
2020-07-02 10:29:00-04:00,2020-07-02 10:29:00-04:00,2020-07-02 15:59:00-04:00,S,10363.75,10335.5,10422.75,59.0,54.5,0.461864406779661,time,1,S
2020-07-03 11:34:00-04:00,2020-07-03 11:34:00-04:00,2020-07-03 12:49:00-04:00,L,10339.5,10347.0,10318.0,21.5,13.0,0.3023255813953488,time,1,L
2020-07-06 09:49:00-04:00,2020-07-06 09:49:00-04:00,2020-07-06 09:57:00-04:00,L,10486.25,10515.75,10466.0,20.25,57.0,1.4074074074074074,TP,1,L
2020-07-07 12:04:00-04:00,2020-07-07 12:04:00-04:00,2020-07-07 14:31:00-04:00,S,10648.0,10578.75,10694.75,46.75,136.5,1.4598930481283423,TP,1,S
2020-07-08 11:04:00-04:00,2020-07-08 11:04:00-04:00,2020-07-08 11:22:00-04:00,S,10590.0,10523.0,10635.25,45.25,132.0,1.4585635359116023,TP,1,S
2020-07-08 12:04:00-04:00,2020-07-08 12:04:00-04:00,2020-07-08 15:59:00-04:00,L,10596.25,10654.0,10512.25,84.0,113.5,0.6755952380952381,time,1,L
2020-07-09 09:39:00-04:00,2020-07-09 09:39:00-04:00,2020-07-09 10:44:00-04:00,S,10707.0,10646.75,10747.75,40.75,118.5,1.4539877300613497,TP,1,S
2020-07-10 09:34:00-04:00,2020-07-10 09:34:00-04:00,2020-07-10 13:07:00-04:00,S,10693.0,10750.75,10750.5,57.5,-117.5,-1.0217391304347827,SL,1,S
2020-07-14 09:39:00-04:00,2020-07-14 09:39:00-04:00,2020-07-14 09:51:00-04:00,L,10580.5,10463.5,10463.75,116.75,-236.0,-1.0107066381156318,SL,1,L
2020-07-14 10:34:00-04:00,2020-07-14 10:34:00-04:00,2020-07-14 15:59:00-04:00,L,10519.0,10672.75,10358.5,160.5,305.5,0.9517133956386293,time,1,L
2020-07-15 12:49:00-04:00,2020-07-15 12:49:00-04:00,2020-07-15 15:59:00-04:00,L,10636.25,10687.0,10551.25,85.0,99.5,0.5852941176470589,time,1,L
2020-07-16 09:59:00-04:00,2020-07-16 09:59:00-04:00,2020-07-16 11:04:00-04:00,S,10555.0,10488.0,10600.25,45.25,132.0,1.4585635359116023,TP,1,S
2020-07-16 11:54:00-04:00,2020-07-16 11:54:00-04:00,2020-07-16 13:14:00-04:00,L,10526.75,10603.25,10475.25,51.5,151.0,1.4660194174757282,TP,1,L
2020-07-16 14:49:00-04:00,2020-07-16 14:49:00-04:00,2020-07-16 15:29:00-04:00,S,10578.75,10625.25,10625.0,46.25,-95.0,-1.027027027027027,SL,1,S
2020-07-17 09:44:00-04:00,2020-07-17 09:44:00-04:00,2020-07-17 14:53:00-04:00,S,10585.5,10659.0,10658.75,73.25,-149.0,-1.0170648464163823,SL,1,S
2020-07-20 09:39:00-04:00,2020-07-20 09:39:00-04:00,2020-07-20 09:54:00-04:00,S,10639.5,10685.0,10684.75,45.25,-93.0,-1.0276243093922652,SL,1,S
2020-07-21 13:29:00-04:00,2020-07-21 13:29:00-04:00,2020-07-21 15:12:00-04:00,L,10874.25,10831.75,10832.0,42.25,-87.0,-1.029585798816568,SL,1,L
2020-07-22 11:44:00-04:00,2020-07-22 11:44:00-04:00,2020-07-22 15:59:00-04:00,L,10839.0,10858.75,10761.5,77.5,37.5,0.24193548387096775,time,1,L
2020-07-23 09:49:00-04:00,2020-07-23 09:49:00-04:00,2020-07-23 10:12:00-04:00,L,10861.25,10798.25,10798.5,62.75,-128.0,-1.0199203187250996,SL,1,L
2020-07-24 10:09:00-04:00,2020-07-24 10:09:00-04:00,2020-07-24 15:59:00-04:00,L,10429.75,10469.25,10301.0,128.75,77.0,0.29902912621359223,time,1,L
2020-07-27 09:34:00-04:00,2020-07-27 09:34:00-04:00,2020-07-27 10:01:00-04:00,L,10561.5,10633.0,10513.25,48.25,141.0,1.461139896373057,TP,1,L
2020-07-27 11:14:00-04:00,2020-07-27 11:14:00-04:00,2020-07-27 14:00:00-04:00,S,10566.75,10617.5,10617.25,50.5,-103.5,-1.0247524752475248,SL,1,S
2020-07-28 09:34:00-04:00,2020-07-28 09:34:00-04:00,2020-07-28 09:54:00-04:00,S,10611.5,10559.25,10647.0,35.5,102.5,1.443661971830986,TP,1,S
2020-07-28 12:04:00-04:00,2020-07-28 12:04:00-04:00,2020-07-28 15:50:00-04:00,S,10603.25,10531.25,10651.75,48.5,142.0,1.4639175257731958,TP,1,S
2020-07-29 12:04:00-04:00,2020-07-29 12:04:00-04:00,2020-07-29 14:15:00-04:00,S,10607.75,10641.25,10641.0,33.25,-69.0,-1.037593984962406,SL,1,S
2020-07-31 11:14:00-04:00,2020-07-31 11:14:00-04:00,2020-07-31 12:34:00-04:00,L,10812.25,10735.0,10735.25,77.0,-156.5,-1.0162337662337662,SL,1,L
2020-07-31 13:29:00-04:00,2020-07-31 13:29:00-04:00,2020-07-31 15:49:00-04:00,L,10763.0,10870.5,10690.75,72.25,213.0,1.4740484429065743,TP,1,L
2020-08-03 11:19:00-04:00,2020-08-03 11:19:00-04:00,2020-08-03 15:59:00-04:00,L,11040.25,11037.75,10991.0,49.25,-7.0,-0.07106598984771574,time,1,L
2020-08-04 13:09:00-04:00,2020-08-04 13:09:00-04:00,2020-08-04 14:01:00-04:00,L,11033.5,11063.75,11012.75,20.75,58.5,1.4096385542168675,TP,1,L
2020-08-04 14:24:00-04:00,2020-08-04 14:24:00-04:00,2020-08-04 14:34:00-04:00,S,11035.5,10992.5,11064.75,29.25,84.0,1.435897435897436,TP,1,S
2020-08-05 09:54:00-04:00,2020-08-05 09:54:00-04:00,2020-08-05 15:59:00-04:00,L,11107.25,11110.75,11064.25,43.0,5.0,0.05813953488372093,time,1,L
2020-08-06 09:39:00-04:00,2020-08-06 09:39:00-04:00,2020-08-06 10:00:00-04:00,S,11087.75,11120.75,11120.5,32.75,-68.0,-1.0381679389312977,SL,1,S
2020-08-06 10:44:00-04:00,2020-08-06 10:44:00-04:00,2020-08-06 12:14:00-04:00,S,11097.25,11147.25,11147.0,49.75,-102.0,-1.0251256281407035,SL,1,S
2020-08-07 11:19:00-04:00,2020-08-07 11:19:00-04:00,2020-08-07 12:55:00-04:00,S,11216.25,11139.5,11268.0,51.75,151.5,1.463768115942029,TP,1,S
2020-08-10 11:54:00-04:00,2020-08-10 11:54:00-04:00,2020-08-10 15:59:00-04:00,L,11032.25,11078.25,10961.75,70.5,90.0,0.6382978723404256,time,1,L
2020-08-11 10:39:00-04:00,2020-08-11 10:39:00-04:00,2020-08-11 15:16:00-04:00,L,11021.75,10941.5,10941.75,80.0,-162.5,-1.015625,SL,1,L
2020-08-12 09:34:00-04:00,2020-08-12 09:34:00-04:00,2020-08-12 10:25:00-04:00,L,10993.5,11083.75,10932.75,60.75,178.5,1.4691358024691359,TP,1,L
2020-08-12 14:54:00-04:00,2020-08-12 14:54:00-04:00,2020-08-12 15:59:00-04:00,S,11149.0,11146.75,11184.25,35.25,2.5,0.03546099290780142,time,1,S
2020-08-13 11:44:00-04:00,2020-08-13 11:44:00-04:00,2020-08-13 12:59:00-04:00,S,11219.5,11259.75,11259.5,40.0,-82.5,-1.03125,SL,1,S
2020-08-13 13:09:00-04:00,2020-08-13 13:09:00-04:00,2020-08-13 13:33:00-04:00,S,11235.0,11189.25,11266.0,31.0,89.5,1.4435483870967742,TP,1,S
2020-08-14 11:29:00-04:00,2020-08-14 11:29:00-04:00,2020-08-14 15:59:00-04:00,L,11149.25,11159.25,11105.25,44.0,18.0,0.20454545454545456,time,1,L
2020-08-17 11:04:00-04:00,2020-08-17 11:04:00-04:00,2020-08-17 12:47:00-04:00,S,11245.5,11269.25,11269.0,23.5,-49.5,-1.053191489361702,SL,1,S
2020-08-18 14:04:00-04:00,2020-08-18 14:04:00-04:00,2020-08-18 14:25:00-04:00,S,11369.25,11388.5,11388.25,19.0,-40.5,-1.0657894736842106,SL,1,S
2020-08-19 10:19:00-04:00,2020-08-19 10:19:00-04:00,2020-08-19 14:20:00-04:00,L,11391.5,11332.25,11332.5,59.0,-120.5,-1.021186440677966,SL,1,L
2020-08-20 09:39:00-04:00,2020-08-20 09:39:00-04:00,2020-08-20 10:53:00-04:00,L,11316.75,11391.75,11266.25,50.5,148.0,1.4653465346534653,TP,1,L
2020-08-21 13:24:00-04:00,2020-08-21 13:24:00-04:00,2020-08-21 14:31:00-04:00,S,11522.25,11543.75,11543.5,21.25,-45.0,-1.0588235294117647,SL,1,S
2020-08-24 09:54:00-04:00,2020-08-24 09:54:00-04:00,2020-08-24 15:59:00-04:00,S,11617.0,11626.5,11722.75,105.75,-21.0,-0.09929078014184398,time,1,S
2020-08-25 09:44:00-04:00,2020-08-25 09:44:00-04:00,2020-08-25 11:19:00-04:00,L,11619.75,11686.75,11574.5,45.25,132.0,1.4585635359116023,TP,1,L
2020-08-25 12:14:00-04:00,2020-08-25 12:14:00-04:00,2020-08-25 13:31:00-04:00,S,11630.25,11679.0,11678.75,48.5,-99.5,-1.0257731958762886,SL,1,S
2020-08-26 14:39:00-04:00,2020-08-26 14:39:00-04:00,2020-08-26 15:50:00-04:00,S,11920.75,11968.0,11967.75,47.0,-96.5,-1.0265957446808511,SL,1,S
2020-08-27 12:04:00-04:00,2020-08-27 12:04:00-04:00,2020-08-27 12:38:00-04:00,S,11993.25,11914.25,12046.5,53.25,156.0,1.4647887323943662,TP,1,S
2020-08-28 10:34:00-04:00,2020-08-28 10:34:00-04:00,2020-08-28 15:59:00-04:00,S,11979.5,11991.25,12018.25,38.75,-25.5,-0.32903225806451614,time,1,S
2020-08-31 11:24:00-04:00,2020-08-31 11:24:00-04:00,2020-08-31 12:53:00-04:00,S,12050.25,12101.5,12101.25,51.0,-104.5,-1.0245098039215685,SL,1,S
2020-09-01 09:54:00-04:00,2020-09-01 09:54:00-04:00,2020-09-01 15:59:00-04:00,L,12201.75,12293.75,12124.75,77.0,182.0,1.1818181818181819,time,1,L
2020-09-02 12:14:00-04:00,2020-09-02 12:14:00-04:00,2020-09-02 15:59:00-04:00,L,12294.5,12410.5,12172.0,122.5,230.0,0.9387755102040817,time,1,L
2020-09-03 14:34:00-04:00,2020-09-03 14:34:00-04:00,2020-09-03 14:56:00-04:00,L,11811.0,11740.5,11740.75,70.25,-143.0,-1.0177935943060499,SL,1,L
2020-09-04 09:49:00-04:00,2020-09-04 09:49:00-04:00,2020-09-04 10:36:00-04:00,S,11610.25,11261.25,11843.5,233.25,696.0,1.4919614147909968,TP,1,S
2020-09-04 13:14:00-04:00,2020-09-04 13:14:00-04:00,2020-09-04 14:39:00-04:00,S,11445.5,11582.5,11582.25,136.75,-276.0,-1.0091407678244972,SL,1,S
2020-09-07 09:39:00-04:00,2020-09-07 09:39:00-04:00,2020-09-07 12:49:00-04:00,L,11475.0,11496.75,11432.0,43.0,41.5,0.48255813953488375,time,1,L
2020-09-08 09:34:00-04:00,2020-09-08 09:34:00-04:00,2020-09-08 09:41:00-04:00,L,11218.25,11137.75,11138.0,80.25,-163.0,-1.0155763239875388,SL,1,L
2020-09-08 11:04:00-04:00,2020-09-08 11:04:00-04:00,2020-09-08 14:53:00-04:00,S,11275.5,11082.25,11405.0,129.5,384.5,1.4845559845559846,TP,1,S
2020-09-09 09:54:00-04:00,2020-09-09 09:54:00-04:00,2020-09-09 10:25:00-04:00,S,11230.25,11306.0,11305.75,75.5,-153.5,-1.0165562913907285,SL,1,S
2020-09-09 13:44:00-04:00,2020-09-09 13:44:00-04:00,2020-09-09 15:59:00-04:00,S,11388.25,11386.5,11479.0,90.75,1.5,0.008264462809917356,time,1,S
2020-09-10 10:44:00-04:00,2020-09-10 10:44:00-04:00,2020-09-10 10:58:00-04:00,S,11501.25,11403.25,11567.25,66.0,194.0,1.4696969696969697,TP,1,S
2020-09-10 13:19:00-04:00,2020-09-10 13:19:00-04:00,2020-09-10 13:53:00-04:00,L,11416.0,11323.75,11324.0,92.0,-186.5,-1.013586956521739,SL,1,L
2020-09-11 09:49:00-04:00,2020-09-11 09:49:00-04:00,2020-09-11 09:56:00-04:00,L,11262.75,11165.75,11166.0,96.75,-196.0,-1.0129198966408268,SL,1,L
2020-09-11 11:34:00-04:00,2020-09-11 11:34:00-04:00,2020-09-11 13:28:00-04:00,S,11144.25,10966.75,11263.25,119.0,353.0,1.4831932773109244,TP,1,S
2020-09-11 14:14:00-04:00,2020-09-11 14:14:00-04:00,2020-09-11 15:59:00-04:00,L,11043.75,11083.75,10937.25,106.5,78.0,0.36619718309859156,time,1,L
2020-09-14 12:14:00-04:00,2020-09-14 12:14:00-04:00,2020-09-14 13:06:00-04:00,S,11321.75,11267.5,11358.5,36.75,106.5,1.4489795918367347,TP,1,S
2020-09-14 14:09:00-04:00,2020-09-14 14:09:00-04:00,2020-09-14 15:59:00-04:00,L,11275.25,11274.75,11187.0,88.25,-3.0,-0.0169971671388102,time,1,L
2020-09-15 10:19:00-04:00,2020-09-15 10:19:00-04:00,2020-09-15 12:44:00-04:00,S,11428.0,11486.25,11486.0,58.0,-118.5,-1.021551724137931,SL,1,S
2020-09-15 13:59:00-04:00,2020-09-15 13:59:00-04:00,2020-09-15 14:08:00-04:00,S,11465.25,11424.5,11493.0,27.75,79.5,1.4324324324324325,TP,1,S
2020-09-15 14:54:00-04:00,2020-09-15 14:54:00-04:00,2020-09-15 15:05:00-04:00,L,11461.75,11416.0,11416.25,45.5,-93.5,-1.0274725274725274,SL,1,L
2020-09-21 11:09:00-04:00,2020-09-21 11:09:00-04:00,2020-09-21 15:50:00-04:00,L,10766.25,10930.0,10656.5,109.75,325.5,1.4829157175398633,TP,1,L
2020-09-22 09:39:00-04:00,2020-09-22 09:39:00-04:00,2020-09-22 13:42:00-04:00,S,11011.25,11075.0,11074.75,63.5,-129.5,-1.0196850393700787,SL,1,S
2020-09-23 12:44:00-04:00,2020-09-23 12:44:00-04:00,2020-09-23 13:53:00-04:00,L,11038.5,10970.5,10970.75,67.75,-138.0,-1.018450184501845,SL,1,L
2020-09-24 09:44:00-04:00,2020-09-24 09:44:00-04:00,2020-09-24 10:05:00-04:00,L,10760.5,10914.25,10657.5,103.0,305.5,1.483009708737864,TP,1,L
2020-09-24 10:39:00-04:00,2020-09-24 10:39:00-04:00,2020-09-24 11:32:00-04:00,S,10787.5,10937.0,10936.75,149.25,-301.0,-1.0083752093802345,SL,1,S
2020-09-24 12:39:00-04:00,2020-09-24 12:39:00-04:00,2020-09-24 13:15:00-04:00,S,10892.75,10982.25,10982.0,89.25,-181.0,-1.0140056022408963,SL,1,S
2020-09-28 09:34:00-04:00,2020-09-28 09:34:00-04:00,2020-09-28 09:55:00-04:00,S,11312.0,11251.0,11353.25,41.25,120.0,1.4545454545454546,TP,1,S
2020-09-28 11:14:00-04:00,2020-09-28 11:14:00-04:00,2020-09-28 12:16:00-04:00,L,11292.5,11234.75,11235.0,57.5,-117.5,-1.0217391304347827,SL,1,L
2020-09-28 12:49:00-04:00,2020-09-28 12:49:00-04:00,2020-09-28 14:52:00-04:00,L,11270.0,11335.5,11225.75,44.25,129.0,1.4576271186440677,TP,1,L
2020-09-29 11:24:00-04:00,2020-09-29 11:24:00-04:00,2020-09-29 15:59:00-04:00,L,11354.0,11309.75,11289.5,64.5,-90.5,-0.7015503875968992,time,1,L
2020-09-30 13:49:00-04:00,2020-09-30 13:49:00-04:00,2020-09-30 14:43:00-04:00,L,11485.25,11421.75,11422.0,63.25,-129.0,-1.0197628458498025,SL,1,L
2020-10-01 11:29:00-04:00,2020-10-01 11:29:00-04:00,2020-10-01 15:59:00-04:00,L,11536.75,11572.5,11473.75,63.0,69.5,0.5515873015873016,time,1,L
2020-10-02 09:34:00-04:00,2020-10-02 09:34:00-04:00,2020-10-02 11:56:00-04:00,L,11361.0,11280.5,11280.75,80.25,-163.0,-1.0155763239875388,SL,1,L
2020-10-02 12:39:00-04:00,2020-10-02 12:39:00-04:00,2020-10-02 15:59:00-04:00,L,11343.25,11243.75,11204.75,138.5,-201.0,-0.7256317689530686,time,1,L
2020-10-05 13:34:00-04:00,2020-10-05 13:34:00-04:00,2020-10-05 14:59:00-04:00,S,11425.75,11453.5,11453.25,27.5,-57.5,-1.0454545454545454,SL,1,S
2020-10-06 09:49:00-04:00,2020-10-06 09:49:00-04:00,2020-10-06 10:03:00-04:00,S,11436.25,11479.5,11479.25,43.0,-88.5,-1.0290697674418605,SL,1,S
2020-10-06 10:44:00-04:00,2020-10-06 10:44:00-04:00,2020-10-06 11:50:00-04:00,S,11447.25,11370.5,11499.0,51.75,151.5,1.463768115942029,TP,1,S
2020-10-06 12:24:00-04:00,2020-10-06 12:24:00-04:00,2020-10-06 14:54:00-04:00,L,11429.5,11356.25,11356.5,73.0,-148.5,-1.0171232876712328,SL,1,L
2020-10-07 10:14:00-04:00,2020-10-07 10:14:00-04:00,2020-10-07 11:31:00-04:00,S,11378.0,11438.5,11438.25,60.25,-123.0,-1.020746887966805,SL,1,S
2020-10-07 12:29:00-04:00,2020-10-07 12:29:00-04:00,2020-10-07 12:59:00-04:00,S,11416.0,11453.0,11452.75,36.75,-76.0,-1.034013605442177,SL,1,S
2020-10-08 09:34:00-04:00,2020-10-08 09:34:00-04:00,2020-10-08 09:49:00-04:00,S,11551.5,11513.75,11577.25,25.75,73.5,1.4271844660194175,TP,1,S
2020-10-08 11:09:00-04:00,2020-10-08 11:09:00-04:00,2020-10-08 15:59:00-04:00,L,11539.0,11536.0,11487.5,51.5,-8.0,-0.07766990291262135,time,1,L
2020-10-09 13:39:00-04:00,2020-10-09 13:39:00-04:00,2020-10-09 15:58:00-04:00,S,11677.5,11706.0,11705.75,28.25,-59.0,-1.0442477876106195,SL,1,S
2020-10-13 10:54:00-04:00,2020-10-13 10:54:00-04:00,2020-10-13 13:57:00-04:00,L,12113.5,12032.0,12032.25,81.25,-165.0,-1.0153846153846153,SL,1,L
2020-10-13 14:59:00-04:00,2020-10-13 14:59:00-04:00,2020-10-13 15:59:00-04:00,L,12077.75,12074.0,12017.75,60.0,-9.5,-0.07916666666666666,time,1,L
2020-10-14 11:09:00-04:00,2020-10-14 11:09:00-04:00,2020-10-14 11:45:00-04:00,L,12099.5,12026.75,12027.0,72.5,-147.5,-1.0172413793103448,SL,1,L
2020-10-15 10:29:00-04:00,2020-10-15 10:29:00-04:00,2020-10-15 15:17:00-04:00,S,11793.0,11880.5,11880.25,87.25,-177.0,-1.0143266475644699,SL,1,S
2020-10-16 09:39:00-04:00,2020-10-16 09:39:00-04:00,2020-10-16 10:01:00-04:00,S,11940.0,11976.0,11975.75,35.75,-74.0,-1.034965034965035,SL,1,S
2020-10-16 10:49:00-04:00,2020-10-16 10:49:00-04:00,2020-10-16 11:25:00-04:00,S,11963.75,11877.25,12022.0,58.25,171.0,1.4678111587982832,TP,1,S
2020-10-16 13:09:00-04:00,2020-10-16 13:09:00-04:00,2020-10-16 15:40:00-04:00,L,11928.0,11878.5,11878.75,49.25,-101.0,-1.0253807106598984,SL,1,L
2020-10-20 09:59:00-04:00,2020-10-20 09:59:00-04:00,2020-10-20 11:00:00-04:00,L,11703.5,11631.5,11631.75,71.75,-146.0,-1.0174216027874565,SL,1,L
2020-10-20 11:54:00-04:00,2020-10-20 11:54:00-04:00,2020-10-20 13:15:00-04:00,L,11667.0,11761.75,11603.25,63.75,187.5,1.4705882352941178,TP,1,L
2020-10-20 14:49:00-04:00,2020-10-20 14:49:00-04:00,2020-10-20 15:10:00-04:00,S,11737.25,11671.75,11781.5,44.25,129.0,1.4576271186440677,TP,1,S
2020-10-21 10:49:00-04:00,2020-10-21 10:49:00-04:00,2020-10-21 15:59:00-04:00,S,11709.75,11652.75,11779.0,69.25,112.0,0.8086642599277978,time,1,S
2020-10-22 12:59:00-04:00,2020-10-22 12:59:00-04:00,2020-10-22 15:59:00-04:00,L,11605.25,11653.75,11545.0,60.25,95.0,0.7883817427385892,time,1,L
2020-10-23 11:09:00-04:00,2020-10-23 11:09:00-04:00,2020-10-23 11:39:00-04:00,L,11624.0,11570.25,11570.5,53.5,-109.5,-1.0233644859813085,SL,1,L
2020-10-23 12:39:00-04:00,2020-10-23 12:39:00-04:00,2020-10-23 15:54:00-04:00,L,11600.5,11672.25,11552.0,48.5,141.5,1.458762886597938,TP,1,L
2020-10-26 10:34:00-04:00,2020-10-26 10:34:00-04:00,2020-10-26 11:34:00-04:00,S,11601.0,11459.25,11696.0,95.0,281.5,1.481578947368421,TP,1,S
2020-10-27 09:44:00-04:00,2020-10-27 09:44:00-04:00,2020-10-27 10:22:00-04:00,L,11558.75,11497.75,11498.0,60.75,-124.0,-1.0205761316872428,SL,1,L
2020-10-27 12:29:00-04:00,2020-10-27 12:29:00-04:00,2020-10-27 15:40:00-04:00,S,11562.0,11609.25,11609.0,47.0,-96.5,-1.0265957446808511,SL,1,S
2020-10-28 13:39:00-04:00,2020-10-28 13:39:00-04:00,2020-10-28 15:54:00-04:00,L,11221.75,11161.25,11161.5,60.25,-123.0,-1.020746887966805,SL,1,L
2020-10-29 12:04:00-04:00,2020-10-29 12:04:00-04:00,2020-10-29 13:22:00-04:00,S,11271.75,11335.75,11335.5,63.75,-130.0,-1.0196078431372548,SL,1,S
2020-10-30 09:44:00-04:00,2020-10-30 09:44:00-04:00,2020-10-30 10:36:00-04:00,S,11177.75,11023.0,11281.5,103.75,307.5,1.4819277108433735,TP,1,S
2020-10-30 14:09:00-04:00,2020-10-30 14:09:00-04:00,2020-10-30 14:33:00-04:00,L,11018.25,10958.75,10959.0,59.25,-121.0,-1.021097046413502,SL,1,L
2020-11-02 10:39:00-05:00,2020-11-02 10:39:00-05:00,2020-11-02 13:07:00-05:00,S,11127.5,11001.25,11212.25,84.75,250.5,1.4778761061946903,TP,1,S
2020-11-03 09:34:00-05:00,2020-11-03 09:34:00-05:00,2020-11-03 09:45:00-05:00,S,11109.25,11153.0,11152.75,43.5,-89.5,-1.028735632183908,SL,1,S
2020-11-03 14:34:00-05:00,2020-11-03 14:34:00-05:00,2020-11-03 15:59:00-05:00,L,11274.5,11256.75,11216.5,58.0,-37.5,-0.3232758620689655,time,1,L
2020-11-04 13:09:00-05:00,2020-11-04 13:09:00-05:00,2020-11-04 15:59:00-05:00,S,11775.75,11760.25,11840.0,64.25,29.0,0.22568093385214008,time,1,S
2020-11-05 09:49:00-05:00,2020-11-05 09:49:00-05:00,2020-11-05 15:59:00-05:00,L,12057.5,12066.0,11972.5,85.0,15.0,0.08823529411764706,time,1,L
2020-11-06 09:39:00-05:00,2020-11-06 09:39:00-05:00,2020-11-06 12:11:00-05:00,S,11922.5,12073.0,12072.75,150.25,-303.0,-1.0083194675540765,SL,1,S
2020-11-06 14:44:00-05:00,2020-11-06 14:44:00-05:00,2020-11-06 15:45:00-05:00,S,12060.75,12102.75,12102.5,41.75,-86.0,-1.029940119760479,SL,1,S
2020-11-09 09:34:00-05:00,2020-11-09 09:34:00-05:00,2020-11-09 15:59:00-05:00,S,12093.25,11832.0,12268.0,174.75,520.5,1.4892703862660943,TP,1,S
2020-11-10 09:49:00-05:00,2020-11-10 09:49:00-05:00,2020-11-10 10:39:00-05:00,S,11654.25,11511.75,11749.75,95.5,283.0,1.4816753926701571,TP,1,S
2020-11-10 11:09:00-05:00,2020-11-10 11:09:00-05:00,2020-11-10 15:59:00-05:00,L,11614.0,11619.5,11502.75,111.25,9.0,0.04044943820224719,time,1,L
2020-11-11 09:39:00-05:00,2020-11-11 09:39:00-05:00,2020-11-11 12:11:00-05:00,L,11775.5,11884.75,11702.0,73.5,216.5,1.4727891156462585,TP,1,L
2020-11-11 14:29:00-05:00,2020-11-11 14:29:00-05:00,2020-11-11 15:59:00-05:00,S,11862.75,11880.75,11899.25,36.5,-38.0,-0.5205479452054794,time,1,S
2020-11-12 12:14:00-05:00,2020-11-12 12:14:00-05:00,2020-11-12 12:41:00-05:00,L,11913.25,11856.5,11856.75,56.5,-115.5,-1.0221238938053097,SL,1,L
2020-11-12 13:54:00-05:00,2020-11-12 13:54:00-05:00,2020-11-12 15:02:00-05:00,L,11853.25,11786.75,11787.0,66.25,-135.0,-1.0188679245283019,SL,1,L
2020-11-13 11:49:00-05:00,2020-11-13 11:49:00-05:00,2020-11-13 15:32:00-05:00,L,11866.25,11937.25,11818.25,48.0,140.0,1.4583333333333333,TP,1,L
2020-11-16 11:44:00-05:00,2020-11-16 11:44:00-05:00,2020-11-16 15:59:00-05:00,S,11981.75,12013.75,12033.75,52.0,-66.0,-0.6346153846153846,time,1,S
2020-11-17 10:39:00-05:00,2020-11-17 10:39:00-05:00,2020-11-17 15:23:00-05:00,L,12011.25,11961.25,11961.5,49.75,-102.0,-1.0251256281407035,SL,1,L
2020-11-18 10:49:00-05:00,2020-11-18 10:49:00-05:00,2020-11-18 15:52:00-05:00,L,11970.25,11909.75,11910.0,60.25,-123.0,-1.020746887966805,SL,1,L
2020-11-19 12:44:00-05:00,2020-11-19 12:44:00-05:00,2020-11-19 13:52:00-05:00,S,11927.0,11965.5,11965.25,38.25,-79.0,-1.0326797385620916,SL,1,S
2020-11-20 10:24:00-05:00,2020-11-20 10:24:00-05:00,2020-11-20 15:18:00-05:00,L,11985.25,11945.25,11945.5,39.75,-82.0,-1.0314465408805031,SL,1,L
2020-11-23 10:09:00-05:00,2020-11-23 10:09:00-05:00,2020-11-23 11:14:00-05:00,S,11928.0,11817.75,12002.0,74.0,218.5,1.4763513513513513,TP,1,S
2020-11-23 12:24:00-05:00,2020-11-23 12:24:00-05:00,2020-11-23 15:59:00-05:00,L,11873.75,11904.0,11818.75,55.0,58.5,0.5318181818181819,time,1,L
2020-11-24 09:34:00-05:00,2020-11-24 09:34:00-05:00,2020-11-24 09:38:00-05:00,S,11934.25,11893.25,11962.25,28.0,80.0,1.4285714285714286,TP,1,S
2020-11-24 10:39:00-05:00,2020-11-24 10:39:00-05:00,2020-11-24 11:19:00-05:00,L,11942.25,12022.25,11888.25,54.0,158.0,1.462962962962963,TP,1,L
2020-11-25 11:39:00-05:00,2020-11-25 11:39:00-05:00,2020-11-25 12:53:00-05:00,S,12108.5,12134.75,12134.5,26.0,-54.5,-1.0480769230769231,SL,1,S
2020-11-25 14:09:00-05:00,2020-11-25 14:09:00-05:00,2020-11-25 14:31:00-05:00,S,12126.0,12144.5,12144.25,18.25,-39.0,-1.0684931506849316,SL,1,S
2020-11-26 09:39:00-05:00,2020-11-26 09:39:00-05:00,2020-11-26 12:18:00-05:00,S,12196.75,12169.75,12215.25,18.5,52.0,1.4054054054054055,TP,1,S
2020-11-27 11:44:00-05:00,2020-11-27 11:44:00-05:00,2020-11-27 13:04:00-05:00,S,12272.75,12263.0,12301.0,28.25,17.5,0.30973451327433627,time,1,S
2020-12-01 10:39:00-05:00,2020-12-01 10:39:00-05:00,2020-12-01 11:29:00-05:00,S,12353.5,12432.75,12432.5,79.0,-160.5,-1.0158227848101267,SL,1,S
2020-12-01 14:54:00-05:00,2020-12-01 14:54:00-05:00,2020-12-01 15:59:00-05:00,S,12465.5,12450.75,12512.75,47.25,27.5,0.291005291005291,time,1,S
2020-12-02 10:14:00-05:00,2020-12-02 10:14:00-05:00,2020-12-02 15:59:00-05:00,L,12397.0,12457.25,12313.5,83.5,118.5,0.7095808383233533,time,1,L
2020-12-03 10:59:00-05:00,2020-12-03 10:59:00-05:00,2020-12-03 15:59:00-05:00,S,12479.75,12472.75,12540.5,60.75,12.0,0.09876543209876543,time,1,S
2020-12-04 09:49:00-05:00,2020-12-04 09:49:00-05:00,2020-12-04 15:59:00-05:00,L,12495.5,12529.0,12448.25,47.25,65.0,0.6878306878306878,time,1,L
2020-12-07 12:04:00-05:00,2020-12-07 12:04:00-05:00,2020-12-07 15:59:00-05:00,S,12580.5,12597.5,12610.0,29.5,-36.0,-0.6101694915254238,time,1,S
2020-12-08 09:39:00-05:00,2020-12-08 09:39:00-05:00,2020-12-08 12:00:00-05:00,S,12549.25,12588.0,12587.75,38.5,-79.5,-1.0324675324675325,SL,1,S
2020-12-10 09:39:00-05:00,2020-12-10 09:39:00-05:00,2020-12-10 10:51:00-05:00,L,12304.5,12433.75,12217.75,86.75,256.5,1.478386167146974,TP,1,L
2020-12-10 11:54:00-05:00,2020-12-10 11:54:00-05:00,2020-12-10 15:59:00-05:00,S,12392.75,12398.5,12449.25,56.5,-13.5,-0.11946902654867257,time,1,S
2020-12-11 09:34:00-05:00,2020-12-11 09:34:00-05:00,2020-12-11 10:12:00-05:00,S,12315.75,12355.0,12354.75,39.0,-80.5,-1.0320512820512822,SL,1,S
2020-12-11 10:49:00-05:00,2020-12-11 10:49:00-05:00,2020-12-11 11:45:00-05:00,S,12318.75,12257.75,12360.0,41.25,120.0,1.4545454545454546,TP,1,S
2020-12-11 13:04:00-05:00,2020-12-11 13:04:00-05:00,2020-12-11 15:16:00-05:00,L,12288.0,12368.25,12234.0,54.0,158.5,1.4675925925925926,TP,1,L
2020-12-16 13:09:00-05:00,2020-12-16 13:09:00-05:00,2020-12-16 14:00:00-05:00,S,12629.0,12655.75,12655.5,26.5,-55.5,-1.0471698113207548,SL,1,S
2020-12-16 14:04:00-05:00,2020-12-16 14:04:00-05:00,2020-12-16 14:35:00-05:00,S,12636.5,12656.5,12656.25,19.75,-42.0,-1.0632911392405062,SL,1,S
2020-12-17 10:04:00-05:00,2020-12-17 10:04:00-05:00,2020-12-17 15:59:00-05:00,S,12725.75,12750.75,12762.5,36.75,-52.0,-0.7074829931972789,time,1,S
2020-12-18 09:34:00-05:00,2020-12-18 09:34:00-05:00,2020-12-18 10:00:00-05:00,S,12757.0,12709.25,12789.5,32.5,93.5,1.4384615384615385,TP,1,S
2020-12-18 12:14:00-05:00,2020-12-18 12:14:00-05:00,2020-12-18 13:39:00-05:00,L,12709.0,12681.5,12681.75,27.25,-57.0,-1.0458715596330275,SL,1,L
2020-12-22 10:14:00-05:00,2020-12-22 10:14:00-05:00,2020-12-22 11:43:00-05:00,S,12694.75,12606.25,12754.25,59.5,175.0,1.4705882352941178,TP,1,S
2020-12-22 14:39:00-05:00,2020-12-22 14:39:00-05:00,2020-12-22 15:59:00-05:00,S,12687.0,12714.0,12717.25,30.25,-56.0,-0.9256198347107438,time,1,S
2020-12-23 10:34:00-05:00,2020-12-23 10:34:00-05:00,2020-12-23 15:59:00-05:00,L,12703.25,12648.75,12649.0,54.25,-111.0,-1.023041474654378,SL,1,L
2020-12-24 10:59:00-05:00,2020-12-24 10:59:00-05:00,2020-12-24 13:04:00-05:00,S,12680.0,12703.5,12724.25,44.25,-49.0,-0.5536723163841808,time,1,S
2020-12-28 09:34:00-05:00,2020-12-28 09:34:00-05:00,2020-12-28 10:05:00-05:00,S,12807.25,12777.75,12827.5,20.25,57.0,1.4074074074074074,TP,1,S
2020-12-28 10:49:00-05:00,2020-12-28 10:49:00-05:00,2020-12-28 15:59:00-05:00,L,12800.75,12833.25,12740.75,60.0,63.0,0.525,time,1,L
2020-12-29 10:44:00-05:00,2020-12-29 10:44:00-05:00,2020-12-29 12:47:00-05:00,L,12877.75,12810.25,12810.5,67.25,-137.0,-1.0185873605947955,SL,1,L
2020-12-30 09:34:00-05:00,2020-12-30 09:34:00-05:00,2020-12-30 15:59:00-05:00,S,12873.75,12843.5,12910.0,36.25,58.5,0.8068965517241379,time,1,S
2020-12-31 10:09:00-05:00,2020-12-31 10:09:00-05:00,2020-12-31 11:43:00-05:00,L,12849.25,12822.0,12822.25,27.0,-56.5,-1.0462962962962963,SL,1,L
2020-12-31 12:44:00-05:00,2020-12-31 12:44:00-05:00,2020-12-31 15:56:00-05:00,L,12829.25,12878.25,12796.0,33.25,96.0,1.443609022556391,TP,1,L
2021-01-04 14:59:00-05:00,2021-01-04 14:59:00-05:00,2021-01-04 15:59:00-05:00,L,12664.5,12688.0,12606.0,58.5,45.0,0.38461538461538464,time,1,L
2021-01-05 10:59:00-05:00,2021-01-05 10:59:00-05:00,2021-01-05 14:08:00-05:00,S,12714.25,12782.75,12782.5,68.25,-139.0,-1.0183150183150182,SL,1,S
2021-01-06 13:24:00-05:00,2021-01-06 13:24:00-05:00,2021-01-06 13:47:00-05:00,S,12747.5,12790.0,12789.75,42.25,-87.0,-1.029585798816568,SL,1,S
2021-01-08 11:19:00-05:00,2021-01-08 11:19:00-05:00,2021-01-08 12:15:00-05:00,S,13005.5,13060.0,13059.75,54.25,-111.0,-1.023041474654378,SL,1,S
2021-01-11 10:09:00-05:00,2021-01-11 10:09:00-05:00,2021-01-11 15:21:00-05:00,L,12980.75,12891.75,12892.0,88.75,-180.0,-1.0140845070422535,SL,1,L
2021-01-12 09:34:00-05:00,2021-01-12 09:34:00-05:00,2021-01-12 09:50:00-05:00,L,12930.0,12865.75,12866.0,64.0,-130.5,-1.01953125,SL,1,L
2021-01-12 11:44:00-05:00,2021-01-12 11:44:00-05:00,2021-01-12 12:05:00-05:00,S,12887.0,12826.75,12927.75,40.75,118.5,1.4539877300613497,TP,1,S
2021-01-12 13:04:00-05:00,2021-01-12 13:04:00-05:00,2021-01-12 15:59:00-05:00,L,12853.0,12882.25,12766.75,86.25,56.5,0.32753623188405795,time,1,L
2021-01-13 13:49:00-05:00,2021-01-13 13:49:00-05:00,2021-01-13 14:00:00-05:00,S,12967.25,12988.5,12988.25,21.0,-44.5,-1.0595238095238095,SL,1,S
2021-01-13 14:44:00-05:00,2021-01-13 14:44:00-05:00,2021-01-13 15:59:00-05:00,S,12979.75,12968.25,13003.25,23.5,21.0,0.44680851063829785,time,1,S
2021-01-14 11:19:00-05:00,2021-01-14 11:19:00-05:00,2021-01-14 12:40:00-05:00,S,12996.5,12948.75,13029.0,32.5,93.5,1.4384615384615385,TP,1,S
2021-01-14 12:59:00-05:00,2021-01-14 12:59:00-05:00,2021-01-14 15:11:00-05:00,L,12981.25,12933.0,12933.25,48.0,-98.5,-1.0260416666666667,SL,1,L
2021-01-15 11:24:00-05:00,2021-01-15 11:24:00-05:00,2021-01-15 15:59:00-05:00,L,12838.25,12799.0,12743.0,95.25,-80.5,-0.4225721784776903,time,1,L
2021-01-18 11:19:00-05:00,2021-01-18 11:19:00-05:00,2021-01-18 12:02:00-05:00,S,12804.75,12815.5,12815.25,10.5,-23.5,-1.119047619047619,SL,1,S
2021-01-19 10:14:00-05:00,2021-01-19 10:14:00-05:00,2021-01-19 11:15:00-05:00,L,12910.5,12857.0,12857.25,53.25,-109.0,-1.0234741784037558,SL,1,L
2021-01-21 11:39:00-05:00,2021-01-21 11:39:00-05:00,2021-01-21 14:15:00-05:00,S,13358.5,13393.25,13393.0,34.5,-71.5,-1.036231884057971,SL,1,S
2021-01-22 10:29:00-05:00,2021-01-22 10:29:00-05:00,2021-01-22 15:36:00-05:00,S,13348.25,13392.5,13392.25,44.0,-90.5,-1.0284090909090908,SL,1,S
2021-01-25 10:34:00-05:00,2021-01-25 10:34:00-05:00,2021-01-25 10:51:00-05:00,S,13510.25,13448.25,13552.25,42.0,122.0,1.4523809523809523,TP,1,S
2021-01-25 12:04:00-05:00,2021-01-25 12:04:00-05:00,2021-01-25 15:59:00-05:00,L,13415.0,13474.0,13288.75,126.25,116.0,0.4594059405940594,time,1,L
2021-01-26 09:44:00-05:00,2021-01-26 09:44:00-05:00,2021-01-26 10:48:00-05:00,S,13440.5,13509.75,13509.5,69.0,-140.5,-1.0181159420289856,SL,1,S
2021-01-26 11:29:00-05:00,2021-01-26 11:29:00-05:00,2021-01-26 15:59:00-05:00,S,13482.25,13485.25,13533.25,51.0,-8.0,-0.0784313725490196,time,1,S
2021-01-27 10:09:00-05:00,2021-01-27 10:09:00-05:00,2021-01-27 14:33:00-05:00,L,13345.0,13170.75,13171.0,174.0,-350.5,-1.007183908045977,SL,1,L
2021-01-28 14:14:00-05:00,2021-01-28 14:14:00-05:00,2021-01-28 15:17:00-05:00,S,13347.5,13278.25,13394.25,46.75,136.5,1.4598930481283423,TP,1,S
2021-01-29 09:39:00-05:00,2021-01-29 09:39:00-05:00,2021-01-29 12:39:00-05:00,S,13051.75,12891.75,13159.0,107.25,318.0,1.4825174825174825,TP,1,S
2021-01-29 14:04:00-05:00,2021-01-29 14:04:00-05:00,2021-01-29 15:59:00-05:00,L,12932.25,12914.0,12831.5,100.75,-38.5,-0.19106699751861042,time,1,L
2021-02-01 09:34:00-05:00,2021-02-01 09:34:00-05:00,2021-02-01 09:47:00-05:00,L,13087.75,13028.25,13028.5,59.25,-121.0,-1.021097046413502,SL,1,L
2021-02-03 13:19:00-05:00,2021-02-03 13:19:00-05:00,2021-02-03 13:43:00-05:00,S,13464.0,13493.0,13492.75,28.75,-60.0,-1.0434782608695652,SL,1,S
2021-02-03 14:19:00-05:00,2021-02-03 14:19:00-05:00,2021-02-03 15:17:00-05:00,S,13472.25,13436.25,13496.75,24.5,70.0,1.4285714285714286,TP,1,S
2021-02-08 09:34:00-05:00,2021-02-08 09:34:00-05:00,2021-02-08 10:04:00-05:00,S,13645.25,13674.5,13674.25,29.0,-60.5,-1.043103448275862,SL,1,S
2021-02-08 12:14:00-05:00,2021-02-08 12:14:00-05:00,2021-02-08 15:59:00-05:00,L,13642.75,13684.75,13595.75,47.0,82.0,0.8723404255319149,time,1,L
2021-02-09 09:34:00-05:00,2021-02-09 09:34:00-05:00,2021-02-09 10:18:00-05:00,L,13671.5,13727.25,13633.75,37.75,109.5,1.4503311258278146,TP,1,L
2021-02-09 14:14:00-05:00,2021-02-09 14:14:00-05:00,2021-02-09 15:59:00-05:00,L,13685.25,13680.25,13661.75,23.5,-12.0,-0.2553191489361702,time,1,L
2021-02-10 09:34:00-05:00,2021-02-10 09:34:00-05:00,2021-02-10 10:19:00-05:00,S,13728.0,13677.5,13762.25,34.25,99.0,1.4452554744525548,TP,1,S
2021-02-10 14:04:00-05:00,2021-02-10 14:04:00-05:00,2021-02-10 14:26:00-05:00,S,13624.75,13644.0,13643.75,19.0,-40.5,-1.0657894736842106,SL,1,S
2021-02-11 12:19:00-05:00,2021-02-11 12:19:00-05:00,2021-02-11 15:59:00-05:00,S,13677.75,13726.5,13741.75,64.0,-99.5,-0.77734375,time,1,S
2021-02-12 10:04:00-05:00,2021-02-12 10:04:00-05:00,2021-02-12 15:38:00-05:00,L,13695.75,13769.75,13645.75,50.0,146.0,1.46,TP,1,L
2021-02-15 11:34:00-05:00,2021-02-15 11:34:00-05:00,2021-02-15 12:29:00-05:00,S,13854.75,13863.5,13863.25,8.5,-19.5,-1.1470588235294117,SL,1,S
2021-02-16 10:54:00-05:00,2021-02-16 10:54:00-05:00,2021-02-16 12:07:00-05:00,S,13819.25,13735.25,13875.75,56.5,166.0,1.4690265486725664,TP,1,S
2021-02-16 12:59:00-05:00,2021-02-16 12:59:00-05:00,2021-02-16 15:59:00-05:00,L,13789.75,13764.25,13715.5,74.25,-53.0,-0.3569023569023569,time,1,L
2021-02-17 09:54:00-05:00,2021-02-17 09:54:00-05:00,2021-02-17 10:21:00-05:00,L,13685.25,13609.5,13609.75,75.5,-153.5,-1.0165562913907285,SL,1,L
2021-02-17 10:59:00-05:00,2021-02-17 10:59:00-05:00,2021-02-17 11:15:00-05:00,L,13652.25,13577.25,13577.5,74.75,-152.0,-1.0167224080267558,SL,1,L
2021-02-17 12:04:00-05:00,2021-02-17 12:04:00-05:00,2021-02-17 15:59:00-05:00,L,13613.5,13699.25,13542.75,70.75,169.5,1.197879858657244,time,1,L
2021-02-18 09:59:00-05:00,2021-02-18 09:59:00-05:00,2021-02-18 10:05:00-05:00,L,13568.25,13523.0,13523.25,45.0,-92.5,-1.0277777777777777,SL,1,L
2021-02-18 10:54:00-05:00,2021-02-18 10:54:00-05:00,2021-02-18 14:58:00-05:00,L,13537.5,13640.25,13468.5,69.0,203.5,1.4746376811594204,TP,1,L
2021-02-19 10:59:00-05:00,2021-02-19 10:59:00-05:00,2021-02-19 12:20:00-05:00,L,13677.0,13629.0,13629.25,47.75,-98.0,-1.0261780104712042,SL,1,L
2021-02-22 10:19:00-05:00,2021-02-22 10:19:00-05:00,2021-02-22 15:28:00-05:00,S,13373.5,13264.75,13446.5,73.0,215.5,1.476027397260274,TP,1,S
2021-02-23 10:19:00-05:00,2021-02-23 10:19:00-05:00,2021-02-23 15:26:00-05:00,L,12953.0,13245.75,12757.25,195.75,583.5,1.4904214559386972,TP,1,L
2021-02-24 10:34:00-05:00,2021-02-24 10:34:00-05:00,2021-02-24 15:35:00-05:00,L,13091.5,13291.25,12957.75,133.75,397.5,1.485981308411215,TP,1,L
2021-02-25 14:54:00-05:00,2021-02-25 14:54:00-05:00,2021-02-25 15:59:00-05:00,S,12907.0,12826.5,13020.25,113.25,159.0,0.7019867549668874,time,1,S
2021-02-26 09:54:00-05:00,2021-02-26 09:54:00-05:00,2021-02-26 12:08:00-05:00,S,12893.5,13032.25,13032.0,138.5,-279.5,-1.0090252707581226,SL,1,S
2021-02-26 12:59:00-05:00,2021-02-26 12:59:00-05:00,2021-02-26 15:59:00-05:00,S,12997.0,12894.0,13090.0,93.0,204.0,1.096774193548387,time,1,S
2021-03-01 09:49:00-05:00,2021-03-01 09:49:00-05:00,2021-03-01 10:00:00-05:00,S,13053.75,13116.25,13116.0,62.25,-127.0,-1.0200803212851406,SL,1,S
2021-03-01 13:09:00-05:00,2021-03-01 13:09:00-05:00,2021-03-01 14:08:00-05:00,S,13189.75,13229.0,13228.75,39.0,-80.5,-1.0320512820512822,SL,1,S
2021-03-01 14:09:00-05:00,2021-03-01 14:09:00-05:00,2021-03-01 15:59:00-05:00,L,13230.5,13274.25,13185.5,45.0,85.5,0.95,time,1,L
2021-03-02 09:39:00-05:00,2021-03-02 09:39:00-05:00,2021-03-02 10:45:00-05:00,S,13235.25,13133.75,13303.5,68.25,201.0,1.4725274725274726,TP,1,S
2021-03-02 14:09:00-05:00,2021-03-02 14:09:00-05:00,2021-03-02 15:40:00-05:00,S,13165.25,13094.5,13213.0,47.75,139.5,1.4607329842931938,TP,1,S
2021-03-04 10:39:00-05:00,2021-03-04 10:39:00-05:00,2021-03-04 12:50:00-05:00,L,12678.25,12508.5,12508.75,169.5,-341.5,-1.0073746312684366,SL,1,L
2021-03-04 14:44:00-05:00,2021-03-04 14:44:00-05:00,2021-03-04 15:59:00-05:00,L,12493.5,12471.25,12306.0,187.5,-46.5,-0.124,time,1,L
2021-03-05 09:39:00-05:00,2021-03-05 09:39:00-05:00,2021-03-05 11:28:00-05:00,S,12463.5,12210.5,12632.75,169.25,504.0,1.4889217134416544,TP,1,S
2021-03-05 11:59:00-05:00,2021-03-05 11:59:00-05:00,2021-03-05 13:19:00-05:00,L,12358.5,12584.5,12207.25,151.25,450.0,1.487603305785124,TP,1,L
2021-03-08 09:34:00-05:00,2021-03-08 09:34:00-05:00,2021-03-08 09:41:00-05:00,S,12541.5,12645.25,12645.0,103.5,-209.5,-1.0120772946859904,SL,1,S
2021-03-08 11:14:00-05:00,2021-03-08 11:14:00-05:00,2021-03-08 13:57:00-05:00,S,12598.0,12421.75,12716.0,118.0,350.5,1.4851694915254237,TP,1,S
2021-03-10 11:54:00-05:00,2021-03-10 11:54:00-05:00,2021-03-10 12:37:00-05:00,L,12849.0,12767.25,12767.5,81.5,-165.5,-1.0153374233128833,SL,1,L
2021-03-11 14:39:00-05:00,2021-03-11 14:39:00-05:00,2021-03-11 15:50:00-05:00,S,13074.25,13047.0,13093.0,18.75,52.5,1.4,TP,1,S
2021-03-12 09:54:00-05:00,2021-03-12 09:54:00-05:00,2021-03-12 10:27:00-05:00,L,12879.75,12797.5,12797.75,82.0,-166.5,-1.0152439024390243,SL,1,L
2021-03-12 11:24:00-05:00,2021-03-12 11:24:00-05:00,2021-03-12 15:36:00-05:00,L,12832.75,12929.75,12767.5,65.25,192.0,1.471264367816092,TP,1,L
2021-03-15 10:34:00-04:00,2021-03-15 10:34:00-04:00,2021-03-15 14:03:00-04:00,S,12943.0,12996.5,12996.25,53.25,-109.0,-1.0234741784037558,SL,1,S
2021-03-16 11:59:00-04:00,2021-03-16 11:59:00-04:00,2021-03-16 12:25:00-04:00,S,13254.0,13197.5,13292.25,38.25,111.0,1.4509803921568627,TP,1,S
2021-03-16 13:09:00-04:00,2021-03-16 13:09:00-04:00,2021-03-16 13:55:00-04:00,L,13248.75,13178.75,13179.0,69.75,-142.0,-1.017921146953405,SL,1,L
2021-03-19 14:09:00-04:00,2021-03-19 14:09:00-04:00,2021-03-19 15:59:00-04:00,S,12850.25,12837.25,12891.5,41.25,24.0,0.2909090909090909,time,1,S
2021-03-23 09:44:00-04:00,2021-03-23 09:44:00-04:00,2021-03-23 10:09:00-04:00,S,13079.0,13121.25,13121.0,42.0,-86.5,-1.0297619047619047,SL,1,S
2021-03-23 10:34:00-04:00,2021-03-23 10:34:00-04:00,2021-03-23 11:06:00-04:00,S,13066.75,13134.75,13134.5,67.75,-138.0,-1.018450184501845,SL,1,S
2021-03-23 11:44:00-04:00,2021-03-23 11:44:00-04:00,2021-03-23 15:14:00-04:00,S,13112.75,13024.25,13172.25,59.5,175.0,1.4705882352941178,TP,1,S
2021-03-24 10:59:00-04:00,2021-03-24 10:59:00-04:00,2021-03-24 13:02:00-04:00,L,13002.75,12911.0,12911.25,91.5,-185.5,-1.0136612021857923,SL,1,L
2021-03-24 13:59:00-04:00,2021-03-24 13:59:00-04:00,2021-03-24 14:54:00-04:00,L,12947.25,12874.5,12874.75,72.5,-147.5,-1.0172413793103448,SL,1,L
2021-03-25 09:39:00-04:00,2021-03-25 09:39:00-04:00,2021-03-25 10:49:00-04:00,L,12782.25,12687.75,12688.0,94.25,-191.0,-1.013262599469496,SL,1,L
2021-03-25 11:59:00-04:00,2021-03-25 11:59:00-04:00,2021-03-25 15:59:00-04:00,L,12701.75,12772.25,12609.5,92.25,139.0,0.7533875338753387,time,1,L
2021-03-26 11:14:00-04:00,2021-03-26 11:14:00-04:00,2021-03-26 13:22:00-04:00,S,12790.75,12864.75,12864.5,73.75,-150.0,-1.0169491525423728,SL,1,S
2021-03-26 13:39:00-04:00,2021-03-26 13:39:00-04:00,2021-03-26 14:06:00-04:00,S,12829.0,12764.75,12872.5,43.5,126.5,1.4540229885057472,TP,1,S
2021-03-26 14:59:00-04:00,2021-03-26 14:59:00-04:00,2021-03-26 15:56:00-04:00,L,12791.0,12925.75,12700.5,90.5,267.5,1.477900552486188,TP,1,L
2021-03-29 09:34:00-04:00,2021-03-29 09:34:00-04:00,2021-03-29 09:54:00-04:00,L,12950.75,12893.0,12893.25,57.5,-117.5,-1.0217391304347827,SL,1,L
2021-03-29 10:44:00-04:00,2021-03-29 10:44:00-04:00,2021-03-29 15:59:00-04:00,L,12895.0,12955.75,12816.0,79.0,119.5,0.7563291139240507,time,1,L
2021-03-30 09:39:00-04:00,2021-03-30 09:39:00-04:00,2021-03-30 10:20:00-04:00,S,12844.5,12779.75,12888.25,43.75,127.5,1.457142857142857,TP,1,S
2021-03-30 11:59:00-04:00,2021-03-30 11:59:00-04:00,2021-03-30 15:59:00-04:00,S,12859.0,12895.75,12916.5,57.5,-75.5,-0.6565217391304348,time,1,S
2021-03-31 13:44:00-04:00,2021-03-31 13:44:00-04:00,2021-03-31 15:16:00-04:00,S,13124.75,13153.0,13152.75,28.0,-58.5,-1.0446428571428572,SL,1,S
2021-04-01 11:14:00-04:00,2021-04-01 11:14:00-04:00,2021-04-01 15:59:00-04:00,S,13283.75,13314.5,13321.75,38.0,-63.5,-0.8355263157894737,time,1,S
2021-04-06 10:34:00-04:00,2021-04-06 10:34:00-04:00,2021-04-06 10:54:00-04:00,S,13574.75,13613.25,13613.0,38.25,-79.0,-1.0326797385620916,SL,1,S
2021-04-06 14:04:00-04:00,2021-04-06 14:04:00-04:00,2021-04-06 15:54:00-04:00,L,13599.0,13545.5,13545.75,53.25,-109.0,-1.0234741784037558,SL,1,L
2021-04-07 09:44:00-04:00,2021-04-07 09:44:00-04:00,2021-04-07 11:02:00-04:00,L,13556.5,13621.25,13512.75,43.75,127.5,1.457142857142857,TP,1,L
2021-04-07 11:29:00-04:00,2021-04-07 11:29:00-04:00,2021-04-07 14:13:00-04:00,S,13594.5,13631.5,13631.25,36.75,-76.0,-1.034013605442177,SL,1,S
2021-04-08 12:49:00-04:00,2021-04-08 12:49:00-04:00,2021-04-08 14:28:00-04:00,S,13714.25,13747.25,13747.0,32.75,-68.0,-1.0381679389312977,SL,1,S
2021-04-09 09:44:00-04:00,2021-04-09 09:44:00-04:00,2021-04-09 13:33:00-04:00,L,13702.5,13783.0,13648.25,54.25,159.0,1.4654377880184333,TP,1,L
2021-04-09 14:44:00-04:00,2021-04-09 14:44:00-04:00,2021-04-09 15:26:00-04:00,S,13769.5,13791.75,13791.5,22.0,-46.5,-1.0568181818181819,SL,1,S
2021-04-12 13:39:00-04:00,2021-04-12 13:39:00-04:00,2021-04-12 15:59:00-04:00,S,13797.75,13812.0,13829.0,31.25,-30.5,-0.488,time,1,S
2021-04-13 11:24:00-04:00,2021-04-13 11:24:00-04:00,2021-04-13 13:26:00-04:00,S,13903.75,13937.25,13937.0,33.25,-69.0,-1.037593984962406,SL,1,S
2021-04-14 13:34:00-04:00,2021-04-14 13:34:00-04:00,2021-04-14 14:09:00-04:00,S,13869.5,13797.25,13918.25,48.75,142.5,1.4615384615384615,TP,1,S
2021-04-15 11:29:00-04:00,2021-04-15 11:29:00-04:00,2021-04-15 13:01:00-04:00,S,13970.5,14013.0,14012.75,42.25,-87.0,-1.029585798816568,SL,1,S
2021-04-15 14:49:00-04:00,2021-04-15 14:49:00-04:00,2021-04-15 15:46:00-04:00,S,13996.75,14024.75,14024.5,27.75,-58.0,-1.045045045045045,SL,1,S
2021-04-16 10:19:00-04:00,2021-04-16 10:19:00-04:00,2021-04-16 15:59:00-04:00,L,14026.75,14030.75,13953.25,73.5,6.0,0.04081632653061224,time,1,L
2021-04-19 09:34:00-04:00,2021-04-19 09:34:00-04:00,2021-04-19 10:06:00-04:00,L,13999.0,13945.5,13945.75,53.25,-109.0,-1.0234741784037558,SL,1,L
2021-04-19 13:14:00-04:00,2021-04-19 13:14:00-04:00,2021-04-19 15:59:00-04:00,L,13883.5,13903.75,13820.75,62.75,38.5,0.30677290836653387,time,1,L
2021-04-20 10:14:00-04:00,2021-04-20 10:14:00-04:00,2021-04-20 11:16:00-04:00,S,13871.0,13783.25,13930.0,59.0,173.5,1.4703389830508475,TP,1,S
2021-04-20 13:49:00-04:00,2021-04-20 13:49:00-04:00,2021-04-20 14:58:00-04:00,L,13778.75,13740.0,13740.25,38.5,-79.5,-1.0324675324675325,SL,1,L
2021-04-21 09:49:00-04:00,2021-04-21 09:49:00-04:00,2021-04-21 15:34:00-04:00,L,13776.25,13889.75,13700.0,76.25,225.0,1.4754098360655739,TP,1,L
2021-04-22 09:34:00-04:00,2021-04-22 09:34:00-04:00,2021-04-22 10:28:00-04:00,S,13890.5,13914.75,13914.5,24.0,-50.5,-1.0520833333333333,SL,1,S
2021-04-22 11:29:00-04:00,2021-04-22 11:29:00-04:00,2021-04-22 13:10:00-04:00,S,13904.25,13845.25,13944.25,40.0,116.0,1.45,TP,1,S
2021-04-26 12:09:00-04:00,2021-04-26 12:09:00-04:00,2021-04-26 12:46:00-04:00,S,13959.75,13989.25,13989.0,29.25,-61.0,-1.0427350427350428,SL,1,S
2021-04-27 13:14:00-04:00,2021-04-27 13:14:00-04:00,2021-04-27 15:59:00-04:00,S,13962.75,13951.75,13984.0,21.25,20.0,0.47058823529411764,time,1,S
2021-04-28 10:34:00-04:00,2021-04-28 10:34:00-04:00,2021-04-28 14:45:00-04:00,S,13922.25,13981.25,13981.0,58.75,-120.0,-1.0212765957446808,SL,1,S
2021-04-29 13:14:00-04:00,2021-04-29 13:14:00-04:00,2021-04-29 15:59:00-04:00,L,13894.0,13954.5,13822.75,71.25,119.0,0.8350877192982457,time,1,L
2021-04-30 11:04:00-04:00,2021-04-30 11:04:00-04:00,2021-04-30 15:59:00-04:00,S,13892.25,13861.0,13957.25,65.0,60.5,0.4653846153846154,time,1,S
2021-05-03 09:34:00-04:00,2021-05-03 09:34:00-04:00,2021-05-03 09:38:00-04:00,S,13892.25,13856.75,13916.5,24.25,69.0,1.422680412371134,TP,1,S
2021-05-03 10:44:00-04:00,2021-05-03 10:44:00-04:00,2021-05-03 11:12:00-04:00,S,13889.0,13801.75,13947.75,58.75,172.5,1.4680851063829787,TP,1,S
2021-05-03 14:04:00-04:00,2021-05-03 14:04:00-04:00,2021-05-03 15:59:00-04:00,L,13803.0,13790.0,13773.25,29.75,-28.0,-0.47058823529411764,time,1,L
2021-05-05 10:44:00-04:00,2021-05-05 10:44:00-04:00,2021-05-05 15:02:00-04:00,L,13615.75,13528.5,13528.75,87.0,-176.5,-1.014367816091954,SL,1,L
2021-05-06 09:39:00-04:00,2021-05-06 09:39:00-04:00,2021-05-06 10:00:00-04:00,L,13507.75,13423.75,13424.0,83.75,-170.0,-1.0149253731343284,SL,1,L
2021-05-06 10:39:00-04:00,2021-05-06 10:39:00-04:00,2021-05-06 12:30:00-04:00,L,13467.25,13584.25,13388.75,78.5,232.0,1.4777070063694266,TP,1,L
2021-05-06 13:14:00-04:00,2021-05-06 13:14:00-04:00,2021-05-06 15:55:00-04:00,S,13532.25,13591.75,13591.5,59.25,-121.0,-1.021097046413502,SL,1,S
2021-05-07 09:34:00-04:00,2021-05-07 09:34:00-04:00,2021-05-07 10:22:00-04:00,S,13673.25,13810.75,13810.5,137.25,-277.0,-1.0091074681238617,SL,1,S
2021-05-07 12:14:00-04:00,2021-05-07 12:14:00-04:00,2021-05-07 13:22:00-04:00,S,13759.25,13696.25,13801.75,42.5,124.0,1.4588235294117646,TP,1,S
2021-05-07 14:54:00-04:00,2021-05-07 14:54:00-04:00,2021-05-07 15:59:00-04:00,L,13715.25,13706.25,13676.0,39.25,-20.0,-0.25477707006369427,time,1,L
2021-05-11 10:34:00-04:00,2021-05-11 10:34:00-04:00,2021-05-11 11:22:00-04:00,S,13154.0,13279.75,13279.5,125.5,-253.5,-1.0099601593625498,SL,1,S
2021-05-11 14:14:00-04:00,2021-05-11 14:14:00-04:00,2021-05-11 14:29:00-04:00,S,13305.25,13370.25,13370.0,64.75,-132.0,-1.0193050193050193,SL,1,S
2021-05-12 14:34:00-04:00,2021-05-12 14:34:00-04:00,2021-05-12 15:24:00-04:00,L,13035.75,12987.0,12987.25,48.5,-99.5,-1.0257731958762886,SL,1,L
2021-05-13 11:09:00-04:00,2021-05-13 11:09:00-04:00,2021-05-13 13:37:00-04:00,S,13137.0,13005.5,13225.25,88.25,261.0,1.4787535410764872,TP,1,S
2021-05-13 14:09:00-04:00,2021-05-13 14:09:00-04:00,2021-05-13 15:59:00-04:00,L,13103.0,13097.75,12996.5,106.5,-12.5,-0.05868544600938967,time,1,L
2021-05-17 10:39:00-04:00,2021-05-17 10:39:00-04:00,2021-05-17 11:51:00-04:00,L,13313.25,13237.5,13237.75,75.5,-153.5,-1.0165562913907285,SL,1,L
2021-05-17 12:44:00-04:00,2021-05-17 12:44:00-04:00,2021-05-17 13:13:00-04:00,L,13265.0,13218.25,13218.5,46.5,-95.5,-1.0268817204301075,SL,1,L
2021-05-17 14:29:00-04:00,2021-05-17 14:29:00-04:00,2021-05-17 15:57:00-04:00,L,13229.25,13298.75,13182.25,47.0,137.0,1.4574468085106382,TP,1,L
2021-05-18 10:19:00-04:00,2021-05-18 10:19:00-04:00,2021-05-18 14:33:00-04:00,L,13355.0,13299.75,13300.0,55.0,-112.5,-1.0227272727272727,SL,1,L
2021-05-19 09:34:00-04:00,2021-05-19 09:34:00-04:00,2021-05-19 11:22:00-04:00,L,13030.0,13143.25,12954.0,76.0,224.5,1.4769736842105263,TP,1,L
2021-05-19 14:04:00-04:00,2021-05-19 14:04:00-04:00,2021-05-19 14:22:00-04:00,S,13136.75,13198.0,13197.75,61.0,-124.5,-1.0204918032786885,SL,1,S
2021-05-20 13:54:00-04:00,2021-05-20 13:54:00-04:00,2021-05-20 14:31:00-04:00,S,13468.25,13498.25,13498.0,29.75,-62.0,-1.0420168067226891,SL,1,S
2021-05-21 13:34:00-04:00,2021-05-21 13:34:00-04:00,2021-05-21 15:56:00-04:00,L,13451.75,13396.5,13396.75,55.0,-112.5,-1.0227272727272727,SL,1,L
2021-05-25 10:59:00-04:00,2021-05-25 10:59:00-04:00,2021-05-25 11:16:00-04:00,L,13680.25,13636.0,13636.25,44.0,-90.5,-1.0284090909090908,SL,1,L
2021-05-25 12:34:00-04:00,2021-05-25 12:34:00-04:00,2021-05-25 15:59:00-04:00,L,13654.75,13656.25,13610.25,44.5,1.0,0.011235955056179775,time,1,L
2021-05-26 10:24:00-04:00,2021-05-26 10:24:00-04:00,2021-05-26 15:59:00-04:00,L,13690.0,13701.5,13655.75,34.25,21.0,0.30656934306569344,time,1,L
2021-05-27 09:49:00-04:00,2021-05-27 09:49:00-04:00,2021-05-27 10:18:00-04:00,S,13651.0,13699.25,13699.0,48.0,-98.5,-1.0260416666666667,SL,1,S
2021-05-27 11:04:00-04:00,2021-05-27 11:04:00-04:00,2021-05-27 15:59:00-04:00,S,13680.75,13652.5,13721.0,40.25,54.5,0.6770186335403726,time,1,S
2021-05-28 13:19:00-04:00,2021-05-28 13:19:00-04:00,2021-05-28 13:45:00-04:00,S,13742.0,13713.75,13761.5,19.5,54.5,1.3974358974358974,TP,1,S
2021-05-31 11:39:00-04:00,2021-05-31 11:39:00-04:00,2021-05-31 12:28:00-04:00,L,13668.75,13661.0,13661.25,7.5,-17.5,-1.1666666666666667,SL,1,L
2021-06-01 09:54:00-04:00,2021-06-01 09:54:00-04:00,2021-06-01 10:15:00-04:00,S,13715.75,13630.25,13773.25,57.5,169.0,1.4695652173913043,TP,1,S
2021-06-02 10:14:00-04:00,2021-06-02 10:14:00-04:00,2021-06-02 10:40:00-04:00,S,13666.75,13709.5,13709.25,42.5,-87.5,-1.0294117647058822,SL,1,S
2021-06-03 09:44:00-04:00,2021-06-03 09:44:00-04:00,2021-06-03 10:59:00-04:00,S,13489.75,13571.25,13571.0,81.25,-165.0,-1.0153846153846153,SL,1,S
2021-06-03 11:49:00-04:00,2021-06-03 11:49:00-04:00,2021-06-03 15:59:00-04:00,S,13536.25,13528.25,13610.0,73.75,14.0,0.09491525423728814,time,1,S
2021-06-07 10:59:00-04:00,2021-06-07 10:59:00-04:00,2021-06-07 15:59:00-04:00,L,13752.25,13801.75,13712.5,39.75,97.0,1.220125786163522,time,1,L
2021-06-08 09:54:00-04:00,2021-06-08 09:54:00-04:00,2021-06-08 11:21:00-04:00,S,13852.0,13755.25,13917.0,65.0,191.5,1.4730769230769232,TP,1,S
2021-06-08 14:04:00-04:00,2021-06-08 14:04:00-04:00,2021-06-08 14:31:00-04:00,S,13803.25,13815.75,13815.5,12.25,-27.0,-1.1020408163265305,SL,1,S
2021-06-09 09:54:00-04:00,2021-06-09 09:54:00-04:00,2021-06-09 15:59:00-04:00,S,13853.5,13816.0,13904.25,50.75,73.0,0.7192118226600985,time,1,S
2021-06-10 10:49:00-04:00,2021-06-10 10:49:00-04:00,2021-06-10 15:54:00-04:00,S,13859.5,13960.75,13960.5,101.0,-204.5,-1.0123762376237624,SL,1,S
2021-06-11 09:54:00-04:00,2021-06-11 09:54:00-04:00,2021-06-11 10:47:00-04:00,L,13984.75,13940.75,13941.0,43.75,-90.0,-1.0285714285714285,SL,1,L
2021-06-11 12:59:00-04:00,2021-06-11 12:59:00-04:00,2021-06-11 13:03:00-04:00,L,13960.75,13947.25,13947.5,13.25,-29.0,-1.0943396226415094,SL,1,L
2021-06-16 10:44:00-04:00,2021-06-16 10:44:00-04:00,2021-06-16 12:10:00-04:00,S,14057.75,14001.75,14095.75,38.0,110.0,1.4473684210526316,TP,1,S
2021-06-16 14:04:00-04:00,2021-06-16 14:04:00-04:00,2021-06-16 15:59:00-04:00,S,13909.25,13976.0,14039.5,130.25,-135.5,-0.5201535508637236,time,1,S
2021-06-17 12:19:00-04:00,2021-06-17 12:19:00-04:00,2021-06-17 15:13:00-04:00,S,14104.75,14191.75,14191.5,86.75,-176.0,-1.0144092219020173,SL,1,S
2021-06-18 09:44:00-04:00,2021-06-18 09:44:00-04:00,2021-06-18 11:12:00-04:00,L,14115.0,14044.0,14044.25,70.75,-144.0,-1.017667844522968,SL,1,L
2021-06-18 12:09:00-04:00,2021-06-18 12:09:00-04:00,2021-06-18 15:59:00-04:00,L,14075.25,14041.5,14009.75,65.5,-69.5,-0.5305343511450382,time,1,L
2021-06-21 13:04:00-04:00,2021-06-21 13:04:00-04:00,2021-06-21 13:40:00-04:00,S,14102.75,14127.5,14127.25,24.5,-51.5,-1.0510204081632653,SL,1,S
2021-06-21 14:39:00-04:00,2021-06-21 14:39:00-04:00,2021-06-21 15:59:00-04:00,S,14112.25,14128.5,14144.25,32.0,-34.5,-0.5390625,time,1,S
2021-06-22 09:39:00-04:00,2021-06-22 09:39:00-04:00,2021-06-22 15:00:00-04:00,L,14160.5,14239.75,14107.0,53.5,156.5,1.4626168224299065,TP,1,L
2021-06-23 11:49:00-04:00,2021-06-23 11:49:00-04:00,2021-06-23 12:38:00-04:00,L,14280.0,14249.5,14249.75,30.25,-63.0,-1.0413223140495869,SL,1,L
2021-06-23 14:19:00-04:00,2021-06-23 14:19:00-04:00,2021-06-23 14:38:00-04:00,S,14268.5,14284.5,14284.25,15.75,-34.0,-1.0793650793650793,SL,1,S
2021-06-24 12:49:00-04:00,2021-06-24 12:49:00-04:00,2021-06-24 15:59:00-04:00,S,14382.25,14354.5,14422.25,40.0,53.5,0.66875,time,1,S
2021-06-25 14:09:00-04:00,2021-06-25 14:09:00-04:00,2021-06-25 15:59:00-04:00,L,14338.75,14339.0,14317.75,21.0,-1.5,-0.03571428571428571,time,1,L
2021-06-28 14:19:00-04:00,2021-06-28 14:19:00-04:00,2021-06-28 14:52:00-04:00,L,14474.25,14497.25,14458.25,16.0,44.0,1.375,TP,1,L
2021-06-29 10:14:00-04:00,2021-06-29 10:14:00-04:00,2021-06-29 10:47:00-04:00,S,14492.75,14530.0,14529.75,37.0,-76.5,-1.0337837837837838,SL,1,S
2021-06-29 14:39:00-04:00,2021-06-29 14:39:00-04:00,2021-06-29 15:38:00-04:00,S,14542.0,14563.0,14562.75,20.75,-44.0,-1.0602409638554218,SL,1,S
2021-06-30 11:24:00-04:00,2021-06-30 11:24:00-04:00,2021-06-30 15:59:00-04:00,S,14545.75,14544.0,14576.5,30.75,1.5,0.024390243902439025,time,1,S
2021-07-01 09:34:00-04:00,2021-07-01 09:34:00-04:00,2021-07-01 10:20:00-04:00,L,14554.0,14515.0,14515.25,38.75,-80.0,-1.032258064516129,SL,1,L
2021-07-01 11:59:00-04:00,2021-07-01 11:59:00-04:00,2021-07-01 15:59:00-04:00,L,14517.5,14547.5,14470.5,47.0,58.0,0.6170212765957447,time,1,L
2021-07-02 10:44:00-04:00,2021-07-02 10:44:00-04:00,2021-07-02 11:45:00-04:00,S,14632.25,14662.5,14662.25,30.0,-62.5,-1.0416666666666667,SL,1,S
2021-07-05 10:44:00-04:00,2021-07-05 10:44:00-04:00,2021-07-05 12:49:00-04:00,L,14700.75,14695.5,14692.0,8.75,-12.5,-0.7142857142857143,time,1,L
2021-07-06 10:34:00-04:00,2021-07-06 10:34:00-04:00,2021-07-06 12:19:00-04:00,S,14727.25,14634.0,14790.0,62.75,184.5,1.4701195219123506,TP,1,S
2021-07-06 12:59:00-04:00,2021-07-06 12:59:00-04:00,2021-07-06 15:59:00-04:00,L,14701.0,14776.0,14625.0,76.0,148.0,0.9736842105263158,time,1,L
2021-07-07 11:44:00-04:00,2021-07-07 11:44:00-04:00,2021-07-07 15:59:00-04:00,L,14797.25,14801.75,14738.0,59.25,7.0,0.05907172995780591,time,1,L
2021-07-08 09:49:00-04:00,2021-07-08 09:49:00-04:00,2021-07-08 10:00:00-04:00,S,14542.25,14642.25,14642.0,99.75,-202.0,-1.012531328320802,SL,1,S
2021-07-08 10:49:00-04:00,2021-07-08 10:49:00-04:00,2021-07-08 11:39:00-04:00,S,14600.0,14658.0,14657.75,57.75,-118.0,-1.0216450216450217,SL,1,S
2021-07-08 14:19:00-04:00,2021-07-08 14:19:00-04:00,2021-07-08 15:59:00-04:00,S,14709.75,14723.75,14756.75,47.0,-30.0,-0.3191489361702128,time,1,S
2021-07-09 09:49:00-04:00,2021-07-09 09:49:00-04:00,2021-07-09 11:22:00-04:00,L,14716.75,14789.0,14668.0,48.75,142.5,1.4615384615384615,TP,1,L
2021-07-12 09:39:00-04:00,2021-07-12 09:39:00-04:00,2021-07-12 15:59:00-04:00,S,14847.0,14868.75,14889.0,42.0,-45.5,-0.5416666666666666,time,1,S
2021-07-13 09:44:00-04:00,2021-07-13 09:44:00-04:00,2021-07-13 11:21:00-04:00,L,14870.0,14983.25,14794.0,76.0,224.5,1.4769736842105263,TP,1,L
2021-07-13 13:04:00-04:00,2021-07-13 13:04:00-04:00,2021-07-13 13:18:00-04:00,S,14959.75,14917.75,14988.25,28.5,82.0,1.4385964912280702,TP,1,S
2021-07-14 09:39:00-04:00,2021-07-14 09:39:00-04:00,2021-07-14 10:04:00-04:00,S,14949.75,14991.75,14991.5,41.75,-86.0,-1.029940119760479,SL,1,S
2021-07-14 12:39:00-04:00,2021-07-14 12:39:00-04:00,2021-07-14 15:59:00-04:00,L,14929.5,14894.25,14861.75,67.75,-72.5,-0.5350553505535055,time,1,L
2021-07-15 14:49:00-04:00,2021-07-15 14:49:00-04:00,2021-07-15 15:59:00-04:00,L,14758.5,14790.0,14709.0,49.5,61.0,0.6161616161616161,time,1,L
2021-07-19 09:44:00-04:00,2021-07-19 09:44:00-04:00,2021-07-19 09:53:00-04:00,L,14567.75,14489.0,14489.25,78.5,-159.5,-1.015923566878981,SL,1,L
2021-07-19 10:59:00-04:00,2021-07-19 10:59:00-04:00,2021-07-19 15:59:00-04:00,L,14516.75,14553.5,14444.0,72.75,71.5,0.49140893470790376,time,1,L
2021-07-21 12:39:00-04:00,2021-07-21 12:39:00-04:00,2021-07-21 13:43:00-04:00,S,14753.25,14781.5,14781.25,28.0,-58.5,-1.0446428571428572,SL,1,S
2021-07-21 14:19:00-04:00,2021-07-21 14:19:00-04:00,2021-07-21 15:00:00-04:00,S,14766.75,14789.75,14789.5,22.75,-48.0,-1.054945054945055,SL,1,S
2021-07-22 09:34:00-04:00,2021-07-22 09:34:00-04:00,2021-07-22 15:26:00-04:00,L,14868.25,14926.75,14828.75,39.5,115.0,1.4556962025316456,TP,1,L
2021-07-26 10:54:00-04:00,2021-07-26 10:54:00-04:00,2021-07-26 11:56:00-04:00,S,15087.5,15122.25,15122.0,34.5,-71.5,-1.036231884057971,SL,1,S
2021-07-26 12:34:00-04:00,2021-07-26 12:34:00-04:00,2021-07-26 15:59:00-04:00,S,15093.75,15117.0,15134.5,40.75,-48.5,-0.5950920245398773,time,1,S
2021-07-27 14:09:00-04:00,2021-07-27 14:09:00-04:00,2021-07-27 15:01:00-04:00,L,14838.0,14932.75,14774.25,63.75,187.5,1.4705882352941178,TP,1,L
2021-07-28 10:09:00-04:00,2021-07-28 10:09:00-04:00,2021-07-28 15:59:00-04:00,L,15009.25,15005.75,14901.25,108.0,-9.0,-0.041666666666666664,time,1,L
2021-07-29 11:54:00-04:00,2021-07-29 11:54:00-04:00,2021-07-29 15:59:00-04:00,S,15052.75,15035.25,15084.25,31.5,33.0,0.5238095238095238,time,1,S
2021-07-30 11:19:00-04:00,2021-07-30 11:19:00-04:00,2021-07-30 12:18:00-04:00,S,14919.0,14957.5,14957.25,38.25,-79.0,-1.0326797385620916,SL,1,S
2021-07-30 14:04:00-04:00,2021-07-30 14:04:00-04:00,2021-07-30 15:59:00-04:00,S,14955.75,14955.25,14978.25,22.5,-1.0,-0.022222222222222223,time,1,S
2021-08-02 10:19:00-04:00,2021-08-02 10:19:00-04:00,2021-08-02 15:49:00-04:00,L,15016.0,14935.5,14935.75,80.25,-163.0,-1.0155763239875388,SL,1,L
2021-08-03 09:34:00-04:00,2021-08-03 09:34:00-04:00,2021-08-03 09:46:00-04:00,S,14968.25,14999.0,14998.75,30.5,-63.5,-1.040983606557377,SL,1,S
2021-08-03 11:34:00-04:00,2021-08-03 11:34:00-04:00,2021-08-03 11:57:00-04:00,L,14916.0,15016.25,14848.5,67.5,198.5,1.4703703703703703,TP,1,L
2021-08-03 14:49:00-04:00,2021-08-03 14:49:00-04:00,2021-08-03 15:06:00-04:00,S,15008.0,15039.0,15038.75,30.75,-64.0,-1.0406504065040652,SL,1,S
2021-08-04 14:59:00-04:00,2021-08-04 14:59:00-04:00,2021-08-04 15:59:00-04:00,S,15076.25,15068.75,15108.25,32.0,13.0,0.203125,time,1,S
2021-08-05 09:39:00-04:00,2021-08-05 09:39:00-04:00,2021-08-05 10:52:00-04:00,L,15102.75,15147.25,15072.5,30.25,87.0,1.43801652892562,TP,1,L
2021-08-05 12:44:00-04:00,2021-08-05 12:44:00-04:00,2021-08-05 14:00:00-04:00,S,15140.5,15156.0,15155.75,15.25,-33.0,-1.0819672131147542,SL,1,S
2021-08-06 09:34:00-04:00,2021-08-06 09:34:00-04:00,2021-08-06 10:50:00-04:00,L,15142.75,15082.5,15082.75,60.0,-122.5,-1.0208333333333333,SL,1,L
2021-08-06 11:59:00-04:00,2021-08-06 11:59:00-04:00,2021-08-06 15:59:00-04:00,L,15103.25,15095.5,15047.25,56.0,-17.5,-0.15625,time,1,L
2021-08-10 14:49:00-04:00,2021-08-10 14:49:00-04:00,2021-08-10 15:59:00-04:00,L,15051.0,15046.0,15019.75,31.25,-12.0,-0.192,time,1,L
2021-08-11 09:49:00-04:00,2021-08-11 09:49:00-04:00,2021-08-11 11:16:00-04:00,S,15060.0,14972.0,15119.25,59.25,174.0,1.4683544303797469,TP,1,S
2021-08-11 12:34:00-04:00,2021-08-11 12:34:00-04:00,2021-08-11 15:59:00-04:00,L,15009.5,15022.0,14964.5,45.0,23.0,0.25555555555555554,time,1,L
2021-08-12 10:19:00-04:00,2021-08-12 10:19:00-04:00,2021-08-12 15:59:00-04:00,L,15008.25,15076.0,14940.75,67.5,133.5,0.9888888888888889,time,1,L
2021-08-13 11:19:00-04:00,2021-08-13 11:19:00-04:00,2021-08-13 15:59:00-04:00,S,15104.25,15127.5,15127.25,23.0,-48.5,-1.0543478260869565,SL,1,S
2021-08-16 09:54:00-04:00,2021-08-16 09:54:00-04:00,2021-08-16 15:23:00-04:00,S,15028.75,15112.5,15112.25,83.5,-169.5,-1.0149700598802396,SL,1,S
2021-08-17 10:39:00-04:00,2021-08-17 10:39:00-04:00,2021-08-17 11:55:00-04:00,L,15021.75,14948.25,14948.5,73.25,-149.0,-1.0170648464163823,SL,1,L
2021-08-17 13:29:00-04:00,2021-08-17 13:29:00-04:00,2021-08-17 15:59:00-04:00,L,14951.5,14999.5,14896.75,54.75,94.0,0.8584474885844748,time,1,L
2021-08-18 09:39:00-04:00,2021-08-18 09:39:00-04:00,2021-08-18 11:36:00-04:00,L,15000.5,14963.75,14964.0,36.5,-75.5,-1.0342465753424657,SL,1,L
2021-08-18 12:19:00-04:00,2021-08-18 12:19:00-04:00,2021-08-18 14:13:00-04:00,L,14991.75,14957.25,14957.5,34.25,-71.0,-1.0364963503649636,SL,1,L
2021-08-19 14:59:00-04:00,2021-08-19 14:59:00-04:00,2021-08-19 15:59:00-04:00,L,14936.0,14928.5,14856.75,79.25,-17.0,-0.10725552050473186,time,1,L
2021-08-20 13:39:00-04:00,2021-08-20 13:39:00-04:00,2021-08-20 15:15:00-04:00,S,15052.0,15077.5,15077.25,25.25,-53.0,-1.0495049504950495,SL,1,S
2021-08-24 11:29:00-04:00,2021-08-24 11:29:00-04:00,2021-08-24 15:59:00-04:00,S,15341.25,15356.5,15380.5,39.25,-32.5,-0.4140127388535032,time,1,S
2021-08-25 10:09:00-04:00,2021-08-25 10:09:00-04:00,2021-08-25 15:59:00-04:00,S,15357.25,15362.75,15397.25,40.0,-13.0,-0.1625,time,1,S
2021-08-26 13:04:00-04:00,2021-08-26 13:04:00-04:00,2021-08-26 14:50:00-04:00,S,15327.5,15299.75,15346.5,19.0,53.5,1.4078947368421053,TP,1,S
2021-08-27 10:04:00-04:00,2021-08-27 10:04:00-04:00,2021-08-27 15:59:00-04:00,L,15361.5,15424.25,15277.0,84.5,123.5,0.7307692307692307,time,1,L
2021-08-31 09:39:00-04:00,2021-08-31 09:39:00-04:00,2021-08-31 15:59:00-04:00,S,15552.0,15584.5,15615.25,63.25,-67.0,-0.5296442687747036,time,1,S
2021-09-01 12:44:00-04:00,2021-09-01 12:44:00-04:00,2021-09-01 13:32:00-04:00,S,15673.25,15687.75,15687.5,14.25,-31.0,-1.087719298245614,SL,1,S
2021-09-02 09:59:00-04:00,2021-09-02 09:59:00-04:00,2021-09-02 13:24:00-04:00,S,15649.0,15599.75,15682.5,33.5,96.5,1.4402985074626866,TP,1,S
2021-09-03 09:59:00-04:00,2021-09-03 09:59:00-04:00,2021-09-03 15:59:00-04:00,L,15640.25,15652.25,15551.75,88.5,22.0,0.12429378531073447,time,1,L
2021-09-06 09:49:00-04:00,2021-09-06 09:49:00-04:00,2021-09-06 12:49:00-04:00,L,15696.25,15699.5,15686.25,10.0,4.5,0.225,time,1,L
2021-09-07 11:29:00-04:00,2021-09-07 11:29:00-04:00,2021-09-07 12:08:00-04:00,S,15643.0,15678.25,15678.0,35.0,-72.5,-1.0357142857142858,SL,1,S
2021-09-07 14:24:00-04:00,2021-09-07 14:24:00-04:00,2021-09-07 15:59:00-04:00,S,15685.75,15674.0,15701.0,15.25,21.5,0.7049180327868853,time,1,S
2021-09-08 12:19:00-04:00,2021-09-08 12:19:00-04:00,2021-09-08 15:59:00-04:00,L,15588.75,15622.5,15523.25,65.5,65.5,0.5,time,1,L
2021-09-09 11:04:00-04:00,2021-09-09 11:04:00-04:00,2021-09-09 11:31:00-04:00,S,15644.25,15612.5,15666.0,21.75,61.5,1.4137931034482758,TP,1,S
2021-09-09 12:39:00-04:00,2021-09-09 12:39:00-04:00,2021-09-09 13:20:00-04:00,L,15638.25,15610.75,15611.0,27.25,-57.0,-1.0458715596330275,SL,1,L
2021-09-09 13:24:00-04:00,2021-09-09 13:24:00-04:00,2021-09-09 15:59:00-04:00,S,15581.5,15564.5,15639.75,58.25,32.0,0.27467811158798283,time,1,S
2021-09-10 10:04:00-04:00,2021-09-10 10:04:00-04:00,2021-09-10 11:29:00-04:00,S,15622.25,15554.75,15667.75,45.5,133.0,1.4615384615384615,TP,1,S
2021-09-10 12:09:00-04:00,2021-09-10 12:09:00-04:00,2021-09-10 15:04:00-04:00,L,15583.75,15527.0,15527.25,56.5,-115.5,-1.0221238938053097,SL,1,L
2021-09-15 09:34:00-04:00,2021-09-15 09:34:00-04:00,2021-09-15 10:13:00-04:00,S,15383.5,15309.25,15433.5,50.0,146.5,1.465,TP,1,S
2021-09-15 11:04:00-04:00,2021-09-15 11:04:00-04:00,2021-09-15 14:09:00-04:00,L,15372.25,15468.25,15307.75,64.5,190.0,1.4728682170542635,TP,1,L
2021-09-16 11:59:00-04:00,2021-09-16 11:59:00-04:00,2021-09-16 13:56:00-04:00,L,15404.25,15471.75,15358.75,45.5,133.0,1.4615384615384615,TP,1,L
2021-09-17 12:24:00-04:00,2021-09-17 12:24:00-04:00,2021-09-17 13:46:00-04:00,L,15355.0,15289.0,15289.25,65.75,-134.0,-1.0190114068441065,SL,1,L
2021-09-21 09:49:00-04:00,2021-09-21 09:49:00-04:00,2021-09-21 10:06:00-04:00,L,15124.0,15027.5,15027.75,96.25,-195.0,-1.0129870129870129,SL,1,L
2021-09-21 11:14:00-04:00,2021-09-21 11:14:00-04:00,2021-09-21 15:59:00-04:00,L,15074.5,15018.25,14974.25,100.25,-114.5,-0.571072319201995,time,1,L
2021-09-22 10:04:00-04:00,2021-09-22 10:04:00-04:00,2021-09-22 14:15:00-04:00,L,15094.0,15212.25,15014.5,79.5,234.5,1.4748427672955975,TP,1,L
2021-09-22 14:49:00-04:00,2021-09-22 14:49:00-04:00,2021-09-22 15:59:00-04:00,S,15117.75,15162.0,15227.25,109.5,-90.5,-0.4132420091324201,time,1,S
2021-09-23 09:39:00-04:00,2021-09-23 09:39:00-04:00,2021-09-23 10:25:00-04:00,L,15240.75,15338.25,15175.25,65.5,193.0,1.4732824427480915,TP,1,L
2021-09-23 12:39:00-04:00,2021-09-23 12:39:00-04:00,2021-09-23 15:59:00-04:00,L,15309.5,15299.25,15276.25,33.25,-22.5,-0.3383458646616541,time,1,L
2021-09-24 10:54:00-04:00,2021-09-24 10:54:00-04:00,2021-09-24 12:12:00-04:00,S,15210.25,15259.0,15258.75,48.5,-99.5,-1.0257731958762886,SL,1,S
2021-09-24 13:54:00-04:00,2021-09-24 13:54:00-04:00,2021-09-24 14:58:00-04:00,S,15268.5,15296.5,15296.25,27.75,-58.0,-1.045045045045045,SL,1,S
2021-09-27 10:24:00-04:00,2021-09-27 10:24:00-04:00,2021-09-27 15:59:00-04:00,L,15172.25,15194.0,15083.75,88.5,41.5,0.2344632768361582,time,1,L
2021-09-28 09:44:00-04:00,2021-09-28 09:44:00-04:00,2021-09-28 11:16:00-04:00,S,14928.25,14774.25,15031.5,103.25,306.0,1.4818401937046004,TP,1,S
2021-09-28 13:29:00-04:00,2021-09-28 13:29:00-04:00,2021-09-28 14:14:00-04:00,L,14810.5,14743.5,14743.75,66.75,-136.0,-1.0187265917602997,SL,1,L
2021-09-29 09:49:00-04:00,2021-09-29 09:49:00-04:00,2021-09-29 11:35:00-04:00,L,14869.75,14787.25,14787.5,82.25,-167.0,-1.0151975683890577,SL,1,L
2021-09-29 14:04:00-04:00,2021-09-29 14:04:00-04:00,2021-09-29 15:59:00-04:00,L,14768.0,14742.25,14710.75,57.25,-53.5,-0.4672489082969432,time,1,L
2021-09-30 13:09:00-04:00,2021-09-30 13:09:00-04:00,2021-09-30 15:59:00-04:00,L,14758.5,14681.75,14682.0,76.5,-155.5,-1.0163398692810457,SL,1,L
2021-10-01 10:59:00-04:00,2021-10-01 10:59:00-04:00,2021-10-01 14:07:00-04:00,L,14620.75,14745.75,14536.75,84.0,248.0,1.4761904761904763,TP,1,L
2021-10-04 13:49:00-04:00,2021-10-04 13:49:00-04:00,2021-10-04 15:59:00-04:00,L,14425.5,14467.0,14367.5,58.0,81.0,0.6982758620689655,time,1,L
2021-10-05 09:34:00-04:00,2021-10-05 09:34:00-04:00,2021-10-05 09:50:00-04:00,L,14529.5,14580.25,14495.0,34.5,99.5,1.4420289855072463,TP,1,L
2021-10-06 10:04:00-04:00,2021-10-06 10:04:00-04:00,2021-10-06 10:22:00-04:00,S,14496.0,14639.5,14639.25,143.25,-289.0,-1.0087260034904013,SL,1,S
2021-10-06 11:24:00-04:00,2021-10-06 11:24:00-04:00,2021-10-06 13:38:00-04:00,S,14587.25,14688.5,14688.25,101.0,-204.5,-1.0123762376237624,SL,1,S
2021-10-07 09:44:00-04:00,2021-10-07 09:44:00-04:00,2021-10-07 15:59:00-04:00,L,14929.0,14886.0,14859.0,70.0,-88.0,-0.6285714285714286,time,1,L
2021-10-08 09:34:00-04:00,2021-10-08 09:34:00-04:00,2021-10-08 15:59:00-04:00,S,14868.0,14811.75,14974.25,106.25,110.5,0.52,time,1,S
2021-10-11 12:04:00-04:00,2021-10-11 12:04:00-04:00,2021-10-11 13:30:00-04:00,S,14836.5,14766.5,14883.75,47.25,138.0,1.4603174603174602,TP,1,S
2021-10-11 14:14:00-04:00,2021-10-11 14:14:00-04:00,2021-10-11 15:28:00-04:00,L,14806.75,14757.5,14757.75,49.0,-100.5,-1.0255102040816326,SL,1,L
2021-10-12 11:09:00-04:00,2021-10-12 11:09:00-04:00,2021-10-12 15:44:00-04:00,L,14694.25,14631.5,14631.75,62.5,-127.5,-1.02,SL,1,L
2021-10-13 10:14:00-04:00,2021-10-13 10:14:00-04:00,2021-10-13 14:01:00-04:00,S,14678.25,14779.25,14779.0,100.75,-204.0,-1.0124069478908189,SL,1,S
2021-10-13 14:44:00-04:00,2021-10-13 14:44:00-04:00,2021-10-13 15:59:00-04:00,S,14735.25,14766.75,14796.25,61.0,-65.0,-0.5327868852459017,time,1,S
2021-10-15 10:39:00-04:00,2021-10-15 10:39:00-04:00,2021-10-15 15:59:00-04:00,L,15083.5,15135.25,15044.25,39.25,101.5,1.2929936305732483,time,1,L
2021-10-18 09:44:00-04:00,2021-10-18 09:44:00-04:00,2021-10-18 11:35:00-04:00,L,15111.5,15204.75,15048.75,62.75,184.5,1.4701195219123506,TP,1,L
2021-10-19 09:49:00-04:00,2021-10-19 09:49:00-04:00,2021-10-19 15:59:00-04:00,L,15345.75,15400.0,15302.0,43.75,106.5,1.217142857142857,time,1,L
2021-10-20 09:54:00-04:00,2021-10-20 09:54:00-04:00,2021-10-20 10:31:00-04:00,S,15400.5,15441.5,15441.25,40.75,-84.0,-1.030674846625767,SL,1,S
2021-10-20 10:59:00-04:00,2021-10-20 10:59:00-04:00,2021-10-20 13:18:00-04:00,S,15403.25,15338.5,15447.0,43.75,127.5,1.457142857142857,TP,1,S
2021-10-21 13:54:00-04:00,2021-10-21 13:54:00-04:00,2021-10-21 14:59:00-04:00,S,15413.0,15438.5,15438.25,25.25,-53.0,-1.0495049504950495,SL,1,S
2021-10-22 09:39:00-04:00,2021-10-22 09:39:00-04:00,2021-10-22 09:48:00-04:00,L,15452.5,15404.0,15404.25,48.25,-99.0,-1.0259067357512954,SL,1,L
2021-10-22 14:19:00-04:00,2021-10-22 14:19:00-04:00,2021-10-22 15:59:00-04:00,L,15351.25,15341.75,15311.25,40.0,-21.0,-0.2625,time,1,L
2021-10-25 09:39:00-04:00,2021-10-25 09:39:00-04:00,2021-10-25 11:53:00-04:00,S,15357.25,15433.0,15432.75,75.5,-153.5,-1.0165562913907285,SL,1,S
2021-10-26 11:14:00-04:00,2021-10-26 11:14:00-04:00,2021-10-26 12:04:00-04:00,S,15648.25,15569.75,15701.25,53.0,155.0,1.4622641509433962,TP,1,S
2021-10-26 13:34:00-04:00,2021-10-26 13:34:00-04:00,2021-10-26 15:59:00-04:00,L,15576.0,15544.75,15502.5,73.5,-64.5,-0.4387755102040816,time,1,L
2021-10-27 10:14:00-04:00,2021-10-27 10:14:00-04:00,2021-10-27 10:54:00-04:00,S,15573.25,15648.5,15648.25,75.0,-152.5,-1.0166666666666666,SL,1,S
2021-10-27 14:54:00-04:00,2021-10-27 14:54:00-04:00,2021-10-27 15:10:00-04:00,S,15691.0,15655.25,15715.5,24.5,69.5,1.4183673469387754,TP,1,S
2021-10-28 09:54:00-04:00,2021-10-28 09:54:00-04:00,2021-10-28 10:44:00-04:00,L,15670.5,15722.25,15635.5,35.0,101.5,1.45,TP,1,L
2021-10-28 12:54:00-04:00,2021-10-28 12:54:00-04:00,2021-10-28 14:35:00-04:00,S,15723.5,15751.75,15751.5,28.0,-58.5,-1.0446428571428572,SL,1,S
2021-10-29 14:24:00-04:00,2021-10-29 14:24:00-04:00,2021-10-29 15:35:00-04:00,S,15775.25,15797.0,15796.75,21.5,-45.5,-1.058139534883721,SL,1,S
2021-11-01 13:24:00-04:00,2021-11-01 13:24:00-04:00,2021-11-01 14:16:00-04:00,S,15840.0,15792.5,15872.25,32.25,93.0,1.441860465116279,TP,1,S
2021-11-02 12:54:00-04:00,2021-11-02 12:54:00-04:00,2021-11-02 14:15:00-04:00,L,15955.5,15911.75,15912.0,43.5,-89.5,-1.028735632183908,SL,1,L
2021-11-02 14:49:00-04:00,2021-11-02 14:49:00-04:00,2021-11-02 15:59:00-04:00,L,15936.0,15961.75,15905.25,30.75,49.5,0.8048780487804879,time,1,L
2021-11-03 09:34:00-04:00,2021-11-03 09:34:00-04:00,2021-11-03 14:00:00-04:00,S,15968.25,15998.0,15997.75,29.5,-61.5,-1.0423728813559323,SL,1,S
2021-11-04 09:44:00-04:00,2021-11-04 09:44:00-04:00,2021-11-04 10:13:00-04:00,L,16203.5,16272.75,16156.75,46.75,136.5,1.4598930481283423,TP,1,L
2021-11-04 11:24:00-04:00,2021-11-04 11:24:00-04:00,2021-11-04 13:42:00-04:00,S,16259.75,16332.0,16331.75,72.0,-146.5,-1.0173611111111112,SL,1,S
2021-11-04 14:59:00-04:00,2021-11-04 14:59:00-04:00,2021-11-04 15:59:00-04:00,S,16328.75,16335.0,16378.75,50.0,-14.5,-0.145,time,1,S
2021-11-05 11:29:00-04:00,2021-11-05 11:29:00-04:00,2021-11-05 11:48:00-04:00,S,16409.0,16439.75,16439.5,30.5,-63.5,-1.040983606557377,SL,1,S
2021-11-08 09:44:00-05:00,2021-11-08 09:44:00-05:00,2021-11-08 15:59:00-05:00,S,16349.5,16329.5,16394.5,45.0,38.0,0.4222222222222222,time,1,S
2021-11-09 09:34:00-05:00,2021-11-09 09:34:00-05:00,2021-11-09 09:49:00-05:00,S,16364.25,16323.5,16392.0,27.75,79.5,1.4324324324324325,TP,1,S
2021-11-09 11:44:00-05:00,2021-11-09 11:44:00-05:00,2021-11-09 12:02:00-05:00,L,16276.0,16210.0,16210.25,65.75,-134.0,-1.0190114068441065,SL,1,L
2021-11-09 14:19:00-05:00,2021-11-09 14:19:00-05:00,2021-11-09 15:59:00-05:00,L,16211.25,16217.0,16159.75,51.5,9.5,0.09223300970873786,time,1,L
2021-11-10 09:49:00-05:00,2021-11-10 09:49:00-05:00,2021-11-10 13:15:00-05:00,L,16138.0,16041.0,16041.25,96.75,-196.0,-1.0129198966408268,SL,1,L
2021-11-11 09:34:00-05:00,2021-11-11 09:34:00-05:00,2021-11-11 10:16:00-05:00,S,16087.5,16049.75,16113.25,25.75,73.5,1.4271844660194175,TP,1,S
2021-11-11 13:49:00-05:00,2021-11-11 13:49:00-05:00,2021-11-11 15:10:00-05:00,L,16053.75,16025.0,16025.25,28.5,-59.5,-1.043859649122807,SL,1,L
2021-11-12 09:34:00-05:00,2021-11-12 09:34:00-05:00,2021-11-12 09:48:00-05:00,S,16056.25,16006.5,16090.0,33.75,97.5,1.4444444444444444,TP,1,S
2021-11-12 10:19:00-05:00,2021-11-12 10:19:00-05:00,2021-11-12 11:18:00-05:00,L,16068.5,16168.25,16001.5,67.0,197.5,1.4738805970149254,TP,1,L
2021-11-16 09:39:00-05:00,2021-11-16 09:39:00-05:00,2021-11-16 15:59:00-05:00,L,16238.5,16304.5,16142.25,96.25,130.0,0.6753246753246753,time,1,L
2021-11-17 12:19:00-05:00,2021-11-17 12:19:00-05:00,2021-11-17 15:59:00-05:00,S,16336.75,16313.5,16399.0,62.25,44.5,0.357429718875502,time,1,S
2021-11-18 11:14:00-05:00,2021-11-18 11:14:00-05:00,2021-11-18 11:43:00-05:00,L,16377.0,16454.25,16325.0,52.0,152.5,1.4663461538461537,TP,1,L
2021-11-18 13:19:00-05:00,2021-11-18 13:19:00-05:00,2021-11-18 15:37:00-05:00,S,16436.25,16491.5,16491.25,55.0,-112.5,-1.0227272727272727,SL,1,S
2021-11-19 10:29:00-05:00,2021-11-19 10:29:00-05:00,2021-11-19 11:37:00-05:00,S,16548.0,16617.75,16617.5,69.5,-141.5,-1.0179856115107915,SL,1,S
2021-11-19 12:49:00-05:00,2021-11-19 12:49:00-05:00,2021-11-19 13:40:00-05:00,S,16593.0,16540.75,16628.5,35.5,102.5,1.443661971830986,TP,1,S
2021-11-19 14:19:00-05:00,2021-11-19 14:19:00-05:00,2021-11-19 15:59:00-05:00,L,16583.0,16571.75,16533.5,49.5,-24.5,-0.2474747474747475,time,1,L
2021-11-22 10:59:00-05:00,2021-11-22 10:59:00-05:00,2021-11-22 11:42:00-05:00,S,16698.75,16596.25,16767.75,69.0,203.0,1.4710144927536233,TP,1,S
2021-11-22 14:04:00-05:00,2021-11-22 14:04:00-05:00,2021-11-22 15:44:00-05:00,L,16547.0,16506.0,16506.25,40.75,-84.0,-1.030674846625767,SL,1,L
2021-11-23 10:09:00-05:00,2021-11-23 10:09:00-05:00,2021-11-23 15:59:00-05:00,S,16290.75,16305.75,16419.0,128.25,-32.0,-0.12475633528265107,time,1,S
2021-11-24 10:04:00-05:00,2021-11-24 10:04:00-05:00,2021-11-24 15:59:00-05:00,L,16225.25,16362.0,16101.75,123.5,271.5,1.0991902834008098,time,1,L
2021-11-25 10:54:00-05:00,2021-11-25 10:54:00-05:00,2021-11-25 12:49:00-05:00,S,16402.0,16410.0,16418.0,16.0,-18.0,-0.5625,time,1,S
2021-11-26 09:49:00-05:00,2021-11-26 09:49:00-05:00,2021-11-26 12:55:00-05:00,S,16179.75,15988.75,16307.75,128.0,380.0,1.484375,TP,1,S
2021-11-29 10:39:00-05:00,2021-11-29 10:39:00-05:00,2021-11-29 11:26:00-05:00,S,16245.25,16314.75,16314.5,69.25,-141.0,-1.0180505415162455,SL,1,S
2021-11-30 10:39:00-05:00,2021-11-30 10:39:00-05:00,2021-11-30 10:55:00-05:00,S,16353.75,16200.25,16456.75,103.0,305.0,1.4805825242718447,TP,1,S
2021-11-30 14:49:00-05:00,2021-11-30 14:49:00-05:00,2021-11-30 15:59:00-05:00,S,16143.5,16150.25,16225.0,81.5,-15.5,-0.0950920245398773,time,1,S
2021-12-01 10:04:00-05:00,2021-12-01 10:04:00-05:00,2021-12-01 12:55:00-05:00,L,16350.0,16270.25,16270.5,79.5,-161.5,-1.0157232704402517,SL,1,L
2021-12-02 10:24:00-05:00,2021-12-02 10:24:00-05:00,2021-12-02 12:21:00-05:00,S,15889.0,16027.5,16027.25,138.25,-279.0,-1.0090415913200723,SL,1,S
2021-12-02 13:24:00-05:00,2021-12-02 13:24:00-05:00,2021-12-02 15:37:00-05:00,S,15946.0,16048.5,16048.25,102.25,-207.0,-1.0122249388753055,SL,1,S
2021-12-03 09:39:00-05:00,2021-12-03 09:39:00-05:00,2021-12-03 10:01:00-05:00,S,15973.5,15798.25,16091.0,117.5,348.5,1.4829787234042553,TP,1,S
2021-12-03 13:19:00-05:00,2021-12-03 13:19:00-05:00,2021-12-03 13:35:00-05:00,L,15671.25,15595.5,15595.75,75.5,-153.5,-1.0165562913907285,SL,1,L
2021-12-03 14:24:00-05:00,2021-12-03 14:24:00-05:00,2021-12-03 15:00:00-05:00,L,15632.5,15547.75,15548.0,84.5,-171.5,-1.014792899408284,SL,1,L
2021-12-06 09:34:00-05:00,2021-12-06 09:34:00-05:00,2021-12-06 10:15:00-05:00,S,15625.75,15761.25,15761.0,135.25,-273.0,-1.009242144177449,SL,1,S
2021-12-06 10:49:00-05:00,2021-12-06 10:49:00-05:00,2021-12-06 12:22:00-05:00,S,15687.75,15788.5,15788.25,100.5,-203.5,-1.0124378109452736,SL,1,S
2021-12-06 14:44:00-05:00,2021-12-06 14:44:00-05:00,2021-12-06 15:59:00-05:00,S,15835.0,15843.25,15897.25,62.25,-18.5,-0.14859437751004015,time,1,S
2021-12-07 09:34:00-05:00,2021-12-07 09:34:00-05:00,2021-12-07 10:10:00-05:00,L,16157.75,16247.25,16097.5,60.25,177.0,1.4688796680497926,TP,1,L
2021-12-07 14:24:00-05:00,2021-12-07 14:24:00-05:00,2021-12-07 15:40:00-05:00,S,16310.5,16260.25,16344.5,34.0,98.5,1.4485294117647058,TP,1,S
2021-12-08 09:49:00-05:00,2021-12-08 09:49:00-05:00,2021-12-08 15:59:00-05:00,L,16341.25,16388.0,16251.25,90.0,91.5,0.5083333333333333,time,1,L
2021-12-09 10:09:00-05:00,2021-12-09 10:09:00-05:00,2021-12-09 13:49:00-05:00,S,16334.75,16216.0,16414.5,79.75,235.5,1.4764890282131662,TP,1,S
2021-12-10 09:44:00-05:00,2021-12-10 09:44:00-05:00,2021-12-10 15:59:00-05:00,S,16243.5,16329.5,16329.25,85.75,-174.0,-1.0145772594752187,SL,1,S
2021-12-15 10:39:00-05:00,2021-12-15 10:39:00-05:00,2021-12-15 11:19:00-05:00,L,15902.75,15807.0,15807.25,95.5,-193.5,-1.013089005235602,SL,1,L
2021-12-17 09:44:00-05:00,2021-12-17 09:44:00-05:00,2021-12-17 09:49:00-05:00,S,15677.0,15792.25,15792.0,115.0,-232.5,-1.0108695652173914,SL,1,S
2021-12-17 11:44:00-05:00,2021-12-17 11:44:00-05:00,2021-12-17 15:59:00-05:00,S,15799.5,15780.25,15957.0,157.5,36.5,0.11587301587301588,time,1,S
2021-12-20 10:14:00-05:00,2021-12-20 10:14:00-05:00,2021-12-20 15:59:00-05:00,S,15580.5,15625.5,15658.75,78.25,-92.0,-0.5878594249201278,time,1,S
2021-12-22 14:39:00-05:00,2021-12-22 14:39:00-05:00,2021-12-22 15:59:00-05:00,L,16090.5,16169.5,16037.25,53.25,156.0,1.4647887323943662,TP,1,L
2021-12-23 14:39:00-05:00,2021-12-23 14:39:00-05:00,2021-12-23 14:54:00-05:00,S,16319.0,16336.75,16336.5,17.5,-37.5,-1.0714285714285714,SL,1,S
2021-12-27 14:54:00-05:00,2021-12-27 14:54:00-05:00,2021-12-27 15:55:00-05:00,S,16536.25,16559.75,16559.5,23.25,-49.0,-1.053763440860215,SL,1,S
2021-12-28 11:54:00-05:00,2021-12-28 11:54:00-05:00,2021-12-28 12:32:00-05:00,L,16551.5,16495.25,16495.5,56.0,-114.5,-1.0223214285714286,SL,1,L
2021-12-29 10:09:00-05:00,2021-12-29 10:09:00-05:00,2021-12-29 10:15:00-05:00,S,16494.5,16412.75,16549.5,55.0,161.5,1.4681818181818183,TP,1,S
2021-12-29 11:04:00-05:00,2021-12-29 11:04:00-05:00,2021-12-29 15:59:00-05:00,L,16479.25,16489.0,16387.5,91.75,17.5,0.09536784741144415,time,1,L
2021-12-30 10:04:00-05:00,2021-12-30 10:04:00-05:00,2021-12-30 15:45:00-05:00,L,16514.5,16449.0,16449.25,65.25,-133.0,-1.0191570881226053,SL,1,L
2021-12-31 14:39:00-05:00,2021-12-31 14:39:00-05:00,2021-12-31 15:38:00-05:00,L,16374.5,16355.5,16355.75,18.75,-40.0,-1.0666666666666667,SL,1,L
2022-01-03 09:34:00-05:00,2022-01-03 09:34:00-05:00,2022-01-03 09:48:00-05:00,L,16438.75,16370.5,16370.75,68.0,-138.5,-1.0183823529411764,SL,1,L
2022-01-03 10:29:00-05:00,2022-01-03 10:29:00-05:00,2022-01-03 15:59:00-05:00,L,16420.25,16489.25,16291.25,129.0,136.0,0.5271317829457365,time,1,L
2022-01-04 14:34:00-05:00,2022-01-04 14:34:00-05:00,2022-01-04 15:33:00-05:00,L,16199.5,16288.75,16139.5,60.0,176.5,1.4708333333333334,TP,1,L
2022-01-06 10:34:00-05:00,2022-01-06 10:34:00-05:00,2022-01-06 15:59:00-05:00,L,15812.5,15758.0,15598.25,214.25,-111.0,-0.2590431738623104,time,1,L
2022-01-07 11:49:00-05:00,2022-01-07 11:49:00-05:00,2022-01-07 15:59:00-05:00,L,15651.75,15584.75,15533.5,118.25,-136.0,-0.5750528541226215,time,1,L
2022-01-10 12:19:00-05:00,2022-01-10 12:19:00-05:00,2022-01-10 13:17:00-05:00,S,15217.0,15323.25,15323.0,106.0,-214.5,-1.0117924528301887,SL,1,S
2022-01-11 10:04:00-05:00,2022-01-11 10:04:00-05:00,2022-01-11 15:09:00-05:00,L,15620.5,15839.0,15474.25,146.25,435.0,1.4871794871794872,TP,1,L
2022-01-12 09:44:00-05:00,2022-01-12 09:44:00-05:00,2022-01-12 10:09:00-05:00,S,15912.25,15993.0,15992.75,80.5,-163.5,-1.015527950310559,SL,1,S
2022-01-12 10:34:00-05:00,2022-01-12 10:34:00-05:00,2022-01-12 11:06:00-05:00,S,15936.0,15826.25,16009.75,73.75,217.5,1.4745762711864407,TP,1,S
2022-01-12 11:39:00-05:00,2022-01-12 11:39:00-05:00,2022-01-12 15:59:00-05:00,L,15896.0,15895.25,15797.0,99.0,-3.5,-0.017676767676767676,time,1,L
2022-01-13 10:04:00-05:00,2022-01-13 10:04:00-05:00,2022-01-13 10:45:00-05:00,S,15906.25,15797.25,15979.5,73.25,216.0,1.4744027303754266,TP,1,S
2022-01-14 10:44:00-05:00,2022-01-14 10:44:00-05:00,2022-01-14 15:39:00-05:00,S,15467.75,15601.5,15601.25,133.5,-269.5,-1.0093632958801497,SL,1,S
2022-01-17 11:24:00-05:00,2022-01-17 11:24:00-05:00,2022-01-17 12:04:00-05:00,L,15590.5,15566.25,15566.5,24.0,-50.5,-1.0520833333333333,SL,1,L
2022-01-18 10:54:00-05:00,2022-01-18 10:54:00-05:00,2022-01-18 15:59:00-05:00,S,15325.75,15214.25,15435.25,109.5,221.0,1.0091324200913243,time,1,S
2022-01-19 09:49:00-05:00,2022-01-19 09:49:00-05:00,2022-01-19 10:32:00-05:00,L,15320.0,15251.0,15251.25,68.75,-140.0,-1.018181818181818,SL,1,L
2022-01-19 12:04:00-05:00,2022-01-19 12:04:00-05:00,2022-01-19 15:50:00-05:00,L,15212.75,15104.25,15104.5,108.25,-219.0,-1.0115473441108545,SL,1,L
2022-01-20 11:44:00-05:00,2022-01-20 11:44:00-05:00,2022-01-20 14:47:00-05:00,S,15242.25,15095.25,15340.75,98.5,292.0,1.482233502538071,TP,1,S
2022-01-21 10:39:00-05:00,2022-01-21 10:39:00-05:00,2022-01-21 14:57:00-05:00,L,14703.5,14531.75,14532.0,171.5,-345.5,-1.0072886297376094,SL,1,L
2022-01-24 09:39:00-05:00,2022-01-24 09:39:00-05:00,2022-01-24 09:45:00-05:00,L,14243.5,14105.0,14105.25,138.25,-279.0,-1.0090415913200723,SL,1,L
2022-01-24 12:54:00-05:00,2022-01-24 12:54:00-05:00,2022-01-24 15:15:00-05:00,L,13939.0,14287.75,13706.0,233.0,695.5,1.492489270386266,TP,1,L
2022-01-25 09:49:00-05:00,2022-01-25 09:49:00-05:00,2022-01-25 14:19:00-05:00,S,14116.25,14305.25,14305.0,188.75,-380.0,-1.0066225165562914,SL,1,S
2022-01-26 11:14:00-05:00,2022-01-26 11:14:00-05:00,2022-01-26 14:00:00-05:00,L,14424.0,14570.75,14325.5,98.5,291.5,1.4796954314720812,TP,1,L
2022-01-27 09:39:00-05:00,2022-01-27 09:39:00-05:00,2022-01-27 09:43:00-05:00,S,14259.0,14347.25,14347.0,88.0,-178.5,-1.0142045454545454,SL,1,S
2022-01-27 10:29:00-05:00,2022-01-27 10:29:00-05:00,2022-01-27 13:21:00-05:00,S,14251.0,14013.25,14410.0,159.0,473.5,1.4889937106918238,TP,1,S
2022-01-27 14:04:00-05:00,2022-01-27 14:04:00-05:00,2022-01-27 14:33:00-05:00,L,14122.5,13978.75,13979.0,143.5,-289.5,-1.0087108013937283,SL,1,L
2022-01-28 09:44:00-05:00,2022-01-28 09:44:00-05:00,2022-01-28 10:54:00-05:00,S,13897.5,14102.75,14102.5,205.0,-412.5,-1.0060975609756098,SL,1,S
2022-01-28 14:59:00-05:00,2022-01-28 14:59:00-05:00,2022-01-28 15:59:00-05:00,L,14212.75,14433.75,14058.25,154.5,440.0,1.4239482200647249,time,1,L
2022-02-01 09:34:00-05:00,2022-02-01 09:34:00-05:00,2022-02-01 09:42:00-05:00,S,14902.5,14816.75,14960.25,57.75,169.5,1.4675324675324675,TP,1,S
2022-02-01 10:59:00-05:00,2022-02-01 10:59:00-05:00,2022-02-01 15:57:00-05:00,L,14857.5,15015.75,14751.5,106.0,314.5,1.4834905660377358,TP,1,L
2022-02-02 12:09:00-05:00,2022-02-02 12:09:00-05:00,2022-02-02 15:59:00-05:00,L,15062.0,15114.0,14941.0,121.0,102.0,0.4214876033057851,time,1,L
2022-02-03 09:39:00-05:00,2022-02-03 09:39:00-05:00,2022-02-03 11:59:00-05:00,L,14796.0,14674.5,14674.75,121.25,-245.0,-1.0103092783505154,SL,1,L
2022-02-03 13:24:00-05:00,2022-02-03 13:24:00-05:00,2022-02-03 14:28:00-05:00,L,14694.75,14634.75,14635.0,59.75,-122.0,-1.0209205020920502,SL,1,L
2022-02-04 09:44:00-05:00,2022-02-04 09:44:00-05:00,2022-02-04 15:59:00-05:00,L,14559.0,14680.25,14363.0,196.0,240.5,0.6135204081632653,time,1,L
2022-02-07 13:09:00-05:00,2022-02-07 13:09:00-05:00,2022-02-07 15:52:00-05:00,L,14639.5,14554.75,14555.0,84.5,-171.5,-1.014792899408284,SL,1,L
2022-02-08 10:04:00-05:00,2022-02-08 10:04:00-05:00,2022-02-08 10:46:00-05:00,S,14479.25,14588.75,14588.5,109.25,-221.0,-1.011441647597254,SL,1,S
2022-02-08 13:39:00-05:00,2022-02-08 13:39:00-05:00,2022-02-08 15:54:00-05:00,S,14685.0,14744.5,14744.25,59.25,-121.0,-1.021097046413502,SL,1,S
2022-02-09 10:39:00-05:00,2022-02-09 10:39:00-05:00,2022-02-09 14:43:00-05:00,L,14919.25,15018.75,14852.25,67.0,197.0,1.4701492537313432,TP,1,L
2022-02-10 11:14:00-05:00,2022-02-10 11:14:00-05:00,2022-02-10 14:58:00-05:00,S,14903.5,14715.75,15029.25,125.75,373.5,1.485089463220676,TP,1,S
2022-02-11 09:39:00-05:00,2022-02-11 09:39:00-05:00,2022-02-11 09:46:00-05:00,S,14683.0,14751.0,14750.75,67.75,-138.0,-1.018450184501845,SL,1,S
2022-02-14 10:34:00-05:00,2022-02-14 10:34:00-05:00,2022-02-14 11:19:00-05:00,S,14234.25,14336.5,14336.25,102.0,-206.5,-1.0122549019607843,SL,1,S
2022-02-15 09:59:00-05:00,2022-02-15 09:59:00-05:00,2022-02-15 12:47:00-05:00,L,14501.75,14444.5,14444.75,57.0,-116.5,-1.0219298245614035,SL,1,L
2022-02-15 13:24:00-05:00,2022-02-15 13:24:00-05:00,2022-02-15 15:59:00-05:00,L,14529.5,14607.75,14427.75,101.75,154.5,0.7592137592137592,time,1,L
2022-02-16 12:34:00-05:00,2022-02-16 12:34:00-05:00,2022-02-16 14:00:00-05:00,S,14392.5,14474.25,14474.0,81.5,-165.5,-1.0153374233128833,SL,1,S
2022-02-17 11:49:00-05:00,2022-02-17 11:49:00-05:00,2022-02-17 12:07:00-05:00,L,14402.0,14348.5,14348.75,53.25,-109.0,-1.0234741784037558,SL,1,L
2022-02-18 13:49:00-05:00,2022-02-18 13:49:00-05:00,2022-02-18 14:31:00-05:00,L,13988.5,14111.75,13905.75,82.75,244.5,1.4773413897280967,TP,1,L
2022-02-21 10:49:00-05:00,2022-02-21 10:49:00-05:00,2022-02-21 12:49:00-05:00,S,13801.75,13752.5,13873.5,71.75,96.5,0.6724738675958188,time,1,S
2022-02-22 10:54:00-05:00,2022-02-22 10:54:00-05:00,2022-02-22 13:54:00-05:00,S,13967.0,13754.75,14109.0,142.0,422.5,1.4876760563380282,TP,1,S
2022-02-22 14:29:00-05:00,2022-02-22 14:29:00-05:00,2022-02-22 14:57:00-05:00,L,13809.0,13956.25,13710.25,98.75,292.5,1.481012658227848,TP,1,L
2022-02-23 12:59:00-05:00,2022-02-23 12:59:00-05:00,2022-02-23 14:27:00-05:00,S,13764.25,13614.25,13864.75,100.5,298.0,1.4825870646766168,TP,1,S
2022-02-25 10:29:00-05:00,2022-02-25 10:29:00-05:00,2022-02-25 15:59:00-05:00,L,13991.5,14181.75,13831.75,159.75,378.5,1.1846635367762128,time,1,L
2022-02-28 12:09:00-05:00,2022-02-28 12:09:00-05:00,2022-02-28 14:08:00-05:00,S,14183.75,14021.25,14292.75,109.0,323.0,1.481651376146789,TP,1,S
2022-03-01 10:44:00-05:00,2022-03-01 10:44:00-05:00,2022-03-01 13:29:00-05:00,S,14156.0,13981.0,14273.25,117.25,348.0,1.4840085287846483,TP,1,S
2022-03-01 14:24:00-05:00,2022-03-01 14:24:00-05:00,2022-03-01 15:30:00-05:00,L,14039.75,13963.25,13963.5,76.25,-155.0,-1.0163934426229508,SL,1,L
2022-03-02 10:39:00-05:00,2022-03-02 10:39:00-05:00,2022-03-02 15:59:00-05:00,L,14104.5,14236.75,13950.5,154.0,262.5,0.8522727272727273,time,1,L
2022-03-03 09:44:00-05:00,2022-03-03 09:44:00-05:00,2022-03-03 10:39:00-05:00,S,14276.5,14104.75,14391.5,115.0,341.5,1.4847826086956522,TP,1,S
2022-03-03 13:44:00-05:00,2022-03-03 13:44:00-05:00,2022-03-03 15:04:00-05:00,S,14124.0,14018.75,14194.75,70.75,208.5,1.4734982332155477,TP,1,S
2022-03-04 11:49:00-05:00,2022-03-04 11:49:00-05:00,2022-03-04 15:59:00-05:00,L,13819.75,13833.75,13733.25,86.5,26.0,0.15028901734104047,time,1,L
2022-03-07 09:44:00-05:00,2022-03-07 09:44:00-05:00,2022-03-07 10:30:00-05:00,S,13757.5,13574.75,13880.0,122.5,363.5,1.4836734693877551,TP,1,S
2022-03-07 14:19:00-05:00,2022-03-07 14:19:00-05:00,2022-03-07 14:42:00-05:00,L,13519.25,13444.5,13444.75,74.5,-151.5,-1.016778523489933,SL,1,L
2022-03-08 10:54:00-05:00,2022-03-08 10:54:00-05:00,2022-03-08 11:32:00-05:00,L,13284.5,13123.5,13123.75,160.75,-324.0,-1.0077760497667185,SL,1,L
2022-03-08 13:34:00-05:00,2022-03-08 13:34:00-05:00,2022-03-08 15:59:00-05:00,S,13477.25,13255.25,13666.5,189.25,442.0,1.16776750330251,time,1,S
2022-03-09 11:14:00-05:00,2022-03-09 11:14:00-05:00,2022-03-09 12:01:00-05:00,S,13600.25,13683.0,13682.75,82.5,-167.5,-1.0151515151515151,SL,1,S
2022-03-09 13:44:00-05:00,2022-03-09 13:44:00-05:00,2022-03-09 14:36:00-05:00,S,13688.0,13738.75,13738.5,50.5,-103.5,-1.0247524752475248,SL,1,S
2022-03-10 12:19:00-05:00,2022-03-10 12:19:00-05:00,2022-03-10 14:03:00-05:00,L,13465.75,13562.0,13401.0,64.75,190.5,1.471042471042471,TP,1,L
2022-03-11 13:19:00-05:00,2022-03-11 13:19:00-05:00,2022-03-11 15:08:00-05:00,L,13474.0,13402.5,13402.75,71.25,-145.0,-1.0175438596491229,SL,1,L
2022-03-14 11:14:00-04:00,2022-03-14 11:14:00-04:00,2022-03-14 12:05:00-04:00,S,13297.5,13154.75,13393.25,95.75,283.5,1.4804177545691906,TP,1,S
2022-03-15 12:54:00-04:00,2022-03-15 12:54:00-04:00,2022-03-15 15:02:00-04:00,S,13326.0,13388.75,13388.5,62.5,-127.5,-1.02,SL,1,S
2022-03-21 09:34:00-04:00,2022-03-21 09:34:00-04:00,2022-03-21 09:52:00-04:00,L,14404.25,14356.5,14356.75,47.5,-97.5,-1.0263157894736843,SL,1,L
2022-03-21 10:54:00-04:00,2022-03-21 10:54:00-04:00,2022-03-21 13:12:00-04:00,L,14325.0,14227.5,14227.75,97.25,-197.0,-1.012853470437018,SL,1,L
2022-03-22 14:29:00-04:00,2022-03-22 14:29:00-04:00,2022-03-22 15:03:00-04:00,S,14618.5,14659.75,14659.5,41.0,-84.5,-1.0304878048780488,SL,1,S
2022-03-23 12:44:00-04:00,2022-03-23 12:44:00-04:00,2022-03-23 15:59:00-04:00,S,14577.25,14444.5,14683.0,105.75,263.5,1.2458628841607564,time,1,S
2022-03-25 10:34:00-04:00,2022-03-25 10:34:00-04:00,2022-03-25 11:08:00-04:00,L,14773.0,14694.0,14694.25,78.75,-160.0,-1.0158730158730158,SL,1,L
2022-03-25 11:09:00-04:00,2022-03-25 11:09:00-04:00,2022-03-25 15:59:00-04:00,S,14657.5,14755.5,14807.75,150.25,-198.0,-0.6589018302828619,time,1,S
2022-03-28 09:34:00-04:00,2022-03-28 09:34:00-04:00,2022-03-28 09:55:00-04:00,L,14803.25,14903.75,14735.75,67.5,199.0,1.474074074074074,TP,1,L
2022-03-28 10:24:00-04:00,2022-03-28 10:24:00-04:00,2022-03-28 14:55:00-04:00,S,14802.75,14912.75,14912.5,109.75,-222.0,-1.0113895216400912,SL,1,S
2022-03-29 09:49:00-04:00,2022-03-29 09:49:00-04:00,2022-03-29 14:48:00-04:00,S,15125.0,15220.0,15219.75,94.75,-192.0,-1.0131926121372032,SL,1,S
2022-03-30 10:54:00-04:00,2022-03-30 10:54:00-04:00,2022-03-30 14:45:00-04:00,S,15177.75,15092.25,15235.25,57.5,169.0,1.4695652173913043,TP,1,S
2022-03-31 13:29:00-04:00,2022-03-31 13:29:00-04:00,2022-03-31 14:10:00-04:00,L,15008.5,14967.5,14967.75,40.75,-84.0,-1.030674846625767,SL,1,L
2022-03-31 14:39:00-04:00,2022-03-31 14:39:00-04:00,2022-03-31 15:33:00-04:00,L,15005.25,14959.75,14960.0,45.25,-93.0,-1.0276243093922652,SL,1,L
2022-04-01 10:49:00-04:00,2022-04-01 10:49:00-04:00,2022-04-01 11:35:00-04:00,L,14875.75,14805.5,14805.75,70.0,-142.5,-1.0178571428571428,SL,1,L
2022-04-01 13:39:00-04:00,2022-04-01 13:39:00-04:00,2022-04-01 14:32:00-04:00,L,14773.0,14843.75,14725.25,47.75,139.5,1.4607329842931938,TP,1,L
2022-04-04 09:34:00-04:00,2022-04-04 09:34:00-04:00,2022-04-04 09:38:00-04:00,L,14911.5,14960.5,14878.25,33.25,96.0,1.443609022556391,TP,1,L
2022-04-05 13:09:00-04:00,2022-04-05 13:09:00-04:00,2022-04-05 13:53:00-04:00,L,14922.25,14849.75,14850.0,72.25,-147.0,-1.0173010380622838,SL,1,L
2022-04-05 14:19:00-04:00,2022-04-05 14:19:00-04:00,2022-04-05 15:05:00-04:00,L,14904.0,14846.25,14846.5,57.5,-117.5,-1.0217391304347827,SL,1,L
2022-04-06 11:49:00-04:00,2022-04-06 11:49:00-04:00,2022-04-06 12:20:00-04:00,L,14506.5,14444.5,14444.75,61.75,-126.0,-1.0202429149797572,SL,1,L
2022-04-06 13:19:00-04:00,2022-04-06 13:19:00-04:00,2022-04-06 13:41:00-04:00,L,14465.5,14532.5,14420.25,45.25,132.0,1.4585635359116023,TP,1,L
2022-04-06 14:39:00-04:00,2022-04-06 14:39:00-04:00,2022-04-06 15:59:00-04:00,L,14512.75,14505.5,14395.25,117.5,-16.5,-0.07021276595744681,time,1,L
2022-04-07 09:34:00-04:00,2022-04-07 09:34:00-04:00,2022-04-07 10:40:00-04:00,L,14538.0,14451.25,14451.5,86.5,-175.5,-1.0144508670520231,SL,1,L
2022-04-07 13:09:00-04:00,2022-04-07 13:09:00-04:00,2022-04-07 14:02:00-04:00,L,14398.25,14517.75,14318.0,80.25,237.0,1.4766355140186915,TP,1,L
2022-04-08 10:54:00-04:00,2022-04-08 10:54:00-04:00,2022-04-08 15:50:00-04:00,L,14436.75,14331.75,14332.0,104.75,-212.0,-1.0119331742243436,SL,1,L
2022-04-11 09:49:00-04:00,2022-04-11 09:49:00-04:00,2022-04-11 10:26:00-04:00,L,14174.75,14099.0,14099.25,75.5,-153.5,-1.0165562913907285,SL,1,L
2022-04-11 12:49:00-04:00,2022-04-11 12:49:00-04:00,2022-04-11 15:28:00-04:00,L,14081.0,14043.5,14043.75,37.25,-77.0,-1.0335570469798658,SL,1,L
2022-04-12 10:39:00-04:00,2022-04-12 10:39:00-04:00,2022-04-12 14:30:00-04:00,S,14139.0,13931.25,14278.0,139.0,413.5,1.4874100719424461,TP,1,S
2022-04-13 09:39:00-04:00,2022-04-13 09:39:00-04:00,2022-04-13 10:30:00-04:00,L,13993.0,14099.75,13921.25,71.75,211.5,1.4738675958188154,TP,1,L
2022-04-13 13:39:00-04:00,2022-04-13 13:39:00-04:00,2022-04-13 14:50:00-04:00,S,14161.75,14208.5,14208.25,46.5,-95.5,-1.0268817204301075,SL,1,S
2022-04-14 13:44:00-04:00,2022-04-14 13:44:00-04:00,2022-04-14 14:53:00-04:00,L,14007.75,13962.75,13963.0,44.75,-92.0,-1.0279329608938548,SL,1,L
2022-04-18 11:19:00-04:00,2022-04-18 11:19:00-04:00,2022-04-18 15:59:00-04:00,S,13898.5,13917.0,13997.25,98.75,-39.0,-0.19746835443037974,time,1,S
2022-04-19 09:49:00-04:00,2022-04-19 09:49:00-04:00,2022-04-19 10:11:00-04:00,L,13931.0,14076.25,13833.5,97.5,288.5,1.4794871794871796,TP,1,L
2022-04-20 12:54:00-04:00,2022-04-20 12:54:00-04:00,2022-04-20 14:54:00-04:00,L,14061.0,13979.0,13979.25,81.75,-166.0,-1.0152905198776758,SL,1,L
2022-04-21 10:09:00-04:00,2022-04-21 10:09:00-04:00,2022-04-21 11:48:00-04:00,S,14172.0,14006.0,14283.25,111.25,330.0,1.4831460674157304,TP,1,S
2022-04-22 11:09:00-04:00,2022-04-22 11:09:00-04:00,2022-04-22 11:37:00-04:00,L,13668.5,13582.0,13582.25,86.25,-175.0,-1.0144927536231885,SL,1,L
2022-04-25 09:44:00-04:00,2022-04-25 09:44:00-04:00,2022-04-25 10:25:00-04:00,S,13265.25,13366.5,13366.25,101.0,-204.5,-1.0123762376237624,SL,1,S
2022-04-25 11:04:00-04:00,2022-04-25 11:04:00-04:00,2022-04-25 14:47:00-04:00,S,13328.25,13467.0,13466.75,138.5,-279.5,-1.0090252707581226,SL,1,S
2022-04-26 14:14:00-04:00,2022-04-26 14:14:00-04:00,2022-04-26 15:15:00-04:00,L,13148.75,13096.75,13097.0,51.75,-106.0,-1.0241545893719808,SL,1,L
2022-04-27 09:34:00-04:00,2022-04-27 09:34:00-04:00,2022-04-27 09:50:00-04:00,L,13096.25,13252.5,12991.5,104.75,310.5,1.4821002386634845,TP,1,L
2022-04-27 10:14:00-04:00,2022-04-27 10:14:00-04:00,2022-04-27 15:59:00-04:00,S,13005.25,13003.0,13255.25,250.0,2.5,0.005,time,1,S
2022-04-28 11:09:00-04:00,2022-04-28 11:09:00-04:00,2022-04-28 13:07:00-04:00,L,13176.25,13389.75,13033.25,143.0,425.0,1.486013986013986,TP,1,L
2022-04-29 09:34:00-04:00,2022-04-29 09:34:00-04:00,2022-04-29 10:28:00-04:00,L,13335.25,13225.5,13225.75,109.5,-221.5,-1.0114155251141552,SL,1,L
2022-05-02 11:04:00-04:00,2022-05-02 11:04:00-04:00,2022-05-02 15:50:00-04:00,S,12865.25,13044.75,13044.5,179.25,-361.0,-1.0069735006973501,SL,1,S
2022-05-03 12:09:00-04:00,2022-05-03 12:09:00-04:00,2022-05-03 13:15:00-04:00,S,13041.25,13146.0,13145.75,104.5,-211.5,-1.0119617224880382,SL,1,S
2022-05-03 14:04:00-04:00,2022-05-03 14:04:00-04:00,2022-05-03 15:59:00-04:00,S,13107.75,13090.5,13184.25,76.5,32.5,0.21241830065359477,time,1,S
2022-05-04 11:54:00-04:00,2022-05-04 11:54:00-04:00,2022-05-04 13:00:00-04:00,L,12971.5,13105.25,12881.75,89.75,265.5,1.4791086350974931,TP,1,L
2022-05-04 14:19:00-04:00,2022-05-04 14:19:00-04:00,2022-05-04 14:46:00-04:00,S,13061.75,13232.0,13231.75,170.0,-342.5,-1.0073529411764706,SL,1,S
2022-05-05 13:04:00-04:00,2022-05-05 13:04:00-04:00,2022-05-05 13:55:00-04:00,L,12931.25,12824.25,12824.5,106.75,-216.0,-1.0117096018735363,SL,1,L
2022-05-05 14:19:00-04:00,2022-05-05 14:19:00-04:00,2022-05-05 14:25:00-04:00,L,12892.25,12807.0,12807.25,85.0,-172.5,-1.0147058823529411,SL,1,L
2022-05-06 10:19:00-04:00,2022-05-06 10:19:00-04:00,2022-05-06 15:59:00-04:00,L,12786.5,12692.75,12519.0,267.5,-189.5,-0.3542056074766355,time,1,L
2022-05-09 10:04:00-04:00,2022-05-09 10:04:00-04:00,2022-05-09 11:33:00-04:00,S,12429.25,12240.25,12555.75,126.5,376.0,1.4861660079051384,TP,1,S
2022-05-09 12:09:00-04:00,2022-05-09 12:09:00-04:00,2022-05-09 13:52:00-04:00,L,12353.0,12237.75,12238.0,115.0,-232.5,-1.0108695652173914,SL,1,L
2022-05-09 14:59:00-04:00,2022-05-09 14:59:00-04:00,2022-05-09 15:32:00-04:00,L,12295.0,12209.0,12209.25,85.75,-174.0,-1.0145772594752187,SL,1,L
2022-05-10 09:44:00-04:00,2022-05-10 09:44:00-04:00,2022-05-10 11:10:00-04:00,S,12397.75,12174.0,12547.5,149.75,445.5,1.4874791318864775,TP,1,S
2022-05-10 12:04:00-04:00,2022-05-10 12:04:00-04:00,2022-05-10 15:59:00-04:00,L,12315.25,12342.75,12169.75,145.5,53.0,0.18213058419243985,time,1,L
2022-05-11 09:44:00-04:00,2022-05-11 09:44:00-04:00,2022-05-11 13:05:00-04:00,L,12337.0,12099.75,12100.0,237.0,-476.5,-1.0052742616033756,SL,1,L
2022-05-12 11:44:00-04:00,2022-05-12 11:44:00-04:00,2022-05-12 13:56:00-04:00,S,11966.0,11716.25,12133.0,167.0,497.5,1.4895209580838322,TP,1,S
2022-05-13 13:19:00-04:00,2022-05-13 13:19:00-04:00,2022-05-13 14:02:00-04:00,S,12359.25,12261.5,12425.0,65.75,193.5,1.4714828897338403,TP,1,S
2022-05-13 14:54:00-04:00,2022-05-13 14:54:00-04:00,2022-05-13 15:59:00-04:00,L,12350.0,12384.5,12218.0,132.0,67.0,0.2537878787878788,time,1,L
2022-05-16 10:19:00-04:00,2022-05-16 10:19:00-04:00,2022-05-16 11:00:00-04:00,L,12333.25,12202.75,12203.0,130.25,-263.0,-1.0095969289827256,SL,1,L
2022-05-16 11:44:00-04:00,2022-05-16 11:44:00-04:00,2022-05-16 15:59:00-04:00,L,12284.75,12247.0,12189.5,95.25,-77.5,-0.4068241469816273,time,1,L
2022-05-17 11:29:00-04:00,2022-05-17 11:29:00-04:00,2022-05-17 15:59:00-04:00,L,12439.75,12563.25,12331.75,108.0,245.0,1.1342592592592593,time,1,L
2022-05-19 12:39:00-04:00,2022-05-19 12:39:00-04:00,2022-05-19 15:59:00-04:00,S,11952.25,11877.5,12068.25,116.0,147.5,0.6357758620689655,time,1,S
2022-05-23 12:54:00-04:00,2022-05-23 12:54:00-04:00,2022-05-23 14:45:00-04:00,S,11975.25,12052.5,12052.25,77.0,-156.5,-1.0162337662337662,SL,1,S
2022-05-23 14:59:00-04:00,2022-05-23 14:59:00-04:00,2022-05-23 15:59:00-04:00,S,11995.25,12035.0,12054.25,59.0,-81.5,-0.690677966101695,time,1,S
2022-05-24 12:44:00-04:00,2022-05-24 12:44:00-04:00,2022-05-24 15:37:00-04:00,S,11672.25,11807.5,11807.25,135.0,-272.5,-1.0092592592592593,SL,1,S
2022-05-25 11:39:00-04:00,2022-05-25 11:39:00-04:00,2022-05-25 14:02:00-04:00,S,11835.75,11903.25,11903.0,67.25,-137.0,-1.0185873605947955,SL,1,S
2022-05-26 09:39:00-04:00,2022-05-26 09:39:00-04:00,2022-05-26 11:04:00-04:00,L,12029.25,12224.25,11898.75,130.5,388.0,1.4865900383141764,TP,1,L
2022-05-27 13:44:00-04:00,2022-05-27 13:44:00-04:00,2022-05-27 14:20:00-04:00,S,12571.5,12600.75,12600.5,29.0,-60.5,-1.043103448275862,SL,1,S
2022-05-31 09:39:00-04:00,2022-05-31 09:39:00-04:00,2022-05-31 11:51:00-04:00,S,12561.0,12689.25,12689.0,128.0,-258.5,-1.009765625,SL,1,S
2022-05-31 13:24:00-04:00,2022-05-31 13:24:00-04:00,2022-05-31 13:56:00-04:00,S,12679.5,12757.25,12757.0,77.5,-157.5,-1.0161290322580645,SL,1,S
2022-05-31 14:44:00-04:00,2022-05-31 14:44:00-04:00,2022-05-31 15:59:00-04:00,S,12680.75,12645.5,12768.5,87.75,68.5,0.3903133903133903,time,1,S
2022-06-01 10:09:00-04:00,2022-06-01 10:09:00-04:00,2022-06-01 11:23:00-04:00,S,12710.5,12541.75,12823.5,113.0,335.5,1.4845132743362832,TP,1,S
2022-06-01 13:09:00-04:00,2022-06-01 13:09:00-04:00,2022-06-01 14:45:00-04:00,L,12536.0,12657.25,12454.5,81.5,240.5,1.4754601226993864,TP,1,L
2022-06-02 10:14:00-04:00,2022-06-02 10:14:00-04:00,2022-06-02 15:51:00-04:00,L,12618.0,12881.25,12442.0,176.0,524.5,1.4900568181818181,TP,1,L
2022-06-03 13:39:00-04:00,2022-06-03 13:39:00-04:00,2022-06-03 15:59:00-04:00,S,12571.25,12554.0,12647.0,75.75,32.5,0.2145214521452145,time,1,S
2022-06-06 11:09:00-04:00,2022-06-06 11:09:00-04:00,2022-06-06 12:02:00-04:00,S,12728.25,12609.5,12808.0,79.75,235.5,1.4764890282131662,TP,1,S
2022-06-06 13:39:00-04:00,2022-06-06 13:39:00-04:00,2022-06-06 15:20:00-04:00,L,12632.5,12555.0,12555.25,77.25,-157.0,-1.0161812297734627,SL,1,L
2022-06-07 09:34:00-04:00,2022-06-07 09:34:00-04:00,2022-06-07 10:28:00-04:00,L,12481.0,12584.0,12411.75,69.25,204.0,1.4729241877256318,TP,1,L
2022-06-07 14:44:00-04:00,2022-06-07 14:44:00-04:00,2022-06-07 15:34:00-04:00,S,12655.25,12705.0,12704.75,49.5,-101.5,-1.0252525252525253,SL,1,S
2022-06-08 10:59:00-04:00,2022-06-08 10:59:00-04:00,2022-06-08 11:17:00-04:00,S,12714.75,12767.5,12767.25,52.5,-107.5,-1.0238095238095237,SL,1,S
2022-06-08 11:44:00-04:00,2022-06-08 11:44:00-04:00,2022-06-08 12:32:00-04:00,S,12728.75,12660.75,12774.75,46.0,134.0,1.4565217391304348,TP,1,S
2022-06-09 09:54:00-04:00,2022-06-09 09:54:00-04:00,2022-06-09 13:44:00-04:00,L,12632.0,12505.75,12506.0,126.0,-254.5,-1.0099206349206349,SL,1,L
2022-06-10 13:29:00-04:00,2022-06-10 13:29:00-04:00,2022-06-10 15:25:00-04:00,L,11882.0,11951.25,11835.25,46.75,136.5,1.4598930481283423,TP,1,L
2022-06-13 11:24:00-04:00,2022-06-13 11:24:00-04:00,2022-06-13 15:15:00-04:00,L,11416.75,11317.25,11317.5,99.25,-201.0,-1.012594458438287,SL,1,L
2022-06-14 09:34:00-04:00,2022-06-14 09:34:00-04:00,2022-06-14 09:44:00-04:00,S,11362.25,11265.25,11427.5,65.25,192.0,1.471264367816092,TP,1,S
2022-06-14 11:34:00-04:00,2022-06-14 11:34:00-04:00,2022-06-14 15:07:00-04:00,L,11326.75,11254.25,11254.5,72.25,-147.0,-1.0173010380622838,SL,1,L
2022-06-17 09:39:00-04:00,2022-06-17 09:39:00-04:00,2022-06-17 10:33:00-04:00,L,11253.75,11167.25,11167.5,86.25,-175.0,-1.0144927536231885,SL,1,L
2022-06-17 11:09:00-04:00,2022-06-17 11:09:00-04:00,2022-06-17 15:59:00-04:00,L,11266.0,11292.25,11120.0,146.0,50.5,0.17294520547945205,time,1,L
2022-06-20 10:09:00-04:00,2022-06-20 10:09:00-04:00,2022-06-20 12:06:00-04:00,L,11370.0,11425.0,11332.75,37.25,108.0,1.4496644295302012,TP,1,L
2022-06-21 13:14:00-04:00,2022-06-21 13:14:00-04:00,2022-06-21 13:43:00-04:00,L,11639.25,11597.5,11597.75,41.5,-85.5,-1.0301204819277108,SL,1,L
2022-06-21 14:54:00-04:00,2022-06-21 14:54:00-04:00,2022-06-21 15:56:00-04:00,L,11612.0,11576.0,11576.25,35.75,-74.0,-1.034965034965035,SL,1,L
2022-06-22 11:49:00-04:00,2022-06-22 11:49:00-04:00,2022-06-22 14:16:00-04:00,S,11629.75,11716.25,11716.0,86.25,-175.0,-1.0144927536231885,SL,1,S
2022-06-22 14:49:00-04:00,2022-06-22 14:49:00-04:00,2022-06-22 15:49:00-04:00,S,11647.25,11541.25,11718.5,71.25,210.0,1.4736842105263157,TP,1,S
2022-06-23 09:39:00-04:00,2022-06-23 09:39:00-04:00,2022-06-23 10:06:00-04:00,S,11567.25,11684.25,11684.0,116.75,-236.0,-1.0107066381156318,SL,1,S
2022-06-23 11:39:00-04:00,2022-06-23 11:39:00-04:00,2022-06-23 15:47:00-04:00,S,11661.25,11744.25,11744.0,82.75,-168.0,-1.0151057401812689,SL,1,S
2022-06-24 11:19:00-04:00,2022-06-24 11:19:00-04:00,2022-06-24 15:42:00-04:00,S,11970.5,12062.25,12062.0,91.5,-185.5,-1.0136612021857923,SL,1,S
2022-06-27 10:49:00-04:00,2022-06-27 10:49:00-04:00,2022-06-27 15:03:00-04:00,L,12110.75,12024.5,12024.75,86.0,-174.5,-1.0145348837209303,SL,1,L
2022-06-28 09:34:00-04:00,2022-06-28 09:34:00-04:00,2022-06-28 10:06:00-04:00,L,12145.25,12046.75,12047.0,98.25,-199.0,-1.0127226463104326,SL,1,L
2022-06-29 11:14:00-04:00,2022-06-29 11:14:00-04:00,2022-06-29 15:59:00-04:00,S,11676.5,11689.5,11749.25,72.75,-28.0,-0.19243986254295534,time,1,S
2022-06-30 10:54:00-04:00,2022-06-30 10:54:00-04:00,2022-06-30 12:25:00-04:00,L,11465.0,11635.75,11350.5,114.5,339.5,1.482532751091703,TP,1,L
2022-06-30 13:14:00-04:00,2022-06-30 13:14:00-04:00,2022-06-30 15:59:00-04:00,S,11571.0,11539.0,11685.5,114.5,62.0,0.27074235807860264,time,1,S
2022-07-01 09:34:00-04:00,2022-07-01 09:34:00-04:00,2022-07-01 09:46:00-04:00,S,11465.25,11536.0,11535.75,70.5,-143.5,-1.0177304964539007,SL,1,S
2022-07-01 11:14:00-04:00,2022-07-01 11:14:00-04:00,2022-07-01 15:59:00-04:00,L,11495.5,11612.5,11401.0,94.5,232.0,1.2275132275132274,time,1,L
2022-07-04 11:04:00-04:00,2022-07-04 11:04:00-04:00,2022-07-04 12:49:00-04:00,L,11554.0,11556.75,11531.0,23.0,3.5,0.07608695652173914,time,1,L
2022-07-05 10:14:00-04:00,2022-07-05 10:14:00-04:00,2022-07-05 13:36:00-04:00,L,11508.25,11687.0,11388.5,119.75,355.5,1.4843423799582462,TP,1,L
2022-07-06 09:49:00-04:00,2022-07-06 09:49:00-04:00,2022-07-06 14:06:00-04:00,S,11767.25,11884.25,11884.0,116.75,-236.0,-1.0107066381156318,SL,1,S
2022-07-06 14:19:00-04:00,2022-07-06 14:19:00-04:00,2022-07-06 14:33:00-04:00,S,11804.25,11911.75,11911.5,107.25,-217.0,-1.0116550116550116,SL,1,S
2022-07-08 09:39:00-04:00,2022-07-08 09:39:00-04:00,2022-07-08 15:59:00-04:00,L,12068.0,12155.0,11961.5,106.5,172.0,0.8075117370892019,time,1,L
2022-07-11 12:39:00-04:00,2022-07-11 12:39:00-04:00,2022-07-11 15:02:00-04:00,L,11941.75,11896.5,11896.75,45.0,-92.5,-1.0277777777777777,SL,1,L
2022-07-12 11:09:00-04:00,2022-07-12 11:09:00-04:00,2022-07-12 15:00:00-04:00,L,11897.25,11821.0,11821.25,76.0,-154.5,-1.0164473684210527,SL,1,L
2022-07-13 09:49:00-04:00,2022-07-13 09:49:00-04:00,2022-07-13 15:59:00-04:00,L,11696.75,11755.5,11522.25,174.5,115.5,0.330945558739255,time,1,L
2022-07-14 10:54:00-04:00,2022-07-14 10:54:00-04:00,2022-07-14 13:47:00-04:00,L,11600.5,11734.25,11510.75,89.75,265.5,1.4791086350974931,TP,1,L
2022-07-15 09:54:00-04:00,2022-07-15 09:54:00-04:00,2022-07-15 10:00:00-04:00,S,11865.75,11985.5,11985.25,119.5,-241.5,-1.0104602510460252,SL,1,S
2022-07-15 12:09:00-04:00,2022-07-15 12:09:00-04:00,2022-07-15 14:49:00-04:00,S,11938.75,11996.5,11996.25,57.5,-117.5,-1.0217391304347827,SL,1,S
2022-07-18 09:34:00-04:00,2022-07-18 09:34:00-04:00,2022-07-18 13:33:00-04:00,L,12137.25,12089.5,12089.75,47.5,-97.5,-1.0263157894736843,SL,1,L
2022-07-19 09:49:00-04:00,2022-07-19 09:49:00-04:00,2022-07-19 10:27:00-04:00,S,12008.5,12081.25,12081.0,72.5,-147.5,-1.0172413793103448,SL,1,S
2022-07-20 12:44:00-04:00,2022-07-20 12:44:00-04:00,2022-07-20 15:59:00-04:00,S,12447.25,12466.25,12517.75,70.5,-40.0,-0.28368794326241137,time,1,S
2022-07-21 10:59:00-04:00,2022-07-21 10:59:00-04:00,2022-07-21 15:08:00-04:00,L,12476.75,12631.25,12373.25,103.5,307.0,1.4830917874396135,TP,1,L
2022-07-22 09:34:00-04:00,2022-07-22 09:34:00-04:00,2022-07-22 09:37:00-04:00,S,12589.25,12619.75,12619.5,30.25,-63.0,-1.0413223140495869,SL,1,S
2022-07-25 11:34:00-04:00,2022-07-25 11:34:00-04:00,2022-07-25 14:21:00-04:00,L,12379.0,12302.5,12302.75,76.25,-155.0,-1.0163934426229508,SL,1,L
2022-07-27 12:59:00-04:00,2022-07-27 12:59:00-04:00,2022-07-27 14:03:00-04:00,S,12428.25,12476.25,12476.0,47.75,-98.0,-1.0261780104712042,SL,1,S
2022-07-27 14:04:00-04:00,2022-07-27 14:04:00-04:00,2022-07-27 14:06:00-04:00,L,12469.25,12420.25,12420.5,48.75,-100.0,-1.0256410256410255,SL,1,L
2022-07-28 09:44:00-04:00,2022-07-28 09:44:00-04:00,2022-07-28 11:26:00-04:00,S,12519.75,12654.75,12654.5,134.75,-272.0,-1.0092764378478665,SL,1,S
2022-07-28 13:04:00-04:00,2022-07-28 13:04:00-04:00,2022-07-28 13:21:00-04:00,S,12635.0,12679.75,12679.5,44.5,-91.5,-1.0280898876404494,SL,1,S
2022-07-29 09:44:00-04:00,2022-07-29 09:44:00-04:00,2022-07-29 15:29:00-04:00,L,12843.25,12991.25,12744.0,99.25,294.0,1.4811083123425692,TP,1,L
2022-08-01 09:44:00-04:00,2022-08-01 09:44:00-04:00,2022-08-01 10:54:00-04:00,L,12951.5,13101.25,12851.0,100.5,297.5,1.4800995024875623,TP,1,L
2022-08-01 12:14:00-04:00,2022-08-01 12:14:00-04:00,2022-08-01 13:46:00-04:00,S,13017.25,12905.25,13092.5,75.25,222.0,1.4750830564784052,TP,1,S
2022-08-02 13:29:00-04:00,2022-08-02 13:29:00-04:00,2022-08-02 15:59:00-04:00,S,12988.75,12922.25,13097.25,108.5,131.0,0.6036866359447005,time,1,S
2022-08-04 11:49:00-04:00,2022-08-04 11:49:00-04:00,2022-08-04 15:59:00-04:00,L,13262.75,13330.5,13198.25,64.5,133.5,1.0348837209302326,time,1,L
2022-08-05 10:04:00-04:00,2022-08-05 10:04:00-04:00,2022-08-05 11:27:00-04:00,L,13228.5,13107.0,13107.25,121.25,-245.0,-1.0103092783505154,SL,1,L
2022-08-05 13:59:00-04:00,2022-08-05 13:59:00-04:00,2022-08-05 15:59:00-04:00,S,13192.0,13226.75,13242.5,50.5,-71.5,-0.7079207920792079,time,1,S
2022-08-08 10:49:00-04:00,2022-08-08 10:49:00-04:00,2022-08-08 12:17:00-04:00,S,13323.0,13178.75,13419.75,96.75,286.5,1.4806201550387597,TP,1,S
2022-08-09 11:19:00-04:00,2022-08-09 11:19:00-04:00,2022-08-09 12:23:00-04:00,L,13051.5,12983.25,12983.5,68.0,-138.5,-1.0183823529411764,SL,1,L
2022-08-09 13:24:00-04:00,2022-08-09 13:24:00-04:00,2022-08-09 15:25:00-04:00,L,13003.75,13058.0,12967.0,36.75,106.5,1.4489795918367347,TP,1,L
2022-08-10 10:19:00-04:00,2022-08-10 10:19:00-04:00,2022-08-10 11:01:00-04:00,S,13257.5,13355.5,13355.25,97.75,-198.0,-1.0127877237851663,SL,1,S
2022-08-10 12:19:00-04:00,2022-08-10 12:19:00-04:00,2022-08-10 13:55:00-04:00,S,13332.0,13389.0,13388.75,56.75,-116.0,-1.0220264317180616,SL,1,S
2022-08-10 14:49:00-04:00,2022-08-10 14:49:00-04:00,2022-08-10 15:27:00-04:00,S,13352.25,13381.75,13381.5,29.25,-61.0,-1.0427350427350428,SL,1,S
2022-08-11 09:34:00-04:00,2022-08-11 09:34:00-04:00,2022-08-11 09:42:00-04:00,S,13459.75,13511.0,13510.75,51.0,-104.5,-1.0245098039215685,SL,1,S
2022-08-11 10:44:00-04:00,2022-08-11 10:44:00-04:00,2022-08-11 11:19:00-04:00,S,13500.25,13387.5,13576.0,75.75,223.5,1.4752475247524752,TP,1,S
2022-08-11 12:34:00-04:00,2022-08-11 12:34:00-04:00,2022-08-11 14:03:00-04:00,L,13428.0,13360.75,13361.0,67.0,-136.5,-1.0186567164179106,SL,1,L
2022-08-12 10:44:00-04:00,2022-08-12 10:44:00-04:00,2022-08-12 11:03:00-04:00,S,13405.5,13462.75,13462.5,57.0,-116.5,-1.0219298245614035,SL,1,S
2022-08-16 11:14:00-04:00,2022-08-16 11:14:00-04:00,2022-08-16 14:02:00-04:00,L,13598.75,13712.25,13522.5,76.25,225.0,1.4754098360655739,TP,1,L
2022-08-16 14:34:00-04:00,2022-08-16 14:34:00-04:00,2022-08-16 14:46:00-04:00,S,13682.5,13596.0,13740.75,58.25,171.0,1.4678111587982832,TP,1,S
2022-08-17 12:24:00-04:00,2022-08-17 12:24:00-04:00,2022-08-17 14:03:00-04:00,L,13463.5,13548.75,13406.0,57.5,168.5,1.4652173913043478,TP,1,L
2022-08-18 10:39:00-04:00,2022-08-18 10:39:00-04:00,2022-08-18 15:59:00-04:00,L,13489.75,13528.25,13422.25,67.5,75.0,0.5555555555555556,time,1,L
2022-08-19 12:39:00-04:00,2022-08-19 12:39:00-04:00,2022-08-19 13:30:00-04:00,L,13294.0,13254.5,13254.75,39.25,-81.0,-1.0318471337579618,SL,1,L
2022-08-19 14:49:00-04:00,2022-08-19 14:49:00-04:00,2022-08-19 14:57:00-04:00,L,13269.75,13246.25,13246.5,23.25,-49.0,-1.053763440860215,SL,1,L
2022-08-22 09:34:00-04:00,2022-08-22 09:34:00-04:00,2022-08-22 10:58:00-04:00,S,13037.25,12955.75,13092.25,55.0,161.0,1.4636363636363636,TP,1,S
2022-08-22 11:59:00-04:00,2022-08-22 11:59:00-04:00,2022-08-22 13:25:00-04:00,L,12990.5,12945.0,12945.25,45.25,-93.0,-1.0276243093922652,SL,1,L
2022-08-23 09:34:00-04:00,2022-08-23 09:34:00-04:00,2022-08-23 09:44:00-04:00,L,12934.5,12877.5,12877.75,56.75,-116.0,-1.0220264317180616,SL,1,L
2022-08-23 10:54:00-04:00,2022-08-23 10:54:00-04:00,2022-08-23 15:59:00-04:00,S,12916.25,12899.0,13019.25,103.0,32.5,0.15776699029126215,time,1,S
2022-08-24 10:14:00-04:00,2022-08-24 10:14:00-04:00,2022-08-24 11:45:00-04:00,L,12909.5,12994.75,12852.0,57.5,168.5,1.4652173913043478,TP,1,L
2022-08-24 12:39:00-04:00,2022-08-24 12:39:00-04:00,2022-08-24 15:59:00-04:00,S,12968.25,12934.25,13012.25,44.0,66.0,0.75,time,1,S
2022-08-25 11:09:00-04:00,2022-08-25 11:09:00-04:00,2022-08-25 15:43:00-04:00,S,13053.25,13118.75,13118.5,65.25,-133.0,-1.0191570881226053,SL,1,S
2022-08-26 09:39:00-04:00,2022-08-26 09:39:00-04:00,2022-08-26 10:02:00-04:00,S,13136.25,13011.25,13220.25,84.0,248.0,1.4761904761904763,TP,1,S
2022-08-29 10:39:00-04:00,2022-08-29 10:39:00-04:00,2022-08-29 15:59:00-04:00,S,12504.25,12495.0,12610.25,106.0,16.5,0.07783018867924528,time,1,S
2022-08-30 14:04:00-04:00,2022-08-30 14:04:00-04:00,2022-08-30 15:59:00-04:00,L,12313.75,12353.5,12247.25,66.5,77.5,0.5827067669172933,time,1,L
2022-08-31 09:34:00-04:00,2022-08-31 09:34:00-04:00,2022-08-31 09:47:00-04:00,S,12411.0,12498.75,12498.5,87.5,-177.5,-1.0142857142857142,SL,1,S
2022-08-31 11:59:00-04:00,2022-08-31 11:59:00-04:00,2022-08-31 13:38:00-04:00,L,12390.5,12302.25,12302.5,88.0,-178.5,-1.0142045454545454,SL,1,L
2022-09-01 09:59:00-04:00,2022-09-01 09:59:00-04:00,2022-09-01 10:02:00-04:00,L,12190.75,12139.75,12140.0,50.75,-104.0,-1.0246305418719213,SL,1,L
2022-09-01 13:09:00-04:00,2022-09-01 13:09:00-04:00,2022-09-01 14:22:00-04:00,L,12073.75,12156.5,12018.0,55.75,163.5,1.4663677130044843,TP,1,L
2022-09-02 09:44:00-04:00,2022-09-02 09:44:00-04:00,2022-09-02 10:31:00-04:00,S,12302.5,12421.5,12421.25,118.75,-240.0,-1.0105263157894737,SL,1,S
2022-09-02 12:14:00-04:00,2022-09-02 12:14:00-04:00,2022-09-02 12:22:00-04:00,S,12389.0,12320.25,12435.5,46.5,135.5,1.456989247311828,TP,1,S
2022-09-05 12:14:00-04:00,2022-09-05 12:14:00-04:00,2022-09-05 12:49:00-04:00,L,12158.5,12128.75,12129.0,29.5,-61.5,-1.0423728813559323,SL,1,L
2022-09-06 10:54:00-04:00,2022-09-06 10:54:00-04:00,2022-09-06 15:59:00-04:00,L,12084.75,12021.25,11929.75,155.0,-129.0,-0.4161290322580645,time,1,L
2022-09-07 10:24:00-04:00,2022-09-07 10:24:00-04:00,2022-09-07 11:11:00-04:00,S,12047.5,12128.25,12128.0,80.5,-163.5,-1.015527950310559,SL,1,S
2022-09-07 12:24:00-04:00,2022-09-07 12:24:00-04:00,2022-09-07 12:41:00-04:00,S,12110.75,12162.5,12162.25,51.5,-105.5,-1.0242718446601942,SL,1,S
2022-09-08 09:49:00-04:00,2022-09-08 09:49:00-04:00,2022-09-08 11:06:00-04:00,L,12217.5,12367.75,12116.75,100.75,298.5,1.4813895781637718,TP,1,L
2022-09-08 12:04:00-04:00,2022-09-08 12:04:00-04:00,2022-09-08 15:59:00-04:00,S,12235.25,12326.5,12379.75,144.5,-184.5,-0.6384083044982699,time,1,S
2022-09-09 12:04:00-04:00,2022-09-09 12:04:00-04:00,2022-09-09 13:11:00-04:00,S,12529.0,12581.25,12581.0,52.0,-106.5,-1.0240384615384615,SL,1,S
2022-09-09 14:34:00-04:00,2022-09-09 14:34:00-04:00,2022-09-09 15:12:00-04:00,S,12574.75,12600.0,12599.75,25.0,-52.5,-1.05,SL,1,S
2022-09-12 11:04:00-04:00,2022-09-12 11:04:00-04:00,2022-09-12 15:59:00-04:00,S,12683.5,12743.0,12756.25,72.75,-121.0,-0.8316151202749141,time,1,S
2022-09-13 14:04:00-04:00,2022-09-13 14:04:00-04:00,2022-09-13 15:10:00-04:00,S,12198.0,12111.5,12256.25,58.25,171.0,1.4678111587982832,TP,1,S
2022-09-16 10:14:00-04:00,2022-09-16 10:14:00-04:00,2022-09-16 12:27:00-04:00,L,11869.0,11779.5,11779.75,89.25,-181.0,-1.0140056022408963,SL,1,L
2022-09-16 12:49:00-04:00,2022-09-16 12:49:00-04:00,2022-09-16 15:05:00-04:00,L,11835.25,11920.75,11777.75,57.5,169.0,1.4695652173913043,TP,1,L
2022-09-19 11:29:00-04:00,2022-09-19 11:29:00-04:00,2022-09-19 15:03:00-04:00,S,11903.25,11979.25,11979.0,75.75,-154.0,-1.0165016501650166,SL,1,S
2022-09-20 10:09:00-04:00,2022-09-20 10:09:00-04:00,2022-09-20 11:56:00-04:00,L,11938.5,12016.0,11886.25,52.25,153.0,1.4641148325358853,TP,1,L
2022-09-20 12:29:00-04:00,2022-09-20 12:29:00-04:00,2022-09-20 13:30:00-04:00,S,11962.75,11872.75,12023.25,60.5,178.0,1.4710743801652892,TP,1,S
2022-09-20 14:49:00-04:00,2022-09-20 14:49:00-04:00,2022-09-20 15:59:00-04:00,L,11905.75,11925.5,11832.25,73.5,37.5,0.25510204081632654,time,1,L
2022-09-21 09:34:00-04:00,2022-09-21 09:34:00-04:00,2022-09-21 09:48:00-04:00,S,11940.5,11985.25,11985.0,44.5,-91.5,-1.0280898876404494,SL,1,S
2022-09-21 13:14:00-04:00,2022-09-21 13:14:00-04:00,2022-09-21 13:47:00-04:00,S,11977.5,12010.5,12010.25,32.75,-68.0,-1.0381679389312977,SL,1,S
2022-09-21 14:04:00-04:00,2022-09-21 14:04:00-04:00,2022-09-21 14:44:00-04:00,S,11790.75,12068.25,12068.0,277.25,-557.0,-1.0045085662759243,SL,1,S
2022-09-22 11:49:00-04:00,2022-09-22 11:49:00-04:00,2022-09-22 15:59:00-04:00,L,11584.25,11562.5,11509.75,74.5,-45.5,-0.3053691275167785,time,1,L
2022-09-23 09:44:00-04:00,2022-09-23 09:44:00-04:00,2022-09-23 12:31:00-04:00,S,11408.5,11299.25,11482.0,73.5,216.5,1.4727891156462585,TP,1,S
2022-09-23 12:54:00-04:00,2022-09-23 12:54:00-04:00,2022-09-23 14:11:00-04:00,L,11361.0,11296.75,11297.0,64.0,-130.5,-1.01953125,SL,1,L
2022-09-26 14:04:00-04:00,2022-09-26 14:04:00-04:00,2022-09-26 15:59:00-04:00,L,11353.75,11319.5,11293.0,60.75,-70.5,-0.5802469135802469,time,1,L
2022-09-27 09:39:00-04:00,2022-09-27 09:39:00-04:00,2022-09-27 10:00:00-04:00,L,11550.5,11457.75,11458.0,92.5,-187.5,-1.0135135135135136,SL,1,L
2022-09-27 14:39:00-04:00,2022-09-27 14:39:00-04:00,2022-09-27 15:59:00-04:00,L,11320.5,11332.5,11242.0,78.5,22.0,0.14012738853503184,time,1,L
2022-09-28 09:34:00-04:00,2022-09-28 09:34:00-04:00,2022-09-28 10:00:00-04:00,S,11281.5,11356.25,11356.0,74.5,-151.5,-1.016778523489933,SL,1,S
2022-09-29 11:49:00-04:00,2022-09-29 11:49:00-04:00,2022-09-29 12:57:00-04:00,L,11247.0,11190.25,11190.5,56.5,-115.5,-1.0221238938053097,SL,1,L
2022-09-30 11:44:00-04:00,2022-09-30 11:44:00-04:00,2022-09-30 14:47:00-04:00,S,11264.75,11126.75,11357.25,92.5,274.0,1.481081081081081,TP,1,S
2022-10-03 09:34:00-04:00,2022-10-03 09:34:00-04:00,2022-10-03 10:00:00-04:00,S,11081.0,11136.25,11136.0,55.0,-112.5,-1.0227272727272727,SL,1,S
2022-10-03 11:44:00-04:00,2022-10-03 11:44:00-04:00,2022-10-03 13:22:00-04:00,S,11174.75,11237.25,11237.0,62.25,-127.0,-1.0200803212851406,SL,1,S
2022-10-04 13:54:00-04:00,2022-10-04 13:54:00-04:00,2022-10-04 15:59:00-04:00,L,11608.75,11643.5,11523.75,85.0,67.5,0.39705882352941174,time,1,L
2022-10-06 10:04:00-04:00,2022-10-06 10:04:00-04:00,2022-10-06 15:59:00-04:00,S,11580.25,11542.75,11722.0,141.75,73.0,0.25749559082892415,time,1,S
2022-10-10 09:34:00-04:00,2022-10-10 09:34:00-04:00,2022-10-10 10:39:00-04:00,S,11062.75,10952.75,11136.75,74.0,218.0,1.472972972972973,TP,1,S
2022-10-10 11:49:00-04:00,2022-10-10 11:49:00-04:00,2022-10-10 12:23:00-04:00,L,10992.5,10926.25,10926.5,66.0,-134.5,-1.018939393939394,SL,1,L
2022-10-10 13:34:00-04:00,2022-10-10 13:34:00-04:00,2022-10-10 13:52:00-04:00,L,10953.25,11067.5,10876.5,76.75,226.5,1.47557003257329,TP,1,L
2022-10-11 10:44:00-04:00,2022-10-11 10:44:00-04:00,2022-10-11 12:44:00-04:00,L,10879.5,11015.5,10788.25,91.25,270.0,1.4794520547945205,TP,1,L
2022-10-11 13:29:00-04:00,2022-10-11 13:29:00-04:00,2022-10-11 14:55:00-04:00,S,10959.5,10839.75,11040.0,80.5,237.5,1.4751552795031055,TP,1,S
2022-10-12 09:44:00-04:00,2022-10-12 09:44:00-04:00,2022-10-12 15:59:00-04:00,L,10928.75,10836.5,10805.5,123.25,-186.5,-0.7565922920892495,time,1,L
2022-10-13 14:29:00-04:00,2022-10-13 14:29:00-04:00,2022-10-13 14:54:00-04:00,S,11010.25,11091.5,11091.25,81.0,-164.5,-1.0154320987654322,SL,1,S
2022-10-14 09:34:00-04:00,2022-10-14 09:34:00-04:00,2022-10-14 10:00:00-04:00,S,11125.75,10934.25,11254.0,128.25,381.0,1.4853801169590644,TP,1,S
2022-10-14 13:59:00-04:00,2022-10-14 13:59:00-04:00,2022-10-14 14:16:00-04:00,L,10850.75,10793.0,10793.25,57.5,-117.5,-1.0217391304347827,SL,1,L
2022-10-17 14:34:00-04:00,2022-10-17 14:34:00-04:00,2022-10-17 15:59:00-04:00,S,11103.5,11111.0,11145.75,42.25,-17.0,-0.20118343195266272,time,1,S
2022-10-18 09:39:00-04:00,2022-10-18 09:39:00-04:00,2022-10-18 10:31:00-04:00,S,11359.75,11252.25,11432.0,72.25,213.0,1.4740484429065743,TP,1,S
2022-10-18 12:19:00-04:00,2022-10-18 12:19:00-04:00,2022-10-18 14:48:00-04:00,L,11211.25,11083.5,11083.75,127.5,-257.5,-1.0098039215686274,SL,1,L
2022-10-19 09:34:00-04:00,2022-10-19 09:34:00-04:00,2022-10-19 13:02:00-04:00,L,11190.75,11106.0,11106.25,84.5,-171.5,-1.014792899408284,SL,1,L
2022-10-19 14:09:00-04:00,2022-10-19 14:09:00-04:00,2022-10-19 15:59:00-04:00,L,11130.0,11154.5,11066.5,63.5,47.0,0.3700787401574803,time,1,L
2022-10-20 09:44:00-04:00,2022-10-20 09:44:00-04:00,2022-10-20 10:09:00-04:00,L,11162.75,11283.0,11082.0,80.75,238.5,1.4767801857585139,TP,1,L
2022-10-20 12:04:00-04:00,2022-10-20 12:04:00-04:00,2022-10-20 13:06:00-04:00,S,11248.75,11143.25,11319.75,71.0,209.0,1.471830985915493,TP,1,S
2022-10-21 10:59:00-04:00,2022-10-21 10:59:00-04:00,2022-10-21 11:57:00-04:00,S,11089.0,11205.75,11205.5,116.5,-235.5,-1.0107296137339057,SL,1,S
2022-10-24 10:54:00-04:00,2022-10-24 10:54:00-04:00,2022-10-24 15:16:00-04:00,L,11331.0,11515.25,11207.5,123.5,366.5,1.4838056680161944,TP,1,L
2022-10-25 12:49:00-04:00,2022-10-25 12:49:00-04:00,2022-10-25 15:25:00-04:00,S,11660.0,11706.5,11706.25,46.25,-95.0,-1.027027027027027,SL,1,S
2022-10-27 10:19:00-04:00,2022-10-27 10:19:00-04:00,2022-10-27 12:28:00-04:00,L,11423.0,11263.0,11263.25,159.75,-322.0,-1.0078247261345852,SL,1,L
2022-10-27 13:09:00-04:00,2022-10-27 13:09:00-04:00,2022-10-27 14:10:00-04:00,L,11324.5,11246.75,11247.0,77.5,-157.5,-1.0161290322580645,SL,1,L
2022-10-31 12:39:00-04:00,2022-10-31 12:39:00-04:00,2022-10-31 15:59:00-04:00,S,11451.75,11448.5,11513.5,61.75,4.5,0.03643724696356275,time,1,S
2022-11-01 14:09:00-04:00,2022-11-01 14:09:00-04:00,2022-11-01 15:59:00-04:00,L,11359.25,11330.5,11323.5,35.75,-59.5,-0.8321678321678322,time,1,L
2022-11-02 12:59:00-04:00,2022-11-02 12:59:00-04:00,2022-11-02 14:00:00-04:00,L,11235.75,11302.25,11190.75,45.0,131.0,1.4555555555555555,TP,1,L
2022-11-02 14:49:00-04:00,2022-11-02 14:49:00-04:00,2022-11-02 15:28:00-04:00,S,11274.5,10997.25,11460.0,185.5,552.5,1.4892183288409704,TP,1,S
2022-11-03 10:29:00-04:00,2022-11-03 10:29:00-04:00,2022-11-03 15:59:00-04:00,L,10843.0,10724.25,10707.75,135.25,-239.5,-0.8853974121996303,time,1,L
2022-11-04 09:44:00-04:00,2022-11-04 09:44:00-04:00,2022-11-04 10:41:00-04:00,S,10741.0,10964.25,10964.0,223.0,-448.5,-1.0056053811659194,SL,1,S
2022-11-04 11:09:00-04:00,2022-11-04 11:09:00-04:00,2022-11-04 12:02:00-04:00,S,10862.75,10696.0,10974.5,111.75,331.5,1.483221476510067,TP,1,S
2022-11-04 14:19:00-04:00,2022-11-04 14:19:00-04:00,2022-11-04 15:05:00-04:00,L,10729.25,10828.5,10662.5,66.75,196.5,1.4719101123595506,TP,1,L
2022-11-07 10:14:00-05:00,2022-11-07 10:14:00-05:00,2022-11-07 15:32:00-05:00,L,10924.0,11038.25,10847.25,76.75,226.5,1.47557003257329,TP,1,L
2022-11-08 09:34:00-05:00,2022-11-08 09:34:00-05:00,2022-11-08 10:21:00-05:00,S,11046.5,11105.25,11105.0,58.5,-119.5,-1.0213675213675213,SL,1,S
2022-11-08 13:24:00-05:00,2022-11-08 13:24:00-05:00,2022-11-08 14:10:00-05:00,S,11137.25,11014.75,11219.5,82.25,243.0,1.4772036474164134,TP,1,S
2022-11-09 10:09:00-05:00,2022-11-09 10:09:00-05:00,2022-11-09 10:34:00-05:00,L,11037.0,10960.5,10960.75,76.25,-155.0,-1.0163934426229508,SL,1,L
2022-11-10 12:39:00-05:00,2022-11-10 12:39:00-05:00,2022-11-10 13:47:00-05:00,S,11436.75,11499.0,11498.75,62.0,-126.5,-1.0201612903225807,SL,1,S
2022-11-11 10:14:00-05:00,2022-11-11 10:14:00-05:00,2022-11-11 15:59:00-05:00,L,11712.75,11847.75,11569.25,143.5,268.0,0.9337979094076655,time,1,L
2022-11-14 10:09:00-05:00,2022-11-14 10:09:00-05:00,2022-11-14 15:59:00-05:00,L,11788.75,11742.0,11701.75,87.0,-95.5,-0.5488505747126436,time,1,L
2022-11-15 09:49:00-05:00,2022-11-15 09:49:00-05:00,2022-11-15 13:32:00-05:00,S,11981.25,11835.75,12078.75,97.5,289.0,1.4820512820512821,TP,1,S
2022-11-15 14:24:00-05:00,2022-11-15 14:24:00-05:00,2022-11-15 15:59:00-05:00,L,11925.75,11906.0,11763.75,162.0,-41.5,-0.12808641975308643,time,1,L
2022-11-16 11:49:00-05:00,2022-11-16 11:49:00-05:00,2022-11-16 15:59:00-05:00,L,11777.25,11740.0,11711.5,65.75,-76.5,-0.5817490494296578,time,1,L
2022-11-17 09:44:00-05:00,2022-11-17 09:44:00-05:00,2022-11-17 12:57:00-05:00,L,11612.5,11738.75,11527.75,84.75,250.5,1.4778761061946903,TP,1,L
2022-11-17 14:09:00-05:00,2022-11-17 14:09:00-05:00,2022-11-17 15:26:00-05:00,S,11715.0,11625.5,11775.25,60.25,177.0,1.4688796680497926,TP,1,S
2022-11-18 09:34:00-05:00,2022-11-18 09:34:00-05:00,2022-11-18 10:58:00-05:00,S,11769.75,11658.75,11844.25,74.5,220.0,1.476510067114094,TP,1,S
2022-11-18 13:29:00-05:00,2022-11-18 13:29:00-05:00,2022-11-18 15:59:00-05:00,L,11672.25,11707.5,11610.5,61.75,68.5,0.5546558704453441,time,1,L
2022-11-21 09:34:00-05:00,2022-11-21 09:34:00-05:00,2022-11-21 09:51:00-05:00,S,11638.5,11694.75,11694.5,56.0,-114.5,-1.0223214285714286,SL,1,S
2022-11-21 11:24:00-05:00,2022-11-21 11:24:00-05:00,2022-11-21 11:57:00-05:00,L,11624.25,11574.5,11574.75,49.5,-101.5,-1.0252525252525253,SL,1,L
2022-11-21 13:14:00-05:00,2022-11-21 13:14:00-05:00,2022-11-21 15:59:00-05:00,L,11602.5,11587.0,11553.0,49.5,-33.0,-0.3333333333333333,time,1,L
2022-11-22 09:34:00-05:00,2022-11-22 09:34:00-05:00,2022-11-22 10:49:00-05:00,S,11592.75,11642.25,11642.0,49.25,-101.0,-1.0253807106598984,SL,1,S
2022-11-23 09:34:00-05:00,2022-11-23 09:34:00-05:00,2022-11-23 09:45:00-05:00,L,11769.0,11815.0,11737.75,31.25,90.0,1.44,TP,1,L
2022-11-23 13:34:00-05:00,2022-11-23 13:34:00-05:00,2022-11-23 15:59:00-05:00,L,11807.25,11868.0,11741.5,65.75,119.5,0.908745247148289,time,1,L
2022-11-24 09:39:00-05:00,2022-11-24 09:39:00-05:00,2022-11-24 11:02:00-05:00,S,11906.0,11922.25,11922.0,16.0,-34.5,-1.078125,SL,1,S
2022-11-25 10:04:00-05:00,2022-11-25 10:04:00-05:00,2022-11-25 13:04:00-05:00,L,11813.25,11783.5,11766.0,47.25,-61.5,-0.6507936507936508,time,1,L
2022-11-28 10:24:00-05:00,2022-11-28 10:24:00-05:00,2022-11-28 15:25:00-05:00,S,11705.0,11580.75,11788.5,83.5,246.5,1.4760479041916168,TP,1,S
2022-11-29 10:29:00-05:00,2022-11-29 10:29:00-05:00,2022-11-29 11:03:00-05:00,L,11625.75,11560.75,11561.0,64.75,-132.0,-1.0193050193050193,SL,1,L
2022-11-29 13:59:00-05:00,2022-11-29 13:59:00-05:00,2022-11-29 15:59:00-05:00,L,11520.5,11523.0,11476.5,44.0,3.0,0.03409090909090909,time,1,L
2022-11-30 09:34:00-05:00,2022-11-30 09:34:00-05:00,2022-11-30 11:04:00-05:00,L,11566.25,11516.25,11516.5,49.75,-102.0,-1.0251256281407035,SL,1,L
2022-11-30 11:19:00-05:00,2022-11-30 11:19:00-05:00,2022-11-30 12:20:00-05:00,L,11547.0,11508.25,11508.5,38.5,-79.5,-1.0324675324675325,SL,1,L
2022-12-01 10:59:00-05:00,2022-12-01 10:59:00-05:00,2022-12-01 15:59:00-05:00,L,12073.25,12059.5,11943.5,129.75,-29.5,-0.11368015414258188,time,1,L
2022-12-02 10:14:00-05:00,2022-12-02 10:14:00-05:00,2022-12-02 15:59:00-05:00,L,11943.25,12012.75,11832.25,111.0,137.0,0.6171171171171171,time,1,L
2022-12-05 09:39:00-05:00,2022-12-05 09:39:00-05:00,2022-12-05 10:00:00-05:00,L,11961.0,11911.0,11911.25,49.75,-102.0,-1.0251256281407035,SL,1,L
2022-12-07 09:54:00-05:00,2022-12-07 09:54:00-05:00,2022-12-07 15:59:00-05:00,S,11482.5,11508.0,11596.25,113.75,-53.0,-0.23296703296703297,time,1,S
2022-12-08 11:09:00-05:00,2022-12-08 11:09:00-05:00,2022-12-08 13:39:00-05:00,S,11604.5,11671.75,11671.5,67.0,-136.5,-1.0186567164179106,SL,1,S
2022-12-08 14:04:00-05:00,2022-12-08 14:04:00-05:00,2022-12-08 15:59:00-05:00,S,11610.75,11646.0,11685.75,75.0,-72.5,-0.48333333333333334,time,1,S
2022-12-09 12:54:00-05:00,2022-12-09 12:54:00-05:00,2022-12-09 15:37:00-05:00,S,11681.5,11626.5,11718.75,37.25,108.0,1.4496644295302012,TP,1,S
2022-12-12 09:59:00-05:00,2022-12-12 09:59:00-05:00,2022-12-12 10:49:00-05:00,L,11595.75,11542.5,11542.75,53.0,-108.5,-1.0235849056603774,SL,1,L
2022-12-12 13:39:00-05:00,2022-12-12 13:39:00-05:00,2022-12-12 14:45:00-05:00,L,11592.5,11621.75,11572.5,20.0,56.5,1.4125,TP,1,L
2022-12-16 10:09:00-05:00,2022-12-16 10:09:00-05:00,2022-12-16 15:59:00-05:00,S,11384.25,11342.25,11491.75,107.5,82.0,0.3813953488372093,time,1,S
2022-12-20 11:14:00-05:00,2022-12-20 11:14:00-05:00,2022-12-20 15:59:00-05:00,S,11162.75,11175.75,11247.5,84.75,-28.0,-0.16519174041297935,time,1,S
2022-12-21 09:49:00-05:00,2022-12-21 09:49:00-05:00,2022-12-21 15:59:00-05:00,L,11269.0,11336.0,11180.75,88.25,132.0,0.7478753541076487,time,1,L
2022-12-22 14:14:00-05:00,2022-12-22 14:14:00-05:00,2022-12-22 15:50:00-05:00,L,10945.5,11057.5,10870.25,75.25,222.0,1.4750830564784052,TP,1,L
2022-12-23 10:19:00-05:00,2022-12-23 10:19:00-05:00,2022-12-23 15:59:00-05:00,L,11043.25,11079.25,10915.5,127.75,70.0,0.273972602739726,time,1,L
2022-12-27 11:44:00-05:00,2022-12-27 11:44:00-05:00,2022-12-27 12:42:00-05:00,L,10991.0,10948.0,10948.25,42.75,-88.0,-1.0292397660818713,SL,1,L
2022-12-28 09:34:00-05:00,2022-12-28 09:34:00-05:00,2022-12-28 10:55:00-05:00,L,10976.25,10861.0,10861.25,115.0,-232.5,-1.0108695652173914,SL,1,L
2022-12-28 13:54:00-05:00,2022-12-28 13:54:00-05:00,2022-12-28 15:59:00-05:00,S,10829.75,10771.0,10892.25,62.5,115.5,0.924,time,1,S
2022-12-29 14:29:00-05:00,2022-12-29 14:29:00-05:00,2022-12-29 15:36:00-05:00,S,11034.75,11064.25,11064.0,29.25,-61.0,-1.0427350427350428,SL,1,S
2022-12-30 09:34:00-05:00,2022-12-30 09:34:00-05:00,2022-12-30 09:48:00-05:00,L,10939.25,10884.0,10884.25,55.0,-112.5,-1.0227272727272727,SL,1,L
2022-12-30 11:24:00-05:00,2022-12-30 11:24:00-05:00,2022-12-30 15:45:00-05:00,S,10906.5,10971.5,10971.25,64.75,-132.0,-1.0193050193050193,SL,1,S
2023-01-03 09:49:00-05:00,2023-01-03 09:49:00-05:00,2023-01-03 11:14:00-05:00,S,11069.25,10901.0,11182.0,112.75,334.5,1.483370288248337,TP,1,S
2023-01-03 13:29:00-05:00,2023-01-03 13:29:00-05:00,2023-01-03 15:59:00-05:00,L,10900.5,10942.25,10844.0,56.5,81.5,0.7212389380530974,time,1,L
2023-01-04 10:49:00-05:00,2023-01-04 10:49:00-05:00,2023-01-04 15:59:00-05:00,L,10964.5,10996.25,10863.0,101.5,61.5,0.30295566502463056,time,1,L
2023-01-05 11:44:00-05:00,2023-01-05 11:44:00-05:00,2023-01-05 13:02:00-05:00,L,10874.5,10830.0,10830.25,44.25,-91.0,-1.0282485875706215,SL,1,L
2023-01-05 13:24:00-05:00,2023-01-05 13:24:00-05:00,2023-01-05 15:48:00-05:00,L,10889.0,10820.0,10820.25,68.75,-140.0,-1.018181818181818,SL,1,L
2023-01-06 09:39:00-05:00,2023-01-06 09:39:00-05:00,2023-01-06 10:43:00-05:00,S,10826.0,10969.75,10969.5,143.5,-289.5,-1.0087108013937283,SL,1,S
2023-01-09 12:39:00-05:00,2023-01-09 12:39:00-05:00,2023-01-09 13:44:00-05:00,S,11342.5,11290.25,11378.0,35.5,102.5,1.443661971830986,TP,1,S
2023-01-10 10:34:00-05:00,2023-01-10 10:34:00-05:00,2023-01-10 15:59:00-05:00,S,11152.75,11283.75,11283.5,130.75,-264.0,-1.0095602294455066,SL,1,S
2023-01-11 10:54:00-05:00,2023-01-11 10:54:00-05:00,2023-01-11 12:07:00-05:00,S,11330.0,11389.25,11389.0,59.0,-120.5,-1.021186440677966,SL,1,S
2023-01-12 09:34:00-05:00,2023-01-12 09:34:00-05:00,2023-01-12 15:59:00-05:00,S,11441.0,11531.5,11580.25,139.25,-183.0,-0.6570915619389587,time,1,S
2023-01-13 11:19:00-05:00,2023-01-13 11:19:00-05:00,2023-01-13 13:34:00-05:00,S,11475.0,11539.0,11538.75,63.75,-130.0,-1.0196078431372548,SL,1,S
2023-01-16 10:14:00-05:00,2023-01-16 10:14:00-05:00,2023-01-16 12:49:00-05:00,S,11584.75,11567.75,11611.25,26.5,32.0,0.6037735849056604,time,1,S
2023-01-17 10:44:00-05:00,2023-01-17 10:44:00-05:00,2023-01-17 15:59:00-05:00,S,11604.0,11627.25,11685.25,81.25,-48.5,-0.29846153846153844,time,1,S
2023-01-18 10:19:00-05:00,2023-01-18 10:19:00-05:00,2023-01-18 10:55:00-05:00,S,11690.5,11587.5,11759.75,69.25,204.0,1.4729241877256318,TP,1,S
2023-01-18 13:54:00-05:00,2023-01-18 13:54:00-05:00,2023-01-18 15:50:00-05:00,L,11535.25,11482.75,11483.0,52.25,-107.0,-1.0239234449760766,SL,1,L
2023-01-19 09:54:00-05:00,2023-01-19 09:54:00-05:00,2023-01-19 14:36:00-05:00,S,11365.0,11447.25,11447.0,82.0,-166.5,-1.0152439024390243,SL,1,S
2023-01-20 13:19:00-05:00,2023-01-20 13:19:00-05:00,2023-01-20 13:36:00-05:00,S,11511.0,11554.5,11554.25,43.25,-89.0,-1.0289017341040463,SL,1,S
2023-01-23 09:39:00-05:00,2023-01-23 09:39:00-05:00,2023-01-23 09:51:00-05:00,L,11722.5,11798.25,11671.5,51.0,149.5,1.4656862745098038,TP,1,L
2023-01-23 14:04:00-05:00,2023-01-23 14:04:00-05:00,2023-01-23 14:46:00-05:00,S,11939.75,11875.25,11983.25,43.5,127.0,1.4597701149425288,TP,1,S
2023-01-24 09:34:00-05:00,2023-01-24 09:34:00-05:00,2023-01-24 09:51:00-05:00,L,11871.5,11924.75,11835.5,36.0,104.5,1.4513888888888888,TP,1,L
2023-01-24 12:04:00-05:00,2023-01-24 12:04:00-05:00,2023-01-24 15:59:00-05:00,S,11906.0,11905.75,11939.0,33.0,-1.5,-0.022727272727272728,time,1,S
2023-01-25 11:04:00-05:00,2023-01-25 11:04:00-05:00,2023-01-25 11:53:00-05:00,L,11675.5,11781.5,11604.25,71.25,210.0,1.4736842105263157,TP,1,L
2023-01-26 09:54:00-05:00,2023-01-26 09:54:00-05:00,2023-01-26 15:24:00-05:00,S,11973.0,12075.5,12075.25,102.25,-207.0,-1.0122249388753055,SL,1,S
2023-01-27 10:54:00-05:00,2023-01-27 10:54:00-05:00,2023-01-27 11:41:00-05:00,S,12111.75,12193.0,12192.75,81.0,-164.5,-1.0154320987654322,SL,1,S
2023-01-30 11:19:00-05:00,2023-01-30 11:19:00-05:00,2023-01-30 15:15:00-05:00,L,12057.0,11982.0,11982.25,74.75,-152.0,-1.0167224080267558,SL,1,L
2023-01-31 13:24:00-05:00,2023-01-31 13:24:00-05:00,2023-01-31 13:47:00-05:00,S,12063.0,12095.5,12095.25,32.25,-67.0,-1.0387596899224807,SL,1,S
2023-02-01 09:59:00-05:00,2023-02-01 09:59:00-05:00,2023-02-01 10:51:00-05:00,L,12149.5,12101.0,12101.25,48.25,-99.0,-1.0259067357512954,SL,1,L
2023-02-01 11:29:00-05:00,2023-02-01 11:29:00-05:00,2023-02-01 14:00:00-05:00,L,12130.5,12076.25,12076.5,54.0,-110.5,-1.0231481481481481,SL,1,L
2023-02-01 14:04:00-05:00,2023-02-01 14:04:00-05:00,2023-02-01 14:07:00-05:00,S,12109.25,12163.0,12162.75,53.5,-109.5,-1.0233644859813085,SL,1,S
2023-02-02 14:19:00-05:00,2023-02-02 14:19:00-05:00,2023-02-02 14:59:00-05:00,S,12846.75,12715.25,12935.0,88.25,261.0,1.4787535410764872,TP,1,S
2023-02-03 09:39:00-05:00,2023-02-03 09:39:00-05:00,2023-02-03 10:39:00-05:00,L,12668.25,12844.25,12550.25,118.0,350.0,1.4830508474576272,TP,1,L
2023-02-03 11:59:00-05:00,2023-02-03 11:59:00-05:00,2023-02-03 13:45:00-05:00,S,12775.75,12623.25,12878.0,102.25,303.0,1.4816625916870416,TP,1,S
2023-02-06 09:34:00-05:00,2023-02-06 09:34:00-05:00,2023-02-06 10:28:00-05:00,L,12556.75,12480.75,12481.0,75.75,-154.0,-1.0165016501650166,SL,1,L
2023-02-06 10:59:00-05:00,2023-02-06 10:59:00-05:00,2023-02-06 15:59:00-05:00,L,12557.75,12513.0,12456.25,101.5,-91.5,-0.45073891625615764,time,1,L
2023-02-07 09:44:00-05:00,2023-02-07 09:44:00-05:00,2023-02-07 10:00:00-05:00,L,12532.75,12488.0,12488.25,44.5,-91.5,-1.0280898876404494,SL,1,L
2023-02-07 10:19:00-05:00,2023-02-07 10:19:00-05:00,2023-02-07 11:33:00-05:00,L,12519.75,12583.25,12476.75,43.0,125.0,1.4534883720930232,TP,1,L
2023-02-07 12:24:00-05:00,2023-02-07 12:24:00-05:00,2023-02-07 12:41:00-05:00,S,12543.0,12593.75,12593.5,50.5,-103.5,-1.0247524752475248,SL,1,S
2023-02-07 13:24:00-05:00,2023-02-07 13:24:00-05:00,2023-02-07 15:46:00-05:00,S,12606.75,12778.75,12778.5,171.75,-346.0,-1.007278020378457,SL,1,S
2023-02-08 09:39:00-05:00,2023-02-08 09:39:00-05:00,2023-02-08 09:52:00-05:00,L,12731.75,12683.25,12683.5,48.25,-99.0,-1.0259067357512954,SL,1,L
2023-02-08 14:14:00-05:00,2023-02-08 14:14:00-05:00,2023-02-08 14:43:00-05:00,L,12582.75,12538.5,12538.75,44.0,-90.5,-1.0284090909090908,SL,1,L
2023-02-09 09:39:00-05:00,2023-02-09 09:39:00-05:00,2023-02-09 10:30:00-05:00,S,12684.25,12616.75,12729.75,45.5,133.0,1.4615384615384615,TP,1,S
2023-02-10 10:04:00-05:00,2023-02-10 10:04:00-05:00,2023-02-10 10:11:00-05:00,S,12305.5,12394.5,12394.25,88.75,-180.0,-1.0140845070422535,SL,1,S
2023-02-10 10:49:00-05:00,2023-02-10 10:49:00-05:00,2023-02-10 15:59:00-05:00,S,12347.25,12346.0,12422.0,74.75,0.5,0.0033444816053511705,time,1,S
2023-02-13 09:44:00-05:00,2023-02-13 09:44:00-05:00,2023-02-13 10:55:00-05:00,L,12412.75,12503.25,12351.75,61.0,179.0,1.4672131147540983,TP,1,L
2023-02-13 13:09:00-05:00,2023-02-13 13:09:00-05:00,2023-02-13 13:29:00-05:00,S,12516.75,12555.0,12554.75,38.0,-78.5,-1.0328947368421053,SL,1,S
2023-02-14 09:49:00-05:00,2023-02-14 09:49:00-05:00,2023-02-14 15:59:00-05:00,L,12542.25,12630.75,12390.25,152.0,175.0,0.5756578947368421,time,1,L
2023-02-15 14:59:00-05:00,2023-02-15 14:59:00-05:00,2023-02-15 15:59:00-05:00,S,12676.75,12722.25,12722.0,45.25,-93.0,-1.0276243093922652,SL,1,S
2023-02-16 12:19:00-05:00,2023-02-16 12:19:00-05:00,2023-02-16 12:34:00-05:00,S,12607.75,12669.0,12668.75,61.0,-124.5,-1.0204918032786885,SL,1,S
2023-02-16 13:14:00-05:00,2023-02-16 13:14:00-05:00,2023-02-16 15:16:00-05:00,S,12644.75,12570.75,12694.75,50.0,146.0,1.46,TP,1,S
2023-02-17 09:39:00-05:00,2023-02-17 09:39:00-05:00,2023-02-17 12:52:00-05:00,S,12362.0,12270.25,12423.75,61.75,181.5,1.4696356275303644,TP,1,S
2023-02-17 13:44:00-05:00,2023-02-17 13:44:00-05:00,2023-02-17 14:37:00-05:00,L,12307.25,12366.75,12267.0,40.25,117.0,1.453416149068323,TP,1,L
2023-02-20 11:19:00-05:00,2023-02-20 11:19:00-05:00,2023-02-20 12:01:00-05:00,L,12386.0,12371.0,12371.25,14.75,-32.0,-1.0847457627118644,SL,1,L
2023-02-21 09:39:00-05:00,2023-02-21 09:39:00-05:00,2023-02-21 09:58:00-05:00,L,12266.75,12219.75,12220.0,46.75,-96.0,-1.0267379679144386,SL,1,L
2023-02-21 12:59:00-05:00,2023-02-21 12:59:00-05:00,2023-02-21 13:27:00-05:00,L,12170.75,12140.5,12140.75,30.0,-62.5,-1.0416666666666667,SL,1,L
2023-02-22 09:39:00-05:00,2023-02-22 09:39:00-05:00,2023-02-22 10:00:00-05:00,L,12148.0,12113.75,12114.0,34.0,-70.5,-1.036764705882353,SL,1,L
2023-02-22 10:59:00-05:00,2023-02-22 10:59:00-05:00,2023-02-22 15:59:00-05:00,L,12100.0,12102.5,12034.0,66.0,3.0,0.022727272727272728,time,1,L
2023-02-23 09:39:00-05:00,2023-02-23 09:39:00-05:00,2023-02-23 10:47:00-05:00,S,12212.25,12139.75,12261.25,49.0,143.0,1.4591836734693877,TP,1,S
2023-02-24 09:39:00-05:00,2023-02-24 09:39:00-05:00,2023-02-24 09:45:00-05:00,L,12037.75,11972.75,11973.0,64.75,-132.0,-1.0193050193050193,SL,1,L
2023-02-24 11:29:00-05:00,2023-02-24 11:29:00-05:00,2023-02-24 15:59:00-05:00,L,11973.75,11997.5,11922.5,51.25,45.5,0.44390243902439025,time,1,L
2023-02-27 10:39:00-05:00,2023-02-27 10:39:00-05:00,2023-02-27 15:59:00-05:00,S,12103.5,12084.0,12189.75,86.25,37.0,0.2144927536231884,time,1,S
2023-02-28 09:54:00-05:00,2023-02-28 09:54:00-05:00,2023-02-28 13:30:00-05:00,L,12089.75,12162.0,12041.0,48.75,142.5,1.4615384615384615,TP,1,L
2023-02-28 14:29:00-05:00,2023-02-28 14:29:00-05:00,2023-02-28 15:26:00-05:00,S,12142.0,12094.75,12174.0,32.0,92.5,1.4453125,TP,1,S
2023-03-01 09:49:00-05:00,2023-03-01 09:49:00-05:00,2023-03-01 10:05:00-05:00,L,12074.75,12003.5,12003.75,71.0,-144.5,-1.017605633802817,SL,1,L
2023-03-01 11:49:00-05:00,2023-03-01 11:49:00-05:00,2023-03-01 15:59:00-05:00,L,12004.25,11965.0,11924.75,79.5,-80.5,-0.5062893081761006,time,1,L
2023-03-02 09:34:00-05:00,2023-03-02 09:34:00-05:00,2023-03-02 13:35:00-05:00,L,11879.5,11941.25,11837.75,41.75,121.5,1.4550898203592815,TP,1,L
2023-03-06 09:49:00-05:00,2023-03-06 09:49:00-05:00,2023-03-06 10:08:00-05:00,S,12354.0,12397.5,12397.25,43.25,-89.0,-1.0289017341040463,SL,1,S
2023-03-07 09:49:00-05:00,2023-03-07 09:49:00-05:00,2023-03-07 10:00:00-05:00,L,12354.0,12312.5,12312.75,41.25,-85.0,-1.0303030303030303,SL,1,L
2023-03-07 12:19:00-05:00,2023-03-07 12:19:00-05:00,2023-03-07 13:40:00-05:00,L,12262.75,12210.0,12210.25,52.5,-107.5,-1.0238095238095237,SL,1,L
2023-03-08 10:24:00-05:00,2023-03-08 10:24:00-05:00,2023-03-08 15:59:00-05:00,L,12200.5,12230.75,12108.25,92.25,58.5,0.3170731707317073,time,1,L
2023-03-09 11:29:00-05:00,2023-03-09 11:29:00-05:00,2023-03-09 13:23:00-05:00,S,12283.25,12187.75,12347.5,64.25,189.0,1.4708171206225682,TP,1,S
2023-03-10 10:59:00-05:00,2023-03-10 10:59:00-05:00,2023-03-10 12:58:00-05:00,L,12013.0,11899.0,11899.25,113.75,-230.0,-1.010989010989011,SL,1,L
2023-03-10 14:49:00-05:00,2023-03-10 14:49:00-05:00,2023-03-10 15:40:00-05:00,L,11893.5,11805.5,11805.75,87.75,-178.0,-1.0142450142450143,SL,1,L
2023-03-13 09:49:00-04:00,2023-03-13 09:49:00-04:00,2023-03-13 12:00:00-04:00,L,11850.5,12068.25,11704.75,145.75,433.5,1.4871355060034306,TP,1,L
2023-03-13 13:59:00-04:00,2023-03-13 13:59:00-04:00,2023-03-13 15:56:00-04:00,L,12007.25,11933.5,11933.75,73.5,-149.5,-1.0170068027210883,SL,1,L
2023-03-17 12:09:00-04:00,2023-03-17 12:09:00-04:00,2023-03-17 15:59:00-04:00,L,12649.5,12647.25,12568.75,80.75,-6.5,-0.04024767801857585,time,1,L
2023-03-20 10:34:00-04:00,2023-03-20 10:34:00-04:00,2023-03-20 15:59:00-04:00,L,12617.75,12692.75,12529.0,88.75,148.0,0.8338028169014085,time,1,L
2023-03-21 11:19:00-04:00,2023-03-21 11:19:00-04:00,2023-03-21 11:46:00-04:00,L,12775.25,12713.0,12713.25,62.0,-126.5,-1.0201612903225807,SL,1,L
2023-03-22 12:09:00-04:00,2023-03-22 12:09:00-04:00,2023-03-22 14:00:00-04:00,S,12911.0,12945.5,12945.25,34.25,-71.0,-1.0364963503649636,SL,1,S
2023-03-23 12:49:00-04:00,2023-03-23 12:49:00-04:00,2023-03-23 13:13:00-04:00,S,12968.75,12917.75,13003.25,34.5,100.0,1.4492753623188406,TP,1,S
2023-03-24 11:49:00-04:00,2023-03-24 11:49:00-04:00,2023-03-24 15:59:00-04:00,L,12808.5,12894.0,12725.75,82.75,169.0,1.0211480362537764,time,1,L
2023-03-27 09:49:00-04:00,2023-03-27 09:49:00-04:00,2023-03-27 10:30:00-04:00,L,12943.5,12881.25,12881.5,62.0,-126.5,-1.0201612903225807,SL,1,L
2023-03-27 13:34:00-04:00,2023-03-27 13:34:00-04:00,2023-03-27 15:59:00-04:00,L,12813.5,12799.5,12768.0,45.5,-30.0,-0.32967032967032966,time,1,L
2023-03-28 14:44:00-04:00,2023-03-28 14:44:00-04:00,2023-03-28 15:52:00-04:00,L,12673.0,12729.75,12634.5,38.5,111.5,1.448051948051948,TP,1,L
2023-03-29 10:34:00-04:00,2023-03-29 10:34:00-04:00,2023-03-29 13:28:00-04:00,S,12885.75,12933.5,12933.25,47.5,-97.5,-1.0263157894736843,SL,1,S
2023-03-29 13:39:00-04:00,2023-03-29 13:39:00-04:00,2023-03-29 14:47:00-04:00,S,12901.5,12937.5,12937.25,35.75,-74.0,-1.034965034965035,SL,1,S
2023-03-30 09:39:00-04:00,2023-03-30 09:39:00-04:00,2023-03-30 09:59:00-04:00,S,13043.5,13078.5,13078.25,34.75,-72.0,-1.0359712230215827,SL,1,S
2023-03-30 14:24:00-04:00,2023-03-30 14:24:00-04:00,2023-03-30 15:59:00-04:00,L,13057.0,13084.75,13011.0,46.0,53.5,0.5815217391304348,time,1,L
2023-04-03 10:49:00-04:00,2023-04-03 10:49:00-04:00,2023-04-03 15:55:00-04:00,S,13207.75,13268.75,13268.5,60.75,-124.0,-1.0205761316872428,SL,1,S
2023-04-04 10:04:00-04:00,2023-04-04 10:04:00-04:00,2023-04-04 11:09:00-04:00,L,13302.75,13229.5,13229.75,73.0,-148.5,-1.0171232876712328,SL,1,L
2023-04-04 13:19:00-04:00,2023-04-04 13:19:00-04:00,2023-04-04 14:24:00-04:00,L,13233.75,13205.0,13205.25,28.5,-59.5,-1.043859649122807,SL,1,L
2023-04-05 13:19:00-04:00,2023-04-05 13:19:00-04:00,2023-04-05 15:59:00-04:00,L,13041.0,13079.25,13005.75,35.25,74.5,1.0567375886524824,time,1,L
2023-04-06 10:09:00-04:00,2023-04-06 10:09:00-04:00,2023-04-06 12:00:00-04:00,L,13026.25,13136.25,12952.25,74.0,218.0,1.472972972972973,TP,1,L
2023-04-10 10:44:00-04:00,2023-04-10 10:44:00-04:00,2023-04-10 14:13:00-04:00,L,13039.0,13140.5,12970.75,68.25,201.0,1.4725274725274726,TP,1,L
2023-04-11 09:44:00-04:00,2023-04-11 09:44:00-04:00,2023-04-11 15:59:00-04:00,S,13112.0,13077.25,13164.0,52.0,67.5,0.6490384615384616,time,1,S
2023-04-12 11:49:00-04:00,2023-04-12 11:49:00-04:00,2023-04-12 15:11:00-04:00,L,13057.5,12975.25,12975.5,82.0,-166.5,-1.0152439024390243,SL,1,L
2023-04-14 09:34:00-04:00,2023-04-14 09:34:00-04:00,2023-04-14 09:50:00-04:00,L,13153.75,13232.25,13100.75,53.0,155.0,1.4622641509433962,TP,1,L
2023-04-14 10:24:00-04:00,2023-04-14 10:24:00-04:00,2023-04-14 15:59:00-04:00,S,13138.0,13181.0,13255.25,117.25,-88.0,-0.3752665245202559,time,1,S
2023-04-17 14:04:00-04:00,2023-04-17 14:04:00-04:00,2023-04-17 14:41:00-04:00,S,13098.5,13129.25,13129.0,30.5,-63.5,-1.040983606557377,SL,1,S
2023-04-18 14:19:00-04:00,2023-04-18 14:19:00-04:00,2023-04-18 15:58:00-04:00,S,13174.5,13199.5,13199.25,24.75,-52.0,-1.0505050505050506,SL,1,S
2023-04-19 14:34:00-04:00,2023-04-19 14:34:00-04:00,2023-04-19 15:59:00-04:00,S,13190.25,13183.75,13227.25,37.0,11.0,0.14864864864864866,time,1,S
2023-04-20 11:09:00-04:00,2023-04-20 11:09:00-04:00,2023-04-20 12:33:00-04:00,S,13102.25,13158.25,13158.0,55.75,-114.0,-1.0224215246636772,SL,1,S
2023-04-21 09:54:00-04:00,2023-04-21 09:54:00-04:00,2023-04-21 10:26:00-04:00,S,13022.75,13076.75,13076.5,53.75,-110.0,-1.0232558139534884,SL,1,S
2023-04-21 13:19:00-04:00,2023-04-21 13:19:00-04:00,2023-04-21 13:40:00-04:00,S,13067.0,13093.0,13092.75,25.75,-54.0,-1.0485436893203883,SL,1,S
2023-04-21 14:44:00-04:00,2023-04-21 14:44:00-04:00,2023-04-21 15:59:00-04:00,S,13088.75,13088.25,13122.0,33.25,-1.0,-0.015037593984962405,time,1,S
2023-04-24 10:09:00-04:00,2023-04-24 10:09:00-04:00,2023-04-24 11:30:00-04:00,S,13077.75,12993.75,13134.25,56.5,166.0,1.4690265486725664,TP,1,S
2023-04-24 12:39:00-04:00,2023-04-24 12:39:00-04:00,2023-04-24 15:59:00-04:00,L,13013.25,13059.25,12967.0,46.25,90.0,0.972972972972973,time,1,L
2023-04-25 11:19:00-04:00,2023-04-25 11:19:00-04:00,2023-04-25 11:40:00-04:00,L,12969.75,12929.5,12929.75,40.0,-82.5,-1.03125,SL,1,L
2023-04-26 09:34:00-04:00,2023-04-26 09:34:00-04:00,2023-04-26 09:53:00-04:00,S,12913.5,12959.25,12959.0,45.5,-93.5,-1.0274725274725274,SL,1,S
2023-04-26 12:34:00-04:00,2023-04-26 12:34:00-04:00,2023-04-26 14:20:00-04:00,S,12967.5,12900.5,13012.75,45.25,132.0,1.4585635359116023,TP,1,S
2023-04-27 09:59:00-04:00,2023-04-27 09:59:00-04:00,2023-04-27 10:13:00-04:00,S,13022.75,13062.75,13062.5,39.75,-82.0,-1.0314465408805031,SL,1,S
2023-04-28 09:39:00-04:00,2023-04-28 09:39:00-04:00,2023-04-28 10:09:00-04:00,S,13203.0,13244.5,13244.25,41.25,-85.0,-1.0303030303030303,SL,1,S
2023-04-28 10:59:00-04:00,2023-04-28 10:59:00-04:00,2023-04-28 14:02:00-04:00,S,13209.25,13293.75,13293.5,84.25,-171.0,-1.0148367952522255,SL,1,S
2023-04-28 14:14:00-04:00,2023-04-28 14:14:00-04:00,2023-04-28 15:12:00-04:00,S,13268.0,13295.25,13295.0,27.0,-56.5,-1.0462962962962963,SL,1,S
2023-05-01 11:59:00-04:00,2023-05-01 11:59:00-04:00,2023-05-01 13:08:00-04:00,L,13296.5,13352.75,13258.5,38.0,110.5,1.4539473684210527,TP,1,L
2023-05-02 14:54:00-04:00,2023-05-02 14:54:00-04:00,2023-05-02 15:59:00-04:00,L,13201.75,13184.5,13167.75,34.0,-36.5,-0.5367647058823529,time,1,L
2023-05-03 09:44:00-04:00,2023-05-03 09:44:00-04:00,2023-05-03 11:02:00-04:00,L,13217.75,13187.0,13187.25,30.5,-63.5,-1.040983606557377,SL,1,L
2023-05-03 11:59:00-04:00,2023-05-03 11:59:00-04:00,2023-05-03 14:00:00-04:00,L,13214.5,13270.25,13176.75,37.75,109.5,1.4503311258278146,TP,1,L
2023-05-03 14:09:00-04:00,2023-05-03 14:09:00-04:00,2023-05-03 14:23:00-04:00,S,13215.5,13275.25,13275.0,59.5,-121.5,-1.0210084033613445,SL,1,S
2023-05-04 10:54:00-04:00,2023-05-04 10:54:00-04:00,2023-05-04 15:59:00-04:00,L,13056.5,13047.75,13001.5,55.0,-19.5,-0.17727272727272728,time,1,L
2023-05-08 10:49:00-04:00,2023-05-08 10:49:00-04:00,2023-05-08 13:32:00-04:00,L,13292.0,13347.75,13254.25,37.75,109.5,1.4503311258278146,TP,1,L
2023-05-08 14:09:00-04:00,2023-05-08 14:09:00-04:00,2023-05-08 14:42:00-04:00,S,13299.25,13355.25,13355.0,55.75,-114.0,-1.0224215246636772,SL,1,S
2023-05-09 09:39:00-04:00,2023-05-09 09:39:00-04:00,2023-05-09 09:58:00-04:00,L,13284.25,13306.75,13268.75,15.5,43.0,1.3870967741935485,TP,1,L
2023-05-09 12:54:00-04:00,2023-05-09 12:54:00-04:00,2023-05-09 15:42:00-04:00,L,13277.0,13255.75,13256.0,21.0,-44.5,-1.0595238095238095,SL,1,L
2023-05-10 10:44:00-04:00,2023-05-10 10:44:00-04:00,2023-05-10 15:22:00-04:00,S,13336.25,13434.5,13434.25,98.0,-198.5,-1.0127551020408163,SL,1,S
2023-05-11 10:49:00-04:00,2023-05-11 10:49:00-04:00,2023-05-11 14:43:00-04:00,L,13405.0,13469.75,13361.25,43.75,127.5,1.457142857142857,TP,1,L
2023-05-12 09:49:00-04:00,2023-05-12 09:49:00-04:00,2023-05-12 11:16:00-04:00,S,13443.75,13379.0,13487.5,43.75,127.5,1.457142857142857,TP,1,S
2023-05-12 13:24:00-04:00,2023-05-12 13:24:00-04:00,2023-05-12 13:56:00-04:00,L,13366.5,13318.25,13318.5,48.0,-98.5,-1.0260416666666667,SL,1,L
2023-05-12 14:54:00-04:00,2023-05-12 14:54:00-04:00,2023-05-12 15:45:00-04:00,L,13341.0,13387.0,13309.75,31.25,90.0,1.44,TP,1,L
2023-05-15 10:49:00-04:00,2023-05-15 10:49:00-04:00,2023-05-15 13:09:00-04:00,L,13397.25,13465.75,13351.0,46.25,135.0,1.4594594594594594,TP,1,L
2023-05-15 13:39:00-04:00,2023-05-15 13:39:00-04:00,2023-05-15 15:59:00-04:00,S,13439.0,13472.25,13479.25,40.25,-68.5,-0.8509316770186336,time,1,S
2023-05-16 09:34:00-04:00,2023-05-16 09:34:00-04:00,2023-05-16 10:57:00-04:00,L,13467.5,13528.75,13426.0,41.5,120.5,1.4518072289156627,TP,1,L
2023-05-16 13:29:00-04:00,2023-05-16 13:29:00-04:00,2023-05-16 15:51:00-04:00,S,13528.0,13489.25,13554.5,26.5,75.5,1.4245283018867925,TP,1,S
2023-05-17 09:49:00-04:00,2023-05-17 09:49:00-04:00,2023-05-17 11:00:00-04:00,S,13505.25,13540.5,13540.25,35.0,-72.5,-1.0357142857142858,SL,1,S
2023-05-18 09:34:00-04:00,2023-05-18 09:34:00-04:00,2023-05-18 10:11:00-04:00,L,13675.5,13740.25,13631.75,43.75,127.5,1.457142857142857,TP,1,L
2023-05-18 12:14:00-04:00,2023-05-18 12:14:00-04:00,2023-05-18 15:19:00-04:00,S,13789.75,13856.0,13855.75,66.0,-134.5,-1.018939393939394,SL,1,S
2023-05-19 09:49:00-04:00,2023-05-19 09:49:00-04:00,2023-05-19 11:38:00-04:00,S,13887.5,13825.75,13929.25,41.75,121.5,1.4550898203592815,TP,1,S
2023-05-19 14:59:00-04:00,2023-05-19 14:59:00-04:00,2023-05-19 15:59:00-04:00,L,13850.0,13857.75,13814.0,36.0,13.5,0.1875,time,1,L
2023-05-22 09:34:00-04:00,2023-05-22 09:34:00-04:00,2023-05-22 15:59:00-04:00,L,13888.0,13905.0,13844.5,43.5,32.0,0.367816091954023,time,1,L
2023-05-23 09:49:00-04:00,2023-05-23 09:49:00-04:00,2023-05-23 12:35:00-04:00,L,13864.75,13821.25,13821.5,43.25,-89.0,-1.0289017341040463,SL,1,L
2023-05-24 09:34:00-04:00,2023-05-24 09:34:00-04:00,2023-05-24 10:04:00-04:00,L,13660.5,13620.25,13620.5,40.0,-82.5,-1.03125,SL,1,L
2023-05-24 11:24:00-04:00,2023-05-24 11:24:00-04:00,2023-05-24 15:21:00-04:00,L,13613.25,13682.5,13566.5,46.75,136.5,1.4598930481283423,TP,1,L
2023-05-25 09:34:00-04:00,2023-05-25 09:34:00-04:00,2023-05-25 11:14:00-04:00,S,13896.0,13975.5,13975.25,79.25,-161.0,-1.0157728706624605,SL,1,S
2023-05-25 14:34:00-04:00,2023-05-25 14:34:00-04:00,2023-05-25 15:59:00-04:00,S,13973.0,13978.0,14031.75,58.75,-12.0,-0.10212765957446808,time,1,S
2023-05-29 10:19:00-04:00,2023-05-29 10:19:00-04:00,2023-05-29 12:49:00-04:00,L,14378.75,14391.5,14367.5,11.25,23.5,1.0444444444444445,time,1,L
2023-05-30 11:04:00-04:00,2023-05-30 11:04:00-04:00,2023-05-30 12:30:00-04:00,L,14472.75,14408.25,14408.5,64.25,-131.0,-1.0194552529182879,SL,1,L
2023-05-30 12:59:00-04:00,2023-05-30 12:59:00-04:00,2023-05-30 13:27:00-04:00,L,14447.25,14392.75,14393.0,54.25,-111.0,-1.023041474654378,SL,1,L
2023-05-30 14:29:00-04:00,2023-05-30 14:29:00-04:00,2023-05-30 15:59:00-04:00,L,14403.5,14396.75,14336.0,67.5,-15.5,-0.11481481481481481,time,1,L
2023-05-31 09:34:00-04:00,2023-05-31 09:34:00-04:00,2023-05-31 09:47:00-04:00,L,14353.0,14409.5,14314.75,38.25,111.0,1.4509803921568627,TP,1,L
2023-05-31 11:54:00-04:00,2023-05-31 11:54:00-04:00,2023-05-31 15:59:00-04:00,L,14302.25,14301.75,14252.25,50.0,-3.0,-0.03,time,1,L
2023-06-01 10:29:00-04:00,2023-06-01 10:29:00-04:00,2023-06-01 10:41:00-04:00,S,14301.0,14342.25,14342.0,41.0,-84.5,-1.0304878048780488,SL,1,S
2023-06-02 09:59:00-04:00,2023-06-02 09:59:00-04:00,2023-06-02 15:59:00-04:00,S,14481.5,14579.5,14628.0,146.5,-198.0,-0.6757679180887372,time,1,S
2023-06-05 13:29:00-04:00,2023-06-05 13:29:00-04:00,2023-06-05 14:32:00-04:00,S,14652.25,14588.25,14695.5,43.25,126.0,1.4566473988439306,TP,1,S
2023-06-06 11:29:00-04:00,2023-06-06 11:29:00-04:00,2023-06-06 11:56:00-04:00,S,14562.25,14607.25,14607.0,44.75,-92.0,-1.0279329608938548,SL,1,S
2023-06-06 12:39:00-04:00,2023-06-06 12:39:00-04:00,2023-06-06 15:59:00-04:00,S,14569.5,14584.25,14624.25,54.75,-31.5,-0.2876712328767123,time,1,S
2023-06-07 09:34:00-04:00,2023-06-07 09:34:00-04:00,2023-06-07 10:03:00-04:00,L,14670.0,14589.5,14589.75,80.25,-163.0,-1.0155763239875388,SL,1,L
2023-06-08 09:34:00-04:00,2023-06-08 09:34:00-04:00,2023-06-08 09:38:00-04:00,S,14335.75,14375.5,14375.25,39.5,-81.5,-1.0316455696202531,SL,1,S
2023-06-08 14:24:00-04:00,2023-06-08 14:24:00-04:00,2023-06-08 15:59:00-04:00,L,14465.0,14499.75,14420.75,44.25,67.5,0.7627118644067796,time,1,L
2023-06-09 10:44:00-04:00,2023-06-09 10:44:00-04:00,2023-06-09 15:59:00-04:00,S,14607.75,14556.5,14688.25,80.5,100.5,0.6242236024844721,time,1,S
2023-06-13 09:49:00-04:00,2023-06-13 09:49:00-04:00,2023-06-13 15:59:00-04:00,S,14858.75,14911.5,14968.5,109.75,-107.5,-0.489749430523918,time,1,S
2023-06-16 10:29:00-04:00,2023-06-16 10:29:00-04:00,2023-06-16 11:27:00-04:00,L,15411.0,15332.5,15332.75,78.25,-159.0,-1.0159744408945688,SL,1,L
2023-06-16 13:19:00-04:00,2023-06-16 13:19:00-04:00,2023-06-16 14:57:00-04:00,S,15377.25,15320.25,15415.75,38.5,112.0,1.4545454545454546,TP,1,S
2023-06-19 09:39:00-04:00,2023-06-19 09:39:00-04:00,2023-06-19 12:49:00-04:00,S,15240.75,15242.25,15264.75,24.0,-5.0,-0.10416666666666667,time,1,S
2023-06-20 09:59:00-04:00,2023-06-20 09:59:00-04:00,2023-06-20 15:59:00-04:00,S,15224.25,15254.0,15310.5,86.25,-61.5,-0.3565217391304348,time,1,S
2023-06-21 12:19:00-04:00,2023-06-21 12:19:00-04:00,2023-06-21 15:59:00-04:00,L,15078.5,15045.25,15025.5,53.0,-68.5,-0.6462264150943396,time,1,L
2023-06-22 09:39:00-04:00,2023-06-22 09:39:00-04:00,2023-06-22 10:11:00-04:00,L,15020.5,15104.75,14963.75,56.75,166.5,1.4669603524229076,TP,1,L
2023-06-22 12:54:00-04:00,2023-06-22 12:54:00-04:00,2023-06-22 13:55:00-04:00,S,15118.25,15150.25,15150.0,31.75,-66.0,-1.0393700787401574,SL,1,S
2023-06-23 09:34:00-04:00,2023-06-23 09:34:00-04:00,2023-06-23 09:43:00-04:00,L,15083.25,15020.0,15020.25,63.0,-128.5,-1.0198412698412698,SL,1,L
2023-06-23 11:24:00-04:00,2023-06-23 11:24:00-04:00,2023-06-23 12:15:00-04:00,S,15029.25,15084.75,15084.5,55.25,-113.0,-1.0226244343891402,SL,1,S
2023-06-23 14:09:00-04:00,2023-06-23 14:09:00-04:00,2023-06-23 15:00:00-04:00,S,15112.0,15047.25,15155.75,43.75,127.5,1.457142857142857,TP,1,S
2023-06-26 10:34:00-04:00,2023-06-26 10:34:00-04:00,2023-06-26 11:19:00-04:00,S,15087.75,14991.5,15152.5,64.75,190.5,1.471042471042471,TP,1,S
2023-06-26 14:34:00-04:00,2023-06-26 14:34:00-04:00,2023-06-26 15:45:00-04:00,L,14930.25,14892.0,14892.25,38.0,-78.5,-1.0328947368421053,SL,1,L
2023-06-28 09:34:00-04:00,2023-06-28 09:34:00-04:00,2023-06-28 10:20:00-04:00,L,15065.25,15124.25,15025.25,40.0,116.0,1.45,TP,1,L
2023-06-28 12:29:00-04:00,2023-06-28 12:29:00-04:00,2023-06-28 15:59:00-04:00,S,15144.75,15139.75,15219.0,74.25,8.0,0.05387205387205387,time,1,S
2023-06-29 11:09:00-04:00,2023-06-29 11:09:00-04:00,2023-06-29 15:59:00-04:00,L,15100.25,15103.0,15028.25,72.0,3.5,0.024305555555555556,time,1,L
2023-06-30 11:34:00-04:00,2023-06-30 11:34:00-04:00,2023-06-30 12:56:00-04:00,S,15315.5,15358.0,15357.75,42.25,-87.0,-1.029585798816568,SL,1,S
2023-07-03 10:29:00-04:00,2023-07-03 10:29:00-04:00,2023-07-03 13:04:00-04:00,S,15355.25,15359.0,15390.0,34.75,-9.5,-0.1366906474820144,time,1,S
2023-07-04 10:19:00-04:00,2023-07-04 10:19:00-04:00,2023-07-04 12:49:00-04:00,S,15357.5,15346.25,15368.5,11.0,20.5,0.9318181818181818,time,1,S
2023-07-05 14:19:00-04:00,2023-07-05 14:19:00-04:00,2023-07-05 15:30:00-04:00,S,15342.75,15388.75,15388.5,45.75,-94.0,-1.0273224043715847,SL,1,S
2023-07-06 11:39:00-04:00,2023-07-06 11:39:00-04:00,2023-07-06 14:00:00-04:00,L,15163.75,15239.0,15113.0,50.75,148.5,1.4630541871921183,TP,1,L
2023-07-07 10:29:00-04:00,2023-07-07 10:29:00-04:00,2023-07-07 11:59:00-04:00,S,15215.5,15278.5,15278.25,62.75,-128.0,-1.0199203187250996,SL,1,S
2023-07-10 09:39:00-04:00,2023-07-10 09:39:00-04:00,2023-07-10 09:46:00-04:00,L,15201.5,15153.0,15153.25,48.25,-99.0,-1.0259067357512954,SL,1,L
2023-07-10 12:44:00-04:00,2023-07-10 12:44:00-04:00,2023-07-10 15:59:00-04:00,L,15129.75,15190.0,15063.25,66.5,118.5,0.8909774436090225,time,1,L
2023-07-11 10:39:00-04:00,2023-07-11 10:39:00-04:00,2023-07-11 15:59:00-04:00,L,15193.5,15258.75,15108.75,84.75,128.5,0.7581120943952803,time,1,L
2023-07-12 12:39:00-04:00,2023-07-12 12:39:00-04:00,2023-07-12 15:59:00-04:00,L,15414.75,15451.75,15343.75,71.0,72.0,0.5070422535211268,time,1,L
2023-07-13 10:29:00-04:00,2023-07-13 10:29:00-04:00,2023-07-13 11:41:00-04:00,S,15561.0,15622.25,15622.0,61.0,-124.5,-1.0204918032786885,SL,1,S
2023-07-14 10:49:00-04:00,2023-07-14 10:49:00-04:00,2023-07-14 15:59:00-04:00,S,15763.25,15703.25,15857.75,94.5,118.0,0.6243386243386243,time,1,S
2023-07-17 12:34:00-04:00,2023-07-17 12:34:00-04:00,2023-07-17 13:47:00-04:00,S,15766.75,15811.5,15811.25,44.5,-91.5,-1.0280898876404494,SL,1,S
2023-07-18 10:49:00-04:00,2023-07-18 10:49:00-04:00,2023-07-18 11:49:00-04:00,L,15800.5,15873.25,15751.5,49.0,143.5,1.4642857142857142,TP,1,L
2023-07-19 09:34:00-04:00,2023-07-19 09:34:00-04:00,2023-07-19 09:41:00-04:00,S,15986.25,16035.0,16034.75,48.5,-99.5,-1.0257731958762886,SL,1,S
2023-07-19 12:19:00-04:00,2023-07-19 12:19:00-04:00,2023-07-19 13:05:00-04:00,S,16016.0,15946.75,16062.75,46.75,136.5,1.4598930481283423,TP,1,S
2023-07-19 14:59:00-04:00,2023-07-19 14:59:00-04:00,2023-07-19 15:59:00-04:00,L,15952.25,15957.0,15910.75,41.5,7.5,0.09036144578313253,time,1,L
2023-07-20 09:34:00-04:00,2023-07-20 09:34:00-04:00,2023-07-20 10:05:00-04:00,L,15870.0,15804.5,15804.75,65.25,-133.0,-1.0191570881226053,SL,1,L
2023-07-20 10:09:00-04:00,2023-07-20 10:09:00-04:00,2023-07-20 14:00:00-04:00,S,15807.75,15677.25,15895.25,87.5,259.0,1.48,TP,1,S
2023-07-21 09:39:00-04:00,2023-07-21 09:39:00-04:00,2023-07-21 10:27:00-04:00,S,15659.0,15568.75,15719.75,60.75,178.5,1.4691358024691359,TP,1,S
2023-07-21 11:09:00-04:00,2023-07-21 11:09:00-04:00,2023-07-21 15:09:00-04:00,L,15626.5,15548.75,15549.0,77.5,-157.5,-1.0161290322580645,SL,1,L
2023-07-24 10:24:00-04:00,2023-07-24 10:24:00-04:00,2023-07-24 15:59:00-04:00,L,15575.5,15563.5,15484.25,91.25,-26.0,-0.14246575342465753,time,1,L
2023-07-25 09:34:00-04:00,2023-07-25 09:34:00-04:00,2023-07-25 11:42:00-04:00,L,15622.0,15682.25,15581.25,40.75,118.5,1.4539877300613497,TP,1,L
2023-07-25 14:59:00-04:00,2023-07-25 14:59:00-04:00,2023-07-25 15:59:00-04:00,S,15688.0,15667.25,15736.25,48.25,39.5,0.40932642487046633,time,1,S
2023-07-26 11:49:00-04:00,2023-07-26 11:49:00-04:00,2023-07-26 14:42:00-04:00,L,15582.25,15682.75,15514.75,67.5,199.0,1.474074074074074,TP,1,L
2023-07-27 10:14:00-04:00,2023-07-27 10:14:00-04:00,2023-07-27 13:30:00-04:00,S,15836.75,15736.25,15904.25,67.5,199.0,1.474074074074074,TP,1,S
2023-07-28 12:59:00-04:00,2023-07-28 12:59:00-04:00,2023-07-28 13:42:00-04:00,S,15854.75,15796.75,15894.0,39.25,114.0,1.4522292993630572,TP,1,S
2023-07-28 14:09:00-04:00,2023-07-28 14:09:00-04:00,2023-07-28 15:59:00-04:00,L,15850.75,15849.25,15774.75,76.0,-5.0,-0.03289473684210526,time,1,L
2023-07-31 10:49:00-04:00,2023-07-31 10:49:00-04:00,2023-07-31 15:46:00-04:00,L,15864.75,15806.75,15807.0,57.75,-118.0,-1.0216450216450217,SL,1,L
2023-08-01 10:14:00-04:00,2023-08-01 10:14:00-04:00,2023-08-01 10:40:00-04:00,S,15755.25,15815.75,15815.5,60.25,-123.0,-1.020746887966805,SL,1,S
2023-08-01 12:24:00-04:00,2023-08-01 12:24:00-04:00,2023-08-01 13:00:00-04:00,S,15799.5,15829.5,15829.25,29.75,-62.0,-1.0420168067226891,SL,1,S
2023-08-01 13:34:00-04:00,2023-08-01 13:34:00-04:00,2023-08-01 14:18:00-04:00,S,15814.75,15844.5,15844.25,29.5,-61.5,-1.0423728813559323,SL,1,S
2023-08-02 13:04:00-04:00,2023-08-02 13:04:00-04:00,2023-08-02 15:59:00-04:00,L,15489.25,15467.75,15417.5,71.75,-45.0,-0.313588850174216,time,1,L
2023-08-03 09:39:00-04:00,2023-08-03 09:39:00-04:00,2023-08-03 11:52:00-04:00,L,15403.0,15481.75,15350.0,53.0,155.5,1.4669811320754718,TP,1,L
2023-08-03 13:44:00-04:00,2023-08-03 13:44:00-04:00,2023-08-03 15:14:00-04:00,S,15477.0,15419.25,15516.0,39.0,113.5,1.455128205128205,TP,1,S
2023-08-04 09:54:00-04:00,2023-08-04 09:54:00-04:00,2023-08-04 12:25:00-04:00,S,15472.25,15584.5,15584.25,112.0,-226.5,-1.0111607142857142,SL,1,S
2023-08-04 13:24:00-04:00,2023-08-04 13:24:00-04:00,2023-08-04 14:01:00-04:00,S,15562.5,15491.25,15610.5,48.0,140.5,1.4635416666666667,TP,1,S
2023-08-07 09:39:00-04:00,2023-08-07 09:39:00-04:00,2023-08-07 11:19:00-04:00,S,15420.0,15340.75,15473.5,53.5,156.5,1.4626168224299065,TP,1,S
2023-08-07 11:54:00-04:00,2023-08-07 11:54:00-04:00,2023-08-07 15:55:00-04:00,L,15393.25,15480.75,15334.25,59.0,173.0,1.4661016949152543,TP,1,L
2023-08-08 09:44:00-04:00,2023-08-08 09:44:00-04:00,2023-08-08 10:17:00-04:00,S,15330.75,15245.25,15388.25,57.5,169.0,1.4695652173913043,TP,1,S
2023-08-08 12:09:00-04:00,2023-08-08 12:09:00-04:00,2023-08-08 15:42:00-04:00,L,15268.75,15347.0,15216.0,52.75,154.5,1.4644549763033174,TP,1,L
2023-08-10 10:44:00-04:00,2023-08-10 10:44:00-04:00,2023-08-10 11:51:00-04:00,S,15352.0,15217.75,15442.0,90.0,266.5,1.4805555555555556,TP,1,S
2023-08-10 14:24:00-04:00,2023-08-10 14:24:00-04:00,2023-08-10 15:59:00-04:00,L,15217.5,15200.5,15135.75,81.75,-36.0,-0.22018348623853212,time,1,L
2023-08-11 11:09:00-04:00,2023-08-11 11:09:00-04:00,2023-08-11 15:59:00-04:00,S,15091.75,15101.5,15174.5,82.75,-21.5,-0.1299093655589124,time,1,S
2023-08-14 09:44:00-04:00,2023-08-14 09:44:00-04:00,2023-08-14 10:36:00-04:00,L,15098.5,15191.25,15036.0,62.5,183.5,1.468,TP,1,L
2023-08-14 12:24:00-04:00,2023-08-14 12:24:00-04:00,2023-08-14 15:43:00-04:00,S,15184.75,15247.5,15247.25,62.5,-127.5,-1.02,SL,1,S
2023-08-15 09:54:00-04:00,2023-08-15 09:54:00-04:00,2023-08-15 15:26:00-04:00,S,15195.0,15099.25,15259.5,64.5,189.5,1.4689922480620154,TP,1,S
2023-08-16 09:39:00-04:00,2023-08-16 09:39:00-04:00,2023-08-16 11:50:00-04:00,L,15096.5,15050.25,15050.5,46.0,-94.5,-1.0271739130434783,SL,1,L
2023-08-16 13:44:00-04:00,2023-08-16 13:44:00-04:00,2023-08-16 14:11:00-04:00,L,15042.25,14986.75,14987.0,55.25,-113.0,-1.0226244343891402,SL,1,L
2023-08-16 14:59:00-04:00,2023-08-16 14:59:00-04:00,2023-08-16 15:56:00-04:00,S,15031.0,14947.5,15087.25,56.25,165.0,1.4666666666666666,TP,1,S
2023-08-17 11:59:00-04:00,2023-08-17 11:59:00-04:00,2023-08-17 14:05:00-04:00,L,14905.75,14857.75,14858.0,47.75,-98.0,-1.0261780104712042,SL,1,L
2023-08-18 09:39:00-04:00,2023-08-18 09:39:00-04:00,2023-08-18 10:03:00-04:00,L,14670.0,14619.25,14619.5,50.5,-103.5,-1.0247524752475248,SL,1,L
2023-08-18 11:34:00-04:00,2023-08-18 11:34:00-04:00,2023-08-18 11:52:00-04:00,S,14667.25,14715.5,14715.25,48.0,-98.5,-1.0260416666666667,SL,1,S
2023-08-18 13:14:00-04:00,2023-08-18 13:14:00-04:00,2023-08-18 14:21:00-04:00,S,14707.75,14748.25,14748.0,40.25,-83.0,-1.031055900621118,SL,1,S
2023-08-21 09:39:00-04:00,2023-08-21 09:39:00-04:00,2023-08-21 11:16:00-04:00,L,14876.5,14794.5,14794.75,81.75,-166.0,-1.0152905198776758,SL,1,L
2023-08-21 12:14:00-04:00,2023-08-21 12:14:00-04:00,2023-08-21 13:01:00-04:00,L,14835.75,14906.5,14788.0,47.75,139.5,1.4607329842931938,TP,1,L
2023-08-22 10:59:00-04:00,2023-08-22 10:59:00-04:00,2023-08-22 12:09:00-04:00,L,15047.5,14968.75,14969.0,78.5,-159.5,-1.015923566878981,SL,1,L
2023-08-22 12:54:00-04:00,2023-08-22 12:54:00-04:00,2023-08-22 13:53:00-04:00,L,14993.75,14932.75,14933.0,60.75,-124.0,-1.0205761316872428,SL,1,L
2023-08-23 14:34:00-04:00,2023-08-23 14:34:00-04:00,2023-08-23 15:59:00-04:00,S,15204.0,15198.75,15242.75,38.75,8.5,0.10967741935483871,time,1,S
2023-08-24 14:14:00-04:00,2023-08-24 14:14:00-04:00,2023-08-24 14:36:00-04:00,L,15003.0,14960.0,14960.25,42.75,-88.0,-1.0292397660818713,SL,1,L
2023-08-25 10:29:00-04:00,2023-08-25 10:29:00-04:00,2023-08-25 15:59:00-04:00,S,14887.5,14978.0,15049.25,161.75,-183.0,-0.5656877897990726,time,1,S
2023-08-28 09:49:00-04:00,2023-08-28 09:49:00-04:00,2023-08-28 15:59:00-04:00,S,15055.5,15091.0,15127.0,71.5,-73.0,-0.5104895104895105,time,1,S
2023-08-30 10:29:00-04:00,2023-08-30 10:29:00-04:00,2023-08-30 12:16:00-04:00,S,15406.0,15508.0,15507.75,101.75,-206.0,-1.0122850122850122,SL,1,S
2023-08-30 13:54:00-04:00,2023-08-30 13:54:00-04:00,2023-08-30 15:01:00-04:00,S,15479.5,15516.75,15516.5,37.0,-76.5,-1.0337837837837838,SL,1,S
2023-08-31 09:39:00-04:00,2023-08-31 09:39:00-04:00,2023-08-31 15:59:00-04:00,L,15543.0,15532.0,15481.0,62.0,-24.0,-0.1935483870967742,time,1,L
2023-09-01 09:39:00-04:00,2023-09-01 09:39:00-04:00,2023-09-01 15:59:00-04:00,S,15555.0,15520.25,15661.5,106.5,67.5,0.31690140845070425,time,1,S
2023-09-04 10:19:00-04:00,2023-09-04 10:19:00-04:00,2023-09-04 11:00:00-04:00,S,15554.25,15518.25,15578.75,24.5,70.0,1.4285714285714286,TP,1,S
2023-09-05 11:39:00-04:00,2023-09-05 11:39:00-04:00,2023-09-05 14:28:00-04:00,S,15511.5,15577.75,15577.5,66.0,-134.5,-1.018939393939394,SL,1,S
2023-09-06 09:34:00-04:00,2023-09-06 09:34:00-04:00,2023-09-06 09:44:00-04:00,S,15472.0,15504.75,15504.5,32.5,-67.5,-1.0384615384615385,SL,1,S
2023-09-07 10:14:00-04:00,2023-09-07 10:14:00-04:00,2023-09-07 15:50:00-04:00,L,15218.25,15308.75,15157.25,61.0,179.0,1.4672131147540983,TP,1,L
2023-09-08 11:39:00-04:00,2023-09-08 11:39:00-04:00,2023-09-08 14:14:00-04:00,L,15364.5,15287.0,15287.25,77.25,-157.0,-1.0161812297734627,SL,1,L
2023-09-11 09:39:00-04:00,2023-09-11 09:39:00-04:00,2023-09-11 13:31:00-04:00,S,15387.75,15448.75,15448.5,60.75,-124.0,-1.0205761316872428,SL,1,S
2023-09-12 09:39:00-04:00,2023-09-12 09:39:00-04:00,2023-09-12 10:27:00-04:00,L,15425.25,15388.25,15388.5,36.75,-76.0,-1.034013605442177,SL,1,L
2023-09-12 10:29:00-04:00,2023-09-12 10:29:00-04:00,2023-09-12 15:59:00-04:00,S,15386.25,15302.75,15461.5,75.25,165.0,1.0963455149501662,time,1,S
2023-09-18 09:34:00-04:00,2023-09-18 09:34:00-04:00,2023-09-18 15:59:00-04:00,L,15407.0,15413.0,15343.0,64.0,10.0,0.078125,time,1,L
2023-09-19 12:54:00-04:00,2023-09-19 12:54:00-04:00,2023-09-19 13:31:00-04:00,L,15291.75,15341.75,15257.75,34.0,98.0,1.4411764705882353,TP,1,L
2023-09-19 14:59:00-04:00,2023-09-19 14:59:00-04:00,2023-09-19 15:59:00-04:00,S,15348.0,15377.5,15408.25,60.25,-61.0,-0.5062240663900415,time,1,S
2023-09-20 09:34:00-04:00,2023-09-20 09:34:00-04:00,2023-09-20 14:00:00-04:00,S,15389.5,15319.5,15436.75,47.25,138.0,1.4603174603174602,TP,1,S
2023-09-20 14:39:00-04:00,2023-09-20 14:39:00-04:00,2023-09-20 15:07:00-04:00,L,15365.25,15285.5,15285.75,79.5,-161.5,-1.0157232704402517,SL,1,L
2023-09-21 10:19:00-04:00,2023-09-21 10:19:00-04:00,2023-09-21 15:00:00-04:00,L,14996.0,14918.5,14918.75,77.25,-157.0,-1.0161812297734627,SL,1,L
2023-09-22 10:24:00-04:00,2023-09-22 10:24:00-04:00,2023-09-22 14:12:00-04:00,L,14955.5,14887.5,14887.75,67.75,-138.0,-1.018450184501845,SL,1,L
2023-09-25 10:29:00-04:00,2023-09-25 10:29:00-04:00,2023-09-25 11:16:00-04:00,S,14828.25,14897.0,14896.75,68.5,-139.5,-1.0182481751824817,SL,1,S
2023-09-26 12:24:00-04:00,2023-09-26 12:24:00-04:00,2023-09-26 13:37:00-04:00,L,14772.25,14721.5,14721.75,50.5,-103.5,-1.0247524752475248,SL,1,L
2023-09-27 10:04:00-04:00,2023-09-27 10:04:00-04:00,2023-09-27 12:21:00-04:00,S,14740.75,14643.0,14806.5,65.75,193.5,1.4714828897338403,TP,1,S
2023-09-27 14:29:00-04:00,2023-09-27 14:29:00-04:00,2023-09-27 15:10:00-04:00,L,14674.25,14804.25,14587.0,87.25,258.0,1.478510028653295,TP,1,L
2023-09-28 09:54:00-04:00,2023-09-28 09:54:00-04:00,2023-09-28 11:31:00-04:00,L,14733.25,14848.25,14656.0,77.25,228.0,1.4757281553398058,TP,1,L
2023-09-29 10:24:00-04:00,2023-09-29 10:24:00-04:00,2023-09-29 13:07:00-04:00,S,14975.0,14846.75,15061.0,86.0,254.5,1.4796511627906976,TP,1,S
2023-09-29 14:44:00-04:00,2023-09-29 14:44:00-04:00,2023-09-29 15:59:00-04:00,L,14866.0,14867.5,14810.75,55.25,1.0,0.00904977375565611,time,1,L
2023-10-02 11:49:00-04:00,2023-10-02 11:49:00-04:00,2023-10-02 15:59:00-04:00,S,14951.0,14988.5,15046.5,95.5,-77.0,-0.4031413612565445,time,1,S
2023-10-03 09:34:00-04:00,2023-10-03 09:34:00-04:00,2023-10-03 10:05:00-04:00,L,14906.75,14846.75,14847.0,59.75,-122.0,-1.0209205020920502,SL,1,L
2023-10-03 10:09:00-04:00,2023-10-03 10:09:00-04:00,2023-10-03 15:59:00-04:00,S,14825.5,14720.25,14974.25,148.75,208.5,0.7008403361344537,time,1,S
2023-10-04 14:39:00-04:00,2023-10-04 14:39:00-04:00,2023-10-04 15:17:00-04:00,L,14849.75,14918.75,14803.25,46.5,136.0,1.4623655913978495,TP,1,L
2023-10-05 09:34:00-04:00,2023-10-05 09:34:00-04:00,2023-10-05 09:40:00-04:00,L,14915.25,14865.5,14865.75,49.5,-101.5,-1.0252525252525253,SL,1,L
2023-10-05 11:54:00-04:00,2023-10-05 11:54:00-04:00,2023-10-05 14:40:00-04:00,L,14792.5,14902.25,14718.75,73.75,217.5,1.4745762711864407,TP,1,L
2023-10-06 10:14:00-04:00,2023-10-06 10:14:00-04:00,2023-10-06 10:47:00-04:00,L,14779.25,14894.75,14701.75,77.5,229.0,1.4774193548387098,TP,1,L
2023-10-09 09:39:00-04:00,2023-10-09 09:39:00-04:00,2023-10-09 09:44:00-04:00,S,14986.5,15035.0,15034.75,48.25,-99.0,-1.0259067357512954,SL,1,S
2023-10-09 10:39:00-04:00,2023-10-09 10:39:00-04:00,2023-10-09 12:08:00-04:00,S,15003.0,15067.5,15067.25,64.25,-131.0,-1.0194552529182879,SL,1,S
2023-10-10 13:04:00-04:00,2023-10-10 13:04:00-04:00,2023-10-10 15:59:00-04:00,S,15301.75,15270.5,15375.5,73.75,60.5,0.4101694915254237,time,1,S
2023-10-11 10:44:00-04:00,2023-10-11 10:44:00-04:00,2023-10-11 11:02:00-04:00,L,15330.0,15374.25,15300.0,30.0,86.5,1.4416666666666667,TP,1,L
2023-10-11 11:29:00-04:00,2023-10-11 11:29:00-04:00,2023-10-11 15:57:00-04:00,S,15313.0,15383.5,15383.25,70.25,-143.0,-1.0177935943060499,SL,1,S
2023-10-13 10:04:00-04:00,2023-10-13 10:04:00-04:00,2023-10-13 10:51:00-04:00,S,15311.5,15228.75,15367.25,55.75,163.5,1.4663677130044843,TP,1,S
2023-10-13 14:34:00-04:00,2023-10-13 14:34:00-04:00,2023-10-13 15:44:00-04:00,L,15135.25,15089.5,15089.75,45.5,-93.5,-1.0274725274725274,SL,1,L
2023-10-16 13:24:00-04:00,2023-10-16 13:24:00-04:00,2023-10-16 14:10:00-04:00,S,15236.0,15322.0,15321.75,85.75,-174.0,-1.0145772594752187,SL,1,S
2023-10-17 10:14:00-04:00,2023-10-17 10:14:00-04:00,2023-10-17 15:59:00-04:00,L,15158.5,15240.5,15049.75,108.75,162.0,0.7448275862068966,time,1,L
2023-10-18 09:34:00-04:00,2023-10-18 09:34:00-04:00,2023-10-18 09:45:00-04:00,L,15190.5,15123.5,15123.75,66.75,-136.0,-1.0187265917602997,SL,1,L
2023-10-18 11:39:00-04:00,2023-10-18 11:39:00-04:00,2023-10-18 12:49:00-04:00,L,15145.75,15092.75,15093.0,52.75,-108.0,-1.0236966824644549,SL,1,L
2023-10-18 13:09:00-04:00,2023-10-18 13:09:00-04:00,2023-10-18 13:39:00-04:00,L,15136.75,15070.5,15070.75,66.0,-134.5,-1.018939393939394,SL,1,L
2023-10-19 09:39:00-04:00,2023-10-19 09:39:00-04:00,2023-10-19 12:02:00-04:00,S,15048.0,15109.75,15109.5,61.5,-125.5,-1.0203252032520325,SL,1,S
2023-10-19 12:34:00-04:00,2023-10-19 12:34:00-04:00,2023-10-19 15:59:00-04:00,S,14963.0,14886.0,15138.25,175.25,152.0,0.43366619115549215,time,1,S
2023-10-20 12:34:00-04:00,2023-10-20 12:34:00-04:00,2023-10-20 15:25:00-04:00,L,14731.0,14679.25,14679.5,51.5,-105.5,-1.0242718446601942,SL,1,L
2023-10-23 09:34:00-04:00,2023-10-23 09:34:00-04:00,2023-10-23 09:55:00-04:00,S,14581.0,14630.5,14630.25,49.25,-101.0,-1.0253807106598984,SL,1,S
2023-10-23 14:19:00-04:00,2023-10-23 14:19:00-04:00,2023-10-23 15:58:00-04:00,S,14780.5,14699.75,14835.0,54.5,159.5,1.463302752293578,TP,1,S
2023-10-24 09:34:00-04:00,2023-10-24 09:34:00-04:00,2023-10-24 09:50:00-04:00,L,14812.5,14762.0,14762.25,50.25,-103.0,-1.0248756218905473,SL,1,L
2023-10-24 11:24:00-04:00,2023-10-24 11:24:00-04:00,2023-10-24 12:47:00-04:00,S,14811.0,14711.25,14878.0,67.0,197.5,1.4738805970149254,TP,1,S
2023-10-24 13:29:00-04:00,2023-10-24 13:29:00-04:00,2023-10-24 15:59:00-04:00,L,14773.25,14846.25,14705.5,67.75,144.0,1.062730627306273,time,1,L
2023-10-25 11:14:00-04:00,2023-10-25 11:14:00-04:00,2023-10-25 11:42:00-04:00,L,14668.0,14596.5,14596.75,71.25,-145.0,-1.0175438596491229,SL,1,L
2023-10-26 09:39:00-04:00,2023-10-26 09:39:00-04:00,2023-10-26 11:43:00-04:00,S,14370.25,14237.25,14459.5,89.25,264.0,1.4789915966386555,TP,1,S
2023-10-26 13:49:00-04:00,2023-10-26 13:49:00-04:00,2023-10-26 15:59:00-04:00,L,14218.75,14194.25,14136.25,82.5,-51.0,-0.3090909090909091,time,1,L
2023-10-27 09:54:00-04:00,2023-10-27 09:54:00-04:00,2023-10-27 10:07:00-04:00,S,14292.0,14356.75,14356.5,64.5,-131.5,-1.0193798449612403,SL,1,S
2023-10-27 12:14:00-04:00,2023-10-27 12:14:00-04:00,2023-10-27 13:06:00-04:00,S,14348.0,14267.5,14402.25,54.25,159.0,1.4654377880184333,TP,1,S
2023-10-27 14:39:00-04:00,2023-10-27 14:39:00-04:00,2023-10-27 15:40:00-04:00,L,14275.0,14211.75,14212.0,63.0,-128.5,-1.0198412698412698,SL,1,L
2023-10-30 10:19:00-04:00,2023-10-30 10:19:00-04:00,2023-10-30 15:59:00-04:00,S,14363.75,14419.0,14476.5,112.75,-112.5,-0.49889135254988914,time,1,S
2023-10-31 10:19:00-04:00,2023-10-31 10:19:00-04:00,2023-10-31 15:59:00-04:00,L,14393.0,14489.0,14311.0,82.0,190.0,1.1585365853658536,time,1,L
2023-11-01 13:19:00-04:00,2023-11-01 13:19:00-04:00,2023-11-01 14:42:00-04:00,L,14608.75,14561.75,14562.0,46.75,-96.0,-1.0267379679144386,SL,1,L
2023-11-02 09:54:00-04:00,2023-11-02 09:54:00-04:00,2023-11-02 10:51:00-04:00,S,14908.5,14953.0,14952.75,44.25,-91.0,-1.0282485875706215,SL,1,S
2023-11-02 11:54:00-04:00,2023-11-02 11:54:00-04:00,2023-11-02 13:11:00-04:00,S,14935.25,14972.25,14972.0,36.75,-76.0,-1.034013605442177,SL,1,S
2023-11-07 09:39:00-05:00,2023-11-07 09:39:00-05:00,2023-11-07 09:55:00-05:00,S,15235.5,15287.5,15287.25,51.75,-106.0,-1.0241545893719808,SL,1,S
2023-11-07 14:44:00-05:00,2023-11-07 14:44:00-05:00,2023-11-07 15:59:00-05:00,S,15388.0,15375.0,15413.0,25.0,24.0,0.48,time,1,S
2023-11-08 10:04:00-05:00,2023-11-08 10:04:00-05:00,2023-11-08 15:59:00-05:00,S,15356.25,15384.25,15418.0,61.75,-58.0,-0.46963562753036436,time,1,S
2023-11-09 09:34:00-05:00,2023-11-09 09:34:00-05:00,2023-11-09 09:59:00-05:00,S,15385.25,15419.75,15419.5,34.25,-71.0,-1.0364963503649636,SL,1,S
2023-11-09 12:19:00-05:00,2023-11-09 12:19:00-05:00,2023-11-09 13:06:00-05:00,S,15399.0,15318.25,15453.5,54.5,159.5,1.463302752293578,TP,1,S
2023-11-13 10:29:00-05:00,2023-11-13 10:29:00-05:00,2023-11-13 15:59:00-05:00,L,15522.0,15547.5,15465.0,57.0,49.0,0.4298245614035088,time,1,L
2023-11-14 13:54:00-05:00,2023-11-14 13:54:00-05:00,2023-11-14 14:06:00-05:00,S,15864.5,15829.25,15888.5,24.0,68.5,1.4270833333333333,TP,1,S
2023-11-14 14:39:00-05:00,2023-11-14 14:39:00-05:00,2023-11-14 15:59:00-05:00,L,15871.5,15878.5,15821.75,49.75,12.0,0.12060301507537688,time,1,L
2023-11-15 10:24:00-05:00,2023-11-15 10:24:00-05:00,2023-11-15 11:42:00-05:00,L,15954.75,15905.25,15905.5,49.25,-101.0,-1.0253807106598984,SL,1,L
2023-11-15 13:44:00-05:00,2023-11-15 13:44:00-05:00,2023-11-15 15:59:00-05:00,L,15900.0,15890.25,15832.25,67.75,-21.5,-0.15867158671586715,time,1,L
2023-11-16 10:19:00-05:00,2023-11-16 10:19:00-05:00,2023-11-16 15:47:00-05:00,S,15846.0,15906.25,15906.0,60.0,-122.5,-1.0208333333333333,SL,1,S
2023-11-17 11:44:00-05:00,2023-11-17 11:44:00-05:00,2023-11-17 14:07:00-05:00,L,15868.5,15934.0,15824.25,44.25,129.0,1.4576271186440677,TP,1,L
2023-11-17 14:49:00-05:00,2023-11-17 14:49:00-05:00,2023-11-17 15:59:00-05:00,S,15900.25,15897.75,15940.25,40.0,3.0,0.0375,time,1,S
2023-11-21 13:19:00-05:00,2023-11-21 13:19:00-05:00,2023-11-21 14:15:00-05:00,S,15957.25,15990.5,15990.25,33.0,-68.5,-1.0378787878787878,SL,1,S
2023-11-22 09:59:00-05:00,2023-11-22 09:59:00-05:00,2023-11-22 15:59:00-05:00,S,16065.0,16047.75,16173.5,108.5,32.5,0.1497695852534562,time,1,S
2023-11-23 09:34:00-05:00,2023-11-23 09:34:00-05:00,2023-11-23 10:56:00-05:00,S,16058.75,16072.5,16072.25,13.5,-29.5,-1.0925925925925926,SL,1,S
2023-11-23 11:54:00-05:00,2023-11-23 11:54:00-05:00,2023-11-23 12:49:00-05:00,S,16064.25,16065.0,16072.25,8.0,-3.5,-0.21875,time,1,S
2023-11-24 12:49:00-05:00,2023-11-24 12:49:00-05:00,2023-11-24 13:01:00-05:00,S,16009.75,16023.75,16023.5,13.75,-30.0,-1.0909090909090908,SL,1,S
2023-11-27 09:44:00-05:00,2023-11-27 09:44:00-05:00,2023-11-27 10:10:00-05:00,L,16001.0,16046.75,15970.0,31.0,89.5,1.4435483870967742,TP,1,L
2023-11-27 11:14:00-05:00,2023-11-27 11:14:00-05:00,2023-11-27 11:52:00-05:00,S,16014.75,16052.0,16051.75,37.0,-76.5,-1.0337837837837838,SL,1,S
2023-11-27 13:44:00-05:00,2023-11-27 13:44:00-05:00,2023-11-27 14:43:00-05:00,S,16054.75,16003.75,16089.25,34.5,100.0,1.4492753623188406,TP,1,S
2023-11-28 12:34:00-05:00,2023-11-28 12:34:00-05:00,2023-11-28 15:59:00-05:00,S,16027.5,16048.0,16070.0,42.5,-43.0,-0.5058823529411764,time,1,S
2023-11-29 10:09:00-05:00,2023-11-29 10:09:00-05:00,2023-11-29 15:59:00-05:00,S,16124.0,16026.0,16208.0,84.0,194.0,1.1547619047619047,time,1,S
2023-11-30 14:09:00-05:00,2023-11-30 14:09:00-05:00,2023-11-30 15:50:00-05:00,L,15887.25,15934.0,15855.5,31.75,91.5,1.4409448818897639,TP,1,L
2023-12-01 13:39:00-05:00,2023-12-01 13:39:00-05:00,2023-12-01 15:59:00-05:00,S,15994.5,16025.25,16050.25,55.75,-63.5,-0.5695067264573991,time,1,S
2023-12-04 13:29:00-05:00,2023-12-04 13:29:00-05:00,2023-12-04 15:50:00-05:00,S,15820.75,15868.75,15868.5,47.75,-98.0,-1.0261780104712042,SL,1,S
2023-12-05 09:44:00-05:00,2023-12-05 09:44:00-05:00,2023-12-05 10:46:00-05:00,L,15843.0,15953.75,15768.5,74.5,219.5,1.4731543624161074,TP,1,L
2023-12-05 11:19:00-05:00,2023-12-05 11:19:00-05:00,2023-12-05 15:59:00-05:00,S,15870.0,15912.25,15962.0,92.0,-86.5,-0.4701086956521739,time,1,S
2023-12-06 09:39:00-05:00,2023-12-06 09:39:00-05:00,2023-12-06 15:59:00-05:00,S,15942.25,15815.25,16039.25,97.0,252.0,1.2989690721649485,time,1,S
2023-12-07 11:19:00-05:00,2023-12-07 11:19:00-05:00,2023-12-07 11:39:00-05:00,S,15942.5,16011.75,16011.5,69.0,-140.5,-1.0181159420289856,SL,1,S
2023-12-07 14:44:00-05:00,2023-12-07 14:44:00-05:00,2023-12-07 15:59:00-05:00,S,16032.25,16035.5,16066.0,33.75,-8.5,-0.1259259259259259,time,1,S
2023-12-08 09:39:00-05:00,2023-12-08 09:39:00-05:00,2023-12-08 10:00:00-05:00,L,15979.25,16041.0,15937.5,41.75,121.5,1.4550898203592815,TP,1,L
2023-12-08 11:19:00-05:00,2023-12-08 11:19:00-05:00,2023-12-08 14:44:00-05:00,S,16033.0,16112.5,16112.25,79.25,-161.0,-1.0157728706624605,SL,1,S
2023-12-11 11:14:00-05:00,2023-12-11 11:14:00-05:00,2023-12-11 12:49:00-05:00,S,16135.5,16200.0,16199.75,64.25,-131.0,-1.0194552529182879,SL,1,S
2023-12-12 10:04:00-05:00,2023-12-12 10:04:00-05:00,2023-12-12 15:59:00-05:00,L,16257.25,16365.25,16184.75,72.5,214.0,1.4758620689655173,TP,1,L
2023-12-13 13:54:00-05:00,2023-12-13 13:54:00-05:00,2023-12-13 13:59:00-05:00,L,16389.5,16365.0,16365.25,24.25,-51.0,-1.0515463917525774,SL,1,L
2023-12-18 10:59:00-05:00,2023-12-18 10:59:00-05:00,2023-12-18 11:30:00-05:00,S,16868.75,16907.0,16906.75,38.0,-78.5,-1.0328947368421053,SL,1,S
2023-12-19 10:44:00-05:00,2023-12-19 10:44:00-05:00,2023-12-19 11:00:00-05:00,S,16974.75,17006.5,17006.25,31.5,-65.5,-1.0396825396825398,SL,1,S
2023-12-19 11:59:00-05:00,2023-12-19 11:59:00-05:00,2023-12-19 15:55:00-05:00,S,16981.5,17012.75,17012.5,31.0,-64.5,-1.0403225806451613,SL,1,S
2023-12-20 11:34:00-05:00,2023-12-20 11:34:00-05:00,2023-12-20 14:37:00-05:00,S,17030.5,16978.25,17066.0,35.5,102.5,1.443661971830986,TP,1,S
2023-12-21 11:29:00-05:00,2023-12-21 11:29:00-05:00,2023-12-21 12:00:00-05:00,L,16898.0,16859.75,16860.0,38.0,-78.5,-1.0328947368421053,SL,1,L
2023-12-21 13:24:00-05:00,2023-12-21 13:24:00-05:00,2023-12-21 15:28:00-05:00,L,16864.25,16938.25,16814.25,50.0,146.0,1.46,TP,1,L
2023-12-22 10:59:00-05:00,2023-12-22 10:59:00-05:00,2023-12-22 14:18:00-05:00,S,16995.5,16937.5,17034.75,39.25,114.0,1.4522292993630572,TP,1,S
2023-12-22 14:59:00-05:00,2023-12-22 14:59:00-05:00,2023-12-22 15:59:00-05:00,L,16987.25,16980.0,16895.75,91.5,-16.5,-0.09016393442622951,time,1,L
2023-12-26 11:24:00-05:00,2023-12-26 11:24:00-05:00,2023-12-26 13:23:00-05:00,S,17028.0,17061.0,17060.75,32.75,-68.0,-1.0381679389312977,SL,1,S
2023-12-26 13:59:00-05:00,2023-12-26 13:59:00-05:00,2023-12-26 14:33:00-05:00,S,17048.75,17064.5,17064.25,15.5,-33.5,-1.0806451612903225,SL,1,S
2023-12-27 11:34:00-05:00,2023-12-27 11:34:00-05:00,2023-12-27 13:12:00-05:00,L,17083.75,17121.75,17057.75,26.0,74.0,1.4230769230769231,TP,1,L
2023-12-28 10:39:00-05:00,2023-12-28 10:39:00-05:00,2023-12-28 13:03:00-05:00,L,17133.25,17102.25,17102.5,30.75,-64.0,-1.0406504065040652,SL,1,L
2023-12-28 13:14:00-05:00,2023-12-28 13:14:00-05:00,2023-12-28 13:37:00-05:00,S,17113.75,17134.0,17133.75,20.0,-42.5,-1.0625,SL,1,S
2023-12-29 10:34:00-05:00,2023-12-29 10:34:00-05:00,2023-12-29 10:46:00-05:00,S,17075.0,17026.75,17107.75,32.75,94.5,1.4427480916030535,TP,1,S
2023-12-29 12:59:00-05:00,2023-12-29 12:59:00-05:00,2023-12-29 15:59:00-05:00,L,16994.25,17018.75,16942.75,51.5,47.0,0.4563106796116505,time,1,L
2024-01-02 12:54:00-05:00,2024-01-02 12:54:00-05:00,2024-01-02 14:59:00-05:00,S,16734.5,16655.25,16788.0,53.5,156.5,1.4626168224299065,TP,1,S
2024-01-03 11:04:00-05:00,2024-01-03 11:04:00-05:00,2024-01-03 14:05:00-05:00,L,16607.5,16543.0,16543.25,64.25,-131.0,-1.0194552529182879,SL,1,L
2024-01-03 14:29:00-05:00,2024-01-03 14:29:00-05:00,2024-01-03 15:50:00-05:00,L,16618.25,16528.75,16529.0,89.25,-181.0,-1.0140056022408963,SL,1,L
2024-01-04 09:54:00-05:00,2024-01-04 09:54:00-05:00,2024-01-04 11:10:00-05:00,L,16487.0,16552.5,16442.75,44.25,129.0,1.4576271186440677,TP,1,L
2024-01-04 11:54:00-05:00,2024-01-04 11:54:00-05:00,2024-01-04 15:55:00-05:00,S,16525.0,16437.0,16584.25,59.25,174.0,1.4683544303797469,TP,1,S
2024-01-05 13:34:00-05:00,2024-01-05 13:34:00-05:00,2024-01-05 14:51:00-05:00,L,16485.75,16429.75,16430.0,55.75,-114.0,-1.0224215246636772,SL,1,L
2024-01-09 09:34:00-05:00,2024-01-09 09:34:00-05:00,2024-01-09 11:48:00-05:00,L,16711.25,16789.75,16658.25,53.0,155.0,1.4622641509433962,TP,1,L
2024-01-09 13:34:00-05:00,2024-01-09 13:34:00-05:00,2024-01-09 15:59:00-05:00,S,16805.0,16832.0,16868.75,63.75,-56.0,-0.4392156862745098,time,1,S
2024-01-11 12:44:00-05:00,2024-01-11 12:44:00-05:00,2024-01-11 13:54:00-05:00,L,16828.75,16917.75,16768.75,60.0,176.0,1.4666666666666666,TP,1,L
2024-01-12 10:04:00-05:00,2024-01-12 10:04:00-05:00,2024-01-12 15:59:00-05:00,S,16959.0,16972.25,17042.75,83.75,-28.5,-0.1701492537313433,time,1,S
2024-01-15 09:39:00-05:00,2024-01-15 09:39:00-05:00,2024-01-15 09:52:00-05:00,L,16962.25,16938.5,16938.75,23.5,-49.5,-1.053191489361702,SL,1,L
2024-01-15 11:54:00-05:00,2024-01-15 11:54:00-05:00,2024-01-15 12:49:00-05:00,S,16963.0,16969.75,16980.25,17.25,-15.5,-0.4492753623188406,time,1,S
2024-01-16 11:54:00-05:00,2024-01-16 11:54:00-05:00,2024-01-16 15:59:00-05:00,S,16956.5,16968.0,17023.75,67.25,-25.0,-0.18587360594795538,time,1,S
2024-01-17 12:24:00-05:00,2024-01-17 12:24:00-05:00,2024-01-17 14:45:00-05:00,S,16795.0,16841.75,16841.5,46.5,-95.5,-1.0268817204301075,SL,1,S
2024-01-18 09:39:00-05:00,2024-01-18 09:39:00-05:00,2024-01-18 13:04:00-05:00,L,17034.5,16978.0,16978.25,56.25,-115.0,-1.0222222222222221,SL,1,L
2024-01-18 13:44:00-05:00,2024-01-18 13:44:00-05:00,2024-01-18 15:51:00-05:00,L,17014.75,17122.75,16942.25,72.5,214.0,1.4758620689655173,TP,1,L
2024-01-19 10:04:00-05:00,2024-01-19 10:04:00-05:00,2024-01-19 12:27:00-05:00,L,17217.25,17293.25,17166.0,51.25,150.0,1.4634146341463414,TP,1,L
2024-01-22 09:34:00-05:00,2024-01-22 09:34:00-05:00,2024-01-22 09:42:00-05:00,L,17573.5,17512.75,17513.0,60.5,-123.5,-1.0206611570247934,SL,1,L
2024-01-22 11:49:00-05:00,2024-01-22 11:49:00-05:00,2024-01-22 13:28:00-05:00,L,17497.0,17438.25,17438.5,58.5,-119.5,-1.0213675213675213,SL,1,L
2024-01-22 13:54:00-05:00,2024-01-22 13:54:00-05:00,2024-01-22 15:59:00-05:00,L,17483.5,17460.25,17434.0,49.5,-48.5,-0.4898989898989899,time,1,L
2024-01-23 11:04:00-05:00,2024-01-23 11:04:00-05:00,2024-01-23 11:34:00-05:00,L,17469.0,17427.25,17427.5,41.5,-85.5,-1.0301204819277108,SL,1,L
2024-01-23 14:34:00-05:00,2024-01-23 14:34:00-05:00,2024-01-23 14:45:00-05:00,S,17468.75,17488.25,17488.0,19.25,-41.0,-1.0649350649350648,SL,1,S
2024-01-24 11:14:00-05:00,2024-01-24 11:14:00-05:00,2024-01-24 12:10:00-05:00,S,17695.0,17765.5,17765.25,70.25,-143.0,-1.0177935943060499,SL,1,S
2024-01-24 13:14:00-05:00,2024-01-24 13:14:00-05:00,2024-01-24 14:21:00-05:00,S,17740.5,17660.75,17794.25,53.75,157.5,1.4651162790697674,TP,1,S
2024-01-25 09:54:00-05:00,2024-01-25 09:54:00-05:00,2024-01-25 10:22:00-05:00,S,17685.25,17728.5,17728.25,43.0,-88.5,-1.0290697674418605,SL,1,S
2024-01-25 10:54:00-05:00,2024-01-25 10:54:00-05:00,2024-01-25 11:50:00-05:00,S,17692.75,17738.75,17738.5,45.75,-94.0,-1.0273224043715847,SL,1,S
2024-01-25 14:59:00-05:00,2024-01-25 14:59:00-05:00,2024-01-25 15:59:00-05:00,L,17609.25,17637.5,17548.75,60.5,54.5,0.45041322314049587,time,1,L
2024-01-26 10:29:00-05:00,2024-01-26 10:29:00-05:00,2024-01-26 13:54:00-05:00,L,17580.75,17503.5,17503.75,77.0,-156.5,-1.0162337662337662,SL,1,L
2024-01-26 14:39:00-05:00,2024-01-26 14:39:00-05:00,2024-01-26 15:59:00-05:00,L,17544.0,17528.5,17500.75,43.25,-33.0,-0.3815028901734104,time,1,L
2024-01-29 09:34:00-05:00,2024-01-29 09:34:00-05:00,2024-01-29 10:04:00-05:00,L,17553.5,17529.25,17529.5,24.0,-50.5,-1.0520833333333333,SL,1,L
2024-01-30 09:34:00-05:00,2024-01-30 09:34:00-05:00,2024-01-30 10:00:00-05:00,L,17669.75,17644.25,17644.5,25.25,-53.0,-1.0495049504950495,SL,1,L
2024-01-30 14:34:00-05:00,2024-01-30 14:34:00-05:00,2024-01-30 15:59:00-05:00,L,17592.0,17583.5,17548.0,44.0,-19.0,-0.2159090909090909,time,1,L
2024-01-31 14:04:00-05:00,2024-01-31 14:04:00-05:00,2024-01-31 14:39:00-05:00,S,17343.75,17404.0,17403.75,60.0,-122.5,-1.0208333333333333,SL,1,S
2024-02-01 10:54:00-05:00,2024-02-01 10:54:00-05:00,2024-02-01 12:06:00-05:00,S,17289.0,17371.75,17371.5,82.5,-167.5,-1.0151515151515151,SL,1,S
2024-02-01 13:09:00-05:00,2024-02-01 13:09:00-05:00,2024-02-01 14:45:00-05:00,S,17341.0,17413.5,17413.25,72.25,-147.0,-1.0173010380622838,SL,1,S
2024-02-02 09:39:00-05:00,2024-02-02 09:39:00-05:00,2024-02-02 11:30:00-05:00,L,17553.75,17685.25,17465.5,88.25,261.0,1.4787535410764872,TP,1,L
2024-02-05 11:34:00-05:00,2024-02-05 11:34:00-05:00,2024-02-05 15:59:00-05:00,L,17642.75,17697.0,17553.5,89.25,106.5,0.5966386554621849,time,1,L
2024-02-06 09:34:00-05:00,2024-02-06 09:34:00-05:00,2024-02-06 09:51:00-05:00,S,17729.0,17671.75,17767.75,38.75,112.5,1.4516129032258065,TP,1,S
2024-02-06 13:34:00-05:00,2024-02-06 13:34:00-05:00,2024-02-06 14:08:00-05:00,L,17613.25,17587.0,17587.25,26.0,-54.5,-1.0480769230769231,SL,1,L
2024-02-06 14:14:00-05:00,2024-02-06 14:14:00-05:00,2024-02-06 14:56:00-05:00,S,17571.0,17633.5,17633.25,62.25,-127.0,-1.0200803212851406,SL,1,S
2024-02-07 09:39:00-05:00,2024-02-07 09:39:00-05:00,2024-02-07 10:13:00-05:00,S,17728.5,17779.5,17779.25,50.75,-104.0,-1.0246305418719213,SL,1,S
2024-02-08 12:44:00-05:00,2024-02-08 12:44:00-05:00,2024-02-08 15:59:00-05:00,S,17867.0,17865.5,17896.75,29.75,1.0,0.01680672268907563,time,1,S
2024-02-09 09:59:00-05:00,2024-02-09 09:59:00-05:00,2024-02-09 13:28:00-05:00,L,17940.5,18037.75,17875.0,65.5,192.5,1.4694656488549618,TP,1,L
2024-02-12 09:34:00-05:00,2024-02-12 09:34:00-05:00,2024-02-12 11:31:00-05:00,L,18045.5,18102.25,18007.0,38.5,111.5,1.448051948051948,TP,1,L
2024-02-12 12:24:00-05:00,2024-02-12 12:24:00-05:00,2024-02-12 13:39:00-05:00,S,18076.25,18008.75,18121.75,45.5,133.0,1.4615384615384615,TP,1,S
2024-02-13 11:54:00-05:00,2024-02-13 11:54:00-05:00,2024-02-13 13:48:00-05:00,S,17731.0,17662.5,17777.25,46.25,135.0,1.4594594594594594,TP,1,S
2024-02-14 10:04:00-05:00,2024-02-14 10:04:00-05:00,2024-02-14 11:00:00-05:00,L,17785.0,17742.5,17742.75,42.25,-87.0,-1.029585798816568,SL,1,L
2024-02-14 12:29:00-05:00,2024-02-14 12:29:00-05:00,2024-02-14 15:50:00-05:00,L,17762.75,17870.75,17690.25,72.5,214.0,1.4758620689655173,TP,1,L
2024-02-15 11:39:00-05:00,2024-02-15 11:39:00-05:00,2024-02-15 13:30:00-05:00,L,17839.0,17926.75,17780.0,59.0,173.5,1.4703389830508475,TP,1,L
2024-02-16 12:59:00-05:00,2024-02-16 12:59:00-05:00,2024-02-16 13:05:00-05:00,S,17857.0,17815.75,17885.0,28.0,80.5,1.4375,TP,1,S
2024-02-16 13:44:00-05:00,2024-02-16 13:44:00-05:00,2024-02-16 14:47:00-05:00,L,17861.25,17801.75,17802.0,59.25,-121.0,-1.021097046413502,SL,1,L
2024-02-19 10:19:00-05:00,2024-02-19 10:19:00-05:00,2024-02-19 12:49:00-05:00,S,17783.0,17795.75,17807.5,24.5,-27.5,-0.5612244897959183,time,1,S
2024-02-21 09:44:00-05:00,2024-02-21 09:44:00-05:00,2024-02-21 10:04:00-05:00,S,17467.5,17515.25,17515.0,47.5,-97.5,-1.0263157894736843,SL,1,S
2024-02-21 12:59:00-05:00,2024-02-21 12:59:00-05:00,2024-02-21 13:02:00-05:00,L,17478.5,17434.75,17435.0,43.5,-89.5,-1.028735632183908,SL,1,L
2024-02-23 09:59:00-05:00,2024-02-23 09:59:00-05:00,2024-02-23 11:04:00-05:00,S,18079.75,17982.25,18145.25,65.5,193.0,1.4732824427480915,TP,1,S
2024-02-23 11:59:00-05:00,2024-02-23 11:59:00-05:00,2024-02-23 15:59:00-05:00,L,18037.0,17985.75,17945.75,91.25,-104.5,-0.5726027397260274,time,1,L
2024-02-26 11:09:00-05:00,2024-02-26 11:09:00-05:00,2024-02-26 11:40:00-05:00,S,18009.25,18041.5,18041.25,32.0,-66.5,-1.0390625,SL,1,S
2024-02-26 12:44:00-05:00,2024-02-26 12:44:00-05:00,2024-02-26 13:35:00-05:00,S,18029.5,17984.75,18060.0,30.5,87.5,1.4344262295081966,TP,1,S
2024-02-26 14:09:00-05:00,2024-02-26 14:09:00-05:00,2024-02-26 15:59:00-05:00,L,18027.0,17979.75,17980.0,47.0,-96.5,-1.0265957446808511,SL,1,L
2024-02-27 11:09:00-05:00,2024-02-27 11:09:00-05:00,2024-02-27 12:55:00-05:00,S,17988.0,17921.75,18032.75,44.75,130.5,1.458100558659218,TP,1,S
2024-02-28 10:39:00-05:00,2024-02-28 10:39:00-05:00,2024-02-28 15:59:00-05:00,L,17922.25,17917.25,17876.0,46.25,-12.0,-0.12972972972972974,time,1,L
2024-02-29 10:14:00-05:00,2024-02-29 10:14:00-05:00,2024-02-29 15:48:00-05:00,S,17987.5,18072.75,18072.5,85.0,-172.5,-1.0147058823529411,SL,1,S
2024-03-04 10:39:00-05:00,2024-03-04 10:39:00-05:00,2024-03-04 13:24:00-05:00,L,18326.0,18279.5,18279.75,46.25,-95.0,-1.027027027027027,SL,1,L
2024-03-04 13:54:00-05:00,2024-03-04 13:54:00-05:00,2024-03-04 15:47:00-05:00,L,18302.0,18269.5,18269.75,32.25,-67.0,-1.0387596899224807,SL,1,L
2024-03-06 09:49:00-05:00,2024-03-06 09:49:00-05:00,2024-03-06 10:00:00-05:00,S,18080.25,18011.75,18126.5,46.25,135.0,1.4594594594594594,TP,1,S
2024-03-06 10:49:00-05:00,2024-03-06 10:49:00-05:00,2024-03-06 15:59:00-05:00,L,18057.75,18044.25,17963.25,94.5,-29.0,-0.15343915343915343,time,1,L
2024-03-07 14:59:00-05:00,2024-03-07 14:59:00-05:00,2024-03-07 15:59:00-05:00,S,18326.5,18309.0,18356.75,30.25,33.0,0.5454545454545454,time,1,S
2024-03-08 09:39:00-05:00,2024-03-08 09:39:00-05:00,2024-03-08 09:55:00-05:00,S,18299.75,18376.0,18375.75,76.0,-154.5,-1.0164473684210527,SL,1,S
2024-03-08 11:04:00-05:00,2024-03-08 11:04:00-05:00,2024-03-08 12:10:00-05:00,S,18315.0,18133.75,18436.5,121.5,360.5,1.4835390946502058,TP,1,S
2024-03-11 09:59:00-04:00,2024-03-11 09:59:00-04:00,2024-03-11 10:54:00-04:00,S,17899.0,18002.25,18002.0,103.0,-208.5,-1.0121359223300972,SL,1,S
2024-03-11 11:29:00-04:00,2024-03-11 11:29:00-04:00,2024-03-11 14:50:00-04:00,S,17932.0,18023.5,18023.25,91.25,-185.0,-1.0136986301369864,SL,1,S
2024-03-12 10:09:00-04:00,2024-03-12 10:09:00-04:00,2024-03-12 15:59:00-04:00,L,18060.5,18226.5,17929.5,131.0,330.0,1.2595419847328244,time,1,L
2024-03-15 13:24:00-04:00,2024-03-15 13:24:00-04:00,2024-03-15 15:59:00-04:00,L,18067.5,18058.0,18006.0,61.5,-21.0,-0.17073170731707318,time,1,L
2024-03-18 11:14:00-04:00,2024-03-18 11:14:00-04:00,2024-03-18 15:54:00-04:00,S,18321.25,18232.5,18381.0,59.75,175.5,1.4686192468619246,TP,1,S
2024-03-19 09:44:00-04:00,2024-03-19 09:44:00-04:00,2024-03-19 11:32:00-04:00,S,18066.0,18153.25,18153.0,87.0,-176.5,-1.014367816091954,SL,1,S
2024-03-20 10:29:00-04:00,2024-03-20 10:29:00-04:00,2024-03-20 13:45:00-04:00,L,18296.5,18245.25,18245.5,51.0,-104.5,-1.0245098039215685,SL,1,L
2024-03-21 09:49:00-04:00,2024-03-21 09:49:00-04:00,2024-03-21 15:59:00-04:00,S,18638.5,18559.0,18708.75,70.25,157.0,1.1174377224199288,time,1,S
2024-03-22 09:49:00-04:00,2024-03-22 09:49:00-04:00,2024-03-22 10:02:00-04:00,S,18503.5,18548.0,18547.75,44.25,-91.0,-1.0282485875706215,SL,1,S
2024-03-22 12:34:00-04:00,2024-03-22 12:34:00-04:00,2024-03-22 12:50:00-04:00,S,18535.75,18568.25,18568.0,32.25,-67.0,-1.0387596899224807,SL,1,S
2024-03-22 14:49:00-04:00,2024-03-22 14:49:00-04:00,2024-03-22 15:59:00-04:00,S,18587.5,18572.5,18625.25,37.75,28.0,0.3708609271523179,time,1,S
2024-03-25 09:39:00-04:00,2024-03-25 09:39:00-04:00,2024-03-25 09:51:00-04:00,S,18448.25,18483.25,18483.0,34.75,-72.0,-1.0359712230215827,SL,1,S
2024-03-25 12:09:00-04:00,2024-03-25 12:09:00-04:00,2024-03-25 13:42:00-04:00,S,18514.0,18553.5,18553.25,39.25,-81.0,-1.0318471337579618,SL,1,S
2024-03-26 09:34:00-04:00,2024-03-26 09:34:00-04:00,2024-03-26 10:29:00-04:00,L,18588.0,18549.5,18549.75,38.25,-79.0,-1.0326797385620916,SL,1,L
2024-03-26 10:34:00-04:00,2024-03-26 10:34:00-04:00,2024-03-26 15:44:00-04:00,S,18550.5,18462.75,18609.5,59.0,173.5,1.4703389830508475,TP,1,S
2024-03-27 09:39:00-04:00,2024-03-27 09:39:00-04:00,2024-03-27 10:03:00-04:00,S,18499.5,18390.75,18572.5,73.0,215.5,1.476027397260274,TP,1,S
2024-03-27 12:24:00-04:00,2024-03-27 12:24:00-04:00,2024-03-27 15:54:00-04:00,L,18435.5,18500.75,18391.5,44.0,128.5,1.4602272727272727,TP,1,L
2024-03-28 10:14:00-04:00,2024-03-28 10:14:00-04:00,2024-03-28 15:59:00-04:00,S,18490.75,18463.0,18539.5,48.75,53.5,0.5487179487179488,time,1,S
2024-04-01 09:34:00-04:00,2024-04-01 09:34:00-04:00,2024-04-01 10:51:00-04:00,L,18550.75,18477.75,18478.0,72.75,-148.0,-1.0171821305841924,SL,1,L
2024-04-01 13:19:00-04:00,2024-04-01 13:19:00-04:00,2024-04-01 15:54:00-04:00,S,18448.75,18492.25,18492.0,43.25,-89.0,-1.0289017341040463,SL,1,S
2024-04-02 11:19:00-04:00,2024-04-02 11:19:00-04:00,2024-04-02 15:59:00-04:00,L,18269.0,18330.5,18206.75,62.25,121.0,0.9718875502008032,time,1,L
2024-04-03 09:54:00-04:00,2024-04-03 09:54:00-04:00,2024-04-03 10:04:00-04:00,L,18280.75,18352.25,18232.5,48.25,141.0,1.461139896373057,TP,1,L
2024-04-05 13:49:00-04:00,2024-04-05 13:49:00-04:00,2024-04-05 15:59:00-04:00,S,18340.0,18293.5,18408.0,68.0,91.0,0.6691176470588235,time,1,S
2024-04-08 11:29:00-04:00,2024-04-08 11:29:00-04:00,2024-04-08 12:13:00-04:00,S,18335.5,18273.0,18377.75,42.25,123.0,1.455621301775148,TP,1,S
2024-04-08 13:49:00-04:00,2024-04-08 13:49:00-04:00,2024-04-08 14:10:00-04:00,S,18285.5,18318.25,18318.0,32.5,-67.5,-1.0384615384615385,SL,1,S
2024-04-08 14:44:00-04:00,2024-04-08 14:44:00-04:00,2024-04-08 15:33:00-04:00,S,18295.75,18324.5,18324.25,28.5,-59.5,-1.043859649122807,SL,1,S
2024-04-09 09:34:00-04:00,2024-04-09 09:34:00-04:00,2024-04-09 10:29:00-04:00,S,18352.75,18274.75,18405.25,52.5,154.0,1.4666666666666666,TP,1,S
2024-04-09 11:49:00-04:00,2024-04-09 11:49:00-04:00,2024-04-09 15:59:00-04:00,L,18270.0,18362.0,18203.75,66.25,182.0,1.3735849056603773,time,1,L
2024-04-10 11:29:00-04:00,2024-04-10 11:29:00-04:00,2024-04-10 11:44:00-04:00,L,18181.25,18128.0,18128.25,53.0,-108.5,-1.0235849056603774,SL,1,L
2024-04-10 12:34:00-04:00,2024-04-10 12:34:00-04:00,2024-04-10 13:06:00-04:00,L,18158.75,18124.5,18124.75,34.0,-70.5,-1.036764705882353,SL,1,L
2024-04-11 10:14:00-04:00,2024-04-11 10:14:00-04:00,2024-04-11 11:16:00-04:00,S,18212.5,18274.75,18274.5,62.0,-126.5,-1.0201612903225807,SL,1,S
2024-04-12 11:34:00-04:00,2024-04-12 11:34:00-04:00,2024-04-12 12:31:00-04:00,L,18279.0,18192.75,18193.0,86.0,-174.5,-1.0145348837209303,SL,1,L
2024-04-15 09:34:00-04:00,2024-04-15 09:34:00-04:00,2024-04-15 12:24:00-04:00,S,18269.75,18148.25,18351.25,81.5,241.0,1.478527607361963,TP,1,S
2024-04-16 10:29:00-04:00,2024-04-16 10:29:00-04:00,2024-04-16 11:54:00-04:00,S,17858.75,17931.5,17931.25,72.5,-147.5,-1.0172413793103448,SL,1,S
2024-04-17 09:49:00-04:00,2024-04-17 09:49:00-04:00,2024-04-17 10:23:00-04:00,S,17904.75,17810.0,17968.5,63.75,187.5,1.4705882352941178,TP,1,S
2024-04-18 10:34:00-04:00,2024-04-18 10:34:00-04:00,2024-04-18 13:13:00-04:00,L,17676.25,17581.75,17582.0,94.25,-191.0,-1.013262599469496,SL,1,L
2024-04-19 13:09:00-04:00,2024-04-19 13:09:00-04:00,2024-04-19 14:37:00-04:00,L,17296.5,17202.75,17203.0,93.5,-189.5,-1.0133689839572193,SL,1,L
2024-04-22 09:34:00-04:00,2024-04-22 09:34:00-04:00,2024-04-22 09:48:00-04:00,S,17271.25,17308.0,17307.75,36.5,-75.5,-1.0342465753424657,SL,1,S
2024-04-22 11:39:00-04:00,2024-04-22 11:39:00-04:00,2024-04-22 13:48:00-04:00,L,17235.5,17365.25,17148.5,87.0,257.5,1.4798850574712643,TP,1,L
2024-04-24 09:34:00-04:00,2024-04-24 09:34:00-04:00,2024-04-24 10:52:00-04:00,L,17735.0,17687.5,17687.75,47.25,-97.0,-1.0264550264550265,SL,1,L
2024-04-24 14:24:00-04:00,2024-04-24 14:24:00-04:00,2024-04-24 15:59:00-04:00,S,17653.0,17658.5,17705.75,52.75,-13.0,-0.12322274881516587,time,1,S
2024-04-25 10:14:00-04:00,2024-04-25 10:14:00-04:00,2024-04-25 13:49:00-04:00,L,17411.25,17565.75,17307.75,103.5,307.0,1.4830917874396135,TP,1,L
2024-04-25 14:44:00-04:00,2024-04-25 14:44:00-04:00,2024-04-25 15:18:00-04:00,S,17501.0,17584.0,17583.75,82.75,-168.0,-1.0151057401812689,SL,1,S
2024-04-26 09:39:00-04:00,2024-04-26 09:39:00-04:00,2024-04-26 11:03:00-04:00,L,17754.5,17883.25,17668.0,86.5,255.5,1.476878612716763,TP,1,L
2024-04-26 14:04:00-04:00,2024-04-26 14:04:00-04:00,2024-04-26 15:59:00-04:00,S,17861.0,17839.5,17901.5,40.5,41.0,0.5061728395061729,time,1,S
2024-04-29 13:09:00-04:00,2024-04-29 13:09:00-04:00,2024-04-29 13:25:00-04:00,S,17885.0,17914.5,17914.25,29.25,-61.0,-1.0427350427350428,SL,1,S
2024-04-29 14:04:00-04:00,2024-04-29 14:04:00-04:00,2024-04-29 14:32:00-04:00,S,17902.0,17858.25,17931.75,29.75,85.5,1.4369747899159664,TP,1,S
2024-05-01 09:34:00-04:00,2024-05-01 09:34:00-04:00,2024-05-01 10:10:00-04:00,S,17483.25,17430.75,17518.75,35.5,103.0,1.4507042253521127,TP,1,S
2024-05-01 10:44:00-04:00,2024-05-01 10:44:00-04:00,2024-05-01 11:17:00-04:00,L,17488.5,17425.0,17425.25,63.25,-129.0,-1.0197628458498025,SL,1,L
2024-05-02 10:59:00-04:00,2024-05-02 10:59:00-04:00,2024-05-02 15:59:00-04:00,L,17529.0,17648.0,17400.5,128.5,236.0,0.9182879377431906,time,1,L
2024-05-03 11:39:00-04:00,2024-05-03 11:39:00-04:00,2024-05-03 15:59:00-04:00,L,17981.25,18001.25,17895.0,86.25,38.0,0.22028985507246376,time,1,L
2024-05-06 11:04:00-04:00,2024-05-06 11:04:00-04:00,2024-05-06 11:35:00-04:00,S,18082.0,18111.5,18111.25,29.25,-61.0,-1.0427350427350428,SL,1,S
2024-05-06 12:14:00-04:00,2024-05-06 12:14:00-04:00,2024-05-06 13:01:00-04:00,S,18092.25,18122.25,18122.0,29.75,-62.0,-1.0420168067226891,SL,1,S
2024-05-07 10:24:00-04:00,2024-05-07 10:24:00-04:00,2024-05-07 10:54:00-04:00,S,18188.5,18233.75,18233.5,45.0,-92.5,-1.0277777777777777,SL,1,S
2024-05-07 12:34:00-04:00,2024-05-07 12:34:00-04:00,2024-05-07 13:50:00-04:00,S,18239.5,18197.75,18268.0,28.5,81.5,1.4298245614035088,TP,1,S
2024-05-08 09:39:00-04:00,2024-05-08 09:39:00-04:00,2024-05-08 10:22:00-04:00,L,18122.25,18186.75,18078.75,43.5,127.0,1.4597701149425288,TP,1,L
2024-05-08 13:54:00-04:00,2024-05-08 13:54:00-04:00,2024-05-08 15:59:00-04:00,L,18171.0,18183.25,18138.0,33.0,22.5,0.3409090909090909,time,1,L
2024-05-09 09:39:00-04:00,2024-05-09 09:39:00-04:00,2024-05-09 10:39:00-04:00,S,18156.5,18211.25,18211.0,54.5,-111.5,-1.0229357798165137,SL,1,S
2024-05-09 11:54:00-04:00,2024-05-09 11:54:00-04:00,2024-05-09 14:56:00-04:00,S,18191.75,18238.0,18237.75,46.0,-94.5,-1.0271739130434783,SL,1,S
2024-05-10 09:34:00-04:00,2024-05-10 09:34:00-04:00,2024-05-10 10:20:00-04:00,L,18314.25,18247.0,18247.25,67.0,-136.5,-1.0186567164179106,SL,1,L
2024-05-10 13:29:00-04:00,2024-05-10 13:29:00-04:00,2024-05-10 13:59:00-04:00,S,18225.25,18254.0,18253.75,28.5,-59.5,-1.043859649122807,SL,1,S
2024-05-13 09:34:00-04:00,2024-05-13 09:34:00-04:00,2024-05-13 15:59:00-04:00,S,18292.5,18295.75,18337.0,44.5,-8.5,-0.09550561797752809,time,1,S
2024-05-14 10:49:00-04:00,2024-05-14 10:49:00-04:00,2024-05-14 14:14:00-04:00,S,18298.25,18372.0,18371.75,73.5,-149.5,-1.0170068027210883,SL,1,S
2024-05-16 09:49:00-04:00,2024-05-16 09:49:00-04:00,2024-05-16 11:00:00-04:00,L,18705.0,18754.0,18671.75,33.25,96.0,1.443609022556391,TP,1,L
2024-05-16 12:04:00-04:00,2024-05-16 12:04:00-04:00,2024-05-16 13:22:00-04:00,S,18723.5,18676.0,18755.75,32.25,93.0,1.441860465116279,TP,1,S
2024-05-17 10:29:00-04:00,2024-05-17 10:29:00-04:00,2024-05-17 12:45:00-04:00,L,18664.75,18620.0,18620.25,44.5,-91.5,-1.0280898876404494,SL,1,L
2024-05-17 14:54:00-04:00,2024-05-17 14:54:00-04:00,2024-05-17 15:59:00-04:00,L,18607.0,18638.25,18544.75,62.25,60.5,0.4859437751004016,time,1,L
2024-05-20 09:34:00-04:00,2024-05-20 09:34:00-04:00,2024-05-20 10:50:00-04:00,L,18688.0,18766.75,18635.0,53.0,155.5,1.4669811320754718,TP,1,L
2024-05-20 13:29:00-04:00,2024-05-20 13:29:00-04:00,2024-05-20 15:59:00-04:00,S,18743.75,18766.75,18794.75,51.0,-48.0,-0.47058823529411764,time,1,S
2024-05-21 10:04:00-04:00,2024-05-21 10:04:00-04:00,2024-05-21 15:35:00-04:00,L,18723.5,18791.25,18677.75,45.75,133.5,1.459016393442623,TP,1,L
2024-05-22 10:44:00-04:00,2024-05-22 10:44:00-04:00,2024-05-22 11:06:00-04:00,S,18806.5,18834.75,18834.5,28.0,-58.5,-1.0446428571428572,SL,1,S
2024-05-22 11:54:00-04:00,2024-05-22 11:54:00-04:00,2024-05-22 13:37:00-04:00,S,18813.0,18775.25,18838.75,25.75,73.5,1.4271844660194175,TP,1,S
2024-05-23 12:49:00-04:00,2024-05-23 12:49:00-04:00,2024-05-23 13:38:00-04:00,S,18873.25,18783.0,18934.0,60.75,178.5,1.4691358024691359,TP,1,S
2024-05-24 14:34:00-04:00,2024-05-24 14:34:00-04:00,2024-05-24 15:59:00-04:00,S,18889.5,18874.25,18926.25,36.75,28.5,0.3877551020408163,time,1,S
2024-05-27 10:09:00-04:00,2024-05-27 10:09:00-04:00,2024-05-27 10:58:00-04:00,S,18880.25,18911.75,18911.5,31.25,-65.0,-1.04,SL,1,S
2024-05-28 10:44:00-04:00,2024-05-28 10:44:00-04:00,2024-05-28 14:35:00-04:00,L,18912.0,18841.25,18841.5,70.5,-143.5,-1.0177304964539007,SL,1,L
2024-05-29 09:39:00-04:00,2024-05-29 09:39:00-04:00,2024-05-29 10:36:00-04:00,L,18804.25,18877.75,18754.75,49.5,145.0,1.4646464646464648,TP,1,L
2024-05-29 11:14:00-04:00,2024-05-29 11:14:00-04:00,2024-05-29 15:59:00-04:00,S,18834.0,18811.25,18880.25,46.25,43.5,0.4702702702702703,time,1,S
2024-05-30 12:04:00-04:00,2024-05-30 12:04:00-04:00,2024-05-30 15:24:00-04:00,L,18693.0,18636.0,18636.25,56.75,-116.0,-1.0220264317180616,SL,1,L
2024-05-31 09:34:00-04:00,2024-05-31 09:34:00-04:00,2024-05-31 10:24:00-04:00,S,18576.75,18440.25,18668.25,91.5,271.0,1.4808743169398908,TP,1,S
2024-05-31 14:44:00-04:00,2024-05-31 14:44:00-04:00,2024-05-31 15:40:00-04:00,L,18362.75,18440.75,18310.25,52.5,154.0,1.4666666666666666,TP,1,L
2024-06-03 09:59:00-04:00,2024-06-03 09:59:00-04:00,2024-06-03 12:12:00-04:00,S,18674.75,18554.25,18755.75,81.0,239.0,1.4753086419753085,TP,1,S
2024-06-04 09:59:00-04:00,2024-06-04 09:59:00-04:00,2024-06-04 10:00:00-04:00,S,18602.5,18651.25,18651.0,48.5,-99.5,-1.0257731958762886,SL,1,S
2024-06-04 12:34:00-04:00,2024-06-04 12:34:00-04:00,2024-06-04 14:13:00-04:00,L,18606.5,18660.0,18570.25,36.25,105.0,1.4482758620689655,TP,1,L
2024-06-05 10:09:00-04:00,2024-06-05 10:09:00-04:00,2024-06-05 10:23:00-04:00,S,18818.25,18862.75,18862.5,44.25,-91.0,-1.0282485875706215,SL,1,S
2024-06-06 13:04:00-04:00,2024-06-06 13:04:00-04:00,2024-06-06 14:07:00-04:00,L,19075.25,19034.75,19035.0,40.25,-83.0,-1.031055900621118,SL,1,L
2024-06-06 14:09:00-04:00,2024-06-06 14:09:00-04:00,2024-06-06 15:59:00-04:00,S,19026.0,19066.0,19090.5,64.5,-82.0,-0.6356589147286822,time,1,S
2024-06-07 11:14:00-04:00,2024-06-07 11:14:00-04:00,2024-06-07 12:30:00-04:00,S,19039.25,19117.75,19117.5,78.25,-159.0,-1.0159744408945688,SL,1,S
2024-06-07 14:04:00-04:00,2024-06-07 14:04:00-04:00,2024-06-07 15:59:00-04:00,S,19065.5,19040.75,19155.5,90.0,47.5,0.2638888888888889,time,1,S
2024-06-10 09:39:00-04:00,2024-06-10 09:39:00-04:00,2024-06-10 11:08:00-04:00,L,19016.75,19075.25,18977.25,39.5,115.0,1.4556962025316456,TP,1,L
2024-06-10 13:14:00-04:00,2024-06-10 13:14:00-04:00,2024-06-10 14:30:00-04:00,S,19087.25,19040.5,19119.0,31.75,91.5,1.4409448818897639,TP,1,S
2024-06-10 14:54:00-04:00,2024-06-10 14:54:00-04:00,2024-06-10 15:59:00-04:00,L,19086.5,19112.25,19033.5,53.0,49.5,0.4669811320754717,time,1,L
2024-06-11 10:14:00-04:00,2024-06-11 10:14:00-04:00,2024-06-11 13:52:00-04:00,L,19056.75,19149.25,18994.5,62.25,183.0,1.4698795180722892,TP,1,L
2024-06-12 13:34:00-04:00,2024-06-12 13:34:00-04:00,2024-06-12 14:00:00-04:00,S,19506.75,19461.75,19537.25,30.5,88.0,1.4426229508196722,TP,1,S
2024-06-13 11:34:00-04:00,2024-06-13 11:34:00-04:00,2024-06-13 12:16:00-04:00,L,19593.75,19544.5,19544.75,49.0,-100.5,-1.0255102040816326,SL,1,L
2024-06-13 13:14:00-04:00,2024-06-13 13:14:00-04:00,2024-06-13 15:59:00-04:00,L,19572.75,19592.75,19499.75,73.0,38.0,0.2602739726027397,time,1,L
2024-06-14 10:39:00-04:00,2024-06-14 10:39:00-04:00,2024-06-14 13:13:00-04:00,S,19575.75,19649.5,19649.25,73.5,-149.5,-1.0170068027210883,SL,1,S
2024-06-17 10:09:00-04:00,2024-06-17 10:09:00-04:00,2024-06-17 12:25:00-04:00,L,19701.75,19793.5,19640.0,61.75,181.5,1.4696356275303644,TP,1,L
2024-06-18 10:09:00-04:00,2024-06-18 10:09:00-04:00,2024-06-18 10:45:00-04:00,L,19929.25,19889.0,19889.25,40.0,-82.5,-1.03125,SL,1,L
2024-06-18 11:49:00-04:00,2024-06-18 11:49:00-04:00,2024-06-18 15:59:00-04:00,L,19903.25,19923.0,19851.5,51.75,37.5,0.36231884057971014,time,1,L
2024-06-21 09:39:00-04:00,2024-06-21 09:39:00-04:00,2024-06-21 09:52:00-04:00,S,19995.75,19921.25,20046.0,50.25,147.0,1.462686567164179,TP,1,S
2024-06-21 10:49:00-04:00,2024-06-21 10:49:00-04:00,2024-06-21 15:59:00-04:00,L,19997.5,19975.0,19942.5,55.0,-47.0,-0.42727272727272725,time,1,L
2024-06-24 09:34:00-04:00,2024-06-24 09:34:00-04:00,2024-06-24 09:43:00-04:00,L,19958.75,19895.0,19895.25,63.5,-129.5,-1.0196850393700787,SL,1,L
2024-06-24 10:34:00-04:00,2024-06-24 10:34:00-04:00,2024-06-24 13:32:00-04:00,S,19915.5,19796.0,19995.75,80.25,237.0,1.4766355140186915,TP,1,S
2024-06-24 14:49:00-04:00,2024-06-24 14:49:00-04:00,2024-06-24 15:52:00-04:00,L,19826.5,19766.5,19766.75,59.75,-122.0,-1.0209205020920502,SL,1,L
2024-06-25 09:34:00-04:00,2024-06-25 09:34:00-04:00,2024-06-25 09:48:00-04:00,S,19816.5,19850.25,19850.0,33.5,-69.5,-1.037313432835821,SL,1,S
2024-06-25 13:44:00-04:00,2024-06-25 13:44:00-04:00,2024-06-25 15:59:00-04:00,L,19913.0,19967.0,19837.25,75.75,106.0,0.6996699669966997,time,1,L
2024-06-26 09:49:00-04:00,2024-06-26 09:49:00-04:00,2024-06-26 15:59:00-04:00,L,19978.25,20004.75,19900.75,77.5,51.0,0.32903225806451614,time,1,L
2024-06-27 10:49:00-04:00,2024-06-27 10:49:00-04:00,2024-06-27 15:59:00-04:00,S,20033.75,20048.0,20116.75,83.0,-30.5,-0.18373493975903615,time,1,S
2024-06-28 09:49:00-04:00,2024-06-28 09:49:00-04:00,2024-06-28 10:14:00-04:00,L,20126.25,20256.75,20038.75,87.5,259.0,1.48,TP,1,L
2024-06-28 10:54:00-04:00,2024-06-28 10:54:00-04:00,2024-06-28 15:31:00-04:00,S,20148.25,19961.25,20273.5,125.25,372.0,1.4850299401197604,TP,1,S
2024-07-01 10:29:00-04:00,2024-07-01 10:29:00-04:00,2024-07-01 15:59:00-04:00,L,19936.5,20048.75,19811.25,125.25,222.5,0.8882235528942116,time,1,L
2024-07-03 09:34:00-04:00,2024-07-03 09:34:00-04:00,2024-07-03 11:15:00-04:00,L,20262.0,20344.75,20206.25,55.75,163.5,1.4663677130044843,TP,1,L
2024-07-04 11:09:00-04:00,2024-07-04 11:09:00-04:00,2024-07-04 12:49:00-04:00,L,20387.0,20381.25,20369.25,17.75,-13.5,-0.38028169014084506,time,1,L
2024-07-05 14:29:00-04:00,2024-07-05 14:29:00-04:00,2024-07-05 15:44:00-04:00,S,20602.5,20639.25,20639.0,36.5,-75.5,-1.0342465753424657,SL,1,S
2024-07-08 09:34:00-04:00,2024-07-08 09:34:00-04:00,2024-07-08 09:50:00-04:00,S,20624.5,20645.5,20645.25,20.75,-44.0,-1.0602409638554218,SL,1,S
2024-07-08 12:09:00-04:00,2024-07-08 12:09:00-04:00,2024-07-08 15:55:00-04:00,S,20621.5,20671.75,20671.5,50.0,-102.5,-1.025,SL,1,S
2024-07-09 10:29:00-04:00,2024-07-09 10:29:00-04:00,2024-07-09 15:59:00-04:00,S,20704.0,20679.75,20772.0,68.0,46.5,0.34191176470588236,time,1,S
2024-07-10 09:34:00-04:00,2024-07-10 09:34:00-04:00,2024-07-10 09:49:00-04:00,S,20740.25,20768.75,20768.5,28.25,-59.0,-1.0442477876106195,SL,1,S
2024-07-10 10:34:00-04:00,2024-07-10 10:34:00-04:00,2024-07-10 12:22:00-04:00,S,20753.25,20796.25,20796.0,42.75,-88.0,-1.0292397660818713,SL,1,S
2024-07-11 14:34:00-04:00,2024-07-11 14:34:00-04:00,2024-07-11 15:59:00-04:00,L,20459.5,20429.25,20376.0,83.5,-62.5,-0.37425149700598803,time,1,L
2024-07-12 11:59:00-04:00,2024-07-12 11:59:00-04:00,2024-07-12 13:32:00-04:00,S,20595.25,20670.0,20669.75,74.5,-151.5,-1.016778523489933,SL,1,S
2024-07-15 11:44:00-04:00,2024-07-15 11:44:00-04:00,2024-07-15 14:13:00-04:00,S,20699.0,20553.25,20796.75,97.75,289.5,1.4808184143222507,TP,1,S
2024-07-15 14:34:00-04:00,2024-07-15 14:34:00-04:00,2024-07-15 15:47:00-04:00,L,20626.75,20546.75,20547.0,79.75,-162.0,-1.0156739811912225,SL,1,L
2024-07-16 09:49:00-04:00,2024-07-16 09:49:00-04:00,2024-07-16 12:17:00-04:00,S,20602.0,20479.5,20684.25,82.25,243.0,1.4772036474164134,TP,1,S
2024-07-16 12:54:00-04:00,2024-07-16 12:54:00-04:00,2024-07-16 15:59:00-04:00,L,20536.75,20599.5,20463.75,73.0,123.5,0.8458904109589042,time,1,L
2024-07-17 13:34:00-04:00,2024-07-17 13:34:00-04:00,2024-07-17 15:05:00-04:00,L,20079.0,20007.75,20008.0,71.0,-144.5,-1.017605633802817,SL,1,L
2024-07-18 09:34:00-04:00,2024-07-18 09:34:00-04:00,2024-07-18 10:31:00-04:00,S,20098.75,20003.75,20162.75,64.0,188.0,1.46875,TP,1,S
2024-07-18 14:04:00-04:00,2024-07-18 14:04:00-04:00,2024-07-18 15:49:00-04:00,S,19854.5,19947.0,19946.75,92.25,-187.0,-1.013550135501355,SL,1,S
2024-07-19 11:59:00-04:00,2024-07-19 11:59:00-04:00,2024-07-19 12:38:00-04:00,L,19817.75,19703.5,19703.75,114.0,-230.5,-1.0109649122807018,SL,1,L
2024-07-19 14:09:00-04:00,2024-07-19 14:09:00-04:00,2024-07-19 15:59:00-04:00,L,19731.25,19712.5,19653.75,77.5,-39.5,-0.25483870967741934,time,1,L
2024-07-22 09:34:00-04:00,2024-07-22 09:34:00-04:00,2024-07-22 09:38:00-04:00,S,19911.0,19960.0,19959.75,48.75,-100.0,-1.0256410256410255,SL,1,S
2024-07-22 10:09:00-04:00,2024-07-22 10:09:00-04:00,2024-07-22 14:09:00-04:00,S,19903.5,20027.25,20027.0,123.5,-249.5,-1.0101214574898785,SL,1,S
2024-07-23 10:39:00-04:00,2024-07-23 10:39:00-04:00,2024-07-23 11:14:00-04:00,S,19989.5,20048.25,20048.0,58.5,-119.5,-1.0213675213675213,SL,1,S
2024-07-23 12:04:00-04:00,2024-07-23 12:04:00-04:00,2024-07-23 12:57:00-04:00,S,20022.25,19928.75,20085.25,63.0,185.0,1.4682539682539681,TP,1,S
2024-07-25 09:34:00-04:00,2024-07-25 09:34:00-04:00,2024-07-25 09:58:00-04:00,S,19159.0,19030.5,19245.25,86.25,255.0,1.4782608695652173,TP,1,S
2024-07-25 10:44:00-04:00,2024-07-25 10:44:00-04:00,2024-07-25 15:59:00-04:00,L,19139.5,18991.0,18883.25,256.25,-299.0,-0.5834146341463414,time,1,L
2024-07-26 10:24:00-04:00,2024-07-26 10:24:00-04:00,2024-07-26 10:47:00-04:00,L,19146.0,19043.0,19043.25,102.75,-208.0,-1.0121654501216546,SL,1,L
2024-07-26 10:59:00-04:00,2024-07-26 10:59:00-04:00,2024-07-26 12:32:00-04:00,L,19128.5,19259.75,19040.5,88.0,260.5,1.4801136363636365,TP,1,L
2024-07-26 13:39:00-04:00,2024-07-26 13:39:00-04:00,2024-07-26 15:59:00-04:00,S,19156.25,19176.0,19299.25,143.0,-41.5,-0.1451048951048951,time,1,S
2024-07-29 09:49:00-04:00,2024-07-29 09:49:00-04:00,2024-07-29 10:59:00-04:00,L,19333.0,19222.0,19222.25,110.75,-224.0,-1.0112866817155757,SL,1,L
2024-07-29 11:54:00-04:00,2024-07-29 11:54:00-04:00,2024-07-29 15:59:00-04:00,L,19239.75,19208.75,19112.75,127.0,-64.0,-0.25196850393700787,time,1,L
2024-07-31 12:29:00-04:00,2024-07-31 12:29:00-04:00,2024-07-31 13:33:00-04:00,S,19448.5,19374.75,19498.25,49.75,145.5,1.4623115577889447,TP,1,S
2024-07-31 14:14:00-04:00,2024-07-31 14:14:00-04:00,2024-07-31 15:59:00-04:00,L,19449.0,19495.75,19344.0,105.0,91.5,0.4357142857142857,time,1,L
2024-08-01 09:44:00-04:00,2024-08-01 09:44:00-04:00,2024-08-01 10:21:00-04:00,L,19631.0,19504.5,19504.75,126.25,-255.0,-1.00990099009901,SL,1,L
2024-08-02 11:34:00-04:00,2024-08-02 11:34:00-04:00,2024-08-02 15:59:00-04:00,L,18517.5,18561.0,18404.0,113.5,85.0,0.3744493392070485,time,1,L
2024-08-05 12:54:00-04:00,2024-08-05 12:54:00-04:00,2024-08-05 15:59:00-04:00,S,18054.5,18020.75,18289.5,235.0,65.5,0.13936170212765958,time,1,S
2024-08-06 09:54:00-04:00,2024-08-06 09:54:00-04:00,2024-08-06 12:52:00-04:00,L,18134.0,18392.75,17961.0,173.0,515.5,1.489884393063584,TP,1,L
2024-08-06 14:59:00-04:00,2024-08-06 14:59:00-04:00,2024-08-06 15:50:00-04:00,S,18386.0,18241.0,18483.25,97.25,288.0,1.480719794344473,TP,1,S
2024-08-07 10:19:00-04:00,2024-08-07 10:19:00-04:00,2024-08-07 12:53:00-04:00,S,18438.75,18259.75,18558.75,120.0,356.0,1.4833333333333334,TP,1,S
2024-08-08 09:49:00-04:00,2024-08-08 09:49:00-04:00,2024-08-08 10:02:00-04:00,S,18099.25,18254.0,18253.75,154.5,-311.5,-1.0080906148867315,SL,1,S
2024-08-08 13:04:00-04:00,2024-08-08 13:04:00-04:00,2024-08-08 13:21:00-04:00,S,18382.25,18461.25,18461.0,78.75,-160.0,-1.0158730158730158,SL,1,S
2024-08-08 14:44:00-04:00,2024-08-08 14:44:00-04:00,2024-08-08 15:59:00-04:00,S,18479.0,18519.25,18556.0,77.0,-82.5,-0.5357142857142857,time,1,S
2024-08-09 09:34:00-04:00,2024-08-09 09:34:00-04:00,2024-08-09 13:25:00-04:00,L,18493.25,18627.0,18403.5,89.75,265.5,1.4791086350974931,TP,1,L
2024-08-09 14:24:00-04:00,2024-08-09 14:24:00-04:00,2024-08-09 15:59:00-04:00,S,18575.0,18610.25,18670.75,95.75,-72.5,-0.3785900783289817,time,1,S
2024-08-12 10:14:00-04:00,2024-08-12 10:14:00-04:00,2024-08-12 15:59:00-04:00,L,18658.75,18644.25,18523.75,135.0,-31.0,-0.11481481481481481,time,1,L
2024-08-14 09:34:00-04:00,2024-08-14 09:34:00-04:00,2024-08-14 10:10:00-04:00,S,19108.0,19008.0,19175.25,67.25,198.0,1.4721189591078068,TP,1,S
2024-08-14 10:54:00-04:00,2024-08-14 10:54:00-04:00,2024-08-14 15:59:00-04:00,L,19052.5,19107.75,18925.25,127.25,108.5,0.4263261296660118,time,1,L
2024-08-16 10:54:00-04:00,2024-08-16 10:54:00-04:00,2024-08-16 12:10:00-04:00,S,19522.0,19592.0,19591.75,69.75,-142.0,-1.017921146953405,SL,1,S
2024-08-16 13:54:00-04:00,2024-08-16 13:54:00-04:00,2024-08-16 15:59:00-04:00,S,19609.25,19604.0,19647.5,38.25,8.5,0.1111111111111111,time,1,S
2024-08-19 11:59:00-04:00,2024-08-19 11:59:00-04:00,2024-08-19 12:50:00-04:00,S,19638.25,19680.5,19680.25,42.0,-86.5,-1.0297619047619047,SL,1,S
2024-08-20 09:44:00-04:00,2024-08-20 09:44:00-04:00,2024-08-20 10:26:00-04:00,L,19868.0,19811.0,19811.25,56.75,-116.0,-1.0220264317180616,SL,1,L
2024-08-20 11:54:00-04:00,2024-08-20 11:54:00-04:00,2024-08-20 13:00:00-04:00,L,19824.5,19772.0,19772.25,52.25,-107.0,-1.0239234449760766,SL,1,L
2024-08-20 13:44:00-04:00,2024-08-20 13:44:00-04:00,2024-08-20 15:59:00-04:00,L,19802.0,19811.5,19747.75,54.25,17.0,0.15668202764976957,time,1,L
2024-08-21 10:54:00-04:00,2024-08-21 10:54:00-04:00,2024-08-21 15:59:00-04:00,S,19814.25,19906.25,19982.25,168.0,-186.0,-0.5535714285714286,time,1,S
2024-08-22 09:49:00-04:00,2024-08-22 09:49:00-04:00,2024-08-22 10:11:00-04:00,S,19973.75,19896.25,20026.0,52.25,153.0,1.4641148325358853,TP,1,S
2024-08-22 12:29:00-04:00,2024-08-22 12:29:00-04:00,2024-08-22 13:31:00-04:00,L,19814.0,19663.5,19663.75,150.25,-303.0,-1.0083194675540765,SL,1,L
2024-08-23 09:34:00-04:00,2024-08-23 09:34:00-04:00,2024-08-23 10:00:00-04:00,S,19714.0,19779.0,19778.75,64.75,-132.0,-1.0193050193050193,SL,1,S
2024-08-23 10:49:00-04:00,2024-08-23 10:49:00-04:00,2024-08-23 15:59:00-04:00,S,19677.75,19789.25,19903.5,225.75,-225.0,-0.4983388704318937,time,1,S
2024-08-26 12:29:00-04:00,2024-08-26 12:29:00-04:00,2024-08-26 13:46:00-04:00,L,19616.75,19539.0,19539.25,77.5,-157.5,-1.0161290322580645,SL,1,L
2024-08-26 14:29:00-04:00,2024-08-26 14:29:00-04:00,2024-08-26 15:59:00-04:00,L,19578.75,19593.0,19513.75,65.0,26.5,0.20384615384615384,time,1,L
2024-08-27 09:54:00-04:00,2024-08-27 09:54:00-04:00,2024-08-27 15:59:00-04:00,L,19550.25,19651.0,19441.5,108.75,199.5,0.9172413793103448,time,1,L
2024-08-28 14:54:00-04:00,2024-08-28 14:54:00-04:00,2024-08-28 15:59:00-04:00,L,19387.75,19421.25,19295.5,92.25,65.0,0.3523035230352303,time,1,L
2024-08-29 12:54:00-04:00,2024-08-29 12:54:00-04:00,2024-08-29 14:16:00-04:00,S,19636.25,19556.5,19690.0,53.75,157.5,1.4651162790697674,TP,1,S
2024-08-30 12:59:00-04:00,2024-08-30 12:59:00-04:00,2024-08-30 15:51:00-04:00,L,19464.25,19605.25,19369.75,94.5,280.0,1.4814814814814814,TP,1,L
2024-09-02 10:04:00-04:00,2024-09-02 10:04:00-04:00,2024-09-02 10:36:00-04:00,S,19616.0,19645.75,19645.5,29.5,-61.5,-1.0423728813559323,SL,1,S
2024-09-02 10:39:00-04:00,2024-09-02 10:39:00-04:00,2024-09-02 12:49:00-04:00,L,19651.25,19644.0,19587.5,63.75,-16.5,-0.12941176470588237,time,1,L
2024-09-04 11:39:00-04:00,2024-09-04 11:39:00-04:00,2024-09-04 15:59:00-04:00,S,18996.5,18957.5,19115.25,118.75,76.0,0.32,time,1,S
2024-09-05 10:54:00-04:00,2024-09-05 10:54:00-04:00,2024-09-05 15:59:00-04:00,S,19009.0,18975.75,19150.5,141.5,64.5,0.22791519434628976,time,1,S
2024-09-06 09:39:00-04:00,2024-09-06 09:39:00-04:00,2024-09-06 10:42:00-04:00,S,18814.25,18577.25,18972.75,158.5,472.0,1.4889589905362777,TP,1,S
2024-09-06 14:44:00-04:00,2024-09-06 14:44:00-04:00,2024-09-06 15:59:00-04:00,L,18477.0,18458.0,18432.0,45.0,-40.0,-0.4444444444444444,time,1,L
2024-09-09 10:29:00-04:00,2024-09-09 10:29:00-04:00,2024-09-09 13:06:00-04:00,S,18621.0,18721.0,18720.75,99.75,-202.0,-1.012531328320802,SL,1,S
2024-09-09 13:44:00-04:00,2024-09-09 13:44:00-04:00,2024-09-09 15:59:00-04:00,S,18649.25,18689.0,18730.25,81.0,-81.5,-0.5030864197530864,time,1,S
2024-09-10 09:39:00-04:00,2024-09-10 09:39:00-04:00,2024-09-10 14:01:00-04:00,S,18728.5,18822.25,18822.0,93.5,-189.5,-1.0133689839572193,SL,1,S
2024-09-11 09:39:00-04:00,2024-09-11 09:39:00-04:00,2024-09-11 10:15:00-04:00,S,18833.25,18689.75,18929.5,96.25,285.0,1.4805194805194806,TP,1,S
2024-09-12 10:14:00-04:00,2024-09-12 10:14:00-04:00,2024-09-12 15:59:00-04:00,L,19311.25,19451.5,19185.0,126.25,278.5,1.102970297029703,time,1,L
2024-09-13 12:14:00-04:00,2024-09-13 12:14:00-04:00,2024-09-13 13:17:00-04:00,S,19505.0,19561.25,19561.0,56.0,-114.5,-1.0223214285714286,SL,1,S
2024-09-13 14:19:00-04:00,2024-09-13 14:19:00-04:00,2024-09-13 15:59:00-04:00,S,19540.75,19527.5,19577.25,36.5,24.5,0.3356164383561644,time,1,S
2024-09-16 09:54:00-04:00,2024-09-16 09:54:00-04:00,2024-09-16 10:34:00-04:00,L,19440.25,19326.25,19326.5,113.75,-230.0,-1.010989010989011,SL,1,L
2024-09-17 09:34:00-04:00,2024-09-17 09:34:00-04:00,2024-09-17 10:45:00-04:00,S,19537.75,19594.25,19594.0,56.25,-115.0,-1.0222222222222221,SL,1,S
2024-09-17 11:04:00-04:00,2024-09-17 11:04:00-04:00,2024-09-17 12:49:00-04:00,S,19524.25,19387.75,19615.75,91.5,271.0,1.4808743169398908,TP,1,S
2024-09-17 14:24:00-04:00,2024-09-17 14:24:00-04:00,2024-09-17 15:59:00-04:00,L,19443.0,19444.75,19341.0,102.0,1.5,0.007352941176470588,time,1,L
2024-09-20 11:44:00-04:00,2024-09-20 11:44:00-04:00,2024-09-20 15:59:00-04:00,L,19974.75,20032.75,19859.75,115.0,114.0,0.4956521739130435,time,1,L
2024-09-23 13:54:00-04:00,2024-09-23 13:54:00-04:00,2024-09-23 15:59:00-04:00,L,20072.75,20076.25,20026.5,46.25,5.0,0.05405405405405406,time,1,L
2024-09-24 09:44:00-04:00,2024-09-24 09:44:00-04:00,2024-09-24 10:02:00-04:00,S,20105.5,20033.25,20154.25,48.75,142.5,1.4615384615384615,TP,1,S
2024-09-24 10:59:00-04:00,2024-09-24 10:59:00-04:00,2024-09-24 15:59:00-04:00,L,20074.25,20170.75,19951.75,122.5,191.0,0.7795918367346939,time,1,L
2024-09-25 11:29:00-04:00,2024-09-25 11:29:00-04:00,2024-09-25 15:59:00-04:00,S,20202.5,20195.0,20248.75,46.25,13.0,0.14054054054054055,time,1,S
2024-09-26 09:34:00-04:00,2024-09-26 09:34:00-04:00,2024-09-26 10:33:00-04:00,S,20449.75,20318.25,20538.0,88.25,261.0,1.4787535410764872,TP,1,S
2024-09-26 11:59:00-04:00,2024-09-26 11:59:00-04:00,2024-09-26 13:16:00-04:00,L,20321.75,20221.5,20221.75,100.0,-202.5,-1.0125,SL,1,L
2024-09-27 09:39:00-04:00,2024-09-27 09:39:00-04:00,2024-09-27 11:53:00-04:00,S,20328.0,20231.75,20392.75,64.75,190.5,1.471042471042471,TP,1,S
2024-09-30 10:09:00-04:00,2024-09-30 10:09:00-04:00,2024-09-30 14:22:00-04:00,S,20187.25,20072.75,20264.25,77.0,227.0,1.474025974025974,TP,1,S
2024-09-30 14:54:00-04:00,2024-09-30 14:54:00-04:00,2024-09-30 15:59:00-04:00,L,20170.75,20270.0,20057.25,113.5,196.5,0.8656387665198237,time,1,L
2024-10-01 13:44:00-04:00,2024-10-01 13:44:00-04:00,2024-10-01 14:30:00-04:00,L,19932.25,20064.25,19843.75,88.5,262.0,1.4802259887005649,TP,1,L
2024-10-02 12:44:00-04:00,2024-10-02 12:44:00-04:00,2024-10-02 13:35:00-04:00,S,20038.75,19969.75,20085.25,46.5,136.0,1.4623655913978495,TP,1,S
2024-10-02 13:54:00-04:00,2024-10-02 13:54:00-04:00,2024-10-02 15:59:00-04:00,L,20038.75,20009.5,19967.75,71.0,-60.5,-0.426056338028169,time,1,L
2024-10-03 09:39:00-04:00,2024-10-03 09:39:00-04:00,2024-10-03 10:02:00-04:00,L,19965.75,20072.25,19894.25,71.5,211.0,1.4755244755244756,TP,1,L
2024-10-03 10:29:00-04:00,2024-10-03 10:29:00-04:00,2024-10-03 15:59:00-04:00,S,19962.0,19988.25,20115.25,153.25,-54.5,-0.17781402936378465,time,1,S
2024-10-04 09:54:00-04:00,2024-10-04 09:54:00-04:00,2024-10-04 15:59:00-04:00,S,20149.25,20227.5,20263.25,114.0,-158.5,-0.6951754385964912,time,1,S
2024-10-07 09:44:00-04:00,2024-10-07 09:44:00-04:00,2024-10-07 10:16:00-04:00,S,20117.25,20164.25,20164.0,46.75,-96.0,-1.0267379679144386,SL,1,S
2024-10-07 11:04:00-04:00,2024-10-07 11:04:00-04:00,2024-10-07 14:30:00-04:00,S,20137.0,20061.25,20188.0,51.0,149.5,1.4656862745098038,TP,1,S
2024-10-08 13:04:00-04:00,2024-10-08 13:04:00-04:00,2024-10-08 14:37:00-04:00,S,20211.75,20249.0,20248.75,37.0,-76.5,-1.0337837837837838,SL,1,S
2024-10-09 09:34:00-04:00,2024-10-09 09:34:00-04:00,2024-10-09 10:07:00-04:00,S,20259.25,20301.25,20301.0,41.75,-86.0,-1.029940119760479,SL,1,S
2024-10-09 13:54:00-04:00,2024-10-09 13:54:00-04:00,2024-10-09 14:26:00-04:00,S,20389.0,20430.0,20429.75,40.75,-84.0,-1.030674846625767,SL,1,S
2024-10-10 12:44:00-04:00,2024-10-10 12:44:00-04:00,2024-10-10 15:59:00-04:00,S,20440.5,20429.75,20508.25,67.75,19.5,0.14391143911439114,time,1,S
2024-10-11 10:09:00-04:00,2024-10-11 10:09:00-04:00,2024-10-11 15:59:00-04:00,L,20413.75,20448.75,20313.0,100.75,68.0,0.337468982630273,time,1,L
2024-10-14 10:59:00-04:00,2024-10-14 10:59:00-04:00,2024-10-14 15:36:00-04:00,S,20562.75,20649.75,20649.5,86.75,-176.0,-1.0144092219020173,SL,1,S
2024-10-15 09:39:00-04:00,2024-10-15 09:39:00-04:00,2024-10-15 10:16:00-04:00,S,20621.25,20564.75,20659.5,38.25,111.0,1.4509803921568627,TP,1,S
2024-10-15 14:24:00-04:00,2024-10-15 14:24:00-04:00,2024-10-15 14:49:00-04:00,L,20380.75,20340.5,20340.75,40.0,-82.5,-1.03125,SL,1,L
2024-10-16 10:24:00-04:00,2024-10-16 10:24:00-04:00,2024-10-16 15:59:00-04:00,L,20329.0,20346.25,20205.0,124.0,32.5,0.1310483870967742,time,1,L
2024-10-17 09:34:00-04:00,2024-10-17 09:34:00-04:00,2024-10-17 15:59:00-04:00,S,20480.5,20364.25,20594.75,114.25,230.5,1.0087527352297594,time,1,S
2024-10-18 11:44:00-04:00,2024-10-18 11:44:00-04:00,2024-10-18 15:59:00-04:00,S,20483.5,20482.75,20532.25,48.75,-0.5,-0.005128205128205128,time,1,S
2024-10-21 10:39:00-04:00,2024-10-21 10:39:00-04:00,2024-10-21 15:59:00-04:00,S,20448.5,20520.75,20554.5,106.0,-146.5,-0.6910377358490566,time,1,S
2024-10-22 12:04:00-04:00,2024-10-22 12:04:00-04:00,2024-10-22 12:54:00-04:00,S,20463.25,20493.25,20493.0,29.75,-62.0,-1.0420168067226891,SL,1,S
2024-10-23 10:34:00-04:00,2024-10-23 10:34:00-04:00,2024-10-23 11:13:00-04:00,L,20441.0,20345.5,20345.75,95.25,-193.0,-1.0131233595800524,SL,1,L
2024-10-24 13:59:00-04:00,2024-10-24 13:59:00-04:00,2024-10-24 15:13:00-04:00,S,20344.75,20389.25,20389.0,44.25,-91.0,-1.0282485875706215,SL,1,S
2024-10-28 09:34:00-04:00,2024-10-28 09:34:00-04:00,2024-10-28 15:59:00-04:00,S,20586.5,20500.25,20665.75,79.25,170.5,1.0757097791798107,time,1,S
2024-10-30 10:04:00-04:00,2024-10-30 10:04:00-04:00,2024-10-30 15:54:00-04:00,L,20663.5,20542.5,20542.75,120.75,-244.0,-1.010351966873706,SL,1,L
2024-11-01 12:29:00-04:00,2024-11-01 12:29:00-04:00,2024-11-01 14:00:00-04:00,S,20220.25,20150.75,20267.25,47.0,137.0,1.4574468085106382,TP,1,S
2024-11-04 09:59:00-05:00,2024-11-04 09:59:00-05:00,2024-11-04 15:59:00-05:00,L,20131.75,20085.5,20013.0,118.75,-94.5,-0.39789473684210525,time,1,L
2024-11-05 13:14:00-05:00,2024-11-05 13:14:00-05:00,2024-11-05 15:59:00-05:00,S,20329.75,20341.5,20372.0,42.25,-25.5,-0.30177514792899407,time,1,S
2024-11-06 09:34:00-05:00,2024-11-06 09:34:00-05:00,2024-11-06 09:50:00-05:00,L,20721.75,20652.5,20652.75,69.0,-140.5,-1.0181159420289856,SL,1,L
2024-11-06 10:54:00-05:00,2024-11-06 10:54:00-05:00,2024-11-06 12:48:00-05:00,S,20721.75,20822.5,20822.25,100.5,-203.5,-1.0124378109452736,SL,1,S
2024-11-07 13:34:00-05:00,2024-11-07 13:34:00-05:00,2024-11-07 14:00:00-05:00,S,21160.25,21197.5,21197.25,37.0,-76.5,-1.0337837837837838,SL,1,S
2024-11-08 12:14:00-05:00,2024-11-08 12:14:00-05:00,2024-11-08 13:15:00-05:00,S,21200.5,21237.0,21236.75,36.25,-75.0,-1.0344827586206897,SL,1,S
2024-11-08 14:54:00-05:00,2024-11-08 14:54:00-05:00,2024-11-08 15:59:00-05:00,S,21239.25,21234.25,21265.5,26.25,8.0,0.1523809523809524,time,1,S
2024-11-11 10:39:00-05:00,2024-11-11 10:39:00-05:00,2024-11-11 13:00:00-05:00,L,21241.25,21154.75,21155.0,86.25,-175.0,-1.0144927536231885,SL,1,L
2024-11-11 13:49:00-05:00,2024-11-11 13:49:00-05:00,2024-11-11 15:59:00-05:00,L,21179.75,21219.75,21098.0,81.75,78.0,0.47706422018348627,time,1,L
2024-11-12 13:34:00-05:00,2024-11-12 13:34:00-05:00,2024-11-12 15:59:00-05:00,L,21148.25,21185.0,21054.5,93.75,71.5,0.38133333333333336,time,1,L
2024-11-13 14:19:00-05:00,2024-11-13 14:19:00-05:00,2024-11-13 15:59:00-05:00,S,21208.0,21159.25,21269.0,61.0,95.5,0.7827868852459017,time,1,S
2024-11-14 10:44:00-05:00,2024-11-14 10:44:00-05:00,2024-11-14 12:31:00-05:00,L,21128.5,21039.75,21040.0,88.5,-179.5,-1.0141242937853108,SL,1,L
2024-11-14 13:04:00-05:00,2024-11-14 13:04:00-05:00,2024-11-14 15:04:00-05:00,L,21091.5,21016.25,21016.5,75.0,-152.5,-1.0166666666666666,SL,1,L
2024-11-15 14:44:00-05:00,2024-11-15 14:44:00-05:00,2024-11-15 15:59:00-05:00,L,20478.5,20491.5,20405.0,73.5,24.0,0.16326530612244897,time,1,L
2024-11-18 09:49:00-05:00,2024-11-18 09:49:00-05:00,2024-11-18 10:08:00-05:00,S,20526.0,20588.0,20587.75,61.75,-126.0,-1.0202429149797572,SL,1,S
2024-11-18 14:49:00-05:00,2024-11-18 14:49:00-05:00,2024-11-18 15:59:00-05:00,L,20633.25,20631.0,20590.25,43.0,-6.5,-0.0755813953488372,time,1,L
2024-11-19 09:39:00-05:00,2024-11-19 09:39:00-05:00,2024-11-19 15:59:00-05:00,L,20558.5,20765.0,20381.75,176.75,411.0,1.1626591230551626,time,1,L
2024-11-20 12:59:00-05:00,2024-11-20 12:59:00-05:00,2024-11-20 15:30:00-05:00,S,20606.75,20664.0,20663.75,57.0,-116.5,-1.0219298245614035,SL,1,S
2024-11-21 09:34:00-05:00,2024-11-21 09:34:00-05:00,2024-11-21 09:40:00-05:00,S,20795.5,20628.75,20907.25,111.75,331.5,1.483221476510067,TP,1,S
2024-11-21 10:59:00-05:00,2024-11-21 10:59:00-05:00,2024-11-21 15:59:00-05:00,L,20709.0,20823.25,20513.75,195.25,226.5,0.5800256081946222,time,1,L
2024-11-22 13:44:00-05:00,2024-11-22 13:44:00-05:00,2024-11-22 15:59:00-05:00,S,20835.0,20847.75,20880.75,45.75,-27.5,-0.3005464480874317,time,1,S
2024-11-25 09:54:00-05:00,2024-11-25 09:54:00-05:00,2024-11-25 15:59:00-05:00,S,20930.75,20878.25,21081.5,150.75,103.0,0.3416252072968491,time,1,S
2024-11-26 13:24:00-05:00,2024-11-26 13:24:00-05:00,2024-11-26 14:19:00-05:00,S,20957.0,20916.25,20984.75,27.75,79.5,1.4324324324324325,TP,1,S
2024-11-28 11:34:00-05:00,2024-11-28 11:34:00-05:00,2024-11-28 12:49:00-05:00,S,20885.0,20891.5,20909.75,24.75,-15.0,-0.30303030303030304,time,1,S
2024-12-02 14:54:00-05:00,2024-12-02 14:54:00-05:00,2024-12-02 15:59:00-05:00,L,21212.25,21216.75,21176.0,36.25,7.0,0.09655172413793103,time,1,L
2024-12-03 09:49:00-05:00,2024-12-03 09:49:00-05:00,2024-12-03 15:59:00-05:00,L,21196.0,21287.25,21134.5,61.5,180.5,1.467479674796748,TP,1,L
2024-12-04 10:14:00-05:00,2024-12-04 10:14:00-05:00,2024-12-04 15:39:00-05:00,L,21444.75,21529.0,21388.0,56.75,166.5,1.4669603524229076,TP,1,L
2024-12-05 09:49:00-05:00,2024-12-05 09:49:00-05:00,2024-12-05 12:12:00-05:00,S,21518.25,21552.5,21552.25,34.0,-70.5,-1.036764705882353,SL,1,S
2024-12-05 13:19:00-05:00,2024-12-05 13:19:00-05:00,2024-12-05 15:57:00-05:00,S,21524.5,21460.25,21568.0,43.5,126.5,1.4540229885057472,TP,1,S
2024-12-06 12:04:00-05:00,2024-12-06 12:04:00-05:00,2024-12-06 12:30:00-05:00,S,21600.25,21637.75,21637.5,37.25,-77.0,-1.0335570469798658,SL,1,S
2024-12-06 14:09:00-05:00,2024-12-06 14:09:00-05:00,2024-12-06 15:59:00-05:00,S,21634.5,21658.5,21669.75,35.25,-50.0,-0.7092198581560284,time,1,S
2024-12-09 14:19:00-05:00,2024-12-09 14:19:00-05:00,2024-12-09 15:59:00-05:00,S,21497.0,21486.0,21550.0,53.0,20.0,0.18867924528301888,time,1,S
2024-12-10 10:49:00-05:00,2024-12-10 10:49:00-05:00,2024-12-10 11:39:00-05:00,S,21545.75,21454.75,21607.0,61.25,180.0,1.469387755102041,TP,1,S
2024-12-10 12:34:00-05:00,2024-12-10 12:34:00-05:00,2024-12-10 14:02:00-05:00,L,21500.5,21443.5,21443.75,56.75,-116.0,-1.0220264317180616,SL,1,L
2024-12-12 10:24:00-05:00,2024-12-12 10:24:00-05:00,2024-12-12 15:59:00-05:00,L,21695.25,21643.0,21624.5,70.75,-106.5,-0.7526501766784452,time,1,L
2024-12-13 10:24:00-05:00,2024-12-13 10:24:00-05:00,2024-12-13 10:43:00-05:00,S,21835.0,21726.0,21908.25,73.25,216.0,1.4744027303754266,TP,1,S
2024-12-13 13:19:00-05:00,2024-12-13 13:19:00-05:00,2024-12-13 14:21:00-05:00,L,21723.25,21788.0,21679.5,43.75,127.5,1.457142857142857,TP,1,L
2024-12-17 11:09:00-05:00,2024-12-17 11:09:00-05:00,2024-12-17 15:59:00-05:00,L,22045.0,22015.5,21942.5,102.5,-61.0,-0.2975609756097561,time,1,L
2024-12-18 11:19:00-05:00,2024-12-18 11:19:00-05:00,2024-12-18 14:07:00-05:00,S,21970.0,21844.5,22054.25,84.25,249.0,1.4777448071216617,TP,1,S
2024-12-23 09:34:00-05:00,2024-12-23 09:34:00-05:00,2024-12-23 09:50:00-05:00,L,21643.75,21557.5,21557.75,86.0,-174.5,-1.0145348837209303,SL,1,L
2024-12-23 14:39:00-05:00,2024-12-23 14:39:00-05:00,2024-12-23 15:59:00-05:00,S,21725.0,21756.0,21777.25,52.25,-64.0,-0.6124401913875598,time,1,S
2024-12-26 09:54:00-05:00,2024-12-26 09:54:00-05:00,2024-12-26 10:38:00-05:00,S,21881.5,22009.0,22008.75,127.25,-257.0,-1.0098231827111985,SL,1,S
2024-12-26 12:49:00-05:00,2024-12-26 12:49:00-05:00,2024-12-26 15:59:00-05:00,S,22000.75,22007.5,22075.25,74.5,-15.5,-0.1040268456375839,time,1,S
2024-12-27 11:29:00-05:00,2024-12-27 11:29:00-05:00,2024-12-27 11:52:00-05:00,L,21645.0,21535.75,21536.0,109.0,-220.5,-1.011467889908257,SL,1,L
2024-12-30 10:44:00-05:00,2024-12-30 10:44:00-05:00,2024-12-30 12:47:00-05:00,L,21371.5,21549.25,21252.5,119.0,353.5,1.4852941176470589,TP,1,L
2024-12-30 14:14:00-05:00,2024-12-30 14:14:00-05:00,2024-12-30 15:59:00-05:00,S,21502.25,21412.25,21565.75,63.5,178.0,1.4015748031496063,time,1,S
2024-12-31 12:59:00-05:00,2024-12-31 12:59:00-05:00,2024-12-31 13:37:00-05:00,L,21313.5,21208.5,21208.75,104.75,-212.0,-1.0119331742243436,SL,1,L
2024-12-31 14:14:00-05:00,2024-12-31 14:14:00-05:00,2024-12-31 14:42:00-05:00,L,21269.0,21186.5,21186.75,82.25,-167.0,-1.0151975683890577,SL,1,L
2025-01-02 09:59:00-05:00,2025-01-02 09:59:00-05:00,2025-01-02 12:29:00-05:00,L,21391.75,21166.0,21166.25,225.5,-453.5,-1.0055432372505544,SL,1,L
2025-01-06 12:14:00-05:00,2025-01-06 12:14:00-05:00,2025-01-06 13:01:00-05:00,S,21841.25,21765.25,21892.5,51.25,150.0,1.4634146341463414,TP,1,S
2025-01-07 09:39:00-05:00,2025-01-07 09:39:00-05:00,2025-01-07 10:17:00-05:00,S,21701.75,21545.5,21806.5,104.75,310.5,1.4821002386634845,TP,1,S
2025-01-07 13:09:00-05:00,2025-01-07 13:09:00-05:00,2025-01-07 15:09:00-05:00,L,21481.5,21386.25,21386.5,95.0,-192.5,-1.013157894736842,SL,1,L
2025-01-08 12:09:00-05:00,2025-01-08 12:09:00-05:00,2025-01-08 12:29:00-05:00,S,21325.25,21185.5,21419.0,93.75,277.5,1.48,TP,1,S
2025-01-08 13:04:00-05:00,2025-01-08 13:04:00-05:00,2025-01-08 15:59:00-05:00,L,21321.0,21360.0,21165.75,155.25,76.0,0.24476650563607086,time,1,L
2025-01-10 10:49:00-05:00,2025-01-10 10:49:00-05:00,2025-01-10 15:59:00-05:00,L,21103.75,21015.75,20874.5,229.25,-178.0,-0.3882224645583424,time,1,L
2025-01-13 10:04:00-05:00,2025-01-13 10:04:00-05:00,2025-01-13 15:55:00-05:00,L,20803.0,20954.75,20701.25,101.75,301.5,1.4815724815724816,TP,1,L
2025-01-14 14:54:00-05:00,2025-01-14 14:54:00-05:00,2025-01-14 15:04:00-05:00,S,20919.75,20780.25,21013.25,93.5,277.0,1.481283422459893,TP,1,S
2025-01-15 12:34:00-05:00,2025-01-15 12:34:00-05:00,2025-01-15 15:59:00-05:00,L,21338.25,21395.75,21246.0,92.25,113.0,0.6124661246612466,time,1,L
2025-01-16 09:44:00-05:00,2025-01-16 09:44:00-05:00,2025-01-16 13:45:00-05:00,S,21417.75,21294.75,21500.25,82.5,244.0,1.4787878787878788,TP,1,S
2025-01-16 14:39:00-05:00,2025-01-16 14:39:00-05:00,2025-01-16 15:55:00-05:00,L,21358.5,21269.5,21269.75,88.75,-180.0,-1.0140845070422535,SL,1,L
2025-01-17 14:09:00-05:00,2025-01-17 14:09:00-05:00,2025-01-17 15:59:00-05:00,S,21619.75,21600.5,21672.75,53.0,36.5,0.3443396226415094,time,1,S
2025-01-20 10:24:00-05:00,2025-01-20 10:24:00-05:00,2025-01-20 12:49:00-05:00,S,21690.75,21687.0,21780.25,89.5,5.5,0.030726256983240222,time,1,S
2025-01-21 14:19:00-05:00,2025-01-21 14:19:00-05:00,2025-01-21 15:59:00-05:00,S,21721.25,21714.75,21764.5,43.25,11.0,0.12716763005780346,time,1,S
2025-01-22 14:54:00-05:00,2025-01-22 14:54:00-05:00,2025-01-22 15:39:00-05:00,L,22037.25,22005.5,22005.75,31.5,-65.5,-1.0396825396825398,SL,1,L
2025-01-23 10:04:00-05:00,2025-01-23 10:04:00-05:00,2025-01-23 10:34:00-05:00,S,21882.0,21918.75,21918.5,36.5,-75.5,-1.0342465753424657,SL,1,S
2025-01-23 12:04:00-05:00,2025-01-23 12:04:00-05:00,2025-01-23 13:24:00-05:00,S,21922.75,21975.5,21975.25,52.5,-107.5,-1.0238095238095237,SL,1,S
2025-01-23 14:04:00-05:00,2025-01-23 14:04:00-05:00,2025-01-23 15:50:00-05:00,S,21946.75,21984.75,21984.5,37.75,-78.0,-1.033112582781457,SL,1,S
2025-01-24 10:14:00-05:00,2025-01-24 10:14:00-05:00,2025-01-24 13:10:00-05:00,S,22016.5,21924.75,22078.25,61.75,181.5,1.4696356275303644,TP,1,S
2025-01-27 11:09:00-05:00,2025-01-27 11:09:00-05:00,2025-01-27 15:59:00-05:00,S,21256.5,21258.75,21418.25,161.75,-6.5,-0.02009273570324575,time,1,S
2025-01-29 12:04:00-05:00,2025-01-29 12:04:00-05:00,2025-01-29 13:01:00-05:00,L,21523.25,21465.75,21466.0,57.25,-117.0,-1.0218340611353711,SL,1,L
2025-01-30 11:49:00-05:00,2025-01-30 11:49:00-05:00,2025-01-30 15:59:00-05:00,L,21565.0,21624.0,21418.75,146.25,116.0,0.39658119658119656,time,1,L
2025-01-31 11:44:00-05:00,2025-01-31 11:44:00-05:00,2025-01-31 13:33:00-05:00,S,21895.0,21789.25,21966.0,71.0,209.5,1.4753521126760563,TP,1,S
2025-02-03 10:29:00-05:00,2025-02-03 10:29:00-05:00,2025-02-03 15:59:00-05:00,L,21353.75,21406.5,21113.0,240.75,103.5,0.21495327102803738,time,1,L
2025-02-04 09:39:00-05:00,2025-02-04 09:39:00-05:00,2025-02-04 10:19:00-05:00,L,21507.25,21660.25,21404.75,102.5,304.0,1.4829268292682927,TP,1,L
2025-02-04 13:24:00-05:00,2025-02-04 13:24:00-05:00,2025-02-04 15:59:00-05:00,L,21633.25,21667.75,21565.5,67.75,67.0,0.4944649446494465,time,1,L
2025-02-05 10:04:00-05:00,2025-02-05 10:04:00-05:00,2025-02-05 11:06:00-05:00,S,21516.25,21609.5,21609.25,93.0,-188.5,-1.0134408602150538,SL,1,S
2025-02-06 09:39:00-05:00,2025-02-06 09:39:00-05:00,2025-02-06 09:44:00-05:00,S,21763.5,21783.5,21783.25,19.75,-42.0,-1.0632911392405062,SL,1,S
2025-02-06 14:29:00-05:00,2025-02-06 14:29:00-05:00,2025-02-06 14:33:00-05:00,S,21797.25,21737.25,21837.75,40.5,118.0,1.4567901234567902,TP,1,S
2025-02-07 10:04:00-05:00,2025-02-07 10:04:00-05:00,2025-02-07 15:59:00-05:00,S,21753.0,21588.5,21968.0,215.0,327.0,0.7604651162790698,time,1,S
2025-02-10 09:34:00-05:00,2025-02-10 09:34:00-05:00,2025-02-10 09:43:00-05:00,S,21751.75,21792.0,21791.75,40.0,-82.5,-1.03125,SL,1,S
2025-02-10 14:44:00-05:00,2025-02-10 14:44:00-05:00,2025-02-10 15:59:00-05:00,S,21861.0,21843.25,21882.75,21.75,33.5,0.7701149425287356,time,1,S
2025-02-11 09:34:00-05:00,2025-02-11 09:34:00-05:00,2025-02-11 15:59:00-05:00,L,21774.25,21790.0,21669.25,105.0,29.5,0.14047619047619048,time,1,L
2025-02-12 09:44:00-05:00,2025-02-12 09:44:00-05:00,2025-02-12 15:59:00-05:00,L,21661.0,21801.5,21509.75,151.25,279.0,0.9223140495867769,time,1,L
2025-02-14 09:44:00-05:00,2025-02-14 09:44:00-05:00,2025-02-14 09:51:00-05:00,S,22095.5,22138.5,22138.25,42.75,-88.0,-1.0292397660818713,SL,1,S
2025-02-14 11:19:00-05:00,2025-02-14 11:19:00-05:00,2025-02-14 13:11:00-05:00,S,22126.0,22172.25,22172.0,46.0,-94.5,-1.0271739130434783,SL,1,S
2025-02-14 14:49:00-05:00,2025-02-14 14:49:00-05:00,2025-02-14 15:37:00-05:00,S,22166.25,22207.25,22207.0,40.75,-84.0,-1.030674846625767,SL,1,S
2025-02-17 10:34:00-05:00,2025-02-17 10:34:00-05:00,2025-02-17 12:49:00-05:00,L,22232.0,22238.25,22198.5,33.5,10.5,0.15671641791044777,time,1,L
2025-02-18 13:24:00-05:00,2025-02-18 13:24:00-05:00,2025-02-18 14:08:00-05:00,S,22167.25,22109.75,22206.25,39.0,113.0,1.4487179487179487,TP,1,S
2025-02-18 14:34:00-05:00,2025-02-18 14:34:00-05:00,2025-02-18 15:59:00-05:00,L,22164.5,22238.5,22102.75,61.75,146.0,1.1821862348178138,time,1,L
2025-02-19 10:44:00-05:00,2025-02-19 10:44:00-05:00,2025-02-19 14:40:00-05:00,L,22188.0,22292.5,22117.75,70.25,207.0,1.4733096085409252,TP,1,L
2025-02-20 09:34:00-05:00,2025-02-20 09:34:00-05:00,2025-02-20 09:52:00-05:00,S,22173.5,22093.75,22227.25,53.75,157.5,1.4651162790697674,TP,1,S
2025-02-20 12:09:00-05:00,2025-02-20 12:09:00-05:00,2025-02-20 15:59:00-05:00,L,22074.25,22145.0,22016.0,58.25,139.5,1.1974248927038627,time,1,L
2025-02-24 13:59:00-05:00,2025-02-24 13:59:00-05:00,2025-02-24 15:02:00-05:00,S,21608.0,21528.75,21661.5,53.5,156.5,1.4626168224299065,TP,1,S
2025-02-25 13:34:00-05:00,2025-02-25 13:34:00-05:00,2025-02-25 15:59:00-05:00,S,21185.0,21150.5,21282.0,97.0,67.0,0.34536082474226804,time,1,S
2025-02-26 09:54:00-05:00,2025-02-26 09:54:00-05:00,2025-02-26 13:29:00-05:00,L,21307.25,21188.0,21188.25,119.0,-240.5,-1.0105042016806722,SL,1,L
2025-02-27 11:19:00-05:00,2025-02-27 11:19:00-05:00,2025-02-27 11:52:00-05:00,L,21142.25,21008.5,21008.75,133.5,-269.5,-1.0093632958801497,SL,1,L
2025-02-27 14:09:00-05:00,2025-02-27 14:09:00-05:00,2025-02-27 14:30:00-05:00,S,21023.0,20881.75,21117.75,94.75,280.5,1.4802110817941954,TP,1,S
2025-02-28 11:24:00-05:00,2025-02-28 11:24:00-05:00,2025-02-28 13:16:00-05:00,S,20675.75,20525.5,20776.5,100.75,298.5,1.4813895781637718,TP,1,S
2025-02-28 13:39:00-05:00,2025-02-28 13:39:00-05:00,2025-02-28 15:54:00-05:00,L,20634.25,20859.5,20483.5,150.75,448.5,1.4875621890547264,TP,1,L
2025-03-03 10:44:00-05:00,2025-03-03 10:44:00-05:00,2025-03-03 13:07:00-05:00,L,20981.0,20759.25,20759.5,221.5,-445.5,-1.0056433408577878,SL,1,L
2025-03-04 09:54:00-05:00,2025-03-04 09:54:00-05:00,2025-03-04 10:18:00-05:00,S,20303.75,20114.75,20430.25,126.5,376.0,1.4861660079051384,TP,1,S
2025-03-04 11:44:00-05:00,2025-03-04 11:44:00-05:00,2025-03-04 13:12:00-05:00,L,20252.0,20466.25,20108.5,143.5,426.5,1.4860627177700347,TP,1,L
2025-03-05 10:09:00-05:00,2025-03-05 10:09:00-05:00,2025-03-05 11:11:00-05:00,L,20457.0,20269.75,20270.0,187.0,-376.5,-1.0066844919786095,SL,1,L
2025-03-05 11:59:00-05:00,2025-03-05 11:59:00-05:00,2025-03-05 12:51:00-05:00,L,20338.5,20523.25,20214.75,123.75,367.5,1.4848484848484849,TP,1,L
2025-03-06 11:29:00-05:00,2025-03-06 11:29:00-05:00,2025-03-06 11:59:00-05:00,S,20407.25,20248.75,20513.5,106.25,315.0,1.4823529411764707,TP,1,S
2025-03-06 14:49:00-05:00,2025-03-06 14:49:00-05:00,2025-03-06 15:59:00-05:00,L,20157.5,20093.75,20002.5,155.0,-129.5,-0.41774193548387095,time,1,L
2025-03-07 09:44:00-05:00,2025-03-07 09:44:00-05:00,2025-03-07 10:31:00-05:00,L,20149.25,20023.75,20024.0,125.25,-253.0,-1.0099800399201597,SL,1,L
2025-03-07 12:34:00-05:00,2025-03-07 12:34:00-05:00,2025-03-07 14:01:00-05:00,L,19934.25,20186.25,19765.75,168.5,502.0,1.489614243323442,TP,1,L
2025-03-11 09:39:00-04:00,2025-03-11 09:39:00-04:00,2025-03-11 10:04:00-04:00,L,19537.25,19386.0,19386.25,151.0,-304.5,-1.0082781456953642,SL,1,L
2025-03-11 10:19:00-04:00,2025-03-11 10:19:00-04:00,2025-03-11 13:27:00-04:00,S,19453.0,19212.75,19613.75,160.75,478.5,1.4883359253499222,TP,1,S
2025-03-11 13:49:00-04:00,2025-03-11 13:49:00-04:00,2025-03-11 14:41:00-04:00,L,19341.25,19551.25,19200.75,140.5,418.0,1.4875444839857652,TP,1,L
2025-03-12 11:39:00-04:00,2025-03-12 11:39:00-04:00,2025-03-12 15:59:00-04:00,L,19571.5,19609.0,19394.75,176.75,73.0,0.2065063649222065,time,1,L
2025-03-13 10:24:00-04:00,2025-03-13 10:24:00-04:00,2025-03-13 11:36:00-04:00,L,19544.0,19323.5,19323.75,220.25,-443.0,-1.0056753688989784,SL,1,L
2025-03-13 12:39:00-04:00,2025-03-13 12:39:00-04:00,2025-03-13 12:46:00-04:00,L,19384.25,19280.5,19280.75,103.5,-209.5,-1.0120772946859904,SL,1,L
2025-03-13 14:14:00-04:00,2025-03-13 14:14:00-04:00,2025-03-13 15:59:00-04:00,L,19313.25,19251.75,19165.25,148.0,-125.0,-0.4222972972972973,time,1,L
2025-03-14 09:39:00-04:00,2025-03-14 09:39:00-04:00,2025-03-14 10:00:00-04:00,L,19582.25,19449.5,19449.75,132.5,-267.5,-1.009433962264151,SL,1,L
2025-03-14 10:09:00-04:00,2025-03-14 10:09:00-04:00,2025-03-14 11:00:00-04:00,S,19498.5,19621.25,19621.0,122.5,-247.5,-1.010204081632653,SL,1,S
2025-03-14 12:29:00-04:00,2025-03-14 12:29:00-04:00,2025-03-14 12:53:00-04:00,S,19614.5,19703.5,19703.25,88.75,-180.0,-1.0140845070422535,SL,1,S
2025-03-14 14:39:00-04:00,2025-03-14 14:39:00-04:00,2025-03-14 15:59:00-04:00,L,19689.0,19705.0,19612.0,77.0,30.0,0.19480519480519481,time,1,L
2025-03-17 12:09:00-04:00,2025-03-17 12:09:00-04:00,2025-03-17 14:14:00-04:00,L,19730.0,19881.75,19628.25,101.75,301.5,1.4815724815724816,TP,1,L
2025-03-18 14:04:00-04:00,2025-03-18 14:04:00-04:00,2025-03-18 14:49:00-04:00,S,19473.0,19544.25,19544.0,71.0,-144.5,-1.017605633802817,SL,1,S
2025-03-19 10:54:00-04:00,2025-03-19 10:54:00-04:00,2025-03-19 11:42:00-04:00,S,19597.25,19695.0,19694.75,97.5,-197.5,-1.0128205128205128,SL,1,S
2025-03-19 14:09:00-04:00,2025-03-19 14:09:00-04:00,2025-03-19 14:56:00-04:00,L,19658.5,19805.75,19559.75,98.75,292.5,1.481012658227848,TP,1,L
2025-03-24 12:29:00-04:00,2025-03-24 12:29:00-04:00,2025-03-24 15:05:00-04:00,S,20337.5,20381.0,20380.75,43.25,-89.0,-1.0289017341040463,SL,1,S
2025-03-25 11:54:00-04:00,2025-03-25 11:54:00-04:00,2025-03-25 15:59:00-04:00,S,20441.75,20488.5,20496.75,55.0,-95.5,-0.8681818181818182,time,1,S
2025-03-27 09:59:00-04:00,2025-03-27 09:59:00-04:00,2025-03-27 15:59:00-04:00,L,20077.0,19995.0,19937.5,139.5,-166.0,-0.5949820788530465,time,1,L
2025-03-31 10:14:00-04:00,2025-03-31 10:14:00-04:00,2025-03-31 15:13:00-04:00,L,19156.25,19425.0,18976.5,179.75,535.5,1.4895688456189151,TP,1,L
2025-04-01 10:04:00-04:00,2025-04-01 10:04:00-04:00,2025-04-01 10:43:00-04:00,S,19371.25,19462.75,19462.5,91.25,-185.0,-1.0136986301369864,SL,1,S
2025-04-02 09:34:00-04:00,2025-04-02 09:34:00-04:00,2025-04-02 09:49:00-04:00,L,19418.75,19570.75,19316.75,102.0,302.0,1.4803921568627452,TP,1,L
2025-04-02 13:49:00-04:00,2025-04-02 13:49:00-04:00,2025-04-02 15:59:00-04:00,S,19745.75,19746.75,19890.25,144.5,-4.0,-0.01384083044982699,time,1,S
2025-04-03 09:34:00-04:00,2025-04-03 09:34:00-04:00,2025-04-03 10:45:00-04:00,L,19051.5,18829.75,18830.0,221.5,-445.5,-1.0056433408577878,SL,1,L
2025-04-03 11:34:00-04:00,2025-04-03 11:34:00-04:00,2025-04-03 15:29:00-04:00,L,18872.25,18719.75,18720.0,152.25,-307.0,-1.0082101806239738,SL,1,L
2025-04-04 09:44:00-04:00,2025-04-04 09:44:00-04:00,2025-04-04 10:50:00-04:00,S,18027.75,17659.25,18274.0,246.25,735.0,1.4923857868020305,TP,1,S
2025-04-04 11:14:00-04:00,2025-04-04 11:14:00-04:00,2025-04-04 13:16:00-04:00,L,18088.25,17654.75,17655.0,433.25,-869.0,-1.0028851702250432,SL,1,L
2025-04-04 14:24:00-04:00,2025-04-04 14:24:00-04:00,2025-04-04 15:59:00-04:00,S,17677.5,17536.0,17913.25,235.75,281.0,0.5959703075291622,time,1,S
2025-04-07 09:59:00-04:00,2025-04-07 09:59:00-04:00,2025-04-07 10:15:00-04:00,L,17274.5,18175.5,16673.25,601.25,1800.0,1.496881496881497,TP,1,L
2025-04-07 11:14:00-04:00,2025-04-07 11:14:00-04:00,2025-04-07 14:00:00-04:00,S,17291.25,17799.5,17799.25,508.0,-1018.5,-1.00246062992126,SL,1,S
2025-04-07 14:54:00-04:00,2025-04-07 14:54:00-04:00,2025-04-07 15:59:00-04:00,S,17557.5,17560.5,17822.0,264.5,-8.0,-0.015122873345935728,time,1,S
2025-04-08 10:59:00-04:00,2025-04-08 10:59:00-04:00,2025-04-08 12:37:00-04:00,S,18120.5,17765.75,18357.5,237.0,707.5,1.4926160337552743,TP,1,S
2025-04-09 10:54:00-04:00,2025-04-09 10:54:00-04:00,2025-04-09 12:55:00-04:00,S,17274.75,17553.75,17553.5,278.75,-560.0,-1.0044843049327354,SL,1,S
2025-04-10 13:04:00-04:00,2025-04-10 13:04:00-04:00,2025-04-10 15:59:00-04:00,L,18352.25,18483.0,17918.0,434.25,259.5,0.2987910189982729,time,1,L
2025-04-11 09:44:00-04:00,2025-04-11 09:44:00-04:00,2025-04-11 10:21:00-04:00,L,18536.75,18353.0,18353.25,183.5,-369.5,-1.0068119891008174,SL,1,L
2025-04-11 14:59:00-04:00,2025-04-11 14:59:00-04:00,2025-04-11 15:07:00-04:00,S,18738.75,18828.5,18828.25,89.5,-181.5,-1.0139664804469273,SL,1,S
2025-04-14 09:39:00-04:00,2025-04-14 09:39:00-04:00,2025-04-14 11:45:00-04:00,S,19100.25,18867.5,19256.0,155.75,463.5,1.4879614767255216,TP,1,S
2025-04-14 13:24:00-04:00,2025-04-14 13:24:00-04:00,2025-04-14 15:59:00-04:00,L,18920.25,18940.75,18773.0,147.25,39.0,0.13242784380305603,time,1,L
2025-04-15 10:24:00-04:00,2025-04-15 10:24:00-04:00,2025-04-15 15:59:00-04:00,S,18972.0,18960.0,19145.0,173.0,22.0,0.06358381502890173,time,1,S
2025-04-16 10:29:00-04:00,2025-04-16 10:29:00-04:00,2025-04-16 13:31:00-04:00,L,18618.5,18509.25,18509.5,109.0,-220.5,-1.011467889908257,SL,1,L
2025-04-17 11:14:00-04:00,2025-04-17 11:14:00-04:00,2025-04-17 15:59:00-04:00,L,18418.0,18372.75,18261.0,157.0,-92.5,-0.2945859872611465,time,1,L
2025-04-22 13:14:00-04:00,2025-04-22 13:14:00-04:00,2025-04-22 15:59:00-04:00,S,18383.5,18380.0,18513.75,130.25,5.0,0.019193857965451054,time,1,S
2025-04-23 11:19:00-04:00,2025-04-23 11:19:00-04:00,2025-04-23 12:20:00-04:00,S,19007.0,18769.25,19166.0,159.0,473.5,1.4889937106918238,TP,1,S
2025-04-23 12:59:00-04:00,2025-04-23 12:59:00-04:00,2025-04-23 15:35:00-04:00,L,18916.25,18746.5,18746.75,169.5,-341.5,-1.0073746312684366,SL,1,L
2025-04-25 09:59:00-04:00,2025-04-25 09:59:00-04:00,2025-04-25 10:09:00-04:00,S,19259.0,19363.75,19363.5,104.5,-211.5,-1.0119617224880382,SL,1,S
2025-04-25 11:44:00-04:00,2025-04-25 11:44:00-04:00,2025-04-25 12:16:00-04:00,S,19320.25,19393.5,19393.25,73.0,-148.5,-1.0171232876712328,SL,1,S
2025-04-25 13:49:00-04:00,2025-04-25 13:49:00-04:00,2025-04-25 15:59:00-04:00,S,19438.25,19530.25,19554.75,116.5,-186.0,-0.7982832618025751,time,1,S
2025-04-28 09:34:00-04:00,2025-04-28 09:34:00-04:00,2025-04-28 09:43:00-04:00,S,19497.0,19575.0,19574.75,77.75,-158.0,-1.0160771704180065,SL,1,S
2025-04-28 13:49:00-04:00,2025-04-28 13:49:00-04:00,2025-04-28 15:02:00-04:00,L,19336.25,19453.5,19257.5,78.75,232.5,1.4761904761904763,TP,1,L
2025-04-29 09:44:00-04:00,2025-04-29 09:44:00-04:00,2025-04-29 11:00:00-04:00,L,19472.0,19610.75,19379.0,93.0,275.5,1.4811827956989247,TP,1,L
2025-04-29 11:19:00-04:00,2025-04-29 11:19:00-04:00,2025-04-29 13:47:00-04:00,S,19527.5,19615.75,19615.5,88.0,-178.5,-1.0142045454545454,SL,1,S
2025-04-30 12:29:00-04:00,2025-04-30 12:29:00-04:00,2025-04-30 13:32:00-04:00,S,19385.75,19473.0,19472.75,87.0,-176.5,-1.014367816091954,SL,1,S
2025-04-30 14:39:00-04:00,2025-04-30 14:39:00-04:00,2025-04-30 15:48:00-04:00,S,19461.0,19582.75,19582.5,121.5,-245.5,-1.0102880658436213,SL,1,S
2025-05-01 10:24:00-04:00,2025-05-01 10:24:00-04:00,2025-05-01 15:59:00-04:00,L,19979.0,19857.5,19857.75,121.25,-245.0,-1.0103092783505154,SL,1,L
2025-05-02 13:19:00-04:00,2025-05-02 13:19:00-04:00,2025-05-02 14:36:00-04:00,S,20206.5,20266.5,20266.25,59.75,-122.0,-1.0209205020920502,SL,1,S
2025-05-02 14:49:00-04:00,2025-05-02 14:49:00-04:00,2025-05-02 15:59:00-04:00,S,20211.75,20185.75,20277.25,65.5,50.0,0.3816793893129771,time,1,S
2025-05-06 09:34:00-04:00,2025-05-06 09:34:00-04:00,2025-05-06 09:51:00-04:00,L,19836.5,19778.75,19779.0,57.5,-117.5,-1.0217391304347827,SL,1,L
2025-05-06 11:54:00-04:00,2025-05-06 11:54:00-04:00,2025-05-06 12:13:00-04:00,S,19892.75,19953.5,19953.25,60.5,-123.5,-1.0206611570247934,SL,1,S
2025-05-06 14:19:00-04:00,2025-05-06 14:19:00-04:00,2025-05-06 15:59:00-04:00,L,19904.5,19875.5,19837.25,67.25,-60.0,-0.44609665427509293,time,1,L
2025-05-07 09:59:00-04:00,2025-05-07 09:59:00-04:00,2025-05-07 10:54:00-04:00,L,19936.5,19857.5,19857.75,78.75,-160.0,-1.0158730158730158,SL,1,L
2025-05-07 13:44:00-04:00,2025-05-07 13:44:00-04:00,2025-05-07 14:06:00-04:00,S,19857.5,19756.0,19925.75,68.25,201.0,1.4725274725274726,TP,1,S
2025-05-07 14:44:00-04:00,2025-05-07 14:44:00-04:00,2025-05-07 15:59:00-04:00,L,19831.75,19949.75,19678.25,153.5,234.0,0.762214983713355,time,1,L
2025-05-08 11:19:00-04:00,2025-05-08 11:19:00-04:00,2025-05-08 11:42:00-04:00,L,20097.0,20275.0,19977.75,119.25,354.0,1.4842767295597483,TP,1,L
2025-05-09 09:44:00-04:00,2025-05-09 09:44:00-04:00,2025-05-09 10:26:00-04:00,S,20226.5,20147.25,20280.0,53.5,156.5,1.4626168224299065,TP,1,S
2025-05-09 11:59:00-04:00,2025-05-09 11:59:00-04:00,2025-05-09 12:09:00-04:00,L,20170.25,20101.25,20101.5,68.75,-140.0,-1.018181818181818,SL,1,L
2025-05-12 12:09:00-04:00,2025-05-12 12:09:00-04:00,2025-05-12 12:52:00-04:00,L,20803.0,20876.0,20753.75,49.25,144.0,1.4619289340101522,TP,1,L
2025-05-12 14:59:00-04:00,2025-05-12 14:59:00-04:00,2025-05-12 15:59:00-04:00,S,20895.75,20946.75,20946.5,50.75,-104.0,-1.0246305418719213,SL,1,S
2025-05-13 13:59:00-04:00,2025-05-13 13:59:00-04:00,2025-05-13 15:59:00-04:00,S,21296.25,21270.75,21347.25,51.0,49.0,0.4803921568627451,time,1,S
2025-05-14 09:34:00-04:00,2025-05-14 09:34:00-04:00,2025-05-14 09:47:00-04:00,L,21395.5,21310.5,21310.75,84.75,-172.0,-1.0147492625368733,SL,1,L
2025-05-14 12:49:00-04:00,2025-05-14 12:49:00-04:00,2025-05-14 13:22:00-04:00,S,21366.0,21285.75,21420.0,54.0,158.5,1.4675925925925926,TP,1,S
2025-05-14 13:59:00-04:00,2025-05-14 13:59:00-04:00,2025-05-14 15:59:00-04:00,L,21365.5,21396.5,21281.0,84.5,60.0,0.35502958579881655,time,1,L
2025-05-16 11:34:00-04:00,2025-05-16 11:34:00-04:00,2025-05-16 15:59:00-04:00,L,21421.75,21505.0,21319.75,102.0,164.5,0.8063725490196079,time,1,L
2025-05-20 10:39:00-04:00,2025-05-20 10:39:00-04:00,2025-05-20 14:28:00-04:00,L,21439.75,21353.5,21353.75,86.0,-174.5,-1.0145348837209303,SL,1,L
2025-05-21 09:39:00-04:00,2025-05-21 09:39:00-04:00,2025-05-21 11:03:00-04:00,L,21342.25,21463.75,21260.75,81.5,241.0,1.478527607361963,TP,1,L
2025-05-22 10:54:00-04:00,2025-05-22 10:54:00-04:00,2025-05-22 15:05:00-04:00,S,21198.0,21330.75,21330.5,132.5,-267.5,-1.009433962264151,SL,1,S
2025-05-23 11:14:00-04:00,2025-05-23 11:14:00-04:00,2025-05-23 11:37:00-04:00,S,20917.5,20991.0,20990.75,73.25,-149.0,-1.0170648464163823,SL,1,S
2025-05-26 09:34:00-04:00,2025-05-26 09:34:00-04:00,2025-05-26 10:30:00-04:00,L,21299.0,21249.5,21249.75,49.25,-101.0,-1.0253807106598984,SL,1,L
2025-05-26 11:29:00-04:00,2025-05-26 11:29:00-04:00,2025-05-26 12:49:00-04:00,L,21254.0,21281.75,21215.25,38.75,53.5,0.6903225806451613,time,1,L
2025-05-27 09:34:00-04:00,2025-05-27 09:34:00-04:00,2025-05-27 10:00:00-04:00,S,21234.5,21316.5,21316.25,81.75,-166.0,-1.0152905198776758,SL,1,S
2025-05-28 12:04:00-04:00,2025-05-28 12:04:00-04:00,2025-05-28 14:52:00-04:00,L,21463.5,21433.0,21433.25,30.25,-63.0,-1.0413223140495869,SL,1,L
2025-05-30 10:14:00-04:00,2025-05-30 10:14:00-04:00,2025-05-30 12:27:00-04:00,L,21369.5,21234.25,21234.5,135.0,-272.5,-1.0092592592592593,SL,1,L
2025-06-02 10:04:00-04:00,2025-06-02 10:04:00-04:00,2025-06-02 13:01:00-04:00,S,21281.25,21458.5,21458.25,177.0,-356.5,-1.0070621468926553,SL,1,S
2025-06-04 10:09:00-04:00,2025-06-04 10:09:00-04:00,2025-06-04 14:00:00-04:00,S,21685.0,21794.0,21793.75,108.75,-220.0,-1.0114942528735633,SL,1,S
2025-06-05 09:39:00-04:00,2025-06-05 09:39:00-04:00,2025-06-05 10:46:00-04:00,S,21747.75,21867.75,21867.5,119.75,-242.0,-1.010438413361169,SL,1,S
2025-06-05 12:19:00-04:00,2025-06-05 12:19:00-04:00,2025-06-05 12:52:00-04:00,S,21844.25,21706.75,21936.5,92.25,273.0,1.4796747967479675,TP,1,S
2025-06-06 10:29:00-04:00,2025-06-06 10:29:00-04:00,2025-06-06 11:06:00-04:00,S,21784.5,21864.0,21863.75,79.25,-161.0,-1.0157728706624605,SL,1,S
2025-06-09 11:19:00-04:00,2025-06-09 11:19:00-04:00,2025-06-09 15:59:00-04:00,S,21827.25,21818.75,21892.75,65.5,15.0,0.11450381679389313,time,1,S
2025-06-10 13:29:00-04:00,2025-06-10 13:29:00-04:00,2025-06-10 14:00:00-04:00,S,21890.75,21831.75,21930.75,40.0,116.0,1.45,TP,1,S
2025-06-11 11:09:00-04:00,2025-06-11 11:09:00-04:00,2025-06-11 14:01:00-04:00,S,21999.0,21897.75,22067.0,68.0,200.5,1.474264705882353,TP,1,S
2025-06-12 11:49:00-04:00,2025-06-12 11:49:00-04:00,2025-06-12 15:59:00-04:00,S,21903.75,21937.0,21977.75,74.0,-68.5,-0.46283783783783783,time,1,S
2025-06-13 09:34:00-04:00,2025-06-13 09:34:00-04:00,2025-06-13 10:28:00-04:00,L,21764.25,21625.5,21625.75,138.5,-279.5,-1.0090252707581226,SL,1,L
2025-06-13 13:14:00-04:00,2025-06-13 13:14:00-04:00,2025-06-13 14:15:00-04:00,S,21789.25,21702.25,21847.75,58.5,172.0,1.4700854700854702,TP,1,S
2025-06-16 13:29:00-04:00,2025-06-16 13:29:00-04:00,2025-06-16 14:50:00-04:00,L,21970.5,21917.0,21917.25,53.25,-109.0,-1.0234741784037558,SL,1,L
2025-06-17 09:39:00-04:00,2025-06-17 09:39:00-04:00,2025-06-17 09:44:00-04:00,L,21860.25,21811.75,21812.0,48.25,-99.0,-1.0259067357512954,SL,1,L
2025-06-17 10:59:00-04:00,2025-06-17 10:59:00-04:00,2025-06-17 13:46:00-04:00,S,21849.25,21762.0,21908.0,58.75,172.5,1.4680851063829787,TP,1,S
2025-06-20 09:59:00-04:00,2025-06-20 09:59:00-04:00,2025-06-20 10:45:00-04:00,S,22018.25,21850.0,22131.0,112.75,334.5,1.483370288248337,TP,1,S
2025-06-20 11:39:00-04:00,2025-06-20 11:39:00-04:00,2025-06-20 13:37:00-04:00,L,21914.75,21775.25,21775.5,139.25,-281.0,-1.0089766606822261,SL,1,L
2025-06-20 14:04:00-04:00,2025-06-20 14:04:00-04:00,2025-06-20 15:59:00-04:00,L,21856.25,21842.5,21759.75,96.5,-29.5,-0.15284974093264247,time,1,L
2025-06-23 09:34:00-04:00,2025-06-23 09:34:00-04:00,2025-06-23 09:47:00-04:00,S,21784.75,21890.0,21889.75,105.0,-212.5,-1.0119047619047619,SL,1,S
2025-06-23 11:29:00-04:00,2025-06-23 11:29:00-04:00,2025-06-23 12:31:00-04:00,S,21946.75,21840.25,22018.25,71.5,211.0,1.4755244755244756,TP,1,S
2025-06-23 13:09:00-04:00,2025-06-23 13:09:00-04:00,2025-06-23 15:59:00-04:00,L,21910.75,22072.75,21738.25,172.5,322.0,0.9333333333333333,time,1,L
2025-06-25 10:14:00-04:00,2025-06-25 10:14:00-04:00,2025-06-25 15:59:00-04:00,S,22474.25,22463.25,22548.5,74.25,20.0,0.13468013468013468,time,1,S
2025-06-27 09:49:00-04:00,2025-06-27 09:49:00-04:00,2025-06-27 10:09:00-04:00,L,22735.5,22815.25,22681.75,53.75,157.5,1.4651162790697674,TP,1,L
2025-06-27 10:59:00-04:00,2025-06-27 10:59:00-04:00,2025-06-27 14:30:00-04:00,S,22759.5,22663.75,22824.0,64.5,189.5,1.4689922480620154,TP,1,S
2025-06-30 11:09:00-04:00,2025-06-30 11:09:00-04:00,2025-06-30 11:15:00-04:00,L,22840.0,22807.25,22807.5,32.5,-67.5,-1.0384615384615385,SL,1,L
2025-06-30 13:04:00-04:00,2025-06-30 13:04:00-04:00,2025-06-30 13:57:00-04:00,S,22836.0,22790.75,22866.75,30.75,88.5,1.4390243902439024,TP,1,S
2025-06-30 14:59:00-04:00,2025-06-30 14:59:00-04:00,2025-06-30 15:59:00-04:00,L,22849.5,22885.5,22779.75,69.75,70.0,0.5017921146953405,time,1,L
2025-07-01 12:14:00-04:00,2025-07-01 12:14:00-04:00,2025-07-01 15:59:00-04:00,L,22704.0,22692.75,22615.75,88.25,-24.5,-0.1388101983002833,time,1,L
2025-07-02 13:39:00-04:00,2025-07-02 13:39:00-04:00,2025-07-02 15:04:00-04:00,S,22817.5,22850.5,22850.25,32.75,-68.0,-1.0381679389312977,SL,1,S
2025-07-04 09:54:00-04:00,2025-07-04 09:54:00-04:00,2025-07-04 12:49:00-04:00,L,22929.75,22905.25,22887.25,42.5,-51.0,-0.6,time,1,L
2025-07-07 09:54:00-04:00,2025-07-07 09:54:00-04:00,2025-07-07 10:53:00-04:00,L,22962.0,22899.75,22900.0,62.0,-126.5,-1.0201612903225807,SL,1,L
2025-07-07 12:24:00-04:00,2025-07-07 12:24:00-04:00,2025-07-07 15:59:00-04:00,S,22874.75,22884.0,22963.0,88.25,-20.5,-0.11614730878186968,time,1,S
2025-07-08 10:39:00-04:00,2025-07-08 10:39:00-04:00,2025-07-08 10:53:00-04:00,L,22936.75,22848.75,22849.0,87.75,-178.0,-1.0142450142450143,SL,1,L
2025-07-08 13:09:00-04:00,2025-07-08 13:09:00-04:00,2025-07-08 15:59:00-04:00,S,22903.0,22892.0,22963.0,60.0,20.0,0.16666666666666666,time,1,S
2025-07-09 10:34:00-04:00,2025-07-09 10:34:00-04:00,2025-07-09 15:59:00-04:00,S,22998.75,23051.25,23111.5,112.75,-107.0,-0.4745011086474501,time,1,S
2025-07-10 12:59:00-04:00,2025-07-10 12:59:00-04:00,2025-07-10 13:26:00-04:00,S,22992.0,23013.75,23013.5,21.5,-45.5,-1.058139534883721,SL,1,S
2025-07-11 11:14:00-04:00,2025-07-11 11:14:00-04:00,2025-07-11 11:42:00-04:00,S,22915.5,23008.0,23007.75,92.25,-187.0,-1.013550135501355,SL,1,S
2025-07-11 13:39:00-04:00,2025-07-11 13:39:00-04:00,2025-07-11 15:59:00-04:00,S,22972.0,22955.5,23022.0,50.0,31.0,0.31,time,1,S
2025-07-14 09:44:00-04:00,2025-07-14 09:44:00-04:00,2025-07-14 10:21:00-04:00,S,22853.5,22979.5,22979.25,125.75,-254.0,-1.0099403578528827,SL,1,S
2025-07-15 09:39:00-04:00,2025-07-15 09:39:00-04:00,2025-07-15 15:59:00-04:00,S,23154.75,23053.25,23223.0,68.25,201.0,1.4725274725274726,TP,1,S
2025-07-16 09:34:00-04:00,2025-07-16 09:34:00-04:00,2025-07-16 11:20:00-04:00,S,23026.5,22931.75,23090.25,63.75,187.5,1.4705882352941178,TP,1,S
2025-07-17 14:14:00-04:00,2025-07-17 14:14:00-04:00,2025-07-17 15:59:00-04:00,S,23241.75,23258.0,23281.25,39.5,-34.5,-0.43670886075949367,time,1,S
2025-07-18 09:54:00-04:00,2025-07-18 09:54:00-04:00,2025-07-18 11:04:00-04:00,S,23264.5,23181.0,23320.75,56.25,165.0,1.4666666666666666,TP,1,S
2025-07-18 11:34:00-04:00,2025-07-18 11:34:00-04:00,2025-07-18 12:26:00-04:00,L,23229.0,23180.0,23180.25,48.75,-100.0,-1.0256410256410255,SL,1,L
2025-07-18 12:29:00-04:00,2025-07-18 12:29:00-04:00,2025-07-18 15:59:00-04:00,S,23203.0,23227.0,23253.25,50.25,-50.0,-0.4975124378109453,time,1,S
2025-07-21 09:34:00-04:00,2025-07-21 09:34:00-04:00,2025-07-21 10:20:00-04:00,L,23300.5,23415.5,23223.25,77.25,228.0,1.4757281553398058,TP,1,L
2025-07-21 12:09:00-04:00,2025-07-21 12:09:00-04:00,2025-07-21 12:55:00-04:00,S,23377.25,23408.0,23407.75,30.5,-63.5,-1.040983606557377,SL,1,S
2025-07-21 14:34:00-04:00,2025-07-21 14:34:00-04:00,2025-07-21 15:02:00-04:00,S,23405.25,23381.75,23421.5,16.25,45.0,1.3846153846153846,TP,1,S
2025-07-22 09:34:00-04:00,2025-07-22 09:34:00-04:00,2025-07-22 09:51:00-04:00,S,23289.5,23199.75,23350.0,60.5,177.5,1.4669421487603307,TP,1,S
2025-07-22 12:29:00-04:00,2025-07-22 12:29:00-04:00,2025-07-22 13:28:00-04:00,S,23172.25,23235.25,23235.0,62.75,-128.0,-1.0199203187250996,SL,1,S
2025-07-22 14:19:00-04:00,2025-07-22 14:19:00-04:00,2025-07-22 14:40:00-04:00,S,23203.75,23248.5,23248.25,44.5,-91.5,-1.0280898876404494,SL,1,S
2025-07-23 10:59:00-04:00,2025-07-23 10:59:00-04:00,2025-07-23 11:54:00-04:00,L,23200.0,23285.75,23142.25,57.75,169.5,1.4675324675324675,TP,1,L
2025-07-23 12:29:00-04:00,2025-07-23 12:29:00-04:00,2025-07-23 14:14:00-04:00,S,23209.0,23294.5,23294.25,85.25,-173.0,-1.0146627565982405,SL,1,S
2025-07-24 10:44:00-04:00,2025-07-24 10:44:00-04:00,2025-07-24 15:59:00-04:00,L,23352.75,23376.25,23298.25,54.5,45.0,0.41284403669724773,time,1,L
2025-07-25 13:54:00-04:00,2025-07-25 13:54:00-04:00,2025-07-25 14:21:00-04:00,S,23437.25,23455.75,23455.5,18.25,-39.0,-1.0684931506849316,SL,1,S
2025-07-28 09:49:00-04:00,2025-07-28 09:49:00-04:00,2025-07-28 11:19:00-04:00,L,23501.0,23462.0,23462.25,38.75,-80.0,-1.032258064516129,SL,1,L
2025-07-28 12:54:00-04:00,2025-07-28 12:54:00-04:00,2025-07-28 14:06:00-04:00,S,23481.5,23442.75,23508.0,26.5,75.5,1.4245283018867925,TP,1,S
2025-07-29 09:59:00-04:00,2025-07-29 09:59:00-04:00,2025-07-29 11:16:00-04:00,S,23589.5,23495.75,23652.5,63.0,185.5,1.4722222222222223,TP,1,S
2025-07-29 12:59:00-04:00,2025-07-29 12:59:00-04:00,2025-07-29 15:35:00-04:00,L,23507.25,23448.25,23448.5,58.75,-120.0,-1.0212765957446808,SL,1,L
2025-07-30 11:14:00-04:00,2025-07-30 11:14:00-04:00,2025-07-30 12:16:00-04:00,S,23482.25,23541.75,23541.5,59.25,-121.0,-1.021097046413502,SL,1,S
2025-07-30 14:49:00-04:00,2025-07-30 14:49:00-04:00,2025-07-30 14:59:00-04:00,S,23521.0,23418.25,23590.0,69.0,203.5,1.4746376811594204,TP,1,S
2025-08-01 10:34:00-04:00,2025-08-01 10:34:00-04:00,2025-08-01 14:09:00-04:00,L,23008.75,22798.75,22799.0,209.75,-422.0,-1.0059594755661503,SL,1,L
2025-08-01 14:29:00-04:00,2025-08-01 14:29:00-04:00,2025-08-01 15:59:00-04:00,L,22891.75,22880.5,22788.0,103.75,-24.5,-0.1180722891566265,time,1,L
2025-08-04 14:44:00-04:00,2025-08-04 14:44:00-04:00,2025-08-04 15:16:00-04:00,S,23260.0,23284.5,23284.25,24.25,-51.0,-1.0515463917525774,SL,1,S
2025-08-05 09:49:00-04:00,2025-08-05 09:49:00-04:00,2025-08-05 10:17:00-04:00,L,23381.75,23303.0,23303.25,78.5,-159.5,-1.015923566878981,SL,1,L
2025-08-05 14:24:00-04:00,2025-08-05 14:24:00-04:00,2025-08-05 15:59:00-04:00,S,23188.5,23134.0,23252.25,63.75,107.0,0.8392156862745098,time,1,S
2025-08-06 10:24:00-04:00,2025-08-06 10:24:00-04:00,2025-08-06 10:56:00-04:00,S,23181.0,23285.5,23285.25,104.25,-211.0,-1.0119904076738608,SL,1,S
2025-08-07 09:49:00-04:00,2025-08-07 09:49:00-04:00,2025-08-07 09:56:00-04:00,S,23600.5,23648.5,23648.25,47.75,-98.0,-1.0261780104712042,SL,1,S
2025-08-08 09:34:00-04:00,2025-08-08 09:34:00-04:00,2025-08-08 09:41:00-04:00,L,23546.75,23584.25,23521.25,25.5,73.0,1.4313725490196079,TP,1,L
2025-08-08 11:39:00-04:00,2025-08-08 11:39:00-04:00,2025-08-08 12:01:00-04:00,S,23628.75,23686.5,23686.25,57.5,-117.5,-1.0217391304347827,SL,1,S
2025-08-08 13:19:00-04:00,2025-08-08 13:19:00-04:00,2025-08-08 13:44:00-04:00,S,23664.25,23700.25,23700.0,35.75,-74.0,-1.034965034965035,SL,1,S
2025-08-11 10:59:00-04:00,2025-08-11 10:59:00-04:00,2025-08-11 12:01:00-04:00,S,23726.75,23768.0,23767.75,41.0,-84.5,-1.0304878048780488,SL,1,S
2025-08-11 12:44:00-04:00,2025-08-11 12:44:00-04:00,2025-08-11 15:32:00-04:00,S,23741.5,23647.5,23804.75,63.25,186.0,1.4703557312252964,TP,1,S
2025-08-12 09:49:00-04:00,2025-08-12 09:49:00-04:00,2025-08-12 11:07:00-04:00,S,23699.25,23809.0,23808.75,109.5,-221.5,-1.0114155251141552,SL,1,S
2025-08-13 09:59:00-04:00,2025-08-13 09:59:00-04:00,2025-08-13 10:46:00-04:00,S,24017.0,23939.5,24069.25,52.25,153.0,1.4641148325358853,TP,1,S
2025-08-13 13:24:00-04:00,2025-08-13 13:24:00-04:00,2025-08-13 15:59:00-04:00,L,23939.75,23943.0,23885.75,54.0,4.5,0.041666666666666664,time,1,L
2025-08-14 11:19:00-04:00,2025-08-14 11:19:00-04:00,2025-08-14 15:59:00-04:00,S,23933.25,23921.75,24005.75,72.5,21.0,0.14482758620689656,time,1,S
2025-08-15 12:49:00-04:00,2025-08-15 12:49:00-04:00,2025-08-15 15:59:00-04:00,L,23805.5,23805.5,23762.75,42.75,-2.0,-0.023391812865497075,time,1,L
2025-08-18 09:59:00-04:00,2025-08-18 09:59:00-04:00,2025-08-18 10:24:00-04:00,S,23748.5,23818.75,23818.5,70.0,-142.5,-1.0178571428571428,SL,1,S
2025-08-18 12:44:00-04:00,2025-08-18 12:44:00-04:00,2025-08-18 13:30:00-04:00,S,23741.5,23780.75,23780.5,39.0,-80.5,-1.0320512820512822,SL,1,S
2025-08-20 14:04:00-04:00,2025-08-20 14:04:00-04:00,2025-08-20 15:12:00-04:00,S,23223.0,23316.0,23315.75,92.75,-188.0,-1.013477088948787,SL,1,S
2025-08-21 11:09:00-04:00,2025-08-21 11:09:00-04:00,2025-08-21 13:16:00-04:00,S,23267.5,23146.75,23348.5,81.0,239.5,1.478395061728395,TP,1,S
2025-08-21 13:39:00-04:00,2025-08-21 13:39:00-04:00,2025-08-21 15:59:00-04:00,L,23195.5,23217.75,23119.25,76.25,42.5,0.2786885245901639,time,1,L
2025-08-22 14:59:00-04:00,2025-08-22 14:59:00-04:00,2025-08-22 15:39:00-04:00,S,23586.0,23542.25,23615.75,29.75,85.5,1.4369747899159664,TP,1,S
2025-08-25 13:04:00-04:00,2025-08-25 13:04:00-04:00,2025-08-25 15:57:00-04:00,S,23578.0,23526.75,23612.75,34.75,100.5,1.4460431654676258,TP,1,S
2025-08-26 11:29:00-04:00,2025-08-26 11:29:00-04:00,2025-08-26 12:16:00-04:00,S,23508.0,23552.0,23551.75,43.75,-90.0,-1.0285714285714285,SL,1,S
2025-08-26 13:09:00-04:00,2025-08-26 13:09:00-04:00,2025-08-26 14:59:00-04:00,S,23524.5,23555.75,23555.5,31.0,-64.5,-1.0403225806451613,SL,1,S
2025-08-27 10:14:00-04:00,2025-08-27 10:14:00-04:00,2025-08-27 15:59:00-04:00,L,23566.75,23619.75,23488.25,78.5,104.0,0.6624203821656051,time,1,L
2025-08-28 09:54:00-04:00,2025-08-28 09:54:00-04:00,2025-08-28 11:16:00-04:00,S,23615.5,23743.75,23743.5,128.0,-258.5,-1.009765625,SL,1,S
2025-08-28 11:29:00-04:00,2025-08-28 11:29:00-04:00,2025-08-28 12:28:00-04:00,S,23672.0,23754.75,23754.5,82.5,-167.5,-1.0151515151515151,SL,1,S
2025-08-29 12:39:00-04:00,2025-08-29 12:39:00-04:00,2025-08-29 13:06:00-04:00,L,23481.75,23424.25,23424.5,57.25,-117.0,-1.0218340611353711,SL,1,L
2025-08-29 13:54:00-04:00,2025-08-29 13:54:00-04:00,2025-08-29 15:59:00-04:00,L,23465.25,23473.0,23401.25,64.0,13.5,0.10546875,time,1,L
2025-09-01 09:34:00-04:00,2025-09-01 09:34:00-04:00,2025-09-01 09:50:00-04:00,S,23459.5,23488.0,23487.75,28.25,-59.0,-1.0442477876106195,SL,1,S
2025-09-01 11:09:00-04:00,2025-09-01 11:09:00-04:00,2025-09-01 11:19:00-04:00,S,23483.75,23496.5,23496.25,12.5,-27.5,-1.1,SL,1,S
2025-09-01 12:09:00-04:00,2025-09-01 12:09:00-04:00,2025-09-01 12:49:00-04:00,S,23489.0,23503.25,23507.25,18.25,-30.5,-0.8356164383561644,time,1,S
2025-09-02 10:49:00-04:00,2025-09-02 10:49:00-04:00,2025-09-02 15:54:00-04:00,S,23145.25,23280.75,23280.5,135.25,-273.0,-1.009242144177449,SL,1,S
2025-09-03 09:34:00-04:00,2025-09-03 09:34:00-04:00,2025-09-03 10:07:00-04:00,S,23398.0,23457.5,23457.25,59.25,-121.0,-1.021097046413502,SL,1,S
2025-09-03 11:29:00-04:00,2025-09-03 11:29:00-04:00,2025-09-03 15:59:00-04:00,S,23424.5,23452.25,23526.25,101.75,-57.5,-0.28255528255528256,time,1,S
2025-09-04 09:34:00-04:00,2025-09-04 09:34:00-04:00,2025-09-04 10:02:00-04:00,L,23535.75,23456.75,23457.0,78.75,-160.0,-1.0158730158730158,SL,1,L
2025-09-04 10:29:00-04:00,2025-09-04 10:29:00-04:00,2025-09-04 13:51:00-04:00,L,23481.5,23588.25,23409.75,71.75,211.5,1.4738675958188154,TP,1,L
2025-09-05 10:04:00-04:00,2025-09-05 10:04:00-04:00,2025-09-05 10:16:00-04:00,S,23837.0,23739.25,23902.75,65.75,193.5,1.4714828897338403,TP,1,S
2025-09-05 13:49:00-04:00,2025-09-05 13:49:00-04:00,2025-09-05 14:32:00-04:00,S,23602.5,23662.25,23662.0,59.5,-121.5,-1.0210084033613445,SL,1,S
2025-09-08 11:49:00-04:00,2025-09-08 11:49:00-04:00,2025-09-08 13:51:00-04:00,S,23843.5,23782.25,23885.0,41.5,120.5,1.4518072289156627,TP,1,S
2025-09-08 14:19:00-04:00,2025-09-08 14:19:00-04:00,2025-09-08 15:23:00-04:00,L,23812.0,23761.75,23762.0,50.0,-102.5,-1.025,SL,1,L
2025-09-09 11:54:00-04:00,2025-09-09 11:54:00-04:00,2025-09-09 15:55:00-04:00,L,23805.5,23885.25,23751.75,53.75,157.5,1.4651162790697674,TP,1,L
2025-09-10 09:34:00-04:00,2025-09-10 09:34:00-04:00,2025-09-10 13:26:00-04:00,S,23962.5,23884.25,24015.25,52.75,154.5,1.4644549763033174,TP,1,S
2025-09-11 09:44:00-04:00,2025-09-11 09:44:00-04:00,2025-09-11 10:06:00-04:00,S,23924.5,23998.25,23998.0,73.5,-149.5,-1.0170068027210883,SL,1,S
2025-09-11 12:44:00-04:00,2025-09-11 12:44:00-04:00,2025-09-11 15:50:00-04:00,S,24014.5,24044.0,24043.75,29.25,-61.0,-1.0427350427350428,SL,1,S
2025-09-12 09:34:00-04:00,2025-09-12 09:34:00-04:00,2025-09-12 10:21:00-04:00,S,24034.25,24064.0,24063.75,29.5,-61.5,-1.0423728813559323,SL,1,S
2025-09-15 13:04:00-04:00,2025-09-15 13:04:00-04:00,2025-09-15 14:08:00-04:00,S,24264.25,24291.75,24291.5,27.25,-57.0,-1.0458715596330275,SL,1,S
2025-09-15 14:29:00-04:00,2025-09-15 14:29:00-04:00,2025-09-15 15:48:00-04:00,S,24264.25,24292.5,24292.25,28.0,-58.5,-1.0446428571428572,SL,1,S
2025-09-16 14:14:00-04:00,2025-09-16 14:14:00-04:00,2025-09-16 14:37:00-04:00,S,24286.5,24302.0,24301.75,15.25,-33.0,-1.0819672131147542,SL,1,S
2025-09-17 09:34:00-04:00,2025-09-17 09:34:00-04:00,2025-09-17 10:28:00-04:00,S,24260.75,24200.75,24301.25,40.5,118.0,1.4567901234567902,TP,1,S
2025-09-17 13:34:00-04:00,2025-09-17 13:34:00-04:00,2025-09-17 14:00:00-04:00,L,24179.75,24245.75,24135.25,44.5,130.0,1.4606741573033708,TP,1,L
2025-09-17 14:14:00-04:00,2025-09-17 14:14:00-04:00,2025-09-17 15:24:00-04:00,S,24083.5,24281.75,24281.5,198.0,-398.5,-1.0063131313131313,SL,1,S
2025-09-23 11:19:00-04:00,2025-09-23 11:19:00-04:00,2025-09-23 11:42:00-04:00,L,24965.0,24930.25,24930.5,34.5,-71.5,-1.036231884057971,SL,1,L
2025-09-25 10:09:00-04:00,2025-09-25 10:09:00-04:00,2025-09-25 15:59:00-04:00,L,24566.75,24631.75,24421.75,145.0,128.0,0.4413793103448276,time,1,L
2025-09-26 11:29:00-04:00,2025-09-26 11:29:00-04:00,2025-09-26 15:59:00-04:00,L,24632.25,24725.25,24545.25,87.0,184.0,1.0574712643678161,time,1,L
2025-09-29 13:54:00-04:00,2025-09-29 13:54:00-04:00,2025-09-29 15:09:00-04:00,L,24847.25,24812.25,24812.5,34.75,-72.0,-1.0359712230215827,SL,1,L
2025-09-30 09:34:00-04:00,2025-09-30 09:34:00-04:00,2025-09-30 10:55:00-04:00,S,24762.0,24845.5,24845.25,83.25,-169.0,-1.015015015015015,SL,1,S
2025-09-30 11:29:00-04:00,2025-09-30 11:29:00-04:00,2025-09-30 15:26:00-04:00,S,24779.25,24864.5,24864.25,85.0,-172.5,-1.0147058823529411,SL,1,S
2025-10-02 09:34:00-04:00,2025-10-02 09:34:00-04:00,2025-10-02 09:50:00-04:00,S,25117.0,25023.0,25180.25,63.25,186.0,1.4703557312252964,TP,1,S
2025-10-02 11:54:00-04:00,2025-10-02 11:54:00-04:00,2025-10-02 15:59:00-04:00,L,25063.0,25108.0,24995.25,67.75,88.0,0.6494464944649446,time,1,L
2025-10-03 09:34:00-04:00,2025-10-03 09:34:00-04:00,2025-10-03 09:58:00-04:00,L,25145.5,25102.75,25103.0,42.5,-87.5,-1.0294117647058822,SL,1,L
2025-10-03 10:54:00-04:00,2025-10-03 10:54:00-04:00,2025-10-03 13:03:00-04:00,L,25120.25,25050.5,25050.75,69.5,-141.5,-1.0179856115107915,SL,1,L
2025-10-03 14:29:00-04:00,2025-10-03 14:29:00-04:00,2025-10-03 15:59:00-04:00,L,25038.0,24996.5,24922.75,115.25,-85.0,-0.368763557483731,time,1,L
2025-10-06 11:04:00-04:00,2025-10-06 11:04:00-04:00,2025-10-06 14:31:00-04:00,L,25163.0,25241.75,25110.0,53.0,155.5,1.4669811320754718,TP,1,L
2025-10-07 10:04:00-04:00,2025-10-07 10:04:00-04:00,2025-10-07 11:04:00-04:00,S,25219.75,25151.75,25265.75,46.0,134.0,1.4565217391304348,TP,1,S
2025-10-07 14:39:00-04:00,2025-10-07 14:39:00-04:00,2025-10-07 15:59:00-04:00,L,25046.75,25045.0,24990.75,56.0,-5.5,-0.049107142857142856,time,1,L
2025-10-09 11:54:00-04:00,2025-10-09 11:54:00-04:00,2025-10-09 12:58:00-04:00,L,25265.25,25197.0,25197.25,68.0,-138.5,-1.0183823529411764,SL,1,L
2025-10-09 14:19:00-04:00,2025-10-09 14:19:00-04:00,2025-10-09 15:59:00-04:00,L,25222.0,25294.5,25160.5,61.5,143.0,1.1626016260162602,time,1,L
2025-10-10 09:34:00-04:00,2025-10-10 09:34:00-04:00,2025-10-10 10:57:00-04:00,L,25329.25,25288.0,25288.25,41.0,-84.5,-1.0304878048780488,SL,1,L
2025-10-13 09:34:00-04:00,2025-10-13 09:34:00-04:00,2025-10-13 09:59:00-04:00,S,24759.5,24889.5,24889.25,129.75,-262.0,-1.0096339113680155,SL,1,S
2025-10-13 10:29:00-04:00,2025-10-13 10:29:00-04:00,2025-10-13 12:16:00-04:00,S,24824.25,24914.25,24914.0,89.75,-182.0,-1.0139275766016713,SL,1,S
2025-10-13 13:34:00-04:00,2025-10-13 13:34:00-04:00,2025-10-13 14:30:00-04:00,S,24896.0,24959.0,24958.75,62.75,-128.0,-1.0199203187250996,SL,1,S
2025-10-13 14:49:00-04:00,2025-10-13 14:49:00-04:00,2025-10-13 15:59:00-04:00,S,24914.0,24921.0,24965.25,51.25,-16.0,-0.15609756097560976,time,1,S
2025-10-14 09:34:00-04:00,2025-10-14 09:34:00-04:00,2025-10-14 10:20:00-04:00,S,24561.5,24657.0,24656.75,95.25,-193.0,-1.0131233595800524,SL,1,S
2025-10-15 09:34:00-04:00,2025-10-15 09:34:00-04:00,2025-10-15 10:00:00-04:00,S,24960.75,25025.75,25025.5,64.75,-132.0,-1.0193050193050193,SL,1,S
2025-10-15 13:54:00-04:00,2025-10-15 13:54:00-04:00,2025-10-15 15:59:00-04:00,L,24902.5,24924.5,24663.25,239.25,42.0,0.0877742946708464,time,1,L
2025-10-16 11:24:00-04:00,2025-10-16 11:24:00-04:00,2025-10-16 12:00:00-04:00,S,25085.0,24943.25,25180.0,95.0,281.5,1.481578947368421,TP,1,S
2025-10-17 09:44:00-04:00,2025-10-17 09:44:00-04:00,2025-10-17 09:52:00-04:00,S,24693.75,24818.25,24818.0,124.25,-251.0,-1.0100603621730382,SL,1,S
2025-10-17 10:59:00-04:00,2025-10-17 10:59:00-04:00,2025-10-17 12:30:00-04:00,S,24764.25,24961.25,24961.0,196.75,-396.0,-1.0063532401524777,SL,1,S
2025-10-17 13:59:00-04:00,2025-10-17 13:59:00-04:00,2025-10-17 15:59:00-04:00,L,24935.75,24988.25,24828.5,107.25,103.0,0.4801864801864802,time,1,L
2025-10-20 14:39:00-04:00,2025-10-20 14:39:00-04:00,2025-10-20 15:59:00-04:00,S,25326.75,25300.0,25353.25,26.5,51.5,0.9716981132075472,time,1,S
2025-10-21 12:54:00-04:00,2025-10-21 12:54:00-04:00,2025-10-21 15:59:00-04:00,S,25292.75,25291.5,25347.75,55.0,0.5,0.004545454545454545,time,1,S
2025-10-22 09:34:00-04:00,2025-10-22 09:34:00-04:00,2025-10-22 09:54:00-04:00,S,25184.5,25279.0,25278.75,94.25,-191.0,-1.013262599469496,SL,1,S
2025-10-23 11:44:00-04:00,2025-10-23 11:44:00-04:00,2025-10-23 11:56:00-04:00,S,25128.5,25210.0,25209.75,81.25,-165.0,-1.0153846153846153,SL,1,S
2025-10-24 10:54:00-04:00,2025-10-24 10:54:00-04:00,2025-10-24 11:24:00-04:00,S,25472.25,25541.75,25541.5,69.25,-141.0,-1.0180505415162455,SL,1,S
2025-10-24 14:44:00-04:00,2025-10-24 14:44:00-04:00,2025-10-24 15:05:00-04:00,S,25539.0,25559.25,25559.0,20.0,-42.5,-1.0625,SL,1,S
2025-10-27 13:24:00-04:00,2025-10-27 13:24:00-04:00,2025-10-27 13:42:00-04:00,S,25894.25,25917.5,25917.25,23.0,-48.5,-1.0543478260869565,SL,1,S
2025-10-28 10:34:00-04:00,2025-10-28 10:34:00-04:00,2025-10-28 12:27:00-04:00,S,26034.5,26090.5,26090.25,55.75,-114.0,-1.0224215246636772,SL,1,S
2025-10-29 12:44:00-04:00,2025-10-29 12:44:00-04:00,2025-10-29 14:35:00-04:00,L,26254.75,26203.0,26203.25,51.5,-105.5,-1.0242718446601942,SL,1,L
2025-10-30 12:09:00-04:00,2025-10-30 12:09:00-04:00,2025-10-30 15:05:00-04:00,L,26067.0,25966.5,25966.75,100.25,-203.0,-1.0124688279301746,SL,1,L
2025-10-31 10:44:00-04:00,2025-10-31 10:44:00-04:00,2025-10-31 11:56:00-04:00,L,26163.5,26056.5,26056.75,106.75,-216.0,-1.0117096018735363,SL,1,L
2025-10-31 14:09:00-04:00,2025-10-31 14:09:00-04:00,2025-10-31 15:59:00-04:00,L,25982.75,25992.5,25887.5,95.25,17.5,0.09186351706036745,time,1,L
2025-11-03 09:44:00-05:00,2025-11-03 09:44:00-05:00,2025-11-03 10:31:00-05:00,S,26167.25,26020.0,26266.0,98.75,292.5,1.481012658227848,TP,1,S
2025-11-03 11:59:00-05:00,2025-11-03 11:59:00-05:00,2025-11-03 15:59:00-05:00,L,26118.5,26110.0,26043.0,75.5,-19.0,-0.12582781456953643,time,1,L
2025-11-04 10:54:00-05:00,2025-11-04 10:54:00-05:00,2025-11-04 12:19:00-05:00,S,25806.0,25674.75,25894.0,88.0,260.5,1.4801136363636365,TP,1,S
2025-11-04 14:04:00-05:00,2025-11-04 14:04:00-05:00,2025-11-04 14:38:00-05:00,L,25681.25,25602.5,25602.75,78.5,-159.5,-1.015923566878981,SL,1,L
2025-11-06 12:49:00-05:00,2025-11-06 12:49:00-05:00,2025-11-06 15:59:00-05:00,L,25321.0,25258.75,25197.0,124.0,-126.5,-0.5100806451612904,time,1,L
2025-11-10 10:54:00-05:00,2025-11-10 10:54:00-05:00,2025-11-10 13:36:00-05:00,S,25556.75,25667.0,25666.75,110.0,-222.5,-1.0113636363636365,SL,1,S
2025-11-11 11:19:00-05:00,2025-11-11 11:19:00-05:00,2025-11-11 11:30:00-05:00,L,25558.75,25485.5,25485.75,73.0,-148.5,-1.0171232876712328,SL,1,L
2025-11-12 12:39:00-05:00,2025-11-12 12:39:00-05:00,2025-11-12 15:59:00-05:00,L,25610.0,25625.5,25507.5,102.5,29.0,0.14146341463414633,time,1,L
2025-11-13 10:14:00-05:00,2025-11-13 10:14:00-05:00,2025-11-13 10:45:00-05:00,L,25468.5,25280.25,25280.5,188.0,-378.5,-1.0066489361702127,SL,1,L
2025-11-13 14:29:00-05:00,2025-11-13 14:29:00-05:00,2025-11-13 14:55:00-05:00,L,25122.0,25012.0,25012.25,109.75,-222.0,-1.0113895216400912,SL,1,L
2025-11-14 13:04:00-05:00,2025-11-14 13:04:00-05:00,2025-11-14 15:59:00-05:00,S,25140.0,25106.25,25285.0,145.0,65.5,0.22586206896551725,time,1,S
2025-11-17 09:34:00-05:00,2025-11-17 09:34:00-05:00,2025-11-17 11:16:00-05:00,L,25094.5,24954.75,24955.0,139.5,-281.5,-1.0089605734767024,SL,1,L
2025-11-17 11:39:00-05:00,2025-11-17 11:39:00-05:00,2025-11-17 13:55:00-05:00,L,25115.75,24943.0,24943.25,172.5,-347.5,-1.0072463768115942,SL,1,L
2025-11-18 11:24:00-05:00,2025-11-18 11:24:00-05:00,2025-11-18 15:59:00-05:00,L,24590.0,24584.75,24379.75,210.25,-12.5,-0.029726516052318668,time,1,L
2025-11-19 09:44:00-05:00,2025-11-19 09:44:00-05:00,2025-11-19 12:33:00-05:00,L,24743.75,24572.25,24572.5,171.25,-345.0,-1.0072992700729928,SL,1,L
2025-11-19 13:14:00-05:00,2025-11-19 13:14:00-05:00,2025-11-19 15:59:00-05:00,L,24666.75,24724.25,24507.75,159.0,113.0,0.3553459119496855,time,1,L
2025-11-20 10:09:00-05:00,2025-11-20 10:09:00-05:00,2025-11-20 10:37:00-05:00,S,25198.25,25300.75,25300.5,102.25,-207.0,-1.0122249388753055,SL,1,S
2025-11-20 14:59:00-05:00,2025-11-20 14:59:00-05:00,2025-11-20 15:36:00-05:00,L,24398.0,24224.5,24224.75,173.25,-349.0,-1.0072150072150072,SL,1,L
2025-11-21 09:39:00-05:00,2025-11-21 09:39:00-05:00,2025-11-21 09:54:00-05:00,S,24174.75,24280.5,24280.25,105.5,-213.5,-1.0118483412322274,SL,1,S
2025-11-21 11:24:00-05:00,2025-11-21 11:24:00-05:00,2025-11-21 13:48:00-05:00,L,24125.25,24421.75,23927.0,198.25,591.0,1.4905422446406054,TP,1,L
2025-11-24 14:34:00-05:00,2025-11-24 14:34:00-05:00,2025-11-24 15:17:00-05:00,S,24915.25,24961.0,24960.75,45.5,-93.5,-1.0274725274725274,SL,1,S
2025-11-25 10:34:00-05:00,2025-11-25 10:34:00-05:00,2025-11-25 15:50:00-05:00,L,24808.75,25118.25,24601.75,207.0,617.0,1.4903381642512077,TP,1,L
2025-11-26 09:59:00-05:00,2025-11-26 09:59:00-05:00,2025-11-26 11:02:00-05:00,S,25167.0,25282.0,25281.75,114.75,-232.0,-1.0108932461873639,SL,1,S
2025-11-26 13:09:00-05:00,2025-11-26 13:09:00-05:00,2025-11-26 15:59:00-05:00,S,25309.75,25296.25,25370.0,60.25,25.0,0.2074688796680498,time,1,S
2025-11-28 11:29:00-05:00,2025-11-28 11:29:00-05:00,2025-11-28 12:07:00-05:00,S,25388.75,25437.5,25437.25,48.5,-99.5,-1.0257731958762886,SL,1,S
2025-11-28 12:39:00-05:00,2025-11-28 12:39:00-05:00,2025-11-28 12:55:00-05:00,S,25401.0,25440.5,25440.25,39.25,-81.0,-1.0318471337579618,SL,1,S
2025-12-01 10:34:00-05:00,2025-12-01 10:34:00-05:00,2025-12-01 10:52:00-05:00,S,25288.0,25390.25,25390.0,102.0,-206.5,-1.0122549019607843,SL,1,S
2025-12-01 14:09:00-05:00,2025-12-01 14:09:00-05:00,2025-12-01 14:32:00-05:00,S,25446.75,25377.75,25493.25,46.5,136.0,1.4623655913978495,TP,1,S
2025-12-02 10:34:00-05:00,2025-12-02 10:34:00-05:00,2025-12-02 10:50:00-05:00,S,25550.5,25654.75,25654.5,104.0,-210.5,-1.0120192307692308,SL,1,S
2025-12-02 11:14:00-05:00,2025-12-02 11:14:00-05:00,2025-12-02 15:59:00-05:00,S,25539.5,25600.25,25670.25,130.75,-123.5,-0.4722753346080306,time,1,S
2025-12-03 10:04:00-05:00,2025-12-03 10:04:00-05:00,2025-12-03 15:59:00-05:00,L,25572.0,25657.0,25422.75,149.25,168.0,0.5628140703517588,time,1,L
2025-12-04 10:39:00-05:00,2025-12-04 10:39:00-05:00,2025-12-04 11:05:00-05:00,L,25629.0,25519.5,25519.75,109.25,-221.0,-1.011441647597254,SL,1,L
2025-12-04 13:09:00-05:00,2025-12-04 13:09:00-05:00,2025-12-04 13:29:00-05:00,S,25591.0,25626.0,25625.75,34.75,-72.0,-1.0359712230215827,SL,1,S
2025-12-05 10:54:00-05:00,2025-12-05 10:54:00-05:00,2025-12-05 15:59:00-05:00,S,25767.25,25726.25,25868.0,100.75,80.0,0.3970223325062035,time,1,S
2025-12-08 13:44:00-05:00,2025-12-08 13:44:00-05:00,2025-12-08 15:59:00-05:00,S,25626.25,25669.0,25696.75,70.5,-87.5,-0.6205673758865248,time,1,S
2025-12-09 09:39:00-05:00,2025-12-09 09:39:00-05:00,2025-12-09 15:59:00-05:00,L,25640.5,25702.75,25559.75,80.75,122.5,0.7585139318885449,time,1,L
2025-12-10 10:24:00-05:00,2025-12-10 10:24:00-05:00,2025-12-10 10:40:00-05:00,L,25647.75,25566.5,25566.75,81.0,-164.5,-1.0154320987654322,SL,1,L
2025-12-10 13:24:00-05:00,2025-12-10 13:24:00-05:00,2025-12-10 14:00:00-05:00,S,25621.75,25682.5,25682.25,60.5,-123.5,-1.0206611570247934,SL,1,S
2025-12-11 10:24:00-05:00,2025-12-11 10:24:00-05:00,2025-12-11 15:59:00-05:00,L,25624.5,25714.5,25390.0,234.5,178.0,0.3795309168443497,time,1,L
2025-12-12 14:04:00-05:00,2025-12-12 14:04:00-05:00,2025-12-12 15:59:00-05:00,S,25278.75,25210.5,25368.5,89.75,134.5,0.7493036211699164,time,1,S
2025-12-15 09:34:00-05:00,2025-12-15 09:34:00-05:00,2025-12-15 10:03:00-05:00,S,25317.25,25178.75,25410.25,93.0,275.0,1.478494623655914,TP,1,S
2025-12-15 11:19:00-05:00,2025-12-15 11:19:00-05:00,2025-12-15 15:59:00-05:00,L,25240.75,25084.5,25054.75,186.0,-314.5,-0.8454301075268817,time,1,L
2025-12-16 09:39:00-05:00,2025-12-16 09:39:00-05:00,2025-12-16 09:46:00-05:00,L,25064.5,24965.5,24965.75,98.75,-200.0,-1.0126582278481013,SL,1,L
2025-12-16 12:39:00-05:00,2025-12-16 12:39:00-05:00,2025-12-16 15:04:00-05:00,S,25026.5,25113.0,25112.75,86.25,-175.0,-1.0144927536231885,SL,1,S
2025-12-22 09:34:00-05:00,2025-12-22 09:34:00-05:00,2025-12-22 15:59:00-05:00,S,25706.5,25688.5,25795.25,88.75,34.0,0.19154929577464788,time,1,S
2025-12-23 09:34:00-05:00,2025-12-23 09:34:00-05:00,2025-12-23 15:59:00-05:00,L,25705.5,25811.0,25608.75,96.75,209.0,1.0801033591731266,time,1,L
2025-12-26 09:54:00-05:00,2025-12-26 09:54:00-05:00,2025-12-26 15:59:00-05:00,S,25885.5,25867.0,25935.25,49.75,35.0,0.35175879396984927,time,1,S
2025-12-29 09:39:00-05:00,2025-12-29 09:39:00-05:00,2025-12-29 12:28:00-05:00,L,25797.5,25655.5,25655.75,141.75,-286.0,-1.0088183421516754,SL,1,L
2025-12-29 12:54:00-05:00,2025-12-29 12:54:00-05:00,2025-12-29 15:59:00-05:00,L,25701.0,25741.0,25647.5,53.5,78.0,0.7289719626168224,time,1,L
2025-12-30 11:49:00-05:00,2025-12-30 11:49:00-05:00,2025-12-30 15:59:00-05:00,S,25732.5,25678.25,25794.25,61.75,106.5,0.8623481781376519,time,1,S
2025-12-31 09:39:00-05:00,2025-12-31 09:39:00-05:00,2025-12-31 15:08:00-05:00,S,25630.75,25500.0,25718.5,87.75,259.5,1.4786324786324787,TP,1,S
2026-01-02 14:09:00-05:00,2026-01-02 14:09:00-05:00,2026-01-02 15:59:00-05:00,L,25358.75,25385.0,25265.0,93.75,50.5,0.2693333333333333,time,1,L
2026-01-05 11:59:00-05:00,2026-01-05 11:59:00-05:00,2026-01-05 13:16:00-05:00,S,25657.75,25582.75,25708.25,50.5,148.0,1.4653465346534653,TP,1,S
2026-01-06 10:59:00-05:00,2026-01-06 10:59:00-05:00,2026-01-06 12:38:00-05:00,S,25687.5,25779.25,25779.0,91.5,-185.5,-1.0136612021857923,SL,1,S
2026-01-08 11:49:00-05:00,2026-01-08 11:49:00-05:00,2026-01-08 15:59:00-05:00,L,25668.75,25682.5,25583.5,85.25,25.5,0.1495601173020528,time,1,L
2026-01-13 11:14:00-05:00,2026-01-13 11:14:00-05:00,2026-01-13 15:33:00-05:00,L,25903.5,25805.5,25805.75,97.75,-198.0,-1.0127877237851663,SL,1,L
2026-01-14 09:34:00-05:00,2026-01-14 09:34:00-05:00,2026-01-14 09:41:00-05:00,L,25780.0,25667.5,25667.75,112.25,-227.0,-1.0111358574610245,SL,1,L
2026-01-14 13:54:00-05:00,2026-01-14 13:54:00-05:00,2026-01-14 15:33:00-05:00,L,25498.5,25613.75,25421.0,77.5,228.5,1.4741935483870967,TP,1,L
2026-01-15 09:59:00-05:00,2026-01-15 09:59:00-05:00,2026-01-15 15:17:00-05:00,S,25863.75,25728.5,25954.5,90.75,268.5,1.4793388429752066,TP,1,S
2026-01-16 09:49:00-05:00,2026-01-16 09:49:00-05:00,2026-01-16 10:01:00-05:00,S,25820.75,25715.5,25891.5,70.75,208.5,1.4734982332155477,TP,1,S
2026-01-16 13:19:00-05:00,2026-01-16 13:19:00-05:00,2026-01-16 15:59:00-05:00,L,25716.5,25684.5,25653.75,62.75,-66.0,-0.5258964143426295,time,1,L
2026-01-19 10:04:00-05:00,2026-01-19 10:04:00-05:00,2026-01-19 12:49:00-05:00,L,25335.0,25400.0,25236.0,99.0,128.0,0.6464646464646465,time,1,L
2026-01-20 11:54:00-05:00,2026-01-20 11:54:00-05:00,2026-01-20 13:34:00-05:00,S,25346.0,25220.5,25430.25,84.25,249.0,1.4777448071216617,TP,1,S
2026-01-21 11:39:00-05:00,2026-01-21 11:39:00-05:00,2026-01-21 14:37:00-05:00,S,25335.0,25497.0,25496.75,161.75,-326.0,-1.007727975270479,SL,1,S
2026-01-22 10:44:00-05:00,2026-01-22 10:44:00-05:00,2026-01-22 15:59:00-05:00,L,25646.0,25661.25,25534.5,111.5,28.5,0.12780269058295965,time,1,L
2026-01-23 14:09:00-05:00,2026-01-23 14:09:00-05:00,2026-01-23 15:08:00-05:00,L,25763.0,25713.5,25713.75,49.25,-101.0,-1.0253807106598984,SL,1,L
2026-01-27 09:54:00-05:00,2026-01-27 09:54:00-05:00,2026-01-27 15:59:00-05:00,L,26037.75,26075.75,25917.0,120.75,74.0,0.3064182194616977,time,1,L
2026-01-28 09:44:00-05:00,2026-01-28 09:44:00-05:00,2026-01-28 10:15:00-05:00,L,26285.5,26213.0,26213.25,72.25,-147.0,-1.0173010380622838,SL,1,L
2026-01-28 12:54:00-05:00,2026-01-28 12:54:00-05:00,2026-01-28 15:59:00-05:00,L,26162.5,26150.25,26109.75,52.75,-26.5,-0.25118483412322273,time,1,L
2026-01-29 14:49:00-05:00,2026-01-29 14:49:00-05:00,2026-01-29 15:38:00-05:00,S,25839.5,25899.0,25898.75,59.25,-121.0,-1.021097046413502,SL,1,S
2026-01-30 13:54:00-05:00,2026-01-30 13:54:00-05:00,2026-01-30 15:59:00-05:00,L,25720.0,25675.5,25568.5,151.5,-91.0,-0.30033003300330036,time,1,L
2026-02-02 14:34:00-05:00,2026-02-02 14:34:00-05:00,2026-02-02 14:59:00-05:00,S,25912.0,25857.0,25949.25,37.25,108.0,1.4496644295302012,TP,1,S
2026-02-04 14:19:00-05:00,2026-02-04 14:19:00-05:00,2026-02-04 14:46:00-05:00,L,24925.25,25062.0,24833.5,91.75,271.5,1.4795640326975477,TP,1,L
2026-02-05 09:39:00-05:00,2026-02-05 09:39:00-05:00,2026-02-05 10:08:00-05:00,L,24901.25,24651.25,24651.5,249.75,-502.0,-1.005005005005005,SL,1,L
2026-02-05 10:09:00-05:00,2026-02-05 10:09:00-05:00,2026-02-05 15:59:00-05:00,S,24675.5,24639.5,24961.5,286.0,70.0,0.12237762237762238,time,1,S
2026-02-06 10:09:00-05:00,2026-02-06 10:09:00-05:00,2026-02-06 11:07:00-05:00,S,24789.5,24984.5,24984.25,194.75,-392.0,-1.006418485237484,SL,1,S
2026-02-10 09:39:00-05:00,2026-02-10 09:39:00-05:00,2026-02-10 10:06:00-05:00,S,25326.25,25410.75,25410.5,84.25,-171.0,-1.0148367952522255,SL,1,S
2026-02-10 10:59:00-05:00,2026-02-10 10:59:00-05:00,2026-02-10 15:06:00-05:00,S,25374.5,25266.25,25447.25,72.75,214.5,1.4742268041237114,TP,1,S
2026-02-11 09:59:00-05:00,2026-02-11 09:59:00-05:00,2026-02-11 10:26:00-05:00,S,25304.75,25064.25,25465.75,161.0,479.0,1.4875776397515528,TP,1,S
2026-02-11 11:14:00-05:00,2026-02-11 11:14:00-05:00,2026-02-11 15:59:00-05:00,L,25258.5,25278.0,25057.75,200.75,37.0,0.0921544209215442,time,1,L
2026-02-12 13:44:00-05:00,2026-02-12 13:44:00-05:00,2026-02-12 15:29:00-05:00,L,24908.0,24800.5,24800.75,107.25,-217.0,-1.0116550116550116,SL,1,L
2026-02-13 14:04:00-05:00,2026-02-13 14:04:00-05:00,2026-02-13 15:18:00-05:00,S,24923.75,24816.75,24995.75,72.0,212.0,1.4722222222222223,TP,1,S
2026-02-16 11:14:00-05:00,2026-02-16 11:14:00-05:00,2026-02-16 11:38:00-05:00,L,24751.75,24677.25,24677.5,74.25,-151.0,-1.0168350168350169,SL,1,L
2026-02-17 09:54:00-05:00,2026-02-17 09:54:00-05:00,2026-02-17 13:39:00-05:00,S,24531.0,24816.0,24815.75,284.75,-572.0,-1.0043898156277435,SL,1,S
2026-02-18 09:54:00-05:00,2026-02-18 09:54:00-05:00,2026-02-18 10:48:00-05:00,L,24886.75,25088.25,24751.75,135.0,401.0,1.4851851851851852,TP,1,L
2026-02-19 11:29:00-05:00,2026-02-19 11:29:00-05:00,2026-02-19 15:59:00-05:00,S,24873.25,24863.25,24962.0,88.75,18.0,0.10140845070422536,time,1,S
2026-02-20 09:34:00-05:00,2026-02-20 09:34:00-05:00,2026-02-20 10:01:00-05:00,L,24805.0,24996.5,24676.75,128.25,381.0,1.4853801169590644,TP,1,L
2026-02-20 11:29:00-05:00,2026-02-20 11:29:00-05:00,2026-02-20 15:59:00-05:00,S,24977.0,25074.5,25140.0,163.0,-197.0,-0.6042944785276073,time,1,S
2026-02-23 09:49:00-05:00,2026-02-23 09:49:00-05:00,2026-02-23 11:13:00-05:00,S,24891.75,24669.75,25040.25,148.5,442.0,1.4882154882154883,TP,1,S
2026-02-23 13:04:00-05:00,2026-02-23 13:04:00-05:00,2026-02-23 15:59:00-05:00,L,24755.75,24767.75,24677.25,78.5,22.0,0.14012738853503184,time,1,L
2026-02-26 13:34:00-05:00,2026-02-26 13:34:00-05:00,2026-02-26 15:59:00-05:00,L,24975.75,25082.75,24888.5,87.25,212.0,1.2148997134670487,time,1,L
2026-02-27 09:39:00-05:00,2026-02-27 09:39:00-05:00,2026-02-27 09:43:00-05:00,L,24900.5,24795.5,24795.75,104.75,-212.0,-1.0119331742243436,SL,1,L
2026-02-27 11:44:00-05:00,2026-02-27 11:44:00-05:00,2026-02-27 12:07:00-05:00,S,24935.5,25022.0,25021.75,86.25,-175.0,-1.0144927536231885,SL,1,S
2026-02-27 14:04:00-05:00,2026-02-27 14:04:00-05:00,2026-02-27 14:44:00-05:00,L,24943.25,24874.25,24874.5,68.75,-140.0,-1.018181818181818,SL,1,L
2026-03-02 13:39:00-05:00,2026-03-02 13:39:00-05:00,2026-03-02 14:16:00-05:00,S,25009.75,25076.0,25075.75,66.0,-134.5,-1.018939393939394,SL,1,S
2026-03-03 11:04:00-05:00,2026-03-03 11:04:00-05:00,2026-03-03 13:33:00-05:00,L,24520.5,24774.75,24350.5,170.0,506.5,1.4897058823529412,TP,1,L
2026-03-03 14:34:00-05:00,2026-03-03 14:34:00-05:00,2026-03-03 14:45:00-05:00,S,24724.75,24825.5,24825.25,100.5,-203.5,-1.0124378109452736,SL,1,S
2026-03-05 09:34:00-05:00,2026-03-05 09:34:00-05:00,2026-03-05 10:30:00-05:00,L,25093.5,24961.75,24962.0,131.5,-265.5,-1.0095057034220531,SL,1,L
2026-03-05 11:59:00-05:00,2026-03-05 11:59:00-05:00,2026-03-05 12:29:00-05:00,L,25043.0,24939.5,24939.75,103.25,-209.0,-1.0121065375302662,SL,1,L
2026-03-05 14:49:00-05:00,2026-03-05 14:49:00-05:00,2026-03-05 15:25:00-05:00,L,24865.5,24974.25,24792.5,73.0,215.5,1.476027397260274,TP,1,L
2026-03-06 10:04:00-05:00,2026-03-06 10:04:00-05:00,2026-03-06 15:37:00-05:00,L,24764.75,24611.25,24611.5,153.25,-309.0,-1.0081566068515497,SL,1,L
2026-03-09 10:24:00-04:00,2026-03-09 10:24:00-04:00,2026-03-09 12:03:00-04:00,L,24455.75,24669.0,24313.0,142.75,424.5,1.4868651488616462,TP,1,L
2026-03-09 13:19:00-04:00,2026-03-09 13:19:00-04:00,2026-03-09 15:19:00-04:00,S,24644.75,24750.5,24750.25,105.5,-213.5,-1.0118483412322274,SL,1,S
2026-03-10 10:29:00-04:00,2026-03-10 10:29:00-04:00,2026-03-10 11:01:00-04:00,L,25003.75,25170.25,24892.25,111.5,331.0,1.484304932735426,TP,1,L
2026-03-10 13:39:00-04:00,2026-03-10 13:39:00-04:00,2026-03-10 14:19:00-04:00,S,25134.0,25008.75,25218.0,84.0,248.5,1.4791666666666667,TP,1,S
2026-03-11 10:29:00-04:00,2026-03-11 10:29:00-04:00,2026-03-11 15:59:00-04:00,S,25027.5,24984.25,25180.25,152.75,84.5,0.2765957446808511,time,1,S
2026-03-12 11:39:00-04:00,2026-03-12 11:39:00-04:00,2026-03-12 15:46:00-04:00,L,24694.0,24560.5,24560.75,133.25,-269.0,-1.0093808630393997,SL,1,L
2026-03-13 14:34:00-04:00,2026-03-13 14:34:00-04:00,2026-03-13 15:40:00-04:00,L,24434.0,24352.5,24352.75,81.25,-165.0,-1.0153846153846153,SL,1,L
2026-03-16 10:34:00-04:00,2026-03-16 10:34:00-04:00,2026-03-16 15:09:00-04:00,S,24670.0,24766.25,24766.0,96.0,-194.5,-1.0130208333333333,SL,1,S
2026-03-17 11:09:00-04:00,2026-03-17 11:09:00-04:00,2026-03-17 15:59:00-04:00,S,24802.25,24792.0,24873.0,70.75,18.5,0.13074204946996468,time,1,S
2026-03-18 11:09:00-04:00,2026-03-18 11:09:00-04:00,2026-03-18 13:01:00-04:00,L,24711.75,24594.25,24594.5,117.25,-237.0,-1.0106609808102345,SL,1,L
2026-03-18 13:39:00-04:00,2026-03-18 13:39:00-04:00,2026-03-18 14:34:00-04:00,L,24645.5,24577.5,24577.75,67.75,-138.0,-1.018450184501845,SL,1,L
2026-03-23 13:34:00-04:00,2026-03-23 13:34:00-04:00,2026-03-23 15:59:00-04:00,L,24423.75,24398.5,24311.25,112.5,-52.5,-0.23333333333333334,time,1,L
2026-03-24 10:09:00-04:00,2026-03-24 10:09:00-04:00,2026-03-24 15:59:00-04:00,L,24275.75,24218.5,24134.5,141.25,-116.5,-0.41238938053097346,time,1,L
2026-03-25 10:19:00-04:00,2026-03-25 10:19:00-04:00,2026-03-25 11:16:00-04:00,L,24446.75,24328.0,24328.25,118.5,-239.5,-1.010548523206751,SL,1,L
2026-03-25 14:09:00-04:00,2026-03-25 14:09:00-04:00,2026-03-25 15:59:00-04:00,S,24419.25,24372.5,24494.0,74.75,91.5,0.6120401337792643,time,1,S
2026-03-26 10:44:00-04:00,2026-03-26 10:44:00-04:00,2026-03-26 13:21:00-04:00,S,24123.75,23948.0,24241.5,117.75,349.5,1.484076433121019,TP,1,S
2026-03-27 11:29:00-04:00,2026-03-27 11:29:00-04:00,2026-03-27 13:17:00-04:00,L,23556.75,23438.25,23438.5,118.25,-239.0,-1.0105708245243128,SL,1,L
2026-03-30 09:34:00-04:00,2026-03-30 09:34:00-04:00,2026-03-30 09:50:00-04:00,S,23463.75,23352.75,23538.25,74.5,220.0,1.476510067114094,TP,1,S
2026-03-31 10:49:00-04:00,2026-03-31 10:49:00-04:00,2026-03-31 12:38:00-04:00,S,23448.0,23589.0,23588.75,140.75,-284.0,-1.0088809946714032,SL,1,S
2026-04-01 09:34:00-04:00,2026-04-01 09:34:00-04:00,2026-04-01 13:03:00-04:00,L,24157.0,24337.75,24036.0,121.0,359.5,1.4855371900826446,TP,1,L
2026-04-01 13:49:00-04:00,2026-04-01 13:49:00-04:00,2026-04-01 14:02:00-04:00,S,24303.75,24236.25,24349.25,45.5,133.0,1.4615384615384615,TP,1,S
2026-04-02 13:49:00-04:00,2026-04-02 13:49:00-04:00,2026-04-02 15:50:00-04:00,S,24074.0,24185.25,24185.0,111.0,-224.5,-1.0112612612612613,SL,1,S
2026-04-06 11:54:00-04:00,2026-04-06 11:54:00-04:00,2026-04-06 13:12:00-04:00,L,24325.5,24252.0,24252.25,73.25,-149.0,-1.0170648464163823,SL,1,L
2026-04-07 11:54:00-04:00,2026-04-07 11:54:00-04:00,2026-04-07 13:36:00-04:00,L,24084.5,24298.5,23941.25,143.25,426.0,1.486910994764398,TP,1,L
2026-04-07 14:24:00-04:00,2026-04-07 14:24:00-04:00,2026-04-07 15:45:00-04:00,S,24193.5,24299.75,24299.5,106.0,-214.5,-1.0117924528301887,SL,1,S
2026-04-08 13:24:00-04:00,2026-04-08 13:24:00-04:00,2026-04-08 14:50:00-04:00,S,25093.0,24996.75,25157.75,64.75,190.5,1.471042471042471,TP,1,S
2026-04-09 09:54:00-04:00,2026-04-09 09:54:00-04:00,2026-04-09 11:32:00-04:00,S,25019.75,25113.25,25113.0,93.25,-189.0,-1.0134048257372654,SL,1,S
2026-04-09 14:04:00-04:00,2026-04-09 14:04:00-04:00,2026-04-09 15:47:00-04:00,S,25165.25,25257.25,25257.0,91.75,-186.0,-1.013623978201635,SL,1,S
2026-04-10 11:34:00-04:00,2026-04-10 11:34:00-04:00,2026-04-10 12:40:00-04:00,S,25333.75,25244.75,25393.75,60.0,176.0,1.4666666666666666,TP,1,S
2026-04-10 13:54:00-04:00,2026-04-10 13:54:00-04:00,2026-04-10 15:59:00-04:00,L,25273.5,25283.75,25223.0,50.5,18.5,0.18316831683168316,time,1,L
2026-04-14 14:19:00-04:00,2026-04-14 14:19:00-04:00,2026-04-14 15:12:00-04:00,S,25911.75,25969.75,25969.5,57.75,-118.0,-1.0216450216450217,SL,1,S
2026-04-15 12:44:00-04:00,2026-04-15 12:44:00-04:00,2026-04-15 14:16:00-04:00,S,26146.0,26253.25,26253.0,107.0,-216.5,-1.0116822429906542,SL,1,S
2026-04-16 12:34:00-04:00,2026-04-16 12:34:00-04:00,2026-04-16 15:59:00-04:00,S,26469.25,26484.25,26563.0,93.75,-32.0,-0.17066666666666666,time,1,S
2026-04-17 13:19:00-04:00,2026-04-17 13:19:00-04:00,2026-04-17 15:59:00-04:00,S,26817.5,26827.75,26883.25,65.75,-22.5,-0.17110266159695817,time,1,S
2026-04-20 09:49:00-04:00,2026-04-20 09:49:00-04:00,2026-04-20 11:06:00-04:00,S,26731.25,26589.75,26826.25,95.0,281.0,1.4789473684210526,TP,1,S
2026-04-20 12:34:00-04:00,2026-04-20 12:34:00-04:00,2026-04-20 15:59:00-04:00,L,26689.5,26745.0,26633.75,55.75,109.0,0.9775784753363229,time,1,L
2026-04-21 09:59:00-04:00,2026-04-21 09:59:00-04:00,2026-04-21 11:00:00-04:00,L,26839.25,26725.75,26726.0,113.25,-229.0,-1.011037527593819,SL,1,L
2026-04-21 13:39:00-04:00,2026-04-21 13:39:00-04:00,2026-04-21 15:43:00-04:00,L,26713.0,26599.5,26599.75,113.25,-229.0,-1.011037527593819,SL,1,L
2026-04-22 12:44:00-04:00,2026-04-22 12:44:00-04:00,2026-04-22 13:05:00-04:00,S,26967.25,27004.5,27004.25,37.0,-76.5,-1.0337837837837838,SL,1,S
2026-04-22 14:24:00-04:00,2026-04-22 14:24:00-04:00,2026-04-22 15:19:00-04:00,S,27007.0,27049.0,27048.75,41.75,-86.0,-1.029940119760479,SL,1,S
2026-04-23 10:04:00-04:00,2026-04-23 10:04:00-04:00,2026-04-23 10:57:00-04:00,S,27013.0,27103.0,27102.75,89.75,-182.0,-1.0139275766016713,SL,1,S
2026-04-23 11:54:00-04:00,2026-04-23 11:54:00-04:00,2026-04-23 13:12:00-04:00,S,27063.25,26924.75,27156.25,93.0,275.0,1.478494623655914,TP,1,S
2026-04-24 10:19:00-04:00,2026-04-24 10:19:00-04:00,2026-04-24 11:45:00-04:00,L,27244.0,27414.5,27129.75,114.25,339.0,1.4835886214442013,TP,1,L
2026-04-24 14:29:00-04:00,2026-04-24 14:29:00-04:00,2026-04-24 15:59:00-04:00,S,27387.5,27433.75,27463.0,75.5,-94.5,-0.6258278145695364,time,1,S
2026-04-27 11:44:00-04:00,2026-04-27 11:44:00-04:00,2026-04-27 15:59:00-04:00,L,27371.75,27444.5,27307.0,64.75,143.5,1.1081081081081081,time,1,L
2026-04-28 10:34:00-04:00,2026-04-28 10:34:00-04:00,2026-04-28 15:59:00-04:00,S,27144.25,27169.75,27251.0,106.75,-53.0,-0.24824355971896955,time,1,S
2026-04-29 11:14:00-04:00,2026-04-29 11:14:00-04:00,2026-04-29 15:14:00-04:00,S,27229.75,27316.25,27316.0,86.25,-175.0,-1.0144927536231885,SL,1,S
2026-04-30 10:54:00-04:00,2026-04-30 10:54:00-04:00,2026-04-30 15:17:00-04:00,L,27339.0,27602.5,27162.75,176.25,525.0,1.4893617021276595,TP,1,L
2026-05-01 12:29:00-04:00,2026-05-01 12:29:00-04:00,2026-05-01 15:59:00-04:00,S,27832.75,27837.0,27917.75,85.0,-10.5,-0.061764705882352944,time,1,S
2026-05-04 09:34:00-04:00,2026-05-04 09:34:00-04:00,2026-05-04 09:42:00-04:00,S,27827.0,27884.25,27884.0,57.0,-116.5,-1.0219298245614035,SL,1,S
2026-05-04 11:14:00-04:00,2026-05-04 11:14:00-04:00,2026-05-04 11:21:00-04:00,S,27854.5,27725.25,27941.25,86.75,256.5,1.478386167146974,TP,1,S
2026-05-04 14:34:00-04:00,2026-05-04 14:34:00-04:00,2026-05-04 15:59:00-04:00,S,27761.0,27780.0,27818.5,57.5,-40.0,-0.34782608695652173,time,1,S
2026-05-05 12:34:00-04:00,2026-05-05 12:34:00-04:00,2026-05-05 13:51:00-04:00,S,28111.75,28155.5,28155.25,43.5,-89.5,-1.028735632183908,SL,1,S
2026-05-06 09:44:00-04:00,2026-05-06 09:44:00-04:00,2026-05-06 15:54:00-04:00,L,28482.0,28699.75,28336.25,145.75,433.5,1.4871355060034306,TP,1,L
2026-05-07 09:49:00-04:00,2026-05-07 09:49:00-04:00,2026-05-07 09:54:00-04:00,S,28731.0,28783.0,28782.75,51.75,-106.0,-1.0241545893719808,SL,1,S
2026-05-07 11:49:00-04:00,2026-05-07 11:49:00-04:00,2026-05-07 12:06:00-04:00,S,28849.5,28728.5,28930.75,81.25,240.0,1.476923076923077,TP,1,S
2026-05-11 12:44:00-04:00,2026-05-11 12:44:00-04:00,2026-05-11 15:59:00-04:00,S,29413.25,29429.25,29480.75,67.5,-34.0,-0.2518518518518518,time,1,S
2026-05-12 09:59:00-04:00,2026-05-12 09:59:00-04:00,2026-05-12 11:24:00-04:00,S,29129.25,28880.0,29296.0,166.75,496.5,1.4887556221889056,TP,1,S
2026-05-12 13:24:00-04:00,2026-05-12 13:24:00-04:00,2026-05-12 15:50:00-04:00,L,28909.0,29160.25,28741.0,168.0,500.5,1.4895833333333333,TP,1,L
2026-05-13 10:34:00-04:00,2026-05-13 10:34:00-04:00,2026-05-13 15:59:00-04:00,L,29275.0,29475.25,29075.0,200.0,398.5,0.99625,time,1,L
2026-05-14 09:34:00-04:00,2026-05-14 09:34:00-04:00,2026-05-14 10:47:00-04:00,L,29551.0,29704.75,29448.0,103.0,305.5,1.483009708737864,TP,1,L
2026-05-14 12:34:00-04:00,2026-05-14 12:34:00-04:00,2026-05-14 15:59:00-04:00,S,29705.25,29686.75,29784.0,78.75,35.0,0.2222222222222222,time,1,S
2026-05-15 11:44:00-04:00,2026-05-15 11:44:00-04:00,2026-05-15 13:22:00-04:00,S,29284.5,29380.75,29380.5,96.0,-194.5,-1.0130208333333333,SL,1,S
2026-05-15 14:29:00-04:00,2026-05-15 14:29:00-04:00,2026-05-15 15:54:00-04:00,S,29384.5,29231.25,29487.25,102.75,304.5,1.4817518248175183,TP,1,S
2026-05-18 09:39:00-04:00,2026-05-18 09:39:00-04:00,2026-05-18 10:34:00-04:00,S,29263.0,29028.25,29420.0,157.0,467.5,1.4888535031847134,TP,1,S
2026-05-18 12:54:00-04:00,2026-05-18 12:54:00-04:00,2026-05-18 14:27:00-04:00,L,29020.0,28842.5,28842.75,177.25,-357.0,-1.007052186177715,SL,1,L
2026-05-19 11:14:00-04:00,2026-05-19 11:14:00-04:00,2026-05-19 13:04:00-04:00,L,28828.5,29058.25,28674.75,153.75,457.5,1.4878048780487805,TP,1,L
2026-05-20 09:49:00-04:00,2026-05-20 09:49:00-04:00,2026-05-20 10:12:00-04:00,L,29135.25,29022.25,29022.5,112.75,-228.0,-1.0110864745011086,SL,1,L
2026-05-20 12:19:00-04:00,2026-05-20 12:19:00-04:00,2026-05-20 15:39:00-04:00,S,29258.25,29359.0,29358.75,100.5,-203.5,-1.0124378109452736,SL,1,S
2026-05-21 09:34:00-04:00,2026-05-21 09:34:00-04:00,2026-05-21 10:20:00-04:00,L,29266.25,29171.75,29172.0,94.25,-191.0,-1.013262599469496,SL,1,L
2026-05-21 10:24:00-04:00,2026-05-21 10:24:00-04:00,2026-05-21 13:10:00-04:00,S,29158.5,29339.25,29339.0,180.5,-363.5,-1.0069252077562327,SL,1,S
2026-05-22 10:04:00-04:00,2026-05-22 10:04:00-04:00,2026-05-22 13:28:00-04:00,S,29568.0,29718.75,29718.5,150.5,-303.5,-1.0083056478405317,SL,1,S
2026-05-25 09:39:00-04:00,2026-05-25 09:39:00-04:00,2026-05-25 10:32:00-04:00,L,29971.5,29935.5,29935.75,35.75,-74.0,-1.034965034965035,SL,1,L
2026-05-25 11:14:00-04:00,2026-05-25 11:14:00-04:00,2026-05-25 12:49:00-04:00,L,29968.0,29945.5,29908.5,59.5,-47.0,-0.3949579831932773,time,1,L
2026-05-26 09:34:00-04:00,2026-05-26 09:34:00-04:00,2026-05-26 09:43:00-04:00,S,29852.75,29936.25,29936.0,83.25,-169.0,-1.015015015015015,SL,1,S
2026-05-26 12:34:00-04:00,2026-05-26 12:34:00-04:00,2026-05-26 15:59:00-04:00,L,30009.25,30079.0,29885.25,124.0,137.5,0.5544354838709677,time,1,L
2026-05-27 12:14:00-04:00,2026-05-27 12:14:00-04:00,2026-05-27 15:59:00-04:00,L,29996.5,30047.25,29877.0,119.5,99.5,0.41631799163179917,time,1,L
2026-05-28 09:39:00-04:00,2026-05-28 09:39:00-04:00,2026-05-28 10:12:00-04:00,S,29980.75,30113.0,30112.75,132.0,-266.5,-1.009469696969697,SL,1,S
2026-05-28 10:14:00-04:00,2026-05-28 10:14:00-04:00,2026-05-28 15:59:00-04:00,L,30161.5,30305.75,29920.0,241.5,286.5,0.593167701863354,time,1,L
2026-05-29 10:24:00-04:00,2026-05-29 10:24:00-04:00,2026-05-29 15:59:00-04:00,S,30387.0,30397.5,30536.0,149.0,-23.0,-0.07718120805369127,time,1,S
2026-06-01 09:49:00-04:00,2026-06-01 09:49:00-04:00,2026-06-01 13:43:00-04:00,L,30427.5,30631.75,30290.75,136.75,406.5,1.4862888482632541,TP,1,L
2026-06-03 10:29:00-04:00,2026-06-03 10:29:00-04:00,2026-06-03 15:59:00-04:00,L,30723.0,30635.5,30495.25,227.75,-177.0,-0.3885839736553238,time,1,L
2026-06-04 09:44:00-04:00,2026-06-04 09:44:00-04:00,2026-06-04 11:00:00-04:00,S,30226.25,30365.0,30364.75,138.5,-279.5,-1.0090252707581226,SL,1,S
2026-06-08 09:34:00-04:00,2026-06-08 09:34:00-04:00,2026-06-08 10:46:00-04:00,S,29418.0,29604.75,29604.5,186.5,-375.5,-1.0067024128686326,SL,1,S
2026-06-08 11:34:00-04:00,2026-06-08 11:34:00-04:00,2026-06-08 15:59:00-04:00,S,29574.25,29452.75,29743.25,169.0,241.0,0.7130177514792899,time,1,S
2026-06-09 09:34:00-04:00,2026-06-09 09:34:00-04:00,2026-06-09 09:43:00-04:00,S,29650.0,29748.5,29748.25,98.25,-199.0,-1.0127226463104326,SL,1,S
2026-06-10 09:34:00-04:00,2026-06-10 09:34:00-04:00,2026-06-10 09:37:00-04:00,S,28779.25,28955.0,28954.75,175.5,-353.5,-1.0071225071225072,SL,1,S
2026-06-10 10:59:00-04:00,2026-06-10 10:59:00-04:00,2026-06-10 15:59:00-04:00,S,28902.5,28529.0,29251.25,348.75,745.0,1.0681003584229392,time,1,S
2026-06-11 10:44:00-04:00,2026-06-11 10:44:00-04:00,2026-06-11 13:29:00-04:00,S,28818.5,29049.25,29049.0,230.5,-463.5,-1.0054229934924077,SL,1,S
2026-06-12 10:04:00-04:00,2026-06-12 10:04:00-04:00,2026-06-12 15:59:00-04:00,L,29480.75,29650.25,29231.0,249.75,337.0,0.6746746746746747,time,1,L
2026-06-15 13:59:00-04:00,2026-06-15 13:59:00-04:00,2026-06-15 14:45:00-04:00,S,30554.75,30589.75,30589.5,34.75,-72.0,-1.0359712230215827,SL,1,S
2026-06-16 09:49:00-04:00,2026-06-16 09:49:00-04:00,2026-06-16 10:19:00-04:00,L,30554.0,30442.5,30442.75,111.25,-225.0,-1.0112359550561798,SL,1,L
2026-06-16 13:54:00-04:00,2026-06-16 13:54:00-04:00,2026-06-16 15:12:00-04:00,L,30195.5,30088.25,30088.5,107.0,-216.5,-1.0116822429906542,SL,1,L
2026-06-19 11:39:00-04:00,2026-06-19 11:39:00-04:00,2026-06-19 12:49:00-04:00,S,30662.5,30684.75,30705.25,42.75,-46.5,-0.543859649122807,time,1,S
2026-06-22 09:34:00-04:00,2026-06-22 09:34:00-04:00,2026-06-22 09:38:00-04:00,S,30783.5,30902.5,30902.25,118.75,-240.0,-1.0105263157894737,SL,1,S
2026-06-22 10:24:00-04:00,2026-06-22 10:24:00-04:00,2026-06-22 10:54:00-04:00,S,30804.5,30560.25,30968.0,163.5,486.5,1.4877675840978593,TP,1,S
2026-06-22 13:24:00-04:00,2026-06-22 13:24:00-04:00,2026-06-22 15:59:00-04:00,L,30602.25,30653.75,30522.25,80.0,101.0,0.63125,time,1,L
2026-06-23 09:39:00-04:00,2026-06-23 09:39:00-04:00,2026-06-23 10:20:00-04:00,L,29779.75,30024.25,29616.25,163.5,487.0,1.489296636085627,TP,1,L
2026-06-23 10:49:00-04:00,2026-06-23 10:49:00-04:00,2026-06-23 14:46:00-04:00,S,29869.75,29604.75,30047.0,177.25,528.0,1.4894217207334273,TP,1,S
2026-06-24 10:34:00-04:00,2026-06-24 10:34:00-04:00,2026-06-24 13:16:00-04:00,L,29762.25,29524.75,29525.0,237.25,-477.0,-1.0052687038988408,SL,1,L
2026-06-24 14:24:00-04:00,2026-06-24 14:24:00-04:00,2026-06-24 14:48:00-04:00,L,29538.25,29375.5,29375.75,162.5,-327.5,-1.0076923076923077,SL,1,L
2026-06-25 13:04:00-04:00,2026-06-25 13:04:00-04:00,2026-06-25 14:26:00-04:00,S,29687.0,29872.5,29872.25,185.25,-373.0,-1.0067476383265856,SL,1,S
2026-06-26 09:54:00-04:00,2026-06-26 09:54:00-04:00,2026-06-26 10:04:00-04:00,L,29325.75,29540.75,29181.75,144.0,428.0,1.4861111111111112,TP,1,L
2026-06-26 11:14:00-04:00,2026-06-26 11:14:00-04:00,2026-06-26 11:30:00-04:00,S,29444.5,29637.75,29637.5,193.0,-388.5,-1.0064766839378239,SL,1,S
2026-06-26 13:39:00-04:00,2026-06-26 13:39:00-04:00,2026-06-26 14:57:00-04:00,S,29583.0,29407.75,29700.5,117.5,348.5,1.4829787234042553,TP,1,S
2026-06-29 09:59:00-04:00,2026-06-29 09:59:00-04:00,2026-06-29 10:15:00-04:00,S,29617.0,29285.25,29838.75,221.75,661.5,1.4915445321307779,TP,1,S
2026-06-29 10:54:00-04:00,2026-06-29 10:54:00-04:00,2026-06-29 15:59:00-04:00,L,29674.0,30046.0,29273.75,400.25,742.0,0.9269206745783886,time,1,L
2026-06-30 09:34:00-04:00,2026-06-30 09:34:00-04:00,2026-06-30 11:52:00-04:00,L,30179.75,30454.25,29996.25,183.5,547.0,1.4904632152588555,TP,1,L
2026-07-01 09:59:00-04:00,2026-07-01 09:59:00-04:00,2026-07-01 15:57:00-04:00,L,30282.75,30086.75,30087.0,195.75,-394.0,-1.0063856960408684,SL,1,L
2026-07-02 10:19:00-04:00,2026-07-02 10:19:00-04:00,2026-07-02 10:27:00-04:00,S,30155.75,29950.25,30293.25,137.5,409.0,1.4872727272727273,TP,1,S
2026-07-02 14:29:00-04:00,2026-07-02 14:29:00-04:00,2026-07-02 15:59:00-04:00,L,29488.5,29538.25,29328.25,160.25,97.5,0.3042121684867395,time,1,L
2026-07-06 11:19:00-04:00,2026-07-06 11:19:00-04:00,2026-07-06 11:31:00-04:00,S,29977.5,30068.75,30068.5,91.0,-184.5,-1.0137362637362637,SL,1,S
2026-07-06 12:39:00-04:00,2026-07-06 12:39:00-04:00,2026-07-06 13:40:00-04:00,S,30019.5,29908.25,30094.25,74.75,220.5,1.4749163879598661,TP,1,S
2026-07-06 14:19:00-04:00,2026-07-06 14:19:00-04:00,2026-07-06 15:59:00-04:00,L,29984.25,29951.25,29881.5,102.75,-68.0,-0.3309002433090024,time,1,L
2026-07-07 14:29:00-04:00,2026-07-07 14:29:00-04:00,2026-07-07 14:49:00-04:00,S,29517.25,29431.75,29574.75,57.5,169.0,1.4695652173913043,TP,1,S
2026-07-08 12:09:00-04:00,2026-07-08 12:09:00-04:00,2026-07-08 12:58:00-04:00,L,29170.25,29374.25,29033.75,136.5,406.0,1.4871794871794872,TP,1,L
2026-07-09 10:19:00-04:00,2026-07-09 10:19:00-04:00,2026-07-09 13:06:00-04:00,S,29690.75,29931.0,29930.75,240.0,-482.5,-1.0052083333333333,SL,1,S
2026-07-10 10:34:00-04:00,2026-07-10 10:34:00-04:00,2026-07-10 11:25:00-04:00,S,29850.0,29969.0,29968.75,118.75,-240.0,-1.0105263157894737,SL,1,S
2026-07-13 10:24:00-04:00,2026-07-13 10:24:00-04:00,2026-07-13 12:35:00-04:00,L,29666.0,29492.75,29493.0,173.0,-348.5,-1.0072254335260116,SL,1,L
2026-07-14 09:34:00-04:00,2026-07-14 09:34:00-04:00,2026-07-14 11:04:00-04:00,S,29693.25,29839.0,29838.75,145.5,-293.5,-1.0085910652920962,SL,1,S
2026-07-14 11:54:00-04:00,2026-07-14 11:54:00-04:00,2026-07-14 15:59:00-04:00,S,29775.5,29786.25,29896.25,120.75,-23.5,-0.09730848861283643,time,1,S
2026-07-15 09:39:00-04:00,2026-07-15 09:39:00-04:00,2026-07-15 10:23:00-04:00,S,29882.5,29707.75,29999.5,117.0,347.5,1.485042735042735,TP,1,S
2026-07-15 14:49:00-04:00,2026-07-15 14:49:00-04:00,2026-07-15 15:59:00-04:00,S,29641.25,29701.0,29743.25,102.0,-121.5,-0.5955882352941176,time,1,S
2026-07-16 10:09:00-04:00,2026-07-16 10:09:00-04:00,2026-07-16 13:40:00-04:00,L,29480.5,29257.25,29257.5,223.0,-448.5,-1.0056053811659194,SL,1,L
2026-07-17 09:59:00-04:00,2026-07-17 09:59:00-04:00,2026-07-17 15:59:00-04:00,L,28677.25,28764.0,28408.0,269.25,171.5,0.31847725162488394,time,1,L
2026-07-20 09:59:00-04:00,2026-07-20 09:59:00-04:00,2026-07-20 15:59:00-04:00,S,28996.0,28786.0,29192.75,196.75,418.0,1.062261753494282,time,1,S
2026-07-21 14:29:00-04:00,2026-07-21 14:29:00-04:00,2026-07-21 15:59:00-04:00,S,29325.0,29311.0,29363.75,38.75,26.0,0.33548387096774196,time,1,S
2026-07-22 13:34:00-04:00,2026-07-22 13:34:00-04:00,2026-07-22 14:32:00-04:00,S,29283.5,29213.25,29331.0,47.5,138.5,1.4578947368421054,TP,1,S
2026-07-23 09:44:00-04:00,2026-07-23 09:44:00-04:00,2026-07-23 10:33:00-04:00,L,28856.25,28655.5,28655.75,200.5,-403.5,-1.0062344139650872,SL,1,L
2026-07-23 12:04:00-04:00,2026-07-23 12:04:00-04:00,2026-07-23 15:59:00-04:00,L,28616.25,28614.0,28432.25,184.0,-6.5,-0.017663043478260868,time,1,L
2026-07-24 10:59:00-04:00,2026-07-24 10:59:00-04:00,2026-07-24 15:07:00-04:00,L,28449.25,28253.75,28254.0,195.25,-393.0,-1.0064020486555698,SL,1,L
2026-07-27 12:29:00-04:00,2026-07-27 12:29:00-04:00,2026-07-27 13:06:00-04:00,L,28154.75,27993.5,27993.75,161.0,-324.5,-1.0077639751552796,SL,1,L
2026-07-27 13:54:00-04:00,2026-07-27 13:54:00-04:00,2026-07-27 15:10:00-04:00,L,28084.75,28231.25,27986.5,98.25,291.0,1.4809160305343512,TP,1,L
2026-07-28 10:49:00-04:00,2026-07-28 10:49:00-04:00,2026-07-28 15:59:00-04:00,L,27850.75,27919.25,27603.0,247.75,135.0,0.272452068617558,time,1,L
2026-07-29 09:34:00-04:00,2026-07-29 09:34:00-04:00,2026-07-29 09:47:00-04:00,L,27957.75,27836.0,27836.25,121.5,-245.5,-1.0102880658436213,SL,1,L
2026-07-29 12:54:00-04:00,2026-07-29 12:54:00-04:00,2026-07-29 14:00:00-04:00,L,27563.75,27795.25,27408.75,155.0,461.0,1.4870967741935484,TP,1,L
2026-07-30 11:14:00-04:00,2026-07-30 11:14:00-04:00,2026-07-30 15:09:00-04:00,S,28024.0,28246.25,28246.0,222.0,-446.5,-1.0056306306306306,SL,1,S
2026-07-31 12:04:00-04:00,2026-07-31 12:04:00-04:00,2026-07-31 15:59:00-04:00,L,28290.75,28402.75,28115.25,175.5,222.0,0.6324786324786325,time,1,L
2026-08-05 10:24:00-04:00,2026-08-05 10:24:00-04:00,2026-08-05 10:53:00-04:00,S,29959.25,29788.75,30073.5,114.25,339.0,1.4835886214442013,TP,1,S
2026-08-05 12:29:00-04:00,2026-08-05 12:29:00-04:00,2026-08-05 15:46:00-04:00,L,29829.5,29701.25,29701.5,128.0,-258.5,-1.009765625,SL,1,L
2026-08-06 09:44:00-04:00,2026-08-06 09:44:00-04:00,2026-08-06 15:59:00-04:00,L,29458.0,29497.0,29240.75,217.25,76.0,0.17491369390103567,time,1,L
2026-08-07 11:04:00-04:00,2026-08-07 11:04:00-04:00,2026-08-07 15:59:00-04:00,L,29744.75,29833.25,29568.0,176.75,175.0,0.49504950495049505,time,1,L
2026-08-10 10:04:00-04:00,2026-08-10 10:04:00-04:00,2026-08-10 15:59:00-04:00,L,29819.5,29743.75,29718.75,100.75,-153.5,-0.7617866004962779,time,1,L
2026-08-11 10:29:00-04:00,2026-08-11 10:29:00-04:00,2026-08-11 12:25:00-04:00,L,29778.0,29635.5,29635.75,142.25,-287.0,-1.0087873462214412,SL,1,L
2026-08-12 09:39:00-04:00,2026-08-12 09:39:00-04:00,2026-08-12 15:59:00-04:00,S,29889.75,29853.25,30001.75,112.0,71.0,0.3169642857142857,time,1,S
2026-08-13 11:34:00-04:00,2026-08-13 11:34:00-04:00,2026-08-13 13:19:00-04:00,S,30145.75,30242.0,30241.75,96.0,-194.5,-1.0130208333333333,SL,1,S
2026-08-13 14:09:00-04:00,2026-08-13 14:09:00-04:00,2026-08-13 15:00:00-04:00,S,30197.0,30250.75,30250.5,53.5,-109.5,-1.0233644859813085,SL,1,S
2026-08-14 13:59:00-04:00,2026-08-14 13:59:00-04:00,2026-08-14 15:59:00-04:00,L,30081.5,30132.75,30046.75,34.75,100.5,1.4460431654676258,TP,1,L
2026-08-17 09:54:00-04:00,2026-08-17 09:54:00-04:00,2026-08-17 10:08:00-04:00,L,30249.5,30164.75,30165.0,84.5,-171.5,-1.014792899408284,SL,1,L
2026-08-17 11:49:00-04:00,2026-08-17 11:49:00-04:00,2026-08-17 13:17:00-04:00,S,30218.0,30115.25,30287.0,69.0,203.5,1.4746376811594204,TP,1,S
2026-08-18 09:39:00-04:00,2026-08-18 09:39:00-04:00,2026-08-18 09:55:00-04:00,L,29734.25,29630.5,29630.75,103.5,-209.5,-1.0120772946859904,SL,1,L
2026-08-18 11:49:00-04:00,2026-08-18 11:49:00-04:00,2026-08-18 15:59:00-04:00,L,29622.25,29586.0,29513.75,108.5,-74.5,-0.3433179723502304,time,1,L
2026-08-19 09:39:00-04:00,2026-08-19 09:39:00-04:00,2026-08-19 15:59:00-04:00,S,29589.5,29522.0,29759.25,169.75,133.0,0.3917525773195876,time,1,S
2026-08-20 10:34:00-04:00,2026-08-20 10:34:00-04:00,2026-08-20 15:59:00-04:00,S,29337.25,29306.25,29460.25,123.0,60.0,0.24390243902439024,time,1,S
2026-08-21 14:59:00-04:00,2026-08-21 14:59:00-04:00,2026-08-21 15:59:00-04:00,L,29400.5,29395.25,29353.5,47.0,-12.5,-0.13297872340425532,time,1,L
2026-08-24 10:49:00-04:00,2026-08-24 10:49:00-04:00,2026-08-24 15:59:00-04:00,L,29107.25,29099.5,28953.25,154.0,-17.5,-0.056818181818181816,time,1,L
2026-08-25 09:44:00-04:00,2026-08-25 09:44:00-04:00,2026-08-25 10:01:00-04:00,L,29349.0,29278.75,29279.0,70.0,-142.5,-1.0178571428571428,SL,1,L
2026-08-25 11:29:00-04:00,2026-08-25 11:29:00-04:00,2026-08-25 15:59:00-04:00,L,29277.0,29270.0,29191.75,85.25,-16.0,-0.093841642228739,time,1,L
2026-08-26 09:34:00-04:00,2026-08-26 09:34:00-04:00,2026-08-26 15:59:00-04:00,L,29256.25,29297.0,29132.75,123.5,79.5,0.32186234817813764,time,1,L
2026-08-27 11:39:00-04:00,2026-08-27 11:39:00-04:00,2026-08-27 12:38:00-04:00,S,29556.5,29635.0,29634.75,78.25,-159.0,-1.0159744408945688,SL,1,S
2026-08-27 13:49:00-04:00,2026-08-27 13:49:00-04:00,2026-08-27 14:28:00-04:00,S,29617.75,29527.5,29678.5,60.75,178.5,1.4691358024691359,TP,1,S
2026-08-28 11:44:00-04:00,2026-08-28 11:44:00-04:00,2026-08-28 13:00:00-04:00,S,29670.75,29459.75,29812.0,141.25,420.0,1.4867256637168142,TP,1,S
2026-08-31 10:44:00-04:00,2026-08-31 10:44:00-04:00,2026-08-31 15:52:00-04:00,L,29425.5,29532.25,29353.75,71.75,211.5,1.4738675958188154,TP,1,L
2026-09-01 09:49:00-04:00,2026-09-01 09:49:00-04:00,2026-09-01 11:46:00-04:00,L,29143.25,29297.75,29039.75,103.5,307.0,1.4830917874396135,TP,1,L
2026-09-01 12:19:00-04:00,2026-09-01 12:19:00-04:00,2026-09-01 14:42:00-04:00,S,29203.75,29034.0,29317.5,113.75,337.5,1.4835164835164836,TP,1,S
2026-09-02 11:49:00-04:00,2026-09-02 11:49:00-04:00,2026-09-02 15:59:00-04:00,S,29142.5,29190.25,29208.75,66.25,-97.5,-0.7358490566037735,time,1,S
2026-09-04 09:34:00-04:00,2026-09-04 09:34:00-04:00,2026-09-04 10:56:00-04:00,L,29634.25,29501.5,29501.75,132.5,-267.5,-1.009433962264151,SL,1,L
2026-09-04 12:14:00-04:00,2026-09-04 12:14:00-04:00,2026-09-04 13:42:00-04:00,L,29548.0,29477.25,29477.5,70.5,-143.5,-1.0177304964539007,SL,1,L
2026-09-04 14:34:00-04:00,2026-09-04 14:34:00-04:00,2026-09-04 15:59:00-04:00,L,29517.75,29568.25,29468.0,49.75,99.0,0.9949748743718593,time,1,L
2026-09-07 10:49:00-04:00,2026-09-07 10:49:00-04:00,2026-09-07 10:58:00-04:00,L,29625.25,29599.75,29600.0,25.25,-53.0,-1.0495049504950495,SL,1,L
2026-09-07 12:14:00-04:00,2026-09-07 12:14:00-04:00,2026-09-07 12:49:00-04:00,L,29606.0,29603.25,29563.5,42.5,-7.5,-0.08823529411764706,time,1,L
2026-09-08 09:34:00-04:00,2026-09-08 09:34:00-04:00,2026-09-08 09:44:00-04:00,S,29599.75,29469.75,29687.0,87.25,258.0,1.478510028653295,TP,1,S
2026-09-08 10:54:00-04:00,2026-09-08 10:54:00-04:00,2026-09-08 15:59:00-04:00,L,29550.0,29542.25,29424.25,125.75,-17.5,-0.06958250497017893,time,1,L
2026-09-09 11:04:00-04:00,2026-09-09 11:04:00-04:00,2026-09-09 11:23:00-04:00,S,29491.5,29384.25,29563.5,72.0,212.5,1.4756944444444444,TP,1,S
2026-09-09 12:44:00-04:00,2026-09-09 12:44:00-04:00,2026-09-09 15:59:00-04:00,L,29455.0,29454.75,29386.25,68.75,-2.5,-0.01818181818181818,time,1,L
2026-09-10 09:39:00-04:00,2026-09-10 09:39:00-04:00,2026-09-10 15:59:00-04:00,L,29178.25,29138.0,29042.25,136.0,-82.5,-0.30330882352941174,time,1,L
2026-09-11 10:04:00-04:00,2026-09-11 10:04:00-04:00,2026-09-11 11:26:00-04:00,S,29392.25,29475.5,29475.25,83.0,-168.5,-1.0150602409638554,SL,1,S
2026-09-11 12:19:00-04:00,2026-09-11 12:19:00-04:00,2026-09-11 15:59:00-04:00,S,29438.25,29387.0,29499.75,61.5,100.5,0.8170731707317073,time,1,S
2026-09-15 09:34:00-04:00,2026-09-15 09:34:00-04:00,2026-09-15 10:51:00-04:00,S,29088.5,28937.5,29189.75,101.25,300.0,1.4814814814814814,TP,1,S
2026-09-15 12:24:00-04:00,2026-09-15 12:24:00-04:00,2026-09-15 14:48:00-04:00,L,29006.75,28950.0,28950.25,56.5,-115.5,-1.0221238938053097,SL,1,L
2026-09-16 12:04:00-04:00,2026-09-16 12:04:00-04:00,2026-09-16 14:35:00-04:00,S,29180.0,29069.25,29254.5,74.5,219.5,1.4731543624161074,TP,1,S
2026-09-21 09:39:00-04:00,2026-09-21 09:39:00-04:00,2026-09-21 10:13:00-04:00,L,30297.5,30439.75,30202.0,95.5,282.5,1.4790575916230366,TP,1,L
2026-09-22 11:39:00-04:00,2026-09-22 11:39:00-04:00,2026-09-22 13:29:00-04:00,S,30897.25,30956.25,30956.0,58.75,-120.0,-1.0212765957446808,SL,1,S
2026-09-23 09:39:00-04:00,2026-09-23 09:39:00-04:00,2026-09-23 10:09:00-04:00,S,30914.75,30767.75,31013.25,98.5,292.0,1.482233502538071,TP,1,S
2026-09-23 10:59:00-04:00,2026-09-23 10:59:00-04:00,2026-09-23 15:59:00-04:00,L,30822.75,30769.5,30640.0,182.75,-108.5,-0.2968536251709986,time,1,L
2026-09-24 10:59:00-04:00,2026-09-24 10:59:00-04:00,2026-09-24 12:16:00-04:00,S,30541.75,30644.75,30644.5,102.75,-208.0,-1.0121654501216546,SL,1,S
2026-09-24 12:19:00-04:00,2026-09-24 12:19:00-04:00,2026-09-24 15:59:00-04:00,L,30682.5,30756.25,30501.5,181.0,145.5,0.40193370165745856,time,1,L
2026-09-25 09:54:00-04:00,2026-09-25 09:54:00-04:00,2026-09-25 10:05:00-04:00,L,30911.0,30766.75,30767.0,144.0,-290.5,-1.0086805555555556,SL,1,L
2026-09-25 11:04:00-04:00,2026-09-25 11:04:00-04:00,2026-09-25 15:59:00-04:00,L,30855.75,30891.0,30683.75,172.0,68.5,0.19912790697674418,time,1,L
2026-09-28 09:34:00-04:00,2026-09-28 09:34:00-04:00,2026-09-28 10:10:00-04:00,S,30676.75,30553.5,30759.5,82.75,244.5,1.4773413897280967,TP,1,S
2026-09-28 14:39:00-04:00,2026-09-28 14:39:00-04:00,2026-09-28 14:53:00-04:00,S,30584.75,30646.25,30646.0,61.25,-125.0,-1.0204081632653061,SL,1,S
2026-09-29 13:34:00-04:00,2026-09-29 13:34:00-04:00,2026-09-29 15:59:00-04:00,L,30574.5,30616.75,30503.75,70.75,82.5,0.5830388692579506,time,1,L
2026-09-30 12:34:00-04:00,2026-09-30 12:34:00-04:00,2026-09-30 15:54:00-04:00,S,30833.5,30725.25,30906.25,72.75,214.5,1.4742268041237114,TP,1,S
2026-10-01 12:34:00-04:00,2026-10-01 12:34:00-04:00,2026-10-01 13:30:00-04:00,L,30657.25,30827.25,30543.25,114.0,338.0,1.4824561403508771,TP,1,L
2026-10-02 10:54:00-04:00,2026-10-02 10:54:00-04:00,2026-10-02 11:25:00-04:00,S,31166.0,30991.25,31283.0,117.0,347.5,1.485042735042735,TP,1,S
2026-10-02 12:09:00-04:00,2026-10-02 12:09:00-04:00,2026-10-02 15:59:00-04:00,L,31122.25,31069.25,30987.75,134.5,-108.0,-0.40148698884758366,time,1,L
2026-10-05 12:19:00-04:00,2026-10-05 12:19:00-04:00,2026-10-05 12:35:00-04:00,S,31204.25,31248.75,31248.5,44.25,-91.0,-1.0282485875706215,SL,1,S
2026-10-06 09:54:00-04:00,2026-10-06 09:54:00-04:00,2026-10-06 15:59:00-04:00,L,31521.5,31480.25,31457.25,64.25,-84.5,-0.6575875486381323,time,1,L
2026-10-07 10:19:00-04:00,2026-10-07 10:19:00-04:00,2026-10-07 14:28:00-04:00,L,31243.25,31391.25,31144.0,99.25,294.0,1.4811083123425692,TP,1,L
