sig_time,entry_time,exit_time,side,entry,exit,stop,risk_pts,pnl,R,reason,parts,tag
2019-06-25 10:59:00-04:00,2019-06-25 10:59:00-04:00,2019-06-25 15:59:00-04:00,S,7688.5,7622.0,,12.008746355685131,131.0,5.4543578538480215,time,1,S
2019-06-26 09:59:00-04:00,2019-06-26 09:59:00-04:00,2019-06-26 15:59:00-04:00,L,7706.25,7655.25,,12.367050187421908,-104.0,-4.204721353268815,time,1,L
2019-07-03 11:59:00-04:00,2019-07-03 11:59:00-04:00,2019-07-03 13:04:00-04:00,L,7869.5,7886.5,,11.304891591372723,32.0,1.4153165353845878,time,1,L
2019-07-05 09:59:00-04:00,2019-07-05 09:59:00-04:00,2019-07-05 15:59:00-04:00,S,7808.75,7868.75,,10.380620810928521,-122.0,-5.876334480475421,time,1,S
2019-07-08 09:59:00-04:00,2019-07-08 09:59:00-04:00,2019-07-08 15:59:00-04:00,S,7779.5,7811.0,,10.440933610147912,-65.0,-3.112748458472344,time,1,S
2019-07-09 12:29:00-04:00,2019-07-09 12:29:00-04:00,2019-07-09 15:59:00-04:00,L,7835.75,7850.0,,10.313009780851633,26.5,1.2847849736942492,time,1,L
2019-07-10 09:59:00-04:00,2019-07-10 09:59:00-04:00,2019-07-10 15:59:00-04:00,L,7944.5,7927.5,,10.401366225076517,-36.0,-1.7305418932951362,time,1,L
2019-07-12 11:29:00-04:00,2019-07-12 11:29:00-04:00,2019-07-12 15:59:00-04:00,L,7946.75,7965.25,,10.376688224683322,35.0,1.6864725643748508,time,1,L
2019-07-16 12:29:00-04:00,2019-07-16 12:29:00-04:00,2019-07-16 15:59:00-04:00,S,7937.75,7948.75,,9.679516887609601,-24.0,-1.2397312943749046,time,1,S
2019-07-17 10:59:00-04:00,2019-07-17 10:59:00-04:00,2019-07-17 15:59:00-04:00,S,7932.0,7909.25,,9.541694252780342,43.5,2.2794693923107308,time,1,S
2019-07-18 11:59:00-04:00,2019-07-18 11:59:00-04:00,2019-07-18 15:59:00-04:00,S,7848.5,7921.0,,9.561930377581746,-147.0,-7.68673239582701,time,1,S
2019-07-19 14:29:00-04:00,2019-07-19 14:29:00-04:00,2019-07-19 15:59:00-04:00,S,7881.75,7853.5,,9.748578207754479,54.5,2.795279416061315,time,1,S
2019-07-22 09:59:00-04:00,2019-07-22 09:59:00-04:00,2019-07-22 15:59:00-04:00,L,7914.5,7921.0,,10.23439405005773,11.0,0.5374035798405647,time,1,L
2019-07-24 14:59:00-04:00,2019-07-24 14:59:00-04:00,2019-07-24 15:59:00-04:00,L,8010.75,8025.25,,10.155804053366104,27.0,1.3292891364446398,time,1,L
2019-07-25 09:59:00-04:00,2019-07-25 09:59:00-04:00,2019-07-25 15:59:00-04:00,S,7962.75,7946.75,,10.330389478125667,30.0,1.4520265699335067,time,1,S
2019-07-26 09:59:00-04:00,2019-07-26 09:59:00-04:00,2019-07-26 15:59:00-04:00,L,8026.5,8028.0,,10.428218801116692,1.0,0.047946826733867354,time,1,L
2019-07-29 09:59:00-04:00,2019-07-29 09:59:00-04:00,2019-07-29 15:59:00-04:00,S,7970.25,8002.5,,10.1012031724655,-66.5,-3.291687082449243,time,1,S
2019-07-31 14:59:00-04:00,2019-07-31 14:59:00-04:00,2019-07-31 15:59:00-04:00,S,7867.0,7859.75,,9.895552735442191,12.5,0.6315968563953809,time,1,S
2019-08-01 09:59:00-04:00,2019-08-01 09:59:00-04:00,2019-08-01 14:29:00-04:00,L,7928.5,7818.25,,10.758370397196321,-222.5,-10.340785443582815,sig,1,L
2019-08-01 14:29:00-04:00,2019-08-01 14:29:00-04:00,2019-08-01 15:59:00-04:00,S,7818.25,7812.75,,10.758370397196321,9.0,0.4182789617629004,time,1,S
2019-08-02 09:59:00-04:00,2019-08-02 09:59:00-04:00,2019-08-02 15:59:00-04:00,S,7728.5,7701.5,,11.686343940253726,52.0,2.224818996678914,time,1,S
2019-08-05 10:29:00-04:00,2019-08-05 10:29:00-04:00,2019-08-05 15:59:00-04:00,S,7495.0,7423.25,,11.962319373092747,141.5,5.914404873618438,time,1,S
2019-08-08 10:29:00-04:00,2019-08-08 10:29:00-04:00,2019-08-08 15:59:00-04:00,L,7638.0,7732.0,,15.224969264826814,186.0,6.108386715423552,time,1,L
2019-08-09 10:29:00-04:00,2019-08-09 10:29:00-04:00,2019-08-09 15:59:00-04:00,S,7646.0,7656.5,,15.653542888767758,-23.0,-0.7346579673188142,time,1,S
2019-08-12 14:59:00-04:00,2019-08-12 14:59:00-04:00,2019-08-12 15:59:00-04:00,S,7544.5,7570.5,,15.478289825284348,-54.0,-1.7443787592021,time,1,S
2019-08-13 09:59:00-04:00,2019-08-13 09:59:00-04:00,2019-08-13 15:59:00-04:00,L,7762.75,7738.25,,15.622697694906897,-51.0,-1.6322405066004169,time,1,L
2019-08-14 11:29:00-04:00,2019-08-14 11:29:00-04:00,2019-08-14 15:59:00-04:00,S,7549.5,7500.75,,16.474647859556406,95.5,2.8983927551630053,time,1,S
2019-08-16 10:59:00-04:00,2019-08-16 10:59:00-04:00,2019-08-16 15:59:00-04:00,L,7627.75,7612.25,,17.449951470739965,-33.0,-0.9455613689050746,time,1,L
2019-08-22 10:59:00-04:00,2019-08-22 10:59:00-04:00,2019-08-22 15:59:00-04:00,S,7659.75,7715.0,,16.023202935126097,-112.5,-3.5105340815904316,time,1,S
2019-08-23 11:29:00-04:00,2019-08-23 11:29:00-04:00,2019-08-23 15:59:00-04:00,S,7572.25,7474.25,,15.796545582617092,194.0,6.140583046634018,time,1,S
2019-08-29 09:59:00-04:00,2019-08-29 09:59:00-04:00,2019-08-29 15:59:00-04:00,L,7715.75,7707.25,,16.946816128309216,-19.0,-0.5605772746970741,time,1,L
2019-08-30 11:29:00-04:00,2019-08-30 11:29:00-04:00,2019-08-30 15:59:00-04:00,S,7660.5,7691.5,,17.0345435477157,-64.0,-1.8785358063962412,time,1,S
2019-09-03 09:59:00-04:00,2019-09-03 09:59:00-04:00,2019-09-03 15:59:00-04:00,L,7668.75,7614.5,,16.32812683450997,-110.5,-3.3837316772446626,time,1,L
2019-09-05 09:59:00-04:00,2019-09-05 09:59:00-04:00,2019-09-05 15:59:00-04:00,L,7844.5,7865.25,,15.538665484858084,39.5,1.2710229214500899,time,1,L
2019-09-09 14:29:00-04:00,2019-09-09 14:29:00-04:00,2019-09-09 15:59:00-04:00,S,7802.25,7837.5,,14.92453809663784,-72.5,-2.428885890154705,time,1,S
2019-09-10 09:59:00-04:00,2019-09-10 09:59:00-04:00,2019-09-10 15:59:00-04:00,S,7762.0,7819.5,,14.492428232592278,-117.0,-4.036590629335553,time,1,S
2019-09-11 09:59:00-04:00,2019-09-11 09:59:00-04:00,2019-09-11 15:59:00-04:00,L,7847.75,7889.5,,14.267969073121401,81.5,2.8560476821306375,time,1,L
2019-09-12 10:29:00-04:00,2019-09-12 10:29:00-04:00,2019-09-12 15:59:00-04:00,L,7971.25,7920.5,,14.057756996469875,-103.5,-3.681241610094359,time,1,L
2019-09-18 13:29:00-04:00,2019-09-18 13:29:00-04:00,2019-09-18 15:59:00-04:00,S,7864.0,7912.75,,12.625919475639737,-99.5,-3.940307087811459,time,1,S
2019-09-19 09:59:00-04:00,2019-09-19 09:59:00-04:00,2019-09-19 15:59:00-04:00,L,7953.5,7923.0,,12.550853798808326,-63.0,-2.5097894139274293,time,1,L
2019-09-20 11:29:00-04:00,2019-09-20 11:29:00-04:00,2019-09-20 15:59:00-04:00,S,7904.25,7839.25,,12.520435670322017,128.0,5.111643211561979,time,1,S
2019-09-24 11:59:00-04:00,2019-09-24 11:59:00-04:00,2019-09-24 15:59:00-04:00,S,7790.25,7733.25,,12.368385858593983,112.0,4.527672457848593,time,1,S
2019-09-25 09:59:00-04:00,2019-09-25 09:59:00-04:00,2019-09-25 12:29:00-04:00,S,7697.0,7765.75,,12.93135829726584,-139.5,-5.393864928694126,sig,1,S
2019-09-25 12:29:00-04:00,2019-09-25 12:29:00-04:00,2019-09-25 15:59:00-04:00,L,7765.75,7822.75,,12.93135829726584,112.0,4.3305582223207315,time,1,L
2019-09-26 09:59:00-04:00,2019-09-26 09:59:00-04:00,2019-09-26 15:59:00-04:00,S,7774.0,7792.75,,13.296975561746851,-39.5,-1.4853001653110809,time,1,S
2019-09-27 09:59:00-04:00,2019-09-27 09:59:00-04:00,2019-09-27 15:59:00-04:00,S,7761.0,7699.0,,13.11504873590779,122.0,4.651145506839608,time,1,S
2019-09-30 11:29:00-04:00,2019-09-30 11:29:00-04:00,2019-09-30 15:59:00-04:00,L,7755.25,7767.5,,13.472902397628662,22.5,0.8350093890667604,time,1,L
2019-10-01 09:59:00-04:00,2019-10-01 09:59:00-04:00,2019-10-01 10:59:00-04:00,L,7834.75,7746.25,,13.105195083512328,-179.0,-6.829352743676447,sig,1,L
2019-10-01 10:59:00-04:00,2019-10-01 10:59:00-04:00,2019-10-01 15:59:00-04:00,S,7746.25,7701.75,,13.105195083512328,87.0,3.3192943502784966,time,1,S
2019-10-02 09:59:00-04:00,2019-10-02 09:59:00-04:00,2019-10-02 15:59:00-04:00,S,7606.25,7566.25,,13.244109720404305,78.0,2.944705293396606,time,1,S
2019-10-03 10:29:00-04:00,2019-10-03 10:29:00-04:00,2019-10-03 11:29:00-04:00,S,7539.75,7599.75,,13.762387597518282,-122.0,-4.43237044210264,sig,1,S
2019-10-03 11:29:00-04:00,2019-10-03 11:29:00-04:00,2019-10-03 15:59:00-04:00,L,7599.75,7652.0,,13.762387597518282,102.5,3.7239177894714803,time,1,L
2019-10-04 09:59:00-04:00,2019-10-04 09:59:00-04:00,2019-10-04 15:59:00-04:00,L,7717.75,7765.25,,14.102574197695546,93.0,3.297270366965941,time,1,L
2019-10-08 09:59:00-04:00,2019-10-08 09:59:00-04:00,2019-10-08 15:59:00-04:00,S,7645.0,7616.5,,13.925944078625239,55.0,1.9747314684545814,time,1,S
2019-10-10 09:59:00-04:00,2019-10-10 09:59:00-04:00,2019-10-10 15:59:00-04:00,L,7756.75,7754.0,,14.048773210651355,-7.5,-0.2669272215994535,time,1,L
2019-10-11 09:59:00-04:00,2019-10-11 09:59:00-04:00,2019-10-11 15:59:00-04:00,L,7873.5,7851.75,,14.582789409890545,-45.5,-1.5600581864379235,time,1,L
2019-10-15 10:29:00-04:00,2019-10-15 10:29:00-04:00,2019-10-15 15:59:00-04:00,L,7922.25,7952.75,,14.20212454220154,59.0,2.077154013988604,time,1,L
2019-10-18 11:59:00-04:00,2019-10-18 11:59:00-04:00,2019-10-18 15:59:00-04:00,S,7866.25,7875.75,,12.936103359772885,-21.0,-0.8116818262794357,time,1,S
2019-10-25 10:59:00-04:00,2019-10-25 10:59:00-04:00,2019-10-25 15:59:00-04:00,L,8006.0,8035.75,,12.234784334206271,57.5,2.3498575221812565,time,1,L
2019-10-28 10:29:00-04:00,2019-10-28 10:29:00-04:00,2019-10-28 15:59:00-04:00,L,8102.5,8116.25,,12.241228310334394,25.5,1.041562143664626,time,1,L
2019-10-29 14:59:00-04:00,2019-10-29 14:59:00-04:00,2019-10-29 15:59:00-04:00,S,8058.5,8054.5,,11.997212002453367,6.0,0.2500580967800282,time,1,S
2019-10-31 10:29:00-04:00,2019-10-31 10:29:00-04:00,2019-10-31 15:59:00-04:00,S,8065.0,8091.0,,11.6649430021154,-54.0,-2.314627683573219,time,1,S
2019-11-01 10:29:00-04:00,2019-11-01 10:29:00-04:00,2019-11-01 15:59:00-04:00,L,8151.75,8165.0,,11.4960185019643,24.5,1.0655863156367458,time,1,L
2019-11-06 10:29:00-05:00,2019-11-06 10:29:00-05:00,2019-11-06 15:59:00-05:00,S,8186.25,8201.75,,10.577661315166022,-33.0,-1.5598911241696363,time,1,S
2019-11-07 10:59:00-05:00,2019-11-07 10:59:00-05:00,2019-11-07 15:59:00-05:00,L,8267.75,8227.25,,10.298899792654163,-83.0,-4.029556635709813,time,1,L
2019-11-12 09:59:00-05:00,2019-11-12 09:59:00-05:00,2019-11-12 15:59:00-05:00,L,8272.25,8271.25,,9.699738645940672,-4.0,-0.20619112256565775,time,1,L
2019-11-18 09:59:00-05:00,2019-11-18 09:59:00-05:00,2019-11-18 14:29:00-05:00,S,8296.0,8341.5,,8.899854499862338,-93.0,-5.224804517952429,sig,1,S
2019-11-18 14:29:00-05:00,2019-11-18 14:29:00-05:00,2019-11-18 15:59:00-05:00,L,8341.5,8333.25,,8.899854499862338,-18.5,-1.0393428342163435,time,1,L
2019-11-20 12:59:00-05:00,2019-11-20 12:59:00-05:00,2019-11-20 15:59:00-05:00,S,8279.5,8292.75,,8.727808216718037,-28.5,-1.632712319767093,time,1,S
2019-11-21 10:29:00-05:00,2019-11-21 10:29:00-05:00,2019-11-21 15:59:00-05:00,S,8259.0,8272.75,,8.94189334409532,-29.5,-1.649538798149499,time,1,S
2019-11-22 11:29:00-05:00,2019-11-22 11:29:00-05:00,2019-11-22 15:59:00-05:00,S,8256.5,8278.0,,8.79068667665994,-45.0,-2.559527011665598,time,1,S
2019-11-25 09:59:00-05:00,2019-11-25 09:59:00-05:00,2019-11-25 15:59:00-05:00,L,8351.25,8376.75,,8.734209056898514,49.0,2.805062237507269,time,1,L
2019-11-27 11:59:00-05:00,2019-11-27 11:59:00-05:00,2019-11-27 15:59:00-05:00,L,8436.0,8448.75,,8.568654748040045,23.5,1.3712770960561391,time,1,L
2019-12-02 09:59:00-05:00,2019-12-02 09:59:00-05:00,2019-12-02 15:59:00-05:00,S,8340.75,8316.0,,7.8505409917798765,47.5,3.0252692170982978,time,1,S
2019-12-06 12:29:00-05:00,2019-12-06 12:29:00-05:00,2019-12-06 15:59:00-05:00,L,8397.75,8399.5,,9.041389688312812,1.5,0.0829518498654553,time,1,L
2019-12-09 09:59:00-05:00,2019-12-09 09:59:00-05:00,2019-12-09 15:59:00-05:00,L,8419.5,8365.0,,9.122361853433326,-111.0,-6.083950723694634,time,1,L
2019-12-10 10:29:00-05:00,2019-12-10 10:29:00-05:00,2019-12-10 15:59:00-05:00,L,8392.75,8358.25,,9.049336006759516,-71.0,-3.9229397575118026,time,1,L
2019-12-11 14:59:00-05:00,2019-12-11 14:59:00-05:00,2019-12-11 15:59:00-05:00,L,8407.5,8404.25,,9.126169149133837,-8.5,-0.4656937572106437,time,1,L
2019-12-12 09:59:00-05:00,2019-12-12 09:59:00-05:00,2019-12-12 15:59:00-05:00,L,8463.5,8466.5,,8.943942781338562,4.0,0.2236150262692845,time,1,L
2019-12-13 10:29:00-05:00,2019-12-13 10:29:00-05:00,2019-12-13 15:59:00-05:00,L,8501.25,8492.0,,9.133661154100094,-20.5,-1.1222224940322842,time,1,L
2019-12-19 11:29:00-05:00,2019-12-19 11:29:00-05:00,2019-12-19 15:59:00-05:00,L,8650.5,8671.0,,8.600801650933276,39.0,2.2672305200625162,time,1,L
2019-12-26 10:59:00-05:00,2019-12-26 10:59:00-05:00,2019-12-26 15:59:00-05:00,L,8767.25,8801.0,,7.642882417542308,65.5,4.28503255850576,time,1,L
2019-12-30 09:59:00-05:00,2019-12-30 09:59:00-05:00,2019-12-30 15:59:00-05:00,S,8714.75,8731.75,,7.64399045186046,-36.0,-2.354791010449131,time,1,S
2020-01-02 12:59:00-05:00,2020-01-02 12:59:00-05:00,2020-01-02 15:59:00-05:00,L,8844.5,8888.5,,7.948262175328662,86.0,5.409987623894898,time,1,L
2020-01-06 14:29:00-05:00,2020-01-06 14:29:00-05:00,2020-01-06 15:59:00-05:00,L,8840.75,8863.5,,8.9626597328089,43.5,2.4267349925582353,time,1,L
2020-01-08 11:29:00-05:00,2020-01-08 11:29:00-05:00,2020-01-08 15:59:00-05:00,L,8897.5,8929.5,,9.216017830840325,62.0,3.3637087697749593,time,1,L
2020-01-13 11:29:00-05:00,2020-01-13 11:29:00-05:00,2020-01-13 15:59:00-05:00,L,9042.5,9084.75,,10.420322949838265,82.5,3.958610515103109,time,1,L
2020-01-14 09:59:00-05:00,2020-01-14 09:59:00-05:00,2020-01-14 15:59:00-05:00,S,9041.0,9050.75,,10.520657024849816,-21.5,-1.021799301565337,time,1,S
2020-01-15 10:29:00-05:00,2020-01-15 10:29:00-05:00,2020-01-15 15:59:00-05:00,L,9080.5,9052.25,,10.338824380217686,-58.5,-2.8291417790176387,time,1,L
2020-01-24 12:29:00-05:00,2020-01-24 12:29:00-05:00,2020-01-24 15:59:00-05:00,S,9176.0,9151.75,,9.131787883951793,46.5,2.546051254744929,time,1,S
2020-01-28 10:29:00-05:00,2020-01-28 10:29:00-05:00,2020-01-28 15:59:00-05:00,L,9050.25,9098.0,,10.56172016524415,93.5,4.42636230354237,time,1,L
2020-01-30 10:59:00-05:00,2020-01-30 10:59:00-05:00,2020-01-30 15:59:00-05:00,S,9027.0,9144.25,,10.941738305746233,-236.5,-10.807240741436768,time,1,S
2020-01-31 10:29:00-05:00,2020-01-31 10:29:00-05:00,2020-01-31 15:59:00-05:00,S,9069.5,8995.0,,11.847685569621502,147.0,6.203743302275037,time,1,S
2020-02-03 09:59:00-05:00,2020-02-03 09:59:00-05:00,2020-02-03 15:59:00-05:00,L,9126.25,9131.0,,13.029993743219965,7.5,0.28779752883237397,time,1,L
2020-02-04 11:29:00-05:00,2020-02-04 11:29:00-05:00,2020-02-04 15:59:00-05:00,L,9305.0,9340.5,,13.390351332989969,69.0,2.5764820610047727,time,1,L
2020-02-10 09:59:00-05:00,2020-02-10 09:59:00-05:00,2020-02-10 15:59:00-05:00,L,9448.25,9525.0,,13.869582971197586,151.5,5.461591754943679,time,1,L
2020-02-20 11:29:00-05:00,2020-02-20 11:29:00-05:00,2020-02-20 15:59:00-05:00,S,9604.75,9634.75,,12.638755050819626,-62.0,-2.4527732261089787,time,1,S
2020-02-21 09:59:00-05:00,2020-02-21 09:59:00-05:00,2020-02-21 15:59:00-05:00,S,9512.75,9452.25,,13.49848683290394,119.0,4.407901473442392,time,1,S
2020-02-25 10:29:00-05:00,2020-02-25 10:29:00-05:00,2020-02-25 15:59:00-05:00,S,9051.25,8839.5,,16.01119527939166,421.5,13.162665017974058,time,1,S
2020-02-26 09:59:00-05:00,2020-02-26 09:59:00-05:00,2020-02-26 15:59:00-05:00,L,8955.75,8879.5,,17.828252759435113,-154.5,-4.333010140834893,time,1,L
2020-02-27 10:29:00-05:00,2020-02-27 10:29:00-05:00,2020-02-27 15:59:00-05:00,S,8585.25,8432.5,,18.901234705189747,303.5,8.028576035740867,time,1,S
2020-03-02 11:29:00-05:00,2020-03-02 11:29:00-05:00,2020-03-02 15:59:00-05:00,L,8657.75,8876.25,,23.1269574753932,435.0,9.404609327941962,time,1,L
2020-03-03 09:59:00-05:00,2020-03-03 09:59:00-05:00,2020-03-03 15:59:00-05:00,S,8779.75,8596.25,,26.0071747985794,365.0,7.017294320256915,time,1,S
2020-03-04 13:29:00-05:00,2020-03-04 13:29:00-05:00,2020-03-04 15:59:00-05:00,L,8842.0,8943.0,,27.665590884395158,200.0,3.614598380271908,time,1,L
2020-03-11 12:59:00-04:00,2020-03-11 12:59:00-04:00,2020-03-11 15:59:00-04:00,S,8056.5,7998.75,,34.34627556828951,113.5,1.6522897770142777,time,1,S
2020-03-12 11:59:00-04:00,2020-03-12 11:59:00-04:00,2020-03-12 15:59:00-04:00,S,7405.25,7261.25,,35.20547017055454,286.0,4.061868775142893,time,1,S
2020-03-17 11:29:00-04:00,2020-03-17 11:29:00-04:00,2020-03-17 15:59:00-04:00,L,7313.25,7437.75,,48.19907724661382,247.0,2.5622897170438335,time,1,L
2020-03-19 10:29:00-04:00,2020-03-19 10:29:00-04:00,2020-03-19 15:59:00-04:00,L,7340.0,7270.5,,49.646780891212934,-141.0,-1.4200316462507625,time,1,L
2020-03-20 14:59:00-04:00,2020-03-20 14:59:00-04:00,2020-03-20 15:59:00-04:00,S,7098.75,6976.75,,50.580939398983446,242.0,2.3922054718191297,time,1,S
2020-03-23 11:29:00-04:00,2020-03-23 11:29:00-04:00,2020-03-23 15:59:00-04:00,S,6825.5,6994.0,,52.24301515619891,-339.0,-3.2444528611761783,time,1,S
2020-03-24 12:29:00-04:00,2020-03-24 12:29:00-04:00,2020-03-24 15:59:00-04:00,L,7500.5,7532.25,,53.44351407361327,61.5,0.5753738415786965,time,1,L
2020-03-25 10:29:00-04:00,2020-03-25 10:29:00-04:00,2020-03-25 13:29:00-04:00,S,7443.5,7681.0,,53.9118344969266,-477.0,-4.423889526771648,sig,1,S
2020-03-25 13:29:00-04:00,2020-03-25 13:29:00-04:00,2020-03-25 15:59:00-04:00,L,7681.0,7461.5,,53.9118344969266,-441.0,-4.090011071920957,time,1,L
2020-03-26 09:59:00-04:00,2020-03-26 09:59:00-04:00,2020-03-26 15:59:00-04:00,L,7628.25,7867.75,,52.844917747146134,477.0,4.51320600291558,time,1,L
2020-03-30 10:59:00-04:00,2020-03-30 10:59:00-04:00,2020-03-30 15:59:00-04:00,L,7764.25,7865.25,,51.930056628916816,200.0,1.9256670701243919,time,1,L
2020-04-02 10:59:00-04:00,2020-04-02 10:59:00-04:00,2020-04-02 15:59:00-04:00,L,7565.25,7617.5,,48.93933469888129,102.5,1.0472148899312996,time,1,L
2020-04-03 13:29:00-04:00,2020-04-03 13:29:00-04:00,2020-04-03 15:59:00-04:00,S,7471.75,7514.75,,47.45081079181834,-88.0,-0.9272760415631646,time,1,S
2020-04-06 12:59:00-04:00,2020-04-06 12:59:00-04:00,2020-04-06 15:59:00-04:00,L,7936.5,8052.25,,45.75432430668846,229.5,2.50795966804881,time,1,L
2020-04-14 09:59:00-04:00,2020-04-14 09:59:00-04:00,2020-04-14 15:59:00-04:00,L,8590.25,8681.25,,41.825553777450025,180.0,2.1517945818214823,time,1,L
2020-04-16 11:59:00-04:00,2020-04-16 11:59:00-04:00,2020-04-16 15:59:00-04:00,L,8774.0,8743.25,,40.21514585912783,-63.5,-0.7895035395673828,time,1,L
2020-04-21 09:59:00-04:00,2020-04-21 09:59:00-04:00,2020-04-21 15:59:00-04:00,S,8583.0,8391.25,,37.29630118531482,381.5,5.1144481875620045,time,1,S
2020-04-23 09:59:00-04:00,2020-04-23 09:59:00-04:00,2020-04-23 15:59:00-04:00,L,8723.75,8627.75,,37.09196377713369,-194.0,-2.6151217170064793,time,1,L
2020-04-24 09:59:00-04:00,2020-04-24 09:59:00-04:00,2020-04-24 15:59:00-04:00,S,8587.75,8771.25,,35.90503779305271,-369.0,-5.138554680360175,time,1,S
2020-04-28 10:59:00-04:00,2020-04-28 10:59:00-04:00,2020-04-28 15:59:00-04:00,S,8699.0,8666.75,,34.19745605625464,62.5,0.9138106632433101,time,1,S
2020-04-29 10:29:00-04:00,2020-04-29 10:29:00-04:00,2020-04-29 15:59:00-04:00,L,8930.5,8962.75,,33.83870919509359,62.5,0.9234985832299732,time,1,L
2020-05-01 12:59:00-04:00,2020-05-01 12:59:00-04:00,2020-05-01 15:59:00-04:00,S,8699.0,8711.75,,34.02546864270825,-27.5,-0.40410905561315946,time,1,S
2020-05-05 09:59:00-04:00,2020-05-05 09:59:00-04:00,2020-05-05 15:59:00-04:00,L,8957.25,8918.0,,32.64351632968211,-80.5,-1.2330166760681192,time,1,L
2020-05-11 13:29:00-04:00,2020-05-11 13:29:00-04:00,2020-05-11 15:59:00-04:00,L,9307.75,9286.5,,28.911657119222482,-44.5,-0.7695857732487651,time,1,L
2020-05-13 10:29:00-04:00,2020-05-13 10:29:00-04:00,2020-05-13 11:59:00-04:00,L,9179.25,8995.5,,28.570255373207143,-369.5,-6.466515527658056,sig,1,L
2020-05-13 11:59:00-04:00,2020-05-13 11:59:00-04:00,2020-05-13 15:59:00-04:00,S,8995.5,8991.0,,28.570255373207143,7.0,0.122505030293928,time,1,S
2020-05-14 09:59:00-04:00,2020-05-14 09:59:00-04:00,2020-05-14 15:59:00-04:00,S,8871.75,9087.0,,28.845594275120916,-432.5,-7.49681209329474,time,1,S
2020-05-18 10:59:00-04:00,2020-05-18 10:59:00-04:00,2020-05-18 15:59:00-04:00,L,9331.5,9319.75,,28.182935880078748,-25.5,-0.4524014124806778,time,1,L
2020-05-19 09:59:00-04:00,2020-05-19 09:59:00-04:00,2020-05-19 15:59:00-04:00,L,9372.25,9290.75,,27.96629760293027,-165.0,-2.949979334817483,time,1,L
2020-05-20 09:59:00-04:00,2020-05-20 09:59:00-04:00,2020-05-20 15:59:00-04:00,L,9460.75,9480.0,,26.927633488435248,36.5,0.6777424391132597,time,1,L
2020-05-21 10:59:00-04:00,2020-05-21 10:59:00-04:00,2020-05-21 15:59:00-04:00,S,9422.0,9378.25,,26.607802524975586,85.5,1.6066715753723908,time,1,S
2020-05-26 09:59:00-04:00,2020-05-26 09:59:00-04:00,2020-05-26 15:59:00-04:00,S,9497.25,9388.25,,24.526810184902104,216.0,4.403344714857427,time,1,S
2020-05-27 09:59:00-04:00,2020-05-27 09:59:00-04:00,2020-05-27 15:59:00-04:00,S,9287.0,9434.75,,24.42489517169481,-297.5,-6.090097785655243,time,1,S
2020-05-28 10:59:00-04:00,2020-05-28 10:59:00-04:00,2020-05-28 15:59:00-04:00,L,9491.75,9414.75,,25.071331230859467,-156.0,-3.111123190139676,time,1,L
2020-06-02 11:29:00-04:00,2020-06-02 11:29:00-04:00,2020-06-02 15:59:00-04:00,S,9528.0,9655.25,,24.145960172812778,-256.5,-5.3114475084906125,time,1,S
2020-06-04 14:59:00-04:00,2020-06-04 14:59:00-04:00,2020-06-04 15:59:00-04:00,S,9595.25,9627.75,,22.576746271455914,-67.0,-1.4838276338497236,time,1,S
2020-06-05 09:59:00-04:00,2020-06-05 09:59:00-04:00,2020-06-05 15:59:00-04:00,L,9757.0,9815.75,,22.178407252066204,115.5,2.6038840095074836,time,1,L
2020-06-09 10:59:00-04:00,2020-06-09 10:59:00-04:00,2020-06-09 15:59:00-04:00,L,9963.25,9963.5,,21.84834604897545,-1.5,-0.03432754123899325,time,1,L
2020-06-10 14:29:00-04:00,2020-06-10 14:29:00-04:00,2020-06-10 15:59:00-04:00,L,10142.75,10089.0,,21.687749902620062,-109.5,-2.5244665880892394,time,1,L
2020-06-11 12:29:00-04:00,2020-06-11 12:29:00-04:00,2020-06-11 15:59:00-04:00,S,9776.75,9592.75,,21.552910623861486,366.0,8.490732560148906,time,1,S
2020-06-12 13:59:00-04:00,2020-06-12 13:59:00-04:00,2020-06-12 15:59:00-04:00,S,9502.75,9660.25,,23.745559865014236,-317.0,-6.674932109456286,time,1,S
2020-06-15 14:29:00-04:00,2020-06-15 14:29:00-04:00,2020-06-15 15:59:00-04:00,L,9797.5,9778.0,,24.57801987465608,-41.0,-0.8340785834069091,time,1,L
2020-06-22 09:59:00-04:00,2020-06-22 09:59:00-04:00,2020-06-22 15:59:00-04:00,L,10021.0,10114.75,,23.851667893810387,185.5,3.888616947583319,time,1,L
2020-06-23 10:29:00-04:00,2020-06-23 10:29:00-04:00,2020-06-23 15:59:00-04:00,L,10217.0,10197.5,,24.242620187109647,-41.0,-0.8456181651066049,time,1,L
2020-06-24 09:59:00-04:00,2020-06-24 09:59:00-04:00,2020-06-24 15:59:00-04:00,S,10096.25,9993.75,,24.821718745173243,203.0,4.089160828950952,time,1,S
2020-06-25 09:59:00-04:00,2020-06-25 09:59:00-04:00,2020-06-25 15:59:00-04:00,S,9946.25,10087.5,,25.295167406232295,-284.5,-5.623603817895747,time,1,S
2020-06-26 09:59:00-04:00,2020-06-26 09:59:00-04:00,2020-06-26 15:59:00-04:00,S,10019.25,9841.25,,25.072298305787132,354.0,7.059584161023852,time,1,S
2020-06-29 09:59:00-04:00,2020-06-29 09:59:00-04:00,2020-06-29 15:59:00-04:00,S,9791.5,9951.0,,25.39927699823091,-321.0,-6.319077508040053,time,1,S
2020-06-30 09:59:00-04:00,2020-06-30 09:59:00-04:00,2020-06-30 15:59:00-04:00,L,10029.25,10148.25,,25.501114355500132,236.0,4.62724876862291,time,1,L
2020-07-01 10:29:00-04:00,2020-07-01 10:29:00-04:00,2020-07-01 15:59:00-04:00,L,10206.0,10264.25,,25.33317761582155,114.5,2.259882311970416,time,1,L
2020-07-02 09:59:00-04:00,2020-07-02 09:59:00-04:00,2020-07-02 15:59:00-04:00,L,10413.5,10335.0,,25.189736357548583,-159.0,-3.156047323066814,time,1,L
2020-07-06 09:59:00-04:00,2020-07-06 09:59:00-04:00,2020-07-06 15:59:00-04:00,L,10519.0,10591.25,,23.455563491967908,142.5,3.0376588490145955,time,1,L
2020-07-07 10:29:00-04:00,2020-07-07 10:29:00-04:00,2020-07-07 15:59:00-04:00,L,10658.0,10516.25,,23.844451813970203,-285.5,-5.986717627803225,time,1,L
2020-07-08 09:59:00-04:00,2020-07-08 09:59:00-04:00,2020-07-08 15:59:00-04:00,L,10627.5,10654.0,,23.487705255829475,51.0,1.0856743867590508,time,1,L
2020-07-10 09:59:00-04:00,2020-07-10 09:59:00-04:00,2020-07-10 15:59:00-04:00,S,10674.0,10821.25,,22.89501116446521,-296.5,-6.475209771030609,time,1,S
2020-07-13 10:29:00-04:00,2020-07-13 10:29:00-04:00,2020-07-13 15:29:00-04:00,L,10999.0,10703.25,,22.84358179557484,-593.5,-12.990519729155835,sig,1,L
2020-07-13 15:29:00-04:00,2020-07-13 15:29:00-04:00,2020-07-13 15:59:00-04:00,S,10703.25,10599.25,,22.84358179557484,206.0,4.508925129243643,time,1,S
2020-07-15 11:59:00-04:00,2020-07-15 11:59:00-04:00,2020-07-15 15:59:00-04:00,S,10573.25,10687.5,,25.375715935980345,-230.5,-4.5417437793976285,time,1,S
2020-07-17 10:29:00-04:00,2020-07-17 10:29:00-04:00,2020-07-17 15:59:00-04:00,S,10552.75,10630.25,,24.89895914888101,-157.0,-3.1527422303324633,time,1,S
2020-07-20 10:29:00-04:00,2020-07-20 10:29:00-04:00,2020-07-20 15:59:00-04:00,L,10764.75,10936.25,,24.159747781103793,341.0,7.057192879031385,time,1,L
2020-07-21 11:59:00-04:00,2020-07-21 11:59:00-04:00,2020-07-21 15:59:00-04:00,S,10849.0,10823.75,,25.423337225310664,48.5,0.9538480249499847,time,1,S
2020-07-22 09:59:00-04:00,2020-07-22 09:59:00-04:00,2020-07-22 15:59:00-04:00,L,10876.25,10858.75,,25.557384566359904,-37.0,-0.7238612367382365,time,1,L
2020-07-23 12:29:00-04:00,2020-07-23 12:29:00-04:00,2020-07-23 15:59:00-04:00,S,10715.25,10572.5,,24.835428525905627,283.5,5.707572142439248,time,1,S
2020-07-24 09:59:00-04:00,2020-07-24 09:59:00-04:00,2020-07-24 15:59:00-04:00,S,10381.5,10469.75,,26.090040774055225,-178.5,-3.4208455545517227,time,1,S
2020-07-27 09:59:00-04:00,2020-07-27 09:59:00-04:00,2020-07-27 15:59:00-04:00,L,10619.75,10660.5,,26.34432357590842,79.5,1.508863945034099,time,1,L
2020-07-28 09:59:00-04:00,2020-07-28 09:59:00-04:00,2020-07-28 15:59:00-04:00,S,10587.5,10525.75,,26.48937189191496,121.5,2.293372611773479,time,1,S
2020-08-03 09:59:00-04:00,2020-08-03 09:59:00-04:00,2020-08-03 15:59:00-04:00,L,11033.5,11037.75,,26.634825999713225,6.5,0.12202069576257012,time,1,L
2020-08-06 14:29:00-04:00,2020-08-06 14:29:00-04:00,2020-08-06 15:59:00-04:00,L,11229.0,11254.0,,23.90673750778788,48.0,1.0039010965917763,time,1,L
2020-08-07 12:59:00-04:00,2020-08-07 12:59:00-04:00,2020-08-07 15:59:00-04:00,S,11136.75,11128.25,,23.770541971517318,15.0,0.3155165754734056,time,1,S
2020-08-10 09:59:00-04:00,2020-08-10 09:59:00-04:00,2020-08-10 15:59:00-04:00,S,11080.5,11078.75,,23.844074687837512,1.5,0.03145435542451824,time,1,S
2020-08-12 09:59:00-04:00,2020-08-12 09:59:00-04:00,2020-08-12 15:59:00-04:00,L,11061.75,11146.25,,24.320273582880304,167.0,3.433349535129321,time,1,L
2020-08-13 09:59:00-04:00,2020-08-13 09:59:00-04:00,2020-08-13 15:59:00-04:00,L,11215.5,11169.75,,24.770611184103142,-93.5,-1.8873171781083227,time,1,L
2020-08-14 10:29:00-04:00,2020-08-14 10:29:00-04:00,2020-08-14 15:59:00-04:00,S,11105.75,11159.75,,24.22628181381006,-110.0,-2.2702617109261705,time,1,S
2020-08-19 09:59:00-04:00,2020-08-19 09:59:00-04:00,2020-08-19 15:59:00-04:00,S,11352.75,11319.5,,22.34466696244195,64.5,1.4432974120494808,time,1,S
2020-08-20 09:59:00-04:00,2020-08-20 09:59:00-04:00,2020-08-20 15:59:00-04:00,L,11368.75,11473.25,,21.79147646512467,207.0,4.7495634435621,time,1,L
2020-08-21 10:59:00-04:00,2020-08-21 10:59:00-04:00,2020-08-21 15:59:00-04:00,L,11546.0,11554.0,,22.199228146187195,14.0,0.31532627863920926,time,1,L
2020-08-26 11:29:00-04:00,2020-08-26 11:29:00-04:00,2020-08-26 15:59:00-04:00,L,11859.5,11964.75,,21.298507375063146,208.5,4.894709200235255,time,1,L
2020-08-27 12:59:00-04:00,2020-08-27 12:59:00-04:00,2020-08-27 15:59:00-04:00,S,11869.5,11928.25,,21.745042562558638,-119.5,-2.747752726999928,time,1,S
2020-08-31 10:59:00-04:00,2020-08-31 10:59:00-04:00,2020-08-31 15:59:00-04:00,L,12085.5,12092.25,,20.852230576900048,11.5,0.27574987619644914,time,1,L
2020-09-01 10:29:00-04:00,2020-09-01 10:29:00-04:00,2020-09-01 15:59:00-04:00,L,12270.5,12293.75,,20.625285535692903,44.5,1.0787729440882388,time,1,L
2020-09-02 09:59:00-04:00,2020-09-02 09:59:00-04:00,2020-09-02 15:59:00-04:00,S,12251.25,12411.0,,20.844907997429125,-321.5,-7.71171549520995,time,1,S
2020-09-03 09:59:00-04:00,2020-09-03 09:59:00-04:00,2020-09-03 15:59:00-04:00,S,12177.75,11773.75,,21.454200283327047,806.0,18.784200514487974,time,1,S
2020-09-04 09:59:00-04:00,2020-09-04 09:59:00-04:00,2020-09-04 15:59:00-04:00,S,11542.75,11620.0,,25.494971691660833,-156.5,-3.0692326685577314,time,1,S
2020-09-09 12:29:00-04:00,2020-09-09 12:29:00-04:00,2020-09-09 15:59:00-04:00,L,11405.0,11386.0,,30.217111081114748,-40.0,-0.661876641559547,time,1,L
2020-09-10 14:29:00-04:00,2020-09-10 14:29:00-04:00,2020-09-10 15:59:00-04:00,S,11143.5,11157.0,,31.942674575320833,-29.0,-0.453938193741698,time,1,S
2020-09-11 12:59:00-04:00,2020-09-11 12:59:00-04:00,2020-09-11 15:59:00-04:00,S,11018.75,11084.25,,33.0842692485122,-133.0,-2.0100187040700774,time,1,S
2020-09-14 10:29:00-04:00,2020-09-14 10:29:00-04:00,2020-09-14 15:59:00-04:00,L,11356.25,11274.75,,33.71575001647562,-165.0,-2.4469276216511675,time,1,L
2020-09-18 10:59:00-04:00,2020-09-18 10:59:00-04:00,2020-09-18 15:59:00-04:00,S,10958.75,10917.5,,33.084619981793004,80.5,1.2165773710609407,time,1,S
2020-09-23 09:59:00-04:00,2020-09-23 09:59:00-04:00,2020-09-23 15:59:00-04:00,S,11079.25,10821.0,,33.52934041545162,514.5,7.672384747582127,time,1,S
2020-09-24 11:59:00-04:00,2020-09-24 11:59:00-04:00,2020-09-24 15:59:00-04:00,L,10953.75,10877.5,,34.252244671490786,-154.5,-2.2553266432870482,time,1,L
2020-09-25 11:29:00-04:00,2020-09-25 11:29:00-04:00,2020-09-25 15:59:00-04:00,L,11014.0,11133.25,,34.33422719495573,236.5,3.4440850911993994,time,1,L
2020-09-30 09:59:00-04:00,2020-09-30 09:59:00-04:00,2020-09-30 15:59:00-04:00,L,11418.25,11402.75,,32.59787614698168,-33.0,-0.506167945592608,time,1,L
2020-10-05 10:29:00-04:00,2020-10-05 10:29:00-04:00,2020-10-05 15:59:00-04:00,L,11406.25,11489.25,,32.75685455354182,164.0,2.5032928563384846,time,1,L
2020-10-06 15:29:00-04:00,2020-10-06 15:29:00-04:00,2020-10-06 15:59:00-04:00,S,11325.25,11275.75,,32.149222085431695,97.0,1.508590157208737,time,1,S
2020-10-07 14:29:00-04:00,2020-10-07 14:29:00-04:00,2020-10-07 15:59:00-04:00,L,11495.5,11479.5,,32.186777650758,-34.0,-0.528167192890763,time,1,L
2020-10-09 12:59:00-04:00,2020-10-09 12:59:00-04:00,2020-10-09 15:59:00-04:00,L,11687.0,11711.25,,30.51092052539848,46.5,0.7620222398942632,time,1,L
2020-10-12 11:29:00-04:00,2020-10-12 11:29:00-04:00,2020-10-12 15:59:00-04:00,L,12006.25,12074.75,,29.66728334501287,135.0,2.275233603799011,time,1,L
2020-10-14 11:59:00-04:00,2020-10-14 11:59:00-04:00,2020-10-14 15:59:00-04:00,S,11971.0,11977.5,,30.581611659730477,-15.0,-0.24524541359852253,time,1,S
2020-10-19 13:59:00-04:00,2020-10-19 13:59:00-04:00,2020-10-19 15:59:00-04:00,S,11743.25,11629.5,,29.461097236307523,225.5,3.8270808142558987,time,1,S
2020-10-20 13:29:00-04:00,2020-10-20 13:29:00-04:00,2020-10-20 15:59:00-04:00,L,11764.0,11663.0,,29.919233147999844,-204.0,-3.409178286603876,time,1,L
2020-10-21 09:59:00-04:00,2020-10-21 09:59:00-04:00,2020-10-21 15:59:00-04:00,L,11774.0,11652.25,,29.162502208856996,-245.5,-4.209172420147109,time,1,L
2020-10-22 10:29:00-04:00,2020-10-22 10:29:00-04:00,2020-10-22 15:59:00-04:00,S,11590.25,11654.25,,28.4937520510815,-130.0,-2.281201853777375,time,1,S
2020-10-23 09:59:00-04:00,2020-10-23 09:59:00-04:00,2020-10-23 15:59:00-04:00,S,11614.5,11680.25,,27.97812690457568,-133.5,-2.385792309387351,time,1,S
2020-10-26 11:29:00-04:00,2020-10-26 11:29:00-04:00,2020-10-26 15:59:00-04:00,S,11490.0,11495.25,,26.986832125677424,-12.5,-0.23159442986467654,time,1,S
2020-10-27 11:59:00-04:00,2020-10-27 11:59:00-04:00,2020-10-27 15:59:00-04:00,L,11601.5,11585.5,,27.57705840241475,-34.0,-0.6164544365802053,time,1,L
2020-10-28 09:59:00-04:00,2020-10-28 09:59:00-04:00,2020-10-28 15:59:00-04:00,S,11302.75,11137.25,,26.64298280224227,329.0,6.174233614194118,time,1,S
2020-10-29 09:59:00-04:00,2020-10-29 09:59:00-04:00,2020-10-29 15:59:00-04:00,L,11261.0,11324.75,,27.900626887796392,125.5,2.2490534084539355,time,1,L
2020-10-30 09:59:00-04:00,2020-10-30 09:59:00-04:00,2020-10-30 15:59:00-04:00,S,11165.5,11055.25,,28.14165353866808,218.5,3.88214572572592,time,1,S
2020-11-02 13:59:00-05:00,2020-11-02 13:59:00-05:00,2020-11-02 15:59:00-05:00,S,10948.25,11069.25,,28.538678285906073,-244.0,-4.27490014701382,time,1,S
2020-11-03 09:59:00-05:00,2020-11-03 09:59:00-05:00,2020-11-03 15:59:00-05:00,L,11198.5,11256.75,,28.426986979769925,114.5,2.013931340691927,time,1,L
2020-11-04 10:29:00-05:00,2020-11-04 10:29:00-05:00,2020-11-04 15:59:00-05:00,L,11763.25,11759.75,,28.41255933835779,-9.0,-0.15838066350907246,time,1,L
2020-11-06 09:59:00-05:00,2020-11-06 09:59:00-05:00,2020-11-06 15:59:00-05:00,S,11899.5,12080.75,,31.059681266237074,-364.5,-5.867735680794379,time,1,S
2020-11-09 15:29:00-05:00,2020-11-09 15:29:00-05:00,2020-11-09 15:59:00-05:00,S,11963.75,11825.75,,30.551846890077286,274.0,4.484180628847523,time,1,S
2020-11-10 10:29:00-05:00,2020-11-10 10:29:00-05:00,2020-11-10 15:59:00-05:00,S,11563.0,11620.0,,32.621357826500336,-116.0,-1.7779762666066288,time,1,S
2020-11-11 09:59:00-05:00,2020-11-11 09:59:00-05:00,2020-11-11 15:59:00-05:00,L,11786.25,11880.25,,33.13590369603603,186.0,2.8066233187153236,time,1,L
2020-11-23 11:29:00-05:00,2020-11-23 11:29:00-05:00,2020-11-23 15:59:00-05:00,S,11831.25,11904.5,,26.73002755574984,-148.5,-2.7777749141911467,time,1,S
2020-11-24 11:29:00-05:00,2020-11-24 11:29:00-05:00,2020-11-24 15:59:00-05:00,L,12015.25,12075.25,,26.202882730339134,118.0,2.2516606515086437,time,1,L
2020-11-27 10:29:00-05:00,2020-11-27 10:29:00-05:00,2020-11-27 13:04:00-05:00,L,12286.75,12262.5,,23.756981909094414,-50.5,-1.0628454446199684,time,1,L
2020-11-30 10:29:00-05:00,2020-11-30 10:29:00-05:00,2020-11-30 15:59:00-05:00,S,12207.5,12274.0,,23.27969748701624,-135.0,-2.899522214051394,time,1,S
2020-12-01 11:59:00-05:00,2020-12-01 11:59:00-05:00,2020-12-01 15:59:00-05:00,L,12448.25,12450.25,,23.40971909508651,2.0,0.04271730027763943,time,1,L
2020-12-03 09:59:00-05:00,2020-12-03 09:59:00-05:00,2020-12-03 15:59:00-05:00,L,12495.75,12472.25,,22.66654350545725,-49.0,-1.080888226036816,time,1,L
2020-12-04 09:59:00-05:00,2020-12-04 09:59:00-05:00,2020-12-04 15:59:00-05:00,L,12506.75,12529.0,,21.738576112210303,42.5,0.9775249257500414,time,1,L
2020-12-07 09:59:00-05:00,2020-12-07 09:59:00-05:00,2020-12-07 15:59:00-05:00,L,12584.75,12597.0,,20.807249247052425,22.5,0.5406769470786095,time,1,L
2020-12-08 10:29:00-05:00,2020-12-08 10:29:00-05:00,2020-12-08 14:29:00-05:00,S,12519.75,12649.0,,20.301374300834393,-260.5,-6.415821809395765,sig,1,S
2020-12-08 14:29:00-05:00,2020-12-08 14:29:00-05:00,2020-12-08 15:59:00-05:00,L,12649.0,12636.75,,20.301374300834393,-26.5,-0.6526651744682832,time,1,L
2020-12-09 12:29:00-05:00,2020-12-09 12:29:00-05:00,2020-12-09 15:59:00-05:00,S,12550.75,12355.5,,19.920918993631936,388.5,9.751056166740868,time,1,S
2020-12-10 10:59:00-05:00,2020-12-10 10:59:00-05:00,2020-12-10 15:59:00-05:00,L,12428.75,12398.0,,21.128353351229656,-63.5,-1.5027200403268612,time,1,L
2020-12-11 12:29:00-05:00,2020-12-11 12:29:00-05:00,2020-12-11 15:59:00-05:00,S,12256.75,12376.25,,21.269185254713253,-241.0,-5.6654732448342,time,1,S
2020-12-18 11:29:00-05:00,2020-12-18 11:29:00-05:00,2020-12-18 15:59:00-05:00,S,12688.75,12703.25,,19.383352780423053,-31.0,-0.7996552596233407,time,1,S
2020-12-21 10:29:00-05:00,2020-12-21 10:29:00-05:00,2020-12-21 15:59:00-05:00,S,12506.25,12685.0,,19.27918472467855,-359.5,-9.323527035347551,time,1,S
2020-12-24 09:59:00-05:00,2020-12-24 09:59:00-05:00,2020-12-24 13:04:00-05:00,L,12704.25,12703.0,,19.364201472346494,-4.5,-0.11619379209688381,time,1,L
2021-01-04 10:59:00-05:00,2021-01-04 10:59:00-05:00,2021-01-04 15:59:00-05:00,S,12761.5,12688.5,,17.007639129663136,144.0,4.23339179830223,time,1,S
2021-01-05 09:59:00-05:00,2021-01-05 09:59:00-05:00,2021-01-05 15:59:00-05:00,L,12751.75,12791.25,,18.921379191830056,77.0,2.03473539691143,time,1,L
2021-01-07 09:59:00-05:00,2021-01-07 09:59:00-05:00,2021-01-07 15:59:00-05:00,L,12838.0,12925.5,,20.143051446016734,173.0,4.2942848173634225,time,1,L
2021-01-11 15:29:00-05:00,2021-01-11 15:29:00-05:00,2021-01-11 15:59:00-05:00,S,12874.0,12896.5,,20.91237599171851,-47.0,-1.1237364902632878,time,1,S
2021-01-12 12:29:00-05:00,2021-01-12 12:29:00-05:00,2021-01-12 15:59:00-05:00,S,12814.25,12882.75,,21.22756342088147,-139.0,-3.274045099855084,time,1,S
2021-01-13 10:59:00-05:00,2021-01-13 10:59:00-05:00,2021-01-13 15:59:00-05:00,L,12972.75,12967.75,,21.08273746224708,-12.0,-0.28459302359308025,time,1,L
2021-01-15 10:29:00-05:00,2021-01-15 10:29:00-05:00,2021-01-15 15:59:00-05:00,S,12792.0,12799.5,,20.446084852651822,-17.0,-0.41572751268796404,time,1,S
2021-01-19 13:29:00-05:00,2021-01-19 13:29:00-05:00,2021-01-19 15:59:00-05:00,L,12968.25,12984.5,,19.514226224990605,30.5,0.7814811524768691,time,1,L
2021-01-20 10:29:00-05:00,2021-01-20 10:29:00-05:00,2021-01-20 15:59:00-05:00,L,13230.75,13285.75,,19.702495780348414,108.0,2.7407695249380777,time,1,L
2021-01-25 09:59:00-05:00,2021-01-25 09:59:00-05:00,2021-01-25 15:59:00-05:00,L,13539.0,13474.0,,19.33096145387226,-132.0,-3.414211970650807,time,1,L
2021-01-27 09:59:00-05:00,2021-01-27 09:59:00-05:00,2021-01-27 15:59:00-05:00,S,13280.0,13120.5,,20.659859620940875,317.0,7.671881750800673,time,1,S
2021-01-28 09:59:00-05:00,2021-01-28 09:59:00-05:00,2021-01-28 15:59:00-05:00,L,13188.75,13185.0,,24.214512505159384,-9.5,-0.19616335447545838,time,1,L
2021-01-29 09:59:00-05:00,2021-01-29 09:59:00-05:00,2021-01-29 15:59:00-05:00,S,13083.5,12914.5,,25.968833040505146,336.0,6.469293392504789,time,1,S
2021-02-01 11:29:00-05:00,2021-02-01 11:29:00-05:00,2021-02-01 15:59:00-05:00,L,13155.25,13230.25,,26.66570210904049,148.0,2.775100377908734,time,1,L
2021-02-02 10:59:00-05:00,2021-02-02 10:59:00-05:00,2021-02-02 15:59:00-05:00,L,13415.0,13448.25,,28.653866244109025,64.5,1.125502566573553,time,1,L
2021-02-03 10:29:00-05:00,2021-02-03 10:29:00-05:00,2021-02-03 15:59:00-05:00,S,13397.25,13389.0,,28.600018655244096,14.5,0.25349633814559214,time,1,S
2021-02-10 10:29:00-05:00,2021-02-10 10:29:00-05:00,2021-02-10 15:59:00-05:00,S,13609.75,13650.75,,24.18347396464558,-84.0,-1.7367231879671565,time,1,S
2021-02-16 11:59:00-05:00,2021-02-16 11:59:00-05:00,2021-02-16 15:59:00-05:00,S,13749.75,13764.75,,21.825533629327424,-32.0,-0.7330863140271845,time,1,S
2021-02-18 10:29:00-05:00,2021-02-18 10:29:00-05:00,2021-02-18 15:59:00-05:00,S,13495.75,13638.25,,21.778138690593547,-287.0,-6.589176514978334,time,1,S
2021-02-19 14:29:00-05:00,2021-02-19 14:29:00-05:00,2021-02-19 15:59:00-05:00,S,13557.25,13578.25,,22.05112878412258,-44.0,-0.9976813529763885,time,1,S
2021-02-22 10:59:00-05:00,2021-02-22 10:59:00-05:00,2021-02-22 15:59:00-05:00,S,13300.25,13227.0,,21.86711958525668,144.5,3.3040474177821126,time,1,S
2021-02-23 09:59:00-05:00,2021-02-23 09:59:00-05:00,2021-02-23 15:59:00-05:00,S,12885.5,13188.5,,23.26232532916692,-608.0,-13.068341006255155,time,1,S
2021-02-24 09:59:00-05:00,2021-02-24 09:59:00-05:00,2021-02-24 13:59:00-05:00,S,13033.0,13252.5,,25.731087805654994,-441.0,-8.569400627964905,sig,1,S
2021-02-24 13:59:00-05:00,2021-02-24 13:59:00-05:00,2021-02-24 15:59:00-05:00,L,13252.5,13294.25,,25.731087805654994,81.5,1.5836874176397726,time,1,L
2021-02-25 10:59:00-05:00,2021-02-25 10:59:00-05:00,2021-02-25 15:59:00-05:00,S,13131.25,12826.5,,26.571724390965354,607.5,11.431324348045623,time,1,S
2021-02-26 10:29:00-05:00,2021-02-26 10:29:00-05:00,2021-02-26 11:59:00-05:00,S,12760.0,13014.5,,28.8898155058964,-511.0,-8.843947097822502,sig,1,S
2021-02-26 11:59:00-05:00,2021-02-26 11:59:00-05:00,2021-02-26 15:59:00-05:00,L,13014.5,12893.5,,28.8898155058964,-244.0,-4.2229414713673,time,1,L
2021-03-01 10:59:00-05:00,2021-03-01 10:59:00-05:00,2021-03-01 15:59:00-05:00,L,13179.75,13274.25,,29.872685826903805,187.0,3.1299495646887046,time,1,L
2021-03-02 09:59:00-05:00,2021-03-02 09:59:00-05:00,2021-03-02 15:59:00-05:00,S,13219.0,13058.25,,30.638922553553535,319.5,5.213956193164894,time,1,S
2021-03-03 09:59:00-05:00,2021-03-03 09:59:00-05:00,2021-03-03 15:59:00-05:00,S,12904.5,12680.5,,30.45042808544257,446.0,7.323378159882408,time,1,S
2021-03-04 09:59:00-05:00,2021-03-04 09:59:00-05:00,2021-03-04 15:59:00-05:00,S,12589.75,12471.75,,32.05039750791096,234.0,3.650500745618554,time,1,S
2021-03-05 09:59:00-05:00,2021-03-05 09:59:00-05:00,2021-03-05 15:59:00-05:00,S,12423.25,12661.75,,33.26644054306018,-479.0,-7.199447734421436,time,1,S
2021-03-08 09:59:00-05:00,2021-03-08 09:59:00-05:00,2021-03-08 15:59:00-05:00,S,12577.75,12300.75,,34.392051932841596,552.0,8.025110003292435,time,1,S
2021-03-09 09:59:00-05:00,2021-03-09 09:59:00-05:00,2021-03-09 15:59:00-05:00,L,12704.75,12786.5,,35.346191080495764,161.5,2.284546015611802,time,1,L
2021-03-11 11:29:00-05:00,2021-03-11 11:29:00-05:00,2021-03-11 15:59:00-05:00,L,13052.5,13046.0,,36.13281271736624,-15.0,-0.2075675663188914,time,1,L
2021-03-16 09:59:00-04:00,2021-03-16 09:59:00-04:00,2021-03-16 15:59:00-04:00,L,13234.0,13149.0,,35.15086171284754,-172.0,-2.4465972044311863,time,1,L
2021-03-19 13:29:00-04:00,2021-03-19 13:29:00-04:00,2021-03-19 15:59:00-04:00,L,12873.5,12836.75,,35.46078468772816,-75.5,-1.0645562508678514,time,1,L
2021-03-22 09:59:00-04:00,2021-03-22 09:59:00-04:00,2021-03-22 15:59:00-04:00,L,13008.5,13070.5,,34.472514352890435,122.0,1.769525697358519,time,1,L
2021-03-24 13:29:00-04:00,2021-03-24 13:29:00-04:00,2021-03-24 15:59:00-04:00,S,12918.0,12790.5,,33.54160676346165,253.0,3.771435306963351,time,1,S
2021-03-26 13:29:00-04:00,2021-03-26 13:29:00-04:00,2021-03-26 15:59:00-04:00,L,12861.0,12961.75,,33.09773746441336,199.5,3.0138011731844525,time,1,L
2021-03-29 09:59:00-04:00,2021-03-29 09:59:00-04:00,2021-03-29 15:59:00-04:00,S,12854.0,12956.25,,32.96754193124098,-206.5,-3.131868315064077,time,1,S
2021-03-31 09:59:00-04:00,2021-03-31 09:59:00-04:00,2021-03-31 15:59:00-04:00,L,13052.25,13084.5,,31.204793808059822,62.5,1.001448693819874,time,1,L
2021-04-05 09:59:00-04:00,2021-04-05 09:59:00-04:00,2021-04-05 15:59:00-04:00,L,13476.25,13581.75,,28.93272849719658,209.0,3.6118266554129335,time,1,L
2021-04-06 11:59:00-04:00,2021-04-06 11:59:00-04:00,2021-04-06 15:59:00-04:00,L,13651.5,13571.75,,29.083962175968253,-161.5,-2.776444265448908,time,1,L
2021-04-13 09:59:00-04:00,2021-04-13 09:59:00-04:00,2021-04-13 15:59:00-04:00,L,13942.0,13975.0,,24.571603894957793,64.0,1.3023162890301414,time,1,L
2021-04-14 10:59:00-04:00,2021-04-14 10:59:00-04:00,2021-04-14 15:59:00-04:00,S,13915.75,13808.75,,24.39684647388938,212.0,4.344823832598449,time,1,S
2021-04-15 10:29:00-04:00,2021-04-15 10:29:00-04:00,2021-04-15 15:59:00-04:00,L,13989.0,14015.75,,24.484571725754424,51.5,1.051682679542829,time,1,L
2021-04-16 09:59:00-04:00,2021-04-16 09:59:00-04:00,2021-04-16 15:59:00-04:00,S,13963.0,14031.25,,24.48388803105768,-138.5,-2.828390650706977,time,1,S
2021-04-19 11:59:00-04:00,2021-04-19 11:59:00-04:00,2021-04-19 15:59:00-04:00,S,13878.75,13904.25,,23.492181743124988,-53.0,-1.1280348623965186,time,1,S
2021-04-20 10:59:00-04:00,2021-04-20 10:59:00-04:00,2021-04-20 15:59:00-04:00,S,13804.25,13799.5,,23.467740190044633,7.5,0.1597938263178321,time,1,S
2021-04-21 11:59:00-04:00,2021-04-21 11:59:00-04:00,2021-04-21 15:59:00-04:00,L,13872.75,13918.25,,23.325401605041446,89.0,1.9077913749781685,time,1,L
2021-04-22 13:59:00-04:00,2021-04-22 13:59:00-04:00,2021-04-22 15:59:00-04:00,S,13732.25,13750.75,,23.27715863325277,-39.0,-0.8377311125999338,time,1,S
2021-04-23 09:59:00-04:00,2021-04-23 09:59:00-04:00,2021-04-23 15:59:00-04:00,L,13828.0,13924.25,,23.34486158802043,190.5,4.080126996721119,time,1,L
2021-04-26 14:59:00-04:00,2021-04-26 14:59:00-04:00,2021-04-26 15:59:00-04:00,L,14021.5,14013.25,,23.4148714745904,-18.5,-0.3950480791678918,time,1,L
2021-04-27 09:59:00-04:00,2021-04-27 09:59:00-04:00,2021-04-27 15:59:00-04:00,S,13956.0,13951.75,,22.972737797833943,6.5,0.14147203648954879,time,1,S
2021-05-03 11:29:00-04:00,2021-05-03 11:29:00-04:00,2021-05-03 15:59:00-04:00,S,13782.25,13790.5,,21.187853739169498,-18.5,-0.43657088225504115,time,1,S
2021-05-04 09:59:00-04:00,2021-05-04 09:59:00-04:00,2021-05-04 15:59:00-04:00,S,13544.25,13543.5,,20.93157847208596,-0.5,-0.011943676408991145,time,1,S
2021-05-06 09:59:00-04:00,2021-05-06 09:59:00-04:00,2021-05-06 12:29:00-04:00,S,13427.5,13581.0,,22.229141641747585,-309.0,-6.95033584696947,sig,1,S
2021-05-06 12:29:00-04:00,2021-05-06 12:29:00-04:00,2021-05-06 15:59:00-04:00,L,13581.0,13596.25,,22.229141641747585,28.5,0.6410503936525238,time,1,L
2021-05-07 10:29:00-04:00,2021-05-07 10:29:00-04:00,2021-05-07 15:59:00-04:00,L,13779.0,13706.25,,22.232417238765613,-147.5,-3.3172281361922993,time,1,L
2021-05-10 09:59:00-04:00,2021-05-10 09:59:00-04:00,2021-05-10 15:59:00-04:00,S,13535.75,13356.5,,22.28545886456807,356.5,7.998489108223026,time,1,S
2021-05-12 10:59:00-04:00,2021-05-12 10:59:00-04:00,2021-05-12 15:59:00-04:00,S,13059.75,12998.5,,24.412972184244914,120.5,2.467950217011379,time,1,S
2021-05-13 10:59:00-04:00,2021-05-13 10:59:00-04:00,2021-05-13 15:59:00-04:00,L,13200.5,13097.75,,25.470974171084563,-207.5,-4.073263916139501,time,1,L
2021-05-14 10:59:00-04:00,2021-05-14 10:59:00-04:00,2021-05-14 15:59:00-04:00,L,13327.25,13384.25,,25.86769030172138,112.0,2.1648627823672935,time,1,L
2021-05-17 13:59:00-04:00,2021-05-17 13:59:00-04:00,2021-05-17 15:59:00-04:00,S,13207.25,13306.0,,26.555712423026996,-199.5,-3.756253961897281,time,1,S
2021-05-20 09:59:00-04:00,2021-05-20 09:59:00-04:00,2021-05-20 15:59:00-04:00,L,13385.25,13486.75,,26.676931557357985,201.0,3.7672998404601095,time,1,L
2021-05-24 09:59:00-04:00,2021-05-24 09:59:00-04:00,2021-05-24 15:59:00-04:00,L,13579.5,13637.5,,26.719012414252546,114.0,2.133312381321207,time,1,L
2021-06-03 09:59:00-04:00,2021-06-03 09:59:00-04:00,2021-06-03 15:59:00-04:00,S,13497.0,13528.25,,20.65430099312661,-64.5,-1.5614181283952546,time,1,S
2021-06-04 09:59:00-04:00,2021-06-04 09:59:00-04:00,2021-06-04 15:59:00-04:00,L,13698.0,13766.25,,20.92720806504614,134.5,3.2135199206207026,time,1,L
2021-06-10 09:59:00-04:00,2021-06-10 09:59:00-04:00,2021-06-10 15:59:00-04:00,L,13944.25,13959.75,,20.067962946318794,29.0,0.7225446867122024,time,1,L
2021-06-15 10:29:00-04:00,2021-06-15 10:29:00-04:00,2021-06-15 15:59:00-04:00,S,14059.5,14027.5,,19.25534423945422,62.0,1.6099426535559394,time,1,S
2021-06-16 14:29:00-04:00,2021-06-16 14:29:00-04:00,2021-06-16 15:59:00-04:00,S,13922.0,13976.0,,18.985319650921777,-110.0,-2.8969751898451515,time,1,S
2021-06-17 09:59:00-04:00,2021-06-17 09:59:00-04:00,2021-06-17 15:59:00-04:00,L,14025.0,14156.0,,19.52565396157022,260.0,6.657907604829109,time,1,L
2021-06-18 11:29:00-04:00,2021-06-18 11:29:00-04:00,2021-06-18 15:59:00-04:00,S,14014.5,14042.0,,20.68275010717235,-57.0,-1.3779598869744498,time,1,S
2021-06-21 11:59:00-04:00,2021-06-21 11:59:00-04:00,2021-06-21 15:59:00-04:00,L,14114.5,14128.0,,20.60362509951718,25.0,0.606689353918254,time,1,L
2021-06-22 11:29:00-04:00,2021-06-22 11:29:00-04:00,2021-06-22 15:59:00-04:00,L,14207.0,14257.75,,20.455151878123097,99.5,2.432150115355922,time,1,L
2021-06-23 09:59:00-04:00,2021-06-23 09:59:00-04:00,2021-06-23 15:59:00-04:00,L,14305.75,14263.0,,20.515498172542877,-87.5,-2.132534127713908,time,1,L
2021-06-24 10:29:00-04:00,2021-06-24 10:29:00-04:00,2021-06-24 15:59:00-04:00,L,14403.25,14354.0,,19.657248303075527,-100.5,-2.5563089617247194,time,1,L
2021-06-28 09:59:00-04:00,2021-06-28 09:59:00-04:00,2021-06-28 15:59:00-04:00,L,14451.25,14511.0,,18.54272940418247,117.5,3.168357727678884,time,1,L
2021-07-02 12:59:00-04:00,2021-07-02 12:59:00-04:00,2021-07-02 15:59:00-04:00,L,14688.75,14714.5,,17.08534906062202,49.5,1.4486095608689271,time,1,L
2021-07-09 10:59:00-04:00,2021-07-09 10:59:00-04:00,2021-07-09 15:59:00-04:00,L,14773.75,14810.0,,17.27864911897857,70.5,2.0400900416041208,time,1,L
2021-07-13 09:59:00-04:00,2021-07-13 09:59:00-04:00,2021-07-13 15:59:00-04:00,L,14914.25,14865.25,,16.907865821976422,-100.0,-2.9572035008115125,time,1,L
2021-07-15 10:29:00-04:00,2021-07-15 10:29:00-04:00,2021-07-15 15:59:00-04:00,S,14804.25,14790.5,,17.01405267303069,25.5,0.7493805411928856,time,1,S
2021-07-16 10:29:00-04:00,2021-07-16 10:29:00-04:00,2021-07-16 15:59:00-04:00,S,14742.5,14673.5,,17.61483462495707,136.0,3.8603825382303714,time,1,S
2021-07-19 09:59:00-04:00,2021-07-19 09:59:00-04:00,2021-07-19 15:59:00-04:00,S,14483.25,14554.0,,17.87270358031728,-143.5,-4.01450176116703,time,1,S
2021-07-20 10:59:00-04:00,2021-07-20 10:59:00-04:00,2021-07-20 15:59:00-04:00,L,14651.5,14718.0,,18.30322475315176,131.0,3.5786043652619792,time,1,L
2021-07-21 09:59:00-04:00,2021-07-21 09:59:00-04:00,2021-07-21 15:59:00-04:00,L,14756.0,14828.0,,18.892280127926636,142.0,3.758148805714962,time,1,L
2021-07-22 09:59:00-04:00,2021-07-22 09:59:00-04:00,2021-07-22 15:59:00-04:00,L,14878.5,14928.5,,18.792831547360446,98.0,2.607377173392602,time,1,L
2021-07-23 11:29:00-04:00,2021-07-23 11:29:00-04:00,2021-07-23 15:59:00-04:00,L,15058.0,15098.5,,18.589772151120414,79.0,2.1248243216159763,time,1,L
2021-07-27 09:59:00-04:00,2021-07-27 09:59:00-04:00,2021-07-27 15:59:00-04:00,S,15043.25,14950.25,,17.92651272213954,184.0,5.132063409431465,time,1,S
2021-07-28 10:29:00-04:00,2021-07-28 10:29:00-04:00,2021-07-28 15:59:00-04:00,L,15053.25,15005.75,,19.196047527701005,-97.0,-2.526561779450259,time,1,L
2021-07-29 09:59:00-04:00,2021-07-29 09:59:00-04:00,2021-07-29 15:59:00-04:00,L,15054.0,15034.75,,19.312401275722365,-40.5,-1.0485490494367622,time,1,L
2021-08-03 09:59:00-04:00,2021-08-03 09:59:00-04:00,2021-08-03 15:59:00-04:00,S,14907.0,15044.0,,18.567737100131936,-276.0,-7.432246549797359,time,1,S
2021-08-10 10:59:00-04:00,2021-08-10 10:59:00-04:00,2021-08-10 15:59:00-04:00,S,15035.5,15046.5,,16.99489384281714,-24.0,-0.7060944370106658,time,1,S
2021-08-11 11:59:00-04:00,2021-08-11 11:59:00-04:00,2021-08-11 15:59:00-04:00,S,14982.25,15022.5,,16.941687139758773,-82.5,-2.4348224388581965,time,1,S
2021-08-16 09:59:00-04:00,2021-08-16 09:59:00-04:00,2021-08-16 15:59:00-04:00,S,15031.25,15134.5,,16.132903296665457,-208.5,-6.46194910382607,time,1,S
2021-08-17 09:59:00-04:00,2021-08-17 09:59:00-04:00,2021-08-17 15:59:00-04:00,S,14976.75,15000.0,,16.56626734690364,-48.5,-1.4638179797655209,time,1,S
2021-08-19 11:29:00-04:00,2021-08-19 11:29:00-04:00,2021-08-19 15:59:00-04:00,L,14912.25,14928.5,,17.50752133483018,30.5,0.8710542005544226,time,1,L
2021-08-20 09:59:00-04:00,2021-08-20 09:59:00-04:00,2021-08-20 15:59:00-04:00,L,15041.0,15083.0,,18.314126953770877,82.0,2.2387089542129717,time,1,L
2021-08-23 09:59:00-04:00,2021-08-23 09:59:00-04:00,2021-08-23 15:59:00-04:00,L,15203.75,15306.25,,18.779189314215817,203.0,5.404919152881891,time,1,L
2021-08-27 10:29:00-04:00,2021-08-27 10:29:00-04:00,2021-08-27 15:59:00-04:00,L,15389.5,15424.25,,17.086305862227142,67.5,1.9752660564628801,time,1,L
2021-08-30 09:59:00-04:00,2021-08-30 09:59:00-04:00,2021-08-30 15:59:00-04:00,L,15529.25,15599.0,,17.13906972921092,137.5,4.011302893693591,time,1,L
2021-08-31 09:59:00-04:00,2021-08-31 09:59:00-04:00,2021-08-31 15:59:00-04:00,S,15526.0,15584.5,,17.327350462838712,-119.0,-3.4338775641207993,time,1,S
2021-09-08 10:59:00-04:00,2021-09-08 10:59:00-04:00,2021-09-08 15:59:00-04:00,S,15550.25,15623.0,,15.209006097478522,-147.5,-4.84910056103054,time,1,S
2021-09-10 15:29:00-04:00,2021-09-10 15:29:00-04:00,2021-09-10 15:59:00-04:00,S,15482.25,15446.5,,15.158785869764642,69.5,2.292399951985042,time,1,S
2021-09-14 15:29:00-04:00,2021-09-14 15:29:00-04:00,2021-09-14 15:59:00-04:00,S,15350.0,15383.0,,16.152983734644003,-68.0,-2.1048742794855126,time,1,S
2021-09-15 15:29:00-04:00,2021-09-15 15:29:00-04:00,2021-09-15 15:59:00-04:00,L,15499.5,15497.0,,16.28134203931229,-7.0,-0.21496999396911123,time,1,L
2021-09-17 09:59:00-04:00,2021-09-17 09:59:00-04:00,2021-09-17 15:59:00-04:00,S,15402.5,15322.25,,16.651004105325395,158.5,4.75947273201704,time,1,S
2021-09-20 10:59:00-04:00,2021-09-20 10:59:00-04:00,2021-09-20 15:59:00-04:00,S,14997.25,15005.0,,17.263432383516438,-17.5,-0.5068516970214291,time,1,S
2021-09-22 10:29:00-04:00,2021-09-22 10:29:00-04:00,2021-09-22 15:59:00-04:00,L,15118.75,15161.5,,19.830714657215708,83.5,2.1053199908157936,time,1,L
2021-09-23 09:59:00-04:00,2021-09-23 09:59:00-04:00,2021-09-23 15:59:00-04:00,L,15275.25,15299.25,,20.541020753128873,46.0,1.1197106646463306,time,1,L
2021-09-27 09:59:00-04:00,2021-09-27 09:59:00-04:00,2021-09-27 15:59:00-04:00,S,15122.5,15194.5,,19.977079118769282,-146.0,-3.65418786029703,time,1,S
2021-09-28 09:59:00-04:00,2021-09-28 09:59:00-04:00,2021-09-28 15:59:00-04:00,S,14951.0,14764.75,,20.80371632457148,370.5,8.904659009467427,time,1,S
2021-09-29 09:59:00-04:00,2021-09-29 09:59:00-04:00,2021-09-29 15:59:00-04:00,L,14883.0,14742.25,,22.542736587102084,-283.5,-6.288056441253136,time,1,L
2021-10-01 10:29:00-04:00,2021-10-01 10:29:00-04:00,2021-10-01 15:59:00-04:00,S,14550.0,14771.0,,22.393609608266598,-444.0,-9.913542474101574,time,1,S
2021-10-04 09:59:00-04:00,2021-10-04 09:59:00-04:00,2021-10-04 15:59:00-04:00,S,14593.75,14467.5,,22.80120892196184,250.5,5.493129790998089,time,1,S
2021-10-05 09:59:00-04:00,2021-10-05 09:59:00-04:00,2021-10-05 15:59:00-04:00,L,14582.0,14657.75,,24.515408284678852,149.5,3.0491027982069445,time,1,L
2021-10-07 09:59:00-04:00,2021-10-07 09:59:00-04:00,2021-10-07 15:59:00-04:00,L,14955.5,14886.0,,25.90716326587105,-141.0,-2.721255093678032,time,1,L
2021-10-14 12:29:00-04:00,2021-10-14 12:29:00-04:00,2021-10-14 15:59:00-04:00,L,15028.5,15036.5,,24.459941533801135,14.0,0.28618220490538443,time,1,L
2021-10-18 13:59:00-04:00,2021-10-18 13:59:00-04:00,2021-10-18 15:59:00-04:00,L,15247.75,15286.0,,23.999260812308123,74.5,1.5521311381763967,time,1,L
2021-10-22 11:59:00-04:00,2021-10-22 11:59:00-04:00,2021-10-22 15:59:00-04:00,S,15315.25,15342.25,,22.47022173209945,-56.0,-1.2460936226544252,time,1,S
2021-10-25 14:29:00-04:00,2021-10-25 14:29:00-04:00,2021-10-25 15:59:00-04:00,L,15522.25,15501.0,,22.222348751235202,-44.5,-1.0012442991096187,time,1,L
2021-10-26 10:29:00-04:00,2021-10-26 10:29:00-04:00,2021-10-26 15:59:00-04:00,L,15682.25,15544.75,,22.41539526900412,-277.0,-6.17878910177047,time,1,L
2021-10-27 09:59:00-04:00,2021-10-27 09:59:00-04:00,2021-10-27 15:59:00-04:00,L,15642.5,15584.75,,22.230367035503825,-117.5,-2.6427813767613983,time,1,L
2021-10-28 11:29:00-04:00,2021-10-28 11:29:00-04:00,2021-10-28 15:59:00-04:00,L,15739.25,15761.25,,22.14248367582498,42.0,0.9484030927807644,time,1,L
2021-11-01 09:59:00-04:00,2021-11-01 09:59:00-04:00,2021-11-01 15:59:00-04:00,S,15804.0,15894.0,,22.286376230685825,-182.0,-4.08321205107824,time,1,S
2021-11-02 09:59:00-04:00,2021-11-02 09:59:00-04:00,2021-11-02 15:59:00-04:00,L,15956.0,15961.75,,21.73734935706541,9.5,0.21851790307892724,time,1,L
2021-11-03 14:59:00-04:00,2021-11-03 14:59:00-04:00,2021-11-03 15:59:00-04:00,L,16083.25,16129.5,,21.118610117275022,90.5,2.142659945361911,time,1,L
2021-11-04 09:59:00-04:00,2021-11-04 09:59:00-04:00,2021-11-04 15:59:00-04:00,L,16245.75,16334.5,,21.117280823183947,175.5,4.155364544078149,time,1,L
2021-11-09 09:59:00-05:00,2021-11-09 09:59:00-05:00,2021-11-09 15:59:00-05:00,S,16225.75,16217.5,,20.410045906900564,14.5,0.3552172314099892,time,1,S
2021-11-10 14:29:00-05:00,2021-11-10 14:29:00-05:00,2021-11-10 15:59:00-05:00,S,15937.25,15978.5,,20.60754262783624,-84.5,-2.050220191850026,time,1,S
2021-11-12 11:29:00-05:00,2021-11-12 11:29:00-05:00,2021-11-12 15:59:00-05:00,L,16182.0,16189.5,,21.040814816858795,13.0,0.30892339752887915,time,1,L
2021-11-15 11:59:00-05:00,2021-11-15 11:59:00-05:00,2021-11-15 15:59:00-05:00,S,16126.25,16188.75,,21.05039947279745,-127.0,-3.016569831943493,time,1,S
2021-11-16 11:29:00-05:00,2021-11-16 11:29:00-05:00,2021-11-16 15:59:00-05:00,L,16298.0,16304.5,,20.93072808188335,11.0,0.2627715566550473,time,1,L
2021-11-17 11:59:00-05:00,2021-11-17 11:59:00-05:00,2021-11-17 15:59:00-05:00,L,16389.0,16313.0,,20.730318933177394,-154.0,-3.7143663948540127,time,1,L
2021-11-18 12:29:00-05:00,2021-11-18 12:29:00-05:00,2021-11-18 15:59:00-05:00,L,16486.5,16481.0,,20.17101043795044,-13.0,-0.322244640148055,time,1,L
2021-11-19 09:59:00-05:00,2021-11-19 09:59:00-05:00,2021-11-19 15:59:00-05:00,L,16613.0,16571.75,,20.196295406668266,-84.5,-2.091967816337753,time,1,L
2021-11-22 09:59:00-05:00,2021-11-22 09:59:00-05:00,2021-11-22 15:59:00-05:00,L,16721.5,16383.5,,19.742988591906247,-678.0,-17.170652681173863,time,1,L
2021-11-23 10:29:00-05:00,2021-11-23 10:29:00-05:00,2021-11-23 15:59:00-05:00,S,16243.0,16305.75,,21.209560835341517,-127.5,-3.005719943704506,time,1,S
2021-11-26 10:29:00-05:00,2021-11-26 10:29:00-05:00,2021-11-26 13:04:00-05:00,S,16176.25,16051.75,,21.194799619258497,247.0,5.826901042639848,time,1,S
2021-11-29 09:59:00-05:00,2021-11-29 09:59:00-05:00,2021-11-29 15:59:00-05:00,L,16298.25,16390.5,,22.720171075025746,182.5,4.016254970029824,time,1,L
2021-11-30 10:59:00-05:00,2021-11-30 10:59:00-05:00,2021-11-30 15:59:00-05:00,S,16143.75,16150.25,,23.95980171252391,-15.0,-0.313024293355471,time,1,S
2021-12-01 15:29:00-05:00,2021-12-01 15:29:00-05:00,2021-12-01 15:59:00-05:00,S,15979.0,15875.75,,25.021601590200774,204.5,4.086469030825119,time,1,S
2021-12-02 09:59:00-05:00,2021-12-02 09:59:00-05:00,2021-12-02 15:59:00-05:00,L,15993.75,15991.25,,27.528987190900718,-7.0,-0.12713871294025925,time,1,L
2021-12-03 09:59:00-05:00,2021-12-03 09:59:00-05:00,2021-12-03 15:59:00-05:00,S,15849.0,15717.0,,27.72870239155067,262.0,4.724346568771193,time,1,S
2021-12-06 13:29:00-05:00,2021-12-06 13:29:00-05:00,2021-12-06 15:59:00-05:00,L,15869.75,15842.75,,29.917723649297052,-56.0,-0.9359000814441272,time,1,L
2021-12-07 09:59:00-05:00,2021-12-07 09:59:00-05:00,2021-12-07 15:59:00-05:00,L,16228.75,16320.75,,30.19324338863298,182.0,3.0139193338288157,time,1,L
2021-12-09 15:29:00-05:00,2021-12-09 15:29:00-05:00,2021-12-09 15:59:00-05:00,S,16169.5,16148.5,,30.99978639121925,40.0,0.6451657359053622,time,1,S
2021-12-15 09:59:00-05:00,2021-12-15 09:59:00-05:00,2021-12-15 15:29:00-05:00,S,15840.25,16206.5,,31.21520132547931,-734.5,-11.765101117583802,sig,1,S
2021-12-15 15:29:00-05:00,2021-12-15 15:29:00-05:00,2021-12-15 15:59:00-05:00,L,16206.5,16281.5,,31.21520132547931,148.0,2.370639843978765,time,1,L
2021-12-16 09:59:00-05:00,2021-12-16 09:59:00-05:00,2021-12-16 15:59:00-05:00,S,16169.5,15863.25,,32.983758373659356,610.5,9.25455481882777,time,1,S
2021-12-21 14:29:00-05:00,2021-12-21 14:29:00-05:00,2021-12-21 15:59:00-05:00,L,15936.25,15973.25,,35.09904961622799,72.0,1.0256687971219443,time,1,L
2021-12-22 10:59:00-05:00,2021-12-22 10:59:00-05:00,2021-12-22 15:59:00-05:00,L,16094.75,16167.75,,35.31876035792598,144.0,2.038576645112695,time,1,L
2021-12-23 10:29:00-05:00,2021-12-23 10:29:00-05:00,2021-12-23 15:59:00-05:00,L,16265.25,16294.0,,34.945991760931264,55.5,0.7940824856206771,time,1,L
2021-12-27 09:59:00-05:00,2021-12-27 09:59:00-05:00,2021-12-27 15:59:00-05:00,L,16435.75,16560.0,,33.953420920864744,246.5,3.6299729646464445,time,1,L
2022-01-04 10:29:00-05:00,2022-01-04 10:29:00-05:00,2022-01-04 15:59:00-05:00,S,16404.0,16273.25,,28.74271931983833,259.5,4.51418665562538,time,1,S
2022-01-05 12:59:00-05:00,2022-01-05 12:59:00-05:00,2022-01-05 15:59:00-05:00,S,16051.5,15764.25,,29.72002508270702,572.5,9.631553109507914,time,1,S
2022-01-07 10:29:00-05:00,2022-01-07 10:29:00-05:00,2022-01-07 15:59:00-05:00,S,15659.0,15585.25,,31.18652672947697,145.5,2.3327381285854427,time,1,S
2022-01-10 09:59:00-05:00,2022-01-10 09:59:00-05:00,2022-01-10 15:59:00-05:00,S,15259.75,15604.5,,31.408917677371473,-691.5,-11.008020191956353,time,1,S
2022-01-11 11:29:00-05:00,2022-01-11 11:29:00-05:00,2022-01-11 15:59:00-05:00,L,15751.25,15831.75,,32.85292355755923,159.0,2.4198759620498858,time,1,L
2022-01-13 10:59:00-05:00,2022-01-13 10:59:00-05:00,2022-01-13 15:59:00-05:00,S,15763.25,15497.5,,32.51578612871179,529.5,8.142198959976026,time,1,S
2022-01-14 09:59:00-05:00,2022-01-14 09:59:00-05:00,2022-01-14 15:59:00-05:00,L,15581.0,15592.5,,33.91465854808953,21.0,0.30960064023971967,time,1,L
2022-01-19 09:59:00-05:00,2022-01-19 09:59:00-05:00,2022-01-19 15:59:00-05:00,L,15361.5,15037.25,,33.10511291186323,-650.5,-9.824766369651817,time,1,L
2022-01-20 09:59:00-05:00,2022-01-20 09:59:00-05:00,2022-01-20 15:59:00-05:00,L,15277.0,14836.5,,33.32081913244443,-883.0,-13.249974385236891,time,1,L
2022-01-21 09:59:00-05:00,2022-01-21 09:59:00-05:00,2022-01-21 15:59:00-05:00,S,14649.5,14414.5,,35.896117765841254,468.0,6.518810795263057,time,1,S
2022-01-24 09:59:00-05:00,2022-01-24 09:59:00-05:00,2022-01-24 15:59:00-05:00,S,14096.25,14506.5,,36.54818078256688,-822.5,-11.252270049954502,time,1,S
2022-01-25 09:59:00-05:00,2022-01-25 09:59:00-05:00,2022-01-25 15:59:00-05:00,S,14097.5,14151.75,,40.176882155240676,-110.5,-1.3751689289009,time,1,S
2022-01-27 13:29:00-05:00,2022-01-27 13:29:00-05:00,2022-01-27 15:59:00-05:00,S,13990.0,13987.75,,43.85468410324324,2.5,0.028503226634975516,time,1,S
2022-01-28 09:59:00-05:00,2022-01-28 09:59:00-05:00,2022-01-28 11:29:00-05:00,S,13900.25,14217.25,,44.75434952444015,-636.0,-7.105454629082288,sig,1,S
2022-01-28 11:29:00-05:00,2022-01-28 11:29:00-05:00,2022-01-28 15:59:00-05:00,L,14217.25,14433.75,,44.75434952444015,431.0,4.815174442035325,time,1,L
2022-01-31 09:59:00-05:00,2022-01-31 09:59:00-05:00,2022-01-31 15:59:00-05:00,L,14629.75,14898.0,,45.92725312983728,534.5,5.8189850641508825,time,1,L
2022-02-04 12:59:00-05:00,2022-02-04 12:59:00-05:00,2022-02-04 15:59:00-05:00,L,14652.0,14680.25,,45.71821966475642,54.5,0.5960424574670538,time,1,L
2022-02-08 11:29:00-05:00,2022-02-08 11:29:00-05:00,2022-02-08 15:59:00-05:00,L,14665.5,14733.0,,44.59683226195834,133.0,1.4911372989315508,time,1,L
2022-02-11 11:29:00-05:00,2022-02-11 11:29:00-05:00,2022-02-11 15:59:00-05:00,S,14574.75,14238.25,,42.91845498524872,671.0,7.817149990961067,time,1,S
2022-02-14 11:29:00-05:00,2022-02-14 11:29:00-05:00,2022-02-14 15:59:00-05:00,L,14358.5,14256.5,,44.036779629159525,-206.0,-2.338953957745748,time,1,L
2022-02-16 09:59:00-05:00,2022-02-16 09:59:00-05:00,2022-02-16 15:59:00-05:00,S,14408.0,14601.5,,43.1780140679998,-389.0,-4.504607360905659,time,1,S
2022-02-17 10:29:00-05:00,2022-02-17 10:29:00-05:00,2022-02-17 15:59:00-05:00,S,14342.25,14165.5,,42.147441634571244,351.5,4.16988536395153,time,1,S
2022-02-18 10:59:00-05:00,2022-02-18 10:59:00-05:00,2022-02-18 15:59:00-05:00,S,14049.25,14005.5,,42.610124374959014,85.5,1.0032826852090388,time,1,S
2022-02-22 09:59:00-05:00,2022-02-22 09:59:00-05:00,2022-02-22 15:59:00-05:00,L,14022.75,13865.25,,42.48449499677589,-317.0,-3.730772838703354,time,1,L
2022-02-23 10:59:00-05:00,2022-02-23 10:59:00-05:00,2022-02-23 15:59:00-05:00,S,13778.75,13507.75,,43.13917392557761,540.0,6.258812476701473,time,1,S
2022-02-24 14:29:00-05:00,2022-02-24 14:29:00-05:00,2022-02-24 15:59:00-05:00,L,13665.75,13966.25,,44.32744721660779,599.0,6.756536160011238,time,1,L
2022-02-25 09:59:00-05:00,2022-02-25 09:59:00-05:00,2022-02-25 11:59:00-05:00,S,13867.25,14162.25,,48.002272415421515,-592.0,-6.166374738228125,sig,1,S
2022-02-25 11:59:00-05:00,2022-02-25 11:59:00-05:00,2022-02-25 15:59:00-05:00,L,14162.25,14181.75,,48.002272415421515,37.0,0.3853984211392578,time,1,L
2022-03-01 13:29:00-05:00,2022-03-01 13:29:00-05:00,2022-03-01 15:59:00-05:00,S,13975.5,14004.5,,48.59621958268488,-60.0,-0.617331970626974,time,1,S
2022-03-02 13:29:00-05:00,2022-03-02 13:29:00-05:00,2022-03-02 15:59:00-05:00,L,14238.5,14236.75,,48.17863246963597,-5.5,-0.05707924569534338,time,1,L
2022-03-03 10:59:00-05:00,2022-03-03 10:59:00-05:00,2022-03-03 15:59:00-05:00,S,14052.25,14035.5,,47.46051586466197,31.5,0.3318547999965397,time,1,S
2022-03-04 10:29:00-05:00,2022-03-04 10:29:00-05:00,2022-03-04 15:59:00-05:00,S,13829.0,13834.25,,47.18655044575755,-12.5,-0.13245299647798106,time,1,S
2022-03-07 09:59:00-05:00,2022-03-07 09:59:00-05:00,2022-03-07 15:59:00-05:00,S,13673.5,13320.75,,46.333939699632005,703.5,7.591627266756979,time,1,S
2022-03-08 12:29:00-05:00,2022-03-08 12:29:00-05:00,2022-03-08 15:59:00-05:00,L,13514.5,13254.75,,47.41544400680115,-521.5,-5.499263066324944,time,1,L
2022-03-10 11:29:00-05:00,2022-03-10 11:29:00-05:00,2022-03-10 15:59:00-05:00,S,13411.75,13591.5,,49.10821447525201,-361.5,-3.680646953496723,time,1,S
2022-03-11 12:29:00-05:00,2022-03-11 12:29:00-05:00,2022-03-11 15:59:00-05:00,S,13421.0,13300.75,,48.341556298448296,238.5,2.4668216981634035,time,1,S
2022-03-14 12:59:00-04:00,2022-03-14 12:59:00-04:00,2022-03-14 15:59:00-04:00,S,13079.5,13049.75,,49.02787370570199,57.5,0.5864011189344388,time,1,S
2022-03-15 11:29:00-04:00,2022-03-15 11:29:00-04:00,2022-03-15 15:59:00-04:00,L,13358.75,13457.0,,48.62231129815186,194.5,2.0001105953944336,time,1,L
2022-03-18 12:59:00-04:00,2022-03-18 12:59:00-04:00,2022-03-18 15:59:00-04:00,L,14297.5,14408.75,,48.73688699782785,220.5,2.2621469443650293,time,1,L
2022-03-21 09:59:00-04:00,2022-03-21 09:59:00-04:00,2022-03-21 15:59:00-04:00,S,14302.25,14372.0,,48.64139506941157,-141.5,-1.4545224268144306,time,1,S
2022-03-22 09:59:00-04:00,2022-03-22 09:59:00-04:00,2022-03-22 15:59:00-04:00,L,14469.0,14654.75,,47.18843827873931,369.5,3.9151539389520096,time,1,L
2022-03-25 11:29:00-04:00,2022-03-25 11:29:00-04:00,2022-03-25 15:59:00-04:00,S,14597.75,14755.5,,44.247667237022696,-317.5,-3.5877597602969553,time,1,S
2022-03-28 09:59:00-04:00,2022-03-28 09:59:00-04:00,2022-03-28 15:59:00-04:00,L,14888.25,14986.75,,43.00676243437822,195.0,2.267085325215312,time,1,L
2022-04-01 12:59:00-04:00,2022-04-01 12:59:00-04:00,2022-04-01 15:59:00-04:00,S,14744.75,14861.25,,39.8183326449468,-235.0,-2.950902064326179,time,1,S
2022-04-04 09:59:00-04:00,2022-04-04 09:59:00-04:00,2022-04-04 15:59:00-04:00,L,15048.0,15163.75,,38.643808884593454,229.5,2.9694277896542602,time,1,L
2022-04-05 10:29:00-04:00,2022-04-05 10:29:00-04:00,2022-04-05 15:59:00-04:00,S,14965.25,14831.5,,38.54067967855107,265.5,3.4444125300125146,time,1,S
2022-04-06 09:59:00-04:00,2022-04-06 09:59:00-04:00,2022-04-06 15:59:00-04:00,S,14505.75,14506.0,,38.782416844368846,-2.5,-0.03223110114607255,time,1,S
2022-04-08 09:59:00-04:00,2022-04-08 09:59:00-04:00,2022-04-08 15:59:00-04:00,S,14322.75,14336.5,,38.802696156624165,-29.5,-0.38012822460745344,time,1,S
2022-04-11 10:59:00-04:00,2022-04-11 10:59:00-04:00,2022-04-11 15:59:00-04:00,S,14049.25,14001.0,,38.40250357400815,94.5,1.2303885320638333,time,1,S
2022-04-13 10:29:00-04:00,2022-04-13 10:29:00-04:00,2022-04-13 15:59:00-04:00,L,14073.5,14221.5,,38.6196331837111,294.0,3.8063541230630156,time,1,L
2022-04-14 09:59:00-04:00,2022-04-14 09:59:00-04:00,2022-04-14 15:59:00-04:00,S,14115.5,13894.0,,38.32715938487459,441.0,5.7531005046781,time,1,S
2022-04-18 10:29:00-04:00,2022-04-18 10:29:00-04:00,2022-04-18 15:59:00-04:00,L,13981.0,13916.5,,38.58950514309783,-131.0,-1.6973526806605193,time,1,L
2022-04-19 09:59:00-04:00,2022-04-19 09:59:00-04:00,2022-04-19 15:59:00-04:00,L,14015.0,14212.0,,37.78311191859084,392.0,5.187502829896866,time,1,L
2022-04-20 09:59:00-04:00,2022-04-20 09:59:00-04:00,2022-04-20 15:59:00-04:00,S,14086.25,14003.75,,38.03253249583435,163.0,2.142902264237244,time,1,S
2022-04-21 14:29:00-04:00,2022-04-21 14:29:00-04:00,2022-04-21 15:59:00-04:00,S,13806.5,13721.5,,37.7427087461319,168.0,2.2255954273183645,time,1,S
2022-04-22 10:29:00-04:00,2022-04-22 10:29:00-04:00,2022-04-22 15:59:00-04:00,S,13590.0,13358.5,,39.445015264265336,461.0,5.843577406568233,time,1,S
2022-04-26 09:59:00-04:00,2022-04-26 09:59:00-04:00,2022-04-26 15:59:00-04:00,S,13268.25,13010.0,,39.83256418194307,514.5,6.45828370036536,time,1,S
2022-04-27 09:59:00-04:00,2022-04-27 09:59:00-04:00,2022-04-27 15:59:00-04:00,L,13175.75,13002.5,,42.56952388323285,-348.5,-4.093303943872228,time,1,L
2022-04-28 13:29:00-04:00,2022-04-28 13:29:00-04:00,2022-04-28 15:59:00-04:00,L,13407.0,13462.75,,42.684200748716215,109.5,1.2826760028216455,time,1,L
2022-04-29 12:29:00-04:00,2022-04-29 12:29:00-04:00,2022-04-29 15:59:00-04:00,S,13117.25,12857.0,,43.26925783809362,518.5,5.991551807291691,time,1,S
2022-05-02 10:29:00-04:00,2022-05-02 10:29:00-04:00,2022-05-02 15:59:00-04:00,L,12982.75,13070.5,,44.476810849658364,173.5,1.950454592916622,time,1,L
2022-05-04 10:29:00-04:00,2022-05-04 10:29:00-04:00,2022-05-04 14:59:00-04:00,S,12962.0,13337.0,,42.380005273429916,-752.0,-8.872108381631861,sig,1,S
2022-05-04 14:59:00-04:00,2022-05-04 14:59:00-04:00,2022-05-04 15:59:00-04:00,L,13337.0,13532.75,,42.380005273429916,389.5,4.595327413092566,time,1,L
2022-05-05 09:59:00-04:00,2022-05-05 09:59:00-04:00,2022-05-05 15:59:00-04:00,S,13174.25,12860.0,,44.161790611042065,626.5,7.093235932369011,time,1,S
2022-05-06 09:59:00-04:00,2022-05-06 09:59:00-04:00,2022-05-06 15:59:00-04:00,S,12550.75,12693.25,,47.03416271025335,-287.0,-3.050973839674992,time,1,S
2022-05-09 10:59:00-04:00,2022-05-09 10:59:00-04:00,2022-05-09 15:59:00-04:00,S,12303.75,12197.0,,46.603151088092396,211.5,2.269159864321283,time,1,S
2022-05-11 13:29:00-04:00,2022-05-11 13:29:00-04:00,2022-05-11 15:59:00-04:00,S,12090.25,11974.75,,46.89404354024293,229.0,2.4416747065486013,time,1,S
2022-05-13 09:59:00-04:00,2022-05-13 09:59:00-04:00,2022-05-13 15:59:00-04:00,L,12242.75,12384.5,,47.68274672602579,281.5,2.951801430582795,time,1,L
2022-05-18 11:29:00-04:00,2022-05-18 11:29:00-04:00,2022-05-18 15:59:00-04:00,S,12146.25,11940.75,,46.15481762284208,409.0,4.430740072923453,time,1,S
2022-05-20 11:59:00-04:00,2022-05-20 11:59:00-04:00,2022-05-20 15:59:00-04:00,S,11733.5,11834.75,,47.30275090949139,-204.5,-2.1616078987804355,time,1,S
2022-05-24 09:59:00-04:00,2022-05-24 09:59:00-04:00,2022-05-24 15:59:00-04:00,S,11678.25,11782.25,,46.88489746787778,-210.0,-2.23952713284568,time,1,S
2022-05-25 10:29:00-04:00,2022-05-25 10:29:00-04:00,2022-05-25 15:59:00-04:00,L,11889.75,11949.5,,46.95383336302936,117.5,1.25122904334066,time,1,L
2022-05-26 09:59:00-04:00,2022-05-26 09:59:00-04:00,2022-05-26 15:59:00-04:00,L,12114.75,12274.0,,46.18748812281298,316.5,3.4262525725411113,time,1,L
2022-05-27 09:59:00-04:00,2022-05-27 09:59:00-04:00,2022-05-27 15:59:00-04:00,L,12519.0,12681.0,,46.42409611404062,322.0,3.4680265955960476,time,1,L
2022-05-31 09:59:00-04:00,2022-05-31 09:59:00-04:00,2022-05-31 15:59:00-04:00,S,12551.0,12645.5,,44.85330226159626,-191.0,-2.129163187205679,time,1,S
2022-06-02 12:29:00-04:00,2022-06-02 12:29:00-04:00,2022-06-02 15:59:00-04:00,L,12768.75,12893.5,,43.598255521478414,247.5,2.838416320098755,time,1,L
2022-06-03 11:29:00-04:00,2022-06-03 11:29:00-04:00,2022-06-03 15:59:00-04:00,S,12522.5,12554.0,,43.780522984229954,-65.0,-0.7423392363701714,time,1,S
2022-06-10 09:59:00-04:00,2022-06-10 09:59:00-04:00,2022-06-10 15:59:00-04:00,S,11958.25,11837.5,,40.93323433015948,239.5,2.9254956750820096,time,1,S
2022-06-13 15:29:00-04:00,2022-06-13 15:29:00-04:00,2022-06-13 15:59:00-04:00,S,11300.5,11296.0,,41.70050330657666,7.0,0.08393184068471445,time,1,S
2022-06-16 09:59:00-04:00,2022-06-16 09:59:00-04:00,2022-06-16 15:59:00-04:00,S,11266.75,11166.25,,42.46907097833415,199.0,2.3428814831094495,time,1,S
2022-06-17 09:59:00-04:00,2022-06-17 09:59:00-04:00,2022-06-17 15:59:00-04:00,L,11313.75,11292.25,,44.473065908453144,-45.0,-0.5059241934503856,time,1,L
2022-06-21 09:59:00-04:00,2022-06-21 09:59:00-04:00,2022-06-21 15:59:00-04:00,L,11628.0,11579.0,,41.34514356392133,-100.0,-1.2093318752829554,time,1,L
2022-06-22 10:29:00-04:00,2022-06-22 10:29:00-04:00,2022-06-22 15:59:00-04:00,L,11708.25,11558.25,,40.391919023641236,-302.0,-3.738371527027975,time,1,L
2022-06-24 09:59:00-04:00,2022-06-24 09:59:00-04:00,2022-06-24 15:59:00-04:00,L,11954.75,12147.0,,39.844307729568214,382.5,4.799932810931348,time,1,L
2022-06-27 09:59:00-04:00,2022-06-27 09:59:00-04:00,2022-06-27 15:59:00-04:00,S,12064.25,12045.25,,40.31792860602763,36.0,0.4464515073651119,time,1,S
2022-06-28 11:29:00-04:00,2022-06-28 11:29:00-04:00,2022-06-28 15:59:00-04:00,S,11862.25,11674.0,,39.35593370559708,374.5,4.757859422183392,time,1,S
2022-06-30 09:59:00-04:00,2022-06-30 09:59:00-04:00,2022-06-30 15:59:00-04:00,S,11397.5,11539.0,,38.656774470642375,-285.0,-3.6862879004098144,time,1,S
2022-07-05 13:29:00-04:00,2022-07-05 13:29:00-04:00,2022-07-05 15:59:00-04:00,L,11666.75,11812.25,,35.78354902040864,289.0,4.038168486797843,time,1,L
2022-07-07 09:59:00-04:00,2022-07-07 09:59:00-04:00,2022-07-07 15:59:00-04:00,L,12035.0,12136.0,,35.44997339004623,200.0,2.8208765885302003,time,1,L
2022-07-11 09:59:00-04:00,2022-07-11 09:59:00-04:00,2022-07-11 15:59:00-04:00,S,11884.5,11891.0,,34.60992603529497,-15.0,-0.21670083872330587,time,1,S
2022-07-19 10:59:00-04:00,2022-07-19 10:59:00-04:00,2022-07-19 15:59:00-04:00,L,12143.5,12268.5,,34.55147811252859,248.0,3.588847909665456,time,1,L
2022-07-20 10:29:00-04:00,2022-07-20 10:29:00-04:00,2022-07-20 15:59:00-04:00,L,12391.0,12465.75,,35.22101539020513,147.5,2.093920325207594,time,1,L
2022-07-21 12:29:00-04:00,2022-07-21 12:29:00-04:00,2022-07-21 15:59:00-04:00,L,12606.25,12645.0,,34.715942862333335,75.5,1.0873966508614865,time,1,L
2022-07-22 11:29:00-04:00,2022-07-22 11:29:00-04:00,2022-07-22 15:59:00-04:00,S,12487.0,12424.0,,34.25051837216667,124.0,1.8101915809362952,time,1,S
2022-07-25 10:29:00-04:00,2022-07-25 10:29:00-04:00,2022-07-25 15:59:00-04:00,S,12332.0,12355.5,,34.3219099170119,-49.0,-0.7138297390570447,time,1,S
2022-07-26 10:29:00-04:00,2022-07-26 10:29:00-04:00,2022-07-26 15:59:00-04:00,S,12185.75,12110.75,,33.52927349436819,148.0,2.207026645311285,time,1,S
2022-07-27 09:59:00-04:00,2022-07-27 09:59:00-04:00,2022-07-27 15:59:00-04:00,L,12386.5,12615.25,,33.02003967334189,455.5,6.89732666141736,time,1,L
2022-07-28 09:59:00-04:00,2022-07-28 09:59:00-04:00,2022-07-28 15:59:00-04:00,S,12489.5,12738.75,,34.23110826810319,-500.5,-7.310601749730226,time,1,S
2022-07-29 10:29:00-04:00,2022-07-29 10:29:00-04:00,2022-07-29 15:59:00-04:00,L,12916.5,12971.5,,35.348529106095825,108.0,1.527644894018737,time,1,L
2022-08-01 10:59:00-04:00,2022-08-01 10:59:00-04:00,2022-08-01 15:59:00-04:00,L,13089.75,12962.25,,34.73970559851755,-257.0,-3.6989375064100565,time,1,L
2022-08-03 09:59:00-04:00,2022-08-03 09:59:00-04:00,2022-08-03 15:59:00-04:00,L,13115.75,13271.5,,33.66574105178298,309.5,4.596661031817812,time,1,L
2022-08-08 09:59:00-04:00,2022-08-08 09:59:00-04:00,2022-08-08 15:59:00-04:00,L,13392.25,13181.25,,32.96139143249535,-424.0,-6.431767312802138,time,1,L
2022-08-09 09:59:00-04:00,2022-08-09 09:59:00-04:00,2022-08-09 15:59:00-04:00,S,13001.25,13032.5,,32.74272061588854,-64.5,-0.9849517509046135,time,1,S
2022-08-12 13:29:00-04:00,2022-08-12 13:29:00-04:00,2022-08-12 15:59:00-04:00,L,13503.25,13579.25,,32.78583534734224,150.0,2.287573252455799,time,1,L
2022-08-16 10:59:00-04:00,2022-08-16 10:59:00-04:00,2022-08-16 15:59:00-04:00,S,13556.75,13654.0,,31.565210069902236,-196.5,-3.112604027738831,time,1,S
2022-08-17 10:59:00-04:00,2022-08-17 10:59:00-04:00,2022-08-17 15:59:00-04:00,S,13429.5,13496.25,,30.865909350623504,-135.5,-2.194978260008122,time,1,S
2022-08-19 09:59:00-04:00,2022-08-19 09:59:00-04:00,2022-08-19 15:59:00-04:00,S,13308.5,13263.5,,29.558105511507,88.0,1.488593373579736,time,1,S
2022-08-22 10:29:00-04:00,2022-08-22 10:29:00-04:00,2022-08-22 15:59:00-04:00,S,12980.0,12916.25,,29.677169403542212,125.5,2.1144199821331435,time,1,S
2022-08-24 11:29:00-04:00,2022-08-24 11:29:00-04:00,2022-08-24 15:59:00-04:00,L,12987.5,12933.75,,29.467686883666506,-109.5,-1.8579673462713187,time,1,L
2022-08-25 10:29:00-04:00,2022-08-25 10:29:00-04:00,2022-08-25 15:59:00-04:00,L,13094.0,13158.25,,28.693209249118894,126.5,2.2043543282612164,time,1,L
2022-08-26 10:29:00-04:00,2022-08-26 10:29:00-04:00,2022-08-26 15:59:00-04:00,S,12986.5,12619.5,,28.332980017038974,732.0,12.917808143721338,time,1,S
2022-08-30 10:29:00-04:00,2022-08-30 10:29:00-04:00,2022-08-30 15:59:00-04:00,S,12404.0,12354.0,,30.32830930040605,98.0,1.6156522117553043,time,1,S
2022-09-01 10:59:00-04:00,2022-09-01 10:59:00-04:00,2022-09-01 15:59:00-04:00,S,12052.75,12286.0,,30.570838121268487,-468.5,-7.66253117009015,time,1,S
2022-09-02 13:29:00-04:00,2022-09-02 13:29:00-04:00,2022-09-02 15:59:00-04:00,S,12138.5,12110.5,,30.4407782554636,54.0,0.8869681245798623,time,1,S
2022-09-06 09:59:00-04:00,2022-09-06 09:59:00-04:00,2022-09-06 15:59:00-04:00,S,12046.0,12021.75,,29.85378329170075,46.5,0.778795765107045,time,1,S
2022-09-07 11:59:00-04:00,2022-09-07 11:59:00-04:00,2022-09-07 15:59:00-04:00,L,12144.75,12261.75,,29.9695844851507,232.0,3.8705908671331617,time,1,L
2022-09-09 09:59:00-04:00,2022-09-09 09:59:00-04:00,2022-09-09 15:59:00-04:00,L,12503.25,12590.0,,30.263060091788105,171.5,2.8334874179914245,time,1,L
2022-09-12 09:59:00-04:00,2022-09-12 09:59:00-04:00,2022-09-12 15:59:00-04:00,L,12736.75,12742.5,,30.137127228088957,9.5,0.1576128993334447,time,1,L
2022-09-13 09:59:00-04:00,2022-09-13 09:59:00-04:00,2022-09-13 15:59:00-04:00,S,12307.0,12040.5,,29.41840385465403,531.0,9.024962785599856,time,1,S
2022-09-15 10:59:00-04:00,2022-09-15 10:59:00-04:00,2022-09-15 15:59:00-04:00,S,12012.25,12004.5,,32.842271691002715,13.5,0.2055278046387148,time,1,S
2022-09-16 09:59:00-04:00,2022-09-16 09:59:00-04:00,2022-09-16 15:59:00-04:00,S,11791.75,11927.0,,32.85532371307395,-272.5,-4.146968728412886,time,1,S
2022-09-22 10:59:00-04:00,2022-09-22 10:59:00-04:00,2022-09-22 15:59:00-04:00,S,11543.75,11563.0,,32.49640646004543,-40.5,-0.6231458245974836,time,1,S
2022-09-23 09:59:00-04:00,2022-09-23 09:59:00-04:00,2022-09-23 15:59:00-04:00,S,11354.0,11374.25,,32.21630599861361,-42.5,-0.6596038664679453,time,1,S
2022-09-26 09:59:00-04:00,2022-09-26 09:59:00-04:00,2022-09-26 15:59:00-04:00,L,11491.25,11319.5,,32.56692699871264,-345.5,-5.304461179491352,time,1,L
2022-09-28 10:29:00-04:00,2022-09-28 10:29:00-04:00,2022-09-28 15:59:00-04:00,L,11406.5,11553.75,,32.33538603460426,292.5,4.522908736685193,time,1,L
2022-09-29 09:59:00-04:00,2022-09-29 09:59:00-04:00,2022-09-29 15:59:00-04:00,S,11256.25,11231.25,,33.3882156035611,48.0,0.7188164915719611,time,1,S
2022-09-30 11:29:00-04:00,2022-09-30 11:29:00-04:00,2022-09-30 15:59:00-04:00,L,11329.75,11028.5,,34.394414489021024,-604.5,-8.787764074206894,time,1,L
2022-10-03 10:29:00-04:00,2022-10-03 10:29:00-04:00,2022-10-03 15:59:00-04:00,L,11205.5,11290.5,,34.312670596948095,168.0,2.4480752602063944,time,1,L
2022-10-04 09:59:00-04:00,2022-10-04 09:59:00-04:00,2022-10-04 15:59:00-04:00,L,11617.25,11643.5,,35.199265554308944,50.5,0.7173445128007508,time,1,L
2022-10-05 10:29:00-04:00,2022-10-05 10:29:00-04:00,2022-10-05 15:59:00-04:00,S,11386.25,11636.5,,35.49574658614402,-502.5,-7.078312873071867,time,1,S
2022-10-07 09:59:00-04:00,2022-10-07 09:59:00-04:00,2022-10-07 15:59:00-04:00,S,11225.25,11099.25,,34.48459782172622,250.0,3.6248066643029446,time,1,S
2022-10-10 09:59:00-04:00,2022-10-10 09:59:00-04:00,2022-10-10 15:59:00-04:00,S,11014.25,10981.0,,35.833912263031486,64.5,0.8999854596750555,time,1,S
2022-10-11 09:59:00-04:00,2022-10-11 09:59:00-04:00,2022-10-11 15:59:00-04:00,S,10823.25,10844.25,,35.12970424424352,-44.0,-0.6262506466619342,time,1,S
2022-10-13 11:59:00-04:00,2022-10-13 11:59:00-04:00,2022-10-13 15:59:00-04:00,L,11005.0,11081.5,,33.3192347820263,151.0,2.265958401923674,time,1,L
2022-10-14 10:29:00-04:00,2022-10-14 10:29:00-04:00,2022-10-14 15:59:00-04:00,S,10920.0,10747.75,,35.637503726167274,342.5,4.805330960211379,time,1,S
2022-10-17 09:59:00-04:00,2022-10-17 09:59:00-04:00,2022-10-17 15:59:00-04:00,L,11074.0,11110.5,,36.856253460012475,71.0,0.9632015375224192,time,1,L
2022-10-20 10:29:00-04:00,2022-10-20 10:29:00-04:00,2022-10-20 15:59:00-04:00,L,11311.5,11087.0,,36.94002873602311,-451.0,-6.104489024939424,time,1,L
2022-10-21 12:59:00-04:00,2022-10-21 12:59:00-04:00,2022-10-21 15:59:00-04:00,L,11233.0,11353.75,,36.59431239773575,239.5,3.2723664458690433,time,1,L
2022-10-25 09:59:00-04:00,2022-10-25 09:59:00-04:00,2022-10-25 15:59:00-04:00,L,11650.0,11712.75,,36.840121404170105,123.5,1.676161685857263,time,1,L
2022-10-27 09:59:00-04:00,2022-10-27 09:59:00-04:00,2022-10-27 15:59:00-04:00,S,11291.25,11241.5,,35.841354680126265,97.5,1.360160642226826,time,1,S
2022-10-28 09:59:00-04:00,2022-10-28 09:59:00-04:00,2022-10-28 15:59:00-04:00,L,11321.75,11584.0,,37.66161506011725,522.5,6.93677102224587,time,1,L
2022-11-02 15:29:00-04:00,2022-11-02 15:29:00-04:00,2022-11-02 15:59:00-04:00,S,11020.5,10939.0,,37.71553144572799,161.0,2.1343991961465036,time,1,S
2022-11-03 09:59:00-04:00,2022-11-03 09:59:00-04:00,2022-11-03 15:59:00-04:00,S,10727.0,10724.75,,38.96085062817599,2.5,0.032083488420964194,time,1,S
2022-11-08 11:29:00-05:00,2022-11-08 11:29:00-05:00,2022-11-08 15:59:00-05:00,L,11187.25,11093.5,,37.08673973400242,-189.5,-2.5548214989933418,time,1,L
2022-11-09 13:59:00-05:00,2022-11-09 13:59:00-05:00,2022-11-09 15:59:00-05:00,S,10878.25,10831.5,,36.60375832443082,91.5,1.2498716551044597,time,1,S
2022-11-10 09:59:00-05:00,2022-11-10 09:59:00-05:00,2022-11-10 15:59:00-05:00,L,11451.25,11628.0,,36.437418444114336,351.5,4.823338411571486,time,1,L
2022-11-11 10:29:00-05:00,2022-11-11 10:29:00-05:00,2022-11-11 15:59:00-05:00,L,11752.0,11847.75,,40.034745698106164,189.5,2.366694188955024,time,1,L
2022-11-16 10:29:00-05:00,2022-11-16 10:29:00-05:00,2022-11-16 15:59:00-05:00,S,11751.0,11740.5,,37.799694350852484,19.0,0.25132478352396387,time,1,S
2022-11-23 09:59:00-05:00,2022-11-23 09:59:00-05:00,2022-11-23 15:59:00-05:00,L,11833.75,11868.0,,33.64556042424859,66.5,0.9882433099861962,time,1,L
2022-11-28 15:29:00-05:00,2022-11-28 15:29:00-05:00,2022-11-28 15:59:00-05:00,S,11581.0,11611.25,,29.528861607898747,-62.5,-1.0582866490065048,time,1,S
2022-11-29 11:29:00-05:00,2022-11-29 11:29:00-05:00,2022-11-29 15:59:00-05:00,S,11489.5,11523.5,,28.944657207334547,-70.0,-1.2092041632861708,time,1,S
2022-11-30 13:59:00-05:00,2022-11-30 13:59:00-05:00,2022-11-30 15:59:00-05:00,L,11754.0,12051.75,,28.58611026395351,593.5,10.380915670579903,time,1,L
2022-12-01 09:59:00-05:00,2022-12-01 09:59:00-05:00,2022-12-01 10:29:00-05:00,L,12114.5,11963.5,,30.687102387956827,-304.0,-4.953221000743703,sig,1,L
2022-12-01 10:29:00-05:00,2022-12-01 10:29:00-05:00,2022-12-01 15:59:00-05:00,S,11963.5,12060.0,,30.687102387956827,-195.0,-3.1772305761349413,time,1,S
2022-12-05 11:59:00-05:00,2022-12-05 11:59:00-05:00,2022-12-05 15:59:00-05:00,S,11847.0,11802.5,,30.134032161044406,87.0,1.4435505931474504,time,1,S
2022-12-06 09:59:00-05:00,2022-12-06 09:59:00-05:00,2022-12-06 15:59:00-05:00,S,11664.5,11562.75,,29.908387006684094,201.5,3.368620313007312,time,1,S
2022-12-08 10:29:00-05:00,2022-12-08 10:29:00-05:00,2022-12-08 15:59:00-05:00,L,11649.0,11645.5,,29.3039153271919,-9.0,-0.1535630972774593,time,1,L
2022-12-09 10:59:00-05:00,2022-12-09 10:59:00-05:00,2022-12-09 15:59:00-05:00,L,11704.5,11570.25,,29.00542137524962,-270.5,-4.6629213983910285,time,1,L
2022-12-15 09:59:00-05:00,2022-12-15 09:59:00-05:00,2022-12-15 15:59:00-05:00,S,11572.75,11460.75,,30.18498646133133,222.0,3.677324823126797,time,1,S
2022-12-16 10:29:00-05:00,2022-12-16 10:29:00-05:00,2022-12-16 15:59:00-05:00,S,11338.5,11342.25,,31.559273142664807,-9.5,-0.15051043725016916,time,1,S
2022-12-19 09:59:00-05:00,2022-12-19 09:59:00-05:00,2022-12-19 15:59:00-05:00,S,11268.5,11188.25,,30.847896489617327,158.5,2.5690568569780337,time,1,S
2022-12-21 10:59:00-05:00,2022-12-21 10:59:00-05:00,2022-12-21 15:59:00-05:00,L,11350.5,11336.0,,29.91298217727208,-31.0,-0.5181696665395308,time,1,L
2022-12-22 09:59:00-05:00,2022-12-22 09:59:00-05:00,2022-12-22 15:59:00-05:00,S,11123.0,11055.5,,29.267412021752644,133.0,2.2721517006893093,time,1,S
2022-12-23 09:59:00-05:00,2022-12-23 09:59:00-05:00,2022-12-23 15:59:00-05:00,S,10938.75,11079.75,,30.846525448770315,-284.0,-4.60343581437827,time,1,S
2022-12-27 09:59:00-05:00,2022-12-27 09:59:00-05:00,2022-12-27 15:59:00-05:00,S,10929.75,10919.0,,30.26820220242958,19.5,0.3221202215709192,time,1,S
2022-12-28 11:59:00-05:00,2022-12-28 11:59:00-05:00,2022-12-28 15:59:00-05:00,S,10794.0,10771.0,,30.165116330827473,44.0,0.7293192493846586,time,1,S
2022-12-29 09:59:00-05:00,2022-12-29 09:59:00-05:00,2022-12-29 15:59:00-05:00,L,10963.5,11032.0,,29.712250878625504,135.0,2.2717901876817543,time,1,L
2023-01-03 11:29:00-05:00,2023-01-03 11:29:00-05:00,2023-01-03 15:59:00-05:00,S,10914.25,10942.75,,28.97102244126383,-59.0,-1.0182588501944874,time,1,S
2023-01-06 11:59:00-05:00,2023-01-06 11:59:00-05:00,2023-01-06 15:59:00-05:00,L,11024.5,11114.0,,28.357484075603722,177.0,3.120869247922371,time,1,L
2023-01-09 09:59:00-05:00,2023-01-09 09:59:00-05:00,2023-01-09 15:59:00-05:00,L,11310.75,11187.5,,29.2962352130606,-248.5,-4.241159285361277,time,1,L
2023-01-11 15:29:00-05:00,2023-01-11 15:29:00-05:00,2023-01-11 15:59:00-05:00,L,11442.0,11475.75,,28.495605872485925,65.5,1.1493000059922196,time,1,L
2023-01-12 09:59:00-05:00,2023-01-12 09:59:00-05:00,2023-01-12 15:59:00-05:00,S,11357.75,11531.5,,28.174491167308357,-349.5,-6.20241902372907,time,1,S
2023-01-18 12:29:00-05:00,2023-01-18 12:29:00-05:00,2023-01-18 15:59:00-05:00,S,11523.25,11479.75,,25.984991728173,85.0,1.6355594969815357,time,1,S
2023-01-20 11:29:00-05:00,2023-01-20 11:29:00-05:00,2023-01-20 15:59:00-05:00,L,11536.5,11675.5,,25.613717357455286,276.0,5.387738065276685,time,1,L
2023-01-23 09:59:00-05:00,2023-01-23 09:59:00-05:00,2023-01-23 15:59:00-05:00,L,11801.25,11931.0,,26.07523754620848,257.5,4.937634787481395,time,1,L
2023-01-25 09:59:00-05:00,2023-01-25 09:59:00-05:00,2023-01-25 15:59:00-05:00,S,11624.0,11875.25,,25.934898700557312,-504.5,-9.726276663443432,time,1,S
2023-01-27 10:29:00-05:00,2023-01-27 10:29:00-05:00,2023-01-27 15:59:00-05:00,L,12167.5,12222.75,,26.586723879562175,108.5,2.0404920984530635,time,1,L
2023-01-31 10:29:00-05:00,2023-01-31 10:29:00-05:00,2023-01-31 15:59:00-05:00,L,12059.25,12153.5,,26.94671599819392,186.5,3.460533001730155,time,1,L
2023-02-01 14:59:00-05:00,2023-02-01 14:59:00-05:00,2023-02-01 15:59:00-05:00,L,12339.5,12420.0,,27.055879141180068,159.0,2.9383632143373233,time,1,L
2023-02-02 10:59:00-05:00,2023-02-02 10:59:00-05:00,2023-02-02 15:59:00-05:00,L,12804.25,12854.75,,28.48045920252435,99.0,1.7380337742452057,time,1,L
2023-02-07 12:59:00-05:00,2023-02-07 12:59:00-05:00,2023-02-07 15:59:00-05:00,L,12742.75,12772.0,,28.88203129298324,56.5,0.9781167991069663,time,1,L
2023-02-08 10:59:00-05:00,2023-02-08 10:59:00-05:00,2023-02-08 15:59:00-05:00,S,12610.25,12543.75,,29.386886200627295,131.0,2.2288853454164816,time,1,S
2023-02-13 09:59:00-05:00,2023-02-13 09:59:00-05:00,2023-02-13 15:59:00-05:00,L,12461.25,12544.25,,29.255152690516823,164.0,2.802925039136119,time,1,L
2023-02-17 09:59:00-05:00,2023-02-17 09:59:00-05:00,2023-02-17 15:59:00-05:00,S,12328.5,12392.0,,29.251070933825776,-129.0,-2.2050474714555683,time,1,S
2023-02-21 14:29:00-05:00,2023-02-21 14:29:00-05:00,2023-02-21 15:59:00-05:00,S,12118.75,12098.25,,27.06393361130896,39.0,0.7205161038324345,time,1,S
2023-02-24 10:59:00-05:00,2023-02-24 10:59:00-05:00,2023-02-24 15:59:00-05:00,S,11935.75,11998.0,,26.144957049579364,-126.5,-2.4192045861868268,time,1,S
2023-03-01 10:29:00-05:00,2023-03-01 10:29:00-05:00,2023-03-01 15:59:00-05:00,S,11970.25,11965.5,,25.123713789331585,7.5,0.14926137240077866,time,1,S
2023-03-02 15:29:00-05:00,2023-03-02 15:29:00-05:00,2023-03-02 15:59:00-05:00,L,12051.25,12065.75,,24.87916280437933,27.0,0.5426227605063815,time,1,L
2023-03-03 09:59:00-05:00,2023-03-03 09:59:00-05:00,2023-03-03 15:59:00-05:00,L,12190.0,12312.0,,24.99315117549509,242.0,4.841326295766828,time,1,L
2023-03-06 10:29:00-05:00,2023-03-06 10:29:00-05:00,2023-03-06 15:59:00-05:00,L,12434.25,12323.5,,25.4757832343883,-223.5,-4.3865187174757825,time,1,L
2023-03-07 10:29:00-05:00,2023-03-07 10:29:00-05:00,2023-03-07 15:59:00-05:00,S,12237.5,12169.75,,25.154298717646277,133.5,2.6536219812470243,time,1,S
2023-03-09 09:59:00-05:00,2023-03-09 09:59:00-05:00,2023-03-09 13:59:00-05:00,L,12327.0,12114.75,,24.32054328205215,-426.5,-8.768307415129673,sig,1,L
2023-03-09 13:59:00-05:00,2023-03-09 13:59:00-05:00,2023-03-09 15:59:00-05:00,S,12114.75,12006.75,,24.32054328205215,214.0,4.399572771014654,time,1,S
2023-03-10 09:59:00-05:00,2023-03-10 09:59:00-05:00,2023-03-10 15:59:00-05:00,S,11908.75,11841.25,,25.27443304761985,133.0,2.631117377577039,time,1,S
2023-03-13 09:59:00-04:00,2023-03-13 09:59:00-04:00,2023-03-13 15:59:00-04:00,L,11887.5,11929.5,,25.722687829932724,82.0,1.5939236315844694,time,1,L
2023-03-14 09:59:00-04:00,2023-03-14 09:59:00-04:00,2023-03-14 15:59:00-04:00,L,12130.0,12200.0,,26.876424413508957,138.0,2.5673057895795983,time,1,L
2023-03-16 10:59:00-04:00,2023-03-16 10:59:00-04:00,2023-03-16 15:59:00-04:00,L,12519.0,12715.25,,27.537580234097007,390.5,7.090310707773867,time,1,L
2023-03-17 11:29:00-04:00,2023-03-17 11:29:00-04:00,2023-03-17 15:59:00-04:00,S,12606.75,12647.75,,28.570610217375787,-84.0,-1.4700421055220185,time,1,S
2023-03-20 09:59:00-04:00,2023-03-20 09:59:00-04:00,2023-03-20 15:59:00-04:00,S,12564.0,12693.25,,28.25128091613466,-260.5,-4.6104104230407685,time,1,S
2023-03-23 10:29:00-04:00,2023-03-23 10:29:00-04:00,2023-03-23 15:59:00-04:00,L,12933.0,12847.0,,28.357202686861463,-174.0,-3.0680036024959922,time,1,L
2023-03-27 11:59:00-04:00,2023-03-27 11:59:00-04:00,2023-03-27 15:59:00-04:00,S,12781.5,12800.0,,28.105955377957077,-39.0,-0.693803136658128,time,1,S
2023-03-28 09:59:00-04:00,2023-03-28 09:59:00-04:00,2023-03-28 15:59:00-04:00,S,12692.25,12733.0,,27.601958565245862,-83.5,-1.5125738233868737,time,1,S
2023-03-31 09:59:00-04:00,2023-03-31 09:59:00-04:00,2023-03-31 15:59:00-04:00,L,13143.25,13301.0,,26.27962025067243,313.5,5.964698062788376,time,1,L
2023-04-05 09:59:00-04:00,2023-04-05 09:59:00-04:00,2023-04-05 15:59:00-04:00,S,13137.25,13079.75,,24.920253531606175,113.0,2.2672321502805524,time,1,S
2023-04-06 13:29:00-04:00,2023-04-06 13:29:00-04:00,2023-04-06 15:59:00-04:00,L,13149.25,13171.25,,24.86344970792002,42.0,0.8446132876449017,time,1,L
2023-04-10 09:59:00-04:00,2023-04-10 09:59:00-04:00,2023-04-10 15:59:00-04:00,S,12986.75,13164.5,,23.482642860400425,-357.5,-7.612005218604767,time,1,S
2023-04-11 09:59:00-04:00,2023-04-11 09:59:00-04:00,2023-04-11 15:59:00-04:00,S,13106.25,13077.25,,23.510668370371825,56.0,1.1909487028997285,time,1,S
2023-04-12 10:59:00-04:00,2023-04-12 10:59:00-04:00,2023-04-12 15:59:00-04:00,S,13009.0,12958.75,,22.956334915345266,98.5,2.145377307902866,time,1,S
2023-04-13 09:59:00-04:00,2023-04-13 09:59:00-04:00,2023-04-13 15:59:00-04:00,L,13067.5,13210.25,,23.480882421392035,283.5,6.0368259359307554,time,1,L
2023-04-21 09:59:00-04:00,2023-04-21 09:59:00-04:00,2023-04-21 15:59:00-04:00,S,12995.25,13088.25,,21.742046153244615,-188.0,-4.323420129709005,time,1,S
2023-04-24 11:29:00-04:00,2023-04-24 11:29:00-04:00,2023-04-24 15:59:00-04:00,S,12998.0,13059.75,,21.18189999944143,-125.5,-2.9624349091278273,time,1,S
2023-04-25 12:29:00-04:00,2023-04-25 12:29:00-04:00,2023-04-25 15:59:00-04:00,S,12908.5,12809.0,,20.859978570909902,197.0,4.721960747235009,time,1,S
2023-04-27 11:29:00-04:00,2023-04-27 11:29:00-04:00,2023-04-27 15:59:00-04:00,L,13136.25,13231.0,,20.770466216753945,187.5,4.513620398389471,time,1,L
2023-04-28 10:29:00-04:00,2023-04-28 10:29:00-04:00,2023-04-28 15:59:00-04:00,L,13291.5,13323.25,,22.111861486985806,61.5,1.3906563234442415,time,1,L
2023-05-02 10:29:00-04:00,2023-05-02 10:29:00-04:00,2023-05-02 15:59:00-04:00,S,13210.75,13185.0,,20.955125465819396,49.5,1.1810952905231014,time,1,S
2023-05-03 09:59:00-04:00,2023-05-03 09:59:00-04:00,2023-05-03 15:59:00-04:00,L,13232.5,13100.0,,21.05475936111801,-267.0,-6.340609156832042,time,1,L
2023-05-04 09:59:00-04:00,2023-05-04 09:59:00-04:00,2023-05-04 15:59:00-04:00,S,13040.75,13048.25,,21.195490835323866,-17.0,-0.40102869360468485,time,1,S
2023-05-05 09:59:00-04:00,2023-05-05 09:59:00-04:00,2023-05-05 15:59:00-04:00,L,13190.75,13323.5,,20.897598632800733,263.5,6.3045521313250825,time,1,L
2023-05-08 09:59:00-04:00,2023-05-08 09:59:00-04:00,2023-05-08 15:59:00-04:00,S,13270.75,13354.75,,21.642413016172107,-170.0,-3.9274733337952883,time,1,S
2023-05-12 10:59:00-04:00,2023-05-12 10:59:00-04:00,2023-05-12 15:59:00-04:00,S,13398.25,13397.5,,19.763996984456778,-0.5,-0.01264926321313499,time,1,S
2023-05-16 10:59:00-04:00,2023-05-16 10:59:00-04:00,2023-05-16 15:59:00-04:00,L,13519.25,13481.75,,19.18821678761834,-77.0,-2.006439703393546,time,1,L
2023-05-17 12:59:00-04:00,2023-05-17 12:59:00-04:00,2023-05-17 15:59:00-04:00,L,13606.0,13644.5,,18.73191558850274,75.0,2.001930866217266,time,1,L
2023-05-18 09:59:00-04:00,2023-05-18 09:59:00-04:00,2023-05-18 15:59:00-04:00,L,13713.0,13889.25,,18.78856447503826,350.5,9.327482162505293,time,1,L
2023-05-22 09:59:00-04:00,2023-05-22 09:59:00-04:00,2023-05-22 15:59:00-04:00,L,13929.0,13905.0,,19.138609164701354,-50.0,-1.3062600205091814,time,1,L
2023-05-23 14:29:00-04:00,2023-05-23 14:29:00-04:00,2023-05-23 15:59:00-04:00,S,13732.0,13725.5,,18.860851367222686,11.0,0.2916093177828743,time,1,S
2023-05-24 10:29:00-04:00,2023-05-24 10:29:00-04:00,2023-05-24 15:59:00-04:00,S,13591.0,13653.75,,19.415433412421066,-127.5,-3.2834703529829934,time,1,S
2023-05-26 09:59:00-04:00,2023-05-26 09:59:00-04:00,2023-05-26 15:59:00-04:00,L,14115.5,14333.0,,20.220195136220205,433.0,10.707117243007513,time,1,L
2023-06-01 11:29:00-04:00,2023-06-01 11:29:00-04:00,2023-06-01 15:59:00-04:00,L,14382.75,14473.25,,20.895415146959223,179.0,4.283236268365042,time,1,L
2023-06-05 10:59:00-04:00,2023-06-05 10:59:00-04:00,2023-06-05 15:59:00-04:00,L,14665.0,14587.25,,21.002551835898515,-157.5,-3.7495443703844082,time,1,L
2023-06-07 10:59:00-04:00,2023-06-07 10:59:00-04:00,2023-06-07 15:59:00-04:00,S,14474.25,14332.0,,20.16980234830025,282.5,7.003043339782822,time,1,S
2023-06-08 09:59:00-04:00,2023-06-08 09:59:00-04:00,2023-06-08 15:59:00-04:00,L,14379.0,14499.75,,21.37195932342166,239.5,5.6031362491301975,time,1,L
2023-06-09 09:59:00-04:00,2023-06-09 09:59:00-04:00,2023-06-09 15:59:00-04:00,L,14653.75,14556.0,,21.77396222889154,-197.5,-4.535233365518111,time,1,L
2023-06-12 14:59:00-04:00,2023-06-12 14:59:00-04:00,2023-06-12 15:59:00-04:00,L,14749.5,14802.5,,21.84546492682786,104.0,2.3803567547852977,time,1,L
2023-06-15 10:29:00-04:00,2023-06-15 10:29:00-04:00,2023-06-15 15:59:00-04:00,L,15265.75,15377.0,,22.772207158979885,220.5,4.841427940221619,time,1,L
2023-06-20 10:29:00-04:00,2023-06-20 10:29:00-04:00,2023-06-20 15:59:00-04:00,S,15142.25,15254.0,,22.63016185432901,-225.5,-4.982288713875532,time,1,S
2023-06-21 09:59:00-04:00,2023-06-21 09:59:00-04:00,2023-06-21 15:59:00-04:00,S,15127.0,15045.75,,22.32800743616265,160.5,3.5941406876292215,time,1,S
2023-06-22 10:29:00-04:00,2023-06-22 10:29:00-04:00,2023-06-22 15:59:00-04:00,L,15135.0,15213.25,,22.66529261929389,154.5,3.408294845231371,time,1,L
2023-06-26 09:59:00-04:00,2023-06-26 09:59:00-04:00,2023-06-26 12:29:00-04:00,L,15137.0,14915.75,,23.158594146227895,-444.5,-9.59686924848158,sig,1,L
2023-06-26 12:29:00-04:00,2023-06-26 12:29:00-04:00,2023-06-26 15:59:00-04:00,S,14915.75,14858.0,,23.158594146227895,113.5,2.4504941725594134,time,1,S
2023-06-27 11:59:00-04:00,2023-06-27 11:59:00-04:00,2023-06-27 15:59:00-04:00,L,15009.75,15108.5,,23.638337421497333,195.5,4.135231605210253,time,1,L
2023-06-28 10:59:00-04:00,2023-06-28 10:59:00-04:00,2023-06-28 15:59:00-04:00,L,15177.75,15139.25,,23.93024189139038,-79.0,-1.650631037466082,time,1,L
2023-06-30 09:59:00-04:00,2023-06-30 09:59:00-04:00,2023-06-30 15:59:00-04:00,L,15318.75,15330.75,,23.188320814515173,22.0,0.474376738530991,time,1,L
2023-07-05 10:59:00-04:00,2023-07-05 10:59:00-04:00,2023-07-05 15:59:00-04:00,L,15414.75,15359.75,,21.13517340724848,-112.0,-2.6496115702932603,time,1,L
2023-07-06 10:59:00-04:00,2023-07-06 10:59:00-04:00,2023-07-06 15:59:00-04:00,S,15122.75,15236.0,,20.886232449587876,-228.5,-5.470110527389748,time,1,S
2023-07-07 12:59:00-04:00,2023-07-07 12:59:00-04:00,2023-07-07 15:59:00-04:00,L,15333.5,15183.25,,21.206858703188743,-302.5,-7.13212655004192,time,1,L
2023-07-10 09:59:00-04:00,2023-07-10 09:59:00-04:00,2023-07-10 15:59:00-04:00,S,15114.75,15190.5,,21.03315451010383,-153.5,-3.649000912494182,time,1,S
2023-07-12 10:29:00-04:00,2023-07-12 10:29:00-04:00,2023-07-12 15:59:00-04:00,L,15488.75,15451.75,,20.391725062283403,-76.0,-1.863500997778992,time,1,L
2023-07-13 11:59:00-04:00,2023-07-13 11:59:00-04:00,2023-07-13 15:59:00-04:00,L,15631.25,15705.75,,20.753030414977445,147.0,3.5416514374187544,time,1,L
2023-07-14 09:59:00-04:00,2023-07-14 09:59:00-04:00,2023-07-14 15:59:00-04:00,L,15809.75,15702.75,,21.309956813907625,-216.0,-5.068053442957492,time,1,L
2023-07-17 11:29:00-04:00,2023-07-17 11:29:00-04:00,2023-07-17 15:59:00-04:00,L,15780.75,15844.5,,21.21281704148565,125.5,2.9581172494572776,time,1,L
2023-07-18 12:29:00-04:00,2023-07-18 12:29:00-04:00,2023-07-18 15:59:00-04:00,L,15908.0,15972.5,,21.310115824236675,127.0,2.9798054841062585,time,1,L
2023-07-20 10:29:00-04:00,2023-07-20 10:29:00-04:00,2023-07-20 15:59:00-04:00,S,15754.75,15588.25,,21.42326313416325,331.0,7.725247034663009,time,1,S
2023-07-25 09:59:00-04:00,2023-07-25 09:59:00-04:00,2023-07-25 15:59:00-04:00,L,15662.25,15666.75,,21.835216510844266,7.0,0.16029151798251032,time,1,L
2023-07-26 10:59:00-04:00,2023-07-26 10:59:00-04:00,2023-07-26 15:59:00-04:00,S,15537.5,15613.75,,21.61127247435539,-154.5,-3.5745234387131655,time,1,S
2023-07-28 09:59:00-04:00,2023-07-28 09:59:00-04:00,2023-07-28 15:59:00-04:00,L,15789.25,15849.25,,22.91966861309215,118.0,2.574208248643616,time,1,L
2023-08-02 09:59:00-04:00,2023-08-02 09:59:00-04:00,2023-08-02 15:59:00-04:00,S,15601.75,15468.25,,22.482502530234488,265.0,5.893472037724177,time,1,S
2023-08-04 12:29:00-04:00,2023-08-04 12:29:00-04:00,2023-08-04 15:59:00-04:00,L,15591.5,15358.25,,23.526749630661367,-468.5,-9.95675151380505,time,1,L
2023-08-08 09:59:00-04:00,2023-08-08 09:59:00-04:00,2023-08-08 15:59:00-04:00,S,15293.75,15350.25,,23.24972289582536,-115.0,-2.4731477556803267,time,1,S
2023-08-09 09:59:00-04:00,2023-08-09 09:59:00-04:00,2023-08-09 15:59:00-04:00,S,15279.0,15180.5,,23.601528403266407,195.0,4.131088391144456,time,1,S
2023-08-10 09:59:00-04:00,2023-08-10 09:59:00-04:00,2023-08-10 15:59:00-04:00,L,15422.5,15200.5,,23.971062088747377,-446.0,-9.302883584147981,time,1,L
2023-08-14 10:59:00-04:00,2023-08-14 10:59:00-04:00,2023-08-14 15:59:00-04:00,L,15230.25,15272.25,,24.336145372440342,82.0,1.6847368131861495,time,1,L
2023-08-15 10:29:00-04:00,2023-08-15 10:29:00-04:00,2023-08-15 15:59:00-04:00,S,15136.25,15105.5,,24.471063560123177,59.5,1.2157215777281996,time,1,S
2023-08-16 15:29:00-04:00,2023-08-16 15:29:00-04:00,2023-08-16 15:59:00-04:00,S,14965.75,14939.75,,24.57313044868581,50.0,1.0173713948332952,time,1,S
2023-08-17 14:29:00-04:00,2023-08-17 14:29:00-04:00,2023-08-17 15:59:00-04:00,S,14858.25,14772.25,,24.558978273779683,170.0,3.461056036307096,time,1,S
2023-08-21 09:59:00-04:00,2023-08-21 09:59:00-04:00,2023-08-21 15:59:00-04:00,L,14913.75,14986.75,,24.410164940146768,144.0,2.949590884639352,time,1,L
2023-08-23 09:59:00-04:00,2023-08-23 09:59:00-04:00,2023-08-23 15:59:00-04:00,L,15094.0,15198.25,,24.33185140247349,206.5,4.243409113928091,time,1,L
2023-08-24 10:29:00-04:00,2023-08-24 10:29:00-04:00,2023-08-24 15:59:00-04:00,S,15072.75,14859.25,,25.45457630229681,425.0,8.34820416872646,time,1,S
2023-08-25 10:59:00-04:00,2023-08-25 10:59:00-04:00,2023-08-25 15:59:00-04:00,S,14759.5,14978.0,,27.929249423561323,-439.0,-7.859144249498812,time,1,S
2023-08-29 09:59:00-04:00,2023-08-29 09:59:00-04:00,2023-08-29 15:59:00-04:00,L,15157.25,15413.25,,27.157490574397265,510.0,9.389674620393732,time,1,L
2023-08-31 09:59:00-04:00,2023-08-31 09:59:00-04:00,2023-08-31 15:59:00-04:00,L,15567.0,15532.0,,27.1028872809854,-72.0,-1.3282717677557756,time,1,L
2023-09-06 10:29:00-04:00,2023-09-06 10:29:00-04:00,2023-09-06 15:59:00-04:00,S,15386.75,15398.5,,23.996689885261972,-25.5,-0.5313232808759452,time,1,S
2023-09-08 10:29:00-04:00,2023-09-08 10:29:00-04:00,2023-09-08 15:59:00-04:00,L,15375.5,15295.0,,23.86513056433303,-163.0,-3.4150242664837362,time,1,L
2023-09-14 12:59:00-04:00,2023-09-14 12:59:00-04:00,2023-09-14 15:59:00-04:00,L,15705.5,15672.0,,23.457661366303512,-69.0,-1.47073484697663,time,1,L
2023-09-15 09:59:00-04:00,2023-09-15 09:59:00-04:00,2023-09-15 15:59:00-04:00,S,15512.5,15391.5,,23.09461412585326,240.0,5.196016670642964,time,1,S
2023-09-19 09:59:00-04:00,2023-09-19 09:59:00-04:00,2023-09-19 15:59:00-04:00,S,15303.5,15377.5,,23.2512234044347,-150.0,-3.2256367200744918,time,1,S
2023-09-20 15:29:00-04:00,2023-09-20 15:29:00-04:00,2023-09-20 15:59:00-04:00,S,15252.0,15152.25,,22.97613601840365,197.5,4.297937648040657,time,1,S
2023-09-21 09:59:00-04:00,2023-09-21 09:59:00-04:00,2023-09-21 15:59:00-04:00,S,14933.25,14861.75,,23.540340588517672,141.0,2.99485896284729,time,1,S
2023-09-22 10:59:00-04:00,2023-09-22 10:59:00-04:00,2023-09-22 15:59:00-04:00,L,15010.0,14867.25,,24.069601975052123,-287.5,-5.972263278345661,time,1,L
2023-09-26 09:59:00-04:00,2023-09-26 09:59:00-04:00,2023-09-26 15:59:00-04:00,S,14769.75,14709.25,,23.26333027440719,119.0,2.5576733553689883,time,1,S
2023-09-27 13:29:00-04:00,2023-09-27 13:29:00-04:00,2023-09-27 15:59:00-04:00,S,14618.0,14744.5,,23.646306683378103,-255.0,-5.3919625465073,time,1,S
2023-09-28 11:29:00-04:00,2023-09-28 11:29:00-04:00,2023-09-28 15:59:00-04:00,L,14827.25,14858.25,,23.628713348851097,60.0,1.2696417090970675,time,1,L
2023-10-02 09:59:00-04:00,2023-10-02 09:59:00-04:00,2023-10-02 15:59:00-04:00,L,14924.25,14988.0,,24.092742632427733,125.5,2.604518753109551,time,1,L
2023-10-03 10:29:00-04:00,2023-10-03 10:29:00-04:00,2023-10-03 15:59:00-04:00,S,14776.25,14720.25,,23.953975301540037,110.0,2.296069830065491,time,1,S
2023-10-04 09:59:00-04:00,2023-10-04 09:59:00-04:00,2023-10-04 15:59:00-04:00,L,14802.0,14919.0,,24.953691351430034,232.0,4.648610835420641,time,1,L
2023-10-05 09:59:00-04:00,2023-10-05 09:59:00-04:00,2023-10-05 15:59:00-04:00,S,14836.75,14866.0,,25.789141969185028,-60.5,-1.1729742709604363,time,1,S
2023-10-06 11:59:00-04:00,2023-10-06 11:59:00-04:00,2023-10-06 15:59:00-04:00,L,15048.25,15112.75,,25.6809889713861,127.0,2.472646208086147,time,1,L
2023-10-10 10:29:00-04:00,2023-10-10 10:29:00-04:00,2023-10-10 15:59:00-04:00,L,15289.5,15270.0,,27.34342926614414,-41.0,-0.7497230797375705,time,1,L
2023-10-13 10:59:00-04:00,2023-10-13 10:59:00-04:00,2023-10-13 15:59:00-04:00,S,15200.75,15121.75,,26.089126857769198,156.0,2.98975126401258,time,1,S
2023-10-16 09:59:00-04:00,2023-10-16 09:59:00-04:00,2023-10-16 15:59:00-04:00,L,15227.25,15293.25,,26.404189225071395,130.0,2.4617305778993956,time,1,L
2023-10-17 09:59:00-04:00,2023-10-17 09:59:00-04:00,2023-10-17 15:59:00-04:00,S,15078.75,15241.0,,26.339604280423437,-326.5,-6.19789113997181,time,1,S
2023-10-19 14:59:00-04:00,2023-10-19 14:59:00-04:00,2023-10-19 15:59:00-04:00,S,14892.25,14886.0,,26.316418996895717,10.5,0.199495227698696,time,1,S
2023-10-20 10:29:00-04:00,2023-10-20 10:29:00-04:00,2023-10-20 15:59:00-04:00,S,14765.5,14661.75,,26.570603354260307,205.5,3.8670555813150234,time,1,S
2023-10-23 12:29:00-04:00,2023-10-23 12:29:00-04:00,2023-10-23 15:59:00-04:00,L,14783.25,14706.0,,26.406631686098855,-156.5,-2.9632707772113496,time,1,L
2023-10-24 09:59:00-04:00,2023-10-24 09:59:00-04:00,2023-10-24 15:59:00-04:00,L,14827.0,14846.25,,26.949015137091795,36.5,0.6772047107161724,time,1,L
2023-10-25 09:59:00-04:00,2023-10-25 09:59:00-04:00,2023-10-25 15:59:00-04:00,S,14650.5,14476.75,,26.76872834158524,345.5,6.453425721072926,time,1,S
2023-10-26 09:59:00-04:00,2023-10-26 09:59:00-04:00,2023-10-26 15:59:00-04:00,S,14330.75,14194.75,,27.817390602900577,270.0,4.853079209590682,time,1,S
2023-10-30 09:59:00-04:00,2023-10-30 09:59:00-04:00,2023-10-30 15:59:00-04:00,L,14450.75,14418.5,,27.573540876990805,-66.5,-1.205866165260843,time,1,L
2023-10-31 09:59:00-04:00,2023-10-31 09:59:00-04:00,2023-10-31 15:59:00-04:00,S,14340.75,14489.5,,27.070073671491457,-299.5,-5.531939137561621,time,1,S
2023-11-01 10:29:00-04:00,2023-11-01 10:29:00-04:00,2023-11-01 15:59:00-04:00,L,14631.0,14742.5,,26.509711266384926,221.0,4.168283799458697,time,1,L
2023-11-03 09:59:00-04:00,2023-11-03 09:59:00-04:00,2023-11-03 15:59:00-04:00,L,15125.0,15174.0,,27.014495938872717,96.0,1.7768238248313948,time,1,L
2023-11-07 10:29:00-05:00,2023-11-07 10:29:00-05:00,2023-11-07 15:59:00-05:00,L,15338.75,15374.5,,26.16466741668107,69.5,1.3281269525270336,time,1,L
2023-11-09 14:59:00-05:00,2023-11-09 14:59:00-05:00,2023-11-09 15:59:00-05:00,S,15261.25,15258.75,,25.06978976234235,3.0,0.059832970847373004,time,1,S
2023-11-10 09:59:00-05:00,2023-11-10 09:59:00-05:00,2023-11-10 15:59:00-05:00,L,15375.75,15597.0,,24.825519065032182,440.5,8.871919230491807,time,1,L
2023-11-14 09:59:00-05:00,2023-11-14 09:59:00-05:00,2023-11-14 15:59:00-05:00,L,15862.25,15878.5,,25.089733275461423,30.5,0.6078183387830192,time,1,L
2023-11-20 09:59:00-05:00,2023-11-20 09:59:00-05:00,2023-11-20 15:59:00-05:00,L,15996.5,16088.5,,23.63998781967029,182.0,3.8494097667969607,time,1,L
2023-11-21 10:29:00-05:00,2023-11-21 10:29:00-05:00,2023-11-21 15:59:00-05:00,S,15926.5,15989.0,,23.94606011826527,-127.0,-2.6517932255404424,time,1,S
2023-11-27 12:29:00-05:00,2023-11-27 12:29:00-05:00,2023-11-27 15:59:00-05:00,L,16060.25,16007.0,,21.452968113228195,-108.5,-2.528787611750036,time,1,L
2023-11-28 11:59:00-05:00,2023-11-28 11:59:00-05:00,2023-11-28 15:59:00-05:00,L,16055.25,16047.5,,20.993827533711897,-17.5,-0.4167891722435676,time,1,L
2023-11-29 09:59:00-05:00,2023-11-29 09:59:00-05:00,2023-11-29 15:59:00-05:00,L,16194.75,16025.5,,20.397839852732478,-340.5,-8.346472039645583,time,1,L
2023-11-30 09:59:00-05:00,2023-11-30 09:59:00-05:00,2023-11-30 15:59:00-05:00,S,15976.0,15981.0,,20.328351291823015,-12.0,-0.2951542854542007,time,1,S
2023-12-01 10:29:00-05:00,2023-12-01 10:29:00-05:00,2023-12-01 12:59:00-05:00,S,15881.0,16038.5,,20.606683342407088,-317.0,-7.691679314245504,sig,1,S
2023-12-01 12:59:00-05:00,2023-12-01 12:59:00-05:00,2023-12-01 15:59:00-05:00,L,16038.5,16024.75,,20.606683342407088,-29.5,-0.7157871917042345,time,1,L
2023-12-04 10:29:00-05:00,2023-12-04 10:29:00-05:00,2023-12-04 15:59:00-05:00,S,15752.25,15871.5,,20.45977738937801,-240.5,-5.877385550755284,time,1,S
2023-12-05 10:59:00-05:00,2023-12-05 10:59:00-05:00,2023-12-05 15:59:00-05:00,L,15951.75,15911.75,,21.21086471870815,-82.0,-1.9329716418321066,time,1,L
2023-12-06 15:29:00-05:00,2023-12-06 15:29:00-05:00,2023-12-06 15:59:00-05:00,S,15827.0,15815.25,,21.127945810228997,21.5,0.5088047885277819,time,1,S
2023-12-07 10:29:00-05:00,2023-12-07 10:29:00-05:00,2023-12-07 15:59:00-05:00,L,15992.25,16035.0,,21.311663966641213,83.5,1.959021128774861,time,1,L
2023-12-08 10:29:00-05:00,2023-12-08 10:29:00-05:00,2023-12-08 15:59:00-05:00,L,16098.0,16098.25,,21.750116540452556,-1.5,-0.03448257385679253,time,1,L
2023-12-11 09:59:00-05:00,2023-12-11 09:59:00-05:00,2023-12-11 15:59:00-05:00,L,16160.25,16234.0,,21.832251073277376,145.5,3.332226244367711,time,1,L
2023-12-12 14:59:00-05:00,2023-12-12 14:59:00-05:00,2023-12-12 15:59:00-05:00,L,16336.25,16364.75,,21.738875996614706,55.0,1.2650148059302813,time,1,L
2023-12-13 14:59:00-05:00,2023-12-13 14:59:00-05:00,2023-12-13 15:59:00-05:00,L,16558.5,16566.25,,21.639670568285084,13.5,0.31192711454178706,time,1,L
2023-12-15 10:29:00-05:00,2023-12-15 10:29:00-05:00,2023-12-15 15:59:00-05:00,L,16863.25,16819.5,,22.575659826735606,-89.5,-1.9822233477758227,time,1,L
2023-12-18 12:59:00-05:00,2023-12-18 12:59:00-05:00,2023-12-18 15:59:00-05:00,L,16932.25,16937.75,,22.07025555339735,9.0,0.20389433140511595,time,1,L
2023-12-20 14:59:00-05:00,2023-12-20 14:59:00-05:00,2023-12-20 15:59:00-05:00,S,16841.5,16764.25,,21.01721014553139,152.5,3.62797914052413,time,1,S
2023-12-29 10:59:00-05:00,2023-12-29 10:59:00-05:00,2023-12-29 15:59:00-05:00,S,17019.0,17019.25,,18.903230087530257,-2.5,-0.0661262648876383,time,1,S
2024-01-02 09:59:00-05:00,2024-01-02 09:59:00-05:00,2024-01-02 15:59:00-05:00,S,16763.0,16721.25,,18.929785081278094,81.5,2.152692163436261,time,1,S
2024-01-03 11:59:00-05:00,2024-01-03 11:59:00-05:00,2024-01-03 15:59:00-05:00,S,16562.0,16540.75,,20.55265757547252,40.5,0.9852740418429532,time,1,S
2024-01-05 10:29:00-05:00,2024-01-05 10:29:00-05:00,2024-01-05 15:59:00-05:00,L,16539.0,16463.5,,20.247827195177834,-153.0,-3.7781831730675295,time,1,L
2024-01-08 09:59:00-05:00,2024-01-08 09:59:00-05:00,2024-01-08 15:59:00-05:00,L,16628.75,16801.25,,20.53548239552228,343.0,8.351398652188236,time,1,L
2024-01-10 12:59:00-05:00,2024-01-10 12:59:00-05:00,2024-01-10 15:59:00-05:00,L,16911.25,16941.25,,22.080211861445235,58.0,1.3133931948650168,time,1,L
2024-01-11 10:59:00-05:00,2024-01-11 10:59:00-05:00,2024-01-11 15:59:00-05:00,S,16855.5,16965.5,,21.799482442770575,-222.0,-5.0918640060104385,time,1,S
2024-01-17 09:59:00-05:00,2024-01-17 09:59:00-05:00,2024-01-17 15:59:00-05:00,S,16707.25,16869.0,,21.18994606538865,-325.5,-7.680529223518576,time,1,S
2024-01-18 11:29:00-05:00,2024-01-18 11:29:00-05:00,2024-01-18 15:59:00-05:00,L,17085.75,17108.75,,21.76387848928946,44.0,1.01084923860546,time,1,L
2024-01-19 12:29:00-05:00,2024-01-19 12:29:00-05:00,2024-01-19 15:59:00-05:00,L,17288.25,17442.25,,22.296815740054498,306.0,6.861966380479495,time,1,L
2024-01-24 12:59:00-05:00,2024-01-24 12:59:00-05:00,2024-01-24 15:59:00-05:00,L,17785.0,17624.5,,22.16103468691681,-323.0,-7.28756586872474,time,1,L
2024-01-29 15:29:00-05:00,2024-01-29 15:29:00-05:00,2024-01-29 15:59:00-05:00,L,17704.75,17707.5,,21.816633821849937,3.5,0.0802140245048862,time,1,L
2024-01-30 12:29:00-05:00,2024-01-30 12:29:00-05:00,2024-01-30 15:59:00-05:00,S,17586.75,17584.0,,22.115445691717795,3.5,0.07913021624770478,time,1,S
2024-01-31 09:59:00-05:00,2024-01-31 09:59:00-05:00,2024-01-31 15:59:00-05:00,S,17369.25,17238.5,,22.458985285166523,259.5,5.777197783093786,time,1,S
2024-02-01 10:29:00-05:00,2024-02-01 10:29:00-05:00,2024-02-01 15:59:00-05:00,L,17368.75,17439.75,,22.726200621940347,140.0,3.0801452985687603,time,1,L
2024-02-02 09:59:00-05:00,2024-02-02 09:59:00-05:00,2024-02-02 15:59:00-05:00,L,17590.0,17729.25,,23.83682914894461,276.5,5.7998485929543655,time,1,L
2024-02-05 10:29:00-05:00,2024-02-05 10:29:00-05:00,2024-02-05 15:59:00-05:00,S,17626.0,17697.5,,24.346698495448567,-145.0,-2.977816479452166,time,1,S
2024-02-06 09:59:00-05:00,2024-02-06 09:59:00-05:00,2024-02-06 15:59:00-05:00,S,17653.5,17662.0,,23.973720031487957,-19.0,-0.3962672454471961,time,1,S
2024-02-07 10:29:00-05:00,2024-02-07 10:29:00-05:00,2024-02-07 15:59:00-05:00,L,17865.0,17841.0,,23.7434543149531,-50.0,-1.052921772391625,time,1,L
2024-02-09 09:59:00-05:00,2024-02-09 09:59:00-05:00,2024-02-09 15:59:00-05:00,L,17940.5,18038.75,,22.857621322587118,194.5,4.254598439072962,time,1,L
2024-02-12 11:29:00-05:00,2024-02-12 11:29:00-05:00,2024-02-12 15:59:00-05:00,L,18094.25,17963.25,,22.791005513830896,-264.0,-5.791758504024528,time,1,L
2024-02-15 09:59:00-05:00,2024-02-15 09:59:00-05:00,2024-02-15 15:59:00-05:00,S,17816.75,17914.25,,23.867033204769125,-197.0,-4.127031590181794,time,1,S
2024-02-16 09:59:00-05:00,2024-02-16 09:59:00-05:00,2024-02-16 15:59:00-05:00,S,17772.75,17747.0,,23.506887975857044,49.5,1.0528828837496356,time,1,S
2024-02-20 09:59:00-05:00,2024-02-20 09:59:00-05:00,2024-02-20 15:59:00-05:00,S,17562.75,17612.5,,22.955684019999186,-101.5,-2.210781432423716,time,1,S
2024-02-21 14:29:00-05:00,2024-02-21 14:29:00-05:00,2024-02-21 15:59:00-05:00,S,17410.5,17537.0,,23.726706589999246,-255.0,-5.373691435698074,time,1,S
2024-02-22 12:29:00-05:00,2024-02-22 12:29:00-05:00,2024-02-22 15:59:00-05:00,L,17988.75,18044.5,,24.4783704049993,109.5,2.236668499338429,time,1,L
2024-03-01 10:29:00-05:00,2024-03-01 10:29:00-05:00,2024-03-01 15:59:00-05:00,L,18180.25,18334.5,,23.54898336712704,306.5,6.507711930100887,time,1,L
2024-03-05 09:59:00-05:00,2024-03-05 09:59:00-05:00,2024-03-05 15:59:00-05:00,S,18038.5,17932.0,,23.60894484206362,211.0,4.468645282784201,time,1,S
2024-03-07 10:59:00-05:00,2024-03-07 10:59:00-05:00,2024-03-07 15:59:00-05:00,L,18250.75,18308.5,,24.80771264443241,113.5,2.2875950239102916,time,1,L
2024-03-08 09:59:00-05:00,2024-03-08 09:59:00-05:00,2024-03-08 11:29:00-05:00,L,18387.5,18198.75,,26.210733169830092,-379.5,-7.239400697818406,sig,1,L
2024-03-08 11:29:00-05:00,2024-03-08 11:29:00-05:00,2024-03-08 15:59:00-05:00,S,18198.75,18040.25,,26.210733169830092,315.0,6.008988721509349,time,1,S
2024-03-11 09:59:00-04:00,2024-03-11 09:59:00-04:00,2024-03-11 15:59:00-04:00,S,17899.0,17970.75,,27.367109371985084,-145.5,-2.6583004807395576,time,1,S
2024-03-12 10:59:00-04:00,2024-03-12 10:59:00-04:00,2024-03-12 15:59:00-04:00,L,18171.25,18226.5,,26.62838727398615,108.5,2.037299497029548,time,1,L
2024-03-14 09:59:00-04:00,2024-03-14 09:59:00-04:00,2024-03-14 15:59:00-04:00,S,18238.0,18278.5,,27.113379843386014,-83.0,-1.5306096192992122,time,1,S
2024-03-15 09:59:00-04:00,2024-03-15 09:59:00-04:00,2024-03-15 15:59:00-04:00,S,18094.0,18058.5,,27.083852711715583,69.0,1.2738217257058275,time,1,S
2024-03-18 10:29:00-04:00,2024-03-18 10:29:00-04:00,2024-03-18 15:59:00-04:00,L,18372.5,18229.0,,27.411791803735895,-289.0,-5.271454016380877,time,1,L
2024-03-19 09:59:00-04:00,2024-03-19 09:59:00-04:00,2024-03-19 15:59:00-04:00,S,18090.0,18270.25,,27.72880667489762,-362.5,-6.536523627757926,time,1,S
2024-03-20 15:29:00-04:00,2024-03-20 15:29:00-04:00,2024-03-20 15:59:00-04:00,L,18486.5,18484.25,,27.435677626690644,-6.5,-0.11845889298678214,time,1,L
2024-04-01 09:59:00-04:00,2024-04-01 09:59:00-04:00,2024-04-01 15:59:00-04:00,L,18585.75,18494.75,,23.50546963380438,-184.0,-3.913982636096334,time,1,L
2024-04-02 10:59:00-04:00,2024-04-02 10:59:00-04:00,2024-04-02 15:59:00-04:00,S,18216.0,18331.0,,23.235436088532637,-232.0,-4.992374559186749,time,1,S
2024-04-03 10:29:00-04:00,2024-04-03 10:29:00-04:00,2024-04-03 15:59:00-04:00,L,18409.5,18370.5,,23.811476367923163,-80.0,-1.6798622387767885,time,1,L
2024-04-04 14:59:00-04:00,2024-04-04 14:59:00-04:00,2024-04-04 15:59:00-04:00,S,18226.25,18076.0,,23.676728055928653,298.5,6.303658159499273,time,1,S
2024-04-05 09:59:00-04:00,2024-04-05 09:59:00-04:00,2024-04-05 15:59:00-04:00,L,18206.25,18293.0,,25.651604623362317,171.5,3.3428707973263703,time,1,L
2024-04-09 10:59:00-04:00,2024-04-09 10:59:00-04:00,2024-04-09 15:59:00-04:00,S,18216.75,18362.5,,25.532123374225677,-293.5,-5.747661400858735,time,1,S
2024-04-11 13:29:00-04:00,2024-04-11 13:29:00-04:00,2024-04-11 15:59:00-04:00,L,18412.5,18481.5,,26.62629515430683,136.0,2.5538663793036536,time,1,L
2024-04-12 10:59:00-04:00,2024-04-12 10:59:00-04:00,2024-04-12 15:59:00-04:00,S,18198.25,18181.75,,27.826202643284915,31.0,0.5570289341560767,time,1,S
2024-04-15 13:29:00-04:00,2024-04-15 13:29:00-04:00,2024-04-15 15:59:00-04:00,S,17949.0,17876.25,,28.60825959733599,143.5,2.5080169506949446,time,1,S
2024-04-17 11:29:00-04:00,2024-04-17 11:29:00-04:00,2024-04-17 15:59:00-04:00,S,17767.25,17654.75,,29.45201975484583,223.0,3.785818457549234,time,1,S
2024-04-18 09:59:00-04:00,2024-04-18 09:59:00-04:00,2024-04-18 15:59:00-04:00,S,17610.25,17545.25,,29.864375486642558,128.0,2.1430215417906626,time,1,S
2024-04-19 10:29:00-04:00,2024-04-19 10:29:00-04:00,2024-04-19 15:59:00-04:00,S,17376.0,17182.5,,29.631205809025232,385.0,6.4965294102667706,time,1,S
2024-04-23 09:59:00-04:00,2024-04-23 09:59:00-04:00,2024-04-23 15:59:00-04:00,L,17500.75,17607.75,,30.59693255982278,212.0,3.464399569883353,time,1,L
2024-04-26 09:59:00-04:00,2024-04-26 09:59:00-04:00,2024-04-26 15:59:00-04:00,L,17784.25,17839.0,,32.65245474997473,107.5,1.6461243239313148,time,1,L
2024-04-30 12:59:00-04:00,2024-04-30 12:59:00-04:00,2024-04-30 15:59:00-04:00,S,17704.5,17563.75,,30.826606391559842,279.5,4.533421493916463,time,1,S
2024-05-01 14:59:00-04:00,2024-05-01 14:59:00-04:00,2024-05-01 15:59:00-04:00,L,17751.0,17431.25,,31.822920220734144,-641.5,-10.079213276945469,time,1,L
2024-05-10 09:59:00-04:00,2024-05-10 09:59:00-04:00,2024-05-10 15:59:00-04:00,L,18329.0,18253.75,,28.382765224134673,-152.5,-2.686489473378107,time,1,L
2024-05-14 10:29:00-04:00,2024-05-14 10:29:00-04:00,2024-05-14 15:59:00-04:00,L,18364.75,18411.0,,26.302103688156933,90.5,1.7203947082139575,time,1,L
2024-05-15 10:59:00-04:00,2024-05-15 10:59:00-04:00,2024-05-15 15:59:00-04:00,L,18571.75,18693.0,,26.325167710431437,240.5,4.567872133720559,time,1,L
2024-05-16 10:59:00-04:00,2024-05-16 10:59:00-04:00,2024-05-16 15:59:00-04:00,L,18748.5,18650.5,,26.687655731114905,-198.0,-3.7095802268078857,time,1,L
2024-05-17 14:29:00-04:00,2024-05-17 14:29:00-04:00,2024-05-17 15:59:00-04:00,S,18571.25,18638.75,,25.693894607463843,-137.0,-2.666002995906326,time,1,S
2024-05-20 09:59:00-04:00,2024-05-20 09:59:00-04:00,2024-05-20 15:59:00-04:00,L,18749.75,18766.25,,24.86933070693071,31.0,0.6232576253320875,time,1,L
2024-05-22 14:29:00-04:00,2024-05-22 14:29:00-04:00,2024-05-22 15:59:00-04:00,S,18692.25,18794.0,,23.45850453811883,-205.5,-4.3800746050557775,time,1,S
2024-05-23 13:59:00-04:00,2024-05-23 13:59:00-04:00,2024-05-23 15:59:00-04:00,S,18716.25,18696.75,,23.26861135682463,37.0,0.7950624863814227,time,1,S
2024-05-24 10:29:00-04:00,2024-05-24 10:29:00-04:00,2024-05-24 15:59:00-04:00,L,18833.25,18873.75,,24.470853402765727,79.0,1.614165200938013,time,1,L
2024-05-27 11:59:00-04:00,2024-05-27 11:59:00-04:00,2024-05-27 12:49:00-04:00,L,18939.75,18952.0,,24.494363873996743,22.5,0.4592893311241701,time,1,L
2024-05-28 09:59:00-04:00,2024-05-28 09:59:00-04:00,2024-05-28 15:59:00-04:00,S,18862.75,18943.25,,23.62512359728269,-163.0,-3.4497174020869017,time,1,S
2024-05-30 10:59:00-04:00,2024-05-30 10:59:00-04:00,2024-05-30 15:59:00-04:00,S,18658.25,18604.5,,22.94742799969783,105.5,2.298732563871411,time,1,S
2024-05-31 09:59:00-04:00,2024-05-31 09:59:00-04:00,2024-05-31 15:59:00-04:00,S,18543.25,18599.0,,23.01546885686227,-113.5,-2.4657329534731365,time,1,S
2024-06-03 12:29:00-04:00,2024-06-03 12:29:00-04:00,2024-06-03 15:59:00-04:00,S,18502.75,18653.0,,24.41972108137211,-302.5,-6.193764437194034,time,1,S
2024-06-05 11:29:00-04:00,2024-06-05 11:29:00-04:00,2024-06-05 15:59:00-04:00,L,18964.75,19077.0,,24.903483993632072,222.5,4.467246431400807,time,1,L
2024-06-06 09:59:00-04:00,2024-06-06 09:59:00-04:00,2024-06-06 15:59:00-04:00,S,19033.75,19066.0,,25.949663708372636,-66.5,-1.2813268169356629,time,1,S
2024-06-12 09:59:00-04:00,2024-06-12 09:59:00-04:00,2024-06-12 15:59:00-04:00,L,19490.75,19491.5,,24.144053133455618,-0.5,-0.010354516643006524,time,1,L
2024-06-14 09:59:00-04:00,2024-06-14 09:59:00-04:00,2024-06-14 15:59:00-04:00,L,19639.25,19687.25,,24.695637650785713,94.0,1.9031701333091375,time,1,L
2024-06-17 12:29:00-04:00,2024-06-17 12:29:00-04:00,2024-06-17 15:59:00-04:00,L,19817.75,19925.25,,24.349520675729593,213.0,4.37380272976601,time,1,L
2024-06-20 10:29:00-04:00,2024-06-20 10:29:00-04:00,2024-06-20 15:59:00-04:00,S,20166.5,20035.5,,24.983608573096905,260.0,5.203411653670714,time,1,S
2024-06-21 09:59:00-04:00,2024-06-21 09:59:00-04:00,2024-06-21 15:59:00-04:00,S,19952.5,19975.5,,26.149065103589983,-48.0,-0.9178148398393432,time,1,S
2024-06-24 13:29:00-04:00,2024-06-24 13:29:00-04:00,2024-06-24 15:59:00-04:00,S,19818.0,19745.25,,25.50627473904784,143.5,2.81303329216309,time,1,S
2024-06-25 10:29:00-04:00,2024-06-25 10:29:00-04:00,2024-06-25 15:59:00-04:00,L,19881.0,19967.0,,25.84154082911585,170.0,3.2892775458741177,time,1,L
2024-06-27 09:59:00-04:00,2024-06-27 09:59:00-04:00,2024-06-27 15:59:00-04:00,L,20060.25,20047.5,,25.188752041431528,-27.5,-0.5458785722049039,time,1,L
2024-06-28 09:59:00-04:00,2024-06-28 09:59:00-04:00,2024-06-28 15:59:00-04:00,L,20148.5,19932.25,,25.125269752757845,-434.5,-8.646673334767035,time,1,L
2024-07-01 09:59:00-04:00,2024-07-01 09:59:00-04:00,2024-07-01 15:59:00-04:00,S,19885.0,20049.25,,25.953821913275142,-330.5,-6.367077671727267,time,1,S
2024-07-02 10:59:00-04:00,2024-07-02 10:59:00-04:00,2024-07-02 15:59:00-04:00,L,20111.5,20256.0,,25.974977490898347,287.0,5.5245476170396115,time,1,L
2024-07-03 10:59:00-04:00,2024-07-03 10:59:00-04:00,2024-07-03 13:04:00-04:00,L,20313.25,20431.0,,26.617836241548464,233.5,4.386156671058106,time,1,L
2024-07-05 09:59:00-04:00,2024-07-05 09:59:00-04:00,2024-07-05 15:59:00-04:00,L,20514.25,20621.75,,24.844205738886174,213.0,4.286713816465708,time,1,L
2024-07-10 12:59:00-04:00,2024-07-10 12:59:00-04:00,2024-07-10 15:59:00-04:00,L,20847.5,20893.5,,23.443912175048442,90.0,1.9194748582915222,time,1,L
2024-07-11 10:29:00-04:00,2024-07-11 10:29:00-04:00,2024-07-11 15:59:00-04:00,S,20691.5,20429.75,,23.451489876830696,521.5,11.118696567658692,time,1,S
2024-07-12 09:59:00-04:00,2024-07-12 09:59:00-04:00,2024-07-12 15:59:00-04:00,L,20542.75,20540.0,,26.113883457057074,-7.5,-0.14360177436522148,time,1,L
2024-07-15 10:29:00-04:00,2024-07-15 10:29:00-04:00,2024-07-15 15:59:00-04:00,L,20681.5,20593.25,,27.168248924410143,-178.5,-3.285084741689429,time,1,L
2024-07-16 10:29:00-04:00,2024-07-16 10:29:00-04:00,2024-07-16 15:59:00-04:00,S,20523.5,20600.0,,27.300874001237993,-155.0,-2.838736957523252,time,1,S
2024-07-17 09:59:00-04:00,2024-07-17 09:59:00-04:00,2024-07-17 15:59:00-04:00,S,20208.75,19992.75,,26.922240144006707,430.0,7.985962492347139,time,1,S
2024-07-18 11:29:00-04:00,2024-07-18 11:29:00-04:00,2024-07-18 15:59:00-04:00,S,19821.5,19893.75,,29.513508705149082,-146.5,-2.481914323769319,time,1,S
2024-07-19 11:29:00-04:00,2024-07-19 11:29:00-04:00,2024-07-19 15:59:00-04:00,S,19746.25,19713.0,,30.291115226209868,64.5,1.064668625079052,time,1,S
2024-07-24 09:59:00-04:00,2024-07-24 09:59:00-04:00,2024-07-24 15:59:00-04:00,S,19512.0,19205.0,,30.079037956262056,612.0,10.173197708149933,time,1,S
2024-07-25 09:59:00-04:00,2024-07-25 09:59:00-04:00,2024-07-25 15:59:00-04:00,S,19031.0,18991.5,,33.48946381652905,77.0,1.1496153002305742,time,1,S
2024-07-29 09:59:00-04:00,2024-07-29 09:59:00-04:00,2024-07-29 15:59:00-04:00,L,19358.5,19208.75,,34.41208869894597,-301.5,-4.380727985413376,time,1,L
2024-07-30 10:59:00-04:00,2024-07-30 10:59:00-04:00,2024-07-30 15:59:00-04:00,S,19107.5,18939.5,,33.84158236330698,334.0,4.9347574296960515,time,1,S
2024-07-31 14:59:00-04:00,2024-07-31 14:59:00-04:00,2024-07-31 15:59:00-04:00,L,19555.0,19495.75,,35.656469337356484,-120.5,-1.6897354426754032,time,1,L
2024-08-01 09:59:00-04:00,2024-08-01 09:59:00-04:00,2024-08-01 10:59:00-04:00,L,19640.75,19341.75,,38.70422152754531,-600.0,-7.751092468982842,sig,1,L
2024-08-01 10:59:00-04:00,2024-08-01 10:59:00-04:00,2024-08-01 15:59:00-04:00,S,19341.75,19028.25,,38.70422152754531,625.0,8.07405465519046,time,1,S
2024-08-02 09:59:00-04:00,2024-08-02 09:59:00-04:00,2024-08-02 15:59:00-04:00,S,18574.0,18561.5,,42.114634275577785,23.0,0.27306422572138617,time,1,S
2024-08-06 10:59:00-04:00,2024-08-06 10:59:00-04:00,2024-08-06 15:59:00-04:00,L,18301.25,18171.0,,48.577031594758395,-262.5,-2.7018942016655103,time,1,L
2024-08-08 10:29:00-04:00,2024-08-08 10:29:00-04:00,2024-08-08 15:59:00-04:00,L,18381.25,18518.75,,50.51909867099066,273.0,2.7019484430822147,time,1,L
2024-08-13 12:59:00-04:00,2024-08-13 12:59:00-04:00,2024-08-13 15:59:00-04:00,L,19074.25,19101.0,,49.408330823675826,51.5,0.5211671710160453,time,1,L
2024-08-15 09:59:00-04:00,2024-08-15 09:59:00-04:00,2024-08-15 15:59:00-04:00,L,19460.5,19587.75,,47.89430055714905,252.5,2.6360130230809897,time,1,L
2024-08-22 11:59:00-04:00,2024-08-22 11:59:00-04:00,2024-08-22 15:59:00-04:00,S,19710.75,19585.0,,41.98895626034826,249.5,2.971019313423756,time,1,S
2024-08-23 10:29:00-04:00,2024-08-23 10:29:00-04:00,2024-08-23 15:59:00-04:00,L,19882.5,19788.75,,42.44510224175196,-189.5,-2.2322952471721766,time,1,L
2024-08-26 10:29:00-04:00,2024-08-26 10:29:00-04:00,2024-08-26 15:59:00-04:00,S,19616.75,19593.5,,41.63652351019825,44.5,0.5343865943694889,time,1,S
2024-08-28 09:59:00-04:00,2024-08-28 09:59:00-04:00,2024-08-28 15:59:00-04:00,S,19557.5,19421.75,,39.95968098583421,269.5,3.3721490431259737,time,1,S
2024-08-29 09:59:00-04:00,2024-08-29 09:59:00-04:00,2024-08-29 15:59:00-04:00,L,19644.25,19393.0,,40.41256091541749,-504.5,-6.2418711976197985,time,1,L
2024-09-03 09:59:00-04:00,2024-09-03 09:59:00-04:00,2024-09-03 15:59:00-04:00,S,19371.75,19012.25,,38.637170674625445,717.0,9.278629716938386,time,1,S
2024-09-05 09:59:00-04:00,2024-09-05 09:59:00-04:00,2024-09-05 15:59:00-04:00,L,19051.25,18975.25,,40.511897163325,-154.0,-1.9006762307272862,time,1,L
2024-09-06 09:59:00-04:00,2024-09-06 09:59:00-04:00,2024-09-06 15:59:00-04:00,S,18745.5,18458.5,,39.91997593737321,572.0,7.164332975768302,time,1,S
2024-09-11 10:29:00-04:00,2024-09-11 10:29:00-04:00,2024-09-11 14:29:00-04:00,S,18655.0,19120.5,,40.3475627311986,-933.0,-11.562036673885153,sig,1,S
2024-09-11 14:29:00-04:00,2024-09-11 14:29:00-04:00,2024-09-11 15:59:00-04:00,L,19120.5,19255.0,,40.3475627311986,267.0,3.308750044938195,time,1,L
2024-09-12 13:59:00-04:00,2024-09-12 13:59:00-04:00,2024-09-12 15:59:00-04:00,L,19466.0,19451.5,,42.79237967897013,-31.0,-0.3622140230639549,time,1,L
2024-09-20 11:29:00-04:00,2024-09-20 11:29:00-04:00,2024-09-20 15:59:00-04:00,S,19907.0,20033.25,,40.08769059154112,-254.5,-3.1742911133636356,time,1,S
2024-09-25 09:59:00-04:00,2024-09-25 09:59:00-04:00,2024-09-25 15:59:00-04:00,L,20232.5,20194.5,,36.73905110408741,-78.0,-1.0615407537202572,time,1,L
2024-09-27 11:59:00-04:00,2024-09-27 11:59:00-04:00,2024-09-27 15:59:00-04:00,S,20235.5,20223.25,,35.56249814587129,22.5,0.3163444804651918,time,1,S
2024-10-01 09:59:00-04:00,2024-10-01 09:59:00-04:00,2024-10-01 15:59:00-04:00,S,20043.5,19978.75,,33.780164217613496,127.5,1.88720219325517,time,1,S
2024-10-07 14:59:00-04:00,2024-10-07 14:59:00-04:00,2024-10-07 15:59:00-04:00,S,19969.25,19999.25,,33.67701531182993,-62.0,-0.9205091280494337,time,1,S
2024-10-08 10:59:00-04:00,2024-10-08 10:59:00-04:00,2024-10-08 15:59:00-04:00,L,20240.0,20299.75,,33.55722850384208,117.5,1.7507405295188043,time,1,L
2024-10-09 11:59:00-04:00,2024-10-09 11:59:00-04:00,2024-10-09 15:59:00-04:00,L,20445.75,20458.25,,34.210283610710505,23.0,0.33615623099948805,time,1,L
2024-10-14 09:59:00-04:00,2024-10-14 09:59:00-04:00,2024-10-14 15:59:00-04:00,L,20671.0,20621.25,,31.822674232044815,-101.5,-1.5947748335020737,time,1,L
2024-10-15 10:29:00-04:00,2024-10-15 10:29:00-04:00,2024-10-15 15:59:00-04:00,S,20515.5,20344.0,,31.67462607261304,341.0,5.382857546893667,time,1,S
2024-10-16 09:59:00-04:00,2024-10-16 09:59:00-04:00,2024-10-16 15:59:00-04:00,S,20223.25,20346.75,,32.306795638854965,-249.0,-3.8536783836978703,time,1,S
2024-10-23 11:29:00-04:00,2024-10-23 11:29:00-04:00,2024-10-23 15:59:00-04:00,S,20309.5,20218.75,,29.57228674833658,179.5,3.0349360793023004,time,1,S
2024-10-25 09:59:00-04:00,2024-10-25 09:59:00-04:00,2024-10-25 15:59:00-04:00,L,20648.5,20494.75,,29.76921663504532,-309.5,-5.198322881557559,time,1,L
2024-10-29 10:59:00-04:00,2024-10-29 10:59:00-04:00,2024-10-29 15:59:00-04:00,L,20600.0,20695.0,,29.376645976136018,188.0,3.199820703710031,time,1,L
2024-10-31 09:59:00-04:00,2024-10-31 09:59:00-04:00,2024-10-31 15:59:00-04:00,S,20166.0,20012.75,,29.783817193709123,304.5,5.111836371066564,time,1,S
2024-11-01 09:59:00-04:00,2024-11-01 09:59:00-04:00,2024-11-01 15:59:00-04:00,L,20168.0,20146.5,,31.2117588227299,-45.0,-0.7208821562344773,time,1,L
2024-11-05 09:59:00-05:00,2024-11-05 09:59:00-05:00,2024-11-05 15:59:00-05:00,L,20290.5,20341.0,,30.383608372659964,99.0,1.6291679182036032,time,1,L
2024-11-06 10:29:00-05:00,2024-11-06 10:29:00-05:00,2024-11-06 15:59:00-05:00,L,20795.5,20893.25,,30.672279203184253,193.5,3.15431400969889,time,1,L
2024-11-07 09:59:00-05:00,2024-11-07 09:59:00-05:00,2024-11-07 15:59:00-05:00,L,21109.5,21221.5,,32.85461640295681,222.0,3.378520651058655,time,1,L
2024-11-12 12:59:00-05:00,2024-11-12 12:59:00-05:00,2024-11-12 15:59:00-05:00,S,21065.75,21185.5,,31.41624170455398,-241.5,-3.8435533166431086,time,1,S
2024-11-15 09:59:00-05:00,2024-11-15 09:59:00-05:00,2024-11-15 15:59:00-05:00,S,20689.75,20492.0,,29.490773697122854,393.5,6.671578101702876,time,1,S
2024-11-18 10:29:00-05:00,2024-11-18 10:29:00-05:00,2024-11-18 15:59:00-05:00,L,20652.5,20631.0,,31.502147004471222,-45.0,-0.714237032695152,time,1,L
2024-11-19 13:59:00-05:00,2024-11-19 13:59:00-05:00,2024-11-19 15:59:00-05:00,L,20784.75,20765.0,,31.025207932723276,-41.5,-0.6688109889543823,time,1,L
2024-11-20 09:59:00-05:00,2024-11-20 09:59:00-05:00,2024-11-20 15:59:00-05:00,S,20614.0,20752.25,,31.74126450895733,-278.5,-4.387033791949401,time,1,S
2024-11-21 09:59:00-05:00,2024-11-21 09:59:00-05:00,2024-11-21 15:59:00-05:00,S,20667.0,20823.75,,32.09010275831752,-315.5,-4.915845897661152,time,1,S
2024-11-27 09:59:00-05:00,2024-11-27 09:59:00-05:00,2024-11-27 15:59:00-05:00,S,20859.0,20817.0,,31.183471076642714,82.0,1.3147991094137734,time,1,S
2024-11-29 11:29:00-05:00,2024-11-29 11:29:00-05:00,2024-11-29 13:04:00-05:00,L,20988.75,20985.5,,29.906793938533767,-8.5,-0.14210817811948864,time,1,L
2024-12-02 09:59:00-05:00,2024-12-02 09:59:00-05:00,2024-12-02 15:59:00-05:00,L,21150.25,21216.75,,29.28666580006707,131.0,2.2365126999144436,time,1,L
2024-12-06 09:59:00-05:00,2024-12-06 09:59:00-05:00,2024-12-06 15:59:00-05:00,L,21608.0,21658.0,,27.3509406735661,98.0,1.7915288759101837,time,1,L
2024-12-09 10:59:00-05:00,2024-12-09 10:59:00-05:00,2024-12-09 15:59:00-05:00,S,21507.5,21486.0,,27.150873482597092,41.0,0.7550401652138335,time,1,S
2024-12-10 15:29:00-05:00,2024-12-10 15:29:00-05:00,2024-12-10 15:59:00-05:00,S,21371.25,21408.25,,27.136525376697303,-76.0,-1.4003266620357884,time,1,S
2024-12-11 09:59:00-05:00,2024-12-11 09:59:00-05:00,2024-12-11 15:59:00-05:00,L,21696.25,21791.25,,27.012487849790354,188.0,3.4798719956010844,time,1,L
2024-12-13 09:59:00-05:00,2024-12-13 09:59:00-05:00,2024-12-13 15:59:00-05:00,L,21880.75,21797.25,,27.255155339870257,-169.0,-3.100330889561617,time,1,L
2024-12-16 09:59:00-05:00,2024-12-16 09:59:00-05:00,2024-12-16 15:59:00-05:00,L,21971.0,22111.25,,27.281572815593808,278.5,5.104177861783923,time,1,L
2024-12-17 10:29:00-05:00,2024-12-17 10:29:00-05:00,2024-12-17 15:59:00-05:00,S,21947.0,22016.0,,28.132889043051392,-140.0,-2.4881909530471584,time,1,S
2024-12-18 14:29:00-05:00,2024-12-18 14:29:00-05:00,2024-12-18 15:59:00-05:00,S,21790.0,21212.0,,27.425182682833437,1154.0,21.039057667286507,time,1,S
2024-12-20 10:29:00-05:00,2024-12-20 10:29:00-05:00,2024-12-20 15:59:00-05:00,L,21457.75,21567.25,,34.30194323162679,217.0,3.163086104695134,time,1,L
2024-12-23 13:59:00-05:00,2024-12-23 13:59:00-05:00,2024-12-23 15:59:00-05:00,L,21745.25,21755.5,,37.605375857939165,18.5,0.24597546996853537,time,1,L
2024-12-24 09:59:00-05:00,2024-12-24 09:59:00-05:00,2024-12-24 13:04:00-05:00,L,21903.75,22035.25,,37.06927758237208,261.0,3.5204354794887602,time,1,L
2024-12-27 09:59:00-05:00,2024-12-27 09:59:00-05:00,2024-12-27 15:59:00-05:00,S,21695.5,21703.25,,35.94570362969838,-17.5,-0.24342269357528282,time,1,S
2024-12-30 09:59:00-05:00,2024-12-30 09:59:00-05:00,2024-12-30 15:59:00-05:00,S,21288.75,21412.25,,37.024581941862785,-249.0,-3.3626308109432266,time,1,S
2024-12-31 11:29:00-05:00,2024-12-31 11:29:00-05:00,2024-12-31 15:59:00-05:00,S,21299.25,21221.0,,37.87818323172973,154.5,2.0394325548140166,time,1,S
2025-01-02 13:29:00-05:00,2025-01-02 13:29:00-05:00,2025-01-02 15:59:00-05:00,S,21064.0,21169.75,,37.62259871517761,-213.5,-2.8373903889030183,time,1,S
2025-01-03 09:59:00-05:00,2025-01-03 09:59:00-05:00,2025-01-03 15:59:00-05:00,L,21383.75,21508.0,,38.56027023552207,246.5,3.1962950271666144,time,1,L
2025-01-06 09:59:00-05:00,2025-01-06 09:59:00-05:00,2025-01-06 15:59:00-05:00,L,21819.0,21749.75,,38.77025093298479,-140.5,-1.8119562888934775,time,1,L
2025-01-07 10:29:00-05:00,2025-01-07 10:29:00-05:00,2025-01-07 15:59:00-05:00,S,21577.25,21359.75,,38.988447294914444,433.0,5.552926957115313,time,1,S
2025-01-10 09:59:00-05:00,2025-01-10 09:59:00-05:00,2025-01-10 15:59:00-05:00,S,21054.5,21016.25,,37.27009610310753,74.5,0.9994607981945651,time,1,S
2025-01-15 09:59:00-05:00,2025-01-15 09:59:00-05:00,2025-01-15 15:59:00-05:00,L,21327.5,21395.75,,37.83085865106678,134.5,1.7776493158741362,time,1,L
2025-01-22 09:59:00-05:00,2025-01-22 09:59:00-05:00,2025-01-22 15:59:00-05:00,L,22014.25,21997.0,,38.806141602328154,-36.5,-0.47028638371265186,time,1,L
2025-01-24 13:59:00-05:00,2025-01-24 13:59:00-05:00,2025-01-24 15:59:00-05:00,S,21867.5,21908.75,,37.01422413670132,-84.5,-1.1414530760920951,time,1,S
2025-01-28 10:29:00-05:00,2025-01-28 10:29:00-05:00,2025-01-28 15:59:00-05:00,L,21467.5,21575.75,,41.64912693419655,214.5,2.5750839908228906,time,1,L
2025-01-29 11:29:00-05:00,2025-01-29 11:29:00-05:00,2025-01-29 15:59:00-05:00,S,21488.5,21530.25,,41.99740358175394,-85.5,-1.0179200701486466,time,1,S
2025-01-31 09:59:00-05:00,2025-01-31 09:59:00-05:00,2025-01-31 15:59:00-05:00,L,21868.0,21580.0,,40.751205129165385,-578.0,-7.091814808518742,time,1,L
2025-02-04 09:59:00-05:00,2025-02-04 09:59:00-05:00,2025-02-04 15:59:00-05:00,L,21559.5,21667.75,,42.57131972871913,214.5,2.5193017431321922,time,1,L
2025-02-07 10:29:00-05:00,2025-02-07 10:29:00-05:00,2025-02-07 15:59:00-05:00,S,21744.75,21588.5,,40.569128806120965,310.5,3.8268014268173363,time,1,S
2025-02-13 10:59:00-05:00,2025-02-13 10:59:00-05:00,2025-02-13 15:59:00-05:00,L,22038.5,22108.75,,39.34007217908217,138.5,1.760291635581225,time,1,L
2025-02-20 09:59:00-05:00,2025-02-20 09:59:00-05:00,2025-02-20 15:59:00-05:00,S,22010.0,22145.5,,33.45731190796238,-273.0,-4.079825670857762,time,1,S
2025-02-21 10:29:00-05:00,2025-02-21 10:29:00-05:00,2025-02-21 15:59:00-05:00,S,22005.25,21682.75,,33.09786105739364,643.0,9.713618636639392,time,1,S
2025-02-24 09:59:00-05:00,2025-02-24 09:59:00-05:00,2025-02-24 15:59:00-05:00,S,21567.75,21422.0,,34.973013839008374,289.5,4.138905519161979,time,1,S
2025-02-25 09:59:00-05:00,2025-02-25 09:59:00-05:00,2025-02-25 15:59:00-05:00,S,21260.5,21150.5,,35.37315570765063,218.0,3.0814327367582046,time,1,S
2025-02-26 11:29:00-05:00,2025-02-26 11:29:00-05:00,2025-02-26 15:59:00-05:00,L,21365.25,21191.75,,36.15185887138987,-349.0,-4.826861064621413,time,1,L
2025-02-27 09:59:00-05:00,2025-02-27 09:59:00-05:00,2025-02-27 15:59:00-05:00,S,21007.75,20608.75,,36.03386895200488,796.0,11.04516421842223,time,1,S
2025-02-28 10:29:00-05:00,2025-02-28 10:29:00-05:00,2025-02-28 15:59:00-05:00,L,20756.5,20920.0,,39.20287831257596,325.0,4.145103803459026,time,1,L
2025-03-03 13:29:00-05:00,2025-03-03 13:29:00-05:00,2025-03-03 15:59:00-05:00,S,20684.75,20473.5,,39.859815575963395,420.5,5.274735895335821,time,1,S
2025-03-04 09:59:00-05:00,2025-03-04 09:59:00-05:00,2025-03-04 15:59:00-05:00,S,20230.75,20397.5,,42.75018589196601,-335.5,-3.923959545437323,time,1,S
2025-03-05 12:59:00-05:00,2025-03-05 12:59:00-05:00,2025-03-05 15:59:00-05:00,L,20570.5,20657.75,,44.39124404253987,172.5,1.9429507295931407,time,1,L
2025-03-06 12:29:00-05:00,2025-03-06 12:29:00-05:00,2025-03-06 15:59:00-05:00,S,20155.75,20094.25,,44.866869468072736,121.0,1.3484337266510604,time,1,S
2025-03-07 11:29:00-05:00,2025-03-07 11:29:00-05:00,2025-03-07 15:59:00-05:00,S,19871.75,20225.0,,46.27459307749611,-708.5,-7.655388766071637,time,1,S
2025-03-10 10:29:00-04:00,2025-03-10 10:29:00-04:00,2025-03-10 15:59:00-04:00,S,19668.0,19463.5,,46.688907857674955,407.0,4.358636972626201,time,1,S
2025-03-11 13:29:00-04:00,2025-03-11 13:29:00-04:00,2025-03-11 15:59:00-04:00,S,19208.75,19393.0,,50.034343010698166,-370.5,-3.7024569296411167,time,1,S
2025-03-13 09:59:00-04:00,2025-03-13 09:59:00-04:00,2025-03-13 15:59:00-04:00,S,19367.0,19252.25,,49.6428773918775,227.5,2.291365971840537,time,1,S
2025-03-14 11:29:00-04:00,2025-03-14 11:29:00-04:00,2025-03-14 15:59:00-04:00,L,19645.0,19705.0,,49.87017186388625,118.0,1.1830719204464015,time,1,L
2025-03-18 09:59:00-04:00,2025-03-18 09:59:00-04:00,2025-03-18 15:59:00-04:00,S,19468.0,19502.0,,48.88780124998356,-70.0,-0.7159250182071089,time,1,S
2025-03-26 09:59:00-04:00,2025-03-26 09:59:00-04:00,2025-03-26 15:59:00-04:00,S,20315.75,20112.75,,45.142680068683106,404.0,4.474701096449383,time,1,S
2025-03-28 10:29:00-04:00,2025-03-28 10:29:00-04:00,2025-03-28 15:59:00-04:00,S,19638.5,19461.75,,44.076596589833905,351.5,3.9873768302822197,time,1,S
2025-03-31 10:29:00-04:00,2025-03-31 10:29:00-04:00,2025-03-31 15:59:00-04:00,S,19059.5,19450.5,,45.57469683341719,-784.0,-8.601264017900606,time,1,S
2025-04-02 12:29:00-04:00,2025-04-02 12:29:00-04:00,2025-04-02 15:59:00-04:00,L,19768.0,19746.25,,45.42601410636482,-45.5,-0.5008143559928232,time,1,L
2025-04-03 10:59:00-04:00,2025-04-03 10:59:00-04:00,2025-04-03 15:59:00-04:00,S,18766.25,18686.5,,49.10272738448162,157.5,1.6037805676938441,time,1,S
2025-04-04 10:29:00-04:00,2025-04-04 10:29:00-04:00,2025-04-04 15:59:00-04:00,S,17915.25,17536.0,,49.61503257130436,756.5,7.623697504509286,time,1,S
2025-04-07 13:59:00-04:00,2025-04-07 13:59:00-04:00,2025-04-07 15:59:00-04:00,L,17783.5,17560.0,,55.544315959068335,-449.0,-4.041817711202679,time,1,L
2025-04-08 09:59:00-04:00,2025-04-08 09:59:00-04:00,2025-04-08 15:29:00-04:00,L,18248.75,17269.5,,65.2036505334206,-1960.5,-15.033667470773985,sig,1,L
2025-04-08 15:29:00-04:00,2025-04-08 15:29:00-04:00,2025-04-08 15:59:00-04:00,S,17269.5,17239.5,,65.2036505334206,58.0,0.44476037403973023,time,1,S
2025-04-09 09:59:00-04:00,2025-04-09 09:59:00-04:00,2025-04-09 15:59:00-04:00,L,17446.5,19271.75,,70.4408897810334,3648.5,25.897600181807885,time,1,L
2025-04-10 09:59:00-04:00,2025-04-10 09:59:00-04:00,2025-04-10 15:59:00-04:00,S,18661.5,18483.5,,84.35939765381673,354.0,2.098165763657416,time,1,S
2025-04-21 09:59:00-04:00,2025-04-21 09:59:00-04:00,2025-04-21 15:59:00-04:00,S,17994.25,17922.5,,78.84132601995947,141.5,0.8973720201267155,time,1,S
2025-04-22 10:59:00-04:00,2025-04-22 10:59:00-04:00,2025-04-22 15:59:00-04:00,L,18341.0,18379.5,,78.4240884471052,75.0,0.47816940869249214,time,1,L
2025-04-24 09:59:00-04:00,2025-04-24 09:59:00-04:00,2025-04-24 15:59:00-04:00,L,19051.5,19319.0,,77.69105075286113,533.0,3.4302535159132934,time,1,L
2025-04-28 11:29:00-04:00,2025-04-28 11:29:00-04:00,2025-04-28 15:59:00-04:00,S,19320.0,19524.25,,75.11753865935474,-410.5,-2.7323845224851397,time,1,S
2025-04-30 09:59:00-04:00,2025-04-30 09:59:00-04:00,2025-04-30 15:59:00-04:00,S,19117.25,19642.75,,69.42813282362731,-1053.0,-7.583381240245958,time,1,S
2025-05-08 12:59:00-04:00,2025-05-08 12:59:00-04:00,2025-05-08 15:59:00-04:00,L,20331.75,20152.5,,60.0399095696308,-360.5,-3.002169744958668,time,1,L
2025-05-13 09:59:00-04:00,2025-05-13 09:59:00-04:00,2025-05-13 15:59:00-04:00,L,21125.25,21270.25,,58.312648077433984,288.0,2.469447105348069,time,1,L
2025-05-21 15:29:00-04:00,2025-05-21 15:29:00-04:00,2025-05-21 15:59:00-04:00,S,21096.25,21149.0,,48.83907512747015,-107.5,-1.1005531914704019,time,1,S
2025-05-22 09:59:00-04:00,2025-05-22 09:59:00-04:00,2025-05-22 15:59:00-04:00,L,21286.75,21183.5,,48.827355475508,-208.5,-2.1350736484651973,time,1,L
2025-05-27 11:29:00-04:00,2025-05-27 11:29:00-04:00,2025-05-27 15:59:00-04:00,L,21390.5,21465.5,,46.83884838910025,148.0,1.5798851283717803,time,1,L
2025-05-30 09:59:00-04:00,2025-05-30 09:59:00-04:00,2025-05-30 15:59:00-04:00,S,21259.75,21369.75,,45.241590710952345,-222.0,-2.4534946330507448,time,1,S
2025-06-02 14:29:00-04:00,2025-06-02 14:29:00-04:00,2025-06-02 15:59:00-04:00,L,21508.5,21533.0,,44.59397708874146,47.0,0.5269769940733318,time,1,L
2025-06-03 10:59:00-04:00,2025-06-03 10:59:00-04:00,2025-06-03 15:59:00-04:00,L,21661.5,21703.75,,44.36405015383136,82.5,0.9298069012402281,time,1,L
2025-06-05 11:29:00-04:00,2025-06-05 11:29:00-04:00,2025-06-05 15:29:00-04:00,L,21920.25,21574.75,,41.80573712243623,-693.0,-8.288336095718332,sig,1,L
2025-06-05 15:29:00-04:00,2025-06-05 15:29:00-04:00,2025-06-05 15:59:00-04:00,S,21574.75,21587.75,,41.80573712243623,-28.0,-0.33488226649367,time,1,S
2025-06-16 09:59:00-04:00,2025-06-16 09:59:00-04:00,2025-06-16 15:59:00-04:00,L,21928.0,21948.25,,38.119291680122124,38.5,0.5049936436788043,time,1,L
2025-06-17 14:29:00-04:00,2025-06-17 14:29:00-04:00,2025-06-17 15:59:00-04:00,S,21711.0,21730.75,,38.907199417256265,-41.5,-0.5333203188815714,time,1,S
2025-06-19 09:59:00-04:00,2025-06-19 09:59:00-04:00,2025-06-19 12:49:00-04:00,S,21684.5,21725.75,,38.5938352118179,-84.5,-1.0947344250219149,time,1,S
2025-06-23 09:59:00-04:00,2025-06-23 09:59:00-04:00,2025-06-23 15:59:00-04:00,L,21925.5,22072.75,,38.45284770814911,292.5,3.803359405524757,time,1,L
2025-06-24 11:29:00-04:00,2025-06-24 11:29:00-04:00,2025-06-24 15:59:00-04:00,L,22373.0,22405.0,,39.49907287185274,62.0,0.7848285477629723,time,1,L
2025-06-26 14:29:00-04:00,2025-06-26 14:29:00-04:00,2025-06-26 15:59:00-04:00,L,22673.5,22673.0,,37.76590977215874,-3.0,-0.03971835999846107,time,1,L
2025-06-27 09:59:00-04:00,2025-06-27 09:59:00-04:00,2025-06-27 15:59:00-04:00,L,22764.75,22751.75,,36.88798764557597,-28.0,-0.3795273446335325,time,1,L
2025-07-01 10:59:00-04:00,2025-07-01 10:59:00-04:00,2025-07-01 15:59:00-04:00,S,22688.0,22693.25,,34.67446383725683,-12.5,-0.18024792046775742,time,1,S
2025-07-02 10:29:00-04:00,2025-07-02 10:29:00-04:00,2025-07-02 15:59:00-04:00,L,22791.0,22844.5,,34.49235927745277,105.0,1.5220762249893007,time,1,L
2025-07-03 09:59:00-04:00,2025-07-03 09:59:00-04:00,2025-07-03 13:04:00-04:00,L,22997.75,23048.75,,33.98576218620615,100.0,1.4712043156793926,time,1,L
2025-07-07 14:29:00-04:00,2025-07-07 14:29:00-04:00,2025-07-07 15:59:00-04:00,S,22786.0,22884.0,,32.41591229320837,-198.0,-3.0540556472551295,time,1,S
2025-07-09 09:59:00-04:00,2025-07-09 09:59:00-04:00,2025-07-09 15:59:00-04:00,L,23085.75,23050.75,,30.749434579348037,-72.0,-1.1707532347335698,time,1,L
2025-07-10 09:59:00-04:00,2025-07-10 09:59:00-04:00,2025-07-10 15:59:00-04:00,S,22959.75,23015.25,,30.467332109394608,-113.0,-1.8544452726327887,time,1,S
2025-07-14 12:59:00-04:00,2025-07-14 12:59:00-04:00,2025-07-14 15:59:00-04:00,L,23033.75,23034.25,,29.0793577882025,-1.0,-0.017194327455293736,time,1,L
2025-07-16 09:59:00-04:00,2025-07-16 09:59:00-04:00,2025-07-16 15:59:00-04:00,S,22967.5,23074.75,,28.4523544194195,-216.5,-3.804606058404659,time,1,S
2025-07-17 10:59:00-04:00,2025-07-17 10:59:00-04:00,2025-07-17 15:59:00-04:00,L,23194.5,23257.5,,28.30754338946096,124.0,2.1902289134380664,time,1,L
2025-07-18 10:29:00-04:00,2025-07-18 10:29:00-04:00,2025-07-18 15:59:00-04:00,S,23193.5,23227.0,,28.17129029021375,-69.0,-1.2246510417020104,time,1,S
2025-07-21 09:59:00-04:00,2025-07-21 09:59:00-04:00,2025-07-21 15:59:00-04:00,L,23375.75,23344.0,,27.234055269484198,-65.5,-1.2025385010030594,time,1,L
2025-07-22 09:59:00-04:00,2025-07-22 09:59:00-04:00,2025-07-22 15:59:00-04:00,S,23142.25,23221.25,,26.863765607378184,-160.0,-2.9779890566804172,time,1,S
2025-07-25 12:29:00-04:00,2025-07-25 12:29:00-04:00,2025-07-25 15:59:00-04:00,L,23464.0,23422.5,,25.847801763633335,-85.0,-1.6442404034448894,time,1,L
2025-07-31 13:59:00-04:00,2025-07-31 13:59:00-04:00,2025-07-31 15:59:00-04:00,S,23389.0,23354.25,,24.873483474883685,67.5,1.3568666421042108,time,1,S
2025-08-01 09:59:00-04:00,2025-08-01 09:59:00-04:00,2025-08-01 15:59:00-04:00,S,22881.75,22881.0,,27.10752036953485,-0.5,-0.009222532957347358,time,1,S
2025-08-04 09:59:00-04:00,2025-08-04 09:59:00-04:00,2025-08-04 15:59:00-04:00,L,23246.75,23296.5,,29.165911771710935,97.5,1.6714718326510325,time,1,L
2025-08-05 10:59:00-04:00,2025-08-05 10:59:00-04:00,2025-08-05 15:59:00-04:00,S,23181.5,23134.0,,30.880846645160155,93.0,1.5057877309619612,time,1,S
2025-08-06 10:59:00-04:00,2025-08-06 10:59:00-04:00,2025-08-06 15:59:00-04:00,L,23282.5,23424.5,,30.976857599077285,282.0,4.551785136662797,time,1,L
2025-08-08 09:59:00-04:00,2025-08-08 09:59:00-04:00,2025-08-08 15:59:00-04:00,L,23644.0,23713.5,,31.79688231757174,137.0,2.154299258520236,time,1,L
2025-08-12 11:29:00-04:00,2025-08-12 11:29:00-04:00,2025-08-12 15:59:00-04:00,L,23833.5,23933.75,,30.729582202396042,198.5,3.2297868336218802,time,1,L
2025-08-15 09:59:00-04:00,2025-08-15 09:59:00-04:00,2025-08-15 15:59:00-04:00,S,23806.5,23806.0,,29.52931563362395,-1.0,-0.01693232603842225,time,1,S
2025-08-19 09:59:00-04:00,2025-08-19 09:59:00-04:00,2025-08-19 15:59:00-04:00,S,23678.5,23470.5,,28.13981807184922,414.0,7.3561243172030535,time,1,S
2025-08-20 09:59:00-04:00,2025-08-20 09:59:00-04:00,2025-08-20 15:59:00-04:00,S,23173.5,23325.0,,29.09054535243142,-305.0,-5.242253046564281,time,1,S
2025-08-22 10:29:00-04:00,2025-08-22 10:29:00-04:00,2025-08-22 15:59:00-04:00,L,23554.5,23564.75,,29.87845492122912,18.5,0.30958762842277116,time,1,L
2025-08-28 12:29:00-04:00,2025-08-28 12:29:00-04:00,2025-08-28 15:59:00-04:00,L,23754.75,23766.0,,29.982860683184743,20.5,0.3418619760238054,time,1,L
2025-08-29 09:59:00-04:00,2025-08-29 09:59:00-04:00,2025-08-29 15:59:00-04:00,S,23519.0,23473.5,,30.105513491528697,89.0,1.4781345620469728,time,1,S
2025-09-04 14:59:00-04:00,2025-09-04 14:59:00-04:00,2025-09-04 15:59:00-04:00,L,23620.25,23666.0,,30.419649256339838,89.5,1.4710886250824715,time,1,L
2025-09-08 09:59:00-04:00,2025-09-08 09:59:00-04:00,2025-09-08 15:59:00-04:00,L,23845.75,23803.25,,31.051636348578736,-87.0,-1.4008923559350854,time,1,L
2025-09-15 09:59:00-04:00,2025-09-15 09:59:00-04:00,2025-09-15 15:59:00-04:00,L,24261.0,24311.25,,28.080283633257057,98.5,1.7538996629532067,time,1,L
2025-09-17 10:29:00-04:00,2025-09-17 10:29:00-04:00,2025-09-17 15:59:00-04:00,S,24200.0,24232.0,,26.85021905112471,-66.0,-1.2290402524152846,time,1,S
2025-09-22 12:29:00-04:00,2025-09-22 12:29:00-04:00,2025-09-22 15:59:00-04:00,L,24973.0,24998.25,,28.828965472055753,48.5,0.8411678880224059,time,1,L
2025-09-23 09:59:00-04:00,2025-09-23 09:59:00-04:00,2025-09-23 15:59:00-04:00,S,24940.0,24831.25,,28.76082508119463,215.5,3.7464154695079572,time,1,S
2025-09-24 11:59:00-04:00,2025-09-24 11:59:00-04:00,2025-09-24 15:59:00-04:00,S,24679.5,24739.75,,28.470766146823582,-122.5,-2.1513295316372623,time,1,S
2025-09-25 09:59:00-04:00,2025-09-25 09:59:00-04:00,2025-09-25 15:59:00-04:00,S,24452.5,24632.25,,28.474639993479045,-361.5,-6.3477536517193345,time,1,S
2025-09-26 09:59:00-04:00,2025-09-26 09:59:00-04:00,2025-09-26 10:29:00-04:00,L,24706.75,24569.0,,29.08716570823054,-277.5,-4.770145066445547,sig,1,L
2025-09-26 10:29:00-04:00,2025-09-26 10:29:00-04:00,2025-09-26 15:59:00-04:00,S,24569.0,24725.75,,29.08716570823054,-315.5,-5.423354120589441,time,1,S
2025-09-29 09:59:00-04:00,2025-09-29 09:59:00-04:00,2025-09-29 15:59:00-04:00,L,24941.5,24837.0,,28.63272530049979,-211.0,-3.6845951229853235,time,1,L
2025-10-01 13:29:00-04:00,2025-10-01 13:29:00-04:00,2025-10-01 15:59:00-04:00,L,24984.25,25011.25,,27.72094681522686,52.0,0.9379189020238818,time,1,L
2025-10-03 13:59:00-04:00,2025-10-03 13:59:00-04:00,2025-10-03 15:59:00-04:00,S,24973.5,24997.0,,27.907219447823163,-49.0,-0.8779090315968783,time,1,S
2025-10-07 11:29:00-04:00,2025-10-07 11:29:00-04:00,2025-10-07 15:59:00-04:00,S,25074.75,25045.5,,27.819490238174055,56.5,1.0154751132439945,time,1,S
2025-10-08 09:59:00-04:00,2025-10-08 09:59:00-04:00,2025-10-08 15:59:00-04:00,L,25174.25,25329.25,,27.900240935447336,308.0,5.519665595587835,time,1,L
2025-10-09 10:29:00-04:00,2025-10-09 10:29:00-04:00,2025-10-09 15:59:00-04:00,S,25251.5,25295.0,,28.325223725772528,-89.0,-1.5710379000293786,time,1,S
2025-10-10 10:59:00-04:00,2025-10-10 10:59:00-04:00,2025-10-10 15:59:00-04:00,S,25193.75,24403.0,,27.96092203107449,1579.5,28.244776732409182,time,1,S
2025-10-13 09:59:00-04:00,2025-10-13 09:59:00-04:00,2025-10-13 15:59:00-04:00,L,24888.5,24920.5,,34.75121331456917,62.0,0.8920551843582248,time,1,L
2025-10-14 09:59:00-04:00,2025-10-14 09:59:00-04:00,2025-10-14 15:59:00-04:00,S,24575.5,24757.25,,37.81719807781423,-365.5,-4.832457434418225,time,1,S
2025-10-15 10:29:00-04:00,2025-10-15 10:29:00-04:00,2025-10-15 15:59:00-04:00,L,25101.5,24924.5,,39.55346964368465,-356.0,-4.500237314286298,time,1,L
2025-10-16 14:29:00-04:00,2025-10-16 14:29:00-04:00,2025-10-16 15:59:00-04:00,S,24697.5,24831.0,,39.972864669135745,-269.0,-3.3647826122367333,time,1,S
2025-10-17 10:29:00-04:00,2025-10-17 10:29:00-04:00,2025-10-17 15:59:00-04:00,L,24909.0,24988.25,,40.94980290705462,156.5,1.9108761079414012,time,1,L
2025-10-20 09:59:00-04:00,2025-10-20 09:59:00-04:00,2025-10-20 15:59:00-04:00,L,25222.25,25299.5,,42.62481698512215,152.5,1.78886398565921,time,1,L
2025-10-21 09:59:00-04:00,2025-10-21 09:59:00-04:00,2025-10-21 15:59:00-04:00,S,25234.5,25291.5,,42.43018720047057,-116.0,-1.3669513105366822,time,1,S
2025-10-22 10:29:00-04:00,2025-10-22 10:29:00-04:00,2025-10-22 15:59:00-04:00,S,25125.0,25041.0,,40.57803097186553,166.0,2.0454417824646893,time,1,S
2025-10-23 09:59:00-04:00,2025-10-23 09:59:00-04:00,2025-10-23 15:59:00-04:00,L,25160.75,25252.25,,41.48852875958942,181.0,2.181325843690766,time,1,L
2025-10-30 10:29:00-04:00,2025-10-30 10:29:00-04:00,2025-10-30 15:59:00-04:00,S,26020.0,25872.0,,39.704211570577435,294.0,3.7023780144505745,time,1,S
2025-11-05 09:59:00-05:00,2025-11-05 09:59:00-05:00,2025-11-05 15:59:00-05:00,L,25687.0,25741.0,,41.11942385118863,106.0,1.2889285655316385,time,1,L
2025-11-06 09:59:00-05:00,2025-11-06 09:59:00-05:00,2025-11-06 15:59:00-05:00,S,25513.25,25259.25,,42.43767929038944,506.0,5.961683207717137,time,1,S
2025-11-07 09:59:00-05:00,2025-11-07 09:59:00-05:00,2025-11-07 15:59:00-05:00,S,25024.75,25164.25,,43.88141648393306,-281.0,-3.2018109545630393,time,1,S
2025-11-10 09:59:00-05:00,2025-11-10 09:59:00-05:00,2025-11-10 15:59:00-05:00,L,25638.5,25712.75,,45.35952959222355,146.5,1.6148756536610556,time,1,L
2025-11-13 09:59:00-05:00,2025-11-13 09:59:00-05:00,2025-11-13 15:59:00-05:00,S,25381.0,25100.25,,43.96472722817607,559.5,6.363055513755447,time,1,S
2025-11-14 11:29:00-05:00,2025-11-14 11:29:00-05:00,2025-11-14 15:59:00-05:00,L,25241.25,25105.75,,45.96546099759207,-273.0,-2.9696210380039623,time,1,L
2025-11-17 14:59:00-05:00,2025-11-17 14:59:00-05:00,2025-11-17 15:59:00-05:00,S,24755.75,24888.25,,47.45007092633549,-267.0,-2.813483676499744,time,1,S
2025-11-18 09:59:00-05:00,2025-11-18 09:59:00-05:00,2025-11-18 15:59:00-05:00,S,24523.0,24585.25,,48.56078014588296,-126.5,-1.3024914305328024,time,1,S
2025-11-19 09:59:00-05:00,2025-11-19 09:59:00-05:00,2025-11-19 15:59:00-05:00,L,24894.5,24724.25,,49.23322442117703,-342.5,-3.478342156406458,time,1,L
2025-11-20 12:29:00-05:00,2025-11-20 12:29:00-05:00,2025-11-20 15:59:00-05:00,S,24450.5,24137.25,,49.58442267680724,624.5,6.297340639322452,time,1,S
2025-11-21 13:59:00-05:00,2025-11-21 13:59:00-05:00,2025-11-21 15:59:00-05:00,L,24477.5,24313.5,,54.90160677132101,-330.0,-3.005376521806847,time,1,L
2025-11-24 09:59:00-05:00,2025-11-24 09:59:00-05:00,2025-11-24 15:59:00-05:00,L,24684.0,24935.25,,55.92649200194094,500.5,4.4746235825289205,time,1,L
2025-12-05 09:59:00-05:00,2025-12-05 09:59:00-05:00,2025-12-05 15:59:00-05:00,L,25791.25,25725.75,,43.920035384971044,-133.0,-1.5141153557165752,time,1,L
2025-12-11 09:59:00-05:00,2025-12-11 09:59:00-05:00,2025-12-11 15:59:00-05:00,S,25414.0,25715.0,,39.756822824608435,-604.0,-7.596180442594872,time,1,S
2025-12-12 10:29:00-05:00,2025-12-12 10:29:00-05:00,2025-12-12 15:59:00-05:00,S,25319.75,25210.5,,40.349192622850694,216.5,2.682829394179637,time,1,S
2025-12-15 10:29:00-05:00,2025-12-15 10:29:00-05:00,2025-12-15 15:59:00-05:00,S,25067.75,25085.0,,42.5903217212185,-36.5,-0.4285011068819386,time,1,S
2025-12-17 10:59:00-05:00,2025-12-17 10:59:00-05:00,2025-12-17 15:59:00-05:00,S,24831.25,24662.25,,41.90134883105065,336.0,4.009417469527974,time,1,S
2025-12-19 09:59:00-05:00,2025-12-19 09:59:00-05:00,2025-12-19 15:59:00-05:00,L,25558.0,25581.0,,45.29618853289571,44.0,0.485692079456593,time,1,L
2025-12-31 10:59:00-05:00,2025-12-31 10:59:00-05:00,2025-12-31 15:59:00-05:00,S,25554.5,25455.25,,34.66824851530988,196.5,2.8340052990162374,time,1,S
2026-01-02 12:59:00-05:00,2026-01-02 12:59:00-05:00,2026-01-02 15:59:00-05:00,S,25323.75,25385.5,,34.275873621359175,-125.5,-1.8307337894050653,time,1,S
2026-01-06 09:59:00-05:00,2026-01-06 09:59:00-05:00,2026-01-06 15:59:00-05:00,L,25753.25,25813.0,,35.36886552045766,117.5,1.6610654352489336,time,1,L
2026-01-07 11:59:00-05:00,2026-01-07 11:59:00-05:00,2026-01-07 15:59:00-05:00,L,25970.25,25834.5,,35.06216084042497,-273.5,-3.900215979909997,time,1,L
2026-01-08 09:59:00-05:00,2026-01-08 09:59:00-05:00,2026-01-08 15:59:00-05:00,S,25603.25,25683.0,,34.4934350661089,-161.5,-2.3410251790010883,time,1,S
2026-01-09 10:29:00-05:00,2026-01-09 10:29:00-05:00,2026-01-09 15:59:00-05:00,L,25854.25,25932.75,,34.0349754185297,155.0,2.277069368994067,time,1,L
2026-01-13 10:29:00-05:00,2026-01-13 10:29:00-05:00,2026-01-13 15:59:00-05:00,S,25842.25,25904.25,,34.57186655985469,-126.0,-1.8222909628245654,time,1,S
2026-01-14 09:59:00-05:00,2026-01-14 09:59:00-05:00,2026-01-14 15:59:00-05:00,S,25585.0,25637.0,,33.83816180557935,-106.0,-1.5662789339597396,time,1,S
2026-01-21 09:59:00-05:00,2026-01-21 09:59:00-05:00,2026-01-21 15:59:00-05:00,L,25325.25,25471.25,,35.54367848269875,290.0,4.079487722987936,time,1,L
2026-01-23 10:59:00-05:00,2026-01-23 10:59:00-05:00,2026-01-23 15:59:00-05:00,L,25826.75,25734.75,,36.63982991620454,-186.0,-2.5382213894740078,time,1,L
2026-01-26 10:59:00-05:00,2026-01-26 10:59:00-05:00,2026-01-26 15:59:00-05:00,L,25881.75,25844.25,,36.20484206504707,-77.0,-1.0633936734437168,time,1,L
2026-01-29 09:59:00-05:00,2026-01-29 09:59:00-05:00,2026-01-29 15:59:00-05:00,S,25863.75,25992.5,,36.64366363589957,-259.5,-3.5408577398053813,time,1,S
2026-01-30 12:59:00-05:00,2026-01-30 12:59:00-05:00,2026-01-30 15:59:00-05:00,S,25679.5,25676.0,,39.444116233335315,5.0,0.06338080907203039,time,1,S
2026-02-02 10:29:00-05:00,2026-02-02 10:29:00-05:00,2026-02-02 15:59:00-05:00,L,25865.75,25856.0,,39.84275078809708,-21.5,-0.2698106879510823,time,1,L
2026-02-03 09:59:00-05:00,2026-02-03 09:59:00-05:00,2026-02-03 15:59:00-05:00,S,25631.0,25445.5,,42.48791144609014,369.0,4.3424116112202595,time,1,S
2026-02-04 09:59:00-05:00,2026-02-04 09:59:00-05:00,2026-02-04 15:59:00-05:00,S,25199.25,24998.25,,45.236989199940844,400.0,4.421160725706775,time,1,S
2026-02-05 10:29:00-05:00,2026-02-05 10:29:00-05:00,2026-02-05 15:59:00-05:00,S,24577.75,24639.5,,47.22363282851649,-125.5,-1.3287838364291988,time,1,S
2026-02-06 11:29:00-05:00,2026-02-06 11:29:00-05:00,2026-02-06 15:59:00-05:00,L,25006.5,25146.75,,49.29515905505103,278.5,2.824820989916894,time,1,L
2026-02-09 11:29:00-05:00,2026-02-09 11:29:00-05:00,2026-02-09 15:59:00-05:00,L,25356.25,25338.0,,52.781219122547384,-38.5,-0.36471306119901037,time,1,L
2026-02-12 10:59:00-05:00,2026-02-12 10:59:00-05:00,2026-02-12 15:59:00-05:00,S,25010.5,24764.25,,49.741395193963776,490.5,4.930501025225799,time,1,S
2026-02-17 09:59:00-05:00,2026-02-17 09:59:00-05:00,2026-02-17 15:59:00-05:00,S,24484.5,24777.0,,48.6901039508522,-587.0,-6.027918944191596,time,1,S
2026-02-18 09:59:00-05:00,2026-02-18 09:59:00-05:00,2026-02-18 15:59:00-05:00,L,24940.75,24957.25,,48.35688224007704,31.0,0.32053348524512537,time,1,L
2026-02-20 10:59:00-05:00,2026-02-20 10:59:00-05:00,2026-02-20 15:59:00-05:00,L,25119.0,25074.0,,46.71180152333173,-92.0,-0.9847618481814238,time,1,L
2026-02-23 10:59:00-05:00,2026-02-23 10:59:00-05:00,2026-02-23 15:59:00-05:00,S,24743.75,24768.25,,46.68060141452233,-51.0,-0.5462654556131523,time,1,S
2026-02-24 10:29:00-05:00,2026-02-24 10:29:00-05:00,2026-02-24 15:59:00-05:00,L,25012.25,25029.5,,46.280201313485016,32.5,0.35112206815887625,time,1,L
2026-02-25 09:59:00-05:00,2026-02-25 09:59:00-05:00,2026-02-25 15:59:00-05:00,L,25343.5,25383.75,,45.73697264823609,78.5,0.8581678613027688,time,1,L
2026-02-26 09:59:00-05:00,2026-02-26 09:59:00-05:00,2026-02-26 15:59:00-05:00,S,25192.75,25083.25,,46.06111745907637,217.0,2.3555659520505188,time,1,S
2026-03-04 10:29:00-05:00,2026-03-04 10:29:00-05:00,2026-03-04 15:59:00-05:00,L,25139.5,25119.75,,48.48226782456999,-41.5,-0.4279915303278007,time,1,L
2026-03-09 15:29:00-04:00,2026-03-09 15:29:00-04:00,2026-03-09 15:59:00-04:00,L,24953.25,24991.75,,50.18563863359339,75.0,0.7472257207642298,time,1,L
2026-03-12 09:59:00-04:00,2026-03-12 09:59:00-04:00,2026-03-12 15:59:00-04:00,S,24657.25,24556.0,,51.42795119460813,200.5,1.949329064668447,time,1,S
2026-03-18 14:59:00-04:00,2026-03-18 14:59:00-04:00,2026-03-18 15:59:00-04:00,S,24527.0,24434.5,,49.944224777936356,183.0,1.832043652831339,time,1,S
2026-03-20 09:59:00-04:00,2026-03-20 09:59:00-04:00,2026-03-20 15:59:00-04:00,S,24285.25,24114.5,,50.17665299730226,339.5,3.3830474904160424,time,1,S
2026-03-23 09:59:00-04:00,2026-03-23 09:59:00-04:00,2026-03-23 15:59:00-04:00,L,24600.25,24398.5,,51.52117778320924,-405.5,-3.9352749436965757,time,1,L
2026-03-26 12:29:00-04:00,2026-03-26 12:29:00-04:00,2026-03-26 15:59:00-04:00,S,24007.25,23787.25,,51.89730415076921,438.0,4.219872372633715,time,1,S
2026-03-27 09:59:00-04:00,2026-03-27 09:59:00-04:00,2026-03-27 15:59:00-04:00,S,23479.0,23309.0,,52.89928242571426,338.0,3.1947503302587212,time,1,S
2026-03-30 14:29:00-04:00,2026-03-30 14:29:00-04:00,2026-03-30 15:59:00-04:00,S,23155.0,23136.0,,54.440405109591815,36.0,0.33063677545684894,time,1,S
2026-03-31 09:59:00-04:00,2026-03-31 09:59:00-04:00,2026-03-31 15:59:00-04:00,L,23577.75,23909.75,,54.52144760176383,662.0,6.071005348531718,time,1,L
2026-04-01 10:59:00-04:00,2026-04-01 10:59:00-04:00,2026-04-01 15:59:00-04:00,L,24260.5,24199.5,,57.866344201637844,-124.0,-1.0714345420536373,time,1,L
2026-04-06 09:59:00-04:00,2026-04-06 09:59:00-04:00,2026-04-06 15:59:00-04:00,L,24418.25,24363.25,,54.27554052878949,-112.0,-1.031772313171083,time,1,L
2026-04-07 09:59:00-04:00,2026-04-07 09:59:00-04:00,2026-04-07 15:59:00-04:00,S,24120.0,24369.5,,53.7701447767331,-501.0,-4.658719091052066,time,1,S
2026-04-14 10:29:00-04:00,2026-04-14 10:29:00-04:00,2026-04-14 15:59:00-04:00,L,25803.5,26000.75,,53.08788751447976,392.5,3.6967001172625804,time,1,L
2026-04-15 11:29:00-04:00,2026-04-15 11:29:00-04:00,2026-04-15 15:59:00-04:00,L,26192.0,26363.75,,52.47982412058835,341.5,3.253631330921574,time,1,L
2026-04-17 11:29:00-04:00,2026-04-17 11:29:00-04:00,2026-04-17 15:59:00-04:00,L,26842.5,26827.25,,50.23706773662975,-32.5,-0.3234663313788816,time,1,L
2026-04-20 10:59:00-04:00,2026-04-20 10:59:00-04:00,2026-04-20 15:59:00-04:00,S,26637.5,26745.5,,49.78977718401334,-218.0,-2.189204414335039,time,1,S
2026-04-22 10:29:00-04:00,2026-04-22 10:29:00-04:00,2026-04-22 15:59:00-04:00,L,26990.0,27079.75,,47.47064971478701,177.5,1.8695762651918066,time,1,L
2026-04-23 13:59:00-04:00,2026-04-23 13:59:00-04:00,2026-04-23 15:59:00-04:00,S,26879.0,26926.5,,47.05131759230222,-97.0,-1.0307894121106354,time,1,S
2026-04-24 11:29:00-04:00,2026-04-24 11:29:00-04:00,2026-04-24 15:59:00-04:00,L,27325.25,27433.25,,47.09050919285206,214.0,2.272220067992845,time,1,L
2026-04-28 11:29:00-04:00,2026-04-28 11:29:00-04:00,2026-04-28 15:59:00-04:00,S,27046.5,27169.75,,45.79870435506121,-248.5,-2.7129588434802336,time,1,S
2026-04-29 10:59:00-04:00,2026-04-29 10:59:00-04:00,2026-04-29 15:59:00-04:00,L,27302.75,27334.5,,46.14343975827113,61.5,0.6664002545342996,time,1,L
2026-04-30 09:59:00-04:00,2026-04-30 09:59:00-04:00,2026-04-30 15:59:00-04:00,S,27247.0,27578.5,,45.14747977553748,-665.0,-7.364752177820575,time,1,S
2026-05-01 09:59:00-04:00,2026-05-01 09:59:00-04:00,2026-05-01 15:59:00-04:00,L,27871.5,27836.5,,45.3083740772848,-72.0,-0.794555106713672,time,1,L
2026-05-04 12:59:00-04:00,2026-05-04 12:59:00-04:00,2026-05-04 15:59:00-04:00,S,27705.25,27780.0,,44.804204500335885,-151.5,-1.690689542304721,time,1,S
2026-05-05 09:59:00-04:00,2026-05-05 09:59:00-04:00,2026-05-05 15:59:00-04:00,L,28080.75,28134.75,,44.119975607454755,106.0,1.2012699297831169,time,1,L
2026-05-06 09:59:00-04:00,2026-05-06 09:59:00-04:00,2026-05-06 15:59:00-04:00,L,28469.0,28710.25,,44.679263064065125,480.5,5.3772149208349305,time,1,L
2026-05-07 10:29:00-04:00,2026-05-07 10:29:00-04:00,2026-05-07 15:59:00-04:00,L,28873.75,28684.25,,45.71645855948904,-381.0,-4.166989438871556,time,1,L
2026-05-08 09:59:00-04:00,2026-05-08 09:59:00-04:00,2026-05-08 15:59:00-04:00,L,29111.0,29339.25,,45.24742580523983,454.5,5.022385162377206,time,1,L
2026-05-12 09:59:00-04:00,2026-05-12 09:59:00-04:00,2026-05-12 15:59:00-04:00,S,29129.25,29174.5,,46.43872429125271,-92.5,-0.9959360578023402,time,1,S
2026-05-13 12:29:00-04:00,2026-05-13 12:29:00-04:00,2026-05-13 15:59:00-04:00,L,29437.25,29475.25,,48.230601127591804,74.0,0.7671478093776651,time,1,L
2026-05-14 10:29:00-04:00,2026-05-14 10:29:00-04:00,2026-05-14 15:59:00-04:00,L,29623.25,29686.25,,48.42127247562097,124.0,1.2804289691316069,time,1,L
2026-05-15 09:59:00-04:00,2026-05-15 09:59:00-04:00,2026-05-15 15:59:00-04:00,S,29142.75,29231.25,,47.359038727362325,-179.0,-1.8898187633249017,time,1,S
2026-05-18 10:59:00-04:00,2026-05-18 10:59:00-04:00,2026-05-18 15:59:00-04:00,S,29081.25,29099.75,,48.576250246836445,-39.0,-0.4014307382910839,time,1,S
2026-05-19 10:29:00-04:00,2026-05-19 10:29:00-04:00,2026-05-19 15:59:00-04:00,S,28712.0,28924.0,,49.43151808634812,-426.0,-4.3089916766854435,time,1,S
2026-05-20 10:29:00-04:00,2026-05-20 10:29:00-04:00,2026-05-20 15:59:00-04:00,L,29209.75,29395.0,,49.664981080180404,368.5,3.709857448702983,time,1,L
2026-05-26 10:29:00-04:00,2026-05-26 10:29:00-04:00,2026-05-26 15:59:00-04:00,L,30067.25,30079.0,,48.52650912721347,21.5,0.22152840155508824,time,1,L
2026-05-27 10:29:00-04:00,2026-05-27 10:29:00-04:00,2026-05-27 15:59:00-04:00,S,29916.25,30047.75,,47.74604418955536,-265.0,-2.775099010798991,time,1,S
2026-05-28 10:59:00-04:00,2026-05-28 10:59:00-04:00,2026-05-28 15:59:00-04:00,L,30188.0,30305.75,,47.93561246172999,233.5,2.4355587423277183,time,1,L
2026-05-29 09:59:00-04:00,2026-05-29 09:59:00-04:00,2026-05-29 15:59:00-04:00,L,30518.75,30397.0,,48.645568714463565,-245.5,-2.5233541973886577,time,1,L
2026-06-01 12:59:00-04:00,2026-06-01 12:59:00-04:00,2026-06-01 15:59:00-04:00,L,30581.25,30571.0,,47.45302809200188,-22.5,-0.2370765460570506,time,1,L
2026-06-03 09:59:00-04:00,2026-06-03 09:59:00-04:00,2026-06-03 15:59:00-04:00,S,30558.25,30636.0,,46.759753814022034,-157.5,-1.6841406033319388,time,1,S
2026-06-05 09:59:00-04:00,2026-06-05 09:59:00-04:00,2026-06-05 15:59:00-04:00,S,29773.5,29016.5,,45.728563237600625,1512.0,16.532336607032818,time,1,S
2026-06-08 10:59:00-04:00,2026-06-08 10:59:00-04:00,2026-06-08 15:59:00-04:00,L,29676.25,29452.25,,54.208665863486296,-450.0,-4.150627882387248,time,1,L
2026-06-09 10:59:00-04:00,2026-06-09 10:59:00-04:00,2026-06-09 15:59:00-04:00,S,29239.0,29116.25,,56.92233258752299,243.5,2.138879319690543,time,1,S
2026-06-10 14:59:00-04:00,2026-06-10 14:59:00-04:00,2026-06-10 15:59:00-04:00,S,28607.25,28529.0,,64.42609454555706,154.5,1.199048313341031,time,1,S
2026-06-11 09:59:00-04:00,2026-06-11 09:59:00-04:00,2026-06-11 15:59:00-04:00,L,28901.0,29456.75,,65.83137350658869,1109.5,8.426833141260195,time,1,L
2026-06-12 10:59:00-04:00,2026-06-12 10:59:00-04:00,2026-06-12 15:59:00-04:00,L,29632.75,29650.25,,70.25770397040378,33.0,0.23484969003471368,time,1,L
2026-06-15 10:29:00-04:00,2026-06-15 10:29:00-04:00,2026-06-15 15:59:00-04:00,L,30458.0,30566.75,,69.01072511537494,215.5,1.5613515119549775,time,1,L
2026-06-16 10:29:00-04:00,2026-06-16 10:29:00-04:00,2026-06-16 15:59:00-04:00,S,30374.0,29991.5,,70.76174474999101,763.0,5.391331168385987,time,1,S
2026-06-24 10:59:00-04:00,2026-06-24 10:59:00-04:00,2026-06-24 13:59:00-04:00,L,29891.0,29388.0,,70.88612544185452,-1008.0,-7.1099950358185975,sig,1,L
2026-06-24 13:59:00-04:00,2026-06-24 13:59:00-04:00,2026-06-24 15:59:00-04:00,S,29388.0,29514.0,,70.88612544185452,-254.0,-1.791605891962226,time,1,S
2026-06-25 09:59:00-04:00,2026-06-25 09:59:00-04:00,2026-06-25 15:59:00-04:00,S,29316.75,29749.75,,72.22104505315063,-868.0,-6.009328716866398,time,1,S
2026-06-29 12:59:00-04:00,2026-06-29 12:59:00-04:00,2026-06-29 15:59:00-04:00,L,29916.25,30046.0,,73.9320490509309,257.5,1.7414639747277352,time,1,L
2026-06-30 09:59:00-04:00,2026-06-30 09:59:00-04:00,2026-06-30 15:59:00-04:00,L,30362.25,30513.25,,74.32975983300724,300.0,2.0180342346994946,time,1,L
2026-07-02 09:59:00-04:00,2026-07-02 09:59:00-04:00,2026-07-02 10:59:00-04:00,L,30258.25,29840.25,,72.40308373356238,-838.0,-5.787046329986259,sig,1,L
2026-07-02 10:59:00-04:00,2026-07-02 10:59:00-04:00,2026-07-02 15:59:00-04:00,S,29840.25,29538.75,,72.40308373356238,601.0,4.150375709214489,time,1,S
2026-07-07 10:29:00-04:00,2026-07-07 10:29:00-04:00,2026-07-07 15:59:00-04:00,S,29303.0,29395.5,,69.88414721670428,-187.0,-1.3379286107629695,time,1,S
2026-07-09 09:59:00-04:00,2026-07-09 09:59:00-04:00,2026-07-09 15:59:00-04:00,L,29911.5,29948.0,,69.95304020215829,71.0,0.5074833044769469,time,1,L
2026-07-13 14:29:00-04:00,2026-07-13 14:29:00-04:00,2026-07-13 15:59:00-04:00,S,29474.5,29467.5,,67.16958568451405,12.0,0.089326142760224,time,1,S
2026-07-15 10:59:00-04:00,2026-07-15 10:59:00-04:00,2026-07-15 15:59:00-04:00,S,29631.0,29701.0,,66.86306112593302,-142.0,-1.061871813889515,time,1,S
2026-07-16 09:59:00-04:00,2026-07-16 09:59:00-04:00,2026-07-16 15:59:00-04:00,S,29346.25,29217.5,,66.84248533122353,255.5,1.911209605192901,time,1,S
2026-07-23 10:59:00-04:00,2026-07-23 10:59:00-04:00,2026-07-23 15:59:00-04:00,S,28596.75,28614.5,,64.71378147142184,-37.5,-0.2897373569226543,time,1,S
2026-07-24 09:59:00-04:00,2026-07-24 09:59:00-04:00,2026-07-24 15:59:00-04:00,S,28322.75,28283.5,,66.16636850917742,76.5,0.5780882472746656,time,1,S
2026-07-27 10:29:00-04:00,2026-07-27 10:29:00-04:00,2026-07-27 15:59:00-04:00,S,28086.0,28193.25,,65.21341361566475,-216.5,-1.6599345747789154,time,1,S
2026-07-28 09:59:00-04:00,2026-07-28 09:59:00-04:00,2026-07-28 15:59:00-04:00,S,27665.75,27919.75,,66.44995550026013,-510.0,-3.8374743531468845,time,1,S
2026-07-29 09:59:00-04:00,2026-07-29 09:59:00-04:00,2026-07-29 15:59:00-04:00,S,27734.25,27336.75,,66.17317296452727,793.0,5.9918541341904135,time,1,S
2026-07-30 09:59:00-04:00,2026-07-30 09:59:00-04:00,2026-07-30 15:59:00-04:00,L,28151.5,28229.75,,68.42687489563247,154.5,1.1289423946048236,time,1,L
2026-08-03 09:59:00-04:00,2026-08-03 09:59:00-04:00,2026-08-03 15:59:00-04:00,L,28629.5,28900.5,,71.60901457837699,540.0,3.7704750105795903,time,1,L
2026-08-04 09:59:00-04:00,2026-08-04 09:59:00-04:00,2026-08-04 15:59:00-04:00,L,29469.25,29874.5,,71.35837067992149,808.5,5.665067687899803,time,1,L
2026-08-13 09:59:00-04:00,2026-08-13 09:59:00-04:00,2026-08-13 15:59:00-04:00,L,30176.0,30194.5,,61.69760777899343,35.0,0.2836414673108012,time,1,L
2026-08-24 09:59:00-04:00,2026-08-24 09:59:00-04:00,2026-08-24 15:59:00-04:00,S,29021.5,29100.0,,53.1530842557373,-159.0,-1.4956799048103937,time,1,S
2026-08-27 12:29:00-04:00,2026-08-27 12:29:00-04:00,2026-08-27 15:59:00-04:00,L,29604.0,29691.25,,50.954173144990826,172.5,1.6926974706188322,time,1,L
2026-08-28 10:59:00-04:00,2026-08-28 10:59:00-04:00,2026-08-28 12:29:00-04:00,L,29796.75,29488.5,,49.4949464917772,-618.5,-6.248112624010554,sig,1,L
2026-08-28 12:29:00-04:00,2026-08-28 12:29:00-04:00,2026-08-28 15:59:00-04:00,S,29488.5,29496.5,,49.4949464917772,-18.0,-0.18183674572706543,time,1,S
2026-09-03 09:59:00-04:00,2026-09-03 09:59:00-04:00,2026-09-03 15:59:00-04:00,L,29332.5,29530.5,,46.41704606808747,394.0,4.244130479803214,time,1,L
2026-09-04 09:59:00-04:00,2026-09-04 09:59:00-04:00,2026-09-04 15:59:00-04:00,L,29691.5,29568.25,,46.744399920366945,-248.5,-2.658072415341098,time,1,L
2026-09-08 09:59:00-04:00,2026-09-08 09:59:00-04:00,2026-09-08 15:59:00-04:00,S,29502.5,29542.75,,43.110605033377624,-82.5,-0.9568411291853343,time,1,S
2026-09-15 10:29:00-04:00,2026-09-15 10:29:00-04:00,2026-09-15 15:59:00-04:00,S,29035.5,28959.25,,43.35404016863858,150.5,1.735709052888554,time,1,S
2026-09-16 09:59:00-04:00,2026-09-16 09:59:00-04:00,2026-09-16 15:29:00-04:00,L,29184.0,28841.5,,42.259108728021545,-687.0,-8.128425097906264,sig,1,L
2026-09-16 15:29:00-04:00,2026-09-16 15:29:00-04:00,2026-09-16 15:59:00-04:00,S,28841.5,28961.75,,42.259108728021545,-242.5,-2.8692039101051954,time,1,S
2026-09-21 09:59:00-04:00,2026-09-21 09:59:00-04:00,2026-09-21 15:59:00-04:00,L,30417.25,30783.25,,44.88861584382774,730.0,8.131237578585042,time,1,L
2026-09-22 09:59:00-04:00,2026-09-22 09:59:00-04:00,2026-09-22 15:59:00-04:00,L,30930.25,31029.5,,48.53585756926862,196.5,2.0242765847864366,time,1,L
2026-09-23 09:59:00-04:00,2026-09-23 09:59:00-04:00,2026-09-23 15:59:00-04:00,S,30846.25,30770.0,,47.890439171463726,150.5,1.5712948409301475,time,1,S
2026-09-28 10:29:00-04:00,2026-09-28 10:29:00-04:00,2026-09-28 15:59:00-04:00,S,30547.25,30567.25,,46.447447106306775,-42.0,-0.45212387996128545,time,1,S
2026-09-30 09:59:00-04:00,2026-09-30 09:59:00-04:00,2026-09-30 15:59:00-04:00,L,30841.25,30692.5,,46.32815592329513,-299.5,-3.232375582743655,time,1,L
2026-10-05 10:29:00-04:00,2026-10-05 10:29:00-04:00,2026-10-05 15:59:00-04:00,L,31233.25,31338.0,,47.353583660160126,207.5,2.1909640618665094,time,1,L
