sig_time,entry_time,exit_time,side,entry,exit,stop,risk_pts,pnl,R,reason,parts,tag
2019-06-21 11:17:00-04:00,2019-06-21 11:17:00-04:00,2019-06-21 15:59:00-04:00,S,7785.5,7756.0,7815.25,29.75,57.0,0.957983193277311,time,1,s4
2019-06-24 09:32:00-04:00,2019-06-24 09:32:00-04:00,2019-06-24 15:59:00-04:00,S,7765.5,7753.25,7792.5,27.0,22.5,0.4166666666666667,time,1,s4
2019-06-25 09:38:00-04:00,2019-06-25 09:38:00-04:00,2019-06-25 09:40:00-04:00,S,7726.25,7725.5,7745.5,19.25,-0.5,-0.012987012987012988,TP,1,s3
2019-06-26 09:38:00-04:00,2019-06-26 09:38:00-04:00,2019-06-26 13:33:00-04:00,L,7710.0,7660.75,7661.0,49.0,-100.5,-1.0255102040816326,SL,1,s2
2019-06-26 13:35:00-04:00,2019-06-26 13:35:00-04:00,2019-06-26 15:59:00-04:00,S,7659.0,7655.75,7700.75,41.75,4.5,0.05389221556886228,time,1,s4
2019-06-27 09:56:00-04:00,2019-06-27 09:56:00-04:00,2019-06-27 11:18:00-04:00,L,7699.5,7676.0,7676.25,23.25,-49.0,-1.053763440860215,SL,1,s2
2019-06-27 11:20:00-04:00,2019-06-27 11:20:00-04:00,2019-06-27 12:40:00-04:00,S,7675.75,7697.5,7697.25,21.5,-45.5,-1.058139534883721,SL,1,s4
2019-06-28 09:38:00-04:00,2019-06-28 09:38:00-04:00,2019-06-28 09:50:00-04:00,S,7689.75,7673.0,7705.0,15.25,31.5,1.0327868852459017,TP,1,s4
2019-06-28 12:26:00-04:00,2019-06-28 12:26:00-04:00,2019-06-28 13:10:00-04:00,L,7706.5,7693.75,7694.0,12.5,-27.5,-1.1,SL,1,s2
2019-07-01 09:32:00-04:00,2019-07-01 09:32:00-04:00,2019-07-01 09:33:00-04:00,L,7836.25,7836.0,7705.75,130.5,-2.5,-0.009578544061302681,TP,1,s2
2019-07-03 10:29:00-04:00,2019-07-03 10:29:00-04:00,2019-07-03 12:59:00-04:00,L,7859.25,7882.5,7840.75,18.5,44.5,1.2027027027027026,TP,1,s2
2019-07-04 10:56:00-04:00,2019-07-04 10:56:00-04:00,2019-07-04 12:49:00-04:00,S,7902.0,7903.25,7921.0,19.0,-4.5,-0.11842105263157894,time,1,s4
2019-07-05 09:32:00-04:00,2019-07-05 09:32:00-04:00,2019-07-05 09:33:00-04:00,S,7833.75,7834.0,7896.25,62.5,-2.5,-0.02,TP,1,s3
2019-07-08 09:32:00-04:00,2019-07-08 09:32:00-04:00,2019-07-08 09:40:00-04:00,S,7800.75,7784.25,7845.75,45.0,31.0,0.34444444444444444,TP,1,s3
2019-07-09 09:32:00-04:00,2019-07-09 09:32:00-04:00,2019-07-09 09:45:00-04:00,S,7782.0,7800.0,7799.75,17.75,-38.0,-1.0704225352112675,SL,1,s3
2019-07-09 10:02:00-04:00,2019-07-09 10:02:00-04:00,2019-07-09 10:36:00-04:00,L,7805.0,7821.75,7788.5,16.5,31.5,0.9545454545454546,TP,1,s1
2019-07-09 10:41:00-04:00,2019-07-09 10:41:00-04:00,2019-07-09 11:06:00-04:00,S,7820.75,7833.25,7833.0,12.25,-27.0,-1.1020408163265305,SL,1,s4
2019-07-09 12:05:00-04:00,2019-07-09 12:05:00-04:00,2019-07-09 15:51:00-04:00,L,7835.25,7851.0,7821.75,13.5,29.5,1.0925925925925926,TP,1,s2
2019-07-10 09:32:00-04:00,2019-07-10 09:32:00-04:00,2019-07-10 09:50:00-04:00,L,7912.0,7944.25,7875.75,36.25,62.5,0.8620689655172413,TP,1,s2
2019-07-11 09:38:00-04:00,2019-07-11 09:38:00-04:00,2019-07-11 13:37:00-04:00,S,7945.5,7909.25,7965.25,19.75,70.5,1.7848101265822784,TP,1,s4
2019-07-11 13:38:00-04:00,2019-07-11 13:38:00-04:00,2019-07-11 15:59:00-04:00,L,7910.0,7919.25,7890.25,19.75,16.5,0.4177215189873418,time,1,s1
2019-07-12 09:32:00-04:00,2019-07-12 09:32:00-04:00,2019-07-12 12:06:00-04:00,S,7934.0,7954.75,7954.5,20.5,-43.5,-1.0609756097560976,SL,1,s4
2019-07-12 12:53:00-04:00,2019-07-12 12:53:00-04:00,2019-07-12 15:59:00-04:00,L,7956.0,7965.25,7936.75,19.25,16.5,0.42857142857142855,time,1,s2
2019-07-15 09:32:00-04:00,2019-07-15 09:32:00-04:00,2019-07-15 15:42:00-04:00,S,7976.0,7991.25,7991.0,15.0,-32.5,-1.0833333333333333,SL,1,s4
2019-07-16 09:35:00-04:00,2019-07-16 09:35:00-04:00,2019-07-16 10:18:00-04:00,L,7981.75,7970.75,7971.0,10.75,-24.0,-1.1162790697674418,SL,1,s1
2019-07-16 11:17:00-04:00,2019-07-16 11:17:00-04:00,2019-07-16 12:00:00-04:00,S,7968.75,7957.25,7979.75,11.0,21.0,0.9545454545454546,TP,1,s3
2019-07-17 10:47:00-04:00,2019-07-17 10:47:00-04:00,2019-07-17 15:57:00-04:00,L,7931.5,7913.25,7913.5,18.0,-38.5,-1.0694444444444444,SL,1,s1
2019-07-18 09:32:00-04:00,2019-07-18 09:32:00-04:00,2019-07-18 09:36:00-04:00,S,7874.0,7894.5,7894.25,20.25,-43.0,-1.0617283950617284,SL,1,s3
2019-07-18 09:38:00-04:00,2019-07-18 09:38:00-04:00,2019-07-18 10:53:00-04:00,L,7899.25,7879.0,7879.25,20.0,-42.5,-1.0625,SL,1,s1
2019-07-19 09:53:00-04:00,2019-07-19 09:53:00-04:00,2019-07-19 14:10:00-04:00,S,7943.25,7897.0,7968.75,25.5,90.5,1.7745098039215685,TP,1,s4
2019-07-19 14:11:00-04:00,2019-07-19 14:11:00-04:00,2019-07-19 15:04:00-04:00,L,7905.75,7872.5,7872.75,33.0,-68.5,-1.0378787878787878,SL,1,s1
2019-07-22 09:32:00-04:00,2019-07-22 09:32:00-04:00,2019-07-22 15:01:00-04:00,S,7882.25,7923.0,7922.75,40.5,-83.5,-1.0308641975308641,SL,1,s4
2019-07-23 09:32:00-04:00,2019-07-23 09:32:00-04:00,2019-07-23 09:46:00-04:00,L,7955.25,7937.5,7937.75,17.5,-37.5,-1.0714285714285714,SL,1,s2
2019-07-23 09:50:00-04:00,2019-07-23 09:50:00-04:00,2019-07-23 13:44:00-04:00,S,7936.5,7955.0,7954.75,18.25,-39.0,-1.0684931506849316,SL,1,s4
2019-07-24 09:35:00-04:00,2019-07-24 09:35:00-04:00,2019-07-24 10:35:00-04:00,L,7955.25,7987.25,7935.75,19.5,62.0,1.5897435897435896,TP,1,s1
2019-07-24 14:56:00-04:00,2019-07-24 14:56:00-04:00,2019-07-24 15:59:00-04:00,L,8006.5,8025.25,7987.25,19.25,35.5,0.922077922077922,time,1,s2
2019-07-25 09:41:00-04:00,2019-07-25 09:41:00-04:00,2019-07-25 12:40:00-04:00,S,7974.0,7936.5,8001.25,27.25,73.0,1.3394495412844036,TP,1,s3
2019-07-26 09:32:00-04:00,2019-07-26 09:32:00-04:00,2019-07-26 09:33:00-04:00,L,8011.0,8013.25,7964.75,46.25,2.5,0.02702702702702703,TP,1,s2
2019-07-29 09:41:00-04:00,2019-07-29 09:41:00-04:00,2019-07-29 09:52:00-04:00,S,7995.0,7982.25,8015.75,20.75,23.5,0.5662650602409639,TP,1,s3
2019-07-30 09:32:00-04:00,2019-07-30 09:32:00-04:00,2019-07-30 14:00:00-04:00,S,7937.25,7982.5,7982.25,45.0,-92.5,-1.0277777777777777,SL,1,s3
2019-07-30 14:02:00-04:00,2019-07-30 14:02:00-04:00,2019-07-30 15:38:00-04:00,L,7986.5,7961.75,7962.0,24.5,-51.5,-1.0510204081632653,SL,1,s1
2019-07-31 09:32:00-04:00,2019-07-31 09:32:00-04:00,2019-07-31 14:01:00-04:00,S,7974.5,7949.25,8002.25,27.75,48.5,0.8738738738738738,TP,1,s4
2019-07-31 14:02:00-04:00,2019-07-31 14:02:00-04:00,2019-07-31 14:38:00-04:00,L,7956.5,7931.0,7931.25,25.25,-53.0,-1.0495049504950495,SL,1,s1
2019-08-01 09:38:00-04:00,2019-08-01 09:38:00-04:00,2019-08-01 10:42:00-04:00,S,7916.75,7975.75,7975.5,58.75,-120.0,-1.0212765957446808,SL,1,s4
2019-08-01 10:44:00-04:00,2019-08-01 10:44:00-04:00,2019-08-01 13:33:00-04:00,L,7978.0,7917.0,7917.25,60.75,-124.0,-1.0205761316872428,SL,1,s2
2019-08-01 14:26:00-04:00,2019-08-01 14:26:00-04:00,2019-08-01 15:59:00-04:00,L,7803.5,7812.25,7743.5,60.0,15.5,0.12916666666666668,time,1,s1
2019-08-02 09:32:00-04:00,2019-08-02 09:32:00-04:00,2019-08-02 10:31:00-04:00,L,7754.0,7681.5,7681.75,72.25,-147.0,-1.0173010380622838,SL,1,s1
2019-08-02 10:32:00-04:00,2019-08-02 10:32:00-04:00,2019-08-02 15:59:00-04:00,S,7679.25,7701.5,7747.25,68.0,-46.5,-0.34191176470588236,time,1,s3
2019-08-05 09:32:00-04:00,2019-08-05 09:32:00-04:00,2019-08-05 09:33:00-04:00,S,7526.0,7527.0,7669.5,143.5,-4.0,-0.013937282229965157,TP,1,s3
2019-08-06 09:32:00-04:00,2019-08-06 09:32:00-04:00,2019-08-06 10:16:00-04:00,L,7526.5,7472.0,7472.25,54.25,-111.0,-1.023041474654378,SL,1,s2
2019-08-06 10:20:00-04:00,2019-08-06 10:20:00-04:00,2019-08-06 14:15:00-04:00,S,7472.0,7522.25,7522.0,50.0,-102.5,-1.025,SL,1,s4
2019-08-07 09:32:00-04:00,2019-08-07 09:32:00-04:00,2019-08-07 09:45:00-04:00,S,7435.5,7414.5,7496.75,61.25,40.0,0.32653061224489793,TP,1,s3
2019-08-07 10:32:00-04:00,2019-08-07 10:32:00-04:00,2019-08-07 12:04:00-04:00,L,7497.25,7465.5,7465.75,31.5,-65.5,-1.0396825396825398,SL,1,s1
2019-08-07 14:47:00-04:00,2019-08-07 14:47:00-04:00,2019-08-07 15:59:00-04:00,S,7554.5,7559.25,7588.75,34.25,-11.5,-0.1678832116788321,time,1,s4
2019-08-08 09:32:00-04:00,2019-08-08 09:32:00-04:00,2019-08-08 10:55:00-04:00,S,7607.75,7663.5,7663.25,55.5,-113.5,-1.0225225225225225,SL,1,s4
2019-08-08 10:56:00-04:00,2019-08-08 10:56:00-04:00,2019-08-08 15:59:00-04:00,L,7667.75,7732.0,7611.0,56.75,126.5,1.1145374449339207,time,1,s2
2019-08-09 10:23:00-04:00,2019-08-09 10:23:00-04:00,2019-08-09 13:31:00-04:00,S,7643.0,7690.0,7689.75,46.75,-96.0,-1.0267379679144386,SL,1,s3
2019-08-12 10:08:00-04:00,2019-08-12 10:08:00-04:00,2019-08-12 10:23:00-04:00,S,7585.25,7622.75,7622.5,37.25,-77.0,-1.0335570469798658,SL,1,s3
2019-08-13 09:44:00-04:00,2019-08-13 09:44:00-04:00,2019-08-13 09:46:00-04:00,L,7628.75,7669.5,7597.25,31.5,79.5,1.2619047619047619,TP,1,s2
2019-08-14 09:47:00-04:00,2019-08-14 09:47:00-04:00,2019-08-14 12:57:00-04:00,S,7599.0,7499.0,7674.25,75.25,198.0,1.3156146179401993,TP,1,s3
2019-08-15 11:23:00-04:00,2019-08-15 11:23:00-04:00,2019-08-15 15:59:00-04:00,L,7463.0,7493.5,7420.75,42.25,59.0,0.6982248520710059,time,1,s1
2019-08-16 09:32:00-04:00,2019-08-16 09:32:00-04:00,2019-08-16 10:21:00-04:00,L,7573.75,7594.5,7521.25,52.5,39.5,0.3761904761904762,TP,1,s2
2019-08-19 09:32:00-04:00,2019-08-19 09:32:00-04:00,2019-08-19 09:33:00-04:00,L,7727.25,7727.25,7633.25,94.0,-2.0,-0.010638297872340425,TP,1,s2
2019-08-20 09:35:00-04:00,2019-08-20 09:35:00-04:00,2019-08-20 10:18:00-04:00,S,7690.75,7713.25,7713.0,22.25,-47.0,-1.0561797752808988,SL,1,s3
2019-08-20 10:56:00-04:00,2019-08-20 10:56:00-04:00,2019-08-20 13:36:00-04:00,L,7721.0,7697.25,7697.5,23.5,-49.5,-1.053191489361702,SL,1,s1
2019-08-21 09:32:00-04:00,2019-08-21 09:32:00-04:00,2019-08-21 09:37:00-04:00,L,7739.5,7743.25,7693.0,46.5,5.5,0.05913978494623656,TP,1,s2
2019-08-22 09:32:00-04:00,2019-08-22 09:32:00-04:00,2019-08-22 10:20:00-04:00,S,7755.25,7724.75,7774.5,19.25,59.0,1.5324675324675325,TP,1,s4
2019-08-22 10:32:00-04:00,2019-08-22 10:32:00-04:00,2019-08-22 10:33:00-04:00,S,7689.0,7680.75,7724.75,35.75,14.5,0.20279720279720279,TP,1,s3
2019-08-23 09:50:00-04:00,2019-08-23 09:50:00-04:00,2019-08-23 10:02:00-04:00,S,7634.5,7682.25,7682.0,47.5,-97.5,-1.0263157894736843,SL,1,s3
2019-08-26 09:38:00-04:00,2019-08-26 09:38:00-04:00,2019-08-26 15:59:00-04:00,S,7541.5,7583.5,7630.25,88.75,-86.0,-0.48450704225352115,time,1,s4
2019-08-27 09:32:00-04:00,2019-08-27 09:32:00-04:00,2019-08-27 10:59:00-04:00,L,7627.0,7603.0,7603.25,23.75,-50.0,-1.0526315789473684,SL,1,s2
2019-08-27 11:08:00-04:00,2019-08-27 11:08:00-04:00,2019-08-27 11:20:00-04:00,S,7603.0,7563.25,7623.5,20.5,77.5,1.8902439024390243,TP,1,s4
2019-08-27 12:53:00-04:00,2019-08-27 12:53:00-04:00,2019-08-27 13:35:00-04:00,S,7542.25,7563.5,7563.25,21.0,-44.5,-1.0595238095238095,SL,1,s3
2019-08-28 09:50:00-04:00,2019-08-28 09:50:00-04:00,2019-08-28 15:19:00-04:00,L,7540.25,7601.5,7509.0,31.25,120.5,1.928,TP,1,s1
2019-08-29 09:32:00-04:00,2019-08-29 09:32:00-04:00,2019-08-29 09:33:00-04:00,L,7708.5,7708.0,7621.75,86.75,-3.0,-0.01729106628242075,TP,1,s2
2019-08-30 09:56:00-04:00,2019-08-30 09:56:00-04:00,2019-08-30 11:02:00-04:00,S,7727.0,7686.0,7750.75,23.75,80.0,1.6842105263157894,TP,1,s4
2019-08-30 11:17:00-04:00,2019-08-30 11:17:00-04:00,2019-08-30 14:18:00-04:00,S,7662.5,7686.25,7686.0,23.5,-49.5,-1.053191489361702,SL,1,s3
2019-09-02 10:20:00-04:00,2019-09-02 10:20:00-04:00,2019-09-02 11:49:00-04:00,L,7669.25,7633.5,7633.75,35.5,-73.5,-1.0352112676056338,SL,1,s1
2019-09-02 11:50:00-04:00,2019-09-02 11:50:00-04:00,2019-09-02 12:49:00-04:00,S,7617.5,7626.75,7662.75,45.25,-20.5,-0.2265193370165746,time,1,s3
2019-09-03 09:32:00-04:00,2019-09-03 09:32:00-04:00,2019-09-03 09:36:00-04:00,S,7629.75,7664.0,7663.75,34.0,-70.5,-1.036764705882353,SL,1,s4
2019-09-03 09:53:00-04:00,2019-09-03 09:53:00-04:00,2019-09-03 10:00:00-04:00,L,7673.5,7638.5,7638.75,34.75,-72.0,-1.0359712230215827,SL,1,s2
2019-09-03 13:56:00-04:00,2019-09-03 13:56:00-04:00,2019-09-03 15:59:00-04:00,L,7593.75,7614.5,7564.25,29.5,39.5,0.6694915254237288,time,1,s1
2019-09-04 09:32:00-04:00,2019-09-04 09:32:00-04:00,2019-09-04 09:46:00-04:00,L,7683.5,7704.25,7639.25,44.25,39.5,0.4463276836158192,TP,1,s2
2019-09-05 09:32:00-04:00,2019-09-05 09:32:00-04:00,2019-09-05 09:33:00-04:00,L,7817.0,7816.75,7741.5,75.5,-2.5,-0.016556291390728478,TP,1,s2
2019-09-06 09:38:00-04:00,2019-09-06 09:38:00-04:00,2019-09-06 15:59:00-04:00,L,7845.0,7856.0,7820.0,25.0,20.0,0.4,time,1,s1
2019-09-09 09:38:00-04:00,2019-09-09 09:38:00-04:00,2019-09-09 10:21:00-04:00,S,7862.0,7845.0,7879.0,17.0,32.0,0.9411764705882353,TP,1,s4
2019-09-09 10:23:00-04:00,2019-09-09 10:23:00-04:00,2019-09-09 10:45:00-04:00,L,7850.25,7867.5,7833.5,16.75,32.5,0.9701492537313433,TP,1,s1
2019-09-09 12:26:00-04:00,2019-09-09 12:26:00-04:00,2019-09-09 12:35:00-04:00,S,7828.5,7815.0,7845.0,16.5,25.0,0.7575757575757576,TP,1,s3
2019-09-10 09:32:00-04:00,2019-09-10 09:32:00-04:00,2019-09-10 09:42:00-04:00,S,7780.25,7752.0,7814.0,33.75,54.5,0.8074074074074075,TP,1,s3
2019-09-11 09:41:00-04:00,2019-09-11 09:41:00-04:00,2019-09-11 10:13:00-04:00,S,7837.5,7860.75,7860.5,23.0,-48.5,-1.0543478260869565,SL,1,s4
2019-09-11 10:14:00-04:00,2019-09-11 10:14:00-04:00,2019-09-11 15:59:00-04:00,L,7865.0,7889.5,7839.75,25.25,47.0,0.9306930693069307,time,1,s2
2019-09-12 09:32:00-04:00,2019-09-12 09:32:00-04:00,2019-09-12 09:49:00-04:00,L,7947.25,7912.25,7912.5,34.75,-72.0,-1.0359712230215827,SL,1,s2
2019-09-13 09:44:00-04:00,2019-09-13 09:44:00-04:00,2019-09-13 15:59:00-04:00,L,7905.75,7893.0,7880.75,25.0,-27.5,-0.55,time,1,s1
2019-09-17 09:38:00-04:00,2019-09-17 09:38:00-04:00,2019-09-17 09:41:00-04:00,L,7875.25,7890.5,7851.25,24.0,28.5,0.59375,TP,1,s1
2019-09-17 09:44:00-04:00,2019-09-17 09:44:00-04:00,2019-09-17 15:37:00-04:00,S,7885.0,7904.0,7903.75,18.75,-40.0,-1.0666666666666667,SL,1,s4
2019-09-18 12:53:00-04:00,2019-09-18 12:53:00-04:00,2019-09-18 14:00:00-04:00,S,7883.25,7859.25,7899.75,16.5,46.0,1.393939393939394,TP,1,s3
2019-09-19 10:47:00-04:00,2019-09-19 10:47:00-04:00,2019-09-19 12:26:00-04:00,L,7970.25,7940.5,7940.75,29.5,-61.5,-1.0423728813559323,SL,1,s2
2019-09-20 09:44:00-04:00,2019-09-20 09:44:00-04:00,2019-09-20 11:18:00-04:00,S,7939.25,7905.25,7959.75,20.5,66.0,1.6097560975609757,TP,1,s4
2019-09-20 11:20:00-04:00,2019-09-20 11:20:00-04:00,2019-09-20 11:42:00-04:00,L,7909.0,7886.5,7886.75,22.25,-47.0,-1.0561797752808988,SL,1,s1
2019-09-20 12:35:00-04:00,2019-09-20 12:35:00-04:00,2019-09-20 13:13:00-04:00,S,7884.5,7857.25,7905.25,20.75,52.5,1.2650602409638554,TP,1,s3
2019-09-24 09:32:00-04:00,2019-09-24 09:32:00-04:00,2019-09-24 10:22:00-04:00,L,7871.75,7855.25,7855.5,16.25,-35.0,-1.0769230769230769,SL,1,s2
2019-09-24 10:23:00-04:00,2019-09-24 10:23:00-04:00,2019-09-24 11:04:00-04:00,S,7852.5,7824.0,7871.5,19.0,55.0,1.4473684210526316,TP,1,s4
2019-09-24 11:08:00-04:00,2019-09-24 11:08:00-04:00,2019-09-24 11:36:00-04:00,L,7829.5,7807.75,7808.0,21.5,-45.5,-1.058139534883721,SL,1,s1
2019-09-24 11:38:00-04:00,2019-09-24 11:38:00-04:00,2019-09-24 11:44:00-04:00,S,7805.75,7782.25,7824.0,18.25,45.0,1.2328767123287672,TP,1,s3
2019-09-25 10:05:00-04:00,2019-09-25 10:05:00-04:00,2019-09-25 14:01:00-04:00,L,7698.25,7785.75,7627.25,71.0,173.0,1.2183098591549295,TP,1,s1
2019-09-26 09:41:00-04:00,2019-09-26 09:41:00-04:00,2019-09-26 15:59:00-04:00,L,7779.25,7792.25,7723.5,55.75,24.0,0.21524663677130046,time,1,s1
2019-09-27 09:53:00-04:00,2019-09-27 09:53:00-04:00,2019-09-27 10:05:00-04:00,L,7771.5,7746.25,7746.5,25.0,-52.5,-1.05,SL,1,s1
2019-09-27 11:38:00-04:00,2019-09-27 11:38:00-04:00,2019-09-27 11:39:00-04:00,S,7725.25,7708.75,7769.75,44.5,31.0,0.34831460674157305,TP,1,s3
2019-09-30 10:20:00-04:00,2019-09-30 10:20:00-04:00,2019-09-30 15:59:00-04:00,S,7736.75,7768.0,7793.25,56.5,-64.5,-0.5707964601769911,time,1,s4
2019-10-01 09:32:00-04:00,2019-10-01 09:32:00-04:00,2019-10-01 09:48:00-04:00,L,7813.75,7839.5,7787.25,26.5,49.5,0.9339622641509434,TP,1,s2
2019-10-01 10:11:00-04:00,2019-10-01 10:11:00-04:00,2019-10-01 10:59:00-04:00,S,7782.5,7748.25,7807.0,24.5,66.5,1.3571428571428572,TP,1,s4
2019-10-01 11:23:00-04:00,2019-10-01 11:23:00-04:00,2019-10-01 11:49:00-04:00,L,7757.75,7728.25,7728.5,29.25,-61.0,-1.0427350427350428,SL,1,s1
2019-10-01 12:02:00-04:00,2019-10-01 12:02:00-04:00,2019-10-01 13:34:00-04:00,S,7726.75,7696.0,7748.25,21.5,59.5,1.3837209302325582,TP,1,s3
2019-10-02 09:38:00-04:00,2019-10-02 09:38:00-04:00,2019-10-02 11:31:00-04:00,S,7611.75,7551.0,7660.25,48.5,119.5,1.231958762886598,TP,1,s3
2019-10-03 10:05:00-04:00,2019-10-03 10:05:00-04:00,2019-10-03 10:26:00-04:00,S,7495.75,7531.5,7531.25,35.5,-73.5,-1.0352112676056338,SL,1,s3
2019-10-03 11:08:00-04:00,2019-10-03 11:08:00-04:00,2019-10-03 12:48:00-04:00,S,7599.75,7636.0,7635.75,36.0,-74.5,-1.0347222222222223,SL,1,s4
2019-10-03 13:41:00-04:00,2019-10-03 13:41:00-04:00,2019-10-03 15:59:00-04:00,L,7644.0,7652.0,7600.75,43.25,14.0,0.16184971098265896,time,1,s2
2019-10-04 09:32:00-04:00,2019-10-04 09:32:00-04:00,2019-10-04 14:15:00-04:00,S,7695.25,7751.5,7751.25,56.0,-114.5,-1.0223214285714286,SL,1,s4
2019-10-04 14:35:00-04:00,2019-10-04 14:35:00-04:00,2019-10-04 15:59:00-04:00,L,7754.75,7765.25,7701.75,53.0,19.0,0.1792452830188679,time,1,s2
2019-10-07 09:32:00-04:00,2019-10-07 09:32:00-04:00,2019-10-07 13:33:00-04:00,L,7756.25,7790.5,7715.0,41.25,66.5,0.806060606060606,TP,1,s1
2019-10-07 13:44:00-04:00,2019-10-07 13:44:00-04:00,2019-10-07 14:50:00-04:00,S,7788.25,7740.5,7816.0,27.75,93.5,1.6846846846846846,TP,1,s4
2019-10-08 09:32:00-04:00,2019-10-08 09:32:00-04:00,2019-10-08 09:40:00-04:00,S,7681.0,7661.25,7716.0,35.0,37.5,0.5357142857142857,TP,1,s3
2019-10-09 09:32:00-04:00,2019-10-09 09:32:00-04:00,2019-10-09 14:54:00-04:00,L,7684.5,7724.0,7645.75,38.75,77.0,0.9935483870967742,TP,1,s2
2019-10-10 09:53:00-04:00,2019-10-10 09:53:00-04:00,2019-10-10 10:57:00-04:00,L,7743.5,7771.5,7720.5,23.0,54.0,1.173913043478261,TP,1,s2
2019-10-10 14:08:00-04:00,2019-10-10 14:08:00-04:00,2019-10-10 14:16:00-04:00,S,7719.25,7740.0,7739.75,20.5,-43.5,-1.0609756097560976,SL,1,s4
2019-10-11 09:32:00-04:00,2019-10-11 09:32:00-04:00,2019-10-11 09:33:00-04:00,L,7852.0,7851.5,7780.5,71.5,-3.0,-0.02097902097902098,TP,1,s2
2019-10-14 11:02:00-04:00,2019-10-14 11:02:00-04:00,2019-10-14 15:59:00-04:00,S,7869.5,7854.25,7896.75,27.25,28.5,0.5229357798165137,time,1,s4
2019-10-15 09:32:00-04:00,2019-10-15 09:32:00-04:00,2019-10-15 09:40:00-04:00,L,7887.75,7896.75,7865.75,22.0,16.0,0.36363636363636365,TP,1,s2
2019-10-16 09:38:00-04:00,2019-10-16 09:38:00-04:00,2019-10-16 15:59:00-04:00,L,7930.0,7933.25,7898.0,32.0,4.5,0.0703125,time,1,s1
2019-10-17 09:32:00-04:00,2019-10-17 09:32:00-04:00,2019-10-17 09:33:00-04:00,L,7989.5,7989.0,7945.75,43.75,-3.0,-0.03428571428571429,TP,1,s2
2019-10-17 10:53:00-04:00,2019-10-17 10:53:00-04:00,2019-10-17 14:49:00-04:00,S,7942.25,7958.5,7958.25,16.0,-34.5,-1.078125,SL,1,s4
2019-10-18 10:08:00-04:00,2019-10-18 10:08:00-04:00,2019-10-18 10:34:00-04:00,L,7937.75,7915.0,7915.25,22.5,-47.5,-1.0555555555555556,SL,1,s1
2019-10-18 10:35:00-04:00,2019-10-18 10:35:00-04:00,2019-10-18 11:50:00-04:00,S,7912.25,7883.75,7934.5,22.25,55.0,1.2359550561797752,TP,1,s3
2019-10-21 09:59:00-04:00,2019-10-21 09:59:00-04:00,2019-10-21 12:50:00-04:00,S,7908.25,7943.5,7943.25,35.0,-72.5,-1.0357142857142858,SL,1,s4
2019-10-21 14:08:00-04:00,2019-10-21 14:08:00-04:00,2019-10-21 15:59:00-04:00,L,7943.75,7946.25,7909.25,34.5,3.0,0.043478260869565216,time,1,s2
2019-10-22 09:32:00-04:00,2019-10-22 09:32:00-04:00,2019-10-22 09:50:00-04:00,L,7981.75,7962.0,7962.25,19.5,-41.5,-1.064102564102564,SL,1,s2
2019-10-22 10:14:00-04:00,2019-10-22 10:14:00-04:00,2019-10-22 11:30:00-04:00,S,7961.25,7930.75,7978.5,17.25,59.0,1.710144927536232,TP,1,s4
2019-10-22 11:32:00-04:00,2019-10-22 11:32:00-04:00,2019-10-22 14:33:00-04:00,L,7935.25,7914.25,7914.5,20.75,-44.0,-1.0602409638554218,SL,1,s1
2019-10-22 14:35:00-04:00,2019-10-22 14:35:00-04:00,2019-10-22 15:45:00-04:00,S,7914.25,7888.5,7930.75,16.5,49.5,1.5,TP,1,s3
2019-10-23 09:35:00-04:00,2019-10-23 09:35:00-04:00,2019-10-23 15:59:00-04:00,L,7856.0,7896.25,7825.0,31.0,78.5,1.2661290322580645,time,1,s1
2019-10-24 09:32:00-04:00,2019-10-24 09:32:00-04:00,2019-10-24 09:33:00-04:00,L,7952.5,7952.25,7909.0,43.5,-2.5,-0.028735632183908046,TP,1,s2
2019-10-25 09:50:00-04:00,2019-10-25 09:50:00-04:00,2019-10-25 10:22:00-04:00,L,7965.0,7989.25,7939.25,25.75,46.5,0.9029126213592233,TP,1,s1
2019-10-25 10:35:00-04:00,2019-10-25 10:35:00-04:00,2019-10-25 10:50:00-04:00,S,7989.0,8006.5,8006.25,17.25,-37.0,-1.0724637681159421,SL,1,s4
2019-10-25 10:56:00-04:00,2019-10-25 10:56:00-04:00,2019-10-25 11:25:00-04:00,L,8007.5,8033.75,7989.25,18.25,50.5,1.3835616438356164,TP,1,s2
2019-10-28 10:17:00-04:00,2019-10-28 10:17:00-04:00,2019-10-28 15:59:00-04:00,L,8098.75,8116.25,8066.75,32.0,33.0,0.515625,time,1,s2
2019-10-29 09:32:00-04:00,2019-10-29 09:32:00-04:00,2019-10-29 09:48:00-04:00,L,8106.0,8087.25,8087.5,18.5,-39.5,-1.0675675675675675,SL,1,s1
2019-10-29 10:02:00-04:00,2019-10-29 10:02:00-04:00,2019-10-29 10:47:00-04:00,S,8084.25,8102.5,8102.25,18.0,-38.5,-1.0694444444444444,SL,1,s3
2019-10-30 10:05:00-04:00,2019-10-30 10:05:00-04:00,2019-10-30 14:51:00-04:00,L,8045.0,8071.25,8019.75,25.25,50.5,1.0,TP,1,s1
2019-10-31 09:32:00-04:00,2019-10-31 09:32:00-04:00,2019-10-31 10:14:00-04:00,S,8096.75,8066.0,8135.5,38.75,59.5,0.7677419354838709,TP,1,s4
2019-11-01 09:50:00-04:00,2019-11-01 09:50:00-04:00,2019-11-01 15:59:00-04:00,L,8133.0,8163.5,8110.5,22.5,59.0,1.3111111111111111,TP,1,s2
2019-11-04 09:32:00-05:00,2019-11-04 09:32:00-05:00,2019-11-04 09:33:00-05:00,L,8217.25,8216.5,8179.25,38.0,-3.5,-0.046052631578947366,TP,1,s2
2019-11-05 09:32:00-05:00,2019-11-05 09:32:00-05:00,2019-11-05 10:01:00-05:00,S,8218.75,8232.0,8231.75,13.0,-28.5,-1.0961538461538463,SL,1,s4
2019-11-05 10:17:00-05:00,2019-11-05 10:17:00-05:00,2019-11-05 11:15:00-05:00,L,8207.5,8222.5,8195.75,11.75,28.0,1.1914893617021276,TP,1,s1
2019-11-05 14:32:00-05:00,2019-11-05 14:32:00-05:00,2019-11-05 15:31:00-05:00,L,8233.75,8222.25,8222.5,11.25,-25.0,-1.1111111111111112,SL,1,s2
2019-11-06 09:38:00-05:00,2019-11-06 09:38:00-05:00,2019-11-06 10:05:00-05:00,S,8191.5,8204.0,8203.75,12.25,-27.0,-1.1020408163265305,SL,1,s3
2019-11-07 09:32:00-05:00,2019-11-07 09:32:00-05:00,2019-11-07 09:37:00-05:00,L,8242.25,8251.5,8215.25,27.0,16.5,0.3055555555555556,TP,1,s2
2019-11-08 09:59:00-05:00,2019-11-08 09:59:00-05:00,2019-11-08 15:21:00-05:00,L,8206.25,8249.0,8184.25,22.0,83.5,1.8977272727272727,TP,1,s1
2019-11-11 09:32:00-05:00,2019-11-11 09:32:00-05:00,2019-11-11 10:45:00-05:00,S,8213.25,8242.75,8242.5,29.25,-61.0,-1.0427350427350428,SL,1,s3
2019-11-11 12:41:00-05:00,2019-11-11 12:41:00-05:00,2019-11-11 15:59:00-05:00,L,8243.75,8248.5,8222.5,21.25,7.5,0.17647058823529413,time,1,s1
2019-11-12 09:32:00-05:00,2019-11-12 09:32:00-05:00,2019-11-12 10:00:00-05:00,S,8260.0,8274.25,8274.0,14.0,-30.5,-1.0892857142857142,SL,1,s4
2019-11-12 10:08:00-05:00,2019-11-12 10:08:00-05:00,2019-11-12 10:49:00-05:00,L,8276.0,8294.25,8261.25,14.75,34.5,1.1694915254237288,TP,1,s2
2019-11-13 09:35:00-05:00,2019-11-13 09:35:00-05:00,2019-11-13 09:50:00-05:00,L,8259.0,8239.75,8240.0,19.0,-40.5,-1.0657894736842106,SL,1,s1
2019-11-14 09:38:00-05:00,2019-11-14 09:38:00-05:00,2019-11-14 10:51:00-05:00,L,8257.25,8240.75,8241.0,16.25,-35.0,-1.0769230769230769,SL,1,s1
2019-11-14 10:56:00-05:00,2019-11-14 10:56:00-05:00,2019-11-14 11:48:00-05:00,S,8236.75,8221.0,8253.5,16.75,29.5,0.8805970149253731,TP,1,s3
2019-11-15 09:32:00-05:00,2019-11-15 09:32:00-05:00,2019-11-15 11:06:00-05:00,L,8310.75,8321.75,8281.25,29.5,20.0,0.3389830508474576,TP,1,s2
2019-11-18 09:35:00-05:00,2019-11-18 09:35:00-05:00,2019-11-18 09:41:00-05:00,S,8295.0,8285.5,8309.75,14.75,17.0,0.576271186440678,TP,1,s3
2019-11-18 10:47:00-05:00,2019-11-18 10:47:00-05:00,2019-11-18 11:14:00-05:00,L,8310.5,8300.0,8300.25,10.25,-23.0,-1.1219512195121952,SL,1,s1
2019-11-18 13:35:00-05:00,2019-11-18 13:35:00-05:00,2019-11-18 14:20:00-05:00,S,8327.5,8337.5,8337.25,9.75,-22.0,-1.1282051282051282,SL,1,s4
2019-11-18 14:23:00-05:00,2019-11-18 14:23:00-05:00,2019-11-18 15:18:00-05:00,L,8342.5,8327.5,8327.75,14.75,-32.0,-1.0847457627118644,SL,1,s2
2019-11-19 09:44:00-05:00,2019-11-19 09:44:00-05:00,2019-11-19 10:56:00-05:00,S,8349.5,8315.5,8370.0,20.5,66.0,1.6097560975609757,TP,1,s4
2019-11-19 10:59:00-05:00,2019-11-19 10:59:00-05:00,2019-11-19 11:38:00-05:00,L,8317.75,8351.5,8297.0,20.75,65.5,1.5783132530120483,TP,1,s1
2019-11-20 09:59:00-05:00,2019-11-20 09:59:00-05:00,2019-11-20 12:52:00-05:00,L,8332.5,8315.0,8315.25,17.25,-37.0,-1.0724637681159421,SL,1,s1
2019-11-20 12:53:00-05:00,2019-11-20 12:53:00-05:00,2019-11-20 12:56:00-05:00,S,8313.75,8292.0,8329.75,16.0,41.5,1.296875,TP,1,s3
2019-11-21 10:17:00-05:00,2019-11-21 10:17:00-05:00,2019-11-21 15:59:00-05:00,L,8262.0,8272.25,8228.0,34.0,18.5,0.27205882352941174,time,1,s1
2019-11-22 09:32:00-05:00,2019-11-22 09:32:00-05:00,2019-11-22 09:36:00-05:00,S,8281.5,8296.0,8295.75,14.25,-31.0,-1.087719298245614,SL,1,s4
2019-11-22 10:35:00-05:00,2019-11-22 10:35:00-05:00,2019-11-22 11:42:00-05:00,S,8245.25,8261.25,8261.0,15.75,-34.0,-1.0793650793650793,SL,1,s3
2019-11-22 11:47:00-05:00,2019-11-22 11:47:00-05:00,2019-11-22 15:59:00-05:00,L,8263.5,8277.5,8249.25,14.25,26.0,0.9122807017543859,time,1,s1
2019-11-25 09:32:00-05:00,2019-11-25 09:32:00-05:00,2019-11-25 09:37:00-05:00,L,8333.25,8343.5,8295.75,37.5,18.5,0.24666666666666667,TP,1,s2
2019-11-26 11:14:00-05:00,2019-11-26 11:14:00-05:00,2019-11-26 15:59:00-05:00,S,8394.75,8392.25,8413.25,18.5,3.0,0.08108108108108109,time,1,s4
2019-11-27 09:35:00-05:00,2019-11-27 09:35:00-05:00,2019-11-27 10:31:00-05:00,L,8414.5,8425.75,8401.25,13.25,20.5,0.7735849056603774,TP,1,s2
2019-11-29 09:32:00-05:00,2019-11-29 09:32:00-05:00,2019-11-29 09:33:00-05:00,S,8426.0,8426.5,8440.5,14.5,-3.0,-0.10344827586206896,TP,1,s3
2019-12-02 09:32:00-05:00,2019-12-02 09:32:00-05:00,2019-12-02 09:36:00-05:00,S,8398.75,8386.75,8412.0,13.25,22.0,0.8301886792452831,TP,1,s3
2019-12-03 09:32:00-05:00,2019-12-03 09:32:00-05:00,2019-12-03 09:48:00-05:00,S,8197.25,8178.0,8278.25,81.0,36.5,0.22530864197530864,TP,1,s3
2019-12-04 09:38:00-05:00,2019-12-04 09:38:00-05:00,2019-12-04 15:59:00-05:00,L,8311.5,8298.0,8283.25,28.25,-29.0,-0.5132743362831859,time,1,s2
2019-12-05 09:47:00-05:00,2019-12-05 09:47:00-05:00,2019-12-05 09:58:00-05:00,L,8320.0,8306.75,8307.0,13.0,-28.5,-1.0961538461538463,SL,1,s2
2019-12-05 09:59:00-05:00,2019-12-05 09:59:00-05:00,2019-12-05 10:08:00-05:00,S,8306.5,8289.5,8316.0,9.5,32.0,1.6842105263157894,TP,1,s4
2019-12-05 10:11:00-05:00,2019-12-05 10:11:00-05:00,2019-12-05 10:24:00-05:00,S,8280.25,8289.75,8289.5,9.25,-21.0,-1.135135135135135,SL,1,s3
2019-12-05 10:29:00-05:00,2019-12-05 10:29:00-05:00,2019-12-05 14:26:00-05:00,L,8290.25,8307.0,8280.5,9.75,31.5,1.6153846153846154,TP,1,s1
2019-12-06 09:32:00-05:00,2019-12-06 09:32:00-05:00,2019-12-06 09:33:00-05:00,L,8368.75,8368.75,8327.25,41.5,-2.0,-0.024096385542168676,TP,1,s2
2019-12-09 09:32:00-05:00,2019-12-09 09:32:00-05:00,2019-12-09 09:37:00-05:00,L,8397.25,8411.0,8376.75,20.5,25.5,0.6219512195121951,TP,1,s1
2019-12-09 09:44:00-05:00,2019-12-09 09:44:00-05:00,2019-12-09 10:42:00-05:00,L,8423.25,8410.75,8411.0,12.25,-27.0,-1.1020408163265305,SL,1,s2
2019-12-09 10:44:00-05:00,2019-12-09 10:44:00-05:00,2019-12-09 12:46:00-05:00,S,8410.0,8388.5,8422.75,12.75,41.0,1.607843137254902,TP,1,s4
2019-12-09 14:08:00-05:00,2019-12-09 14:08:00-05:00,2019-12-09 15:59:00-05:00,S,8376.25,8365.5,8388.5,12.25,19.5,0.7959183673469388,time,1,s3
2019-12-10 09:44:00-05:00,2019-12-10 09:44:00-05:00,2019-12-10 10:21:00-05:00,L,8355.75,8383.0,8329.5,26.25,52.5,1.0,TP,1,s1
2019-12-10 11:02:00-05:00,2019-12-10 11:02:00-05:00,2019-12-10 15:34:00-05:00,S,8377.5,8347.5,8401.0,23.5,58.0,1.2340425531914894,TP,1,s4
2019-12-11 09:32:00-05:00,2019-12-11 09:32:00-05:00,2019-12-11 10:01:00-05:00,S,8368.75,8391.5,8391.25,22.5,-47.5,-1.0555555555555556,SL,1,s4
2019-12-11 10:02:00-05:00,2019-12-11 10:02:00-05:00,2019-12-11 11:01:00-05:00,L,8395.75,8374.5,8374.75,21.0,-44.5,-1.0595238095238095,SL,1,s2
2019-12-12 09:35:00-05:00,2019-12-12 09:35:00-05:00,2019-12-12 09:36:00-05:00,L,8406.75,8417.5,8378.0,28.75,19.5,0.3391304347826087,TP,1,s1
2019-12-12 09:38:00-05:00,2019-12-12 09:38:00-05:00,2019-12-12 09:39:00-05:00,L,8444.5,8452.25,8417.5,27.0,13.5,0.25,TP,1,s2
2019-12-12 12:20:00-05:00,2019-12-12 12:20:00-05:00,2019-12-12 12:36:00-05:00,S,8417.0,8431.25,8431.0,14.0,-30.5,-1.0892857142857142,SL,1,s4
2019-12-13 10:14:00-05:00,2019-12-13 10:14:00-05:00,2019-12-13 15:59:00-05:00,S,8491.0,8492.5,8530.75,39.75,-5.0,-0.06289308176100629,time,1,s4
2019-12-17 09:32:00-05:00,2019-12-17 09:32:00-05:00,2019-12-17 15:59:00-05:00,S,8609.5,8605.75,8627.25,17.75,5.5,0.15492957746478872,time,1,s4
2019-12-18 09:32:00-05:00,2019-12-18 09:32:00-05:00,2019-12-18 09:58:00-05:00,L,8623.75,8613.25,8613.5,10.25,-23.0,-1.1219512195121952,SL,1,s2
2019-12-18 09:59:00-05:00,2019-12-18 09:59:00-05:00,2019-12-18 10:39:00-05:00,S,8613.0,8622.0,8621.75,8.75,-20.0,-1.1428571428571428,SL,1,s4
2019-12-19 09:32:00-05:00,2019-12-19 09:32:00-05:00,2019-12-19 11:20:00-05:00,L,8633.75,8645.25,8621.0,12.75,21.0,0.8235294117647058,TP,1,s2
2019-12-20 09:32:00-05:00,2019-12-20 09:32:00-05:00,2019-12-20 09:59:00-05:00,L,8703.25,8686.0,8686.25,17.0,-36.5,-1.0735294117647058,SL,1,s2
2019-12-23 09:32:00-05:00,2019-12-23 09:32:00-05:00,2019-12-23 11:31:00-05:00,L,8728.75,8735.5,8712.75,16.0,11.5,0.359375,TP,1,s2
2019-12-24 09:35:00-05:00,2019-12-24 09:35:00-05:00,2019-12-24 09:44:00-05:00,S,8720.0,8715.75,8734.0,14.0,6.5,0.23214285714285715,TP,1,s4
2019-12-24 09:50:00-05:00,2019-12-24 09:50:00-05:00,2019-12-24 09:59:00-05:00,S,8708.25,8716.0,8715.75,7.5,-17.5,-1.1666666666666667,SL,1,s3
2019-12-26 09:35:00-05:00,2019-12-26 09:35:00-05:00,2019-12-26 09:48:00-05:00,L,8746.25,8757.25,8737.25,9.0,20.0,1.1111111111111112,TP,1,s2
2019-12-27 09:44:00-05:00,2019-12-27 09:44:00-05:00,2019-12-27 09:59:00-05:00,S,8817.0,8784.0,8836.0,19.0,64.0,1.6842105263157894,TP,1,s4
2019-12-27 10:02:00-05:00,2019-12-27 10:02:00-05:00,2019-12-27 11:34:00-05:00,L,8790.25,8818.5,8766.5,23.75,54.5,1.1473684210526316,TP,1,s1
2019-12-30 09:38:00-05:00,2019-12-30 09:38:00-05:00,2019-12-30 09:43:00-05:00,S,8738.75,8729.75,8775.25,36.5,16.0,0.2191780821917808,TP,1,s3
2019-12-31 09:32:00-05:00,2019-12-31 09:32:00-05:00,2019-12-31 15:59:00-05:00,L,8724.0,8747.75,8675.5,48.5,45.5,0.4690721649484536,time,1,s1
2020-01-02 09:32:00-05:00,2020-01-02 09:32:00-05:00,2020-01-02 09:33:00-05:00,L,8822.0,8820.75,8765.25,56.75,-4.5,-0.039647577092511016,TP,1,s2
2020-01-03 09:32:00-05:00,2020-01-03 09:32:00-05:00,2020-01-03 15:59:00-05:00,S,8811.0,8810.0,8865.0,54.0,0.0,0.0,time,1,s3
2020-01-06 09:38:00-05:00,2020-01-06 09:38:00-05:00,2020-01-06 09:47:00-05:00,S,8759.0,8785.25,8785.0,26.0,-54.5,-1.0480769230769231,SL,1,s3
2020-01-06 11:11:00-05:00,2020-01-06 11:11:00-05:00,2020-01-06 15:51:00-05:00,S,8833.0,8860.0,8859.75,26.75,-56.0,-1.0467289719626167,SL,1,s4
2020-01-08 09:38:00-05:00,2020-01-08 09:38:00-05:00,2020-01-08 09:55:00-05:00,S,8876.0,8892.25,8892.0,16.0,-34.5,-1.078125,SL,1,s4
2020-01-08 09:56:00-05:00,2020-01-08 09:56:00-05:00,2020-01-08 10:35:00-05:00,L,8895.25,8876.75,8877.0,18.25,-39.0,-1.0684931506849316,SL,1,s2
2020-01-09 09:32:00-05:00,2020-01-09 09:32:00-05:00,2020-01-09 12:34:00-05:00,L,9014.25,8963.5,8963.75,50.5,-103.5,-1.0247524752475248,SL,1,s2
2020-01-09 12:41:00-05:00,2020-01-09 12:41:00-05:00,2020-01-09 14:35:00-05:00,S,8962.25,8998.5,8998.25,36.0,-74.5,-1.0347222222222223,SL,1,s4
2020-01-10 09:35:00-05:00,2020-01-10 09:35:00-05:00,2020-01-10 15:07:00-05:00,S,9023.75,8987.25,9044.75,21.0,71.0,1.6904761904761905,TP,1,s4
2020-01-13 09:56:00-05:00,2020-01-13 09:56:00-05:00,2020-01-13 11:59:00-05:00,L,9029.0,9058.75,9003.5,25.5,57.5,1.1274509803921569,TP,1,s2
2020-01-14 09:47:00-05:00,2020-01-14 09:47:00-05:00,2020-01-14 09:58:00-05:00,L,9065.0,9039.0,9039.25,25.75,-54.0,-1.0485436893203883,SL,1,s1
2020-01-15 09:47:00-05:00,2020-01-15 09:47:00-05:00,2020-01-15 09:54:00-05:00,S,9066.25,9083.75,9083.5,17.25,-37.0,-1.0724637681159421,SL,1,s4
2020-01-15 09:59:00-05:00,2020-01-15 09:59:00-05:00,2020-01-15 12:52:00-05:00,L,9084.25,9066.75,9067.0,17.25,-37.0,-1.0724637681159421,SL,1,s2
2020-01-16 09:32:00-05:00,2020-01-16 09:32:00-05:00,2020-01-16 15:46:00-05:00,L,9101.75,9125.5,9072.5,29.25,45.5,0.7777777777777778,TP,1,s2
2020-01-17 09:38:00-05:00,2020-01-17 09:38:00-05:00,2020-01-17 15:49:00-05:00,S,9146.0,9172.5,9172.25,26.25,-55.0,-1.0476190476190477,SL,1,s4
2020-01-20 09:32:00-05:00,2020-01-20 09:32:00-05:00,2020-01-20 12:49:00-05:00,L,9168.75,9173.5,9149.5,19.25,7.5,0.19480519480519481,time,1,s1
2020-01-21 09:35:00-05:00,2020-01-21 09:35:00-05:00,2020-01-21 09:38:00-05:00,S,9162.0,9160.0,9171.5,9.5,2.0,0.10526315789473684,TP,1,s3
2020-01-21 09:56:00-05:00,2020-01-21 09:56:00-05:00,2020-01-21 10:05:00-05:00,L,9172.25,9180.0,9167.0,5.25,13.5,1.2857142857142858,TP,1,s1
2020-01-21 11:14:00-05:00,2020-01-21 11:14:00-05:00,2020-01-21 11:21:00-05:00,L,9185.25,9191.5,9180.0,5.25,10.5,1.0,TP,1,s2
2020-01-22 09:32:00-05:00,2020-01-22 09:32:00-05:00,2020-01-22 09:35:00-05:00,L,9220.0,9227.5,9192.75,27.25,13.0,0.23853211009174313,TP,1,s2
2020-01-23 09:35:00-05:00,2020-01-23 09:35:00-05:00,2020-01-23 09:58:00-05:00,S,9158.25,9183.0,9182.75,24.5,-51.5,-1.0510204081632653,SL,1,s3
2020-01-23 09:59:00-05:00,2020-01-23 09:59:00-05:00,2020-01-23 14:02:00-05:00,L,9189.75,9218.25,9164.75,25.0,55.0,1.1,TP,1,s1
2020-01-24 09:32:00-05:00,2020-01-24 09:32:00-05:00,2020-01-24 10:18:00-05:00,L,9272.75,9249.5,9249.75,23.0,-48.5,-1.0543478260869565,SL,1,s2
2020-01-24 10:20:00-05:00,2020-01-24 10:20:00-05:00,2020-01-24 12:00:00-05:00,S,9242.25,9205.25,9272.5,30.25,72.0,1.1900826446280992,TP,1,s4
2020-01-24 12:17:00-05:00,2020-01-24 12:17:00-05:00,2020-01-24 13:49:00-05:00,S,9176.5,9145.25,9205.25,28.75,60.5,1.0521739130434782,TP,1,s3
2020-01-27 09:32:00-05:00,2020-01-27 09:32:00-05:00,2020-01-27 09:33:00-05:00,S,8960.0,8960.0,9103.75,143.75,-2.0,-0.006956521739130435,TP,1,s3
2020-01-28 09:32:00-05:00,2020-01-28 09:32:00-05:00,2020-01-28 10:24:00-05:00,L,9032.75,9046.5,8984.5,48.25,25.5,0.26424870466321243,TP,1,s2
2020-01-29 09:50:00-05:00,2020-01-29 09:50:00-05:00,2020-01-29 15:59:00-05:00,S,9124.25,9109.75,9163.5,39.25,27.0,0.34394904458598724,time,1,s4
2020-01-30 09:35:00-05:00,2020-01-30 09:35:00-05:00,2020-01-30 10:37:00-05:00,L,9093.5,9061.5,9061.75,31.75,-66.0,-1.0393700787401574,SL,1,s1
2020-01-30 10:38:00-05:00,2020-01-30 10:38:00-05:00,2020-01-30 11:50:00-05:00,S,9060.25,9086.0,9085.75,25.5,-53.5,-1.0490196078431373,SL,1,s3
2020-01-31 09:32:00-05:00,2020-01-31 09:32:00-05:00,2020-01-31 09:50:00-05:00,S,9147.5,9110.0,9212.25,64.75,73.0,0.5637065637065637,TP,1,s4
2020-01-31 09:53:00-05:00,2020-01-31 09:53:00-05:00,2020-01-31 10:29:00-05:00,L,9111.0,9075.5,9075.75,35.25,-73.0,-1.0354609929078014,SL,1,s1
2020-02-03 09:56:00-05:00,2020-02-03 09:56:00-05:00,2020-02-03 15:59:00-05:00,L,9119.25,9131.0,9054.75,64.5,21.5,0.16666666666666666,time,1,s2
2020-02-04 09:32:00-05:00,2020-02-04 09:32:00-05:00,2020-02-04 09:42:00-05:00,L,9241.75,9252.5,9164.25,77.5,19.5,0.12580645161290321,TP,1,s2
2020-02-05 09:32:00-05:00,2020-02-05 09:32:00-05:00,2020-02-05 09:43:00-05:00,L,9433.25,9376.75,9377.0,56.25,-115.0,-1.0222222222222221,SL,1,s2
2020-02-05 10:14:00-05:00,2020-02-05 10:14:00-05:00,2020-02-05 15:59:00-05:00,S,9370.25,9375.75,9413.75,43.5,-13.0,-0.14942528735632185,time,1,s4
2020-02-06 10:02:00-05:00,2020-02-06 10:02:00-05:00,2020-02-06 13:05:00-05:00,S,9405.75,9452.5,9452.25,46.5,-95.5,-1.0268817204301075,SL,1,s4
2020-02-07 09:35:00-05:00,2020-02-07 09:35:00-05:00,2020-02-07 10:31:00-05:00,S,9394.75,9427.75,9427.5,32.75,-68.0,-1.0381679389312977,SL,1,s3
2020-02-07 10:38:00-05:00,2020-02-07 10:38:00-05:00,2020-02-07 14:08:00-05:00,L,9428.75,9401.5,9401.75,27.0,-56.5,-1.0462962962962963,SL,1,s1
2020-02-10 09:32:00-05:00,2020-02-10 09:32:00-05:00,2020-02-10 09:41:00-05:00,L,9407.0,9432.25,9367.5,39.5,48.5,0.6139240506329114,TP,1,s1
2020-02-10 10:17:00-05:00,2020-02-10 10:17:00-05:00,2020-02-10 14:57:00-05:00,L,9457.0,9489.25,9432.25,24.75,62.5,1.2626262626262625,TP,1,s2
2020-02-11 09:35:00-05:00,2020-02-11 09:35:00-05:00,2020-02-11 10:40:00-05:00,S,9552.5,9607.0,9606.75,54.25,-111.0,-1.023041474654378,SL,1,s4
2020-02-12 09:32:00-05:00,2020-02-12 09:32:00-05:00,2020-02-12 15:59:00-05:00,L,9596.25,9620.25,9554.75,41.5,46.0,0.5542168674698795,time,1,s2
2020-02-13 09:32:00-05:00,2020-02-13 09:32:00-05:00,2020-02-13 10:03:00-05:00,S,9572.0,9555.25,9602.75,30.75,31.5,0.5121951219512195,TP,1,s3
2020-02-13 10:53:00-05:00,2020-02-13 10:53:00-05:00,2020-02-13 13:46:00-05:00,L,9604.25,9638.25,9584.75,19.5,66.0,1.6923076923076923,TP,1,s1
2020-02-13 13:53:00-05:00,2020-02-13 13:53:00-05:00,2020-02-13 15:33:00-05:00,S,9636.75,9602.75,9656.25,19.5,66.0,1.6923076923076923,TP,1,s4
2020-02-14 09:32:00-05:00,2020-02-14 09:32:00-05:00,2020-02-14 15:59:00-05:00,S,9632.25,9630.25,9662.75,30.5,2.0,0.03278688524590164,time,1,s4
2020-02-17 09:35:00-05:00,2020-02-17 09:35:00-05:00,2020-02-17 12:49:00-05:00,L,9661.75,9666.25,9644.75,17.0,7.0,0.20588235294117646,time,1,s2
2020-02-18 09:32:00-05:00,2020-02-18 09:32:00-05:00,2020-02-18 09:33:00-05:00,S,9598.5,9599.0,9662.25,63.75,-3.0,-0.023529411764705882,TP,1,s3
2020-02-19 09:32:00-05:00,2020-02-19 09:32:00-05:00,2020-02-19 09:53:00-05:00,L,9702.0,9715.75,9657.75,44.25,25.5,0.288135593220339,TP,1,s2
2020-02-20 09:32:00-05:00,2020-02-20 09:32:00-05:00,2020-02-20 09:37:00-05:00,L,9715.5,9691.0,9691.25,24.25,-51.0,-1.0515463917525774,SL,1,s1
2020-02-20 11:11:00-05:00,2020-02-20 11:11:00-05:00,2020-02-20 11:15:00-05:00,S,9672.5,9660.75,9710.0,37.5,21.5,0.2866666666666667,TP,1,s3
2020-02-21 09:47:00-05:00,2020-02-21 09:47:00-05:00,2020-02-21 13:52:00-05:00,S,9504.25,9422.75,9577.0,72.75,161.0,1.1065292096219932,TP,1,s3
2020-02-24 09:32:00-05:00,2020-02-24 09:32:00-05:00,2020-02-24 09:33:00-05:00,S,9139.25,9140.0,9399.0,259.75,-3.5,-0.006737247353224254,TP,1,s3
2020-02-25 09:44:00-05:00,2020-02-25 09:44:00-05:00,2020-02-25 10:28:00-05:00,S,9121.5,9040.75,9173.75,52.25,159.5,1.5263157894736843,TP,1,s4
2020-02-25 10:29:00-05:00,2020-02-25 10:29:00-05:00,2020-02-25 10:53:00-05:00,L,9051.75,8996.0,8996.25,55.5,-113.5,-1.0225225225225225,SL,1,s1
2020-02-26 10:05:00-05:00,2020-02-26 10:05:00-05:00,2020-02-26 15:59:00-05:00,S,8942.75,8880.0,9048.75,106.0,123.5,0.5825471698113207,time,1,s4
2020-02-27 09:32:00-05:00,2020-02-27 09:32:00-05:00,2020-02-27 09:33:00-05:00,S,8640.0,8640.25,8819.0,179.0,-2.5,-0.006983240223463687,TP,1,s3
2020-02-28 09:50:00-05:00,2020-02-28 09:50:00-05:00,2020-02-28 11:29:00-05:00,S,8220.75,8332.75,8332.5,111.75,-226.0,-1.0111856823266219,SL,1,s3
2020-03-02 09:32:00-05:00,2020-03-02 09:32:00-05:00,2020-03-02 11:38:00-05:00,S,8556.0,8681.0,8680.75,124.75,-252.0,-1.0100200400801602,SL,1,s4
2020-03-02 11:44:00-05:00,2020-03-02 11:44:00-05:00,2020-03-02 14:43:00-05:00,L,8686.25,8578.0,8578.25,108.0,-218.5,-1.0115740740740742,SL,1,s2
2020-03-03 09:59:00-05:00,2020-03-03 09:59:00-05:00,2020-03-03 10:01:00-05:00,L,8780.25,8996.25,8636.5,143.75,430.0,1.4956521739130435,TP,1,s1
2020-03-03 10:02:00-05:00,2020-03-03 10:02:00-05:00,2020-03-03 11:23:00-05:00,S,8967.5,8756.75,9116.5,149.0,419.5,1.407718120805369,TP,1,s4
2020-03-03 13:44:00-05:00,2020-03-03 13:44:00-05:00,2020-03-03 15:59:00-05:00,S,8619.25,8596.25,8756.75,137.5,44.0,0.16,time,1,s3
2020-03-04 09:35:00-05:00,2020-03-04 09:35:00-05:00,2020-03-04 14:30:00-05:00,S,8722.25,8867.0,8866.75,144.5,-291.5,-1.008650519031142,SL,1,s4
2020-03-05 09:32:00-05:00,2020-03-05 09:32:00-05:00,2020-03-05 11:27:00-05:00,S,8724.5,8865.5,8865.25,140.75,-284.0,-1.0088809946714032,SL,1,s3
2020-03-06 09:32:00-05:00,2020-03-06 09:32:00-05:00,2020-03-06 09:34:00-05:00,S,8447.5,8411.75,8600.75,153.25,69.5,0.2267536704730832,TP,1,s3
2020-03-09 09:32:00-04:00,2020-03-09 09:32:00-04:00,2020-03-09 09:34:00-04:00,S,7922.5,7900.25,8458.75,536.25,42.5,0.039627039627039624,TP,1,s3
2020-03-10 09:32:00-04:00,2020-03-10 09:32:00-04:00,2020-03-10 11:18:00-04:00,L,8212.0,8053.25,8053.5,158.5,-319.5,-1.0078864353312302,SL,1,s2
2020-03-10 11:20:00-04:00,2020-03-10 11:20:00-04:00,2020-03-10 14:44:00-04:00,S,8043.5,8174.75,8174.5,131.0,-264.5,-1.0095419847328244,SL,1,s4
2020-03-11 10:44:00-04:00,2020-03-11 10:44:00-04:00,2020-03-11 15:13:00-04:00,S,8108.5,7906.0,8246.0,137.5,403.0,1.4654545454545456,TP,1,s3
2020-03-12 09:32:00-04:00,2020-03-12 09:32:00-04:00,2020-03-12 09:33:00-04:00,S,7481.5,7491.25,7908.0,426.5,-21.5,-0.025205158264947247,TP,1,s3
2020-03-13 09:32:00-04:00,2020-03-13 09:32:00-04:00,2020-03-13 11:28:00-04:00,L,7690.25,7416.0,7416.25,274.0,-550.5,-1.0045620437956204,SL,1,s2
2020-03-13 11:29:00-04:00,2020-03-13 11:29:00-04:00,2020-03-13 13:30:00-04:00,S,7389.75,7572.0,7571.75,182.0,-366.5,-1.0068681318681318,SL,1,s4
2020-03-17 09:38:00-04:00,2020-03-17 09:38:00-04:00,2020-03-17 11:07:00-04:00,S,7095.75,7277.75,7277.5,181.75,-366.0,-1.0068775790921596,SL,1,s4
2020-03-17 11:11:00-04:00,2020-03-17 11:11:00-04:00,2020-03-17 15:59:00-04:00,L,7315.25,7437.75,7102.5,212.75,243.0,0.5710928319623971,time,1,s2
2020-03-18 09:32:00-04:00,2020-03-18 09:32:00-04:00,2020-03-18 10:03:00-04:00,S,7091.25,7271.75,7271.5,180.25,-363.0,-1.0069348127600555,SL,1,s3
2020-03-18 10:44:00-04:00,2020-03-18 10:44:00-04:00,2020-03-18 11:11:00-04:00,L,7274.5,7104.5,7104.75,169.75,-342.0,-1.0073637702503682,SL,1,s1
2020-03-19 09:35:00-04:00,2020-03-19 09:35:00-04:00,2020-03-19 10:14:00-04:00,L,7067.75,7348.75,6924.0,143.75,560.0,1.9478260869565218,TP,1,s1
2020-03-19 10:17:00-04:00,2020-03-19 10:17:00-04:00,2020-03-19 14:43:00-04:00,S,7344.25,7490.75,7490.5,146.25,-295.0,-1.0085470085470085,SL,1,s4
2020-03-20 09:38:00-04:00,2020-03-20 09:38:00-04:00,2020-03-20 12:29:00-04:00,S,7400.75,7135.75,7541.25,140.5,528.0,1.8790035587188612,TP,1,s4
2020-03-23 11:26:00-04:00,2020-03-23 11:26:00-04:00,2020-03-23 13:12:00-04:00,L,6834.25,7121.0,6687.0,147.25,571.5,1.9405772495755518,TP,1,s1
2020-03-23 13:17:00-04:00,2020-03-23 13:17:00-04:00,2020-03-23 15:59:00-04:00,S,7089.25,6994.0,7266.0,176.75,188.5,0.5332390381895332,time,1,s4
2020-03-24 09:32:00-04:00,2020-03-24 09:32:00-04:00,2020-03-24 09:33:00-04:00,L,7375.0,7388.75,7098.75,276.25,25.5,0.046153846153846156,TP,1,s2
2020-03-25 09:47:00-04:00,2020-03-25 09:47:00-04:00,2020-03-25 09:59:00-04:00,S,7562.25,7465.5,7666.75,104.5,191.5,0.916267942583732,TP,1,s4
2020-03-25 10:11:00-04:00,2020-03-25 10:11:00-04:00,2020-03-25 10:30:00-04:00,S,7396.5,7465.75,7465.5,69.0,-140.5,-1.0181159420289856,SL,1,s3
2020-03-25 13:17:00-04:00,2020-03-25 13:17:00-04:00,2020-03-25 15:44:00-04:00,L,7677.75,7599.25,7599.5,78.25,-159.0,-1.0159744408945688,SL,1,s2
2020-03-26 09:32:00-04:00,2020-03-26 09:32:00-04:00,2020-03-26 10:18:00-04:00,S,7558.0,7676.5,7676.25,118.25,-239.0,-1.0105708245243128,SL,1,s4
2020-03-26 10:20:00-04:00,2020-03-26 10:20:00-04:00,2020-03-26 15:54:00-04:00,L,7688.25,7856.0,7568.75,119.5,333.5,1.395397489539749,TP,1,s2
2020-03-27 09:32:00-04:00,2020-03-27 09:32:00-04:00,2020-03-27 15:12:00-04:00,S,7655.25,7764.0,7763.75,108.5,-219.5,-1.0115207373271888,SL,1,s3
2020-03-30 10:05:00-04:00,2020-03-30 10:05:00-04:00,2020-03-30 11:20:00-04:00,L,7725.25,7813.5,7638.75,86.5,174.5,1.0086705202312138,TP,1,s2
2020-03-31 10:59:00-04:00,2020-03-31 10:59:00-04:00,2020-03-31 15:14:00-04:00,S,7935.0,7795.5,8005.75,70.75,277.0,1.9575971731448762,TP,1,s4
2020-04-01 09:32:00-04:00,2020-04-01 09:32:00-04:00,2020-04-01 12:33:00-04:00,S,7598.75,7550.25,7731.5,132.75,95.0,0.3578154425612053,TP,1,s3
2020-04-02 10:47:00-04:00,2020-04-02 10:47:00-04:00,2020-04-02 15:56:00-04:00,S,7541.75,7620.75,7620.5,78.75,-160.0,-1.0158730158730158,SL,1,s4
2020-04-03 10:29:00-04:00,2020-04-03 10:29:00-04:00,2020-04-03 11:53:00-04:00,L,7568.0,7498.75,7499.0,69.0,-140.5,-1.0181159420289856,SL,1,s1
2020-04-03 12:08:00-04:00,2020-04-03 12:08:00-04:00,2020-04-03 15:59:00-04:00,S,7489.75,7514.75,7558.5,68.75,-52.0,-0.3781818181818182,time,1,s3
2020-04-06 09:32:00-04:00,2020-04-06 09:32:00-04:00,2020-04-06 09:33:00-04:00,L,7778.75,7779.0,7579.5,199.25,-1.5,-0.0037641154328732747,TP,1,s2
2020-04-07 09:32:00-04:00,2020-04-07 09:32:00-04:00,2020-04-07 10:14:00-04:00,L,8261.0,8148.0,8148.25,112.75,-228.0,-1.0110864745011086,SL,1,s2
2020-04-07 10:23:00-04:00,2020-04-07 10:23:00-04:00,2020-04-07 12:16:00-04:00,S,8131.5,8244.75,8244.5,113.0,-228.5,-1.011061946902655,SL,1,s4
2020-04-08 09:50:00-04:00,2020-04-08 09:50:00-04:00,2020-04-08 11:39:00-04:00,S,8082.75,8188.25,8188.0,105.25,-213.0,-1.01187648456057,SL,1,s4
2020-04-08 14:26:00-04:00,2020-04-08 14:26:00-04:00,2020-04-08 15:59:00-04:00,L,8188.5,8211.75,8114.0,74.5,44.5,0.2986577181208054,time,1,s2
2020-04-09 09:32:00-04:00,2020-04-09 09:32:00-04:00,2020-04-09 09:44:00-04:00,S,8250.0,8320.75,8320.5,70.5,-143.5,-1.0177304964539007,SL,1,s4
2020-04-09 10:23:00-04:00,2020-04-09 10:23:00-04:00,2020-04-09 12:19:00-04:00,L,8162.75,8266.0,8103.5,59.25,204.5,1.7257383966244726,TP,1,s1
2020-04-13 09:32:00-04:00,2020-04-13 09:32:00-04:00,2020-04-13 15:20:00-04:00,L,8184.0,8274.0,8129.75,54.25,178.0,1.640552995391705,TP,1,s1
2020-04-14 09:32:00-04:00,2020-04-14 09:32:00-04:00,2020-04-14 09:35:00-04:00,L,8481.0,8514.25,8369.75,111.25,64.5,0.2898876404494382,TP,1,s2
2020-04-15 09:41:00-04:00,2020-04-15 09:41:00-04:00,2020-04-15 14:18:00-04:00,S,8540.25,8612.75,8612.5,72.25,-147.0,-1.0173010380622838,SL,1,s3
2020-04-15 14:20:00-04:00,2020-04-15 14:20:00-04:00,2020-04-15 15:59:00-04:00,L,8617.75,8581.75,8543.0,74.75,-74.0,-0.49498327759197325,time,1,s1
2020-04-16 09:32:00-04:00,2020-04-16 09:32:00-04:00,2020-04-16 10:02:00-04:00,L,8695.25,8628.25,8628.5,66.75,-136.0,-1.0187265917602997,SL,1,s2
2020-04-17 09:38:00-04:00,2020-04-17 09:38:00-04:00,2020-04-17 14:40:00-04:00,S,8794.25,8690.5,8849.75,55.5,205.5,1.8513513513513513,TP,1,s4
2020-04-17 14:41:00-04:00,2020-04-17 14:41:00-04:00,2020-04-17 15:48:00-04:00,L,8703.0,8796.5,8637.25,65.75,185.0,1.4068441064638784,TP,1,s1
2020-04-20 09:38:00-04:00,2020-04-20 09:38:00-04:00,2020-04-20 15:50:00-04:00,L,8780.0,8715.0,8715.25,64.75,-132.0,-1.0193050193050193,SL,1,s1
2020-04-21 09:35:00-04:00,2020-04-21 09:35:00-04:00,2020-04-21 09:37:00-04:00,S,8591.0,8576.75,8675.5,84.5,26.5,0.15680473372781065,TP,1,s3
2020-04-22 09:35:00-04:00,2020-04-22 09:35:00-04:00,2020-04-22 15:59:00-04:00,L,8581.0,8648.25,8476.0,105.0,132.5,0.6309523809523809,time,1,s2
2020-04-23 09:38:00-04:00,2020-04-23 09:38:00-04:00,2020-04-23 12:44:00-04:00,L,8742.5,8693.5,8693.75,48.75,-100.0,-1.0256410256410255,SL,1,s2
2020-04-23 12:47:00-04:00,2020-04-23 12:47:00-04:00,2020-04-23 15:59:00-04:00,S,8681.0,8628.25,8739.25,58.25,103.5,0.8884120171673819,time,1,s4
2020-04-24 12:32:00-04:00,2020-04-24 12:32:00-04:00,2020-04-24 14:06:00-04:00,S,8672.75,8727.0,8726.75,54.0,-110.5,-1.0231481481481481,SL,1,s4
2020-04-24 14:20:00-04:00,2020-04-24 14:20:00-04:00,2020-04-24 15:59:00-04:00,L,8730.0,8770.75,8677.25,52.75,79.5,0.7535545023696683,time,1,s2
2020-04-27 09:41:00-04:00,2020-04-27 09:41:00-04:00,2020-04-27 15:59:00-04:00,S,8831.25,8824.25,8892.75,61.5,12.0,0.0975609756097561,time,1,s4
2020-04-28 09:32:00-04:00,2020-04-28 09:32:00-04:00,2020-04-28 09:48:00-04:00,L,8875.75,8848.0,8848.25,27.5,-57.5,-1.0454545454545454,SL,1,s2
2020-04-28 09:56:00-04:00,2020-04-28 09:56:00-04:00,2020-04-28 10:18:00-04:00,S,8846.75,8799.75,8872.75,26.0,92.0,1.7692307692307692,TP,1,s4
2020-04-28 10:23:00-04:00,2020-04-28 10:23:00-04:00,2020-04-28 10:47:00-04:00,S,8758.0,8735.25,8799.75,41.75,43.5,0.5209580838323353,TP,1,s3
2020-04-29 09:32:00-04:00,2020-04-29 09:32:00-04:00,2020-04-29 10:22:00-04:00,L,8850.0,8917.5,8735.25,114.75,133.0,0.579520697167756,TP,1,s2
2020-04-30 12:32:00-04:00,2020-04-30 12:32:00-04:00,2020-04-30 15:59:00-04:00,L,8908.75,8982.0,8852.0,56.75,144.5,1.2731277533039647,time,1,s1
2020-05-01 09:32:00-04:00,2020-05-01 09:32:00-04:00,2020-05-01 09:33:00-04:00,S,8823.75,8823.75,8951.75,128.0,-2.0,-0.0078125,TP,1,s3
2020-05-04 09:32:00-04:00,2020-05-04 09:32:00-04:00,2020-05-04 10:18:00-04:00,L,8660.0,8768.25,8597.75,62.25,214.5,1.7228915662650603,TP,1,s1
2020-05-04 10:20:00-04:00,2020-05-04 10:20:00-04:00,2020-05-04 15:59:00-04:00,S,8755.0,8825.5,8825.25,70.25,-143.0,-1.0177935943060499,SL,1,s4
2020-05-05 09:32:00-04:00,2020-05-05 09:32:00-04:00,2020-05-05 13:49:00-04:00,L,8934.0,8998.25,8866.5,67.5,126.5,0.937037037037037,TP,1,s2
2020-05-06 09:32:00-04:00,2020-05-06 09:32:00-04:00,2020-05-06 10:08:00-04:00,L,9003.0,8955.0,8955.25,47.75,-98.0,-1.0261780104712042,SL,1,s2
2020-05-07 09:32:00-04:00,2020-05-07 09:32:00-04:00,2020-05-07 09:33:00-04:00,L,9103.5,9102.5,9005.25,98.25,-4.0,-0.020356234096692113,TP,1,s2
2020-05-08 09:47:00-04:00,2020-05-08 09:47:00-04:00,2020-05-08 10:31:00-04:00,L,9151.25,9187.0,9117.25,34.0,69.5,1.0220588235294117,TP,1,s2
2020-05-11 09:38:00-04:00,2020-05-11 09:38:00-04:00,2020-05-11 10:06:00-04:00,L,9196.0,9238.0,9152.25,43.75,82.0,0.9371428571428572,TP,1,s1
2020-05-11 10:08:00-04:00,2020-05-11 10:08:00-04:00,2020-05-11 12:00:00-04:00,S,9232.75,9267.0,9266.75,34.0,-70.5,-1.036764705882353,SL,1,s4
2020-05-11 12:20:00-04:00,2020-05-11 12:20:00-04:00,2020-05-11 13:35:00-04:00,L,9271.5,9314.5,9238.0,33.5,84.0,1.2537313432835822,TP,1,s2
2020-05-12 09:32:00-04:00,2020-05-12 09:32:00-04:00,2020-05-12 15:18:00-04:00,S,9334.0,9234.25,9392.0,58.0,197.5,1.7025862068965518,TP,1,s4
2020-05-13 10:47:00-04:00,2020-05-13 10:47:00-04:00,2020-05-13 11:43:00-04:00,S,9161.5,9034.75,9237.5,76.0,251.5,1.6546052631578947,TP,1,s4
2020-05-13 12:08:00-04:00,2020-05-13 12:08:00-04:00,2020-05-13 15:59:00-04:00,S,8934.5,8991.0,9034.75,100.25,-115.0,-0.57356608478803,time,1,s3
2020-05-14 09:50:00-04:00,2020-05-14 09:50:00-04:00,2020-05-14 15:54:00-04:00,L,8903.25,9079.75,8812.25,91.0,351.0,1.9285714285714286,TP,1,s1
2020-05-15 10:11:00-04:00,2020-05-15 10:11:00-04:00,2020-05-15 11:01:00-04:00,L,9047.5,8953.25,8953.5,94.0,-190.5,-1.0132978723404256,SL,1,s1
2020-05-18 09:32:00-04:00,2020-05-18 09:32:00-04:00,2020-05-18 13:28:00-04:00,L,9261.25,9355.75,9202.25,59.0,187.0,1.5847457627118644,TP,1,s2
2020-05-19 09:35:00-04:00,2020-05-19 09:35:00-04:00,2020-05-19 10:06:00-04:00,S,9347.75,9389.0,9388.75,41.0,-84.5,-1.0304878048780488,SL,1,s4
2020-05-19 10:11:00-04:00,2020-05-19 10:11:00-04:00,2020-05-19 14:58:00-04:00,L,9389.25,9354.0,9354.25,35.0,-72.5,-1.0357142857142858,SL,1,s2
2020-05-20 09:32:00-04:00,2020-05-20 09:32:00-04:00,2020-05-20 09:33:00-04:00,L,9422.5,9422.25,9326.25,96.25,-2.5,-0.012987012987012988,TP,1,s2
2020-05-21 09:44:00-04:00,2020-05-21 09:44:00-04:00,2020-05-21 10:04:00-04:00,S,9506.0,9454.25,9532.5,26.5,101.5,1.9150943396226414,TP,1,s4
2020-05-21 10:23:00-04:00,2020-05-21 10:23:00-04:00,2020-05-21 10:30:00-04:00,L,9464.75,9427.75,9428.0,36.75,-76.0,-1.034013605442177,SL,1,s1
2020-05-21 10:32:00-04:00,2020-05-21 10:32:00-04:00,2020-05-21 11:07:00-04:00,S,9418.0,9384.75,9454.25,36.25,64.5,0.8896551724137931,TP,1,s3
2020-05-22 09:35:00-04:00,2020-05-22 09:35:00-04:00,2020-05-22 15:59:00-04:00,L,9342.25,9405.75,9292.25,50.0,125.0,1.25,time,1,s1
2020-05-25 09:32:00-04:00,2020-05-25 09:32:00-04:00,2020-05-25 09:33:00-04:00,L,9517.25,9516.5,9433.0,84.25,-3.5,-0.020771513353115726,TP,1,s2
2020-05-26 09:32:00-04:00,2020-05-26 09:32:00-04:00,2020-05-26 09:35:00-04:00,S,9534.0,9545.75,9545.5,11.5,-25.5,-1.108695652173913,SL,1,s4
2020-05-26 09:38:00-04:00,2020-05-26 09:38:00-04:00,2020-05-26 09:41:00-04:00,L,9527.75,9538.75,9519.5,8.25,20.0,1.2121212121212122,TP,1,s1
2020-05-26 09:50:00-04:00,2020-05-26 09:50:00-04:00,2020-05-26 09:51:00-04:00,S,9512.0,9509.25,9526.25,14.25,3.5,0.12280701754385964,TP,1,s3
2020-05-27 09:38:00-04:00,2020-05-27 09:38:00-04:00,2020-05-27 09:54:00-04:00,L,9341.25,9279.5,9279.75,61.5,-125.5,-1.0203252032520325,SL,1,s1
2020-05-27 10:02:00-04:00,2020-05-27 10:02:00-04:00,2020-05-27 10:49:00-04:00,S,9278.25,9191.0,9334.0,55.75,172.5,1.547085201793722,TP,1,s3
2020-05-28 14:56:00-04:00,2020-05-28 14:56:00-04:00,2020-05-28 15:59:00-04:00,S,9507.0,9415.25,9581.25,74.25,181.5,1.2222222222222223,time,1,s4
2020-05-29 09:56:00-04:00,2020-05-29 09:56:00-04:00,2020-05-29 15:00:00-04:00,S,9463.75,9516.25,9516.0,52.25,-107.0,-1.0239234449760766,SL,1,s4
2020-06-01 13:11:00-04:00,2020-06-01 13:11:00-04:00,2020-06-01 15:59:00-04:00,S,9592.5,9594.25,9652.0,59.5,-5.5,-0.046218487394957986,time,1,s4
2020-06-02 09:50:00-04:00,2020-06-02 09:50:00-04:00,2020-06-02 10:50:00-04:00,L,9578.0,9538.25,9538.5,39.5,-81.5,-1.0316455696202531,SL,1,s1
2020-06-02 11:02:00-04:00,2020-06-02 11:02:00-04:00,2020-06-02 12:42:00-04:00,S,9527.5,9566.75,9566.5,39.0,-80.5,-1.0320512820512822,SL,1,s3
2020-06-03 09:32:00-04:00,2020-06-03 09:32:00-04:00,2020-06-03 15:59:00-04:00,S,9662.75,9697.25,9738.0,75.25,-71.0,-0.4717607973421927,time,1,s4
2020-06-04 09:32:00-04:00,2020-06-04 09:32:00-04:00,2020-06-04 09:49:00-04:00,L,9685.0,9721.0,9648.75,36.25,70.0,0.9655172413793104,TP,1,s1
2020-06-04 10:05:00-04:00,2020-06-04 10:05:00-04:00,2020-06-04 11:12:00-04:00,S,9708.75,9673.0,9745.25,36.5,69.5,0.952054794520548,TP,1,s4
2020-06-04 12:32:00-04:00,2020-06-04 12:32:00-04:00,2020-06-04 14:56:00-04:00,S,9637.25,9609.0,9673.0,35.75,54.5,0.7622377622377622,TP,1,s3
2020-06-05 09:32:00-04:00,2020-06-05 09:32:00-04:00,2020-06-05 09:36:00-04:00,S,9661.5,9721.25,9721.0,59.5,-121.5,-1.0210084033613445,SL,1,s4
2020-06-05 09:38:00-04:00,2020-06-05 09:38:00-04:00,2020-06-05 11:23:00-04:00,L,9739.25,9798.25,9674.25,65.0,116.0,0.8923076923076924,TP,1,s2
2020-06-08 10:23:00-04:00,2020-06-08 10:23:00-04:00,2020-06-08 14:26:00-04:00,L,9766.5,9869.0,9709.5,57.0,203.0,1.780701754385965,TP,1,s1
2020-06-08 14:32:00-04:00,2020-06-08 14:32:00-04:00,2020-06-08 15:59:00-04:00,S,9866.5,9896.75,9922.5,56.0,-62.5,-0.5580357142857143,time,1,s4
2020-06-09 09:32:00-04:00,2020-06-09 09:32:00-04:00,2020-06-09 10:45:00-04:00,L,9863.5,9938.75,9811.5,52.0,148.5,1.4278846153846154,TP,1,s1
2020-06-09 10:50:00-04:00,2020-06-09 10:50:00-04:00,2020-06-09 12:45:00-04:00,S,9935.75,9981.75,9981.5,45.75,-94.0,-1.0273224043715847,SL,1,s4
2020-06-09 12:50:00-04:00,2020-06-09 12:50:00-04:00,2020-06-09 15:59:00-04:00,L,9983.5,9963.5,9938.75,44.75,-42.0,-0.4692737430167598,time,1,s2
2020-06-10 09:38:00-04:00,2020-06-10 09:38:00-04:00,2020-06-10 14:15:00-04:00,L,10051.75,10121.25,10006.5,45.25,137.0,1.5138121546961325,TP,1,s2
2020-06-11 09:32:00-04:00,2020-06-11 09:32:00-04:00,2020-06-11 09:33:00-04:00,S,9938.5,9939.75,10051.5,113.0,-4.5,-0.01991150442477876,TP,1,s3
2020-06-12 09:41:00-04:00,2020-06-12 09:41:00-04:00,2020-06-12 10:51:00-04:00,L,9835.5,9701.25,9701.5,134.0,-270.5,-1.0093283582089552,SL,1,s2
2020-06-12 10:53:00-04:00,2020-06-12 10:53:00-04:00,2020-06-12 15:59:00-04:00,S,9675.5,9660.25,9810.75,135.25,28.5,0.10536044362292052,time,1,s4
2020-06-15 09:56:00-04:00,2020-06-15 09:56:00-04:00,2020-06-15 14:02:00-04:00,L,9580.5,9757.25,9465.25,115.25,351.5,1.524945770065076,TP,1,s1
2020-06-16 09:32:00-04:00,2020-06-16 09:32:00-04:00,2020-06-16 10:58:00-04:00,L,9967.75,9867.75,9868.0,99.75,-202.0,-1.012531328320802,SL,1,s2
2020-06-16 10:59:00-04:00,2020-06-16 10:59:00-04:00,2020-06-16 11:46:00-04:00,S,9842.25,9958.5,9958.25,116.0,-234.5,-1.0107758620689655,SL,1,s4
2020-06-18 10:35:00-04:00,2020-06-18 10:35:00-04:00,2020-06-18 11:14:00-04:00,L,9974.25,10000.0,9908.25,66.0,49.5,0.375,TP,1,s1
2020-06-18 11:23:00-04:00,2020-06-18 11:23:00-04:00,2020-06-18 15:02:00-04:00,S,9996.0,9939.0,10030.75,34.75,112.0,1.6115107913669064,TP,1,s4
2020-06-19 09:32:00-04:00,2020-06-19 09:32:00-04:00,2020-06-19 09:33:00-04:00,L,10091.25,10091.25,10022.5,68.75,-2.0,-0.014545454545454545,TP,1,s2
2020-06-19 12:14:00-04:00,2020-06-19 12:14:00-04:00,2020-06-19 12:17:00-04:00,S,9988.25,9975.5,10046.25,58.0,23.5,0.2025862068965517,TP,1,s4
2020-06-19 14:11:00-04:00,2020-06-19 14:11:00-04:00,2020-06-19 14:45:00-04:00,S,9940.5,9975.75,9975.5,35.0,-72.5,-1.0357142857142858,SL,1,s3
2020-06-22 10:05:00-04:00,2020-06-22 10:05:00-04:00,2020-06-22 12:35:00-04:00,S,10035.25,10094.0,10093.75,58.5,-119.5,-1.0213675213675213,SL,1,s4
2020-06-22 12:44:00-04:00,2020-06-22 12:44:00-04:00,2020-06-22 15:59:00-04:00,L,10094.5,10114.75,10042.0,52.5,38.5,0.36666666666666664,time,1,s2
2020-06-23 09:41:00-04:00,2020-06-23 09:41:00-04:00,2020-06-23 12:00:00-04:00,L,10199.0,10261.75,10154.75,44.25,123.5,1.3954802259887005,TP,1,s2
2020-06-24 09:59:00-04:00,2020-06-24 09:59:00-04:00,2020-06-24 10:53:00-04:00,S,10096.25,10060.0,10160.25,64.0,70.5,0.55078125,TP,1,s3
2020-06-25 09:44:00-04:00,2020-06-25 09:44:00-04:00,2020-06-25 15:33:00-04:00,L,9926.5,10074.25,9831.75,94.75,293.5,1.5488126649076517,TP,1,s1
2020-06-26 10:11:00-04:00,2020-06-26 10:11:00-04:00,2020-06-26 10:40:00-04:00,S,9959.0,9870.5,10029.0,70.0,175.0,1.25,TP,1,s3
2020-06-29 09:56:00-04:00,2020-06-29 09:56:00-04:00,2020-06-29 12:00:00-04:00,L,9775.25,9912.0,9698.75,76.5,271.5,1.7745098039215685,TP,1,s1
2020-06-29 12:05:00-04:00,2020-06-29 12:05:00-04:00,2020-06-29 15:59:00-04:00,S,9909.5,9951.0,9983.25,73.75,-85.0,-0.576271186440678,time,1,s4
2020-06-30 09:50:00-04:00,2020-06-30 09:50:00-04:00,2020-06-30 11:05:00-04:00,S,10006.0,10074.0,10073.75,67.75,-138.0,-1.018450184501845,SL,1,s4
2020-06-30 11:17:00-04:00,2020-06-30 11:17:00-04:00,2020-06-30 15:59:00-04:00,L,10078.25,10148.25,10012.0,66.25,138.0,1.0415094339622641,time,1,s2
2020-07-01 10:35:00-04:00,2020-07-01 10:35:00-04:00,2020-07-01 14:09:00-04:00,S,10206.0,10274.5,10274.25,68.25,-139.0,-1.0183150183150182,SL,1,s4
2020-07-02 09:32:00-04:00,2020-07-02 09:32:00-04:00,2020-07-02 15:59:00-04:00,L,10391.25,10335.0,10314.75,76.5,-114.5,-0.7483660130718954,time,1,s2
2020-07-06 09:32:00-04:00,2020-07-06 09:32:00-04:00,2020-07-06 09:33:00-04:00,L,10489.25,10488.75,10338.5,150.75,-3.0,-0.009950248756218905,TP,1,s2
2020-07-07 09:47:00-04:00,2020-07-07 09:47:00-04:00,2020-07-07 10:32:00-04:00,S,10627.25,10671.25,10671.0,43.75,-90.0,-1.0285714285714285,SL,1,s4
2020-07-07 11:05:00-04:00,2020-07-07 11:05:00-04:00,2020-07-07 12:10:00-04:00,L,10676.5,10630.75,10631.0,45.5,-93.5,-1.0274725274725274,SL,1,s2
2020-07-08 09:56:00-04:00,2020-07-08 09:56:00-04:00,2020-07-08 11:18:00-04:00,L,10625.0,10568.0,10568.25,56.75,-116.0,-1.0220264317180616,SL,1,s2
2020-07-08 11:20:00-04:00,2020-07-08 11:20:00-04:00,2020-07-08 12:58:00-04:00,S,10530.0,10620.5,10620.25,90.25,-183.0,-1.0138504155124655,SL,1,s4
2020-07-09 09:32:00-04:00,2020-07-09 09:32:00-04:00,2020-07-09 09:37:00-04:00,L,10742.0,10693.75,10694.0,48.0,-98.5,-1.0260416666666667,SL,1,s2
2020-07-09 10:17:00-04:00,2020-07-09 10:17:00-04:00,2020-07-09 10:58:00-04:00,S,10688.25,10614.5,10734.25,46.0,145.5,1.5815217391304348,TP,1,s4
2020-07-09 11:11:00-04:00,2020-07-09 11:11:00-04:00,2020-07-09 11:19:00-04:00,L,10618.75,10574.0,10574.25,44.5,-91.5,-1.0280898876404494,SL,1,s1
2020-07-10 09:35:00-04:00,2020-07-10 09:35:00-04:00,2020-07-10 15:18:00-04:00,L,10682.5,10799.75,10623.25,59.25,232.5,1.9620253164556962,TP,1,s1
2020-07-13 09:32:00-04:00,2020-07-13 09:32:00-04:00,2020-07-13 11:01:00-04:00,L,10955.75,11029.25,10877.0,78.75,145.0,0.9206349206349206,TP,1,s2
2020-07-13 14:08:00-04:00,2020-07-13 14:08:00-04:00,2020-07-13 15:08:00-04:00,S,10872.0,10765.0,10933.5,61.5,212.0,1.7235772357723578,TP,1,s4
2020-07-14 09:59:00-04:00,2020-07-14 09:59:00-04:00,2020-07-14 15:59:00-04:00,L,10473.5,10672.75,10326.0,147.5,396.5,1.3440677966101695,time,1,s1
2020-07-15 09:44:00-04:00,2020-07-15 09:44:00-04:00,2020-07-15 11:59:00-04:00,S,10763.0,10582.25,10855.0,92.0,359.5,1.953804347826087,TP,1,s4
2020-07-15 12:14:00-04:00,2020-07-15 12:14:00-04:00,2020-07-15 15:59:00-04:00,L,10586.0,10687.0,10491.0,95.0,200.0,1.0526315789473684,time,1,s1
2020-07-16 09:35:00-04:00,2020-07-16 09:35:00-04:00,2020-07-16 15:32:00-04:00,S,10559.25,10628.5,10628.25,69.0,-140.5,-1.0181159420289856,SL,1,s3
2020-07-17 10:47:00-04:00,2020-07-17 10:47:00-04:00,2020-07-17 14:54:00-04:00,L,10575.0,10660.25,10519.5,55.5,168.5,1.518018018018018,TP,1,s1
2020-07-17 14:56:00-04:00,2020-07-17 14:56:00-04:00,2020-07-17 15:59:00-04:00,S,10657.0,10630.25,10707.5,50.5,51.5,0.5099009900990099,time,1,s4
2020-07-20 09:35:00-04:00,2020-07-20 09:35:00-04:00,2020-07-20 10:05:00-04:00,S,10634.5,10702.5,10702.25,67.75,-138.0,-1.018450184501845,SL,1,s4
2020-07-21 11:56:00-04:00,2020-07-21 11:56:00-04:00,2020-07-21 15:59:00-04:00,L,10840.5,10823.25,10739.25,101.25,-36.5,-0.18024691358024691,time,1,s1
2020-07-22 09:59:00-04:00,2020-07-22 09:59:00-04:00,2020-07-22 11:15:00-04:00,S,10875.75,10763.5,10943.75,68.0,222.5,1.6360294117647058,TP,1,s4
2020-07-22 11:17:00-04:00,2020-07-22 11:17:00-04:00,2020-07-22 15:59:00-04:00,L,10778.5,10858.75,10703.25,75.25,158.5,1.053156146179402,time,1,s1
2020-07-23 09:32:00-04:00,2020-07-23 09:32:00-04:00,2020-07-23 10:14:00-04:00,L,10822.0,10783.0,10783.25,38.75,-80.0,-1.032258064516129,SL,1,s1
2020-07-23 10:20:00-04:00,2020-07-23 10:20:00-04:00,2020-07-23 10:31:00-04:00,S,10782.0,10821.5,10821.25,39.25,-81.0,-1.0318471337579618,SL,1,s3
2020-07-24 09:38:00-04:00,2020-07-24 09:38:00-04:00,2020-07-24 10:56:00-04:00,S,10331.0,10474.5,10474.25,143.25,-289.0,-1.0087260034904013,SL,1,s3
2020-07-27 09:32:00-04:00,2020-07-27 09:32:00-04:00,2020-07-27 09:40:00-04:00,S,10527.25,10596.25,10596.0,68.75,-140.0,-1.018181818181818,SL,1,s4
2020-07-27 09:41:00-04:00,2020-07-27 09:41:00-04:00,2020-07-27 11:29:00-04:00,L,10604.0,10532.25,10532.5,71.5,-145.5,-1.0174825174825175,SL,1,s2
2020-07-28 09:47:00-04:00,2020-07-28 09:47:00-04:00,2020-07-28 09:52:00-04:00,L,10622.75,10568.0,10568.25,54.5,-111.5,-1.0229357798165137,SL,1,s1
2020-07-29 09:38:00-04:00,2020-07-29 09:38:00-04:00,2020-07-29 14:36:00-04:00,L,10602.75,10663.25,10563.25,39.5,119.0,1.5063291139240507,TP,1,s2
2020-07-30 09:32:00-04:00,2020-07-30 09:32:00-04:00,2020-07-30 09:47:00-04:00,S,10578.75,10619.25,10619.0,40.25,-83.0,-1.031055900621118,SL,1,s3
2020-07-30 11:23:00-04:00,2020-07-30 11:23:00-04:00,2020-07-30 12:16:00-04:00,L,10621.75,10681.5,10587.5,34.25,117.5,1.7153284671532847,TP,1,s1
2020-07-30 12:35:00-04:00,2020-07-30 12:35:00-04:00,2020-07-30 13:16:00-04:00,S,10679.5,10713.25,10713.0,33.5,-69.5,-1.037313432835821,SL,1,s4
2020-07-30 13:17:00-04:00,2020-07-30 13:17:00-04:00,2020-07-30 13:34:00-04:00,L,10713.75,10681.25,10681.5,32.25,-67.0,-1.0387596899224807,SL,1,s2
2020-07-31 09:32:00-04:00,2020-07-31 09:32:00-04:00,2020-07-31 10:10:00-04:00,L,10839.5,10762.75,10763.0,76.5,-155.5,-1.0163398692810457,SL,1,s2
2020-07-31 10:11:00-04:00,2020-07-31 10:11:00-04:00,2020-07-31 11:18:00-04:00,S,10755.75,10822.0,10821.75,66.0,-134.5,-1.018939393939394,SL,1,s4
2020-08-03 09:32:00-04:00,2020-08-03 09:32:00-04:00,2020-08-03 15:59:00-04:00,L,11017.5,11037.75,10955.25,62.25,38.5,0.3092369477911647,time,1,s2
2020-08-04 09:41:00-04:00,2020-08-04 09:41:00-04:00,2020-08-04 09:49:00-04:00,L,11031.75,11063.25,10987.0,44.75,61.0,0.6815642458100558,TP,1,s1
2020-08-04 09:53:00-04:00,2020-08-04 09:53:00-04:00,2020-08-04 12:09:00-04:00,S,11056.25,11012.75,11089.0,32.75,85.0,1.297709923664122,TP,1,s4
2020-08-05 09:56:00-04:00,2020-08-05 09:56:00-04:00,2020-08-05 15:59:00-04:00,S,11102.75,11111.25,11137.5,34.75,-19.0,-0.2733812949640288,time,1,s4
2020-08-06 09:41:00-04:00,2020-08-06 09:41:00-04:00,2020-08-06 09:50:00-04:00,L,11096.25,11075.25,11075.5,20.75,-44.0,-1.0602409638554218,SL,1,s1
2020-08-06 10:11:00-04:00,2020-08-06 10:11:00-04:00,2020-08-06 10:25:00-04:00,S,11128.0,11146.75,11146.5,18.5,-39.5,-1.0675675675675675,SL,1,s4
2020-08-06 12:14:00-04:00,2020-08-06 12:14:00-04:00,2020-08-06 13:21:00-04:00,L,11149.75,11175.5,11128.5,21.25,49.5,1.1647058823529413,TP,1,s2
2020-08-07 12:38:00-04:00,2020-08-07 12:38:00-04:00,2020-08-07 12:52:00-04:00,L,11200.25,11145.0,11145.25,55.0,-112.5,-1.0227272727272727,SL,1,s1
2020-08-07 12:56:00-04:00,2020-08-07 12:56:00-04:00,2020-08-07 14:22:00-04:00,S,11143.5,11053.25,11200.0,56.5,178.5,1.579646017699115,TP,1,s3
2020-08-10 10:02:00-04:00,2020-08-10 10:02:00-04:00,2020-08-10 10:46:00-04:00,L,11069.25,10999.75,11000.0,69.25,-141.0,-1.0180505415162455,SL,1,s1
2020-08-10 10:47:00-04:00,2020-08-10 10:47:00-04:00,2020-08-10 12:45:00-04:00,S,10977.75,11064.5,11064.25,86.5,-175.5,-1.0144508670520231,SL,1,s3
2020-08-11 09:47:00-04:00,2020-08-11 09:47:00-04:00,2020-08-11 10:05:00-04:00,L,11030.75,10958.25,10958.5,72.25,-147.0,-1.0173010380622838,SL,1,s1
2020-08-11 10:08:00-04:00,2020-08-11 10:08:00-04:00,2020-08-11 10:39:00-04:00,S,10948.25,11019.0,11018.75,70.5,-143.5,-1.0177304964539007,SL,1,s3
2020-08-12 09:47:00-04:00,2020-08-12 09:47:00-04:00,2020-08-12 10:51:00-04:00,L,11002.0,11108.25,10934.25,67.75,210.5,1.5535055350553506,TP,1,s2
2020-08-13 09:50:00-04:00,2020-08-13 09:50:00-04:00,2020-08-13 15:59:00-04:00,S,11192.0,11170.25,11271.5,79.5,41.5,0.2610062893081761,time,1,s4
2020-08-14 10:14:00-04:00,2020-08-14 10:14:00-04:00,2020-08-14 15:59:00-04:00,L,11138.5,11159.25,11094.75,43.75,39.5,0.4514285714285714,time,1,s1
2020-08-17 09:32:00-04:00,2020-08-17 09:32:00-04:00,2020-08-17 10:00:00-04:00,L,11244.5,11270.75,11189.75,54.75,50.5,0.4611872146118721,TP,1,s2
2020-08-18 09:32:00-04:00,2020-08-18 09:32:00-04:00,2020-08-18 09:37:00-04:00,L,11346.0,11363.25,11305.75,40.25,32.5,0.40372670807453415,TP,1,s2
2020-08-18 10:29:00-04:00,2020-08-18 10:29:00-04:00,2020-08-18 10:49:00-04:00,S,11279.75,11328.0,11327.75,48.0,-98.5,-1.0260416666666667,SL,1,s4
2020-08-19 10:02:00-04:00,2020-08-19 10:02:00-04:00,2020-08-19 12:01:00-04:00,L,11363.0,11434.25,11313.25,49.75,140.5,1.4120603015075377,TP,1,s1
2020-08-19 12:05:00-04:00,2020-08-19 12:05:00-04:00,2020-08-19 14:19:00-04:00,S,11432.25,11353.75,11474.75,42.5,155.0,1.8235294117647058,TP,1,s4
2020-08-20 09:32:00-04:00,2020-08-20 09:32:00-04:00,2020-08-20 09:54:00-04:00,L,11284.25,11357.25,11242.75,41.5,144.0,1.7349397590361446,TP,1,s1
2020-08-20 10:23:00-04:00,2020-08-20 10:23:00-04:00,2020-08-20 10:55:00-04:00,S,11351.75,11396.0,11395.75,44.0,-90.5,-1.0284090909090908,SL,1,s4
2020-08-20 11:29:00-04:00,2020-08-20 11:29:00-04:00,2020-08-20 14:47:00-04:00,L,11397.75,11458.5,11357.25,40.5,119.5,1.4753086419753085,TP,1,s2
2020-08-21 10:38:00-04:00,2020-08-21 10:38:00-04:00,2020-08-21 15:59:00-04:00,S,11533.25,11554.5,11600.0,66.75,-44.5,-0.3333333333333333,time,1,s4
2020-08-24 09:32:00-04:00,2020-08-24 09:32:00-04:00,2020-08-24 09:33:00-04:00,L,11692.75,11692.0,11586.75,106.0,-3.5,-0.01650943396226415,TP,1,s2
2020-08-24 10:47:00-04:00,2020-08-24 10:47:00-04:00,2020-08-24 11:48:00-04:00,S,11577.25,11619.75,11619.5,42.25,-87.0,-1.029585798816568,SL,1,s4
2020-08-25 11:23:00-04:00,2020-08-25 11:23:00-04:00,2020-08-25 15:59:00-04:00,S,11674.75,11715.75,11733.25,58.5,-84.0,-0.717948717948718,time,1,s4
2020-08-26 10:26:00-04:00,2020-08-26 10:26:00-04:00,2020-08-26 11:30:00-04:00,L,11802.75,11862.25,11755.25,47.5,117.0,1.231578947368421,TP,1,s2
2020-08-27 10:14:00-04:00,2020-08-27 10:14:00-04:00,2020-08-27 11:02:00-04:00,L,11933.5,12023.0,11848.5,85.0,177.0,1.0411764705882354,TP,1,s1
2020-08-27 12:53:00-04:00,2020-08-27 12:53:00-04:00,2020-08-27 13:11:00-04:00,S,11836.75,11907.25,11907.0,70.25,-143.0,-1.0177935943060499,SL,1,s3
2020-08-28 09:41:00-04:00,2020-08-28 09:41:00-04:00,2020-08-28 15:59:00-04:00,S,11984.0,11991.25,12044.5,60.5,-16.5,-0.13636363636363635,time,1,s4
2020-08-31 09:35:00-04:00,2020-08-31 09:35:00-04:00,2020-08-31 09:45:00-04:00,S,12011.75,12042.0,12041.75,30.0,-62.5,-1.0416666666666667,SL,1,s4
2020-08-31 09:50:00-04:00,2020-08-31 09:50:00-04:00,2020-08-31 10:55:00-04:00,L,12043.25,12083.75,12016.25,27.0,79.0,1.462962962962963,TP,1,s2
2020-09-01 09:47:00-04:00,2020-09-01 09:47:00-04:00,2020-09-01 10:27:00-04:00,L,12193.75,12265.75,12139.75,54.0,142.0,1.3148148148148149,TP,1,s2
2020-09-02 09:32:00-04:00,2020-09-02 09:32:00-04:00,2020-09-02 09:51:00-04:00,L,12394.25,12342.0,12342.25,52.0,-106.5,-1.0240384615384615,SL,1,s2
2020-09-02 09:53:00-04:00,2020-09-02 09:53:00-04:00,2020-09-02 09:58:00-04:00,S,12323.25,12245.75,12390.75,67.5,153.0,1.1333333333333333,TP,1,s4
2020-09-02 09:59:00-04:00,2020-09-02 09:59:00-04:00,2020-09-02 10:22:00-04:00,L,12251.75,12342.25,12197.25,54.5,179.0,1.6422018348623852,TP,1,s1
2020-09-02 11:38:00-04:00,2020-09-02 11:38:00-04:00,2020-09-02 11:57:00-04:00,S,12194.25,12246.0,12245.75,51.5,-105.5,-1.0242718446601942,SL,1,s3
2020-09-03 09:32:00-04:00,2020-09-03 09:32:00-04:00,2020-09-03 09:43:00-04:00,S,12220.25,12142.25,12338.5,118.25,154.0,0.6511627906976745,TP,1,s3
2020-09-04 09:50:00-04:00,2020-09-04 09:50:00-04:00,2020-09-04 10:16:00-04:00,L,11628.25,11451.75,11452.0,176.25,-355.0,-1.0070921985815602,SL,1,s1
2020-09-04 10:17:00-04:00,2020-09-04 10:17:00-04:00,2020-09-04 10:43:00-04:00,S,11425.25,11183.5,11613.0,187.75,481.5,1.2822902796271638,TP,1,s3
2020-09-08 09:32:00-04:00,2020-09-08 09:32:00-04:00,2020-09-08 09:33:00-04:00,S,11187.25,11187.75,11483.0,295.75,-3.0,-0.00507185122569738,TP,1,s3
2020-09-09 09:32:00-04:00,2020-09-09 09:32:00-04:00,2020-09-09 12:32:00-04:00,L,11271.0,11421.5,11165.25,105.75,299.0,1.41371158392435,TP,1,s2
2020-09-10 10:05:00-04:00,2020-09-10 10:05:00-04:00,2020-09-10 10:46:00-04:00,L,11552.5,11466.5,11466.75,85.75,-174.0,-1.0145772594752187,SL,1,s2
2020-09-10 10:47:00-04:00,2020-09-10 10:47:00-04:00,2020-09-10 14:08:00-04:00,S,11465.25,11305.75,11547.75,82.5,317.0,1.9212121212121211,TP,1,s4
2020-09-10 14:23:00-04:00,2020-09-10 14:23:00-04:00,2020-09-10 15:59:00-04:00,S,11210.5,11157.0,11305.75,95.25,105.0,0.5511811023622047,time,1,s3
2020-09-11 12:56:00-04:00,2020-09-11 12:56:00-04:00,2020-09-11 15:59:00-04:00,L,11029.5,11083.75,10893.0,136.5,106.5,0.3901098901098901,time,1,s1
2020-09-14 09:44:00-04:00,2020-09-14 09:44:00-04:00,2020-09-14 15:59:00-04:00,L,11280.5,11274.75,11178.25,102.25,-13.5,-0.06601466992665037,time,1,s2
2020-09-15 09:32:00-04:00,2020-09-15 09:32:00-04:00,2020-09-15 09:39:00-04:00,L,11428.25,11451.25,11323.0,105.25,44.0,0.20902612826603326,TP,1,s2
2020-09-17 09:32:00-04:00,2020-09-17 09:32:00-04:00,2020-09-17 09:34:00-04:00,S,10989.75,10983.25,11166.0,176.25,11.0,0.031205673758865248,TP,1,s3
2020-09-18 09:32:00-04:00,2020-09-18 09:32:00-04:00,2020-09-18 10:35:00-04:00,S,11098.25,11001.5,11196.75,98.5,191.5,0.9720812182741116,TP,1,s4
2020-09-18 11:02:00-04:00,2020-09-18 11:02:00-04:00,2020-09-18 12:50:00-04:00,S,10927.25,10826.75,11001.5,74.25,199.0,1.34006734006734,TP,1,s3
2020-09-21 09:50:00-04:00,2020-09-21 09:50:00-04:00,2020-09-21 10:28:00-04:00,L,10822.25,10700.75,10701.0,121.25,-245.0,-1.0103092783505154,SL,1,s1
2020-09-21 10:32:00-04:00,2020-09-21 10:32:00-04:00,2020-09-21 12:00:00-04:00,S,10679.0,10809.5,10809.25,130.25,-263.0,-1.0095969289827256,SL,1,s3
2020-09-22 09:32:00-04:00,2020-09-22 09:32:00-04:00,2020-09-22 14:14:00-04:00,S,11046.0,11135.25,11135.0,89.0,-180.5,-1.0140449438202248,SL,1,s4
2020-09-23 09:56:00-04:00,2020-09-23 09:56:00-04:00,2020-09-23 11:47:00-04:00,L,11094.25,11015.5,11015.75,78.5,-159.5,-1.015923566878981,SL,1,s1
2020-09-24 09:32:00-04:00,2020-09-24 09:32:00-04:00,2020-09-24 10:06:00-04:00,L,10760.5,10923.75,10614.5,146.0,324.5,1.1113013698630136,TP,1,s1
2020-09-24 10:08:00-04:00,2020-09-24 10:08:00-04:00,2020-09-24 15:59:00-04:00,S,10904.5,10878.0,11027.0,122.5,51.0,0.20816326530612245,time,1,s4
2020-09-25 10:35:00-04:00,2020-09-25 10:35:00-04:00,2020-09-25 13:41:00-04:00,S,10955.5,11047.5,11047.25,91.75,-186.0,-1.013623978201635,SL,1,s4
2020-09-25 13:44:00-04:00,2020-09-25 13:44:00-04:00,2020-09-25 15:59:00-04:00,L,11052.5,11133.25,10962.25,90.25,159.5,0.8836565096952909,time,1,s2
2020-09-28 13:41:00-04:00,2020-09-28 13:41:00-04:00,2020-09-28 15:59:00-04:00,L,11326.5,11359.75,11226.5,100.0,64.5,0.3225,time,1,s2
2020-09-29 10:56:00-04:00,2020-09-29 10:56:00-04:00,2020-09-29 15:59:00-04:00,L,11325.0,11309.75,11285.75,39.25,-32.5,-0.4140127388535032,time,1,s1
2020-09-30 09:35:00-04:00,2020-09-30 09:35:00-04:00,2020-09-30 09:51:00-04:00,S,11334.0,11363.5,11363.25,29.25,-61.0,-1.0427350427350428,SL,1,s4
2020-09-30 09:53:00-04:00,2020-09-30 09:53:00-04:00,2020-09-30 09:57:00-04:00,L,11372.75,11406.75,11336.5,36.25,66.0,0.9103448275862069,TP,1,s2
2020-10-01 09:32:00-04:00,2020-10-01 09:32:00-04:00,2020-10-01 15:59:00-04:00,L,11541.5,11572.5,11462.0,79.5,60.0,0.37735849056603776,time,1,s2
2020-10-02 09:32:00-04:00,2020-10-02 09:32:00-04:00,2020-10-02 09:33:00-04:00,S,11352.75,11352.75,11538.5,185.75,-2.0,-0.005383580080753701,TP,1,s3
2020-10-05 10:08:00-04:00,2020-10-05 10:08:00-04:00,2020-10-05 15:59:00-04:00,L,11394.25,11489.25,11316.5,77.75,188.0,1.2090032154340835,time,1,s2
2020-10-06 09:44:00-04:00,2020-10-06 09:44:00-04:00,2020-10-06 11:24:00-04:00,L,11451.5,11392.5,11392.75,58.75,-120.0,-1.0212765957446808,SL,1,s1
2020-10-06 11:26:00-04:00,2020-10-06 11:26:00-04:00,2020-10-06 12:48:00-04:00,S,11389.5,11441.5,11441.25,51.75,-106.0,-1.0241545893719808,SL,1,s3
2020-10-07 11:32:00-04:00,2020-10-07 11:32:00-04:00,2020-10-07 15:59:00-04:00,L,11435.25,11479.5,11354.0,81.25,86.5,0.5323076923076923,time,1,s2
2020-10-08 09:32:00-04:00,2020-10-08 09:32:00-04:00,2020-10-08 09:48:00-04:00,L,11566.5,11519.25,11519.5,47.0,-96.5,-1.0265957446808511,SL,1,s2
2020-10-08 10:17:00-04:00,2020-10-08 10:17:00-04:00,2020-10-08 12:46:00-04:00,S,11512.25,11559.75,11559.5,47.25,-97.0,-1.0264550264550265,SL,1,s4
2020-10-09 09:32:00-04:00,2020-10-09 09:32:00-04:00,2020-10-09 09:43:00-04:00,L,11597.25,11625.75,11560.75,36.5,55.0,0.7534246575342466,TP,1,s2
2020-10-12 09:32:00-04:00,2020-10-12 09:32:00-04:00,2020-10-12 09:33:00-04:00,L,11893.25,11892.5,11746.0,147.25,-3.5,-0.011884550084889643,TP,1,s2
2020-10-13 11:23:00-04:00,2020-10-13 11:23:00-04:00,2020-10-13 15:59:00-04:00,S,12163.5,12074.5,12256.5,93.0,176.0,0.946236559139785,time,1,s4
2020-10-14 10:02:00-04:00,2020-10-14 10:02:00-04:00,2020-10-14 10:34:00-04:00,S,12114.5,12029.5,12164.25,49.75,168.0,1.6884422110552764,TP,1,s4
2020-10-14 10:35:00-04:00,2020-10-14 10:35:00-04:00,2020-10-14 11:54:00-04:00,L,12037.5,11984.0,11984.25,53.25,-109.0,-1.0234741784037558,SL,1,s1
2020-10-14 11:59:00-04:00,2020-10-14 11:59:00-04:00,2020-10-14 12:23:00-04:00,S,11971.0,11910.0,12029.5,58.5,120.0,1.0256410256410255,TP,1,s3
2020-10-15 09:32:00-04:00,2020-10-15 09:32:00-04:00,2020-10-15 15:26:00-04:00,S,11830.0,11908.5,11908.25,78.25,-159.0,-1.0159744408945688,SL,1,s3
2020-10-16 10:05:00-04:00,2020-10-16 10:05:00-04:00,2020-10-16 11:08:00-04:00,L,11991.0,11937.0,11937.25,53.75,-110.0,-1.0232558139534884,SL,1,s2
2020-10-19 09:44:00-04:00,2020-10-19 09:44:00-04:00,2020-10-19 09:55:00-04:00,L,11941.75,11883.25,11883.5,58.25,-119.0,-1.0214592274678111,SL,1,s2
2020-10-19 09:59:00-04:00,2020-10-19 09:59:00-04:00,2020-10-19 10:45:00-04:00,S,11874.25,11769.0,11941.0,66.75,208.5,1.5617977528089888,TP,1,s4
2020-10-19 10:50:00-04:00,2020-10-19 10:50:00-04:00,2020-10-19 14:34:00-04:00,L,11793.0,11711.25,11711.5,81.5,-165.5,-1.0153374233128833,SL,1,s1
2020-10-19 14:35:00-04:00,2020-10-19 14:35:00-04:00,2020-10-19 15:02:00-04:00,S,11704.5,11618.0,11769.0,64.5,171.0,1.3255813953488371,TP,1,s3
2020-10-20 10:08:00-04:00,2020-10-20 10:08:00-04:00,2020-10-20 15:59:00-04:00,S,11724.75,11663.5,11826.75,102.0,120.5,0.5906862745098039,time,1,s4
2020-10-21 09:59:00-04:00,2020-10-21 09:59:00-04:00,2020-10-21 10:48:00-04:00,L,11774.0,11716.0,11716.25,57.75,-118.0,-1.0216450216450217,SL,1,s2
2020-10-21 10:50:00-04:00,2020-10-21 10:50:00-04:00,2020-10-21 15:59:00-04:00,S,11711.5,11652.75,11769.75,58.25,115.5,0.9914163090128756,time,1,s4
2020-10-22 09:41:00-04:00,2020-10-22 09:41:00-04:00,2020-10-22 10:21:00-04:00,S,11680.25,11611.75,11734.5,54.25,135.0,1.2442396313364055,TP,1,s4
2020-10-22 10:32:00-04:00,2020-10-22 10:32:00-04:00,2020-10-22 11:21:00-04:00,S,11560.0,11612.0,11611.75,51.75,-106.0,-1.0241545893719808,SL,1,s3
2020-10-22 11:50:00-04:00,2020-10-22 11:50:00-04:00,2020-10-22 12:00:00-04:00,L,11612.75,11570.25,11570.5,42.25,-87.0,-1.029585798816568,SL,1,s1
2020-10-23 09:53:00-04:00,2020-10-23 09:53:00-04:00,2020-10-23 15:59:00-04:00,L,11611.75,11679.75,11536.75,75.0,134.0,0.8933333333333333,time,1,s1
2020-10-26 09:50:00-04:00,2020-10-26 09:50:00-04:00,2020-10-26 10:31:00-04:00,L,11648.75,11608.0,11608.25,40.5,-83.5,-1.0308641975308641,SL,1,s1
2020-10-26 10:32:00-04:00,2020-10-26 10:32:00-04:00,2020-10-26 10:56:00-04:00,S,11590.5,11548.5,11644.25,53.75,82.0,0.7627906976744186,TP,1,s3
2020-10-27 12:11:00-04:00,2020-10-27 12:11:00-04:00,2020-10-27 15:59:00-04:00,S,11584.0,11586.0,11689.0,105.0,-6.0,-0.02857142857142857,time,1,s4
2020-10-28 09:32:00-04:00,2020-10-28 09:32:00-04:00,2020-10-28 09:33:00-04:00,S,11379.0,11379.5,11548.25,169.25,-3.0,-0.008862629246676515,TP,1,s3
2020-10-29 09:38:00-04:00,2020-10-29 09:38:00-04:00,2020-10-29 10:23:00-04:00,S,11200.25,11301.75,11301.5,101.25,-205.0,-1.0123456790123457,SL,1,s4
2020-10-29 11:14:00-04:00,2020-10-29 11:14:00-04:00,2020-10-29 14:24:00-04:00,L,11309.0,11436.25,11219.0,90.0,252.5,1.4027777777777777,TP,1,s2
2020-10-30 09:32:00-04:00,2020-10-30 09:32:00-04:00,2020-10-30 09:45:00-04:00,L,11273.25,11166.5,11166.75,106.5,-215.5,-1.011737089201878,SL,1,s1
2020-10-30 09:47:00-04:00,2020-10-30 09:47:00-04:00,2020-10-30 10:35:00-04:00,S,11160.5,11033.75,11246.0,85.5,251.5,1.4707602339181287,TP,1,s3
2020-11-02 09:32:00-05:00,2020-11-02 09:32:00-05:00,2020-11-02 13:51:00-05:00,S,11144.0,10962.5,11240.5,96.5,361.0,1.8704663212435233,TP,1,s4
2020-11-02 14:11:00-05:00,2020-11-02 14:11:00-05:00,2020-11-02 15:59:00-05:00,L,10967.0,11068.75,10869.5,97.5,201.5,1.0333333333333334,time,1,s1
2020-11-03 09:32:00-05:00,2020-11-03 09:32:00-05:00,2020-11-03 10:02:00-05:00,S,11117.25,11217.75,11217.5,100.25,-203.0,-1.0124688279301746,SL,1,s4
2020-11-04 09:32:00-05:00,2020-11-04 09:32:00-05:00,2020-11-04 09:33:00-05:00,L,11662.5,11662.0,11324.5,338.0,-3.0,-0.004437869822485207,TP,1,s2
2020-11-05 09:32:00-05:00,2020-11-05 09:32:00-05:00,2020-11-05 09:39:00-05:00,L,11990.75,12047.75,11837.75,153.0,112.0,0.3660130718954248,TP,1,s2
2020-11-06 09:32:00-05:00,2020-11-06 09:32:00-05:00,2020-11-06 09:39:00-05:00,S,11984.75,11926.0,12028.0,43.25,115.5,1.3352601156069364,TP,1,s3
2020-11-06 11:29:00-05:00,2020-11-06 11:29:00-05:00,2020-11-06 15:46:00-05:00,L,12032.75,12104.5,11989.5,43.25,141.5,1.6358381502890174,TP,1,s1
2020-11-09 09:35:00-05:00,2020-11-09 09:35:00-05:00,2020-11-09 10:04:00-05:00,S,12102.5,12205.0,12204.75,102.25,-207.0,-1.0122249388753055,SL,1,s4
2020-11-09 10:14:00-05:00,2020-11-09 10:14:00-05:00,2020-11-09 10:48:00-05:00,L,12206.75,12142.25,12142.5,64.25,-131.0,-1.0194552529182879,SL,1,s2
2020-11-09 14:38:00-05:00,2020-11-09 14:38:00-05:00,2020-11-09 15:42:00-05:00,L,12019.5,11956.0,11956.25,63.25,-129.0,-1.0197628458498025,SL,1,s1
2020-11-10 09:32:00-05:00,2020-11-10 09:32:00-05:00,2020-11-10 10:25:00-05:00,L,11730.25,11578.75,11579.0,151.25,-305.0,-1.0082644628099173,SL,1,s1
2020-11-10 10:29:00-05:00,2020-11-10 10:29:00-05:00,2020-11-10 11:42:00-05:00,S,11563.0,11702.75,11702.5,139.5,-281.5,-1.0089605734767024,SL,1,s3
2020-11-11 09:38:00-05:00,2020-11-11 09:38:00-05:00,2020-11-11 12:09:00-05:00,L,11761.0,11868.75,11687.5,73.5,213.5,1.4523809523809523,TP,1,s2
2020-11-12 09:35:00-05:00,2020-11-12 09:35:00-05:00,2020-11-12 12:48:00-05:00,S,11914.75,11826.5,11988.75,74.0,174.5,1.179054054054054,TP,1,s4
2020-11-12 12:53:00-05:00,2020-11-12 12:53:00-05:00,2020-11-12 15:59:00-05:00,L,11828.25,11824.5,11772.25,56.0,-9.5,-0.08482142857142858,time,1,s1
2020-11-13 10:02:00-05:00,2020-11-13 10:02:00-05:00,2020-11-13 15:31:00-05:00,S,11867.75,11934.75,11934.5,66.75,-136.0,-1.0187265917602997,SL,1,s4
2020-11-16 09:32:00-05:00,2020-11-16 09:32:00-05:00,2020-11-16 09:42:00-05:00,L,11897.25,11974.5,11849.75,47.5,152.5,1.605263157894737,TP,1,s1
2020-11-16 09:47:00-05:00,2020-11-16 09:47:00-05:00,2020-11-16 11:00:00-05:00,S,11971.75,12016.5,12016.25,44.5,-91.5,-1.0280898876404494,SL,1,s4
2020-11-16 11:02:00-05:00,2020-11-16 11:02:00-05:00,2020-11-16 11:47:00-05:00,L,12020.0,11974.25,11974.5,45.5,-93.5,-1.0274725274725274,SL,1,s2
2020-11-17 09:53:00-05:00,2020-11-17 09:53:00-05:00,2020-11-17 15:59:00-05:00,L,11985.0,11977.0,11933.0,52.0,-18.0,-0.17307692307692307,time,1,s1
2020-11-18 09:35:00-05:00,2020-11-18 09:35:00-05:00,2020-11-18 09:55:00-05:00,L,11973.25,11928.25,11928.5,44.75,-92.0,-1.0279329608938548,SL,1,s1
2020-11-18 09:56:00-05:00,2020-11-18 09:56:00-05:00,2020-11-18 10:20:00-05:00,S,11922.0,11953.25,11953.0,31.0,-64.5,-1.0403225806451613,SL,1,s3
2020-11-18 13:26:00-05:00,2020-11-18 13:26:00-05:00,2020-11-18 13:56:00-05:00,S,11989.75,11953.0,12026.0,36.25,71.5,0.9862068965517241,TP,1,s4
2020-11-19 09:35:00-05:00,2020-11-19 09:35:00-05:00,2020-11-19 10:38:00-05:00,L,11857.25,11930.0,11816.5,40.75,143.5,1.7607361963190185,TP,1,s1
2020-11-19 11:08:00-05:00,2020-11-19 11:08:00-05:00,2020-11-19 14:01:00-05:00,S,11926.25,11968.25,11968.0,41.75,-86.0,-1.029940119760479,SL,1,s4
2020-11-19 14:35:00-05:00,2020-11-19 14:35:00-05:00,2020-11-19 15:59:00-05:00,L,11971.75,11981.0,11930.0,41.75,16.5,0.19760479041916168,time,1,s2
2020-11-23 09:38:00-05:00,2020-11-23 09:38:00-05:00,2020-11-23 10:07:00-05:00,L,11975.0,11935.5,11935.75,39.25,-81.0,-1.0318471337579618,SL,1,s2
2020-11-23 10:11:00-05:00,2020-11-23 10:11:00-05:00,2020-11-23 10:28:00-05:00,S,11903.75,11873.75,11967.25,63.5,58.0,0.4566929133858268,TP,1,s4
2020-11-23 10:29:00-05:00,2020-11-23 10:29:00-05:00,2020-11-23 11:10:00-05:00,L,11884.25,11842.0,11842.25,42.0,-86.5,-1.0297619047619047,SL,1,s1
2020-11-23 11:11:00-05:00,2020-11-23 11:11:00-05:00,2020-11-23 12:24:00-05:00,S,11834.75,11874.0,11873.75,39.0,-80.5,-1.0320512820512822,SL,1,s3
2020-11-24 11:17:00-05:00,2020-11-24 11:17:00-05:00,2020-11-24 15:59:00-05:00,L,12017.5,12075.25,11957.25,60.25,113.5,0.941908713692946,time,1,s2
2020-11-25 09:38:00-05:00,2020-11-25 09:38:00-05:00,2020-11-25 15:59:00-05:00,S,12132.5,12154.0,12197.75,65.25,-45.0,-0.3448275862068966,time,1,s4
2020-11-26 12:14:00-05:00,2020-11-26 12:14:00-05:00,2020-11-26 12:48:00-05:00,S,12176.75,12127.5,12206.75,30.0,96.5,1.6083333333333334,TP,1,s4
2020-11-27 09:32:00-05:00,2020-11-27 09:32:00-05:00,2020-11-27 09:33:00-05:00,L,12234.75,12245.25,12181.0,53.75,19.0,0.17674418604651163,TP,1,s2
2020-11-30 09:53:00-05:00,2020-11-30 09:53:00-05:00,2020-11-30 10:23:00-05:00,L,12254.75,12222.75,12223.0,31.75,-66.0,-1.0393700787401574,SL,1,s1
2020-11-30 10:29:00-05:00,2020-11-30 10:29:00-05:00,2020-11-30 10:35:00-05:00,S,12207.5,12181.0,12249.0,41.5,51.0,0.6144578313253012,TP,1,s3
2020-12-01 10:02:00-05:00,2020-12-01 10:02:00-05:00,2020-12-01 13:29:00-05:00,L,12409.5,12491.0,12332.5,77.0,161.0,1.0454545454545454,TP,1,s2
2020-12-02 09:44:00-05:00,2020-12-02 09:44:00-05:00,2020-12-02 10:12:00-05:00,S,12321.5,12401.75,12401.5,80.0,-162.5,-1.015625,SL,1,s3
2020-12-02 10:17:00-05:00,2020-12-02 10:17:00-05:00,2020-12-02 15:59:00-05:00,L,12409.5,12457.25,12352.25,57.25,93.5,0.8165938864628821,time,1,s1
2020-12-03 09:35:00-05:00,2020-12-03 09:35:00-05:00,2020-12-03 15:59:00-05:00,S,12490.75,12472.75,12544.5,53.75,34.0,0.31627906976744186,time,1,s4
2020-12-04 09:50:00-05:00,2020-12-04 09:50:00-05:00,2020-12-04 11:37:00-05:00,S,12495.75,12526.0,12525.75,30.0,-62.5,-1.0416666666666667,SL,1,s4
2020-12-04 12:47:00-05:00,2020-12-04 12:47:00-05:00,2020-12-04 14:14:00-05:00,L,12526.0,12498.75,12499.0,27.0,-56.5,-1.0462962962962963,SL,1,s2
2020-12-07 09:56:00-05:00,2020-12-07 09:56:00-05:00,2020-12-07 13:42:00-05:00,L,12578.75,12552.0,12552.25,26.5,-55.5,-1.0471698113207548,SL,1,s2
2020-12-07 13:44:00-05:00,2020-12-07 13:44:00-05:00,2020-12-07 14:17:00-05:00,S,12550.25,12576.0,12575.75,25.5,-53.5,-1.0490196078431373,SL,1,s4
2020-12-08 09:47:00-05:00,2020-12-08 09:47:00-05:00,2020-12-08 10:21:00-05:00,S,12539.0,12510.75,12573.75,34.75,54.5,0.7841726618705036,TP,1,s3
2020-12-08 11:56:00-05:00,2020-12-08 11:56:00-05:00,2020-12-08 13:29:00-05:00,L,12576.25,12620.75,12549.75,26.5,87.0,1.6415094339622642,TP,1,s1
2020-12-08 14:26:00-05:00,2020-12-08 14:26:00-05:00,2020-12-08 15:59:00-05:00,L,12647.5,12636.75,12620.75,26.75,-23.5,-0.4392523364485981,time,1,s2
2020-12-09 09:38:00-05:00,2020-12-09 09:38:00-05:00,2020-12-09 12:16:00-05:00,L,12599.0,12554.25,12554.5,44.5,-91.5,-1.0280898876404494,SL,1,s1
2020-12-09 12:17:00-05:00,2020-12-09 12:17:00-05:00,2020-12-09 12:46:00-05:00,S,12550.0,12485.75,12596.0,46.0,126.5,1.375,TP,1,s3
2020-12-10 09:32:00-05:00,2020-12-10 09:32:00-05:00,2020-12-10 11:25:00-05:00,L,12281.0,12447.25,12171.0,110.0,330.5,1.5022727272727272,TP,1,s1
2020-12-10 11:26:00-05:00,2020-12-10 11:26:00-05:00,2020-12-10 15:59:00-05:00,S,12441.0,12398.5,12539.5,98.5,83.0,0.4213197969543147,time,1,s4
2020-12-11 10:02:00-05:00,2020-12-11 10:02:00-05:00,2020-12-11 11:37:00-05:00,L,12335.75,12270.75,12271.0,64.75,-132.0,-1.0193050193050193,SL,1,s1
2020-12-11 11:44:00-05:00,2020-12-11 11:44:00-05:00,2020-12-11 13:53:00-05:00,S,12262.0,12335.0,12334.75,72.75,-148.0,-1.0171821305841924,SL,1,s3
2020-12-15 09:32:00-05:00,2020-12-15 09:32:00-05:00,2020-12-15 11:05:00-05:00,L,12568.5,12494.0,12494.25,74.25,-151.0,-1.0168350168350169,SL,1,s2
2020-12-15 11:08:00-05:00,2020-12-15 11:08:00-05:00,2020-12-15 12:30:00-05:00,S,12482.75,12530.0,12529.75,47.0,-96.5,-1.0265957446808511,SL,1,s4
2020-12-16 10:38:00-05:00,2020-12-16 10:38:00-05:00,2020-12-16 14:37:00-05:00,S,12627.25,12667.25,12667.0,39.75,-82.0,-1.0314465408805031,SL,1,s4
2020-12-16 14:38:00-05:00,2020-12-16 14:38:00-05:00,2020-12-16 15:59:00-05:00,L,12668.25,12672.5,12632.0,36.25,6.5,0.0896551724137931,time,1,s2
2020-12-17 09:32:00-05:00,2020-12-17 09:32:00-05:00,2020-12-17 10:16:00-05:00,L,12755.5,12709.0,12709.25,46.25,-95.0,-1.027027027027027,SL,1,s2
2020-12-17 10:59:00-05:00,2020-12-17 10:59:00-05:00,2020-12-17 15:54:00-05:00,S,12703.5,12746.5,12746.25,42.75,-88.0,-1.0292397660818713,SL,1,s4
2020-12-18 09:35:00-05:00,2020-12-18 09:35:00-05:00,2020-12-18 09:46:00-05:00,S,12752.25,12729.0,12794.0,41.75,44.5,0.5329341317365269,TP,1,s4
2020-12-18 09:47:00-05:00,2020-12-18 09:47:00-05:00,2020-12-18 10:01:00-05:00,L,12736.5,12706.75,12707.0,29.5,-61.5,-1.0423728813559323,SL,1,s1
2020-12-18 10:05:00-05:00,2020-12-18 10:05:00-05:00,2020-12-18 10:19:00-05:00,S,12689.25,12729.25,12729.0,39.75,-82.0,-1.0314465408805031,SL,1,s3
2020-12-21 09:47:00-05:00,2020-12-21 09:47:00-05:00,2020-12-21 10:05:00-05:00,S,12601.0,12523.75,12654.25,53.25,152.5,1.431924882629108,TP,1,s3
2020-12-21 13:08:00-05:00,2020-12-21 13:08:00-05:00,2020-12-21 15:59:00-05:00,L,12660.0,12684.5,12605.0,55.0,47.0,0.42727272727272725,time,1,s1
2020-12-22 09:59:00-05:00,2020-12-22 09:59:00-05:00,2020-12-22 11:36:00-05:00,S,12749.0,12618.25,12818.0,69.0,259.5,1.8804347826086956,TP,1,s4
2020-12-22 11:38:00-05:00,2020-12-22 11:38:00-05:00,2020-12-22 15:59:00-05:00,L,12619.75,12713.5,12551.5,68.25,185.5,1.358974358974359,time,1,s1
2020-12-23 09:44:00-05:00,2020-12-23 09:44:00-05:00,2020-12-23 15:59:00-05:00,L,12675.75,12649.5,12625.5,50.25,-54.5,-0.5422885572139303,time,1,s1
2020-12-24 09:32:00-05:00,2020-12-24 09:32:00-05:00,2020-12-24 09:38:00-05:00,S,12673.75,12698.75,12698.5,24.75,-52.0,-1.0505050505050506,SL,1,s4
2020-12-28 09:32:00-05:00,2020-12-28 09:32:00-05:00,2020-12-28 09:33:00-05:00,L,12801.0,12800.5,12723.25,77.75,-3.0,-0.01929260450160772,TP,1,s2
2020-12-29 09:35:00-05:00,2020-12-29 09:35:00-05:00,2020-12-29 09:56:00-05:00,L,12905.75,12864.75,12865.0,40.75,-84.0,-1.030674846625767,SL,1,s2
2020-12-30 09:35:00-05:00,2020-12-30 09:35:00-05:00,2020-12-30 15:59:00-05:00,S,12868.75,12843.5,12907.75,39.0,48.5,0.6217948717948718,time,1,s4
2020-12-31 11:44:00-05:00,2020-12-31 11:44:00-05:00,2020-12-31 15:50:00-05:00,L,12827.5,12867.75,12794.0,33.5,78.5,1.171641791044776,TP,1,s1
2021-01-04 09:35:00-05:00,2021-01-04 09:35:00-05:00,2021-01-04 10:45:00-05:00,S,12896.5,12842.75,12924.75,28.25,105.5,1.8672566371681416,TP,1,s4
2021-01-04 10:53:00-05:00,2021-01-04 10:53:00-05:00,2021-01-04 10:59:00-05:00,S,12786.75,12770.25,12842.75,56.0,31.0,0.2767857142857143,TP,1,s3
2021-01-06 09:32:00-05:00,2021-01-06 09:32:00-05:00,2021-01-06 09:33:00-05:00,S,12571.25,12572.5,12750.0,178.75,-4.5,-0.012587412587412588,TP,1,s3
2021-01-06 10:50:00-05:00,2021-01-06 10:50:00-05:00,2021-01-06 14:25:00-05:00,L,12757.25,12707.75,12708.0,49.25,-101.0,-1.0253807106598984,SL,1,s1
2021-01-07 09:32:00-05:00,2021-01-07 09:32:00-05:00,2021-01-07 10:04:00-05:00,L,12766.5,12863.75,12685.25,81.25,192.5,1.1846153846153846,TP,1,s2
2021-01-08 10:26:00-05:00,2021-01-08 10:26:00-05:00,2021-01-08 11:06:00-05:00,S,12979.25,13053.75,13053.5,74.25,-151.0,-1.0168350168350169,SL,1,s4
2021-01-08 12:14:00-05:00,2021-01-08 12:14:00-05:00,2021-01-08 13:22:00-05:00,L,13056.25,12989.25,12989.5,66.75,-136.0,-1.0187265917602997,SL,1,s2
2021-01-11 09:32:00-05:00,2021-01-11 09:32:00-05:00,2021-01-11 09:36:00-05:00,S,12964.75,12912.75,13043.0,78.25,102.0,0.6517571884984026,TP,1,s3
2021-01-12 09:41:00-05:00,2021-01-12 09:41:00-05:00,2021-01-12 09:51:00-05:00,S,12922.5,12857.5,12974.0,51.5,128.0,1.2427184466019416,TP,1,s4
2021-01-12 09:53:00-05:00,2021-01-12 09:53:00-05:00,2021-01-12 12:05:00-05:00,L,12867.5,12818.25,12818.5,49.0,-100.5,-1.0255102040816326,SL,1,s1
2021-01-12 12:08:00-05:00,2021-01-12 12:08:00-05:00,2021-01-12 13:13:00-05:00,S,12808.5,12857.75,12857.5,49.0,-100.5,-1.0255102040816326,SL,1,s3
2021-01-13 09:53:00-05:00,2021-01-13 09:53:00-05:00,2021-01-13 11:00:00-05:00,S,12928.75,12982.25,12982.0,53.25,-109.0,-1.0234741784037558,SL,1,s4
2021-01-13 11:41:00-05:00,2021-01-13 11:41:00-05:00,2021-01-13 15:59:00-05:00,L,12983.0,12967.75,12932.0,51.0,-32.5,-0.31862745098039214,time,1,s2
2021-01-14 09:38:00-05:00,2021-01-14 09:38:00-05:00,2021-01-14 15:12:00-05:00,S,12988.5,12930.0,13044.5,56.0,115.0,1.0267857142857142,TP,1,s4
2021-01-15 10:17:00-05:00,2021-01-15 10:17:00-05:00,2021-01-15 11:05:00-05:00,S,12813.5,12749.5,12857.0,43.5,126.0,1.4482758620689655,TP,1,s3
2021-01-15 11:32:00-05:00,2021-01-15 11:32:00-05:00,2021-01-15 15:05:00-05:00,L,12861.0,12815.75,12816.0,45.0,-92.5,-1.0277777777777777,SL,1,s1
2021-01-19 09:32:00-05:00,2021-01-19 09:32:00-05:00,2021-01-19 09:33:00-05:00,L,12918.5,12917.5,12820.5,98.0,-4.0,-0.02040816326530612,TP,1,s2
2021-01-20 09:32:00-05:00,2021-01-20 09:32:00-05:00,2021-01-20 09:33:00-05:00,L,13139.5,13143.25,13027.75,111.75,5.5,0.024608501118568233,TP,1,s2
2021-01-21 09:32:00-05:00,2021-01-21 09:32:00-05:00,2021-01-21 14:34:00-05:00,S,13309.75,13399.75,13399.5,89.75,-182.0,-1.0139275766016713,SL,1,s4
2021-01-21 14:35:00-05:00,2021-01-21 14:35:00-05:00,2021-01-21 15:59:00-05:00,L,13400.75,13397.25,13342.5,58.25,-9.0,-0.07725321888412018,time,1,s2
2021-01-22 09:47:00-05:00,2021-01-22 09:47:00-05:00,2021-01-22 15:59:00-05:00,L,13383.5,13355.25,13320.0,63.5,-58.5,-0.46062992125984253,time,1,s1
2021-01-25 09:32:00-05:00,2021-01-25 09:32:00-05:00,2021-01-25 09:33:00-05:00,L,13514.75,13514.25,13375.5,139.25,-3.0,-0.010771992818671455,TP,1,s2
2021-01-25 10:59:00-05:00,2021-01-25 10:59:00-05:00,2021-01-25 11:03:00-05:00,S,13348.75,13335.5,13395.75,47.0,24.5,0.26063829787234044,TP,1,s4
2021-01-25 11:05:00-05:00,2021-01-25 11:05:00-05:00,2021-01-25 11:06:00-05:00,S,13235.5,13235.0,13335.5,100.0,-1.0,-0.005,TP,1,s3
2021-01-25 11:20:00-05:00,2021-01-25 11:20:00-05:00,2021-01-25 11:28:00-05:00,L,13340.75,13315.0,13315.25,25.5,-53.5,-1.0490196078431373,SL,1,s1
2021-01-27 09:32:00-05:00,2021-01-27 09:32:00-05:00,2021-01-27 09:33:00-05:00,S,13267.5,13268.25,13455.75,188.25,-3.5,-0.009296148738379814,TP,1,s3
2021-01-28 09:47:00-05:00,2021-01-28 09:47:00-05:00,2021-01-28 12:00:00-05:00,S,13212.0,13323.5,13323.25,111.25,-225.0,-1.0112359550561798,SL,1,s4
2021-01-28 12:05:00-05:00,2021-01-28 12:05:00-05:00,2021-01-28 15:46:00-05:00,L,13333.75,13221.25,13221.5,112.25,-227.0,-1.0111358574610245,SL,1,s2
2021-01-29 09:41:00-05:00,2021-01-29 09:41:00-05:00,2021-01-29 10:13:00-05:00,S,13023.0,13112.5,13112.25,89.25,-181.0,-1.0140056022408963,SL,1,s3
2021-01-29 10:20:00-05:00,2021-01-29 10:20:00-05:00,2021-01-29 11:10:00-05:00,L,13117.5,13038.75,13039.0,78.5,-159.5,-1.015923566878981,SL,1,s1
2021-02-01 09:53:00-05:00,2021-02-01 09:53:00-05:00,2021-02-01 10:29:00-05:00,S,12989.75,13094.5,13094.25,104.5,-211.5,-1.0119617224880382,SL,1,s4
2021-02-01 10:32:00-05:00,2021-02-01 10:32:00-05:00,2021-02-01 12:27:00-05:00,L,13095.25,13243.25,13004.0,91.25,294.0,1.610958904109589,TP,1,s2
2021-02-02 09:38:00-05:00,2021-02-02 09:38:00-05:00,2021-02-02 15:59:00-05:00,L,13398.75,13448.25,13313.25,85.5,97.0,0.5672514619883041,time,1,s2
2021-02-03 09:32:00-05:00,2021-02-03 09:32:00-05:00,2021-02-03 10:00:00-05:00,S,13477.5,13530.5,13530.25,52.75,-108.0,-1.0236966824644549,SL,1,s4
2021-02-03 10:32:00-05:00,2021-02-03 10:32:00-05:00,2021-02-03 12:41:00-05:00,L,13426.0,13489.25,13366.75,59.25,124.5,1.0506329113924051,TP,1,s1
2021-02-04 09:35:00-05:00,2021-02-04 09:35:00-05:00,2021-02-04 12:18:00-05:00,S,13430.75,13477.75,13477.5,46.75,-96.0,-1.0267379679144386,SL,1,s4
2021-02-04 12:38:00-05:00,2021-02-04 12:38:00-05:00,2021-02-04 15:59:00-05:00,L,13480.0,13549.75,13433.0,47.0,137.5,1.4627659574468086,TP,1,s2
2021-02-05 13:53:00-05:00,2021-02-05 13:53:00-05:00,2021-02-05 15:59:00-05:00,S,13593.5,13597.0,13638.5,45.0,-9.0,-0.1,time,1,s4
2021-02-08 09:56:00-05:00,2021-02-08 09:56:00-05:00,2021-02-08 11:31:00-05:00,L,13664.0,13629.25,13629.5,34.5,-71.5,-1.036231884057971,SL,1,s2
2021-02-08 11:32:00-05:00,2021-02-08 11:32:00-05:00,2021-02-08 15:52:00-05:00,S,13614.5,13662.75,13662.5,48.0,-98.5,-1.0260416666666667,SL,1,s4
2021-02-09 09:32:00-05:00,2021-02-09 09:32:00-05:00,2021-02-09 10:00:00-05:00,L,13661.75,13711.5,13631.75,30.0,97.5,1.625,TP,1,s1
2021-02-09 10:02:00-05:00,2021-02-09 10:02:00-05:00,2021-02-09 15:59:00-05:00,S,13708.0,13680.75,13738.25,30.25,52.5,0.8677685950413223,time,1,s4
2021-02-10 09:38:00-05:00,2021-02-10 09:38:00-05:00,2021-02-10 10:13:00-05:00,L,13732.0,13705.0,13705.25,26.75,-56.0,-1.0467289719626167,SL,1,s2
2021-02-10 10:14:00-05:00,2021-02-10 10:14:00-05:00,2021-02-10 10:20:00-05:00,S,13702.75,13655.75,13730.25,27.5,92.0,1.6727272727272726,TP,1,s4
2021-02-10 10:23:00-05:00,2021-02-10 10:23:00-05:00,2021-02-10 10:24:00-05:00,S,13591.0,13590.25,13655.75,64.75,-0.5,-0.003861003861003861,TP,1,s3
2021-02-10 14:29:00-05:00,2021-02-10 14:29:00-05:00,2021-02-10 15:44:00-05:00,L,13669.0,13630.5,13630.75,38.25,-79.0,-1.0326797385620916,SL,1,s1
2021-02-11 09:35:00-05:00,2021-02-11 09:35:00-05:00,2021-02-11 15:59:00-05:00,S,13710.75,13726.5,13785.25,74.5,-33.5,-0.22483221476510068,time,1,s4
2021-02-12 09:35:00-05:00,2021-02-12 09:35:00-05:00,2021-02-12 09:42:00-05:00,S,13660.25,13693.75,13693.5,33.25,-69.0,-1.037593984962406,SL,1,s3
2021-02-12 09:44:00-05:00,2021-02-12 09:44:00-05:00,2021-02-12 15:35:00-05:00,L,13696.0,13759.0,13660.5,35.5,124.0,1.7464788732394365,TP,1,s1
2021-02-16 09:32:00-05:00,2021-02-16 09:32:00-05:00,2021-02-16 09:33:00-05:00,S,13836.5,13837.0,13863.0,26.5,-3.0,-0.05660377358490566,TP,1,s3
2021-02-16 10:29:00-05:00,2021-02-16 10:29:00-05:00,2021-02-16 10:48:00-05:00,L,13864.0,13854.0,13854.25,9.75,-22.0,-1.1282051282051282,SL,1,s1
2021-02-17 09:32:00-05:00,2021-02-17 09:32:00-05:00,2021-02-17 10:21:00-05:00,S,13649.25,13604.25,13720.75,71.5,88.0,0.6153846153846154,TP,1,s3
2021-02-18 09:32:00-05:00,2021-02-18 09:32:00-05:00,2021-02-18 09:33:00-05:00,S,13534.5,13530.0,13653.5,119.0,7.0,0.029411764705882353,TP,1,s3
2021-02-19 09:32:00-05:00,2021-02-19 09:32:00-05:00,2021-02-19 12:38:00-05:00,S,13679.0,13582.75,13748.75,69.75,190.5,1.3655913978494623,TP,1,s4
2021-02-22 09:32:00-05:00,2021-02-22 09:32:00-05:00,2021-02-22 09:33:00-05:00,S,13410.75,13411.0,13532.25,121.5,-2.5,-0.0102880658436214,TP,1,s3
2021-02-23 09:32:00-05:00,2021-02-23 09:32:00-05:00,2021-02-23 09:33:00-05:00,S,12979.75,12980.75,13164.25,184.5,-4.0,-0.01084010840108401,TP,1,s3
2021-02-24 09:35:00-05:00,2021-02-24 09:35:00-05:00,2021-02-24 15:59:00-05:00,L,13054.0,13294.25,12913.5,140.5,478.5,1.7028469750889679,time,1,s1
2021-02-25 09:32:00-05:00,2021-02-25 09:32:00-05:00,2021-02-25 10:38:00-05:00,L,13227.0,13101.25,13101.5,125.5,-253.5,-1.0099601593625498,SL,1,s1
2021-02-25 10:47:00-05:00,2021-02-25 10:47:00-05:00,2021-02-25 12:30:00-05:00,S,13080.5,12935.0,13198.25,117.75,289.0,1.227176220806794,TP,1,s3
2021-02-26 09:35:00-05:00,2021-02-26 09:35:00-05:00,2021-02-26 15:59:00-05:00,S,12956.5,12894.0,13115.75,159.25,123.0,0.38618524332810045,time,1,s4
2021-03-01 09:32:00-05:00,2021-03-01 09:32:00-05:00,2021-03-01 14:12:00-05:00,L,13087.25,13235.75,12986.75,100.5,295.0,1.4676616915422886,TP,1,s2
2021-03-02 09:47:00-05:00,2021-03-02 09:47:00-05:00,2021-03-02 10:45:00-05:00,L,13219.0,13138.5,13138.75,80.25,-163.0,-1.0155763239875388,SL,1,s1
2021-03-02 11:23:00-05:00,2021-03-02 11:23:00-05:00,2021-03-02 13:31:00-05:00,S,13136.0,13207.0,13206.75,70.75,-144.0,-1.017667844522968,SL,1,s3
2021-03-03 09:59:00-05:00,2021-03-03 09:59:00-05:00,2021-03-03 13:12:00-05:00,S,12904.5,12802.75,12988.0,83.5,201.5,1.2065868263473054,TP,1,s3
2021-03-04 09:59:00-05:00,2021-03-04 09:59:00-05:00,2021-03-04 11:41:00-05:00,L,12590.25,12783.5,12473.25,117.0,384.5,1.643162393162393,TP,1,s1
2021-03-04 12:56:00-05:00,2021-03-04 12:56:00-05:00,2021-03-04 15:59:00-05:00,S,12454.0,12471.75,12577.0,123.0,-37.5,-0.1524390243902439,time,1,s3
2021-03-05 10:35:00-05:00,2021-03-05 10:35:00-05:00,2021-03-05 13:37:00-05:00,L,12356.5,12606.25,12201.5,155.0,497.5,1.6048387096774193,TP,1,s1
2021-03-05 13:38:00-05:00,2021-03-05 13:38:00-05:00,2021-03-05 15:59:00-05:00,S,12603.5,12661.75,12741.5,138.0,-118.5,-0.42934782608695654,time,1,s4
2021-03-08 09:38:00-05:00,2021-03-08 09:38:00-05:00,2021-03-08 15:00:00-05:00,L,12568.5,12391.5,12391.75,176.75,-356.0,-1.007072135785007,SL,1,s1
2021-03-09 09:32:00-05:00,2021-03-09 09:32:00-05:00,2021-03-09 10:05:00-05:00,L,12610.5,12733.0,12419.25,191.25,243.0,0.6352941176470588,TP,1,s2
2021-03-10 09:32:00-05:00,2021-03-10 09:32:00-05:00,2021-03-10 10:21:00-05:00,L,12947.75,12863.5,12863.75,84.0,-170.5,-1.0148809523809523,SL,1,s2
2021-03-10 10:23:00-05:00,2021-03-10 10:23:00-05:00,2021-03-10 15:59:00-05:00,S,12843.25,12752.5,12941.0,97.75,179.5,0.9181585677749361,time,1,s4
2021-03-11 09:32:00-05:00,2021-03-11 09:32:00-05:00,2021-03-11 10:50:00-05:00,L,12954.5,13012.0,12823.5,131.0,113.0,0.4312977099236641,TP,1,s2
2021-03-12 09:32:00-05:00,2021-03-12 09:32:00-05:00,2021-03-12 09:33:00-05:00,S,12841.0,12837.25,12989.5,148.5,5.5,0.018518518518518517,TP,1,s3
2021-03-15 10:05:00-04:00,2021-03-15 10:05:00-04:00,2021-03-15 11:37:00-04:00,S,12977.5,12888.5,13035.0,57.5,176.0,1.5304347826086957,TP,1,s4
2021-03-15 11:41:00-04:00,2021-03-15 11:41:00-04:00,2021-03-15 14:00:00-04:00,L,12908.0,12986.0,12839.5,68.5,154.0,1.1240875912408759,TP,1,s1
2021-03-16 09:44:00-04:00,2021-03-16 09:44:00-04:00,2021-03-16 10:39:00-04:00,L,13199.25,13283.0,13133.25,66.0,165.5,1.253787878787879,TP,1,s2
2021-03-16 14:26:00-04:00,2021-03-16 14:26:00-04:00,2021-03-16 15:35:00-04:00,S,13127.5,13189.25,13189.0,61.5,-125.5,-1.0203252032520325,SL,1,s4
2021-03-18 09:32:00-04:00,2021-03-18 09:32:00-04:00,2021-03-18 14:40:00-04:00,S,12995.5,12849.75,13100.5,105.0,289.5,1.3785714285714286,TP,1,s3
2021-03-19 10:14:00-04:00,2021-03-19 10:14:00-04:00,2021-03-19 11:54:00-04:00,L,12732.25,12853.25,12639.0,93.25,240.0,1.2868632707774799,TP,1,s1
2021-03-19 11:56:00-04:00,2021-03-19 11:56:00-04:00,2021-03-19 15:59:00-04:00,S,12848.5,12837.25,12925.0,76.5,20.5,0.13398692810457516,time,1,s4
2021-03-22 09:32:00-04:00,2021-03-22 09:32:00-04:00,2021-03-22 10:45:00-04:00,L,12978.5,13049.0,12894.5,84.0,139.0,0.8273809523809523,TP,1,s2
2021-03-23 10:14:00-04:00,2021-03-23 10:14:00-04:00,2021-03-23 15:23:00-04:00,S,13121.75,13007.75,13197.0,75.25,226.0,1.5016611295681064,TP,1,s4
2021-03-24 09:32:00-04:00,2021-03-24 09:32:00-04:00,2021-03-24 09:51:00-04:00,S,13057.5,12952.5,13112.0,54.5,208.0,1.908256880733945,TP,1,s4
2021-03-24 09:53:00-04:00,2021-03-24 09:53:00-04:00,2021-03-24 13:12:00-04:00,L,12959.0,12898.75,12899.0,60.0,-122.5,-1.0208333333333333,SL,1,s1
2021-03-24 13:14:00-04:00,2021-03-24 13:14:00-04:00,2021-03-24 15:54:00-04:00,S,12882.5,12812.0,12952.5,70.0,139.0,0.9928571428571429,TP,1,s3
2021-03-25 09:32:00-04:00,2021-03-25 09:32:00-04:00,2021-03-25 10:55:00-04:00,L,12731.0,12633.25,12633.5,97.5,-197.5,-1.0128205128205128,SL,1,s1
2021-03-25 11:26:00-04:00,2021-03-25 11:26:00-04:00,2021-03-25 12:01:00-04:00,S,12630.5,12712.25,12712.0,81.5,-165.5,-1.0153374233128833,SL,1,s3
2021-03-26 10:08:00-04:00,2021-03-26 10:08:00-04:00,2021-03-26 14:48:00-04:00,S,12828.5,12710.25,12897.5,69.0,234.5,1.6992753623188406,TP,1,s4
2021-03-26 14:53:00-04:00,2021-03-26 14:53:00-04:00,2021-03-26 15:26:00-04:00,L,12783.5,12834.75,12647.5,136.0,100.5,0.3694852941176471,TP,1,s1
2021-03-29 10:38:00-04:00,2021-03-29 10:38:00-04:00,2021-03-29 15:59:00-04:00,L,12902.75,12955.75,12810.75,92.0,104.0,0.5652173913043478,time,1,s1
2021-03-30 09:32:00-04:00,2021-03-30 09:32:00-04:00,2021-03-30 11:34:00-04:00,S,12847.5,12905.0,12904.75,57.25,-117.0,-1.0218340611353711,SL,1,s3
2021-03-30 11:38:00-04:00,2021-03-30 11:38:00-04:00,2021-03-30 11:59:00-04:00,L,12908.0,12853.0,12853.25,54.75,-112.0,-1.0228310502283104,SL,1,s1
2021-03-31 09:35:00-04:00,2021-03-31 09:35:00-04:00,2021-03-31 09:50:00-04:00,L,12985.25,13036.25,12933.75,51.5,100.0,0.970873786407767,TP,1,s2
2021-04-01 09:32:00-04:00,2021-04-01 09:32:00-04:00,2021-04-01 09:40:00-04:00,L,13264.0,13292.0,13141.0,123.0,54.0,0.21951219512195122,TP,1,s2
2021-04-05 09:32:00-04:00,2021-04-05 09:32:00-04:00,2021-04-05 09:33:00-04:00,L,13419.25,13419.5,13336.25,83.0,-1.5,-0.009036144578313253,TP,1,s2
2021-04-06 11:17:00-04:00,2021-04-06 11:17:00-04:00,2021-04-06 15:59:00-04:00,S,13634.5,13572.25,13695.25,60.75,122.5,1.008230452674897,time,1,s4
2021-04-07 09:41:00-04:00,2021-04-07 09:41:00-04:00,2021-04-07 10:11:00-04:00,L,13543.75,13603.75,13508.25,35.5,118.0,1.6619718309859155,TP,1,s1
2021-04-07 10:41:00-04:00,2021-04-07 10:41:00-04:00,2021-04-07 14:14:00-04:00,S,13603.25,13636.0,13635.75,32.5,-67.5,-1.0384615384615385,SL,1,s4
2021-04-07 14:17:00-04:00,2021-04-07 14:17:00-04:00,2021-04-07 15:14:00-04:00,L,13638.5,13603.5,13603.75,34.75,-72.0,-1.0359712230215827,SL,1,s2
2021-04-08 09:32:00-04:00,2021-04-08 09:32:00-04:00,2021-04-08 09:33:00-04:00,L,13732.25,13733.5,13639.75,92.5,0.5,0.002702702702702703,TP,1,s2
2021-04-09 09:32:00-04:00,2021-04-09 09:32:00-04:00,2021-04-09 09:33:00-04:00,S,13685.25,13685.25,13732.25,47.0,-2.0,-0.02127659574468085,TP,1,s3
2021-04-09 10:05:00-04:00,2021-04-09 10:05:00-04:00,2021-04-09 10:28:00-04:00,L,13733.75,13714.25,13714.5,19.25,-41.0,-1.0649350649350648,SL,1,s1
2021-04-09 11:56:00-04:00,2021-04-09 11:56:00-04:00,2021-04-09 13:33:00-04:00,S,13764.25,13784.75,13784.5,20.25,-43.0,-1.0617283950617284,SL,1,s4
2021-04-09 13:35:00-04:00,2021-04-09 13:35:00-04:00,2021-04-09 14:30:00-04:00,L,13785.5,13766.5,13766.75,18.75,-40.0,-1.0666666666666667,SL,1,s2
2021-04-12 09:32:00-04:00,2021-04-12 09:32:00-04:00,2021-04-12 15:59:00-04:00,L,13786.25,13811.5,13729.5,56.75,48.5,0.42731277533039647,time,1,s1
2021-04-13 09:32:00-04:00,2021-04-13 09:32:00-04:00,2021-04-13 09:36:00-04:00,L,13881.0,13909.25,13838.25,42.75,54.5,0.6374269005847953,TP,1,s2
2021-04-14 10:02:00-04:00,2021-04-14 10:02:00-04:00,2021-04-14 11:02:00-04:00,L,13953.25,13905.0,13905.25,48.0,-98.5,-1.0260416666666667,SL,1,s1
2021-04-14 11:05:00-04:00,2021-04-14 11:05:00-04:00,2021-04-14 13:58:00-04:00,S,13904.75,13847.25,13940.5,35.75,113.0,1.5804195804195804,TP,1,s3
2021-04-15 09:32:00-04:00,2021-04-15 09:32:00-04:00,2021-04-15 15:46:00-04:00,L,13953.5,14024.75,13867.75,85.75,140.5,0.8192419825072886,TP,1,s2
2021-04-16 09:32:00-04:00,2021-04-16 09:32:00-04:00,2021-04-16 09:58:00-04:00,L,13986.5,13954.5,13954.75,31.75,-66.0,-1.0393700787401574,SL,1,s1
2021-04-19 10:05:00-04:00,2021-04-19 10:05:00-04:00,2021-04-19 10:06:00-04:00,S,13956.75,13943.25,14007.0,50.25,25.0,0.24875621890547264,TP,1,s3
2021-04-20 10:53:00-04:00,2021-04-20 10:53:00-04:00,2021-04-20 15:59:00-04:00,S,13787.25,13799.5,13851.25,64.0,-26.5,-0.20703125,time,1,s3
2021-04-21 09:32:00-04:00,2021-04-21 09:32:00-04:00,2021-04-21 11:32:00-04:00,L,13755.5,13857.0,13683.25,72.25,201.0,1.3910034602076125,TP,1,s1
2021-04-22 09:53:00-04:00,2021-04-22 09:53:00-04:00,2021-04-22 13:19:00-04:00,L,13866.5,13793.5,13793.75,72.75,-148.0,-1.0171821305841924,SL,1,s1
2021-04-22 13:44:00-04:00,2021-04-22 13:44:00-04:00,2021-04-22 15:59:00-04:00,S,13765.0,13750.75,13856.25,91.25,26.5,0.14520547945205478,time,1,s3
2021-04-23 09:41:00-04:00,2021-04-23 09:41:00-04:00,2021-04-23 11:15:00-04:00,S,13807.25,13884.0,13883.75,76.5,-155.5,-1.0163398692810457,SL,1,s4
2021-04-23 11:17:00-04:00,2021-04-23 11:17:00-04:00,2021-04-23 15:59:00-04:00,L,13887.75,13924.25,13817.0,70.75,71.0,0.5017667844522968,time,1,s2
2021-04-26 11:05:00-04:00,2021-04-26 11:05:00-04:00,2021-04-26 15:59:00-04:00,S,13971.5,14013.75,14037.75,66.25,-86.5,-0.6528301886792452,time,1,s4
2021-04-27 09:47:00-04:00,2021-04-27 09:47:00-04:00,2021-04-27 10:00:00-04:00,L,13981.25,13945.0,13945.25,36.0,-74.5,-1.0347222222222223,SL,1,s1
2021-04-27 10:17:00-04:00,2021-04-27 10:17:00-04:00,2021-04-27 12:39:00-04:00,S,13931.0,13979.75,13979.5,48.5,-99.5,-1.0257731958762886,SL,1,s3
2021-04-28 09:32:00-04:00,2021-04-28 09:32:00-04:00,2021-04-28 12:00:00-04:00,L,13921.5,13884.0,13884.25,37.25,-77.0,-1.0335570469798658,SL,1,s1
2021-04-29 09:32:00-04:00,2021-04-29 09:32:00-04:00,2021-04-29 09:33:00-04:00,L,14020.75,14019.75,13924.5,96.25,-4.0,-0.02077922077922078,TP,1,s2
2021-04-29 10:20:00-04:00,2021-04-29 10:20:00-04:00,2021-04-29 10:23:00-04:00,S,13924.25,13953.5,13953.25,29.0,-60.5,-1.043103448275862,SL,1,s4
2021-04-29 12:08:00-04:00,2021-04-29 12:08:00-04:00,2021-04-29 12:36:00-04:00,S,13829.5,13867.75,13867.5,38.0,-78.5,-1.0328947368421053,SL,1,s3
2021-04-29 12:38:00-04:00,2021-04-29 12:38:00-04:00,2021-04-29 13:50:00-04:00,L,13869.75,13924.5,13838.75,31.0,107.5,1.7338709677419355,TP,1,s1
2021-04-30 09:47:00-04:00,2021-04-30 09:47:00-04:00,2021-04-30 15:59:00-04:00,L,13889.0,13860.5,13821.0,68.0,-59.0,-0.4338235294117647,time,1,s1
2021-05-03 09:32:00-04:00,2021-05-03 09:32:00-04:00,2021-05-03 10:15:00-04:00,S,13896.5,13933.5,13933.25,36.75,-76.0,-1.034013605442177,SL,1,s4
2021-05-03 10:17:00-04:00,2021-05-03 10:17:00-04:00,2021-05-03 10:40:00-04:00,L,13937.75,13896.5,13896.75,41.0,-84.5,-1.0304878048780488,SL,1,s2
2021-05-03 11:26:00-04:00,2021-05-03 11:26:00-04:00,2021-05-03 15:59:00-04:00,S,13779.5,13790.5,13824.75,45.25,-24.0,-0.26519337016574585,time,1,s3
2021-05-04 09:32:00-04:00,2021-05-04 09:32:00-04:00,2021-05-04 09:40:00-04:00,S,13633.25,13614.25,13742.0,108.75,36.0,0.16551724137931034,TP,1,s3
2021-05-05 09:35:00-04:00,2021-05-05 09:35:00-04:00,2021-05-05 15:59:00-04:00,S,13610.0,13494.25,13717.0,107.0,229.5,1.0724299065420562,time,1,s4
2021-05-06 09:35:00-04:00,2021-05-06 09:35:00-04:00,2021-05-06 11:43:00-04:00,L,13445.0,13549.75,13382.25,62.75,207.5,1.653386454183267,TP,1,s1
2021-05-06 11:47:00-04:00,2021-05-06 11:47:00-04:00,2021-05-06 15:59:00-04:00,S,13548.5,13596.75,13605.75,57.25,-98.5,-0.8602620087336245,time,1,s4
2021-05-07 09:38:00-04:00,2021-05-07 09:38:00-04:00,2021-05-07 15:59:00-04:00,L,13720.75,13706.25,13655.25,65.5,-31.0,-0.2366412213740458,time,1,s2
2021-05-10 09:32:00-04:00,2021-05-10 09:32:00-04:00,2021-05-10 09:36:00-04:00,S,13595.5,13557.5,13665.75,70.25,74.0,0.5266903914590747,TP,1,s3
2021-05-11 09:32:00-04:00,2021-05-11 09:32:00-04:00,2021-05-11 10:00:00-04:00,S,13127.75,13272.5,13272.25,144.5,-291.5,-1.008650519031142,SL,1,s3
2021-05-11 11:23:00-04:00,2021-05-11 11:23:00-04:00,2021-05-11 15:59:00-04:00,L,13282.0,13343.75,13188.0,94.0,121.5,0.6462765957446809,time,1,s1
2021-05-12 09:32:00-04:00,2021-05-12 09:32:00-04:00,2021-05-12 10:54:00-04:00,S,13177.25,13046.25,13263.75,86.5,260.0,1.5028901734104045,TP,1,s3
2021-05-13 09:32:00-04:00,2021-05-13 09:32:00-04:00,2021-05-13 11:43:00-04:00,L,13161.75,13072.5,13072.75,89.0,-180.5,-1.0140449438202248,SL,1,s2
2021-05-13 11:44:00-04:00,2021-05-13 11:44:00-04:00,2021-05-13 14:39:00-04:00,S,13064.0,13148.0,13147.75,83.75,-170.0,-1.0149253731343284,SL,1,s4
2021-05-14 09:32:00-04:00,2021-05-14 09:32:00-04:00,2021-05-14 10:58:00-04:00,L,13245.75,13328.0,13160.75,85.0,162.5,0.9558823529411765,TP,1,s2
2021-05-17 09:47:00-04:00,2021-05-17 09:47:00-04:00,2021-05-17 10:01:00-04:00,L,13331.5,13264.25,13264.5,67.0,-136.5,-1.0186567164179106,SL,1,s1
2021-05-17 10:02:00-04:00,2021-05-17 10:02:00-04:00,2021-05-17 10:41:00-04:00,S,13243.0,13325.0,13324.75,81.75,-166.0,-1.0152905198776758,SL,1,s3
2021-05-18 09:32:00-04:00,2021-05-18 09:32:00-04:00,2021-05-18 10:50:00-04:00,S,13322.0,13394.5,13394.25,72.25,-147.0,-1.0173010380622838,SL,1,s4
2021-05-18 14:50:00-04:00,2021-05-18 14:50:00-04:00,2021-05-18 15:59:00-04:00,L,13264.5,13217.0,13217.25,47.25,-97.0,-1.0264550264550265,SL,1,s1
2021-05-19 09:32:00-04:00,2021-05-19 09:32:00-04:00,2021-05-19 09:33:00-04:00,S,13023.25,13019.75,13159.5,136.25,5.0,0.01834862385321101,TP,1,s3
2021-05-19 12:17:00-04:00,2021-05-19 12:17:00-04:00,2021-05-19 14:05:00-04:00,L,13162.5,13106.0,13106.25,56.25,-115.0,-1.0222222222222221,SL,1,s1
2021-05-20 09:47:00-04:00,2021-05-20 09:47:00-04:00,2021-05-20 14:56:00-04:00,L,13395.25,13509.5,13305.75,89.5,226.5,1.26536312849162,TP,1,s2
2021-05-21 09:32:00-04:00,2021-05-21 09:32:00-04:00,2021-05-21 11:55:00-04:00,S,13539.75,13420.5,13620.5,80.75,236.5,1.4643962848297214,TP,1,s4
2021-05-21 12:02:00-04:00,2021-05-21 12:02:00-04:00,2021-05-21 15:59:00-04:00,L,13427.75,13408.75,13353.5,74.25,-40.0,-0.26936026936026936,time,1,s1
2021-05-24 09:32:00-04:00,2021-05-24 09:32:00-04:00,2021-05-24 09:42:00-04:00,L,13527.75,13583.25,13456.75,71.0,109.0,0.7676056338028169,TP,1,s2
2021-05-25 09:38:00-04:00,2021-05-25 09:38:00-04:00,2021-05-25 15:59:00-04:00,S,13687.25,13656.75,13744.25,57.0,59.0,0.5175438596491229,time,1,s4
2021-05-26 09:38:00-04:00,2021-05-26 09:38:00-04:00,2021-05-26 15:59:00-04:00,S,13687.0,13702.0,13725.75,38.75,-32.0,-0.4129032258064516,time,1,s4
2021-05-27 09:44:00-04:00,2021-05-27 09:44:00-04:00,2021-05-27 10:11:00-04:00,S,13662.0,13683.25,13683.0,21.0,-44.5,-1.0595238095238095,SL,1,s3
2021-05-27 10:44:00-04:00,2021-05-27 10:44:00-04:00,2021-05-27 10:50:00-04:00,S,13716.75,13683.0,13739.75,23.0,65.5,1.423913043478261,TP,1,s4
2021-05-28 09:32:00-04:00,2021-05-28 09:32:00-04:00,2021-05-28 09:40:00-04:00,L,13710.25,13729.25,13673.25,37.0,36.0,0.4864864864864865,TP,1,s2
2021-05-31 09:47:00-04:00,2021-05-31 09:47:00-04:00,2021-05-31 12:49:00-04:00,L,13669.75,13658.0,13646.0,23.75,-25.5,-0.5368421052631579,time,1,s1
2021-06-01 09:32:00-04:00,2021-06-01 09:32:00-04:00,2021-06-01 09:33:00-04:00,L,13747.0,13746.75,13661.75,85.25,-2.5,-0.01466275659824047,TP,1,s2
2021-06-01 10:14:00-04:00,2021-06-01 10:14:00-04:00,2021-06-01 10:15:00-04:00,S,13657.5,13646.25,13670.0,12.5,20.5,0.82,TP,1,s4
2021-06-01 10:23:00-04:00,2021-06-01 10:23:00-04:00,2021-06-01 10:27:00-04:00,L,13647.75,13661.75,13638.0,9.75,26.0,1.3333333333333333,TP,1,s1
2021-06-01 10:50:00-04:00,2021-06-01 10:50:00-04:00,2021-06-01 10:51:00-04:00,S,13624.75,13625.0,13646.25,21.5,-2.5,-0.05813953488372093,TP,1,s3
2021-06-02 09:47:00-04:00,2021-06-02 09:47:00-04:00,2021-06-02 15:59:00-04:00,S,13700.0,13674.5,13750.25,50.25,49.0,0.48756218905472637,time,1,s4
2021-06-03 09:32:00-04:00,2021-06-03 09:32:00-04:00,2021-06-03 09:33:00-04:00,S,13556.25,13556.5,13644.25,88.0,-2.5,-0.014204545454545454,TP,1,s3
2021-06-04 09:32:00-04:00,2021-06-04 09:32:00-04:00,2021-06-04 09:40:00-04:00,L,13640.75,13676.0,13568.5,72.25,68.5,0.4740484429065744,TP,1,s2
2021-06-07 10:17:00-04:00,2021-06-07 10:17:00-04:00,2021-06-07 15:59:00-04:00,L,13724.25,13801.75,13668.25,56.0,153.0,1.3660714285714286,time,1,s1
2021-06-08 09:32:00-04:00,2021-06-08 09:32:00-04:00,2021-06-08 09:39:00-04:00,L,13869.5,13898.0,13828.25,41.25,55.0,0.6666666666666666,TP,1,s2
2021-06-08 10:29:00-04:00,2021-06-08 10:29:00-04:00,2021-06-08 11:19:00-04:00,S,13827.5,13775.75,13854.75,27.25,101.5,1.8623853211009174,TP,1,s4
2021-06-08 11:44:00-04:00,2021-06-08 11:44:00-04:00,2021-06-08 14:57:00-04:00,L,13786.25,13828.25,13749.25,37.0,82.0,1.1081081081081081,TP,1,s1
2021-06-09 09:50:00-04:00,2021-06-09 09:50:00-04:00,2021-06-09 15:59:00-04:00,S,13855.0,13816.0,13905.25,50.25,76.0,0.7562189054726368,time,1,s4
2021-06-10 09:35:00-04:00,2021-06-10 09:35:00-04:00,2021-06-10 09:39:00-04:00,L,13883.25,13913.25,13842.5,40.75,58.0,0.7116564417177914,TP,1,s2
2021-06-15 09:35:00-04:00,2021-06-15 09:35:00-04:00,2021-06-15 11:39:00-04:00,L,14081.25,14031.25,14031.5,49.75,-102.0,-1.0251256281407035,SL,1,s1
2021-06-15 13:02:00-04:00,2021-06-15 13:02:00-04:00,2021-06-15 15:59:00-04:00,S,14029.5,14027.5,14077.5,48.0,2.0,0.020833333333333332,time,1,s3
2021-06-16 09:38:00-04:00,2021-06-16 09:38:00-04:00,2021-06-16 10:21:00-04:00,S,14057.0,14094.5,14094.25,37.25,-77.0,-1.0335570469798658,SL,1,s4
2021-06-16 12:11:00-04:00,2021-06-16 12:11:00-04:00,2021-06-16 14:00:00-04:00,L,13994.75,13960.0,13960.25,34.5,-71.5,-1.036231884057971,SL,1,s1
2021-06-16 14:02:00-04:00,2021-06-16 14:02:00-04:00,2021-06-16 14:04:00-04:00,S,13940.0,13905.75,13994.0,54.0,66.5,0.6157407407407407,TP,1,s3
2021-06-17 10:38:00-04:00,2021-06-17 10:38:00-04:00,2021-06-17 15:59:00-04:00,L,14126.75,14156.0,14048.75,78.0,56.5,0.36217948717948717,time,1,s2
2021-06-18 09:35:00-04:00,2021-06-18 09:35:00-04:00,2021-06-18 15:59:00-04:00,L,14095.25,14041.5,14009.25,86.0,-109.5,-0.6366279069767442,time,1,s1
2021-06-21 09:38:00-04:00,2021-06-21 09:38:00-04:00,2021-06-21 09:44:00-04:00,S,13966.0,14008.5,14008.25,42.25,-87.0,-1.029585798816568,SL,1,s3
2021-06-21 10:08:00-04:00,2021-06-21 10:08:00-04:00,2021-06-21 10:53:00-04:00,S,14067.75,14109.25,14109.0,41.25,-85.0,-1.0303030303030303,SL,1,s4
2021-06-21 10:56:00-04:00,2021-06-21 10:56:00-04:00,2021-06-21 15:59:00-04:00,L,14112.25,14128.0,14075.25,37.0,29.5,0.39864864864864863,time,1,s2
2021-06-22 10:32:00-04:00,2021-06-22 10:32:00-04:00,2021-06-22 12:52:00-04:00,S,14174.5,14230.5,14230.25,55.75,-114.0,-1.0224215246636772,SL,1,s4
2021-06-22 12:53:00-04:00,2021-06-22 12:53:00-04:00,2021-06-22 15:59:00-04:00,L,14231.5,14257.75,14179.0,52.5,50.5,0.48095238095238096,time,1,s2
2021-06-23 10:02:00-04:00,2021-06-23 10:02:00-04:00,2021-06-23 15:59:00-04:00,S,14299.25,14263.5,14352.75,53.5,69.5,0.6495327102803738,time,1,s4
2021-06-24 09:32:00-04:00,2021-06-24 09:32:00-04:00,2021-06-24 09:33:00-04:00,L,14362.75,14362.75,14286.5,76.25,-2.0,-0.013114754098360656,TP,1,s2
2021-06-25 09:32:00-04:00,2021-06-25 09:32:00-04:00,2021-06-25 10:01:00-04:00,S,14374.0,14328.5,14406.25,32.25,89.0,1.37984496124031,TP,1,s4
2021-06-25 10:02:00-04:00,2021-06-25 10:02:00-04:00,2021-06-25 15:59:00-04:00,L,14334.5,14339.0,14302.25,32.25,7.0,0.10852713178294573,time,1,s1
2021-06-28 09:32:00-04:00,2021-06-28 09:32:00-04:00,2021-06-28 09:33:00-04:00,L,14437.5,14436.5,14360.5,77.0,-4.0,-0.025974025974025976,TP,1,s2
2021-06-29 09:32:00-04:00,2021-06-29 09:32:00-04:00,2021-06-29 12:27:00-04:00,L,14480.75,14546.5,14440.5,40.25,129.5,1.608695652173913,TP,1,s1
2021-06-29 12:29:00-04:00,2021-06-29 12:29:00-04:00,2021-06-29 15:59:00-04:00,S,14546.25,14564.25,14582.0,35.75,-38.0,-0.5314685314685315,time,1,s4
2021-06-30 09:32:00-04:00,2021-06-30 09:32:00-04:00,2021-06-30 15:59:00-04:00,L,14542.75,14543.5,14510.75,32.0,-0.5,-0.0078125,time,1,s1
2021-07-01 09:32:00-04:00,2021-07-01 09:32:00-04:00,2021-07-01 09:34:00-04:00,L,14549.25,14559.75,14511.5,37.75,19.0,0.25165562913907286,TP,1,s1
2021-07-01 09:35:00-04:00,2021-07-01 09:35:00-04:00,2021-07-01 10:17:00-04:00,S,14550.25,14527.75,14576.0,25.75,43.0,0.8349514563106796,TP,1,s4
2021-07-01 11:08:00-04:00,2021-07-01 11:08:00-04:00,2021-07-01 11:12:00-04:00,S,14504.5,14485.5,14527.75,23.25,36.0,0.7741935483870968,TP,1,s3
2021-07-02 09:32:00-04:00,2021-07-02 09:32:00-04:00,2021-07-02 09:36:00-04:00,L,14633.25,14647.5,14575.0,58.25,26.5,0.22746781115879827,TP,1,s2
2021-07-06 09:32:00-04:00,2021-07-06 09:32:00-04:00,2021-07-06 09:33:00-04:00,L,14766.5,14765.75,14696.5,70.0,-3.5,-0.025,TP,1,s2
2021-07-06 12:08:00-04:00,2021-07-06 12:08:00-04:00,2021-07-06 12:09:00-04:00,S,14675.0,14675.5,14688.0,13.0,-3.0,-0.11538461538461539,TP,1,s3
2021-07-06 12:56:00-04:00,2021-07-06 12:56:00-04:00,2021-07-06 12:57:00-04:00,L,14694.25,14696.5,14683.5,10.75,2.5,0.11627906976744186,TP,1,s1
2021-07-07 10:05:00-04:00,2021-07-07 10:05:00-04:00,2021-07-07 10:44:00-04:00,S,14809.0,14731.25,14866.75,57.75,153.5,1.329004329004329,TP,1,s4
2021-07-08 09:32:00-04:00,2021-07-08 09:32:00-04:00,2021-07-08 09:33:00-04:00,S,14592.5,14592.75,14758.75,166.25,-2.5,-0.007518796992481203,TP,1,s3
2021-07-09 11:02:00-04:00,2021-07-09 11:02:00-04:00,2021-07-09 15:59:00-04:00,S,14781.25,14810.5,14842.75,61.5,-60.5,-0.491869918699187,time,1,s4
2021-07-12 09:38:00-04:00,2021-07-12 09:38:00-04:00,2021-07-12 15:59:00-04:00,S,14853.0,14868.75,14900.5,47.5,-33.5,-0.3526315789473684,time,1,s4
2021-07-13 09:41:00-04:00,2021-07-13 09:41:00-04:00,2021-07-13 09:48:00-04:00,L,14862.5,14892.25,14820.75,41.75,57.5,0.688622754491018,TP,1,s1
2021-07-13 09:50:00-04:00,2021-07-13 09:50:00-04:00,2021-07-13 09:57:00-04:00,S,14890.0,14916.5,14916.25,26.25,-55.0,-1.0476190476190477,SL,1,s4
2021-07-13 10:02:00-04:00,2021-07-13 10:02:00-04:00,2021-07-13 10:30:00-04:00,L,14932.75,14955.25,14892.25,40.5,43.0,0.5308641975308642,TP,1,s2
2021-07-14 09:32:00-04:00,2021-07-14 09:32:00-04:00,2021-07-14 11:29:00-04:00,L,14983.25,14909.25,14909.5,73.75,-150.0,-1.0169491525423728,SL,1,s2
2021-07-14 11:38:00-04:00,2021-07-14 11:38:00-04:00,2021-07-14 15:59:00-04:00,S,14908.5,14894.75,14954.0,45.5,25.5,0.2802197802197802,time,1,s4
2021-07-15 09:32:00-04:00,2021-07-15 09:32:00-04:00,2021-07-15 09:35:00-04:00,L,14877.25,14820.5,14820.75,56.5,-115.5,-1.0221238938053097,SL,1,s1
2021-07-15 09:38:00-04:00,2021-07-15 09:38:00-04:00,2021-07-15 09:48:00-04:00,S,14804.25,14858.0,14857.75,53.5,-109.5,-1.0233644859813085,SL,1,s3
2021-07-16 09:44:00-04:00,2021-07-16 09:44:00-04:00,2021-07-16 11:04:00-04:00,S,14830.25,14737.0,14897.0,66.75,184.5,1.3820224719101124,TP,1,s4
2021-07-16 11:11:00-04:00,2021-07-16 11:11:00-04:00,2021-07-16 15:04:00-04:00,L,14737.25,14683.25,14683.5,53.75,-110.0,-1.0232558139534884,SL,1,s1
2021-07-19 09:32:00-04:00,2021-07-19 09:32:00-04:00,2021-07-19 10:01:00-04:00,S,14507.75,14461.0,14615.0,107.25,91.5,0.42657342657342656,TP,1,s3
2021-07-20 09:32:00-04:00,2021-07-20 09:32:00-04:00,2021-07-20 09:40:00-04:00,S,14554.75,14518.0,14625.75,71.0,71.5,0.5035211267605634,TP,1,s4
2021-07-20 09:41:00-04:00,2021-07-20 09:41:00-04:00,2021-07-20 09:59:00-04:00,L,14539.75,14589.5,14481.75,58.0,97.5,0.8405172413793104,TP,1,s1
2021-07-20 10:41:00-04:00,2021-07-20 10:41:00-04:00,2021-07-20 11:41:00-04:00,L,14627.75,14685.25,14589.5,38.25,113.0,1.477124183006536,TP,1,s2
2021-07-22 09:32:00-04:00,2021-07-22 09:32:00-04:00,2021-07-22 10:28:00-04:00,S,14864.25,14905.5,14905.25,41.0,-84.5,-1.0304878048780488,SL,1,s4
2021-07-22 10:38:00-04:00,2021-07-22 10:38:00-04:00,2021-07-22 12:09:00-04:00,L,14914.5,14866.5,14866.75,47.75,-98.0,-1.0261780104712042,SL,1,s2
2021-07-23 09:35:00-04:00,2021-07-23 09:35:00-04:00,2021-07-23 09:48:00-04:00,S,14934.25,14979.25,14979.0,44.75,-92.0,-1.0279329608938548,SL,1,s4
2021-07-23 09:53:00-04:00,2021-07-23 09:53:00-04:00,2021-07-23 11:02:00-04:00,L,14981.0,15020.25,14953.75,27.25,76.5,1.4036697247706422,TP,1,s2
2021-07-26 09:35:00-04:00,2021-07-26 09:35:00-04:00,2021-07-26 15:59:00-04:00,L,15056.5,15116.5,14997.75,58.75,118.0,1.004255319148936,time,1,s1
2021-07-27 09:44:00-04:00,2021-07-27 09:44:00-04:00,2021-07-27 10:05:00-04:00,S,15052.5,15022.5,15091.0,38.5,58.0,0.7532467532467533,TP,1,s3
2021-07-28 10:41:00-04:00,2021-07-28 10:41:00-04:00,2021-07-28 15:59:00-04:00,S,15027.0,15006.25,15133.0,106.0,39.5,0.18632075471698112,time,1,s4
2021-07-29 09:38:00-04:00,2021-07-29 09:38:00-04:00,2021-07-29 15:59:00-04:00,S,15050.25,15035.25,15101.5,51.25,28.0,0.2731707317073171,time,1,s4
2021-07-30 09:32:00-04:00,2021-07-30 09:32:00-04:00,2021-07-30 09:33:00-04:00,S,14882.75,14883.25,15007.25,124.5,-3.0,-0.012048192771084338,TP,1,s3
2021-08-02 09:32:00-04:00,2021-08-02 09:32:00-04:00,2021-08-02 09:36:00-04:00,L,15032.0,14986.0,14986.25,45.75,-94.0,-1.0273224043715847,SL,1,s2
2021-08-02 09:41:00-04:00,2021-08-02 09:41:00-04:00,2021-08-02 10:20:00-04:00,S,14971.75,15018.0,15017.75,46.0,-94.5,-1.0271739130434783,SL,1,s4
2021-08-03 09:32:00-04:00,2021-08-03 09:32:00-04:00,2021-08-03 09:55:00-04:00,S,14964.25,14922.5,15020.5,56.25,81.5,0.7244444444444444,TP,1,s4
2021-08-03 10:02:00-04:00,2021-08-03 10:02:00-04:00,2021-08-03 10:07:00-04:00,L,14929.25,14889.25,14889.5,39.75,-82.0,-1.0314465408805031,SL,1,s1
2021-08-03 10:08:00-04:00,2021-08-03 10:08:00-04:00,2021-08-03 10:23:00-04:00,S,14877.5,14922.75,14922.5,45.0,-92.5,-1.0277777777777777,SL,1,s3
2021-08-03 12:59:00-04:00,2021-08-03 12:59:00-04:00,2021-08-03 15:59:00-04:00,L,15021.0,15043.5,14987.5,33.5,43.0,0.6417910447761194,time,1,s2
2021-08-04 13:23:00-04:00,2021-08-04 13:23:00-04:00,2021-08-04 15:59:00-04:00,S,15098.5,15068.75,15154.5,56.0,57.5,0.5133928571428571,time,1,s4
2021-08-05 09:32:00-04:00,2021-08-05 09:32:00-04:00,2021-08-05 10:00:00-04:00,S,15084.5,15130.0,15129.75,45.25,-93.0,-1.0276243093922652,SL,1,s4
2021-08-05 10:47:00-04:00,2021-08-05 10:47:00-04:00,2021-08-05 15:59:00-04:00,L,15130.25,15166.25,15099.0,31.25,70.0,1.12,time,1,s2
2021-08-06 09:50:00-04:00,2021-08-06 09:50:00-04:00,2021-08-06 11:04:00-04:00,S,15108.0,15066.5,15139.25,31.25,81.0,1.296,TP,1,s3
2021-08-09 09:35:00-04:00,2021-08-09 09:35:00-04:00,2021-08-09 15:59:00-04:00,S,15103.25,15123.0,15152.25,49.0,-41.5,-0.42346938775510207,time,1,s4
2021-08-10 09:32:00-04:00,2021-08-10 09:32:00-04:00,2021-08-10 10:29:00-04:00,S,15132.25,15101.75,15165.25,33.0,59.0,0.8939393939393939,TP,1,s4
2021-08-10 10:32:00-04:00,2021-08-10 10:32:00-04:00,2021-08-10 10:40:00-04:00,S,15057.25,15045.5,15101.75,44.5,21.5,0.24157303370786518,TP,1,s3
2021-08-11 09:32:00-04:00,2021-08-11 09:32:00-04:00,2021-08-11 11:02:00-04:00,S,15087.75,15001.75,15135.75,48.0,170.0,1.7708333333333333,TP,1,s4
2021-08-11 12:02:00-04:00,2021-08-11 12:02:00-04:00,2021-08-11 15:59:00-04:00,L,15004.25,15022.0,14956.75,47.5,33.5,0.3526315789473684,time,1,s1
2021-08-12 09:32:00-04:00,2021-08-12 09:32:00-04:00,2021-08-12 11:42:00-04:00,L,14989.5,15065.0,14936.25,53.25,149.0,1.3990610328638498,TP,1,s1
2021-08-12 11:44:00-04:00,2021-08-12 11:44:00-04:00,2021-08-12 15:59:00-04:00,S,15059.75,15076.5,15108.25,48.5,-35.5,-0.36597938144329895,time,1,s4
2021-08-13 10:29:00-04:00,2021-08-13 10:29:00-04:00,2021-08-13 15:59:00-04:00,S,15114.5,15126.5,15158.5,44.0,-26.0,-0.29545454545454547,time,1,s4
2021-08-16 09:47:00-04:00,2021-08-16 09:47:00-04:00,2021-08-16 09:51:00-04:00,S,15079.75,15052.5,15106.25,26.5,52.5,0.9905660377358491,TP,1,s3
2021-08-17 09:32:00-04:00,2021-08-17 09:32:00-04:00,2021-08-17 12:47:00-04:00,S,14984.75,14911.75,15074.0,89.25,144.0,0.8067226890756303,TP,1,s3
2021-08-18 14:20:00-04:00,2021-08-18 14:20:00-04:00,2021-08-18 15:46:00-04:00,L,14956.0,14911.0,14911.25,44.75,-92.0,-1.0279329608938548,SL,1,s1
2021-08-19 09:32:00-04:00,2021-08-19 09:32:00-04:00,2021-08-19 11:04:00-04:00,L,14810.5,14909.5,14748.75,61.75,196.0,1.5870445344129556,TP,1,s1
2021-08-19 11:05:00-04:00,2021-08-19 11:05:00-04:00,2021-08-19 11:45:00-04:00,S,14896.5,14963.5,14963.25,66.75,-136.0,-1.0187265917602997,SL,1,s4
2021-08-19 11:47:00-04:00,2021-08-19 11:47:00-04:00,2021-08-19 14:07:00-04:00,L,14980.25,14909.25,14909.5,70.75,-144.0,-1.017667844522968,SL,1,s2
2021-08-20 09:32:00-04:00,2021-08-20 09:32:00-04:00,2021-08-20 10:04:00-04:00,S,14984.5,15058.75,15058.5,74.0,-150.5,-1.0168918918918919,SL,1,s4
2021-08-20 10:08:00-04:00,2021-08-20 10:08:00-04:00,2021-08-20 15:59:00-04:00,L,15065.5,15083.0,14993.5,72.0,33.0,0.22916666666666666,time,1,s2
2021-08-23 09:38:00-04:00,2021-08-23 09:38:00-04:00,2021-08-23 10:02:00-04:00,L,15178.0,15225.0,15121.75,56.25,92.0,0.8177777777777778,TP,1,s2
2021-08-24 10:11:00-04:00,2021-08-24 10:11:00-04:00,2021-08-24 15:59:00-04:00,S,15362.25,15356.5,15424.0,61.75,9.5,0.07692307692307693,time,1,s4
2021-08-25 09:32:00-04:00,2021-08-25 09:32:00-04:00,2021-08-25 09:37:00-04:00,S,15374.25,15393.75,15393.5,19.25,-41.0,-1.0649350649350648,SL,1,s4
2021-08-25 09:38:00-04:00,2021-08-25 09:38:00-04:00,2021-08-25 09:50:00-04:00,L,15395.0,15374.5,15374.75,20.25,-43.0,-1.0617283950617284,SL,1,s2
2021-08-25 10:41:00-04:00,2021-08-25 10:41:00-04:00,2021-08-25 15:36:00-04:00,L,15347.5,15374.75,15319.0,28.5,52.5,0.9210526315789473,TP,1,s1
2021-08-26 09:32:00-04:00,2021-08-26 09:32:00-04:00,2021-08-26 10:24:00-04:00,L,15353.75,15327.0,15327.25,26.5,-55.5,-1.0471698113207548,SL,1,s1
2021-08-26 10:26:00-04:00,2021-08-26 10:26:00-04:00,2021-08-26 10:27:00-04:00,S,15281.25,15281.5,15345.0,63.75,-2.5,-0.0196078431372549,TP,1,s3
2021-08-27 09:41:00-04:00,2021-08-27 09:41:00-04:00,2021-08-27 10:00:00-04:00,S,15292.75,15334.25,15334.0,41.25,-85.0,-1.0303030303030303,SL,1,s4
2021-08-27 10:02:00-04:00,2021-08-27 10:02:00-04:00,2021-08-27 10:11:00-04:00,L,15364.25,15383.0,15303.75,60.5,35.5,0.29338842975206614,TP,1,s2
2021-08-30 09:53:00-04:00,2021-08-30 09:53:00-04:00,2021-08-30 11:47:00-04:00,L,15521.5,15592.5,15470.25,51.25,140.0,1.3658536585365855,TP,1,s2
2021-08-31 09:32:00-04:00,2021-08-31 09:32:00-04:00,2021-08-31 15:59:00-04:00,L,15572.5,15584.0,15509.75,62.75,21.0,0.16733067729083664,time,1,s1
2021-09-01 09:32:00-04:00,2021-09-01 09:32:00-04:00,2021-09-01 09:45:00-04:00,L,15652.0,15679.5,15610.25,41.75,53.0,0.6347305389221557,TP,1,s2
2021-09-02 09:32:00-04:00,2021-09-02 09:32:00-04:00,2021-09-02 10:03:00-04:00,L,15675.0,15637.25,15637.5,37.5,-77.5,-1.0333333333333334,SL,1,s2
2021-09-02 10:11:00-04:00,2021-09-02 10:11:00-04:00,2021-09-02 13:46:00-04:00,S,15633.75,15585.5,15664.0,30.25,94.5,1.56198347107438,TP,1,s4
2021-09-02 13:47:00-04:00,2021-09-02 13:47:00-04:00,2021-09-02 14:07:00-04:00,L,15586.25,15558.75,15559.0,27.25,-57.0,-1.0458715596330275,SL,1,s1
2021-09-02 14:08:00-04:00,2021-09-02 14:08:00-04:00,2021-09-02 14:45:00-04:00,S,15557.5,15585.75,15585.5,28.0,-58.5,-1.0446428571428572,SL,1,s3
2021-09-03 09:32:00-04:00,2021-09-03 09:32:00-04:00,2021-09-03 09:59:00-04:00,L,15598.0,15641.25,15533.0,65.0,84.5,0.65,TP,1,s1
2021-09-07 09:32:00-04:00,2021-09-07 09:32:00-04:00,2021-09-07 09:33:00-04:00,S,15645.5,15646.25,15696.25,50.75,-3.5,-0.034482758620689655,TP,1,s3
2021-09-07 12:47:00-04:00,2021-09-07 12:47:00-04:00,2021-09-07 13:00:00-04:00,L,15697.0,15690.0,15690.25,6.75,-16.0,-1.1851851851851851,SL,1,s1
2021-09-08 09:32:00-04:00,2021-09-08 09:32:00-04:00,2021-09-08 09:35:00-04:00,L,15661.5,15621.5,15621.75,39.75,-82.0,-1.0314465408805031,SL,1,s1
2021-09-08 09:41:00-04:00,2021-09-08 09:41:00-04:00,2021-09-08 10:10:00-04:00,S,15618.75,15648.25,15648.0,29.25,-61.0,-1.0427350427350428,SL,1,s3
2021-09-09 09:41:00-04:00,2021-09-09 09:41:00-04:00,2021-09-09 13:21:00-04:00,S,15661.75,15583.5,15701.75,40.0,154.5,1.93125,TP,1,s4
2021-09-09 13:29:00-04:00,2021-09-09 13:29:00-04:00,2021-09-09 15:59:00-04:00,L,15584.75,15564.0,15543.75,41.0,-43.5,-0.5304878048780488,time,1,s1
2021-09-10 09:32:00-04:00,2021-09-10 09:32:00-04:00,2021-09-10 10:30:00-04:00,L,15661.5,15597.25,15597.5,64.0,-130.5,-1.01953125,SL,1,s2
2021-09-10 10:32:00-04:00,2021-09-10 10:32:00-04:00,2021-09-10 11:53:00-04:00,S,15572.25,15531.0,15631.0,58.75,80.5,0.6851063829787234,TP,1,s4
2021-09-14 09:41:00-04:00,2021-09-14 09:41:00-04:00,2021-09-14 14:20:00-04:00,S,15480.75,15372.25,15549.0,68.25,215.0,1.575091575091575,TP,1,s4
2021-09-15 09:32:00-04:00,2021-09-15 09:32:00-04:00,2021-09-15 09:43:00-04:00,S,15383.5,15333.5,15481.5,98.0,98.0,0.5,TP,1,s4
2021-09-15 09:44:00-04:00,2021-09-15 09:44:00-04:00,2021-09-15 12:55:00-04:00,L,15342.5,15432.0,15284.0,58.5,177.0,1.5128205128205128,TP,1,s1
2021-09-16 09:32:00-04:00,2021-09-16 09:32:00-04:00,2021-09-16 10:03:00-04:00,L,15441.0,15383.25,15383.5,57.5,-117.5,-1.0217391304347827,SL,1,s1
2021-09-16 10:14:00-04:00,2021-09-16 10:14:00-04:00,2021-09-16 13:51:00-04:00,S,15380.0,15440.75,15440.5,60.5,-123.5,-1.0206611570247934,SL,1,s3
2021-09-17 09:50:00-04:00,2021-09-17 09:50:00-04:00,2021-09-17 11:04:00-04:00,S,15405.0,15334.75,15462.5,57.5,138.5,1.2043478260869565,TP,1,s3
2021-09-20 09:32:00-04:00,2021-09-20 09:32:00-04:00,2021-09-20 09:34:00-04:00,S,15140.0,15112.75,15264.75,124.75,52.5,0.21042084168336672,TP,1,s3
2021-09-21 09:56:00-04:00,2021-09-21 09:56:00-04:00,2021-09-21 15:59:00-04:00,S,15097.25,15018.75,15194.0,96.75,155.0,0.8010335917312662,time,1,s4
2021-09-22 09:32:00-04:00,2021-09-22 09:32:00-04:00,2021-09-22 10:02:00-04:00,S,15028.5,15105.25,15105.0,76.5,-155.5,-1.0163398692810457,SL,1,s4
2021-09-22 10:17:00-04:00,2021-09-22 10:17:00-04:00,2021-09-22 11:45:00-04:00,L,15109.5,15176.0,15061.5,48.0,131.0,1.3645833333333333,TP,1,s2
2021-09-23 09:35:00-04:00,2021-09-23 09:35:00-04:00,2021-09-23 09:49:00-04:00,S,15193.25,15278.75,15278.5,85.25,-173.0,-1.0146627565982405,SL,1,s4
2021-09-23 09:53:00-04:00,2021-09-23 09:53:00-04:00,2021-09-23 15:59:00-04:00,L,15281.0,15299.25,15220.0,61.0,34.5,0.2827868852459016,time,1,s2
2021-09-24 09:32:00-04:00,2021-09-24 09:32:00-04:00,2021-09-24 10:00:00-04:00,S,15202.5,15254.5,15254.25,51.75,-106.0,-1.0241545893719808,SL,1,s3
2021-09-24 10:02:00-04:00,2021-09-24 10:02:00-04:00,2021-09-24 10:46:00-04:00,L,15255.25,15208.5,15208.75,46.5,-95.5,-1.0268817204301075,SL,1,s1
2021-09-27 09:32:00-04:00,2021-09-27 09:32:00-04:00,2021-09-27 09:33:00-04:00,S,15174.0,15170.0,15275.75,101.75,6.0,0.029484029484029485,TP,1,s3
2021-09-28 09:32:00-04:00,2021-09-28 09:32:00-04:00,2021-09-28 09:33:00-04:00,S,15016.5,15017.25,15154.0,137.5,-3.5,-0.012727272727272728,TP,1,s3
2021-09-29 09:35:00-04:00,2021-09-29 09:35:00-04:00,2021-09-29 15:59:00-04:00,S,14836.25,14742.75,14924.5,88.25,185.0,1.048158640226629,time,1,s4
2021-09-30 09:35:00-04:00,2021-09-30 09:35:00-04:00,2021-09-30 10:31:00-04:00,L,14866.75,14796.0,14796.25,70.5,-143.5,-1.0177304964539007,SL,1,s2
2021-09-30 10:32:00-04:00,2021-09-30 10:32:00-04:00,2021-09-30 12:13:00-04:00,S,14789.0,14688.75,14850.25,61.25,198.5,1.620408163265306,TP,1,s4
2021-09-30 12:14:00-04:00,2021-09-30 12:14:00-04:00,2021-09-30 14:06:00-04:00,L,14706.0,14796.25,14634.75,71.25,178.5,1.2526315789473683,TP,1,s1
2021-10-01 09:32:00-04:00,2021-10-01 09:32:00-04:00,2021-10-01 09:52:00-04:00,S,14688.5,14619.0,14791.25,102.75,137.0,0.6666666666666666,TP,1,s4
2021-10-01 09:53:00-04:00,2021-10-01 09:53:00-04:00,2021-10-01 10:18:00-04:00,L,14640.75,14561.0,14561.25,79.5,-161.5,-1.0157232704402517,SL,1,s1
2021-10-01 10:23:00-04:00,2021-10-01 10:23:00-04:00,2021-10-01 10:58:00-04:00,S,14546.75,14619.25,14619.0,72.25,-147.0,-1.0173010380622838,SL,1,s3
2021-10-04 09:44:00-04:00,2021-10-04 09:44:00-04:00,2021-10-04 10:32:00-04:00,S,14596.25,14485.25,14693.5,97.25,220.0,1.1311053984575836,TP,1,s3
2021-10-05 09:38:00-04:00,2021-10-05 09:38:00-04:00,2021-10-05 10:46:00-04:00,S,14513.75,14661.25,14661.0,147.25,-297.0,-1.0084889643463497,SL,1,s4
2021-10-05 10:50:00-04:00,2021-10-05 10:50:00-04:00,2021-10-05 15:59:00-04:00,L,14666.75,14657.75,14564.0,102.75,-20.0,-0.09732360097323602,time,1,s2
2021-10-06 09:38:00-04:00,2021-10-06 09:38:00-04:00,2021-10-06 10:01:00-04:00,L,14595.0,14515.75,14516.0,79.0,-160.5,-1.0158227848101267,SL,1,s1
2021-10-06 10:02:00-04:00,2021-10-06 10:02:00-04:00,2021-10-06 10:20:00-04:00,S,14498.5,14587.5,14587.25,88.75,-180.0,-1.0140845070422535,SL,1,s3
2021-10-06 14:11:00-04:00,2021-10-06 14:11:00-04:00,2021-10-06 15:59:00-04:00,S,14727.5,14753.75,14800.0,72.5,-54.5,-0.3758620689655172,time,1,s4
2021-10-07 09:32:00-04:00,2021-10-07 09:32:00-04:00,2021-10-07 15:59:00-04:00,L,14912.5,14886.0,14830.75,81.75,-55.0,-0.3363914373088685,time,1,s2
2021-10-08 09:35:00-04:00,2021-10-08 09:35:00-04:00,2021-10-08 09:59:00-04:00,S,14870.5,14847.25,14964.5,94.0,44.5,0.23670212765957446,TP,1,s4
2021-10-08 13:17:00-04:00,2021-10-08 13:17:00-04:00,2021-10-08 14:18:00-04:00,S,14799.5,14847.5,14847.25,47.75,-98.0,-1.0261780104712042,SL,1,s3
2021-10-11 09:35:00-04:00,2021-10-11 09:35:00-04:00,2021-10-11 09:51:00-04:00,L,14785.75,14853.25,14727.75,58.0,133.0,1.146551724137931,TP,1,s1
2021-10-11 10:47:00-04:00,2021-10-11 10:47:00-04:00,2021-10-11 13:26:00-04:00,S,14851.25,14769.75,14895.25,44.0,161.0,1.8295454545454546,TP,1,s4
2021-10-12 09:32:00-04:00,2021-10-12 09:32:00-04:00,2021-10-12 10:52:00-04:00,S,14714.75,14645.0,14810.25,95.5,137.5,0.7198952879581152,TP,1,s4
2021-10-12 10:53:00-04:00,2021-10-12 10:53:00-04:00,2021-10-12 15:59:00-04:00,L,14645.25,14650.0,14589.75,55.5,7.5,0.06756756756756757,time,1,s1
2021-10-13 09:35:00-04:00,2021-10-13 09:35:00-04:00,2021-10-13 09:56:00-04:00,L,14772.25,14693.25,14693.5,78.75,-160.0,-1.0158730158730158,SL,1,s2
2021-10-13 10:11:00-04:00,2021-10-13 10:11:00-04:00,2021-10-13 11:50:00-04:00,S,14691.25,14737.5,14737.25,46.0,-94.5,-1.0271739130434783,SL,1,s4
2021-10-14 09:32:00-04:00,2021-10-14 09:32:00-04:00,2021-10-14 09:33:00-04:00,L,14911.0,14910.5,14803.5,107.5,-3.0,-0.013953488372093023,TP,1,s2
2021-10-15 09:32:00-04:00,2021-10-15 09:32:00-04:00,2021-10-15 15:54:00-04:00,S,15064.5,15124.0,15123.75,59.25,-121.0,-1.021097046413502,SL,1,s4
2021-10-18 09:35:00-04:00,2021-10-18 09:35:00-04:00,2021-10-18 09:41:00-04:00,S,15054.5,15110.0,15109.75,55.25,-113.0,-1.0226244343891402,SL,1,s3
2021-10-18 11:08:00-04:00,2021-10-18 11:08:00-04:00,2021-10-18 13:14:00-04:00,L,15191.25,15230.0,15161.25,30.0,75.5,1.2583333333333333,TP,1,s2
2021-10-19 09:41:00-04:00,2021-10-19 09:41:00-04:00,2021-10-19 15:59:00-04:00,S,15350.25,15400.5,15420.25,70.0,-102.5,-0.7321428571428571,time,1,s4
2021-10-20 09:32:00-04:00,2021-10-20 09:32:00-04:00,2021-10-20 13:05:00-04:00,S,15412.5,15372.5,15456.25,43.75,78.0,0.8914285714285715,TP,1,s4
2021-10-20 13:17:00-04:00,2021-10-20 13:17:00-04:00,2021-10-20 14:15:00-04:00,S,15342.5,15372.75,15372.5,30.0,-62.5,-1.0416666666666667,SL,1,s3
2021-10-21 09:35:00-04:00,2021-10-21 09:35:00-04:00,2021-10-21 10:26:00-04:00,L,15355.5,15417.75,15312.5,43.0,122.5,1.4244186046511629,TP,1,s1
2021-10-21 11:20:00-04:00,2021-10-21 11:20:00-04:00,2021-10-21 15:01:00-04:00,S,15414.75,15453.25,15453.0,38.25,-79.0,-1.0326797385620916,SL,1,s4
2021-10-22 09:35:00-04:00,2021-10-22 09:35:00-04:00,2021-10-22 09:49:00-04:00,L,15444.5,15392.75,15393.0,51.5,-105.5,-1.0242718446601942,SL,1,s1
2021-10-22 11:11:00-04:00,2021-10-22 11:11:00-04:00,2021-10-22 11:24:00-04:00,S,15391.75,15324.5,15434.25,42.5,132.5,1.5588235294117647,TP,1,s3
2021-10-25 09:38:00-04:00,2021-10-25 09:38:00-04:00,2021-10-25 12:02:00-04:00,S,15372.0,15446.75,15446.5,74.5,-151.5,-1.016778523489933,SL,1,s4
2021-10-26 09:38:00-04:00,2021-10-26 09:38:00-04:00,2021-10-26 12:05:00-04:00,L,15642.25,15561.5,15561.75,80.5,-163.5,-1.015527950310559,SL,1,s2
2021-10-27 09:32:00-04:00,2021-10-27 09:32:00-04:00,2021-10-27 10:55:00-04:00,S,15588.25,15654.5,15654.25,66.0,-134.5,-1.018939393939394,SL,1,s4
2021-10-27 11:14:00-04:00,2021-10-27 11:14:00-04:00,2021-10-27 15:54:00-04:00,L,15654.5,15599.25,15599.5,55.0,-112.5,-1.0227272727272727,SL,1,s2
2021-10-28 09:47:00-04:00,2021-10-28 09:47:00-04:00,2021-10-28 10:47:00-04:00,L,15678.0,15744.25,15628.5,49.5,130.5,1.3181818181818181,TP,1,s2
2021-10-29 09:32:00-04:00,2021-10-29 09:32:00-04:00,2021-10-29 11:18:00-04:00,S,15648.25,15724.5,15724.25,76.0,-154.5,-1.0164473684210527,SL,1,s3
2021-10-29 11:20:00-04:00,2021-10-29 11:20:00-04:00,2021-10-29 13:15:00-04:00,L,15730.25,15798.75,15686.5,43.75,135.0,1.542857142857143,TP,1,s1
2021-10-29 13:23:00-04:00,2021-10-29 13:23:00-04:00,2021-10-29 15:54:00-04:00,S,15796.5,15836.75,15836.5,40.0,-82.5,-1.03125,SL,1,s4
2021-11-01 10:05:00-04:00,2021-11-01 10:05:00-04:00,2021-11-01 15:59:00-04:00,L,15783.5,15893.5,15712.5,71.0,218.0,1.5352112676056338,time,1,s1
2021-11-02 10:11:00-04:00,2021-11-02 10:11:00-04:00,2021-11-02 11:01:00-04:00,S,15921.5,15965.5,15965.25,43.75,-90.0,-1.0285714285714285,SL,1,s4
2021-11-02 11:44:00-04:00,2021-11-02 11:44:00-04:00,2021-11-02 12:02:00-04:00,L,15972.0,15929.25,15929.5,42.5,-87.5,-1.0294117647058822,SL,1,s2
2021-11-03 09:32:00-04:00,2021-11-03 09:32:00-04:00,2021-11-03 14:01:00-04:00,S,15965.0,16026.25,16026.0,61.0,-124.5,-1.0204918032786885,SL,1,s4
2021-11-03 14:05:00-04:00,2021-11-03 14:05:00-04:00,2021-11-03 14:08:00-04:00,L,16030.25,15993.5,15993.75,36.5,-75.5,-1.0342465753424657,SL,1,s2
2021-11-04 09:56:00-04:00,2021-11-04 09:56:00-04:00,2021-11-04 13:47:00-04:00,L,16249.5,16343.25,16187.75,61.75,185.5,1.5020242914979758,TP,1,s2
2021-11-05 09:50:00-04:00,2021-11-05 09:50:00-04:00,2021-11-05 15:59:00-04:00,S,16378.25,16351.5,16456.75,78.5,51.5,0.32802547770700635,time,1,s4
2021-11-08 09:38:00-05:00,2021-11-08 09:38:00-05:00,2021-11-08 10:40:00-05:00,S,16370.5,16308.5,16437.25,66.75,122.0,0.9138576779026217,TP,1,s4
2021-11-08 10:44:00-05:00,2021-11-08 10:44:00-05:00,2021-11-08 15:59:00-05:00,L,16316.25,16329.0,16265.25,51.0,23.5,0.23039215686274508,time,1,s1
2021-11-09 09:47:00-05:00,2021-11-09 09:47:00-05:00,2021-11-09 09:53:00-05:00,S,16349.0,16304.25,16379.75,30.75,87.5,1.4227642276422765,TP,1,s4
2021-11-09 09:56:00-05:00,2021-11-09 09:56:00-05:00,2021-11-09 09:58:00-05:00,S,16270.0,16237.5,16304.25,34.25,63.0,0.9197080291970803,TP,1,s3
2021-11-10 09:32:00-05:00,2021-11-10 09:32:00-05:00,2021-11-10 09:54:00-05:00,S,16047.5,16154.0,16153.75,106.25,-215.0,-1.011764705882353,SL,1,s3
2021-11-10 09:56:00-05:00,2021-11-10 09:56:00-05:00,2021-11-10 13:04:00-05:00,L,16160.75,16089.5,16089.75,71.0,-144.5,-1.017605633802817,SL,1,s1
2021-11-11 09:38:00-05:00,2021-11-11 09:38:00-05:00,2021-11-11 15:59:00-05:00,S,16064.25,16023.0,16155.25,91.0,80.5,0.4423076923076923,time,1,s4
2021-11-12 09:35:00-05:00,2021-11-12 09:35:00-05:00,2021-11-12 10:46:00-05:00,S,16046.0,16080.5,16080.25,34.25,-71.0,-1.0364963503649636,SL,1,s4
2021-11-12 10:47:00-05:00,2021-11-12 10:47:00-05:00,2021-11-12 11:01:00-05:00,L,16088.5,16127.0,16051.25,37.25,75.0,1.0067114093959733,TP,1,s2
2021-11-15 09:41:00-05:00,2021-11-15 09:41:00-05:00,2021-11-15 11:42:00-05:00,S,16230.75,16131.75,16306.25,75.5,196.0,1.2980132450331126,TP,1,s4
2021-11-15 12:02:00-05:00,2021-11-15 12:02:00-05:00,2021-11-15 15:59:00-05:00,L,16137.0,16188.25,16073.25,63.75,100.5,0.788235294117647,time,1,s1
2021-11-16 09:47:00-05:00,2021-11-16 09:47:00-05:00,2021-11-16 11:14:00-05:00,S,16227.0,16283.0,16282.75,55.75,-114.0,-1.0224215246636772,SL,1,s4
2021-11-16 11:17:00-05:00,2021-11-16 11:17:00-05:00,2021-11-16 15:59:00-05:00,L,16292.5,16304.5,16235.5,57.0,22.0,0.19298245614035087,time,1,s2
2021-11-17 10:41:00-05:00,2021-11-17 10:41:00-05:00,2021-11-17 15:59:00-05:00,S,16352.25,16313.5,16401.0,48.75,75.5,0.7743589743589744,time,1,s4
2021-11-18 09:41:00-05:00,2021-11-18 09:41:00-05:00,2021-11-18 10:10:00-05:00,L,16385.25,16348.25,16348.5,36.75,-76.0,-1.034013605442177,SL,1,s2
2021-11-18 10:11:00-05:00,2021-11-18 10:11:00-05:00,2021-11-18 11:13:00-05:00,S,16344.25,16384.5,16384.25,40.0,-82.5,-1.03125,SL,1,s4
2021-11-19 09:32:00-05:00,2021-11-19 09:32:00-05:00,2021-11-19 09:56:00-05:00,S,16532.25,16591.5,16591.25,59.0,-120.5,-1.021186440677966,SL,1,s4
2021-11-19 09:59:00-05:00,2021-11-19 09:59:00-05:00,2021-11-19 13:40:00-05:00,L,16613.0,16535.75,16536.0,77.0,-156.5,-1.0162337662337662,SL,1,s2
2021-11-22 09:32:00-05:00,2021-11-22 09:32:00-05:00,2021-11-22 09:35:00-05:00,L,16670.25,16684.5,16602.75,67.5,26.5,0.1962962962962963,TP,1,s2
2021-11-22 11:44:00-05:00,2021-11-22 11:44:00-05:00,2021-11-22 11:52:00-05:00,S,16579.5,16541.25,16633.75,54.25,74.5,0.6866359447004609,TP,1,s4
2021-11-22 11:56:00-05:00,2021-11-22 11:56:00-05:00,2021-11-22 11:58:00-05:00,S,16482.25,16459.5,16541.25,59.0,43.5,0.3686440677966102,TP,1,s3
2021-11-22 12:41:00-05:00,2021-11-22 12:41:00-05:00,2021-11-22 13:00:00-05:00,L,16550.75,16510.0,16510.25,40.5,-83.5,-1.0308641975308641,SL,1,s1
2021-11-23 10:14:00-05:00,2021-11-23 10:14:00-05:00,2021-11-23 10:59:00-05:00,L,16285.25,16168.25,16168.5,116.75,-236.0,-1.0107066381156318,SL,1,s1
2021-11-24 09:44:00-05:00,2021-11-24 09:44:00-05:00,2021-11-24 10:02:00-05:00,S,16129.5,16223.25,16223.0,93.5,-189.5,-1.0133689839572193,SL,1,s3
2021-11-26 09:32:00-05:00,2021-11-26 09:32:00-05:00,2021-11-26 09:33:00-05:00,S,16264.5,16265.0,16394.75,130.25,-3.0,-0.011516314779270634,TP,1,s3
2021-11-29 09:32:00-05:00,2021-11-29 09:32:00-05:00,2021-11-29 12:03:00-05:00,L,16225.75,16365.25,16132.5,93.25,277.0,1.4852546916890081,TP,1,s2
2021-11-30 09:32:00-05:00,2021-11-30 09:32:00-05:00,2021-11-30 10:10:00-05:00,L,16366.0,16453.75,16264.25,101.75,173.5,0.8525798525798526,TP,1,s1
2021-11-30 10:11:00-05:00,2021-11-30 10:11:00-05:00,2021-11-30 10:38:00-05:00,S,16426.25,16327.75,16517.25,91.0,195.0,1.0714285714285714,TP,1,s4
2021-11-30 10:50:00-05:00,2021-11-30 10:50:00-05:00,2021-11-30 10:59:00-05:00,S,16255.5,16158.5,16327.75,72.25,192.0,1.328719723183391,TP,1,s3
2021-12-01 10:08:00-05:00,2021-12-01 10:08:00-05:00,2021-12-01 12:58:00-05:00,L,16370.0,16256.5,16256.75,113.25,-229.0,-1.011037527593819,SL,1,s2
2021-12-01 12:59:00-05:00,2021-12-01 12:59:00-05:00,2021-12-01 15:11:00-05:00,S,16242.75,16043.25,16363.75,121.0,397.0,1.640495867768595,TP,1,s4
2021-12-02 12:35:00-05:00,2021-12-02 12:35:00-05:00,2021-12-02 15:59:00-05:00,S,16002.25,15991.75,16189.0,186.75,19.0,0.050870147255689425,time,1,s4
2021-12-03 09:35:00-05:00,2021-12-03 09:35:00-05:00,2021-12-03 09:51:00-05:00,S,15993.25,15908.25,16158.5,165.25,168.0,0.5083207261724659,TP,1,s4
2021-12-03 10:02:00-05:00,2021-12-03 10:02:00-05:00,2021-12-03 10:44:00-05:00,S,15793.0,15684.0,15908.25,115.25,216.0,0.9370932754880694,TP,1,s3
2021-12-06 09:38:00-05:00,2021-12-06 09:38:00-05:00,2021-12-06 13:27:00-05:00,L,15576.5,15868.75,15412.5,164.0,582.5,1.7759146341463414,TP,1,s1
2021-12-06 13:35:00-05:00,2021-12-06 13:35:00-05:00,2021-12-06 15:59:00-05:00,S,15865.25,15843.25,16021.0,155.75,42.0,0.1348314606741573,time,1,s4
2021-12-07 09:32:00-05:00,2021-12-07 09:32:00-05:00,2021-12-07 09:45:00-05:00,L,16148.75,16186.75,15935.75,213.0,74.0,0.17370892018779344,TP,1,s2
2021-12-08 09:32:00-05:00,2021-12-08 09:32:00-05:00,2021-12-08 15:50:00-05:00,L,16273.0,16382.75,16197.0,76.0,217.5,1.430921052631579,TP,1,s1
2021-12-09 09:32:00-05:00,2021-12-09 09:32:00-05:00,2021-12-09 10:24:00-05:00,L,16367.0,16307.5,16307.75,59.25,-121.0,-1.021097046413502,SL,1,s1
2021-12-09 10:26:00-05:00,2021-12-09 10:26:00-05:00,2021-12-09 13:46:00-05:00,S,16304.5,16241.25,16348.25,43.75,124.5,1.4228571428571428,TP,1,s3
2021-12-10 09:38:00-05:00,2021-12-10 09:38:00-05:00,2021-12-10 09:45:00-05:00,L,16304.25,16223.5,16223.75,80.5,-163.5,-1.015527950310559,SL,1,s2
2021-12-10 09:47:00-05:00,2021-12-10 09:47:00-05:00,2021-12-10 10:18:00-05:00,S,16213.75,16299.75,16299.5,85.75,-174.0,-1.0145772594752187,SL,1,s4
2021-12-14 09:32:00-05:00,2021-12-14 09:32:00-05:00,2021-12-14 10:51:00-05:00,S,15919.25,15819.5,16013.5,94.25,197.5,1.0477453580901857,TP,1,s3
2021-12-15 09:47:00-05:00,2021-12-15 09:47:00-05:00,2021-12-15 11:33:00-05:00,L,15858.75,15781.0,15781.25,77.5,-157.5,-1.0161290322580645,SL,1,s1
2021-12-15 11:38:00-05:00,2021-12-15 11:38:00-05:00,2021-12-15 14:03:00-05:00,S,15778.75,15854.5,15854.25,75.5,-153.5,-1.0165562913907285,SL,1,s3
2021-12-15 14:20:00-05:00,2021-12-15 14:20:00-05:00,2021-12-15 15:05:00-05:00,S,15973.0,16072.5,16072.25,99.25,-201.0,-1.012594458438287,SL,1,s4
2021-12-16 10:05:00-05:00,2021-12-16 10:05:00-05:00,2021-12-16 11:58:00-05:00,L,16143.25,15975.0,15975.25,168.0,-338.5,-1.0074404761904763,SL,1,s1
2021-12-16 12:05:00-05:00,2021-12-16 12:05:00-05:00,2021-12-16 15:59:00-05:00,S,15968.75,15863.25,16128.75,160.0,209.0,0.653125,time,1,s3
2021-12-17 09:32:00-05:00,2021-12-17 09:32:00-05:00,2021-12-17 15:59:00-05:00,L,15736.25,15779.75,15560.75,175.5,85.0,0.24216524216524216,time,1,s1
2021-12-20 09:32:00-05:00,2021-12-20 09:32:00-05:00,2021-12-20 15:59:00-05:00,S,15592.25,15625.5,15696.0,103.75,-68.5,-0.3301204819277108,time,1,s3
2021-12-21 09:32:00-05:00,2021-12-21 09:32:00-05:00,2021-12-21 09:33:00-05:00,L,15779.75,15793.25,15671.0,108.75,25.0,0.11494252873563218,TP,1,s2
2021-12-21 09:59:00-05:00,2021-12-21 09:59:00-05:00,2021-12-21 11:07:00-05:00,S,15664.5,15717.25,15717.0,52.5,-107.5,-1.0238095238095237,SL,1,s4
2021-12-22 11:05:00-05:00,2021-12-22 11:05:00-05:00,2021-12-22 15:59:00-05:00,S,16077.0,16168.25,16183.5,106.5,-184.5,-0.8661971830985915,time,1,s4
2021-12-23 09:41:00-05:00,2021-12-23 09:41:00-05:00,2021-12-23 11:02:00-05:00,S,16198.75,16302.5,16302.25,103.5,-209.5,-1.0120772946859904,SL,1,s4
2021-12-27 09:32:00-05:00,2021-12-27 09:32:00-05:00,2021-12-27 10:08:00-05:00,L,16401.25,16474.75,16343.5,57.75,145.0,1.2554112554112553,TP,1,s2
2021-12-28 10:20:00-05:00,2021-12-28 10:20:00-05:00,2021-12-28 15:59:00-05:00,L,16524.0,16494.25,16439.75,84.25,-61.5,-0.3649851632047478,time,1,s1
2021-12-29 09:32:00-05:00,2021-12-29 09:32:00-05:00,2021-12-29 10:12:00-05:00,S,16525.75,16451.0,16581.75,56.0,147.5,1.3169642857142858,TP,1,s4
2021-12-29 10:17:00-05:00,2021-12-29 10:17:00-05:00,2021-12-29 10:42:00-05:00,S,16404.0,16451.25,16451.0,47.0,-96.5,-1.0265957446808511,SL,1,s3
2021-12-29 10:44:00-05:00,2021-12-29 10:44:00-05:00,2021-12-29 15:59:00-05:00,L,16456.25,16489.0,16407.25,49.0,63.5,0.6479591836734694,time,1,s1
2021-12-30 10:11:00-05:00,2021-12-30 10:11:00-05:00,2021-12-30 15:49:00-05:00,S,16531.75,16445.0,16578.25,46.5,171.5,1.8440860215053763,TP,1,s4
2021-12-31 09:50:00-05:00,2021-12-31 09:50:00-05:00,2021-12-31 15:50:00-05:00,L,16399.0,16342.25,16342.5,56.5,-115.5,-1.0221238938053097,SL,1,s1
2022-01-03 09:32:00-05:00,2022-01-03 09:32:00-05:00,2022-01-03 09:37:00-05:00,L,16429.5,16475.5,16366.0,63.5,90.0,0.7086614173228346,TP,1,s2
2022-01-03 09:50:00-05:00,2022-01-03 09:50:00-05:00,2022-01-03 10:25:00-05:00,S,16319.25,16408.0,16407.75,88.5,-179.5,-1.0141242937853108,SL,1,s4
2022-01-04 10:17:00-05:00,2022-01-04 10:17:00-05:00,2022-01-04 10:44:00-05:00,S,16368.75,16280.5,16432.75,64.0,174.5,1.36328125,TP,1,s3
2022-01-05 09:41:00-05:00,2022-01-05 09:41:00-05:00,2022-01-05 12:38:00-05:00,L,16185.25,16067.75,16068.0,117.25,-237.0,-1.0106609808102345,SL,1,s1
2022-01-05 12:44:00-05:00,2022-01-05 12:44:00-05:00,2022-01-05 14:43:00-05:00,S,16063.5,15897.5,16170.75,107.25,330.0,1.5384615384615385,TP,1,s3
2022-01-06 10:05:00-05:00,2022-01-06 10:05:00-05:00,2022-01-06 15:59:00-05:00,L,15634.25,15758.0,15495.25,139.0,245.5,0.8830935251798561,time,1,s1
2022-01-07 09:38:00-05:00,2022-01-07 09:38:00-05:00,2022-01-07 10:42:00-05:00,L,15696.0,15594.5,15594.75,101.25,-205.0,-1.0123456790123457,SL,1,s1
2022-01-07 10:44:00-05:00,2022-01-07 10:44:00-05:00,2022-01-07 15:59:00-05:00,S,15587.25,15585.25,15676.75,89.5,2.0,0.0111731843575419,time,1,s3
2022-01-10 09:32:00-05:00,2022-01-10 09:32:00-05:00,2022-01-10 09:56:00-05:00,S,15330.25,15265.75,15497.75,167.5,127.0,0.37910447761194027,TP,1,s3
2022-01-10 14:41:00-05:00,2022-01-10 14:41:00-05:00,2022-01-10 15:08:00-05:00,L,15499.25,15409.75,15410.0,89.25,-181.0,-1.0140056022408963,SL,1,s1
2022-01-11 09:44:00-05:00,2022-01-11 09:44:00-05:00,2022-01-11 11:15:00-05:00,L,15498.75,15731.75,15348.75,150.0,464.0,1.5466666666666666,TP,1,s1
2022-01-11 11:20:00-05:00,2022-01-11 11:20:00-05:00,2022-01-11 15:59:00-05:00,S,15712.0,15832.25,15859.75,147.75,-242.5,-0.8206429780033841,time,1,s4
2022-01-12 09:41:00-05:00,2022-01-12 09:41:00-05:00,2022-01-12 15:59:00-05:00,S,15904.25,15895.75,16033.25,129.0,15.0,0.05813953488372093,time,1,s4
2022-01-13 09:35:00-05:00,2022-01-13 09:35:00-05:00,2022-01-13 10:18:00-05:00,S,15939.25,15837.25,16012.25,73.0,202.0,1.3835616438356164,TP,1,s4
2022-01-13 10:20:00-05:00,2022-01-13 10:20:00-05:00,2022-01-13 10:50:00-05:00,L,15854.75,15778.5,15778.75,76.0,-154.5,-1.0164473684210527,SL,1,s1
2022-01-18 09:32:00-05:00,2022-01-18 09:32:00-05:00,2022-01-18 09:33:00-05:00,S,15317.5,15318.5,15536.5,219.0,-4.0,-0.0091324200913242,TP,1,s3
2022-01-19 09:59:00-05:00,2022-01-19 09:59:00-05:00,2022-01-19 10:29:00-05:00,L,15361.5,15286.25,15286.5,75.0,-152.5,-1.0166666666666666,SL,1,s2
2022-01-19 11:17:00-05:00,2022-01-19 11:17:00-05:00,2022-01-19 12:24:00-05:00,L,15142.0,15286.5,15068.5,73.5,287.0,1.9523809523809523,TP,1,s1
2022-01-20 09:44:00-05:00,2022-01-20 09:44:00-05:00,2022-01-20 14:28:00-05:00,L,15258.5,15132.75,15133.0,125.5,-253.5,-1.0099601593625498,SL,1,s2
2022-01-20 14:32:00-05:00,2022-01-20 14:32:00-05:00,2022-01-20 15:35:00-05:00,S,15132.0,14942.0,15228.75,96.75,378.0,1.9534883720930232,TP,1,s4
2022-01-21 09:47:00-05:00,2022-01-21 09:47:00-05:00,2022-01-21 10:21:00-05:00,L,14756.75,14548.5,14548.75,208.0,-418.5,-1.0060096153846154,SL,1,s1
2022-01-21 14:35:00-05:00,2022-01-21 14:35:00-05:00,2022-01-21 15:59:00-05:00,S,14548.0,14414.5,14693.0,145.0,265.0,0.9137931034482759,time,1,s3
2022-01-24 09:44:00-05:00,2022-01-24 09:44:00-05:00,2022-01-24 11:37:00-05:00,S,14136.75,13970.25,14292.25,155.5,331.0,1.0643086816720257,TP,1,s3
2022-01-25 10:05:00-05:00,2022-01-25 10:05:00-05:00,2022-01-25 14:13:00-05:00,S,14056.25,14282.25,14282.0,225.75,-454.0,-1.0055370985603544,SL,1,s3
2022-01-25 14:14:00-05:00,2022-01-25 14:14:00-05:00,2022-01-25 15:59:00-05:00,L,14285.75,14151.25,14057.5,228.25,-271.0,-0.5936473165388828,time,1,s1
2022-01-26 09:32:00-05:00,2022-01-26 09:32:00-05:00,2022-01-26 12:44:00-05:00,L,14441.5,14541.75,14257.75,183.75,198.5,0.5401360544217687,TP,1,s2
2022-01-26 14:47:00-05:00,2022-01-26 14:47:00-05:00,2022-01-26 15:06:00-05:00,S,14243.5,14045.25,14364.25,120.75,394.5,1.6335403726708075,TP,1,s4
2022-01-27 09:35:00-05:00,2022-01-27 09:35:00-05:00,2022-01-27 15:15:00-05:00,S,14271.25,13965.25,14514.5,243.25,610.0,1.2538540596094554,TP,1,s4
2022-01-28 11:02:00-05:00,2022-01-28 11:02:00-05:00,2022-01-28 11:17:00-05:00,S,14108.25,14242.25,14242.0,133.75,-270.0,-1.0093457943925233,SL,1,s4
2022-01-28 11:26:00-05:00,2022-01-28 11:26:00-05:00,2022-01-28 14:16:00-05:00,L,14253.0,14114.25,14114.5,138.5,-279.5,-1.0090252707581226,SL,1,s2
2022-01-31 11:53:00-05:00,2022-01-31 11:53:00-05:00,2022-01-31 15:59:00-05:00,L,14771.75,14898.0,14592.75,179.0,250.5,0.6997206703910615,time,1,s2
2022-02-01 10:02:00-05:00,2022-02-01 10:02:00-05:00,2022-02-01 15:59:00-05:00,L,14765.75,14991.0,14624.0,141.75,448.5,1.582010582010582,time,1,s1
2022-02-02 09:38:00-05:00,2022-02-02 09:38:00-05:00,2022-02-02 09:43:00-05:00,L,15174.0,15071.0,15071.25,102.75,-208.0,-1.0121654501216546,SL,1,s2
2022-02-02 09:47:00-05:00,2022-02-02 09:47:00-05:00,2022-02-02 10:02:00-05:00,S,15056.5,15151.75,15151.5,95.0,-192.5,-1.013157894736842,SL,1,s4
2022-02-03 09:32:00-05:00,2022-02-03 09:32:00-05:00,2022-02-03 09:33:00-05:00,S,14728.5,14729.75,15049.25,320.75,-4.5,-0.007014809041309431,TP,1,s3
2022-02-04 10:02:00-05:00,2022-02-04 10:02:00-05:00,2022-02-04 13:23:00-05:00,S,14579.25,14716.5,14716.25,137.0,-276.5,-1.0091240875912408,SL,1,s4
2022-02-07 09:59:00-05:00,2022-02-07 09:59:00-05:00,2022-02-07 11:44:00-05:00,S,14780.75,14574.25,14893.25,112.5,411.0,1.8266666666666667,TP,1,s4
2022-02-08 10:05:00-05:00,2022-02-08 10:05:00-05:00,2022-02-08 11:03:00-05:00,L,14494.0,14647.0,14403.5,90.5,304.0,1.6795580110497237,TP,1,s1
2022-02-08 11:05:00-05:00,2022-02-08 11:05:00-05:00,2022-02-08 12:33:00-05:00,S,14638.0,14728.75,14728.5,90.5,-183.5,-1.0138121546961325,SL,1,s4
2022-02-08 12:38:00-05:00,2022-02-08 12:38:00-05:00,2022-02-08 14:25:00-05:00,L,14746.0,14646.75,14647.0,99.0,-200.5,-1.0126262626262625,SL,1,s2
2022-02-09 09:32:00-05:00,2022-02-09 09:32:00-05:00,2022-02-09 15:59:00-05:00,L,14917.25,15042.5,14817.75,99.5,248.5,1.2487437185929648,time,1,s2
2022-02-10 09:32:00-05:00,2022-02-10 09:32:00-05:00,2022-02-10 09:33:00-05:00,S,14775.75,14776.0,14990.25,214.5,-2.5,-0.005827505827505828,TP,1,s3
2022-02-10 10:38:00-05:00,2022-02-10 10:38:00-05:00,2022-02-10 10:53:00-05:00,L,14993.75,14937.25,14937.5,56.25,-115.0,-1.0222222222222221,SL,1,s1
2022-02-11 10:20:00-05:00,2022-02-11 10:20:00-05:00,2022-02-11 13:30:00-05:00,L,14636.5,14478.0,14478.25,158.25,-319.0,-1.0078988941548184,SL,1,s1
2022-02-11 13:32:00-05:00,2022-02-11 13:32:00-05:00,2022-02-11 14:02:00-05:00,S,14439.25,14293.25,14590.5,151.25,290.0,0.9586776859504132,TP,1,s3
2022-02-15 09:32:00-05:00,2022-02-15 09:32:00-05:00,2022-02-15 11:37:00-05:00,L,14475.0,14551.5,14336.75,138.25,151.0,0.546112115732369,TP,1,s2
2022-02-16 09:32:00-05:00,2022-02-16 09:32:00-05:00,2022-02-16 09:50:00-05:00,S,14491.5,14418.75,14556.75,65.25,143.5,1.0996168582375478,TP,1,s3
2022-02-16 14:29:00-05:00,2022-02-16 14:29:00-05:00,2022-02-16 15:59:00-05:00,L,14558.75,14601.0,14505.0,53.75,82.5,0.7674418604651163,time,1,s1
2022-02-17 09:47:00-05:00,2022-02-17 09:47:00-05:00,2022-02-17 10:46:00-05:00,S,14427.75,14333.25,14528.75,101.0,187.0,0.9257425742574258,TP,1,s3
2022-02-18 10:44:00-05:00,2022-02-18 10:44:00-05:00,2022-02-18 11:58:00-05:00,L,14069.75,13970.75,13971.0,98.75,-200.0,-1.0126582278481013,SL,1,s1
2022-02-18 12:38:00-05:00,2022-02-18 12:38:00-05:00,2022-02-18 14:28:00-05:00,S,13955.0,14068.5,14068.25,113.25,-229.0,-1.011037527593819,SL,1,s3
2022-02-21 09:44:00-05:00,2022-02-21 09:44:00-05:00,2022-02-21 12:49:00-05:00,S,13820.0,13752.5,13918.75,98.75,133.0,0.6734177215189874,time,1,s3
2022-02-22 09:32:00-05:00,2022-02-22 09:32:00-05:00,2022-02-22 09:33:00-05:00,L,13894.0,13900.5,13779.75,114.25,11.0,0.04814004376367615,TP,1,s2
2022-02-22 13:50:00-05:00,2022-02-22 13:50:00-05:00,2022-02-22 14:25:00-05:00,S,13770.25,13826.0,13825.75,55.5,-113.5,-1.0225225225225225,SL,1,s4
2022-02-23 09:35:00-05:00,2022-02-23 09:35:00-05:00,2022-02-23 10:55:00-05:00,S,13964.0,13756.0,14084.75,120.75,414.0,1.7142857142857142,TP,1,s4
2022-02-23 10:56:00-05:00,2022-02-23 10:56:00-05:00,2022-02-23 14:22:00-05:00,L,13783.75,13646.0,13646.25,137.5,-277.5,-1.009090909090909,SL,1,s1
2022-02-23 14:23:00-05:00,2022-02-23 14:23:00-05:00,2022-02-23 15:59:00-05:00,S,13636.25,13507.75,13756.0,119.75,255.0,1.0647181628392484,time,1,s3
2022-02-24 09:32:00-05:00,2022-02-24 09:32:00-05:00,2022-02-24 09:53:00-05:00,S,13197.75,13360.5,13360.25,162.5,-327.5,-1.0076923076923077,SL,1,s3
2022-02-24 10:14:00-05:00,2022-02-24 10:14:00-05:00,2022-02-24 13:49:00-05:00,L,13379.25,13654.75,13212.5,166.75,549.0,1.646176911544228,TP,1,s1
2022-02-24 13:56:00-05:00,2022-02-24 13:56:00-05:00,2022-02-24 14:40:00-05:00,S,13628.0,13802.75,13802.5,174.5,-351.5,-1.007163323782235,SL,1,s4
2022-02-28 09:32:00-05:00,2022-02-28 09:32:00-05:00,2022-02-28 11:31:00-05:00,L,14086.5,14279.25,13987.0,99.5,383.5,1.9271356783919598,TP,1,s1
2022-02-28 11:35:00-05:00,2022-02-28 11:35:00-05:00,2022-02-28 12:45:00-05:00,S,14266.75,14084.75,14377.0,110.25,362.0,1.6417233560090703,TP,1,s4
2022-03-01 10:11:00-05:00,2022-03-01 10:11:00-05:00,2022-03-01 11:35:00-05:00,L,14161.0,14070.25,14070.5,90.5,-183.5,-1.0138121546961325,SL,1,s1
2022-03-01 11:38:00-05:00,2022-03-01 11:38:00-05:00,2022-03-01 15:46:00-05:00,S,14063.25,13931.75,14152.5,89.25,261.0,1.4621848739495797,TP,1,s3
2022-03-02 09:44:00-05:00,2022-03-02 09:44:00-05:00,2022-03-02 11:31:00-05:00,S,14096.25,14209.75,14209.5,113.25,-229.0,-1.011037527593819,SL,1,s4
2022-03-02 11:32:00-05:00,2022-03-02 11:32:00-05:00,2022-03-02 15:59:00-05:00,L,14219.25,14236.75,14106.75,112.5,33.0,0.14666666666666667,time,1,s2
2022-03-03 09:32:00-05:00,2022-03-03 09:32:00-05:00,2022-03-03 10:23:00-05:00,S,14322.5,14143.0,14425.5,103.0,357.0,1.733009708737864,TP,1,s4
2022-03-03 10:26:00-05:00,2022-03-03 10:26:00-05:00,2022-03-03 11:00:00-05:00,L,14151.5,14048.25,14048.5,103.0,-208.5,-1.0121359223300972,SL,1,s1
2022-03-03 11:14:00-05:00,2022-03-03 11:14:00-05:00,2022-03-03 12:12:00-05:00,S,14047.0,14143.25,14143.0,96.0,-194.5,-1.0130208333333333,SL,1,s3
2022-03-04 10:17:00-05:00,2022-03-04 10:17:00-05:00,2022-03-04 13:07:00-05:00,S,13812.0,13925.75,13925.5,113.5,-229.5,-1.0110132158590308,SL,1,s3
2022-03-04 13:08:00-05:00,2022-03-04 13:08:00-05:00,2022-03-04 13:59:00-05:00,L,13929.0,13815.25,13815.5,113.5,-229.5,-1.0110132158590308,SL,1,s1
2022-03-07 09:59:00-05:00,2022-03-07 09:59:00-05:00,2022-03-07 10:30:00-05:00,S,13673.5,13570.25,13762.0,88.5,204.5,1.155367231638418,TP,1,s3
2022-03-08 10:11:00-05:00,2022-03-08 10:11:00-05:00,2022-03-08 12:16:00-05:00,L,13176.0,13476.0,13009.0,167.0,598.0,1.7904191616766467,TP,1,s1
2022-03-08 12:23:00-05:00,2022-03-08 12:23:00-05:00,2022-03-08 13:02:00-05:00,S,13473.5,13632.25,13632.0,158.5,-319.5,-1.0078864353312302,SL,1,s4
2022-03-09 09:32:00-05:00,2022-03-09 09:32:00-05:00,2022-03-09 15:59:00-05:00,L,13594.75,13740.25,13405.25,189.5,289.0,0.762532981530343,time,1,s2
2022-03-10 09:32:00-05:00,2022-03-10 09:32:00-05:00,2022-03-10 10:59:00-05:00,S,13501.25,13436.0,13658.25,157.0,128.5,0.40923566878980894,TP,1,s3
2022-03-11 09:38:00-05:00,2022-03-11 09:38:00-05:00,2022-03-11 10:09:00-05:00,S,13644.25,13525.5,13723.0,78.75,235.5,1.4952380952380953,TP,1,s4
2022-03-11 10:11:00-05:00,2022-03-11 10:11:00-05:00,2022-03-11 11:31:00-05:00,L,13551.25,13459.25,13459.5,91.75,-186.0,-1.013623978201635,SL,1,s1
2022-03-11 11:32:00-05:00,2022-03-11 11:32:00-05:00,2022-03-11 15:34:00-05:00,S,13434.0,13348.75,13525.5,91.5,168.5,0.9207650273224044,TP,1,s3
2022-03-14 11:50:00-04:00,2022-03-14 11:50:00-04:00,2022-03-14 13:04:00-04:00,L,13189.5,13057.0,13057.25,132.25,-267.0,-1.00945179584121,SL,1,s1
2022-03-14 13:29:00-04:00,2022-03-14 13:29:00-04:00,2022-03-14 15:59:00-04:00,S,13052.5,13049.75,13179.0,126.5,3.5,0.01383399209486166,time,1,s3
2022-03-15 09:38:00-04:00,2022-03-15 09:38:00-04:00,2022-03-15 10:28:00-04:00,S,13137.25,13258.75,13258.5,121.25,-245.0,-1.0103092783505154,SL,1,s4
2022-03-15 10:29:00-04:00,2022-03-15 10:29:00-04:00,2022-03-15 15:19:00-04:00,L,13264.5,13430.5,13154.0,110.5,330.0,1.493212669683258,TP,1,s2
2022-03-17 13:53:00-04:00,2022-03-17 13:53:00-04:00,2022-03-17 15:59:00-04:00,S,14083.75,14119.0,14226.5,142.75,-72.5,-0.2539404553415061,time,1,s4
2022-03-18 09:32:00-04:00,2022-03-18 09:32:00-04:00,2022-03-18 10:09:00-04:00,L,14056.75,14202.25,13951.5,105.25,289.0,1.3729216152019001,TP,1,s1
2022-03-18 10:20:00-04:00,2022-03-18 10:20:00-04:00,2022-03-18 12:35:00-04:00,S,14192.25,14286.25,14286.0,93.75,-190.0,-1.0133333333333334,SL,1,s4
2022-03-21 10:47:00-04:00,2022-03-21 10:47:00-04:00,2022-03-21 15:59:00-04:00,L,14307.25,14371.5,14173.25,134.0,126.5,0.47201492537313433,time,1,s1
2022-03-22 09:47:00-04:00,2022-03-22 09:47:00-04:00,2022-03-22 10:04:00-04:00,S,14428.25,14527.75,14527.5,99.25,-201.0,-1.012594458438287,SL,1,s4
2022-03-22 10:05:00-04:00,2022-03-22 10:05:00-04:00,2022-03-22 11:11:00-04:00,L,14534.75,14658.5,14449.5,85.25,245.5,1.4398826979472141,TP,1,s2
2022-03-23 09:47:00-04:00,2022-03-23 09:47:00-04:00,2022-03-23 10:15:00-04:00,S,14475.5,14568.0,14567.75,92.25,-187.0,-1.013550135501355,SL,1,s3
2022-03-23 10:17:00-04:00,2022-03-23 10:17:00-04:00,2022-03-23 14:09:00-04:00,L,14590.5,14480.0,14480.25,110.25,-223.0,-1.0113378684807257,SL,1,s1
2022-03-24 09:32:00-04:00,2022-03-24 09:32:00-04:00,2022-03-24 11:01:00-04:00,S,14494.5,14577.25,14577.0,82.5,-167.5,-1.0151515151515151,SL,1,s4
2022-03-24 11:23:00-04:00,2022-03-24 11:23:00-04:00,2022-03-24 14:04:00-04:00,L,14585.75,14685.5,14510.5,75.25,197.5,1.3122923588039868,TP,1,s2
2022-03-25 13:20:00-04:00,2022-03-25 13:20:00-04:00,2022-03-25 15:59:00-04:00,L,14679.5,14755.0,14582.5,97.0,149.0,0.7680412371134021,time,1,s1
2022-03-28 09:56:00-04:00,2022-03-28 09:56:00-04:00,2022-03-28 10:16:00-04:00,L,14903.0,14819.5,14819.75,83.25,-169.0,-1.015015015015015,SL,1,s2
2022-03-28 10:17:00-04:00,2022-03-28 10:17:00-04:00,2022-03-28 11:01:00-04:00,S,14812.5,14884.75,14884.5,72.0,-146.5,-1.0173611111111112,SL,1,s4
2022-03-29 09:32:00-04:00,2022-03-29 09:32:00-04:00,2022-03-29 10:12:00-04:00,L,15208.25,15065.5,15065.75,142.5,-287.5,-1.0087719298245614,SL,1,s2
2022-03-29 10:14:00-04:00,2022-03-29 10:14:00-04:00,2022-03-29 11:26:00-04:00,S,15050.75,15145.25,15145.0,94.25,-191.0,-1.013262599469496,SL,1,s4
2022-03-30 09:32:00-04:00,2022-03-30 09:32:00-04:00,2022-03-30 11:11:00-04:00,L,15182.25,15110.5,15110.75,71.5,-145.5,-1.0174825174825175,SL,1,s1
2022-03-31 09:35:00-04:00,2022-03-31 09:35:00-04:00,2022-03-31 15:33:00-04:00,L,15019.75,14957.0,14957.25,62.5,-127.5,-1.02,SL,1,s1
2022-04-01 13:11:00-04:00,2022-04-01 13:11:00-04:00,2022-04-01 14:05:00-04:00,S,14729.5,14804.75,14804.5,75.0,-152.5,-1.0166666666666666,SL,1,s3
2022-04-04 09:41:00-04:00,2022-04-04 09:41:00-04:00,2022-04-04 10:38:00-04:00,L,14986.5,15069.25,14917.75,68.75,163.5,1.1890909090909092,TP,1,s2
2022-04-05 09:38:00-04:00,2022-04-05 09:38:00-04:00,2022-04-05 10:07:00-04:00,L,15110.0,15008.0,15008.25,101.75,-206.0,-1.0122850122850122,SL,1,s1
2022-04-05 10:08:00-04:00,2022-04-05 10:08:00-04:00,2022-04-05 12:18:00-04:00,S,14979.5,14875.75,15086.25,106.75,205.5,0.9625292740046838,TP,1,s3
2022-04-06 09:32:00-04:00,2022-04-06 09:32:00-04:00,2022-04-06 10:01:00-04:00,S,14608.25,14474.75,14733.5,125.25,265.0,1.0578842315369261,TP,1,s3
2022-04-07 09:38:00-04:00,2022-04-07 09:38:00-04:00,2022-04-07 10:48:00-04:00,S,14566.5,14435.25,14647.25,80.75,260.5,1.6130030959752322,TP,1,s4
2022-04-07 10:50:00-04:00,2022-04-07 10:50:00-04:00,2022-04-07 11:54:00-04:00,L,14463.5,14364.0,14364.25,99.25,-201.0,-1.012594458438287,SL,1,s1
2022-04-07 12:38:00-04:00,2022-04-07 12:38:00-04:00,2022-04-07 13:12:00-04:00,S,14362.5,14435.5,14435.25,72.75,-148.0,-1.0171821305841924,SL,1,s3
2022-04-08 09:53:00-04:00,2022-04-08 09:53:00-04:00,2022-04-08 10:59:00-04:00,S,14335.25,14456.75,14456.5,121.25,-245.0,-1.0103092783505154,SL,1,s3
2022-04-11 09:32:00-04:00,2022-04-11 09:32:00-04:00,2022-04-11 09:33:00-04:00,S,14134.25,14134.0,14284.75,150.5,-1.5,-0.0049833887043189366,TP,1,s3
2022-04-12 09:32:00-04:00,2022-04-12 09:32:00-04:00,2022-04-12 09:47:00-04:00,L,14159.5,14213.25,14059.0,100.5,105.5,0.5248756218905473,TP,1,s2
2022-04-12 13:44:00-04:00,2022-04-12 13:44:00-04:00,2022-04-12 14:24:00-04:00,S,14051.0,13942.5,14117.75,66.75,215.0,1.6104868913857677,TP,1,s4
2022-04-12 14:26:00-04:00,2022-04-12 14:26:00-04:00,2022-04-12 15:13:00-04:00,L,13949.0,13883.5,13883.75,65.25,-133.0,-1.0191570881226053,SL,1,s1
2022-04-13 09:53:00-04:00,2022-04-13 09:53:00-04:00,2022-04-13 11:22:00-04:00,S,14040.0,14161.0,14160.75,120.75,-244.0,-1.010351966873706,SL,1,s4
2022-04-13 11:26:00-04:00,2022-04-13 11:26:00-04:00,2022-04-13 15:59:00-04:00,L,14168.5,14221.5,14051.0,117.5,104.0,0.4425531914893617,time,1,s2
2022-04-14 09:50:00-04:00,2022-04-14 09:50:00-04:00,2022-04-14 10:38:00-04:00,L,14130.75,14031.5,14031.75,99.0,-200.5,-1.0126262626262625,SL,1,s1
2022-04-18 10:29:00-04:00,2022-04-18 10:29:00-04:00,2022-04-18 12:26:00-04:00,S,13980.5,13794.5,14092.5,112.0,370.0,1.6517857142857142,TP,1,s4
2022-04-18 12:35:00-04:00,2022-04-18 12:35:00-04:00,2022-04-18 14:25:00-04:00,L,13808.0,13993.0,13695.0,113.0,368.0,1.6283185840707965,TP,1,s1
2022-04-19 09:32:00-04:00,2022-04-19 09:32:00-04:00,2022-04-19 09:52:00-04:00,L,13877.25,13976.0,13797.75,79.5,195.5,1.229559748427673,TP,1,s1
2022-04-19 10:08:00-04:00,2022-04-19 10:08:00-04:00,2022-04-19 10:42:00-04:00,L,14044.5,14135.0,13976.0,68.5,179.0,1.3065693430656935,TP,1,s2
2022-04-20 09:56:00-04:00,2022-04-20 09:56:00-04:00,2022-04-20 12:21:00-04:00,L,14103.25,13988.0,13988.25,115.0,-232.5,-1.0108695652173914,SL,1,s1
2022-04-20 12:23:00-04:00,2022-04-20 12:23:00-04:00,2022-04-20 13:43:00-04:00,S,13986.0,14100.75,14100.5,114.5,-231.5,-1.0109170305676856,SL,1,s3
2022-04-21 09:32:00-04:00,2022-04-21 09:32:00-04:00,2022-04-21 10:49:00-04:00,L,14241.0,14088.75,14089.0,152.0,-306.5,-1.0082236842105263,SL,1,s2
2022-04-21 10:53:00-04:00,2022-04-21 10:53:00-04:00,2022-04-21 12:51:00-04:00,S,14086.75,13918.0,14175.0,88.25,335.5,1.9008498583569404,TP,1,s4
2022-04-21 12:56:00-04:00,2022-04-21 12:56:00-04:00,2022-04-21 14:03:00-04:00,L,13919.75,13831.75,13832.0,87.75,-178.0,-1.0142450142450143,SL,1,s1
2022-04-21 14:05:00-04:00,2022-04-21 14:05:00-04:00,2022-04-21 15:48:00-04:00,S,13821.0,13691.0,13918.0,97.0,258.0,1.3298969072164948,TP,1,s3
2022-04-22 14:56:00-04:00,2022-04-22 14:56:00-04:00,2022-04-22 15:59:00-04:00,S,13379.25,13358.5,13555.5,176.25,39.5,0.11205673758865248,time,1,s3
2022-04-25 09:47:00-04:00,2022-04-25 09:47:00-04:00,2022-04-25 14:49:00-04:00,L,13258.25,13478.5,13117.5,140.75,438.5,1.5577264653641207,TP,1,s1
2022-04-25 14:50:00-04:00,2022-04-25 14:50:00-04:00,2022-04-25 15:59:00-04:00,S,13477.0,13531.75,13599.0,122.0,-111.5,-0.4569672131147541,time,1,s4
2022-04-26 09:35:00-04:00,2022-04-26 09:35:00-04:00,2022-04-26 10:04:00-04:00,S,13358.75,13216.75,13447.0,88.25,282.0,1.5977337110481586,TP,1,s3
2022-04-27 09:38:00-04:00,2022-04-27 09:38:00-04:00,2022-04-27 09:50:00-04:00,S,13113.5,13254.25,13254.0,140.5,-283.5,-1.008896797153025,SL,1,s4
2022-04-28 09:32:00-04:00,2022-04-28 09:32:00-04:00,2022-04-28 10:00:00-04:00,L,13198.75,13091.5,13091.75,107.0,-216.5,-1.0116822429906542,SL,1,s2
2022-04-28 10:02:00-04:00,2022-04-28 10:02:00-04:00,2022-04-28 10:22:00-04:00,S,13085.5,13181.5,13181.25,95.75,-194.0,-1.0130548302872062,SL,1,s4
2022-04-29 09:35:00-04:00,2022-04-29 09:35:00-04:00,2022-04-29 10:46:00-04:00,L,13337.25,13182.75,13183.0,154.25,-311.0,-1.0081037277147489,SL,1,s1
2022-04-29 10:53:00-04:00,2022-04-29 10:53:00-04:00,2022-04-29 15:14:00-04:00,S,13175.75,12937.5,13323.25,147.5,474.5,1.6084745762711865,TP,1,s3
2022-05-02 10:32:00-04:00,2022-05-02 10:32:00-04:00,2022-05-02 15:59:00-04:00,S,13020.75,13071.0,13187.75,167.0,-102.5,-0.3068862275449102,time,1,s4
2022-05-03 09:47:00-04:00,2022-05-03 09:47:00-04:00,2022-05-03 13:44:00-04:00,L,13000.25,13173.25,12865.5,134.75,344.0,1.2764378478664193,TP,1,s1
2022-05-03 13:47:00-04:00,2022-05-03 13:47:00-04:00,2022-05-03 15:59:00-04:00,S,13164.0,13090.5,13276.0,112.0,145.0,0.6473214285714286,time,1,s4
2022-05-04 10:14:00-04:00,2022-05-04 10:14:00-04:00,2022-05-04 12:22:00-04:00,S,12962.25,13031.25,13031.0,68.75,-140.0,-1.018181818181818,SL,1,s3
2022-05-04 12:23:00-04:00,2022-05-04 12:23:00-04:00,2022-05-04 13:58:00-04:00,L,13033.5,13149.5,12971.25,62.25,230.0,1.8473895582329318,TP,1,s1
2022-05-04 13:59:00-04:00,2022-05-04 13:59:00-04:00,2022-05-04 14:00:00-04:00,S,13144.75,13209.5,13209.25,64.5,-131.5,-1.0193798449612403,SL,1,s4
2022-05-04 14:47:00-04:00,2022-05-04 14:47:00-04:00,2022-05-04 14:53:00-04:00,L,13277.75,13308.25,13149.5,128.25,59.0,0.2300194931773879,TP,1,s2
2022-05-05 09:56:00-04:00,2022-05-05 09:56:00-04:00,2022-05-05 12:00:00-04:00,S,13162.0,12825.75,13348.0,186.0,670.5,1.8024193548387097,TP,1,s3
2022-05-06 10:17:00-04:00,2022-05-06 10:17:00-04:00,2022-05-06 15:59:00-04:00,L,12759.25,12692.75,12506.25,253.0,-135.0,-0.26679841897233203,time,1,s1
2022-05-09 09:32:00-04:00,2022-05-09 09:32:00-04:00,2022-05-09 11:06:00-04:00,S,12437.5,12277.5,12580.25,142.75,318.0,1.1138353765323994,TP,1,s3
2022-05-10 09:32:00-04:00,2022-05-10 09:32:00-04:00,2022-05-10 10:46:00-04:00,L,12510.25,12313.0,12313.25,197.0,-396.5,-1.0063451776649746,SL,1,s2
2022-05-10 10:47:00-04:00,2022-05-10 10:47:00-04:00,2022-05-10 13:36:00-04:00,S,12304.5,12430.25,12430.0,125.5,-253.5,-1.0099601593625498,SL,1,s4
2022-05-11 09:32:00-04:00,2022-05-11 09:32:00-04:00,2022-05-11 09:51:00-04:00,L,12295.0,12446.5,12135.5,159.5,301.0,0.9435736677115988,TP,1,s1
2022-05-11 09:53:00-04:00,2022-05-11 09:53:00-04:00,2022-05-11 11:16:00-04:00,S,12440.25,12239.5,12550.5,110.25,399.5,1.8117913832199546,TP,1,s4
2022-05-11 13:02:00-04:00,2022-05-11 13:02:00-04:00,2022-05-11 15:49:00-04:00,S,12128.75,11960.5,12239.5,110.75,334.5,1.510158013544018,TP,1,s3
2022-05-12 09:47:00-04:00,2022-05-12 09:47:00-04:00,2022-05-12 11:09:00-04:00,L,11872.75,12122.75,11677.5,195.25,498.0,1.2752880921895007,TP,1,s1
2022-05-12 11:14:00-04:00,2022-05-12 11:14:00-04:00,2022-05-12 12:00:00-04:00,S,12067.0,11826.25,12271.5,204.5,479.5,1.1723716381418092,TP,1,s4
2022-05-13 09:44:00-04:00,2022-05-13 09:44:00-04:00,2022-05-13 12:08:00-04:00,L,12195.75,12401.25,12069.75,126.0,409.0,1.623015873015873,TP,1,s2
2022-05-16 09:38:00-04:00,2022-05-16 09:38:00-04:00,2022-05-16 15:59:00-04:00,L,12303.75,12247.0,12182.75,121.0,-115.5,-0.4772727272727273,time,1,s1
2022-05-17 09:32:00-04:00,2022-05-17 09:32:00-04:00,2022-05-17 09:33:00-04:00,L,12485.25,12485.25,12305.25,180.0,-2.0,-0.005555555555555556,TP,1,s2
2022-05-18 09:32:00-04:00,2022-05-18 09:32:00-04:00,2022-05-18 09:42:00-04:00,S,12376.75,12312.25,12495.75,119.0,127.0,0.5336134453781513,TP,1,s3
2022-05-19 09:50:00-04:00,2022-05-19 09:50:00-04:00,2022-05-19 15:59:00-04:00,L,11811.0,11877.0,11659.0,152.0,130.0,0.4276315789473684,time,1,s1
2022-05-20 09:44:00-04:00,2022-05-20 09:44:00-04:00,2022-05-20 10:02:00-04:00,L,12032.75,11954.25,11954.5,78.25,-159.0,-1.0159744408945688,SL,1,s2
2022-05-20 10:08:00-04:00,2022-05-20 10:08:00-04:00,2022-05-20 10:59:00-04:00,S,11907.25,11800.0,12032.25,125.0,212.5,0.85,TP,1,s4
2022-05-20 11:23:00-04:00,2022-05-20 11:23:00-04:00,2022-05-20 12:38:00-04:00,S,11719.75,11594.0,11800.0,80.25,249.5,1.5545171339563864,TP,1,s3
2022-05-23 11:47:00-04:00,2022-05-23 11:47:00-04:00,2022-05-23 15:59:00-04:00,S,11986.25,12035.0,12143.75,157.5,-99.5,-0.31587301587301586,time,1,s4
2022-05-24 09:32:00-04:00,2022-05-24 09:32:00-04:00,2022-05-24 09:40:00-04:00,S,11839.0,11758.75,11960.5,121.5,158.5,0.6522633744855967,TP,1,s3
2022-05-25 09:47:00-04:00,2022-05-25 09:47:00-04:00,2022-05-25 14:26:00-04:00,S,11794.25,11931.75,11931.5,137.25,-277.0,-1.0091074681238617,SL,1,s4
2022-05-26 09:41:00-04:00,2022-05-26 09:41:00-04:00,2022-05-26 10:00:00-04:00,S,12026.25,12129.0,12128.75,102.5,-207.5,-1.0121951219512195,SL,1,s4
2022-05-26 10:08:00-04:00,2022-05-26 10:08:00-04:00,2022-05-26 12:20:00-04:00,L,12129.25,12281.5,12039.0,90.25,302.5,1.6759002770083102,TP,1,s2
2022-05-27 09:56:00-04:00,2022-05-27 09:56:00-04:00,2022-05-27 15:59:00-04:00,L,12529.0,12681.0,12396.25,132.75,302.0,1.137476459510358,time,1,s2
2022-05-30 10:11:00-04:00,2022-05-30 10:11:00-04:00,2022-05-30 12:32:00-04:00,S,12750.75,12836.25,12836.0,85.25,-173.0,-1.0146627565982405,SL,1,s4
2022-05-31 09:32:00-04:00,2022-05-31 09:32:00-04:00,2022-05-31 09:33:00-04:00,S,12636.25,12636.0,12774.75,138.5,-1.5,-0.005415162454873646,TP,1,s3
2022-06-01 09:56:00-04:00,2022-06-01 09:56:00-04:00,2022-06-01 10:07:00-04:00,L,12813.25,12724.25,12724.5,88.75,-180.0,-1.0140845070422535,SL,1,s2
2022-06-01 10:08:00-04:00,2022-06-01 10:08:00-04:00,2022-06-01 10:36:00-04:00,S,12703.25,12566.0,12804.0,100.75,272.5,1.3523573200992556,TP,1,s4
2022-06-01 10:38:00-04:00,2022-06-01 10:38:00-04:00,2022-06-01 12:01:00-04:00,L,12586.0,12486.25,12486.5,99.5,-201.5,-1.0125628140703518,SL,1,s1
2022-06-01 12:11:00-04:00,2022-06-01 12:11:00-04:00,2022-06-01 13:58:00-04:00,S,12463.75,12566.25,12566.0,102.25,-207.0,-1.0122249388753055,SL,1,s3
2022-06-02 09:32:00-04:00,2022-06-02 09:32:00-04:00,2022-06-02 11:09:00-04:00,L,12480.75,12650.75,12346.75,134.0,338.0,1.2611940298507462,TP,1,s1
2022-06-02 11:35:00-04:00,2022-06-02 11:35:00-04:00,2022-06-02 12:24:00-04:00,S,12650.25,12752.5,12752.25,102.0,-206.5,-1.0122549019607843,SL,1,s4
2022-06-02 12:26:00-04:00,2022-06-02 12:26:00-04:00,2022-06-02 15:59:00-04:00,L,12760.25,12893.5,12650.75,109.5,264.5,1.2077625570776256,time,1,s2
2022-06-03 09:44:00-04:00,2022-06-03 09:44:00-04:00,2022-06-03 15:59:00-04:00,S,12622.5,12554.0,12768.25,145.75,135.0,0.4631217838765009,time,1,s3
2022-06-06 09:32:00-04:00,2022-06-06 09:32:00-04:00,2022-06-06 10:01:00-04:00,L,12757.5,12783.0,12616.5,141.0,49.0,0.17375886524822695,TP,1,s2
2022-06-06 12:02:00-04:00,2022-06-06 12:02:00-04:00,2022-06-06 14:00:00-04:00,S,12608.5,12679.75,12679.5,71.0,-144.5,-1.017605633802817,SL,1,s4
2022-06-07 09:50:00-04:00,2022-06-07 09:50:00-04:00,2022-06-07 10:42:00-04:00,L,12542.25,12676.5,12447.5,94.75,266.5,1.4063324538258575,TP,1,s1
2022-06-07 10:44:00-04:00,2022-06-07 10:44:00-04:00,2022-06-07 15:59:00-04:00,S,12673.5,12711.25,12753.0,79.5,-77.5,-0.48742138364779874,time,1,s4
2022-06-08 12:47:00-04:00,2022-06-08 12:47:00-04:00,2022-06-08 15:59:00-04:00,L,12628.0,12618.75,12530.25,97.75,-20.5,-0.10485933503836317,time,1,s1
2022-06-09 09:35:00-04:00,2022-06-09 09:35:00-04:00,2022-06-09 09:42:00-04:00,L,12582.0,12506.25,12506.5,75.5,-153.5,-1.0165562913907285,SL,1,s1
2022-06-09 14:23:00-04:00,2022-06-09 14:23:00-04:00,2022-06-09 15:04:00-04:00,S,12498.0,12414.0,12563.0,65.0,166.0,1.2769230769230768,TP,1,s3
2022-06-10 09:32:00-04:00,2022-06-10 09:32:00-04:00,2022-06-10 10:12:00-04:00,S,12039.0,11868.5,12160.75,121.75,339.0,1.3921971252566736,TP,1,s3
2022-06-13 09:32:00-04:00,2022-06-13 09:32:00-04:00,2022-06-13 09:33:00-04:00,S,11532.75,11533.75,11764.0,231.25,-4.0,-0.008648648648648649,TP,1,s3
2022-06-14 09:32:00-04:00,2022-06-14 09:32:00-04:00,2022-06-14 15:18:00-04:00,S,11362.75,11207.75,11472.25,109.5,308.0,1.4063926940639269,TP,1,s4
2022-06-16 09:32:00-04:00,2022-06-16 09:32:00-04:00,2022-06-16 10:36:00-04:00,S,11343.25,11201.25,11516.25,173.0,282.0,0.815028901734104,TP,1,s3
2022-06-17 09:53:00-04:00,2022-06-17 09:53:00-04:00,2022-06-17 10:16:00-04:00,L,11339.0,11243.0,11243.25,95.75,-194.0,-1.0130548302872062,SL,1,s2
2022-06-17 10:17:00-04:00,2022-06-17 10:17:00-04:00,2022-06-17 13:04:00-04:00,S,11231.5,11321.0,11320.75,89.25,-181.0,-1.0140056022408963,SL,1,s4
2022-06-20 09:32:00-04:00,2022-06-20 09:32:00-04:00,2022-06-20 12:49:00-04:00,S,11359.0,11428.5,11444.5,85.5,-141.0,-0.8245614035087719,time,1,s4
2022-06-21 09:32:00-04:00,2022-06-21 09:32:00-04:00,2022-06-21 09:35:00-04:00,L,11487.25,11530.75,11457.5,29.75,85.0,1.4285714285714286,TP,1,s2
2022-06-22 09:47:00-04:00,2022-06-22 09:47:00-04:00,2022-06-22 10:15:00-04:00,L,11542.25,11635.0,11467.5,74.75,183.5,1.2274247491638797,TP,1,s1
2022-06-22 10:23:00-04:00,2022-06-22 10:23:00-04:00,2022-06-22 11:45:00-04:00,L,11694.5,11634.75,11635.0,59.5,-121.5,-1.0210084033613445,SL,1,s2
2022-06-22 11:47:00-04:00,2022-06-22 11:47:00-04:00,2022-06-22 14:06:00-04:00,S,11624.75,11691.25,11691.0,66.25,-135.0,-1.0188679245283019,SL,1,s4
2022-06-23 09:35:00-04:00,2022-06-23 09:35:00-04:00,2022-06-23 10:42:00-04:00,S,11590.0,11723.75,11723.5,133.5,-269.5,-1.0093632958801497,SL,1,s4
2022-06-23 11:14:00-04:00,2022-06-23 11:14:00-04:00,2022-06-23 12:01:00-04:00,L,11729.0,11640.75,11641.0,88.0,-178.5,-1.0142045454545454,SL,1,s2
2022-06-24 09:32:00-04:00,2022-06-24 09:32:00-04:00,2022-06-24 09:45:00-04:00,L,11903.0,11961.5,11795.25,107.75,115.0,0.5336426914153132,TP,1,s2
2022-06-27 09:53:00-04:00,2022-06-27 09:53:00-04:00,2022-06-27 15:59:00-04:00,L,12067.75,12044.75,11976.25,91.5,-48.0,-0.26229508196721313,time,1,s1
2022-06-28 09:38:00-04:00,2022-06-28 09:38:00-04:00,2022-06-28 09:56:00-04:00,L,12167.0,12105.0,12105.25,61.75,-126.0,-1.0202429149797572,SL,1,s2
2022-06-28 09:59:00-04:00,2022-06-28 09:59:00-04:00,2022-06-28 10:31:00-04:00,S,12103.5,11984.75,12165.75,62.25,235.5,1.891566265060241,TP,1,s4
2022-06-28 10:38:00-04:00,2022-06-28 10:38:00-04:00,2022-06-28 11:20:00-04:00,L,11987.25,11924.0,11924.25,63.0,-128.5,-1.0198412698412698,SL,1,s1
2022-06-28 11:23:00-04:00,2022-06-28 11:23:00-04:00,2022-06-28 11:41:00-04:00,S,11898.25,11825.0,11984.75,86.5,144.5,0.8352601156069365,TP,1,s3
2022-06-30 09:32:00-04:00,2022-06-30 09:32:00-04:00,2022-06-30 09:36:00-04:00,S,11522.25,11502.25,11638.5,116.25,38.0,0.16344086021505377,TP,1,s3
2022-06-30 12:26:00-04:00,2022-06-30 12:26:00-04:00,2022-06-30 13:12:00-04:00,L,11655.5,11587.25,11587.5,68.0,-138.5,-1.0183823529411764,SL,1,s1
2022-07-01 09:41:00-04:00,2022-07-01 09:41:00-04:00,2022-07-01 15:59:00-04:00,L,11496.75,11612.5,11354.75,142.0,229.5,0.8080985915492958,time,1,s1
2022-07-04 09:41:00-04:00,2022-07-04 09:41:00-04:00,2022-07-04 12:49:00-04:00,L,11552.0,11556.75,11487.0,65.0,7.5,0.057692307692307696,time,1,s1
2022-07-05 09:32:00-04:00,2022-07-05 09:32:00-04:00,2022-07-05 09:33:00-04:00,S,11395.75,11396.0,11538.75,143.0,-2.5,-0.008741258741258742,TP,1,s3
2022-07-05 10:38:00-04:00,2022-07-05 10:38:00-04:00,2022-07-05 10:39:00-04:00,L,11591.75,11591.5,11526.5,65.25,-2.5,-0.019157088122605363,TP,1,s1
2022-07-05 10:44:00-04:00,2022-07-05 10:44:00-04:00,2022-07-05 10:46:00-04:00,S,11554.0,11538.75,11574.5,20.5,28.5,0.6951219512195121,TP,1,s4
2022-07-06 14:41:00-04:00,2022-07-06 14:41:00-04:00,2022-07-06 15:59:00-04:00,S,11924.0,11886.5,12046.75,122.75,73.0,0.2973523421588595,time,1,s4
2022-07-07 09:32:00-04:00,2022-07-07 09:32:00-04:00,2022-07-07 09:42:00-04:00,S,11925.0,12008.0,12007.75,82.75,-168.0,-1.0151057401812689,SL,1,s4
2022-07-07 09:44:00-04:00,2022-07-07 09:44:00-04:00,2022-07-07 13:02:00-04:00,L,12022.25,12109.25,11946.75,75.5,172.0,1.1390728476821192,TP,1,s2
2022-07-08 09:41:00-04:00,2022-07-08 09:41:00-04:00,2022-07-08 09:50:00-04:00,L,12087.25,11998.0,11998.25,89.0,-180.5,-1.0140449438202248,SL,1,s1
2022-07-08 11:29:00-04:00,2022-07-08 11:29:00-04:00,2022-07-08 12:38:00-04:00,S,12202.25,12067.5,12274.25,72.0,267.5,1.8576388888888888,TP,1,s4
2022-07-11 09:35:00-04:00,2022-07-11 09:35:00-04:00,2022-07-11 09:39:00-04:00,S,11979.5,11919.5,12091.5,112.0,118.0,0.5267857142857143,TP,1,s3
2022-07-12 09:38:00-04:00,2022-07-12 09:38:00-04:00,2022-07-12 09:46:00-04:00,L,12012.5,11948.0,11948.25,64.25,-131.0,-1.0194552529182879,SL,1,s2
2022-07-12 09:47:00-04:00,2022-07-12 09:47:00-04:00,2022-07-12 10:00:00-04:00,S,11946.5,11833.25,12006.0,59.5,224.5,1.8865546218487395,TP,1,s4
2022-07-12 10:02:00-04:00,2022-07-12 10:02:00-04:00,2022-07-12 15:07:00-04:00,L,11835.25,11775.25,11775.5,59.75,-122.0,-1.0209205020920502,SL,1,s1
2022-07-13 09:32:00-04:00,2022-07-13 09:32:00-04:00,2022-07-13 09:49:00-04:00,S,11534.5,11693.0,11692.75,158.25,-319.0,-1.0078988941548184,SL,1,s3
2022-07-13 10:32:00-04:00,2022-07-13 10:32:00-04:00,2022-07-13 15:59:00-04:00,L,11715.5,11755.5,11606.25,109.25,78.0,0.35697940503432496,time,1,s1
2022-07-14 09:38:00-04:00,2022-07-14 09:38:00-04:00,2022-07-14 11:22:00-04:00,S,11560.0,11664.75,11664.5,104.5,-211.5,-1.0119617224880382,SL,1,s3
2022-07-14 11:41:00-04:00,2022-07-14 11:41:00-04:00,2022-07-14 15:59:00-04:00,L,11686.0,11799.75,11573.0,113.0,225.5,0.9977876106194691,time,1,s1
2022-07-15 09:35:00-04:00,2022-07-15 09:35:00-04:00,2022-07-15 09:46:00-04:00,L,11982.0,11888.75,11889.0,93.0,-188.5,-1.0134408602150538,SL,1,s2
2022-07-15 09:50:00-04:00,2022-07-15 09:50:00-04:00,2022-07-15 10:00:00-04:00,S,11886.5,11978.5,11978.25,91.75,-186.0,-1.013623978201635,SL,1,s4
2022-07-18 09:32:00-04:00,2022-07-18 09:32:00-04:00,2022-07-18 09:49:00-04:00,L,12139.75,12169.75,12051.75,88.0,58.0,0.32954545454545453,TP,1,s2
2022-07-18 13:47:00-04:00,2022-07-18 13:47:00-04:00,2022-07-18 14:43:00-04:00,S,12038.25,11964.25,12096.0,57.75,146.0,1.2640692640692641,TP,1,s4
2022-07-18 14:47:00-04:00,2022-07-18 14:47:00-04:00,2022-07-18 15:03:00-04:00,L,11965.25,11919.75,11920.0,45.25,-93.0,-1.0276243093922652,SL,1,s1
2022-07-19 10:41:00-04:00,2022-07-19 10:41:00-04:00,2022-07-19 13:41:00-04:00,L,12090.25,12237.0,11997.0,93.25,291.5,1.5630026809651474,TP,1,s2
2022-07-20 09:53:00-04:00,2022-07-20 09:53:00-04:00,2022-07-20 10:36:00-04:00,S,12319.75,12430.25,12430.0,110.25,-223.0,-1.0113378684807257,SL,1,s4
2022-07-20 10:47:00-04:00,2022-07-20 10:47:00-04:00,2022-07-20 15:59:00-04:00,L,12446.0,12465.75,12349.25,96.75,37.5,0.1937984496124031,time,1,s2
2022-07-21 10:02:00-04:00,2022-07-21 10:02:00-04:00,2022-07-21 10:25:00-04:00,S,12503.5,12394.25,12610.0,106.5,216.5,1.016431924882629,TP,1,s4
2022-07-21 10:29:00-04:00,2022-07-21 10:29:00-04:00,2022-07-21 11:34:00-04:00,L,12396.5,12537.75,12322.0,74.5,280.5,1.8825503355704698,TP,1,s1
2022-07-21 12:32:00-04:00,2022-07-21 12:32:00-04:00,2022-07-21 15:59:00-04:00,L,12618.0,12645.0,12537.75,80.25,52.0,0.32398753894080995,time,1,s2
2022-07-22 09:38:00-04:00,2022-07-22 09:38:00-04:00,2022-07-22 11:24:00-04:00,L,12624.5,12495.25,12495.5,129.0,-260.5,-1.0096899224806202,SL,1,s1
2022-07-22 11:29:00-04:00,2022-07-22 11:29:00-04:00,2022-07-22 13:35:00-04:00,S,12487.0,12367.25,12570.5,83.5,237.5,1.4221556886227544,TP,1,s3
2022-07-25 10:17:00-04:00,2022-07-25 10:17:00-04:00,2022-07-25 15:59:00-04:00,L,12332.5,12355.0,12229.75,102.75,43.0,0.20924574209245742,time,1,s1
2022-07-26 09:32:00-04:00,2022-07-26 09:32:00-04:00,2022-07-26 10:30:00-04:00,S,12245.25,12176.25,12306.5,61.25,136.0,1.110204081632653,TP,1,s3
2022-07-27 09:32:00-04:00,2022-07-27 09:32:00-04:00,2022-07-27 09:37:00-04:00,L,12287.0,12327.5,12170.0,117.0,79.0,0.33760683760683763,TP,1,s2
2022-07-28 09:50:00-04:00,2022-07-28 09:50:00-04:00,2022-07-28 13:41:00-04:00,L,12506.5,12729.25,12387.75,118.75,443.5,1.8673684210526316,TP,1,s1
2022-07-29 10:26:00-04:00,2022-07-29 10:26:00-04:00,2022-07-29 11:22:00-04:00,L,12916.5,12825.0,12825.25,91.25,-185.0,-1.0136986301369864,SL,1,s2
2022-07-29 11:23:00-04:00,2022-07-29 11:23:00-04:00,2022-07-29 13:23:00-04:00,S,12814.0,12912.5,12912.25,98.25,-199.0,-1.0127226463104326,SL,1,s4
2022-08-01 09:41:00-04:00,2022-08-01 09:41:00-04:00,2022-08-01 10:06:00-04:00,L,12947.5,13045.5,12824.0,123.5,194.0,0.7854251012145749,TP,1,s1
2022-08-01 10:08:00-04:00,2022-08-01 10:08:00-04:00,2022-08-01 13:49:00-04:00,S,13032.0,12898.0,13119.5,87.5,266.0,1.52,TP,1,s4
2022-08-02 09:32:00-04:00,2022-08-02 09:32:00-04:00,2022-08-02 10:10:00-04:00,L,12893.0,12820.75,12821.0,72.0,-146.5,-1.0173611111111112,SL,1,s1
2022-08-02 13:26:00-04:00,2022-08-02 13:26:00-04:00,2022-08-02 15:59:00-04:00,S,13026.75,12922.25,13104.0,77.25,207.0,1.3398058252427185,time,1,s4
2022-08-03 09:38:00-04:00,2022-08-03 09:38:00-04:00,2022-08-03 11:38:00-04:00,L,13080.0,13201.0,12998.0,82.0,240.0,1.4634146341463414,TP,1,s2
2022-08-05 09:32:00-04:00,2022-08-05 09:32:00-04:00,2022-08-05 09:33:00-04:00,S,13154.5,13154.75,13286.25,131.75,-2.5,-0.009487666034155597,TP,1,s3
2022-08-05 10:20:00-04:00,2022-08-05 10:20:00-04:00,2022-08-05 10:50:00-04:00,L,13287.5,13241.0,13241.25,46.25,-95.0,-1.027027027027027,SL,1,s1
2022-08-08 09:44:00-04:00,2022-08-08 09:44:00-04:00,2022-08-08 11:17:00-04:00,L,13375.25,13287.75,13288.0,87.25,-177.0,-1.0143266475644699,SL,1,s2
2022-08-08 11:29:00-04:00,2022-08-08 11:29:00-04:00,2022-08-08 12:18:00-04:00,S,13284.25,13165.0,13350.0,65.75,236.5,1.7984790874524714,TP,1,s4
2022-08-08 12:20:00-04:00,2022-08-08 12:20:00-04:00,2022-08-08 15:59:00-04:00,L,13174.5,13181.25,13103.0,71.5,11.5,0.08041958041958042,time,1,s1
2022-08-09 09:56:00-04:00,2022-08-09 09:56:00-04:00,2022-08-09 15:59:00-04:00,S,13008.25,13032.5,13099.5,91.25,-50.5,-0.27671232876712326,time,1,s3
2022-08-10 09:32:00-04:00,2022-08-10 09:32:00-04:00,2022-08-10 09:33:00-04:00,L,13302.75,13301.75,13073.0,229.75,-4.0,-0.008705114254624592,TP,1,s2
2022-08-11 09:32:00-04:00,2022-08-11 09:32:00-04:00,2022-08-11 10:18:00-04:00,L,13500.25,13566.25,13440.5,59.75,130.0,1.0878661087866108,TP,1,s2
2022-08-11 11:08:00-04:00,2022-08-11 11:08:00-04:00,2022-08-11 14:13:00-04:00,S,13412.25,13347.0,13487.75,75.5,128.5,0.8509933774834437,TP,1,s4
2022-08-11 14:17:00-04:00,2022-08-11 14:17:00-04:00,2022-08-11 14:53:00-04:00,L,13353.0,13299.5,13299.75,53.25,-109.0,-1.0234741784037558,SL,1,s1
2022-08-12 09:32:00-04:00,2022-08-12 09:32:00-04:00,2022-08-12 11:17:00-04:00,S,13389.25,13477.75,13477.5,88.25,-179.0,-1.0141643059490084,SL,1,s4
2022-08-15 12:02:00-04:00,2022-08-15 12:02:00-04:00,2022-08-15 15:20:00-04:00,S,13640.25,13703.0,13702.75,62.5,-127.5,-1.02,SL,1,s4
2022-08-16 09:32:00-04:00,2022-08-16 09:32:00-04:00,2022-08-16 09:51:00-04:00,L,13652.25,13590.75,13591.0,61.25,-125.0,-1.0204081632653061,SL,1,s1
2022-08-16 10:02:00-04:00,2022-08-16 10:02:00-04:00,2022-08-16 11:30:00-04:00,S,13576.75,13638.5,13638.25,61.5,-125.5,-1.0203252032520325,SL,1,s3
2022-08-16 14:11:00-04:00,2022-08-16 14:11:00-04:00,2022-08-16 14:37:00-04:00,S,13732.0,13638.25,13779.5,47.5,185.5,1.9526315789473685,TP,1,s4
2022-08-17 09:38:00-04:00,2022-08-17 09:38:00-04:00,2022-08-17 10:54:00-04:00,S,13524.5,13434.0,13594.0,69.5,179.0,1.2877697841726619,TP,1,s3
2022-08-17 14:38:00-04:00,2022-08-17 14:38:00-04:00,2022-08-17 15:10:00-04:00,L,13610.0,13533.5,13533.75,76.25,-155.0,-1.0163934426229508,SL,1,s1
2022-08-18 09:35:00-04:00,2022-08-18 09:35:00-04:00,2022-08-18 11:25:00-04:00,L,13451.75,13553.5,13380.5,71.25,201.5,1.4140350877192982,TP,1,s1
2022-08-18 11:26:00-04:00,2022-08-18 11:26:00-04:00,2022-08-18 15:59:00-04:00,S,13545.75,13528.75,13611.5,65.75,32.0,0.24334600760456274,time,1,s4
2022-08-19 09:32:00-04:00,2022-08-19 09:32:00-04:00,2022-08-19 09:38:00-04:00,S,13405.0,13374.5,13486.5,81.5,59.0,0.3619631901840491,TP,1,s3
2022-08-22 09:32:00-04:00,2022-08-22 09:32:00-04:00,2022-08-22 09:33:00-04:00,S,13071.0,13064.5,13208.75,137.75,11.0,0.039927404718693285,TP,1,s3
2022-08-23 09:53:00-04:00,2022-08-23 09:53:00-04:00,2022-08-23 15:59:00-04:00,S,12967.5,12899.0,13035.25,67.75,135.0,0.996309963099631,time,1,s4
2022-08-24 09:35:00-04:00,2022-08-24 09:35:00-04:00,2022-08-24 10:19:00-04:00,L,12876.75,12940.75,12814.5,62.25,126.0,1.0120481927710843,TP,1,s1
2022-08-24 10:20:00-04:00,2022-08-24 10:20:00-04:00,2022-08-24 11:17:00-04:00,S,12934.0,12983.25,12983.0,49.0,-100.5,-1.0255102040816326,SL,1,s4
2022-08-24 11:26:00-04:00,2022-08-24 11:26:00-04:00,2022-08-24 12:44:00-04:00,L,12985.5,12940.5,12940.75,44.75,-92.0,-1.0279329608938548,SL,1,s2
2022-08-25 09:41:00-04:00,2022-08-25 09:41:00-04:00,2022-08-25 09:57:00-04:00,S,12977.5,13022.25,13022.0,44.5,-91.5,-1.0280898876404494,SL,1,s4
2022-08-25 09:59:00-04:00,2022-08-25 09:59:00-04:00,2022-08-25 10:25:00-04:00,L,13044.0,13094.75,12977.75,66.25,99.5,0.7509433962264151,TP,1,s2
2022-08-26 09:53:00-04:00,2022-08-26 09:53:00-04:00,2022-08-26 10:02:00-04:00,L,13123.75,13048.5,13048.75,75.0,-152.5,-1.0166666666666666,SL,1,s1
2022-08-29 10:56:00-04:00,2022-08-29 10:56:00-04:00,2022-08-29 15:59:00-04:00,L,12465.25,12494.5,12298.75,166.5,56.5,0.16966966966966968,time,1,s1
2022-08-30 09:44:00-04:00,2022-08-30 09:44:00-04:00,2022-08-30 10:05:00-04:00,S,12504.75,12450.25,12584.0,79.25,107.0,0.6750788643533123,TP,1,s4
2022-08-30 10:23:00-04:00,2022-08-30 10:23:00-04:00,2022-08-30 10:34:00-04:00,S,12391.0,12332.25,12450.25,59.25,115.5,0.9746835443037974,TP,1,s3
2022-08-31 09:32:00-04:00,2022-08-31 09:32:00-04:00,2022-08-31 15:59:00-04:00,S,12432.0,12282.0,12540.75,108.75,298.0,1.3701149425287356,time,1,s4
2022-09-01 10:02:00-04:00,2022-09-01 10:02:00-04:00,2022-09-01 11:03:00-04:00,S,12122.0,12045.0,12216.75,94.75,152.0,0.8021108179419525,TP,1,s3
2022-09-02 09:32:00-04:00,2022-09-02 09:32:00-04:00,2022-09-02 10:35:00-04:00,S,12346.5,12441.0,12440.75,94.25,-191.0,-1.013262599469496,SL,1,s4
2022-09-02 10:38:00-04:00,2022-09-02 10:38:00-04:00,2022-09-02 12:19:00-04:00,L,12449.5,12362.75,12363.0,86.5,-175.5,-1.0144508670520231,SL,1,s2
2022-09-02 12:53:00-04:00,2022-09-02 12:53:00-04:00,2022-09-02 13:31:00-04:00,L,12213.25,12130.5,12130.75,82.5,-167.5,-1.0151515151515151,SL,1,s1
2022-09-02 13:50:00-04:00,2022-09-02 13:50:00-04:00,2022-09-02 15:59:00-04:00,S,12109.0,12110.5,12208.5,99.5,-5.0,-0.02512562814070352,time,1,s3
2022-09-06 09:32:00-04:00,2022-09-06 09:32:00-04:00,2022-09-06 09:33:00-04:00,S,12110.25,12110.5,12168.75,58.5,-2.5,-0.021367521367521368,TP,1,s4
2022-09-06 09:35:00-04:00,2022-09-06 09:35:00-04:00,2022-09-06 09:38:00-04:00,L,12120.25,12099.5,12099.75,20.5,-43.5,-1.0609756097560976,SL,1,s1
2022-09-07 09:59:00-04:00,2022-09-07 09:59:00-04:00,2022-09-07 11:13:00-04:00,S,12078.0,12153.25,12153.0,75.0,-152.5,-1.0166666666666666,SL,1,s4
2022-09-07 12:41:00-04:00,2022-09-07 12:41:00-04:00,2022-09-07 14:37:00-04:00,L,12170.25,12262.25,12087.0,83.25,182.0,1.093093093093093,TP,1,s2
2022-09-08 09:41:00-04:00,2022-09-08 09:41:00-04:00,2022-09-08 10:58:00-04:00,L,12188.75,12338.0,12109.75,79.0,296.5,1.8765822784810127,TP,1,s1
2022-09-08 11:41:00-04:00,2022-09-08 11:41:00-04:00,2022-09-08 12:07:00-04:00,S,12318.25,12186.0,12414.25,96.0,262.5,1.3671875,TP,1,s4
2022-09-09 09:47:00-04:00,2022-09-09 09:47:00-04:00,2022-09-09 13:16:00-04:00,L,12482.0,12593.25,12398.25,83.75,220.5,1.3164179104477611,TP,1,s2
2022-09-12 09:53:00-04:00,2022-09-12 09:53:00-04:00,2022-09-12 11:56:00-04:00,L,12702.5,12644.5,12644.75,57.75,-118.0,-1.0216450216450217,SL,1,s2
2022-09-13 09:32:00-04:00,2022-09-13 09:32:00-04:00,2022-09-13 09:33:00-04:00,S,12407.0,12407.75,12710.25,303.25,-3.5,-0.005770816158285243,TP,1,s3
2022-09-15 09:32:00-04:00,2022-09-15 09:32:00-04:00,2022-09-15 09:41:00-04:00,S,12121.0,12174.25,12174.0,53.0,-108.5,-1.0235849056603774,SL,1,s3
2022-09-15 09:50:00-04:00,2022-09-15 09:50:00-04:00,2022-09-15 10:27:00-04:00,L,12203.25,12129.75,12130.0,73.25,-149.0,-1.0170648464163823,SL,1,s1
2022-09-16 09:32:00-04:00,2022-09-16 09:32:00-04:00,2022-09-16 15:05:00-04:00,S,11833.25,11923.25,11923.0,89.75,-182.0,-1.0139275766016713,SL,1,s3
2022-09-19 09:41:00-04:00,2022-09-19 09:41:00-04:00,2022-09-19 10:45:00-04:00,L,11892.5,11973.25,11833.25,59.25,159.5,1.3459915611814346,TP,1,s1
2022-09-19 10:47:00-04:00,2022-09-19 10:47:00-04:00,2022-09-19 11:36:00-04:00,S,11961.0,11880.25,12020.25,59.25,159.5,1.3459915611814346,TP,1,s4
2022-09-20 09:38:00-04:00,2022-09-20 09:38:00-04:00,2022-09-20 11:07:00-04:00,S,11900.0,11968.25,11968.0,68.0,-138.5,-1.0183823529411764,SL,1,s3
2022-09-20 11:08:00-04:00,2022-09-20 11:08:00-04:00,2022-09-20 13:15:00-04:00,L,11978.75,11908.25,11908.5,70.25,-143.0,-1.0177935943060499,SL,1,s1
2022-09-21 09:47:00-04:00,2022-09-21 09:47:00-04:00,2022-09-21 13:59:00-04:00,S,11978.0,12033.0,12032.75,54.75,-112.0,-1.0228310502283104,SL,1,s4
2022-09-21 14:02:00-04:00,2022-09-21 14:02:00-04:00,2022-09-21 14:04:00-04:00,L,11872.75,11818.5,11818.75,54.0,-110.5,-1.0231481481481481,SL,1,s1
2022-09-21 14:14:00-04:00,2022-09-21 14:14:00-04:00,2022-09-21 14:25:00-04:00,S,11798.0,11872.75,11872.5,74.5,-151.5,-1.016778523489933,SL,1,s3
2022-09-21 14:44:00-04:00,2022-09-21 14:44:00-04:00,2022-09-21 14:45:00-04:00,L,12080.25,12121.75,11979.0,101.25,81.0,0.4,TP,1,s2
2022-09-22 09:44:00-04:00,2022-09-22 09:44:00-04:00,2022-09-22 15:59:00-04:00,L,11601.25,11562.5,11464.0,137.25,-79.5,-0.2896174863387978,time,1,s1
2022-09-23 09:32:00-04:00,2022-09-23 09:32:00-04:00,2022-09-23 09:44:00-04:00,S,11431.75,11387.0,11514.75,83.0,87.5,0.5271084337349398,TP,1,s3
2022-09-26 09:41:00-04:00,2022-09-26 09:41:00-04:00,2022-09-26 10:00:00-04:00,S,11439.5,11507.75,11507.5,68.0,-138.5,-1.0183823529411764,SL,1,s4
2022-09-26 10:17:00-04:00,2022-09-26 10:17:00-04:00,2022-09-26 10:48:00-04:00,L,11525.75,11440.25,11440.5,85.25,-173.0,-1.0146627565982405,SL,1,s2
2022-09-26 13:26:00-04:00,2022-09-26 13:26:00-04:00,2022-09-26 15:59:00-04:00,L,11310.5,11319.5,11240.5,70.0,16.0,0.11428571428571428,time,1,s1
2022-09-27 09:32:00-04:00,2022-09-27 09:32:00-04:00,2022-09-27 09:40:00-04:00,L,11501.75,11564.75,11386.75,115.0,124.0,0.5391304347826087,TP,1,s2
2022-09-27 11:29:00-04:00,2022-09-27 11:29:00-04:00,2022-09-27 12:18:00-04:00,S,11379.5,11252.75,11454.25,74.75,251.5,1.6822742474916388,TP,1,s4
2022-09-27 12:20:00-04:00,2022-09-27 12:20:00-04:00,2022-09-27 15:59:00-04:00,L,11258.75,11332.5,11185.25,73.5,145.5,0.9897959183673469,time,1,s1
2022-09-28 10:47:00-04:00,2022-09-28 10:47:00-04:00,2022-09-28 13:18:00-04:00,S,11414.25,11517.0,11516.75,102.5,-207.5,-1.0121951219512195,SL,1,s4
2022-09-28 14:35:00-04:00,2022-09-28 14:35:00-04:00,2022-09-28 15:59:00-04:00,L,11518.25,11553.75,11424.5,93.75,69.0,0.368,time,1,s2
2022-09-29 09:35:00-04:00,2022-09-29 09:35:00-04:00,2022-09-29 10:09:00-04:00,S,11349.25,11198.75,11458.75,109.5,299.0,1.365296803652968,TP,1,s3
2022-09-30 09:38:00-04:00,2022-09-30 09:38:00-04:00,2022-09-30 10:37:00-04:00,L,11150.75,11316.25,11060.25,90.5,329.0,1.8176795580110496,TP,1,s1
2022-09-30 10:38:00-04:00,2022-09-30 10:38:00-04:00,2022-09-30 14:43:00-04:00,S,11299.0,11145.75,11401.75,102.75,304.5,1.4817518248175183,TP,1,s4
2022-10-03 09:32:00-04:00,2022-10-03 09:32:00-04:00,2022-10-03 10:27:00-04:00,S,11081.75,11212.0,11211.75,130.0,-262.5,-1.0096153846153846,SL,1,s4
2022-10-03 10:35:00-04:00,2022-10-03 10:35:00-04:00,2022-10-03 15:59:00-04:00,L,11213.0,11290.5,11120.0,93.0,153.0,0.8225806451612904,time,1,s2
2022-10-04 09:32:00-04:00,2022-10-04 09:32:00-04:00,2022-10-04 09:59:00-04:00,L,11545.75,11615.5,11378.0,167.75,137.5,0.4098360655737705,TP,1,s2
2022-10-05 09:32:00-04:00,2022-10-05 09:32:00-04:00,2022-10-05 09:38:00-04:00,S,11520.25,11480.0,11599.25,79.0,78.5,0.49683544303797467,TP,1,s3
2022-10-05 13:20:00-04:00,2022-10-05 13:20:00-04:00,2022-10-05 15:15:00-04:00,L,11612.25,11688.25,11554.5,57.75,150.0,1.2987012987012987,TP,1,s1
2022-10-06 10:11:00-04:00,2022-10-06 10:11:00-04:00,2022-10-06 15:59:00-04:00,L,11553.25,11542.25,11447.5,105.75,-24.0,-0.11347517730496454,time,1,s1
2022-10-07 09:32:00-04:00,2022-10-07 09:32:00-04:00,2022-10-07 09:33:00-04:00,S,11301.5,11301.5,11489.0,187.5,-2.0,-0.005333333333333333,TP,1,s3
2022-10-10 09:56:00-04:00,2022-10-10 09:56:00-04:00,2022-10-10 11:02:00-04:00,L,11021.25,10929.75,10930.0,91.25,-185.0,-1.0136986301369864,SL,1,s1
2022-10-10 12:23:00-04:00,2022-10-10 12:23:00-04:00,2022-10-10 13:47:00-04:00,S,10925.25,11015.0,11014.75,89.5,-181.5,-1.0139664804469273,SL,1,s3
2022-10-11 09:32:00-04:00,2022-10-11 09:32:00-04:00,2022-10-11 09:48:00-04:00,L,10923.0,10843.5,10843.75,79.25,-161.0,-1.0157728706624605,SL,1,s1
2022-10-11 09:59:00-04:00,2022-10-11 09:59:00-04:00,2022-10-11 11:03:00-04:00,S,10823.25,10912.75,10912.5,89.25,-181.0,-1.0140056022408963,SL,1,s3
2022-10-12 09:47:00-04:00,2022-10-12 09:47:00-04:00,2022-10-12 15:59:00-04:00,S,10897.0,10837.0,10994.0,97.0,118.0,0.6082474226804123,time,1,s4
2022-10-13 09:32:00-04:00,2022-10-13 09:32:00-04:00,2022-10-13 09:33:00-04:00,S,10495.5,10496.5,10798.5,303.0,-4.0,-0.006600660066006601,TP,1,s3
2022-10-13 11:14:00-04:00,2022-10-13 11:14:00-04:00,2022-10-13 11:17:00-04:00,L,10799.25,10875.0,10759.75,39.5,149.5,1.8924050632911393,TP,1,s1
2022-10-13 11:20:00-04:00,2022-10-13 11:20:00-04:00,2022-10-13 11:21:00-04:00,L,10990.5,10990.75,10875.0,115.5,-1.5,-0.006493506493506494,TP,1,s2
2022-10-14 10:14:00-04:00,2022-10-14 10:14:00-04:00,2022-10-14 15:59:00-04:00,L,10912.0,10747.25,10719.75,192.25,-331.5,-0.8621586475942783,time,1,s1
2022-10-17 09:32:00-04:00,2022-10-17 09:32:00-04:00,2022-10-17 15:59:00-04:00,L,11035.75,11110.5,10879.75,156.0,147.5,0.47275641025641024,time,1,s2
2022-10-18 09:32:00-04:00,2022-10-18 09:32:00-04:00,2022-10-18 09:33:00-04:00,L,11422.0,11421.25,11151.0,271.0,-3.5,-0.006457564575645757,TP,1,s2
2022-10-18 11:23:00-04:00,2022-10-18 11:23:00-04:00,2022-10-18 12:08:00-04:00,S,11141.5,11191.75,11191.5,50.0,-102.5,-1.025,SL,1,s4
2022-10-19 13:26:00-04:00,2022-10-19 13:26:00-04:00,2022-10-19 15:59:00-04:00,L,11108.5,11154.5,11010.25,98.25,90.0,0.4580152671755725,time,1,s1
2022-10-20 09:53:00-04:00,2022-10-20 09:53:00-04:00,2022-10-20 10:09:00-04:00,S,11216.5,11284.0,11283.75,67.25,-137.0,-1.0185873605947955,SL,1,s4
2022-10-20 10:11:00-04:00,2022-10-20 10:11:00-04:00,2022-10-20 12:08:00-04:00,L,11285.5,11218.75,11219.0,66.5,-135.5,-1.018796992481203,SL,1,s2
2022-10-20 13:53:00-04:00,2022-10-20 13:53:00-04:00,2022-10-20 15:59:00-04:00,L,11093.75,11087.0,11025.75,68.0,-15.5,-0.11397058823529412,time,1,s1
2022-10-21 09:32:00-04:00,2022-10-21 09:32:00-04:00,2022-10-21 10:00:00-04:00,L,11083.0,11166.25,10928.75,154.25,164.5,0.5332252836304701,TP,1,s1
2022-10-21 10:02:00-04:00,2022-10-21 10:02:00-04:00,2022-10-21 12:02:00-04:00,S,11147.75,11246.0,11245.75,98.0,-198.5,-1.0127551020408163,SL,1,s4
2022-10-21 12:50:00-04:00,2022-10-21 12:50:00-04:00,2022-10-21 15:59:00-04:00,L,11250.0,11353.75,11166.25,83.75,205.5,1.226865671641791,time,1,s2
2022-10-24 10:11:00-04:00,2022-10-24 10:11:00-04:00,2022-10-24 14:42:00-04:00,L,11269.75,11458.5,11144.75,125.0,375.5,1.502,TP,1,s1
2022-10-25 09:35:00-04:00,2022-10-25 09:35:00-04:00,2022-10-25 09:54:00-04:00,S,11546.25,11649.75,11649.5,103.25,-209.0,-1.0121065375302662,SL,1,s4
2022-10-25 09:59:00-04:00,2022-10-25 09:59:00-04:00,2022-10-25 15:59:00-04:00,L,11650.0,11712.75,11564.5,85.5,123.5,0.7222222222222222,time,1,s2
2022-10-26 09:32:00-04:00,2022-10-26 09:32:00-04:00,2022-10-26 09:33:00-04:00,S,11488.0,11489.0,11654.5,166.5,-4.0,-0.012012012012012012,TP,1,s3
2022-10-26 11:08:00-04:00,2022-10-26 11:08:00-04:00,2022-10-26 12:50:00-04:00,L,11658.25,11595.5,11595.75,62.5,-127.5,-1.02,SL,1,s1
2022-10-27 09:41:00-04:00,2022-10-27 09:41:00-04:00,2022-10-27 09:50:00-04:00,L,11390.5,11304.0,11304.25,86.25,-175.0,-1.0144927536231885,SL,1,s1
2022-10-28 09:35:00-04:00,2022-10-28 09:35:00-04:00,2022-10-28 10:25:00-04:00,S,11301.0,11376.0,11375.75,74.75,-152.0,-1.0167224080267558,SL,1,s4
2022-10-28 10:26:00-04:00,2022-10-28 10:26:00-04:00,2022-10-28 11:10:00-04:00,L,11386.5,11485.75,11308.25,78.25,196.5,1.255591054313099,TP,1,s2
2022-10-31 09:35:00-04:00,2022-10-31 09:35:00-04:00,2022-10-31 15:59:00-04:00,L,11477.0,11448.0,11364.75,112.25,-60.0,-0.267260579064588,time,1,s1
2022-11-01 09:32:00-04:00,2022-11-01 09:32:00-04:00,2022-11-01 09:33:00-04:00,L,11598.75,11605.0,11491.0,107.75,10.5,0.048723897911832945,TP,1,s2
2022-11-01 10:02:00-04:00,2022-11-01 10:02:00-04:00,2022-11-01 10:09:00-04:00,S,11474.0,11405.5,11534.0,60.0,135.0,1.125,TP,1,s4
2022-11-01 10:11:00-04:00,2022-11-01 10:11:00-04:00,2022-11-01 10:44:00-04:00,L,11407.0,11362.25,11362.5,44.5,-91.5,-1.0280898876404494,SL,1,s1
2022-11-01 10:59:00-04:00,2022-11-01 10:59:00-04:00,2022-11-01 12:06:00-04:00,S,11358.0,11405.75,11405.5,47.5,-97.5,-1.0263157894736843,SL,1,s3
2022-11-02 13:41:00-04:00,2022-11-02 13:41:00-04:00,2022-11-02 14:02:00-04:00,L,11254.0,11414.0,11163.75,90.25,318.0,1.7617728531855956,TP,1,s1
2022-11-02 14:53:00-04:00,2022-11-02 14:53:00-04:00,2022-11-02 15:26:00-04:00,S,11134.75,11027.0,11247.5,112.75,213.5,0.9467849223946785,TP,1,s3
2022-11-03 09:32:00-04:00,2022-11-03 09:32:00-04:00,2022-11-03 15:59:00-04:00,L,10799.75,10724.25,10651.25,148.5,-153.0,-0.5151515151515151,time,1,s1
2022-11-04 09:32:00-04:00,2022-11-04 09:32:00-04:00,2022-11-04 09:43:00-04:00,L,10879.75,10773.75,10774.0,105.75,-214.0,-1.011820330969267,SL,1,s2
2022-11-04 09:44:00-04:00,2022-11-04 09:44:00-04:00,2022-11-04 09:57:00-04:00,S,10741.0,10824.25,10824.0,83.0,-168.5,-1.0150602409638554,SL,1,s4
2022-11-04 13:11:00-04:00,2022-11-04 13:11:00-04:00,2022-11-04 14:42:00-04:00,L,10723.75,10774.0,10625.0,98.75,98.5,0.49873417721518987,TP,1,s1
2022-11-08 09:32:00-05:00,2022-11-08 09:32:00-05:00,2022-11-08 10:38:00-05:00,S,11043.75,11119.5,11119.25,75.5,-153.5,-1.0165562913907285,SL,1,s4
2022-11-08 10:44:00-05:00,2022-11-08 10:44:00-05:00,2022-11-08 11:32:00-05:00,L,11120.25,11207.75,11066.5,53.75,173.0,1.6093023255813954,TP,1,s2
2022-11-08 14:38:00-05:00,2022-11-08 14:38:00-05:00,2022-11-08 15:02:00-05:00,L,10994.0,11066.5,10908.75,85.25,143.0,0.8387096774193549,TP,1,s1
2022-11-09 09:44:00-05:00,2022-11-09 09:44:00-05:00,2022-11-09 13:11:00-05:00,L,11016.25,10926.5,10926.75,89.5,-181.5,-1.0139664804469273,SL,1,s1
2022-11-09 13:26:00-05:00,2022-11-09 13:26:00-05:00,2022-11-09 15:59:00-05:00,S,10926.0,10831.5,11010.5,84.5,187.0,1.106508875739645,time,1,s3
2022-11-10 09:32:00-05:00,2022-11-10 09:32:00-05:00,2022-11-10 09:33:00-05:00,L,11363.75,11363.5,10893.5,470.25,-2.5,-0.002658160552897395,TP,1,s2
2022-11-11 10:35:00-05:00,2022-11-11 10:35:00-05:00,2022-11-11 13:31:00-05:00,S,11721.5,11835.5,11835.25,113.75,-230.0,-1.010989010989011,SL,1,s4
2022-11-11 13:32:00-05:00,2022-11-11 13:32:00-05:00,2022-11-11 15:59:00-05:00,L,11843.0,11847.75,11731.5,111.5,7.5,0.033632286995515695,time,1,s2
2022-11-14 10:05:00-05:00,2022-11-14 10:05:00-05:00,2022-11-14 15:59:00-05:00,L,11764.25,11742.0,11679.0,85.25,-46.5,-0.2727272727272727,time,1,s1
2022-11-15 09:32:00-05:00,2022-11-15 09:32:00-05:00,2022-11-15 09:33:00-05:00,L,12055.75,12056.0,11796.25,259.5,-1.5,-0.002890173410404624,TP,1,s2
2022-11-15 13:38:00-05:00,2022-11-15 13:38:00-05:00,2022-11-15 13:44:00-05:00,S,11787.25,11850.75,11850.5,63.25,-129.0,-1.0197628458498025,SL,1,s4
2022-11-16 10:17:00-05:00,2022-11-16 10:17:00-05:00,2022-11-16 12:45:00-05:00,S,11730.75,11824.5,11824.25,93.5,-189.5,-1.0133689839572193,SL,1,s3
2022-11-17 09:32:00-05:00,2022-11-17 09:32:00-05:00,2022-11-17 09:33:00-05:00,S,11580.75,11581.75,11704.5,123.75,-4.0,-0.01616161616161616,TP,1,s3
2022-11-17 11:59:00-05:00,2022-11-17 11:59:00-05:00,2022-11-17 14:37:00-05:00,L,11709.0,11668.0,11668.25,40.75,-84.0,-1.030674846625767,SL,1,s1
2022-11-18 09:32:00-05:00,2022-11-18 09:32:00-05:00,2022-11-18 11:03:00-05:00,S,11774.75,11648.5,11839.5,64.75,250.5,1.9343629343629343,TP,1,s4
2022-11-18 11:05:00-05:00,2022-11-18 11:05:00-05:00,2022-11-18 15:59:00-05:00,L,11663.25,11707.5,11584.5,78.75,86.5,0.5492063492063493,time,1,s1
2022-11-21 09:41:00-05:00,2022-11-21 09:41:00-05:00,2022-11-21 10:45:00-05:00,L,11664.0,11577.5,11577.75,86.25,-175.0,-1.0144927536231885,SL,1,s1
2022-11-21 11:59:00-05:00,2022-11-21 11:59:00-05:00,2022-11-21 15:59:00-05:00,S,11577.5,11587.5,11643.0,65.5,-22.0,-0.16793893129770993,time,1,s3
2022-11-22 09:32:00-05:00,2022-11-22 09:32:00-05:00,2022-11-22 09:41:00-05:00,S,11612.0,11547.0,11668.0,56.0,128.0,1.1428571428571428,TP,1,s4
2022-11-22 09:56:00-05:00,2022-11-22 09:56:00-05:00,2022-11-22 10:47:00-05:00,L,11550.5,11627.5,11506.5,44.0,152.0,1.7272727272727273,TP,1,s1
2022-11-22 13:08:00-05:00,2022-11-22 13:08:00-05:00,2022-11-22 15:33:00-05:00,L,11675.75,11734.0,11627.5,48.25,114.5,1.1865284974093264,TP,1,s2
2022-11-23 11:02:00-05:00,2022-11-23 11:02:00-05:00,2022-11-23 11:54:00-05:00,L,11880.5,11815.0,11815.25,65.25,-133.0,-1.0191570881226053,SL,1,s2
2022-11-23 11:56:00-05:00,2022-11-23 11:56:00-05:00,2022-11-23 14:03:00-05:00,S,11773.25,11879.5,11879.25,106.0,-214.5,-1.0117924528301887,SL,1,s4
2022-11-24 09:35:00-05:00,2022-11-24 09:35:00-05:00,2022-11-24 12:49:00-05:00,S,11908.25,11922.25,11951.5,43.25,-30.0,-0.3468208092485549,time,1,s4
2022-11-25 09:32:00-05:00,2022-11-25 09:32:00-05:00,2022-11-25 09:33:00-05:00,S,11796.75,11797.25,11903.0,106.25,-3.0,-0.01411764705882353,TP,1,s3
2022-11-28 09:32:00-05:00,2022-11-28 09:32:00-05:00,2022-11-28 09:36:00-05:00,S,11740.5,11767.5,11767.25,26.75,-56.0,-1.0467289719626167,SL,1,s3
2022-11-28 09:41:00-05:00,2022-11-28 09:41:00-05:00,2022-11-28 09:54:00-05:00,L,11773.25,11749.75,11750.0,23.25,-49.0,-1.053763440860215,SL,1,s1
2022-11-29 11:17:00-05:00,2022-11-29 11:17:00-05:00,2022-11-29 12:44:00-05:00,S,11489.75,11552.75,11552.5,62.75,-128.0,-1.0199203187250996,SL,1,s3
2022-11-30 09:35:00-05:00,2022-11-30 09:35:00-05:00,2022-11-30 13:30:00-05:00,S,11562.25,11619.25,11619.0,56.75,-116.0,-1.0220264317180616,SL,1,s4
2022-11-30 13:35:00-05:00,2022-11-30 13:35:00-05:00,2022-11-30 13:38:00-05:00,L,11634.75,11697.75,11571.0,63.75,124.0,0.9725490196078431,TP,1,s2
2022-12-02 09:32:00-05:00,2022-12-02 09:32:00-05:00,2022-12-02 09:48:00-05:00,S,11897.25,11857.0,12004.5,107.25,78.5,0.36596736596736595,TP,1,s3
2022-12-05 09:35:00-05:00,2022-12-05 09:35:00-05:00,2022-12-05 10:00:00-05:00,L,11958.0,11896.75,11897.0,61.0,-124.5,-1.0204918032786885,SL,1,s1
2022-12-05 10:02:00-05:00,2022-12-05 10:02:00-05:00,2022-12-05 13:56:00-05:00,S,11883.25,11799.5,11955.25,72.0,165.5,1.1493055555555556,TP,1,s3
2022-12-06 09:59:00-05:00,2022-12-06 09:59:00-05:00,2022-12-06 13:07:00-05:00,S,11664.5,11574.25,11740.0,75.5,178.5,1.1821192052980132,TP,1,s3
2022-12-07 09:50:00-05:00,2022-12-07 09:50:00-05:00,2022-12-07 15:59:00-05:00,L,11481.25,11507.5,11395.25,86.0,50.5,0.2936046511627907,time,1,s1
2022-12-08 09:32:00-05:00,2022-12-08 09:32:00-05:00,2022-12-08 09:59:00-05:00,S,11537.75,11593.75,11593.5,55.75,-114.0,-1.0224215246636772,SL,1,s4
2022-12-09 09:32:00-05:00,2022-12-09 09:32:00-05:00,2022-12-09 10:59:00-05:00,L,11591.0,11703.0,11531.0,60.0,222.0,1.85,TP,1,s1
2022-12-09 11:05:00-05:00,2022-12-09 11:05:00-05:00,2022-12-09 15:50:00-05:00,S,11701.75,11588.5,11760.5,58.75,224.5,1.9106382978723404,TP,1,s4
2022-12-12 13:02:00-05:00,2022-12-12 13:02:00-05:00,2022-12-12 15:08:00-05:00,S,11597.0,11663.5,11663.25,66.25,-135.0,-1.0188679245283019,SL,1,s4
2022-12-13 09:32:00-05:00,2022-12-13 09:32:00-05:00,2022-12-13 09:33:00-05:00,L,12114.5,12113.0,11765.5,349.0,-5.0,-0.0071633237822349575,TP,1,s2
2022-12-13 12:32:00-05:00,2022-12-13 12:32:00-05:00,2022-12-13 13:17:00-05:00,S,11736.25,11816.75,11816.5,80.25,-163.0,-1.0155763239875388,SL,1,s4
2022-12-15 09:32:00-05:00,2022-12-15 09:32:00-05:00,2022-12-15 10:55:00-05:00,S,11659.25,11518.25,11769.25,110.0,280.0,1.2727272727272727,TP,1,s3
2022-12-16 10:17:00-05:00,2022-12-16 10:17:00-05:00,2022-12-16 12:57:00-05:00,L,11383.5,11288.75,11289.0,94.5,-191.5,-1.0132275132275133,SL,1,s1
2022-12-16 13:20:00-05:00,2022-12-16 13:20:00-05:00,2022-12-16 15:30:00-05:00,S,11286.5,11375.25,11375.0,88.5,-179.5,-1.0141242937853108,SL,1,s3
2022-12-19 10:20:00-05:00,2022-12-19 10:20:00-05:00,2022-12-19 11:01:00-05:00,L,11290.25,11222.75,11223.0,67.25,-137.0,-1.0185873605947955,SL,1,s1
2022-12-19 11:02:00-05:00,2022-12-19 11:02:00-05:00,2022-12-19 15:59:00-05:00,S,11222.0,11188.25,11282.75,60.75,65.5,0.5390946502057613,time,1,s3
2022-12-20 09:32:00-05:00,2022-12-20 09:32:00-05:00,2022-12-20 15:59:00-05:00,L,11129.75,11175.25,11062.5,67.25,89.0,0.6617100371747212,time,1,s1
2022-12-21 09:32:00-05:00,2022-12-21 09:32:00-05:00,2022-12-21 10:08:00-05:00,S,11192.25,11275.5,11275.25,83.0,-168.5,-1.0150602409638554,SL,1,s4
2022-12-22 09:32:00-05:00,2022-12-22 09:32:00-05:00,2022-12-22 09:39:00-05:00,S,11147.75,11124.75,11279.0,131.25,44.0,0.1676190476190476,TP,1,s3
2022-12-23 09:41:00-05:00,2022-12-23 09:41:00-05:00,2022-12-23 15:59:00-05:00,L,10974.75,11079.25,10869.5,105.25,207.0,0.9833729216152018,time,1,s1
2022-12-27 09:32:00-05:00,2022-12-27 09:32:00-05:00,2022-12-27 09:36:00-05:00,L,11028.5,10976.0,10976.25,52.25,-107.0,-1.0239234449760766,SL,1,s1
2022-12-27 09:41:00-05:00,2022-12-27 09:41:00-05:00,2022-12-27 15:59:00-05:00,S,10958.75,10919.0,11028.0,69.25,77.5,0.5595667870036101,time,1,s3
2022-12-28 09:32:00-05:00,2022-12-28 09:32:00-05:00,2022-12-28 09:34:00-05:00,L,10942.5,10962.75,10830.5,112.0,38.5,0.171875,TP,1,s1
2022-12-28 09:44:00-05:00,2022-12-28 09:44:00-05:00,2022-12-28 10:50:00-05:00,S,10959.0,10874.75,11007.0,48.0,166.5,1.734375,TP,1,s4
2022-12-28 10:59:00-05:00,2022-12-28 10:59:00-05:00,2022-12-28 13:04:00-05:00,S,10827.75,10875.0,10874.75,47.0,-96.5,-1.0265957446808511,SL,1,s3
2022-12-29 09:35:00-05:00,2022-12-29 09:35:00-05:00,2022-12-29 10:18:00-05:00,L,10906.75,11009.25,10836.25,70.5,203.0,1.4397163120567376,TP,1,s2
2022-12-30 09:32:00-05:00,2022-12-30 09:32:00-05:00,2022-12-30 15:45:00-05:00,S,10907.5,10973.5,10973.25,65.75,-134.0,-1.0190114068441065,SL,1,s3
2023-01-03 09:38:00-05:00,2023-01-03 09:38:00-05:00,2023-01-03 09:48:00-05:00,L,11122.75,11069.5,11069.75,53.0,-108.5,-1.0235849056603774,SL,1,s2
2023-01-03 09:53:00-05:00,2023-01-03 09:53:00-05:00,2023-01-03 10:10:00-05:00,S,11036.0,10976.5,11116.5,80.5,117.0,0.7267080745341615,TP,1,s4
2023-01-03 10:11:00-05:00,2023-01-03 10:11:00-05:00,2023-01-03 10:18:00-05:00,L,10981.5,10929.25,10929.5,52.0,-106.5,-1.0240384615384615,SL,1,s1
2023-01-03 10:32:00-05:00,2023-01-03 10:32:00-05:00,2023-01-03 10:58:00-05:00,S,10921.0,10976.5,10976.25,55.25,-113.0,-1.0226244343891402,SL,1,s3
2023-01-04 09:32:00-05:00,2023-01-04 09:32:00-05:00,2023-01-04 15:59:00-05:00,S,10982.25,10996.75,11128.25,146.0,-31.0,-0.10616438356164383,time,1,s4
2023-01-05 09:32:00-05:00,2023-01-05 09:32:00-05:00,2023-01-05 15:59:00-05:00,S,10878.25,10820.5,10940.25,62.0,113.5,0.9153225806451613,time,1,s3
2023-01-06 09:35:00-05:00,2023-01-06 09:35:00-05:00,2023-01-06 09:38:00-05:00,L,10933.75,10853.5,10853.75,80.0,-162.5,-1.015625,SL,1,s2
2023-01-06 09:47:00-05:00,2023-01-06 09:47:00-05:00,2023-01-06 09:56:00-05:00,L,10795.75,10853.75,10752.75,43.0,114.0,1.3255813953488371,TP,1,s1
2023-01-09 09:35:00-05:00,2023-01-09 09:35:00-05:00,2023-01-09 10:34:00-05:00,S,11214.5,11334.25,11334.0,119.5,-241.5,-1.0104602510460252,SL,1,s4
2023-01-09 10:38:00-05:00,2023-01-09 10:38:00-05:00,2023-01-09 14:59:00-05:00,L,11342.5,11223.75,11224.0,118.5,-239.5,-1.010548523206751,SL,1,s2
2023-01-10 10:20:00-05:00,2023-01-10 10:20:00-05:00,2023-01-10 10:44:00-05:00,S,11237.5,11126.25,11311.25,73.75,220.5,1.494915254237288,TP,1,s4
2023-01-11 09:32:00-05:00,2023-01-11 09:32:00-05:00,2023-01-11 10:24:00-05:00,S,11297.0,11376.75,11376.5,79.5,-161.5,-1.0157232704402517,SL,1,s4
2023-01-11 10:29:00-05:00,2023-01-11 10:29:00-05:00,2023-01-11 10:36:00-05:00,L,11386.5,11330.5,11330.75,55.75,-114.0,-1.0224215246636772,SL,1,s2
2023-01-12 09:38:00-05:00,2023-01-12 09:38:00-05:00,2023-01-12 09:43:00-05:00,L,11444.25,11371.75,11372.0,72.25,-147.0,-1.0173010380622838,SL,1,s1
2023-01-12 09:44:00-05:00,2023-01-12 09:44:00-05:00,2023-01-12 10:06:00-05:00,S,11357.0,11424.5,11424.25,67.25,-137.0,-1.0185873605947955,SL,1,s3
2023-01-12 12:20:00-05:00,2023-01-12 12:20:00-05:00,2023-01-12 15:59:00-05:00,S,11524.0,11531.5,11580.0,56.0,-17.0,-0.15178571428571427,time,1,s4
2023-01-13 09:56:00-05:00,2023-01-13 09:56:00-05:00,2023-01-13 15:35:00-05:00,L,11465.5,11603.75,11385.75,79.75,274.5,1.7210031347962382,TP,1,s1
2023-01-17 09:32:00-05:00,2023-01-17 09:32:00-05:00,2023-01-17 09:33:00-05:00,L,11608.0,11614.75,11578.0,30.0,11.5,0.19166666666666668,TP,1,s2
2023-01-17 09:38:00-05:00,2023-01-17 09:38:00-05:00,2023-01-17 09:40:00-05:00,S,11567.0,11550.5,11592.25,25.25,31.0,0.6138613861386139,TP,1,s4
2023-01-17 09:41:00-05:00,2023-01-17 09:41:00-05:00,2023-01-17 09:42:00-05:00,L,11587.25,11586.75,11536.25,51.0,-3.0,-0.029411764705882353,TP,1,s1
2023-01-18 09:35:00-05:00,2023-01-18 09:35:00-05:00,2023-01-18 10:38:00-05:00,L,11708.0,11664.0,11664.25,43.75,-90.0,-1.0285714285714285,SL,1,s2
2023-01-18 10:56:00-05:00,2023-01-18 10:56:00-05:00,2023-01-18 11:22:00-05:00,L,11594.0,11552.0,11552.25,41.75,-86.0,-1.029940119760479,SL,1,s1
2023-01-18 11:23:00-05:00,2023-01-18 11:23:00-05:00,2023-01-18 13:08:00-05:00,S,11550.5,11490.5,11589.75,39.25,118.0,1.5031847133757963,TP,1,s3
2023-01-19 09:32:00-05:00,2023-01-19 09:32:00-05:00,2023-01-19 11:34:00-05:00,L,11436.75,11320.25,11320.5,116.25,-235.0,-1.010752688172043,SL,1,s1
2023-01-19 11:35:00-05:00,2023-01-19 11:35:00-05:00,2023-01-19 13:38:00-05:00,S,11319.25,11400.5,11400.25,81.0,-164.5,-1.0154320987654322,SL,1,s3
2023-01-20 09:32:00-05:00,2023-01-20 09:32:00-05:00,2023-01-20 09:43:00-05:00,S,11398.5,11441.25,11441.0,42.5,-87.5,-1.0294117647058822,SL,1,s4
2023-01-20 09:44:00-05:00,2023-01-20 09:44:00-05:00,2023-01-20 11:11:00-05:00,L,11441.25,11507.0,11400.5,40.75,129.5,1.5889570552147239,TP,1,s2
2023-01-23 10:23:00-05:00,2023-01-23 10:23:00-05:00,2023-01-23 15:59:00-05:00,L,11845.25,11931.0,11759.0,86.25,169.5,0.9826086956521739,time,1,s2
2023-01-24 09:32:00-05:00,2023-01-24 09:32:00-05:00,2023-01-24 15:59:00-05:00,L,11881.5,11905.25,11760.0,121.5,45.5,0.18724279835390947,time,1,s1
2023-01-25 09:32:00-05:00,2023-01-25 09:32:00-05:00,2023-01-25 09:33:00-05:00,S,11661.0,11661.5,11874.25,213.25,-3.0,-0.007033997655334115,TP,1,s3
2023-01-26 09:32:00-05:00,2023-01-26 09:32:00-05:00,2023-01-26 09:56:00-05:00,L,12064.0,11956.5,11956.75,107.25,-217.0,-1.0116550116550116,SL,1,s2
2023-01-27 09:32:00-05:00,2023-01-27 09:32:00-05:00,2023-01-27 10:06:00-05:00,L,12087.5,12161.75,11990.5,97.0,146.5,0.7551546391752577,TP,1,s1
2023-01-27 10:23:00-05:00,2023-01-27 10:23:00-05:00,2023-01-27 12:15:00-05:00,S,12153.5,12219.25,12219.0,65.5,-133.5,-1.0190839694656488,SL,1,s4
2023-01-27 12:23:00-05:00,2023-01-27 12:23:00-05:00,2023-01-27 15:59:00-05:00,L,12223.0,12222.75,12161.75,61.25,-2.5,-0.02040816326530612,time,1,s2
2023-01-30 09:35:00-05:00,2023-01-30 09:35:00-05:00,2023-01-30 15:59:00-05:00,S,12067.0,11971.25,12150.0,83.0,189.5,1.141566265060241,time,1,s3
2023-01-31 09:35:00-05:00,2023-01-31 09:35:00-05:00,2023-01-31 10:50:00-05:00,S,12009.0,12072.25,12072.0,63.0,-128.5,-1.0198412698412698,SL,1,s4
2023-02-01 09:35:00-05:00,2023-02-01 09:35:00-05:00,2023-02-01 14:38:00-05:00,L,12107.0,12205.0,12051.0,56.0,194.0,1.7321428571428572,TP,1,s1
2023-02-01 14:41:00-05:00,2023-02-01 14:41:00-05:00,2023-02-01 14:46:00-05:00,L,12262.5,12343.25,12205.0,57.5,159.5,1.3869565217391304,TP,1,s2
2023-02-02 09:32:00-05:00,2023-02-02 09:32:00-05:00,2023-02-02 13:42:00-05:00,L,12701.75,12895.0,12547.0,154.75,384.5,1.2423263327948304,TP,1,s2
2023-02-03 09:32:00-05:00,2023-02-03 09:32:00-05:00,2023-02-03 10:16:00-05:00,S,12634.25,12776.5,12776.25,142.0,-286.5,-1.0088028169014085,SL,1,s3
2023-02-03 10:17:00-05:00,2023-02-03 10:17:00-05:00,2023-02-03 13:08:00-05:00,L,12801.0,12696.75,12697.0,104.0,-210.5,-1.0120192307692308,SL,1,s1
2023-02-06 09:32:00-05:00,2023-02-06 09:32:00-05:00,2023-02-06 15:59:00-05:00,L,12557.75,12513.0,12447.75,110.0,-91.5,-0.4159090909090909,time,1,s1
2023-02-07 11:08:00-05:00,2023-02-07 11:08:00-05:00,2023-02-07 12:41:00-05:00,S,12547.75,12597.25,12597.0,49.25,-101.0,-1.0253807106598984,SL,1,s4
2023-02-07 13:35:00-05:00,2023-02-07 13:35:00-05:00,2023-02-07 14:03:00-05:00,L,12477.0,12555.0,12429.5,47.5,154.0,1.6210526315789473,TP,1,s1
2023-02-08 09:53:00-05:00,2023-02-08 09:53:00-05:00,2023-02-08 11:12:00-05:00,L,12676.25,12574.25,12574.5,101.75,-206.0,-1.0122850122850122,SL,1,s1
2023-02-08 11:14:00-05:00,2023-02-08 11:14:00-05:00,2023-02-08 15:59:00-05:00,S,12570.25,12543.75,12673.5,103.25,51.0,0.2469733656174334,time,1,s3
2023-02-09 09:32:00-05:00,2023-02-09 09:32:00-05:00,2023-02-09 11:03:00-05:00,L,12693.25,12609.0,12609.25,84.0,-170.5,-1.0148809523809523,SL,1,s2
2023-02-09 11:05:00-05:00,2023-02-09 11:05:00-05:00,2023-02-09 14:16:00-05:00,S,12595.5,12477.75,12675.5,80.0,233.5,1.459375,TP,1,s4
2023-02-09 14:17:00-05:00,2023-02-09 14:17:00-05:00,2023-02-09 15:25:00-05:00,L,12480.25,12411.25,12411.5,68.75,-140.0,-1.018181818181818,SL,1,s1
2023-02-10 09:41:00-05:00,2023-02-10 09:41:00-05:00,2023-02-10 15:59:00-05:00,L,12338.5,12345.5,12227.5,111.0,12.0,0.05405405405405406,time,1,s1
2023-02-13 09:32:00-05:00,2023-02-13 09:32:00-05:00,2023-02-13 09:57:00-05:00,S,12380.25,12444.5,12444.25,64.0,-130.5,-1.01953125,SL,1,s4
2023-02-13 09:59:00-05:00,2023-02-13 09:59:00-05:00,2023-02-13 11:14:00-05:00,L,12461.25,12526.0,12394.75,66.5,127.5,0.9586466165413534,TP,1,s2
2023-02-14 09:32:00-05:00,2023-02-14 09:32:00-05:00,2023-02-14 09:39:00-05:00,S,12413.0,12485.5,12485.25,72.25,-147.0,-1.0173010380622838,SL,1,s3
2023-02-14 09:41:00-05:00,2023-02-14 09:41:00-05:00,2023-02-14 10:00:00-05:00,L,12502.5,12603.75,12425.75,76.75,200.5,1.3061889250814331,TP,1,s1
2023-02-14 10:11:00-05:00,2023-02-14 10:11:00-05:00,2023-02-14 10:29:00-05:00,L,12669.75,12603.5,12603.75,66.0,-134.5,-1.018939393939394,SL,1,s2
2023-02-15 09:32:00-05:00,2023-02-15 09:32:00-05:00,2023-02-15 14:09:00-05:00,L,12592.75,12708.75,12475.25,117.5,230.0,0.9787234042553191,TP,1,s1
2023-02-15 14:20:00-05:00,2023-02-15 14:20:00-05:00,2023-02-15 15:59:00-05:00,S,12702.75,12734.25,12786.75,84.0,-65.0,-0.3869047619047619,time,1,s4
2023-02-16 09:32:00-05:00,2023-02-16 09:32:00-05:00,2023-02-16 09:36:00-05:00,S,12550.75,12520.25,12676.25,125.5,59.0,0.2350597609561753,TP,1,s3
2023-02-16 12:35:00-05:00,2023-02-16 12:35:00-05:00,2023-02-16 15:05:00-05:00,L,12682.5,12618.0,12618.25,64.25,-131.0,-1.0194552529182879,SL,1,s1
2023-02-17 09:41:00-05:00,2023-02-17 09:41:00-05:00,2023-02-17 15:59:00-05:00,S,12356.75,12392.0,12421.75,65.0,-72.5,-0.5576923076923077,time,1,s3
2023-02-21 09:32:00-05:00,2023-02-21 09:32:00-05:00,2023-02-21 09:33:00-05:00,S,12244.25,12244.5,12357.75,113.5,-2.5,-0.011013215859030838,TP,1,s3
2023-02-22 09:35:00-05:00,2023-02-22 09:35:00-05:00,2023-02-22 10:16:00-05:00,S,12126.0,12043.25,12208.0,82.0,163.5,0.9969512195121951,TP,1,s4
2023-02-22 10:17:00-05:00,2023-02-22 10:17:00-05:00,2023-02-22 13:21:00-05:00,L,12051.75,12152.75,11988.0,63.75,200.0,1.5686274509803921,TP,1,s1
2023-02-23 09:32:00-05:00,2023-02-23 09:32:00-05:00,2023-02-23 10:47:00-05:00,L,12235.25,12145.5,12145.75,89.5,-181.5,-1.0139664804469273,SL,1,s2
2023-02-23 12:26:00-05:00,2023-02-23 12:26:00-05:00,2023-02-23 14:13:00-05:00,L,12061.5,12145.75,12016.5,45.0,166.5,1.85,TP,1,s1
2023-02-24 09:32:00-05:00,2023-02-24 09:32:00-05:00,2023-02-24 09:46:00-05:00,S,12014.75,11970.5,12142.25,127.5,86.5,0.3392156862745098,TP,1,s3
2023-02-27 09:32:00-05:00,2023-02-27 09:32:00-05:00,2023-02-27 09:33:00-05:00,L,12128.25,12127.5,12030.75,97.5,-3.5,-0.017948717948717947,TP,1,s2
2023-02-28 09:35:00-05:00,2023-02-28 09:35:00-05:00,2023-02-28 10:06:00-05:00,L,12061.25,12119.75,12011.5,49.75,115.0,1.1557788944723617,TP,1,s1
2023-02-28 10:08:00-05:00,2023-02-28 10:08:00-05:00,2023-02-28 10:52:00-05:00,S,12116.0,12047.75,12156.0,40.0,134.5,1.68125,TP,1,s4
2023-02-28 13:05:00-05:00,2023-02-28 13:05:00-05:00,2023-02-28 14:59:00-05:00,L,12158.75,12119.5,12119.75,39.0,-80.5,-1.0320512820512822,SL,1,s2
2023-03-01 09:41:00-05:00,2023-03-01 09:41:00-05:00,2023-03-01 10:06:00-05:00,L,12040.0,11991.25,11991.5,48.5,-99.5,-1.0257731958762886,SL,1,s1
2023-03-01 10:11:00-05:00,2023-03-01 10:11:00-05:00,2023-03-01 10:41:00-05:00,S,11963.75,12028.5,12028.25,64.5,-131.5,-1.0193798449612403,SL,1,s3
2023-03-02 09:32:00-05:00,2023-03-02 09:32:00-05:00,2023-03-02 10:02:00-05:00,S,11868.0,11923.0,11922.75,54.75,-112.0,-1.0228310502283104,SL,1,s3
2023-03-02 10:53:00-05:00,2023-03-02 10:53:00-05:00,2023-03-02 14:00:00-05:00,L,11925.0,12007.75,11880.0,45.0,163.5,1.8166666666666667,TP,1,s1
2023-03-02 14:17:00-05:00,2023-03-02 14:17:00-05:00,2023-03-02 14:30:00-05:00,S,12004.75,12050.75,12050.5,45.75,-94.0,-1.0273224043715847,SL,1,s4
2023-03-03 09:32:00-05:00,2023-03-03 09:32:00-05:00,2023-03-03 10:00:00-05:00,S,12118.75,12203.75,12203.5,84.75,-172.0,-1.0147492625368733,SL,1,s4
2023-03-03 10:23:00-05:00,2023-03-03 10:23:00-05:00,2023-03-03 15:08:00-05:00,L,12208.75,12320.5,12134.75,74.0,221.5,1.4966216216216217,TP,1,s2
2023-03-06 09:38:00-05:00,2023-03-06 09:38:00-05:00,2023-03-06 10:18:00-05:00,S,12367.25,12428.75,12428.5,61.25,-125.0,-1.0204081632653061,SL,1,s4
2023-03-06 10:23:00-05:00,2023-03-06 10:23:00-05:00,2023-03-06 13:36:00-05:00,L,12428.75,12370.0,12370.25,58.5,-119.5,-1.0213675213675213,SL,1,s2
2023-03-07 10:08:00-05:00,2023-03-07 10:08:00-05:00,2023-03-07 10:33:00-05:00,S,12192.75,12277.0,12276.75,84.0,-170.5,-1.0148809523809523,SL,1,s3
2023-03-07 10:35:00-05:00,2023-03-07 10:35:00-05:00,2023-03-07 10:52:00-05:00,L,12303.25,12229.0,12229.25,74.0,-150.5,-1.0168918918918919,SL,1,s1
2023-03-08 11:08:00-05:00,2023-03-08 11:08:00-05:00,2023-03-08 15:59:00-05:00,S,12227.0,12231.25,12293.5,66.5,-10.5,-0.07894736842105263,time,1,s4
2023-03-09 09:41:00-05:00,2023-03-09 09:41:00-05:00,2023-03-09 09:47:00-05:00,S,12270.0,12311.75,12311.5,41.5,-85.5,-1.0301204819277108,SL,1,s4
2023-03-09 13:32:00-05:00,2023-03-09 13:32:00-05:00,2023-03-09 14:05:00-05:00,S,12146.75,12083.75,12191.0,44.25,124.0,1.4011299435028248,TP,1,s3
2023-03-10 09:53:00-05:00,2023-03-10 09:53:00-05:00,2023-03-10 13:52:00-05:00,L,11910.0,11799.0,11799.25,110.75,-224.0,-1.0112866817155757,SL,1,s1
2023-03-13 09:32:00-04:00,2023-03-13 09:32:00-04:00,2023-03-13 09:58:00-04:00,L,11772.5,11918.75,11685.25,87.25,290.5,1.664756446991404,TP,1,s1
2023-03-13 09:59:00-04:00,2023-03-13 09:59:00-04:00,2023-03-13 11:02:00-04:00,S,11887.0,11997.0,11996.75,109.75,-222.0,-1.0113895216400912,SL,1,s4
2023-03-13 11:17:00-04:00,2023-03-13 11:17:00-04:00,2023-03-13 15:59:00-04:00,L,12014.25,11929.5,11918.75,95.5,-171.5,-0.8979057591623036,time,1,s2
2023-03-14 09:41:00-04:00,2023-03-14 09:41:00-04:00,2023-03-14 15:59:00-04:00,L,12143.5,12200.0,12034.5,109.0,111.0,0.5091743119266054,time,1,s2
2023-03-16 09:32:00-04:00,2023-03-16 09:32:00-04:00,2023-03-16 10:47:00-04:00,L,12329.25,12462.5,12251.5,77.75,264.5,1.7009646302250805,TP,1,s1
2023-03-16 11:08:00-04:00,2023-03-16 11:08:00-04:00,2023-03-16 11:57:00-04:00,L,12551.0,12652.75,12462.5,88.5,201.5,1.1384180790960452,TP,1,s2
2023-03-17 11:29:00-04:00,2023-03-17 11:29:00-04:00,2023-03-17 15:59:00-04:00,L,12607.25,12647.25,12484.5,122.75,78.0,0.31771894093686354,time,1,s1
2023-03-20 09:38:00-04:00,2023-03-20 09:38:00-04:00,2023-03-20 15:59:00-04:00,L,12586.5,12692.75,12514.75,71.75,210.5,1.4668989547038327,time,1,s1
2023-03-21 09:32:00-04:00,2023-03-21 09:32:00-04:00,2023-03-21 10:25:00-04:00,L,12795.5,12741.75,12742.0,53.5,-109.5,-1.0233644859813085,SL,1,s2
2023-03-21 10:35:00-04:00,2023-03-21 10:35:00-04:00,2023-03-21 13:10:00-04:00,S,12739.5,12791.75,12791.5,52.0,-106.5,-1.0240384615384615,SL,1,s4
2023-03-22 10:32:00-04:00,2023-03-22 10:32:00-04:00,2023-03-22 14:00:00-04:00,S,12925.0,12979.5,12979.25,54.25,-111.0,-1.023041474654378,SL,1,s4
2023-03-22 14:05:00-04:00,2023-03-22 14:05:00-04:00,2023-03-22 14:13:00-04:00,L,13015.0,12927.75,12928.0,87.0,-176.5,-1.014367816091954,SL,1,s2
2023-03-23 10:02:00-04:00,2023-03-23 10:02:00-04:00,2023-03-23 14:38:00-04:00,L,12911.5,12804.5,12804.75,106.75,-216.0,-1.0117096018735363,SL,1,s2
2023-03-24 09:44:00-04:00,2023-03-24 09:44:00-04:00,2023-03-24 15:59:00-04:00,L,12775.25,12894.0,12683.25,92.0,235.5,1.2798913043478262,time,1,s1
2023-03-27 09:47:00-04:00,2023-03-27 09:47:00-04:00,2023-03-27 11:05:00-04:00,S,12937.5,12847.75,12987.75,50.25,177.5,1.7661691542288558,TP,1,s4
2023-03-27 11:14:00-04:00,2023-03-27 11:14:00-04:00,2023-03-27 11:53:00-04:00,L,12848.25,12800.5,12800.75,47.5,-97.5,-1.0263157894736843,SL,1,s1
2023-03-28 10:02:00-04:00,2023-03-28 10:02:00-04:00,2023-03-28 15:59:00-04:00,S,12688.75,12733.0,12745.0,56.25,-90.5,-0.8044444444444444,time,1,s3
2023-03-29 09:32:00-04:00,2023-03-29 09:32:00-04:00,2023-03-29 09:33:00-04:00,L,12907.5,12906.75,12771.75,135.75,-3.5,-0.01289134438305709,TP,1,s2
2023-03-30 09:32:00-04:00,2023-03-30 09:32:00-04:00,2023-03-30 11:12:00-04:00,L,13071.75,13109.0,13007.0,64.75,72.5,0.5598455598455598,TP,1,s2
2023-03-31 09:47:00-04:00,2023-03-31 09:47:00-04:00,2023-03-31 10:41:00-04:00,L,13142.0,13186.25,13112.5,29.5,86.5,1.4661016949152543,TP,1,s2
2023-04-03 09:38:00-04:00,2023-04-03 09:38:00-04:00,2023-04-03 11:07:00-04:00,L,13240.75,13172.5,13172.75,68.0,-138.5,-1.0183823529411764,SL,1,s1
2023-04-03 11:08:00-04:00,2023-04-03 11:08:00-04:00,2023-04-03 15:11:00-04:00,S,13170.5,13237.5,13237.25,66.75,-136.0,-1.0187265917602997,SL,1,s3
2023-04-04 09:44:00-04:00,2023-04-04 09:44:00-04:00,2023-04-04 10:00:00-04:00,L,13238.5,13302.75,13200.25,38.25,126.5,1.65359477124183,TP,1,s1
2023-04-04 10:17:00-04:00,2023-04-04 10:17:00-04:00,2023-04-04 11:09:00-04:00,S,13294.25,13234.75,13337.25,43.0,117.0,1.3604651162790697,TP,1,s4
2023-04-04 12:08:00-04:00,2023-04-04 12:08:00-04:00,2023-04-04 13:17:00-04:00,S,13199.5,13235.0,13234.75,35.25,-73.0,-1.0354609929078014,SL,1,s3
2023-04-05 09:47:00-04:00,2023-04-05 09:47:00-04:00,2023-04-05 10:43:00-04:00,S,13135.25,13064.75,13180.0,44.75,139.0,1.553072625698324,TP,1,s3
2023-04-06 09:32:00-04:00,2023-04-06 09:32:00-04:00,2023-04-06 10:06:00-04:00,S,12975.25,13031.25,13031.0,55.75,-114.0,-1.0224215246636772,SL,1,s3
2023-04-06 10:11:00-04:00,2023-04-06 10:11:00-04:00,2023-04-06 11:48:00-04:00,L,13045.5,13128.0,12982.25,63.25,163.0,1.2885375494071147,TP,1,s1
2023-04-06 11:50:00-04:00,2023-04-06 11:50:00-04:00,2023-04-06 14:02:00-04:00,S,13121.5,13177.0,13176.75,55.25,-113.0,-1.0226244343891402,SL,1,s4
2023-04-06 14:08:00-04:00,2023-04-06 14:08:00-04:00,2023-04-06 15:59:00-04:00,L,13180.25,13171.25,13128.0,52.25,-20.0,-0.19138755980861244,time,1,s2
2023-04-10 09:32:00-04:00,2023-04-10 09:32:00-04:00,2023-04-10 12:39:00-04:00,S,13020.25,13106.25,13106.0,85.75,-174.0,-1.0145772594752187,SL,1,s3
2023-04-10 12:47:00-04:00,2023-04-10 12:47:00-04:00,2023-04-10 15:59:00-04:00,L,13107.5,13164.0,13040.0,67.5,111.0,0.8222222222222222,time,1,s1
2023-04-11 09:41:00-04:00,2023-04-11 09:41:00-04:00,2023-04-11 11:03:00-04:00,L,13110.5,13055.5,13055.75,54.75,-112.0,-1.0228310502283104,SL,1,s1
2023-04-12 09:32:00-04:00,2023-04-12 09:32:00-04:00,2023-04-12 09:41:00-04:00,L,13170.0,13106.5,13106.75,63.25,-129.0,-1.0197628458498025,SL,1,s2
2023-04-12 09:50:00-04:00,2023-04-12 09:50:00-04:00,2023-04-12 10:11:00-04:00,L,13068.25,13106.75,13017.0,51.25,75.0,0.7317073170731707,TP,1,s1
2023-04-12 10:56:00-04:00,2023-04-12 10:56:00-04:00,2023-04-12 11:46:00-04:00,S,13012.25,13047.5,13047.25,35.0,-72.5,-1.0357142857142858,SL,1,s3
2023-04-13 10:08:00-04:00,2023-04-13 10:08:00-04:00,2023-04-13 14:08:00-04:00,L,13101.75,13201.75,13025.25,76.5,198.0,1.2941176470588236,TP,1,s2
2023-04-14 09:35:00-04:00,2023-04-14 09:35:00-04:00,2023-04-14 12:31:00-04:00,L,13157.5,13095.25,13095.5,62.0,-126.5,-1.0201612903225807,SL,1,s1
2023-04-14 12:38:00-04:00,2023-04-14 12:38:00-04:00,2023-04-14 14:28:00-04:00,S,13094.25,13153.5,13153.25,59.0,-120.5,-1.021186440677966,SL,1,s3
2023-04-17 10:47:00-04:00,2023-04-17 10:47:00-04:00,2023-04-17 15:59:00-04:00,L,13127.75,13189.25,13071.25,56.5,121.0,1.0707964601769913,time,1,s1
2023-04-18 09:32:00-04:00,2023-04-18 09:32:00-04:00,2023-04-18 10:03:00-04:00,L,13274.25,13224.5,13224.75,49.5,-101.5,-1.0252525252525253,SL,1,s2
2023-04-18 10:05:00-04:00,2023-04-18 10:05:00-04:00,2023-04-18 11:39:00-04:00,S,13216.25,13154.25,13260.5,44.25,122.0,1.3785310734463276,TP,1,s4
2023-04-18 11:41:00-04:00,2023-04-18 11:41:00-04:00,2023-04-18 15:59:00-04:00,L,13170.25,13188.75,13118.5,51.75,35.0,0.33816425120772947,time,1,s1
2023-04-19 09:53:00-04:00,2023-04-19 09:53:00-04:00,2023-04-19 10:44:00-04:00,S,13101.0,13145.5,13145.25,44.25,-91.0,-1.0282485875706215,SL,1,s3
2023-04-20 09:32:00-04:00,2023-04-20 09:32:00-04:00,2023-04-20 10:10:00-04:00,S,13082.25,13143.0,13142.75,60.5,-123.5,-1.0206611570247934,SL,1,s3
2023-04-20 10:11:00-04:00,2023-04-20 10:11:00-04:00,2023-04-20 11:07:00-04:00,L,13150.0,13101.25,13101.5,48.5,-99.5,-1.0257731958762886,SL,1,s1
2023-04-21 09:50:00-04:00,2023-04-21 09:50:00-04:00,2023-04-21 15:59:00-04:00,L,13032.5,13087.75,12979.5,53.0,108.5,1.0235849056603774,time,1,s1
2023-04-24 09:44:00-04:00,2023-04-24 09:44:00-04:00,2023-04-24 10:36:00-04:00,S,13124.75,13050.0,13164.5,39.75,147.5,1.8553459119496856,TP,1,s4
2023-04-24 11:14:00-04:00,2023-04-24 11:14:00-04:00,2023-04-24 13:58:00-04:00,S,13006.5,13050.25,13050.0,43.5,-89.5,-1.028735632183908,SL,1,s3
2023-04-24 14:02:00-04:00,2023-04-24 14:02:00-04:00,2023-04-24 15:59:00-04:00,L,13056.75,13059.25,13011.5,45.25,3.0,0.03314917127071823,time,1,s1
2023-04-25 10:11:00-04:00,2023-04-25 10:11:00-04:00,2023-04-25 12:34:00-04:00,S,12948.25,12891.75,13013.75,65.5,111.0,0.8473282442748091,TP,1,s3
2023-04-26 09:38:00-04:00,2023-04-26 09:38:00-04:00,2023-04-26 15:50:00-04:00,L,12929.25,12866.0,12866.25,63.0,-128.5,-1.0198412698412698,SL,1,s2
2023-04-27 09:32:00-04:00,2023-04-27 09:32:00-04:00,2023-04-27 09:36:00-04:00,L,13026.25,13031.75,12923.25,103.0,9.0,0.043689320388349516,TP,1,s2
2023-05-01 10:23:00-04:00,2023-05-01 10:23:00-04:00,2023-05-01 15:59:00-04:00,L,13289.0,13303.25,13239.75,49.25,26.5,0.26903553299492383,time,1,s1
2023-05-02 09:41:00-04:00,2023-05-02 09:41:00-04:00,2023-05-02 10:11:00-04:00,L,13275.75,13245.75,13246.0,29.75,-62.0,-1.0420168067226891,SL,1,s1
2023-05-03 09:56:00-04:00,2023-05-03 09:56:00-04:00,2023-05-03 14:40:00-04:00,S,13238.5,13296.25,13296.0,57.5,-117.5,-1.0217391304347827,SL,1,s4
2023-05-04 09:50:00-04:00,2023-05-04 09:50:00-04:00,2023-05-04 15:59:00-04:00,L,13046.0,13047.75,12980.25,65.75,1.5,0.011406844106463879,time,1,s1
2023-05-05 09:32:00-04:00,2023-05-05 09:32:00-04:00,2023-05-05 09:49:00-04:00,L,13153.0,13177.75,13083.5,69.5,47.5,0.34172661870503596,TP,1,s2
2023-05-08 10:35:00-04:00,2023-05-08 10:35:00-04:00,2023-05-08 15:59:00-04:00,L,13265.0,13354.25,13194.75,70.25,176.5,1.2562277580071175,time,1,s1
2023-05-09 09:32:00-04:00,2023-05-09 09:32:00-04:00,2023-05-09 15:59:00-04:00,S,13286.25,13266.25,13323.5,37.25,38.0,0.5100671140939598,time,1,s3
2023-05-10 09:32:00-04:00,2023-05-10 09:32:00-04:00,2023-05-10 09:33:00-04:00,L,13403.5,13402.75,13284.75,118.75,-3.5,-0.014736842105263158,TP,1,s2
2023-05-10 13:26:00-04:00,2023-05-10 13:26:00-04:00,2023-05-10 13:53:00-04:00,S,13280.25,13304.0,13303.75,23.5,-49.5,-1.053191489361702,SL,1,s4
2023-05-11 14:47:00-04:00,2023-05-11 14:47:00-04:00,2023-05-11 15:59:00-04:00,S,13460.0,13447.25,13512.75,52.75,23.5,0.22274881516587677,time,1,s4
2023-05-12 09:38:00-04:00,2023-05-12 09:38:00-04:00,2023-05-12 10:04:00-04:00,S,13463.25,13416.75,13508.0,44.75,91.0,1.0167597765363128,TP,1,s4
2023-05-12 10:08:00-04:00,2023-05-12 10:08:00-04:00,2023-05-12 10:36:00-04:00,L,13417.0,13385.75,13386.0,31.0,-64.5,-1.0403225806451613,SL,1,s1
2023-05-12 11:26:00-04:00,2023-05-12 11:26:00-04:00,2023-05-12 12:44:00-04:00,S,13383.5,13336.0,13416.75,33.25,93.0,1.3984962406015038,TP,1,s3
2023-05-15 11:53:00-04:00,2023-05-15 11:53:00-04:00,2023-05-15 15:59:00-04:00,S,13442.75,13472.25,13494.75,52.0,-61.0,-0.5865384615384616,time,1,s4
2023-05-16 09:32:00-04:00,2023-05-16 09:32:00-04:00,2023-05-16 09:45:00-04:00,L,13464.75,13507.0,13401.5,63.25,82.5,0.6521739130434783,TP,1,s1
2023-05-16 09:50:00-04:00,2023-05-16 09:50:00-04:00,2023-05-16 11:52:00-04:00,S,13477.0,13542.75,13542.5,65.5,-133.5,-1.0190839694656488,SL,1,s4
2023-05-16 11:59:00-04:00,2023-05-16 11:59:00-04:00,2023-05-16 14:33:00-04:00,L,13545.0,13506.75,13507.0,38.0,-78.5,-1.0328947368421053,SL,1,s2
2023-05-17 09:50:00-04:00,2023-05-17 09:50:00-04:00,2023-05-17 11:17:00-04:00,S,13495.75,13548.25,13548.0,52.25,-107.0,-1.0239234449760766,SL,1,s4
2023-05-18 10:23:00-04:00,2023-05-18 10:23:00-04:00,2023-05-18 11:46:00-04:00,L,13765.25,13841.25,13698.0,67.25,150.0,1.1152416356877324,TP,1,s2
2023-05-19 14:20:00-04:00,2023-05-19 14:20:00-04:00,2023-05-19 15:59:00-04:00,L,13843.5,13857.75,13752.75,90.75,26.5,0.14600550964187328,time,1,s1
2023-05-22 09:35:00-04:00,2023-05-22 09:35:00-04:00,2023-05-22 09:42:00-04:00,S,13882.75,13921.5,13921.25,38.5,-79.5,-1.0324675324675325,SL,1,s4
2023-05-22 09:50:00-04:00,2023-05-22 09:50:00-04:00,2023-05-22 10:08:00-04:00,L,13938.25,13889.25,13889.5,48.75,-100.0,-1.0256410256410255,SL,1,s2
2023-05-23 09:38:00-04:00,2023-05-23 09:38:00-04:00,2023-05-23 10:00:00-04:00,S,13841.0,13878.25,13878.0,37.0,-76.5,-1.0337837837837838,SL,1,s3
2023-05-24 09:32:00-04:00,2023-05-24 09:32:00-04:00,2023-05-24 15:21:00-04:00,S,13630.25,13679.25,13679.0,48.75,-100.0,-1.0256410256410255,SL,1,s3
2023-05-25 09:32:00-04:00,2023-05-25 09:32:00-04:00,2023-05-25 09:33:00-04:00,L,13901.0,13900.5,13691.5,209.5,-3.0,-0.007159904534606206,TP,1,s2
2023-05-26 09:32:00-04:00,2023-05-26 09:32:00-04:00,2023-05-26 09:41:00-04:00,S,14026.25,14077.25,14077.0,50.75,-104.0,-1.0246305418719213,SL,1,s4
2023-05-30 09:32:00-04:00,2023-05-30 09:32:00-04:00,2023-05-30 09:33:00-04:00,L,14494.0,14493.5,14418.0,76.0,-3.0,-0.019736842105263157,TP,1,s2
2023-05-30 10:02:00-04:00,2023-05-30 10:02:00-04:00,2023-05-30 10:05:00-04:00,S,14410.25,14430.5,14430.25,20.0,-42.5,-1.0625,SL,1,s4
2023-05-30 12:41:00-04:00,2023-05-30 12:41:00-04:00,2023-05-30 12:48:00-04:00,L,14397.0,14418.0,14382.25,14.75,40.0,1.3559322033898304,TP,1,s1
2023-05-30 13:41:00-04:00,2023-05-30 13:41:00-04:00,2023-05-30 13:53:00-04:00,S,14381.75,14362.75,14394.5,12.75,36.0,1.411764705882353,TP,1,s3
2023-05-31 09:32:00-04:00,2023-05-31 09:32:00-04:00,2023-05-31 11:18:00-04:00,L,14338.5,14273.75,14274.0,64.5,-131.5,-1.0193798449612403,SL,1,s1
2023-05-31 11:26:00-04:00,2023-05-31 11:26:00-04:00,2023-05-31 13:35:00-04:00,S,14273.0,14336.0,14335.75,62.75,-128.0,-1.0199203187250996,SL,1,s3
2023-06-01 09:35:00-04:00,2023-06-01 09:35:00-04:00,2023-06-01 10:42:00-04:00,L,14259.25,14345.75,14214.0,45.25,171.0,1.8895027624309393,TP,1,s1
2023-06-01 11:17:00-04:00,2023-06-01 11:17:00-04:00,2023-06-01 12:20:00-04:00,L,14399.5,14462.25,14345.75,53.75,123.5,1.1488372093023256,TP,1,s2
2023-06-02 09:47:00-04:00,2023-06-02 09:47:00-04:00,2023-06-02 15:59:00-04:00,S,14543.75,14579.5,14625.5,81.75,-73.5,-0.44954128440366975,time,1,s4
2023-06-05 09:38:00-04:00,2023-06-05 09:38:00-04:00,2023-06-05 10:55:00-04:00,S,14603.75,14666.5,14666.25,62.5,-127.5,-1.02,SL,1,s4
2023-06-05 10:56:00-04:00,2023-06-05 10:56:00-04:00,2023-06-05 13:49:00-04:00,L,14666.5,14622.25,14622.5,44.0,-90.5,-1.0284090909090908,SL,1,s2
2023-06-06 09:47:00-04:00,2023-06-06 09:47:00-04:00,2023-06-06 15:59:00-04:00,L,14550.5,14583.75,14504.0,46.5,64.5,0.6935483870967742,time,1,s1
2023-06-07 09:32:00-04:00,2023-06-07 09:32:00-04:00,2023-06-07 09:57:00-04:00,L,14655.75,14616.25,14616.5,39.25,-81.0,-1.0318471337579618,SL,1,s2
2023-06-07 10:02:00-04:00,2023-06-07 10:02:00-04:00,2023-06-07 10:24:00-04:00,S,14608.5,14551.5,14649.5,41.0,112.0,1.3658536585365855,TP,1,s4
2023-06-07 10:32:00-04:00,2023-06-07 10:32:00-04:00,2023-06-07 10:35:00-04:00,L,14557.5,14518.25,14518.5,39.0,-80.5,-1.0320512820512822,SL,1,s1
2023-06-08 10:44:00-04:00,2023-06-08 10:44:00-04:00,2023-06-08 15:59:00-04:00,S,14432.5,14500.25,14535.25,102.75,-137.5,-0.6690997566909975,time,1,s4
2023-06-09 09:41:00-04:00,2023-06-09 09:41:00-04:00,2023-06-09 11:28:00-04:00,L,14620.75,14553.5,14553.75,67.0,-136.5,-1.0186567164179106,SL,1,s2
2023-06-09 11:29:00-04:00,2023-06-09 11:29:00-04:00,2023-06-09 13:46:00-04:00,S,14551.0,14608.0,14607.75,56.75,-116.0,-1.0220264317180616,SL,1,s4
2023-06-12 09:32:00-04:00,2023-06-12 09:32:00-04:00,2023-06-12 11:35:00-04:00,S,14606.0,14662.25,14662.0,56.0,-114.5,-1.0223214285714286,SL,1,s4
2023-06-12 11:41:00-04:00,2023-06-12 11:41:00-04:00,2023-06-12 14:59:00-04:00,L,14664.25,14749.0,14609.0,55.25,167.5,1.5158371040723981,TP,1,s2
2023-06-13 09:35:00-04:00,2023-06-13 09:35:00-04:00,2023-06-13 09:46:00-04:00,L,14932.0,14863.5,14863.75,68.25,-139.0,-1.0183150183150182,SL,1,s2
2023-06-13 09:47:00-04:00,2023-06-13 09:47:00-04:00,2023-06-13 11:23:00-04:00,S,14843.75,14925.25,14925.0,81.25,-165.0,-1.0153846153846153,SL,1,s4
2023-06-15 09:41:00-04:00,2023-06-15 09:41:00-04:00,2023-06-15 10:28:00-04:00,L,15165.25,15268.75,15071.0,94.25,205.0,1.0875331564986737,TP,1,s1
2023-06-15 10:29:00-04:00,2023-06-15 10:29:00-04:00,2023-06-15 13:45:00-04:00,S,15265.25,15335.25,15335.0,69.75,-142.0,-1.017921146953405,SL,1,s4
2023-06-15 13:47:00-04:00,2023-06-15 13:47:00-04:00,2023-06-15 15:59:00-04:00,L,15339.5,15377.0,15268.75,70.75,73.0,0.5159010600706714,time,1,s2
2023-06-16 09:32:00-04:00,2023-06-16 09:32:00-04:00,2023-06-16 15:14:00-04:00,S,15415.5,15287.5,15557.0,141.5,254.0,0.8975265017667845,TP,1,s4
2023-06-20 09:32:00-04:00,2023-06-20 09:32:00-04:00,2023-06-20 09:33:00-04:00,L,15260.5,15260.5,15225.0,35.5,-2.0,-0.028169014084507043,TP,1,s1
2023-06-20 09:56:00-04:00,2023-06-20 09:56:00-04:00,2023-06-20 09:57:00-04:00,S,15237.5,15231.5,15250.5,13.0,10.0,0.38461538461538464,TP,1,s4
2023-06-20 09:59:00-04:00,2023-06-20 09:59:00-04:00,2023-06-20 10:00:00-04:00,S,15224.25,15215.0,15231.5,7.25,16.5,1.1379310344827587,TP,1,s3
2023-06-21 09:32:00-04:00,2023-06-21 09:32:00-04:00,2023-06-21 09:52:00-04:00,L,15204.25,15152.25,15152.5,51.75,-106.0,-1.0241545893719808,SL,1,s1
2023-06-21 09:53:00-04:00,2023-06-21 09:53:00-04:00,2023-06-21 10:45:00-04:00,S,15146.25,15068.25,15203.25,57.0,154.0,1.3508771929824561,TP,1,s3
2023-06-22 09:32:00-04:00,2023-06-22 09:32:00-04:00,2023-06-22 10:11:00-04:00,L,15008.75,15105.0,14926.25,82.5,190.5,1.1545454545454545,TP,1,s1
2023-06-22 10:41:00-04:00,2023-06-22 10:41:00-04:00,2023-06-22 11:42:00-04:00,S,15088.75,15165.0,15164.75,76.0,-154.5,-1.0164473684210527,SL,1,s4
2023-06-22 11:44:00-04:00,2023-06-22 11:44:00-04:00,2023-06-22 13:02:00-04:00,L,15170.25,15104.75,15105.0,65.25,-133.0,-1.0191570881226053,SL,1,s2
2023-06-23 09:32:00-04:00,2023-06-23 09:32:00-04:00,2023-06-23 13:13:00-04:00,S,15062.25,15144.0,15143.75,81.5,-165.5,-1.0153374233128833,SL,1,s3
2023-06-23 13:20:00-04:00,2023-06-23 13:20:00-04:00,2023-06-23 14:43:00-04:00,L,15151.5,15073.5,15073.75,77.75,-158.0,-1.0160771704180065,SL,1,s1
2023-06-26 10:32:00-04:00,2023-06-26 10:32:00-04:00,2023-06-26 11:16:00-04:00,S,15088.75,15013.5,15154.25,65.5,148.5,1.133587786259542,TP,1,s4
2023-06-26 11:32:00-04:00,2023-06-26 11:32:00-04:00,2023-06-26 12:05:00-04:00,L,15015.0,14966.0,14966.25,48.75,-100.0,-1.0256410256410255,SL,1,s1
2023-06-27 09:41:00-04:00,2023-06-27 09:41:00-04:00,2023-06-27 12:25:00-04:00,S,14939.25,15022.5,15022.25,83.0,-168.5,-1.0150602409638554,SL,1,s4
2023-06-27 12:29:00-04:00,2023-06-27 12:29:00-04:00,2023-06-27 15:59:00-04:00,L,15028.5,15108.5,14939.75,88.75,158.0,0.8901408450704226,time,1,s2
2023-06-28 09:32:00-04:00,2023-06-28 09:32:00-04:00,2023-06-28 10:37:00-04:00,L,15051.25,15177.75,14970.25,81.0,251.0,1.5493827160493827,TP,1,s1
2023-06-28 10:59:00-04:00,2023-06-28 10:59:00-04:00,2023-06-28 15:59:00-04:00,S,15177.25,15139.75,15247.25,70.0,73.0,0.5214285714285715,time,1,s4
2023-06-29 09:32:00-04:00,2023-06-29 09:32:00-04:00,2023-06-29 10:46:00-04:00,L,15116.0,15032.75,15033.0,83.0,-168.5,-1.0150602409638554,SL,1,s1
2023-06-30 09:32:00-04:00,2023-06-30 09:32:00-04:00,2023-06-30 09:33:00-04:00,L,15256.5,15256.0,15135.0,121.5,-3.0,-0.012345679012345678,TP,1,s2
2023-07-03 09:56:00-04:00,2023-07-03 09:56:00-04:00,2023-07-03 13:04:00-04:00,S,15362.5,15359.0,15407.25,44.75,5.0,0.055865921787709494,time,1,s4
2023-07-05 09:32:00-04:00,2023-07-05 09:32:00-04:00,2023-07-05 09:33:00-04:00,L,15338.75,15329.5,15329.75,9.0,-20.5,-1.1388888888888888,SL,1,s1
2023-07-05 09:41:00-04:00,2023-07-05 09:41:00-04:00,2023-07-05 09:42:00-04:00,L,15378.0,15377.75,15352.0,26.0,-2.5,-0.04807692307692308,TP,1,s2
2023-07-05 11:59:00-04:00,2023-07-05 11:59:00-04:00,2023-07-05 12:15:00-04:00,S,15351.5,15360.0,15359.75,8.25,-19.0,-1.1515151515151516,SL,1,s4
2023-07-06 09:32:00-04:00,2023-07-06 09:32:00-04:00,2023-07-06 09:33:00-04:00,S,15186.5,15187.5,15321.75,135.25,-4.0,-0.014787430683918669,TP,1,s3
2023-07-07 09:38:00-04:00,2023-07-07 09:38:00-04:00,2023-07-07 09:53:00-04:00,L,15224.0,15274.25,15158.5,65.5,98.5,0.7519083969465649,TP,1,s1
2023-07-07 12:32:00-04:00,2023-07-07 12:32:00-04:00,2023-07-07 15:19:00-04:00,L,15318.5,15274.0,15274.25,44.25,-91.0,-1.0282485875706215,SL,1,s2
2023-07-10 10:02:00-04:00,2023-07-10 10:02:00-04:00,2023-07-10 12:02:00-04:00,L,15138.25,15079.75,15080.0,58.25,-119.0,-1.0214592274678111,SL,1,s1
2023-07-11 09:38:00-04:00,2023-07-11 09:38:00-04:00,2023-07-11 09:49:00-04:00,S,15231.0,15148.75,15273.5,42.5,162.5,1.911764705882353,TP,1,s4
2023-07-11 09:50:00-04:00,2023-07-11 09:50:00-04:00,2023-07-11 11:59:00-04:00,L,15158.75,15231.75,15107.0,51.75,144.0,1.391304347826087,TP,1,s1
2023-07-12 09:32:00-04:00,2023-07-12 09:32:00-04:00,2023-07-12 09:33:00-04:00,L,15419.5,15431.25,15305.75,113.75,21.5,0.0945054945054945,TP,1,s2
2023-07-13 09:32:00-04:00,2023-07-13 09:32:00-04:00,2023-07-13 09:54:00-04:00,L,15583.75,15616.75,15497.0,86.75,64.0,0.3688760806916426,TP,1,s2
2023-07-14 10:02:00-04:00,2023-07-14 10:02:00-04:00,2023-07-14 10:50:00-04:00,L,15811.0,15757.5,15757.75,53.25,-109.0,-1.0234741784037558,SL,1,s2
2023-07-14 12:56:00-04:00,2023-07-14 12:56:00-04:00,2023-07-14 15:59:00-04:00,S,15756.75,15703.25,15810.0,53.25,105.0,0.9859154929577465,time,1,s4
2023-07-17 09:32:00-04:00,2023-07-17 09:32:00-04:00,2023-07-17 13:48:00-04:00,S,15749.0,15813.0,15812.75,63.75,-130.0,-1.0196078431372548,SL,1,s4
2023-07-17 13:50:00-04:00,2023-07-17 13:50:00-04:00,2023-07-17 15:59:00-04:00,L,15819.5,15844.5,15757.75,61.75,48.0,0.38866396761133604,time,1,s2
2023-07-18 10:47:00-04:00,2023-07-18 10:47:00-04:00,2023-07-18 12:05:00-04:00,L,15797.5,15893.5,15746.75,50.75,190.0,1.8719211822660098,TP,1,s1
2023-07-18 13:41:00-04:00,2023-07-18 13:41:00-04:00,2023-07-18 15:15:00-04:00,L,15948.75,16024.25,15893.5,55.25,149.0,1.3484162895927603,TP,1,s2
2023-07-19 12:05:00-04:00,2023-07-19 12:05:00-04:00,2023-07-19 15:59:00-04:00,S,16045.25,15957.5,16136.0,90.75,173.5,0.9559228650137741,time,1,s4
2023-07-20 09:35:00-04:00,2023-07-20 09:35:00-04:00,2023-07-20 10:05:00-04:00,S,15866.5,15805.5,15915.75,49.25,120.0,1.218274111675127,TP,1,s3
2023-07-21 09:32:00-04:00,2023-07-21 09:32:00-04:00,2023-07-21 15:59:00-04:00,S,15672.5,15537.75,15779.25,106.75,267.5,1.2529274004683841,time,1,s4
2023-07-24 09:38:00-04:00,2023-07-24 09:38:00-04:00,2023-07-24 15:59:00-04:00,S,15587.75,15564.0,15646.0,58.25,45.5,0.3905579399141631,time,1,s4
2023-07-25 09:47:00-04:00,2023-07-25 09:47:00-04:00,2023-07-25 13:00:00-04:00,L,15641.25,15698.0,15600.5,40.75,111.5,1.3680981595092025,TP,1,s2
2023-07-26 09:35:00-04:00,2023-07-26 09:35:00-04:00,2023-07-26 09:58:00-04:00,S,15584.5,15626.75,15626.5,42.0,-86.5,-1.0297619047619047,SL,1,s3
2023-07-26 10:05:00-04:00,2023-07-26 10:05:00-04:00,2023-07-26 10:49:00-04:00,L,15627.25,15585.25,15585.5,41.75,-86.0,-1.029940119760479,SL,1,s1
2023-07-27 09:32:00-04:00,2023-07-27 09:32:00-04:00,2023-07-27 09:33:00-04:00,L,15849.75,15849.25,15660.0,189.75,-3.0,-0.007905138339920948,TP,1,s2
2023-07-27 14:14:00-04:00,2023-07-27 14:14:00-04:00,2023-07-27 14:38:00-04:00,S,15654.75,15567.0,15706.75,52.0,173.5,1.6682692307692308,TP,1,s4
2023-07-28 09:47:00-04:00,2023-07-28 09:47:00-04:00,2023-07-28 15:59:00-04:00,L,15784.75,15849.25,15673.5,111.25,127.0,0.5707865168539326,time,1,s2
2023-07-31 09:47:00-04:00,2023-07-31 09:47:00-04:00,2023-07-31 15:59:00-04:00,S,15892.25,15863.25,15948.75,56.5,56.0,0.49557522123893805,time,1,s4
2023-08-01 09:32:00-04:00,2023-08-01 09:32:00-04:00,2023-08-01 10:14:00-04:00,S,15776.0,15758.0,15834.25,58.25,34.0,0.2918454935622318,TP,1,s3
2023-08-01 10:53:00-04:00,2023-08-01 10:53:00-04:00,2023-08-01 11:03:00-04:00,L,15835.0,15805.0,15805.25,29.75,-62.0,-1.0420168067226891,SL,1,s1
2023-08-02 09:32:00-04:00,2023-08-02 09:32:00-04:00,2023-08-02 09:33:00-04:00,S,15644.25,15644.75,15783.5,139.25,-3.0,-0.010771992818671455,TP,1,s3
2023-08-03 09:38:00-04:00,2023-08-03 09:38:00-04:00,2023-08-03 15:59:00-04:00,L,15398.75,15430.75,15327.25,71.5,62.0,0.43356643356643354,time,1,s1
2023-08-04 09:32:00-04:00,2023-08-04 09:32:00-04:00,2023-08-04 09:51:00-04:00,L,15532.25,15478.25,15478.5,53.75,-110.0,-1.0232558139534884,SL,1,s2
2023-08-04 09:53:00-04:00,2023-08-04 09:53:00-04:00,2023-08-04 10:55:00-04:00,S,15473.5,15526.5,15526.25,52.75,-108.0,-1.0236966824644549,SL,1,s4
2023-08-04 14:44:00-04:00,2023-08-04 14:44:00-04:00,2023-08-04 15:59:00-04:00,L,15394.25,15358.25,15335.75,58.5,-74.0,-0.6324786324786325,time,1,s1
2023-08-07 09:32:00-04:00,2023-08-07 09:32:00-04:00,2023-08-07 15:59:00-04:00,S,15428.25,15486.5,15509.25,81.0,-118.5,-0.7314814814814815,time,1,s4
2023-08-08 09:32:00-04:00,2023-08-08 09:32:00-04:00,2023-08-08 09:44:00-04:00,S,15362.0,15328.5,15443.5,81.5,65.0,0.3987730061349693,TP,1,s3
2023-08-09 09:41:00-04:00,2023-08-09 09:41:00-04:00,2023-08-09 10:21:00-04:00,L,15313.75,15259.75,15260.0,53.75,-110.0,-1.0232558139534884,SL,1,s1
2023-08-09 10:50:00-04:00,2023-08-09 10:50:00-04:00,2023-08-09 11:13:00-04:00,S,15259.25,15185.5,15305.25,46.0,145.5,1.5815217391304348,TP,1,s3
2023-08-10 09:35:00-04:00,2023-08-10 09:35:00-04:00,2023-08-10 09:58:00-04:00,L,15331.75,15404.75,15241.75,90.0,144.0,0.8,TP,1,s2
2023-08-10 11:50:00-04:00,2023-08-10 11:50:00-04:00,2023-08-10 15:59:00-04:00,S,15229.75,15201.0,15303.5,73.75,55.5,0.376271186440678,time,1,s4
2023-08-11 10:02:00-04:00,2023-08-11 10:02:00-04:00,2023-08-11 15:59:00-04:00,L,15119.75,15101.0,15032.5,87.25,-39.5,-0.22636103151862463,time,1,s1
2023-08-14 09:38:00-04:00,2023-08-14 09:38:00-04:00,2023-08-14 10:08:00-04:00,L,15081.0,15138.75,15025.75,55.25,113.5,1.0271493212669682,TP,1,s1
2023-08-14 10:35:00-04:00,2023-08-14 10:35:00-04:00,2023-08-14 10:52:00-04:00,L,15187.0,15238.75,15138.75,48.25,101.5,1.0518134715025906,TP,1,s2
2023-08-15 09:44:00-04:00,2023-08-15 09:44:00-04:00,2023-08-15 10:05:00-04:00,L,15208.25,15141.75,15142.0,66.25,-135.0,-1.0188679245283019,SL,1,s1
2023-08-15 10:08:00-04:00,2023-08-15 10:08:00-04:00,2023-08-15 12:00:00-04:00,S,15130.25,15207.75,15207.5,77.25,-157.0,-1.0161812297734627,SL,1,s3
2023-08-16 09:32:00-04:00,2023-08-16 09:32:00-04:00,2023-08-16 13:07:00-04:00,L,15061.5,15004.0,15004.25,57.25,-117.0,-1.0218340611353711,SL,1,s1
2023-08-16 13:08:00-04:00,2023-08-16 13:08:00-04:00,2023-08-16 13:48:00-04:00,S,15003.0,15055.25,15055.0,52.0,-106.5,-1.0240384615384615,SL,1,s3
2023-08-17 09:32:00-04:00,2023-08-17 09:32:00-04:00,2023-08-17 10:28:00-04:00,S,14987.0,14883.0,15053.0,66.0,206.0,1.5606060606060606,TP,1,s4
2023-08-17 10:29:00-04:00,2023-08-17 10:29:00-04:00,2023-08-17 14:45:00-04:00,L,14887.25,14825.75,14826.0,61.25,-125.0,-1.0204081632653061,SL,1,s1
2023-08-17 14:53:00-04:00,2023-08-17 14:53:00-04:00,2023-08-17 15:59:00-04:00,S,14813.25,14772.25,14883.0,69.75,80.0,0.5734767025089605,time,1,s3
2023-08-18 10:02:00-04:00,2023-08-18 10:02:00-04:00,2023-08-18 11:00:00-04:00,S,14632.0,14702.5,14702.25,70.25,-143.0,-1.0177935943060499,SL,1,s3
2023-08-18 11:02:00-04:00,2023-08-18 11:02:00-04:00,2023-08-18 15:59:00-04:00,L,14704.5,14750.0,14632.25,72.25,89.0,0.615916955017301,time,1,s1
2023-08-21 09:35:00-04:00,2023-08-21 09:35:00-04:00,2023-08-21 11:15:00-04:00,L,14860.0,14803.0,14803.25,56.75,-116.0,-1.0220264317180616,SL,1,s2
2023-08-21 11:44:00-04:00,2023-08-21 11:44:00-04:00,2023-08-21 12:20:00-04:00,S,14795.0,14857.0,14856.75,61.75,-126.0,-1.0202429149797572,SL,1,s4
2023-08-22 09:38:00-04:00,2023-08-22 09:38:00-04:00,2023-08-22 15:59:00-04:00,S,15033.75,14960.5,15111.25,77.5,144.5,0.932258064516129,time,1,s4
2023-08-23 09:47:00-04:00,2023-08-23 09:47:00-04:00,2023-08-23 10:12:00-04:00,L,15062.75,15121.75,15004.5,58.25,116.0,0.9957081545064378,TP,1,s2
2023-08-24 09:35:00-04:00,2023-08-24 09:35:00-04:00,2023-08-24 10:15:00-04:00,S,15254.25,15131.75,15332.5,78.25,243.0,1.5527156549520766,TP,1,s4
2023-08-24 10:35:00-04:00,2023-08-24 10:35:00-04:00,2023-08-24 11:52:00-04:00,S,15057.75,14952.25,15131.75,74.0,209.0,1.412162162162162,TP,1,s3
2023-08-25 10:05:00-04:00,2023-08-25 10:05:00-04:00,2023-08-25 15:59:00-04:00,S,14940.0,14978.0,15125.5,185.5,-78.0,-0.21024258760107817,time,1,s4
2023-08-28 09:50:00-04:00,2023-08-28 09:50:00-04:00,2023-08-28 15:59:00-04:00,S,15039.25,15091.0,15140.75,101.5,-105.5,-0.5197044334975369,time,1,s4
2023-08-29 09:44:00-04:00,2023-08-29 09:44:00-04:00,2023-08-29 09:53:00-04:00,S,15127.5,15170.0,15169.75,42.25,-87.0,-1.029585798816568,SL,1,s4
2023-08-29 10:02:00-04:00,2023-08-29 10:02:00-04:00,2023-08-29 10:05:00-04:00,L,15217.25,15235.0,15130.0,87.25,33.5,0.19197707736389685,TP,1,s2
2023-08-30 12:17:00-04:00,2023-08-30 12:17:00-04:00,2023-08-30 15:59:00-04:00,S,15513.75,15501.75,15616.0,102.25,22.0,0.10757946210268948,time,1,s4
2023-08-31 09:35:00-04:00,2023-08-31 09:35:00-04:00,2023-08-31 10:15:00-04:00,S,15517.75,15584.5,15584.25,66.5,-135.5,-1.018796992481203,SL,1,s4
2023-08-31 10:29:00-04:00,2023-08-31 10:29:00-04:00,2023-08-31 11:25:00-04:00,L,15593.75,15542.5,15542.75,51.0,-104.5,-1.0245098039215685,SL,1,s2
2023-09-01 09:32:00-04:00,2023-09-01 09:32:00-04:00,2023-09-01 09:37:00-04:00,L,15619.25,15564.25,15564.5,54.75,-112.0,-1.0228310502283104,SL,1,s2
2023-09-01 09:38:00-04:00,2023-09-01 09:38:00-04:00,2023-09-01 09:49:00-04:00,S,15559.5,15500.0,15597.25,37.75,117.0,1.5496688741721854,TP,1,s4
2023-09-01 09:50:00-04:00,2023-09-01 09:50:00-04:00,2023-09-01 10:05:00-04:00,L,15505.5,15564.5,15467.25,38.25,116.0,1.5163398692810457,TP,1,s1
2023-09-01 11:50:00-04:00,2023-09-01 11:50:00-04:00,2023-09-01 12:25:00-04:00,S,15463.0,15500.25,15500.0,37.0,-76.5,-1.0337837837837838,SL,1,s3
2023-09-04 09:38:00-04:00,2023-09-04 09:38:00-04:00,2023-09-04 12:49:00-04:00,S,15569.25,15530.25,15629.25,60.0,76.0,0.6333333333333333,time,1,s4
2023-09-05 09:32:00-04:00,2023-09-05 09:32:00-04:00,2023-09-05 09:35:00-04:00,S,15466.75,15456.5,15505.0,38.25,18.5,0.24183006535947713,TP,1,s3
2023-09-05 10:50:00-04:00,2023-09-05 10:50:00-04:00,2023-09-05 11:02:00-04:00,L,15517.75,15541.5,15486.5,31.25,45.5,0.728,TP,1,s1
2023-09-05 11:05:00-04:00,2023-09-05 11:05:00-04:00,2023-09-05 11:27:00-04:00,L,15560.25,15541.25,15541.5,18.75,-40.0,-1.0666666666666667,SL,1,s2
2023-09-05 11:29:00-04:00,2023-09-05 11:29:00-04:00,2023-09-05 11:38:00-04:00,S,15531.5,15505.0,15560.0,28.5,51.0,0.8947368421052632,TP,1,s4
2023-09-06 09:44:00-04:00,2023-09-06 09:44:00-04:00,2023-09-06 10:00:00-04:00,L,15496.75,15454.75,15455.0,41.75,-86.0,-1.029940119760479,SL,1,s1
2023-09-06 10:02:00-04:00,2023-09-06 10:02:00-04:00,2023-09-06 10:13:00-04:00,S,15428.0,15389.75,15494.75,66.75,74.5,0.5580524344569289,TP,1,s3
2023-09-07 09:32:00-04:00,2023-09-07 09:32:00-04:00,2023-09-07 09:33:00-04:00,S,15169.0,15169.5,15342.25,173.25,-3.0,-0.008658008658008658,TP,1,s3
2023-09-08 09:50:00-04:00,2023-09-08 09:50:00-04:00,2023-09-08 09:57:00-04:00,L,15366.0,15318.75,15319.0,47.0,-96.5,-1.0265957446808511,SL,1,s2
2023-09-08 10:59:00-04:00,2023-09-08 10:59:00-04:00,2023-09-08 11:32:00-04:00,S,15298.0,15361.75,15361.5,63.5,-129.5,-1.0196850393700787,SL,1,s4
2023-09-11 09:32:00-04:00,2023-09-11 09:32:00-04:00,2023-09-11 09:33:00-04:00,L,15435.5,15434.75,15332.25,103.25,-3.5,-0.01694915254237288,TP,1,s2
2023-09-12 09:41:00-04:00,2023-09-12 09:41:00-04:00,2023-09-12 10:27:00-04:00,L,15435.5,15387.0,15387.25,48.25,-99.0,-1.0259067357512954,SL,1,s1
2023-09-12 10:29:00-04:00,2023-09-12 10:29:00-04:00,2023-09-12 14:50:00-04:00,S,15386.25,15314.5,15431.25,45.0,141.5,1.5722222222222222,TP,1,s3
2023-09-14 09:35:00-04:00,2023-09-14 09:35:00-04:00,2023-09-14 10:45:00-04:00,S,15596.5,15646.5,15646.25,49.75,-102.0,-1.0251256281407035,SL,1,s4
2023-09-14 10:47:00-04:00,2023-09-14 10:47:00-04:00,2023-09-14 15:59:00-04:00,L,15657.25,15672.0,15600.25,57.0,27.5,0.2412280701754386,time,1,s2
2023-09-15 09:41:00-04:00,2023-09-15 09:41:00-04:00,2023-09-15 10:09:00-04:00,S,15556.25,15487.0,15621.75,65.5,136.5,1.0419847328244274,TP,1,s3
2023-09-19 09:32:00-04:00,2023-09-19 09:32:00-04:00,2023-09-19 10:00:00-04:00,S,15338.0,15295.25,15381.0,43.0,83.5,0.9709302325581395,TP,1,s3
2023-09-19 14:35:00-04:00,2023-09-19 14:35:00-04:00,2023-09-19 14:59:00-04:00,L,15387.25,15348.25,15348.5,38.75,-80.0,-1.032258064516129,SL,1,s1
2023-09-20 09:44:00-04:00,2023-09-20 09:44:00-04:00,2023-09-20 11:23:00-04:00,S,15416.75,15333.5,15465.0,48.25,164.5,1.7046632124352332,TP,1,s4
2023-09-21 09:44:00-04:00,2023-09-21 09:44:00-04:00,2023-09-21 15:59:00-04:00,S,14981.25,14865.0,15073.25,92.0,230.5,1.252717391304348,TP,1,s3
2023-09-22 09:38:00-04:00,2023-09-22 09:38:00-04:00,2023-09-22 09:59:00-04:00,S,14900.25,14950.25,14950.0,49.75,-102.0,-1.0251256281407035,SL,1,s4
2023-09-22 10:05:00-04:00,2023-09-22 10:05:00-04:00,2023-09-22 11:39:00-04:00,L,14951.25,15022.25,14905.5,45.75,140.0,1.530054644808743,TP,1,s2
2023-09-25 09:38:00-04:00,2023-09-25 09:38:00-04:00,2023-09-25 11:18:00-04:00,L,14824.5,14915.25,14771.5,53.0,179.5,1.6933962264150944,TP,1,s1
2023-09-25 11:20:00-04:00,2023-09-25 11:20:00-04:00,2023-09-25 15:59:00-04:00,S,14902.0,14937.0,14963.5,61.5,-72.0,-0.5853658536585366,time,1,s4
2023-09-26 09:32:00-04:00,2023-09-26 09:32:00-04:00,2023-09-26 09:53:00-04:00,S,14812.0,14778.75,14893.75,81.75,64.5,0.3944954128440367,TP,1,s3
2023-09-27 09:35:00-04:00,2023-09-27 09:35:00-04:00,2023-09-27 12:04:00-04:00,S,14757.75,14659.75,14808.0,50.25,194.0,1.9303482587064678,TP,1,s4
2023-09-27 12:11:00-04:00,2023-09-27 12:11:00-04:00,2023-09-27 13:40:00-04:00,L,14662.25,14609.75,14610.0,52.25,-107.0,-1.0239234449760766,SL,1,s1
2023-09-27 13:41:00-04:00,2023-09-27 13:41:00-04:00,2023-09-27 14:28:00-04:00,S,14588.75,14660.0,14659.75,71.0,-144.5,-1.017605633802817,SL,1,s3
2023-09-28 09:35:00-04:00,2023-09-28 09:35:00-04:00,2023-09-28 11:23:00-04:00,L,14697.0,14808.5,14615.5,81.5,221.0,1.3558282208588956,TP,1,s1
2023-09-28 11:44:00-04:00,2023-09-28 11:44:00-04:00,2023-09-28 15:59:00-04:00,L,14880.75,14858.25,14808.5,72.25,-47.0,-0.32525951557093424,time,1,s2
2023-09-29 09:53:00-04:00,2023-09-29 09:53:00-04:00,2023-09-29 11:34:00-04:00,L,15019.25,14938.25,14938.5,80.75,-164.0,-1.0154798761609907,SL,1,s2
2023-09-29 11:38:00-04:00,2023-09-29 11:38:00-04:00,2023-09-29 15:59:00-04:00,S,14931.0,14868.0,15019.0,88.0,124.0,0.7045454545454546,time,1,s4
2023-10-02 09:47:00-04:00,2023-10-02 09:47:00-04:00,2023-10-02 11:16:00-04:00,S,14925.75,15005.5,15005.25,79.5,-161.5,-1.0157232704402517,SL,1,s4
2023-10-02 11:20:00-04:00,2023-10-02 11:20:00-04:00,2023-10-02 11:53:00-04:00,L,15011.75,14936.0,14936.25,75.5,-153.5,-1.0165562913907285,SL,1,s2
2023-10-03 09:50:00-04:00,2023-10-03 09:50:00-04:00,2023-10-03 10:02:00-04:00,L,14940.5,14878.5,14878.75,61.75,-126.0,-1.0202429149797572,SL,1,s1
2023-10-04 09:44:00-04:00,2023-10-04 09:44:00-04:00,2023-10-04 11:59:00-04:00,S,14806.5,14897.75,14897.5,91.0,-184.5,-1.0137362637362637,SL,1,s4
2023-10-05 09:44:00-04:00,2023-10-05 09:44:00-04:00,2023-10-05 10:01:00-04:00,L,14871.75,14797.0,14797.25,74.5,-151.5,-1.016778523489933,SL,1,s1
2023-10-05 10:02:00-04:00,2023-10-05 10:02:00-04:00,2023-10-05 13:49:00-04:00,S,14791.0,14858.75,14858.5,67.5,-137.5,-1.0185185185185186,SL,1,s3
2023-10-06 09:38:00-04:00,2023-10-06 09:38:00-04:00,2023-10-06 10:23:00-04:00,S,14746.0,14808.25,14808.0,62.0,-126.5,-1.0201612903225807,SL,1,s3
2023-10-06 10:26:00-04:00,2023-10-06 10:26:00-04:00,2023-10-06 11:07:00-04:00,L,14837.75,14923.5,14749.75,88.0,169.5,0.9630681818181818,TP,1,s1
2023-10-06 11:11:00-04:00,2023-10-06 11:11:00-04:00,2023-10-06 11:36:00-04:00,S,14919.0,14982.0,14981.75,62.75,-128.0,-1.0199203187250996,SL,1,s4
2023-10-06 11:38:00-04:00,2023-10-06 11:38:00-04:00,2023-10-06 13:15:00-04:00,L,14991.5,15078.25,14923.5,68.0,171.5,1.2610294117647058,TP,1,s2
2023-10-09 09:41:00-04:00,2023-10-09 09:41:00-04:00,2023-10-09 15:59:00-04:00,L,14997.25,15190.25,14860.75,136.5,384.0,1.4065934065934067,time,1,s1
2023-10-10 10:02:00-04:00,2023-10-10 10:02:00-04:00,2023-10-10 11:08:00-04:00,S,15262.5,15335.75,15335.5,73.0,-148.5,-1.0171232876712328,SL,1,s4
2023-10-10 11:17:00-04:00,2023-10-10 11:17:00-04:00,2023-10-10 13:15:00-04:00,L,15354.25,15262.5,15262.75,91.5,-185.5,-1.0136612021857923,SL,1,s2
2023-10-11 10:02:00-04:00,2023-10-11 10:02:00-04:00,2023-10-11 11:12:00-04:00,S,15313.25,15382.5,15382.25,69.0,-140.5,-1.0181159420289856,SL,1,s4
2023-10-12 09:38:00-04:00,2023-10-12 09:38:00-04:00,2023-10-12 10:11:00-04:00,S,15405.5,15451.25,15451.0,45.5,-93.5,-1.0274725274725274,SL,1,s4
2023-10-12 13:35:00-04:00,2023-10-12 13:35:00-04:00,2023-10-12 14:09:00-04:00,S,15298.5,15241.5,15340.25,41.75,112.0,1.341317365269461,TP,1,s3
2023-10-13 11:23:00-04:00,2023-10-13 11:23:00-04:00,2023-10-13 15:59:00-04:00,S,15161.0,15121.75,15245.25,84.25,76.5,0.4540059347181009,time,1,s3
2023-10-16 09:32:00-04:00,2023-10-16 09:32:00-04:00,2023-10-16 10:27:00-04:00,S,15200.5,15289.5,15289.25,88.75,-180.0,-1.0140845070422535,SL,1,s4
2023-10-16 10:29:00-04:00,2023-10-16 10:29:00-04:00,2023-10-16 15:59:00-04:00,L,15297.75,15293.25,15205.25,92.5,-11.0,-0.05945945945945946,time,1,s2
2023-10-17 09:32:00-04:00,2023-10-17 09:32:00-04:00,2023-10-17 09:33:00-04:00,S,15135.0,15123.0,15247.0,112.0,22.0,0.09821428571428571,TP,1,s3
2023-10-17 11:32:00-04:00,2023-10-17 11:32:00-04:00,2023-10-17 13:55:00-04:00,L,15249.25,15200.0,15200.25,49.0,-100.5,-1.0255102040816326,SL,1,s1
2023-10-18 09:35:00-04:00,2023-10-18 09:35:00-04:00,2023-10-18 10:53:00-04:00,L,15185.25,15097.75,15098.0,87.25,-177.0,-1.0143266475644699,SL,1,s1
2023-10-18 12:50:00-04:00,2023-10-18 12:50:00-04:00,2023-10-18 13:15:00-04:00,S,15087.25,15169.75,15169.5,82.25,-167.0,-1.0151975683890577,SL,1,s3
2023-10-19 09:35:00-04:00,2023-10-19 09:35:00-04:00,2023-10-19 12:34:00-04:00,S,15075.75,14956.5,15158.5,82.75,236.5,1.4290030211480362,TP,1,s4
2023-10-19 12:41:00-04:00,2023-10-19 12:41:00-04:00,2023-10-19 13:02:00-04:00,L,14961.0,15091.0,14889.0,72.0,258.0,1.7916666666666667,TP,1,s1
2023-10-20 10:47:00-04:00,2023-10-20 10:47:00-04:00,2023-10-20 15:59:00-04:00,S,14717.0,14661.75,14807.25,90.25,108.5,0.6011080332409973,time,1,s3
2023-10-23 09:32:00-04:00,2023-10-23 09:32:00-04:00,2023-10-23 09:41:00-04:00,L,14599.75,14532.25,14532.5,67.25,-137.0,-1.0185873605947955,SL,1,s1
2023-10-23 11:14:00-04:00,2023-10-23 11:14:00-04:00,2023-10-23 12:38:00-04:00,S,14724.75,14790.75,14790.5,65.75,-134.0,-1.0190114068441065,SL,1,s4
2023-10-24 09:32:00-04:00,2023-10-24 09:32:00-04:00,2023-10-24 15:59:00-04:00,S,14771.25,14846.75,14893.25,122.0,-153.0,-0.6270491803278688,time,1,s4
2023-10-25 09:32:00-04:00,2023-10-25 09:32:00-04:00,2023-10-25 09:34:00-04:00,S,14689.5,14673.0,14799.25,109.75,31.0,0.14123006833712984,TP,1,s3
2023-10-26 09:32:00-04:00,2023-10-26 09:32:00-04:00,2023-10-26 10:00:00-04:00,L,14442.75,14312.75,14313.0,129.75,-262.0,-1.0096339113680155,SL,1,s1
2023-10-26 10:08:00-04:00,2023-10-26 10:08:00-04:00,2023-10-26 12:18:00-04:00,S,14310.75,14178.75,14395.0,84.25,262.0,1.5548961424332344,TP,1,s3
2023-10-27 10:44:00-04:00,2023-10-27 10:44:00-04:00,2023-10-27 11:12:00-04:00,S,14277.25,14372.5,14372.25,95.0,-192.5,-1.013157894736842,SL,1,s4
2023-10-27 11:14:00-04:00,2023-10-27 11:14:00-04:00,2023-10-27 13:05:00-04:00,L,14375.25,14283.0,14283.25,92.0,-186.5,-1.013586956521739,SL,1,s2
2023-10-30 09:35:00-04:00,2023-10-30 09:35:00-04:00,2023-10-30 09:47:00-04:00,L,14390.75,14465.0,14320.5,70.25,146.5,1.0427046263345197,TP,1,s2
2023-10-30 10:44:00-04:00,2023-10-30 10:44:00-04:00,2023-10-30 11:01:00-04:00,S,14312.5,14375.5,14375.25,62.75,-128.0,-1.0199203187250996,SL,1,s4
2023-10-31 09:53:00-04:00,2023-10-31 09:53:00-04:00,2023-10-31 10:10:00-04:00,S,14320.0,14372.25,14372.0,52.0,-106.5,-1.0240384615384615,SL,1,s3
2023-10-31 10:11:00-04:00,2023-10-31 10:11:00-04:00,2023-10-31 13:42:00-04:00,L,14400.0,14465.25,14325.25,74.75,128.5,0.8595317725752508,TP,1,s1
2023-10-31 13:44:00-04:00,2023-10-31 13:44:00-04:00,2023-10-31 15:59:00-04:00,S,14464.25,14489.5,14512.25,48.0,-52.5,-0.546875,time,1,s4
2023-11-01 09:32:00-04:00,2023-11-01 09:32:00-04:00,2023-11-01 10:21:00-04:00,S,14541.5,14595.25,14595.0,53.5,-109.5,-1.0233644859813085,SL,1,s4
2023-11-01 10:23:00-04:00,2023-11-01 10:23:00-04:00,2023-11-01 15:00:00-04:00,L,14624.75,14683.75,14542.0,82.75,116.0,0.7009063444108762,TP,1,s2
2023-11-02 09:32:00-04:00,2023-11-02 09:32:00-04:00,2023-11-02 13:52:00-04:00,L,14920.25,14993.25,14810.5,109.75,144.0,0.6560364464692483,TP,1,s2
2023-11-03 09:44:00-04:00,2023-11-03 09:44:00-04:00,2023-11-03 10:00:00-04:00,L,15094.25,15140.0,15037.5,56.75,89.5,0.788546255506608,TP,1,s2
2023-11-06 09:32:00-05:00,2023-11-06 09:32:00-05:00,2023-11-06 15:59:00-05:00,S,15222.5,15233.75,15278.0,55.5,-24.5,-0.22072072072072071,time,1,s4
2023-11-07 09:32:00-05:00,2023-11-07 09:32:00-05:00,2023-11-07 09:57:00-05:00,S,15265.5,15299.5,15299.25,33.75,-70.0,-1.037037037037037,SL,1,s4
2023-11-07 10:02:00-05:00,2023-11-07 10:02:00-05:00,2023-11-07 10:32:00-05:00,L,15307.5,15353.75,15266.25,41.25,90.5,1.096969696969697,TP,1,s2
2023-11-08 12:02:00-05:00,2023-11-08 12:02:00-05:00,2023-11-08 15:59:00-05:00,L,15328.25,15383.75,15271.0,57.25,109.0,0.9519650655021834,time,1,s1
2023-11-09 10:02:00-05:00,2023-11-09 10:02:00-05:00,2023-11-09 10:31:00-05:00,S,15398.25,15348.0,15456.25,58.0,98.5,0.8491379310344828,TP,1,s4
2023-11-09 10:32:00-05:00,2023-11-09 10:32:00-05:00,2023-11-09 11:07:00-05:00,L,15365.75,15420.0,15311.75,54.0,106.5,0.9861111111111112,TP,1,s1
2023-11-09 14:02:00-05:00,2023-11-09 14:02:00-05:00,2023-11-09 15:00:00-05:00,S,15300.25,15252.0,15348.0,47.75,94.5,0.9895287958115183,TP,1,s3
2023-11-10 09:44:00-05:00,2023-11-10 09:44:00-05:00,2023-11-10 12:07:00-05:00,L,15380.75,15475.25,15318.0,62.75,187.0,1.4900398406374502,TP,1,s2
2023-11-13 10:14:00-05:00,2023-11-13 10:14:00-05:00,2023-11-13 15:59:00-05:00,L,15522.25,15547.5,15432.5,89.75,48.5,0.27019498607242337,time,1,s1
2023-11-14 09:32:00-05:00,2023-11-14 09:32:00-05:00,2023-11-14 09:33:00-05:00,L,15812.25,15812.0,15581.75,230.5,-2.5,-0.005422993492407809,TP,1,s2
2023-11-15 09:35:00-05:00,2023-11-15 09:35:00-05:00,2023-11-15 09:53:00-05:00,L,15967.75,15913.75,15914.0,53.75,-110.0,-1.0232558139534884,SL,1,s2
2023-11-15 13:14:00-05:00,2023-11-15 13:14:00-05:00,2023-11-15 14:03:00-05:00,L,15844.0,15914.0,15807.75,36.25,138.0,1.903448275862069,TP,1,s1
2023-11-16 09:38:00-05:00,2023-11-16 09:38:00-05:00,2023-11-16 11:29:00-05:00,L,15854.0,15810.5,15810.75,43.25,-89.0,-1.0289017341040463,SL,1,s1
2023-11-16 11:35:00-05:00,2023-11-16 11:35:00-05:00,2023-11-16 12:06:00-05:00,S,15803.75,15851.0,15850.75,47.0,-96.5,-1.0265957446808511,SL,1,s3
2023-11-17 09:53:00-05:00,2023-11-17 09:53:00-05:00,2023-11-17 10:13:00-05:00,L,15870.5,15836.75,15837.0,33.5,-69.5,-1.037313432835821,SL,1,s1
2023-11-17 11:05:00-05:00,2023-11-17 11:05:00-05:00,2023-11-17 11:44:00-05:00,S,15826.0,15867.5,15867.25,41.25,-85.0,-1.0303030303030303,SL,1,s3
2023-11-17 14:05:00-05:00,2023-11-17 14:05:00-05:00,2023-11-17 15:59:00-05:00,S,15924.5,15897.75,15957.5,33.0,51.5,0.7803030303030303,time,1,s4
2023-11-20 09:35:00-05:00,2023-11-20 09:35:00-05:00,2023-11-20 11:03:00-05:00,L,15973.25,16013.5,15929.25,44.0,78.5,0.8920454545454546,TP,1,s2
2023-11-21 10:23:00-05:00,2023-11-21 10:23:00-05:00,2023-11-21 15:59:00-05:00,S,15959.25,15989.0,16027.75,68.5,-61.5,-0.4489051094890511,time,1,s3
2023-11-22 09:32:00-05:00,2023-11-22 09:32:00-05:00,2023-11-22 09:33:00-05:00,L,16118.0,16117.75,16017.25,100.75,-2.5,-0.01240694789081886,TP,1,s2
2023-11-24 09:32:00-05:00,2023-11-24 09:32:00-05:00,2023-11-24 09:33:00-05:00,S,16036.75,16037.5,16056.0,19.25,-3.5,-0.09090909090909091,TP,1,s3
2023-11-27 09:32:00-05:00,2023-11-27 09:32:00-05:00,2023-11-27 09:33:00-05:00,S,15998.75,15991.25,16050.25,51.5,13.0,0.1262135922330097,TP,1,s4
2023-11-27 09:41:00-05:00,2023-11-27 09:41:00-05:00,2023-11-27 10:08:00-05:00,L,16003.75,16030.25,15971.25,32.5,51.0,0.7846153846153846,TP,1,s1
2023-11-27 11:53:00-05:00,2023-11-27 11:53:00-05:00,2023-11-27 13:02:00-05:00,L,16051.0,16082.25,16030.25,20.75,60.5,1.4578313253012047,TP,1,s2
2023-11-28 09:32:00-05:00,2023-11-28 09:32:00-05:00,2023-11-28 10:43:00-05:00,L,15989.5,16039.75,15941.75,47.75,98.5,1.031413612565445,TP,1,s1
2023-11-28 10:47:00-05:00,2023-11-28 10:47:00-05:00,2023-11-28 13:14:00-05:00,S,16030.0,15974.75,16072.75,42.75,108.5,1.2690058479532165,TP,1,s4
2023-11-29 09:32:00-05:00,2023-11-29 09:32:00-05:00,2023-11-29 09:33:00-05:00,L,16179.75,16178.75,16078.75,101.0,-4.0,-0.019801980198019802,TP,1,s2
2023-11-29 11:14:00-05:00,2023-11-29 11:14:00-05:00,2023-11-29 15:35:00-05:00,S,16067.5,16016.75,16110.25,42.75,99.5,1.1637426900584795,TP,1,s4
2023-11-30 09:44:00-05:00,2023-11-30 09:44:00-05:00,2023-11-30 10:04:00-05:00,L,15984.0,15918.5,15918.75,65.25,-133.0,-1.0191570881226053,SL,1,s1
2023-11-30 10:38:00-05:00,2023-11-30 10:38:00-05:00,2023-11-30 15:54:00-05:00,S,15913.25,15972.75,15972.5,59.25,-121.0,-1.021097046413502,SL,1,s3
2023-12-01 09:44:00-05:00,2023-12-01 09:44:00-05:00,2023-12-01 10:30:00-05:00,L,15933.25,15872.75,15873.0,60.25,-123.0,-1.020746887966805,SL,1,s1
2023-12-01 12:44:00-05:00,2023-12-01 12:44:00-05:00,2023-12-01 15:59:00-05:00,S,16029.5,16025.25,16088.5,59.0,6.5,0.05508474576271186,time,1,s4
2023-12-04 09:32:00-05:00,2023-12-04 09:32:00-05:00,2023-12-04 09:36:00-05:00,S,15848.25,15837.75,15974.0,125.75,19.0,0.07554671968190854,TP,1,s3
2023-12-05 09:44:00-05:00,2023-12-05 09:44:00-05:00,2023-12-05 10:02:00-05:00,L,15843.0,15916.25,15781.0,62.0,144.5,1.1653225806451613,TP,1,s1
2023-12-06 09:38:00-05:00,2023-12-06 09:38:00-05:00,2023-12-06 13:05:00-05:00,S,15942.75,15863.0,16010.25,67.5,157.5,1.1666666666666667,TP,1,s4
2023-12-06 13:11:00-05:00,2023-12-06 13:11:00-05:00,2023-12-06 15:52:00-05:00,L,15872.0,15813.5,15813.75,58.25,-119.0,-1.0214592274678111,SL,1,s1
2023-12-07 09:32:00-05:00,2023-12-07 09:32:00-05:00,2023-12-07 12:20:00-05:00,L,15950.25,16052.0,15880.0,70.25,201.5,1.4341637010676156,TP,1,s2
2023-12-08 09:41:00-05:00,2023-12-08 09:41:00-05:00,2023-12-08 10:09:00-05:00,L,15999.5,16084.0,15937.25,62.25,167.0,1.3413654618473896,TP,1,s1
2023-12-08 10:14:00-05:00,2023-12-08 10:14:00-05:00,2023-12-08 15:59:00-05:00,S,16082.25,16098.75,16133.25,51.0,-35.0,-0.3431372549019608,time,1,s4
2023-12-11 09:41:00-05:00,2023-12-11 09:41:00-05:00,2023-12-11 10:50:00-05:00,S,16138.75,16193.5,16193.25,54.5,-111.5,-1.0229357798165137,SL,1,s4
2023-12-12 09:44:00-05:00,2023-12-12 09:44:00-05:00,2023-12-12 10:58:00-05:00,L,16194.25,16283.0,16136.25,58.0,175.5,1.5129310344827587,TP,1,s1
2023-12-12 11:53:00-05:00,2023-12-12 11:53:00-05:00,2023-12-12 14:46:00-05:00,S,16280.5,16332.5,16332.25,51.75,-106.0,-1.0241545893719808,SL,1,s4
2023-12-12 14:53:00-05:00,2023-12-12 14:53:00-05:00,2023-12-12 15:59:00-05:00,L,16335.5,16364.75,16283.0,52.5,56.5,0.5380952380952381,time,1,s2
2023-12-13 09:47:00-05:00,2023-12-13 09:47:00-05:00,2023-12-13 14:05:00-05:00,S,16400.5,16465.5,16465.25,64.75,-132.0,-1.0193050193050193,SL,1,s4
2023-12-15 09:38:00-05:00,2023-12-15 09:38:00-05:00,2023-12-15 15:59:00-05:00,S,16806.25,16820.0,16893.0,86.75,-29.5,-0.17002881844380405,time,1,s4
2023-12-18 09:47:00-05:00,2023-12-18 09:47:00-05:00,2023-12-18 10:01:00-05:00,S,16852.75,16888.5,16888.25,35.5,-73.5,-1.0352112676056338,SL,1,s4
2023-12-18 10:02:00-05:00,2023-12-18 10:02:00-05:00,2023-12-18 13:21:00-05:00,L,16891.5,16944.5,16853.75,37.75,104.0,1.3774834437086092,TP,1,s2
2023-12-19 09:35:00-05:00,2023-12-19 09:35:00-05:00,2023-12-19 15:55:00-05:00,S,16972.25,17016.5,17016.25,44.0,-90.5,-1.0284090909090908,SL,1,s4
2023-12-20 09:41:00-05:00,2023-12-20 09:41:00-05:00,2023-12-20 10:17:00-05:00,L,17014.75,17043.75,16975.25,39.5,56.0,0.7088607594936709,TP,1,s1
2023-12-20 10:32:00-05:00,2023-12-20 10:32:00-05:00,2023-12-20 10:52:00-05:00,L,17070.75,17043.5,17043.75,27.0,-56.5,-1.0462962962962963,SL,1,s2
2023-12-20 14:41:00-05:00,2023-12-20 14:41:00-05:00,2023-12-20 14:47:00-05:00,S,16973.5,16937.75,16998.25,24.75,69.5,1.404040404040404,TP,1,s3
2023-12-21 12:05:00-05:00,2023-12-21 12:05:00-05:00,2023-12-21 15:28:00-05:00,S,16849.5,16936.5,16936.25,86.75,-176.0,-1.0144092219020173,SL,1,s4
2023-12-22 09:50:00-05:00,2023-12-22 09:50:00-05:00,2023-12-22 11:00:00-05:00,L,17040.5,16992.0,16992.25,48.25,-99.0,-1.0259067357512954,SL,1,s2
2023-12-22 11:05:00-05:00,2023-12-22 11:05:00-05:00,2023-12-22 14:30:00-05:00,S,16978.0,16909.25,17034.25,56.25,135.5,1.2044444444444444,TP,1,s4
2023-12-22 14:32:00-05:00,2023-12-22 14:32:00-05:00,2023-12-22 15:59:00-05:00,L,16920.5,16980.0,16867.25,53.25,117.0,1.0985915492957747,time,1,s1
2023-12-26 09:32:00-05:00,2023-12-26 09:32:00-05:00,2023-12-26 10:41:00-05:00,S,17018.0,17060.5,17060.25,42.25,-87.0,-1.029585798816568,SL,1,s4
2023-12-26 13:23:00-05:00,2023-12-26 13:23:00-05:00,2023-12-26 15:59:00-05:00,L,17060.5,17083.75,17020.0,40.5,44.5,0.5493827160493827,time,1,s2
2023-12-27 09:32:00-05:00,2023-12-27 09:32:00-05:00,2023-12-27 15:59:00-05:00,S,17103.75,17117.0,17142.5,38.75,-28.5,-0.36774193548387096,time,1,s4
2023-12-28 09:35:00-05:00,2023-12-28 09:35:00-05:00,2023-12-28 13:03:00-05:00,S,17129.5,17097.0,17156.5,27.0,63.0,1.1666666666666667,TP,1,s4
2023-12-28 13:05:00-05:00,2023-12-28 13:05:00-05:00,2023-12-28 13:37:00-05:00,L,17102.0,17136.5,17077.0,25.0,67.0,1.34,TP,1,s1
2023-12-29 10:35:00-05:00,2023-12-29 10:35:00-05:00,2023-12-29 10:42:00-05:00,L,17071.25,17045.75,17046.0,25.25,-53.0,-1.0495049504950495,SL,1,s1
2023-12-29 10:44:00-05:00,2023-12-29 10:44:00-05:00,2023-12-29 10:47:00-05:00,S,17036.25,17009.75,17068.5,32.25,51.0,0.7906976744186046,TP,1,s3
2024-01-02 09:32:00-05:00,2024-01-02 09:32:00-05:00,2024-01-02 09:33:00-05:00,S,16863.25,16848.5,16972.5,109.25,27.5,0.12585812356979406,TP,1,s3
2024-01-03 10:14:00-05:00,2024-01-03 10:14:00-05:00,2024-01-03 15:59:00-05:00,S,16569.5,16540.75,16652.0,82.5,55.5,0.33636363636363636,time,1,s3
2024-01-04 09:47:00-05:00,2024-01-04 09:47:00-05:00,2024-01-04 10:08:00-05:00,S,16461.75,16504.75,16504.5,42.75,-88.0,-1.0292397660818713,SL,1,s3
2024-01-04 11:29:00-05:00,2024-01-04 11:29:00-05:00,2024-01-04 12:17:00-05:00,S,16565.5,16504.5,16613.0,47.5,120.0,1.263157894736842,TP,1,s4
2024-01-05 09:35:00-05:00,2024-01-05 09:35:00-05:00,2024-01-05 10:02:00-05:00,S,16482.5,16526.0,16525.75,43.25,-89.0,-1.0289017341040463,SL,1,s4
2024-01-08 09:41:00-05:00,2024-01-08 09:41:00-05:00,2024-01-08 10:04:00-05:00,L,16569.0,16637.75,16511.25,57.75,135.5,1.173160173160173,TP,1,s2
2024-01-09 10:11:00-05:00,2024-01-09 10:11:00-05:00,2024-01-09 15:59:00-05:00,L,16728.0,16831.5,16633.0,95.0,205.0,1.0789473684210527,time,1,s1
2024-01-10 10:47:00-05:00,2024-01-10 10:47:00-05:00,2024-01-10 14:12:00-05:00,S,16881.25,16946.5,16946.25,65.0,-132.5,-1.0192307692307692,SL,1,s4
2024-01-10 14:14:00-05:00,2024-01-10 14:14:00-05:00,2024-01-10 15:59:00-05:00,L,16950.0,16941.25,16888.75,61.25,-19.5,-0.15918367346938775,time,1,s2
2024-01-11 09:32:00-05:00,2024-01-11 09:32:00-05:00,2024-01-11 09:36:00-05:00,S,16980.25,17041.75,17041.5,61.25,-125.0,-1.0204081632653061,SL,1,s4
2024-01-11 10:14:00-05:00,2024-01-11 10:14:00-05:00,2024-01-11 10:20:00-05:00,S,16836.75,16892.0,16891.75,55.0,-112.5,-1.0227272727272727,SL,1,s3
2024-01-11 10:32:00-05:00,2024-01-11 10:32:00-05:00,2024-01-11 11:02:00-05:00,L,16914.5,16841.25,16841.5,73.0,-148.5,-1.0171232876712328,SL,1,s1
2024-01-15 09:53:00-05:00,2024-01-15 09:53:00-05:00,2024-01-15 12:49:00-05:00,L,16946.0,16969.25,16900.75,45.25,44.5,0.49171270718232046,time,1,s1
2024-01-16 09:32:00-05:00,2024-01-16 09:32:00-05:00,2024-01-16 09:33:00-05:00,S,16930.0,16923.5,16955.5,25.5,11.0,0.21568627450980393,TP,1,s3
2024-01-16 10:17:00-05:00,2024-01-16 10:17:00-05:00,2024-01-16 10:20:00-05:00,L,16956.25,16979.5,16943.25,13.0,44.5,1.7115384615384615,TP,1,s1
2024-01-16 10:26:00-05:00,2024-01-16 10:26:00-05:00,2024-01-16 10:36:00-05:00,L,16992.75,16979.25,16979.5,13.25,-29.0,-1.0943396226415094,SL,1,s2
2024-01-17 09:32:00-05:00,2024-01-17 09:32:00-05:00,2024-01-17 09:33:00-05:00,S,16773.0,16773.25,16918.75,145.75,-2.5,-0.008576329331046312,TP,1,s3
2024-01-18 09:32:00-05:00,2024-01-18 09:32:00-05:00,2024-01-18 10:40:00-05:00,L,17031.0,17067.0,16922.5,108.5,70.0,0.3225806451612903,TP,1,s2
2024-01-19 10:20:00-05:00,2024-01-19 10:20:00-05:00,2024-01-19 12:31:00-05:00,L,17210.75,17294.25,17159.25,51.5,165.0,1.6019417475728155,TP,1,s2
2024-01-22 09:44:00-05:00,2024-01-22 09:44:00-05:00,2024-01-22 15:59:00-05:00,S,17504.5,17460.75,17597.75,93.25,85.5,0.4584450402144772,time,1,s4
2024-01-23 09:35:00-05:00,2024-01-23 09:35:00-05:00,2024-01-23 15:06:00-05:00,L,17428.75,17501.75,17377.5,51.25,144.0,1.4048780487804877,TP,1,s1
2024-01-24 09:32:00-05:00,2024-01-24 09:32:00-05:00,2024-01-24 09:33:00-05:00,L,17668.0,17667.75,17564.75,103.25,-2.5,-0.012106537530266344,TP,1,s2
2024-01-25 09:56:00-05:00,2024-01-25 09:56:00-05:00,2024-01-25 10:22:00-05:00,S,17667.25,17729.5,17729.25,62.0,-126.5,-1.0201612903225807,SL,1,s4
2024-01-25 10:29:00-05:00,2024-01-25 10:29:00-05:00,2024-01-25 10:36:00-05:00,L,17730.5,17676.5,17676.75,53.75,-110.0,-1.0232558139534884,SL,1,s2
2024-01-25 13:59:00-05:00,2024-01-25 13:59:00-05:00,2024-01-25 15:59:00-05:00,L,17577.0,17637.5,17520.25,56.75,119.0,1.0484581497797356,time,1,s1
2024-01-26 09:53:00-05:00,2024-01-26 09:53:00-05:00,2024-01-26 10:29:00-05:00,S,17520.75,17580.25,17580.0,59.25,-121.0,-1.021097046413502,SL,1,s3
2024-01-29 09:47:00-05:00,2024-01-29 09:47:00-05:00,2024-01-29 12:24:00-05:00,S,17560.25,17600.75,17600.5,40.25,-83.0,-1.031055900621118,SL,1,s4
2024-01-29 12:26:00-05:00,2024-01-29 12:26:00-05:00,2024-01-29 15:01:00-05:00,L,17604.0,17659.0,17564.5,39.5,108.0,1.3670886075949367,TP,1,s2
2024-01-30 10:20:00-05:00,2024-01-30 10:20:00-05:00,2024-01-30 12:24:00-05:00,L,17657.5,17599.5,17599.75,57.75,-118.0,-1.0216450216450217,SL,1,s1
2024-01-30 12:26:00-05:00,2024-01-30 12:26:00-05:00,2024-01-30 15:59:00-05:00,S,17587.0,17584.0,17654.0,67.0,4.0,0.029850746268656716,time,1,s3
2024-01-31 09:32:00-05:00,2024-01-31 09:32:00-05:00,2024-01-31 09:33:00-05:00,S,17391.0,17391.5,17546.25,155.25,-3.0,-0.00966183574879227,TP,1,s3
2024-02-01 09:32:00-05:00,2024-02-01 09:32:00-05:00,2024-02-01 12:06:00-05:00,S,17306.0,17377.25,17377.0,71.0,-144.5,-1.017605633802817,SL,1,s4
2024-02-01 12:08:00-05:00,2024-02-01 12:08:00-05:00,2024-02-01 15:59:00-05:00,L,17378.75,17439.75,17307.5,71.25,120.0,0.8421052631578947,time,1,s2
2024-02-02 09:32:00-05:00,2024-02-02 09:32:00-05:00,2024-02-02 09:37:00-05:00,S,17475.75,17544.5,17544.25,68.5,-139.5,-1.0182481751824817,SL,1,s4
2024-02-02 09:38:00-05:00,2024-02-02 09:38:00-05:00,2024-02-02 10:40:00-05:00,L,17549.5,17631.25,17492.0,57.5,161.5,1.4043478260869566,TP,1,s2
2024-02-05 11:50:00-05:00,2024-02-05 11:50:00-05:00,2024-02-05 15:59:00-05:00,L,17646.5,17697.0,17559.0,87.5,99.0,0.5657142857142857,time,1,s1
2024-02-06 09:32:00-05:00,2024-02-06 09:32:00-05:00,2024-02-06 10:00:00-05:00,S,17738.0,17644.75,17802.5,64.5,184.5,1.430232558139535,TP,1,s4
2024-02-06 10:17:00-05:00,2024-02-06 10:17:00-05:00,2024-02-06 11:47:00-05:00,L,17648.5,17591.75,17592.0,56.5,-115.5,-1.0221238938053097,SL,1,s1
2024-02-06 11:56:00-05:00,2024-02-06 11:56:00-05:00,2024-02-06 15:05:00-05:00,S,17587.0,17645.0,17644.75,57.75,-118.0,-1.0216450216450217,SL,1,s3
2024-02-07 10:14:00-05:00,2024-02-07 10:14:00-05:00,2024-02-07 10:30:00-05:00,L,17807.5,17869.5,17718.5,89.0,122.0,0.6853932584269663,TP,1,s2
2024-02-08 10:53:00-05:00,2024-02-08 10:53:00-05:00,2024-02-08 15:59:00-05:00,S,17882.0,17865.5,17928.25,46.25,31.0,0.33513513513513515,time,1,s4
2024-02-09 09:35:00-05:00,2024-02-09 09:35:00-05:00,2024-02-09 09:54:00-05:00,S,17888.0,17914.5,17914.25,26.25,-55.0,-1.0476190476190477,SL,1,s4
2024-02-09 09:56:00-05:00,2024-02-09 09:56:00-05:00,2024-02-09 10:17:00-05:00,L,17924.75,17954.5,17889.5,35.25,57.5,0.8156028368794326,TP,1,s2
2024-02-12 12:02:00-05:00,2024-02-12 12:02:00-05:00,2024-02-12 14:15:00-05:00,S,18092.25,17985.25,18146.75,54.5,212.0,1.944954128440367,TP,1,s4
2024-02-12 14:41:00-05:00,2024-02-12 14:41:00-05:00,2024-02-12 15:59:00-05:00,L,17987.25,17963.25,17931.25,56.0,-50.0,-0.44642857142857145,time,1,s1
2024-02-13 09:32:00-05:00,2024-02-13 09:32:00-05:00,2024-02-13 09:33:00-05:00,S,17632.75,17633.75,17912.75,280.0,-4.0,-0.007142857142857143,TP,1,s3
2024-02-14 10:20:00-05:00,2024-02-14 10:20:00-05:00,2024-02-14 10:59:00-05:00,L,17835.5,17747.5,17747.75,87.75,-178.0,-1.0142450142450143,SL,1,s2
2024-02-15 09:56:00-05:00,2024-02-15 09:56:00-05:00,2024-02-15 13:30:00-05:00,L,17819.25,17923.5,17761.25,58.0,206.5,1.7801724137931034,TP,1,s1
2024-02-15 13:35:00-05:00,2024-02-15 13:35:00-05:00,2024-02-15 15:59:00-05:00,S,17915.5,17914.25,17977.75,62.25,0.5,0.004016064257028112,time,1,s4
2024-02-16 09:53:00-05:00,2024-02-16 09:53:00-05:00,2024-02-16 09:55:00-05:00,S,17813.0,17760.5,17872.25,59.25,103.0,0.869198312236287,TP,1,s3
2024-02-16 11:20:00-05:00,2024-02-16 11:20:00-05:00,2024-02-16 13:04:00-05:00,L,17874.75,17829.75,17830.0,44.75,-92.0,-1.0279329608938548,SL,1,s1
2024-02-19 09:41:00-05:00,2024-02-19 09:41:00-05:00,2024-02-19 12:49:00-05:00,S,17803.5,17795.75,17866.0,62.5,13.5,0.108,time,1,s4
2024-02-20 09:32:00-05:00,2024-02-20 09:32:00-05:00,2024-02-20 09:33:00-05:00,S,17712.25,17712.75,17779.0,66.75,-3.0,-0.02247191011235955,TP,1,s3
2024-02-21 09:47:00-05:00,2024-02-21 09:47:00-05:00,2024-02-21 15:57:00-05:00,S,17456.5,17538.0,17537.75,81.25,-165.0,-1.0153846153846153,SL,1,s3
2024-02-22 09:32:00-05:00,2024-02-22 09:32:00-05:00,2024-02-22 09:33:00-05:00,L,17883.75,17883.5,17583.25,300.5,-2.5,-0.004159733777038269,TP,1,s2
2024-02-23 09:56:00-05:00,2024-02-23 09:56:00-05:00,2024-02-23 11:04:00-05:00,S,18088.5,17983.5,18167.5,79.0,208.0,1.3164556962025316,TP,1,s4
2024-02-23 11:23:00-05:00,2024-02-23 11:23:00-05:00,2024-02-23 15:59:00-05:00,L,17989.75,17985.75,17922.0,67.75,-10.0,-0.07380073800738007,time,1,s1
2024-02-26 09:32:00-05:00,2024-02-26 09:32:00-05:00,2024-02-26 15:59:00-05:00,S,18029.5,17977.5,18095.5,66.0,102.0,0.7727272727272727,time,1,s4
2024-02-27 09:38:00-05:00,2024-02-27 09:38:00-05:00,2024-02-27 09:41:00-05:00,S,17990.0,17951.5,18029.0,39.0,75.0,0.9615384615384616,TP,1,s4
2024-02-27 09:44:00-05:00,2024-02-27 09:44:00-05:00,2024-02-27 10:00:00-05:00,L,17956.0,18003.0,17925.5,30.5,92.0,1.5081967213114753,TP,1,s1
2024-02-27 12:56:00-05:00,2024-02-27 12:56:00-05:00,2024-02-27 13:11:00-05:00,S,17925.25,17951.75,17951.5,26.25,-55.0,-1.0476190476190477,SL,1,s3
2024-02-28 09:32:00-05:00,2024-02-28 09:32:00-05:00,2024-02-28 09:50:00-05:00,S,17914.25,17892.75,17983.5,69.25,41.0,0.296028880866426,TP,1,s3
2024-02-29 09:32:00-05:00,2024-02-29 09:32:00-05:00,2024-02-29 09:33:00-05:00,L,18049.5,18048.75,17944.5,105.0,-3.5,-0.016666666666666666,TP,1,s2
2024-02-29 11:38:00-05:00,2024-02-29 11:38:00-05:00,2024-02-29 11:54:00-05:00,S,17936.0,17972.25,17972.0,36.0,-74.5,-1.0347222222222223,SL,1,s4
2024-03-01 09:41:00-05:00,2024-03-01 09:41:00-05:00,2024-03-01 10:10:00-05:00,S,18115.25,18183.25,18183.0,67.75,-138.0,-1.018450184501845,SL,1,s4
2024-03-01 10:14:00-05:00,2024-03-01 10:14:00-05:00,2024-03-01 12:49:00-05:00,L,18184.75,18279.5,18124.75,60.0,187.5,1.5625,TP,1,s2
2024-03-05 09:32:00-05:00,2024-03-05 09:32:00-05:00,2024-03-05 09:33:00-05:00,S,18091.25,18092.25,18232.25,141.0,-4.0,-0.014184397163120567,TP,1,s3
2024-03-06 09:32:00-05:00,2024-03-06 09:32:00-05:00,2024-03-06 10:00:00-05:00,L,18108.5,18014.5,18014.75,93.75,-190.0,-1.0133333333333334,SL,1,s2
2024-03-06 10:05:00-05:00,2024-03-06 10:05:00-05:00,2024-03-06 11:01:00-05:00,S,17987.25,18098.5,18098.25,111.0,-224.5,-1.0112612612612613,SL,1,s4
2024-03-07 09:32:00-05:00,2024-03-07 09:32:00-05:00,2024-03-07 10:40:00-05:00,L,18178.25,18256.0,18102.25,76.0,153.5,1.0098684210526316,TP,1,s2
2024-03-08 10:47:00-05:00,2024-03-08 10:47:00-05:00,2024-03-08 11:17:00-05:00,S,18369.25,18242.5,18441.5,72.25,251.5,1.740484429065744,TP,1,s4
2024-03-08 11:47:00-05:00,2024-03-08 11:47:00-05:00,2024-03-08 12:58:00-05:00,S,18170.0,18065.25,18242.5,72.5,207.5,1.4310344827586208,TP,1,s3
2024-03-11 09:32:00-04:00,2024-03-11 09:32:00-04:00,2024-03-11 15:59:00-04:00,L,17936.25,17970.25,17806.75,129.5,66.0,0.2548262548262548,time,1,s1
2024-03-12 09:32:00-04:00,2024-03-12 09:32:00-04:00,2024-03-12 09:35:00-04:00,L,18067.0,18007.25,18007.5,59.5,-121.5,-1.0210084033613445,SL,1,s2
2024-03-12 09:47:00-04:00,2024-03-12 09:47:00-04:00,2024-03-12 09:55:00-04:00,L,17937.75,18007.5,17896.25,41.5,137.5,1.6566265060240963,TP,1,s1
2024-03-14 09:32:00-04:00,2024-03-14 09:32:00-04:00,2024-03-14 09:48:00-04:00,S,18344.75,18290.25,18412.25,67.5,107.0,0.7925925925925926,TP,1,s4
2024-03-14 09:50:00-04:00,2024-03-14 09:50:00-04:00,2024-03-14 10:11:00-04:00,S,18247.75,18290.5,18290.25,42.5,-87.5,-1.0294117647058822,SL,1,s3
2024-03-15 09:32:00-04:00,2024-03-15 09:32:00-04:00,2024-03-15 10:06:00-04:00,S,18145.5,18040.0,18213.25,67.75,209.0,1.5424354243542435,TP,1,s3
2024-03-18 09:32:00-04:00,2024-03-18 09:32:00-04:00,2024-03-18 09:33:00-04:00,L,18317.25,18317.25,18104.5,212.75,-2.0,-0.004700352526439483,TP,1,s2
2024-03-19 09:32:00-04:00,2024-03-19 09:32:00-04:00,2024-03-19 09:40:00-04:00,S,18129.0,18067.5,18185.0,56.0,121.0,1.0803571428571428,TP,1,s3
2024-03-19 12:20:00-04:00,2024-03-19 12:20:00-04:00,2024-03-19 13:01:00-04:00,L,18188.5,18273.5,18140.25,48.25,168.0,1.7409326424870466,TP,1,s1
2024-03-19 13:05:00-04:00,2024-03-19 13:05:00-04:00,2024-03-19 15:59:00-04:00,S,18254.25,18270.25,18318.25,64.0,-34.0,-0.265625,time,1,s4
2024-03-20 14:17:00-04:00,2024-03-20 14:17:00-04:00,2024-03-20 14:42:00-04:00,S,18318.5,18400.25,18400.0,81.5,-165.5,-1.0153374233128833,SL,1,s4
2024-03-20 14:47:00-04:00,2024-03-20 14:47:00-04:00,2024-03-20 15:59:00-04:00,L,18442.75,18484.25,18334.75,108.0,81.0,0.375,time,1,s2
2024-03-21 09:32:00-04:00,2024-03-21 09:32:00-04:00,2024-03-21 14:43:00-04:00,L,18669.75,18554.0,18554.25,115.5,-233.5,-1.0108225108225108,SL,1,s2
2024-03-22 09:53:00-04:00,2024-03-22 09:53:00-04:00,2024-03-22 13:12:00-04:00,L,18532.75,18601.5,18472.75,60.0,135.5,1.1291666666666667,TP,1,s1
2024-03-22 13:14:00-04:00,2024-03-22 13:14:00-04:00,2024-03-22 15:59:00-04:00,S,18600.0,18572.5,18644.75,44.75,53.0,0.5921787709497207,time,1,s4
2024-03-25 09:32:00-04:00,2024-03-25 09:32:00-04:00,2024-03-25 09:39:00-04:00,S,18468.75,18446.25,18537.75,69.0,43.0,0.3115942028985507,TP,1,s3
2024-03-25 11:41:00-04:00,2024-03-25 11:41:00-04:00,2024-03-25 15:59:00-04:00,L,18539.5,18509.5,18503.0,36.5,-62.0,-0.8493150684931506,time,1,s1
2024-03-26 10:02:00-04:00,2024-03-26 10:02:00-04:00,2024-03-26 10:29:00-04:00,L,18601.25,18552.5,18552.75,48.5,-99.5,-1.0257731958762886,SL,1,s2
2024-03-26 10:32:00-04:00,2024-03-26 10:32:00-04:00,2024-03-26 15:44:00-04:00,S,18545.5,18466.75,18596.0,50.5,155.5,1.5396039603960396,TP,1,s4
2024-03-27 09:41:00-04:00,2024-03-27 09:41:00-04:00,2024-03-27 10:02:00-04:00,S,18493.25,18404.0,18544.0,50.75,176.5,1.7389162561576355,TP,1,s4
2024-03-27 10:05:00-04:00,2024-03-27 10:05:00-04:00,2024-03-27 15:45:00-04:00,L,18411.75,18497.0,18357.0,54.75,168.5,1.538812785388128,TP,1,s1
2024-03-28 13:20:00-04:00,2024-03-28 13:20:00-04:00,2024-03-28 15:59:00-04:00,L,18465.75,18462.5,18400.5,65.25,-8.5,-0.06513409961685823,time,1,s1
2024-04-01 09:32:00-04:00,2024-04-01 09:32:00-04:00,2024-04-01 09:35:00-04:00,L,18515.75,18554.25,18487.75,28.0,75.0,1.3392857142857142,TP,1,s2
2024-04-01 10:50:00-04:00,2024-04-01 10:50:00-04:00,2024-04-01 11:16:00-04:00,S,18486.0,18437.75,18513.25,27.25,94.5,1.7339449541284404,TP,1,s4
2024-04-01 11:17:00-04:00,2024-04-01 11:17:00-04:00,2024-04-01 12:44:00-04:00,L,18440.0,18487.75,18412.25,27.75,93.5,1.6846846846846846,TP,1,s1
2024-04-02 09:32:00-04:00,2024-04-02 09:32:00-04:00,2024-04-02 09:33:00-04:00,S,18282.75,18283.5,18442.0,159.25,-3.5,-0.01098901098901099,TP,1,s3
2024-04-03 10:02:00-04:00,2024-04-03 10:02:00-04:00,2024-04-03 10:14:00-04:00,L,18345.0,18370.5,18251.0,94.0,49.0,0.26063829787234044,TP,1,s1
2024-04-03 10:26:00-04:00,2024-04-03 10:26:00-04:00,2024-04-03 12:38:00-04:00,L,18413.75,18370.25,18370.5,43.25,-89.0,-1.0289017341040463,SL,1,s2
2024-04-04 09:32:00-04:00,2024-04-04 09:32:00-04:00,2024-04-04 14:10:00-04:00,L,18539.5,18429.0,18429.25,110.25,-223.0,-1.0113378684807257,SL,1,s2
2024-04-04 14:14:00-04:00,2024-04-04 14:14:00-04:00,2024-04-04 14:30:00-04:00,S,18416.0,18312.25,18488.0,72.0,205.5,1.4270833333333333,TP,1,s4
2024-04-04 14:38:00-04:00,2024-04-04 14:38:00-04:00,2024-04-04 14:44:00-04:00,L,18319.0,18253.25,18253.5,65.5,-133.5,-1.0190839694656488,SL,1,s1
2024-04-05 09:59:00-04:00,2024-04-05 09:59:00-04:00,2024-04-05 11:55:00-04:00,S,18205.75,18354.25,18354.0,148.25,-299.0,-1.0084317032040473,SL,1,s4
2024-04-05 11:56:00-04:00,2024-04-05 11:56:00-04:00,2024-04-05 15:59:00-04:00,L,18357.25,18293.0,18214.75,142.5,-130.5,-0.45789473684210524,time,1,s2
2024-04-08 10:56:00-04:00,2024-04-08 10:56:00-04:00,2024-04-08 15:59:00-04:00,S,18363.0,18297.5,18461.25,98.25,129.0,0.6564885496183206,time,1,s4
2024-04-09 09:32:00-04:00,2024-04-09 09:32:00-04:00,2024-04-09 09:50:00-04:00,L,18399.25,18335.25,18335.5,63.75,-130.0,-1.0196078431372548,SL,1,s2
2024-04-09 10:08:00-04:00,2024-04-09 10:08:00-04:00,2024-04-09 10:30:00-04:00,S,18334.75,18259.0,18374.25,39.5,149.5,1.8924050632911393,TP,1,s4
2024-04-09 10:41:00-04:00,2024-04-09 10:41:00-04:00,2024-04-09 11:44:00-04:00,S,18207.75,18259.25,18259.0,51.25,-105.0,-1.024390243902439,SL,1,s3
2024-04-09 11:47:00-04:00,2024-04-09 11:47:00-04:00,2024-04-09 15:09:00-04:00,L,18264.0,18220.0,18220.25,43.75,-90.0,-1.0285714285714285,SL,1,s1
2024-04-10 09:32:00-04:00,2024-04-10 09:32:00-04:00,2024-04-10 09:46:00-04:00,S,18166.5,18115.0,18295.0,128.5,101.0,0.39299610894941633,TP,1,s3
2024-04-11 09:35:00-04:00,2024-04-11 09:35:00-04:00,2024-04-11 09:40:00-04:00,L,18267.75,18225.5,18225.75,42.0,-86.5,-1.0297619047619047,SL,1,s2
2024-04-11 10:11:00-04:00,2024-04-11 10:11:00-04:00,2024-04-11 10:45:00-04:00,S,18211.5,18260.5,18260.25,48.75,-100.0,-1.0256410256410255,SL,1,s4
2024-04-12 10:08:00-04:00,2024-04-12 10:08:00-04:00,2024-04-12 13:30:00-04:00,S,18274.25,18125.5,18385.5,111.25,295.5,1.3280898876404494,TP,1,s3
2024-04-15 09:44:00-04:00,2024-04-15 09:44:00-04:00,2024-04-15 10:08:00-04:00,L,18308.25,18242.5,18242.75,65.5,-133.5,-1.0190839694656488,SL,1,s2
2024-04-15 10:11:00-04:00,2024-04-15 10:11:00-04:00,2024-04-15 12:30:00-04:00,S,18192.5,18120.25,18304.5,112.0,142.5,0.6361607142857143,TP,1,s4
2024-04-15 13:08:00-04:00,2024-04-15 13:08:00-04:00,2024-04-15 13:19:00-04:00,L,18129.5,18058.25,18058.5,71.0,-144.5,-1.017605633802817,SL,1,s1
2024-04-15 13:20:00-04:00,2024-04-15 13:20:00-04:00,2024-04-15 13:28:00-04:00,S,18032.25,17957.5,18120.25,88.0,147.5,0.8380681818181818,TP,1,s3
2024-04-17 09:41:00-04:00,2024-04-17 09:41:00-04:00,2024-04-17 10:12:00-04:00,S,17918.75,17830.25,17970.25,51.5,175.0,1.6990291262135921,TP,1,s4
2024-04-17 10:14:00-04:00,2024-04-17 10:14:00-04:00,2024-04-17 10:53:00-04:00,L,17835.0,17783.0,17783.25,51.75,-106.0,-1.0241545893719808,SL,1,s1
2024-04-18 09:41:00-04:00,2024-04-18 09:41:00-04:00,2024-04-18 15:59:00-04:00,L,17586.0,17544.75,17465.5,120.5,-84.5,-0.3506224066390041,time,1,s1
2024-04-19 09:32:00-04:00,2024-04-19 09:32:00-04:00,2024-04-19 10:10:00-04:00,L,17490.25,17421.5,17421.75,68.5,-139.5,-1.0182481751824817,SL,1,s1
2024-04-19 10:11:00-04:00,2024-04-19 10:11:00-04:00,2024-04-19 11:27:00-04:00,S,17417.25,17320.75,17483.5,66.25,191.0,1.441509433962264,TP,1,s3
2024-04-22 09:32:00-04:00,2024-04-22 09:32:00-04:00,2024-04-22 13:52:00-04:00,S,17281.75,17404.0,17403.75,122.0,-246.5,-1.0102459016393444,SL,1,s4
2024-04-22 13:53:00-04:00,2024-04-22 13:53:00-04:00,2024-04-22 15:59:00-04:00,L,17405.25,17350.5,17292.75,112.5,-111.5,-0.4955555555555556,time,1,s2
2024-04-23 10:08:00-04:00,2024-04-23 10:08:00-04:00,2024-04-23 14:44:00-04:00,L,17524.5,17653.5,17433.0,91.5,256.0,1.3989071038251366,TP,1,s2
2024-04-24 09:35:00-04:00,2024-04-24 09:35:00-04:00,2024-04-24 11:03:00-04:00,L,17751.25,17674.5,17674.75,76.5,-155.5,-1.0163398692810457,SL,1,s2
2024-04-24 11:05:00-04:00,2024-04-24 11:05:00-04:00,2024-04-24 15:59:00-04:00,S,17668.5,17658.5,17741.75,73.25,18.0,0.12286689419795221,time,1,s4
2024-04-25 09:32:00-04:00,2024-04-25 09:32:00-04:00,2024-04-25 09:33:00-04:00,S,17319.5,17320.25,17595.5,276.0,-3.5,-0.006340579710144928,TP,1,s3
2024-04-26 09:35:00-04:00,2024-04-26 09:35:00-04:00,2024-04-26 11:01:00-04:00,L,17735.75,17869.25,17649.25,86.5,265.0,1.5317919075144508,TP,1,s2
2024-04-29 09:41:00-04:00,2024-04-29 09:41:00-04:00,2024-04-29 15:59:00-04:00,S,17861.75,17905.5,17967.5,105.75,-89.5,-0.4231678486997636,time,1,s4
2024-04-30 09:44:00-04:00,2024-04-30 09:44:00-04:00,2024-04-30 10:31:00-04:00,L,17883.0,17818.0,17818.25,64.75,-132.0,-1.0193050193050193,SL,1,s1
2024-04-30 11:08:00-04:00,2024-04-30 11:08:00-04:00,2024-04-30 11:31:00-04:00,S,17795.25,17746.5,17862.0,66.75,95.5,0.7153558052434457,TP,1,s3
2024-05-01 09:35:00-04:00,2024-05-01 09:35:00-04:00,2024-05-01 14:41:00-04:00,L,17495.5,17654.5,17381.0,114.5,316.0,1.3799126637554586,TP,1,s1
2024-05-01 14:59:00-04:00,2024-05-01 14:59:00-04:00,2024-05-01 15:32:00-04:00,L,17751.0,17654.25,17654.5,96.5,-195.5,-1.0129533678756477,SL,1,s2
2024-05-02 09:35:00-04:00,2024-05-02 09:35:00-04:00,2024-05-02 14:35:00-04:00,S,17530.5,17648.0,17647.75,117.25,-237.0,-1.0106609808102345,SL,1,s4
2024-05-03 09:32:00-04:00,2024-05-03 09:32:00-04:00,2024-05-03 09:37:00-04:00,L,17932.75,17952.5,17730.5,202.25,37.5,0.09270704573547589,TP,1,s2
2024-05-06 09:38:00-04:00,2024-05-06 09:38:00-04:00,2024-05-06 15:47:00-04:00,L,18097.5,18158.75,18044.5,53.0,120.5,1.1367924528301887,TP,1,s2
2024-05-07 12:50:00-04:00,2024-05-07 12:50:00-04:00,2024-05-07 15:59:00-04:00,S,18236.0,18196.5,18283.75,47.75,77.0,0.806282722513089,time,1,s4
2024-05-08 09:32:00-04:00,2024-05-08 09:32:00-04:00,2024-05-08 09:33:00-04:00,S,18097.25,18094.25,18168.25,71.0,4.0,0.028169014084507043,TP,1,s3
2024-05-08 09:59:00-04:00,2024-05-08 09:59:00-04:00,2024-05-08 10:47:00-04:00,L,18168.5,18224.25,18140.0,28.5,109.5,1.9210526315789473,TP,1,s1
2024-05-08 10:56:00-04:00,2024-05-08 10:56:00-04:00,2024-05-08 11:45:00-04:00,S,18223.0,18168.25,18252.5,29.5,107.5,1.8220338983050848,TP,1,s4
2024-05-09 09:56:00-04:00,2024-05-09 09:56:00-04:00,2024-05-09 11:02:00-04:00,L,18144.25,18228.25,18093.5,50.75,166.0,1.6354679802955665,TP,1,s1
2024-05-10 09:35:00-04:00,2024-05-10 09:35:00-04:00,2024-05-10 09:49:00-04:00,L,18296.25,18347.5,18251.75,44.5,100.5,1.1292134831460674,TP,1,s2
2024-05-10 10:20:00-04:00,2024-05-10 10:20:00-04:00,2024-05-10 15:59:00-04:00,S,18247.0,18254.25,18288.0,41.0,-16.5,-0.20121951219512196,time,1,s4
2024-05-13 09:41:00-04:00,2024-05-13 09:41:00-04:00,2024-05-13 15:59:00-04:00,S,18272.0,18295.75,18342.0,70.0,-49.5,-0.3535714285714286,time,1,s4
2024-05-14 09:35:00-04:00,2024-05-14 09:35:00-04:00,2024-05-14 09:46:00-04:00,L,18290.5,18323.5,18239.25,51.25,64.0,0.624390243902439,TP,1,s1
2024-05-14 09:47:00-04:00,2024-05-14 09:47:00-04:00,2024-05-14 10:25:00-04:00,S,18317.75,18352.0,18351.75,34.0,-70.5,-1.036764705882353,SL,1,s4
2024-05-14 10:26:00-04:00,2024-05-14 10:26:00-04:00,2024-05-14 10:36:00-04:00,L,18357.75,18323.25,18323.5,34.25,-71.0,-1.0364963503649636,SL,1,s2
2024-05-15 09:32:00-04:00,2024-05-15 09:32:00-04:00,2024-05-15 09:50:00-04:00,L,18519.5,18457.25,18457.5,62.0,-126.5,-1.0201612903225807,SL,1,s2
2024-05-17 12:47:00-04:00,2024-05-17 12:47:00-04:00,2024-05-17 14:13:00-04:00,L,18625.5,18586.0,18586.25,39.25,-81.0,-1.0318471337579618,SL,1,s1
2024-05-17 14:14:00-04:00,2024-05-17 14:14:00-04:00,2024-05-17 14:55:00-04:00,S,18570.0,18619.0,18618.75,48.75,-100.0,-1.0256410256410255,SL,1,s3
2024-05-20 09:50:00-04:00,2024-05-20 09:50:00-04:00,2024-05-20 12:41:00-04:00,L,18722.25,18771.0,18674.75,47.5,95.5,1.0052631578947369,TP,1,s2
2024-05-21 10:17:00-04:00,2024-05-21 10:17:00-04:00,2024-05-21 15:59:00-04:00,L,18724.5,18800.25,18678.75,45.75,149.5,1.633879781420765,time,1,s1
2024-05-22 11:08:00-04:00,2024-05-22 11:08:00-04:00,2024-05-22 13:41:00-04:00,S,18830.25,18764.75,18872.5,42.25,129.0,1.5266272189349113,TP,1,s4
2024-05-22 14:02:00-04:00,2024-05-22 14:02:00-04:00,2024-05-22 15:32:00-04:00,S,18727.5,18765.0,18764.75,37.25,-77.0,-1.0335570469798658,SL,1,s3
2024-05-23 09:32:00-04:00,2024-05-23 09:32:00-04:00,2024-05-23 09:33:00-04:00,L,18946.25,18949.0,18836.0,110.25,3.5,0.015873015873015872,TP,1,s2
2024-05-23 10:56:00-04:00,2024-05-23 10:56:00-04:00,2024-05-23 11:09:00-04:00,S,18809.75,18879.0,18878.75,69.0,-140.5,-1.0181159420289856,SL,1,s4
2024-05-23 14:05:00-04:00,2024-05-23 14:05:00-04:00,2024-05-23 14:51:00-04:00,S,18691.75,18638.5,18751.5,59.75,104.5,0.8744769874476988,TP,1,s3
2024-05-24 10:02:00-04:00,2024-05-24 10:02:00-04:00,2024-05-24 11:10:00-04:00,S,18777.25,18895.5,18895.25,118.0,-238.5,-1.0105932203389831,SL,1,s4
2024-05-24 11:11:00-04:00,2024-05-24 11:11:00-04:00,2024-05-24 15:59:00-04:00,L,18903.0,18873.75,18795.75,107.25,-60.5,-0.28205128205128205,time,1,s2
2024-05-27 11:26:00-04:00,2024-05-27 11:26:00-04:00,2024-05-27 12:49:00-04:00,S,18924.0,18952.5,18981.0,57.0,-59.0,-0.5175438596491229,time,1,s4
2024-05-28 09:38:00-04:00,2024-05-28 09:38:00-04:00,2024-05-28 09:45:00-04:00,S,18892.0,18869.5,18928.75,36.75,43.0,0.5850340136054422,TP,1,s3
2024-05-28 12:02:00-04:00,2024-05-28 12:02:00-04:00,2024-05-28 13:02:00-04:00,L,18929.25,18906.0,18906.25,23.0,-48.5,-1.0543478260869565,SL,1,s1
2024-05-29 09:32:00-04:00,2024-05-29 09:32:00-04:00,2024-05-29 09:33:00-04:00,S,18796.5,18797.25,18908.5,112.0,-3.5,-0.015625,TP,1,s3
2024-05-30 09:35:00-04:00,2024-05-30 09:35:00-04:00,2024-05-30 10:12:00-04:00,S,18714.25,18691.75,18778.5,64.25,43.0,0.3346303501945525,TP,1,s3
2024-05-31 09:53:00-04:00,2024-05-31 09:53:00-04:00,2024-05-31 10:14:00-04:00,L,18549.5,18482.25,18482.5,67.0,-136.5,-1.0186567164179106,SL,1,s1
2024-05-31 10:17:00-04:00,2024-05-31 10:17:00-04:00,2024-05-31 10:34:00-04:00,S,18471.75,18382.5,18543.5,71.75,176.5,1.2299651567944252,TP,1,s3
2024-06-03 09:53:00-04:00,2024-06-03 09:53:00-04:00,2024-06-03 12:23:00-04:00,S,18693.5,18491.75,18813.0,119.5,401.5,1.6799163179916319,TP,1,s4
2024-06-04 14:32:00-04:00,2024-06-04 14:32:00-04:00,2024-06-04 15:59:00-04:00,S,18725.5,18702.0,18828.5,103.0,45.0,0.21844660194174756,time,1,s4
2024-06-05 09:32:00-04:00,2024-06-05 09:32:00-04:00,2024-06-05 10:25:00-04:00,L,18841.0,18888.5,18752.75,88.25,93.0,0.5269121813031161,TP,1,s2
2024-06-07 09:32:00-04:00,2024-06-07 09:32:00-04:00,2024-06-07 09:47:00-04:00,S,19010.25,19039.25,19039.0,28.75,-60.0,-1.0434782608695652,SL,1,s3
2024-06-07 09:50:00-04:00,2024-06-07 09:50:00-04:00,2024-06-07 10:42:00-04:00,L,19040.5,19092.5,19011.75,28.75,102.0,1.7739130434782608,TP,1,s1
2024-06-07 10:56:00-04:00,2024-06-07 10:56:00-04:00,2024-06-07 11:06:00-04:00,S,19080.0,19039.0,19119.75,39.75,80.0,1.0062893081761006,TP,1,s4
2024-06-07 12:56:00-04:00,2024-06-07 12:56:00-04:00,2024-06-07 14:00:00-04:00,L,19142.25,19092.25,19092.5,49.75,-102.0,-1.0251256281407035,SL,1,s2
2024-06-10 09:32:00-04:00,2024-06-10 09:32:00-04:00,2024-06-10 11:25:00-04:00,L,19006.0,19085.25,18950.75,55.25,156.5,1.416289592760181,TP,1,s1
2024-06-10 13:02:00-04:00,2024-06-10 13:02:00-04:00,2024-06-10 15:59:00-04:00,S,19085.0,19112.75,19130.25,45.25,-57.5,-0.6353591160220995,time,1,s4
2024-06-11 09:35:00-04:00,2024-06-11 09:35:00-04:00,2024-06-11 09:47:00-04:00,L,19074.0,19028.5,19028.75,45.25,-93.0,-1.0276243093922652,SL,1,s1
2024-06-11 14:08:00-04:00,2024-06-11 14:08:00-04:00,2024-06-11 14:21:00-04:00,S,19153.5,19196.5,19196.25,42.75,-88.0,-1.0292397660818713,SL,1,s4
2024-06-11 14:23:00-04:00,2024-06-11 14:23:00-04:00,2024-06-11 15:59:00-04:00,L,19197.25,19242.25,19154.25,43.0,88.0,1.0232558139534884,time,1,s2
2024-06-12 09:32:00-04:00,2024-06-12 09:32:00-04:00,2024-06-12 09:50:00-04:00,L,19418.25,19498.25,19311.75,106.5,158.0,0.7417840375586855,TP,1,s2
2024-06-13 09:32:00-04:00,2024-06-13 09:32:00-04:00,2024-06-13 10:23:00-04:00,L,19642.25,19550.25,19550.5,91.75,-186.0,-1.013623978201635,SL,1,s2
2024-06-14 10:02:00-04:00,2024-06-14 10:02:00-04:00,2024-06-14 15:59:00-04:00,S,19620.25,19683.5,19683.25,63.0,-128.5,-1.0198412698412698,SL,1,s4
2024-06-17 09:50:00-04:00,2024-06-17 09:50:00-04:00,2024-06-17 11:00:00-04:00,L,19651.25,19724.25,19613.5,37.75,144.0,1.9072847682119205,TP,1,s1
2024-06-17 12:20:00-04:00,2024-06-17 12:20:00-04:00,2024-06-17 12:36:00-04:00,L,19766.0,19822.5,19724.25,41.75,111.0,1.3293413173652695,TP,1,s2
2024-06-20 09:32:00-04:00,2024-06-20 09:32:00-04:00,2024-06-20 09:33:00-04:00,S,20221.25,20221.75,20246.75,25.5,-3.0,-0.058823529411764705,TP,1,s4
2024-06-20 09:38:00-04:00,2024-06-20 09:38:00-04:00,2024-06-20 09:41:00-04:00,L,20227.0,20238.5,20214.75,12.25,21.0,0.8571428571428571,TP,1,s1
2024-06-20 09:44:00-04:00,2024-06-20 09:44:00-04:00,2024-06-20 09:45:00-04:00,L,20260.5,20260.0,20238.5,22.0,-3.0,-0.06818181818181818,TP,1,s2
2024-06-20 10:08:00-04:00,2024-06-20 10:08:00-04:00,2024-06-20 10:09:00-04:00,S,20200.0,20200.5,20223.0,23.0,-3.0,-0.06521739130434782,TP,1,s3
2024-06-21 09:59:00-04:00,2024-06-21 09:59:00-04:00,2024-06-21 15:59:00-04:00,L,19953.0,19975.0,19867.5,85.5,42.0,0.24561403508771928,time,1,s1
2024-06-24 09:32:00-04:00,2024-06-24 09:32:00-04:00,2024-06-24 09:44:00-04:00,L,19934.75,19887.5,19887.75,47.0,-96.5,-1.0265957446808511,SL,1,s1
2024-06-24 09:50:00-04:00,2024-06-24 09:50:00-04:00,2024-06-24 09:54:00-04:00,S,19882.5,19932.0,19931.75,49.25,-101.0,-1.0253807106598984,SL,1,s3
2024-06-25 09:35:00-04:00,2024-06-25 09:35:00-04:00,2024-06-25 10:06:00-04:00,S,19811.75,19885.5,19885.25,73.5,-149.5,-1.0170068027210883,SL,1,s4
2024-06-25 10:11:00-04:00,2024-06-25 10:11:00-04:00,2024-06-25 15:59:00-04:00,L,19889.25,19967.0,19815.0,74.25,153.5,1.0336700336700337,time,1,s2
2024-06-26 10:23:00-04:00,2024-06-26 10:23:00-04:00,2024-06-26 11:11:00-04:00,S,20010.75,19915.5,20071.25,60.5,188.5,1.5578512396694215,TP,1,s4
2024-06-27 09:38:00-04:00,2024-06-27 09:38:00-04:00,2024-06-27 09:50:00-04:00,L,20090.75,20036.5,20036.75,54.0,-110.5,-1.0231481481481481,SL,1,s2
2024-06-27 09:56:00-04:00,2024-06-27 09:56:00-04:00,2024-06-27 10:00:00-04:00,S,20034.25,20069.25,20069.0,34.75,-72.0,-1.0359712230215827,SL,1,s4
2024-06-27 11:32:00-04:00,2024-06-27 11:32:00-04:00,2024-06-27 12:25:00-04:00,L,19979.0,20036.75,19941.0,38.0,113.5,1.493421052631579,TP,1,s1
2024-06-28 09:41:00-04:00,2024-06-28 09:41:00-04:00,2024-06-28 09:50:00-04:00,S,20076.0,20137.25,20137.0,61.0,-124.5,-1.0204918032786885,SL,1,s4
2024-06-28 12:44:00-04:00,2024-06-28 12:44:00-04:00,2024-06-28 15:31:00-04:00,L,20017.0,19958.25,19958.5,58.5,-119.5,-1.0213675213675213,SL,1,s1
2024-07-01 10:17:00-04:00,2024-07-01 10:17:00-04:00,2024-07-01 14:12:00-04:00,L,19868.0,20033.25,19730.5,137.5,328.5,1.1945454545454546,TP,1,s1
2024-07-01 14:14:00-04:00,2024-07-01 14:14:00-04:00,2024-07-01 15:59:00-04:00,S,20030.5,20049.25,20134.5,104.0,-39.5,-0.18990384615384615,time,1,s4
2024-07-02 09:32:00-04:00,2024-07-02 09:32:00-04:00,2024-07-02 10:57:00-04:00,L,20019.25,20121.0,19904.5,114.75,201.5,0.8779956427015251,TP,1,s1
2024-07-02 10:59:00-04:00,2024-07-02 10:59:00-04:00,2024-07-02 13:50:00-04:00,S,20111.0,20193.75,20193.5,82.5,-167.5,-1.0151515151515151,SL,1,s4
2024-07-03 12:20:00-04:00,2024-07-03 12:20:00-04:00,2024-07-03 13:04:00-04:00,L,20414.0,20431.0,20334.0,80.0,32.0,0.2,time,1,s2
2024-07-05 09:32:00-04:00,2024-07-05 09:32:00-04:00,2024-07-05 09:33:00-04:00,L,20462.75,20462.5,20391.5,71.25,-2.5,-0.017543859649122806,TP,1,s2
2024-07-09 09:32:00-04:00,2024-07-09 09:32:00-04:00,2024-07-09 10:12:00-04:00,L,20746.75,20766.75,20693.75,53.0,38.0,0.3584905660377358,TP,1,s2
2024-07-09 11:11:00-04:00,2024-07-09 11:11:00-04:00,2024-07-09 13:18:00-04:00,S,20687.75,20638.75,20721.5,33.75,96.0,1.4222222222222223,TP,1,s4
2024-07-09 13:20:00-04:00,2024-07-09 13:20:00-04:00,2024-07-09 15:59:00-04:00,L,20641.5,20679.25,20611.0,30.5,73.5,1.2049180327868851,time,1,s1
2024-07-10 09:56:00-04:00,2024-07-10 09:56:00-04:00,2024-07-10 11:00:00-04:00,L,20766.25,20722.0,20722.25,44.0,-90.5,-1.0284090909090908,SL,1,s2
2024-07-10 11:02:00-04:00,2024-07-10 11:02:00-04:00,2024-07-10 11:30:00-04:00,S,20708.0,20765.5,20765.25,57.25,-117.0,-1.0218340611353711,SL,1,s4
2024-07-11 09:56:00-04:00,2024-07-11 09:56:00-04:00,2024-07-11 10:13:00-04:00,L,20843.25,20775.5,20775.75,67.5,-137.5,-1.0185185185185186,SL,1,s1
2024-07-11 10:14:00-04:00,2024-07-11 10:14:00-04:00,2024-07-11 10:20:00-04:00,S,20756.75,20677.5,20835.0,78.25,156.5,1.0,TP,1,s3
2024-07-12 10:14:00-04:00,2024-07-12 10:14:00-04:00,2024-07-12 13:44:00-04:00,S,20566.25,20719.25,20719.0,152.75,-308.0,-1.0081833060556464,SL,1,s4
2024-07-12 13:47:00-04:00,2024-07-12 13:47:00-04:00,2024-07-12 15:43:00-04:00,L,20725.25,20573.75,20574.0,151.25,-305.0,-1.0082644628099173,SL,1,s2
2024-07-15 09:32:00-04:00,2024-07-15 09:32:00-04:00,2024-07-15 10:36:00-04:00,S,20610.75,20714.25,20714.0,103.25,-209.0,-1.0121065375302662,SL,1,s4
2024-07-15 10:44:00-04:00,2024-07-15 10:44:00-04:00,2024-07-15 12:15:00-04:00,L,20717.0,20626.75,20627.0,90.0,-182.5,-1.0138888888888888,SL,1,s2
2024-07-16 09:41:00-04:00,2024-07-16 09:41:00-04:00,2024-07-16 10:05:00-04:00,S,20671.25,20513.75,20753.25,82.0,313.0,1.9085365853658536,TP,1,s4
2024-07-17 09:32:00-04:00,2024-07-17 09:32:00-04:00,2024-07-17 09:33:00-04:00,S,20248.0,20248.75,20539.25,291.25,-3.5,-0.006008583690987125,TP,1,s3
2024-07-18 09:44:00-04:00,2024-07-18 09:44:00-04:00,2024-07-18 10:41:00-04:00,S,20039.5,19912.0,20154.0,114.5,253.0,1.1048034934497817,TP,1,s4
2024-07-18 10:44:00-04:00,2024-07-18 10:44:00-04:00,2024-07-18 11:23:00-04:00,L,19925.75,19830.75,19831.0,94.75,-192.0,-1.0131926121372032,SL,1,s1
2024-07-18 11:29:00-04:00,2024-07-18 11:29:00-04:00,2024-07-18 12:59:00-04:00,S,19821.5,19912.25,19912.0,90.5,-183.5,-1.0138121546961325,SL,1,s3
2024-07-19 10:35:00-04:00,2024-07-19 10:35:00-04:00,2024-07-19 13:07:00-04:00,L,19807.0,19678.25,19678.5,128.5,-259.5,-1.009727626459144,SL,1,s1
2024-07-19 13:11:00-04:00,2024-07-19 13:11:00-04:00,2024-07-19 15:59:00-04:00,S,19678.25,19713.0,19786.25,108.0,-71.5,-0.33101851851851855,time,1,s3
2024-07-22 09:32:00-04:00,2024-07-22 09:32:00-04:00,2024-07-22 14:21:00-04:00,L,19898.25,20036.25,19801.5,96.75,274.0,1.4160206718346253,TP,1,s2
2024-07-23 09:32:00-04:00,2024-07-23 09:32:00-04:00,2024-07-23 11:15:00-04:00,L,19941.5,20062.5,19868.5,73.0,240.0,1.643835616438356,TP,1,s1
2024-07-23 11:26:00-04:00,2024-07-23 11:26:00-04:00,2024-07-23 12:57:00-04:00,S,20056.5,19933.5,20127.5,71.0,244.0,1.7183098591549295,TP,1,s4
2024-07-24 09:32:00-04:00,2024-07-24 09:32:00-04:00,2024-07-24 09:33:00-04:00,S,19629.0,19629.25,19874.75,245.75,-2.5,-0.00508646998982706,TP,1,s3
2024-07-25 10:11:00-04:00,2024-07-25 10:11:00-04:00,2024-07-25 10:29:00-04:00,S,18910.75,19070.75,19070.5,159.75,-322.0,-1.0078247261345852,SL,1,s3
2024-07-25 12:26:00-04:00,2024-07-25 12:26:00-04:00,2024-07-25 15:50:00-04:00,S,19335.25,19070.5,19473.5,138.25,527.5,1.907775768535262,TP,1,s4
2024-07-26 09:35:00-04:00,2024-07-26 09:35:00-04:00,2024-07-26 12:43:00-04:00,S,19121.25,19270.5,19270.25,149.0,-300.5,-1.0083892617449663,SL,1,s4
2024-07-26 12:44:00-04:00,2024-07-26 12:44:00-04:00,2024-07-26 14:42:00-04:00,L,19275.75,19130.25,19130.5,145.25,-293.0,-1.008605851979346,SL,1,s2
2024-07-29 09:44:00-04:00,2024-07-29 09:44:00-04:00,2024-07-29 10:14:00-04:00,L,19342.5,19246.5,19246.75,95.75,-194.0,-1.0130548302872062,SL,1,s2
2024-07-29 10:56:00-04:00,2024-07-29 10:56:00-04:00,2024-07-29 12:14:00-04:00,S,19245.25,19318.25,19318.0,72.75,-148.0,-1.0171821305841924,SL,1,s4
2024-07-30 09:44:00-04:00,2024-07-30 09:44:00-04:00,2024-07-30 10:35:00-04:00,S,19260.25,19136.5,19354.5,94.25,245.5,1.3023872679045092,TP,1,s4
2024-07-30 10:44:00-04:00,2024-07-30 10:44:00-04:00,2024-07-30 11:01:00-04:00,L,19138.5,19063.25,19063.5,75.0,-152.5,-1.0166666666666666,SL,1,s1
2024-07-30 11:02:00-04:00,2024-07-30 11:02:00-04:00,2024-07-30 11:42:00-04:00,S,19030.0,18943.5,19136.5,106.5,171.0,0.8028169014084507,TP,1,s3
2024-07-31 09:32:00-04:00,2024-07-31 09:32:00-04:00,2024-07-31 10:18:00-04:00,L,19335.75,19459.75,19081.25,254.5,246.0,0.48330058939096265,TP,1,s2
2024-08-01 09:47:00-04:00,2024-08-01 09:47:00-04:00,2024-08-01 10:06:00-04:00,L,19643.5,19568.0,19568.25,75.25,-153.0,-1.0166112956810631,SL,1,s2
2024-08-01 10:17:00-04:00,2024-08-01 10:17:00-04:00,2024-08-01 10:32:00-04:00,S,19556.5,19423.75,19640.75,84.25,263.5,1.5637982195845697,TP,1,s4
2024-08-01 10:59:00-04:00,2024-08-01 10:59:00-04:00,2024-08-01 11:36:00-04:00,S,19341.75,19230.5,19423.75,82.0,220.5,1.3445121951219512,TP,1,s3
2024-08-02 09:35:00-04:00,2024-08-02 09:35:00-04:00,2024-08-02 15:59:00-04:00,S,18557.5,18561.5,18804.25,246.75,-10.0,-0.020263424518743668,time,1,s3
2024-08-05 09:32:00-04:00,2024-08-05 09:32:00-04:00,2024-08-05 09:33:00-04:00,S,17603.25,17604.0,18458.0,854.75,-3.5,-0.0020473822755191578,TP,1,s3
2024-08-06 10:38:00-04:00,2024-08-06 10:38:00-04:00,2024-08-06 13:04:00-04:00,S,18228.75,18449.75,18449.5,220.75,-444.0,-1.0056625141562854,SL,1,s4
2024-08-06 14:23:00-04:00,2024-08-06 14:23:00-04:00,2024-08-06 15:52:00-04:00,L,18453.0,18234.75,18235.0,218.0,-438.5,-1.0057339449541285,SL,1,s2
2024-08-07 09:32:00-04:00,2024-08-07 09:32:00-04:00,2024-08-07 12:03:00-04:00,L,18479.75,18314.25,18314.5,165.25,-333.0,-1.0075642965204237,SL,1,s2
2024-08-07 12:05:00-04:00,2024-08-07 12:05:00-04:00,2024-08-07 14:15:00-04:00,S,18312.25,18028.0,18458.25,146.0,566.5,1.9400684931506849,TP,1,s4
2024-08-07 14:17:00-04:00,2024-08-07 14:17:00-04:00,2024-08-07 15:59:00-04:00,L,18050.5,17972.0,17884.25,166.25,-159.0,-0.4781954887218045,time,1,s1
2024-08-08 09:44:00-04:00,2024-08-08 09:44:00-04:00,2024-08-08 10:15:00-04:00,S,18131.5,18306.75,18306.5,175.0,-352.5,-1.0071428571428571,SL,1,s4
2024-08-08 10:17:00-04:00,2024-08-08 10:17:00-04:00,2024-08-08 15:59:00-04:00,L,18349.75,18518.75,18139.25,210.5,336.0,0.7980997624703088,time,1,s2
2024-08-09 13:32:00-04:00,2024-08-09 13:32:00-04:00,2024-08-09 15:59:00-04:00,S,18647.0,18610.25,18789.25,142.25,71.5,0.2513181019332162,time,1,s4
2024-08-12 09:50:00-04:00,2024-08-12 09:50:00-04:00,2024-08-12 10:21:00-04:00,L,18582.0,18684.25,18461.0,121.0,202.5,0.8367768595041323,TP,1,s1
2024-08-12 11:23:00-04:00,2024-08-12 11:23:00-04:00,2024-08-12 15:59:00-04:00,S,18639.75,18644.75,18759.0,119.25,-12.0,-0.050314465408805034,time,1,s4
2024-08-13 09:32:00-04:00,2024-08-13 09:32:00-04:00,2024-08-13 09:34:00-04:00,L,18854.25,18887.5,18710.75,143.5,64.5,0.22473867595818817,TP,1,s2
2024-08-14 09:56:00-04:00,2024-08-14 09:56:00-04:00,2024-08-14 10:34:00-04:00,L,19032.0,18937.5,18937.75,94.25,-191.0,-1.013262599469496,SL,1,s1
2024-08-14 12:08:00-04:00,2024-08-14 12:08:00-04:00,2024-08-14 12:45:00-04:00,S,19178.75,19019.75,19264.75,86.0,316.0,1.8372093023255813,TP,1,s4
2024-08-15 09:32:00-04:00,2024-08-15 09:32:00-04:00,2024-08-15 09:37:00-04:00,L,19339.25,19388.75,19184.5,154.75,97.0,0.3134087237479806,TP,1,s2
2024-08-16 09:41:00-04:00,2024-08-16 09:41:00-04:00,2024-08-16 12:58:00-04:00,L,19519.5,19661.25,19441.0,78.5,281.5,1.7929936305732483,TP,1,s1
2024-08-16 12:59:00-04:00,2024-08-16 12:59:00-04:00,2024-08-16 15:59:00-04:00,S,19652.0,19604.0,19735.0,83.0,94.0,0.5662650602409639,time,1,s4
2024-08-19 09:38:00-04:00,2024-08-19 09:38:00-04:00,2024-08-19 10:53:00-04:00,L,19566.0,19658.5,19493.75,72.25,183.0,1.2664359861591696,TP,1,s1
2024-08-19 10:56:00-04:00,2024-08-19 10:56:00-04:00,2024-08-19 13:54:00-04:00,S,19644.0,19714.0,19713.75,69.75,-142.0,-1.017921146953405,SL,1,s4
2024-08-19 13:56:00-04:00,2024-08-19 13:56:00-04:00,2024-08-19 15:53:00-04:00,L,19717.75,19805.0,19658.75,59.0,172.5,1.4618644067796611,TP,1,s2
2024-08-20 10:47:00-04:00,2024-08-20 10:47:00-04:00,2024-08-20 15:59:00-04:00,L,19789.0,19811.5,19677.5,111.5,43.0,0.19282511210762332,time,1,s1
2024-08-21 09:47:00-04:00,2024-08-21 09:47:00-04:00,2024-08-21 10:00:00-04:00,S,19853.0,19912.0,19911.75,58.75,-120.0,-1.0212765957446808,SL,1,s4
2024-08-21 10:38:00-04:00,2024-08-21 10:38:00-04:00,2024-08-21 10:50:00-04:00,L,19931.5,19861.25,19861.5,70.0,-142.5,-1.0178571428571428,SL,1,s2
2024-08-22 09:50:00-04:00,2024-08-22 09:50:00-04:00,2024-08-22 11:19:00-04:00,S,19959.25,19848.25,20022.0,62.75,220.0,1.752988047808765,TP,1,s4
2024-08-22 11:35:00-04:00,2024-08-22 11:35:00-04:00,2024-08-22 11:43:00-04:00,S,19788.75,19694.0,19848.25,59.5,187.5,1.5756302521008403,TP,1,s3
2024-08-23 10:02:00-04:00,2024-08-23 10:02:00-04:00,2024-08-23 10:48:00-04:00,L,19865.0,19717.5,19717.75,147.25,-297.0,-1.0084889643463497,SL,1,s2
2024-08-23 10:50:00-04:00,2024-08-23 10:50:00-04:00,2024-08-23 15:59:00-04:00,S,19679.75,19789.25,19851.0,171.25,-221.0,-0.6452554744525547,time,1,s4
2024-08-26 10:02:00-04:00,2024-08-26 10:02:00-04:00,2024-08-26 10:19:00-04:00,L,19712.0,19617.5,19617.75,94.25,-191.0,-1.013262599469496,SL,1,s1
2024-08-26 10:29:00-04:00,2024-08-26 10:29:00-04:00,2024-08-26 15:59:00-04:00,S,19616.75,19593.5,19703.5,86.75,44.5,0.2564841498559078,time,1,s3
2024-08-27 09:50:00-04:00,2024-08-27 09:50:00-04:00,2024-08-27 11:00:00-04:00,L,19513.0,19674.25,19431.0,82.0,320.5,1.954268292682927,TP,1,s1
2024-08-27 11:02:00-04:00,2024-08-27 11:02:00-04:00,2024-08-27 15:59:00-04:00,S,19673.75,19651.5,19755.5,81.75,42.5,0.2599388379204893,time,1,s4
2024-08-28 10:26:00-04:00,2024-08-28 10:26:00-04:00,2024-08-28 10:44:00-04:00,L,19590.25,19511.75,19512.0,78.25,-159.0,-1.0159744408945688,SL,1,s1
2024-08-29 09:56:00-04:00,2024-08-29 09:56:00-04:00,2024-08-29 14:28:00-04:00,L,19635.5,19525.25,19525.5,110.0,-222.5,-1.0113636363636365,SL,1,s2
2024-08-29 14:29:00-04:00,2024-08-29 14:29:00-04:00,2024-08-29 15:59:00-04:00,S,19497.5,19393.5,19630.0,132.5,206.0,0.7773584905660378,time,1,s4
2024-08-30 09:53:00-04:00,2024-08-30 09:53:00-04:00,2024-08-30 10:57:00-04:00,L,19595.25,19490.5,19490.75,104.5,-211.5,-1.0119617224880382,SL,1,s2
2024-08-30 10:59:00-04:00,2024-08-30 10:59:00-04:00,2024-08-30 15:50:00-04:00,S,19468.75,19588.75,19588.5,119.75,-242.0,-1.010438413361169,SL,1,s4
2024-09-03 09:32:00-04:00,2024-09-03 09:32:00-04:00,2024-09-03 09:33:00-04:00,S,19430.25,19430.5,19624.25,194.0,-2.5,-0.006443298969072165,TP,1,s3
2024-09-04 10:02:00-04:00,2024-09-04 10:02:00-04:00,2024-09-04 15:59:00-04:00,L,18943.25,18957.0,18697.25,246.0,25.5,0.051829268292682924,time,1,s1
2024-09-05 09:47:00-04:00,2024-09-05 09:47:00-04:00,2024-09-05 10:02:00-04:00,S,19000.0,19111.0,19110.75,110.75,-224.0,-1.0112866817155757,SL,1,s4
2024-09-05 10:26:00-04:00,2024-09-05 10:26:00-04:00,2024-09-05 10:45:00-04:00,L,19141.25,19033.5,19033.75,107.5,-217.5,-1.0116279069767442,SL,1,s2
2024-09-05 11:38:00-04:00,2024-09-05 11:38:00-04:00,2024-09-05 14:50:00-04:00,L,18890.75,19033.75,18803.75,87.0,284.0,1.632183908045977,TP,1,s1
2024-09-06 09:32:00-04:00,2024-09-06 09:32:00-04:00,2024-09-06 09:40:00-04:00,L,18893.25,18805.5,18805.75,87.5,-177.5,-1.0142857142857142,SL,1,s1
2024-09-06 09:53:00-04:00,2024-09-06 09:53:00-04:00,2024-09-06 10:25:00-04:00,S,18796.0,18665.25,18890.75,94.75,259.5,1.3693931398416888,TP,1,s3
2024-09-09 10:32:00-04:00,2024-09-09 10:32:00-04:00,2024-09-09 15:59:00-04:00,S,18587.75,18689.0,18754.5,166.75,-204.5,-0.6131934032983508,time,1,s4
2024-09-10 09:32:00-04:00,2024-09-10 09:32:00-04:00,2024-09-10 09:36:00-04:00,L,18820.5,18752.5,18752.75,67.75,-138.0,-1.018450184501845,SL,1,s2
2024-09-10 09:38:00-04:00,2024-09-10 09:38:00-04:00,2024-09-10 11:59:00-04:00,S,18733.75,18624.75,18817.0,83.25,216.0,1.2972972972972974,TP,1,s4
2024-09-10 12:11:00-04:00,2024-09-10 12:11:00-04:00,2024-09-10 13:11:00-04:00,L,18630.5,18752.75,18560.5,70.0,242.5,1.7321428571428572,TP,1,s1
2024-09-11 09:53:00-04:00,2024-09-11 09:53:00-04:00,2024-09-11 10:14:00-04:00,L,18793.0,18697.0,18697.25,95.75,-194.0,-1.0130548302872062,SL,1,s1
2024-09-11 12:32:00-04:00,2024-09-11 12:32:00-04:00,2024-09-11 13:42:00-04:00,S,18915.5,19013.5,19013.25,97.75,-198.0,-1.0127877237851663,SL,1,s4
2024-09-11 13:44:00-04:00,2024-09-11 13:44:00-04:00,2024-09-11 14:40:00-04:00,L,19015.5,19146.25,18934.0,81.5,259.5,1.5920245398773005,TP,1,s2
2024-09-12 13:56:00-04:00,2024-09-12 13:56:00-04:00,2024-09-12 15:59:00-04:00,S,19450.75,19452.0,19665.5,214.75,-4.5,-0.010477299185098952,time,1,s4
2024-09-13 10:47:00-04:00,2024-09-13 10:47:00-04:00,2024-09-13 15:59:00-04:00,S,19521.0,19527.5,19615.75,94.75,-15.0,-0.079155672823219,time,1,s4
2024-09-16 09:32:00-04:00,2024-09-16 09:32:00-04:00,2024-09-16 09:34:00-04:00,S,19389.75,19345.25,19477.5,87.75,87.0,0.49572649572649574,TP,1,s3
2024-09-17 09:32:00-04:00,2024-09-17 09:32:00-04:00,2024-09-17 09:54:00-04:00,L,19580.25,19483.0,19483.25,97.0,-196.5,-1.0128865979381443,SL,1,s2
2024-09-17 12:20:00-04:00,2024-09-17 12:20:00-04:00,2024-09-17 12:49:00-04:00,S,19466.75,19392.75,19528.75,62.0,146.0,1.1774193548387097,TP,1,s4
2024-09-17 12:53:00-04:00,2024-09-17 12:53:00-04:00,2024-09-17 13:45:00-04:00,L,19404.75,19347.0,19347.25,57.5,-117.5,-1.0217391304347827,SL,1,s1
2024-09-19 09:32:00-04:00,2024-09-19 09:32:00-04:00,2024-09-19 09:33:00-04:00,L,20034.0,20033.25,19676.75,357.25,-3.5,-0.00489853044086774,TP,1,s2
2024-09-20 10:08:00-04:00,2024-09-20 10:08:00-04:00,2024-09-20 10:52:00-04:00,L,20022.0,19949.5,19949.75,72.25,-147.0,-1.0173010380622838,SL,1,s1
2024-09-20 10:53:00-04:00,2024-09-20 10:53:00-04:00,2024-09-20 12:25:00-04:00,S,19948.25,20016.25,20016.0,67.75,-138.0,-1.018450184501845,SL,1,s3
2024-09-23 09:50:00-04:00,2024-09-23 09:50:00-04:00,2024-09-23 15:59:00-04:00,S,20094.25,20076.75,20156.25,62.0,33.0,0.2661290322580645,time,1,s4
2024-09-24 09:41:00-04:00,2024-09-24 09:41:00-04:00,2024-09-24 10:00:00-04:00,S,20105.0,20046.75,20136.25,31.25,114.5,1.832,TP,1,s4
2024-09-24 10:05:00-04:00,2024-09-24 10:05:00-04:00,2024-09-24 10:12:00-04:00,S,20006.5,20047.0,20046.75,40.25,-83.0,-1.031055900621118,SL,1,s3
2024-09-24 10:53:00-04:00,2024-09-24 10:53:00-04:00,2024-09-24 11:11:00-04:00,L,20047.5,20106.25,20016.75,30.75,115.5,1.8780487804878048,TP,1,s1
2024-09-24 11:44:00-04:00,2024-09-24 11:44:00-04:00,2024-09-24 11:53:00-04:00,L,20145.25,20185.0,20106.25,39.0,77.5,0.9935897435897436,TP,1,s2
2024-09-25 10:02:00-04:00,2024-09-25 10:02:00-04:00,2024-09-25 15:59:00-04:00,S,20237.0,20195.0,20315.75,78.75,82.0,0.5206349206349207,time,1,s4
2024-09-26 09:32:00-04:00,2024-09-26 09:32:00-04:00,2024-09-26 09:33:00-04:00,L,20458.75,20458.0,20232.25,226.5,-3.5,-0.00772626931567329,TP,1,s2
2024-09-26 10:59:00-04:00,2024-09-26 10:59:00-04:00,2024-09-26 11:07:00-04:00,S,20214.0,20270.5,20270.25,56.25,-115.0,-1.0222222222222221,SL,1,s4
2024-09-27 11:20:00-04:00,2024-09-27 11:20:00-04:00,2024-09-27 15:59:00-04:00,L,20258.25,20222.75,20160.0,98.25,-73.0,-0.37150127226463103,time,1,s1
2024-09-30 10:11:00-04:00,2024-09-30 10:11:00-04:00,2024-09-30 14:20:00-04:00,L,20199.75,20107.25,20107.5,92.25,-187.0,-1.013550135501355,SL,1,s1
2024-10-01 09:38:00-04:00,2024-10-01 09:38:00-04:00,2024-10-01 09:47:00-04:00,S,20097.0,20038.75,20207.25,110.25,114.5,0.5192743764172335,TP,1,s3
2024-10-02 09:47:00-04:00,2024-10-02 09:47:00-04:00,2024-10-02 15:59:00-04:00,L,19874.0,20009.5,19731.75,142.25,269.0,0.945518453427065,time,1,s1
2024-10-03 09:32:00-04:00,2024-10-03 09:32:00-04:00,2024-10-03 10:02:00-04:00,L,19940.75,20080.0,19868.75,72.0,276.5,1.9201388888888888,TP,1,s1
2024-10-04 09:32:00-04:00,2024-10-04 09:32:00-04:00,2024-10-04 09:35:00-04:00,L,20204.25,20225.25,20052.75,151.5,40.0,0.132013201320132,TP,1,s2
2024-10-04 10:08:00-04:00,2024-10-04 10:08:00-04:00,2024-10-04 10:17:00-04:00,S,20047.75,20118.25,20118.0,70.25,-143.0,-1.0177935943060499,SL,1,s4
2024-10-07 10:23:00-04:00,2024-10-07 10:23:00-04:00,2024-10-07 14:07:00-04:00,L,20163.75,20099.25,20099.5,64.25,-131.0,-1.0194552529182879,SL,1,s1
2024-10-07 14:32:00-04:00,2024-10-07 14:32:00-04:00,2024-10-07 14:47:00-04:00,S,20076.0,19992.75,20163.5,87.5,164.5,0.94,TP,1,s3
2024-10-08 09:53:00-04:00,2024-10-08 09:53:00-04:00,2024-10-08 10:42:00-04:00,L,20133.5,20239.25,20064.75,68.75,209.5,1.5236363636363637,TP,1,s2
2024-10-09 11:56:00-04:00,2024-10-09 11:56:00-04:00,2024-10-09 12:20:00-04:00,L,20447.25,20371.25,20371.5,75.75,-154.0,-1.0165016501650166,SL,1,s2
2024-10-10 10:05:00-04:00,2024-10-10 10:05:00-04:00,2024-10-10 15:59:00-04:00,L,20397.0,20429.25,20324.25,72.75,62.5,0.42955326460481097,time,1,s1
2024-10-11 10:08:00-04:00,2024-10-11 10:08:00-04:00,2024-10-11 15:09:00-04:00,L,20406.5,20486.25,20315.75,90.75,157.5,0.8677685950413223,TP,1,s1
2024-10-14 09:32:00-04:00,2024-10-14 09:32:00-04:00,2024-10-14 09:48:00-04:00,L,20569.0,20631.25,20498.75,70.25,122.5,0.8718861209964412,TP,1,s2
2024-10-15 10:14:00-04:00,2024-10-15 10:14:00-04:00,2024-10-15 10:29:00-04:00,L,20583.0,20536.0,20536.25,46.75,-96.0,-1.0267379679144386,SL,1,s1
2024-10-16 09:47:00-04:00,2024-10-16 09:47:00-04:00,2024-10-16 15:59:00-04:00,L,20252.5,20346.25,20120.75,131.75,185.5,0.7039848197343453,time,1,s1
2024-10-17 09:32:00-04:00,2024-10-17 09:32:00-04:00,2024-10-17 09:33:00-04:00,L,20531.25,20531.0,20394.25,137.0,-2.5,-0.009124087591240875,TP,1,s2
2024-10-17 10:02:00-04:00,2024-10-17 10:02:00-04:00,2024-10-17 10:20:00-04:00,S,20387.25,20442.75,20442.5,55.25,-113.0,-1.0226244343891402,SL,1,s4
2024-10-18 09:44:00-04:00,2024-10-18 09:44:00-04:00,2024-10-18 15:59:00-04:00,L,20496.25,20482.25,20425.0,71.25,-30.0,-0.21052631578947367,time,1,s2
2024-10-21 09:38:00-04:00,2024-10-21 09:38:00-04:00,2024-10-21 10:03:00-04:00,L,20468.75,20509.5,20428.0,40.75,79.5,0.9754601226993865,TP,1,s1
2024-10-21 10:17:00-04:00,2024-10-21 10:17:00-04:00,2024-10-21 10:27:00-04:00,L,20549.5,20509.25,20509.5,40.0,-82.5,-1.03125,SL,1,s2
2024-10-21 10:29:00-04:00,2024-10-21 10:29:00-04:00,2024-10-21 10:39:00-04:00,S,20507.25,20455.5,20537.0,29.75,101.5,1.7058823529411764,TP,1,s4
2024-10-21 10:47:00-04:00,2024-10-21 10:47:00-04:00,2024-10-21 11:07:00-04:00,S,20423.25,20383.5,20455.5,32.25,77.5,1.2015503875968991,TP,1,s3
2024-10-22 09:32:00-04:00,2024-10-22 09:32:00-04:00,2024-10-22 09:45:00-04:00,S,20389.25,20463.25,20463.0,73.75,-150.0,-1.0169491525423728,SL,1,s3
2024-10-22 10:05:00-04:00,2024-10-22 10:05:00-04:00,2024-10-22 14:01:00-04:00,L,20470.0,20578.0,20405.25,64.75,214.0,1.6525096525096525,TP,1,s1
2024-10-22 14:11:00-04:00,2024-10-22 14:11:00-04:00,2024-10-22 15:59:00-04:00,S,20564.75,20540.5,20635.75,71.0,46.5,0.3274647887323944,time,1,s4
2024-10-23 10:02:00-04:00,2024-10-23 10:02:00-04:00,2024-10-23 11:30:00-04:00,S,20403.0,20305.25,20476.25,73.25,193.5,1.3208191126279865,TP,1,s3
2024-10-24 09:32:00-04:00,2024-10-24 09:32:00-04:00,2024-10-24 15:59:00-04:00,S,20321.25,20380.25,20429.75,108.5,-120.0,-0.5529953917050692,time,1,s4
2024-10-25 09:32:00-04:00,2024-10-25 09:32:00-04:00,2024-10-25 09:33:00-04:00,L,20536.5,20536.75,20420.75,115.75,-1.5,-0.0064794816414686825,TP,1,s2
2024-10-28 09:50:00-04:00,2024-10-28 09:50:00-04:00,2024-10-28 15:59:00-04:00,S,20541.25,20500.25,20631.25,90.0,80.0,0.4444444444444444,time,1,s4
2024-10-29 09:41:00-04:00,2024-10-29 09:41:00-04:00,2024-10-29 10:00:00-04:00,L,20461.5,20538.75,20422.25,39.25,152.5,1.9426751592356688,TP,1,s1
2024-10-29 10:02:00-04:00,2024-10-29 10:02:00-04:00,2024-10-29 10:24:00-04:00,S,20519.25,20578.0,20577.75,58.5,-119.5,-1.0213675213675213,SL,1,s4
2024-10-29 10:26:00-04:00,2024-10-29 10:26:00-04:00,2024-10-29 10:28:00-04:00,L,20581.0,20538.5,20538.75,42.25,-87.0,-1.029585798816568,SL,1,s2
2024-10-30 09:56:00-04:00,2024-10-30 09:56:00-04:00,2024-10-30 15:55:00-04:00,L,20627.5,20522.0,20522.25,105.25,-213.0,-1.01187648456057,SL,1,s1
2024-10-31 09:32:00-04:00,2024-10-31 09:32:00-04:00,2024-10-31 09:33:00-04:00,S,20282.75,20283.75,20485.5,202.75,-4.0,-0.009864364981504316,TP,1,s3
2024-11-01 09:35:00-04:00,2024-11-01 09:35:00-04:00,2024-11-01 10:12:00-04:00,S,20091.25,20211.5,20211.25,120.0,-242.5,-1.0104166666666667,SL,1,s4
2024-11-01 10:14:00-04:00,2024-11-01 10:14:00-04:00,2024-11-01 15:59:00-04:00,L,20215.25,20146.5,20111.75,103.5,-139.5,-0.6739130434782609,time,1,s2
2024-11-04 09:44:00-05:00,2024-11-04 09:44:00-05:00,2024-11-04 10:50:00-05:00,L,20110.5,20209.75,20020.25,90.25,196.5,1.0886426592797784,TP,1,s1
2024-11-05 09:35:00-05:00,2024-11-05 09:35:00-05:00,2024-11-05 10:00:00-05:00,L,20203.5,20300.0,20144.25,59.25,191.0,1.6118143459915613,TP,1,s2
2024-11-06 09:32:00-05:00,2024-11-06 09:32:00-05:00,2024-11-06 09:33:00-05:00,L,20695.25,20695.0,20403.25,292.0,-2.5,-0.004280821917808219,TP,1,s2
2024-11-07 09:38:00-05:00,2024-11-07 09:38:00-05:00,2024-11-07 11:52:00-05:00,L,21065.75,21189.25,20973.75,92.0,245.0,1.3315217391304348,TP,1,s2
2024-11-11 09:32:00-05:00,2024-11-11 09:32:00-05:00,2024-11-11 09:33:00-05:00,S,21260.5,21292.0,21291.75,31.25,-65.0,-1.04,SL,1,s4
2024-11-11 09:47:00-05:00,2024-11-11 09:47:00-05:00,2024-11-11 09:55:00-05:00,L,21216.25,21176.0,21176.25,40.0,-82.5,-1.03125,SL,1,s1
2024-11-11 09:59:00-05:00,2024-11-11 09:59:00-05:00,2024-11-11 10:11:00-05:00,S,21171.5,21205.5,21205.25,33.75,-70.0,-1.037037037037037,SL,1,s3
2024-11-12 11:14:00-05:00,2024-11-12 11:14:00-05:00,2024-11-12 12:53:00-05:00,L,21173.0,21112.75,21113.0,60.0,-122.5,-1.0208333333333333,SL,1,s1
2024-11-12 12:56:00-05:00,2024-11-12 12:56:00-05:00,2024-11-12 13:35:00-05:00,S,21092.25,21167.0,21166.75,74.5,-151.5,-1.016778523489933,SL,1,s3
2024-11-13 09:50:00-05:00,2024-11-13 09:50:00-05:00,2024-11-13 10:07:00-05:00,L,21140.0,21076.25,21076.5,63.5,-129.5,-1.0196850393700787,SL,1,s1
2024-11-13 14:05:00-05:00,2024-11-13 14:05:00-05:00,2024-11-13 15:55:00-05:00,S,21232.25,21131.0,21294.0,61.75,200.5,1.6234817813765183,TP,1,s4
2024-11-14 09:50:00-05:00,2024-11-14 09:50:00-05:00,2024-11-14 10:19:00-05:00,L,21119.75,21042.5,21042.75,77.0,-156.5,-1.0162337662337662,SL,1,s1
2024-11-14 12:32:00-05:00,2024-11-14 12:32:00-05:00,2024-11-14 13:07:00-05:00,S,21026.0,21101.25,21101.0,75.0,-152.5,-1.0166666666666666,SL,1,s3
2024-11-15 09:32:00-05:00,2024-11-15 09:32:00-05:00,2024-11-15 09:33:00-05:00,S,20754.25,20755.0,20953.0,198.75,-3.5,-0.00880503144654088,TP,1,s3
2024-11-18 10:11:00-05:00,2024-11-18 10:11:00-05:00,2024-11-18 10:36:00-05:00,S,20591.25,20695.0,20694.75,103.5,-209.5,-1.0120772946859904,SL,1,s4
2024-11-18 11:14:00-05:00,2024-11-18 11:14:00-05:00,2024-11-18 14:22:00-05:00,L,20700.75,20592.75,20593.0,107.75,-218.0,-1.011600928074246,SL,1,s2
2024-11-19 09:41:00-05:00,2024-11-19 09:41:00-05:00,2024-11-19 11:36:00-05:00,L,20573.5,20692.75,20508.0,65.5,236.5,1.8053435114503817,TP,1,s1
2024-11-19 11:38:00-05:00,2024-11-19 11:38:00-05:00,2024-11-19 13:41:00-05:00,S,20687.75,20754.75,20754.5,66.75,-136.0,-1.0187265917602997,SL,1,s4
2024-11-19 13:44:00-05:00,2024-11-19 13:44:00-05:00,2024-11-19 15:59:00-05:00,L,20757.5,20765.0,20692.75,64.75,13.0,0.10038610038610038,time,1,s2
2024-11-20 10:05:00-05:00,2024-11-20 10:05:00-05:00,2024-11-20 11:51:00-05:00,S,20574.25,20687.5,20687.25,113.0,-228.5,-1.011061946902655,SL,1,s3
2024-11-20 11:53:00-05:00,2024-11-20 11:53:00-05:00,2024-11-20 12:20:00-05:00,L,20687.5,20608.5,20608.75,78.75,-160.0,-1.0158730158730158,SL,1,s1
2024-11-21 09:35:00-05:00,2024-11-21 09:35:00-05:00,2024-11-21 09:38:00-05:00,S,20757.75,20673.25,20910.0,152.25,167.0,0.548440065681445,TP,1,s4
2024-11-21 09:41:00-05:00,2024-11-21 09:41:00-05:00,2024-11-21 10:06:00-05:00,L,20677.25,20593.75,20594.0,83.25,-169.0,-1.015015015015015,SL,1,s1
2024-11-21 10:26:00-05:00,2024-11-21 10:26:00-05:00,2024-11-21 10:55:00-05:00,S,20588.25,20673.5,20673.25,85.0,-172.5,-1.0147058823529411,SL,1,s3
2024-11-25 09:32:00-05:00,2024-11-25 09:32:00-05:00,2024-11-25 09:33:00-05:00,L,20989.0,21006.75,20891.0,98.0,33.5,0.17091836734693877,TP,1,s2
2024-11-25 10:35:00-05:00,2024-11-25 10:35:00-05:00,2024-11-25 10:43:00-05:00,S,20884.5,20935.0,20934.75,50.25,-103.0,-1.0248756218905473,SL,1,s4
2024-11-25 12:44:00-05:00,2024-11-25 12:44:00-05:00,2024-11-25 15:59:00-05:00,L,20807.5,20877.75,20760.25,47.25,138.5,1.4656084656084656,time,1,s1
2024-11-26 09:56:00-05:00,2024-11-26 09:56:00-05:00,2024-11-26 15:59:00-05:00,S,20957.0,20989.75,21043.75,86.75,-67.5,-0.38904899135446686,time,1,s4
2024-11-27 09:32:00-05:00,2024-11-27 09:32:00-05:00,2024-11-27 09:35:00-05:00,S,20885.0,20868.0,20956.25,71.25,32.0,0.22456140350877193,TP,1,s3
2024-11-28 09:32:00-05:00,2024-11-28 09:32:00-05:00,2024-11-28 12:49:00-05:00,S,20889.0,20891.5,20962.5,73.5,-7.0,-0.047619047619047616,time,1,s4
2024-11-29 09:32:00-05:00,2024-11-29 09:32:00-05:00,2024-11-29 09:33:00-05:00,S,20826.0,20827.0,20879.75,53.75,-4.0,-0.037209302325581395,TP,1,s3
2024-11-29 09:53:00-05:00,2024-11-29 09:53:00-05:00,2024-11-29 09:55:00-05:00,L,20889.25,20899.25,20869.75,19.5,18.0,0.46153846153846156,TP,1,s1
2024-11-29 09:56:00-05:00,2024-11-29 09:56:00-05:00,2024-11-29 09:58:00-05:00,S,20896.75,20909.5,20909.25,12.5,-27.5,-1.1,SL,1,s4
2024-11-29 09:59:00-05:00,2024-11-29 09:59:00-05:00,2024-11-29 10:01:00-05:00,L,20915.75,20925.25,20899.25,16.5,17.0,0.5151515151515151,TP,1,s2
2024-12-02 09:35:00-05:00,2024-12-02 09:35:00-05:00,2024-12-02 11:37:00-05:00,L,21122.0,21205.5,21049.75,72.25,165.0,1.1418685121107266,TP,1,s2
2024-12-03 09:32:00-05:00,2024-12-03 09:32:00-05:00,2024-12-03 15:56:00-05:00,L,21160.25,21281.0,21088.75,71.5,239.5,1.6748251748251748,TP,1,s1
2024-12-04 09:32:00-05:00,2024-12-04 09:32:00-05:00,2024-12-04 09:34:00-05:00,L,21416.0,21434.25,21321.25,94.75,34.5,0.1820580474934037,TP,1,s2
2024-12-05 10:50:00-05:00,2024-12-05 10:50:00-05:00,2024-12-05 15:59:00-05:00,L,21498.0,21475.0,21448.25,49.75,-48.0,-0.4824120603015075,time,1,s1
2024-12-06 09:44:00-05:00,2024-12-06 09:44:00-05:00,2024-12-06 09:47:00-05:00,L,21552.0,21583.75,21505.0,47.0,61.5,0.6542553191489362,TP,1,s2
2024-12-09 09:32:00-05:00,2024-12-09 09:32:00-05:00,2024-12-09 10:28:00-05:00,L,21630.0,21556.5,21556.75,73.25,-149.0,-1.0170648464163823,SL,1,s1
2024-12-09 10:29:00-05:00,2024-12-09 10:29:00-05:00,2024-12-09 11:06:00-05:00,S,21554.0,21472.5,21607.75,53.75,161.0,1.4976744186046511,TP,1,s3
2024-12-10 09:53:00-05:00,2024-12-10 09:53:00-05:00,2024-12-10 10:09:00-05:00,S,21534.5,21602.75,21602.5,68.0,-138.5,-1.0183823529411764,SL,1,s4
2024-12-10 14:41:00-05:00,2024-12-10 14:41:00-05:00,2024-12-10 15:31:00-05:00,L,21431.0,21368.75,21369.0,62.0,-126.5,-1.0201612903225807,SL,1,s1
2024-12-11 09:32:00-05:00,2024-12-11 09:32:00-05:00,2024-12-11 09:47:00-05:00,L,21584.75,21662.5,21477.75,107.0,153.5,0.7172897196261683,TP,1,s2
2024-12-12 10:11:00-05:00,2024-12-12 10:11:00-05:00,2024-12-12 10:55:00-05:00,S,21637.25,21724.0,21723.75,86.5,-175.5,-1.0144508670520231,SL,1,s3
2024-12-12 10:56:00-05:00,2024-12-12 10:56:00-05:00,2024-12-12 15:13:00-05:00,L,21725.5,21655.5,21655.75,69.75,-142.0,-1.017921146953405,SL,1,s1
2024-12-13 09:32:00-05:00,2024-12-13 09:32:00-05:00,2024-12-13 09:33:00-05:00,L,21806.75,21806.0,21676.0,130.75,-3.5,-0.01338432122370937,TP,1,s2
2024-12-13 11:08:00-05:00,2024-12-13 11:08:00-05:00,2024-12-13 11:16:00-05:00,S,21669.5,21709.5,21709.25,39.75,-82.0,-1.0314465408805031,SL,1,s4
2024-12-16 09:41:00-05:00,2024-12-16 09:41:00-05:00,2024-12-16 11:19:00-05:00,L,21933.75,22040.0,21863.75,70.0,210.5,1.5035714285714286,TP,1,s2
2024-12-17 09:44:00-05:00,2024-12-17 09:44:00-05:00,2024-12-17 10:01:00-05:00,L,22054.25,21970.0,21970.25,84.0,-170.5,-1.0148809523809523,SL,1,s1
2024-12-17 10:20:00-05:00,2024-12-17 10:20:00-05:00,2024-12-17 11:09:00-05:00,S,21949.5,22041.25,22041.0,91.5,-185.5,-1.0136612021857923,SL,1,s3
2024-12-18 09:35:00-05:00,2024-12-18 09:35:00-05:00,2024-12-18 09:44:00-05:00,S,21919.0,21978.25,21978.0,59.0,-120.5,-1.021186440677966,SL,1,s3
2024-12-18 09:56:00-05:00,2024-12-18 09:56:00-05:00,2024-12-18 10:49:00-05:00,L,21991.5,22053.5,21939.75,51.75,122.0,1.178743961352657,TP,1,s1
2024-12-18 10:50:00-05:00,2024-12-18 10:50:00-05:00,2024-12-18 11:17:00-05:00,S,22049.0,21978.0,22091.75,42.75,140.0,1.6374269005847952,TP,1,s4
2024-12-20 09:50:00-05:00,2024-12-20 09:50:00-05:00,2024-12-20 10:04:00-05:00,S,21168.75,21285.0,21284.75,116.0,-234.5,-1.0107758620689655,SL,1,s3
2024-12-20 10:05:00-05:00,2024-12-20 10:05:00-05:00,2024-12-20 10:30:00-05:00,L,21318.25,21468.75,21192.5,125.75,299.0,1.1888667992047715,TP,1,s1
2024-12-20 11:02:00-05:00,2024-12-20 11:02:00-05:00,2024-12-20 11:36:00-05:00,L,21571.25,21711.5,21468.75,102.5,278.5,1.3585365853658538,TP,1,s2
2024-12-23 13:38:00-05:00,2024-12-23 13:38:00-05:00,2024-12-23 15:59:00-05:00,S,21741.25,21756.0,21926.25,185.0,-31.5,-0.08513513513513514,time,1,s4
2024-12-24 09:35:00-05:00,2024-12-24 09:35:00-05:00,2024-12-24 10:01:00-05:00,S,21819.75,21921.75,21921.5,101.75,-206.0,-1.0122850122850122,SL,1,s4
2024-12-24 10:08:00-05:00,2024-12-24 10:08:00-05:00,2024-12-24 13:04:00-05:00,L,21937.75,22035.25,21838.5,99.25,193.0,0.9722921914357683,time,1,s2
2024-12-26 09:32:00-05:00,2024-12-26 09:32:00-05:00,2024-12-26 09:53:00-05:00,L,21977.75,21907.75,21908.0,69.75,-142.0,-1.017921146953405,SL,1,s1
2024-12-27 09:32:00-05:00,2024-12-27 09:32:00-05:00,2024-12-27 09:33:00-05:00,S,21814.5,21801.5,21951.25,136.75,24.0,0.08775137111517367,TP,1,s3
2024-12-30 09:32:00-05:00,2024-12-30 09:32:00-05:00,2024-12-30 09:35:00-05:00,S,21385.75,21335.0,21602.75,217.0,99.5,0.22926267281105991,TP,1,s3
2024-12-31 11:11:00-05:00,2024-12-31 11:11:00-05:00,2024-12-31 12:32:00-05:00,L,21325.75,21237.5,21237.75,88.0,-178.5,-1.0142045454545454,SL,1,s1
2024-12-31 12:35:00-05:00,2024-12-31 12:35:00-05:00,2024-12-31 13:07:00-05:00,S,21236.0,21325.25,21325.0,89.0,-180.5,-1.0140449438202248,SL,1,s3
2025-01-02 09:35:00-05:00,2025-01-02 09:35:00-05:00,2025-01-02 09:55:00-05:00,S,21225.0,21390.5,21390.25,165.25,-333.0,-1.0075642965204237,SL,1,s4
2025-01-02 09:56:00-05:00,2025-01-02 09:56:00-05:00,2025-01-02 10:21:00-05:00,L,21392.25,21305.0,21305.25,87.0,-176.5,-1.014367816091954,SL,1,s2
2025-01-02 12:44:00-05:00,2025-01-02 12:44:00-05:00,2025-01-02 14:49:00-05:00,S,21049.75,21136.5,21136.25,86.5,-175.5,-1.0144508670520231,SL,1,s3
2025-01-03 09:44:00-05:00,2025-01-03 09:44:00-05:00,2025-01-03 10:20:00-05:00,L,21424.5,21295.75,21296.0,128.5,-259.5,-1.009727626459144,SL,1,s2
2025-01-06 09:32:00-05:00,2025-01-06 09:32:00-05:00,2025-01-06 09:41:00-05:00,L,21744.75,21810.0,21590.25,154.5,128.5,0.41585760517799353,TP,1,s2
2025-01-07 10:08:00-05:00,2025-01-07 10:08:00-05:00,2025-01-07 10:32:00-05:00,S,21596.25,21498.5,21681.25,85.0,193.5,1.138235294117647,TP,1,s3
2025-01-08 12:41:00-05:00,2025-01-08 12:41:00-05:00,2025-01-08 15:59:00-05:00,L,21231.0,21360.0,21069.75,161.25,256.0,0.7937984496124031,time,1,s1
2025-01-10 09:32:00-05:00,2025-01-10 09:32:00-05:00,2025-01-10 09:38:00-05:00,S,21149.5,21092.5,21287.25,137.75,112.0,0.40653357531760437,TP,1,s3
2025-01-13 09:32:00-05:00,2025-01-13 09:32:00-05:00,2025-01-13 15:50:00-05:00,S,20761.25,20927.75,20927.5,166.25,-335.0,-1.0075187969924813,SL,1,s3
2025-01-14 09:38:00-05:00,2025-01-14 09:38:00-05:00,2025-01-14 09:53:00-05:00,L,21113.5,21020.0,21020.25,93.25,-189.0,-1.0134048257372654,SL,1,s2
2025-01-14 11:05:00-05:00,2025-01-14 11:05:00-05:00,2025-01-14 12:35:00-05:00,L,20894.5,20802.75,20803.0,91.5,-185.5,-1.0136612021857923,SL,1,s1
2025-01-15 09:32:00-05:00,2025-01-15 09:32:00-05:00,2025-01-15 09:34:00-05:00,L,21264.75,21282.25,21021.5,243.25,33.0,0.06783144912641316,TP,1,s2
2025-01-16 09:32:00-05:00,2025-01-16 09:32:00-05:00,2025-01-16 11:42:00-05:00,S,21435.25,21323.0,21542.5,107.25,222.5,1.0372960372960374,TP,1,s4
2025-01-16 11:44:00-05:00,2025-01-16 11:44:00-05:00,2025-01-16 15:59:00-05:00,L,21344.75,21249.25,21249.5,95.25,-193.0,-1.0131233595800524,SL,1,s1
2025-01-17 09:32:00-05:00,2025-01-17 09:32:00-05:00,2025-01-17 09:33:00-05:00,L,21587.75,21587.25,21317.75,270.0,-3.0,-0.005555555555555556,TP,1,s2
2025-01-20 09:32:00-05:00,2025-01-20 09:32:00-05:00,2025-01-20 10:43:00-05:00,L,21730.75,21652.5,21652.75,78.0,-158.5,-1.016025641025641,SL,1,s2
2025-01-21 09:47:00-05:00,2025-01-21 09:47:00-05:00,2025-01-21 09:53:00-05:00,L,21652.5,21593.75,21594.0,58.5,-119.5,-1.0213675213675213,SL,1,s1
2025-01-21 10:11:00-05:00,2025-01-21 10:11:00-05:00,2025-01-21 10:29:00-05:00,S,21566.0,21637.75,21637.5,71.5,-145.5,-1.0174825174825175,SL,1,s3
2025-01-21 14:20:00-05:00,2025-01-21 14:20:00-05:00,2025-01-21 15:59:00-05:00,S,21718.75,21714.75,21767.0,48.25,6.0,0.06217616580310881,time,1,s4
2025-01-22 09:32:00-05:00,2025-01-22 09:32:00-05:00,2025-01-22 09:33:00-05:00,L,21975.25,21974.5,21782.25,193.0,-3.5,-0.009067357512953367,TP,1,s2
2025-01-23 09:32:00-05:00,2025-01-23 09:32:00-05:00,2025-01-23 11:02:00-05:00,S,21882.75,21945.0,21944.75,62.0,-126.5,-1.0201612903225807,SL,1,s3
2025-01-23 11:29:00-05:00,2025-01-23 11:29:00-05:00,2025-01-23 15:59:00-05:00,L,21948.75,22041.75,21891.75,57.0,184.0,1.6140350877192982,time,1,s1
2025-01-24 10:23:00-05:00,2025-01-24 10:23:00-05:00,2025-01-24 12:56:00-05:00,L,21998.75,21943.75,21944.0,54.75,-112.0,-1.0228310502283104,SL,1,s1
2025-01-27 09:32:00-05:00,2025-01-27 09:32:00-05:00,2025-01-27 09:33:00-05:00,S,21240.0,21240.25,21844.0,604.0,-2.5,-0.0020695364238410598,TP,1,s3
2025-01-28 09:50:00-05:00,2025-01-28 09:50:00-05:00,2025-01-28 10:03:00-05:00,L,21192.5,21346.75,21081.75,110.75,306.5,1.3837471783295712,TP,1,s1
2025-01-28 10:08:00-05:00,2025-01-28 10:08:00-05:00,2025-01-28 10:23:00-05:00,S,21334.5,21435.5,21435.25,100.75,-204.0,-1.0124069478908189,SL,1,s4
2025-01-28 10:26:00-05:00,2025-01-28 10:26:00-05:00,2025-01-28 13:18:00-05:00,L,21458.0,21582.0,21346.75,111.25,246.0,1.1056179775280899,TP,1,s2
2025-01-29 13:08:00-05:00,2025-01-29 13:08:00-05:00,2025-01-29 15:59:00-05:00,L,21450.0,21529.75,21320.0,130.0,157.5,0.6057692307692307,time,1,s1
2025-01-30 09:47:00-05:00,2025-01-30 09:47:00-05:00,2025-01-30 10:02:00-05:00,L,21692.25,21595.25,21595.5,96.75,-196.0,-1.0129198966408268,SL,1,s2
2025-01-30 10:05:00-05:00,2025-01-30 10:05:00-05:00,2025-01-30 10:59:00-05:00,S,21588.0,21464.5,21661.25,73.25,245.0,1.6723549488054608,TP,1,s4
2025-01-30 11:05:00-05:00,2025-01-30 11:05:00-05:00,2025-01-30 11:53:00-05:00,L,21479.75,21595.5,21398.75,81.0,229.5,1.4166666666666667,TP,1,s1
2025-01-31 09:32:00-05:00,2025-01-31 09:32:00-05:00,2025-01-31 10:58:00-05:00,L,21811.5,21957.0,21714.75,96.75,289.0,1.4935400516795865,TP,1,s2
2025-01-31 14:08:00-05:00,2025-01-31 14:08:00-05:00,2025-01-31 15:59:00-05:00,S,21696.75,21580.5,21805.75,109.0,230.5,1.0573394495412844,time,1,s4
2025-02-03 09:32:00-05:00,2025-02-03 09:32:00-05:00,2025-02-03 10:03:00-05:00,S,21237.25,21150.0,21462.25,225.0,172.5,0.38333333333333336,TP,1,s3
2025-02-03 13:56:00-05:00,2025-02-03 13:56:00-05:00,2025-02-03 15:59:00-05:00,L,21462.5,21406.5,21344.0,118.5,-114.0,-0.4810126582278481,time,1,s1
2025-02-04 09:41:00-05:00,2025-02-04 09:41:00-05:00,2025-02-04 10:08:00-05:00,S,21498.0,21630.75,21630.5,132.5,-267.5,-1.009433962264151,SL,1,s4
2025-02-04 10:11:00-05:00,2025-02-04 10:11:00-05:00,2025-02-04 15:59:00-05:00,L,21643.5,21667.75,21518.5,125.0,46.5,0.186,time,1,s2
2025-02-05 10:41:00-05:00,2025-02-05 10:41:00-05:00,2025-02-05 15:28:00-05:00,L,21590.25,21747.5,21508.5,81.75,312.5,1.9113149847094801,TP,1,s1
2025-02-06 10:17:00-05:00,2025-02-06 10:17:00-05:00,2025-02-06 15:59:00-05:00,S,21831.0,21871.25,21909.25,78.25,-82.5,-0.5271565495207667,time,1,s4
2025-02-07 09:56:00-05:00,2025-02-07 09:56:00-05:00,2025-02-07 10:00:00-05:00,S,21917.5,21824.25,21964.75,47.25,184.5,1.9523809523809523,TP,1,s4
2025-02-07 10:05:00-05:00,2025-02-07 10:05:00-05:00,2025-02-07 10:12:00-05:00,S,21766.5,21699.75,21824.25,57.75,131.5,1.1385281385281385,TP,1,s3
2025-02-10 10:05:00-05:00,2025-02-10 10:05:00-05:00,2025-02-10 15:59:00-05:00,L,21835.25,21842.75,21702.25,133.0,13.0,0.04887218045112782,time,1,s2
2025-02-11 09:32:00-05:00,2025-02-11 09:32:00-05:00,2025-02-11 09:52:00-05:00,S,21747.75,21801.75,21801.5,53.75,-110.0,-1.0232558139534884,SL,1,s3
2025-02-11 10:02:00-05:00,2025-02-11 10:02:00-05:00,2025-02-11 12:03:00-05:00,L,21808.5,21759.25,21759.5,49.0,-100.5,-1.0255102040816326,SL,1,s1
2025-02-12 09:32:00-05:00,2025-02-12 09:32:00-05:00,2025-02-12 09:33:00-05:00,S,21572.0,21572.75,21743.25,171.25,-3.5,-0.010218978102189781,TP,1,s3
2025-02-12 10:38:00-05:00,2025-02-12 10:38:00-05:00,2025-02-12 10:46:00-05:00,L,21753.5,21695.75,21696.0,57.5,-117.5,-1.0217391304347827,SL,1,s1
2025-02-12 14:50:00-05:00,2025-02-12 14:50:00-05:00,2025-02-12 15:59:00-05:00,S,21825.75,21802.0,21884.5,58.75,45.5,0.3872340425531915,time,1,s4
2025-02-13 09:38:00-05:00,2025-02-13 09:38:00-05:00,2025-02-13 10:19:00-05:00,S,21838.0,21969.0,21968.75,130.75,-264.0,-1.0095602294455066,SL,1,s4
2025-02-13 10:20:00-05:00,2025-02-13 10:20:00-05:00,2025-02-13 15:56:00-05:00,L,21984.0,22108.5,21885.0,99.0,247.0,1.2474747474747474,TP,1,s2
2025-02-14 13:38:00-05:00,2025-02-14 13:38:00-05:00,2025-02-14 15:59:00-05:00,S,22183.0,22194.75,22268.0,85.0,-25.5,-0.15,time,1,s4
2025-02-17 09:32:00-05:00,2025-02-17 09:32:00-05:00,2025-02-17 12:49:00-05:00,S,22220.0,22238.75,22269.5,49.5,-39.5,-0.398989898989899,time,1,s4
2025-02-18 09:32:00-05:00,2025-02-18 09:32:00-05:00,2025-02-18 09:44:00-05:00,S,22246.0,22218.75,22268.5,22.5,52.5,1.1666666666666667,TP,1,s4
2025-02-18 09:47:00-05:00,2025-02-18 09:47:00-05:00,2025-02-18 09:50:00-05:00,S,22175.75,22175.0,22218.75,43.0,-0.5,-0.005813953488372093,TP,1,s3
2025-02-19 09:35:00-05:00,2025-02-19 09:35:00-05:00,2025-02-19 10:02:00-05:00,L,22220.0,22147.75,22148.0,72.0,-146.5,-1.0173611111111112,SL,1,s1
2025-02-19 10:05:00-05:00,2025-02-19 10:05:00-05:00,2025-02-19 10:45:00-05:00,S,22142.0,22193.75,22193.5,51.5,-105.5,-1.0242718446601942,SL,1,s3
2025-02-19 14:20:00-05:00,2025-02-19 14:20:00-05:00,2025-02-19 15:59:00-05:00,S,22280.5,22247.0,22329.5,49.0,65.0,0.6632653061224489,time,1,s4
2025-02-20 09:41:00-05:00,2025-02-20 09:41:00-05:00,2025-02-20 09:47:00-05:00,L,22204.0,22146.5,22146.75,57.25,-117.0,-1.0218340611353711,SL,1,s1
2025-02-20 09:50:00-05:00,2025-02-20 09:50:00-05:00,2025-02-20 09:53:00-05:00,S,22136.75,22064.0,22197.0,60.25,143.5,1.1908713692946058,TP,1,s3
2025-02-21 10:02:00-05:00,2025-02-21 10:02:00-05:00,2025-02-21 10:28:00-05:00,L,22090.25,21993.0,21993.25,97.0,-196.5,-1.0128865979381443,SL,1,s1
2025-02-21 10:41:00-05:00,2025-02-21 10:41:00-05:00,2025-02-21 12:50:00-05:00,S,21991.5,21866.75,22069.5,78.0,247.5,1.5865384615384615,TP,1,s3
2025-02-24 10:14:00-05:00,2025-02-24 10:14:00-05:00,2025-02-24 15:59:00-05:00,L,21571.0,21421.5,21393.0,178.0,-301.0,-0.8455056179775281,time,1,s1
2025-02-25 09:44:00-05:00,2025-02-25 09:44:00-05:00,2025-02-25 10:01:00-05:00,L,21314.0,21205.0,21205.25,108.75,-220.0,-1.0114942528735633,SL,1,s1
2025-02-25 10:05:00-05:00,2025-02-25 10:05:00-05:00,2025-02-25 10:21:00-05:00,S,21183.25,21028.5,21313.75,130.5,307.5,1.1781609195402298,TP,1,s3
2025-02-26 09:38:00-05:00,2025-02-26 09:38:00-05:00,2025-02-26 11:01:00-05:00,S,21260.25,21374.5,21374.25,114.0,-230.5,-1.0109649122807018,SL,1,s4
2025-02-26 11:05:00-05:00,2025-02-26 11:05:00-05:00,2025-02-26 12:52:00-05:00,L,21384.0,21261.75,21262.0,122.0,-246.5,-1.0102459016393444,SL,1,s2
2025-02-27 09:41:00-05:00,2025-02-27 09:41:00-05:00,2025-02-27 09:54:00-05:00,S,21243.25,21097.25,21381.75,138.5,290.0,1.0469314079422383,TP,1,s4
2025-02-27 10:02:00-05:00,2025-02-27 10:02:00-05:00,2025-02-27 10:18:00-05:00,S,20958.75,21097.5,21097.25,138.5,-279.5,-1.0090252707581226,SL,1,s3
2025-02-27 10:23:00-05:00,2025-02-27 10:23:00-05:00,2025-02-27 11:59:00-05:00,L,21156.5,21002.0,21002.25,154.25,-311.0,-1.0081037277147489,SL,1,s1
2025-03-03 09:38:00-05:00,2025-03-03 09:38:00-05:00,2025-03-03 10:00:00-05:00,S,20999.25,20787.25,21186.5,187.25,422.0,1.1268357810413885,TP,1,s4
2025-03-03 10:02:00-05:00,2025-03-03 10:02:00-05:00,2025-03-03 13:38:00-05:00,L,20833.0,20653.75,20654.0,179.0,-360.5,-1.0069832402234637,SL,1,s1
2025-03-03 14:53:00-05:00,2025-03-03 14:53:00-05:00,2025-03-03 15:21:00-05:00,S,20615.75,20425.5,20787.25,171.5,378.5,1.1034985422740524,TP,1,s3
2025-03-04 11:50:00-05:00,2025-03-04 11:50:00-05:00,2025-03-04 15:21:00-05:00,L,20287.75,20694.0,20031.25,256.5,810.5,1.5799220272904484,TP,1,s1
2025-03-05 11:47:00-05:00,2025-03-05 11:47:00-05:00,2025-03-05 13:03:00-05:00,L,20258.75,20577.75,20035.75,223.0,636.0,1.4260089686098654,TP,1,s1
2025-03-05 13:05:00-05:00,2025-03-05 13:05:00-05:00,2025-03-05 15:59:00-05:00,S,20573.0,20658.25,20758.75,185.75,-172.5,-0.46433378196500674,time,1,s4
2025-03-06 09:32:00-05:00,2025-03-06 09:32:00-05:00,2025-03-06 12:27:00-05:00,S,20255.75,20136.5,20517.75,262.0,236.5,0.45133587786259544,TP,1,s3
2025-03-07 09:53:00-05:00,2025-03-07 09:53:00-05:00,2025-03-07 10:32:00-05:00,S,20231.5,19953.75,20375.0,143.5,553.5,1.9285714285714286,TP,1,s4
2025-03-07 11:41:00-05:00,2025-03-07 11:41:00-05:00,2025-03-07 12:37:00-05:00,S,19808.5,19954.0,19953.75,145.25,-293.0,-1.008605851979346,SL,1,s3
2025-03-10 09:32:00-04:00,2025-03-10 09:32:00-04:00,2025-03-10 10:04:00-04:00,S,19829.0,19692.0,20081.75,252.75,272.0,0.5380811078140455,TP,1,s3
2025-03-11 10:44:00-04:00,2025-03-11 10:44:00-04:00,2025-03-11 14:50:00-04:00,L,19327.25,19636.5,19116.5,210.75,616.5,1.4626334519572954,TP,1,s1
2025-03-12 09:32:00-04:00,2025-03-12 09:32:00-04:00,2025-03-12 10:40:00-04:00,L,19729.5,19526.25,19526.5,203.0,-408.5,-1.0061576354679802,SL,1,s2
2025-03-12 10:41:00-04:00,2025-03-12 10:41:00-04:00,2025-03-12 12:09:00-04:00,S,19523.5,19660.75,19660.5,137.0,-276.5,-1.0091240875912408,SL,1,s4
2025-03-13 09:38:00-04:00,2025-03-13 09:38:00-04:00,2025-03-13 09:54:00-04:00,L,19542.75,19399.0,19399.25,143.5,-289.5,-1.0087108013937283,SL,1,s1
2025-03-13 09:56:00-04:00,2025-03-13 09:56:00-04:00,2025-03-13 10:17:00-04:00,S,19369.0,19504.75,19504.5,135.5,-273.5,-1.0092250922509225,SL,1,s3
2025-03-14 09:32:00-04:00,2025-03-14 09:32:00-04:00,2025-03-14 11:33:00-04:00,L,19493.0,19665.25,19365.0,128.0,342.5,1.337890625,TP,1,s2
2025-03-17 09:50:00-04:00,2025-03-17 09:50:00-04:00,2025-03-17 14:14:00-04:00,S,19762.75,19879.75,19879.5,116.75,-236.0,-1.0107066381156318,SL,1,s4
2025-03-17 14:17:00-04:00,2025-03-17 14:17:00-04:00,2025-03-17 15:59:00-04:00,L,19893.5,19832.25,19792.25,101.25,-124.5,-0.6148148148148148,time,1,s2
2025-03-18 09:35:00-04:00,2025-03-18 09:35:00-04:00,2025-03-18 09:45:00-04:00,S,19607.75,19498.5,19741.75,134.0,216.5,0.8078358208955224,TP,1,s3
2025-03-19 09:35:00-04:00,2025-03-19 09:35:00-04:00,2025-03-19 10:04:00-04:00,S,19566.0,19663.0,19662.75,96.75,-196.0,-1.0129198966408268,SL,1,s4
2025-03-19 10:05:00-04:00,2025-03-19 10:05:00-04:00,2025-03-19 14:00:00-04:00,L,19663.75,19581.75,19582.0,81.75,-166.0,-1.0152905198776758,SL,1,s2
2025-03-21 09:32:00-04:00,2025-03-21 09:32:00-04:00,2025-03-21 10:56:00-04:00,S,19636.25,19786.0,19785.75,149.5,-301.5,-1.008361204013378,SL,1,s3
2025-03-21 10:59:00-04:00,2025-03-21 10:59:00-04:00,2025-03-21 11:42:00-04:00,L,19793.5,19689.5,19689.75,103.75,-210.0,-1.0120481927710843,SL,1,s1
2025-03-24 09:32:00-04:00,2025-03-24 09:32:00-04:00,2025-03-24 09:53:00-04:00,L,20251.0,20325.25,20053.25,197.75,146.5,0.37041719342604296,TP,1,s2
2025-03-25 09:32:00-04:00,2025-03-25 09:32:00-04:00,2025-03-25 10:40:00-04:00,S,20410.25,20465.75,20465.5,55.25,-113.0,-1.0226244343891402,SL,1,s4
2025-03-25 10:41:00-04:00,2025-03-25 10:41:00-04:00,2025-03-25 13:28:00-04:00,L,20474.75,20415.25,20415.5,59.25,-121.0,-1.021097046413502,SL,1,s2
2025-03-26 09:35:00-04:00,2025-03-26 09:35:00-04:00,2025-03-26 09:47:00-04:00,L,20455.0,20414.25,20414.5,40.5,-83.5,-1.0308641975308641,SL,1,s1
2025-03-26 09:50:00-04:00,2025-03-26 09:50:00-04:00,2025-03-26 09:55:00-04:00,S,20395.0,20353.5,20451.5,56.5,81.0,0.7168141592920354,TP,1,s3
2025-03-27 09:50:00-04:00,2025-03-27 09:50:00-04:00,2025-03-27 15:59:00-04:00,L,20028.5,19995.0,19873.75,154.75,-69.0,-0.22294022617124395,time,1,s1
2025-03-28 09:56:00-04:00,2025-03-28 09:56:00-04:00,2025-03-28 10:12:00-04:00,S,19849.75,19733.25,19923.5,73.75,231.0,1.5661016949152542,TP,1,s3
2025-03-31 09:32:00-04:00,2025-03-31 09:32:00-04:00,2025-03-31 14:09:00-04:00,S,19088.25,19319.0,19318.75,230.5,-463.5,-1.0054229934924077,SL,1,s3
2025-03-31 14:11:00-04:00,2025-03-31 14:11:00-04:00,2025-03-31 15:59:00-04:00,L,19351.0,19450.0,19175.5,175.5,196.0,0.5584045584045584,time,1,s1
2025-04-01 10:11:00-04:00,2025-04-01 10:11:00-04:00,2025-04-01 11:16:00-04:00,L,19313.0,19591.25,19168.0,145.0,554.5,1.9120689655172414,TP,1,s1
2025-04-01 11:17:00-04:00,2025-04-01 11:17:00-04:00,2025-04-01 15:59:00-04:00,S,19587.0,19603.5,19732.5,145.5,-35.0,-0.12027491408934708,time,1,s4
2025-04-02 09:32:00-04:00,2025-04-02 09:32:00-04:00,2025-04-02 09:37:00-04:00,S,19348.75,19498.5,19498.25,149.5,-301.5,-1.008361204013378,SL,1,s3
2025-04-02 09:41:00-04:00,2025-04-02 09:41:00-04:00,2025-04-02 11:27:00-04:00,L,19500.5,19708.25,19393.0,107.5,413.5,1.9232558139534883,TP,1,s1
2025-04-02 11:29:00-04:00,2025-04-02 11:29:00-04:00,2025-04-02 12:49:00-04:00,S,19695.25,19813.75,19813.5,118.25,-239.0,-1.0105708245243128,SL,1,s4
2025-04-02 12:50:00-04:00,2025-04-02 12:50:00-04:00,2025-04-02 14:05:00-04:00,L,19817.0,19708.0,19708.25,108.75,-220.0,-1.0114942528735633,SL,1,s2
2025-04-03 09:32:00-04:00,2025-04-03 09:32:00-04:00,2025-04-03 09:33:00-04:00,S,19017.75,19018.5,19589.0,571.25,-3.5,-0.003063457330415755,TP,1,s3
2025-04-04 09:32:00-04:00,2025-04-04 09:32:00-04:00,2025-04-04 09:33:00-04:00,S,18156.0,18155.25,18573.75,417.75,-0.5,-0.0005984440454817474,TP,1,s3
2025-04-07 09:32:00-04:00,2025-04-07 09:32:00-04:00,2025-04-07 09:37:00-04:00,S,16869.5,16815.0,17337.75,468.25,107.0,0.11425520555258943,TP,1,s3
2025-04-07 10:11:00-04:00,2025-04-07 10:11:00-04:00,2025-04-07 10:12:00-04:00,L,17720.5,17733.75,17139.25,581.25,24.5,0.021075268817204302,TP,1,s1
2025-04-07 10:14:00-04:00,2025-04-07 10:14:00-04:00,2025-04-07 10:16:00-04:00,L,17955.75,18256.5,17733.75,222.0,599.5,1.3502252252252251,TP,1,s2
2025-04-08 11:17:00-04:00,2025-04-08 11:17:00-04:00,2025-04-08 15:37:00-04:00,S,18009.75,17096.5,18488.0,478.25,1824.5,1.9074751698902248,TP,1,s4
2025-04-09 13:08:00-04:00,2025-04-09 13:08:00-04:00,2025-04-09 13:19:00-04:00,S,17570.0,18001.5,18001.25,431.25,-865.0,-1.0028985507246377,SL,1,s4
2025-04-09 13:20:00-04:00,2025-04-09 13:20:00-04:00,2025-04-09 13:26:00-04:00,L,18050.25,18646.25,17620.0,430.25,1190.0,1.3829169087739686,TP,1,s2
2025-04-10 10:05:00-04:00,2025-04-10 10:05:00-04:00,2025-04-10 12:21:00-04:00,L,18688.25,18066.25,18066.5,621.75,-1246.0,-1.002010454362686,SL,1,s1
2025-04-10 12:23:00-04:00,2025-04-10 12:23:00-04:00,2025-04-10 14:44:00-04:00,S,18014.25,18669.75,18669.5,655.25,-1313.0,-1.0019076688286914,SL,1,s3
2025-04-11 12:41:00-04:00,2025-04-11 12:41:00-04:00,2025-04-11 15:59:00-04:00,S,18713.0,18809.0,19007.75,294.75,-194.0,-0.3290924512298558,time,1,s4
2025-04-14 09:32:00-04:00,2025-04-14 09:32:00-04:00,2025-04-14 11:27:00-04:00,L,19197.5,18974.25,18974.5,223.0,-448.5,-1.0056053811659194,SL,1,s2
2025-04-14 11:29:00-04:00,2025-04-14 11:29:00-04:00,2025-04-14 15:59:00-04:00,S,18946.25,18941.25,19140.75,194.5,8.0,0.02056555269922879,time,1,s4
2025-04-15 09:44:00-04:00,2025-04-15 09:44:00-04:00,2025-04-15 15:59:00-04:00,S,19070.0,18960.0,19225.25,155.25,218.0,0.7020933977455717,time,1,s4
2025-04-16 09:32:00-04:00,2025-04-16 09:32:00-04:00,2025-04-16 09:33:00-04:00,S,18644.25,18644.5,18888.25,244.0,-2.5,-0.005122950819672131,TP,1,s3
2025-04-21 09:32:00-04:00,2025-04-21 09:32:00-04:00,2025-04-21 09:36:00-04:00,S,18149.25,18106.75,18300.25,151.0,83.0,0.27483443708609273,TP,1,s3
2025-04-22 09:41:00-04:00,2025-04-22 09:41:00-04:00,2025-04-22 11:59:00-04:00,L,18181.0,18393.75,18050.25,130.75,423.5,1.6195028680688337,TP,1,s2
2025-04-23 09:32:00-04:00,2025-04-23 09:32:00-04:00,2025-04-23 09:33:00-04:00,L,18985.5,18985.25,18493.25,492.25,-2.5,-0.0025393600812595226,TP,1,s2
2025-04-24 09:59:00-04:00,2025-04-24 09:59:00-04:00,2025-04-24 12:20:00-04:00,L,19051.5,19225.25,18907.75,143.75,345.5,1.2017391304347826,TP,1,s2
2025-04-25 12:41:00-04:00,2025-04-25 12:41:00-04:00,2025-04-25 15:59:00-04:00,S,19454.25,19530.25,19590.0,135.75,-154.0,-0.567219152854512,time,1,s4
2025-04-28 09:47:00-04:00,2025-04-28 09:47:00-04:00,2025-04-28 10:00:00-04:00,S,19611.75,19442.25,19706.0,94.25,337.0,1.7877984084880636,TP,1,s4
2025-04-28 10:02:00-04:00,2025-04-28 10:02:00-04:00,2025-04-28 11:23:00-04:00,L,19477.0,19353.75,19354.0,123.0,-248.5,-1.0101626016260163,SL,1,s1
2025-04-28 11:26:00-04:00,2025-04-28 11:26:00-04:00,2025-04-28 15:01:00-04:00,S,19334.25,19442.25,19442.0,107.75,-218.0,-1.011600928074246,SL,1,s3
2025-04-29 09:32:00-04:00,2025-04-29 09:32:00-04:00,2025-04-29 13:47:00-04:00,L,19470.5,19624.25,19323.25,147.25,305.5,1.0373514431239388,TP,1,s1
2025-04-30 09:32:00-04:00,2025-04-30 09:32:00-04:00,2025-04-30 09:33:00-04:00,S,19266.75,19267.25,19565.75,299.0,-3.0,-0.005016722408026756,TP,1,s3
2025-05-01 09:50:00-04:00,2025-05-01 09:50:00-04:00,2025-05-01 15:59:00-04:00,L,19980.75,19877.25,19811.0,169.75,-209.0,-0.6156111929307806,time,1,s2
2025-05-02 09:32:00-04:00,2025-05-02 09:32:00-04:00,2025-05-02 10:10:00-04:00,L,20105.5,20146.5,19951.25,154.25,80.0,0.2593192868719611,TP,1,s2
2025-05-05 09:32:00-04:00,2025-05-05 09:32:00-04:00,2025-05-05 10:57:00-04:00,S,20012.5,20115.0,20114.75,102.25,-207.0,-1.0122249388753055,SL,1,s3
2025-05-05 11:23:00-04:00,2025-05-05 11:23:00-04:00,2025-05-05 15:59:00-04:00,L,20115.25,20065.25,20043.75,71.5,-102.0,-0.7132867132867133,time,1,s1
2025-05-06 09:32:00-04:00,2025-05-06 09:32:00-04:00,2025-05-06 09:33:00-04:00,S,19829.25,19830.25,20009.0,179.75,-4.0,-0.011126564673157162,TP,1,s3
2025-05-07 10:20:00-04:00,2025-05-07 10:20:00-04:00,2025-05-07 11:13:00-04:00,S,19949.0,19796.5,20034.75,85.75,303.0,1.7667638483965014,TP,1,s4
2025-05-07 11:14:00-04:00,2025-05-07 11:14:00-04:00,2025-05-07 14:07:00-04:00,L,19802.25,19716.5,19716.75,85.5,-173.5,-1.0146198830409356,SL,1,s1
2025-05-07 14:08:00-04:00,2025-05-07 14:08:00-04:00,2025-05-07 14:31:00-04:00,S,19702.5,19796.75,19796.5,94.0,-190.5,-1.0132978723404256,SL,1,s3
2025-05-08 10:11:00-04:00,2025-05-08 10:11:00-04:00,2025-05-08 11:25:00-04:00,S,20043.0,20157.5,20157.25,114.25,-231.0,-1.0109409190371992,SL,1,s4
2025-05-08 11:26:00-04:00,2025-05-08 11:26:00-04:00,2025-05-08 12:49:00-04:00,L,20164.5,20331.5,20053.5,111.0,332.0,1.4954954954954955,TP,1,s2
2025-05-09 09:32:00-04:00,2025-05-09 09:32:00-04:00,2025-05-09 15:59:00-04:00,S,20247.0,20136.75,20350.5,103.5,218.5,1.0555555555555556,time,1,s4
2025-05-12 09:32:00-04:00,2025-05-12 09:32:00-04:00,2025-05-12 09:33:00-04:00,L,20837.0,20836.5,20197.5,639.5,-3.0,-0.0023455824863174357,TP,1,s2
2025-05-13 09:32:00-04:00,2025-05-13 09:32:00-04:00,2025-05-13 09:51:00-04:00,S,21019.5,21095.5,21095.25,75.75,-154.0,-1.0165016501650166,SL,1,s4
2025-05-13 09:56:00-04:00,2025-05-13 09:56:00-04:00,2025-05-13 10:16:00-04:00,L,21124.0,21217.25,21022.25,101.75,184.5,0.9066339066339066,TP,1,s2
2025-05-14 09:41:00-04:00,2025-05-14 09:41:00-04:00,2025-05-14 15:59:00-04:00,S,21359.5,21397.0,21476.25,116.75,-77.0,-0.3297644539614561,time,1,s4
2025-05-15 09:38:00-04:00,2025-05-15 09:38:00-04:00,2025-05-15 09:49:00-04:00,S,21306.75,21249.0,21356.5,49.75,113.5,1.1407035175879396,TP,1,s3
2025-05-15 11:05:00-04:00,2025-05-15 11:05:00-04:00,2025-05-15 11:44:00-04:00,L,21361.0,21437.0,21315.75,45.25,150.0,1.6574585635359116,TP,1,s1
2025-05-15 11:47:00-04:00,2025-05-15 11:47:00-04:00,2025-05-15 12:45:00-04:00,S,21434.75,21478.0,21477.75,43.0,-88.5,-1.0290697674418605,SL,1,s4
2025-05-15 12:47:00-04:00,2025-05-15 12:47:00-04:00,2025-05-15 14:06:00-04:00,L,21487.75,21436.75,21437.0,50.75,-104.0,-1.0246305418719213,SL,1,s2
2025-05-16 10:47:00-04:00,2025-05-16 10:47:00-04:00,2025-05-16 15:05:00-04:00,L,21359.0,21496.5,21264.25,94.75,273.0,1.4406332453825859,TP,1,s1
2025-05-19 09:32:00-04:00,2025-05-19 09:32:00-04:00,2025-05-19 09:33:00-04:00,S,21244.5,21246.25,21452.25,207.75,-5.5,-0.013237063778580024,TP,1,s3
2025-05-19 11:41:00-04:00,2025-05-19 11:41:00-04:00,2025-05-19 15:59:00-04:00,L,21471.5,21522.75,21399.0,72.5,100.5,0.6931034482758621,time,1,s1
2025-05-20 10:41:00-04:00,2025-05-20 10:41:00-04:00,2025-05-20 15:00:00-04:00,L,21437.0,21333.5,21333.75,103.25,-209.0,-1.0121065375302662,SL,1,s1
2025-05-21 09:32:00-04:00,2025-05-21 09:32:00-04:00,2025-05-21 09:52:00-04:00,S,21327.25,21399.25,21399.0,71.75,-146.0,-1.0174216027874565,SL,1,s3
2025-05-21 10:05:00-04:00,2025-05-21 10:05:00-04:00,2025-05-21 11:08:00-04:00,L,21401.25,21495.5,21350.5,50.75,186.5,1.8374384236453203,TP,1,s1
2025-05-21 12:47:00-04:00,2025-05-21 12:47:00-04:00,2025-05-21 13:02:00-04:00,L,21546.0,21495.25,21495.5,50.5,-103.5,-1.0247524752475248,SL,1,s2
2025-05-22 10:14:00-04:00,2025-05-22 10:14:00-04:00,2025-05-22 15:59:00-04:00,S,21272.25,21184.0,21416.5,144.25,174.5,0.6048526863084922,time,1,s4
2025-05-23 09:32:00-04:00,2025-05-23 09:32:00-04:00,2025-05-23 09:33:00-04:00,S,20874.25,20874.5,21122.25,248.0,-2.5,-0.005040322580645161,TP,1,s3
2025-05-26 09:32:00-04:00,2025-05-26 09:32:00-04:00,2025-05-26 09:33:00-04:00,L,21288.5,21288.25,21050.75,237.75,-2.5,-0.005257623554153523,TP,1,s2
2025-05-27 09:35:00-04:00,2025-05-27 09:35:00-04:00,2025-05-27 09:46:00-04:00,S,21215.75,21259.5,21259.25,43.5,-89.5,-1.028735632183908,SL,1,s3
2025-05-27 09:47:00-04:00,2025-05-27 09:47:00-04:00,2025-05-27 10:00:00-04:00,L,21262.5,21309.75,21233.75,28.75,92.5,1.608695652173913,TP,1,s1
2025-05-27 10:08:00-04:00,2025-05-27 10:08:00-04:00,2025-05-27 10:26:00-04:00,L,21344.5,21377.0,21309.75,34.75,63.0,0.9064748201438849,TP,1,s2
2025-05-28 09:44:00-04:00,2025-05-28 09:44:00-04:00,2025-05-28 15:50:00-04:00,S,21541.5,21384.75,21628.0,86.5,311.5,1.800578034682081,TP,1,s4
2025-05-29 09:32:00-04:00,2025-05-29 09:32:00-04:00,2025-05-29 09:33:00-04:00,L,21588.0,21588.5,21432.0,156.0,-1.0,-0.003205128205128205,TP,1,s2
2025-05-29 10:08:00-04:00,2025-05-29 10:08:00-04:00,2025-05-29 10:52:00-04:00,S,21426.75,21491.75,21491.5,64.75,-132.0,-1.0193050193050193,SL,1,s4
2025-05-29 12:02:00-04:00,2025-05-29 12:02:00-04:00,2025-05-29 12:24:00-04:00,L,21330.25,21432.0,21254.0,76.25,201.5,1.321311475409836,TP,1,s1
2025-05-30 09:41:00-04:00,2025-05-30 09:41:00-04:00,2025-05-30 12:28:00-04:00,L,21316.5,21203.25,21203.5,113.0,-228.5,-1.011061946902655,SL,1,s1
2025-05-30 12:29:00-04:00,2025-05-30 12:29:00-04:00,2025-05-30 15:00:00-04:00,S,21176.25,21308.0,21307.75,131.5,-265.5,-1.0095057034220531,SL,1,s3
2025-06-02 10:02:00-04:00,2025-06-02 10:02:00-04:00,2025-06-02 13:01:00-04:00,L,21278.75,21468.75,21170.5,108.25,378.0,1.745958429561201,TP,1,s1
2025-06-02 13:02:00-04:00,2025-06-02 13:02:00-04:00,2025-06-02 15:59:00-04:00,S,21461.0,21533.5,21568.5,107.5,-147.0,-0.6837209302325581,time,1,s4
2025-06-03 10:08:00-04:00,2025-06-03 10:08:00-04:00,2025-06-03 12:17:00-04:00,S,21574.0,21703.75,21703.5,129.5,-261.5,-1.0096525096525097,SL,1,s4
2025-06-04 09:44:00-04:00,2025-06-04 09:44:00-04:00,2025-06-04 15:59:00-04:00,S,21761.25,21757.75,21841.5,80.25,5.0,0.03115264797507788,time,1,s4
2025-06-05 09:32:00-04:00,2025-06-05 09:32:00-04:00,2025-06-05 09:46:00-04:00,S,21791.75,21713.25,21846.5,54.75,155.0,1.4155251141552512,TP,1,s4
2025-06-05 09:50:00-04:00,2025-06-05 09:50:00-04:00,2025-06-05 10:27:00-04:00,L,21747.25,21801.75,21668.5,78.75,107.0,0.6793650793650794,TP,1,s1
2025-06-05 10:47:00-04:00,2025-06-05 10:47:00-04:00,2025-06-05 11:29:00-04:00,L,21854.75,21920.0,21801.75,53.0,128.5,1.2122641509433962,TP,1,s2
2025-06-05 14:17:00-04:00,2025-06-05 14:17:00-04:00,2025-06-05 14:27:00-04:00,S,21640.5,21713.5,21713.25,72.75,-148.0,-1.0171821305841924,SL,1,s3
2025-06-06 09:41:00-04:00,2025-06-06 09:41:00-04:00,2025-06-06 15:59:00-04:00,L,21836.5,21789.25,21706.5,130.0,-96.5,-0.37115384615384617,time,1,s2
2025-06-09 10:11:00-04:00,2025-06-09 10:11:00-04:00,2025-06-09 10:31:00-04:00,S,21831.75,21877.0,21876.75,45.0,-92.5,-1.0277777777777777,SL,1,s4
2025-06-09 10:32:00-04:00,2025-06-09 10:32:00-04:00,2025-06-09 10:57:00-04:00,L,21878.0,21832.75,21833.0,45.0,-92.5,-1.0277777777777777,SL,1,s2
2025-06-10 09:32:00-04:00,2025-06-10 09:32:00-04:00,2025-06-10 11:33:00-04:00,S,21848.75,21779.5,21896.75,48.0,136.5,1.421875,TP,1,s4
2025-06-10 11:35:00-04:00,2025-06-10 11:35:00-04:00,2025-06-10 11:50:00-04:00,L,21791.5,21857.5,21740.25,51.25,130.0,1.2682926829268293,TP,1,s1
2025-06-10 12:05:00-04:00,2025-06-10 12:05:00-04:00,2025-06-10 14:00:00-04:00,L,21900.5,21857.25,21857.5,43.0,-88.5,-1.0290697674418605,SL,1,s2
2025-06-11 10:32:00-04:00,2025-06-11 10:32:00-04:00,2025-06-11 14:01:00-04:00,S,22032.25,21896.25,22102.0,69.75,270.0,1.935483870967742,TP,1,s4
2025-06-11 14:17:00-04:00,2025-06-11 14:17:00-04:00,2025-06-11 14:37:00-04:00,S,21820.5,21896.5,21896.25,75.75,-154.0,-1.0165016501650166,SL,1,s3
2025-06-11 14:38:00-04:00,2025-06-11 14:38:00-04:00,2025-06-11 15:07:00-04:00,L,21900.0,21827.25,21827.5,72.5,-147.5,-1.0172413793103448,SL,1,s1
2025-06-12 11:08:00-04:00,2025-06-12 11:08:00-04:00,2025-06-12 15:59:00-04:00,S,21956.0,21937.0,22040.0,84.0,36.0,0.21428571428571427,time,1,s4
2025-06-13 09:32:00-04:00,2025-06-13 09:32:00-04:00,2025-06-13 09:33:00-04:00,S,21761.0,21761.0,21892.5,131.5,-2.0,-0.0076045627376425855,TP,1,s3
2025-06-16 09:32:00-04:00,2025-06-16 09:32:00-04:00,2025-06-16 09:53:00-04:00,L,21844.25,21907.25,21722.0,122.25,124.0,0.5071574642126789,TP,1,s2
2025-06-17 09:44:00-04:00,2025-06-17 09:44:00-04:00,2025-06-17 10:12:00-04:00,S,21810.5,21892.75,21892.5,82.0,-166.5,-1.0152439024390243,SL,1,s3
2025-06-17 10:14:00-04:00,2025-06-17 10:14:00-04:00,2025-06-17 12:49:00-04:00,L,21896.75,21835.75,21836.0,60.75,-124.0,-1.0205761316872428,SL,1,s1
2025-06-19 09:32:00-04:00,2025-06-19 09:32:00-04:00,2025-06-19 09:38:00-04:00,S,21764.5,21732.25,21889.25,124.75,62.5,0.250501002004008,TP,1,s3
2025-06-20 09:32:00-04:00,2025-06-20 09:32:00-04:00,2025-06-20 09:33:00-04:00,L,22084.75,22084.25,21741.75,343.0,-3.0,-0.004373177842565598,TP,1,s2
2025-06-23 11:41:00-04:00,2025-06-23 11:41:00-04:00,2025-06-23 12:37:00-04:00,S,21924.0,21741.0,22046.75,122.75,364.0,1.4826883910386965,TP,1,s4
2025-06-23 12:38:00-04:00,2025-06-23 12:38:00-04:00,2025-06-23 13:11:00-04:00,L,21797.25,21944.5,21638.75,158.5,292.5,0.9227129337539433,TP,1,s1
2025-06-23 13:35:00-04:00,2025-06-23 13:35:00-04:00,2025-06-23 15:59:00-04:00,L,22047.0,22072.75,21944.5,102.5,49.5,0.24146341463414633,time,1,s2
2025-06-24 09:32:00-04:00,2025-06-24 09:32:00-04:00,2025-06-24 15:00:00-04:00,L,22290.5,22432.75,22170.25,120.25,282.5,1.1746361746361746,TP,1,s2
2025-06-25 09:32:00-04:00,2025-06-25 09:32:00-04:00,2025-06-25 11:05:00-04:00,L,22512.0,22456.5,22456.75,55.25,-113.0,-1.0226244343891402,SL,1,s2
2025-06-25 11:14:00-04:00,2025-06-25 11:14:00-04:00,2025-06-25 15:59:00-04:00,S,22454.75,22463.25,22508.75,54.0,-19.0,-0.17592592592592593,time,1,s4
2025-06-26 09:47:00-04:00,2025-06-26 09:47:00-04:00,2025-06-26 10:00:00-04:00,S,22499.0,22551.25,22551.0,52.0,-106.5,-1.0240384615384615,SL,1,s4
2025-06-26 10:02:00-04:00,2025-06-26 10:02:00-04:00,2025-06-26 12:01:00-04:00,L,22561.75,22623.5,22507.0,54.75,121.5,1.1095890410958904,TP,1,s2
2025-06-27 09:41:00-04:00,2025-06-27 09:41:00-04:00,2025-06-27 10:00:00-04:00,S,22727.75,22792.75,22792.5,64.75,-132.0,-1.0193050193050193,SL,1,s4
2025-06-27 10:05:00-04:00,2025-06-27 10:05:00-04:00,2025-06-27 13:44:00-04:00,L,22799.0,22732.5,22732.75,66.25,-135.0,-1.0188679245283019,SL,1,s2
2025-06-27 14:44:00-04:00,2025-06-27 14:44:00-04:00,2025-06-27 15:50:00-04:00,L,22640.5,22732.75,22554.0,86.5,182.5,1.0549132947976878,TP,1,s1
2025-06-30 09:47:00-04:00,2025-06-30 09:47:00-04:00,2025-06-30 15:21:00-04:00,S,22806.0,22875.5,22875.25,69.25,-141.0,-1.0180505415162455,SL,1,s4
2025-07-01 09:44:00-04:00,2025-07-01 09:44:00-04:00,2025-07-01 10:15:00-04:00,S,22792.5,22843.75,22843.5,51.0,-104.5,-1.0245098039215685,SL,1,s3
2025-07-02 10:17:00-04:00,2025-07-02 10:17:00-04:00,2025-07-02 10:51:00-04:00,S,22759.5,22831.5,22831.25,71.75,-146.0,-1.0174216027874565,SL,1,s4
2025-07-02 11:02:00-04:00,2025-07-02 11:02:00-04:00,2025-07-02 15:59:00-04:00,L,22832.25,22844.5,22762.0,70.25,22.5,0.1601423487544484,time,1,s2
2025-07-03 09:32:00-04:00,2025-07-03 09:32:00-04:00,2025-07-03 10:10:00-04:00,L,22971.0,23054.5,22901.75,69.25,165.0,1.1913357400722022,TP,1,s2
2025-07-04 09:32:00-04:00,2025-07-04 09:32:00-04:00,2025-07-04 12:49:00-04:00,S,22917.75,22905.75,23012.0,94.25,22.0,0.11671087533156499,time,1,s3
2025-07-07 09:32:00-04:00,2025-07-07 09:32:00-04:00,2025-07-07 09:33:00-04:00,L,22952.25,22920.25,22920.5,31.75,-66.0,-1.0393700787401574,SL,1,s2
2025-07-07 10:02:00-04:00,2025-07-07 10:02:00-04:00,2025-07-07 10:04:00-04:00,S,22913.0,22937.0,22936.75,23.75,-50.0,-1.0526315789473684,SL,1,s4
2025-07-07 10:53:00-04:00,2025-07-07 10:53:00-04:00,2025-07-07 11:27:00-04:00,L,22904.75,22920.5,22872.25,32.5,29.5,0.45384615384615384,TP,1,s1
2025-07-07 12:50:00-04:00,2025-07-07 12:50:00-04:00,2025-07-07 13:10:00-04:00,S,22863.75,22888.75,22888.5,24.75,-52.0,-1.0505050505050506,SL,1,s3
2025-07-08 09:32:00-04:00,2025-07-08 09:32:00-04:00,2025-07-08 15:59:00-04:00,S,22915.25,22892.0,22992.75,77.5,44.5,0.2870967741935484,time,1,s4
2025-07-09 09:32:00-04:00,2025-07-09 09:32:00-04:00,2025-07-09 09:33:00-04:00,L,23013.75,23013.75,22925.0,88.75,-2.0,-0.011267605633802818,TP,1,s2
2025-07-10 09:50:00-04:00,2025-07-10 09:50:00-04:00,2025-07-10 09:58:00-04:00,L,23006.5,22943.75,22944.0,62.5,-127.5,-1.02,SL,1,s1
2025-07-10 10:02:00-04:00,2025-07-10 10:02:00-04:00,2025-07-10 11:27:00-04:00,S,22940.5,22998.0,22997.75,57.25,-117.0,-1.0218340611353711,SL,1,s3
2025-07-11 09:38:00-04:00,2025-07-11 09:38:00-04:00,2025-07-11 09:57:00-04:00,S,22888.25,22963.5,22963.25,75.0,-152.5,-1.0166666666666666,SL,1,s3
2025-07-11 09:59:00-04:00,2025-07-11 09:59:00-04:00,2025-07-11 11:15:00-04:00,L,22964.25,22910.75,22911.0,53.25,-109.0,-1.0234741784037558,SL,1,s1
2025-07-14 09:41:00-04:00,2025-07-14 09:41:00-04:00,2025-07-14 09:43:00-04:00,L,22914.25,22867.5,22867.75,46.5,-95.5,-1.0268817204301075,SL,1,s1
2025-07-14 09:44:00-04:00,2025-07-14 09:44:00-04:00,2025-07-14 09:49:00-04:00,S,22853.5,22912.0,22911.75,58.25,-119.0,-1.0214592274678111,SL,1,s3
2025-07-14 11:11:00-04:00,2025-07-14 11:11:00-04:00,2025-07-14 13:01:00-04:00,S,22996.75,23043.0,23042.75,46.0,-94.5,-1.0271739130434783,SL,1,s4
2025-07-14 13:05:00-04:00,2025-07-14 13:05:00-04:00,2025-07-14 15:59:00-04:00,L,23043.5,23034.25,22998.75,44.75,-20.5,-0.22905027932960895,time,1,s2
2025-07-15 09:32:00-04:00,2025-07-15 09:32:00-04:00,2025-07-15 10:58:00-04:00,L,23192.0,23096.0,23096.25,95.75,-194.0,-1.0130548302872062,SL,1,s2
2025-07-15 14:59:00-04:00,2025-07-15 14:59:00-04:00,2025-07-15 15:59:00-04:00,S,23094.0,23052.25,23158.5,64.5,81.5,0.6317829457364341,time,1,s4
2025-07-16 09:44:00-04:00,2025-07-16 09:44:00-04:00,2025-07-16 10:06:00-04:00,L,23013.0,22956.5,22956.75,56.25,-115.0,-1.0222222222222221,SL,1,s1
2025-07-16 11:20:00-04:00,2025-07-16 11:20:00-04:00,2025-07-16 11:35:00-04:00,S,22935.75,22879.25,23004.5,68.75,111.0,0.8072727272727273,TP,1,s3
2025-07-17 10:11:00-04:00,2025-07-17 10:11:00-04:00,2025-07-17 11:05:00-04:00,S,23142.75,23220.25,23220.0,77.25,-157.0,-1.0161812297734627,SL,1,s4
2025-07-18 10:32:00-04:00,2025-07-18 10:32:00-04:00,2025-07-18 15:59:00-04:00,L,23206.75,23226.5,23139.25,67.5,37.5,0.2777777777777778,time,1,s1
2025-07-21 09:35:00-04:00,2025-07-21 09:35:00-04:00,2025-07-21 09:45:00-04:00,L,23309.0,23367.0,23265.25,43.75,114.0,1.302857142857143,TP,1,s2
2025-07-22 09:38:00-04:00,2025-07-22 09:38:00-04:00,2025-07-22 09:46:00-04:00,L,23307.75,23250.5,23250.75,57.0,-116.5,-1.0219298245614035,SL,1,s1
2025-07-22 09:47:00-04:00,2025-07-22 09:47:00-04:00,2025-07-22 09:52:00-04:00,S,23227.25,23173.75,23297.5,70.25,105.0,0.7473309608540926,TP,1,s3
2025-07-23 10:08:00-04:00,2025-07-23 10:08:00-04:00,2025-07-23 11:54:00-04:00,L,23174.5,23288.25,23086.25,88.25,225.5,1.2776203966005666,TP,1,s1
2025-07-23 11:56:00-04:00,2025-07-23 11:56:00-04:00,2025-07-23 15:59:00-04:00,S,23281.0,23324.75,23355.75,74.75,-89.5,-0.5986622073578596,time,1,s4
2025-07-24 09:32:00-04:00,2025-07-24 09:32:00-04:00,2025-07-24 14:11:00-04:00,S,23358.0,23425.25,23425.0,67.0,-136.5,-1.0186567164179106,SL,1,s4
2025-07-25 09:41:00-04:00,2025-07-25 09:41:00-04:00,2025-07-25 10:11:00-04:00,L,23353.25,23411.25,23306.75,46.5,114.0,1.2258064516129032,TP,1,s1
2025-07-25 12:23:00-04:00,2025-07-25 12:23:00-04:00,2025-07-25 15:55:00-04:00,L,23452.75,23411.0,23411.25,41.5,-85.5,-1.0301204819277108,SL,1,s2
2025-07-28 09:47:00-04:00,2025-07-28 09:47:00-04:00,2025-07-28 11:19:00-04:00,L,23506.0,23462.75,23463.0,43.0,-88.5,-1.0290697674418605,SL,1,s2
2025-07-28 11:20:00-04:00,2025-07-28 11:20:00-04:00,2025-07-28 12:20:00-04:00,S,23438.25,23503.75,23503.5,65.25,-133.0,-1.0191570881226053,SL,1,s4
2025-07-29 09:32:00-04:00,2025-07-29 09:32:00-04:00,2025-07-29 09:33:00-04:00,L,23623.5,23622.5,23516.5,107.0,-4.0,-0.018691588785046728,TP,1,s2
2025-07-29 11:05:00-04:00,2025-07-29 11:05:00-04:00,2025-07-29 11:28:00-04:00,S,23508.5,23467.0,23541.75,33.25,81.0,1.218045112781955,TP,1,s4
2025-07-29 11:32:00-04:00,2025-07-29 11:32:00-04:00,2025-07-29 11:42:00-04:00,L,23478.75,23441.5,23441.75,37.0,-76.5,-1.0337837837837838,SL,1,s1
2025-07-30 09:47:00-04:00,2025-07-30 09:47:00-04:00,2025-07-30 14:35:00-04:00,S,23490.75,23584.0,23583.75,93.0,-188.5,-1.0134408602150538,SL,1,s4
2025-07-31 09:32:00-04:00,2025-07-31 09:32:00-04:00,2025-07-31 10:58:00-04:00,L,23661.75,23548.5,23548.75,113.0,-228.5,-1.011061946902655,SL,1,s2
2025-07-31 10:59:00-04:00,2025-07-31 10:59:00-04:00,2025-07-31 12:28:00-04:00,S,23541.0,23613.75,23613.5,72.5,-147.5,-1.0172413793103448,SL,1,s4
2025-07-31 14:14:00-04:00,2025-07-31 14:14:00-04:00,2025-07-31 14:30:00-04:00,S,23352.75,23420.0,23419.75,67.0,-136.5,-1.0186567164179106,SL,1,s3
2025-07-31 14:32:00-04:00,2025-07-31 14:32:00-04:00,2025-07-31 15:51:00-04:00,L,23429.75,23354.75,23355.0,74.75,-152.0,-1.0167224080267558,SL,1,s1
2025-08-01 09:32:00-04:00,2025-08-01 09:32:00-04:00,2025-08-01 09:45:00-04:00,S,23034.0,22906.75,23231.25,197.25,252.5,0.6400506970849176,TP,1,s3
2025-08-04 09:32:00-04:00,2025-08-04 09:32:00-04:00,2025-08-04 09:43:00-04:00,L,23105.0,23189.0,22965.0,140.0,166.0,0.5928571428571429,TP,1,s2
2025-08-05 09:32:00-04:00,2025-08-05 09:32:00-04:00,2025-08-05 10:37:00-04:00,S,23316.75,23236.5,23417.5,100.75,158.5,0.7866004962779156,TP,1,s4
2025-08-05 10:50:00-04:00,2025-08-05 10:50:00-04:00,2025-08-05 13:47:00-04:00,S,23147.75,23236.75,23236.5,88.75,-180.0,-1.0140845070422535,SL,1,s3
2025-08-05 13:53:00-04:00,2025-08-05 13:53:00-04:00,2025-08-05 14:29:00-04:00,L,23238.25,23175.75,23176.0,62.25,-127.0,-1.0200803212851406,SL,1,s1
2025-08-06 09:32:00-04:00,2025-08-06 09:32:00-04:00,2025-08-06 11:00:00-04:00,S,23211.25,23290.25,23290.0,78.75,-160.0,-1.0158730158730158,SL,1,s4
2025-08-06 11:14:00-04:00,2025-08-06 11:14:00-04:00,2025-08-06 14:22:00-04:00,L,23294.75,23417.5,23211.75,83.0,243.5,1.466867469879518,TP,1,s2
2025-08-07 09:32:00-04:00,2025-08-07 09:32:00-04:00,2025-08-07 11:15:00-04:00,L,23617.25,23505.75,23506.0,111.25,-225.0,-1.0112359550561798,SL,1,s2
2025-08-07 11:41:00-04:00,2025-08-07 11:41:00-04:00,2025-08-07 14:15:00-04:00,S,23504.75,23343.5,23587.75,83.0,320.5,1.930722891566265,TP,1,s4
2025-08-07 14:26:00-04:00,2025-08-07 14:26:00-04:00,2025-08-07 15:59:00-04:00,L,23355.5,23501.75,23261.75,93.75,290.5,1.5493333333333332,time,1,s1
2025-08-08 10:32:00-04:00,2025-08-08 10:32:00-04:00,2025-08-08 15:59:00-04:00,L,23691.0,23713.5,23595.75,95.25,43.0,0.22572178477690288,time,1,s2
2025-08-11 10:20:00-04:00,2025-08-11 10:20:00-04:00,2025-08-11 14:44:00-04:00,S,23753.75,23660.5,23820.75,67.0,184.5,1.376865671641791,TP,1,s4
2025-08-11 14:47:00-04:00,2025-08-11 14:47:00-04:00,2025-08-11 15:52:00-04:00,L,23675.75,23606.5,23606.75,69.0,-140.5,-1.0181159420289856,SL,1,s1
2025-08-12 09:35:00-04:00,2025-08-12 09:35:00-04:00,2025-08-12 09:49:00-04:00,L,23785.0,23698.0,23698.25,86.75,-176.0,-1.0144092219020173,SL,1,s2
2025-08-12 09:50:00-04:00,2025-08-12 09:50:00-04:00,2025-08-12 10:21:00-04:00,S,23675.75,23758.5,23758.25,82.5,-167.5,-1.0151515151515151,SL,1,s4
2025-08-13 09:56:00-04:00,2025-08-13 09:56:00-04:00,2025-08-13 15:59:00-04:00,S,24009.5,23943.5,24114.0,104.5,130.0,0.6220095693779905,time,1,s4
2025-08-14 09:35:00-04:00,2025-08-14 09:35:00-04:00,2025-08-14 10:46:00-04:00,L,23911.75,23993.5,23842.5,69.25,161.5,1.1660649819494584,TP,1,s1
2025-08-14 10:50:00-04:00,2025-08-14 10:50:00-04:00,2025-08-14 11:25:00-04:00,S,23987.0,23893.0,24044.0,57.0,186.0,1.631578947368421,TP,1,s4
2025-08-15 09:47:00-04:00,2025-08-15 09:47:00-04:00,2025-08-15 10:15:00-04:00,S,23805.25,23876.75,23876.5,71.25,-145.0,-1.0175438596491229,SL,1,s3
2025-08-18 09:53:00-04:00,2025-08-18 09:53:00-04:00,2025-08-18 15:59:00-04:00,L,23764.25,23796.5,23708.75,55.5,62.5,0.5630630630630631,time,1,s1
2025-08-19 09:32:00-04:00,2025-08-19 09:32:00-04:00,2025-08-19 09:33:00-04:00,S,23692.5,23690.75,23767.75,75.25,1.5,0.009966777408637873,TP,1,s3
2025-08-20 09:35:00-04:00,2025-08-20 09:35:00-04:00,2025-08-20 09:46:00-04:00,L,23379.75,23279.75,23280.0,99.75,-202.0,-1.012531328320802,SL,1,s1
2025-08-20 09:50:00-04:00,2025-08-20 09:50:00-04:00,2025-08-20 10:06:00-04:00,S,23245.25,23124.25,23375.25,130.0,240.0,0.9230769230769231,TP,1,s3
2025-08-21 09:32:00-04:00,2025-08-21 09:32:00-04:00,2025-08-21 15:59:00-04:00,L,23240.75,23217.75,23106.5,134.25,-48.0,-0.1787709497206704,time,1,s1
2025-08-22 09:38:00-04:00,2025-08-22 09:38:00-04:00,2025-08-22 10:00:00-04:00,S,23265.0,23344.25,23344.0,79.0,-160.5,-1.0158227848101267,SL,1,s4
2025-08-22 10:02:00-04:00,2025-08-22 10:02:00-04:00,2025-08-22 10:03:00-04:00,L,23499.75,23499.75,23280.75,219.0,-2.0,-0.0045662100456621,TP,1,s2
2025-08-26 09:50:00-04:00,2025-08-26 09:50:00-04:00,2025-08-26 10:22:00-04:00,L,23465.5,23542.5,23401.0,64.5,152.0,1.178294573643411,TP,1,s1
2025-08-26 10:23:00-04:00,2025-08-26 10:23:00-04:00,2025-08-26 15:51:00-04:00,S,23541.25,23590.25,23590.0,48.75,-100.0,-1.0256410256410255,SL,1,s4
2025-08-27 09:32:00-04:00,2025-08-27 09:32:00-04:00,2025-08-27 09:49:00-04:00,L,23556.0,23491.25,23491.5,64.5,-131.5,-1.0193798449612403,SL,1,s1
2025-08-27 14:53:00-04:00,2025-08-27 14:53:00-04:00,2025-08-27 15:59:00-04:00,S,23629.0,23620.25,23682.5,53.5,15.5,0.14485981308411214,time,1,s4
2025-08-28 09:32:00-04:00,2025-08-28 09:32:00-04:00,2025-08-28 09:45:00-04:00,L,23714.5,23666.0,23666.25,48.25,-99.0,-1.0259067357512954,SL,1,s2
2025-08-28 09:50:00-04:00,2025-08-28 09:50:00-04:00,2025-08-28 09:57:00-04:00,S,23618.25,23573.75,23713.0,94.75,87.0,0.45910290237467016,TP,1,s4
2025-08-28 09:59:00-04:00,2025-08-28 09:59:00-04:00,2025-08-28 10:08:00-04:00,L,23609.5,23666.25,23527.0,82.5,111.5,0.6757575757575758,TP,1,s1
2025-08-29 09:35:00-04:00,2025-08-29 09:35:00-04:00,2025-08-29 09:50:00-04:00,S,23635.5,23533.25,23702.75,67.25,202.5,1.5055762081784387,TP,1,s3
2025-09-02 09:32:00-04:00,2025-09-02 09:32:00-04:00,2025-09-02 09:33:00-04:00,S,23068.25,23068.75,23485.25,417.0,-3.0,-0.0035971223021582736,TP,1,s3
2025-09-03 10:05:00-04:00,2025-09-03 10:05:00-04:00,2025-09-03 13:45:00-04:00,L,23428.75,23349.75,23350.0,78.75,-160.0,-1.0158730158730158,SL,1,s2
2025-09-03 14:05:00-04:00,2025-09-03 14:05:00-04:00,2025-09-03 15:50:00-04:00,S,23336.0,23423.25,23423.0,87.0,-176.5,-1.014367816091954,SL,1,s4
2025-09-04 09:38:00-04:00,2025-09-04 09:38:00-04:00,2025-09-04 13:04:00-04:00,S,23481.75,23566.75,23566.5,84.75,-172.0,-1.0147492625368733,SL,1,s4
2025-09-04 13:05:00-04:00,2025-09-04 13:05:00-04:00,2025-09-04 15:54:00-04:00,L,23569.75,23660.75,23509.0,60.75,180.0,1.4814814814814814,TP,1,s2
2025-09-05 09:32:00-04:00,2025-09-05 09:32:00-04:00,2025-09-05 10:16:00-04:00,L,23854.0,23740.25,23740.5,113.5,-229.5,-1.0110132158590308,SL,1,s2
2025-09-05 10:20:00-04:00,2025-09-05 10:20:00-04:00,2025-09-05 10:42:00-04:00,S,23727.75,23592.0,23815.25,87.5,269.5,1.54,TP,1,s4
2025-09-05 10:44:00-04:00,2025-09-05 10:44:00-04:00,2025-09-05 11:02:00-04:00,L,23608.75,23517.0,23517.25,91.5,-185.5,-1.0136612021857923,SL,1,s1
2025-09-08 09:32:00-04:00,2025-09-08 09:32:00-04:00,2025-09-08 15:59:00-04:00,S,23791.25,23803.75,23909.25,118.0,-27.0,-0.11440677966101695,time,1,s4
2025-09-09 09:35:00-04:00,2025-09-09 09:35:00-04:00,2025-09-09 10:34:00-04:00,S,23836.0,23768.0,23874.75,38.75,134.0,1.729032258064516,TP,1,s4
2025-09-09 10:53:00-04:00,2025-09-09 10:53:00-04:00,2025-09-09 13:05:00-04:00,L,23781.5,23839.0,23732.25,49.25,113.0,1.1472081218274113,TP,1,s1
2025-09-10 09:35:00-04:00,2025-09-10 09:35:00-04:00,2025-09-10 09:51:00-04:00,L,23965.0,23911.25,23911.5,53.5,-109.5,-1.0233644859813085,SL,1,s2
2025-09-10 12:41:00-04:00,2025-09-10 12:41:00-04:00,2025-09-10 15:12:00-04:00,S,23910.5,23823.0,23956.0,45.5,173.0,1.901098901098901,TP,1,s4
2025-09-11 09:41:00-04:00,2025-09-11 09:41:00-04:00,2025-09-11 10:06:00-04:00,S,23922.5,23992.75,23992.5,70.0,-142.5,-1.0178571428571428,SL,1,s4
2025-09-11 10:08:00-04:00,2025-09-11 10:08:00-04:00,2025-09-11 15:59:00-04:00,L,24001.75,24011.5,23933.0,68.75,17.5,0.12727272727272726,time,1,s2
2025-09-12 09:32:00-04:00,2025-09-12 09:32:00-04:00,2025-09-12 10:36:00-04:00,S,24030.5,24088.5,24088.25,57.75,-118.0,-1.0216450216450217,SL,1,s4
2025-09-12 10:47:00-04:00,2025-09-12 10:47:00-04:00,2025-09-12 14:52:00-04:00,L,24092.0,24151.25,24049.75,42.25,116.5,1.378698224852071,TP,1,s2
2025-09-15 09:32:00-04:00,2025-09-15 09:32:00-04:00,2025-09-15 11:00:00-04:00,L,24209.25,24267.0,24152.5,56.75,113.5,1.0,TP,1,s2
2025-09-16 09:32:00-04:00,2025-09-16 09:32:00-04:00,2025-09-16 11:02:00-04:00,S,24342.0,24272.0,24390.75,48.75,138.0,1.4153846153846155,TP,1,s4
2025-09-17 09:50:00-04:00,2025-09-17 09:50:00-04:00,2025-09-17 09:59:00-04:00,L,24263.25,24231.75,24232.0,31.25,-65.0,-1.04,SL,1,s1
2025-09-17 10:02:00-04:00,2025-09-17 10:02:00-04:00,2025-09-17 10:43:00-04:00,S,24223.0,24188.0,24259.25,36.25,68.0,0.9379310344827586,TP,1,s3
2025-09-19 09:35:00-04:00,2025-09-19 09:35:00-04:00,2025-09-19 12:23:00-04:00,S,24746.25,24818.0,24817.75,71.5,-145.5,-1.0174825174825175,SL,1,s4
2025-09-19 12:41:00-04:00,2025-09-19 12:41:00-04:00,2025-09-19 15:59:00-04:00,L,24821.25,24860.0,24757.75,63.5,75.5,0.594488188976378,time,1,s2
2025-09-22 11:17:00-04:00,2025-09-22 11:17:00-04:00,2025-09-22 12:15:00-04:00,S,24907.0,24959.5,24959.25,52.25,-107.0,-1.0239234449760766,SL,1,s4
2025-09-22 12:17:00-04:00,2025-09-22 12:17:00-04:00,2025-09-22 15:59:00-04:00,L,24960.5,24998.25,24909.75,50.75,73.5,0.7241379310344828,time,1,s2
2025-09-23 09:56:00-04:00,2025-09-23 09:56:00-04:00,2025-09-23 13:26:00-04:00,L,24945.5,24881.0,24881.25,64.25,-131.0,-1.0194552529182879,SL,1,s1
2025-09-23 13:29:00-04:00,2025-09-23 13:29:00-04:00,2025-09-23 13:41:00-04:00,S,24868.5,24784.0,24940.0,71.5,167.0,1.167832167832168,TP,1,s3
2025-09-24 09:32:00-04:00,2025-09-24 09:32:00-04:00,2025-09-24 11:34:00-04:00,S,24850.0,24767.75,24958.0,108.0,162.5,0.7523148148148148,TP,1,s4
2025-09-24 11:35:00-04:00,2025-09-24 11:35:00-04:00,2025-09-24 11:56:00-04:00,L,24773.0,24703.75,24704.0,69.0,-140.5,-1.0181159420289856,SL,1,s1
2025-09-25 09:32:00-04:00,2025-09-25 09:32:00-04:00,2025-09-25 09:40:00-04:00,S,24549.0,24467.25,24665.0,116.0,161.5,0.6961206896551724,TP,1,s3
2025-09-25 11:41:00-04:00,2025-09-25 11:41:00-04:00,2025-09-25 13:21:00-04:00,L,24679.0,24590.0,24590.25,88.75,-180.0,-1.0140845070422535,SL,1,s1
2025-09-26 09:44:00-04:00,2025-09-26 09:44:00-04:00,2025-09-26 10:25:00-04:00,S,24671.5,24556.5,24783.25,111.75,228.0,1.0201342281879195,TP,1,s4
2025-09-26 10:29:00-04:00,2025-09-26 10:29:00-04:00,2025-09-26 13:12:00-04:00,L,24569.5,24707.5,24480.75,88.75,274.0,1.5436619718309859,TP,1,s1
2025-09-29 09:32:00-04:00,2025-09-29 09:32:00-04:00,2025-09-29 09:49:00-04:00,L,24879.5,24944.75,24785.25,94.25,128.5,0.6816976127320955,TP,1,s2
2025-09-30 09:44:00-04:00,2025-09-30 09:44:00-04:00,2025-09-30 09:54:00-04:00,L,24798.25,24730.0,24730.25,68.0,-138.5,-1.0183823529411764,SL,1,s1
2025-10-01 09:50:00-04:00,2025-10-01 09:50:00-04:00,2025-10-01 10:18:00-04:00,S,24753.25,24845.5,24845.25,92.0,-186.5,-1.013586956521739,SL,1,s3
2025-10-01 10:20:00-04:00,2025-10-01 10:20:00-04:00,2025-10-01 12:31:00-04:00,L,24859.75,24950.25,24792.5,67.25,179.0,1.3308550185873607,TP,1,s1
2025-10-01 12:32:00-04:00,2025-10-01 12:32:00-04:00,2025-10-01 14:00:00-04:00,S,24943.5,25003.25,25003.0,59.5,-121.5,-1.0210084033613445,SL,1,s4
2025-10-01 14:08:00-04:00,2025-10-01 14:08:00-04:00,2025-10-01 15:59:00-04:00,L,25006.5,25011.25,24950.25,56.25,7.5,0.06666666666666667,time,1,s2
2025-10-02 09:38:00-04:00,2025-10-02 09:38:00-04:00,2025-10-02 15:59:00-04:00,S,25083.25,25108.5,25182.75,99.5,-52.5,-0.2638190954773869,time,1,s4
2025-10-03 09:32:00-04:00,2025-10-03 09:32:00-04:00,2025-10-03 10:08:00-04:00,S,25148.25,25060.25,25204.75,56.5,174.0,1.5398230088495575,TP,1,s4
2025-10-03 13:44:00-04:00,2025-10-03 13:44:00-04:00,2025-10-03 13:53:00-04:00,S,25009.0,24932.25,25060.25,51.25,151.5,1.4780487804878049,TP,1,s3
2025-10-06 09:32:00-04:00,2025-10-06 09:32:00-04:00,2025-10-06 14:31:00-04:00,L,25173.5,25245.25,25064.75,108.75,141.5,0.6505747126436782,TP,1,s2
2025-10-07 10:29:00-04:00,2025-10-07 10:29:00-04:00,2025-10-07 11:04:00-04:00,S,25213.0,25144.75,25262.75,49.75,134.5,1.3517587939698492,TP,1,s4
2025-10-07 11:08:00-04:00,2025-10-07 11:08:00-04:00,2025-10-07 11:36:00-04:00,S,25080.0,25041.0,25144.75,64.75,76.0,0.5868725868725869,TP,1,s3
2025-10-08 09:35:00-04:00,2025-10-08 09:35:00-04:00,2025-10-08 10:00:00-04:00,S,25116.5,25199.75,25199.5,83.0,-168.5,-1.0150602409638554,SL,1,s4
2025-10-08 10:02:00-04:00,2025-10-08 10:02:00-04:00,2025-10-08 15:52:00-04:00,L,25208.25,25326.0,25122.25,86.0,233.5,1.3575581395348837,TP,1,s2
2025-10-09 09:47:00-04:00,2025-10-09 09:47:00-04:00,2025-10-09 13:17:00-04:00,L,25272.75,25180.25,25180.5,92.25,-187.0,-1.013550135501355,SL,1,s1
2025-10-10 09:32:00-04:00,2025-10-10 09:32:00-04:00,2025-10-10 10:58:00-04:00,S,25335.5,25247.0,25390.5,55.0,175.0,1.5909090909090908,TP,1,s4
2025-10-10 10:59:00-04:00,2025-10-10 10:59:00-04:00,2025-10-10 11:00:00-04:00,S,25193.75,25120.0,25247.0,53.25,145.5,1.3661971830985915,TP,1,s3
2025-10-13 14:32:00-04:00,2025-10-13 14:32:00-04:00,2025-10-13 15:59:00-04:00,L,24959.25,24920.5,24678.75,280.5,-79.5,-0.14171122994652408,time,1,s2
2025-10-14 09:32:00-04:00,2025-10-14 09:32:00-04:00,2025-10-14 09:33:00-04:00,S,24611.25,24611.75,24854.75,243.5,-3.0,-0.006160164271047228,TP,1,s3
2025-10-14 12:20:00-04:00,2025-10-14 12:20:00-04:00,2025-10-14 15:37:00-04:00,L,24864.5,24788.0,24788.25,76.25,-155.0,-1.0163934426229508,SL,1,s1
2025-10-15 10:05:00-04:00,2025-10-15 10:05:00-04:00,2025-10-15 11:50:00-04:00,L,25054.5,24900.75,24901.0,153.5,-309.5,-1.00814332247557,SL,1,s2
2025-10-16 10:11:00-04:00,2025-10-16 10:11:00-04:00,2025-10-16 10:43:00-04:00,S,25031.25,25175.0,25174.75,143.5,-289.5,-1.0087108013937283,SL,1,s4
2025-10-16 12:41:00-04:00,2025-10-16 12:41:00-04:00,2025-10-16 14:16:00-04:00,L,24821.0,24674.5,24674.75,146.25,-295.0,-1.0085470085470085,SL,1,s1
2025-10-16 14:32:00-04:00,2025-10-16 14:32:00-04:00,2025-10-16 14:55:00-04:00,S,24667.25,24800.25,24800.0,132.75,-268.0,-1.009416195856874,SL,1,s3
2025-10-17 09:44:00-04:00,2025-10-17 09:44:00-04:00,2025-10-17 12:50:00-04:00,L,24694.25,24978.25,24535.5,158.75,566.0,1.7826771653543307,TP,1,s1
2025-10-20 09:35:00-04:00,2025-10-20 09:35:00-04:00,2025-10-20 15:59:00-04:00,L,25208.5,25299.5,25093.5,115.0,180.0,0.782608695652174,time,1,s2
2025-10-21 09:44:00-04:00,2025-10-21 09:44:00-04:00,2025-10-21 15:59:00-04:00,L,25256.25,25291.0,25167.5,88.75,67.5,0.38028169014084506,time,1,s1
2025-10-22 09:35:00-04:00,2025-10-22 09:35:00-04:00,2025-10-22 09:43:00-04:00,S,25188.0,25252.0,25251.75,63.75,-130.0,-1.0196078431372548,SL,1,s3
2025-10-22 09:44:00-04:00,2025-10-22 09:44:00-04:00,2025-10-22 10:14:00-04:00,L,25259.75,25211.5,25211.75,48.0,-98.5,-1.0260416666666667,SL,1,s1
2025-10-23 09:56:00-04:00,2025-10-23 09:56:00-04:00,2025-10-23 15:59:00-04:00,S,25173.0,25252.75,25307.25,134.25,-161.5,-0.6014897579143389,time,1,s4
2025-10-24 09:32:00-04:00,2025-10-24 09:32:00-04:00,2025-10-24 09:45:00-04:00,L,25464.0,25544.75,25332.0,132.0,159.5,0.6041666666666666,TP,1,s2
2025-10-27 09:32:00-04:00,2025-10-27 09:32:00-04:00,2025-10-27 09:33:00-04:00,L,25839.5,25838.75,25547.0,292.5,-3.5,-0.005982905982905983,TP,1,s2
2025-10-28 09:32:00-04:00,2025-10-28 09:32:00-04:00,2025-10-28 10:45:00-04:00,L,26092.5,26011.5,26011.75,80.75,-164.0,-1.0154798761609907,SL,1,s2
2025-10-29 09:32:00-04:00,2025-10-29 09:32:00-04:00,2025-10-29 11:48:00-04:00,L,26288.0,26222.0,26222.25,65.75,-134.0,-1.0190114068441065,SL,1,s2
2025-10-29 12:05:00-04:00,2025-10-29 12:05:00-04:00,2025-10-29 14:00:00-04:00,S,26210.75,26285.0,26284.75,74.0,-150.5,-1.0168918918918919,SL,1,s4
2025-10-29 14:50:00-04:00,2025-10-29 14:50:00-04:00,2025-10-29 14:55:00-04:00,L,26155.0,26222.25,26035.75,119.25,132.5,0.5555555555555556,TP,1,s1
2025-10-30 09:32:00-04:00,2025-10-30 09:32:00-04:00,2025-10-30 09:36:00-04:00,S,26067.5,25999.0,26203.75,136.25,135.0,0.4954128440366973,TP,1,s3
2025-10-31 09:32:00-04:00,2025-10-31 09:32:00-04:00,2025-10-31 12:20:00-04:00,L,26174.25,25957.0,25957.25,217.0,-436.5,-1.0057603686635945,SL,1,s2
2025-10-31 12:56:00-04:00,2025-10-31 12:56:00-04:00,2025-10-31 15:18:00-04:00,S,25953.0,26043.25,26043.0,90.0,-182.5,-1.0138888888888888,SL,1,s4
2025-11-03 09:32:00-05:00,2025-11-03 09:32:00-05:00,2025-11-03 10:25:00-05:00,L,26250.0,26078.0,26078.25,171.75,-346.0,-1.007278020378457,SL,1,s2
2025-11-03 10:26:00-05:00,2025-11-03 10:26:00-05:00,2025-11-03 13:32:00-05:00,S,26043.0,26164.5,26164.25,121.25,-245.0,-1.0103092783505154,SL,1,s4
2025-11-04 09:32:00-05:00,2025-11-04 09:32:00-05:00,2025-11-04 09:33:00-05:00,S,25714.0,25715.0,26040.75,326.75,-4.0,-0.00612088752869166,TP,1,s3
2025-11-05 10:02:00-05:00,2025-11-05 10:02:00-05:00,2025-11-05 11:46:00-05:00,S,25659.5,25771.75,25771.5,112.0,-226.5,-1.0111607142857142,SL,1,s4
2025-11-05 11:50:00-05:00,2025-11-05 11:50:00-05:00,2025-11-05 15:59:00-05:00,L,25780.25,25741.0,25675.25,105.0,-80.5,-0.38333333333333336,time,1,s2
2025-11-06 09:32:00-05:00,2025-11-06 09:32:00-05:00,2025-11-06 09:58:00-05:00,L,25664.75,25526.0,25526.25,138.5,-279.5,-1.0090252707581226,SL,1,s1
2025-11-06 09:59:00-05:00,2025-11-06 09:59:00-05:00,2025-11-06 10:40:00-05:00,S,25513.25,25346.75,25634.0,120.75,331.0,1.370600414078675,TP,1,s3
2025-11-07 09:38:00-05:00,2025-11-07 09:38:00-05:00,2025-11-07 11:38:00-05:00,S,24950.0,24770.5,25125.0,175.0,357.0,1.02,TP,1,s3
2025-11-10 09:32:00-05:00,2025-11-10 09:32:00-05:00,2025-11-10 09:44:00-05:00,L,25577.25,25636.5,25291.5,285.75,116.5,0.20384951881014873,TP,1,s2
2025-11-11 10:32:00-05:00,2025-11-11 10:32:00-05:00,2025-11-11 12:55:00-05:00,S,25533.0,25628.75,25628.5,95.5,-193.5,-1.013089005235602,SL,1,s3
2025-11-11 13:05:00-05:00,2025-11-11 13:05:00-05:00,2025-11-11 15:59:00-05:00,L,25634.5,25647.0,25543.5,91.0,23.0,0.12637362637362637,time,1,s1
2025-11-12 09:32:00-05:00,2025-11-12 09:32:00-05:00,2025-11-12 09:47:00-05:00,S,25705.25,25587.75,25766.75,61.5,233.0,1.8943089430894309,TP,1,s4
2025-11-12 11:11:00-05:00,2025-11-12 11:11:00-05:00,2025-11-12 11:29:00-05:00,S,25506.0,25588.0,25587.75,81.75,-166.0,-1.0152905198776758,SL,1,s3
2025-11-13 09:32:00-05:00,2025-11-13 09:32:00-05:00,2025-11-13 09:42:00-05:00,S,25452.25,25332.5,25545.75,93.5,237.5,1.2700534759358288,TP,1,s3
2025-11-14 09:32:00-05:00,2025-11-14 09:32:00-05:00,2025-11-14 09:56:00-05:00,S,24646.5,24963.0,24962.75,316.25,-635.0,-1.0039525691699605,SL,1,s3
2025-11-14 10:17:00-05:00,2025-11-14 10:17:00-05:00,2025-11-14 11:25:00-05:00,L,24964.0,25237.25,24825.25,138.75,544.5,1.962162162162162,TP,1,s1
2025-11-14 11:32:00-05:00,2025-11-14 11:32:00-05:00,2025-11-14 15:59:00-05:00,S,25218.0,25106.25,25374.75,156.75,221.5,0.7065390749601276,time,1,s4
2025-11-17 13:56:00-05:00,2025-11-17 13:56:00-05:00,2025-11-17 15:03:00-05:00,L,24928.75,24738.5,24738.75,190.0,-382.5,-1.006578947368421,SL,1,s1
2025-11-18 09:32:00-05:00,2025-11-18 09:32:00-05:00,2025-11-18 09:50:00-05:00,L,24793.25,24600.0,24600.25,193.0,-388.5,-1.0064766839378239,SL,1,s1
2025-11-18 09:53:00-05:00,2025-11-18 09:53:00-05:00,2025-11-18 12:53:00-05:00,S,24583.25,24744.5,24744.25,161.0,-324.5,-1.0077639751552796,SL,1,s3
2025-11-19 09:53:00-05:00,2025-11-19 09:53:00-05:00,2025-11-19 11:10:00-05:00,L,24835.5,24709.0,24709.25,126.25,-255.0,-1.00990099009901,SL,1,s2
2025-11-19 11:26:00-05:00,2025-11-19 11:26:00-05:00,2025-11-19 15:59:00-05:00,S,24690.0,24724.75,24833.75,143.75,-71.5,-0.24869565217391304,time,1,s4
2025-11-20 09:32:00-05:00,2025-11-20 09:32:00-05:00,2025-11-20 09:35:00-05:00,L,25194.25,25208.5,24856.5,337.75,26.5,0.03923019985196151,TP,1,s2
2025-11-20 11:35:00-05:00,2025-11-20 11:35:00-05:00,2025-11-20 11:57:00-05:00,S,24844.0,24592.75,24988.5,144.5,500.5,1.731833910034602,TP,1,s4
2025-11-20 12:11:00-05:00,2025-11-20 12:11:00-05:00,2025-11-20 13:14:00-05:00,S,24457.0,24592.75,24592.5,135.5,-273.5,-1.0092250922509225,SL,1,s3
2025-11-21 14:53:00-05:00,2025-11-21 14:53:00-05:00,2025-11-21 15:59:00-05:00,S,24445.75,24314.0,24803.0,357.25,261.5,0.36599020293911827,time,1,s4
2025-11-24 09:35:00-05:00,2025-11-24 09:35:00-05:00,2025-11-24 15:59:00-05:00,L,24703.75,24935.25,24497.75,206.0,461.0,1.1189320388349515,time,1,s2
2025-11-25 09:50:00-05:00,2025-11-25 09:50:00-05:00,2025-11-25 09:58:00-05:00,S,24652.25,24804.0,24803.75,151.5,-305.5,-1.0082508250825082,SL,1,s3
2025-11-25 09:59:00-05:00,2025-11-25 09:59:00-05:00,2025-11-25 10:04:00-05:00,L,24815.75,24671.25,24671.5,144.25,-291.0,-1.0086655112651646,SL,1,s1
2025-11-26 09:38:00-05:00,2025-11-26 09:38:00-05:00,2025-11-26 11:43:00-05:00,S,25204.25,25373.25,25373.0,168.75,-340.0,-1.0074074074074073,SL,1,s4
2025-11-28 09:32:00-05:00,2025-11-28 09:32:00-05:00,2025-11-28 09:33:00-05:00,L,25380.0,25377.75,25308.5,71.5,-6.5,-0.045454545454545456,TP,1,s2
2025-12-01 09:32:00-05:00,2025-12-01 09:32:00-05:00,2025-12-01 09:33:00-05:00,S,25263.5,25263.5,25438.0,174.5,-2.0,-0.0057306590257879654,TP,1,s3
2025-12-01 11:47:00-05:00,2025-12-01 11:47:00-05:00,2025-12-01 14:29:00-05:00,L,25445.0,25390.5,25390.75,54.25,-111.0,-1.023041474654378,SL,1,s1
2025-12-02 09:38:00-05:00,2025-12-02 09:38:00-05:00,2025-12-02 11:23:00-05:00,L,25596.25,25480.25,25480.5,115.75,-234.0,-1.0107991360691144,SL,1,s2
2025-12-03 09:53:00-05:00,2025-12-03 09:53:00-05:00,2025-12-03 10:02:00-05:00,S,25446.25,25530.0,25529.75,83.5,-169.5,-1.0149700598802396,SL,1,s3
2025-12-03 14:59:00-05:00,2025-12-03 14:59:00-05:00,2025-12-03 15:59:00-05:00,S,25669.5,25657.5,25741.0,71.5,22.0,0.15384615384615385,time,1,s4
2025-12-04 09:35:00-05:00,2025-12-04 09:35:00-05:00,2025-12-04 11:05:00-05:00,L,25608.0,25516.25,25516.5,91.5,-185.5,-1.0136612021857923,SL,1,s1
2025-12-05 09:32:00-05:00,2025-12-05 09:32:00-05:00,2025-12-05 09:41:00-05:00,L,25758.25,25689.25,25689.5,68.75,-140.0,-1.018181818181818,SL,1,s2
2025-12-05 11:32:00-05:00,2025-12-05 11:32:00-05:00,2025-12-05 11:58:00-05:00,S,25676.75,25752.25,25752.0,75.25,-153.0,-1.0166112956810631,SL,1,s4
2025-12-08 09:47:00-05:00,2025-12-08 09:47:00-05:00,2025-12-08 10:26:00-05:00,S,25781.75,25666.5,25845.25,63.5,228.5,1.7992125984251968,TP,1,s4
2025-12-08 12:26:00-05:00,2025-12-08 12:26:00-05:00,2025-12-08 12:56:00-05:00,S,25603.75,25666.75,25666.5,62.75,-128.0,-1.0199203187250996,SL,1,s3
2025-12-09 09:35:00-05:00,2025-12-09 09:35:00-05:00,2025-12-09 15:59:00-05:00,L,25601.75,25702.75,25505.25,96.5,200.0,1.0362694300518134,time,1,s1
2025-12-10 09:35:00-05:00,2025-12-10 09:35:00-05:00,2025-12-10 09:43:00-05:00,S,25582.0,25654.25,25654.0,72.0,-146.5,-1.0173611111111112,SL,1,s3
2025-12-10 09:47:00-05:00,2025-12-10 09:47:00-05:00,2025-12-10 09:55:00-05:00,L,25666.0,25604.5,25604.75,61.25,-125.0,-1.0204081632653061,SL,1,s1
2025-12-10 14:38:00-05:00,2025-12-10 14:38:00-05:00,2025-12-10 14:40:00-05:00,S,25723.0,25654.0,25801.25,78.25,136.0,0.8690095846645367,TP,1,s4
2025-12-10 14:56:00-05:00,2025-12-10 14:56:00-05:00,2025-12-10 15:59:00-05:00,L,25809.0,25800.0,25752.0,57.0,-20.0,-0.17543859649122806,time,1,s2
2025-12-11 09:32:00-05:00,2025-12-11 09:32:00-05:00,2025-12-11 09:53:00-05:00,S,25603.5,25455.25,25706.5,103.0,294.5,1.4296116504854368,TP,1,s3
2025-12-11 14:38:00-05:00,2025-12-11 14:38:00-05:00,2025-12-11 15:59:00-05:00,L,25709.75,25714.5,25612.25,97.5,7.5,0.038461538461538464,time,1,s1
2025-12-12 09:47:00-05:00,2025-12-12 09:47:00-05:00,2025-12-12 10:24:00-05:00,S,25530.75,25377.75,25623.25,92.5,304.0,1.6432432432432433,TP,1,s3
2025-12-15 09:35:00-05:00,2025-12-15 09:35:00-05:00,2025-12-15 10:25:00-05:00,S,25340.25,25072.0,25487.0,146.75,534.5,1.8211243611584327,TP,1,s4
2025-12-15 10:26:00-05:00,2025-12-15 10:26:00-05:00,2025-12-15 15:59:00-05:00,L,25074.25,25084.5,24933.5,140.75,18.5,0.06571936056838366,time,1,s1
2025-12-16 09:32:00-05:00,2025-12-16 09:32:00-05:00,2025-12-16 15:37:00-05:00,L,25033.25,25188.0,24878.0,155.25,307.5,0.9903381642512077,TP,1,s1
2025-12-17 09:50:00-05:00,2025-12-17 09:50:00-05:00,2025-12-17 10:36:00-05:00,L,25060.5,24979.25,24979.5,81.0,-164.5,-1.0154320987654322,SL,1,s1
2025-12-17 10:38:00-05:00,2025-12-17 10:38:00-05:00,2025-12-17 10:52:00-05:00,S,24966.0,24853.25,25055.75,89.75,223.5,1.2451253481894151,TP,1,s3
2025-12-19 09:32:00-05:00,2025-12-19 09:32:00-05:00,2025-12-19 09:43:00-05:00,L,25444.5,25509.0,25322.25,122.25,127.0,0.5194274028629857,TP,1,s2
2025-12-22 09:32:00-05:00,2025-12-22 09:32:00-05:00,2025-12-22 10:36:00-05:00,L,25765.75,25648.25,25648.5,117.25,-237.0,-1.0106609808102345,SL,1,s2
2025-12-22 10:41:00-05:00,2025-12-22 10:41:00-05:00,2025-12-22 11:16:00-05:00,S,25646.75,25716.25,25716.0,69.25,-141.0,-1.0180505415162455,SL,1,s4
2025-12-23 09:32:00-05:00,2025-12-23 09:32:00-05:00,2025-12-23 09:45:00-05:00,L,25700.5,25733.75,25597.0,103.5,64.5,0.3115942028985507,TP,1,s1
2025-12-23 14:05:00-05:00,2025-12-23 14:05:00-05:00,2025-12-23 15:59:00-05:00,L,25781.75,25811.0,25733.75,48.0,56.5,0.5885416666666666,time,1,s2
2025-12-26 09:32:00-05:00,2025-12-26 09:32:00-05:00,2025-12-26 09:35:00-05:00,S,25882.75,25923.0,25922.75,40.0,-82.5,-1.03125,SL,1,s4
2025-12-26 09:41:00-05:00,2025-12-26 09:41:00-05:00,2025-12-26 09:51:00-05:00,L,25923.5,25891.75,25892.0,31.5,-65.5,-1.0396825396825398,SL,1,s2
2025-12-29 09:32:00-05:00,2025-12-29 09:32:00-05:00,2025-12-29 09:33:00-05:00,S,25708.25,25708.5,25839.25,131.0,-2.5,-0.009541984732824428,TP,1,s3
2025-12-30 09:32:00-05:00,2025-12-30 09:32:00-05:00,2025-12-30 11:21:00-05:00,L,25724.5,25788.25,25647.0,77.5,125.5,0.8096774193548387,TP,1,s1
2025-12-30 11:23:00-05:00,2025-12-30 11:23:00-05:00,2025-12-30 15:11:00-05:00,S,25780.25,25694.25,25835.5,55.25,170.0,1.5384615384615385,TP,1,s4
2025-12-31 09:47:00-05:00,2025-12-31 09:47:00-05:00,2025-12-31 10:55:00-05:00,S,25589.25,25552.25,25643.5,54.25,72.0,0.663594470046083,TP,1,s3
2026-01-02 09:32:00-05:00,2026-01-02 09:32:00-05:00,2026-01-02 09:37:00-05:00,L,25670.75,25702.75,25523.0,147.75,62.0,0.2098138747884941,TP,1,s2
2026-01-02 10:23:00-05:00,2026-01-02 10:23:00-05:00,2026-01-02 10:42:00-05:00,S,25490.75,25591.75,25591.5,100.75,-204.0,-1.0124069478908189,SL,1,s4
2026-01-02 11:26:00-05:00,2026-01-02 11:26:00-05:00,2026-01-02 11:52:00-05:00,L,25389.5,25318.25,25318.5,71.0,-144.5,-1.017605633802817,SL,1,s1
2026-01-02 13:14:00-05:00,2026-01-02 13:14:00-05:00,2026-01-02 14:13:00-05:00,S,25315.75,25387.25,25387.0,71.25,-145.0,-1.0175438596491229,SL,1,s3
2026-01-05 10:32:00-05:00,2026-01-05 10:32:00-05:00,2026-01-05 15:59:00-05:00,L,25683.5,25586.75,25533.25,150.25,-195.5,-0.6505823627287853,time,1,s2
2026-01-06 09:41:00-05:00,2026-01-06 09:41:00-05:00,2026-01-06 09:45:00-05:00,S,25617.25,25680.5,25680.25,63.0,-128.5,-1.0198412698412698,SL,1,s4
2026-01-06 09:47:00-05:00,2026-01-06 09:47:00-05:00,2026-01-06 09:57:00-05:00,L,25710.0,25756.75,25633.5,76.5,91.5,0.5980392156862745,TP,1,s2
2026-01-07 09:56:00-05:00,2026-01-07 09:56:00-05:00,2026-01-07 11:43:00-05:00,S,25870.25,25939.5,25939.25,69.0,-140.5,-1.0181159420289856,SL,1,s4
2026-01-07 11:44:00-05:00,2026-01-07 11:44:00-05:00,2026-01-07 15:13:00-05:00,L,25942.5,25875.75,25876.0,66.5,-135.5,-1.018796992481203,SL,1,s2
2026-01-08 09:35:00-05:00,2026-01-08 09:35:00-05:00,2026-01-08 09:45:00-05:00,S,25708.5,25607.0,25772.5,64.0,201.0,1.5703125,TP,1,s3
2026-01-09 09:50:00-05:00,2026-01-09 09:50:00-05:00,2026-01-09 10:08:00-05:00,S,25725.5,25618.75,25811.25,85.75,211.5,1.2332361516034986,TP,1,s4
2026-01-09 10:26:00-05:00,2026-01-09 10:26:00-05:00,2026-01-09 11:54:00-05:00,L,25823.25,25917.0,25746.75,76.5,185.5,1.2124183006535947,TP,1,s2
2026-01-12 09:35:00-05:00,2026-01-12 09:35:00-05:00,2026-01-12 15:59:00-05:00,L,25862.25,25951.75,25729.25,133.0,177.0,0.6654135338345865,time,1,s1
2026-01-13 09:44:00-05:00,2026-01-13 09:44:00-05:00,2026-01-13 10:18:00-05:00,S,25990.5,25876.0,26104.25,113.75,227.0,0.9978021978021978,TP,1,s4
2026-01-13 10:56:00-05:00,2026-01-13 10:56:00-05:00,2026-01-13 15:59:00-05:00,L,25894.75,25903.75,25799.75,95.0,16.0,0.08421052631578947,time,1,s1
2026-01-14 09:32:00-05:00,2026-01-14 09:32:00-05:00,2026-01-14 09:41:00-05:00,S,25690.0,25663.5,25838.25,148.25,51.0,0.17200674536256325,TP,1,s3
2026-01-15 09:32:00-05:00,2026-01-15 09:32:00-05:00,2026-01-15 15:00:00-05:00,L,25917.5,25738.25,25738.5,179.0,-360.5,-1.0069832402234637,SL,1,s2
2026-01-16 09:38:00-05:00,2026-01-16 09:38:00-05:00,2026-01-16 09:53:00-05:00,L,25870.75,25793.75,25794.0,76.75,-156.0,-1.01628664495114,SL,1,s2
2026-01-16 10:35:00-05:00,2026-01-16 10:35:00-05:00,2026-01-16 15:59:00-05:00,L,25651.5,25684.5,25568.5,83.0,64.0,0.3855421686746988,time,1,s1
2026-01-19 09:32:00-05:00,2026-01-19 09:32:00-05:00,2026-01-19 09:33:00-05:00,S,25271.5,25273.0,25602.0,330.5,-5.0,-0.007564296520423601,TP,1,s3
2026-01-20 09:32:00-05:00,2026-01-20 09:32:00-05:00,2026-01-20 09:35:00-05:00,S,25251.75,25348.25,25348.0,96.25,-195.0,-1.0129870129870129,SL,1,s3
2026-01-20 10:26:00-05:00,2026-01-20 10:26:00-05:00,2026-01-20 12:35:00-05:00,L,25350.0,25297.5,25297.75,52.25,-107.0,-1.0239234449760766,SL,1,s1
2026-01-21 09:59:00-05:00,2026-01-21 09:59:00-05:00,2026-01-21 10:46:00-05:00,L,25325.25,25474.25,25233.75,91.5,296.0,1.6174863387978142,TP,1,s2
2026-01-21 11:59:00-05:00,2026-01-21 11:59:00-05:00,2026-01-21 14:27:00-05:00,S,25229.5,25325.25,25325.0,95.5,-193.5,-1.013089005235602,SL,1,s4
2026-01-22 09:47:00-05:00,2026-01-22 09:47:00-05:00,2026-01-22 15:59:00-05:00,S,25603.75,25661.75,25760.25,156.5,-118.0,-0.3769968051118211,time,1,s4
2026-01-23 09:41:00-05:00,2026-01-23 09:41:00-05:00,2026-01-23 10:04:00-05:00,L,25616.75,25715.75,25552.75,64.0,196.0,1.53125,TP,1,s1
2026-01-23 10:05:00-05:00,2026-01-23 10:05:00-05:00,2026-01-23 10:34:00-05:00,S,25710.0,25770.5,25770.25,60.25,-123.0,-1.020746887966805,SL,1,s4
2026-01-23 10:35:00-05:00,2026-01-23 10:35:00-05:00,2026-01-23 12:46:00-05:00,L,25774.25,25715.5,25715.75,58.5,-119.5,-1.0213675213675213,SL,1,s2
2026-01-26 09:50:00-05:00,2026-01-26 09:50:00-05:00,2026-01-26 10:52:00-05:00,S,25809.75,25891.0,25890.75,81.0,-164.5,-1.0154320987654322,SL,1,s4
2026-01-26 10:56:00-05:00,2026-01-26 10:56:00-05:00,2026-01-26 15:59:00-05:00,L,25892.25,25844.25,25812.75,79.5,-98.0,-0.6163522012578616,time,1,s2
2026-01-27 09:32:00-05:00,2026-01-27 09:32:00-05:00,2026-01-27 10:10:00-05:00,L,25994.0,26074.0,25907.25,86.75,158.0,0.9106628242074928,TP,1,s2
2026-01-28 09:32:00-05:00,2026-01-28 09:32:00-05:00,2026-01-28 09:33:00-05:00,L,26282.25,26282.0,26130.0,152.25,-2.5,-0.008210180623973728,TP,1,s2
2026-01-28 11:44:00-05:00,2026-01-28 11:44:00-05:00,2026-01-28 14:00:00-05:00,S,26122.0,26184.75,26184.5,62.5,-127.5,-1.02,SL,1,s4
2026-01-29 09:38:00-05:00,2026-01-29 09:38:00-05:00,2026-01-29 09:45:00-05:00,S,26026.5,25945.75,26094.5,68.0,159.5,1.1727941176470589,TP,1,s3
2026-01-30 09:32:00-05:00,2026-01-30 09:32:00-05:00,2026-01-30 13:16:00-05:00,L,25838.5,25639.25,25639.5,199.0,-400.5,-1.006281407035176,SL,1,s1
2026-01-30 13:20:00-05:00,2026-01-30 13:20:00-05:00,2026-01-30 15:59:00-05:00,S,25597.75,25676.0,25816.0,218.25,-158.5,-0.3631156930126002,time,1,s3
2026-02-02 09:32:00-05:00,2026-02-02 09:32:00-05:00,2026-02-02 09:50:00-05:00,L,25637.0,25777.5,25471.75,165.25,279.0,0.8441754916792739,TP,1,s1
2026-02-02 09:56:00-05:00,2026-02-02 09:56:00-05:00,2026-02-02 10:17:00-05:00,S,25767.25,25880.0,25879.75,112.5,-227.5,-1.011111111111111,SL,1,s4
2026-02-03 09:44:00-05:00,2026-02-03 09:44:00-05:00,2026-02-03 09:59:00-05:00,L,25752.75,25631.0,25631.25,121.5,-245.5,-1.0102880658436213,SL,1,s1
2026-02-04 09:32:00-05:00,2026-02-04 09:32:00-05:00,2026-02-04 11:38:00-05:00,L,25267.25,25041.0,25041.25,226.0,-454.5,-1.0055309734513274,SL,1,s1
2026-02-04 11:41:00-05:00,2026-02-04 11:41:00-05:00,2026-02-04 15:59:00-05:00,S,25002.25,24998.25,25243.5,241.25,6.0,0.012435233160621761,time,1,s3
2026-02-05 09:38:00-05:00,2026-02-05 09:38:00-05:00,2026-02-05 10:06:00-05:00,L,24883.5,24666.25,24666.5,217.0,-436.5,-1.0057603686635945,SL,1,s1
2026-02-05 10:08:00-05:00,2026-02-05 10:08:00-05:00,2026-02-05 11:52:00-05:00,S,24656.75,24832.75,24832.5,175.75,-354.0,-1.0071123755334281,SL,1,s3
2026-02-06 09:38:00-05:00,2026-02-06 09:38:00-05:00,2026-02-06 10:16:00-05:00,L,24908.5,24755.5,24755.75,152.75,-308.0,-1.0081833060556464,SL,1,s2
2026-02-09 09:32:00-05:00,2026-02-09 09:32:00-05:00,2026-02-09 10:49:00-05:00,L,25029.25,25290.25,24860.25,169.0,520.0,1.5384615384615385,TP,1,s1
2026-02-09 10:53:00-05:00,2026-02-09 10:53:00-05:00,2026-02-09 15:59:00-05:00,S,25285.5,25338.5,25433.75,148.25,-108.0,-0.3642495784148398,time,1,s4
2026-02-11 09:32:00-05:00,2026-02-11 09:32:00-05:00,2026-02-11 10:02:00-05:00,L,25428.75,25287.25,25287.5,141.25,-285.0,-1.008849557522124,SL,1,s2
2026-02-11 10:14:00-05:00,2026-02-11 10:14:00-05:00,2026-02-11 10:24:00-05:00,L,25188.25,25081.5,25081.75,106.5,-215.5,-1.011737089201878,SL,1,s1
2026-02-11 10:26:00-05:00,2026-02-11 10:26:00-05:00,2026-02-11 10:35:00-05:00,S,25074.0,25150.75,25150.5,76.5,-155.5,-1.0163398692810457,SL,1,s3
2026-02-12 09:38:00-05:00,2026-02-12 09:38:00-05:00,2026-02-12 10:36:00-05:00,S,25362.0,25166.25,25502.5,140.5,389.5,1.386120996441281,TP,1,s4
2026-02-12 10:56:00-05:00,2026-02-12 10:56:00-05:00,2026-02-12 11:22:00-05:00,S,25045.25,24867.25,25166.25,121.0,354.0,1.462809917355372,TP,1,s3
2026-02-13 09:44:00-05:00,2026-02-13 09:44:00-05:00,2026-02-13 12:14:00-05:00,L,24715.25,24948.75,24394.25,321.0,465.0,0.7242990654205608,TP,1,s1
2026-02-13 12:17:00-05:00,2026-02-13 12:17:00-05:00,2026-02-13 15:59:00-05:00,S,24927.75,24802.75,25133.75,206.0,248.0,0.6019417475728155,time,1,s4
2026-02-16 10:35:00-05:00,2026-02-16 10:35:00-05:00,2026-02-16 12:49:00-05:00,L,24690.0,24758.75,24573.25,116.75,135.5,0.5802997858672377,time,1,s1
2026-02-17 09:32:00-05:00,2026-02-17 09:32:00-05:00,2026-02-17 09:33:00-05:00,S,24667.25,24711.5,24711.25,44.0,-90.5,-1.0284090909090908,SL,1,s3
2026-02-17 09:35:00-05:00,2026-02-17 09:35:00-05:00,2026-02-17 09:36:00-05:00,L,24769.25,24780.75,24676.0,93.25,21.0,0.1126005361930295,TP,1,s1
2026-02-17 13:41:00-05:00,2026-02-17 13:41:00-05:00,2026-02-17 14:35:00-05:00,L,24834.25,24873.25,24780.75,53.5,76.0,0.7102803738317757,TP,1,s2
2026-02-18 10:05:00-05:00,2026-02-18 10:05:00-05:00,2026-02-18 14:55:00-05:00,L,25035.25,24897.5,24897.75,137.5,-277.5,-1.009090909090909,SL,1,s2
2026-02-18 14:56:00-05:00,2026-02-18 14:56:00-05:00,2026-02-18 15:59:00-05:00,S,24888.5,24957.75,25019.0,130.5,-140.5,-0.5383141762452107,time,1,s4
2026-02-19 09:53:00-05:00,2026-02-19 09:53:00-05:00,2026-02-19 13:20:00-05:00,L,24886.75,24750.0,24750.25,136.5,-275.5,-1.0091575091575091,SL,1,s1
2026-02-20 09:35:00-05:00,2026-02-20 09:35:00-05:00,2026-02-20 09:42:00-05:00,L,24851.0,24921.75,24745.25,105.75,139.5,0.6595744680851063,TP,1,s1
2026-02-20 09:47:00-05:00,2026-02-20 09:47:00-05:00,2026-02-20 10:01:00-05:00,S,24914.75,24981.0,24980.75,66.0,-134.5,-1.018939393939394,SL,1,s4
2026-02-20 10:02:00-05:00,2026-02-20 10:02:00-05:00,2026-02-20 10:05:00-05:00,L,25001.0,24921.5,24921.75,79.25,-161.0,-1.0157728706624605,SL,1,s2
2026-02-23 10:53:00-05:00,2026-02-23 10:53:00-05:00,2026-02-23 15:59:00-05:00,S,24796.25,24768.25,24947.0,150.75,54.0,0.1791044776119403,time,1,s3
2026-02-24 09:56:00-05:00,2026-02-24 09:56:00-05:00,2026-02-24 10:26:00-05:00,S,24869.75,24973.0,24972.75,103.0,-208.5,-1.0121359223300972,SL,1,s4
2026-02-25 09:41:00-05:00,2026-02-25 09:41:00-05:00,2026-02-25 15:59:00-05:00,L,25255.75,25383.75,25136.0,119.75,254.0,1.0605427974947808,time,1,s2
2026-02-26 09:47:00-05:00,2026-02-26 09:47:00-05:00,2026-02-26 10:01:00-05:00,S,25241.5,25142.0,25318.0,76.5,197.0,1.2875816993464053,TP,1,s3
2026-02-27 10:08:00-05:00,2026-02-27 10:08:00-05:00,2026-02-27 15:59:00-05:00,L,24975.5,24998.0,24819.0,156.5,43.0,0.13738019169329074,time,1,s1
2026-03-02 09:32:00-05:00,2026-03-02 09:32:00-05:00,2026-03-02 10:11:00-05:00,S,24781.0,24928.0,24927.75,146.75,-296.0,-1.008517887563884,SL,1,s3
2026-03-02 12:23:00-05:00,2026-03-02 12:23:00-05:00,2026-03-02 15:59:00-05:00,S,25065.25,25022.5,25139.5,74.25,83.5,0.5622895622895623,time,1,s4
2026-03-03 09:32:00-05:00,2026-03-03 09:32:00-05:00,2026-03-03 09:35:00-05:00,S,24578.75,24519.25,24886.25,307.5,117.0,0.1902439024390244,TP,1,s3
2026-03-04 09:38:00-05:00,2026-03-04 09:38:00-05:00,2026-03-04 10:19:00-05:00,S,24884.25,25031.75,25031.5,147.25,-297.0,-1.0084889643463497,SL,1,s4
2026-03-04 10:20:00-05:00,2026-03-04 10:20:00-05:00,2026-03-04 15:59:00-05:00,L,25052.75,25119.75,24894.0,158.75,132.0,0.415748031496063,time,1,s2
2026-03-05 09:32:00-05:00,2026-03-05 09:32:00-05:00,2026-03-05 12:31:00-05:00,L,25065.75,24897.75,24898.0,167.75,-338.0,-1.007451564828614,SL,1,s1
2026-03-05 12:32:00-05:00,2026-03-05 12:32:00-05:00,2026-03-05 15:50:00-05:00,S,24879.0,25009.5,25009.25,130.25,-263.0,-1.0095969289827256,SL,1,s3
2026-03-06 09:32:00-05:00,2026-03-06 09:32:00-05:00,2026-03-06 15:37:00-05:00,S,24705.0,24609.0,24928.75,223.75,190.0,0.4245810055865922,TP,1,s3
2026-03-09 09:35:00-04:00,2026-03-09 09:35:00-04:00,2026-03-09 09:45:00-04:00,S,24484.0,24350.5,24580.5,96.5,265.0,1.3730569948186528,TP,1,s3
2026-03-09 11:05:00-04:00,2026-03-09 11:05:00-04:00,2026-03-09 15:19:00-04:00,L,24585.5,24754.0,24493.25,92.25,335.0,1.815718157181572,TP,1,s1
2026-03-10 13:20:00-04:00,2026-03-10 13:20:00-04:00,2026-03-10 15:59:00-04:00,S,25185.25,24986.0,25400.0,214.75,396.5,0.9231664726426076,time,1,s4
2026-03-11 09:44:00-04:00,2026-03-11 09:44:00-04:00,2026-03-11 10:00:00-04:00,S,25070.0,25165.0,25164.75,94.75,-192.0,-1.0131926121372032,SL,1,s4
2026-03-11 11:50:00-04:00,2026-03-11 11:50:00-04:00,2026-03-11 15:59:00-04:00,L,24929.0,24983.75,24806.75,122.25,107.5,0.4396728016359918,time,1,s1
2026-03-12 09:32:00-04:00,2026-03-12 09:32:00-04:00,2026-03-12 09:53:00-04:00,S,24772.25,24676.5,24900.0,127.75,189.5,0.7416829745596869,TP,1,s3
2026-03-13 09:35:00-04:00,2026-03-13 09:35:00-04:00,2026-03-13 09:42:00-04:00,S,24634.0,24716.5,24716.25,82.25,-167.0,-1.0151975683890577,SL,1,s4
2026-03-13 09:44:00-04:00,2026-03-13 09:44:00-04:00,2026-03-13 10:17:00-04:00,L,24770.25,24635.5,24635.75,134.5,-271.5,-1.0092936802973977,SL,1,s2
2026-03-13 11:05:00-04:00,2026-03-13 11:05:00-04:00,2026-03-13 11:57:00-04:00,L,24483.75,24395.0,24395.25,88.5,-179.5,-1.0141242937853108,SL,1,s1
2026-03-13 13:02:00-04:00,2026-03-13 13:02:00-04:00,2026-03-13 15:59:00-04:00,S,24395.0,24397.75,24475.75,80.75,-7.5,-0.04643962848297214,time,1,s3
2026-03-16 09:32:00-04:00,2026-03-16 09:32:00-04:00,2026-03-16 15:59:00-04:00,L,24685.5,24669.25,24522.25,163.25,-34.5,-0.10566615620214395,time,1,s2
2026-03-17 09:32:00-04:00,2026-03-17 09:32:00-04:00,2026-03-17 09:46:00-04:00,L,24840.25,24884.0,24728.25,112.0,85.5,0.38169642857142855,TP,1,s2
2026-03-18 09:38:00-04:00,2026-03-18 09:38:00-04:00,2026-03-18 10:03:00-04:00,L,24753.75,24698.0,24698.25,55.5,-113.5,-1.0225225225225225,SL,1,s1
2026-03-18 10:14:00-04:00,2026-03-18 10:14:00-04:00,2026-03-18 10:26:00-04:00,S,24674.25,24621.75,24745.25,71.0,103.0,0.7253521126760564,TP,1,s3
2026-03-20 09:50:00-04:00,2026-03-20 09:50:00-04:00,2026-03-20 13:34:00-04:00,S,24361.0,24203.5,24473.75,112.75,313.0,1.3880266075388026,TP,1,s3
2026-03-23 09:32:00-04:00,2026-03-23 09:32:00-04:00,2026-03-23 10:18:00-04:00,L,24465.5,24637.5,24257.25,208.25,342.0,0.8211284513805522,TP,1,s2
2026-03-24 09:41:00-04:00,2026-03-24 09:41:00-04:00,2026-03-24 10:51:00-04:00,S,24140.75,24293.25,24293.0,152.25,-307.0,-1.0082101806239738,SL,1,s3
2026-03-24 10:53:00-04:00,2026-03-24 10:53:00-04:00,2026-03-24 10:59:00-04:00,L,24313.75,24186.75,24187.0,126.75,-256.0,-1.009861932938856,SL,1,s1
2026-03-25 09:32:00-04:00,2026-03-25 09:32:00-04:00,2026-03-25 09:35:00-04:00,L,24460.75,24469.5,24287.5,173.25,15.5,0.044733044733044736,TP,1,s2
2026-03-26 09:32:00-04:00,2026-03-26 09:32:00-04:00,2026-03-26 09:33:00-04:00,S,24102.25,24102.75,24306.75,204.5,-3.0,-0.007334963325183374,TP,1,s3
2026-03-27 09:56:00-04:00,2026-03-27 09:56:00-04:00,2026-03-27 15:04:00-04:00,S,23495.25,23320.75,23659.0,163.75,347.0,1.0595419847328245,TP,1,s3
2026-03-30 09:38:00-04:00,2026-03-30 09:38:00-04:00,2026-03-30 13:27:00-04:00,S,23414.25,23200.25,23526.25,112.0,426.0,1.9017857142857142,TP,1,s4
2026-03-30 13:41:00-04:00,2026-03-30 13:41:00-04:00,2026-03-30 15:07:00-04:00,L,23207.75,23091.0,23091.25,116.5,-235.5,-1.0107296137339057,SL,1,s1
2026-03-31 09:35:00-04:00,2026-03-31 09:35:00-04:00,2026-03-31 12:39:00-04:00,L,23427.5,23651.75,23277.0,150.5,446.5,1.4833887043189369,TP,1,s2
2026-04-01 09:47:00-04:00,2026-04-01 09:47:00-04:00,2026-04-01 10:39:00-04:00,S,24065.25,24238.5,24238.25,173.0,-348.5,-1.0072254335260116,SL,1,s4
2026-04-01 10:53:00-04:00,2026-04-01 10:53:00-04:00,2026-04-01 15:59:00-04:00,L,24254.25,24199.5,24074.0,180.25,-111.5,-0.3092926490984743,time,1,s2
2026-04-02 09:32:00-04:00,2026-04-02 09:32:00-04:00,2026-04-02 09:33:00-04:00,S,23776.5,23777.0,24115.75,339.25,-3.0,-0.004421518054532056,TP,1,s3
2026-04-02 10:38:00-04:00,2026-04-02 10:38:00-04:00,2026-04-02 15:59:00-04:00,L,24156.25,24220.75,24031.5,124.75,127.0,0.5090180360721442,time,1,s1
2026-04-06 09:47:00-04:00,2026-04-06 09:47:00-04:00,2026-04-06 15:59:00-04:00,S,24371.0,24363.75,24545.5,174.5,12.5,0.03581661891117478,time,1,s4
2026-04-07 09:32:00-04:00,2026-04-07 09:32:00-04:00,2026-04-07 10:00:00-04:00,S,24219.25,24111.5,24294.75,75.5,213.5,1.413907284768212,TP,1,s3
2026-04-08 09:32:00-04:00,2026-04-08 09:32:00-04:00,2026-04-08 09:33:00-04:00,L,25152.75,25152.5,24490.0,662.75,-2.5,-0.001886080724254998,TP,1,s2
2026-04-09 10:20:00-04:00,2026-04-09 10:20:00-04:00,2026-04-09 11:48:00-04:00,L,24995.5,25168.75,24900.5,95.0,344.5,1.813157894736842,TP,1,s1
2026-04-09 11:50:00-04:00,2026-04-09 11:50:00-04:00,2026-04-09 12:03:00-04:00,S,25152.75,25258.75,25258.5,105.75,-214.0,-1.011820330969267,SL,1,s4
2026-04-10 09:35:00-04:00,2026-04-10 09:35:00-04:00,2026-04-10 15:59:00-04:00,S,25313.75,25284.25,25421.0,107.25,57.0,0.26573426573426573,time,1,s4
2026-04-13 09:44:00-04:00,2026-04-13 09:44:00-04:00,2026-04-13 09:49:00-04:00,S,25181.5,25237.25,25237.0,55.5,-113.5,-1.0225225225225225,SL,1,s3
2026-04-13 09:50:00-04:00,2026-04-13 09:50:00-04:00,2026-04-13 10:07:00-04:00,L,25291.75,25331.0,25189.5,102.25,76.5,0.3740831295843521,TP,1,s1
2026-04-13 10:08:00-04:00,2026-04-13 10:08:00-04:00,2026-04-13 12:29:00-04:00,S,25308.0,25378.75,25378.5,70.5,-143.5,-1.0177304964539007,SL,1,s4
2026-04-14 10:11:00-04:00,2026-04-14 10:11:00-04:00,2026-04-14 12:31:00-04:00,L,25756.25,25934.0,25645.25,111.0,353.5,1.5923423423423424,TP,1,s2
2026-04-15 10:17:00-04:00,2026-04-15 10:17:00-04:00,2026-04-15 11:21:00-04:00,S,26092.0,26192.25,26192.0,100.0,-202.5,-1.0125,SL,1,s4
2026-04-15 11:26:00-04:00,2026-04-15 11:26:00-04:00,2026-04-15 15:35:00-04:00,L,26195.25,26352.5,26096.25,99.0,312.5,1.5782828282828283,TP,1,s2
2026-04-16 11:14:00-04:00,2026-04-16 11:14:00-04:00,2026-04-16 15:59:00-04:00,S,26469.0,26484.25,26581.0,112.0,-32.5,-0.14508928571428573,time,1,s4
2026-04-17 09:32:00-04:00,2026-04-17 09:32:00-04:00,2026-04-17 10:10:00-04:00,L,26681.5,26773.25,26562.75,118.75,181.5,0.7642105263157895,TP,1,s2
2026-04-20 09:32:00-04:00,2026-04-20 09:32:00-04:00,2026-04-20 10:46:00-04:00,L,26767.5,26687.75,26688.0,79.5,-161.5,-1.0157232704402517,SL,1,s1
2026-04-20 10:53:00-04:00,2026-04-20 10:53:00-04:00,2026-04-20 11:07:00-04:00,S,26667.25,26572.25,26758.0,90.75,188.0,1.0358126721763086,TP,1,s3
2026-04-21 09:32:00-04:00,2026-04-21 09:32:00-04:00,2026-04-21 11:03:00-04:00,S,26751.25,26674.75,26886.75,135.5,151.0,0.5571955719557196,TP,1,s4
2026-04-21 11:05:00-04:00,2026-04-21 11:05:00-04:00,2026-04-21 13:20:00-04:00,L,26676.25,26603.5,26603.75,72.5,-147.5,-1.0172413793103448,SL,1,s1
2026-04-22 09:32:00-04:00,2026-04-22 09:32:00-04:00,2026-04-22 10:22:00-04:00,L,26838.0,26976.25,26733.5,104.5,274.5,1.313397129186603,TP,1,s2
2026-04-23 09:32:00-04:00,2026-04-23 09:32:00-04:00,2026-04-23 13:12:00-04:00,L,27004.0,26922.75,26923.0,81.0,-164.5,-1.0154320987654322,SL,1,s1
2026-04-23 13:17:00-04:00,2026-04-23 13:17:00-04:00,2026-04-23 13:41:00-04:00,S,26906.5,26792.0,27001.75,95.25,227.0,1.1916010498687664,TP,1,s3
2026-04-24 09:32:00-04:00,2026-04-24 09:32:00-04:00,2026-04-24 11:45:00-04:00,L,27206.75,27406.5,27057.0,149.75,397.5,1.327212020033389,TP,1,s2
2026-04-27 09:47:00-04:00,2026-04-27 09:47:00-04:00,2026-04-27 15:59:00-04:00,L,27346.5,27444.5,27250.25,96.25,194.0,1.0077922077922077,time,1,s1
2026-04-28 09:32:00-04:00,2026-04-28 09:32:00-04:00,2026-04-28 09:33:00-04:00,S,27137.25,27137.25,27402.5,265.25,-2.0,-0.003770028275212064,TP,1,s3
2026-04-29 09:56:00-04:00,2026-04-29 09:56:00-04:00,2026-04-29 10:36:00-04:00,S,27228.5,27304.25,27304.0,75.5,-153.5,-1.0165562913907285,SL,1,s4
2026-04-29 10:38:00-04:00,2026-04-29 10:38:00-04:00,2026-04-29 11:11:00-04:00,L,27305.25,27236.25,27236.5,68.75,-140.0,-1.018181818181818,SL,1,s2
2026-04-30 09:35:00-04:00,2026-04-30 09:35:00-04:00,2026-04-30 09:40:00-04:00,S,27331.75,27276.0,27452.5,120.75,109.5,0.453416149068323,TP,1,s4
2026-04-30 09:41:00-04:00,2026-04-30 09:41:00-04:00,2026-04-30 09:57:00-04:00,L,27278.5,27216.75,27217.0,61.5,-125.5,-1.0203252032520325,SL,1,s1
2026-04-30 10:08:00-04:00,2026-04-30 10:08:00-04:00,2026-04-30 10:32:00-04:00,S,27206.75,27276.25,27276.0,69.25,-141.0,-1.0180505415162455,SL,1,s3
2026-04-30 13:29:00-04:00,2026-04-30 13:29:00-04:00,2026-04-30 14:00:00-04:00,L,27462.5,27550.25,27393.5,69.0,173.5,1.2572463768115942,TP,1,s2
2026-05-01 09:32:00-04:00,2026-05-01 09:32:00-04:00,2026-05-01 09:55:00-04:00,S,27702.5,27832.5,27832.25,129.75,-262.0,-1.0096339113680155,SL,1,s4
2026-05-01 09:59:00-04:00,2026-05-01 09:59:00-04:00,2026-05-01 15:59:00-04:00,L,27871.5,27836.5,27705.0,166.5,-72.0,-0.21621621621621623,time,1,s2
2026-05-04 10:56:00-04:00,2026-05-04 10:56:00-04:00,2026-05-04 11:21:00-04:00,S,27910.5,27753.75,28003.25,92.75,311.5,1.679245283018868,TP,1,s4
2026-05-04 11:26:00-04:00,2026-05-04 11:26:00-04:00,2026-05-04 12:07:00-04:00,L,27778.25,27670.0,27670.25,108.0,-218.5,-1.0115740740740742,SL,1,s1
2026-05-04 12:08:00-04:00,2026-05-04 12:08:00-04:00,2026-05-04 13:06:00-04:00,S,27652.0,27754.0,27753.75,101.75,-206.0,-1.0122850122850122,SL,1,s3
2026-05-05 09:32:00-04:00,2026-05-05 09:32:00-04:00,2026-05-05 09:50:00-04:00,L,28006.5,28108.25,27869.5,137.0,201.5,0.7354014598540146,TP,1,s2
2026-05-06 09:32:00-04:00,2026-05-06 09:32:00-04:00,2026-05-06 09:33:00-04:00,L,28420.25,28419.5,28195.0,225.25,-3.5,-0.00776914539400666,TP,1,s2
2026-05-07 10:05:00-04:00,2026-05-07 10:05:00-04:00,2026-05-07 10:54:00-04:00,S,28817.0,28925.0,28924.75,107.75,-218.0,-1.011600928074246,SL,1,s4
2026-05-07 10:56:00-04:00,2026-05-07 10:56:00-04:00,2026-05-07 11:55:00-04:00,L,28932.75,28817.25,28817.5,115.25,-233.0,-1.0108459869848156,SL,1,s2
2026-05-07 13:29:00-04:00,2026-05-07 13:29:00-04:00,2026-05-07 15:59:00-04:00,L,28608.5,28684.25,28496.25,112.25,149.5,0.6659242761692651,time,1,s1
2026-05-08 09:32:00-04:00,2026-05-08 09:32:00-04:00,2026-05-08 09:52:00-04:00,L,28936.75,29077.75,28792.0,144.75,280.0,0.9671848013816926,TP,1,s2
2026-05-11 11:56:00-04:00,2026-05-11 11:56:00-04:00,2026-05-11 15:59:00-04:00,S,29464.5,29429.25,29602.0,137.5,68.5,0.24909090909090909,time,1,s4
2026-05-12 09:32:00-04:00,2026-05-12 09:32:00-04:00,2026-05-12 09:33:00-04:00,S,29183.0,29183.25,29365.0,182.0,-2.5,-0.006868131868131868,TP,1,s3
2026-05-13 11:05:00-04:00,2026-05-13 11:05:00-04:00,2026-05-13 13:05:00-04:00,S,29322.75,29479.5,29479.25,156.5,-315.5,-1.0079872204472844,SL,1,s4
2026-05-14 09:41:00-04:00,2026-05-14 09:41:00-04:00,2026-05-14 11:16:00-04:00,S,29606.5,29745.25,29745.0,138.5,-279.5,-1.0090252707581226,SL,1,s4
2026-05-14 11:20:00-04:00,2026-05-14 11:20:00-04:00,2026-05-14 13:19:00-04:00,L,29763.25,29610.0,29610.25,153.0,-308.5,-1.0081699346405228,SL,1,s2
2026-05-15 09:32:00-04:00,2026-05-15 09:32:00-04:00,2026-05-15 09:33:00-04:00,S,29247.25,29248.25,29596.0,348.75,-4.0,-0.005734767025089606,TP,1,s3
2026-05-18 09:32:00-04:00,2026-05-18 09:32:00-04:00,2026-05-18 10:06:00-04:00,S,29294.5,29121.75,29449.75,155.25,343.5,1.106280193236715,TP,1,s4
2026-05-18 10:08:00-04:00,2026-05-18 10:08:00-04:00,2026-05-18 10:35:00-04:00,L,29243.5,29012.0,29012.25,231.25,-465.0,-1.0054054054054054,SL,1,s1
2026-05-19 09:32:00-04:00,2026-05-19 09:32:00-04:00,2026-05-19 10:07:00-04:00,L,28972.25,28800.5,28800.75,171.5,-345.5,-1.0072886297376094,SL,1,s1
2026-05-19 10:08:00-04:00,2026-05-19 10:08:00-04:00,2026-05-19 12:32:00-04:00,S,28780.0,28950.5,28950.25,170.25,-343.0,-1.0073421439060206,SL,1,s3
2026-05-20 09:38:00-04:00,2026-05-20 09:38:00-04:00,2026-05-20 09:46:00-04:00,S,29038.25,29179.0,29178.75,140.5,-283.5,-1.008896797153025,SL,1,s4
2026-05-20 10:20:00-04:00,2026-05-20 10:20:00-04:00,2026-05-20 11:16:00-04:00,L,29197.25,29391.0,29051.0,146.25,385.5,1.317948717948718,TP,1,s2
2026-05-21 10:02:00-04:00,2026-05-21 10:02:00-04:00,2026-05-21 10:20:00-04:00,L,29319.0,29181.5,29181.75,137.25,-277.0,-1.0091074681238617,SL,1,s1
2026-05-21 13:50:00-04:00,2026-05-21 13:50:00-04:00,2026-05-21 15:59:00-04:00,S,29489.75,29446.0,29608.75,119.0,85.5,0.3592436974789916,time,1,s4
2026-05-22 09:38:00-04:00,2026-05-22 09:38:00-04:00,2026-05-22 10:00:00-04:00,L,29685.0,29562.75,29563.0,122.0,-246.5,-1.0102459016393444,SL,1,s2
2026-05-22 10:02:00-04:00,2026-05-22 10:02:00-04:00,2026-05-22 11:05:00-04:00,S,29556.75,29680.75,29680.5,123.75,-250.0,-1.0101010101010102,SL,1,s4
2026-05-25 09:32:00-04:00,2026-05-25 09:32:00-04:00,2026-05-25 09:33:00-04:00,L,29944.25,29943.75,29623.5,320.75,-3.0,-0.004676539360872954,TP,1,s2
2026-05-26 09:32:00-04:00,2026-05-26 09:32:00-04:00,2026-05-26 09:33:00-04:00,S,29881.0,29877.0,29939.5,58.5,6.0,0.05128205128205128,TP,1,s3
2026-05-26 09:47:00-04:00,2026-05-26 09:47:00-04:00,2026-05-26 09:53:00-04:00,L,29975.25,29915.25,29915.5,59.75,-122.0,-1.0209205020920502,SL,1,s1
2026-05-26 10:02:00-04:00,2026-05-26 10:02:00-04:00,2026-05-26 10:08:00-04:00,S,29982.0,30010.75,30010.5,28.5,-59.5,-1.043859649122807,SL,1,s4
2026-05-26 10:14:00-04:00,2026-05-26 10:14:00-04:00,2026-05-26 10:20:00-04:00,L,30028.75,30049.0,29986.5,42.25,38.5,0.4556213017751479,TP,1,s2
2026-05-27 09:32:00-04:00,2026-05-27 09:32:00-04:00,2026-05-27 09:43:00-04:00,S,30146.0,29999.0,30240.25,94.25,292.0,1.5490716180371353,TP,1,s4
2026-05-27 09:50:00-04:00,2026-05-27 09:50:00-04:00,2026-05-27 10:26:00-04:00,L,30042.0,29918.0,29918.25,123.75,-250.0,-1.0101010101010102,SL,1,s1
2026-05-28 09:41:00-04:00,2026-05-28 09:41:00-04:00,2026-05-28 10:12:00-04:00,L,29968.5,30134.25,29873.5,95.0,329.5,1.7342105263157894,TP,1,s1
2026-05-28 10:20:00-04:00,2026-05-28 10:20:00-04:00,2026-05-28 11:01:00-04:00,S,30124.75,30221.75,30221.5,96.75,-196.0,-1.0129198966408268,SL,1,s4
2026-05-28 11:02:00-04:00,2026-05-28 11:02:00-04:00,2026-05-28 15:59:00-04:00,L,30223.0,30305.75,30134.25,88.75,163.5,0.9211267605633803,time,1,s2
2026-05-29 09:32:00-04:00,2026-05-29 09:32:00-04:00,2026-05-29 15:59:00-04:00,S,30404.0,30397.5,30538.0,134.0,11.0,0.041044776119402986,time,1,s4
2026-06-01 09:32:00-04:00,2026-06-01 09:32:00-04:00,2026-06-01 11:17:00-04:00,L,30399.5,30470.25,30250.75,148.75,139.5,0.4689075630252101,TP,1,s1
2026-06-01 12:53:00-04:00,2026-06-01 12:53:00-04:00,2026-06-01 13:44:00-04:00,L,30562.75,30664.25,30470.25,92.5,201.0,1.0864864864864865,TP,1,s2
2026-06-02 09:38:00-04:00,2026-06-02 09:38:00-04:00,2026-06-02 11:35:00-04:00,L,30468.0,30680.25,30352.75,115.25,422.5,1.8329718004338396,TP,1,s1
2026-06-02 11:41:00-04:00,2026-06-02 11:41:00-04:00,2026-06-02 15:59:00-04:00,S,30675.5,30707.5,30789.75,114.25,-66.0,-0.2888402625820569,time,1,s4
2026-06-03 09:35:00-04:00,2026-06-03 09:35:00-04:00,2026-06-03 09:44:00-04:00,S,30679.75,30625.75,30870.5,190.75,106.0,0.2778505897771953,TP,1,s4
2026-06-03 10:02:00-04:00,2026-06-03 10:02:00-04:00,2026-06-03 12:25:00-04:00,L,30632.0,30543.75,30544.0,88.0,-178.5,-1.0142045454545454,SL,1,s1
2026-06-03 12:26:00-04:00,2026-06-03 12:26:00-04:00,2026-06-03 13:51:00-04:00,S,30543.25,30626.0,30625.75,82.5,-167.5,-1.0151515151515151,SL,1,s3
2026-06-04 09:32:00-04:00,2026-06-04 09:32:00-04:00,2026-06-04 09:33:00-04:00,S,30296.25,30297.5,30550.0,253.75,-4.5,-0.008866995073891626,TP,1,s3
2026-06-04 13:56:00-04:00,2026-06-04 13:56:00-04:00,2026-06-04 15:59:00-04:00,L,30555.5,30485.0,30464.0,91.5,-143.0,-0.7814207650273224,time,1,s1
2026-06-05 09:32:00-04:00,2026-06-05 09:32:00-04:00,2026-06-05 09:34:00-04:00,S,30081.5,30029.5,30361.25,279.75,102.0,0.18230563002680966,TP,1,s3
2026-06-08 10:53:00-04:00,2026-06-08 10:53:00-04:00,2026-06-08 15:59:00-04:00,L,29652.25,29452.25,29326.0,326.25,-402.0,-0.6160919540229886,time,1,s2
2026-06-09 09:32:00-04:00,2026-06-09 09:32:00-04:00,2026-06-09 10:10:00-04:00,L,29685.25,29565.25,29565.5,119.75,-242.0,-1.010438413361169,SL,1,s2
2026-06-09 10:11:00-04:00,2026-06-09 10:11:00-04:00,2026-06-09 10:43:00-04:00,S,29550.25,29339.5,29679.0,128.75,419.5,1.629126213592233,TP,1,s4
2026-06-09 10:47:00-04:00,2026-06-09 10:47:00-04:00,2026-06-09 11:24:00-04:00,S,29160.75,29039.25,29339.5,178.75,241.0,0.6741258741258741,TP,1,s3
2026-06-10 11:20:00-04:00,2026-06-10 11:20:00-04:00,2026-06-10 15:59:00-04:00,L,28758.5,28528.5,28225.0,533.5,-462.0,-0.4329896907216495,time,1,s1
2026-06-11 09:32:00-04:00,2026-06-11 09:32:00-04:00,2026-06-11 09:51:00-04:00,S,28698.25,28945.75,28945.5,247.25,-497.0,-1.0050556117290192,SL,1,s4
2026-06-11 09:53:00-04:00,2026-06-11 09:53:00-04:00,2026-06-11 10:55:00-04:00,L,28996.5,28736.75,28737.0,259.5,-521.5,-1.0048169556840076,SL,1,s2
2026-06-12 11:20:00-04:00,2026-06-12 11:20:00-04:00,2026-06-12 15:59:00-04:00,S,29709.75,29650.75,29987.75,278.0,116.0,0.20863309352517986,time,1,s4
2026-06-15 09:32:00-04:00,2026-06-15 09:32:00-04:00,2026-06-15 09:33:00-04:00,L,30388.75,30388.0,29795.5,593.25,-3.5,-0.0029498525073746312,TP,1,s2
2026-06-16 09:32:00-04:00,2026-06-16 09:32:00-04:00,2026-06-16 10:22:00-04:00,L,30484.5,30397.75,30398.0,86.5,-175.5,-1.0144508670520231,SL,1,s1
2026-06-16 10:23:00-04:00,2026-06-16 10:23:00-04:00,2026-06-16 10:59:00-04:00,S,30376.75,30257.25,30482.75,106.0,237.0,1.1179245283018868,TP,1,s3
2026-06-18 09:32:00-04:00,2026-06-18 09:32:00-04:00,2026-06-18 10:23:00-04:00,L,30574.75,30619.5,30166.5,408.25,87.5,0.10716472749540723,TP,1,s2
2026-06-22 09:32:00-04:00,2026-06-22 09:32:00-04:00,2026-06-22 09:33:00-04:00,L,30812.75,30811.75,30670.5,142.25,-4.0,-0.014059753954305799,TP,1,s2
2026-06-22 10:32:00-04:00,2026-06-22 10:32:00-04:00,2026-06-22 10:34:00-04:00,S,30663.5,30690.5,30690.25,26.75,-56.0,-1.0467289719626167,SL,1,s4
2026-06-22 10:47:00-04:00,2026-06-22 10:47:00-04:00,2026-06-22 10:51:00-04:00,L,30637.0,30611.5,30611.75,25.25,-53.0,-1.0495049504950495,SL,1,s1
2026-06-22 10:56:00-04:00,2026-06-22 10:56:00-04:00,2026-06-22 10:58:00-04:00,S,30594.0,30631.75,30631.5,37.5,-77.5,-1.0333333333333334,SL,1,s3
2026-06-23 09:32:00-04:00,2026-06-23 09:32:00-04:00,2026-06-23 09:33:00-04:00,S,29750.75,29750.5,30526.25,775.5,-1.5,-0.0009671179883945841,TP,1,s3
2026-06-24 09:38:00-04:00,2026-06-24 09:38:00-04:00,2026-06-24 13:16:00-04:00,S,29759.75,29521.75,29909.0,149.25,474.0,1.5879396984924623,TP,1,s4
2026-06-24 13:32:00-04:00,2026-06-24 13:32:00-04:00,2026-06-24 14:23:00-04:00,S,29391.25,29522.0,29521.75,130.5,-263.5,-1.0095785440613028,SL,1,s3
2026-06-25 09:32:00-04:00,2026-06-25 09:32:00-04:00,2026-06-25 09:46:00-04:00,L,30070.0,29690.5,29690.75,379.25,-761.0,-1.003295978905735,SL,1,s2
2026-06-25 09:47:00-04:00,2026-06-25 09:47:00-04:00,2026-06-25 09:55:00-04:00,S,29598.25,29336.75,29868.25,270.0,521.0,0.9648148148148148,TP,1,s4
2026-06-25 09:56:00-04:00,2026-06-25 09:56:00-04:00,2026-06-25 10:33:00-04:00,L,29397.25,29690.75,29159.25,238.0,585.0,1.2289915966386555,TP,1,s1
2026-06-26 09:41:00-04:00,2026-06-26 09:41:00-04:00,2026-06-26 10:00:00-04:00,S,29252.5,29501.75,29501.5,249.0,-500.5,-1.0050200803212852,SL,1,s3
2026-06-26 10:05:00-04:00,2026-06-26 10:05:00-04:00,2026-06-26 15:59:00-04:00,L,29527.5,29317.25,29253.25,274.25,-422.5,-0.7702825888787602,time,1,s1
2026-06-29 09:32:00-04:00,2026-06-29 09:32:00-04:00,2026-06-29 10:08:00-04:00,L,29721.75,29464.25,29464.5,257.25,-517.0,-1.0048590864917395,SL,1,s2
2026-06-29 10:11:00-04:00,2026-06-29 10:11:00-04:00,2026-06-29 10:33:00-04:00,S,29448.25,29612.25,29612.0,163.75,-330.0,-1.0076335877862594,SL,1,s4
2026-06-30 12:02:00-04:00,2026-06-30 12:02:00-04:00,2026-06-30 15:59:00-04:00,L,30484.5,30513.25,30264.75,219.75,55.5,0.12627986348122866,time,1,s2
2026-07-01 09:32:00-04:00,2026-07-01 09:32:00-04:00,2026-07-01 15:59:00-04:00,S,30175.25,30081.0,30358.0,182.75,186.5,0.5102599179206566,time,1,s3
2026-07-02 09:44:00-04:00,2026-07-02 09:44:00-04:00,2026-07-02 09:52:00-04:00,S,30126.0,30248.25,30248.0,122.0,-246.5,-1.0102459016393444,SL,1,s4
2026-07-02 09:59:00-04:00,2026-07-02 09:59:00-04:00,2026-07-02 10:10:00-04:00,L,30258.25,30164.0,30164.25,94.0,-190.5,-1.0132978723404256,SL,1,s2
2026-07-02 10:35:00-04:00,2026-07-02 10:35:00-04:00,2026-07-02 10:43:00-04:00,S,29902.0,29776.75,29997.25,95.25,248.5,1.304461942257218,TP,1,s3
2026-07-06 09:32:00-04:00,2026-07-06 09:32:00-04:00,2026-07-06 09:34:00-04:00,L,29908.75,29924.25,29862.25,46.5,29.0,0.3118279569892473,TP,1,s1
2026-07-06 09:35:00-04:00,2026-07-06 09:35:00-04:00,2026-07-06 09:36:00-04:00,S,29900.25,29883.25,29945.25,45.0,32.0,0.35555555555555557,TP,1,s4
2026-07-06 09:38:00-04:00,2026-07-06 09:38:00-04:00,2026-07-06 09:39:00-04:00,S,29818.25,29883.5,29883.25,65.0,-132.5,-1.0192307692307692,SL,1,s3
2026-07-06 09:50:00-04:00,2026-07-06 09:50:00-04:00,2026-07-06 09:51:00-04:00,L,29981.0,29981.25,29924.25,56.75,-1.5,-0.013215859030837005,TP,1,s2
2026-07-07 09:32:00-04:00,2026-07-07 09:32:00-04:00,2026-07-07 09:33:00-04:00,S,29606.5,29606.25,29864.25,257.75,-1.5,-0.002909796314258002,TP,1,s3
2026-07-08 09:32:00-04:00,2026-07-08 09:32:00-04:00,2026-07-08 11:14:00-04:00,L,29319.25,29132.75,29133.0,186.25,-375.0,-1.0067114093959733,SL,1,s1
2026-07-08 11:17:00-04:00,2026-07-08 11:17:00-04:00,2026-07-08 12:20:00-04:00,S,29104.25,29264.5,29264.25,160.0,-322.5,-1.0078125,SL,1,s3
2026-07-09 09:35:00-04:00,2026-07-09 09:35:00-04:00,2026-07-09 09:58:00-04:00,L,29808.75,29930.0,29585.25,223.5,240.5,0.5380313199105146,TP,1,s2
2026-07-10 09:32:00-04:00,2026-07-10 09:32:00-04:00,2026-07-10 10:33:00-04:00,L,29913.25,29739.25,29739.5,173.75,-350.0,-1.0071942446043165,SL,1,s1
2026-07-10 13:32:00-04:00,2026-07-10 13:32:00-04:00,2026-07-10 15:59:00-04:00,S,30047.75,30037.75,30157.0,109.25,18.0,0.08237986270022883,time,1,s4
2026-07-13 09:32:00-04:00,2026-07-13 09:32:00-04:00,2026-07-13 09:34:00-04:00,S,29711.5,29633.5,29927.75,216.25,154.0,0.3560693641618497,TP,1,s3
2026-07-14 09:32:00-04:00,2026-07-14 09:32:00-04:00,2026-07-14 11:04:00-04:00,L,29735.25,29825.25,29565.25,170.0,178.0,0.5235294117647059,TP,1,s2
2026-07-15 09:38:00-04:00,2026-07-15 09:38:00-04:00,2026-07-15 10:23:00-04:00,S,29873.75,29695.75,29967.0,93.25,354.0,1.8981233243967828,TP,1,s4
2026-07-15 10:41:00-04:00,2026-07-15 10:41:00-04:00,2026-07-15 12:22:00-04:00,S,29603.75,29455.0,29695.75,92.0,295.5,1.6059782608695652,TP,1,s3
2026-07-16 09:41:00-04:00,2026-07-16 09:41:00-04:00,2026-07-16 15:45:00-04:00,S,29350.0,29113.25,29541.0,191.0,471.5,1.2342931937172774,TP,1,s3
2026-07-17 09:32:00-04:00,2026-07-17 09:32:00-04:00,2026-07-17 09:33:00-04:00,S,28630.25,28629.75,29092.75,462.5,-1.0,-0.001081081081081081,TP,1,s3
2026-07-20 09:35:00-04:00,2026-07-20 09:35:00-04:00,2026-07-20 10:12:00-04:00,L,29130.25,28939.5,28939.75,190.5,-383.5,-1.0065616797900263,SL,1,s2
2026-07-20 10:20:00-04:00,2026-07-20 10:20:00-04:00,2026-07-20 12:11:00-04:00,S,28931.0,29116.0,29115.75,184.75,-372.0,-1.006765899864682,SL,1,s4
2026-07-21 09:32:00-04:00,2026-07-21 09:32:00-04:00,2026-07-21 09:36:00-04:00,L,29167.5,29210.75,28902.5,265.0,84.5,0.15943396226415094,TP,1,s2
2026-07-22 09:38:00-04:00,2026-07-22 09:38:00-04:00,2026-07-22 09:53:00-04:00,S,29121.5,29228.5,29228.25,106.75,-216.0,-1.0117096018735363,SL,1,s3
2026-07-22 09:56:00-04:00,2026-07-22 09:56:00-04:00,2026-07-22 15:59:00-04:00,L,29254.25,29160.75,29145.25,109.0,-189.0,-0.8669724770642202,time,1,s1
2026-07-23 09:32:00-04:00,2026-07-23 09:32:00-04:00,2026-07-23 09:33:00-04:00,S,28739.25,28740.25,29091.5,352.25,-4.0,-0.0056777856635912,TP,1,s3
2026-07-24 09:53:00-04:00,2026-07-24 09:53:00-04:00,2026-07-24 11:14:00-04:00,S,28351.75,28490.5,28490.25,138.5,-279.5,-1.0090252707581226,SL,1,s3
2026-07-27 09:32:00-04:00,2026-07-27 09:32:00-04:00,2026-07-27 09:57:00-04:00,L,28521.75,28398.0,28398.25,123.5,-249.5,-1.0101214574898785,SL,1,s2
2026-07-27 09:59:00-04:00,2026-07-27 09:59:00-04:00,2026-07-27 10:24:00-04:00,S,28346.75,28168.25,28513.75,167.0,355.0,1.062874251497006,TP,1,s4
2026-07-27 10:38:00-04:00,2026-07-27 10:38:00-04:00,2026-07-27 10:59:00-04:00,S,28038.75,28168.5,28168.25,129.5,-261.5,-1.0096525096525097,SL,1,s3
2026-07-28 09:38:00-04:00,2026-07-28 09:38:00-04:00,2026-07-28 11:26:00-04:00,S,27811.75,28006.75,28006.5,194.75,-392.0,-1.006418485237484,SL,1,s3
2026-07-28 11:38:00-04:00,2026-07-28 11:38:00-04:00,2026-07-28 15:59:00-04:00,L,28013.0,27919.25,27819.75,193.25,-189.5,-0.49029754204398446,time,1,s1
2026-07-29 10:05:00-04:00,2026-07-29 10:05:00-04:00,2026-07-29 10:13:00-04:00,L,27793.75,27657.0,27657.25,136.5,-275.5,-1.0091575091575091,SL,1,s1
2026-07-29 10:14:00-04:00,2026-07-29 10:14:00-04:00,2026-07-29 12:05:00-04:00,S,27648.0,27437.75,27788.5,140.5,418.5,1.48932384341637,TP,1,s3
2026-07-29 14:47:00-04:00,2026-07-29 14:47:00-04:00,2026-07-29 15:20:00-04:00,S,28025.0,27788.5,28181.75,156.75,471.0,1.5023923444976077,TP,1,s4
2026-07-30 09:32:00-04:00,2026-07-30 09:32:00-04:00,2026-07-30 09:51:00-04:00,L,27862.75,28119.25,27551.5,311.25,511.0,0.8208835341365461,TP,1,s2
2026-07-31 09:32:00-04:00,2026-07-31 09:32:00-04:00,2026-07-31 09:35:00-04:00,L,28664.75,28722.0,28363.25,301.5,112.5,0.1865671641791045,TP,1,s2
2026-07-31 09:50:00-04:00,2026-07-31 09:50:00-04:00,2026-07-31 10:16:00-04:00,S,28347.5,28096.75,28496.75,149.25,499.5,1.6733668341708543,TP,1,s4
2026-07-31 10:17:00-04:00,2026-07-31 10:17:00-04:00,2026-07-31 12:29:00-04:00,L,28136.75,28363.25,27963.25,173.5,451.0,1.2997118155619596,TP,1,s1
2026-08-03 10:05:00-04:00,2026-08-03 10:05:00-04:00,2026-08-03 10:51:00-04:00,S,28571.75,28758.75,28758.5,186.75,-376.0,-1.0066934404283803,SL,1,s4
2026-08-03 10:53:00-04:00,2026-08-03 10:53:00-04:00,2026-08-03 15:59:00-04:00,L,28795.75,28900.5,28580.5,215.25,207.5,0.4819976771196283,time,1,s2
2026-08-04 09:32:00-04:00,2026-08-04 09:32:00-04:00,2026-08-04 10:33:00-04:00,L,29335.5,29566.25,29080.0,255.5,459.5,0.8992172211350293,TP,1,s2
2026-08-06 09:32:00-04:00,2026-08-06 09:32:00-04:00,2026-08-06 09:45:00-04:00,S,29263.5,29475.0,29474.75,211.25,-425.0,-1.0059171597633136,SL,1,s3
2026-08-06 09:47:00-04:00,2026-08-06 09:47:00-04:00,2026-08-06 15:59:00-04:00,L,29513.75,29497.0,29342.5,171.25,-35.5,-0.10364963503649635,time,1,s1
2026-08-07 09:32:00-04:00,2026-08-07 09:32:00-04:00,2026-08-07 10:04:00-04:00,L,29774.25,29619.25,29619.5,154.75,-312.0,-1.0080775444264944,SL,1,s2
2026-08-07 10:11:00-04:00,2026-08-07 10:11:00-04:00,2026-08-07 10:23:00-04:00,S,29601.25,29742.5,29742.25,141.0,-284.5,-1.0088652482269505,SL,1,s4
2026-08-10 09:35:00-04:00,2026-08-10 09:35:00-04:00,2026-08-10 15:59:00-04:00,L,29782.5,29743.75,29670.5,112.0,-79.5,-0.3549107142857143,time,1,s1
2026-08-11 09:32:00-04:00,2026-08-11 09:32:00-04:00,2026-08-11 09:36:00-04:00,S,29761.0,29694.25,29843.75,82.75,131.5,0.7945619335347432,TP,1,s4
2026-08-11 09:38:00-04:00,2026-08-11 09:38:00-04:00,2026-08-11 09:46:00-04:00,L,29708.75,29644.0,29644.25,64.5,-131.5,-1.0193798449612403,SL,1,s1
2026-08-11 12:26:00-04:00,2026-08-11 12:26:00-04:00,2026-08-11 14:27:00-04:00,S,29636.25,29563.0,29694.25,58.0,144.5,1.2456896551724137,TP,1,s3
2026-08-12 09:32:00-04:00,2026-08-12 09:32:00-04:00,2026-08-12 09:48:00-04:00,L,29898.75,29945.75,29720.5,178.25,92.0,0.25806451612903225,TP,1,s2
2026-08-13 09:32:00-04:00,2026-08-13 09:32:00-04:00,2026-08-13 09:35:00-04:00,S,29880.0,29954.0,29953.75,73.75,-150.0,-1.0169491525423728,SL,1,s4
2026-08-14 12:17:00-04:00,2026-08-14 12:17:00-04:00,2026-08-14 15:59:00-04:00,L,30084.25,30144.25,29968.75,115.5,118.0,0.5108225108225108,time,1,s1
2026-08-17 09:32:00-04:00,2026-08-17 09:32:00-04:00,2026-08-17 11:06:00-04:00,S,30205.25,30285.5,30285.25,80.0,-162.5,-1.015625,SL,1,s4
2026-08-18 09:32:00-04:00,2026-08-18 09:32:00-04:00,2026-08-18 09:33:00-04:00,S,29665.0,29665.25,30030.5,365.5,-2.5,-0.003419972640218878,TP,1,s3
2026-08-19 09:32:00-04:00,2026-08-19 09:32:00-04:00,2026-08-19 09:35:00-04:00,L,29737.0,29656.25,29656.5,80.5,-163.5,-1.015527950310559,SL,1,s2
2026-08-19 09:38:00-04:00,2026-08-19 09:38:00-04:00,2026-08-19 09:48:00-04:00,S,29611.25,29516.0,29727.25,116.0,188.5,0.8125,TP,1,s4
2026-08-19 10:08:00-04:00,2026-08-19 10:08:00-04:00,2026-08-19 10:33:00-04:00,S,29444.25,29516.25,29516.0,71.75,-146.0,-1.0174216027874565,SL,1,s3
2026-08-19 10:35:00-04:00,2026-08-19 10:35:00-04:00,2026-08-19 12:18:00-04:00,L,29518.5,29656.5,29445.25,73.25,274.0,1.870307167235495,TP,1,s1
2026-08-20 09:35:00-04:00,2026-08-20 09:35:00-04:00,2026-08-20 09:52:00-04:00,L,29449.0,29320.0,29320.25,128.75,-260.0,-1.0097087378640777,SL,1,s1
2026-08-20 11:23:00-04:00,2026-08-20 11:23:00-04:00,2026-08-20 15:59:00-04:00,S,29316.25,29306.25,29421.25,105.0,18.0,0.08571428571428572,time,1,s3
2026-08-21 09:32:00-04:00,2026-08-21 09:32:00-04:00,2026-08-21 10:19:00-04:00,S,29376.25,29232.5,29453.5,77.25,285.5,1.8478964401294498,TP,1,s4
2026-08-21 10:20:00-04:00,2026-08-21 10:20:00-04:00,2026-08-21 11:31:00-04:00,L,29236.75,29379.5,29158.5,78.25,283.5,1.8115015974440896,TP,1,s1
2026-08-21 11:41:00-04:00,2026-08-21 11:41:00-04:00,2026-08-21 13:22:00-04:00,L,29466.75,29379.25,29379.5,87.25,-177.0,-1.0143266475644699,SL,1,s2
2026-08-24 09:32:00-04:00,2026-08-24 09:32:00-04:00,2026-08-24 09:33:00-04:00,S,29113.0,29113.0,29321.75,208.75,-2.0,-0.004790419161676647,TP,1,s3
2026-08-25 09:32:00-04:00,2026-08-25 09:32:00-04:00,2026-08-25 09:48:00-04:00,L,29349.0,29397.25,29181.0,168.0,94.5,0.28125,TP,1,s2
2026-08-26 09:32:00-04:00,2026-08-26 09:32:00-04:00,2026-08-26 15:01:00-04:00,L,29265.0,29344.5,29121.25,143.75,157.0,0.5460869565217391,TP,1,s1
2026-08-27 09:32:00-04:00,2026-08-27 09:32:00-04:00,2026-08-27 09:33:00-04:00,L,29485.75,29510.75,29355.5,130.25,48.0,0.18426103646833014,TP,1,s2
2026-08-28 09:38:00-04:00,2026-08-28 09:38:00-04:00,2026-08-28 10:12:00-04:00,L,29648.5,29537.25,29537.5,111.0,-224.5,-1.0112612612612613,SL,1,s1
2026-08-28 10:14:00-04:00,2026-08-28 10:14:00-04:00,2026-08-28 10:19:00-04:00,S,29534.5,29614.75,29614.5,80.0,-162.5,-1.015625,SL,1,s3
2026-08-28 10:50:00-04:00,2026-08-28 10:50:00-04:00,2026-08-28 11:51:00-04:00,S,29759.0,29614.75,29845.5,86.5,286.5,1.6560693641618498,TP,1,s4
2026-08-31 09:41:00-04:00,2026-08-31 09:41:00-04:00,2026-08-31 15:59:00-04:00,L,29411.0,29506.0,29290.0,121.0,188.0,0.7768595041322314,time,1,s1
2026-09-01 09:32:00-04:00,2026-09-01 09:32:00-04:00,2026-09-01 09:33:00-04:00,S,29095.0,29094.75,29455.75,360.75,-1.5,-0.002079002079002079,TP,1,s3
2026-09-02 09:38:00-04:00,2026-09-02 09:38:00-04:00,2026-09-02 15:59:00-04:00,L,29057.25,29189.75,28952.5,104.75,263.0,1.2553699284009547,time,1,s1
2026-09-03 09:32:00-04:00,2026-09-03 09:32:00-04:00,2026-09-03 09:39:00-04:00,S,29239.5,29297.25,29297.0,57.5,-117.5,-1.0217391304347827,SL,1,s4
2026-09-03 09:41:00-04:00,2026-09-03 09:41:00-04:00,2026-09-03 10:08:00-04:00,L,29353.75,29243.0,29243.25,110.5,-223.5,-1.01131221719457,SL,1,s2
2026-09-04 09:35:00-04:00,2026-09-04 09:35:00-04:00,2026-09-04 15:59:00-04:00,S,29633.0,29568.75,29743.0,110.0,126.5,0.575,time,1,s4
2026-09-07 09:35:00-04:00,2026-09-07 09:35:00-04:00,2026-09-07 12:49:00-04:00,S,29614.25,29603.75,29691.75,77.5,19.0,0.12258064516129032,time,1,s4
2026-09-08 09:32:00-04:00,2026-09-08 09:32:00-04:00,2026-09-08 09:33:00-04:00,S,29601.75,29581.75,29649.5,47.75,38.0,0.39790575916230364,TP,1,s4
2026-09-08 09:38:00-04:00,2026-09-08 09:38:00-04:00,2026-09-08 09:40:00-04:00,L,29607.5,29558.75,29559.0,48.5,-99.5,-1.0257731958762886,SL,1,s1
2026-09-08 09:41:00-04:00,2026-09-08 09:41:00-04:00,2026-09-08 09:42:00-04:00,S,29533.0,29522.0,29581.75,48.75,20.0,0.20512820512820512,TP,1,s3
2026-09-09 09:35:00-04:00,2026-09-09 09:35:00-04:00,2026-09-09 11:11:00-04:00,L,29487.25,29398.0,29398.25,89.0,-180.5,-1.0140449438202248,SL,1,s1
2026-09-10 09:32:00-04:00,2026-09-10 09:32:00-04:00,2026-09-10 09:33:00-04:00,S,29074.5,29075.0,29390.25,315.75,-3.0,-0.004750593824228029,TP,1,s3
2026-09-11 09:32:00-04:00,2026-09-11 09:32:00-04:00,2026-09-11 09:33:00-04:00,L,29368.5,29368.0,29198.0,170.5,-3.0,-0.008797653958944282,TP,1,s2
2026-09-14 09:32:00-04:00,2026-09-14 09:32:00-04:00,2026-09-14 09:33:00-04:00,S,28914.25,28916.5,29341.25,427.0,-6.5,-0.007611241217798595,TP,1,s3
2026-09-15 10:29:00-04:00,2026-09-15 10:29:00-04:00,2026-09-15 15:59:00-04:00,L,29036.0,28958.75,28917.5,118.5,-156.5,-0.6603375527426161,time,1,s1
2026-09-16 09:32:00-04:00,2026-09-16 09:32:00-04:00,2026-09-16 10:59:00-04:00,L,29094.75,29197.5,29024.5,70.25,203.5,1.4483985765124556,TP,1,s2
2026-09-16 14:53:00-04:00,2026-09-16 14:53:00-04:00,2026-09-16 15:10:00-04:00,S,29014.25,28893.5,29090.25,76.0,239.5,1.575657894736842,TP,1,s4
2026-09-18 09:50:00-04:00,2026-09-18 09:50:00-04:00,2026-09-18 12:23:00-04:00,S,29792.0,29693.25,29848.0,56.0,195.5,1.7455357142857142,TP,1,s4
2026-09-18 12:29:00-04:00,2026-09-18 12:29:00-04:00,2026-09-18 14:45:00-04:00,L,29700.75,29796.25,29641.5,59.25,189.0,1.5949367088607596,TP,1,s1
2026-09-21 09:32:00-04:00,2026-09-21 09:32:00-04:00,2026-09-21 09:33:00-04:00,L,30238.5,30238.25,29992.75,245.75,-2.5,-0.00508646998982706,TP,1,s2
2026-09-22 10:11:00-04:00,2026-09-22 10:11:00-04:00,2026-09-22 15:59:00-04:00,S,30954.75,31030.0,31139.25,184.5,-152.5,-0.4132791327913279,time,1,s4
2026-09-23 09:56:00-04:00,2026-09-23 09:56:00-04:00,2026-09-23 10:11:00-04:00,S,30839.25,30724.5,30946.5,107.25,227.5,1.0606060606060606,TP,1,s3
2026-09-24 09:32:00-04:00,2026-09-24 09:32:00-04:00,2026-09-24 12:16:00-04:00,S,30505.75,30667.5,30667.25,161.5,-325.5,-1.0077399380804954,SL,1,s3
2026-09-24 12:17:00-04:00,2026-09-24 12:17:00-04:00,2026-09-24 15:59:00-04:00,L,30711.75,30756.25,30564.5,147.25,87.0,0.29541595925297115,time,1,s1
2026-09-25 10:02:00-04:00,2026-09-25 10:02:00-04:00,2026-09-25 12:10:00-04:00,S,30840.25,30942.25,30942.0,101.75,-206.0,-1.0122850122850122,SL,1,s4
2026-09-28 09:32:00-04:00,2026-09-28 09:32:00-04:00,2026-09-28 09:36:00-04:00,S,30737.5,30621.0,30817.5,80.0,231.0,1.44375,TP,1,s3
2026-09-29 09:32:00-04:00,2026-09-29 09:32:00-04:00,2026-09-29 15:59:00-04:00,S,30666.25,30617.25,30788.75,122.5,96.0,0.39183673469387753,time,1,s4
2026-09-30 09:32:00-04:00,2026-09-30 09:32:00-04:00,2026-09-30 09:59:00-04:00,L,30759.0,30839.0,30677.75,81.25,158.0,0.9723076923076923,TP,1,s2
2026-10-01 09:38:00-04:00,2026-10-01 09:38:00-04:00,2026-10-01 09:42:00-04:00,L,30834.5,30754.5,30754.75,79.75,-162.0,-1.0156739811912225,SL,1,s2
2026-10-01 09:47:00-04:00,2026-10-01 09:47:00-04:00,2026-10-01 10:02:00-04:00,S,30723.75,30630.75,30817.25,93.5,184.0,0.983957219251337,TP,1,s4
2026-10-01 10:08:00-04:00,2026-10-01 10:08:00-04:00,2026-10-01 10:23:00-04:00,L,30676.0,30568.0,30568.25,107.75,-218.0,-1.011600928074246,SL,1,s1
2026-10-01 11:08:00-04:00,2026-10-01 11:08:00-04:00,2026-10-01 11:16:00-04:00,S,30558.5,30631.0,30630.75,72.25,-147.0,-1.0173010380622838,SL,1,s3
2026-10-02 09:32:00-04:00,2026-10-02 09:32:00-04:00,2026-10-02 09:34:00-04:00,L,31094.75,31128.25,30870.25,224.5,65.0,0.1447661469933185,TP,1,s2
2026-10-05 10:02:00-04:00,2026-10-05 10:02:00-04:00,2026-10-05 10:22:00-04:00,S,31142.75,31232.0,31231.75,89.0,-180.5,-1.0140449438202248,SL,1,s4
2026-10-05 10:26:00-04:00,2026-10-05 10:26:00-04:00,2026-10-05 15:18:00-04:00,L,31237.75,31365.0,31150.5,87.25,252.5,1.4469914040114613,TP,1,s2
2026-10-06 09:56:00-04:00,2026-10-06 09:56:00-04:00,2026-10-06 15:59:00-04:00,L,31535.0,31480.25,31428.0,107.0,-111.5,-0.5210280373831776,time,1,s2
2026-10-07 09:32:00-04:00,2026-10-07 09:32:00-04:00,2026-10-07 09:33:00-04:00,S,31253.75,31254.5,31437.0,183.25,-3.5,-0.009549795361527967,TP,1,s3
