sig_time,entry_time,exit_time,side,entry,exit,stop,risk_pts,pnl,R,reason,parts,tag
2019-06-21 09:35:00-04:00,2019-06-21 09:35:00-04:00,2019-06-21 10:43:00-04:00,L,7750.5,7770.75,7736.5,14.0,38.5,1.375,TP,1,L|swing
2019-06-21 10:44:00-04:00,2019-06-21 10:44:00-04:00,2019-06-21 12:19:00-04:00,L,7778.5,7752.5,7752.75,25.75,-54.0,-1.0485436893203883,SL,1,L|swing
2019-06-21 12:50:00-04:00,2019-06-21 12:50:00-04:00,2019-06-21 15:59:00-04:00,L,7766.25,7755.5,7751.0,15.25,-23.5,-0.7704918032786885,time,1,L|swing
2019-06-24 12:02:00-04:00,2019-06-24 12:02:00-04:00,2019-06-24 13:28:00-04:00,S,7769.25,7761.25,7775.25,6.0,14.0,1.1666666666666667,TP,1,S|swing
2019-06-25 12:14:00-04:00,2019-06-25 12:14:00-04:00,2019-06-25 12:16:00-04:00,S,7696.25,7692.75,7699.25,3.0,5.0,0.8333333333333334,TP,1,S|swing
2019-06-25 14:11:00-04:00,2019-06-25 14:11:00-04:00,2019-06-25 14:35:00-04:00,S,7657.25,7630.0,7676.0,18.75,52.5,1.4,TP,1,S|swing
2019-06-26 10:56:00-04:00,2019-06-26 10:56:00-04:00,2019-06-26 10:59:00-04:00,L,7683.0,7687.75,7679.25,3.75,7.5,1.0,TP,1,L|swing
2019-06-26 11:08:00-04:00,2019-06-26 11:08:00-04:00,2019-06-26 11:14:00-04:00,L,7687.25,7679.0,7679.25,8.0,-18.5,-1.15625,SL,1,L|swing
2019-06-26 11:29:00-04:00,2019-06-26 11:29:00-04:00,2019-06-26 13:27:00-04:00,L,7685.0,7669.5,7669.75,15.25,-33.0,-1.0819672131147542,SL,1,L|swing
2019-06-26 13:32:00-04:00,2019-06-26 13:32:00-04:00,2019-06-26 15:59:00-04:00,S,7662.75,7655.75,7680.0,17.25,12.0,0.34782608695652173,time,1,S|swing
2019-06-27 09:44:00-04:00,2019-06-27 09:44:00-04:00,2019-06-27 11:18:00-04:00,L,7689.0,7673.75,7674.0,15.0,-32.5,-1.0833333333333333,SL,1,L|swing
2019-06-27 11:20:00-04:00,2019-06-27 11:20:00-04:00,2019-06-27 12:33:00-04:00,S,7675.75,7695.0,7694.75,19.0,-40.5,-1.0657894736842106,SL,1,S|swing
2019-06-27 14:11:00-04:00,2019-06-27 14:11:00-04:00,2019-06-27 14:46:00-04:00,L,7694.5,7689.0,7689.25,5.25,-13.0,-1.2380952380952381,SL,1,L|swing
2019-06-28 10:41:00-04:00,2019-06-28 10:41:00-04:00,2019-06-28 10:46:00-04:00,S,7678.5,7682.0,7681.75,3.25,-9.0,-1.3846153846153846,SL,1,S|swing
2019-06-28 10:56:00-04:00,2019-06-28 10:56:00-04:00,2019-06-28 10:58:00-04:00,S,7678.5,7684.75,7684.5,6.0,-14.5,-1.2083333333333333,SL,1,S|swing
2019-06-28 11:14:00-04:00,2019-06-28 11:14:00-04:00,2019-06-28 11:27:00-04:00,S,7678.5,7685.25,7685.0,6.5,-15.5,-1.1923076923076923,SL,1,S|swing
2019-06-28 11:41:00-04:00,2019-06-28 11:41:00-04:00,2019-06-28 11:45:00-04:00,S,7685.25,7689.75,7689.5,4.25,-11.0,-1.2941176470588236,SL,1,S|swing
2019-06-28 11:47:00-04:00,2019-06-28 11:47:00-04:00,2019-06-28 11:56:00-04:00,S,7687.5,7690.0,7689.75,2.25,-7.0,-1.5555555555555556,SL,1,S|swing
2019-06-28 12:23:00-04:00,2019-06-28 12:23:00-04:00,2019-06-28 13:22:00-04:00,L,7705.0,7685.75,7686.0,19.0,-40.5,-1.0657894736842106,SL,1,L|swing
2019-07-01 11:02:00-04:00,2019-07-01 11:02:00-04:00,2019-07-01 12:22:00-04:00,S,7805.5,7791.75,7815.25,9.75,25.5,1.3076923076923077,TP,1,S|swing
2019-07-01 12:35:00-04:00,2019-07-01 12:35:00-04:00,2019-07-01 12:57:00-04:00,S,7789.0,7766.25,7804.75,15.75,43.5,1.380952380952381,TP,1,S|swing
2019-07-01 13:44:00-04:00,2019-07-01 13:44:00-04:00,2019-07-01 13:48:00-04:00,S,7774.5,7780.75,7780.5,6.0,-14.5,-1.2083333333333333,SL,1,S|swing
2019-07-01 14:08:00-04:00,2019-07-01 14:08:00-04:00,2019-07-01 15:19:00-04:00,S,7768.75,7781.75,7781.5,12.75,-28.0,-1.0980392156862746,SL,1,S|swing
2019-07-02 09:35:00-04:00,2019-07-02 09:35:00-04:00,2019-07-02 09:39:00-04:00,L,7783.0,7790.75,7777.25,5.75,13.5,1.173913043478261,TP,1,L|swing
2019-07-02 10:29:00-04:00,2019-07-02 10:29:00-04:00,2019-07-02 11:39:00-04:00,L,7798.75,7781.0,7781.25,17.5,-37.5,-1.0714285714285714,SL,1,L|swing
2019-07-02 13:29:00-04:00,2019-07-02 13:29:00-04:00,2019-07-02 15:34:00-04:00,L,7788.25,7811.25,7772.25,16.0,44.0,1.375,TP,1,L|swing
2019-07-03 09:38:00-04:00,2019-07-03 09:38:00-04:00,2019-07-03 10:19:00-04:00,S,7842.5,7854.5,7854.25,11.75,-26.0,-1.1063829787234043,SL,1,S|swing
2019-07-03 11:35:00-04:00,2019-07-03 11:35:00-04:00,2019-07-03 12:59:00-04:00,L,7866.25,7881.75,7855.25,11.0,29.0,1.3181818181818181,TP,1,L|swing
2019-07-04 09:41:00-04:00,2019-07-04 09:41:00-04:00,2019-07-04 10:06:00-04:00,L,7900.0,7894.75,7895.0,5.0,-12.5,-1.25,SL,1,L|swing
2019-07-04 11:17:00-04:00,2019-07-04 11:17:00-04:00,2019-07-04 12:49:00-04:00,L,7904.75,7902.75,7895.75,9.0,-6.0,-0.3333333333333333,time,1,L|swing
2019-07-05 09:56:00-04:00,2019-07-05 09:56:00-04:00,2019-07-05 12:25:00-04:00,S,7817.0,7841.75,7841.5,24.5,-51.5,-1.0510204081632653,SL,1,S|swing
2019-07-05 12:59:00-04:00,2019-07-05 12:59:00-04:00,2019-07-05 13:11:00-04:00,S,7844.25,7850.0,7849.75,5.5,-13.5,-1.2272727272727273,SL,1,S|swing
2019-07-08 11:08:00-04:00,2019-07-08 11:08:00-04:00,2019-07-08 11:12:00-04:00,S,7801.5,7805.5,7805.25,3.75,-10.0,-1.3333333333333333,SL,1,S|swing
2019-07-08 11:14:00-04:00,2019-07-08 11:14:00-04:00,2019-07-08 11:19:00-04:00,S,7807.5,7804.75,7810.0,2.5,3.5,0.7,TP,1,S|swing
2019-07-08 11:35:00-04:00,2019-07-08 11:35:00-04:00,2019-07-08 15:14:00-04:00,S,7795.25,7810.25,7810.0,14.75,-32.0,-1.0847457627118644,SL,1,S|swing
2019-07-09 11:41:00-04:00,2019-07-09 11:41:00-04:00,2019-07-09 11:55:00-04:00,L,7823.0,7829.25,7818.25,4.75,10.5,1.105263157894737,TP,1,L|swing
2019-07-09 12:11:00-04:00,2019-07-09 12:11:00-04:00,2019-07-09 15:53:00-04:00,L,7835.0,7856.75,7820.0,15.0,41.5,1.3833333333333333,TP,1,L|swing
2019-07-10 10:44:00-04:00,2019-07-10 10:44:00-04:00,2019-07-10 10:59:00-04:00,L,7924.0,7907.5,7907.75,16.25,-35.0,-1.0769230769230769,SL,1,L|swing
2019-07-10 11:32:00-04:00,2019-07-10 11:32:00-04:00,2019-07-10 13:32:00-04:00,L,7900.5,7928.5,7881.25,19.25,54.0,1.4025974025974026,TP,1,L|swing
2019-07-10 14:56:00-04:00,2019-07-10 14:56:00-04:00,2019-07-10 15:55:00-04:00,L,7914.0,7929.75,7903.0,11.0,29.5,1.3409090909090908,TP,1,L|swing
2019-07-11 09:47:00-04:00,2019-07-11 09:47:00-04:00,2019-07-11 10:00:00-04:00,S,7938.5,7950.0,7949.75,11.25,-25.0,-1.1111111111111112,SL,1,S|swing
2019-07-11 12:41:00-04:00,2019-07-11 12:41:00-04:00,2019-07-11 13:06:00-04:00,L,7950.5,7942.0,7942.25,8.25,-19.0,-1.1515151515151516,SL,1,L|swing
2019-07-11 13:17:00-04:00,2019-07-11 13:17:00-04:00,2019-07-11 13:35:00-04:00,S,7938.25,7918.25,7952.25,14.0,38.0,1.3571428571428572,TP,1,S|swing
2019-07-11 14:56:00-04:00,2019-07-11 14:56:00-04:00,2019-07-11 15:05:00-04:00,S,7912.5,7917.0,7916.75,4.25,-11.0,-1.2941176470588236,SL,1,S|swing
2019-07-12 10:14:00-04:00,2019-07-12 10:14:00-04:00,2019-07-12 10:16:00-04:00,L,7937.5,7932.75,7933.0,4.5,-11.5,-1.2777777777777777,SL,1,L|swing
2019-07-12 10:17:00-04:00,2019-07-12 10:17:00-04:00,2019-07-12 12:01:00-04:00,S,7933.75,7950.25,7950.0,16.25,-35.0,-1.0769230769230769,SL,1,S|swing
2019-07-12 12:38:00-04:00,2019-07-12 12:38:00-04:00,2019-07-12 13:01:00-04:00,L,7951.25,7958.25,7946.0,5.25,12.0,1.1428571428571428,TP,1,L|swing
2019-07-12 13:29:00-04:00,2019-07-12 13:29:00-04:00,2019-07-12 13:38:00-04:00,L,7954.0,7948.25,7948.5,5.5,-13.5,-1.2272727272727273,SL,1,L|swing
2019-07-12 14:08:00-04:00,2019-07-12 14:08:00-04:00,2019-07-12 15:39:00-04:00,L,7950.5,7957.5,7945.25,5.25,12.0,1.1428571428571428,TP,1,L|swing
2019-07-15 10:17:00-04:00,2019-07-15 10:17:00-04:00,2019-07-15 14:20:00-04:00,L,7970.5,7983.75,7961.0,9.5,24.5,1.2894736842105263,TP,1,L|swing
2019-07-15 14:44:00-04:00,2019-07-15 14:44:00-04:00,2019-07-15 15:00:00-04:00,L,7981.0,7984.75,7978.0,3.0,5.5,0.9166666666666666,TP,1,L|swing
2019-07-16 09:53:00-04:00,2019-07-16 09:53:00-04:00,2019-07-16 10:18:00-04:00,S,7980.5,7969.75,7988.25,7.75,19.5,1.2580645161290323,TP,1,S|swing
2019-07-16 10:35:00-04:00,2019-07-16 10:35:00-04:00,2019-07-16 10:44:00-04:00,S,7977.75,7982.25,7982.0,4.25,-11.0,-1.2941176470588236,SL,1,S|swing
2019-07-16 12:05:00-04:00,2019-07-16 12:05:00-04:00,2019-07-16 12:10:00-04:00,S,7957.25,7937.75,7970.75,13.5,37.0,1.3703703703703705,TP,1,S|swing
2019-07-16 12:38:00-04:00,2019-07-16 12:38:00-04:00,2019-07-16 12:40:00-04:00,S,7942.5,7947.25,7947.0,4.5,-11.5,-1.2777777777777777,SL,1,S|swing
2019-07-16 12:56:00-04:00,2019-07-16 12:56:00-04:00,2019-07-16 13:00:00-04:00,S,7945.0,7953.0,7952.75,7.75,-18.0,-1.1612903225806452,SL,1,S|swing
2019-07-16 13:26:00-04:00,2019-07-16 13:26:00-04:00,2019-07-16 13:38:00-04:00,S,7962.25,7957.25,7966.25,4.0,8.0,1.0,TP,1,S|swing
2019-07-17 09:38:00-04:00,2019-07-17 09:38:00-04:00,2019-07-17 10:16:00-04:00,L,7953.75,7941.0,7941.25,12.5,-27.5,-1.1,SL,1,L|swing
2019-07-17 10:53:00-04:00,2019-07-17 10:53:00-04:00,2019-07-17 15:59:00-04:00,S,7923.75,7909.25,7949.25,25.5,27.0,0.5294117647058824,time,1,S|swing
2019-07-18 13:26:00-04:00,2019-07-18 13:26:00-04:00,2019-07-18 14:10:00-04:00,L,7872.25,7888.25,7861.0,11.25,30.0,1.3333333333333333,TP,1,L|swing
2019-07-19 11:32:00-04:00,2019-07-19 11:32:00-04:00,2019-07-19 11:40:00-04:00,S,7931.25,7911.5,7945.0,13.75,37.5,1.3636363636363635,TP,1,S|swing
2019-07-19 13:02:00-04:00,2019-07-19 13:02:00-04:00,2019-07-19 13:39:00-04:00,S,7926.0,7910.0,7937.25,11.25,30.0,1.3333333333333333,TP,1,S|swing
2019-07-19 14:17:00-04:00,2019-07-19 14:17:00-04:00,2019-07-19 15:59:00-04:00,S,7896.0,7851.75,7926.0,30.0,86.5,1.4416666666666667,TP,1,S|swing
2019-07-22 09:38:00-04:00,2019-07-22 09:38:00-04:00,2019-07-22 10:00:00-04:00,L,7888.0,7916.75,7868.25,19.75,55.5,1.4050632911392404,TP,1,L|swing
2019-07-22 11:14:00-04:00,2019-07-22 11:14:00-04:00,2019-07-22 11:18:00-04:00,L,7897.5,7888.5,7888.75,8.75,-20.0,-1.1428571428571428,SL,1,L|swing
2019-07-23 10:53:00-04:00,2019-07-23 10:53:00-04:00,2019-07-23 10:56:00-04:00,S,7935.75,7939.0,7938.75,3.0,-8.5,-1.4166666666666667,SL,1,S|swing
2019-07-23 11:02:00-04:00,2019-07-23 11:02:00-04:00,2019-07-23 12:03:00-04:00,S,7932.0,7913.0,7945.25,13.25,36.0,1.3584905660377358,TP,1,S|swing
2019-07-23 12:17:00-04:00,2019-07-23 12:17:00-04:00,2019-07-23 12:23:00-04:00,S,7919.5,7926.75,7926.5,7.0,-16.5,-1.1785714285714286,SL,1,S|swing
2019-07-23 13:53:00-04:00,2019-07-23 13:53:00-04:00,2019-07-23 15:59:00-04:00,L,7951.5,7970.0,7929.0,22.5,35.0,0.7777777777777778,time,1,L|swing
2019-07-24 10:56:00-04:00,2019-07-24 10:56:00-04:00,2019-07-24 11:02:00-04:00,L,7977.75,7971.5,7971.75,6.0,-14.5,-1.2083333333333333,SL,1,L|swing
2019-07-24 11:11:00-04:00,2019-07-24 11:11:00-04:00,2019-07-24 12:42:00-04:00,L,7979.0,7992.75,7969.25,9.75,25.5,1.3076923076923077,TP,1,L|swing
2019-07-24 13:14:00-04:00,2019-07-24 13:14:00-04:00,2019-07-24 13:35:00-04:00,L,7990.0,7986.5,7986.75,3.25,-9.0,-1.3846153846153846,SL,1,L|swing
2019-07-24 14:02:00-04:00,2019-07-24 14:02:00-04:00,2019-07-24 15:10:00-04:00,L,7995.0,8014.0,7981.75,13.25,36.0,1.3584905660377358,TP,1,L|swing
2019-07-25 11:20:00-04:00,2019-07-25 11:20:00-04:00,2019-07-25 15:59:00-04:00,S,7964.0,7946.75,7986.0,22.0,32.5,0.7386363636363636,time,1,S|swing
2019-07-26 10:32:00-04:00,2019-07-26 10:32:00-04:00,2019-07-26 11:57:00-04:00,S,8009.0,8031.0,8030.75,21.75,-46.0,-1.0574712643678161,SL,1,S|swing
2019-07-26 14:47:00-04:00,2019-07-26 14:47:00-04:00,2019-07-26 15:59:00-04:00,L,8033.25,8028.0,8025.25,8.0,-12.5,-0.78125,time,1,L|swing
2019-07-29 12:17:00-04:00,2019-07-29 12:17:00-04:00,2019-07-29 12:57:00-04:00,S,7975.5,7992.0,7991.75,16.25,-35.0,-1.0769230769230769,SL,1,S|swing
2019-07-29 13:59:00-04:00,2019-07-29 13:59:00-04:00,2019-07-29 14:51:00-04:00,S,7992.0,8000.5,8000.25,8.25,-19.0,-1.1515151515151516,SL,1,S|swing
2019-07-29 14:53:00-04:00,2019-07-29 14:53:00-04:00,2019-07-29 15:59:00-04:00,L,8003.5,8002.0,7992.0,11.5,-5.0,-0.21739130434782608,time,1,L|swing
2019-07-30 10:44:00-04:00,2019-07-30 10:44:00-04:00,2019-07-30 11:08:00-04:00,S,7959.5,7973.5,7973.25,13.75,-30.0,-1.0909090909090908,SL,1,S|swing
2019-07-30 11:26:00-04:00,2019-07-30 11:26:00-04:00,2019-07-30 11:32:00-04:00,S,7968.75,7975.75,7975.5,6.75,-16.0,-1.1851851851851851,SL,1,S|swing
2019-07-30 11:38:00-04:00,2019-07-30 11:38:00-04:00,2019-07-30 11:47:00-04:00,L,7972.25,7965.5,7965.75,6.5,-15.5,-1.1923076923076923,SL,1,L|swing
2019-07-30 11:53:00-04:00,2019-07-30 11:53:00-04:00,2019-07-30 14:00:00-04:00,S,7960.5,7978.0,7977.75,17.25,-37.0,-1.0724637681159421,SL,1,S|swing
2019-07-31 12:05:00-04:00,2019-07-31 12:05:00-04:00,2019-07-31 12:23:00-04:00,S,7983.5,7977.25,7988.25,4.75,10.5,1.105263157894737,TP,1,S|swing
2019-07-31 13:05:00-04:00,2019-07-31 13:05:00-04:00,2019-07-31 13:06:00-04:00,S,7977.5,7979.75,7979.5,2.0,-6.5,-1.625,SL,1,S|swing
2019-07-31 13:53:00-04:00,2019-07-31 13:53:00-04:00,2019-07-31 13:59:00-04:00,S,7966.75,7978.0,7977.75,11.0,-24.5,-1.1136363636363635,SL,1,S|swing
2019-07-31 14:23:00-04:00,2019-07-31 14:23:00-04:00,2019-07-31 14:38:00-04:00,S,7959.5,7927.75,7981.25,21.75,61.5,1.4137931034482758,TP,1,S|swing
2019-08-01 12:14:00-04:00,2019-08-01 12:14:00-04:00,2019-08-01 12:17:00-04:00,L,7996.5,7992.25,7992.5,4.0,-10.5,-1.3125,SL,1,L|swing
2019-08-01 12:56:00-04:00,2019-08-01 12:56:00-04:00,2019-08-01 13:04:00-04:00,L,7994.25,7998.25,7991.0,3.25,6.0,0.9230769230769231,TP,1,L|swing
2019-08-02 11:26:00-04:00,2019-08-02 11:26:00-04:00,2019-08-02 11:52:00-04:00,S,7683.25,7658.75,7700.25,17.0,47.0,1.3823529411764706,TP,1,S|swing
2019-08-02 12:08:00-04:00,2019-08-02 12:08:00-04:00,2019-08-02 12:09:00-04:00,S,7685.0,7687.75,7687.5,2.5,-7.5,-1.5,SL,1,S|swing
2019-08-02 13:08:00-04:00,2019-08-02 13:08:00-04:00,2019-08-02 15:26:00-04:00,S,7660.25,7700.25,7700.0,39.75,-82.0,-1.0314465408805031,SL,1,S|swing
2019-08-05 11:11:00-04:00,2019-08-05 11:11:00-04:00,2019-08-05 11:12:00-04:00,S,7500.0,7504.0,7503.75,3.75,-10.0,-1.3333333333333333,SL,1,S|swing
2019-08-05 11:17:00-04:00,2019-08-05 11:17:00-04:00,2019-08-05 11:26:00-04:00,S,7500.0,7481.75,7512.75,12.75,34.5,1.3529411764705883,TP,1,S|swing
2019-08-05 12:02:00-04:00,2019-08-05 12:02:00-04:00,2019-08-05 14:01:00-04:00,S,7454.25,7407.75,7485.75,31.5,91.0,1.4444444444444444,TP,1,S|swing
2019-08-06 11:29:00-04:00,2019-08-06 11:29:00-04:00,2019-08-06 11:33:00-04:00,L,7469.25,7448.75,7449.0,20.25,-43.0,-1.0617283950617284,SL,1,L|swing
2019-08-06 11:56:00-04:00,2019-08-06 11:56:00-04:00,2019-08-06 13:50:00-04:00,L,7467.5,7512.25,7437.0,30.5,87.5,1.4344262295081966,TP,1,L|swing
2019-08-07 09:47:00-04:00,2019-08-07 09:47:00-04:00,2019-08-07 10:10:00-04:00,S,7398.0,7463.75,7463.5,65.5,-133.5,-1.0190839694656488,SL,1,S|swing
2019-08-07 12:44:00-04:00,2019-08-07 12:44:00-04:00,2019-08-07 13:07:00-04:00,S,7490.0,7499.0,7498.75,8.75,-20.0,-1.1428571428571428,SL,1,S|swing
2019-08-08 09:38:00-04:00,2019-08-08 09:38:00-04:00,2019-08-08 09:42:00-04:00,L,7601.75,7584.25,7584.5,17.25,-37.0,-1.0724637681159421,SL,1,L|swing
2019-08-08 09:47:00-04:00,2019-08-08 09:47:00-04:00,2019-08-08 09:51:00-04:00,L,7599.0,7583.0,7583.25,15.75,-34.0,-1.0793650793650793,SL,1,L|swing
2019-08-08 09:53:00-04:00,2019-08-08 09:53:00-04:00,2019-08-08 10:36:00-04:00,L,7606.25,7648.25,7577.75,28.5,82.0,1.4385964912280702,TP,1,L|swing
2019-08-08 14:20:00-04:00,2019-08-08 14:20:00-04:00,2019-08-08 14:42:00-04:00,L,7697.0,7710.75,7687.25,9.75,25.5,1.3076923076923077,TP,1,L|swing
2019-08-09 09:50:00-04:00,2019-08-09 09:50:00-04:00,2019-08-09 15:59:00-04:00,S,7665.25,7656.5,7720.25,55.0,15.5,0.1409090909090909,time,1,S|swing
2019-08-12 12:41:00-04:00,2019-08-12 12:41:00-04:00,2019-08-12 14:01:00-04:00,S,7613.25,7583.0,7634.0,20.75,58.5,1.4096385542168675,TP,1,S|swing
2019-08-12 14:05:00-04:00,2019-08-12 14:05:00-04:00,2019-08-12 14:41:00-04:00,S,7584.0,7553.75,7604.75,20.75,58.5,1.4096385542168675,TP,1,S|swing
2019-08-13 11:47:00-04:00,2019-08-13 11:47:00-04:00,2019-08-13 15:59:00-04:00,L,7732.75,7738.25,7693.75,39.0,9.0,0.11538461538461539,time,1,L|swing
2019-08-14 10:05:00-04:00,2019-08-14 10:05:00-04:00,2019-08-14 11:48:00-04:00,S,7589.0,7521.75,7634.5,45.5,132.5,1.456043956043956,TP,1,S|swing
2019-08-14 12:20:00-04:00,2019-08-14 12:20:00-04:00,2019-08-14 13:27:00-04:00,S,7517.75,7539.5,7539.25,21.5,-45.5,-1.058139534883721,SL,1,S|swing
2019-08-14 13:29:00-04:00,2019-08-14 13:29:00-04:00,2019-08-14 13:38:00-04:00,S,7528.5,7545.25,7545.0,16.5,-35.5,-1.0757575757575757,SL,1,S|swing
2019-08-14 14:23:00-04:00,2019-08-14 14:23:00-04:00,2019-08-14 15:04:00-04:00,S,7520.5,7540.75,7540.5,20.0,-42.5,-1.0625,SL,1,S|swing
2019-08-15 10:35:00-04:00,2019-08-15 10:35:00-04:00,2019-08-15 11:04:00-04:00,L,7508.25,7484.75,7485.0,23.25,-49.0,-1.053763440860215,SL,1,L|swing
2019-08-15 11:08:00-04:00,2019-08-15 11:08:00-04:00,2019-08-15 12:04:00-04:00,S,7470.5,7516.25,7516.0,45.5,-93.5,-1.0274725274725274,SL,1,S|swing
2019-08-15 12:47:00-04:00,2019-08-15 12:47:00-04:00,2019-08-15 13:48:00-04:00,S,7494.25,7462.5,7516.0,21.75,61.5,1.4137931034482758,TP,1,S|swing
2019-08-16 09:53:00-04:00,2019-08-16 09:53:00-04:00,2019-08-16 11:00:00-04:00,L,7579.0,7629.25,7545.0,34.0,98.5,1.4485294117647058,TP,1,L|swing
2019-08-16 12:26:00-04:00,2019-08-16 12:26:00-04:00,2019-08-16 15:59:00-04:00,L,7608.0,7612.25,7593.0,15.0,6.5,0.21666666666666667,time,1,L|swing
2019-08-19 09:59:00-04:00,2019-08-19 09:59:00-04:00,2019-08-19 10:01:00-04:00,L,7721.0,7713.25,7713.5,7.5,-17.5,-1.1666666666666667,SL,1,L|swing
2019-08-19 10:50:00-04:00,2019-08-19 10:50:00-04:00,2019-08-19 13:20:00-04:00,L,7719.5,7747.25,7700.5,19.0,53.5,1.4078947368421053,TP,1,L|swing
2019-08-20 10:14:00-04:00,2019-08-20 10:14:00-04:00,2019-08-20 10:18:00-04:00,S,7708.0,7712.25,7712.0,4.0,-10.5,-1.3125,SL,1,S|swing
2019-08-20 12:02:00-04:00,2019-08-20 12:02:00-04:00,2019-08-20 12:20:00-04:00,S,7724.0,7729.75,7729.5,5.5,-13.5,-1.2272727272727273,SL,1,S|swing
2019-08-20 13:17:00-04:00,2019-08-20 13:17:00-04:00,2019-08-20 13:35:00-04:00,S,7716.0,7703.25,7725.0,9.0,23.5,1.3055555555555556,TP,1,S|swing
2019-08-20 14:44:00-04:00,2019-08-20 14:44:00-04:00,2019-08-20 15:59:00-04:00,S,7690.75,7676.25,7701.0,10.25,27.0,1.3170731707317074,TP,1,S|swing
2019-08-21 09:35:00-04:00,2019-08-21 09:35:00-04:00,2019-08-21 09:40:00-04:00,L,7739.5,7752.5,7730.25,9.25,24.0,1.2972972972972974,TP,1,L|swing
2019-08-21 10:17:00-04:00,2019-08-21 10:17:00-04:00,2019-08-21 10:35:00-04:00,L,7751.25,7743.0,7743.25,8.0,-18.5,-1.15625,SL,1,L|swing
2019-08-21 11:05:00-04:00,2019-08-21 11:05:00-04:00,2019-08-21 13:42:00-04:00,L,7754.0,7737.5,7737.75,16.25,-35.0,-1.0769230769230769,SL,1,L|swing
2019-08-22 11:41:00-04:00,2019-08-22 11:41:00-04:00,2019-08-22 11:45:00-04:00,S,7696.25,7688.75,7701.75,5.5,13.0,1.1818181818181819,TP,1,S|swing
2019-08-22 11:50:00-04:00,2019-08-22 11:50:00-04:00,2019-08-22 12:07:00-04:00,S,7684.75,7702.0,7701.75,17.0,-36.5,-1.0735294117647058,SL,1,S|swing
2019-08-22 12:56:00-04:00,2019-08-22 12:56:00-04:00,2019-08-22 13:13:00-04:00,S,7704.25,7712.25,7712.0,7.75,-18.0,-1.1612903225806452,SL,1,S|swing
2019-08-22 14:11:00-04:00,2019-08-22 14:11:00-04:00,2019-08-22 14:45:00-04:00,S,7716.5,7730.75,7730.5,14.0,-30.5,-1.0892857142857142,SL,1,S|swing
2019-08-22 14:56:00-04:00,2019-08-22 14:56:00-04:00,2019-08-22 15:59:00-04:00,L,7731.5,7711.5,7711.75,19.75,-42.0,-1.0632911392405062,SL,1,L|swing
2019-08-23 10:08:00-04:00,2019-08-23 10:08:00-04:00,2019-08-23 10:10:00-04:00,S,7678.25,7650.75,7697.25,19.0,53.0,1.394736842105263,TP,1,S|swing
2019-08-23 11:02:00-04:00,2019-08-23 11:02:00-04:00,2019-08-23 14:43:00-04:00,S,7633.25,7485.75,7732.25,99.0,293.0,1.47979797979798,TP,1,S|swing
2019-08-26 09:35:00-04:00,2019-08-26 09:35:00-04:00,2019-08-26 09:37:00-04:00,L,7553.75,7542.0,7542.25,11.5,-25.5,-1.108695652173913,SL,1,L|swing
2019-08-26 09:41:00-04:00,2019-08-26 09:41:00-04:00,2019-08-26 09:47:00-04:00,L,7548.0,7533.0,7533.25,14.75,-32.0,-1.0847457627118644,SL,1,L|swing
2019-08-26 10:02:00-04:00,2019-08-26 10:02:00-04:00,2019-08-26 10:09:00-04:00,L,7555.5,7524.75,7525.0,30.5,-63.5,-1.040983606557377,SL,1,L|swing
2019-08-26 10:35:00-04:00,2019-08-26 10:35:00-04:00,2019-08-26 10:49:00-04:00,S,7526.0,7543.5,7543.25,17.25,-37.0,-1.0724637681159421,SL,1,S|swing
2019-08-26 11:35:00-04:00,2019-08-26 11:35:00-04:00,2019-08-26 11:44:00-04:00,L,7559.0,7541.0,7541.25,17.75,-38.0,-1.0704225352112675,SL,1,L|swing
2019-08-26 11:56:00-04:00,2019-08-26 11:56:00-04:00,2019-08-26 12:24:00-04:00,L,7549.75,7569.25,7536.25,13.5,37.0,1.3703703703703705,TP,1,L|swing
2019-08-26 14:32:00-04:00,2019-08-26 14:32:00-04:00,2019-08-26 15:00:00-04:00,L,7552.75,7570.75,7540.25,12.5,34.0,1.36,TP,1,L|swing
2019-08-27 09:47:00-04:00,2019-08-27 09:47:00-04:00,2019-08-27 10:23:00-04:00,L,7638.5,7617.5,7617.75,20.75,-44.0,-1.0602409638554218,SL,1,L|swing
2019-08-27 12:35:00-04:00,2019-08-27 12:35:00-04:00,2019-08-27 13:37:00-04:00,S,7559.5,7579.0,7578.75,19.25,-41.0,-1.0649350649350648,SL,1,S|swing
2019-08-27 14:32:00-04:00,2019-08-27 14:32:00-04:00,2019-08-27 14:52:00-04:00,S,7557.5,7582.0,7581.75,24.25,-51.0,-1.0515463917525774,SL,1,S|swing
2019-08-28 10:02:00-04:00,2019-08-28 10:02:00-04:00,2019-08-28 10:04:00-04:00,S,7553.75,7543.75,7561.0,7.25,18.0,1.2413793103448276,TP,1,S|swing
2019-08-28 10:29:00-04:00,2019-08-28 10:29:00-04:00,2019-08-28 10:42:00-04:00,S,7549.75,7572.5,7572.25,22.5,-47.5,-1.0555555555555556,SL,1,S|swing
2019-08-28 11:20:00-04:00,2019-08-28 11:20:00-04:00,2019-08-28 11:23:00-04:00,L,7564.5,7574.75,7557.0,7.5,18.5,1.2333333333333334,TP,1,L|swing
2019-08-28 12:32:00-04:00,2019-08-28 12:32:00-04:00,2019-08-28 12:35:00-04:00,L,7586.5,7581.5,7581.75,4.75,-12.0,-1.263157894736842,SL,1,L|swing
2019-08-28 13:35:00-04:00,2019-08-28 13:35:00-04:00,2019-08-28 15:59:00-04:00,L,7584.25,7593.5,7566.0,18.25,16.5,0.4520547945205479,time,1,L|swing
2019-08-29 10:41:00-04:00,2019-08-29 10:41:00-04:00,2019-08-29 15:59:00-04:00,L,7686.25,7707.25,7651.75,34.5,40.0,0.5797101449275363,time,1,L|swing
2019-08-30 09:56:00-04:00,2019-08-30 09:56:00-04:00,2019-08-30 11:01:00-04:00,S,7727.0,7692.25,7750.75,23.75,67.5,1.4210526315789473,TP,1,S|swing
2019-08-30 12:47:00-04:00,2019-08-30 12:47:00-04:00,2019-08-30 13:06:00-04:00,S,7678.25,7669.0,7685.0,6.75,16.5,1.2222222222222223,TP,1,S|swing
2019-08-30 13:11:00-04:00,2019-08-30 13:11:00-04:00,2019-08-30 14:18:00-04:00,S,7670.5,7683.5,7683.25,12.75,-28.0,-1.0980392156862746,SL,1,S|swing
2019-08-30 14:35:00-04:00,2019-08-30 14:35:00-04:00,2019-08-30 15:02:00-04:00,S,7675.75,7659.75,7687.0,11.25,30.0,1.3333333333333333,TP,1,S|swing
2019-09-02 10:20:00-04:00,2019-09-02 10:20:00-04:00,2019-09-02 11:49:00-04:00,L,7669.25,7642.5,7642.75,26.5,-55.5,-1.0471698113207548,SL,1,L|swing
2019-09-02 11:50:00-04:00,2019-09-02 11:50:00-04:00,2019-09-02 12:49:00-04:00,S,7617.5,7626.75,7665.75,48.25,-20.5,-0.21243523316062177,time,1,S|swing
2019-09-03 09:53:00-04:00,2019-09-03 09:53:00-04:00,2019-09-03 10:04:00-04:00,L,7673.5,7627.0,7627.25,46.25,-95.0,-1.027027027027027,SL,1,L|swing
2019-09-03 11:17:00-04:00,2019-09-03 11:17:00-04:00,2019-09-03 15:59:00-04:00,S,7615.75,7615.0,7647.75,32.0,-0.5,-0.0078125,time,1,S|swing
2019-09-04 10:41:00-04:00,2019-09-04 10:41:00-04:00,2019-09-04 10:52:00-04:00,S,7676.0,7684.5,7684.25,8.25,-19.0,-1.1515151515151516,SL,1,S|swing
2019-09-04 12:14:00-04:00,2019-09-04 12:14:00-04:00,2019-09-04 12:16:00-04:00,L,7700.5,7696.75,7697.0,3.5,-9.5,-1.3571428571428572,SL,1,L|swing
2019-09-04 12:20:00-04:00,2019-09-04 12:20:00-04:00,2019-09-04 12:46:00-04:00,L,7695.75,7703.5,7690.0,5.75,13.5,1.173913043478261,TP,1,L|swing
2019-09-04 12:47:00-04:00,2019-09-04 12:47:00-04:00,2019-09-04 15:33:00-04:00,L,7705.0,7726.75,7690.0,15.0,41.5,1.3833333333333333,TP,1,L|swing
2019-09-05 11:41:00-04:00,2019-09-05 11:41:00-04:00,2019-09-05 11:47:00-04:00,L,7865.75,7853.75,7854.0,11.75,-26.0,-1.1063829787234043,SL,1,L|swing
2019-09-05 12:02:00-04:00,2019-09-05 12:02:00-04:00,2019-09-05 12:08:00-04:00,L,7857.0,7851.0,7851.25,5.75,-14.0,-1.2173913043478262,SL,1,L|swing
2019-09-05 12:59:00-04:00,2019-09-05 12:59:00-04:00,2019-09-05 13:03:00-04:00,L,7854.0,7847.5,7847.75,6.25,-15.0,-1.2,SL,1,L|swing
2019-09-05 13:23:00-04:00,2019-09-05 13:23:00-04:00,2019-09-05 14:53:00-04:00,L,7848.75,7862.75,7838.75,10.0,26.0,1.3,TP,1,L|swing
2019-09-06 10:44:00-04:00,2019-09-06 10:44:00-04:00,2019-09-06 12:46:00-04:00,L,7869.25,7847.5,7847.75,21.5,-45.5,-1.058139534883721,SL,1,L|swing
2019-09-06 14:08:00-04:00,2019-09-06 14:08:00-04:00,2019-09-06 14:32:00-04:00,L,7870.75,7874.25,7867.75,3.0,5.0,0.8333333333333334,TP,1,L|swing
2019-09-06 14:35:00-04:00,2019-09-06 14:35:00-04:00,2019-09-06 15:10:00-04:00,L,7873.0,7867.5,7867.75,5.25,-13.0,-1.2380952380952381,SL,1,L|swing
2019-09-09 09:38:00-04:00,2019-09-09 09:38:00-04:00,2019-09-09 12:27:00-04:00,S,7862.0,7826.5,7886.25,24.25,69.0,1.422680412371134,TP,1,S|swing
2019-09-09 13:05:00-04:00,2019-09-09 13:05:00-04:00,2019-09-09 13:10:00-04:00,S,7829.25,7834.5,7834.25,5.0,-12.5,-1.25,SL,1,S|swing
2019-09-09 13:23:00-04:00,2019-09-09 13:23:00-04:00,2019-09-09 14:29:00-04:00,S,7821.25,7802.25,7834.5,13.25,36.0,1.3584905660377358,TP,1,S|swing
2019-09-09 14:50:00-04:00,2019-09-09 14:50:00-04:00,2019-09-09 15:02:00-04:00,S,7808.0,7812.75,7812.5,4.5,-11.5,-1.2777777777777777,SL,1,S|swing
2019-09-10 10:47:00-04:00,2019-09-10 10:47:00-04:00,2019-09-10 10:57:00-04:00,S,7776.0,7759.75,7787.5,11.5,30.5,1.326086956521739,TP,1,S|swing
2019-09-10 10:59:00-04:00,2019-09-10 10:59:00-04:00,2019-09-10 11:51:00-04:00,S,7762.5,7787.75,7787.5,25.0,-52.5,-1.05,SL,1,S|swing
2019-09-10 13:17:00-04:00,2019-09-10 13:17:00-04:00,2019-09-10 15:59:00-04:00,S,7788.25,7813.0,7812.75,24.5,-51.5,-1.0510204081632653,SL,1,S|swing
2019-09-11 11:17:00-04:00,2019-09-11 11:17:00-04:00,2019-09-11 11:31:00-04:00,L,7862.5,7872.25,7855.5,7.0,17.5,1.25,TP,1,L|swing
2019-09-11 12:38:00-04:00,2019-09-11 12:38:00-04:00,2019-09-11 12:57:00-04:00,L,7885.25,7892.25,7880.0,5.25,12.0,1.1428571428571428,TP,1,L|swing
2019-09-11 13:14:00-04:00,2019-09-11 13:14:00-04:00,2019-09-11 13:29:00-04:00,L,7887.0,7881.5,7881.75,5.25,-13.0,-1.2380952380952381,SL,1,L|swing
2019-09-11 14:44:00-04:00,2019-09-11 14:44:00-04:00,2019-09-11 14:50:00-04:00,L,7868.5,7860.75,7861.0,7.5,-17.5,-1.1666666666666667,SL,1,L|swing
2019-09-11 14:56:00-04:00,2019-09-11 14:56:00-04:00,2019-09-11 15:03:00-04:00,L,7864.75,7873.25,7858.5,6.25,15.0,1.2,TP,1,L|swing
2019-09-12 10:44:00-04:00,2019-09-12 10:44:00-04:00,2019-09-12 10:50:00-04:00,L,7961.5,7951.25,7951.5,10.0,-22.5,-1.125,SL,1,L|swing
2019-09-12 11:02:00-04:00,2019-09-12 11:02:00-04:00,2019-09-12 15:59:00-04:00,S,7927.25,7921.0,7972.75,45.5,10.5,0.11538461538461539,time,1,S|swing
2019-09-13 11:20:00-04:00,2019-09-13 11:20:00-04:00,2019-09-13 11:29:00-04:00,S,7919.25,7906.75,7928.25,9.0,23.0,1.2777777777777777,TP,1,S|swing
2019-09-13 11:38:00-04:00,2019-09-13 11:38:00-04:00,2019-09-13 15:59:00-04:00,S,7900.25,7893.5,7927.5,27.25,11.5,0.21100917431192662,time,1,S|swing
2019-09-18 10:50:00-04:00,2019-09-18 10:50:00-04:00,2019-09-18 12:59:00-04:00,S,7890.5,7878.75,7899.0,8.5,21.5,1.2647058823529411,TP,1,S|swing
2019-09-19 10:41:00-04:00,2019-09-19 10:41:00-04:00,2019-09-19 11:16:00-04:00,L,7969.25,7955.5,7955.75,13.5,-29.5,-1.0925925925925926,SL,1,L|swing
2019-09-19 11:38:00-04:00,2019-09-19 11:38:00-04:00,2019-09-19 11:43:00-04:00,L,7967.75,7954.0,7954.25,13.5,-29.5,-1.0925925925925926,SL,1,L|swing
2019-09-19 13:29:00-04:00,2019-09-19 13:29:00-04:00,2019-09-19 13:30:00-04:00,L,7929.0,7919.0,7919.25,9.75,-22.0,-1.1282051282051282,SL,1,L|swing
2019-09-19 13:32:00-04:00,2019-09-19 13:32:00-04:00,2019-09-19 14:20:00-04:00,S,7918.75,7937.75,7937.5,18.75,-40.0,-1.0666666666666667,SL,1,S|swing
2019-09-20 09:47:00-04:00,2019-09-20 09:47:00-04:00,2019-09-20 11:06:00-04:00,S,7935.25,7910.25,7952.5,17.25,48.0,1.391304347826087,TP,1,S|swing
2019-09-20 12:20:00-04:00,2019-09-20 12:20:00-04:00,2019-09-20 12:31:00-04:00,S,7898.0,7890.75,7903.5,5.5,12.5,1.1363636363636365,TP,1,S|swing
2019-09-20 12:59:00-04:00,2019-09-20 12:59:00-04:00,2019-09-20 13:13:00-04:00,S,7889.75,7882.75,7895.0,5.25,12.0,1.1428571428571428,TP,1,S|swing
2019-09-20 13:38:00-04:00,2019-09-20 13:38:00-04:00,2019-09-20 15:59:00-04:00,S,7842.75,7839.25,7893.0,50.25,5.0,0.04975124378109453,time,1,S|swing
2019-09-23 09:47:00-04:00,2019-09-23 09:47:00-04:00,2019-09-23 09:50:00-04:00,S,7834.5,7844.5,7844.25,9.75,-22.0,-1.1282051282051282,SL,1,S|swing
2019-09-23 09:56:00-04:00,2019-09-23 09:56:00-04:00,2019-09-23 10:04:00-04:00,S,7838.5,7825.25,7848.0,9.5,24.5,1.2894736842105263,TP,1,S|swing
2019-09-23 10:44:00-04:00,2019-09-23 10:44:00-04:00,2019-09-23 11:27:00-04:00,S,7827.5,7843.0,7842.75,15.25,-33.0,-1.0819672131147542,SL,1,S|swing
2019-09-23 11:35:00-04:00,2019-09-23 11:35:00-04:00,2019-09-23 15:59:00-04:00,L,7844.75,7839.5,7821.25,23.5,-12.5,-0.26595744680851063,time,1,L|swing
2019-09-24 09:35:00-04:00,2019-09-24 09:35:00-04:00,2019-09-24 09:49:00-04:00,L,7875.5,7888.75,7866.0,9.5,24.5,1.2894736842105263,TP,1,L|swing
2019-09-24 10:23:00-04:00,2019-09-24 10:23:00-04:00,2019-09-24 11:40:00-04:00,S,7852.5,7790.75,7894.25,41.75,121.5,1.4550898203592815,TP,1,S|swing
2019-09-24 14:02:00-04:00,2019-09-24 14:02:00-04:00,2019-09-24 14:12:00-04:00,S,7715.0,7738.75,7738.5,23.5,-49.5,-1.053191489361702,SL,1,S|swing
2019-09-24 14:32:00-04:00,2019-09-24 14:32:00-04:00,2019-09-24 14:37:00-04:00,S,7757.5,7736.25,7772.25,14.75,40.5,1.3728813559322033,TP,1,S|swing
2019-09-25 09:44:00-04:00,2019-09-25 09:44:00-04:00,2019-09-25 10:01:00-04:00,S,7716.25,7681.75,7739.75,23.5,67.0,1.425531914893617,TP,1,S|swing
2019-09-25 10:11:00-04:00,2019-09-25 10:11:00-04:00,2019-09-25 10:52:00-04:00,S,7704.5,7731.75,7731.5,27.0,-56.5,-1.0462962962962963,SL,1,S|swing
2019-09-25 12:26:00-04:00,2019-09-25 12:26:00-04:00,2019-09-25 14:11:00-04:00,L,7764.75,7796.5,7743.0,21.75,61.5,1.4137931034482758,TP,1,L|swing
2019-09-26 11:02:00-04:00,2019-09-26 11:02:00-04:00,2019-09-26 14:09:00-04:00,S,7750.75,7798.0,7797.75,47.0,-96.5,-1.0265957446808511,SL,1,S|swing
2019-09-27 11:38:00-04:00,2019-09-27 11:38:00-04:00,2019-09-27 15:59:00-04:00,S,7725.25,7699.0,7794.0,68.75,50.5,0.36727272727272725,time,1,S|swing
2019-09-30 09:35:00-04:00,2019-09-30 09:35:00-04:00,2019-09-30 09:50:00-04:00,S,7716.25,7735.5,7735.25,19.0,-40.5,-1.0657894736842106,SL,1,S|swing
2019-09-30 10:38:00-04:00,2019-09-30 10:38:00-04:00,2019-09-30 10:43:00-04:00,L,7736.5,7729.75,7730.0,6.5,-15.5,-1.1923076923076923,SL,1,L|swing
2019-09-30 10:56:00-04:00,2019-09-30 10:56:00-04:00,2019-09-30 12:13:00-04:00,L,7739.75,7761.75,7724.5,15.25,42.0,1.3770491803278688,TP,1,L|swing
2019-09-30 13:38:00-04:00,2019-09-30 13:38:00-04:00,2019-09-30 13:48:00-04:00,L,7770.75,7775.25,7767.25,3.5,7.0,1.0,TP,1,L|swing
2019-09-30 14:02:00-04:00,2019-09-30 14:02:00-04:00,2019-09-30 14:37:00-04:00,L,7775.0,7767.25,7767.5,7.5,-17.5,-1.1666666666666667,SL,1,L|swing
2019-09-30 14:44:00-04:00,2019-09-30 14:44:00-04:00,2019-09-30 14:57:00-04:00,L,7772.25,7764.0,7764.25,8.0,-18.5,-1.15625,SL,1,L|swing
2019-10-01 10:14:00-04:00,2019-10-01 10:14:00-04:00,2019-10-01 15:59:00-04:00,S,7766.75,7701.75,7841.75,75.0,128.0,0.8533333333333334,time,1,S|swing
2019-10-02 10:59:00-04:00,2019-10-02 10:59:00-04:00,2019-10-02 12:46:00-04:00,S,7573.0,7534.25,7599.5,26.5,75.5,1.4245283018867925,TP,1,S|swing
2019-10-02 13:56:00-04:00,2019-10-02 13:56:00-04:00,2019-10-02 14:20:00-04:00,S,7540.0,7559.75,7559.5,19.5,-41.5,-1.064102564102564,SL,1,S|swing
2019-10-02 14:29:00-04:00,2019-10-02 14:29:00-04:00,2019-10-02 14:45:00-04:00,S,7557.5,7567.75,7567.5,10.0,-22.5,-1.125,SL,1,S|swing
2019-10-03 10:02:00-04:00,2019-10-03 10:02:00-04:00,2019-10-03 11:06:00-04:00,S,7501.0,7586.5,7586.25,85.25,-173.0,-1.0146627565982405,SL,1,S|swing
2019-10-03 11:29:00-04:00,2019-10-03 11:29:00-04:00,2019-10-03 15:59:00-04:00,L,7599.75,7652.0,7542.5,57.25,102.5,0.8951965065502183,time,1,L|swing
2019-10-04 09:59:00-04:00,2019-10-04 09:59:00-04:00,2019-10-04 15:49:00-04:00,L,7717.75,7770.5,7682.0,35.75,103.5,1.4475524475524475,TP,1,L|swing
2019-10-07 09:38:00-04:00,2019-10-07 09:38:00-04:00,2019-10-07 10:10:00-04:00,S,7732.25,7757.25,7757.0,24.75,-52.0,-1.0505050505050506,SL,1,S|swing
2019-10-07 11:02:00-04:00,2019-10-07 11:02:00-04:00,2019-10-07 14:46:00-04:00,L,7781.0,7749.75,7750.0,31.0,-64.5,-1.0403225806451613,SL,1,L|swing
2019-10-08 09:38:00-04:00,2019-10-08 09:38:00-04:00,2019-10-08 10:03:00-04:00,S,7672.5,7633.75,7699.0,26.5,75.5,1.4245283018867925,TP,1,S|swing
2019-10-08 11:20:00-04:00,2019-10-08 11:20:00-04:00,2019-10-08 11:33:00-04:00,S,7661.25,7641.75,7674.75,13.5,37.0,1.3703703703703705,TP,1,S|swing
2019-10-08 12:17:00-04:00,2019-10-08 12:17:00-04:00,2019-10-08 12:20:00-04:00,S,7652.5,7659.5,7659.25,6.75,-16.0,-1.1851851851851851,SL,1,S|swing
2019-10-08 12:35:00-04:00,2019-10-08 12:35:00-04:00,2019-10-08 12:44:00-04:00,S,7661.75,7671.0,7670.75,9.0,-20.5,-1.1388888888888888,SL,1,S|swing
2019-10-08 12:50:00-04:00,2019-10-08 12:50:00-04:00,2019-10-08 14:36:00-04:00,S,7682.25,7700.5,7700.25,18.0,-38.5,-1.0694444444444444,SL,1,S|swing
2019-10-09 09:38:00-04:00,2019-10-09 09:38:00-04:00,2019-10-09 09:40:00-04:00,L,7679.5,7692.75,7670.0,9.5,24.5,1.2894736842105263,TP,1,L|swing
2019-10-09 09:53:00-04:00,2019-10-09 09:53:00-04:00,2019-10-09 11:45:00-04:00,S,7669.5,7698.0,7697.75,28.25,-59.0,-1.0442477876106195,SL,1,S|swing
2019-10-09 11:53:00-04:00,2019-10-09 11:53:00-04:00,2019-10-09 15:59:00-04:00,L,7701.25,7701.0,7675.0,26.25,-2.5,-0.047619047619047616,time,1,L|swing
2019-10-10 10:56:00-04:00,2019-10-10 10:56:00-04:00,2019-10-10 12:29:00-04:00,L,7769.25,7747.5,7747.75,21.5,-45.5,-1.058139534883721,SL,1,L|swing
2019-10-10 13:26:00-04:00,2019-10-10 13:26:00-04:00,2019-10-10 13:30:00-04:00,L,7745.75,7738.5,7738.75,7.0,-16.5,-1.1785714285714286,SL,1,L|swing
2019-10-10 14:08:00-04:00,2019-10-10 14:08:00-04:00,2019-10-10 15:31:00-04:00,S,7719.25,7757.5,7757.25,38.0,-78.5,-1.0328947368421053,SL,1,S|swing
2019-10-11 12:41:00-04:00,2019-10-11 12:41:00-04:00,2019-10-11 15:59:00-04:00,L,7873.0,7851.75,7837.0,36.0,-44.5,-0.6180555555555556,time,1,L|swing
2019-10-14 09:47:00-04:00,2019-10-14 09:47:00-04:00,2019-10-14 10:58:00-04:00,L,7850.0,7876.5,7831.75,18.25,51.0,1.3972602739726028,TP,1,L|swing
2019-10-14 12:59:00-04:00,2019-10-14 12:59:00-04:00,2019-10-14 13:57:00-04:00,L,7855.75,7863.5,7850.0,5.75,13.5,1.173913043478261,TP,1,L|swing
2019-10-15 12:11:00-04:00,2019-10-15 12:11:00-04:00,2019-10-15 15:59:00-04:00,L,7950.75,7952.75,7936.25,14.5,2.0,0.06896551724137931,time,1,L|swing
2019-10-16 11:32:00-04:00,2019-10-16 11:32:00-04:00,2019-10-16 15:59:00-04:00,S,7927.0,7933.75,7953.0,26.0,-15.5,-0.2980769230769231,time,1,S|swing
2019-10-17 09:41:00-04:00,2019-10-17 09:41:00-04:00,2019-10-17 10:27:00-04:00,L,7976.75,7965.5,7965.75,11.0,-24.5,-1.1136363636363635,SL,1,L|swing
2019-10-17 11:17:00-04:00,2019-10-17 11:17:00-04:00,2019-10-17 11:31:00-04:00,S,7950.5,7942.75,7956.25,5.75,13.5,1.173913043478261,TP,1,S|swing
2019-10-17 12:11:00-04:00,2019-10-17 12:11:00-04:00,2019-10-17 12:34:00-04:00,S,7933.0,7947.5,7947.25,14.25,-31.0,-1.087719298245614,SL,1,S|swing
2019-10-17 14:02:00-04:00,2019-10-17 14:02:00-04:00,2019-10-17 14:49:00-04:00,S,7946.75,7958.0,7957.75,11.0,-24.5,-1.1136363636363635,SL,1,S|swing
2019-10-18 09:41:00-04:00,2019-10-18 09:41:00-04:00,2019-10-18 10:07:00-04:00,L,7949.75,7934.5,7934.75,15.0,-32.5,-1.0833333333333333,SL,1,L|swing
2019-10-18 10:11:00-04:00,2019-10-18 10:11:00-04:00,2019-10-18 10:35:00-04:00,S,7939.0,7910.75,7958.5,19.5,54.5,1.3974358974358974,TP,1,S|swing
2019-10-18 11:44:00-04:00,2019-10-18 11:44:00-04:00,2019-10-18 12:17:00-04:00,S,7893.25,7858.5,7917.0,23.75,67.5,1.4210526315789473,TP,1,S|swing
2019-10-18 14:05:00-04:00,2019-10-18 14:05:00-04:00,2019-10-18 14:20:00-04:00,S,7885.75,7896.0,7895.75,10.0,-22.5,-1.125,SL,1,S|swing
2019-10-21 09:50:00-04:00,2019-10-21 09:50:00-04:00,2019-10-21 09:58:00-04:00,L,7914.25,7906.75,7907.0,7.25,-17.0,-1.1724137931034482,SL,1,L|swing
2019-10-21 10:05:00-04:00,2019-10-21 10:05:00-04:00,2019-10-21 11:13:00-04:00,S,7899.25,7936.75,7936.5,37.25,-77.0,-1.0335570469798658,SL,1,S|swing
2019-10-21 12:35:00-04:00,2019-10-21 12:35:00-04:00,2019-10-21 15:50:00-04:00,L,7935.75,7946.75,7927.75,8.0,20.0,1.25,TP,1,L|swing
2019-10-22 09:41:00-04:00,2019-10-22 09:41:00-04:00,2019-10-22 09:48:00-04:00,L,7982.0,7969.75,7970.0,12.0,-26.5,-1.1041666666666667,SL,1,L|swing
2019-10-22 09:56:00-04:00,2019-10-22 09:56:00-04:00,2019-10-22 10:12:00-04:00,L,7971.75,7959.75,7960.0,11.75,-26.0,-1.1063829787234043,SL,1,L|swing
2019-10-22 10:50:00-04:00,2019-10-22 10:50:00-04:00,2019-10-22 10:59:00-04:00,L,7965.25,7957.25,7957.5,7.75,-18.0,-1.1612903225806452,SL,1,L|swing
2019-10-22 13:32:00-04:00,2019-10-22 13:32:00-04:00,2019-10-22 13:40:00-04:00,S,7930.0,7937.25,7937.0,7.0,-16.5,-1.1785714285714286,SL,1,S|swing
2019-10-22 13:53:00-04:00,2019-10-22 13:53:00-04:00,2019-10-22 14:51:00-04:00,S,7922.0,7898.5,7938.25,16.25,45.0,1.3846153846153846,TP,1,S|swing
2019-10-22 14:56:00-04:00,2019-10-22 14:56:00-04:00,2019-10-22 15:59:00-04:00,S,7906.75,7884.75,7931.5,24.75,42.0,0.8484848484848485,time,1,S|swing
2019-10-23 09:44:00-04:00,2019-10-23 09:44:00-04:00,2019-10-23 15:59:00-04:00,L,7882.0,7896.25,7852.75,29.25,26.5,0.452991452991453,time,1,L|swing
2019-10-24 10:56:00-04:00,2019-10-24 10:56:00-04:00,2019-10-24 11:09:00-04:00,L,7934.5,7953.25,7921.5,13.0,35.5,1.3653846153846154,TP,1,L|swing
2019-10-24 12:38:00-04:00,2019-10-24 12:38:00-04:00,2019-10-24 15:59:00-04:00,L,7962.5,7972.5,7939.75,22.75,18.0,0.3956043956043956,time,1,L|swing
2019-10-25 12:29:00-04:00,2019-10-25 12:29:00-04:00,2019-10-25 14:05:00-04:00,L,8031.5,8016.75,8017.0,14.5,-31.5,-1.0862068965517242,SL,1,L|swing
2019-10-25 14:41:00-04:00,2019-10-25 14:41:00-04:00,2019-10-25 15:21:00-04:00,L,8019.75,8028.75,8013.25,6.5,16.0,1.2307692307692308,TP,1,L|swing
2019-10-28 11:29:00-04:00,2019-10-28 11:29:00-04:00,2019-10-28 11:45:00-04:00,L,8104.75,8115.5,8097.0,7.75,19.5,1.2580645161290323,TP,1,L|swing
2019-10-28 12:47:00-04:00,2019-10-28 12:47:00-04:00,2019-10-28 12:55:00-04:00,L,8115.75,8109.25,8109.5,6.25,-15.0,-1.2,SL,1,L|swing
2019-10-28 13:53:00-04:00,2019-10-28 13:53:00-04:00,2019-10-28 13:58:00-04:00,L,8116.25,8110.5,8110.75,5.5,-13.5,-1.2272727272727273,SL,1,L|swing
2019-10-28 14:02:00-04:00,2019-10-28 14:02:00-04:00,2019-10-28 15:22:00-04:00,L,8115.25,8124.5,8108.5,6.75,16.5,1.2222222222222223,TP,1,L|swing
2019-10-29 10:53:00-04:00,2019-10-29 10:53:00-04:00,2019-10-29 11:20:00-04:00,S,8090.75,8071.75,8104.0,13.25,36.0,1.3584905660377358,TP,1,S|swing
2019-10-29 13:23:00-04:00,2019-10-29 13:23:00-04:00,2019-10-29 14:44:00-04:00,S,8077.25,8062.75,8087.5,10.25,27.0,1.3170731707317074,TP,1,S|swing
2019-10-30 12:23:00-04:00,2019-10-30 12:23:00-04:00,2019-10-30 12:24:00-04:00,S,8052.25,8053.75,8053.5,1.25,-5.0,-2.0,SL,1,S|swing
2019-10-30 12:47:00-04:00,2019-10-30 12:47:00-04:00,2019-10-30 13:59:00-04:00,S,8051.75,8042.25,8058.75,7.0,17.0,1.2142857142857142,TP,1,S|swing
2019-10-31 11:50:00-04:00,2019-10-31 11:50:00-04:00,2019-10-31 11:59:00-04:00,S,8088.75,8081.0,8094.5,5.75,13.5,1.173913043478261,TP,1,S|swing
2019-10-31 13:14:00-04:00,2019-10-31 13:14:00-04:00,2019-10-31 13:29:00-04:00,S,8068.0,8074.5,8074.25,6.25,-15.0,-1.2,SL,1,S|swing
2019-10-31 14:38:00-04:00,2019-10-31 14:38:00-04:00,2019-10-31 14:47:00-04:00,S,8063.5,8055.0,8069.75,6.25,15.0,1.2,TP,1,S|swing
2019-11-01 09:50:00-04:00,2019-11-01 09:50:00-04:00,2019-11-01 10:03:00-04:00,L,8133.0,8155.75,8117.25,15.75,43.5,1.380952380952381,TP,1,L|swing
2019-11-01 11:23:00-04:00,2019-11-01 11:23:00-04:00,2019-11-01 11:26:00-04:00,L,8144.0,8139.5,8139.75,4.25,-11.0,-1.2941176470588236,SL,1,L|swing
2019-11-01 11:35:00-04:00,2019-11-01 11:35:00-04:00,2019-11-01 11:51:00-04:00,L,8140.75,8146.25,8136.5,4.25,9.0,1.0588235294117647,TP,1,L|swing
2019-11-01 13:08:00-04:00,2019-11-01 13:08:00-04:00,2019-11-01 13:46:00-04:00,L,8131.25,8145.75,8121.0,10.25,27.0,1.3170731707317074,TP,1,L|swing
2019-11-04 10:23:00-05:00,2019-11-04 10:23:00-05:00,2019-11-04 10:54:00-05:00,L,8217.0,8204.75,8205.0,12.0,-26.5,-1.1041666666666667,SL,1,L|swing
2019-11-04 11:32:00-05:00,2019-11-04 11:32:00-05:00,2019-11-04 11:40:00-05:00,L,8208.75,8203.75,8204.0,4.75,-12.0,-1.263157894736842,SL,1,L|swing
2019-11-04 12:02:00-05:00,2019-11-04 12:02:00-05:00,2019-11-04 12:11:00-05:00,S,8202.25,8211.25,8211.0,8.75,-20.0,-1.1428571428571428,SL,1,S|swing
2019-11-04 12:29:00-05:00,2019-11-04 12:29:00-05:00,2019-11-04 13:17:00-05:00,L,8208.0,8217.25,8201.25,6.75,16.5,1.2222222222222223,TP,1,L|swing
2019-11-05 11:20:00-05:00,2019-11-05 11:20:00-05:00,2019-11-05 11:47:00-05:00,S,8221.5,8214.75,8226.5,5.0,11.5,1.15,TP,1,S|swing
2019-11-05 13:08:00-05:00,2019-11-05 13:08:00-05:00,2019-11-05 13:14:00-05:00,S,8225.75,8231.0,8230.75,5.0,-12.5,-1.25,SL,1,S|swing
2019-11-05 13:23:00-05:00,2019-11-05 13:23:00-05:00,2019-11-05 13:32:00-05:00,L,8229.5,8225.25,8225.5,4.0,-10.5,-1.3125,SL,1,L|swing
2019-11-05 13:47:00-05:00,2019-11-05 13:47:00-05:00,2019-11-05 14:10:00-05:00,L,8227.75,8232.25,8224.25,3.5,7.0,1.0,TP,1,L|swing
2019-11-05 14:41:00-05:00,2019-11-05 14:41:00-05:00,2019-11-05 15:57:00-05:00,S,8226.5,8215.75,8234.25,7.75,19.5,1.2580645161290323,TP,1,S|swing
2019-11-06 11:38:00-05:00,2019-11-06 11:38:00-05:00,2019-11-06 11:44:00-05:00,S,8195.5,8199.0,8198.75,3.25,-9.0,-1.3846153846153846,SL,1,S|swing
2019-11-06 12:56:00-05:00,2019-11-06 12:56:00-05:00,2019-11-06 13:00:00-05:00,S,8176.5,8182.75,8182.5,6.0,-14.5,-1.2083333333333333,SL,1,S|swing
2019-11-06 13:38:00-05:00,2019-11-06 13:38:00-05:00,2019-11-06 13:41:00-05:00,S,8191.0,8193.5,8193.25,2.25,-7.0,-1.5555555555555556,SL,1,S|swing
2019-11-06 14:23:00-05:00,2019-11-06 14:23:00-05:00,2019-11-06 15:55:00-05:00,S,8189.5,8199.75,8199.5,10.0,-22.5,-1.125,SL,1,S|swing
2019-11-07 11:59:00-05:00,2019-11-07 11:59:00-05:00,2019-11-07 13:57:00-05:00,L,8277.25,8255.0,8255.25,22.0,-46.5,-1.0568181818181819,SL,1,L|swing
2019-11-07 14:35:00-05:00,2019-11-07 14:35:00-05:00,2019-11-07 14:43:00-05:00,L,8256.0,8253.5,8253.75,2.25,-7.0,-1.5555555555555556,SL,1,L|swing
2019-11-07 14:44:00-05:00,2019-11-07 14:44:00-05:00,2019-11-07 15:59:00-05:00,S,8237.75,8227.75,8261.5,23.75,18.0,0.37894736842105264,time,1,S|swing
2019-11-08 09:38:00-05:00,2019-11-08 09:38:00-05:00,2019-11-08 09:59:00-05:00,L,8225.25,8205.5,8205.75,19.5,-41.5,-1.064102564102564,SL,1,L|swing
2019-11-08 11:53:00-05:00,2019-11-08 11:53:00-05:00,2019-11-08 15:59:00-05:00,L,8239.75,8261.75,8223.75,16.0,42.0,1.3125,time,1,L|swing
2019-11-11 10:17:00-05:00,2019-11-11 10:17:00-05:00,2019-11-11 13:38:00-05:00,L,8232.25,8251.25,8219.0,13.25,36.0,1.3584905660377358,TP,1,L|swing
2019-11-11 13:59:00-05:00,2019-11-11 13:59:00-05:00,2019-11-11 14:46:00-05:00,L,8251.0,8246.5,8246.75,4.25,-11.0,-1.2941176470588236,SL,1,L|swing
2019-11-11 14:56:00-05:00,2019-11-11 14:56:00-05:00,2019-11-11 15:32:00-05:00,L,8248.0,8243.5,8243.75,4.25,-11.0,-1.2941176470588236,SL,1,L|swing
2019-11-12 12:05:00-05:00,2019-11-12 12:05:00-05:00,2019-11-12 12:07:00-05:00,L,8280.25,8282.75,8278.0,2.25,3.0,0.6666666666666666,TP,1,L|swing
2019-11-12 13:17:00-05:00,2019-11-12 13:17:00-05:00,2019-11-12 14:05:00-05:00,L,8289.75,8275.75,8276.0,13.75,-30.0,-1.0909090909090908,SL,1,L|swing
2019-11-13 09:50:00-05:00,2019-11-13 09:50:00-05:00,2019-11-13 10:16:00-05:00,S,8241.75,8264.25,8264.0,22.25,-47.0,-1.0561797752808988,SL,1,S|swing
2019-11-13 10:38:00-05:00,2019-11-13 10:38:00-05:00,2019-11-13 13:57:00-05:00,L,8266.5,8253.75,8254.0,12.5,-27.5,-1.1,SL,1,L|swing
2019-11-13 14:50:00-05:00,2019-11-13 14:50:00-05:00,2019-11-13 15:59:00-05:00,L,8262.25,8265.25,8240.0,22.25,4.0,0.0898876404494382,time,1,L|swing
2019-11-14 10:38:00-05:00,2019-11-14 10:38:00-05:00,2019-11-14 11:00:00-05:00,S,8249.75,8231.75,8262.25,12.5,34.0,1.36,TP,1,S|swing
2019-11-15 10:14:00-05:00,2019-11-15 10:14:00-05:00,2019-11-15 11:05:00-05:00,L,8301.5,8319.75,8288.75,12.75,34.5,1.3529411764705883,TP,1,L|swing
2019-11-15 12:44:00-05:00,2019-11-15 12:44:00-05:00,2019-11-15 15:13:00-05:00,L,8313.75,8304.25,8304.5,9.25,-21.0,-1.135135135135135,SL,1,L|swing
2019-11-18 10:38:00-05:00,2019-11-18 10:38:00-05:00,2019-11-18 10:41:00-05:00,S,8296.25,8303.75,8303.5,7.25,-17.0,-1.1724137931034482,SL,1,S|swing
2019-11-18 12:26:00-05:00,2019-11-18 12:26:00-05:00,2019-11-18 13:22:00-05:00,S,8315.75,8323.5,8323.25,7.5,-17.5,-1.1666666666666667,SL,1,S|swing
2019-11-19 12:38:00-05:00,2019-11-19 12:38:00-05:00,2019-11-19 14:03:00-05:00,S,8344.5,8354.75,8354.5,10.0,-22.5,-1.125,SL,1,S|swing
2019-11-20 09:38:00-05:00,2019-11-20 09:38:00-05:00,2019-11-20 12:55:00-05:00,L,8325.75,8309.75,8310.0,15.75,-34.0,-1.0793650793650793,SL,1,L|swing
2019-11-20 13:59:00-05:00,2019-11-20 13:59:00-05:00,2019-11-20 14:07:00-05:00,S,8265.25,8256.0,8272.0,6.75,16.5,1.2222222222222223,TP,1,S|swing
2019-11-21 10:08:00-05:00,2019-11-21 10:08:00-05:00,2019-11-21 10:16:00-05:00,L,8283.25,8260.75,8261.0,22.25,-47.0,-1.0561797752808988,SL,1,L|swing
2019-11-21 11:08:00-05:00,2019-11-21 11:08:00-05:00,2019-11-21 11:14:00-05:00,S,8275.0,8268.75,8279.75,4.75,10.5,1.105263157894737,TP,1,S|swing
2019-11-21 11:38:00-05:00,2019-11-21 11:38:00-05:00,2019-11-21 14:08:00-05:00,S,8252.25,8276.75,8276.5,24.25,-51.0,-1.0515463917525774,SL,1,S|swing
2019-11-22 09:41:00-05:00,2019-11-22 09:41:00-05:00,2019-11-22 10:13:00-05:00,S,8289.0,8274.5,8299.25,10.25,27.0,1.3170731707317074,TP,1,S|swing
2019-11-22 13:20:00-05:00,2019-11-22 13:20:00-05:00,2019-11-22 13:32:00-05:00,S,8273.25,8269.75,8276.25,3.0,5.0,0.8333333333333334,TP,1,S|swing
2019-11-22 13:41:00-05:00,2019-11-22 13:41:00-05:00,2019-11-22 15:28:00-05:00,S,8268.0,8276.5,8276.25,8.25,-19.0,-1.1515151515151516,SL,1,S|swing
2019-11-25 12:02:00-05:00,2019-11-25 12:02:00-05:00,2019-11-25 12:19:00-05:00,L,8364.75,8360.25,8360.5,4.25,-11.0,-1.2941176470588236,SL,1,L|swing
2019-11-25 12:56:00-05:00,2019-11-25 12:56:00-05:00,2019-11-25 13:00:00-05:00,L,8363.0,8366.25,8360.25,2.75,4.5,0.8181818181818182,TP,1,L|swing
2019-11-25 13:02:00-05:00,2019-11-25 13:02:00-05:00,2019-11-25 14:50:00-05:00,L,8366.75,8360.75,8361.0,5.75,-14.0,-1.2173913043478262,SL,1,L|swing
2019-11-25 14:56:00-05:00,2019-11-25 14:56:00-05:00,2019-11-25 15:21:00-05:00,L,8363.25,8367.25,8360.0,3.25,6.0,0.9230769230769231,TP,1,L|swing
2019-11-26 10:23:00-05:00,2019-11-26 10:23:00-05:00,2019-11-26 15:59:00-05:00,L,8387.5,8391.75,8373.25,14.25,6.5,0.22807017543859648,time,1,L|swing
2019-11-27 14:41:00-05:00,2019-11-27 14:41:00-05:00,2019-11-27 15:01:00-05:00,L,8444.0,8438.75,8439.0,5.0,-12.5,-1.25,SL,1,L|swing
2019-11-28 10:47:00-05:00,2019-11-28 10:47:00-05:00,2019-11-28 10:59:00-05:00,L,8438.75,8436.75,8437.0,1.75,-6.0,-1.7142857142857142,SL,1,L|swing
2019-11-28 11:20:00-05:00,2019-11-28 11:20:00-05:00,2019-11-28 12:09:00-05:00,L,8440.0,8445.25,8436.0,4.0,8.5,1.0625,TP,1,L|swing
2019-11-28 12:11:00-05:00,2019-11-28 12:11:00-05:00,2019-11-28 12:49:00-05:00,L,8447.0,8444.25,8441.75,5.25,-7.5,-0.7142857142857143,time,1,L|swing
2019-11-29 09:53:00-05:00,2019-11-29 09:53:00-05:00,2019-11-29 11:45:00-05:00,L,8431.25,8421.0,8421.25,10.0,-22.5,-1.125,SL,1,L|swing
2019-11-29 12:08:00-05:00,2019-11-29 12:08:00-05:00,2019-11-29 12:39:00-05:00,S,8422.0,8411.75,8429.5,7.5,18.5,1.2333333333333334,TP,1,S|swing
2019-11-29 12:56:00-05:00,2019-11-29 12:56:00-05:00,2019-11-29 12:59:00-05:00,S,8406.5,8417.5,8417.25,10.75,-24.0,-1.1162790697674418,SL,1,S|swing
2019-12-02 11:08:00-05:00,2019-12-02 11:08:00-05:00,2019-12-02 12:00:00-05:00,S,8281.0,8313.75,8313.5,32.5,-67.5,-1.0384615384615385,SL,1,S|swing
2019-12-02 12:50:00-05:00,2019-12-02 12:50:00-05:00,2019-12-02 13:14:00-05:00,S,8295.75,8317.0,8316.75,21.0,-44.5,-1.0595238095238095,SL,1,S|swing
2019-12-03 10:26:00-05:00,2019-12-03 10:26:00-05:00,2019-12-03 13:03:00-05:00,S,8204.0,8221.25,8221.0,17.0,-36.5,-1.0735294117647058,SL,1,S|swing
2019-12-03 14:14:00-05:00,2019-12-03 14:14:00-05:00,2019-12-03 15:13:00-05:00,S,8224.75,8236.75,8236.5,11.75,-26.0,-1.1063829787234043,SL,1,S|swing
2019-12-04 10:02:00-05:00,2019-12-04 10:02:00-05:00,2019-12-04 15:59:00-05:00,L,8311.75,8298.0,8287.25,24.5,-29.5,-0.6020408163265306,time,1,L|swing
2019-12-05 11:32:00-05:00,2019-12-05 11:32:00-05:00,2019-12-05 13:44:00-05:00,S,8291.25,8301.0,8300.75,9.5,-21.5,-1.131578947368421,SL,1,S|swing
2019-12-05 14:05:00-05:00,2019-12-05 14:05:00-05:00,2019-12-05 14:11:00-05:00,S,8299.25,8303.5,8303.25,4.0,-10.5,-1.3125,SL,1,S|swing
2019-12-06 11:08:00-05:00,2019-12-06 11:08:00-05:00,2019-12-06 12:48:00-05:00,L,8390.0,8401.75,8381.5,8.5,21.5,1.2647058823529411,TP,1,L|swing
2019-12-06 14:20:00-05:00,2019-12-06 14:20:00-05:00,2019-12-06 14:21:00-05:00,L,8399.75,8401.25,8398.25,1.5,1.0,0.3333333333333333,TP,1,L|swing
2019-12-09 10:59:00-05:00,2019-12-09 10:59:00-05:00,2019-12-09 11:03:00-05:00,L,8413.75,8407.5,8407.75,6.0,-14.5,-1.2083333333333333,SL,1,L|swing
2019-12-09 12:17:00-05:00,2019-12-09 12:17:00-05:00,2019-12-09 12:22:00-05:00,L,8398.0,8391.25,8391.5,6.5,-15.5,-1.1923076923076923,SL,1,L|swing
2019-12-09 12:23:00-05:00,2019-12-09 12:23:00-05:00,2019-12-09 14:14:00-05:00,S,8388.5,8372.25,8400.0,11.5,30.5,1.326086956521739,TP,1,S|swing
2019-12-09 14:50:00-05:00,2019-12-09 14:50:00-05:00,2019-12-09 15:17:00-05:00,S,8381.0,8384.75,8384.5,3.5,-9.5,-1.3571428571428572,SL,1,S|swing
2019-12-10 10:05:00-05:00,2019-12-10 10:05:00-05:00,2019-12-10 15:59:00-05:00,L,8367.5,8358.25,8338.75,28.75,-20.5,-0.3565217391304348,time,1,L|swing
2019-12-11 09:59:00-05:00,2019-12-11 09:59:00-05:00,2019-12-11 15:59:00-05:00,L,8389.5,8404.25,8362.75,26.75,27.5,0.514018691588785,time,1,L|swing
2019-12-12 10:41:00-05:00,2019-12-12 10:41:00-05:00,2019-12-12 10:42:00-05:00,L,8481.25,8478.0,8478.25,3.0,-8.5,-1.4166666666666667,SL,1,L|swing
2019-12-12 14:32:00-05:00,2019-12-12 14:32:00-05:00,2019-12-12 15:59:00-05:00,L,8460.0,8466.5,8418.25,41.75,11.0,0.1317365269461078,time,1,L|swing
2019-12-13 11:20:00-05:00,2019-12-13 11:20:00-05:00,2019-12-13 12:05:00-05:00,S,8464.25,8492.5,8492.25,28.0,-58.5,-1.0446428571428572,SL,1,S|swing
2019-12-13 14:56:00-05:00,2019-12-13 14:56:00-05:00,2019-12-13 15:59:00-05:00,L,8498.0,8492.0,8487.25,10.75,-14.0,-0.6511627906976745,time,1,L|swing
2019-12-18 10:35:00-05:00,2019-12-18 10:35:00-05:00,2019-12-18 11:16:00-05:00,L,8618.25,8633.5,8607.5,10.75,28.5,1.3255813953488371,TP,1,L|swing
2019-12-18 11:53:00-05:00,2019-12-18 11:53:00-05:00,2019-12-18 12:03:00-05:00,L,8634.25,8630.75,8631.0,3.25,-9.0,-1.3846153846153846,SL,1,L|swing
2019-12-18 12:47:00-05:00,2019-12-18 12:47:00-05:00,2019-12-18 13:22:00-05:00,L,8632.75,8629.75,8630.0,2.75,-8.0,-1.4545454545454546,SL,1,L|swing
2019-12-18 13:41:00-05:00,2019-12-18 13:41:00-05:00,2019-12-18 13:48:00-05:00,L,8627.75,8629.25,8626.25,1.5,1.0,0.3333333333333333,TP,1,L|swing
2019-12-18 14:08:00-05:00,2019-12-18 14:08:00-05:00,2019-12-18 15:31:00-05:00,L,8633.25,8626.0,8626.25,7.0,-16.5,-1.1785714285714286,SL,1,L|swing
2019-12-19 10:41:00-05:00,2019-12-19 10:41:00-05:00,2019-12-19 11:32:00-05:00,L,8636.0,8652.75,8624.25,11.75,31.5,1.3404255319148937,TP,1,L|swing
2019-12-19 11:47:00-05:00,2019-12-19 11:47:00-05:00,2019-12-19 15:59:00-05:00,L,8651.5,8668.75,8639.5,12.0,32.5,1.3541666666666667,TP,1,L|swing
2019-12-20 10:59:00-05:00,2019-12-20 10:59:00-05:00,2019-12-20 11:02:00-05:00,L,8698.25,8701.5,8695.5,2.75,4.5,0.8181818181818182,TP,1,L|swing
2019-12-20 11:11:00-05:00,2019-12-20 11:11:00-05:00,2019-12-20 15:45:00-05:00,L,8706.5,8696.25,8696.5,10.0,-22.5,-1.125,SL,1,L|swing
2019-12-23 09:47:00-05:00,2019-12-23 09:47:00-05:00,2019-12-23 10:05:00-05:00,L,8730.5,8722.25,8722.5,8.0,-18.5,-1.15625,SL,1,L|swing
2019-12-23 10:41:00-05:00,2019-12-23 10:41:00-05:00,2019-12-23 11:28:00-05:00,L,8727.75,8734.25,8722.75,5.0,11.0,1.1,TP,1,L|swing
2019-12-23 11:47:00-05:00,2019-12-23 11:47:00-05:00,2019-12-23 12:29:00-05:00,L,8735.75,8729.0,8729.25,6.5,-15.5,-1.1923076923076923,SL,1,L|swing
2019-12-23 13:29:00-05:00,2019-12-23 13:29:00-05:00,2019-12-23 13:48:00-05:00,L,8731.75,8727.5,8727.75,4.0,-10.5,-1.3125,SL,1,L|swing
2019-12-23 14:02:00-05:00,2019-12-23 14:02:00-05:00,2019-12-23 15:17:00-05:00,L,8730.0,8726.0,8726.25,3.75,-10.0,-1.3333333333333333,SL,1,L|swing
2019-12-24 11:32:00-05:00,2019-12-24 11:32:00-05:00,2019-12-24 13:00:00-05:00,S,8724.25,8728.5,8728.25,4.0,-10.5,-1.3125,SL,1,S|swing
2019-12-26 09:35:00-05:00,2019-12-26 09:35:00-05:00,2019-12-26 09:45:00-05:00,L,8746.25,8756.75,8738.75,7.5,19.0,1.2666666666666666,TP,1,L|swing
2019-12-26 13:14:00-05:00,2019-12-26 13:14:00-05:00,2019-12-26 15:59:00-05:00,L,8781.75,8797.0,8771.0,10.75,28.5,1.3255813953488371,TP,1,L|swing
2019-12-27 09:35:00-05:00,2019-12-27 09:35:00-05:00,2019-12-27 09:49:00-05:00,S,8827.25,8812.75,8837.5,10.25,27.0,1.3170731707317074,TP,1,S|swing
2019-12-27 11:23:00-05:00,2019-12-27 11:23:00-05:00,2019-12-27 11:30:00-05:00,S,8813.25,8817.25,8817.0,3.75,-10.0,-1.3333333333333333,SL,1,S|swing
2019-12-27 12:05:00-05:00,2019-12-27 12:05:00-05:00,2019-12-27 15:48:00-05:00,S,8804.0,8780.5,8820.25,16.25,45.0,1.3846153846153846,TP,1,S|swing
2019-12-30 11:41:00-05:00,2019-12-30 11:41:00-05:00,2019-12-30 11:44:00-05:00,S,8728.5,8737.0,8736.75,8.25,-19.0,-1.1515151515151516,SL,1,S|swing
2019-12-30 13:20:00-05:00,2019-12-30 13:20:00-05:00,2019-12-30 15:56:00-05:00,S,8743.25,8724.75,8756.25,13.0,35.0,1.3461538461538463,TP,1,S|swing
2019-12-31 10:35:00-05:00,2019-12-31 10:35:00-05:00,2019-12-31 11:33:00-05:00,S,8719.75,8704.75,8730.25,10.5,28.0,1.3333333333333333,TP,1,S|swing
2019-12-31 13:32:00-05:00,2019-12-31 13:32:00-05:00,2019-12-31 13:39:00-05:00,S,8722.25,8726.0,8725.75,3.5,-9.5,-1.3571428571428572,SL,1,S|swing
2019-12-31 13:44:00-05:00,2019-12-31 13:44:00-05:00,2019-12-31 13:47:00-05:00,S,8726.0,8728.75,8728.5,2.5,-7.5,-1.5,SL,1,S|swing
2020-01-02 09:35:00-05:00,2020-01-02 09:35:00-05:00,2020-01-02 10:15:00-05:00,L,8842.5,8815.0,8815.25,27.25,-57.0,-1.0458715596330275,SL,1,L|swing
2020-01-02 10:50:00-05:00,2020-01-02 10:50:00-05:00,2020-01-02 12:31:00-05:00,L,8817.0,8838.25,8802.25,14.75,40.5,1.3728813559322033,TP,1,L|swing
2020-01-02 12:32:00-05:00,2020-01-02 12:32:00-05:00,2020-01-02 14:18:00-05:00,L,8836.75,8850.75,8826.75,10.0,26.0,1.3,TP,1,L|swing
2020-01-03 11:20:00-05:00,2020-01-03 11:20:00-05:00,2020-01-03 12:01:00-05:00,L,8820.5,8842.5,8805.25,15.25,42.0,1.3770491803278688,TP,1,L|swing
2020-01-03 14:38:00-05:00,2020-01-03 14:38:00-05:00,2020-01-03 15:31:00-05:00,L,8833.25,8821.75,8822.0,11.25,-25.0,-1.1111111111111112,SL,1,L|swing
2020-01-06 12:44:00-05:00,2020-01-06 12:44:00-05:00,2020-01-06 14:12:00-05:00,L,8823.5,8840.75,8811.5,12.0,32.5,1.3541666666666667,TP,1,L|swing
2020-01-07 09:35:00-05:00,2020-01-07 09:35:00-05:00,2020-01-07 09:38:00-05:00,L,8875.75,8855.5,8855.75,20.0,-42.5,-1.0625,SL,1,L|swing
2020-01-07 11:23:00-05:00,2020-01-07 11:23:00-05:00,2020-01-07 14:17:00-05:00,L,8882.25,8862.75,8863.0,19.25,-41.0,-1.0649350649350648,SL,1,L|swing
2020-01-08 11:17:00-05:00,2020-01-08 11:17:00-05:00,2020-01-08 11:42:00-05:00,L,8886.5,8931.25,8856.0,30.5,87.5,1.4344262295081966,TP,1,L|swing
2020-01-08 12:56:00-05:00,2020-01-08 12:56:00-05:00,2020-01-08 15:13:00-05:00,L,8941.25,8960.75,8927.75,13.5,37.0,1.3703703703703705,TP,1,L|swing
2020-01-09 09:53:00-05:00,2020-01-09 09:53:00-05:00,2020-01-09 10:01:00-05:00,L,9011.25,8994.5,8994.75,16.5,-35.5,-1.0757575757575757,SL,1,L|swing
2020-01-09 10:35:00-05:00,2020-01-09 10:35:00-05:00,2020-01-09 11:29:00-05:00,L,9006.0,8993.75,8994.0,12.0,-26.5,-1.1041666666666667,SL,1,L|swing
2020-01-09 11:47:00-05:00,2020-01-09 11:47:00-05:00,2020-01-09 12:20:00-05:00,L,9009.25,8993.25,8993.5,15.75,-34.0,-1.0793650793650793,SL,1,L|swing
2020-01-09 14:53:00-05:00,2020-01-09 14:53:00-05:00,2020-01-09 14:55:00-05:00,L,8993.25,8996.25,8990.75,2.5,4.0,0.8,TP,1,L|swing
2020-01-10 10:26:00-05:00,2020-01-10 10:26:00-05:00,2020-01-10 10:40:00-05:00,S,9025.0,9039.5,9039.25,14.25,-31.0,-1.087719298245614,SL,1,S|swing
2020-01-10 11:05:00-05:00,2020-01-10 11:05:00-05:00,2020-01-10 11:30:00-05:00,S,9034.25,9022.25,9042.75,8.5,22.0,1.2941176470588236,TP,1,S|swing
2020-01-10 14:08:00-05:00,2020-01-10 14:08:00-05:00,2020-01-10 14:33:00-05:00,S,9008.0,8994.75,9017.5,9.5,24.5,1.2894736842105263,TP,1,S|swing
2020-01-13 09:44:00-05:00,2020-01-13 09:44:00-05:00,2020-01-13 11:28:00-05:00,L,9023.0,9051.25,9003.5,19.5,54.5,1.3974358974358974,TP,1,L|swing
2020-01-13 13:05:00-05:00,2020-01-13 13:05:00-05:00,2020-01-13 13:10:00-05:00,L,9063.25,9067.25,9060.0,3.25,6.0,0.9230769230769231,TP,1,L|swing
2020-01-13 14:08:00-05:00,2020-01-13 14:08:00-05:00,2020-01-13 15:54:00-05:00,L,9069.75,9082.75,9060.5,9.25,24.0,1.2972972972972974,TP,1,L|swing
2020-01-14 11:11:00-05:00,2020-01-14 11:11:00-05:00,2020-01-14 11:57:00-05:00,S,9066.75,9075.25,9075.0,8.25,-19.0,-1.1515151515151516,SL,1,S|swing
2020-01-14 13:44:00-05:00,2020-01-14 13:44:00-05:00,2020-01-14 15:59:00-05:00,S,9061.25,9050.75,9095.25,34.0,19.0,0.27941176470588236,time,1,S|swing
2020-01-15 11:14:00-05:00,2020-01-15 11:14:00-05:00,2020-01-15 11:58:00-05:00,L,9080.25,9070.25,9070.5,9.75,-22.0,-1.1282051282051282,SL,1,L|swing
2020-01-15 12:02:00-05:00,2020-01-15 12:02:00-05:00,2020-01-15 12:52:00-05:00,L,9078.0,9068.5,9068.75,9.25,-21.0,-1.135135135135135,SL,1,L|swing
2020-01-15 13:11:00-05:00,2020-01-15 13:11:00-05:00,2020-01-15 15:59:00-05:00,S,9059.5,9052.75,9085.0,25.5,11.5,0.22549019607843138,time,1,S|swing
2020-01-16 10:47:00-05:00,2020-01-16 10:47:00-05:00,2020-01-16 10:51:00-05:00,L,9102.25,9097.0,9097.25,5.0,-12.5,-1.25,SL,1,L|swing
2020-01-16 12:02:00-05:00,2020-01-16 12:02:00-05:00,2020-01-16 15:35:00-05:00,L,9096.25,9116.75,9082.0,14.25,39.0,1.368421052631579,TP,1,L|swing
2020-01-17 10:29:00-05:00,2020-01-17 10:29:00-05:00,2020-01-17 10:56:00-05:00,L,9164.25,9144.5,9144.75,19.5,-41.5,-1.064102564102564,SL,1,L|swing
2020-01-17 11:17:00-05:00,2020-01-17 11:17:00-05:00,2020-01-17 12:26:00-05:00,S,9132.0,9156.0,9155.75,23.75,-50.0,-1.0526315789473684,SL,1,S|swing
2020-01-17 12:59:00-05:00,2020-01-17 12:59:00-05:00,2020-01-17 13:10:00-05:00,S,9146.75,9157.0,9156.75,10.0,-22.5,-1.125,SL,1,S|swing
2020-01-17 13:20:00-05:00,2020-01-17 13:20:00-05:00,2020-01-17 15:52:00-05:00,L,9157.5,9173.75,9146.0,11.5,30.5,1.326086956521739,TP,1,L|swing
2020-01-20 10:35:00-05:00,2020-01-20 10:35:00-05:00,2020-01-20 11:27:00-05:00,S,9162.25,9171.75,9171.5,9.25,-21.0,-1.135135135135135,SL,1,S|swing
2020-01-20 11:29:00-05:00,2020-01-20 11:29:00-05:00,2020-01-20 12:49:00-05:00,L,9171.75,9173.5,9164.5,7.25,1.5,0.10344827586206896,time,1,L|swing
2020-01-21 10:53:00-05:00,2020-01-21 10:53:00-05:00,2020-01-21 11:16:00-05:00,L,9171.75,9187.0,9161.0,10.75,28.5,1.3255813953488371,TP,1,L|swing
2020-01-21 12:20:00-05:00,2020-01-21 12:20:00-05:00,2020-01-21 13:18:00-05:00,L,9191.5,9187.5,9187.75,3.75,-10.0,-1.3333333333333333,SL,1,L|swing
2020-01-21 14:17:00-05:00,2020-01-21 14:17:00-05:00,2020-01-21 15:59:00-05:00,L,9173.25,9179.5,9151.75,21.5,10.5,0.2441860465116279,time,1,L|swing
2020-01-22 11:05:00-05:00,2020-01-22 11:05:00-05:00,2020-01-22 11:07:00-05:00,L,9233.75,9229.5,9229.75,4.0,-10.5,-1.3125,SL,1,L|swing
2020-01-22 11:59:00-05:00,2020-01-22 11:59:00-05:00,2020-01-22 12:14:00-05:00,L,9231.0,9224.25,9224.5,6.5,-15.5,-1.1923076923076923,SL,1,L|swing
2020-01-22 13:59:00-05:00,2020-01-22 13:59:00-05:00,2020-01-22 15:17:00-05:00,S,9228.25,9202.5,9246.0,17.75,49.5,1.3943661971830985,TP,1,S|swing
2020-01-23 09:53:00-05:00,2020-01-23 09:53:00-05:00,2020-01-23 10:07:00-05:00,S,9171.75,9201.75,9201.5,29.75,-62.0,-1.0420168067226891,SL,1,S|swing
2020-01-23 10:56:00-05:00,2020-01-23 10:56:00-05:00,2020-01-23 14:02:00-05:00,S,9189.25,9215.75,9215.5,26.25,-55.0,-1.0476190476190477,SL,1,S|swing
2020-01-24 10:02:00-05:00,2020-01-24 10:02:00-05:00,2020-01-24 10:20:00-05:00,S,9262.75,9244.25,9275.75,13.0,35.0,1.3461538461538463,TP,1,S|swing
2020-01-24 10:50:00-05:00,2020-01-24 10:50:00-05:00,2020-01-24 11:04:00-05:00,S,9238.0,9250.25,9250.0,12.0,-26.5,-1.1041666666666667,SL,1,S|swing
2020-01-24 11:26:00-05:00,2020-01-24 11:26:00-05:00,2020-01-24 12:18:00-05:00,S,9221.0,9169.25,9256.0,35.0,101.5,1.45,TP,1,S|swing
2020-01-24 12:44:00-05:00,2020-01-24 12:44:00-05:00,2020-01-24 12:49:00-05:00,S,9192.5,9200.0,9199.75,7.25,-17.0,-1.1724137931034482,SL,1,S|swing
2020-01-24 13:32:00-05:00,2020-01-24 13:32:00-05:00,2020-01-24 14:23:00-05:00,S,9158.25,9111.75,9189.75,31.5,91.0,1.4444444444444444,TP,1,S|swing
2020-01-27 10:44:00-05:00,2020-01-27 10:44:00-05:00,2020-01-27 12:16:00-05:00,S,8967.5,8994.75,8994.5,27.0,-56.5,-1.0462962962962963,SL,1,S|swing
2020-01-27 13:35:00-05:00,2020-01-27 13:35:00-05:00,2020-01-27 14:01:00-05:00,L,9007.25,8986.25,8986.5,20.75,-44.0,-1.0602409638554218,SL,1,L|swing
2020-01-27 14:26:00-05:00,2020-01-27 14:26:00-05:00,2020-01-27 14:49:00-05:00,L,9003.5,8981.0,8981.25,22.25,-47.0,-1.0561797752808988,SL,1,L|swing
2020-01-28 09:38:00-05:00,2020-01-28 09:38:00-05:00,2020-01-28 10:24:00-05:00,S,9006.75,9040.25,9040.0,33.25,-69.0,-1.037593984962406,SL,1,S|swing
2020-01-28 13:26:00-05:00,2020-01-28 13:26:00-05:00,2020-01-28 14:14:00-05:00,L,9093.5,9110.25,9081.75,11.75,31.5,1.3404255319148937,TP,1,L|swing
2020-01-29 12:02:00-05:00,2020-01-29 12:02:00-05:00,2020-01-29 12:04:00-05:00,S,9126.25,9130.0,9129.75,3.5,-9.5,-1.3571428571428572,SL,1,S|swing
2020-01-29 12:11:00-05:00,2020-01-29 12:11:00-05:00,2020-01-29 15:59:00-05:00,L,9130.75,9107.5,9107.75,23.0,-48.5,-1.0543478260869565,SL,1,L|swing
2020-01-30 10:08:00-05:00,2020-01-30 10:08:00-05:00,2020-01-30 10:18:00-05:00,L,9103.0,9079.5,9079.75,23.25,-49.0,-1.053763440860215,SL,1,L|swing
2020-01-30 11:35:00-05:00,2020-01-30 11:35:00-05:00,2020-01-30 12:40:00-05:00,L,9067.75,9036.0,9036.25,31.5,-65.5,-1.0396825396825398,SL,1,L|swing
2020-01-30 13:35:00-05:00,2020-01-30 13:35:00-05:00,2020-01-30 14:07:00-05:00,S,9055.0,9062.5,9062.25,7.25,-17.0,-1.1724137931034482,SL,1,S|swing
2020-01-31 12:17:00-05:00,2020-01-31 12:17:00-05:00,2020-01-31 15:15:00-05:00,S,9041.25,8995.25,9072.5,31.25,90.0,1.44,TP,1,S|swing
2020-02-03 11:20:00-05:00,2020-02-03 11:20:00-05:00,2020-02-03 11:38:00-05:00,L,9142.0,9120.25,9120.5,21.5,-45.5,-1.058139534883721,SL,1,L|swing
2020-02-03 12:05:00-05:00,2020-02-03 12:05:00-05:00,2020-02-03 15:59:00-05:00,L,9124.75,9131.0,9103.5,21.25,10.5,0.24705882352941178,time,1,L|swing
2020-02-04 10:32:00-05:00,2020-02-04 10:32:00-05:00,2020-02-04 11:34:00-05:00,L,9279.5,9319.75,9252.0,27.5,78.5,1.4272727272727272,TP,1,L|swing
2020-02-04 12:35:00-05:00,2020-02-04 12:35:00-05:00,2020-02-04 13:04:00-05:00,L,9324.25,9330.75,9319.25,5.0,11.0,1.1,TP,1,L|swing
2020-02-04 13:05:00-05:00,2020-02-04 13:05:00-05:00,2020-02-04 13:16:00-05:00,L,9331.25,9321.25,9321.5,9.75,-22.0,-1.1282051282051282,SL,1,L|swing
2020-02-04 13:32:00-05:00,2020-02-04 13:32:00-05:00,2020-02-04 14:41:00-05:00,L,9324.5,9344.75,9310.5,14.0,38.5,1.375,TP,1,L|swing
2020-02-05 10:47:00-05:00,2020-02-05 10:47:00-05:00,2020-02-05 14:54:00-05:00,S,9332.25,9382.25,9382.0,49.75,-102.0,-1.0251256281407035,SL,1,S|swing
2020-02-06 10:17:00-05:00,2020-02-06 10:17:00-05:00,2020-02-06 10:40:00-05:00,S,9402.5,9419.0,9418.75,16.25,-35.0,-1.0769230769230769,SL,1,S|swing
2020-02-06 12:38:00-05:00,2020-02-06 12:38:00-05:00,2020-02-06 15:21:00-05:00,L,9443.75,9430.0,9430.25,13.5,-29.5,-1.0925925925925926,SL,1,L|swing
2020-02-07 09:44:00-05:00,2020-02-07 09:44:00-05:00,2020-02-07 10:30:00-05:00,S,9396.0,9425.0,9424.75,28.75,-60.0,-1.0434782608695652,SL,1,S|swing
2020-02-07 12:50:00-05:00,2020-02-07 12:50:00-05:00,2020-02-07 12:51:00-05:00,L,9448.75,9452.0,9446.0,2.75,4.5,0.8181818181818182,TP,1,L|swing
2020-02-10 11:02:00-05:00,2020-02-10 11:02:00-05:00,2020-02-10 11:13:00-05:00,L,9462.5,9456.5,9456.75,5.75,-14.0,-1.2173913043478262,SL,1,L|swing
2020-02-10 11:14:00-05:00,2020-02-10 11:14:00-05:00,2020-02-10 11:22:00-05:00,L,9458.0,9463.25,9454.0,4.0,8.5,1.0625,TP,1,L|swing
2020-02-10 11:41:00-05:00,2020-02-10 11:41:00-05:00,2020-02-10 15:10:00-05:00,L,9473.25,9501.25,9454.0,19.25,54.0,1.4025974025974026,TP,1,L|swing
2020-02-11 10:14:00-05:00,2020-02-11 10:14:00-05:00,2020-02-11 11:41:00-05:00,L,9588.75,9556.0,9556.25,32.5,-67.5,-1.0384615384615385,SL,1,L|swing
2020-02-11 14:02:00-05:00,2020-02-11 14:02:00-05:00,2020-02-11 15:59:00-05:00,S,9548.0,9525.5,9584.0,36.0,43.0,0.5972222222222222,time,1,S|swing
2020-02-12 10:05:00-05:00,2020-02-12 10:05:00-05:00,2020-02-12 11:25:00-05:00,S,9566.0,9604.25,9604.0,38.0,-78.5,-1.0328947368421053,SL,1,S|swing
2020-02-12 14:08:00-05:00,2020-02-12 14:08:00-05:00,2020-02-12 14:14:00-05:00,L,9607.0,9602.5,9602.75,4.25,-11.0,-1.2941176470588236,SL,1,L|swing
2020-02-12 14:23:00-05:00,2020-02-12 14:23:00-05:00,2020-02-12 15:11:00-05:00,L,9607.75,9600.5,9600.75,7.0,-16.5,-1.1785714285714286,SL,1,L|swing
2020-02-13 12:44:00-05:00,2020-02-13 12:44:00-05:00,2020-02-13 12:56:00-05:00,L,9619.25,9615.0,9615.25,4.0,-10.5,-1.3125,SL,1,L|swing
2020-02-13 13:20:00-05:00,2020-02-13 13:20:00-05:00,2020-02-13 13:45:00-05:00,L,9614.0,9634.75,9599.5,14.5,39.5,1.3620689655172413,TP,1,L|swing
2020-02-13 14:53:00-05:00,2020-02-13 14:53:00-05:00,2020-02-13 15:02:00-05:00,L,9634.75,9624.75,9625.0,9.75,-22.0,-1.1282051282051282,SL,1,L|swing
2020-02-14 10:02:00-05:00,2020-02-14 10:02:00-05:00,2020-02-14 11:18:00-05:00,S,9607.75,9640.75,9640.5,32.75,-68.0,-1.0381679389312977,SL,1,S|swing
2020-02-14 11:29:00-05:00,2020-02-14 11:29:00-05:00,2020-02-14 11:39:00-05:00,L,9631.75,9626.75,9627.0,4.75,-12.0,-1.263157894736842,SL,1,L|swing
2020-02-14 13:41:00-05:00,2020-02-14 13:41:00-05:00,2020-02-14 13:53:00-05:00,S,9608.5,9603.75,9612.25,3.75,7.5,1.0,TP,1,S|swing
2020-02-14 14:17:00-05:00,2020-02-14 14:17:00-05:00,2020-02-14 14:33:00-05:00,S,9592.75,9612.5,9612.25,19.5,-41.5,-1.064102564102564,SL,1,S|swing
2020-02-17 11:05:00-05:00,2020-02-17 11:05:00-05:00,2020-02-17 11:39:00-05:00,S,9664.0,9667.25,9667.0,3.0,-8.5,-1.4166666666666667,SL,1,S|swing
2020-02-17 12:23:00-05:00,2020-02-17 12:23:00-05:00,2020-02-17 12:45:00-05:00,S,9663.0,9668.25,9668.0,5.0,-12.5,-1.25,SL,1,S|swing
2020-02-18 10:47:00-05:00,2020-02-18 10:47:00-05:00,2020-02-18 11:26:00-05:00,L,9622.25,9593.0,9593.25,29.0,-60.5,-1.043103448275862,SL,1,L|swing
2020-02-18 11:35:00-05:00,2020-02-18 11:35:00-05:00,2020-02-18 11:39:00-05:00,L,9596.5,9587.5,9587.75,8.75,-20.0,-1.1428571428571428,SL,1,L|swing
2020-02-18 12:26:00-05:00,2020-02-18 12:26:00-05:00,2020-02-18 13:10:00-05:00,L,9597.75,9625.75,9578.5,19.25,54.0,1.4025974025974026,TP,1,L|swing
2020-02-18 13:41:00-05:00,2020-02-18 13:41:00-05:00,2020-02-18 13:51:00-05:00,L,9621.5,9618.25,9618.5,3.0,-8.5,-1.4166666666666667,SL,1,L|swing
2020-02-18 13:56:00-05:00,2020-02-18 13:56:00-05:00,2020-02-18 14:09:00-05:00,L,9614.0,9610.75,9611.0,3.0,-8.5,-1.4166666666666667,SL,1,L|swing
2020-02-18 14:20:00-05:00,2020-02-18 14:20:00-05:00,2020-02-18 15:13:00-05:00,L,9626.0,9653.25,9607.25,18.75,52.5,1.4,TP,1,L|swing
2020-02-19 12:44:00-05:00,2020-02-19 12:44:00-05:00,2020-02-19 12:49:00-05:00,L,9737.0,9742.75,9732.5,4.5,9.5,1.0555555555555556,TP,1,L|swing
2020-02-19 13:56:00-05:00,2020-02-19 13:56:00-05:00,2020-02-19 13:58:00-05:00,L,9736.5,9732.5,9732.75,3.75,-10.0,-1.3333333333333333,SL,1,L|swing
2020-02-20 09:44:00-05:00,2020-02-20 09:44:00-05:00,2020-02-20 10:06:00-05:00,S,9697.5,9719.5,9719.25,21.75,-46.0,-1.0574712643678161,SL,1,S|swing
2020-02-20 10:56:00-05:00,2020-02-20 10:56:00-05:00,2020-02-20 11:10:00-05:00,S,9702.5,9679.25,9718.5,16.0,44.5,1.390625,TP,1,S|swing
2020-02-20 13:59:00-05:00,2020-02-20 13:59:00-05:00,2020-02-20 14:04:00-05:00,S,9587.25,9610.0,9609.75,22.5,-47.5,-1.0555555555555556,SL,1,S|swing
2020-02-20 14:14:00-05:00,2020-02-20 14:14:00-05:00,2020-02-20 14:32:00-05:00,S,9617.0,9625.0,9624.75,7.75,-18.0,-1.1612903225806452,SL,1,S|swing
2020-02-20 14:53:00-05:00,2020-02-20 14:53:00-05:00,2020-02-20 15:56:00-05:00,S,9614.75,9640.5,9640.25,25.5,-53.5,-1.0490196078431373,SL,1,S|swing
2020-02-21 09:35:00-05:00,2020-02-21 09:35:00-05:00,2020-02-21 09:49:00-05:00,S,9561.5,9496.0,9605.75,44.25,129.0,1.4576271186440677,TP,1,S|swing
2020-02-21 10:53:00-05:00,2020-02-21 10:53:00-05:00,2020-02-21 12:05:00-05:00,S,9505.25,9531.75,9531.5,26.25,-55.0,-1.0476190476190477,SL,1,S|swing
2020-02-21 12:32:00-05:00,2020-02-21 12:32:00-05:00,2020-02-21 13:46:00-05:00,S,9497.5,9440.75,9536.0,38.5,111.5,1.448051948051948,TP,1,S|swing
2020-02-24 10:35:00-05:00,2020-02-24 10:35:00-05:00,2020-02-24 15:59:00-05:00,S,9126.75,9085.25,9202.5,75.75,81.0,0.5346534653465347,time,1,S|swing
2020-02-25 10:17:00-05:00,2020-02-25 10:17:00-05:00,2020-02-25 10:28:00-05:00,S,9104.25,9039.5,9148.0,43.75,127.5,1.457142857142857,TP,1,S|swing
2020-02-25 10:50:00-05:00,2020-02-25 10:50:00-05:00,2020-02-25 14:00:00-05:00,S,9022.75,8910.0,9098.5,75.75,223.5,1.4752475247524752,TP,1,S|swing
2020-02-26 11:38:00-05:00,2020-02-26 11:38:00-05:00,2020-02-26 11:50:00-05:00,L,9009.25,8971.5,8971.75,37.5,-77.5,-1.0333333333333334,SL,1,L|swing
2020-02-26 12:50:00-05:00,2020-02-26 12:50:00-05:00,2020-02-26 13:32:00-05:00,L,8946.25,8897.5,8897.75,48.5,-99.5,-1.0257731958762886,SL,1,L|swing
2020-02-26 14:26:00-05:00,2020-02-26 14:26:00-05:00,2020-02-26 14:29:00-05:00,S,8894.5,8879.75,8905.0,10.5,27.5,1.3095238095238095,TP,1,S|swing
2020-02-27 13:20:00-05:00,2020-02-27 13:20:00-05:00,2020-02-27 13:27:00-05:00,L,8746.25,8719.25,8719.5,26.75,-56.0,-1.0467289719626167,SL,1,L|swing
2020-02-27 13:29:00-05:00,2020-02-27 13:29:00-05:00,2020-02-27 15:00:00-05:00,S,8701.5,8585.25,8779.5,78.0,230.5,1.4775641025641026,TP,1,S|swing
2020-02-28 10:32:00-05:00,2020-02-28 10:32:00-05:00,2020-02-28 10:53:00-05:00,S,8200.0,8259.0,8258.75,58.75,-120.0,-1.0212765957446808,SL,1,S|swing
2020-02-28 10:59:00-05:00,2020-02-28 10:59:00-05:00,2020-02-28 11:43:00-05:00,L,8288.0,8462.25,8171.25,116.75,346.5,1.4839400428265526,TP,1,L|swing
2020-02-28 12:26:00-05:00,2020-02-28 12:26:00-05:00,2020-02-28 12:38:00-05:00,L,8343.25,8415.5,8294.5,48.75,142.5,1.4615384615384615,TP,1,L|swing
2020-02-28 12:47:00-05:00,2020-02-28 12:47:00-05:00,2020-02-28 13:34:00-05:00,L,8360.0,8302.75,8303.0,57.0,-116.5,-1.0219298245614035,SL,1,L|swing
2020-02-28 14:41:00-05:00,2020-02-28 14:41:00-05:00,2020-02-28 15:44:00-05:00,L,8348.5,8241.5,8241.75,106.75,-216.0,-1.0117096018735363,SL,1,L|swing
2020-03-02 09:38:00-05:00,2020-03-02 09:38:00-05:00,2020-03-02 09:45:00-05:00,L,8518.5,8568.75,8484.5,34.0,98.5,1.4485294117647058,TP,1,L|swing
2020-03-02 10:14:00-05:00,2020-03-02 10:14:00-05:00,2020-03-02 10:22:00-05:00,L,8511.5,8451.25,8451.5,60.0,-122.5,-1.0208333333333333,SL,1,L|swing
2020-03-02 10:56:00-05:00,2020-03-02 10:56:00-05:00,2020-03-02 15:53:00-05:00,L,8592.0,8808.25,8447.25,144.75,430.5,1.4870466321243523,TP,1,L|swing
2020-03-03 10:56:00-05:00,2020-03-03 10:56:00-05:00,2020-03-03 11:05:00-05:00,L,8919.75,8874.0,8874.25,45.5,-93.5,-1.0274725274725274,SL,1,L|swing
2020-03-03 11:20:00-05:00,2020-03-03 11:20:00-05:00,2020-03-03 14:06:00-05:00,S,8780.0,8543.75,8938.0,158.0,470.5,1.4889240506329113,TP,1,S|swing
2020-03-04 09:35:00-05:00,2020-03-04 09:35:00-05:00,2020-03-04 10:22:00-05:00,S,8722.25,8783.5,8783.25,61.0,-124.5,-1.0204918032786885,SL,1,S|swing
2020-03-04 11:17:00-05:00,2020-03-04 11:17:00-05:00,2020-03-04 11:28:00-05:00,S,8731.75,8759.0,8758.75,27.0,-56.5,-1.0462962962962963,SL,1,S|swing
2020-03-04 11:59:00-05:00,2020-03-04 11:59:00-05:00,2020-03-04 12:29:00-05:00,S,8719.5,8772.5,8772.25,52.75,-108.0,-1.0236966824644549,SL,1,S|swing
2020-03-04 12:35:00-05:00,2020-03-04 12:35:00-05:00,2020-03-04 13:06:00-05:00,L,8772.75,8837.25,8729.25,43.5,127.0,1.4597701149425288,TP,1,L|swing
2020-03-05 09:56:00-05:00,2020-03-05 09:56:00-05:00,2020-03-05 10:18:00-05:00,S,8716.5,8782.75,8782.5,66.0,-134.5,-1.018939393939394,SL,1,S|swing
2020-03-05 10:50:00-05:00,2020-03-05 10:50:00-05:00,2020-03-05 11:18:00-05:00,L,8806.5,8859.75,8770.5,36.0,104.5,1.4513888888888888,TP,1,L|swing
2020-03-05 11:26:00-05:00,2020-03-05 11:26:00-05:00,2020-03-05 11:55:00-05:00,L,8848.25,8786.75,8787.0,61.25,-125.0,-1.0204081632653061,SL,1,L|swing
2020-03-05 13:50:00-05:00,2020-03-05 13:50:00-05:00,2020-03-05 13:53:00-05:00,S,8733.25,8715.25,8745.75,12.5,34.0,1.36,TP,1,S|swing
2020-03-05 14:23:00-05:00,2020-03-05 14:23:00-05:00,2020-03-05 15:59:00-05:00,S,8669.5,8671.75,8727.75,58.25,-6.5,-0.055793991416309016,time,1,S|swing
2020-03-06 09:50:00-05:00,2020-03-06 09:50:00-05:00,2020-03-06 10:16:00-05:00,S,8385.75,8462.5,8462.25,76.5,-155.5,-1.0163398692810457,SL,1,S|swing
2020-03-06 10:38:00-05:00,2020-03-06 10:38:00-05:00,2020-03-06 12:12:00-05:00,L,8511.0,8394.5,8394.75,116.25,-235.0,-1.010752688172043,SL,1,L|swing
2020-03-09 10:56:00-04:00,2020-03-09 10:56:00-04:00,2020-03-09 11:17:00-04:00,S,8053.5,8134.0,8133.75,80.25,-163.0,-1.0155763239875388,SL,1,S|swing
2020-03-09 12:35:00-04:00,2020-03-09 12:35:00-04:00,2020-03-09 15:59:00-04:00,S,8120.75,7942.0,8240.5,119.75,355.5,1.4843423799582462,TP,1,S|swing
2020-03-10 09:35:00-04:00,2020-03-10 09:35:00-04:00,2020-03-10 10:12:00-04:00,S,8186.5,8245.25,8245.0,58.5,-119.5,-1.0213675213675213,SL,1,S|swing
2020-03-10 10:26:00-04:00,2020-03-10 10:26:00-04:00,2020-03-10 10:46:00-04:00,S,8205.5,8131.25,8255.5,50.0,146.5,1.465,TP,1,S|swing
2020-03-10 10:47:00-04:00,2020-03-10 10:47:00-04:00,2020-03-10 15:18:00-04:00,S,8124.75,8255.75,8255.5,130.75,-264.0,-1.0095602294455066,SL,1,S|swing
2020-03-11 10:56:00-04:00,2020-03-11 10:56:00-04:00,2020-03-11 12:18:00-04:00,S,8096.25,8163.25,8163.0,66.75,-136.0,-1.0187265917602997,SL,1,S|swing
2020-03-11 12:32:00-04:00,2020-03-11 12:32:00-04:00,2020-03-11 13:04:00-04:00,S,8113.25,8017.75,8177.5,64.25,189.0,1.4708171206225682,TP,1,S|swing
2020-03-12 10:02:00-04:00,2020-03-12 10:02:00-04:00,2020-03-12 10:54:00-04:00,S,7514.25,7602.0,7601.75,87.5,-177.5,-1.0142857142857142,SL,1,S|swing
2020-03-12 10:56:00-04:00,2020-03-12 10:56:00-04:00,2020-03-12 11:00:00-04:00,S,7596.75,7569.5,7615.5,18.75,52.5,1.4,TP,1,S|swing
2020-03-12 12:41:00-04:00,2020-03-12 12:41:00-04:00,2020-03-12 12:53:00-04:00,S,7365.25,7447.25,7447.0,81.75,-166.0,-1.0152905198776758,SL,1,S|swing
2020-03-12 14:02:00-04:00,2020-03-12 14:02:00-04:00,2020-03-12 15:06:00-04:00,S,7495.0,7366.25,7581.5,86.5,255.5,1.476878612716763,TP,1,S|swing
2020-03-13 10:26:00-04:00,2020-03-13 10:26:00-04:00,2020-03-13 10:57:00-04:00,L,7633.0,7465.5,7465.75,167.25,-337.0,-1.007473841554559,SL,1,L|swing
2020-03-13 11:05:00-04:00,2020-03-13 11:05:00-04:00,2020-03-13 11:43:00-04:00,S,7480.0,7328.75,7581.5,101.5,300.5,1.480295566502463,TP,1,S|swing
2020-03-13 12:41:00-04:00,2020-03-13 12:41:00-04:00,2020-03-13 15:47:00-04:00,L,7499.25,7699.75,7365.0,134.25,399.0,1.4860335195530727,TP,1,L|swing
2020-03-18 09:35:00-04:00,2020-03-18 09:35:00-04:00,2020-03-18 09:53:00-04:00,S,7095.75,7184.0,7183.75,88.0,-178.5,-1.0142045454545454,SL,1,S|swing
2020-03-18 09:59:00-04:00,2020-03-18 09:59:00-04:00,2020-03-18 13:29:00-04:00,L,7218.75,6943.5,6943.75,275.0,-552.5,-1.0045454545454546,SL,1,L|swing
2020-03-18 14:41:00-04:00,2020-03-18 14:41:00-04:00,2020-03-18 14:54:00-04:00,S,6910.0,6951.25,6951.0,41.0,-84.5,-1.0304878048780488,SL,1,S|swing
2020-03-19 09:35:00-04:00,2020-03-19 09:35:00-04:00,2020-03-19 09:57:00-04:00,S,7067.25,7199.5,7199.25,132.0,-266.5,-1.009469696969697,SL,1,S|swing
2020-03-19 11:23:00-04:00,2020-03-19 11:23:00-04:00,2020-03-19 15:59:00-04:00,L,7373.5,7270.5,7191.25,182.25,-208.0,-0.5706447187928669,time,1,L|swing
2020-03-20 09:44:00-04:00,2020-03-20 09:44:00-04:00,2020-03-20 10:56:00-04:00,S,7322.25,7476.5,7476.25,154.0,-310.5,-1.0081168831168832,SL,1,S|swing
2020-03-20 11:20:00-04:00,2020-03-20 11:20:00-04:00,2020-03-20 12:20:00-04:00,S,7364.0,7193.5,7478.25,114.25,339.0,1.4835886214442013,TP,1,S|swing
2020-03-20 13:47:00-04:00,2020-03-20 13:47:00-04:00,2020-03-20 14:26:00-04:00,S,7248.75,7159.75,7308.75,60.0,176.0,1.4666666666666666,TP,1,S|swing
2020-03-23 09:59:00-04:00,2020-03-23 09:59:00-04:00,2020-03-23 11:26:00-04:00,L,7031.5,6833.75,6834.0,197.5,-397.5,-1.0063291139240507,SL,1,L|swing
2020-03-23 12:20:00-04:00,2020-03-23 12:20:00-04:00,2020-03-23 13:12:00-04:00,L,6918.0,7113.75,6787.0,131.0,389.5,1.4866412213740459,TP,1,L|swing
2020-03-24 10:02:00-04:00,2020-03-24 10:02:00-04:00,2020-03-24 10:14:00-04:00,L,7348.25,7403.25,7311.0,37.25,108.0,1.4496644295302012,TP,1,L|swing
2020-03-24 10:38:00-04:00,2020-03-24 10:38:00-04:00,2020-03-24 11:06:00-04:00,L,7412.0,7351.25,7351.5,60.5,-123.5,-1.0206611570247934,SL,1,L|swing
2020-03-24 11:35:00-04:00,2020-03-24 11:35:00-04:00,2020-03-24 13:59:00-04:00,L,7429.25,7342.5,7342.75,86.5,-175.5,-1.0144508670520231,SL,1,L|swing
2020-03-24 14:02:00-04:00,2020-03-24 14:02:00-04:00,2020-03-24 14:56:00-04:00,S,7353.25,7439.5,7439.25,86.0,-174.5,-1.0145348837209303,SL,1,S|swing
2020-03-25 10:35:00-04:00,2020-03-25 10:35:00-04:00,2020-03-25 10:37:00-04:00,S,7444.25,7477.0,7476.75,32.5,-67.5,-1.0384615384615385,SL,1,S|swing
2020-03-25 11:44:00-04:00,2020-03-25 11:44:00-04:00,2020-03-25 12:03:00-04:00,S,7481.0,7537.25,7537.0,56.0,-114.5,-1.0223214285714286,SL,1,S|swing
2020-03-25 12:11:00-04:00,2020-03-25 12:11:00-04:00,2020-03-25 13:17:00-04:00,L,7545.25,7672.75,7459.75,85.5,253.0,1.4795321637426901,TP,1,L|swing
2020-03-26 10:50:00-04:00,2020-03-26 10:50:00-04:00,2020-03-26 10:53:00-04:00,L,7648.5,7627.0,7627.25,21.25,-45.0,-1.0588235294117647,SL,1,L|swing
2020-03-26 11:14:00-04:00,2020-03-26 11:14:00-04:00,2020-03-26 11:29:00-04:00,L,7660.5,7717.75,7621.75,38.75,112.5,1.4516129032258065,TP,1,L|swing
2020-03-26 14:08:00-04:00,2020-03-26 14:08:00-04:00,2020-03-26 14:33:00-04:00,L,7703.75,7765.25,7662.25,41.5,121.0,1.4578313253012047,TP,1,L|swing
2020-03-27 09:38:00-04:00,2020-03-27 09:38:00-04:00,2020-03-27 09:40:00-04:00,S,7670.25,7636.75,7693.25,23.0,65.0,1.4130434782608696,TP,1,S|swing
2020-03-27 10:11:00-04:00,2020-03-27 10:11:00-04:00,2020-03-27 10:16:00-04:00,S,7644.5,7620.75,7661.0,16.5,45.5,1.378787878787879,TP,1,S|swing
2020-03-27 12:29:00-04:00,2020-03-27 12:29:00-04:00,2020-03-27 12:31:00-04:00,S,7611.25,7628.25,7628.0,16.75,-36.0,-1.0746268656716418,SL,1,S|swing
2020-03-27 14:08:00-04:00,2020-03-27 14:08:00-04:00,2020-03-27 14:19:00-04:00,L,7678.0,7706.25,7658.5,19.5,54.5,1.3974358974358974,TP,1,L|swing
2020-03-27 14:44:00-04:00,2020-03-27 14:44:00-04:00,2020-03-27 14:50:00-04:00,L,7700.0,7684.75,7685.0,15.0,-32.5,-1.0833333333333333,SL,1,L|swing
2020-03-30 11:44:00-04:00,2020-03-30 11:44:00-04:00,2020-03-30 12:00:00-04:00,L,7815.75,7788.0,7788.25,27.5,-57.5,-1.0454545454545454,SL,1,L|swing
2020-03-30 13:23:00-04:00,2020-03-30 13:23:00-04:00,2020-03-30 13:41:00-04:00,L,7830.0,7801.25,7801.5,28.5,-59.5,-1.043859649122807,SL,1,L|swing
2020-03-30 14:29:00-04:00,2020-03-30 14:29:00-04:00,2020-03-30 15:59:00-04:00,L,7829.0,7865.25,7783.5,45.5,70.5,0.7747252747252747,time,1,L|swing
2020-03-31 09:47:00-04:00,2020-03-31 09:47:00-04:00,2020-03-31 10:06:00-04:00,S,7821.25,7875.75,7875.5,54.25,-111.0,-1.023041474654378,SL,1,S|swing
2020-03-31 12:20:00-04:00,2020-03-31 12:20:00-04:00,2020-03-31 15:14:00-04:00,S,7891.25,7803.75,7950.25,59.0,173.0,1.4661016949152543,TP,1,S|swing
2020-04-01 11:02:00-04:00,2020-04-01 11:02:00-04:00,2020-04-01 11:10:00-04:00,L,7643.0,7677.0,7619.75,23.25,66.0,1.4193548387096775,TP,1,L|swing
2020-04-01 12:08:00-04:00,2020-04-01 12:08:00-04:00,2020-04-01 14:55:00-04:00,S,7571.25,7481.25,7631.75,60.5,178.0,1.4710743801652892,TP,1,S|swing
2020-04-02 09:44:00-04:00,2020-04-02 09:44:00-04:00,2020-04-02 10:12:00-04:00,S,7440.25,7521.5,7521.25,81.0,-164.5,-1.0154320987654322,SL,1,S|swing
2020-04-02 11:47:00-04:00,2020-04-02 11:47:00-04:00,2020-04-02 13:17:00-04:00,L,7590.5,7532.0,7532.25,58.25,-119.0,-1.0214592274678111,SL,1,L|swing
2020-04-02 13:23:00-04:00,2020-04-02 13:23:00-04:00,2020-04-02 13:26:00-04:00,L,7546.25,7524.75,7525.0,21.25,-45.0,-1.0588235294117647,SL,1,L|swing
2020-04-02 13:59:00-04:00,2020-04-02 13:59:00-04:00,2020-04-02 14:03:00-04:00,S,7518.0,7484.0,7541.25,23.25,66.0,1.4193548387096775,TP,1,S|swing
2020-04-02 14:35:00-04:00,2020-04-02 14:35:00-04:00,2020-04-02 14:37:00-04:00,S,7478.25,7495.25,7495.0,16.75,-36.0,-1.0746268656716418,SL,1,S|swing
2020-04-02 14:59:00-04:00,2020-04-02 14:59:00-04:00,2020-04-02 15:59:00-04:00,L,7542.25,7617.5,7463.75,78.5,148.5,0.945859872611465,time,1,L|swing
2020-04-03 10:32:00-04:00,2020-04-03 10:32:00-04:00,2020-04-03 14:12:00-04:00,S,7559.25,7425.5,7649.0,89.75,265.5,1.4791086350974931,TP,1,S|swing
2020-04-06 09:53:00-04:00,2020-04-06 09:53:00-04:00,2020-04-06 15:29:00-04:00,L,7841.0,7976.75,7750.0,91.0,269.5,1.4807692307692308,TP,1,L|swing
2020-04-07 11:17:00-04:00,2020-04-07 11:17:00-04:00,2020-04-07 11:18:00-04:00,S,8141.0,8136.25,8144.75,3.75,7.5,1.0,TP,1,S|swing
2020-04-07 11:26:00-04:00,2020-04-07 11:26:00-04:00,2020-04-07 11:28:00-04:00,S,8131.75,8148.25,8148.0,16.25,-35.0,-1.0769230769230769,SL,1,S|swing
2020-04-07 11:32:00-04:00,2020-04-07 11:32:00-04:00,2020-04-07 11:36:00-04:00,S,8167.0,8176.0,8175.75,8.75,-20.0,-1.1428571428571428,SL,1,S|swing
2020-04-07 11:38:00-04:00,2020-04-07 11:38:00-04:00,2020-04-07 14:41:00-04:00,L,8183.0,8102.0,8102.25,80.75,-164.0,-1.0154798761609907,SL,1,L|swing
2020-04-08 09:38:00-04:00,2020-04-08 09:38:00-04:00,2020-04-08 09:49:00-04:00,L,8126.0,8100.25,8100.5,25.5,-53.5,-1.0490196078431373,SL,1,L|swing
2020-04-08 10:32:00-04:00,2020-04-08 10:32:00-04:00,2020-04-08 14:32:00-04:00,L,8106.25,8198.0,8044.5,61.75,181.5,1.4696356275303644,TP,1,L|swing
2020-04-09 10:17:00-04:00,2020-04-09 10:17:00-04:00,2020-04-09 15:59:00-04:00,S,8193.25,8226.25,8314.75,121.5,-68.0,-0.27983539094650206,time,1,S|swing
2020-04-13 09:38:00-04:00,2020-04-13 09:38:00-04:00,2020-04-13 09:47:00-04:00,L,8238.0,8176.0,8176.25,61.75,-126.0,-1.0202429149797572,SL,1,L|swing
2020-04-13 10:11:00-04:00,2020-04-13 10:11:00-04:00,2020-04-13 10:25:00-04:00,L,8224.25,8161.25,8161.5,62.75,-128.0,-1.0199203187250996,SL,1,L|swing
2020-04-13 10:29:00-04:00,2020-04-13 10:29:00-04:00,2020-04-13 11:02:00-04:00,L,8180.0,8155.0,8155.25,24.75,-52.0,-1.0505050505050506,SL,1,L|swing
2020-04-13 11:05:00-04:00,2020-04-13 11:05:00-04:00,2020-04-13 11:26:00-04:00,S,8152.75,8194.5,8194.25,41.5,-85.5,-1.0301204819277108,SL,1,S|swing
2020-04-13 11:53:00-04:00,2020-04-13 11:53:00-04:00,2020-04-13 14:06:00-04:00,L,8210.5,8258.75,8177.75,32.75,94.5,1.4427480916030535,TP,1,L|swing
2020-04-13 14:17:00-04:00,2020-04-13 14:17:00-04:00,2020-04-13 14:26:00-04:00,L,8226.75,8216.5,8216.75,10.0,-22.5,-1.125,SL,1,L|swing
2020-04-13 14:29:00-04:00,2020-04-13 14:29:00-04:00,2020-04-13 15:18:00-04:00,L,8233.5,8260.25,8215.0,18.5,51.5,1.3918918918918919,TP,1,L|swing
2020-04-14 12:05:00-04:00,2020-04-14 12:05:00-04:00,2020-04-14 12:55:00-04:00,L,8609.25,8661.75,8573.75,35.5,103.0,1.4507042253521127,TP,1,L|swing
2020-04-14 13:47:00-04:00,2020-04-14 13:47:00-04:00,2020-04-14 15:59:00-04:00,L,8676.25,8681.25,8638.0,38.25,8.0,0.10457516339869281,time,1,L|swing
2020-04-15 09:44:00-04:00,2020-04-15 09:44:00-04:00,2020-04-15 10:49:00-04:00,S,8500.5,8566.75,8566.5,66.0,-134.5,-1.018939393939394,SL,1,S|swing
2020-04-15 11:05:00-04:00,2020-04-15 11:05:00-04:00,2020-04-15 12:50:00-04:00,S,8550.0,8583.25,8583.0,33.0,-68.5,-1.0378787878787878,SL,1,S|swing
2020-04-15 13:08:00-04:00,2020-04-15 13:08:00-04:00,2020-04-15 13:18:00-04:00,L,8569.25,8588.25,8556.0,13.25,36.0,1.3584905660377358,TP,1,L|swing
2020-04-15 13:53:00-04:00,2020-04-15 13:53:00-04:00,2020-04-15 14:21:00-04:00,L,8585.75,8622.0,8561.0,24.75,70.5,1.4242424242424243,TP,1,L|swing
2020-04-16 09:38:00-04:00,2020-04-16 09:38:00-04:00,2020-04-16 09:46:00-04:00,L,8663.25,8687.75,8646.25,17.0,47.0,1.3823529411764706,TP,1,L|swing
2020-04-16 10:23:00-04:00,2020-04-16 10:23:00-04:00,2020-04-16 11:08:00-04:00,L,8647.0,8728.25,8592.25,54.75,160.5,1.4657534246575343,TP,1,L|swing
2020-04-16 14:26:00-04:00,2020-04-16 14:26:00-04:00,2020-04-16 15:33:00-04:00,L,8675.5,8727.5,8640.25,35.25,102.0,1.446808510638298,TP,1,L|swing
2020-04-17 11:56:00-04:00,2020-04-17 11:56:00-04:00,2020-04-17 12:00:00-04:00,S,8756.5,8740.25,8768.0,11.5,30.5,1.326086956521739,TP,1,S|swing
2020-04-17 12:23:00-04:00,2020-04-17 12:23:00-04:00,2020-04-17 14:35:00-04:00,S,8741.25,8702.75,8767.5,26.25,75.0,1.4285714285714286,TP,1,S|swing
2020-04-17 14:53:00-04:00,2020-04-17 14:53:00-04:00,2020-04-17 15:11:00-04:00,S,8709.5,8738.75,8738.5,29.0,-60.5,-1.043103448275862,SL,1,S|swing
2020-04-20 09:56:00-04:00,2020-04-20 09:56:00-04:00,2020-04-20 10:24:00-04:00,S,8739.5,8785.0,8784.75,45.25,-93.0,-1.0276243093922652,SL,1,S|swing
2020-04-20 10:44:00-04:00,2020-04-20 10:44:00-04:00,2020-04-20 14:29:00-04:00,L,8803.5,8761.5,8761.75,41.75,-86.0,-1.029940119760479,SL,1,L|swing
2020-04-20 14:41:00-04:00,2020-04-20 14:41:00-04:00,2020-04-20 14:59:00-04:00,S,8778.25,8735.25,8807.5,29.25,84.0,1.435897435897436,TP,1,S|swing
2020-04-21 09:35:00-04:00,2020-04-21 09:35:00-04:00,2020-04-21 10:35:00-04:00,S,8591.0,8500.25,8652.0,61.0,179.5,1.471311475409836,TP,1,S|swing
2020-04-21 12:50:00-04:00,2020-04-21 12:50:00-04:00,2020-04-21 13:00:00-04:00,S,8376.75,8397.0,8396.75,20.0,-42.5,-1.0625,SL,1,S|swing
2020-04-21 14:41:00-04:00,2020-04-21 14:41:00-04:00,2020-04-21 15:59:00-04:00,S,8441.75,8391.25,8516.75,75.0,99.0,0.66,time,1,S|swing
2020-04-22 09:35:00-04:00,2020-04-22 09:35:00-04:00,2020-04-22 09:48:00-04:00,L,8581.0,8541.0,8541.25,39.75,-82.0,-1.0314465408805031,SL,1,L|swing
2020-04-22 10:32:00-04:00,2020-04-22 10:32:00-04:00,2020-04-22 13:30:00-04:00,L,8582.75,8638.25,8545.25,37.5,109.0,1.4533333333333334,TP,1,L|swing
2020-04-23 12:05:00-04:00,2020-04-23 12:05:00-04:00,2020-04-23 12:30:00-04:00,L,8734.75,8761.25,8716.5,18.25,51.0,1.3972602739726028,TP,1,L|swing
2020-04-23 12:50:00-04:00,2020-04-23 12:50:00-04:00,2020-04-23 15:59:00-04:00,S,8665.75,8628.25,8765.0,99.25,73.0,0.3677581863979849,time,1,S|swing
2020-04-24 10:35:00-04:00,2020-04-24 10:35:00-04:00,2020-04-24 15:35:00-04:00,L,8661.25,8760.25,8594.75,66.5,196.0,1.4736842105263157,TP,1,L|swing
2020-04-27 09:44:00-04:00,2020-04-27 09:44:00-04:00,2020-04-27 10:18:00-04:00,S,8831.5,8873.75,8873.5,42.0,-86.5,-1.0297619047619047,SL,1,S|swing
2020-04-27 12:02:00-04:00,2020-04-27 12:02:00-04:00,2020-04-27 15:59:00-04:00,S,8832.25,8824.25,8864.0,31.75,14.0,0.2204724409448819,time,1,S|swing
2020-04-28 12:02:00-04:00,2020-04-28 12:02:00-04:00,2020-04-28 14:04:00-04:00,S,8702.25,8753.0,8752.75,50.5,-103.5,-1.0247524752475248,SL,1,S|swing
2020-04-28 14:44:00-04:00,2020-04-28 14:44:00-04:00,2020-04-28 15:49:00-04:00,S,8732.0,8684.25,8764.5,32.5,93.5,1.4384615384615385,TP,1,S|swing
2020-04-29 09:41:00-04:00,2020-04-29 09:41:00-04:00,2020-04-29 09:57:00-04:00,L,8849.25,8898.75,8815.75,33.5,97.0,1.4477611940298507,TP,1,L|swing
2020-04-29 10:05:00-04:00,2020-04-29 10:05:00-04:00,2020-04-29 13:57:00-04:00,L,8880.75,8977.25,8815.75,65.0,191.0,1.4692307692307693,TP,1,L|swing
2020-04-29 14:59:00-04:00,2020-04-29 14:59:00-04:00,2020-04-29 15:59:00-04:00,L,8978.5,8962.75,8941.25,37.25,-33.5,-0.44966442953020136,time,1,L|swing
2020-04-30 10:47:00-04:00,2020-04-30 10:47:00-04:00,2020-04-30 15:59:00-04:00,S,8956.75,8982.5,9009.25,52.5,-53.5,-0.5095238095238095,time,1,S|swing
2020-05-01 09:56:00-04:00,2020-05-01 09:56:00-04:00,2020-05-01 10:06:00-04:00,L,8816.5,8870.75,8779.75,36.75,106.5,1.4489795918367347,TP,1,L|swing
2020-05-01 11:11:00-04:00,2020-05-01 11:11:00-04:00,2020-05-01 11:17:00-04:00,L,8814.25,8800.5,8800.75,13.5,-29.5,-1.0925925925925926,SL,1,L|swing
2020-05-01 11:26:00-04:00,2020-05-01 11:26:00-04:00,2020-05-01 12:04:00-04:00,S,8785.25,8693.25,8847.25,62.0,182.0,1.467741935483871,TP,1,S|swing
2020-05-01 13:05:00-04:00,2020-05-01 13:05:00-04:00,2020-05-01 13:08:00-04:00,S,8708.0,8716.5,8716.25,8.25,-19.0,-1.1515151515151516,SL,1,S|swing
2020-05-01 13:47:00-04:00,2020-05-01 13:47:00-04:00,2020-05-01 14:03:00-04:00,S,8682.5,8701.25,8701.0,18.5,-39.5,-1.0675675675675675,SL,1,S|swing
2020-05-04 09:53:00-04:00,2020-05-04 09:53:00-04:00,2020-05-04 15:42:00-04:00,L,8715.5,8812.5,8650.25,65.25,192.0,1.471264367816092,TP,1,L|swing
2020-05-05 11:14:00-04:00,2020-05-05 11:14:00-04:00,2020-05-05 11:22:00-04:00,L,8958.0,8977.25,8944.5,13.5,36.5,1.3518518518518519,TP,1,L|swing
2020-05-05 11:47:00-04:00,2020-05-05 11:47:00-04:00,2020-05-05 14:59:00-04:00,L,8980.25,9019.25,8953.75,26.5,76.0,1.4339622641509433,TP,1,L|swing
2020-05-06 10:08:00-04:00,2020-05-06 10:08:00-04:00,2020-05-06 10:45:00-04:00,S,8951.0,9030.0,9029.75,78.75,-160.0,-1.0158730158730158,SL,1,S|swing
2020-05-06 11:59:00-04:00,2020-05-06 11:59:00-04:00,2020-05-06 13:37:00-04:00,L,9011.75,9042.25,8990.75,21.0,59.0,1.4047619047619047,TP,1,L|swing
2020-05-07 10:56:00-04:00,2020-05-07 10:56:00-04:00,2020-05-07 11:19:00-04:00,S,9037.75,9077.5,9077.25,39.5,-81.5,-1.0316455696202531,SL,1,S|swing
2020-05-07 11:29:00-04:00,2020-05-07 11:29:00-04:00,2020-05-07 12:25:00-04:00,L,9072.0,9109.75,9046.25,25.75,73.5,1.4271844660194175,TP,1,L|swing
2020-05-07 12:56:00-04:00,2020-05-07 12:56:00-04:00,2020-05-07 13:14:00-04:00,L,9109.5,9125.5,9098.25,11.25,30.0,1.3333333333333333,TP,1,L|swing
2020-05-07 14:53:00-04:00,2020-05-07 14:53:00-04:00,2020-05-07 15:00:00-04:00,L,9095.25,9076.25,9076.5,18.75,-40.0,-1.0666666666666667,SL,1,L|swing
2020-05-08 11:02:00-04:00,2020-05-08 11:02:00-04:00,2020-05-08 11:42:00-04:00,S,9170.25,9195.5,9195.25,25.0,-52.5,-1.05,SL,1,S|swing
2020-05-08 11:44:00-04:00,2020-05-08 11:44:00-04:00,2020-05-08 13:42:00-04:00,L,9203.25,9167.0,9167.25,36.0,-74.5,-1.0347222222222223,SL,1,L|swing
2020-05-11 11:08:00-04:00,2020-05-11 11:08:00-04:00,2020-05-11 11:23:00-04:00,L,9234.0,9253.25,9220.5,13.5,36.5,1.3518518518518519,TP,1,L|swing
2020-05-11 14:23:00-04:00,2020-05-11 14:23:00-04:00,2020-05-11 15:59:00-04:00,L,9312.75,9293.25,9293.5,19.25,-41.0,-1.0649350649350648,SL,1,L|swing
2020-05-12 10:35:00-04:00,2020-05-12 10:35:00-04:00,2020-05-12 14:42:00-04:00,L,9302.25,9250.25,9250.5,51.75,-106.0,-1.0241545893719808,SL,1,L|swing
2020-05-12 14:59:00-04:00,2020-05-12 14:59:00-04:00,2020-05-12 15:08:00-04:00,S,9273.25,9261.25,9281.75,8.5,22.0,1.2941176470588236,TP,1,S|swing
2020-05-13 10:02:00-04:00,2020-05-13 10:02:00-04:00,2020-05-13 11:38:00-04:00,L,9147.75,9042.0,9042.25,105.5,-213.5,-1.0118483412322274,SL,1,L|swing
2020-05-13 13:02:00-04:00,2020-05-13 13:02:00-04:00,2020-05-13 15:22:00-04:00,S,8954.75,8897.25,8993.75,39.0,113.0,1.4487179487179487,TP,1,S|swing
2020-05-14 09:47:00-04:00,2020-05-14 09:47:00-04:00,2020-05-14 12:55:00-04:00,S,8913.0,8976.75,8976.5,63.5,-129.5,-1.0196850393700787,SL,1,S|swing
2020-05-14 12:56:00-04:00,2020-05-14 12:56:00-04:00,2020-05-14 15:50:00-04:00,L,8980.75,9068.25,8921.75,59.0,173.0,1.4661016949152543,TP,1,L|swing
2020-05-15 10:44:00-04:00,2020-05-15 10:44:00-04:00,2020-05-15 12:41:00-04:00,S,9005.75,9057.75,9057.5,51.75,-106.0,-1.0241545893719808,SL,1,S|swing
2020-05-15 13:44:00-04:00,2020-05-15 13:44:00-04:00,2020-05-15 13:45:00-04:00,L,9065.5,9059.25,9059.5,6.0,-14.5,-1.2083333333333333,SL,1,L|swing
2020-05-15 14:23:00-04:00,2020-05-15 14:23:00-04:00,2020-05-15 14:37:00-04:00,L,9109.0,9066.75,9067.0,42.0,-86.5,-1.0297619047619047,SL,1,L|swing
2020-05-15 14:47:00-04:00,2020-05-15 14:47:00-04:00,2020-05-15 15:28:00-04:00,L,9087.25,9120.5,9064.5,22.75,64.5,1.4175824175824177,TP,1,L|swing
2020-05-18 09:35:00-04:00,2020-05-18 09:35:00-04:00,2020-05-18 09:47:00-04:00,L,9265.5,9294.25,9245.75,19.75,55.5,1.4050632911392404,TP,1,L|swing
2020-05-18 10:08:00-04:00,2020-05-18 10:08:00-04:00,2020-05-18 10:50:00-04:00,L,9272.25,9325.25,9236.25,36.0,104.0,1.4444444444444444,TP,1,L|swing
2020-05-18 11:41:00-04:00,2020-05-18 11:41:00-04:00,2020-05-18 11:53:00-04:00,L,9326.25,9316.25,9316.5,9.75,-22.0,-1.1282051282051282,SL,1,L|swing
2020-05-18 12:44:00-04:00,2020-05-18 12:44:00-04:00,2020-05-18 12:50:00-04:00,L,9311.0,9318.0,9305.75,5.25,12.0,1.1428571428571428,TP,1,L|swing
2020-05-18 13:02:00-04:00,2020-05-18 13:02:00-04:00,2020-05-18 15:59:00-04:00,L,9331.0,9319.75,9305.75,25.25,-24.5,-0.48514851485148514,time,1,L|swing
2020-05-19 09:50:00-04:00,2020-05-19 09:50:00-04:00,2020-05-19 10:01:00-04:00,L,9341.25,9382.25,9313.25,28.0,80.0,1.4285714285714286,TP,1,L|swing
2020-05-20 10:50:00-04:00,2020-05-20 10:50:00-04:00,2020-05-20 11:25:00-04:00,L,9459.25,9480.25,9444.75,14.5,40.0,1.3793103448275863,TP,1,L|swing
2020-05-20 13:02:00-04:00,2020-05-20 13:02:00-04:00,2020-05-20 15:59:00-04:00,L,9467.5,9480.0,9430.0,37.5,23.0,0.30666666666666664,time,1,L|swing
2020-05-21 09:35:00-04:00,2020-05-21 09:35:00-04:00,2020-05-21 09:42:00-04:00,L,9482.75,9508.5,9465.0,17.75,49.5,1.3943661971830985,TP,1,L|swing
2020-05-21 11:17:00-04:00,2020-05-21 11:17:00-04:00,2020-05-21 12:26:00-04:00,S,9367.75,9434.75,9434.5,66.75,-136.0,-1.0187265917602997,SL,1,S|swing
2020-05-21 14:35:00-04:00,2020-05-21 14:35:00-04:00,2020-05-21 15:59:00-04:00,S,9393.0,9378.25,9426.0,33.0,27.5,0.4166666666666667,time,1,S|swing
2020-05-22 10:38:00-04:00,2020-05-22 10:38:00-04:00,2020-05-22 11:25:00-04:00,L,9371.0,9339.75,9340.0,31.0,-64.5,-1.0403225806451613,SL,1,L|swing
2020-05-22 11:35:00-04:00,2020-05-22 11:35:00-04:00,2020-05-22 13:04:00-04:00,L,9361.75,9399.25,9336.25,25.5,73.0,1.4313725490196079,TP,1,L|swing
2020-05-22 13:41:00-04:00,2020-05-22 13:41:00-04:00,2020-05-22 13:51:00-04:00,L,9396.25,9387.25,9387.5,8.75,-20.0,-1.1428571428571428,SL,1,L|swing
2020-05-25 11:23:00-04:00,2020-05-25 11:23:00-04:00,2020-05-25 12:03:00-04:00,L,9532.25,9523.5,9523.75,8.5,-19.5,-1.1470588235294117,SL,1,L|swing
2020-05-26 10:41:00-04:00,2020-05-26 10:41:00-04:00,2020-05-26 11:32:00-04:00,S,9495.5,9448.75,9527.25,31.75,91.5,1.4409448818897639,TP,1,S|swing
2020-05-26 13:11:00-04:00,2020-05-26 13:11:00-04:00,2020-05-26 13:26:00-04:00,S,9454.0,9478.0,9477.75,23.75,-50.0,-1.0526315789473684,SL,1,S|swing
2020-05-26 13:41:00-04:00,2020-05-26 13:41:00-04:00,2020-05-26 14:16:00-04:00,S,9473.25,9453.75,9486.75,13.5,37.0,1.3703703703703705,TP,1,S|swing
2020-05-26 14:23:00-04:00,2020-05-26 14:23:00-04:00,2020-05-26 14:33:00-04:00,S,9465.0,9451.75,9474.5,9.5,24.5,1.2894736842105263,TP,1,S|swing
2020-05-27 10:32:00-04:00,2020-05-27 10:32:00-04:00,2020-05-27 10:40:00-04:00,S,9285.25,9228.25,9323.75,38.5,112.0,1.4545454545454546,TP,1,S|swing
2020-05-29 10:47:00-04:00,2020-05-29 10:47:00-04:00,2020-05-29 11:47:00-04:00,S,9402.5,9434.0,9433.75,31.25,-65.0,-1.04,SL,1,S|swing
2020-05-29 12:47:00-04:00,2020-05-29 12:47:00-04:00,2020-05-29 12:54:00-04:00,S,9417.0,9389.75,9435.75,18.75,52.5,1.4,TP,1,S|swing
2020-05-29 14:05:00-04:00,2020-05-29 14:05:00-04:00,2020-05-29 14:06:00-04:00,L,9438.5,9466.5,9419.25,19.25,54.0,1.4025974025974026,TP,1,L|swing
2020-05-29 14:50:00-04:00,2020-05-29 14:50:00-04:00,2020-05-29 14:58:00-04:00,S,9427.25,9493.75,9493.5,66.25,-135.0,-1.0188679245283019,SL,1,S|swing
2020-05-29 14:59:00-04:00,2020-05-29 14:59:00-04:00,2020-05-29 15:59:00-04:00,L,9497.25,9542.25,9391.75,105.5,88.0,0.41706161137440756,time,1,L|swing
2020-06-01 10:47:00-04:00,2020-06-01 10:47:00-04:00,2020-06-01 10:49:00-04:00,L,9556.75,9553.75,9554.0,2.75,-8.0,-1.4545454545454546,SL,1,L|swing
2020-06-01 11:08:00-04:00,2020-06-01 11:08:00-04:00,2020-06-01 11:19:00-04:00,L,9563.0,9547.75,9548.0,15.0,-32.5,-1.0833333333333333,SL,1,L|swing
2020-06-01 11:23:00-04:00,2020-06-01 11:23:00-04:00,2020-06-01 11:25:00-04:00,L,9548.75,9541.25,9541.5,7.25,-17.0,-1.1724137931034482,SL,1,L|swing
2020-06-01 11:29:00-04:00,2020-06-01 11:29:00-04:00,2020-06-01 12:05:00-04:00,L,9549.0,9568.75,9535.25,13.75,37.5,1.3636363636363635,TP,1,L|swing
2020-06-01 14:17:00-04:00,2020-06-01 14:17:00-04:00,2020-06-01 14:22:00-04:00,L,9590.25,9584.5,9584.75,5.5,-13.5,-1.2272727272727273,SL,1,L|swing
2020-06-02 09:41:00-04:00,2020-06-02 09:41:00-04:00,2020-06-02 11:07:00-04:00,S,9575.5,9519.75,9613.25,37.75,109.5,1.4503311258278146,TP,1,S|swing
2020-06-02 14:35:00-04:00,2020-06-02 14:35:00-04:00,2020-06-02 14:37:00-04:00,L,9597.0,9588.5,9588.75,8.25,-19.0,-1.1515151515151516,SL,1,L|swing
2020-06-02 14:38:00-04:00,2020-06-02 14:38:00-04:00,2020-06-02 15:49:00-04:00,S,9589.0,9617.5,9617.25,28.25,-59.0,-1.0442477876106195,SL,1,S|swing
2020-06-03 10:35:00-04:00,2020-06-03 10:35:00-04:00,2020-06-03 12:08:00-04:00,L,9686.5,9660.25,9660.5,26.0,-54.5,-1.0480769230769231,SL,1,L|swing
2020-06-03 12:11:00-04:00,2020-06-03 12:11:00-04:00,2020-06-03 13:20:00-04:00,S,9652.5,9681.5,9681.25,28.75,-60.0,-1.0434782608695652,SL,1,S|swing
2020-06-03 13:41:00-04:00,2020-06-03 13:41:00-04:00,2020-06-03 13:50:00-04:00,L,9682.0,9667.5,9667.75,14.25,-31.0,-1.087719298245614,SL,1,L|swing
2020-06-03 13:56:00-04:00,2020-06-03 13:56:00-04:00,2020-06-03 14:01:00-04:00,S,9672.5,9685.25,9685.0,12.5,-27.5,-1.1,SL,1,S|swing
2020-06-03 14:50:00-04:00,2020-06-03 14:50:00-04:00,2020-06-03 15:42:00-04:00,L,9697.5,9715.75,9684.75,12.75,34.5,1.3529411764705883,TP,1,L|swing
2020-06-04 11:29:00-04:00,2020-06-04 11:29:00-04:00,2020-06-04 15:59:00-04:00,S,9649.5,9627.75,9715.0,65.5,41.5,0.31679389312977096,time,1,S|swing
2020-06-05 10:56:00-04:00,2020-06-05 10:56:00-04:00,2020-06-05 11:24:00-04:00,L,9773.75,9809.75,9749.25,24.5,70.0,1.4285714285714286,TP,1,L|swing
2020-06-05 12:17:00-04:00,2020-06-05 12:17:00-04:00,2020-06-05 15:45:00-04:00,L,9820.0,9799.5,9799.75,20.25,-43.0,-1.0617283950617284,SL,1,L|swing
2020-06-08 10:35:00-04:00,2020-06-08 10:35:00-04:00,2020-06-08 10:37:00-04:00,S,9780.5,9775.75,9784.25,3.75,7.5,1.0,TP,1,S|swing
2020-06-08 11:38:00-04:00,2020-06-08 11:38:00-04:00,2020-06-08 13:18:00-04:00,S,9800.5,9826.0,9825.75,25.25,-53.0,-1.0495049504950495,SL,1,S|swing
2020-06-09 09:35:00-04:00,2020-06-09 09:35:00-04:00,2020-06-09 10:42:00-04:00,L,9880.0,9930.25,9846.0,34.0,98.5,1.4485294117647058,TP,1,L|swing
2020-06-09 12:32:00-04:00,2020-06-09 12:32:00-04:00,2020-06-09 15:20:00-04:00,L,9965.0,10005.25,9937.5,27.5,78.5,1.4272727272727272,TP,1,L|swing
2020-06-10 09:50:00-04:00,2020-06-10 09:50:00-04:00,2020-06-10 10:56:00-04:00,L,10053.25,10022.5,10022.75,30.5,-63.5,-1.040983606557377,SL,1,L|swing
2020-06-10 11:05:00-04:00,2020-06-10 11:05:00-04:00,2020-06-10 13:08:00-04:00,L,10041.5,10076.25,10017.75,23.75,67.5,1.4210526315789473,TP,1,L|swing
2020-06-10 14:02:00-04:00,2020-06-10 14:02:00-04:00,2020-06-10 15:59:00-04:00,L,10093.75,10089.0,10030.0,63.75,-11.5,-0.09019607843137255,time,1,L|swing
2020-06-11 09:38:00-04:00,2020-06-11 09:38:00-04:00,2020-06-11 10:12:00-04:00,S,9883.25,9955.25,9955.0,71.75,-146.0,-1.0174216027874565,SL,1,S|swing
2020-06-11 10:53:00-04:00,2020-06-11 10:53:00-04:00,2020-06-11 12:11:00-04:00,S,9920.5,9830.25,9981.25,60.75,178.5,1.4691358024691359,TP,1,S|swing
2020-06-11 12:17:00-04:00,2020-06-11 12:17:00-04:00,2020-06-11 14:11:00-04:00,S,9806.0,9699.75,9877.5,71.5,210.5,1.472027972027972,TP,1,S|swing
2020-06-12 12:35:00-04:00,2020-06-12 12:35:00-04:00,2020-06-12 13:46:00-04:00,S,9657.75,9539.0,9737.5,79.75,235.5,1.4764890282131662,TP,1,S|swing
2020-06-12 14:56:00-04:00,2020-06-12 14:56:00-04:00,2020-06-12 15:00:00-04:00,S,9593.25,9615.5,9615.25,22.0,-46.5,-1.0568181818181819,SL,1,S|swing
2020-06-15 09:35:00-04:00,2020-06-15 09:35:00-04:00,2020-06-15 09:56:00-04:00,L,9520.75,9575.75,9483.5,37.25,108.0,1.4496644295302012,TP,1,L|swing
2020-06-15 11:14:00-04:00,2020-06-15 11:14:00-04:00,2020-06-15 14:00:00-04:00,L,9630.5,9712.75,9575.0,55.5,162.5,1.4639639639639639,TP,1,L|swing
2020-06-16 09:38:00-04:00,2020-06-16 09:38:00-04:00,2020-06-16 09:40:00-04:00,L,9974.25,9953.0,9953.25,21.0,-44.5,-1.0595238095238095,SL,1,L|swing
2020-06-16 09:53:00-04:00,2020-06-16 09:53:00-04:00,2020-06-16 10:41:00-04:00,L,9985.25,9950.75,9951.0,34.25,-71.0,-1.0364963503649636,SL,1,L|swing
2020-06-16 12:17:00-04:00,2020-06-16 12:17:00-04:00,2020-06-16 12:36:00-04:00,S,9905.0,9968.75,9968.5,63.5,-129.5,-1.0196850393700787,SL,1,S|swing
2020-06-16 14:11:00-04:00,2020-06-16 14:11:00-04:00,2020-06-16 14:22:00-04:00,L,9955.0,9925.25,9925.5,29.5,-61.5,-1.0423728813559323,SL,1,L|swing
2020-06-19 11:20:00-04:00,2020-06-19 11:20:00-04:00,2020-06-19 12:13:00-04:00,S,10063.0,10013.25,10096.75,33.75,97.5,1.4444444444444444,TP,1,S|swing
2020-06-19 13:32:00-04:00,2020-06-19 13:32:00-04:00,2020-06-19 15:45:00-04:00,S,9961.25,10020.5,10020.25,59.0,-120.5,-1.021186440677966,SL,1,S|swing
2020-06-22 11:41:00-04:00,2020-06-22 11:41:00-04:00,2020-06-22 12:46:00-04:00,L,10060.75,10095.75,10036.75,24.0,68.0,1.4166666666666667,TP,1,L|swing
2020-06-22 14:08:00-04:00,2020-06-22 14:08:00-04:00,2020-06-22 14:55:00-04:00,L,10088.5,10106.75,10075.75,12.75,34.5,1.3529411764705883,TP,1,L|swing
2020-06-22 14:56:00-04:00,2020-06-22 14:56:00-04:00,2020-06-22 15:17:00-04:00,L,10107.5,10089.75,10090.0,17.5,-37.5,-1.0714285714285714,SL,1,L|swing
2020-06-23 09:38:00-04:00,2020-06-23 09:38:00-04:00,2020-06-23 10:40:00-04:00,L,10185.5,10225.25,10158.5,27.0,77.5,1.4351851851851851,TP,1,L|swing
2020-06-23 12:38:00-04:00,2020-06-23 12:38:00-04:00,2020-06-23 13:33:00-04:00,L,10263.5,10286.75,10247.5,16.0,44.5,1.390625,TP,1,L|swing
2020-06-23 14:11:00-04:00,2020-06-23 14:11:00-04:00,2020-06-23 14:13:00-04:00,L,10266.75,10257.5,10257.75,9.0,-20.5,-1.1388888888888888,SL,1,L|swing
2020-06-23 14:41:00-04:00,2020-06-23 14:41:00-04:00,2020-06-23 14:48:00-04:00,L,10274.25,10253.75,10254.0,20.25,-43.0,-1.0617283950617284,SL,1,L|swing
2020-06-24 09:53:00-04:00,2020-06-24 09:53:00-04:00,2020-06-24 11:38:00-04:00,S,10126.0,9983.75,10221.5,95.5,282.5,1.4790575916230366,TP,1,S|swing
2020-06-24 12:26:00-04:00,2020-06-24 12:26:00-04:00,2020-06-24 12:43:00-04:00,S,9975.25,10001.0,10000.75,25.5,-53.5,-1.0490196078431373,SL,1,S|swing
2020-06-24 13:20:00-04:00,2020-06-24 13:20:00-04:00,2020-06-24 13:26:00-04:00,S,10024.75,10002.25,10040.25,15.5,43.0,1.3870967741935485,TP,1,S|swing
2020-06-24 13:41:00-04:00,2020-06-24 13:41:00-04:00,2020-06-24 15:59:00-04:00,S,9981.5,9993.75,10040.25,58.75,-26.5,-0.225531914893617,time,1,S|swing
2020-06-25 10:38:00-04:00,2020-06-25 10:38:00-04:00,2020-06-25 15:59:00-04:00,L,9999.5,10087.0,9928.0,71.5,173.0,1.2097902097902098,time,1,L|swing
2020-06-26 12:05:00-04:00,2020-06-26 12:05:00-04:00,2020-06-26 14:47:00-04:00,S,9932.25,9861.25,9980.25,48.0,140.0,1.4583333333333333,TP,1,S|swing
2020-06-29 11:14:00-04:00,2020-06-29 11:14:00-04:00,2020-06-29 11:28:00-04:00,S,9837.5,9887.5,9887.25,49.75,-102.0,-1.0251256281407035,SL,1,S|swing
2020-06-29 11:29:00-04:00,2020-06-29 11:29:00-04:00,2020-06-29 15:59:00-04:00,L,9890.0,9950.5,9829.25,60.75,119.0,0.9794238683127572,time,1,L|swing
2020-06-30 12:11:00-04:00,2020-06-30 12:11:00-04:00,2020-06-30 12:41:00-04:00,L,10093.75,10061.25,10061.5,32.25,-67.0,-1.0387596899224807,SL,1,L|swing
2020-06-30 12:50:00-04:00,2020-06-30 12:50:00-04:00,2020-06-30 13:07:00-04:00,L,10066.75,10055.75,10056.0,10.75,-24.0,-1.1162790697674418,SL,1,L|swing
2020-06-30 13:35:00-04:00,2020-06-30 13:35:00-04:00,2020-06-30 15:31:00-04:00,L,10069.0,10113.5,10038.75,30.25,87.0,1.43801652892562,TP,1,L|swing
2020-07-01 11:35:00-04:00,2020-07-01 11:35:00-04:00,2020-07-01 11:41:00-04:00,L,10209.5,10220.25,10201.75,7.75,19.5,1.2580645161290323,TP,1,L|swing
2020-07-01 13:23:00-04:00,2020-07-01 13:23:00-04:00,2020-07-01 15:04:00-04:00,L,10246.5,10276.0,10226.25,20.25,57.0,1.4074074074074074,TP,1,L|swing
2020-07-02 10:38:00-04:00,2020-07-02 10:38:00-04:00,2020-07-02 10:44:00-04:00,L,10374.0,10398.75,10357.0,17.0,47.5,1.3970588235294117,TP,1,L|swing
2020-07-02 11:05:00-04:00,2020-07-02 11:05:00-04:00,2020-07-02 11:15:00-04:00,L,10358.25,10338.0,10338.25,20.0,-42.5,-1.0625,SL,1,L|swing
2020-07-03 09:35:00-04:00,2020-07-03 09:35:00-04:00,2020-07-03 10:33:00-04:00,S,10346.0,10328.75,10358.0,12.0,32.5,1.3541666666666667,TP,1,S|swing
2020-07-03 12:08:00-04:00,2020-07-03 12:08:00-04:00,2020-07-03 12:22:00-04:00,S,10333.75,10343.25,10343.0,9.25,-21.0,-1.135135135135135,SL,1,S|swing
2020-07-06 12:56:00-04:00,2020-07-06 12:56:00-04:00,2020-07-06 13:15:00-04:00,L,10583.75,10558.25,10558.5,25.25,-53.0,-1.0495049504950495,SL,1,L|swing
2020-07-06 13:23:00-04:00,2020-07-06 13:23:00-04:00,2020-07-06 13:26:00-04:00,L,10555.75,10565.75,10548.5,7.25,18.0,1.2413793103448276,TP,1,L|swing
2020-07-07 13:44:00-04:00,2020-07-07 13:44:00-04:00,2020-07-07 13:54:00-04:00,L,10632.25,10602.5,10602.75,29.5,-61.5,-1.0423728813559323,SL,1,L|swing
2020-07-07 14:17:00-04:00,2020-07-07 14:17:00-04:00,2020-07-07 15:03:00-04:00,S,10601.75,10560.75,10629.75,28.0,80.0,1.4285714285714286,TP,1,S|swing
2020-07-08 11:05:00-04:00,2020-07-08 11:05:00-04:00,2020-07-08 11:07:00-04:00,L,10597.75,10586.25,10586.5,11.25,-25.0,-1.1111111111111112,SL,1,L|swing
2020-07-08 11:14:00-04:00,2020-07-08 11:14:00-04:00,2020-07-08 11:18:00-04:00,L,10594.75,10570.0,10570.25,24.5,-51.5,-1.0510204081632653,SL,1,L|swing
2020-07-08 11:35:00-04:00,2020-07-08 11:35:00-04:00,2020-07-08 12:00:00-04:00,S,10553.75,10598.5,10598.25,44.5,-91.5,-1.0280898876404494,SL,1,S|swing
2020-07-08 12:47:00-04:00,2020-07-08 12:47:00-04:00,2020-07-08 12:58:00-04:00,L,10599.25,10622.75,10583.0,16.25,45.0,1.3846153846153846,TP,1,L|swing
2020-07-08 13:56:00-04:00,2020-07-08 13:56:00-04:00,2020-07-08 15:05:00-04:00,S,10579.75,10613.5,10613.25,33.5,-69.5,-1.037313432835821,SL,1,S|swing
2020-07-09 09:41:00-04:00,2020-07-09 09:41:00-04:00,2020-07-09 10:17:00-04:00,L,10718.25,10688.5,10688.75,29.5,-61.5,-1.0423728813559323,SL,1,L|swing
2020-07-09 10:56:00-04:00,2020-07-09 10:56:00-04:00,2020-07-09 14:25:00-04:00,S,10625.0,10725.5,10725.25,100.25,-203.0,-1.0124688279301746,SL,1,S|swing
2020-07-09 14:29:00-04:00,2020-07-09 14:29:00-04:00,2020-07-09 15:59:00-04:00,L,10726.5,10740.75,10672.0,54.5,26.5,0.24311926605504589,time,1,L|swing
2020-07-10 10:29:00-04:00,2020-07-10 10:29:00-04:00,2020-07-10 15:59:00-04:00,L,10716.5,10820.75,10625.25,91.25,206.5,1.1315068493150684,time,1,L|swing
2020-07-13 10:47:00-04:00,2020-07-13 10:47:00-04:00,2020-07-13 11:01:00-04:00,L,10995.75,11033.75,10969.75,26.0,74.0,1.4230769230769231,TP,1,L|swing
2020-07-13 12:08:00-04:00,2020-07-13 12:08:00-04:00,2020-07-13 12:37:00-04:00,L,11034.75,11015.25,11015.5,19.25,-41.0,-1.0649350649350648,SL,1,L|swing
2020-07-14 09:44:00-04:00,2020-07-14 09:44:00-04:00,2020-07-14 09:47:00-04:00,S,10607.75,10576.0,10629.5,21.75,61.5,1.4137931034482758,TP,1,S|swing
2020-07-14 10:05:00-04:00,2020-07-14 10:05:00-04:00,2020-07-14 14:20:00-04:00,S,10423.75,10629.75,10629.5,205.75,-414.0,-1.006075334143378,SL,1,S|swing
2020-07-15 09:38:00-04:00,2020-07-15 09:38:00-04:00,2020-07-15 09:42:00-04:00,S,10692.75,10738.0,10737.75,45.0,-92.5,-1.0277777777777777,SL,1,S|swing
2020-07-15 10:02:00-04:00,2020-07-15 10:02:00-04:00,2020-07-15 11:48:00-04:00,S,10697.25,10593.75,10766.75,69.5,205.0,1.474820143884892,TP,1,S|swing
2020-07-15 12:11:00-04:00,2020-07-15 12:11:00-04:00,2020-07-15 12:57:00-04:00,S,10565.25,10648.25,10648.0,82.75,-168.0,-1.0151057401812689,SL,1,S|swing
2020-07-15 13:50:00-04:00,2020-07-15 13:50:00-04:00,2020-07-15 13:57:00-04:00,S,10662.75,10647.75,10673.25,10.5,28.0,1.3333333333333333,TP,1,S|swing
2020-07-15 14:02:00-04:00,2020-07-15 14:02:00-04:00,2020-07-15 15:15:00-04:00,L,10687.5,10627.5,10627.75,59.75,-122.0,-1.0209205020920502,SL,1,L|swing
2020-07-16 09:44:00-04:00,2020-07-16 09:44:00-04:00,2020-07-16 10:01:00-04:00,L,10579.5,10537.0,10537.25,42.25,-87.0,-1.029585798816568,SL,1,L|swing
2020-07-16 10:38:00-04:00,2020-07-16 10:38:00-04:00,2020-07-16 10:40:00-04:00,S,10547.75,10557.0,10556.75,9.0,-20.5,-1.1388888888888888,SL,1,S|swing
2020-07-16 10:50:00-04:00,2020-07-16 10:50:00-04:00,2020-07-16 11:00:00-04:00,S,10541.0,10500.25,10568.75,27.75,79.5,1.4324324324324325,TP,1,S|swing
2020-07-16 11:44:00-04:00,2020-07-16 11:44:00-04:00,2020-07-16 11:55:00-04:00,S,10504.25,10528.75,10528.5,24.25,-51.0,-1.0515463917525774,SL,1,S|swing
2020-07-16 12:20:00-04:00,2020-07-16 12:20:00-04:00,2020-07-16 12:41:00-04:00,S,10531.75,10559.0,10558.75,27.0,-56.5,-1.0462962962962963,SL,1,S|swing
2020-07-16 12:44:00-04:00,2020-07-16 12:44:00-04:00,2020-07-16 15:59:00-04:00,L,10570.75,10613.25,10519.75,51.0,83.0,0.8137254901960784,time,1,L|swing
2020-07-17 09:44:00-04:00,2020-07-17 09:44:00-04:00,2020-07-17 14:53:00-04:00,S,10585.5,10659.0,10658.75,73.25,-149.0,-1.0170648464163823,SL,1,S|swing
2020-07-20 09:50:00-04:00,2020-07-20 09:50:00-04:00,2020-07-20 10:22:00-04:00,L,10663.0,10748.25,10605.5,57.5,168.5,1.4652173913043478,TP,1,L|swing
2020-07-20 12:53:00-04:00,2020-07-20 12:53:00-04:00,2020-07-20 14:14:00-04:00,L,10825.5,10865.5,10798.25,27.25,78.0,1.4311926605504588,TP,1,L|swing
2020-07-21 11:32:00-04:00,2020-07-21 11:32:00-04:00,2020-07-21 11:57:00-04:00,S,10879.5,10834.25,10910.25,30.75,88.5,1.4390243902439024,TP,1,S|swing
2020-07-21 12:17:00-04:00,2020-07-21 12:17:00-04:00,2020-07-21 12:32:00-04:00,S,10847.5,10864.25,10864.0,16.5,-35.5,-1.0757575757575757,SL,1,S|swing
2020-07-22 09:35:00-04:00,2020-07-22 09:35:00-04:00,2020-07-22 09:53:00-04:00,S,10836.25,10879.5,10879.25,43.0,-88.5,-1.0290697674418605,SL,1,S|swing
2020-07-22 10:41:00-04:00,2020-07-22 10:41:00-04:00,2020-07-22 11:13:00-04:00,S,10841.5,10774.5,10886.75,45.25,132.0,1.4585635359116023,TP,1,S|swing
2020-07-22 12:41:00-04:00,2020-07-22 12:41:00-04:00,2020-07-22 13:55:00-04:00,S,10831.0,10786.25,10861.5,30.5,87.5,1.4344262295081966,TP,1,S|swing
2020-07-23 11:35:00-04:00,2020-07-23 11:35:00-04:00,2020-07-23 12:00:00-04:00,S,10812.0,10786.75,10829.5,17.5,48.5,1.3857142857142857,TP,1,S|swing
2020-07-23 13:11:00-04:00,2020-07-23 13:11:00-04:00,2020-07-23 13:22:00-04:00,S,10697.0,10665.75,10718.5,21.5,60.5,1.4069767441860466,TP,1,S|swing
2020-07-23 13:41:00-04:00,2020-07-23 13:41:00-04:00,2020-07-23 15:59:00-04:00,S,10617.0,10572.5,10715.5,98.5,87.0,0.4416243654822335,time,1,S|swing
2020-07-24 09:35:00-04:00,2020-07-24 09:35:00-04:00,2020-07-24 09:40:00-04:00,S,10390.25,10311.75,10443.25,53.0,155.0,1.4622641509433962,TP,1,S|swing
2020-07-24 12:26:00-04:00,2020-07-24 12:26:00-04:00,2020-07-24 13:15:00-04:00,S,10460.5,10384.75,10511.5,51.0,149.5,1.4656862745098038,TP,1,S|swing
2020-07-24 14:59:00-04:00,2020-07-24 14:59:00-04:00,2020-07-24 15:25:00-04:00,L,10477.25,10454.0,10454.25,23.0,-48.5,-1.0543478260869565,SL,1,L|swing
2020-07-27 09:35:00-04:00,2020-07-27 09:35:00-04:00,2020-07-27 11:38:00-04:00,L,10571.75,10513.0,10513.25,58.5,-119.5,-1.0213675213675213,SL,1,L|swing
2020-07-27 12:14:00-04:00,2020-07-27 12:14:00-04:00,2020-07-27 14:23:00-04:00,L,10579.75,10643.75,10536.5,43.25,126.0,1.4566473988439306,TP,1,L|swing
2020-07-28 10:23:00-04:00,2020-07-28 10:23:00-04:00,2020-07-28 10:25:00-04:00,S,10609.5,10618.5,10618.25,8.75,-20.0,-1.1428571428571428,SL,1,S|swing
2020-07-28 11:56:00-04:00,2020-07-28 11:56:00-04:00,2020-07-28 15:07:00-04:00,S,10621.0,10575.75,10651.75,30.75,88.5,1.4390243902439024,TP,1,S|swing
2020-07-29 09:47:00-04:00,2020-07-29 09:47:00-04:00,2020-07-29 09:49:00-04:00,L,10591.0,10575.5,10575.75,15.25,-33.0,-1.0819672131147542,SL,1,L|swing
2020-07-29 09:50:00-04:00,2020-07-29 09:50:00-04:00,2020-07-29 10:01:00-04:00,S,10577.25,10612.0,10611.75,34.5,-71.5,-1.036231884057971,SL,1,S|swing
2020-07-29 10:20:00-04:00,2020-07-29 10:20:00-04:00,2020-07-29 15:59:00-04:00,L,10618.25,10650.0,10571.5,46.75,61.5,0.6577540106951871,time,1,L|swing
2020-07-30 11:11:00-04:00,2020-07-30 11:11:00-04:00,2020-07-30 12:16:00-04:00,L,10605.0,10686.75,10550.0,55.0,161.5,1.4681818181818183,TP,1,L|swing
2020-07-30 13:08:00-04:00,2020-07-30 13:08:00-04:00,2020-07-30 15:33:00-04:00,L,10695.5,10727.25,10673.75,21.75,61.5,1.4137931034482758,TP,1,L|swing
2020-07-31 09:53:00-04:00,2020-07-31 09:53:00-04:00,2020-07-31 15:59:00-04:00,S,10811.75,10897.75,10909.75,98.0,-174.0,-0.8877551020408163,time,1,S|swing
2020-08-03 10:53:00-04:00,2020-08-03 10:53:00-04:00,2020-08-03 11:00:00-04:00,L,11000.75,11014.5,10991.0,9.75,25.5,1.3076923076923077,TP,1,L|swing
2020-08-03 11:08:00-04:00,2020-08-03 11:08:00-04:00,2020-08-03 15:59:00-04:00,L,11032.75,11037.75,10991.0,41.75,8.0,0.09580838323353294,time,1,L|swing
2020-08-04 09:38:00-04:00,2020-08-04 09:38:00-04:00,2020-08-04 09:44:00-04:00,S,11011.75,11045.25,11045.0,33.25,-69.0,-1.037593984962406,SL,1,S|swing
2020-08-04 11:14:00-04:00,2020-08-04 11:14:00-04:00,2020-08-04 11:22:00-04:00,L,11054.75,11034.25,11034.5,20.25,-43.0,-1.0617283950617284,SL,1,L|swing
2020-08-04 11:23:00-04:00,2020-08-04 11:23:00-04:00,2020-08-04 15:57:00-04:00,S,11029.25,11071.0,11070.75,41.5,-85.5,-1.0301204819277108,SL,1,S|swing
2020-08-05 09:44:00-04:00,2020-08-05 09:44:00-04:00,2020-08-05 09:51:00-04:00,S,11069.25,11104.25,11104.0,34.75,-72.0,-1.0359712230215827,SL,1,S|swing
2020-08-05 10:59:00-04:00,2020-08-05 10:59:00-04:00,2020-08-05 11:03:00-04:00,S,11100.25,11119.75,11119.5,19.25,-41.0,-1.0649350649350648,SL,1,S|swing
2020-08-05 11:05:00-04:00,2020-08-05 11:05:00-04:00,2020-08-05 11:51:00-04:00,L,11123.5,11087.5,11087.75,35.75,-74.0,-1.034965034965035,SL,1,L|swing
2020-08-05 12:02:00-04:00,2020-08-05 12:02:00-04:00,2020-08-05 12:21:00-04:00,S,11095.25,11112.75,11112.5,17.25,-37.0,-1.0724637681159421,SL,1,S|swing
2020-08-05 12:56:00-04:00,2020-08-05 12:56:00-04:00,2020-08-05 13:10:00-04:00,S,11099.0,11108.25,11108.0,9.0,-20.5,-1.1388888888888888,SL,1,S|swing
2020-08-05 13:41:00-04:00,2020-08-05 13:41:00-04:00,2020-08-05 13:48:00-04:00,L,11117.75,11104.75,11105.0,12.75,-28.0,-1.0980392156862746,SL,1,L|swing
2020-08-05 13:50:00-04:00,2020-08-05 13:50:00-04:00,2020-08-05 14:00:00-04:00,L,11107.5,11113.75,11102.75,4.75,10.5,1.105263157894737,TP,1,L|swing
2020-08-05 14:23:00-04:00,2020-08-05 14:23:00-04:00,2020-08-05 14:34:00-04:00,L,11112.5,11121.25,11106.0,6.5,15.5,1.1923076923076923,TP,1,L|swing
2020-08-06 09:56:00-04:00,2020-08-06 09:56:00-04:00,2020-08-06 12:24:00-04:00,L,11108.25,11159.75,11073.25,35.0,101.0,1.4428571428571428,TP,1,L|swing
2020-08-06 13:26:00-04:00,2020-08-06 13:26:00-04:00,2020-08-06 14:01:00-04:00,L,11179.25,11204.75,11161.75,17.5,49.0,1.4,TP,1,L|swing
2020-08-07 14:08:00-04:00,2020-08-07 14:08:00-04:00,2020-08-07 15:46:00-04:00,S,11065.0,11132.75,11132.5,67.5,-137.5,-1.0185185185185186,SL,1,S|swing
2020-08-10 09:35:00-04:00,2020-08-10 09:35:00-04:00,2020-08-10 09:51:00-04:00,L,11138.5,11116.25,11116.5,22.0,-46.5,-1.0568181818181819,SL,1,L|swing
2020-08-10 09:53:00-04:00,2020-08-10 09:53:00-04:00,2020-08-10 10:44:00-04:00,S,11094.0,11015.75,11146.75,52.75,154.5,1.4644549763033174,TP,1,S|swing
2020-08-10 12:11:00-04:00,2020-08-10 12:11:00-04:00,2020-08-10 12:41:00-04:00,S,11026.0,11043.0,11042.75,16.75,-36.0,-1.0746268656716418,SL,1,S|swing
2020-08-10 13:44:00-04:00,2020-08-10 13:44:00-04:00,2020-08-10 15:59:00-04:00,S,11069.5,11078.75,11098.75,29.25,-20.5,-0.3504273504273504,time,1,S|swing
2020-08-11 09:56:00-04:00,2020-08-11 09:56:00-04:00,2020-08-11 11:09:00-04:00,S,10997.5,11043.0,11042.75,45.25,-93.0,-1.0276243093922652,SL,1,S|swing
2020-08-11 12:35:00-04:00,2020-08-11 12:35:00-04:00,2020-08-11 12:42:00-04:00,S,11056.25,11074.25,11074.0,17.75,-38.0,-1.0704225352112675,SL,1,S|swing
2020-08-11 13:14:00-04:00,2020-08-11 13:14:00-04:00,2020-08-11 14:28:00-04:00,S,11046.0,10989.25,11084.5,38.5,111.5,1.448051948051948,TP,1,S|swing
2020-08-12 11:05:00-04:00,2020-08-12 11:05:00-04:00,2020-08-12 11:59:00-04:00,L,11101.25,11136.0,11077.5,23.75,67.5,1.4210526315789473,TP,1,L|swing
2020-08-12 12:02:00-04:00,2020-08-12 12:02:00-04:00,2020-08-12 15:59:00-04:00,L,11141.75,11146.25,11102.25,39.5,7.0,0.08860759493670886,time,1,L|swing
2020-08-13 09:56:00-04:00,2020-08-13 09:56:00-04:00,2020-08-13 10:29:00-04:00,L,11187.5,11222.25,11163.75,23.75,67.5,1.4210526315789473,TP,1,L|swing
2020-08-13 12:20:00-04:00,2020-08-13 12:20:00-04:00,2020-08-13 13:17:00-04:00,L,11248.75,11226.25,11226.5,22.25,-47.0,-1.0561797752808988,SL,1,L|swing
2020-08-14 09:50:00-04:00,2020-08-14 09:50:00-04:00,2020-08-14 15:59:00-04:00,S,11139.0,11159.75,11207.0,68.0,-43.5,-0.31985294117647056,time,1,S|swing
2020-08-17 10:44:00-04:00,2020-08-17 10:44:00-04:00,2020-08-17 14:12:00-04:00,L,11258.0,11288.25,11237.25,20.75,58.5,1.4096385542168675,TP,1,L|swing
2020-08-17 14:17:00-04:00,2020-08-17 14:17:00-04:00,2020-08-17 15:59:00-04:00,L,11288.25,11284.0,11269.25,19.0,-10.5,-0.27631578947368424,time,1,L|swing
2020-08-18 09:59:00-04:00,2020-08-18 09:59:00-04:00,2020-08-18 10:07:00-04:00,L,11341.75,11322.5,11322.75,19.0,-40.5,-1.0657894736842106,SL,1,L|swing
2020-08-18 10:08:00-04:00,2020-08-18 10:08:00-04:00,2020-08-18 12:32:00-04:00,S,11311.25,11382.25,11382.0,70.75,-144.0,-1.017667844522968,SL,1,S|swing
2020-08-18 14:23:00-04:00,2020-08-18 14:23:00-04:00,2020-08-18 15:19:00-04:00,L,11384.0,11410.75,11365.5,18.5,51.5,1.3918918918918919,TP,1,L|swing
2020-08-19 11:20:00-04:00,2020-08-19 11:20:00-04:00,2020-08-19 11:34:00-04:00,S,11398.0,11417.5,11417.25,19.25,-41.0,-1.0649350649350648,SL,1,S|swing
2020-08-19 11:41:00-04:00,2020-08-19 11:41:00-04:00,2020-08-19 14:12:00-04:00,L,11421.0,11386.0,11386.25,34.75,-72.0,-1.0359712230215827,SL,1,L|swing
2020-08-20 09:35:00-04:00,2020-08-20 09:35:00-04:00,2020-08-20 09:57:00-04:00,L,11308.25,11370.25,11266.25,42.0,122.0,1.4523809523809523,TP,1,L|swing
2020-08-20 10:50:00-04:00,2020-08-20 10:50:00-04:00,2020-08-20 14:20:00-04:00,L,11388.75,11446.75,11349.5,39.25,114.0,1.4522292993630572,TP,1,L|swing
2020-08-21 09:35:00-04:00,2020-08-21 09:35:00-04:00,2020-08-21 09:45:00-04:00,S,11463.25,11500.0,11499.75,36.5,-75.5,-1.0342465753424657,SL,1,S|swing
2020-08-21 10:35:00-04:00,2020-08-21 10:35:00-04:00,2020-08-21 15:59:00-04:00,L,11540.0,11554.0,11472.0,68.0,26.0,0.19117647058823528,time,1,L|swing
2020-08-24 09:35:00-04:00,2020-08-24 09:35:00-04:00,2020-08-24 09:52:00-04:00,L,11698.5,11681.25,11681.5,17.0,-36.5,-1.0735294117647058,SL,1,L|swing
2020-08-24 09:59:00-04:00,2020-08-24 09:59:00-04:00,2020-08-24 10:03:00-04:00,L,11655.75,11613.5,11613.75,42.0,-86.5,-1.0297619047619047,SL,1,L|swing
2020-08-24 10:35:00-04:00,2020-08-24 10:35:00-04:00,2020-08-24 15:59:00-04:00,S,11607.25,11626.5,11665.75,58.5,-40.5,-0.34615384615384615,time,1,S|swing
2020-08-25 09:44:00-04:00,2020-08-25 09:44:00-04:00,2020-08-25 09:50:00-04:00,S,11619.25,11600.75,11632.25,13.0,35.0,1.3461538461538463,TP,1,S|swing
2020-08-25 10:17:00-04:00,2020-08-25 10:17:00-04:00,2020-08-25 15:59:00-04:00,L,11640.75,11715.25,11582.5,58.25,147.0,1.261802575107296,time,1,L|swing
2020-08-26 13:47:00-04:00,2020-08-26 13:47:00-04:00,2020-08-26 14:37:00-04:00,L,11940.25,11917.75,11918.0,22.25,-47.0,-1.0561797752808988,SL,1,L|swing
2020-08-26 14:50:00-04:00,2020-08-26 14:50:00-04:00,2020-08-26 14:55:00-04:00,L,11919.25,11890.25,11890.5,28.75,-60.0,-1.0434782608695652,SL,1,L|swing
2020-08-27 09:53:00-04:00,2020-08-27 09:53:00-04:00,2020-08-27 10:06:00-04:00,L,11996.75,11912.0,11912.25,84.5,-171.5,-1.014792899408284,SL,1,L|swing
2020-08-27 10:26:00-04:00,2020-08-27 10:26:00-04:00,2020-08-27 12:45:00-04:00,L,11977.25,11902.25,11902.5,74.75,-152.0,-1.0167224080267558,SL,1,L|swing
2020-08-28 09:50:00-04:00,2020-08-28 09:50:00-04:00,2020-08-28 09:59:00-04:00,S,11952.0,12005.25,12005.0,53.0,-108.5,-1.0235849056603774,SL,1,S|swing
2020-08-28 10:59:00-04:00,2020-08-28 10:59:00-04:00,2020-08-28 15:42:00-04:00,S,11957.5,12010.5,12010.25,52.75,-108.0,-1.0236966824644549,SL,1,S|swing
2020-08-31 09:38:00-04:00,2020-08-31 09:38:00-04:00,2020-08-31 09:42:00-04:00,S,12001.25,12038.0,12037.75,36.5,-75.5,-1.0342465753424657,SL,1,S|swing
2020-08-31 14:35:00-04:00,2020-08-31 14:35:00-04:00,2020-08-31 14:37:00-04:00,L,12128.25,12122.75,12123.0,5.25,-13.0,-1.2380952380952381,SL,1,L|swing
2020-08-31 14:50:00-04:00,2020-08-31 14:50:00-04:00,2020-08-31 15:20:00-04:00,L,12145.0,12120.5,12120.75,24.25,-51.0,-1.0515463917525774,SL,1,L|swing
2020-09-01 11:08:00-04:00,2020-09-01 11:08:00-04:00,2020-09-01 11:14:00-04:00,L,12227.0,12248.25,12212.25,14.75,40.5,1.3728813559322033,TP,1,L|swing
2020-09-01 11:35:00-04:00,2020-09-01 11:35:00-04:00,2020-09-01 12:14:00-04:00,L,12226.25,12257.75,12204.75,21.5,61.0,1.4186046511627908,TP,1,L|swing
2020-09-01 13:17:00-04:00,2020-09-01 13:17:00-04:00,2020-09-01 13:40:00-04:00,L,12250.5,12273.25,12234.75,15.75,43.5,1.380952380952381,TP,1,L|swing
2020-09-01 14:53:00-04:00,2020-09-01 14:53:00-04:00,2020-09-01 15:59:00-04:00,L,12270.0,12291.75,12255.0,15.0,41.5,1.3833333333333333,TP,1,L|swing
2020-09-02 09:50:00-04:00,2020-09-02 09:50:00-04:00,2020-09-02 09:58:00-04:00,S,12361.5,12248.0,12437.75,76.25,225.0,1.4754098360655739,TP,1,S|swing
2020-09-02 11:17:00-04:00,2020-09-02 11:17:00-04:00,2020-09-02 11:39:00-04:00,S,12276.75,12180.75,12341.25,64.5,190.0,1.4728682170542635,TP,1,S|swing
2020-09-02 14:50:00-04:00,2020-09-02 14:50:00-04:00,2020-09-02 15:59:00-04:00,L,12398.25,12410.5,12370.75,27.5,22.5,0.4090909090909091,time,1,L|swing
2020-09-03 10:11:00-04:00,2020-09-03 10:11:00-04:00,2020-09-03 10:23:00-04:00,S,12147.5,12056.75,12208.5,61.0,179.5,1.471311475409836,TP,1,S|swing
2020-09-03 11:59:00-04:00,2020-09-03 11:59:00-04:00,2020-09-03 13:02:00-04:00,S,11869.0,11757.25,11944.0,75.0,221.5,1.4766666666666666,TP,1,S|swing
2020-09-03 13:38:00-04:00,2020-09-03 13:38:00-04:00,2020-09-03 15:29:00-04:00,S,11776.5,11659.75,11855.0,78.5,231.5,1.4745222929936306,TP,1,S|swing
2020-09-04 13:32:00-04:00,2020-09-04 13:32:00-04:00,2020-09-04 13:45:00-04:00,S,11379.5,11469.25,11469.0,89.5,-181.5,-1.0139664804469273,SL,1,S|swing
2020-09-04 13:50:00-04:00,2020-09-04 13:50:00-04:00,2020-09-04 13:56:00-04:00,S,11423.5,11482.0,11481.75,58.25,-119.0,-1.0214592274678111,SL,1,S|swing
2020-09-07 10:35:00-04:00,2020-09-07 10:35:00-04:00,2020-09-07 12:49:00-04:00,L,11491.75,11496.75,11455.25,36.5,8.0,0.1095890410958904,time,1,L|swing
2020-09-08 11:17:00-04:00,2020-09-08 11:17:00-04:00,2020-09-08 11:26:00-04:00,S,11307.75,11258.25,11341.25,33.5,97.0,1.4477611940298507,TP,1,S|swing
2020-09-08 12:50:00-04:00,2020-09-08 12:50:00-04:00,2020-09-08 13:09:00-04:00,S,11258.75,11216.5,11287.5,28.75,82.5,1.434782608695652,TP,1,S|swing
2020-09-08 14:02:00-04:00,2020-09-08 14:02:00-04:00,2020-09-08 14:28:00-04:00,S,11247.25,11176.75,11294.75,47.5,139.0,1.4631578947368422,TP,1,S|swing
2020-09-09 09:35:00-04:00,2020-09-09 09:35:00-04:00,2020-09-09 09:38:00-04:00,L,11277.5,11234.75,11235.0,42.5,-87.5,-1.0294117647058822,SL,1,L|swing
2020-09-09 09:41:00-04:00,2020-09-09 09:41:00-04:00,2020-09-09 09:51:00-04:00,L,11253.25,11205.75,11206.0,47.25,-97.0,-1.0264550264550265,SL,1,L|swing
2020-09-09 09:53:00-04:00,2020-09-09 09:53:00-04:00,2020-09-09 10:01:00-04:00,L,11229.75,11295.75,11185.25,44.5,130.0,1.4606741573033708,TP,1,L|swing
2020-09-09 11:44:00-04:00,2020-09-09 11:44:00-04:00,2020-09-09 12:59:00-04:00,L,11365.75,11446.75,11311.25,54.5,160.0,1.4678899082568808,TP,1,L|swing
2020-09-09 14:35:00-04:00,2020-09-09 14:35:00-04:00,2020-09-09 15:59:00-04:00,L,11433.75,11386.0,11374.25,59.5,-97.5,-0.819327731092437,time,1,L|swing
2020-09-10 10:50:00-04:00,2020-09-10 10:50:00-04:00,2020-09-10 10:57:00-04:00,L,11460.5,11437.5,11437.75,22.75,-48.0,-1.054945054945055,SL,1,L|swing
2020-09-10 11:11:00-04:00,2020-09-10 11:11:00-04:00,2020-09-10 12:35:00-04:00,L,11438.0,11352.5,11352.75,85.25,-173.0,-1.0146627565982405,SL,1,L|swing
2020-09-10 13:26:00-04:00,2020-09-10 13:26:00-04:00,2020-09-10 13:51:00-04:00,S,11381.5,11330.75,11416.0,34.5,99.5,1.4420289855072463,TP,1,S|swing
2020-09-11 10:38:00-04:00,2020-09-11 10:38:00-04:00,2020-09-11 10:45:00-04:00,S,11156.5,11220.5,11220.25,63.75,-130.0,-1.0196078431372548,SL,1,S|swing
2020-09-11 11:41:00-04:00,2020-09-11 11:41:00-04:00,2020-09-11 13:08:00-04:00,S,11146.0,10988.75,11251.5,105.5,312.5,1.481042654028436,TP,1,S|swing
2020-09-11 14:20:00-04:00,2020-09-11 14:20:00-04:00,2020-09-11 14:32:00-04:00,S,11007.5,11053.5,11053.25,45.75,-94.0,-1.0273224043715847,SL,1,S|swing
2020-09-14 09:35:00-04:00,2020-09-14 09:35:00-04:00,2020-09-14 09:40:00-04:00,S,11209.0,11264.75,11264.5,55.5,-113.5,-1.0225225225225225,SL,1,S|swing
2020-09-14 09:44:00-04:00,2020-09-14 09:44:00-04:00,2020-09-14 13:32:00-04:00,L,11280.5,11207.5,11207.75,72.75,-148.0,-1.0171821305841924,SL,1,L|swing
2020-09-14 14:08:00-04:00,2020-09-14 14:08:00-04:00,2020-09-14 15:59:00-04:00,L,11272.75,11274.75,11219.0,53.75,2.0,0.018604651162790697,time,1,L|swing
2020-09-15 09:47:00-04:00,2020-09-15 09:47:00-04:00,2020-09-15 10:24:00-04:00,L,11450.75,11414.0,11414.25,36.5,-75.5,-1.0342465753424657,SL,1,L|swing
2020-09-15 10:26:00-04:00,2020-09-15 10:26:00-04:00,2020-09-15 10:35:00-04:00,L,11425.25,11448.25,11409.25,16.0,44.0,1.375,TP,1,L|swing
2020-09-15 10:50:00-04:00,2020-09-15 10:50:00-04:00,2020-09-15 11:31:00-04:00,L,11414.75,11463.25,11381.75,33.0,95.0,1.4393939393939394,TP,1,L|swing
2020-09-15 11:56:00-04:00,2020-09-15 11:56:00-04:00,2020-09-15 12:55:00-04:00,L,11458.25,11488.75,11437.25,21.0,59.0,1.4047619047619047,TP,1,L|swing
2020-09-15 13:29:00-04:00,2020-09-15 13:29:00-04:00,2020-09-15 13:58:00-04:00,L,11476.0,11465.25,11465.5,10.5,-23.5,-1.119047619047619,SL,1,L|swing
2020-09-15 14:20:00-04:00,2020-09-15 14:20:00-04:00,2020-09-15 14:32:00-04:00,L,11442.5,11418.0,11418.25,24.25,-51.0,-1.0515463917525774,SL,1,L|swing
2020-09-18 10:11:00-04:00,2020-09-18 10:11:00-04:00,2020-09-18 10:16:00-04:00,S,11068.25,11100.5,11100.25,32.0,-66.5,-1.0390625,SL,1,S|swing
2020-09-18 10:26:00-04:00,2020-09-18 10:26:00-04:00,2020-09-18 10:54:00-04:00,S,11046.0,10956.5,11106.25,60.25,177.0,1.4688796680497926,TP,1,S|swing
2020-09-18 11:59:00-04:00,2020-09-18 11:59:00-04:00,2020-09-18 12:06:00-04:00,S,10952.25,10970.0,10969.75,17.5,-37.5,-1.0714285714285714,SL,1,S|swing
2020-09-18 12:23:00-04:00,2020-09-18 12:23:00-04:00,2020-09-18 13:28:00-04:00,S,10898.0,10782.25,10975.75,77.75,229.5,1.4758842443729903,TP,1,S|swing
2020-09-21 09:38:00-04:00,2020-09-21 09:38:00-04:00,2020-09-21 09:46:00-04:00,S,10738.0,10812.75,10812.5,74.5,-151.5,-1.016778523489933,SL,1,S|swing
2020-09-21 10:29:00-04:00,2020-09-21 10:29:00-04:00,2020-09-21 12:04:00-04:00,S,10702.5,10822.25,10822.0,119.5,-241.5,-1.0104602510460252,SL,1,S|swing
2020-09-21 12:08:00-04:00,2020-09-21 12:08:00-04:00,2020-09-21 15:59:00-04:00,L,10840.5,10963.5,10721.75,118.75,244.0,1.0273684210526315,time,1,L|swing
2020-09-22 10:35:00-04:00,2020-09-22 10:35:00-04:00,2020-09-22 10:45:00-04:00,L,11043.25,10989.75,10990.0,53.25,-109.0,-1.0234741784037558,SL,1,L|swing
2020-09-22 10:59:00-04:00,2020-09-22 10:59:00-04:00,2020-09-22 12:30:00-04:00,S,10945.75,11053.5,11053.25,107.5,-217.5,-1.0116279069767442,SL,1,S|swing
2020-09-23 11:47:00-04:00,2020-09-23 11:47:00-04:00,2020-09-23 14:16:00-04:00,S,11013.75,10901.75,11089.0,75.25,222.0,1.4750830564784052,TP,1,S|swing
2020-09-24 10:56:00-04:00,2020-09-24 10:56:00-04:00,2020-09-24 15:59:00-04:00,L,10877.25,10877.5,10774.5,102.75,-1.5,-0.0072992700729927005,time,1,L|swing
2020-09-25 09:38:00-04:00,2020-09-25 09:38:00-04:00,2020-09-25 10:23:00-04:00,S,10850.25,10934.25,10934.0,83.75,-170.0,-1.0149253731343284,SL,1,S|swing
2020-09-25 10:44:00-04:00,2020-09-25 10:44:00-04:00,2020-09-25 15:59:00-04:00,L,10975.0,11133.25,10841.75,133.25,314.5,1.1801125703564728,time,1,L|swing
2020-09-28 10:44:00-04:00,2020-09-28 10:44:00-04:00,2020-09-28 10:46:00-04:00,L,11273.75,11258.25,11258.5,15.25,-33.0,-1.0819672131147542,SL,1,L|swing
2020-09-28 11:29:00-04:00,2020-09-28 11:29:00-04:00,2020-09-28 12:16:00-04:00,L,11290.5,11237.0,11237.25,53.25,-109.0,-1.0234741784037558,SL,1,L|swing
2020-09-28 14:29:00-04:00,2020-09-28 14:29:00-04:00,2020-09-28 15:17:00-04:00,L,11315.25,11346.75,11293.75,21.5,61.0,1.4186046511627908,TP,1,L|swing
2020-09-29 09:41:00-04:00,2020-09-29 09:41:00-04:00,2020-09-29 10:11:00-04:00,S,11347.75,11380.75,11380.5,32.75,-68.0,-1.0381679389312977,SL,1,S|swing
2020-09-29 10:35:00-04:00,2020-09-29 10:35:00-04:00,2020-09-29 15:59:00-04:00,S,11317.5,11310.25,11386.75,69.25,12.5,0.09025270758122744,time,1,S|swing
2020-09-30 09:41:00-04:00,2020-09-30 09:41:00-04:00,2020-09-30 09:51:00-04:00,L,11336.25,11374.75,11310.0,26.25,75.0,1.4285714285714286,TP,1,L|swing
2020-09-30 11:08:00-04:00,2020-09-30 11:08:00-04:00,2020-09-30 11:51:00-04:00,L,11455.25,11499.25,11425.25,30.0,86.0,1.4333333333333333,TP,1,L|swing
2020-09-30 13:50:00-04:00,2020-09-30 13:50:00-04:00,2020-09-30 14:43:00-04:00,L,11488.0,11431.25,11431.5,56.5,-115.5,-1.0221238938053097,SL,1,L|swing
2020-10-01 09:35:00-04:00,2020-10-01 09:35:00-04:00,2020-10-01 09:40:00-04:00,L,11562.25,11534.5,11534.75,27.5,-57.5,-1.0454545454545454,SL,1,L|swing
2020-10-01 10:32:00-04:00,2020-10-01 10:32:00-04:00,2020-10-01 11:10:00-04:00,L,11517.75,11484.0,11484.25,33.5,-69.5,-1.037313432835821,SL,1,L|swing
2020-10-01 11:14:00-04:00,2020-10-01 11:14:00-04:00,2020-10-01 11:26:00-04:00,S,11497.5,11530.75,11530.5,33.0,-68.5,-1.0378787878787878,SL,1,S|swing
2020-10-01 11:56:00-04:00,2020-10-01 11:56:00-04:00,2020-10-01 12:01:00-04:00,L,11537.25,11518.25,11518.5,18.75,-40.0,-1.0666666666666667,SL,1,L|swing
2020-10-01 12:41:00-04:00,2020-10-01 12:41:00-04:00,2020-10-01 14:08:00-04:00,L,11532.75,11497.5,11497.75,35.0,-72.5,-1.0357142857142858,SL,1,L|swing
2020-10-01 14:11:00-04:00,2020-10-01 14:11:00-04:00,2020-10-01 14:18:00-04:00,L,11540.5,11496.25,11496.5,44.0,-90.5,-1.0284090909090908,SL,1,L|swing
2020-10-02 09:38:00-04:00,2020-10-02 09:38:00-04:00,2020-10-02 11:55:00-04:00,L,11400.0,11285.75,11286.0,114.0,-230.5,-1.0109649122807018,SL,1,L|swing
2020-10-02 13:14:00-04:00,2020-10-02 13:14:00-04:00,2020-10-02 15:59:00-04:00,S,11282.5,11244.25,11344.25,61.75,74.5,0.6032388663967612,time,1,S|swing
2020-10-05 11:05:00-04:00,2020-10-05 11:05:00-04:00,2020-10-05 12:22:00-04:00,L,11419.0,11447.25,11399.5,19.5,54.5,1.3974358974358974,TP,1,L|swing
2020-10-05 13:38:00-04:00,2020-10-05 13:38:00-04:00,2020-10-05 13:46:00-04:00,L,11425.75,11417.0,11417.25,8.5,-19.5,-1.1470588235294117,SL,1,L|swing
2020-10-05 14:17:00-04:00,2020-10-05 14:17:00-04:00,2020-10-05 14:58:00-04:00,L,11410.25,11444.75,11386.75,23.5,67.0,1.425531914893617,TP,1,L|swing
2020-10-06 10:02:00-04:00,2020-10-06 10:02:00-04:00,2020-10-06 11:11:00-04:00,L,11475.5,11417.5,11417.75,57.75,-118.0,-1.0216450216450217,SL,1,L|swing
2020-10-06 11:50:00-04:00,2020-10-06 11:50:00-04:00,2020-10-06 12:13:00-04:00,S,11364.5,11420.75,11420.5,56.0,-114.5,-1.0223214285714286,SL,1,S|swing
2020-10-06 13:38:00-04:00,2020-10-06 13:38:00-04:00,2020-10-06 13:41:00-04:00,L,11444.75,11458.25,11435.25,9.5,25.0,1.3157894736842106,TP,1,L|swing
2020-10-06 14:14:00-04:00,2020-10-06 14:14:00-04:00,2020-10-06 14:50:00-04:00,L,11474.75,11440.75,11441.0,33.75,-70.0,-1.037037037037037,SL,1,L|swing
2020-10-06 14:56:00-04:00,2020-10-06 14:56:00-04:00,2020-10-06 15:59:00-04:00,S,11311.0,11275.75,11524.5,213.5,68.5,0.16042154566744732,time,1,S|swing
2020-10-07 10:05:00-04:00,2020-10-07 10:05:00-04:00,2020-10-07 10:11:00-04:00,L,11402.75,11386.0,11386.25,16.5,-35.5,-1.0757575757575757,SL,1,L|swing
2020-10-07 10:17:00-04:00,2020-10-07 10:17:00-04:00,2020-10-07 10:30:00-04:00,L,11389.75,11367.75,11368.0,21.75,-46.0,-1.0574712643678161,SL,1,L|swing
2020-10-07 10:44:00-04:00,2020-10-07 10:44:00-04:00,2020-10-07 11:31:00-04:00,L,11391.75,11435.25,11362.25,29.5,85.0,1.4406779661016949,TP,1,L|swing
2020-10-07 12:32:00-04:00,2020-10-07 12:32:00-04:00,2020-10-07 13:54:00-04:00,L,11435.5,11498.25,11393.0,42.5,123.5,1.4529411764705882,TP,1,L|swing
2020-10-07 14:11:00-04:00,2020-10-07 14:11:00-04:00,2020-10-07 14:23:00-04:00,L,11477.5,11497.25,11463.75,13.75,37.5,1.3636363636363635,TP,1,L|swing
2020-10-07 14:50:00-04:00,2020-10-07 14:50:00-04:00,2020-10-07 15:59:00-04:00,L,11488.5,11479.5,11467.25,21.25,-20.0,-0.47058823529411764,time,1,L|swing
2020-10-08 09:38:00-04:00,2020-10-08 09:38:00-04:00,2020-10-08 09:43:00-04:00,L,11550.75,11534.75,11535.0,15.75,-34.0,-1.0793650793650793,SL,1,L|swing
2020-10-08 09:56:00-04:00,2020-10-08 09:56:00-04:00,2020-10-08 10:03:00-04:00,L,11543.5,11511.75,11512.0,31.5,-65.5,-1.0396825396825398,SL,1,L|swing
2020-10-08 10:08:00-04:00,2020-10-08 10:08:00-04:00,2020-10-08 12:45:00-04:00,S,11521.25,11558.75,11558.5,37.25,-77.0,-1.0335570469798658,SL,1,S|swing
2020-10-08 13:23:00-04:00,2020-10-08 13:23:00-04:00,2020-10-08 15:59:00-04:00,S,11528.75,11536.5,11557.75,29.0,-17.5,-0.3017241379310345,time,1,S|swing
2020-10-09 09:35:00-04:00,2020-10-09 09:35:00-04:00,2020-10-09 10:35:00-04:00,L,11611.25,11645.75,11587.75,23.5,67.0,1.425531914893617,TP,1,L|swing
2020-10-09 10:53:00-04:00,2020-10-09 10:53:00-04:00,2020-10-09 15:59:00-04:00,L,11655.75,11711.25,11615.0,40.75,109.0,1.3374233128834356,time,1,L|swing
2020-10-12 09:35:00-04:00,2020-10-12 09:35:00-04:00,2020-10-12 09:52:00-04:00,L,11916.5,11875.25,11875.5,41.0,-84.5,-1.0304878048780488,SL,1,L|swing
2020-10-12 10:05:00-04:00,2020-10-12 10:05:00-04:00,2020-10-12 10:51:00-04:00,L,11898.0,11944.0,11866.75,31.25,90.0,1.44,TP,1,L|swing
2020-10-13 12:11:00-04:00,2020-10-13 12:11:00-04:00,2020-10-13 15:59:00-04:00,S,12100.75,12074.5,12164.0,63.25,50.5,0.39920948616600793,time,1,S|swing
2020-10-14 09:38:00-04:00,2020-10-14 09:38:00-04:00,2020-10-14 10:25:00-04:00,L,12131.25,12071.0,12071.25,60.0,-122.5,-1.0208333333333333,SL,1,L|swing
2020-10-14 11:38:00-04:00,2020-10-14 11:38:00-04:00,2020-10-14 11:58:00-04:00,S,12051.25,11971.75,12104.75,53.5,157.0,1.4672897196261683,TP,1,S|swing
2020-10-14 12:56:00-04:00,2020-10-14 12:56:00-04:00,2020-10-14 13:05:00-04:00,S,11939.75,11961.25,11961.0,21.25,-45.0,-1.0588235294117647,SL,1,S|swing
2020-10-14 13:32:00-04:00,2020-10-14 13:32:00-04:00,2020-10-14 13:54:00-04:00,S,11911.5,11963.75,11963.5,52.0,-106.5,-1.0240384615384615,SL,1,S|swing
2020-10-15 10:35:00-04:00,2020-10-15 10:35:00-04:00,2020-10-15 14:34:00-04:00,S,11766.0,11860.25,11860.0,94.0,-190.5,-1.0132978723404256,SL,1,S|swing
2020-10-15 14:59:00-04:00,2020-10-15 14:59:00-04:00,2020-10-15 15:19:00-04:00,L,11850.75,11899.25,11817.75,33.0,95.0,1.4393939393939394,TP,1,L|swing
2020-10-16 09:35:00-04:00,2020-10-16 09:35:00-04:00,2020-10-16 10:18:00-04:00,L,11955.25,11997.75,11926.25,29.0,83.0,1.4310344827586208,TP,1,L|swing
2020-10-16 10:50:00-04:00,2020-10-16 10:50:00-04:00,2020-10-16 11:05:00-04:00,L,11965.25,11954.5,11954.75,10.5,-23.5,-1.119047619047619,SL,1,L|swing
2020-10-16 12:35:00-04:00,2020-10-16 12:35:00-04:00,2020-10-16 13:10:00-04:00,S,11891.0,11930.5,11930.25,39.25,-81.0,-1.0318471337579618,SL,1,S|swing
2020-10-16 14:26:00-04:00,2020-10-16 14:26:00-04:00,2020-10-16 14:56:00-04:00,L,11931.0,11958.75,11912.0,19.0,53.5,1.4078947368421053,TP,1,L|swing
2020-10-19 09:56:00-04:00,2020-10-19 09:56:00-04:00,2020-10-19 10:35:00-04:00,S,11891.25,11802.5,11951.0,59.75,175.5,1.4686192468619246,TP,1,S|swing
2020-10-19 11:14:00-04:00,2020-10-19 11:14:00-04:00,2020-10-19 11:15:00-04:00,S,11825.75,11820.25,11830.0,4.25,9.0,1.0588235294117647,TP,1,S|swing
2020-10-19 12:02:00-04:00,2020-10-19 12:02:00-04:00,2020-10-19 14:39:00-04:00,S,11776.25,11691.75,11833.25,57.0,167.0,1.4649122807017543,TP,1,S|swing
2020-10-20 10:59:00-04:00,2020-10-20 10:59:00-04:00,2020-10-20 12:33:00-04:00,S,11636.25,11708.5,11708.25,72.0,-146.5,-1.0173611111111112,SL,1,S|swing
2020-10-20 13:14:00-04:00,2020-10-20 13:14:00-04:00,2020-10-20 15:09:00-04:00,L,11751.75,11691.0,11691.25,60.5,-123.5,-1.0206611570247934,SL,1,L|swing
2020-10-21 11:47:00-04:00,2020-10-21 11:47:00-04:00,2020-10-21 15:59:00-04:00,L,11697.75,11652.25,11630.0,67.75,-93.0,-0.6863468634686347,time,1,L|swing
2020-10-22 09:44:00-04:00,2020-10-22 09:44:00-04:00,2020-10-22 09:59:00-04:00,L,11704.5,11665.25,11665.5,39.0,-80.5,-1.0320512820512822,SL,1,L|swing
2020-10-22 10:17:00-04:00,2020-10-22 10:17:00-04:00,2020-10-22 10:43:00-04:00,S,11632.5,11531.25,11700.5,68.0,200.5,1.474264705882353,TP,1,S|swing
2020-10-22 12:14:00-04:00,2020-10-22 12:14:00-04:00,2020-10-22 13:09:00-04:00,S,11579.25,11618.25,11618.0,38.75,-80.0,-1.032258064516129,SL,1,S|swing
2020-10-22 14:20:00-04:00,2020-10-22 14:20:00-04:00,2020-10-22 15:06:00-04:00,L,11661.75,11630.5,11630.75,31.0,-64.5,-1.0403225806451613,SL,1,L|swing
2020-10-23 10:38:00-04:00,2020-10-23 10:38:00-04:00,2020-10-23 11:10:00-04:00,S,11601.75,11628.5,11628.25,26.5,-55.5,-1.0471698113207548,SL,1,S|swing
2020-10-23 11:20:00-04:00,2020-10-23 11:20:00-04:00,2020-10-23 11:39:00-04:00,S,11609.25,11566.25,11638.5,29.25,84.0,1.435897435897436,TP,1,S|swing
2020-10-23 11:47:00-04:00,2020-10-23 11:47:00-04:00,2020-10-23 13:08:00-04:00,S,11556.25,11625.5,11625.25,69.0,-140.5,-1.0181159420289856,SL,1,S|swing
2020-10-26 14:14:00-04:00,2020-10-26 14:14:00-04:00,2020-10-26 14:16:00-04:00,S,11411.0,11430.75,11430.5,19.5,-41.5,-1.064102564102564,SL,1,S|swing
2020-10-27 11:14:00-04:00,2020-10-27 11:14:00-04:00,2020-10-27 15:59:00-04:00,L,11587.5,11585.5,11527.5,60.0,-6.0,-0.05,time,1,L|swing
2020-10-28 10:56:00-04:00,2020-10-28 10:56:00-04:00,2020-10-28 15:32:00-04:00,S,11213.25,11267.75,11267.5,54.25,-111.0,-1.023041474654378,SL,1,S|swing
2020-10-29 09:35:00-04:00,2020-10-29 09:35:00-04:00,2020-10-29 09:39:00-04:00,S,11223.25,11191.5,11245.0,21.75,61.5,1.4137931034482758,TP,1,S|swing
2020-10-29 11:11:00-04:00,2020-10-29 11:11:00-04:00,2020-10-29 11:21:00-04:00,L,11287.5,11328.25,11259.75,27.75,79.5,1.4324324324324325,TP,1,L|swing
2020-10-30 09:44:00-04:00,2020-10-30 09:44:00-04:00,2020-10-30 10:36:00-04:00,S,11177.75,11023.0,11281.5,103.75,307.5,1.4819277108433735,TP,1,S|swing
2020-10-30 13:05:00-04:00,2020-10-30 13:05:00-04:00,2020-10-30 14:33:00-04:00,S,11017.25,10954.75,11059.5,42.25,123.0,1.455621301775148,TP,1,S|swing
2020-11-02 10:38:00-05:00,2020-11-02 10:38:00-05:00,2020-11-02 12:48:00-05:00,S,11128.0,11007.25,11209.0,81.0,239.5,1.478395061728395,TP,1,S|swing
2020-11-02 13:47:00-05:00,2020-11-02 13:47:00-05:00,2020-11-02 13:57:00-05:00,S,10984.0,10947.0,11009.25,25.25,72.0,1.4257425742574257,TP,1,S|swing
2020-11-03 09:44:00-05:00,2020-11-03 09:44:00-05:00,2020-11-03 09:54:00-05:00,L,11139.0,11195.25,11101.0,38.0,110.5,1.4539473684210527,TP,1,L|swing
2020-11-03 11:26:00-05:00,2020-11-03 11:26:00-05:00,2020-11-03 11:55:00-05:00,L,11314.0,11292.75,11293.0,21.0,-44.5,-1.0595238095238095,SL,1,L|swing
2020-11-03 12:26:00-05:00,2020-11-03 12:26:00-05:00,2020-11-03 13:37:00-05:00,L,11315.75,11274.0,11274.25,41.5,-85.5,-1.0301204819277108,SL,1,L|swing
2020-11-03 13:44:00-05:00,2020-11-03 13:44:00-05:00,2020-11-03 13:48:00-05:00,L,11288.0,11264.75,11265.0,23.0,-48.5,-1.0543478260869565,SL,1,L|swing
2020-11-03 14:53:00-05:00,2020-11-03 14:53:00-05:00,2020-11-03 15:08:00-05:00,L,11275.25,11240.75,11241.0,34.25,-71.0,-1.0364963503649636,SL,1,L|swing
2020-11-04 09:44:00-05:00,2020-11-04 09:44:00-05:00,2020-11-04 10:05:00-05:00,L,11613.75,11698.75,11556.5,57.25,168.0,1.4672489082969433,TP,1,L|swing
2020-11-04 11:38:00-05:00,2020-11-04 11:38:00-05:00,2020-11-04 15:59:00-05:00,L,11774.25,11759.75,11711.0,63.25,-31.0,-0.2450592885375494,time,1,L|swing
2020-11-05 09:38:00-05:00,2020-11-05 09:38:00-05:00,2020-11-05 15:59:00-05:00,L,12036.5,12066.0,11972.5,64.0,57.0,0.4453125,time,1,L|swing
2020-11-06 10:14:00-05:00,2020-11-06 10:14:00-05:00,2020-11-06 10:15:00-05:00,S,11959.5,11969.5,11969.25,9.75,-22.0,-1.1282051282051282,SL,1,S|swing
2020-11-06 10:32:00-05:00,2020-11-06 10:32:00-05:00,2020-11-06 15:59:00-05:00,L,11985.0,12080.25,11887.75,97.25,188.5,0.9691516709511568,time,1,L|swing
2020-11-09 09:38:00-05:00,2020-11-09 09:38:00-05:00,2020-11-09 10:05:00-05:00,S,12105.5,12217.5,12217.25,111.75,-226.0,-1.0111856823266219,SL,1,S|swing
2020-11-09 10:50:00-05:00,2020-11-09 10:50:00-05:00,2020-11-09 15:52:00-05:00,S,12109.5,11884.25,12260.25,150.75,448.5,1.4875621890547264,TP,1,S|swing
2020-11-10 09:38:00-05:00,2020-11-10 09:38:00-05:00,2020-11-10 10:37:00-05:00,S,11660.5,11527.5,11749.75,89.25,264.0,1.4789915966386555,TP,1,S|swing
2020-11-10 12:59:00-05:00,2020-11-10 12:59:00-05:00,2020-11-10 13:17:00-05:00,L,11696.0,11660.5,11660.75,35.25,-73.0,-1.0354609929078014,SL,1,L|swing
2020-11-10 13:41:00-05:00,2020-11-10 13:41:00-05:00,2020-11-10 15:59:00-05:00,S,11631.5,11620.0,11691.25,59.75,21.0,0.17573221757322174,time,1,S|swing
2020-11-11 10:56:00-05:00,2020-11-11 10:56:00-05:00,2020-11-11 11:50:00-05:00,L,11807.75,11856.25,11774.75,33.0,95.0,1.4393939393939394,TP,1,L|swing
2020-11-11 14:02:00-05:00,2020-11-11 14:02:00-05:00,2020-11-11 14:30:00-05:00,L,11877.0,11857.25,11857.5,19.5,-41.5,-1.064102564102564,SL,1,L|swing
2020-11-11 14:32:00-05:00,2020-11-11 14:32:00-05:00,2020-11-11 14:33:00-05:00,L,11865.5,11856.0,11856.25,9.25,-21.0,-1.135135135135135,SL,1,L|swing
2020-11-12 09:38:00-05:00,2020-11-12 09:38:00-05:00,2020-11-12 11:40:00-05:00,L,11956.25,11880.5,11880.75,75.5,-153.5,-1.0165562913907285,SL,1,L|swing
2020-11-12 11:41:00-05:00,2020-11-12 11:41:00-05:00,2020-11-12 13:30:00-05:00,S,11872.75,11794.75,11925.25,52.5,154.0,1.4666666666666666,TP,1,S|swing
2020-11-12 14:53:00-05:00,2020-11-12 14:53:00-05:00,2020-11-12 15:59:00-05:00,S,11798.5,11825.0,11848.25,49.75,-55.0,-0.5527638190954773,time,1,S|swing
2020-11-13 09:41:00-05:00,2020-11-13 09:41:00-05:00,2020-11-13 10:00:00-05:00,L,11917.75,11870.5,11870.75,47.0,-96.5,-1.0265957446808511,SL,1,L|swing
2020-11-13 13:32:00-05:00,2020-11-13 13:32:00-05:00,2020-11-13 14:15:00-05:00,S,11879.0,11847.75,11900.5,21.5,60.5,1.4069767441860466,TP,1,S|swing
2020-11-13 14:20:00-05:00,2020-11-13 14:20:00-05:00,2020-11-13 15:38:00-05:00,L,11884.0,11938.25,11847.25,36.75,106.5,1.4489795918367347,TP,1,L|swing
2020-11-16 11:53:00-05:00,2020-11-16 11:53:00-05:00,2020-11-16 12:20:00-05:00,L,11990.5,11973.0,11973.25,17.25,-37.0,-1.0724637681159421,SL,1,L|swing
2020-11-16 12:41:00-05:00,2020-11-16 12:41:00-05:00,2020-11-16 12:55:00-05:00,L,11979.0,11961.5,11961.75,17.25,-37.0,-1.0724637681159421,SL,1,L|swing
2020-11-16 13:26:00-05:00,2020-11-16 13:26:00-05:00,2020-11-16 13:40:00-05:00,S,11958.0,11933.25,11975.0,17.0,47.5,1.3970588235294117,TP,1,S|swing
2020-11-16 13:41:00-05:00,2020-11-16 13:41:00-05:00,2020-11-16 14:00:00-05:00,S,11935.0,11974.75,11974.5,39.5,-81.5,-1.0316455696202531,SL,1,S|swing
2020-11-16 14:56:00-05:00,2020-11-16 14:56:00-05:00,2020-11-16 15:21:00-05:00,S,11955.75,11987.75,11987.5,31.75,-66.0,-1.0393700787401574,SL,1,S|swing
2020-11-17 09:38:00-05:00,2020-11-17 09:38:00-05:00,2020-11-17 13:30:00-05:00,S,12002.5,12042.25,12042.0,39.5,-81.5,-1.0316455696202531,SL,1,S|swing
2020-11-17 13:50:00-05:00,2020-11-17 13:50:00-05:00,2020-11-17 15:59:00-05:00,S,12003.75,11977.5,12042.75,39.0,50.5,0.6474358974358975,time,1,S|swing
2020-11-18 11:47:00-05:00,2020-11-18 11:47:00-05:00,2020-11-18 11:50:00-05:00,S,11962.25,11975.25,11975.0,12.75,-28.0,-1.0980392156862746,SL,1,S|swing
2020-11-18 11:53:00-05:00,2020-11-18 11:53:00-05:00,2020-11-18 13:50:00-05:00,L,11986.25,11956.0,11956.25,30.0,-62.5,-1.0416666666666667,SL,1,L|swing
2020-11-19 11:56:00-05:00,2020-11-19 11:56:00-05:00,2020-11-19 12:46:00-05:00,L,11940.75,11922.0,11922.25,18.5,-39.5,-1.0675675675675675,SL,1,L|swing
2020-11-19 12:50:00-05:00,2020-11-19 12:50:00-05:00,2020-11-19 13:00:00-05:00,L,11918.75,11930.25,11910.5,8.25,21.0,1.2727272727272727,TP,1,L|swing
2020-11-19 13:20:00-05:00,2020-11-19 13:20:00-05:00,2020-11-19 13:25:00-05:00,L,11927.25,11947.25,11913.25,14.0,38.0,1.3571428571428572,TP,1,L|swing
2020-11-19 14:29:00-05:00,2020-11-19 14:29:00-05:00,2020-11-19 14:37:00-05:00,L,11958.25,11975.0,11946.5,11.75,31.5,1.3404255319148937,TP,1,L|swing
2020-11-23 11:14:00-05:00,2020-11-23 11:14:00-05:00,2020-11-23 14:54:00-05:00,S,11815.0,11919.5,11919.25,104.25,-211.0,-1.0119904076738608,SL,1,S|swing
2020-11-23 14:59:00-05:00,2020-11-23 14:59:00-05:00,2020-11-23 15:59:00-05:00,L,11918.25,11904.0,11877.0,41.25,-30.5,-0.3696969696969697,time,1,L|swing
2020-11-24 12:08:00-05:00,2020-11-24 12:08:00-05:00,2020-11-24 12:34:00-05:00,L,12018.25,12036.5,12005.5,12.75,34.5,1.3529411764705883,TP,1,L|swing
2020-11-24 12:35:00-05:00,2020-11-24 12:35:00-05:00,2020-11-24 15:59:00-05:00,L,12048.75,12075.25,12006.75,42.0,51.0,0.6071428571428571,time,1,L|swing
2020-11-25 14:17:00-05:00,2020-11-25 14:17:00-05:00,2020-11-25 14:30:00-05:00,L,12126.75,12143.25,12115.25,11.5,31.0,1.3478260869565217,TP,1,L|swing
2020-11-25 14:59:00-05:00,2020-11-25 14:59:00-05:00,2020-11-25 15:34:00-05:00,L,12148.5,12174.25,12130.75,17.75,49.5,1.3943661971830985,TP,1,L|swing
2020-11-26 09:53:00-05:00,2020-11-26 09:53:00-05:00,2020-11-26 10:13:00-05:00,L,12198.25,12188.5,12188.75,9.5,-21.5,-1.131578947368421,SL,1,L|swing
2020-11-26 11:56:00-05:00,2020-11-26 11:56:00-05:00,2020-11-26 12:18:00-05:00,S,12188.0,12170.75,12200.0,12.0,32.5,1.3541666666666667,TP,1,S|swing
2020-11-27 12:02:00-05:00,2020-11-27 12:02:00-05:00,2020-11-27 12:12:00-05:00,L,12258.25,12242.25,12242.5,15.75,-34.0,-1.0793650793650793,SL,1,L|swing
2020-11-27 12:38:00-05:00,2020-11-27 12:38:00-05:00,2020-11-27 13:04:00-05:00,L,12250.25,12262.5,12232.25,18.0,22.5,0.625,time,1,L|swing
2020-11-30 11:56:00-05:00,2020-11-30 11:56:00-05:00,2020-11-30 12:01:00-05:00,S,12197.5,12188.25,12204.25,6.75,16.5,1.2222222222222223,TP,1,S|swing
2020-11-30 12:41:00-05:00,2020-11-30 12:41:00-05:00,2020-11-30 12:57:00-05:00,S,12201.5,12215.0,12214.75,13.25,-29.0,-1.0943396226415094,SL,1,S|swing
2020-11-30 13:14:00-05:00,2020-11-30 13:14:00-05:00,2020-11-30 13:21:00-05:00,S,12209.75,12229.75,12229.5,19.75,-42.0,-1.0632911392405062,SL,1,S|swing
2020-11-30 13:26:00-05:00,2020-11-30 13:26:00-05:00,2020-11-30 13:39:00-05:00,S,12223.25,12234.5,12234.25,11.0,-24.5,-1.1136363636363635,SL,1,S|swing
2020-11-30 14:08:00-05:00,2020-11-30 14:08:00-05:00,2020-11-30 14:41:00-05:00,L,12242.25,12268.25,12224.25,18.0,50.0,1.3888888888888888,TP,1,L|swing
2020-12-01 09:47:00-05:00,2020-12-01 09:47:00-05:00,2020-12-01 09:50:00-05:00,S,12371.5,12390.0,12389.75,18.25,-39.0,-1.0684931506849316,SL,1,S|swing
2020-12-01 10:02:00-05:00,2020-12-01 10:02:00-05:00,2020-12-01 15:59:00-05:00,L,12409.5,12450.25,12333.75,75.75,79.5,0.5247524752475248,time,1,L|swing
2020-12-02 11:29:00-05:00,2020-12-02 11:29:00-05:00,2020-12-02 13:48:00-05:00,L,12436.75,12411.75,12412.0,24.75,-52.0,-1.0505050505050506,SL,1,L|swing
2020-12-02 13:53:00-05:00,2020-12-02 13:53:00-05:00,2020-12-02 15:03:00-05:00,L,12434.0,12467.25,12411.25,22.75,64.5,1.4175824175824177,TP,1,L|swing
2020-12-03 09:38:00-05:00,2020-12-03 09:38:00-05:00,2020-12-03 10:23:00-05:00,L,12492.75,12536.5,12463.0,29.75,85.5,1.4369747899159664,TP,1,L|swing
2020-12-03 10:47:00-05:00,2020-12-03 10:47:00-05:00,2020-12-03 10:50:00-05:00,L,12504.5,12494.75,12495.0,9.5,-21.5,-1.131578947368421,SL,1,L|swing
2020-12-03 10:53:00-05:00,2020-12-03 10:53:00-05:00,2020-12-03 10:58:00-05:00,L,12502.0,12489.5,12489.75,12.25,-27.0,-1.1020408163265305,SL,1,L|swing
2020-12-03 10:59:00-05:00,2020-12-03 10:59:00-05:00,2020-12-03 15:59:00-05:00,S,12479.75,12472.75,12530.25,50.5,12.0,0.1188118811881188,time,1,S|swing
2020-12-04 10:29:00-05:00,2020-12-04 10:29:00-05:00,2020-12-04 10:49:00-05:00,S,12476.0,12519.25,12519.0,43.0,-88.5,-1.0290697674418605,SL,1,S|swing
2020-12-04 11:23:00-05:00,2020-12-04 11:23:00-05:00,2020-12-04 15:59:00-05:00,L,12504.0,12529.0,12481.75,22.25,48.0,1.0786516853932584,time,1,L|swing
2020-12-07 10:50:00-05:00,2020-12-07 10:50:00-05:00,2020-12-07 12:07:00-05:00,L,12593.25,12575.75,12576.0,17.25,-37.0,-1.0724637681159421,SL,1,L|swing
2020-12-07 12:20:00-05:00,2020-12-07 12:20:00-05:00,2020-12-07 13:00:00-05:00,L,12580.75,12570.75,12571.0,9.75,-22.0,-1.1282051282051282,SL,1,L|swing
2020-12-07 13:08:00-05:00,2020-12-07 13:08:00-05:00,2020-12-07 13:14:00-05:00,L,12564.25,12558.25,12558.5,5.75,-14.0,-1.2173913043478262,SL,1,L|swing
2020-12-07 13:17:00-05:00,2020-12-07 13:17:00-05:00,2020-12-07 13:38:00-05:00,L,12564.75,12555.25,12555.5,9.25,-21.0,-1.135135135135135,SL,1,L|swing
2020-12-07 13:56:00-05:00,2020-12-07 13:56:00-05:00,2020-12-07 15:59:00-05:00,L,12567.5,12597.75,12546.75,20.75,58.5,1.4096385542168675,TP,1,L|swing
2020-12-08 09:35:00-05:00,2020-12-08 09:35:00-05:00,2020-12-08 09:39:00-05:00,L,12573.5,12550.75,12551.0,22.5,-47.5,-1.0555555555555556,SL,1,L|swing
2020-12-08 10:20:00-05:00,2020-12-08 10:20:00-05:00,2020-12-08 11:18:00-05:00,S,12516.75,12569.25,12569.0,52.25,-107.0,-1.0239234449760766,SL,1,S|swing
2020-12-08 12:38:00-05:00,2020-12-08 12:38:00-05:00,2020-12-08 13:04:00-05:00,L,12589.0,12603.75,12578.5,10.5,27.5,1.3095238095238095,TP,1,L|swing
2020-12-08 13:05:00-05:00,2020-12-08 13:05:00-05:00,2020-12-08 13:44:00-05:00,L,12603.75,12631.75,12584.5,19.25,54.0,1.4025974025974026,TP,1,L|swing
2020-12-09 09:47:00-05:00,2020-12-09 09:47:00-05:00,2020-12-09 09:52:00-05:00,S,12616.75,12635.5,12635.25,18.5,-39.5,-1.0675675675675675,SL,1,S|swing
2020-12-09 10:29:00-05:00,2020-12-09 10:29:00-05:00,2020-12-09 11:47:00-05:00,S,12610.25,12570.75,12637.25,27.0,77.0,1.4259259259259258,TP,1,S|swing
2020-12-09 13:53:00-05:00,2020-12-09 13:53:00-05:00,2020-12-09 15:59:00-05:00,S,12382.25,12355.5,12477.5,95.25,51.5,0.27034120734908135,time,1,S|swing
2020-12-10 11:14:00-05:00,2020-12-10 11:14:00-05:00,2020-12-10 11:54:00-05:00,L,12424.5,12396.75,12397.0,27.5,-57.5,-1.0454545454545454,SL,1,L|swing
2020-12-10 12:41:00-05:00,2020-12-10 12:41:00-05:00,2020-12-10 12:49:00-05:00,L,12386.75,12377.5,12377.75,9.0,-20.5,-1.1388888888888888,SL,1,L|swing
2020-12-10 12:50:00-05:00,2020-12-10 12:50:00-05:00,2020-12-10 13:28:00-05:00,S,12363.0,12410.0,12409.75,46.75,-96.0,-1.0267379679144386,SL,1,S|swing
2020-12-10 13:38:00-05:00,2020-12-10 13:38:00-05:00,2020-12-10 13:47:00-05:00,L,12393.5,12382.5,12382.75,10.75,-24.0,-1.1162790697674418,SL,1,L|swing
2020-12-10 13:50:00-05:00,2020-12-10 13:50:00-05:00,2020-12-10 13:52:00-05:00,L,12383.75,12394.5,12376.0,7.75,19.5,1.2580645161290323,TP,1,L|swing
2020-12-10 14:41:00-05:00,2020-12-10 14:41:00-05:00,2020-12-10 14:57:00-05:00,L,12384.5,12364.75,12365.0,19.5,-41.5,-1.064102564102564,SL,1,L|swing
2020-12-10 14:59:00-05:00,2020-12-10 14:59:00-05:00,2020-12-10 15:15:00-05:00,S,12362.75,12394.5,12394.25,31.5,-65.5,-1.0396825396825398,SL,1,S|swing
2020-12-11 09:41:00-05:00,2020-12-11 09:41:00-05:00,2020-12-11 10:12:00-05:00,S,12309.0,12355.0,12354.75,45.75,-94.0,-1.0273224043715847,SL,1,S|swing
2020-12-11 10:26:00-05:00,2020-12-11 10:26:00-05:00,2020-12-11 10:51:00-05:00,L,12346.25,12305.0,12305.25,41.0,-84.5,-1.0304878048780488,SL,1,L|swing
2020-12-11 11:11:00-05:00,2020-12-11 11:11:00-05:00,2020-12-11 11:37:00-05:00,S,12309.5,12271.75,12335.25,25.75,73.5,1.4271844660194175,TP,1,S|swing
2020-12-11 12:38:00-05:00,2020-12-11 12:38:00-05:00,2020-12-11 13:02:00-05:00,S,12235.5,12283.75,12283.5,48.0,-98.5,-1.0260416666666667,SL,1,S|swing
2020-12-11 14:47:00-05:00,2020-12-11 14:47:00-05:00,2020-12-11 15:59:00-05:00,L,12361.5,12375.75,12325.0,36.5,26.5,0.363013698630137,time,1,L|swing
2020-12-16 09:35:00-05:00,2020-12-16 09:35:00-05:00,2020-12-16 10:34:00-05:00,S,12595.25,12626.0,12625.75,30.5,-63.5,-1.040983606557377,SL,1,S|swing
2020-12-16 11:05:00-05:00,2020-12-16 11:05:00-05:00,2020-12-16 11:18:00-05:00,L,12638.0,12617.0,12617.25,20.75,-44.0,-1.0602409638554218,SL,1,L|swing
2020-12-16 12:47:00-05:00,2020-12-16 12:47:00-05:00,2020-12-16 12:50:00-05:00,L,12644.0,12635.5,12635.75,8.25,-19.0,-1.1515151515151516,SL,1,L|swing
2020-12-16 12:56:00-05:00,2020-12-16 12:56:00-05:00,2020-12-16 13:09:00-05:00,L,12643.0,12627.0,12627.25,15.75,-34.0,-1.0793650793650793,SL,1,L|swing
2020-12-16 13:11:00-05:00,2020-12-16 13:11:00-05:00,2020-12-16 13:39:00-05:00,L,12636.5,12650.75,12626.5,10.0,26.5,1.325,TP,1,L|swing
2020-12-17 11:29:00-05:00,2020-12-17 11:29:00-05:00,2020-12-17 11:30:00-05:00,S,12724.25,12719.75,12727.75,3.5,7.0,1.0,TP,1,S|swing
2020-12-17 13:29:00-05:00,2020-12-17 13:29:00-05:00,2020-12-17 13:51:00-05:00,S,12721.75,12734.75,12734.5,12.75,-28.0,-1.0980392156862746,SL,1,S|swing
2020-12-17 14:41:00-05:00,2020-12-17 14:41:00-05:00,2020-12-17 15:50:00-05:00,S,12720.0,12740.0,12739.75,19.75,-42.0,-1.0632911392405062,SL,1,S|swing
2020-12-18 10:59:00-05:00,2020-12-18 10:59:00-05:00,2020-12-18 11:04:00-05:00,S,12717.5,12727.0,12726.75,9.25,-21.0,-1.135135135135135,SL,1,S|swing
2020-12-18 11:11:00-05:00,2020-12-18 11:11:00-05:00,2020-12-18 11:15:00-05:00,S,12701.0,12661.75,12727.75,26.75,76.5,1.4299065420560748,TP,1,S|swing
2020-12-18 11:56:00-05:00,2020-12-18 11:56:00-05:00,2020-12-18 12:05:00-05:00,S,12693.25,12704.0,12703.75,10.5,-23.5,-1.119047619047619,SL,1,S|swing
2020-12-18 13:23:00-05:00,2020-12-18 13:23:00-05:00,2020-12-18 14:57:00-05:00,S,12693.75,12656.75,12719.0,25.25,72.0,1.4257425742574257,TP,1,S|swing
2020-12-21 09:50:00-05:00,2020-12-21 09:50:00-05:00,2020-12-21 10:46:00-05:00,S,12575.75,12466.25,12649.25,73.5,217.0,1.4761904761904763,TP,1,S|swing
2020-12-21 14:29:00-05:00,2020-12-21 14:29:00-05:00,2020-12-21 15:08:00-05:00,L,12689.0,12667.5,12667.75,21.25,-45.0,-1.0588235294117647,SL,1,L|swing
2020-12-22 09:53:00-05:00,2020-12-22 09:53:00-05:00,2020-12-22 11:01:00-05:00,L,12736.0,12678.25,12678.5,57.5,-117.5,-1.0217391304347827,SL,1,L|swing
2020-12-22 11:32:00-05:00,2020-12-22 11:32:00-05:00,2020-12-22 13:36:00-05:00,S,12645.0,12704.75,12704.5,59.5,-121.5,-1.0210084033613445,SL,1,S|swing
2020-12-22 14:29:00-05:00,2020-12-22 14:29:00-05:00,2020-12-22 14:36:00-05:00,L,12711.0,12701.0,12701.25,9.75,-22.0,-1.1282051282051282,SL,1,L|swing
2020-12-23 09:38:00-05:00,2020-12-23 09:38:00-05:00,2020-12-23 13:09:00-05:00,S,12684.25,12727.5,12727.25,43.0,-88.5,-1.0290697674418605,SL,1,S|swing
2020-12-23 14:35:00-05:00,2020-12-23 14:35:00-05:00,2020-12-23 14:44:00-05:00,L,12717.0,12705.5,12705.75,11.25,-25.0,-1.1111111111111112,SL,1,L|swing
2020-12-24 11:02:00-05:00,2020-12-24 11:02:00-05:00,2020-12-24 11:28:00-05:00,L,12689.25,12677.5,12677.75,11.5,-25.5,-1.108695652173913,SL,1,L|swing
2020-12-28 10:38:00-05:00,2020-12-28 10:38:00-05:00,2020-12-28 15:59:00-05:00,L,12790.25,12833.25,12740.75,49.5,84.0,0.8484848484848485,time,1,L|swing
2020-12-29 11:44:00-05:00,2020-12-29 11:44:00-05:00,2020-12-29 12:11:00-05:00,S,12866.0,12839.75,12884.0,18.0,50.5,1.4027777777777777,TP,1,S|swing
2020-12-29 12:23:00-05:00,2020-12-29 12:23:00-05:00,2020-12-29 13:54:00-05:00,S,12829.25,12863.25,12863.0,33.75,-70.0,-1.037037037037037,SL,1,S|swing
2020-12-29 14:02:00-05:00,2020-12-29 14:02:00-05:00,2020-12-29 14:47:00-05:00,S,12847.0,12820.5,12865.25,18.25,51.0,1.3972602739726028,TP,1,S|swing
2020-12-30 10:56:00-05:00,2020-12-30 10:56:00-05:00,2020-12-30 11:35:00-05:00,S,12850.5,12867.25,12867.0,16.5,-35.5,-1.0757575757575757,SL,1,S|swing
2020-12-30 12:38:00-05:00,2020-12-30 12:38:00-05:00,2020-12-30 13:47:00-05:00,S,12859.25,12869.5,12869.25,10.0,-22.5,-1.125,SL,1,S|swing
2020-12-30 14:08:00-05:00,2020-12-30 14:08:00-05:00,2020-12-30 15:17:00-05:00,S,12853.75,12826.25,12872.75,19.0,53.0,1.394736842105263,TP,1,S|swing
2020-12-31 09:50:00-05:00,2020-12-31 09:50:00-05:00,2020-12-31 15:11:00-05:00,S,12831.75,12858.0,12857.75,26.0,-54.5,-1.0480769230769231,SL,1,S|swing
2021-01-04 10:41:00-05:00,2021-01-04 10:41:00-05:00,2021-01-04 10:45:00-05:00,S,12871.75,12847.75,12888.25,16.5,46.0,1.393939393939394,TP,1,S|swing
2021-01-04 14:35:00-05:00,2021-01-04 14:35:00-05:00,2021-01-04 14:59:00-05:00,S,12632.75,12665.75,12665.5,32.75,-68.0,-1.0381679389312977,SL,1,S|swing
2021-01-05 11:23:00-05:00,2021-01-05 11:23:00-05:00,2021-01-05 11:33:00-05:00,L,12708.5,12738.25,12688.0,20.5,57.5,1.4024390243902438,TP,1,L|swing
2021-01-05 12:38:00-05:00,2021-01-05 12:38:00-05:00,2021-01-05 13:45:00-05:00,L,12720.25,12747.25,12701.75,18.5,52.0,1.4054054054054055,TP,1,L|swing
2021-01-06 12:05:00-05:00,2021-01-06 12:05:00-05:00,2021-01-06 14:18:00-05:00,L,12791.75,12737.5,12737.75,54.0,-110.5,-1.0231481481481481,SL,1,L|swing
2021-01-06 14:20:00-05:00,2021-01-06 14:20:00-05:00,2021-01-06 14:24:00-05:00,L,12739.0,12727.75,12728.0,11.0,-24.5,-1.1136363636363635,SL,1,L|swing
2021-01-07 11:29:00-05:00,2021-01-07 11:29:00-05:00,2021-01-07 12:14:00-05:00,L,12897.75,12875.5,12875.75,22.0,-46.5,-1.0568181818181819,SL,1,L|swing
2021-01-07 13:14:00-05:00,2021-01-07 13:14:00-05:00,2021-01-07 13:39:00-05:00,L,12887.5,12914.25,12869.0,18.5,51.5,1.3918918918918919,TP,1,L|swing
2021-01-08 09:41:00-05:00,2021-01-08 09:41:00-05:00,2021-01-08 10:26:00-05:00,L,13045.75,12985.25,12985.5,60.25,-123.0,-1.020746887966805,SL,1,L|swing
2021-01-08 11:26:00-05:00,2021-01-08 11:26:00-05:00,2021-01-08 11:52:00-05:00,L,13020.5,13001.0,13001.25,19.25,-41.0,-1.0649350649350648,SL,1,L|swing
2021-01-08 11:59:00-05:00,2021-01-08 11:59:00-05:00,2021-01-08 13:20:00-05:00,L,13033.0,12997.5,12997.75,35.25,-73.0,-1.0354609929078014,SL,1,L|swing
2021-01-11 09:35:00-05:00,2021-01-11 09:35:00-05:00,2021-01-11 10:07:00-05:00,S,12927.75,12983.75,12983.5,55.75,-114.0,-1.0224215246636772,SL,1,S|swing
2021-01-11 10:56:00-05:00,2021-01-11 10:56:00-05:00,2021-01-11 12:30:00-05:00,S,12974.0,13004.25,13004.0,30.0,-62.5,-1.0416666666666667,SL,1,S|swing
2021-01-11 12:35:00-05:00,2021-01-11 12:35:00-05:00,2021-01-11 13:26:00-05:00,L,13007.75,12976.5,12976.75,31.0,-64.5,-1.0403225806451613,SL,1,L|swing
2021-01-12 11:23:00-05:00,2021-01-12 11:23:00-05:00,2021-01-12 11:25:00-05:00,S,12918.25,12904.75,12927.75,9.5,25.0,1.3157894736842106,TP,1,S|swing
2021-01-12 11:41:00-05:00,2021-01-12 11:41:00-05:00,2021-01-12 12:05:00-05:00,S,12888.75,12831.25,12927.75,39.0,113.0,1.4487179487179487,TP,1,S|swing
2021-01-12 12:59:00-05:00,2021-01-12 12:59:00-05:00,2021-01-12 13:00:00-05:00,S,12844.75,12847.75,12847.5,2.75,-8.0,-1.4545454545454546,SL,1,S|swing
2021-01-13 09:35:00-05:00,2021-01-13 09:35:00-05:00,2021-01-13 09:43:00-05:00,L,12899.0,12867.5,12867.75,31.25,-65.0,-1.04,SL,1,L|swing
2021-01-13 09:44:00-05:00,2021-01-13 09:44:00-05:00,2021-01-13 09:50:00-05:00,S,12868.25,12917.0,12916.75,48.5,-99.5,-1.0257731958762886,SL,1,S|swing
2021-01-13 10:32:00-05:00,2021-01-13 10:32:00-05:00,2021-01-13 15:59:00-05:00,L,12938.5,12967.75,12870.75,67.75,56.5,0.41697416974169743,time,1,L|swing
2021-01-14 10:38:00-05:00,2021-01-14 10:38:00-05:00,2021-01-14 11:35:00-05:00,L,13001.5,12979.5,12979.75,21.75,-46.0,-1.0574712643678161,SL,1,L|swing
2021-01-14 11:44:00-05:00,2021-01-14 11:44:00-05:00,2021-01-14 11:53:00-05:00,L,12987.75,12972.25,12972.5,15.25,-33.0,-1.0819672131147542,SL,1,L|swing
2021-01-14 12:11:00-05:00,2021-01-14 12:11:00-05:00,2021-01-14 15:13:00-05:00,S,12963.5,12923.5,12990.75,27.25,78.0,1.4311926605504588,TP,1,S|swing
2021-01-15 12:20:00-05:00,2021-01-15 12:20:00-05:00,2021-01-15 12:41:00-05:00,S,12833.0,12854.75,12854.5,21.5,-45.5,-1.058139534883721,SL,1,S|swing
2021-01-15 12:56:00-05:00,2021-01-15 12:56:00-05:00,2021-01-15 13:01:00-05:00,S,12847.75,12830.75,12859.75,12.0,32.0,1.3333333333333333,TP,1,S|swing
2021-01-15 14:14:00-05:00,2021-01-15 14:14:00-05:00,2021-01-15 15:07:00-05:00,S,12854.0,12809.25,12884.5,30.5,87.5,1.4344262295081966,TP,1,S|swing
2021-01-18 09:47:00-05:00,2021-01-18 09:47:00-05:00,2021-01-18 12:49:00-05:00,L,12797.0,12811.0,12784.0,13.0,26.0,1.0,time,1,L|swing
2021-01-19 09:44:00-05:00,2021-01-19 09:44:00-05:00,2021-01-19 12:36:00-05:00,S,12895.75,12931.0,12930.75,35.0,-72.5,-1.0357142857142858,SL,1,S|swing
2021-01-20 11:53:00-05:00,2021-01-20 11:53:00-05:00,2021-01-20 13:04:00-05:00,L,13250.25,13278.75,13230.75,19.5,55.0,1.4102564102564104,TP,1,L|swing
2021-01-20 13:50:00-05:00,2021-01-20 13:50:00-05:00,2021-01-20 14:08:00-05:00,L,13272.25,13283.0,13264.5,7.75,19.5,1.2580645161290323,TP,1,L|swing
2021-01-21 09:41:00-05:00,2021-01-21 09:41:00-05:00,2021-01-21 10:10:00-05:00,S,13288.0,13344.25,13344.0,56.0,-114.5,-1.0223214285714286,SL,1,S|swing
2021-01-21 11:50:00-05:00,2021-01-21 11:50:00-05:00,2021-01-21 12:09:00-05:00,L,13373.5,13347.0,13347.25,26.25,-55.0,-1.0476190476190477,SL,1,L|swing
2021-01-21 12:14:00-05:00,2021-01-21 12:14:00-05:00,2021-01-21 13:39:00-05:00,S,13335.5,13379.5,13379.25,43.75,-90.0,-1.0285714285714285,SL,1,S|swing
2021-01-22 09:35:00-05:00,2021-01-22 09:35:00-05:00,2021-01-22 10:38:00-05:00,L,13357.0,13325.25,13325.5,31.5,-65.5,-1.0396825396825398,SL,1,L|swing
2021-01-22 10:47:00-05:00,2021-01-22 10:47:00-05:00,2021-01-22 14:55:00-05:00,S,13334.25,13382.25,13382.0,47.75,-98.0,-1.0261780104712042,SL,1,S|swing
2021-01-25 10:41:00-05:00,2021-01-25 10:41:00-05:00,2021-01-25 10:44:00-05:00,L,13504.25,13493.25,13493.5,10.75,-24.0,-1.1162790697674418,SL,1,L|swing
2021-01-26 10:26:00-05:00,2021-01-26 10:26:00-05:00,2021-01-26 15:59:00-05:00,L,13486.0,13484.75,13439.75,46.25,-4.5,-0.04864864864864865,time,1,L|swing
2021-01-27 11:02:00-05:00,2021-01-27 11:02:00-05:00,2021-01-27 11:17:00-05:00,S,13353.75,13309.75,13383.75,30.0,86.0,1.4333333333333333,TP,1,S|swing
2021-01-27 13:14:00-05:00,2021-01-27 13:14:00-05:00,2021-01-27 14:28:00-05:00,S,13285.0,13215.75,13331.75,46.75,136.5,1.4598930481283423,TP,1,S|swing
2021-01-28 10:47:00-05:00,2021-01-28 10:47:00-05:00,2021-01-28 12:00:00-05:00,L,13251.25,13321.75,13203.75,47.5,139.0,1.4631578947368422,TP,1,L|swing
2021-01-28 12:17:00-05:00,2021-01-28 12:17:00-05:00,2021-01-28 15:20:00-05:00,L,13345.5,13265.25,13265.5,80.0,-162.5,-1.015625,SL,1,L|swing
2021-01-29 10:32:00-05:00,2021-01-29 10:32:00-05:00,2021-01-29 11:13:00-05:00,L,13130.75,13023.5,13023.75,107.0,-216.5,-1.0116822429906542,SL,1,L|swing
2021-01-29 14:38:00-05:00,2021-01-29 14:38:00-05:00,2021-01-29 15:01:00-05:00,S,12892.5,12958.0,12957.75,65.25,-133.0,-1.0191570881226053,SL,1,S|swing
2021-02-01 10:32:00-05:00,2021-02-01 10:32:00-05:00,2021-02-01 12:58:00-05:00,L,13095.25,13248.5,12992.5,102.75,304.5,1.4817518248175183,TP,1,L|swing
2021-02-01 13:44:00-05:00,2021-02-01 13:44:00-05:00,2021-02-01 13:46:00-05:00,L,13237.5,13228.5,13228.75,8.75,-20.0,-1.1428571428571428,SL,1,L|swing
2021-02-01 14:14:00-05:00,2021-02-01 14:14:00-05:00,2021-02-01 15:59:00-05:00,L,13252.25,13230.25,13227.0,25.25,-46.0,-0.9108910891089109,time,1,L|swing
2021-02-02 10:53:00-05:00,2021-02-02 10:53:00-05:00,2021-02-02 11:59:00-05:00,L,13412.5,13456.75,13382.5,30.0,86.5,1.4416666666666667,TP,1,L|swing
2021-02-02 13:26:00-05:00,2021-02-02 13:26:00-05:00,2021-02-02 13:34:00-05:00,L,13437.75,13454.5,13426.0,11.75,31.5,1.3404255319148937,TP,1,L|swing
2021-02-03 10:08:00-05:00,2021-02-03 10:08:00-05:00,2021-02-03 10:26:00-05:00,S,13483.75,13409.25,13534.0,50.25,147.0,1.462686567164179,TP,1,S|swing
2021-02-03 13:08:00-05:00,2021-02-03 13:08:00-05:00,2021-02-03 13:43:00-05:00,S,13471.25,13493.0,13492.75,21.5,-45.5,-1.058139534883721,SL,1,S|swing
2021-02-03 13:56:00-05:00,2021-02-03 13:56:00-05:00,2021-02-03 14:51:00-05:00,S,13483.0,13463.25,13496.75,13.75,37.5,1.3636363636363635,TP,1,S|swing
2021-02-03 14:59:00-05:00,2021-02-03 14:59:00-05:00,2021-02-03 15:59:00-05:00,S,13450.25,13388.25,13492.25,42.0,122.0,1.4523809523809523,TP,1,S|swing
2021-02-04 09:41:00-05:00,2021-02-04 09:41:00-05:00,2021-02-04 12:37:00-05:00,S,13433.75,13480.75,13480.5,46.75,-96.0,-1.0267379679144386,SL,1,S|swing
2021-02-05 09:56:00-05:00,2021-02-05 09:56:00-05:00,2021-02-05 12:21:00-05:00,S,13538.0,13598.5,13598.25,60.25,-123.0,-1.020746887966805,SL,1,S|swing
2021-02-05 13:35:00-05:00,2021-02-05 13:35:00-05:00,2021-02-05 13:50:00-05:00,L,13615.25,13605.25,13605.5,9.75,-22.0,-1.1282051282051282,SL,1,L|swing
2021-02-05 14:29:00-05:00,2021-02-05 14:29:00-05:00,2021-02-05 15:11:00-05:00,L,13607.0,13578.75,13579.0,28.0,-58.5,-1.0446428571428572,SL,1,L|swing
2021-02-08 09:41:00-05:00,2021-02-08 09:41:00-05:00,2021-02-08 11:29:00-05:00,L,13659.5,13632.0,13632.25,27.25,-57.0,-1.0458715596330275,SL,1,L|swing
2021-02-08 12:20:00-05:00,2021-02-08 12:20:00-05:00,2021-02-08 12:23:00-05:00,S,13641.5,13646.5,13646.25,4.75,-12.0,-1.263157894736842,SL,1,S|swing
2021-02-08 12:56:00-05:00,2021-02-08 12:56:00-05:00,2021-02-08 15:33:00-05:00,S,13632.75,13652.0,13651.75,19.0,-40.5,-1.0657894736842106,SL,1,S|swing
2021-02-09 11:05:00-05:00,2021-02-09 11:05:00-05:00,2021-02-09 11:07:00-05:00,L,13705.25,13700.75,13701.0,4.25,-11.0,-1.2941176470588236,SL,1,L|swing
2021-02-09 12:08:00-05:00,2021-02-09 12:08:00-05:00,2021-02-09 13:23:00-05:00,L,13693.75,13678.25,13678.5,15.25,-33.0,-1.0819672131147542,SL,1,L|swing
2021-02-09 13:59:00-05:00,2021-02-09 13:59:00-05:00,2021-02-09 14:08:00-05:00,S,13671.5,13682.25,13682.0,10.5,-23.5,-1.119047619047619,SL,1,S|swing
2021-02-10 11:26:00-05:00,2021-02-10 11:26:00-05:00,2021-02-10 11:32:00-05:00,S,13609.75,13577.25,13632.0,22.25,63.0,1.4157303370786516,TP,1,S|swing
2021-02-10 11:53:00-05:00,2021-02-10 11:53:00-05:00,2021-02-10 11:55:00-05:00,S,13624.0,13629.75,13629.5,5.5,-13.5,-1.2272727272727273,SL,1,S|swing
2021-02-10 11:59:00-05:00,2021-02-10 11:59:00-05:00,2021-02-10 13:31:00-05:00,S,13613.75,13642.25,13642.0,28.25,-59.0,-1.0442477876106195,SL,1,S|swing
2021-02-10 13:50:00-05:00,2021-02-10 13:50:00-05:00,2021-02-10 14:26:00-05:00,S,13610.5,13644.0,13643.75,33.25,-69.0,-1.037593984962406,SL,1,S|swing
2021-02-11 09:38:00-05:00,2021-02-11 09:38:00-05:00,2021-02-11 09:40:00-05:00,L,13732.75,13704.25,13704.5,28.25,-59.0,-1.0442477876106195,SL,1,L|swing
2021-02-11 10:53:00-05:00,2021-02-11 10:53:00-05:00,2021-02-11 12:19:00-05:00,L,13731.5,13683.0,13683.25,48.25,-99.0,-1.0259067357512954,SL,1,L|swing
2021-02-11 14:02:00-05:00,2021-02-11 14:02:00-05:00,2021-02-11 15:48:00-05:00,S,13674.5,13717.25,13717.0,42.5,-87.5,-1.0294117647058822,SL,1,S|swing
2021-02-12 12:02:00-05:00,2021-02-12 12:02:00-05:00,2021-02-12 13:19:00-05:00,L,13753.25,13727.25,13727.5,25.75,-54.0,-1.0485436893203883,SL,1,L|swing
2021-02-12 13:20:00-05:00,2021-02-12 13:20:00-05:00,2021-02-12 15:25:00-05:00,S,13712.5,13748.0,13747.75,35.25,-73.0,-1.0354609929078014,SL,1,S|swing
2021-02-15 10:41:00-05:00,2021-02-15 10:41:00-05:00,2021-02-15 12:43:00-05:00,L,13861.25,13873.75,13852.25,9.0,23.0,1.2777777777777777,TP,1,L|swing
2021-02-15 12:44:00-05:00,2021-02-15 12:44:00-05:00,2021-02-15 12:49:00-05:00,L,13872.0,13872.25,13857.0,15.0,-1.5,-0.05,time,1,L|swing
2021-02-16 10:50:00-05:00,2021-02-16 10:50:00-05:00,2021-02-16 11:08:00-05:00,S,13847.75,13806.75,13875.75,28.0,80.0,1.4285714285714286,TP,1,S|swing
2021-02-16 11:23:00-05:00,2021-02-16 11:23:00-05:00,2021-02-16 11:50:00-05:00,S,13808.5,13762.5,13839.75,31.25,90.0,1.44,TP,1,S|swing
2021-02-16 13:38:00-05:00,2021-02-16 13:38:00-05:00,2021-02-16 15:51:00-05:00,S,13780.75,13749.0,13802.5,21.75,61.5,1.4137931034482758,TP,1,S|swing
2021-02-17 11:11:00-05:00,2021-02-17 11:11:00-05:00,2021-02-17 13:07:00-05:00,S,13607.0,13658.0,13657.75,50.75,-104.0,-1.0246305418719213,SL,1,S|swing
2021-02-17 13:50:00-05:00,2021-02-17 13:50:00-05:00,2021-02-17 14:01:00-05:00,S,13654.75,13671.5,13671.25,16.5,-35.5,-1.0757575757575757,SL,1,S|swing
2021-02-17 14:50:00-05:00,2021-02-17 14:50:00-05:00,2021-02-17 15:01:00-05:00,S,13661.0,13671.25,13671.0,10.0,-22.5,-1.125,SL,1,S|swing
2021-02-18 09:38:00-05:00,2021-02-18 09:38:00-05:00,2021-02-18 09:40:00-05:00,S,13556.5,13537.25,13570.0,13.5,36.5,1.3518518518518519,TP,1,S|swing
2021-02-18 10:05:00-05:00,2021-02-18 10:05:00-05:00,2021-02-18 13:18:00-05:00,S,13524.0,13583.5,13583.25,59.25,-121.0,-1.021097046413502,SL,1,S|swing
2021-02-18 14:59:00-05:00,2021-02-18 14:59:00-05:00,2021-02-18 15:59:00-05:00,L,13643.5,13637.75,13608.5,35.0,-13.5,-0.19285714285714287,time,1,L|swing
2021-02-19 09:56:00-05:00,2021-02-19 09:56:00-05:00,2021-02-19 10:11:00-05:00,L,13669.25,13640.75,13641.0,28.25,-59.0,-1.0442477876106195,SL,1,L|swing
2021-02-19 10:26:00-05:00,2021-02-19 10:26:00-05:00,2021-02-19 10:42:00-05:00,S,13657.5,13678.25,13678.0,20.5,-43.5,-1.0609756097560976,SL,1,S|swing
2021-02-19 11:44:00-05:00,2021-02-19 11:44:00-05:00,2021-02-19 12:00:00-05:00,L,13691.0,13662.5,13662.75,28.25,-59.0,-1.0442477876106195,SL,1,L|swing
2021-02-19 14:53:00-05:00,2021-02-19 14:53:00-05:00,2021-02-19 14:58:00-05:00,S,13567.25,13581.75,13581.5,14.25,-31.0,-1.087719298245614,SL,1,S|swing
2021-02-22 09:35:00-05:00,2021-02-22 09:35:00-05:00,2021-02-22 09:37:00-05:00,S,13368.5,13419.0,13418.75,50.25,-103.0,-1.0248756218905473,SL,1,S|swing
2021-02-22 09:41:00-05:00,2021-02-22 09:41:00-05:00,2021-02-22 09:47:00-05:00,S,13377.75,13425.0,13424.75,47.0,-96.5,-1.0265957446808511,SL,1,S|swing
2021-02-22 10:26:00-05:00,2021-02-22 10:26:00-05:00,2021-02-22 15:59:00-05:00,S,13350.5,13227.0,13446.5,96.0,245.0,1.2760416666666667,time,1,S|swing
2021-02-23 11:29:00-05:00,2021-02-23 11:29:00-05:00,2021-02-23 12:50:00-05:00,S,13028.75,12893.5,13119.5,90.75,268.5,1.4793388429752066,TP,1,S|swing
2021-02-23 14:35:00-05:00,2021-02-23 14:35:00-05:00,2021-02-23 14:51:00-05:00,S,13040.5,13092.25,13092.0,51.5,-105.5,-1.0242718446601942,SL,1,S|swing
2021-02-24 09:59:00-05:00,2021-02-24 09:59:00-05:00,2021-02-24 11:05:00-05:00,S,13033.0,13120.75,13120.5,87.5,-177.5,-1.0142857142857142,SL,1,S|swing
2021-02-24 13:23:00-05:00,2021-02-24 13:23:00-05:00,2021-02-24 15:51:00-05:00,L,13222.25,13298.25,13171.0,51.25,150.0,1.4634146341463414,TP,1,L|swing
2021-02-25 10:02:00-05:00,2021-02-25 10:02:00-05:00,2021-02-25 11:49:00-05:00,S,13179.75,13014.75,13290.25,110.5,328.0,1.4841628959276019,TP,1,S|swing
2021-02-25 14:59:00-05:00,2021-02-25 14:59:00-05:00,2021-02-25 15:59:00-05:00,S,12907.25,12826.5,13013.0,105.75,159.5,0.7541371158392435,time,1,S|swing
2021-02-26 10:53:00-05:00,2021-02-26 10:53:00-05:00,2021-02-26 15:59:00-05:00,L,12970.0,12893.5,12751.25,218.75,-155.0,-0.35428571428571426,time,1,L|swing
2021-03-01 10:08:00-05:00,2021-03-01 10:08:00-05:00,2021-03-01 10:55:00-05:00,L,13100.25,13189.25,13040.25,60.0,176.0,1.4666666666666666,TP,1,L|swing
2021-03-01 13:53:00-05:00,2021-03-01 13:53:00-05:00,2021-03-01 14:20:00-05:00,L,13216.75,13249.25,13194.5,22.25,63.0,1.4157303370786516,TP,1,L|swing
2021-03-02 10:56:00-05:00,2021-03-02 10:56:00-05:00,2021-03-02 11:00:00-05:00,S,13185.5,13171.0,13195.75,10.25,27.0,1.3170731707317074,TP,1,S|swing
2021-03-02 11:08:00-05:00,2021-03-02 11:08:00-05:00,2021-03-02 11:10:00-05:00,S,13187.75,13168.25,13201.25,13.5,37.0,1.3703703703703705,TP,1,S|swing
2021-03-02 11:17:00-05:00,2021-03-02 11:17:00-05:00,2021-03-02 13:30:00-05:00,S,13139.5,13201.5,13201.25,61.75,-126.0,-1.0202429149797572,SL,1,S|swing
2021-03-02 14:08:00-05:00,2021-03-02 14:08:00-05:00,2021-03-02 15:20:00-05:00,S,13174.0,13116.25,13213.0,39.0,113.5,1.455128205128205,TP,1,S|swing
2021-03-03 10:02:00-05:00,2021-03-03 10:02:00-05:00,2021-03-03 15:59:00-05:00,S,12895.0,12680.5,13052.25,157.25,427.0,1.3577106518282989,time,1,S|swing
2021-03-04 10:47:00-05:00,2021-03-04 10:47:00-05:00,2021-03-04 12:50:00-05:00,L,12751.25,12508.5,12508.75,242.5,-487.5,-1.0051546391752577,SL,1,L|swing
2021-03-05 14:32:00-05:00,2021-03-05 14:32:00-05:00,2021-03-05 15:59:00-05:00,L,12617.5,12661.25,12511.0,106.5,85.5,0.4014084507042254,time,1,L|swing
2021-03-08 09:41:00-05:00,2021-03-08 09:41:00-05:00,2021-03-08 11:50:00-05:00,L,12641.0,12526.0,12526.25,114.75,-232.0,-1.0108932461873639,SL,1,L|swing
2021-03-08 12:35:00-05:00,2021-03-08 12:35:00-05:00,2021-03-08 13:48:00-05:00,L,12578.0,12481.5,12481.75,96.25,-195.0,-1.0129870129870129,SL,1,L|swing
2021-03-09 09:35:00-05:00,2021-03-09 09:35:00-05:00,2021-03-09 10:05:00-05:00,L,12641.0,12734.75,12578.0,63.0,185.5,1.4722222222222223,TP,1,L|swing
2021-03-09 11:32:00-05:00,2021-03-09 11:32:00-05:00,2021-03-09 13:15:00-05:00,L,12749.0,12833.25,12692.25,56.75,166.5,1.4669603524229076,TP,1,L|swing
2021-03-09 14:44:00-05:00,2021-03-09 14:44:00-05:00,2021-03-09 15:46:00-05:00,L,12849.0,12806.25,12806.5,42.5,-87.5,-1.0294117647058822,SL,1,L|swing
2021-03-10 09:44:00-05:00,2021-03-10 09:44:00-05:00,2021-03-10 10:21:00-05:00,L,12914.25,12869.75,12870.0,44.25,-91.0,-1.0282485875706215,SL,1,L|swing
2021-03-10 11:26:00-05:00,2021-03-10 11:26:00-05:00,2021-03-10 11:42:00-05:00,L,12841.0,12781.25,12781.5,59.5,-121.5,-1.0210084033613445,SL,1,L|swing
2021-03-10 11:44:00-05:00,2021-03-10 11:44:00-05:00,2021-03-10 11:55:00-05:00,S,12772.75,12854.5,12854.25,81.5,-165.5,-1.0153374233128833,SL,1,S|swing
2021-03-10 12:17:00-05:00,2021-03-10 12:17:00-05:00,2021-03-10 12:28:00-05:00,L,12841.5,12784.75,12785.0,56.5,-115.5,-1.0221238938053097,SL,1,L|swing
2021-03-10 12:47:00-05:00,2021-03-10 12:47:00-05:00,2021-03-10 13:36:00-05:00,L,12814.5,12743.0,12743.25,71.25,-145.0,-1.0175438596491229,SL,1,L|swing
2021-03-10 14:11:00-05:00,2021-03-10 14:11:00-05:00,2021-03-10 14:12:00-05:00,S,12783.0,12784.5,12784.25,1.25,-5.0,-2.0,SL,1,S|swing
2021-03-10 14:23:00-05:00,2021-03-10 14:23:00-05:00,2021-03-10 14:47:00-05:00,S,12755.25,12799.5,12799.25,44.0,-90.5,-1.0284090909090908,SL,1,S|swing
2021-03-11 10:47:00-05:00,2021-03-11 10:47:00-05:00,2021-03-11 13:05:00-05:00,L,12989.0,13103.25,12912.25,76.75,226.5,1.47557003257329,TP,1,L|swing
2021-03-11 13:50:00-05:00,2021-03-11 13:50:00-05:00,2021-03-11 13:57:00-05:00,L,13082.75,13068.0,13068.25,14.5,-31.5,-1.0862068965517242,SL,1,L|swing
2021-03-11 14:23:00-05:00,2021-03-11 14:23:00-05:00,2021-03-11 15:07:00-05:00,L,13088.5,13056.0,13056.25,32.25,-67.0,-1.0387596899224807,SL,1,L|swing
2021-03-12 09:35:00-05:00,2021-03-12 09:35:00-05:00,2021-03-12 09:50:00-05:00,S,12826.0,12874.5,12874.25,48.25,-99.0,-1.0259067357512954,SL,1,S|swing
2021-03-12 11:29:00-05:00,2021-03-12 11:29:00-05:00,2021-03-12 11:30:00-05:00,S,12835.25,12839.0,12838.75,3.5,-9.5,-1.3571428571428572,SL,1,S|swing
2021-03-12 13:26:00-05:00,2021-03-12 13:26:00-05:00,2021-03-12 15:59:00-05:00,L,12894.0,12937.0,12854.25,39.75,84.0,1.0566037735849056,time,1,L|swing
2021-03-15 09:41:00-04:00,2021-03-15 09:41:00-04:00,2021-03-15 09:52:00-04:00,S,12903.0,12958.0,12957.75,54.75,-112.0,-1.0228310502283104,SL,1,S|swing
2021-03-15 11:05:00-04:00,2021-03-15 11:05:00-04:00,2021-03-15 11:28:00-04:00,L,12976.75,12907.5,12907.75,69.0,-140.5,-1.0181159420289856,SL,1,L|swing
2021-03-15 12:23:00-04:00,2021-03-15 12:23:00-04:00,2021-03-15 13:46:00-04:00,L,12947.5,12981.5,12924.25,23.25,66.0,1.4193548387096775,TP,1,L|swing
2021-03-16 12:08:00-04:00,2021-03-16 12:08:00-04:00,2021-03-16 12:12:00-04:00,L,13253.75,13240.25,13240.5,13.25,-29.0,-1.0943396226415094,SL,1,L|swing
2021-03-16 13:17:00-04:00,2021-03-16 13:17:00-04:00,2021-03-16 13:35:00-04:00,L,13245.0,13204.25,13204.5,40.5,-83.5,-1.0308641975308641,SL,1,L|swing
2021-03-16 13:47:00-04:00,2021-03-16 13:47:00-04:00,2021-03-16 13:54:00-04:00,L,13202.5,13181.75,13182.0,20.5,-43.5,-1.0609756097560976,SL,1,L|swing
2021-03-16 14:08:00-04:00,2021-03-16 14:08:00-04:00,2021-03-16 14:41:00-04:00,S,13161.0,13094.0,13206.25,45.25,132.0,1.4585635359116023,TP,1,S|swing
2021-03-19 09:41:00-04:00,2021-03-19 09:41:00-04:00,2021-03-19 10:52:00-04:00,S,12742.75,12837.5,12837.25,94.5,-191.5,-1.0132275132275133,SL,1,S|swing
2021-03-19 11:02:00-04:00,2021-03-19 11:02:00-04:00,2021-03-19 15:59:00-04:00,L,12839.75,12836.75,12731.5,108.25,-8.0,-0.03695150115473441,time,1,L|swing
2021-03-22 09:50:00-04:00,2021-03-22 09:50:00-04:00,2021-03-22 11:24:00-04:00,L,12987.75,13078.0,12927.0,60.75,178.5,1.4691358024691359,TP,1,L|swing
2021-03-22 13:32:00-04:00,2021-03-22 13:32:00-04:00,2021-03-22 15:03:00-04:00,L,13129.75,13151.25,13114.75,15.0,41.0,1.3666666666666667,TP,1,L|swing
2021-03-23 09:35:00-04:00,2021-03-23 09:35:00-04:00,2021-03-23 09:39:00-04:00,L,13112.75,13073.5,13073.75,39.0,-80.5,-1.0320512820512822,SL,1,L|swing
2021-03-23 09:41:00-04:00,2021-03-23 09:41:00-04:00,2021-03-23 09:48:00-04:00,L,13090.0,13066.25,13066.5,23.5,-49.5,-1.053191489361702,SL,1,L|swing
2021-03-23 09:56:00-04:00,2021-03-23 09:56:00-04:00,2021-03-23 10:09:00-04:00,S,13055.25,13120.0,13119.75,64.5,-131.5,-1.0193798449612403,SL,1,S|swing
2021-03-23 10:56:00-04:00,2021-03-23 10:56:00-04:00,2021-03-23 14:59:00-04:00,L,13113.75,13050.5,13050.75,63.0,-128.5,-1.0198412698412698,SL,1,L|swing
2021-03-24 11:56:00-04:00,2021-03-24 11:56:00-04:00,2021-03-24 15:54:00-04:00,S,12949.5,12813.5,13040.75,91.25,270.0,1.4794520547945205,TP,1,S|swing
2021-03-25 09:35:00-04:00,2021-03-25 09:35:00-04:00,2021-03-25 09:36:00-04:00,S,12722.5,12744.25,12744.0,21.5,-45.5,-1.058139534883721,SL,1,S|swing
2021-03-25 10:32:00-04:00,2021-03-25 10:32:00-04:00,2021-03-25 15:59:00-04:00,S,12735.75,12772.75,12837.25,101.5,-76.0,-0.37438423645320196,time,1,S|swing
2021-03-26 10:29:00-04:00,2021-03-26 10:29:00-04:00,2021-03-26 11:22:00-04:00,L,12826.75,12776.5,12776.75,50.0,-102.5,-1.025,SL,1,L|swing
2021-03-26 11:29:00-04:00,2021-03-26 11:29:00-04:00,2021-03-26 11:45:00-04:00,S,12773.0,12830.25,12830.0,57.0,-116.5,-1.0219298245614035,SL,1,S|swing
2021-03-26 12:08:00-04:00,2021-03-26 12:08:00-04:00,2021-03-26 12:14:00-04:00,L,12816.25,12834.25,12803.75,12.5,34.0,1.36,TP,1,L|swing
2021-03-26 12:32:00-04:00,2021-03-26 12:32:00-04:00,2021-03-26 13:46:00-04:00,L,12836.75,12804.75,12805.0,31.75,-66.0,-1.0393700787401574,SL,1,L|swing
2021-03-26 14:50:00-04:00,2021-03-26 14:50:00-04:00,2021-03-26 14:53:00-04:00,S,12705.75,12762.0,12761.75,56.0,-114.5,-1.0223214285714286,SL,1,S|swing
2021-03-29 09:35:00-04:00,2021-03-29 09:35:00-04:00,2021-03-29 09:54:00-04:00,L,12968.0,12893.0,12893.25,74.75,-152.0,-1.0167224080267558,SL,1,L|swing
2021-03-29 09:59:00-04:00,2021-03-29 09:59:00-04:00,2021-03-29 13:02:00-04:00,S,12854.0,12978.0,12977.75,123.75,-250.0,-1.0101010101010102,SL,1,S|swing
2021-03-30 10:38:00-04:00,2021-03-30 10:38:00-04:00,2021-03-30 10:43:00-04:00,S,12825.0,12852.75,12852.5,27.5,-57.5,-1.0454545454545454,SL,1,S|swing
2021-03-30 11:50:00-04:00,2021-03-30 11:50:00-04:00,2021-03-30 11:58:00-04:00,L,12878.0,12854.75,12855.0,23.0,-48.5,-1.0543478260869565,SL,1,L|swing
2021-03-30 13:32:00-04:00,2021-03-30 13:32:00-04:00,2021-03-30 14:22:00-04:00,S,12863.0,12838.0,12880.25,17.25,48.0,1.391304347826087,TP,1,S|swing
2021-03-30 14:26:00-04:00,2021-03-30 14:26:00-04:00,2021-03-30 14:31:00-04:00,S,12849.0,12868.5,12868.25,19.25,-41.0,-1.0649350649350648,SL,1,S|swing
2021-03-31 11:38:00-04:00,2021-03-31 11:38:00-04:00,2021-03-31 11:44:00-04:00,L,13116.75,13092.0,13092.25,24.5,-51.5,-1.0510204081632653,SL,1,L|swing
2021-03-31 11:59:00-04:00,2021-03-31 11:59:00-04:00,2021-03-31 15:55:00-04:00,L,13122.5,13090.0,13090.25,32.25,-67.0,-1.0387596899224807,SL,1,L|swing
2021-04-01 10:41:00-04:00,2021-04-01 10:41:00-04:00,2021-04-01 10:54:00-04:00,L,13307.5,13291.25,13291.5,16.0,-34.5,-1.078125,SL,1,L|swing
2021-04-01 11:26:00-04:00,2021-04-01 11:26:00-04:00,2021-04-01 11:41:00-04:00,L,13292.25,13269.75,13270.0,22.25,-47.0,-1.0561797752808988,SL,1,L|swing
2021-04-01 11:53:00-04:00,2021-04-01 11:53:00-04:00,2021-04-01 13:28:00-04:00,L,13283.25,13263.5,13263.75,19.5,-41.5,-1.064102564102564,SL,1,L|swing
2021-04-01 13:32:00-04:00,2021-04-01 13:32:00-04:00,2021-04-01 13:42:00-04:00,L,13271.0,13287.0,13259.75,11.25,30.0,1.3333333333333333,TP,1,L|swing
2021-04-05 09:47:00-04:00,2021-04-05 09:47:00-04:00,2021-04-05 11:36:00-04:00,L,13465.25,13548.75,13409.0,56.25,165.0,1.4666666666666666,TP,1,L|swing
2021-04-06 09:56:00-04:00,2021-04-06 09:56:00-04:00,2021-04-06 15:59:00-04:00,L,13593.25,13571.75,13538.5,54.75,-45.0,-0.410958904109589,time,1,L|swing
2021-04-07 09:35:00-04:00,2021-04-07 09:35:00-04:00,2021-04-07 09:45:00-04:00,S,13521.75,13563.5,13563.25,41.5,-85.5,-1.0301204819277108,SL,1,S|swing
2021-04-07 10:59:00-04:00,2021-04-07 10:59:00-04:00,2021-04-07 11:02:00-04:00,L,13602.0,13617.75,13591.0,11.0,29.5,1.3409090909090908,TP,1,L|swing
2021-04-07 11:56:00-04:00,2021-04-07 11:56:00-04:00,2021-04-07 12:30:00-04:00,L,13595.0,13563.0,13563.25,31.75,-66.0,-1.0393700787401574,SL,1,L|swing
2021-04-07 13:08:00-04:00,2021-04-07 13:08:00-04:00,2021-04-07 13:35:00-04:00,S,13576.5,13591.5,13591.25,14.75,-32.0,-1.0847457627118644,SL,1,S|swing
2021-04-08 09:56:00-04:00,2021-04-08 09:56:00-04:00,2021-04-08 10:12:00-04:00,L,13743.75,13704.0,13704.25,39.5,-81.5,-1.0316455696202531,SL,1,L|swing
2021-04-08 10:41:00-04:00,2021-04-08 10:41:00-04:00,2021-04-08 15:59:00-04:00,L,13726.75,13749.25,13691.5,35.25,43.0,0.6099290780141844,time,1,L|swing
2021-04-09 10:29:00-04:00,2021-04-09 10:29:00-04:00,2021-04-09 11:40:00-04:00,S,13718.25,13747.25,13747.0,28.75,-60.0,-1.0434782608695652,SL,1,S|swing
2021-04-09 13:17:00-04:00,2021-04-09 13:17:00-04:00,2021-04-09 15:26:00-04:00,L,13769.5,13792.25,13753.75,15.75,43.5,1.380952380952381,TP,1,L|swing
2021-04-12 09:38:00-04:00,2021-04-12 09:38:00-04:00,2021-04-12 09:48:00-04:00,L,13805.75,13776.0,13776.25,29.5,-61.5,-1.0423728813559323,SL,1,L|swing
2021-04-12 11:02:00-04:00,2021-04-12 11:02:00-04:00,2021-04-12 11:04:00-04:00,S,13780.75,13786.5,13786.25,5.5,-13.5,-1.2272727272727273,SL,1,S|swing
2021-04-12 11:11:00-04:00,2021-04-12 11:11:00-04:00,2021-04-12 11:20:00-04:00,S,13777.5,13791.0,13790.75,13.25,-29.0,-1.0943396226415094,SL,1,S|swing
2021-04-13 10:41:00-04:00,2021-04-13 10:41:00-04:00,2021-04-13 11:17:00-04:00,L,13926.75,13899.5,13899.75,27.0,-56.5,-1.0462962962962963,SL,1,L|swing
2021-04-13 11:20:00-04:00,2021-04-13 11:20:00-04:00,2021-04-13 11:21:00-04:00,L,13905.25,13897.75,13898.0,7.25,-17.0,-1.1724137931034482,SL,1,L|swing
2021-04-13 11:59:00-04:00,2021-04-13 11:59:00-04:00,2021-04-13 13:25:00-04:00,L,13905.0,13936.0,13883.75,21.25,60.0,1.411764705882353,TP,1,L|swing
2021-04-13 14:29:00-04:00,2021-04-13 14:29:00-04:00,2021-04-13 14:59:00-04:00,L,13944.5,13971.75,13925.75,18.75,52.5,1.4,TP,1,L|swing
2021-04-14 09:50:00-04:00,2021-04-14 09:50:00-04:00,2021-04-14 11:05:00-04:00,S,13955.0,13894.0,13996.25,41.25,120.0,1.4545454545454546,TP,1,S|swing
2021-04-14 12:05:00-04:00,2021-04-14 12:05:00-04:00,2021-04-14 12:40:00-04:00,S,13875.0,13910.75,13910.5,35.5,-73.5,-1.0352112676056338,SL,1,S|swing
2021-04-14 13:20:00-04:00,2021-04-14 13:20:00-04:00,2021-04-14 13:58:00-04:00,S,13891.75,13855.25,13916.75,25.0,71.0,1.42,TP,1,S|swing
2021-04-15 09:50:00-04:00,2021-04-15 09:50:00-04:00,2021-04-15 15:59:00-04:00,L,13972.75,14015.75,13923.0,49.75,84.0,0.8442211055276382,time,1,L|swing
2021-04-16 10:35:00-04:00,2021-04-16 10:35:00-04:00,2021-04-16 12:24:00-04:00,S,13991.5,14032.5,14032.25,40.75,-84.0,-1.030674846625767,SL,1,S|swing
2021-04-16 13:05:00-04:00,2021-04-16 13:05:00-04:00,2021-04-16 13:12:00-04:00,L,14025.5,14016.0,14016.25,9.25,-21.0,-1.135135135135135,SL,1,L|swing
2021-04-16 14:11:00-04:00,2021-04-16 14:11:00-04:00,2021-04-16 15:59:00-04:00,L,14020.25,14030.75,13996.0,24.25,19.0,0.3917525773195876,time,1,L|swing
2021-04-19 10:05:00-04:00,2021-04-19 10:05:00-04:00,2021-04-19 10:46:00-04:00,S,13956.75,13872.5,14013.5,56.75,166.5,1.4669603524229076,TP,1,S|swing
2021-04-19 11:23:00-04:00,2021-04-19 11:23:00-04:00,2021-04-19 11:43:00-04:00,S,13920.25,13878.0,13949.0,28.75,82.5,1.434782608695652,TP,1,S|swing
2021-04-19 11:59:00-04:00,2021-04-19 11:59:00-04:00,2021-04-19 15:59:00-04:00,S,13878.75,13904.25,13926.5,47.75,-53.0,-0.5549738219895288,time,1,S|swing
2021-04-20 09:35:00-04:00,2021-04-20 09:35:00-04:00,2021-04-20 09:38:00-04:00,S,13866.0,13899.5,13899.25,33.25,-69.0,-1.037593984962406,SL,1,S|swing
2021-04-20 09:41:00-04:00,2021-04-20 09:41:00-04:00,2021-04-20 09:45:00-04:00,S,13874.5,13906.5,13906.25,31.75,-66.0,-1.0393700787401574,SL,1,S|swing
2021-04-20 12:53:00-04:00,2021-04-20 12:53:00-04:00,2021-04-20 15:42:00-04:00,S,13766.5,13804.75,13804.5,38.0,-78.5,-1.0328947368421053,SL,1,S|swing
2021-04-21 12:35:00-04:00,2021-04-21 12:35:00-04:00,2021-04-21 12:48:00-04:00,L,13852.75,13843.0,13843.25,9.5,-21.5,-1.131578947368421,SL,1,L|swing
2021-04-21 13:14:00-04:00,2021-04-21 13:14:00-04:00,2021-04-21 15:34:00-04:00,L,13856.0,13890.0,13832.75,23.25,66.0,1.4193548387096775,TP,1,L|swing
2021-04-22 11:20:00-04:00,2021-04-22 11:20:00-04:00,2021-04-22 11:30:00-04:00,L,13913.5,13901.0,13901.25,12.25,-27.0,-1.1020408163265305,SL,1,L|swing
2021-04-22 11:32:00-04:00,2021-04-22 11:32:00-04:00,2021-04-22 12:08:00-04:00,L,13922.0,13894.5,13894.75,27.25,-57.0,-1.0458715596330275,SL,1,L|swing
2021-04-22 13:08:00-04:00,2021-04-22 13:08:00-04:00,2021-04-22 13:44:00-04:00,S,13875.25,13775.75,13942.25,67.0,197.0,1.4701492537313432,TP,1,S|swing
2021-04-23 09:44:00-04:00,2021-04-23 09:44:00-04:00,2021-04-23 10:33:00-04:00,L,13804.0,13856.25,13768.5,35.5,102.5,1.443661971830986,TP,1,L|swing
2021-04-23 12:41:00-04:00,2021-04-23 12:41:00-04:00,2021-04-23 12:47:00-04:00,L,13930.75,13945.75,13920.25,10.5,28.0,1.3333333333333333,TP,1,L|swing
2021-04-23 14:56:00-04:00,2021-04-23 14:56:00-04:00,2021-04-23 15:50:00-04:00,L,13966.0,13940.0,13940.25,25.75,-54.0,-1.0485436893203883,SL,1,L|swing
2021-04-26 09:41:00-04:00,2021-04-26 09:41:00-04:00,2021-04-26 09:51:00-04:00,L,13939.0,13915.5,13915.75,23.25,-49.0,-1.053763440860215,SL,1,L|swing
2021-04-26 10:47:00-04:00,2021-04-26 10:47:00-04:00,2021-04-26 11:11:00-04:00,L,13960.25,13983.25,13944.25,16.0,44.0,1.375,TP,1,L|swing
2021-04-26 12:38:00-04:00,2021-04-26 12:38:00-04:00,2021-04-26 14:24:00-04:00,L,13976.25,14008.25,13954.25,22.0,62.0,1.4090909090909092,TP,1,L|swing
2021-04-27 10:35:00-04:00,2021-04-27 10:35:00-04:00,2021-04-27 10:40:00-04:00,S,13946.75,13921.25,13964.25,17.5,49.0,1.4,TP,1,S|swing
2021-04-27 11:32:00-04:00,2021-04-27 11:32:00-04:00,2021-04-27 11:44:00-04:00,S,13952.75,13961.0,13960.75,8.0,-18.5,-1.15625,SL,1,S|swing
2021-04-27 11:47:00-04:00,2021-04-27 11:47:00-04:00,2021-04-27 11:52:00-04:00,S,13955.75,13961.25,13961.0,5.25,-13.0,-1.2380952380952381,SL,1,S|swing
2021-04-27 12:14:00-04:00,2021-04-27 12:14:00-04:00,2021-04-27 12:38:00-04:00,S,13960.5,13975.5,13975.25,14.75,-32.0,-1.0847457627118644,SL,1,S|swing
2021-04-27 12:53:00-04:00,2021-04-27 12:53:00-04:00,2021-04-27 14:01:00-04:00,S,13967.25,13943.0,13984.0,16.75,46.5,1.3880597014925373,TP,1,S|swing
2021-04-27 14:02:00-04:00,2021-04-27 14:02:00-04:00,2021-04-27 15:38:00-04:00,S,13946.25,13970.5,13970.25,24.0,-50.5,-1.0520833333333333,SL,1,S|swing
2021-04-28 10:47:00-04:00,2021-04-28 10:47:00-04:00,2021-04-28 14:41:00-04:00,S,13907.0,13973.25,13973.0,66.0,-134.5,-1.018939393939394,SL,1,S|swing
2021-04-29 11:56:00-04:00,2021-04-29 11:56:00-04:00,2021-04-29 14:11:00-04:00,S,13859.25,13933.25,13933.0,73.75,-150.0,-1.0169491525423728,SL,1,S|swing
2021-04-30 11:17:00-04:00,2021-04-30 11:17:00-04:00,2021-04-30 15:59:00-04:00,S,13870.25,13861.0,13932.0,61.75,16.5,0.13360323886639677,time,1,S|swing
2021-05-03 10:29:00-04:00,2021-05-03 10:29:00-04:00,2021-05-03 10:52:00-04:00,L,13925.25,13857.75,13858.0,67.25,-137.0,-1.0185873605947955,SL,1,L|swing
2021-05-03 11:05:00-04:00,2021-05-03 11:05:00-04:00,2021-05-03 15:59:00-04:00,S,13836.0,13790.5,13937.0,101.0,89.0,0.4405940594059406,time,1,S|swing
2021-05-04 11:14:00-04:00,2021-05-04 11:14:00-04:00,2021-05-04 15:57:00-04:00,S,13443.0,13522.75,13522.5,79.5,-161.5,-1.0157232704402517,SL,1,S|swing
2021-05-05 09:38:00-04:00,2021-05-05 09:38:00-04:00,2021-05-05 09:45:00-04:00,L,13624.75,13655.0,13604.0,20.75,58.5,1.4096385542168675,TP,1,L|swing
2021-05-05 10:35:00-04:00,2021-05-05 10:35:00-04:00,2021-05-05 15:02:00-04:00,L,13600.75,13528.5,13528.75,72.0,-146.5,-1.0173611111111112,SL,1,L|swing
2021-05-06 09:53:00-04:00,2021-05-06 09:53:00-04:00,2021-05-06 09:55:00-04:00,S,13481.25,13440.25,13509.25,28.0,80.0,1.4285714285714286,TP,1,S|swing
2021-05-06 11:05:00-04:00,2021-05-06 11:05:00-04:00,2021-05-06 11:28:00-04:00,S,13442.75,13488.5,13488.25,45.5,-93.5,-1.0274725274725274,SL,1,S|swing
2021-05-06 11:29:00-04:00,2021-05-06 11:29:00-04:00,2021-05-06 15:59:00-04:00,L,13493.75,13596.25,13407.25,86.5,203.0,1.1734104046242775,time,1,L|swing
2021-05-07 09:47:00-04:00,2021-05-07 09:47:00-04:00,2021-05-07 10:11:00-04:00,L,13706.75,13773.75,13661.5,45.25,132.0,1.4585635359116023,TP,1,L|swing
2021-05-07 11:14:00-04:00,2021-05-07 11:14:00-04:00,2021-05-07 12:28:00-04:00,L,13794.75,13746.5,13746.75,48.0,-98.5,-1.0260416666666667,SL,1,L|swing
2021-05-10 12:38:00-04:00,2021-05-10 12:38:00-04:00,2021-05-10 14:03:00-04:00,S,13503.0,13442.75,13543.75,40.75,118.5,1.4539877300613497,TP,1,S|swing
2021-05-11 10:35:00-04:00,2021-05-11 10:35:00-04:00,2021-05-11 11:18:00-04:00,S,13156.75,13261.0,13260.75,104.0,-210.5,-1.0120192307692308,SL,1,S|swing
2021-05-11 13:20:00-04:00,2021-05-11 13:20:00-04:00,2021-05-11 15:59:00-04:00,L,13320.0,13343.75,13247.5,72.5,45.5,0.3137931034482759,time,1,L|swing
2021-05-12 09:59:00-04:00,2021-05-12 09:59:00-04:00,2021-05-12 10:54:00-04:00,S,13157.25,13046.75,13231.5,74.25,219.0,1.4747474747474747,TP,1,S|swing
2021-05-12 12:05:00-04:00,2021-05-12 12:05:00-04:00,2021-05-12 13:02:00-04:00,S,13017.5,13075.0,13074.75,57.25,-117.0,-1.0218340611353711,SL,1,S|swing
2021-05-12 13:53:00-04:00,2021-05-12 13:53:00-04:00,2021-05-12 14:37:00-04:00,S,13022.0,13052.25,13052.0,30.0,-62.5,-1.0416666666666667,SL,1,S|swing
2021-05-12 14:59:00-04:00,2021-05-12 14:59:00-04:00,2021-05-12 15:52:00-04:00,S,13035.25,12979.5,13073.0,37.75,109.5,1.4503311258278146,TP,1,S|swing
2021-05-13 09:53:00-04:00,2021-05-13 09:53:00-04:00,2021-05-13 10:01:00-04:00,L,13127.75,13189.75,13085.75,42.0,122.0,1.4523809523809523,TP,1,L|swing
2021-05-13 10:47:00-04:00,2021-05-13 10:47:00-04:00,2021-05-13 10:56:00-04:00,L,13181.25,13222.75,13153.0,28.25,81.0,1.4336283185840708,TP,1,L|swing
2021-05-13 12:08:00-04:00,2021-05-13 12:08:00-04:00,2021-05-13 13:01:00-04:00,L,13101.25,13057.5,13057.75,43.5,-89.5,-1.028735632183908,SL,1,L|swing
2021-05-13 14:20:00-04:00,2021-05-13 14:20:00-04:00,2021-05-13 15:59:00-04:00,L,13130.75,13097.75,13011.0,119.75,-68.0,-0.2839248434237996,time,1,L|swing
2021-05-14 11:29:00-04:00,2021-05-14 11:29:00-04:00,2021-05-14 13:22:00-04:00,L,13332.75,13367.5,13309.0,23.75,67.5,1.4210526315789473,TP,1,L|swing
2021-05-14 13:59:00-04:00,2021-05-14 13:59:00-04:00,2021-05-14 14:44:00-04:00,L,13369.25,13401.25,13347.25,22.0,62.0,1.4090909090909092,TP,1,L|swing
2021-05-17 09:41:00-04:00,2021-05-17 09:41:00-04:00,2021-05-17 09:47:00-04:00,S,13311.75,13342.0,13341.75,30.0,-62.5,-1.0416666666666667,SL,1,S|swing
2021-05-17 12:44:00-04:00,2021-05-17 12:44:00-04:00,2021-05-17 12:45:00-04:00,S,13264.5,13260.5,13267.75,3.25,6.0,0.9230769230769231,TP,1,S|swing
2021-05-17 13:02:00-04:00,2021-05-17 13:02:00-04:00,2021-05-17 13:33:00-04:00,S,13240.5,13200.25,13268.0,27.5,78.5,1.4272727272727272,TP,1,S|swing
2021-05-17 14:14:00-04:00,2021-05-17 14:14:00-04:00,2021-05-17 14:21:00-04:00,S,13221.75,13235.0,13234.75,13.0,-28.5,-1.0961538461538463,SL,1,S|swing
2021-05-17 14:23:00-04:00,2021-05-17 14:23:00-04:00,2021-05-17 14:31:00-04:00,S,13227.0,13240.25,13240.0,13.0,-28.5,-1.0961538461538463,SL,1,S|swing
2021-05-17 14:35:00-04:00,2021-05-17 14:35:00-04:00,2021-05-17 14:51:00-04:00,S,13230.0,13247.5,13247.25,17.25,-37.0,-1.0724637681159421,SL,1,S|swing
2021-05-18 09:41:00-04:00,2021-05-18 09:41:00-04:00,2021-05-18 09:46:00-04:00,S,13341.75,13312.25,13362.0,20.25,57.0,1.4074074074074074,TP,1,S|swing
2021-05-18 11:23:00-04:00,2021-05-18 11:23:00-04:00,2021-05-18 11:30:00-04:00,L,13381.25,13367.5,13367.75,13.5,-29.5,-1.0925925925925926,SL,1,L|swing
2021-05-18 13:14:00-04:00,2021-05-18 13:14:00-04:00,2021-05-18 14:21:00-04:00,S,13351.25,13316.75,13374.75,23.5,67.0,1.425531914893617,TP,1,S|swing
2021-05-18 14:23:00-04:00,2021-05-18 14:23:00-04:00,2021-05-18 14:41:00-04:00,S,13304.75,13255.0,13338.5,33.75,97.5,1.4444444444444444,TP,1,S|swing
2021-05-19 09:41:00-04:00,2021-05-19 09:41:00-04:00,2021-05-19 09:43:00-04:00,S,12993.75,13048.75,13048.5,54.75,-112.0,-1.0228310502283104,SL,1,S|swing
2021-05-19 10:05:00-04:00,2021-05-19 10:05:00-04:00,2021-05-19 10:25:00-04:00,S,13011.5,13078.0,13077.75,66.25,-135.0,-1.0188679245283019,SL,1,S|swing
2021-05-19 10:59:00-04:00,2021-05-19 10:59:00-04:00,2021-05-19 12:43:00-04:00,L,13095.25,13171.75,13043.75,51.5,151.0,1.4660194174757282,TP,1,L|swing
2021-05-19 13:47:00-04:00,2021-05-19 13:47:00-04:00,2021-05-19 14:02:00-04:00,L,13161.75,13184.5,13146.0,15.75,43.5,1.380952380952381,TP,1,L|swing
2021-05-19 14:20:00-04:00,2021-05-19 14:20:00-04:00,2021-05-19 15:59:00-04:00,L,13163.0,13230.5,13103.0,60.0,133.0,1.1083333333333334,time,1,L|swing
2021-05-20 11:08:00-04:00,2021-05-20 11:08:00-04:00,2021-05-20 11:26:00-04:00,L,13430.5,13452.75,13415.0,15.5,42.5,1.3709677419354838,TP,1,L|swing
2021-05-20 13:08:00-04:00,2021-05-20 13:08:00-04:00,2021-05-20 15:59:00-04:00,L,13481.25,13486.75,13447.25,34.0,9.0,0.1323529411764706,time,1,L|swing
2021-05-21 09:56:00-04:00,2021-05-21 09:56:00-04:00,2021-05-21 10:18:00-04:00,L,13526.5,13484.0,13484.25,42.25,-87.0,-1.029585798816568,SL,1,L|swing
2021-05-21 11:29:00-04:00,2021-05-21 11:29:00-04:00,2021-05-21 15:59:00-04:00,S,13439.25,13409.25,13485.75,46.5,58.0,0.6236559139784946,time,1,S|swing
2021-05-24 11:44:00-04:00,2021-05-24 11:44:00-04:00,2021-05-24 12:12:00-04:00,L,13655.75,13639.25,13639.5,16.25,-35.0,-1.0769230769230769,SL,1,L|swing
2021-05-24 13:11:00-04:00,2021-05-24 13:11:00-04:00,2021-05-24 13:46:00-04:00,L,13643.25,13664.5,13628.5,14.75,40.5,1.3728813559322033,TP,1,L|swing
2021-05-25 09:53:00-04:00,2021-05-25 09:53:00-04:00,2021-05-25 15:59:00-04:00,S,13657.25,13656.75,13732.5,75.25,-1.0,-0.006644518272425249,time,1,S|swing
2021-05-26 10:02:00-04:00,2021-05-26 10:02:00-04:00,2021-05-26 10:35:00-04:00,S,13659.75,13705.5,13705.25,45.5,-93.5,-1.0274725274725274,SL,1,S|swing
2021-05-26 11:50:00-04:00,2021-05-26 11:50:00-04:00,2021-05-26 13:53:00-04:00,L,13707.0,13679.0,13679.25,27.75,-58.0,-1.045045045045045,SL,1,L|swing
2021-05-27 09:47:00-04:00,2021-05-27 09:47:00-04:00,2021-05-27 10:18:00-04:00,S,13648.5,13699.25,13699.0,50.5,-103.5,-1.0247524752475248,SL,1,S|swing
2021-05-27 10:29:00-04:00,2021-05-27 10:29:00-04:00,2021-05-27 15:59:00-04:00,L,13695.25,13652.0,13646.25,49.0,-88.5,-0.9030612244897959,time,1,L|swing
2021-05-28 13:11:00-04:00,2021-05-28 13:11:00-04:00,2021-05-28 13:12:00-04:00,L,13753.0,13750.5,13750.75,2.25,-7.0,-1.5555555555555556,SL,1,L|swing
2021-05-31 10:23:00-04:00,2021-05-31 10:23:00-04:00,2021-05-31 11:59:00-04:00,S,13666.25,13676.0,13675.75,9.5,-21.5,-1.131578947368421,SL,1,S|swing
2021-05-31 12:17:00-04:00,2021-05-31 12:17:00-04:00,2021-05-31 12:28:00-04:00,S,13672.0,13663.75,13678.0,6.0,14.5,1.2083333333333333,TP,1,S|swing
2021-06-01 09:35:00-04:00,2021-06-01 09:35:00-04:00,2021-06-01 09:48:00-04:00,L,13755.25,13735.0,13735.25,20.0,-42.5,-1.0625,SL,1,L|swing
2021-06-01 11:32:00-04:00,2021-06-01 11:32:00-04:00,2021-06-01 11:35:00-04:00,S,13645.75,13652.25,13652.0,6.25,-15.0,-1.2,SL,1,S|swing
2021-06-01 11:41:00-04:00,2021-06-01 11:41:00-04:00,2021-06-01 11:47:00-04:00,S,13656.75,13642.75,13666.75,10.0,26.0,1.3,TP,1,S|swing
2021-06-01 12:35:00-04:00,2021-06-01 12:35:00-04:00,2021-06-01 12:38:00-04:00,S,13662.5,13657.25,13666.5,4.0,8.5,1.0625,TP,1,S|swing
2021-06-01 13:05:00-04:00,2021-06-01 13:05:00-04:00,2021-06-01 14:39:00-04:00,S,13644.25,13676.0,13675.75,31.5,-65.5,-1.0396825396825398,SL,1,S|swing
2021-06-02 10:08:00-04:00,2021-06-02 10:08:00-04:00,2021-06-02 10:13:00-04:00,L,13684.75,13660.25,13660.5,24.25,-51.0,-1.0515463917525774,SL,1,L|swing
2021-06-02 10:17:00-04:00,2021-06-02 10:17:00-04:00,2021-06-02 12:27:00-04:00,L,13680.0,13656.75,13657.0,23.0,-48.5,-1.0543478260869565,SL,1,L|swing
2021-06-02 12:47:00-04:00,2021-06-02 12:47:00-04:00,2021-06-02 13:21:00-04:00,L,13672.5,13655.25,13655.5,17.0,-36.5,-1.0735294117647058,SL,1,L|swing
2021-06-02 13:23:00-04:00,2021-06-02 13:23:00-04:00,2021-06-02 15:59:00-04:00,S,13635.75,13676.5,13676.25,40.5,-83.5,-1.0308641975308641,SL,1,S|swing
2021-06-03 09:35:00-04:00,2021-06-03 09:35:00-04:00,2021-06-03 09:39:00-04:00,S,13549.25,13517.5,13571.0,21.75,61.5,1.4137931034482758,TP,1,S|swing
2021-06-03 11:59:00-04:00,2021-06-03 11:59:00-04:00,2021-06-03 12:59:00-04:00,S,13550.5,13575.5,13575.25,24.75,-52.0,-1.0505050505050506,SL,1,S|swing
2021-06-03 14:23:00-04:00,2021-06-03 14:23:00-04:00,2021-06-03 15:59:00-04:00,S,13550.75,13528.25,13577.5,26.75,43.0,0.8037383177570093,time,1,S|swing
2021-06-04 11:20:00-04:00,2021-06-04 11:20:00-04:00,2021-06-04 15:59:00-04:00,L,13763.5,13766.25,13730.75,32.75,3.5,0.05343511450381679,time,1,L|swing
2021-06-07 09:35:00-04:00,2021-06-07 09:35:00-04:00,2021-06-07 09:40:00-04:00,L,13758.5,13726.0,13726.25,32.25,-67.0,-1.0387596899224807,SL,1,L|swing
2021-06-07 09:41:00-04:00,2021-06-07 09:41:00-04:00,2021-06-07 10:16:00-04:00,L,13746.25,13720.25,13720.5,25.75,-54.0,-1.0485436893203883,SL,1,L|swing
2021-06-07 13:17:00-04:00,2021-06-07 13:17:00-04:00,2021-06-07 13:46:00-04:00,L,13753.5,13741.75,13742.0,11.5,-25.5,-1.108695652173913,SL,1,L|swing
2021-06-08 09:38:00-04:00,2021-06-08 09:38:00-04:00,2021-06-08 09:52:00-04:00,L,13890.0,13862.5,13862.75,27.25,-57.0,-1.0458715596330275,SL,1,L|swing
2021-06-08 11:14:00-04:00,2021-06-08 11:14:00-04:00,2021-06-08 15:59:00-04:00,S,13792.0,13809.25,13839.25,47.25,-36.5,-0.3862433862433862,time,1,S|swing
2021-06-09 09:44:00-04:00,2021-06-09 09:44:00-04:00,2021-06-09 09:50:00-04:00,L,13883.5,13857.5,13857.75,25.75,-54.0,-1.0485436893203883,SL,1,L|swing
2021-06-09 09:59:00-04:00,2021-06-09 09:59:00-04:00,2021-06-09 10:09:00-04:00,L,13872.5,13842.75,13843.0,29.5,-61.5,-1.0423728813559323,SL,1,L|swing
2021-06-09 10:29:00-04:00,2021-06-09 10:29:00-04:00,2021-06-09 11:56:00-04:00,L,13857.25,13824.25,13824.5,32.75,-68.0,-1.0381679389312977,SL,1,L|swing
2021-06-09 12:23:00-04:00,2021-06-09 12:23:00-04:00,2021-06-09 15:42:00-04:00,L,13853.0,13816.0,13816.25,36.75,-76.0,-1.034013605442177,SL,1,L|swing
2021-06-10 11:08:00-04:00,2021-06-10 11:08:00-04:00,2021-06-10 12:40:00-04:00,L,13871.25,13938.75,13825.75,45.5,133.0,1.4615384615384615,TP,1,L|swing
2021-06-10 14:32:00-04:00,2021-06-10 14:32:00-04:00,2021-06-10 14:45:00-04:00,L,13944.5,13937.25,13937.5,7.0,-16.5,-1.1785714285714286,SL,1,L|swing
2021-06-10 14:47:00-04:00,2021-06-10 14:47:00-04:00,2021-06-10 15:33:00-04:00,L,13947.0,13934.75,13935.0,12.0,-26.5,-1.1041666666666667,SL,1,L|swing
2021-06-11 12:29:00-04:00,2021-06-11 12:29:00-04:00,2021-06-11 13:52:00-04:00,S,13952.25,13969.25,13969.0,16.75,-36.0,-1.0746268656716418,SL,1,S|swing
2021-06-16 10:56:00-04:00,2021-06-16 10:56:00-04:00,2021-06-16 11:07:00-04:00,L,14055.0,14048.5,14048.75,6.25,-15.0,-1.2,SL,1,L|swing
2021-06-16 13:50:00-04:00,2021-06-16 13:50:00-04:00,2021-06-16 14:00:00-04:00,S,14005.75,13956.0,14039.5,33.75,97.5,1.4444444444444444,TP,1,S|swing
2021-06-16 14:41:00-04:00,2021-06-16 14:41:00-04:00,2021-06-16 15:05:00-04:00,S,13858.75,13936.0,13935.75,77.0,-156.5,-1.0162337662337662,SL,1,S|swing
2021-06-17 13:20:00-04:00,2021-06-17 13:20:00-04:00,2021-06-17 15:59:00-04:00,L,14143.0,14156.0,14085.75,57.25,24.0,0.2096069868995633,time,1,L|swing
2021-06-18 09:47:00-04:00,2021-06-18 09:47:00-04:00,2021-06-18 09:50:00-04:00,S,14110.75,14079.25,14132.25,21.5,61.0,1.4186046511627908,TP,1,S|swing
2021-06-18 10:41:00-04:00,2021-06-18 10:41:00-04:00,2021-06-18 10:51:00-04:00,S,14106.75,14079.75,14125.25,18.5,52.0,1.4054054054054055,TP,1,S|swing
2021-06-18 10:56:00-04:00,2021-06-18 10:56:00-04:00,2021-06-18 11:26:00-04:00,S,14083.75,14022.25,14125.25,41.5,121.0,1.4578313253012047,TP,1,S|swing
2021-06-18 13:29:00-04:00,2021-06-18 13:29:00-04:00,2021-06-18 15:59:00-04:00,S,14070.5,14042.0,14109.25,38.75,55.0,0.7096774193548387,time,1,S|swing
2021-06-21 10:38:00-04:00,2021-06-21 10:38:00-04:00,2021-06-21 15:59:00-04:00,L,14084.25,14128.0,14012.75,71.5,85.5,0.5979020979020979,time,1,L|swing
2021-06-22 09:44:00-04:00,2021-06-22 09:44:00-04:00,2021-06-22 10:31:00-04:00,S,14126.25,14177.25,14177.0,50.75,-104.0,-1.0246305418719213,SL,1,S|swing
2021-06-22 10:38:00-04:00,2021-06-22 10:38:00-04:00,2021-06-22 10:45:00-04:00,L,14168.5,14146.5,14146.75,21.75,-46.0,-1.0574712643678161,SL,1,L|swing
2021-06-22 11:08:00-04:00,2021-06-22 11:08:00-04:00,2021-06-22 12:53:00-04:00,L,14181.25,14232.75,14146.25,35.0,101.0,1.4428571428571428,TP,1,L|swing
2021-06-22 13:32:00-04:00,2021-06-22 13:32:00-04:00,2021-06-22 14:56:00-04:00,L,14217.75,14237.75,14203.75,14.0,38.0,1.3571428571428572,TP,1,L|swing
2021-06-23 10:41:00-04:00,2021-06-23 10:41:00-04:00,2021-06-23 10:47:00-04:00,L,14285.25,14276.25,14276.5,8.75,-20.0,-1.1428571428571428,SL,1,L|swing
2021-06-23 10:56:00-04:00,2021-06-23 10:56:00-04:00,2021-06-23 15:59:00-04:00,S,14270.75,14263.5,14302.0,31.25,12.5,0.2,time,1,S|swing
2021-06-24 10:56:00-04:00,2021-06-24 10:56:00-04:00,2021-06-24 10:59:00-04:00,L,14400.75,14390.5,14390.75,10.0,-22.5,-1.125,SL,1,L|swing
2021-06-24 11:02:00-04:00,2021-06-24 11:02:00-04:00,2021-06-24 11:21:00-04:00,L,14394.0,14386.0,14386.25,7.75,-18.0,-1.1612903225806452,SL,1,L|swing
2021-06-24 11:50:00-04:00,2021-06-24 11:50:00-04:00,2021-06-24 12:51:00-04:00,L,14399.0,14378.25,14378.5,20.5,-43.5,-1.0609756097560976,SL,1,L|swing
2021-06-24 12:53:00-04:00,2021-06-24 12:53:00-04:00,2021-06-24 12:55:00-04:00,L,14376.75,14370.0,14370.25,6.5,-15.5,-1.1923076923076923,SL,1,L|swing
2021-06-24 13:02:00-04:00,2021-06-24 13:02:00-04:00,2021-06-24 13:18:00-04:00,L,14379.5,14361.5,14361.75,17.75,-38.0,-1.0704225352112675,SL,1,L|swing
2021-06-24 13:26:00-04:00,2021-06-24 13:26:00-04:00,2021-06-24 13:44:00-04:00,L,14365.25,14341.75,14342.0,23.25,-49.0,-1.053763440860215,SL,1,L|swing
2021-06-24 13:50:00-04:00,2021-06-24 13:50:00-04:00,2021-06-24 14:22:00-04:00,S,14328.5,14367.5,14367.25,38.75,-80.0,-1.032258064516129,SL,1,S|swing
2021-06-25 09:38:00-04:00,2021-06-25 09:38:00-04:00,2021-06-25 09:51:00-04:00,L,14377.0,14360.75,14361.0,16.0,-34.5,-1.078125,SL,1,L|swing
2021-06-25 09:53:00-04:00,2021-06-25 09:53:00-04:00,2021-06-25 15:59:00-04:00,S,14358.75,14339.5,14391.0,32.25,36.5,0.5658914728682171,time,1,S|swing
2021-06-28 11:05:00-04:00,2021-06-28 11:05:00-04:00,2021-06-28 11:42:00-04:00,L,14464.75,14478.75,14454.75,10.0,26.0,1.3,TP,1,L|swing
2021-06-28 11:56:00-04:00,2021-06-28 11:56:00-04:00,2021-06-28 12:26:00-04:00,L,14475.5,14491.25,14464.5,11.0,29.5,1.3409090909090908,TP,1,L|swing
2021-06-28 13:20:00-04:00,2021-06-28 13:20:00-04:00,2021-06-28 13:27:00-04:00,L,14470.25,14460.5,14460.75,9.5,-21.5,-1.131578947368421,SL,1,L|swing
2021-06-28 14:17:00-04:00,2021-06-28 14:17:00-04:00,2021-06-28 14:53:00-04:00,L,14475.75,14499.75,14459.25,16.5,46.0,1.393939393939394,TP,1,L|swing
2021-06-29 09:38:00-04:00,2021-06-29 09:38:00-04:00,2021-06-29 15:59:00-04:00,L,14515.25,14563.75,14469.75,45.5,95.0,1.043956043956044,time,1,L|swing
2021-06-30 09:41:00-04:00,2021-06-30 09:41:00-04:00,2021-06-30 09:47:00-04:00,S,14546.75,14569.25,14569.0,22.25,-47.0,-1.0561797752808988,SL,1,S|swing
2021-06-30 09:56:00-04:00,2021-06-30 09:56:00-04:00,2021-06-30 11:00:00-04:00,S,14537.5,14573.0,14572.75,35.25,-73.0,-1.0354609929078014,SL,1,S|swing
2021-06-30 11:23:00-04:00,2021-06-30 11:23:00-04:00,2021-06-30 15:59:00-04:00,S,14550.0,14544.0,14576.5,26.5,10.0,0.18867924528301888,time,1,S|swing
2021-07-01 09:41:00-04:00,2021-07-01 09:41:00-04:00,2021-07-01 09:45:00-04:00,S,14545.75,14565.0,14564.75,19.0,-40.5,-1.0657894736842106,SL,1,S|swing
2021-07-01 09:47:00-04:00,2021-07-01 09:47:00-04:00,2021-07-01 10:20:00-04:00,L,14561.25,14515.0,14515.25,46.0,-94.5,-1.0271739130434783,SL,1,L|swing
2021-07-01 10:32:00-04:00,2021-07-01 10:32:00-04:00,2021-07-01 11:11:00-04:00,S,14529.75,14491.75,14555.75,26.0,74.0,1.4230769230769231,TP,1,S|swing
2021-07-01 12:14:00-04:00,2021-07-01 12:14:00-04:00,2021-07-01 12:19:00-04:00,S,14518.5,14511.25,14524.0,5.5,12.5,1.1363636363636365,TP,1,S|swing
2021-07-01 12:20:00-04:00,2021-07-01 12:20:00-04:00,2021-07-01 13:36:00-04:00,S,14503.25,14524.25,14524.0,20.75,-44.0,-1.0602409638554218,SL,1,S|swing
2021-07-02 11:02:00-04:00,2021-07-02 11:02:00-04:00,2021-07-02 11:54:00-04:00,L,14642.25,14665.0,14626.5,15.75,43.5,1.380952380952381,TP,1,L|swing
2021-07-02 12:14:00-04:00,2021-07-02 12:14:00-04:00,2021-07-02 12:45:00-04:00,L,14664.75,14678.25,14655.25,9.5,25.0,1.3157894736842106,TP,1,L|swing
2021-07-02 12:59:00-04:00,2021-07-02 12:59:00-04:00,2021-07-02 15:50:00-04:00,L,14688.75,14720.5,14667.0,21.75,61.5,1.4137931034482758,TP,1,L|swing
2021-07-05 10:14:00-04:00,2021-07-05 10:14:00-04:00,2021-07-05 12:49:00-04:00,L,14700.5,14695.5,14692.0,8.5,-12.0,-0.7058823529411765,time,1,L|swing
2021-07-06 10:08:00-04:00,2021-07-06 10:08:00-04:00,2021-07-06 10:33:00-04:00,L,14777.25,14741.0,14741.25,36.0,-74.5,-1.0347222222222223,SL,1,L|swing
2021-07-06 11:35:00-04:00,2021-07-06 11:35:00-04:00,2021-07-06 11:45:00-04:00,L,14743.75,14716.5,14716.75,27.0,-56.5,-1.0462962962962963,SL,1,L|swing
2021-07-07 09:41:00-04:00,2021-07-07 09:41:00-04:00,2021-07-07 10:03:00-04:00,L,14842.25,14816.5,14816.75,25.5,-53.5,-1.0490196078431373,SL,1,L|swing
2021-07-07 10:26:00-04:00,2021-07-07 10:26:00-04:00,2021-07-07 10:42:00-04:00,S,14810.75,14758.25,14846.25,35.5,103.0,1.4507042253521127,TP,1,S|swing
2021-07-07 12:53:00-04:00,2021-07-07 12:53:00-04:00,2021-07-07 14:02:00-04:00,S,14794.75,14811.5,14811.25,16.5,-35.5,-1.0757575757575757,SL,1,S|swing
2021-07-08 09:47:00-04:00,2021-07-08 09:47:00-04:00,2021-07-08 10:00:00-04:00,S,14566.75,14642.25,14642.0,75.25,-153.0,-1.0166112956810631,SL,1,S|swing
2021-07-08 10:35:00-04:00,2021-07-08 10:35:00-04:00,2021-07-08 11:39:00-04:00,S,14618.0,14658.0,14657.75,39.75,-82.0,-1.0314465408805031,SL,1,S|swing
2021-07-08 11:47:00-04:00,2021-07-08 11:47:00-04:00,2021-07-08 13:25:00-04:00,L,14663.5,14735.25,14615.0,48.5,141.5,1.458762886597938,TP,1,L|swing
2021-07-09 14:05:00-04:00,2021-07-09 14:05:00-04:00,2021-07-09 14:22:00-04:00,L,14810.5,14797.0,14797.25,13.25,-29.0,-1.0943396226415094,SL,1,L|swing
2021-07-09 14:35:00-04:00,2021-07-09 14:35:00-04:00,2021-07-09 15:59:00-04:00,L,14815.0,14810.0,14796.25,18.75,-12.0,-0.32,time,1,L|swing
2021-07-12 11:29:00-04:00,2021-07-12 11:29:00-04:00,2021-07-12 14:30:00-04:00,S,14827.75,14858.0,14857.75,30.0,-62.5,-1.0416666666666667,SL,1,S|swing
2021-07-13 12:53:00-04:00,2021-07-13 12:53:00-04:00,2021-07-13 12:55:00-04:00,L,14983.5,14976.25,14976.5,7.0,-16.5,-1.1785714285714286,SL,1,L|swing
2021-07-14 09:41:00-04:00,2021-07-14 09:41:00-04:00,2021-07-14 09:49:00-04:00,L,14952.5,14935.75,14936.0,16.5,-35.5,-1.0757575757575757,SL,1,L|swing
2021-07-14 11:26:00-04:00,2021-07-14 11:26:00-04:00,2021-07-14 11:27:00-04:00,L,14947.5,14944.25,14944.5,3.0,-8.5,-1.4166666666666667,SL,1,L|swing
2021-07-14 11:29:00-04:00,2021-07-14 11:29:00-04:00,2021-07-14 15:59:00-04:00,S,14918.5,14894.75,14988.25,69.75,45.5,0.32616487455197135,time,1,S|swing
2021-07-15 09:35:00-04:00,2021-07-15 09:35:00-04:00,2021-07-15 13:39:00-04:00,S,14833.5,14726.25,14905.5,72.0,212.5,1.4756944444444444,TP,1,S|swing
2021-07-15 14:35:00-04:00,2021-07-15 14:35:00-04:00,2021-07-15 14:50:00-04:00,S,14743.5,14761.75,14761.5,18.0,-38.5,-1.0694444444444444,SL,1,S|swing
2021-07-16 10:59:00-04:00,2021-07-16 10:59:00-04:00,2021-07-16 11:06:00-04:00,S,14763.25,14728.5,14787.0,23.75,67.5,1.4210526315789473,TP,1,S|swing
2021-07-16 11:14:00-04:00,2021-07-16 11:14:00-04:00,2021-07-16 15:59:00-04:00,S,14717.5,14673.5,14787.0,69.5,86.0,0.6187050359712231,time,1,S|swing
2021-07-19 12:02:00-04:00,2021-07-19 12:02:00-04:00,2021-07-19 15:59:00-04:00,S,14518.75,14554.0,14575.25,56.5,-72.5,-0.6415929203539823,time,1,S|swing
2021-07-20 10:08:00-04:00,2021-07-20 10:08:00-04:00,2021-07-20 10:18:00-04:00,S,14558.75,14591.0,14590.75,32.0,-66.5,-1.0390625,SL,1,S|swing
2021-07-20 13:17:00-04:00,2021-07-20 13:17:00-04:00,2021-07-20 14:30:00-04:00,L,14728.25,14764.75,14703.25,25.0,71.0,1.42,TP,1,L|swing
2021-07-21 09:35:00-04:00,2021-07-21 09:35:00-04:00,2021-07-21 15:54:00-04:00,L,14740.0,14811.5,14691.75,48.25,141.0,1.461139896373057,TP,1,L|swing
2021-07-22 09:56:00-04:00,2021-07-22 09:56:00-04:00,2021-07-22 15:59:00-04:00,L,14875.75,14928.5,14836.75,39.0,103.5,1.3269230769230769,time,1,L|swing
2021-07-23 10:05:00-04:00,2021-07-23 10:05:00-04:00,2021-07-23 11:56:00-04:00,L,14992.5,15078.75,14934.5,58.0,170.5,1.4698275862068966,TP,1,L|swing
2021-07-23 12:44:00-04:00,2021-07-23 12:44:00-04:00,2021-07-23 13:21:00-04:00,L,15080.75,15106.25,15063.25,17.5,49.0,1.4,TP,1,L|swing
2021-07-23 14:26:00-04:00,2021-07-23 14:26:00-04:00,2021-07-23 15:02:00-04:00,L,15111.5,15094.0,15094.25,17.25,-37.0,-1.0724637681159421,SL,1,L|swing
2021-07-26 09:38:00-04:00,2021-07-26 09:38:00-04:00,2021-07-26 15:59:00-04:00,L,15079.0,15116.5,15040.0,39.0,73.0,0.9358974358974359,time,1,L|swing
2021-07-27 09:41:00-04:00,2021-07-27 09:41:00-04:00,2021-07-27 10:11:00-04:00,S,15068.75,14998.75,15116.0,47.25,138.0,1.4603174603174602,TP,1,S|swing
2021-07-27 11:56:00-04:00,2021-07-27 11:56:00-04:00,2021-07-27 12:01:00-04:00,S,14857.75,14835.75,14873.0,15.25,42.0,1.3770491803278688,TP,1,S|swing
2021-07-27 12:44:00-04:00,2021-07-27 12:44:00-04:00,2021-07-27 12:49:00-04:00,S,14854.25,14844.75,14861.25,7.0,17.0,1.2142857142857142,TP,1,S|swing
2021-07-27 12:53:00-04:00,2021-07-27 12:53:00-04:00,2021-07-27 13:18:00-04:00,S,14833.0,14791.5,14861.25,28.25,81.0,1.4336283185840708,TP,1,S|swing
2021-07-28 10:20:00-04:00,2021-07-28 10:20:00-04:00,2021-07-28 14:00:00-04:00,L,15050.75,14935.5,14935.75,115.0,-232.5,-1.0108695652173914,SL,1,L|swing
2021-07-28 14:02:00-04:00,2021-07-28 14:02:00-04:00,2021-07-28 15:59:00-04:00,L,15008.25,15005.75,14921.5,86.75,-7.0,-0.040345821325648415,time,1,L|swing
2021-07-29 10:53:00-04:00,2021-07-29 10:53:00-04:00,2021-07-29 15:29:00-04:00,L,15069.25,15033.75,15034.0,35.25,-73.0,-1.0354609929078014,SL,1,L|swing
2021-07-30 10:02:00-04:00,2021-07-30 10:02:00-04:00,2021-07-30 15:59:00-04:00,L,14973.0,14954.75,14876.25,96.75,-38.5,-0.19896640826873385,time,1,L|swing
2021-08-02 13:14:00-04:00,2021-08-02 13:14:00-04:00,2021-08-02 13:18:00-04:00,S,15001.0,15009.25,15009.0,8.0,-18.5,-1.15625,SL,1,S|swing
2021-08-03 11:20:00-04:00,2021-08-03 11:20:00-04:00,2021-08-03 11:41:00-04:00,S,14874.5,14926.0,14925.75,51.25,-105.0,-1.024390243902439,SL,1,S|swing
2021-08-03 12:53:00-04:00,2021-08-03 12:53:00-04:00,2021-08-03 13:05:00-04:00,L,15001.5,15033.75,14979.5,22.0,62.5,1.4204545454545454,TP,1,L|swing
2021-08-03 14:08:00-04:00,2021-08-03 14:08:00-04:00,2021-08-03 15:59:00-04:00,L,15027.0,15043.5,14994.5,32.5,31.0,0.47692307692307695,time,1,L|swing
2021-08-04 09:38:00-04:00,2021-08-04 09:38:00-04:00,2021-08-04 09:52:00-04:00,L,15053.0,15020.75,15021.0,32.0,-66.5,-1.0390625,SL,1,L|swing
2021-08-04 09:56:00-04:00,2021-08-04 09:56:00-04:00,2021-08-04 10:14:00-04:00,L,15053.5,15018.0,15018.25,35.25,-73.0,-1.0354609929078014,SL,1,L|swing
2021-08-04 10:38:00-04:00,2021-08-04 10:38:00-04:00,2021-08-04 11:10:00-04:00,S,15026.25,15054.75,15054.5,28.25,-59.0,-1.0442477876106195,SL,1,S|swing
2021-08-04 11:41:00-04:00,2021-08-04 11:41:00-04:00,2021-08-04 11:57:00-04:00,S,15023.5,15049.25,15049.0,25.5,-53.5,-1.0490196078431373,SL,1,S|swing
2021-08-04 13:02:00-04:00,2021-08-04 13:02:00-04:00,2021-08-04 15:59:00-04:00,L,15075.0,15068.25,15046.75,28.25,-15.5,-0.2743362831858407,time,1,L|swing
2021-08-05 09:35:00-04:00,2021-08-05 09:35:00-04:00,2021-08-05 11:05:00-04:00,L,15110.25,15166.0,15072.5,37.75,109.5,1.4503311258278146,TP,1,L|swing
2021-08-05 13:17:00-04:00,2021-08-05 13:17:00-04:00,2021-08-05 13:57:00-04:00,L,15142.25,15152.25,15135.0,7.25,18.0,1.2413793103448276,TP,1,L|swing
2021-08-05 13:59:00-04:00,2021-08-05 13:59:00-04:00,2021-08-05 15:17:00-04:00,L,15155.0,15144.5,15144.75,10.25,-23.0,-1.1219512195121952,SL,1,L|swing
2021-08-06 09:41:00-04:00,2021-08-06 09:41:00-04:00,2021-08-06 10:49:00-04:00,S,15125.0,15088.0,15150.25,25.25,72.0,1.4257425742574257,TP,1,S|swing
2021-08-06 12:17:00-04:00,2021-08-06 12:17:00-04:00,2021-08-06 13:03:00-04:00,S,15084.5,15106.75,15106.5,22.0,-46.5,-1.0568181818181819,SL,1,S|swing
2021-08-06 14:38:00-04:00,2021-08-06 14:38:00-04:00,2021-08-06 15:59:00-04:00,S,15089.0,15096.0,15102.75,13.75,-16.0,-0.5818181818181818,time,1,S|swing
2021-08-09 09:41:00-04:00,2021-08-09 09:41:00-04:00,2021-08-09 10:28:00-04:00,L,15091.5,15124.75,15068.75,22.75,64.5,1.4175824175824177,TP,1,L|swing
2021-08-09 11:02:00-04:00,2021-08-09 11:02:00-04:00,2021-08-09 11:06:00-04:00,L,15121.0,15100.25,15100.5,20.5,-43.5,-1.0609756097560976,SL,1,L|swing
2021-08-09 11:08:00-04:00,2021-08-09 11:08:00-04:00,2021-08-09 11:13:00-04:00,L,15107.0,15097.25,15097.5,9.5,-21.5,-1.131578947368421,SL,1,L|swing
2021-08-09 11:17:00-04:00,2021-08-09 11:17:00-04:00,2021-08-09 11:59:00-04:00,L,15101.5,15118.25,15089.75,11.75,31.5,1.3404255319148937,TP,1,L|swing
2021-08-09 12:47:00-04:00,2021-08-09 12:47:00-04:00,2021-08-09 14:30:00-04:00,L,15116.5,15136.25,15102.75,13.75,37.5,1.3636363636363635,TP,1,L|swing
2021-08-10 13:14:00-04:00,2021-08-10 13:14:00-04:00,2021-08-10 13:45:00-04:00,S,15058.0,15043.5,15068.25,10.25,27.0,1.3170731707317074,TP,1,S|swing
2021-08-10 14:47:00-04:00,2021-08-10 14:47:00-04:00,2021-08-10 14:48:00-04:00,S,15050.5,15052.75,15052.5,2.0,-6.5,-1.625,SL,1,S|swing
2021-08-11 11:41:00-04:00,2021-08-11 11:41:00-04:00,2021-08-11 11:49:00-04:00,S,14990.0,14971.75,15002.75,12.75,34.5,1.3529411764705883,TP,1,S|swing
2021-08-11 12:11:00-04:00,2021-08-11 12:11:00-04:00,2021-08-11 13:02:00-04:00,S,14992.75,15015.5,15015.25,22.5,-47.5,-1.0555555555555556,SL,1,S|swing
2021-08-11 13:41:00-04:00,2021-08-11 13:41:00-04:00,2021-08-11 15:51:00-04:00,S,14998.0,15028.5,15028.25,30.25,-63.0,-1.0413223140495869,SL,1,S|swing
2021-08-12 10:02:00-04:00,2021-08-12 10:02:00-04:00,2021-08-12 10:19:00-04:00,S,14956.5,15000.0,14999.75,43.25,-89.0,-1.0289017341040463,SL,1,S|swing
2021-08-12 11:32:00-04:00,2021-08-12 11:32:00-04:00,2021-08-12 13:03:00-04:00,L,15060.75,15033.25,15033.5,27.25,-57.0,-1.0458715596330275,SL,1,L|swing
2021-08-12 13:05:00-04:00,2021-08-12 13:05:00-04:00,2021-08-12 14:18:00-04:00,L,15046.25,15065.75,15032.75,13.5,37.0,1.3703703703703705,TP,1,L|swing
2021-08-13 11:02:00-04:00,2021-08-13 11:02:00-04:00,2021-08-13 11:07:00-04:00,L,15126.75,15105.75,15106.0,20.75,-44.0,-1.0602409638554218,SL,1,L|swing
2021-08-13 11:29:00-04:00,2021-08-13 11:29:00-04:00,2021-08-13 11:50:00-04:00,L,15111.75,15099.0,15099.25,12.5,-27.5,-1.1,SL,1,L|swing
2021-08-13 12:44:00-04:00,2021-08-13 12:44:00-04:00,2021-08-13 12:53:00-04:00,L,15098.75,15108.0,15092.0,6.75,16.5,1.2222222222222223,TP,1,L|swing
2021-08-13 13:20:00-04:00,2021-08-13 13:20:00-04:00,2021-08-13 14:38:00-04:00,L,15117.5,15102.5,15102.75,14.75,-32.0,-1.0847457627118644,SL,1,L|swing
2021-08-16 12:35:00-04:00,2021-08-16 12:35:00-04:00,2021-08-16 12:54:00-04:00,S,14999.25,15022.5,15022.25,23.0,-48.5,-1.0543478260869565,SL,1,S|swing
2021-08-16 13:05:00-04:00,2021-08-16 13:05:00-04:00,2021-08-16 13:23:00-04:00,S,15025.0,15031.0,15030.75,5.75,-14.0,-1.2173913043478262,SL,1,S|swing
2021-08-17 09:53:00-04:00,2021-08-17 09:53:00-04:00,2021-08-17 10:43:00-04:00,S,14983.75,15043.0,15042.75,59.0,-120.5,-1.021186440677966,SL,1,S|swing
2021-08-17 11:26:00-04:00,2021-08-17 11:26:00-04:00,2021-08-17 12:01:00-04:00,S,14991.75,14929.25,15034.0,42.25,123.0,1.455621301775148,TP,1,S|swing
2021-08-17 12:32:00-04:00,2021-08-17 12:32:00-04:00,2021-08-17 12:40:00-04:00,S,14955.75,14927.75,14975.0,19.25,54.0,1.4025974025974026,TP,1,S|swing
2021-08-17 13:20:00-04:00,2021-08-17 13:20:00-04:00,2021-08-17 13:28:00-04:00,S,14927.5,14941.0,14940.75,13.25,-29.0,-1.0943396226415094,SL,1,S|swing
2021-08-18 09:35:00-04:00,2021-08-18 09:35:00-04:00,2021-08-18 09:40:00-04:00,S,14979.5,15009.25,15009.0,29.5,-61.5,-1.0423728813559323,SL,1,S|swing
2021-08-18 09:41:00-04:00,2021-08-18 09:41:00-04:00,2021-08-18 09:51:00-04:00,S,14990.0,15011.5,15011.25,21.25,-45.0,-1.0588235294117647,SL,1,S|swing
2021-08-18 09:56:00-04:00,2021-08-18 09:56:00-04:00,2021-08-18 11:36:00-04:00,L,15031.25,14963.75,14964.0,67.25,-137.0,-1.0185873605947955,SL,1,L|swing
2021-08-18 12:44:00-04:00,2021-08-18 12:44:00-04:00,2021-08-18 12:50:00-04:00,S,14991.0,14983.25,14996.75,5.75,13.5,1.173913043478261,TP,1,S|swing
2021-08-18 13:02:00-04:00,2021-08-18 13:02:00-04:00,2021-08-18 13:36:00-04:00,S,14986.0,14970.75,14996.75,10.75,28.5,1.3255813953488371,TP,1,S|swing
2021-08-18 14:02:00-04:00,2021-08-18 14:02:00-04:00,2021-08-18 14:12:00-04:00,L,15000.0,14967.25,14967.5,32.5,-67.5,-1.0384615384615385,SL,1,L|swing
2021-08-18 14:41:00-04:00,2021-08-18 14:41:00-04:00,2021-08-18 15:29:00-04:00,S,14986.0,14950.25,15010.5,24.5,69.5,1.4183673469387754,TP,1,S|swing
2021-08-19 10:41:00-04:00,2021-08-19 10:41:00-04:00,2021-08-19 10:48:00-04:00,L,14844.25,14825.75,14826.0,18.25,-39.0,-1.0684931506849316,SL,1,L|swing
2021-08-19 10:56:00-04:00,2021-08-19 10:56:00-04:00,2021-08-19 12:02:00-04:00,L,14892.0,14994.25,14823.25,68.75,202.5,1.4727272727272727,TP,1,L|swing
2021-08-19 12:26:00-04:00,2021-08-19 12:26:00-04:00,2021-08-19 12:33:00-04:00,L,14960.75,14973.0,14952.0,8.75,22.5,1.2857142857142858,TP,1,L|swing
2021-08-19 13:11:00-04:00,2021-08-19 13:11:00-04:00,2021-08-19 13:18:00-04:00,L,14963.0,14953.5,14953.75,9.25,-21.0,-1.135135135135135,SL,1,L|swing
2021-08-19 14:59:00-04:00,2021-08-19 14:59:00-04:00,2021-08-19 15:59:00-04:00,L,14936.0,14928.5,14856.75,79.25,-17.0,-0.10725552050473186,time,1,L|swing
2021-08-20 12:17:00-04:00,2021-08-20 12:17:00-04:00,2021-08-20 15:38:00-04:00,L,15038.0,15091.75,15001.5,36.5,105.5,1.4452054794520548,TP,1,L|swing
2021-08-23 11:29:00-04:00,2021-08-23 11:29:00-04:00,2021-08-23 11:37:00-04:00,L,15272.25,15288.75,15260.75,11.5,31.0,1.3478260869565217,TP,1,L|swing
2021-08-23 13:50:00-04:00,2021-08-23 13:50:00-04:00,2021-08-23 15:59:00-04:00,L,15318.75,15306.25,15299.5,19.25,-27.0,-0.7012987012987013,time,1,L|swing
2021-08-24 10:23:00-04:00,2021-08-24 10:23:00-04:00,2021-08-24 15:59:00-04:00,L,15365.25,15356.0,15322.75,42.5,-20.5,-0.2411764705882353,time,1,L|swing
2021-08-25 10:32:00-04:00,2021-08-25 10:32:00-04:00,2021-08-25 15:59:00-04:00,S,15349.75,15362.75,15386.0,36.25,-28.0,-0.38620689655172413,time,1,S|swing
2021-08-26 12:56:00-04:00,2021-08-26 12:56:00-04:00,2021-08-26 14:55:00-04:00,S,15325.5,15295.75,15346.0,20.5,57.5,1.4024390243902438,TP,1,S|swing
2021-08-27 09:41:00-04:00,2021-08-27 09:41:00-04:00,2021-08-27 10:00:00-04:00,S,15292.75,15332.75,15332.5,39.75,-82.0,-1.0314465408805031,SL,1,S|swing
2021-08-27 10:02:00-04:00,2021-08-27 10:02:00-04:00,2021-08-27 15:59:00-04:00,L,15364.25,15424.25,15277.0,87.25,118.0,0.6762177650429799,time,1,L|swing
2021-08-30 12:50:00-04:00,2021-08-30 12:50:00-04:00,2021-08-30 12:56:00-04:00,L,15575.0,15585.75,15567.25,7.75,19.5,1.2580645161290323,TP,1,L|swing
2021-08-30 14:47:00-04:00,2021-08-30 14:47:00-04:00,2021-08-30 15:42:00-04:00,L,15609.5,15603.5,15603.75,5.75,-14.0,-1.2173913043478262,SL,1,L|swing
2021-08-31 12:08:00-04:00,2021-08-31 12:08:00-04:00,2021-08-31 12:28:00-04:00,S,15572.25,15586.75,15586.5,14.25,-31.0,-1.087719298245614,SL,1,S|swing
2021-08-31 12:29:00-04:00,2021-08-31 12:29:00-04:00,2021-08-31 13:25:00-04:00,L,15590.75,15564.5,15564.75,26.0,-54.5,-1.0480769230769231,SL,1,L|swing
2021-08-31 14:47:00-04:00,2021-08-31 14:47:00-04:00,2021-08-31 14:59:00-04:00,S,15586.75,15598.25,15598.0,11.25,-25.0,-1.1111111111111112,SL,1,S|swing
2021-09-01 12:50:00-04:00,2021-09-01 12:50:00-04:00,2021-09-01 14:19:00-04:00,L,15679.0,15670.75,15671.0,8.0,-18.5,-1.15625,SL,1,L|swing
2021-09-02 11:05:00-04:00,2021-09-02 11:05:00-04:00,2021-09-02 11:17:00-04:00,S,15632.0,15649.5,15649.25,17.25,-37.0,-1.0724637681159421,SL,1,S|swing
2021-09-02 12:20:00-04:00,2021-09-02 12:20:00-04:00,2021-09-02 13:51:00-04:00,S,15611.75,15574.0,15637.5,25.75,73.5,1.4271844660194175,TP,1,S|swing
2021-09-03 09:35:00-04:00,2021-09-03 09:35:00-04:00,2021-09-03 09:57:00-04:00,S,15568.0,15615.5,15615.25,47.25,-97.0,-1.0264550264550265,SL,1,S|swing
2021-09-03 10:35:00-04:00,2021-09-03 10:35:00-04:00,2021-09-03 10:37:00-04:00,L,15639.25,15617.75,15618.0,21.25,-45.0,-1.0588235294117647,SL,1,L|swing
2021-09-03 10:41:00-04:00,2021-09-03 10:41:00-04:00,2021-09-03 11:21:00-04:00,S,15611.25,15643.75,15643.5,32.25,-67.0,-1.0387596899224807,SL,1,S|swing
2021-09-03 12:59:00-04:00,2021-09-03 12:59:00-04:00,2021-09-03 13:14:00-04:00,L,15646.25,15661.75,15635.25,11.0,29.0,1.3181818181818181,TP,1,L|swing
2021-09-03 14:35:00-04:00,2021-09-03 14:35:00-04:00,2021-09-03 15:14:00-04:00,L,15653.25,15666.25,15644.0,9.25,24.0,1.2972972972972974,TP,1,L|swing
2021-09-06 09:38:00-04:00,2021-09-06 09:38:00-04:00,2021-09-06 09:39:00-04:00,L,15687.75,15686.25,15686.5,1.25,-5.0,-2.0,SL,1,L|swing
2021-09-06 11:26:00-04:00,2021-09-06 11:26:00-04:00,2021-09-06 11:34:00-04:00,L,15702.0,15699.75,15700.0,2.0,-6.5,-1.625,SL,1,L|swing
2021-09-06 12:23:00-04:00,2021-09-06 12:23:00-04:00,2021-09-06 12:27:00-04:00,L,15701.0,15696.5,15696.75,4.25,-11.0,-1.2941176470588236,SL,1,L|swing
2021-09-07 10:05:00-04:00,2021-09-07 10:05:00-04:00,2021-09-07 10:41:00-04:00,S,15628.5,15665.25,15665.0,36.5,-75.5,-1.0342465753424657,SL,1,S|swing
2021-09-07 11:14:00-04:00,2021-09-07 11:14:00-04:00,2021-09-07 12:08:00-04:00,S,15640.75,15678.25,15678.0,37.25,-77.0,-1.0335570469798658,SL,1,S|swing
2021-09-07 13:53:00-04:00,2021-09-07 13:53:00-04:00,2021-09-07 13:57:00-04:00,L,15695.75,15689.0,15689.25,6.5,-15.5,-1.1923076923076923,SL,1,L|swing
2021-09-07 13:59:00-04:00,2021-09-07 13:59:00-04:00,2021-09-07 14:00:00-04:00,L,15692.0,15688.75,15689.0,3.0,-8.5,-1.4166666666666667,SL,1,L|swing
2021-09-07 14:05:00-04:00,2021-09-07 14:05:00-04:00,2021-09-07 14:06:00-04:00,L,15685.5,15684.25,15684.5,1.0,-4.5,-2.25,SL,1,L|swing
2021-09-08 09:35:00-04:00,2021-09-08 09:35:00-04:00,2021-09-08 10:53:00-04:00,S,15624.0,15554.0,15671.25,47.25,138.0,1.4603174603174602,TP,1,S|swing
2021-09-08 12:11:00-04:00,2021-09-08 12:11:00-04:00,2021-09-08 12:12:00-04:00,S,15566.25,15571.25,15571.0,4.75,-12.0,-1.263157894736842,SL,1,S|swing
2021-09-08 13:02:00-04:00,2021-09-08 13:02:00-04:00,2021-09-08 13:30:00-04:00,S,15580.0,15603.0,15602.75,22.75,-48.0,-1.054945054945055,SL,1,S|swing
2021-09-08 14:20:00-04:00,2021-09-08 14:20:00-04:00,2021-09-08 15:59:00-04:00,S,15607.75,15623.0,15626.0,18.25,-32.5,-0.8904109589041096,time,1,S|swing
2021-09-09 09:38:00-04:00,2021-09-09 09:38:00-04:00,2021-09-09 11:26:00-04:00,L,15666.25,15621.25,15621.5,44.75,-92.0,-1.0279329608938548,SL,1,L|swing
2021-09-09 12:23:00-04:00,2021-09-09 12:23:00-04:00,2021-09-09 13:20:00-04:00,L,15632.75,15610.75,15611.0,21.75,-46.0,-1.0574712643678161,SL,1,L|swing
2021-09-09 14:29:00-04:00,2021-09-09 14:29:00-04:00,2021-09-09 14:38:00-04:00,S,15587.75,15574.25,15597.25,9.5,25.0,1.3157894736842106,TP,1,S|swing
2021-09-10 13:05:00-04:00,2021-09-10 13:05:00-04:00,2021-09-10 13:14:00-04:00,S,15590.5,15601.5,15601.25,10.75,-24.0,-1.1162790697674418,SL,1,S|swing
2021-09-15 11:02:00-04:00,2021-09-15 11:02:00-04:00,2021-09-15 11:03:00-04:00,S,15363.75,15371.5,15371.25,7.5,-17.5,-1.1666666666666667,SL,1,S|swing
2021-09-15 14:08:00-04:00,2021-09-15 14:08:00-04:00,2021-09-15 15:19:00-04:00,L,15467.25,15505.25,15441.25,26.0,74.0,1.4230769230769231,TP,1,L|swing
2021-09-16 09:53:00-04:00,2021-09-16 09:53:00-04:00,2021-09-16 13:57:00-04:00,S,15396.5,15473.25,15473.0,76.5,-155.5,-1.0163398692810457,SL,1,S|swing
2021-09-17 12:08:00-04:00,2021-09-17 12:08:00-04:00,2021-09-17 12:10:00-04:00,S,15335.5,15344.75,15344.5,9.0,-20.5,-1.1388888888888888,SL,1,S|swing
2021-09-17 12:14:00-04:00,2021-09-17 12:14:00-04:00,2021-09-17 12:23:00-04:00,S,15330.5,15346.5,15346.25,15.75,-34.0,-1.0793650793650793,SL,1,S|swing
2021-09-17 12:26:00-04:00,2021-09-17 12:26:00-04:00,2021-09-17 12:32:00-04:00,S,15346.0,15356.0,15355.75,9.75,-22.0,-1.1282051282051282,SL,1,S|swing
2021-09-17 12:47:00-04:00,2021-09-17 12:47:00-04:00,2021-09-17 13:02:00-04:00,S,15349.75,15329.75,15363.75,14.0,38.0,1.3571428571428572,TP,1,S|swing
2021-09-17 14:14:00-04:00,2021-09-17 14:14:00-04:00,2021-09-17 15:01:00-04:00,S,15296.5,15317.25,15317.0,20.5,-43.5,-1.0609756097560976,SL,1,S|swing
2021-09-20 09:56:00-04:00,2021-09-20 09:56:00-04:00,2021-09-20 11:03:00-04:00,S,15083.25,14981.25,15151.75,68.5,202.0,1.4744525547445255,TP,1,S|swing
2021-09-20 12:59:00-04:00,2021-09-20 12:59:00-04:00,2021-09-20 13:39:00-04:00,S,14917.25,14947.5,14947.25,30.0,-62.5,-1.0416666666666667,SL,1,S|swing
2021-09-21 09:41:00-04:00,2021-09-21 09:41:00-04:00,2021-09-21 09:45:00-04:00,S,15055.75,15098.5,15098.25,42.5,-87.5,-1.0294117647058822,SL,1,S|swing
2021-09-21 09:59:00-04:00,2021-09-21 09:59:00-04:00,2021-09-21 15:59:00-04:00,S,15067.0,15018.75,15132.0,65.0,94.5,0.7269230769230769,time,1,S|swing
2021-09-22 10:23:00-04:00,2021-09-22 10:23:00-04:00,2021-09-22 14:15:00-04:00,L,15111.25,15210.75,15044.25,67.0,197.0,1.4701492537313432,TP,1,L|swing
2021-09-23 09:35:00-04:00,2021-09-23 09:35:00-04:00,2021-09-23 09:39:00-04:00,S,15193.25,15233.75,15233.5,40.25,-83.0,-1.031055900621118,SL,1,S|swing
2021-09-23 10:59:00-04:00,2021-09-23 10:59:00-04:00,2021-09-23 11:07:00-04:00,L,15326.0,15298.5,15298.75,27.25,-57.0,-1.0458715596330275,SL,1,L|swing
2021-09-23 12:08:00-04:00,2021-09-23 12:08:00-04:00,2021-09-23 12:36:00-04:00,L,15289.75,15310.25,15275.5,14.25,39.0,1.368421052631579,TP,1,L|swing
2021-09-23 13:02:00-04:00,2021-09-23 13:02:00-04:00,2021-09-23 13:05:00-04:00,L,15304.25,15316.75,15295.25,9.0,23.0,1.2777777777777777,TP,1,L|swing
2021-09-24 10:44:00-04:00,2021-09-24 10:44:00-04:00,2021-09-24 11:53:00-04:00,S,15232.5,15256.0,15255.75,23.25,-49.0,-1.053763440860215,SL,1,S|swing
2021-09-24 12:17:00-04:00,2021-09-24 12:17:00-04:00,2021-09-24 15:59:00-04:00,L,15268.75,15315.0,15223.0,45.75,90.5,0.9890710382513661,time,1,L|swing
2021-09-27 11:26:00-04:00,2021-09-27 11:26:00-04:00,2021-09-27 15:12:00-04:00,S,15170.0,15223.5,15223.25,53.25,-109.0,-1.0234741784037558,SL,1,S|swing
2021-09-28 09:44:00-04:00,2021-09-28 09:44:00-04:00,2021-09-28 11:16:00-04:00,S,14928.25,14774.25,15031.5,103.25,306.0,1.4818401937046004,TP,1,S|swing
2021-09-28 12:38:00-04:00,2021-09-28 12:38:00-04:00,2021-09-28 14:45:00-04:00,S,14790.5,14842.75,14842.5,52.0,-106.5,-1.0240384615384615,SL,1,S|swing
2021-09-29 09:38:00-04:00,2021-09-29 09:38:00-04:00,2021-09-29 09:49:00-04:00,S,14809.75,14853.25,14853.0,43.25,-89.0,-1.0289017341040463,SL,1,S|swing
2021-09-29 11:20:00-04:00,2021-09-29 11:20:00-04:00,2021-09-29 12:25:00-04:00,S,14826.0,14732.0,14889.25,63.25,186.0,1.4703557312252964,TP,1,S|swing
2021-09-29 12:44:00-04:00,2021-09-29 12:44:00-04:00,2021-09-29 12:51:00-04:00,S,14742.0,14776.0,14775.75,33.75,-70.0,-1.037037037037037,SL,1,S|swing
2021-09-30 10:47:00-04:00,2021-09-30 10:47:00-04:00,2021-09-30 11:40:00-04:00,S,14820.5,14749.0,14868.75,48.25,141.0,1.461139896373057,TP,1,S|swing
2021-09-30 12:53:00-04:00,2021-09-30 12:53:00-04:00,2021-09-30 12:58:00-04:00,S,14729.0,14713.75,14739.75,10.75,28.5,1.3255813953488371,TP,1,S|swing
2021-09-30 13:47:00-04:00,2021-09-30 13:47:00-04:00,2021-09-30 13:54:00-04:00,S,14737.75,14762.5,14762.25,24.5,-51.5,-1.0510204081632653,SL,1,S|swing
2021-10-01 09:35:00-04:00,2021-10-01 09:35:00-04:00,2021-10-01 09:39:00-04:00,L,14700.75,14667.5,14667.75,33.0,-68.5,-1.0378787878787878,SL,1,L|swing
2021-10-01 11:14:00-04:00,2021-10-01 11:14:00-04:00,2021-10-01 15:59:00-04:00,L,14657.75,14770.5,14541.5,116.25,223.5,0.9612903225806452,time,1,L|swing
2021-10-04 11:56:00-04:00,2021-10-04 11:56:00-04:00,2021-10-04 11:58:00-04:00,S,14423.75,14452.5,14452.25,28.5,-59.5,-1.043859649122807,SL,1,S|swing
2021-10-04 12:08:00-04:00,2021-10-04 12:08:00-04:00,2021-10-04 12:23:00-04:00,S,14435.0,14408.25,14453.5,18.5,51.5,1.3918918918918919,TP,1,S|swing
2021-10-04 13:53:00-04:00,2021-10-04 13:53:00-04:00,2021-10-04 14:06:00-04:00,S,14411.25,14435.25,14435.0,23.75,-50.0,-1.0526315789473684,SL,1,S|swing
2021-10-04 14:35:00-04:00,2021-10-04 14:35:00-04:00,2021-10-04 15:01:00-04:00,S,14415.5,14466.25,14466.0,50.5,-103.5,-1.0247524752475248,SL,1,S|swing
2021-10-05 12:26:00-04:00,2021-10-05 12:26:00-04:00,2021-10-05 15:50:00-04:00,L,14717.25,14682.5,14682.75,34.5,-71.5,-1.036231884057971,SL,1,L|swing
2021-10-06 10:02:00-04:00,2021-10-06 10:02:00-04:00,2021-10-06 10:22:00-04:00,S,14498.5,14639.5,14639.25,140.75,-284.0,-1.0088809946714032,SL,1,S|swing
2021-10-06 12:47:00-04:00,2021-10-06 12:47:00-04:00,2021-10-06 13:07:00-04:00,L,14609.0,14577.75,14578.0,31.0,-64.5,-1.0403225806451613,SL,1,L|swing
2021-10-06 13:14:00-04:00,2021-10-06 13:14:00-04:00,2021-10-06 13:30:00-04:00,L,14602.5,14654.5,14567.25,35.25,102.0,1.446808510638298,TP,1,L|swing
2021-10-07 13:26:00-04:00,2021-10-07 13:26:00-04:00,2021-10-07 13:52:00-04:00,L,14973.75,14965.0,14965.25,8.5,-19.5,-1.1470588235294117,SL,1,L|swing
2021-10-08 09:35:00-04:00,2021-10-08 09:35:00-04:00,2021-10-08 15:59:00-04:00,S,14870.5,14811.75,14970.25,99.75,115.5,0.5789473684210527,time,1,S|swing
2021-10-11 11:08:00-04:00,2021-10-11 11:08:00-04:00,2021-10-11 12:02:00-04:00,L,14878.0,14848.0,14848.25,29.75,-62.0,-1.0420168067226891,SL,1,L|swing
2021-10-11 13:11:00-04:00,2021-10-11 13:11:00-04:00,2021-10-11 13:21:00-04:00,L,14808.25,14792.75,14793.0,15.25,-33.0,-1.0819672131147542,SL,1,L|swing
2021-10-11 13:47:00-04:00,2021-10-11 13:47:00-04:00,2021-10-11 14:15:00-04:00,S,14773.25,14812.0,14811.75,38.5,-79.5,-1.0324675324675325,SL,1,S|swing
2021-10-12 09:35:00-04:00,2021-10-12 09:35:00-04:00,2021-10-12 09:43:00-04:00,L,14771.0,14704.0,14704.25,66.75,-136.0,-1.0187265917602997,SL,1,L|swing
2021-10-12 12:56:00-04:00,2021-10-12 12:56:00-04:00,2021-10-12 14:17:00-04:00,S,14660.0,14703.5,14703.25,43.25,-89.0,-1.0289017341040463,SL,1,S|swing
2021-10-12 14:38:00-04:00,2021-10-12 14:38:00-04:00,2021-10-12 15:59:00-04:00,S,14676.75,14650.5,14720.0,43.25,50.5,0.5838150289017341,time,1,S|swing
2021-10-13 09:35:00-04:00,2021-10-13 09:35:00-04:00,2021-10-13 10:13:00-04:00,L,14772.25,14674.0,14674.25,98.0,-198.5,-1.0127551020408163,SL,1,L|swing
2021-10-13 11:11:00-04:00,2021-10-13 11:11:00-04:00,2021-10-13 11:31:00-04:00,L,14713.75,14688.5,14688.75,25.0,-52.5,-1.05,SL,1,L|swing
2021-10-13 11:35:00-04:00,2021-10-13 11:35:00-04:00,2021-10-13 11:48:00-04:00,S,14670.25,14724.25,14724.0,53.75,-110.0,-1.0232558139534884,SL,1,S|swing
2021-10-13 12:53:00-04:00,2021-10-13 12:53:00-04:00,2021-10-13 12:54:00-04:00,L,14699.25,14702.25,14696.75,2.5,4.0,0.8,TP,1,L|swing
2021-10-13 13:02:00-04:00,2021-10-13 13:02:00-04:00,2021-10-13 13:28:00-04:00,L,14715.5,14743.5,14696.25,19.25,54.0,1.4025974025974026,TP,1,L|swing
2021-10-14 09:38:00-04:00,2021-10-14 09:38:00-04:00,2021-10-14 09:43:00-04:00,L,14912.75,14945.75,14890.25,22.5,64.0,1.4222222222222223,TP,1,L|swing
2021-10-14 13:41:00-04:00,2021-10-14 13:41:00-04:00,2021-10-14 15:37:00-04:00,L,15034.75,15016.25,15016.5,18.25,-39.0,-1.0684931506849316,SL,1,L|swing
2021-10-15 09:41:00-04:00,2021-10-15 09:41:00-04:00,2021-10-15 10:57:00-04:00,S,15071.25,15100.5,15100.25,29.0,-60.5,-1.043103448275862,SL,1,S|swing
2021-10-15 12:38:00-04:00,2021-10-15 12:38:00-04:00,2021-10-15 15:54:00-04:00,L,15093.75,15125.5,15072.0,21.75,61.5,1.4137931034482758,TP,1,L|swing
2021-10-18 09:35:00-04:00,2021-10-18 09:35:00-04:00,2021-10-18 09:41:00-04:00,S,15054.5,15093.0,15092.75,38.25,-79.0,-1.0326797385620916,SL,1,S|swing
2021-10-18 12:29:00-04:00,2021-10-18 12:29:00-04:00,2021-10-18 13:15:00-04:00,L,15215.0,15232.5,15202.75,12.25,33.0,1.346938775510204,TP,1,L|swing
2021-10-18 14:29:00-04:00,2021-10-18 14:29:00-04:00,2021-10-18 14:49:00-04:00,L,15249.25,15262.25,15240.0,9.25,24.0,1.2972972972972974,TP,1,L|swing
2021-10-19 09:35:00-04:00,2021-10-19 09:35:00-04:00,2021-10-19 09:39:00-04:00,S,15305.75,15337.5,15337.25,31.5,-65.5,-1.0396825396825398,SL,1,S|swing
2021-10-19 12:56:00-04:00,2021-10-19 12:56:00-04:00,2021-10-19 14:32:00-04:00,L,15391.5,15373.75,15374.0,17.5,-37.5,-1.0714285714285714,SL,1,L|swing
2021-10-20 10:32:00-04:00,2021-10-20 10:32:00-04:00,2021-10-20 12:44:00-04:00,L,15444.25,15379.5,15379.75,64.5,-131.5,-1.0193798449612403,SL,1,L|swing
2021-10-21 09:35:00-04:00,2021-10-21 09:35:00-04:00,2021-10-21 09:50:00-04:00,L,15355.5,15386.75,15334.0,21.5,60.5,1.4069767441860466,TP,1,L|swing
2021-10-21 12:29:00-04:00,2021-10-21 12:29:00-04:00,2021-10-21 15:25:00-04:00,L,15426.0,15470.25,15396.0,30.0,86.5,1.4416666666666667,TP,1,L|swing
2021-10-22 09:50:00-04:00,2021-10-22 09:50:00-04:00,2021-10-22 10:29:00-04:00,S,15393.5,15458.75,15458.5,65.0,-132.5,-1.0192307692307692,SL,1,S|swing
2021-10-22 10:38:00-04:00,2021-10-22 10:38:00-04:00,2021-10-22 11:16:00-04:00,S,15425.75,15369.25,15464.0,38.25,111.0,1.4509803921568627,TP,1,S|swing
2021-10-22 12:20:00-04:00,2021-10-22 12:20:00-04:00,2021-10-22 12:28:00-04:00,S,15312.25,15327.5,15327.25,15.0,-32.5,-1.0833333333333333,SL,1,S|swing
2021-10-22 12:29:00-04:00,2021-10-22 12:29:00-04:00,2021-10-22 12:30:00-04:00,S,15329.25,15330.5,15330.25,1.0,-4.5,-2.25,SL,1,S|swing
2021-10-22 13:05:00-04:00,2021-10-22 13:05:00-04:00,2021-10-22 14:35:00-04:00,S,15342.75,15379.0,15378.75,36.0,-74.5,-1.0347222222222223,SL,1,S|swing
2021-10-22 14:38:00-04:00,2021-10-22 14:38:00-04:00,2021-10-22 14:52:00-04:00,S,15369.0,15347.25,15384.0,15.0,41.5,1.3833333333333333,TP,1,S|swing
2021-10-25 09:38:00-04:00,2021-10-25 09:38:00-04:00,2021-10-25 11:53:00-04:00,S,15372.0,15433.0,15432.75,60.75,-124.0,-1.0205761316872428,SL,1,S|swing
2021-10-25 13:56:00-04:00,2021-10-25 13:56:00-04:00,2021-10-25 13:59:00-04:00,L,15496.5,15489.5,15489.75,6.75,-16.0,-1.1851851851851851,SL,1,L|swing
2021-10-25 14:20:00-04:00,2021-10-25 14:20:00-04:00,2021-10-25 14:34:00-04:00,L,15504.75,15531.75,15486.25,18.5,52.0,1.4054054054054055,TP,1,L|swing
2021-10-26 11:26:00-04:00,2021-10-26 11:26:00-04:00,2021-10-26 11:33:00-04:00,L,15672.5,15641.5,15641.75,30.75,-64.0,-1.0406504065040652,SL,1,L|swing
2021-10-26 13:20:00-04:00,2021-10-26 13:20:00-04:00,2021-10-26 13:31:00-04:00,S,15539.5,15556.0,15555.75,16.25,-35.0,-1.0769230769230769,SL,1,S|swing
2021-10-26 14:08:00-04:00,2021-10-26 14:08:00-04:00,2021-10-26 15:00:00-04:00,S,15554.25,15585.75,15585.5,31.25,-65.0,-1.04,SL,1,S|swing
2021-10-27 11:02:00-04:00,2021-10-27 11:02:00-04:00,2021-10-27 11:05:00-04:00,L,15623.5,15644.75,15608.75,14.75,40.5,1.3728813559322033,TP,1,L|swing
2021-10-27 14:29:00-04:00,2021-10-27 14:29:00-04:00,2021-10-27 14:32:00-04:00,L,15699.5,15695.0,15695.25,4.25,-11.0,-1.2941176470588236,SL,1,L|swing
2021-10-27 14:50:00-04:00,2021-10-27 14:50:00-04:00,2021-10-27 14:57:00-04:00,L,15698.5,15685.75,15686.0,12.5,-27.5,-1.1,SL,1,L|swing
2021-10-28 10:41:00-04:00,2021-10-28 10:41:00-04:00,2021-10-28 15:59:00-04:00,L,15711.5,15761.25,15655.75,55.75,97.5,0.874439461883408,time,1,L|swing
2021-10-29 13:53:00-04:00,2021-10-29 13:53:00-04:00,2021-10-29 14:11:00-04:00,L,15782.25,15796.25,15772.25,10.0,26.0,1.3,TP,1,L|swing
2021-10-29 14:20:00-04:00,2021-10-29 14:20:00-04:00,2021-10-29 14:25:00-04:00,L,15786.0,15774.0,15774.25,11.75,-26.0,-1.1063829787234043,SL,1,L|swing
2021-10-29 14:38:00-04:00,2021-10-29 14:38:00-04:00,2021-10-29 15:50:00-04:00,L,15779.25,15809.5,15758.5,20.75,58.5,1.4096385542168675,TP,1,L|swing
2021-11-01 11:14:00-04:00,2021-11-01 11:14:00-04:00,2021-11-01 11:15:00-04:00,S,15824.25,15832.5,15832.25,8.0,-18.5,-1.15625,SL,1,S|swing
2021-11-01 13:02:00-04:00,2021-11-01 13:02:00-04:00,2021-11-01 13:22:00-04:00,L,15866.0,15850.5,15850.75,15.25,-33.0,-1.0819672131147542,SL,1,L|swing
2021-11-01 13:23:00-04:00,2021-11-01 13:23:00-04:00,2021-11-01 14:15:00-04:00,S,15842.0,15797.5,15872.25,30.25,87.0,1.43801652892562,TP,1,S|swing
2021-11-02 11:35:00-04:00,2021-11-02 11:35:00-04:00,2021-11-02 12:01:00-04:00,L,15953.5,15933.0,15933.25,20.25,-43.0,-1.0617283950617284,SL,1,L|swing
2021-11-02 12:14:00-04:00,2021-11-02 12:14:00-04:00,2021-11-02 12:55:00-04:00,L,15930.5,15957.25,15912.0,18.5,51.5,1.3918918918918919,TP,1,L|swing
2021-11-02 13:32:00-04:00,2021-11-02 13:32:00-04:00,2021-11-02 13:34:00-04:00,L,15935.75,15930.25,15930.5,5.25,-13.0,-1.2380952380952381,SL,1,L|swing
2021-11-03 10:38:00-04:00,2021-11-03 10:38:00-04:00,2021-11-03 11:56:00-04:00,S,15944.5,15976.25,15976.0,31.5,-65.5,-1.0396825396825398,SL,1,S|swing
2021-11-03 13:08:00-04:00,2021-11-03 13:08:00-04:00,2021-11-03 13:16:00-04:00,L,15973.75,15969.0,15969.25,4.5,-11.5,-1.2777777777777777,SL,1,L|swing
2021-11-03 13:20:00-04:00,2021-11-03 13:20:00-04:00,2021-11-03 13:34:00-04:00,L,15973.75,15987.5,15964.0,9.75,25.5,1.3076923076923077,TP,1,L|swing
2021-11-03 14:47:00-04:00,2021-11-03 14:47:00-04:00,2021-11-03 15:59:00-04:00,L,16062.0,16129.5,15980.75,81.25,133.0,0.8184615384615385,time,1,L|swing
2021-11-04 11:56:00-04:00,2021-11-04 11:56:00-04:00,2021-11-04 13:56:00-04:00,L,16285.75,16349.0,16243.0,42.75,124.5,1.456140350877193,TP,1,L|swing
2021-11-05 10:47:00-04:00,2021-11-05 10:47:00-04:00,2021-11-05 10:54:00-04:00,L,16419.75,16432.75,16410.5,9.25,24.0,1.2972972972972974,TP,1,L|swing
2021-11-05 11:05:00-04:00,2021-11-05 11:05:00-04:00,2021-11-05 11:12:00-04:00,L,16422.5,16436.25,16412.75,9.75,25.5,1.3076923076923077,TP,1,L|swing
2021-11-05 11:47:00-04:00,2021-11-05 11:47:00-04:00,2021-11-05 12:37:00-04:00,L,16435.75,16404.75,16405.0,30.75,-64.0,-1.0406504065040652,SL,1,L|swing
2021-11-08 10:47:00-05:00,2021-11-08 10:47:00-05:00,2021-11-08 11:27:00-05:00,S,16334.75,16362.5,16362.25,27.5,-57.5,-1.0454545454545454,SL,1,S|swing
2021-11-08 12:05:00-05:00,2021-11-08 12:05:00-05:00,2021-11-08 14:16:00-05:00,S,16318.0,16368.0,16367.75,49.75,-102.0,-1.0251256281407035,SL,1,S|swing
2021-11-08 14:59:00-05:00,2021-11-08 14:59:00-05:00,2021-11-08 15:40:00-05:00,L,16367.5,16340.5,16340.75,26.75,-56.0,-1.0467289719626167,SL,1,L|swing
2021-11-09 11:32:00-05:00,2021-11-09 11:32:00-05:00,2021-11-09 11:44:00-05:00,S,16243.5,16274.5,16274.25,30.75,-64.0,-1.0406504065040652,SL,1,S|swing
2021-11-09 13:05:00-05:00,2021-11-09 13:05:00-05:00,2021-11-09 13:48:00-05:00,S,16211.0,16161.25,16244.75,33.75,97.5,1.4444444444444444,TP,1,S|swing
2021-11-10 09:50:00-05:00,2021-11-10 09:50:00-05:00,2021-11-10 09:54:00-05:00,S,16121.25,16149.75,16149.5,28.25,-59.0,-1.0442477876106195,SL,1,S|swing
2021-11-11 11:29:00-05:00,2021-11-11 11:29:00-05:00,2021-11-11 12:03:00-05:00,L,16073.0,16052.5,16052.75,20.25,-43.0,-1.0617283950617284,SL,1,L|swing
2021-11-11 12:17:00-05:00,2021-11-11 12:17:00-05:00,2021-11-11 15:59:00-05:00,S,16026.25,16023.0,16087.75,61.5,4.5,0.036585365853658534,time,1,S|swing
2021-11-12 09:35:00-05:00,2021-11-12 09:35:00-05:00,2021-11-12 10:47:00-05:00,S,16046.0,16090.25,16090.0,44.0,-90.5,-1.0284090909090908,SL,1,S|swing
2021-11-12 13:56:00-05:00,2021-11-12 13:56:00-05:00,2021-11-12 14:28:00-05:00,L,16188.5,16170.75,16171.0,17.5,-37.5,-1.0714285714285714,SL,1,L|swing
2021-11-15 09:38:00-05:00,2021-11-15 09:38:00-05:00,2021-11-15 09:44:00-05:00,L,16250.25,16212.5,16212.75,37.5,-77.5,-1.0333333333333334,SL,1,L|swing
2021-11-15 09:50:00-05:00,2021-11-15 09:50:00-05:00,2021-11-15 11:42:00-05:00,S,16207.5,16130.75,16259.25,51.75,151.5,1.463768115942029,TP,1,S|swing
2021-11-15 11:44:00-05:00,2021-11-15 11:44:00-05:00,2021-11-15 15:30:00-05:00,S,16105.0,16194.5,16194.25,89.25,-181.0,-1.0140056022408963,SL,1,S|swing
2021-11-16 10:50:00-05:00,2021-11-16 10:50:00-05:00,2021-11-16 11:11:00-05:00,L,16222.25,16263.25,16194.25,28.0,80.0,1.4285714285714286,TP,1,L|swing
2021-11-16 12:23:00-05:00,2021-11-16 12:23:00-05:00,2021-11-16 15:59:00-05:00,L,16297.75,16304.5,16278.0,19.75,11.5,0.2911392405063291,time,1,L|swing
2021-11-17 10:32:00-05:00,2021-11-17 10:32:00-05:00,2021-11-17 10:39:00-05:00,L,16315.25,16346.75,16293.75,21.5,61.0,1.4186046511627908,TP,1,L|swing
2021-11-17 13:23:00-05:00,2021-11-17 13:23:00-05:00,2021-11-17 15:59:00-05:00,L,16323.25,16313.0,16287.75,35.5,-22.5,-0.31690140845070425,time,1,L|swing
2021-11-18 09:47:00-05:00,2021-11-18 09:47:00-05:00,2021-11-18 10:10:00-05:00,L,16416.25,16353.0,16353.25,63.0,-128.5,-1.0198412698412698,SL,1,L|swing
2021-11-18 10:59:00-05:00,2021-11-18 10:59:00-05:00,2021-11-18 11:03:00-05:00,S,16358.75,16337.75,16373.25,14.5,40.0,1.3793103448275863,TP,1,S|swing
2021-11-18 12:59:00-05:00,2021-11-18 12:59:00-05:00,2021-11-18 13:12:00-05:00,L,16438.5,16459.75,16423.75,14.75,40.5,1.3728813559322033,TP,1,L|swing
2021-11-18 13:41:00-05:00,2021-11-18 13:41:00-05:00,2021-11-18 13:50:00-05:00,L,16444.75,16431.0,16431.25,13.5,-29.5,-1.0925925925925926,SL,1,L|swing
2021-11-18 14:29:00-05:00,2021-11-18 14:29:00-05:00,2021-11-18 14:31:00-05:00,L,16429.75,16416.5,16416.75,13.0,-28.5,-1.0961538461538463,SL,1,L|swing
2021-11-19 09:44:00-05:00,2021-11-19 09:44:00-05:00,2021-11-19 15:59:00-05:00,L,16564.0,16571.75,16516.0,48.0,13.5,0.140625,time,1,L|swing
2021-11-23 09:41:00-05:00,2021-11-23 09:41:00-05:00,2021-11-23 10:09:00-05:00,L,16353.5,16282.25,16282.5,71.0,-144.5,-1.017605633802817,SL,1,L|swing
2021-11-23 11:50:00-05:00,2021-11-23 11:50:00-05:00,2021-11-23 11:58:00-05:00,S,16244.0,16205.5,16270.25,26.25,75.0,1.4285714285714286,TP,1,S|swing
2021-11-23 12:05:00-05:00,2021-11-23 12:05:00-05:00,2021-11-23 14:54:00-05:00,S,16178.75,16258.25,16258.0,79.25,-161.0,-1.0157728706624605,SL,1,S|swing
2021-11-24 10:08:00-05:00,2021-11-24 10:08:00-05:00,2021-11-24 10:25:00-05:00,S,16200.75,16241.5,16241.25,40.5,-83.5,-1.0308641975308641,SL,1,S|swing
2021-11-24 11:02:00-05:00,2021-11-24 11:02:00-05:00,2021-11-24 11:12:00-05:00,S,16214.75,16271.0,16270.75,56.0,-114.5,-1.0223214285714286,SL,1,S|swing
2021-11-24 13:08:00-05:00,2021-11-24 13:08:00-05:00,2021-11-24 14:04:00-05:00,L,16320.75,16297.5,16297.75,23.0,-48.5,-1.0543478260869565,SL,1,L|swing
2021-11-24 14:47:00-05:00,2021-11-24 14:47:00-05:00,2021-11-24 15:59:00-05:00,L,16323.0,16362.0,16274.5,48.5,76.0,0.7835051546391752,time,1,L|swing
2021-11-25 09:47:00-05:00,2021-11-25 09:47:00-05:00,2021-11-25 12:49:00-05:00,L,16405.25,16409.5,16377.5,27.75,6.5,0.11711711711711711,time,1,L|swing
2021-11-26 09:44:00-05:00,2021-11-26 09:44:00-05:00,2021-11-26 11:17:00-05:00,S,16205.25,16052.25,16307.75,102.5,304.0,1.4829268292682927,TP,1,S|swing
2021-11-26 12:47:00-05:00,2021-11-26 12:47:00-05:00,2021-11-26 12:55:00-05:00,S,16078.25,15990.75,16137.25,59.0,173.0,1.4661016949152543,TP,1,S|swing
2021-11-26 12:59:00-05:00,2021-11-26 12:59:00-05:00,2021-11-26 13:04:00-05:00,S,16044.75,16051.75,16137.25,92.5,-16.0,-0.08648648648648649,time,1,S|swing
2021-11-29 09:41:00-05:00,2021-11-29 09:41:00-05:00,2021-11-29 09:46:00-05:00,L,16265.0,16209.5,16209.75,55.25,-113.0,-1.0226244343891402,SL,1,L|swing
2021-11-29 09:50:00-05:00,2021-11-29 09:50:00-05:00,2021-11-29 11:40:00-05:00,L,16261.5,16341.25,16207.75,53.75,157.5,1.4651162790697674,TP,1,L|swing
2021-11-29 13:53:00-05:00,2021-11-29 13:53:00-05:00,2021-11-29 14:36:00-05:00,L,16407.0,16381.25,16381.5,25.5,-53.5,-1.0490196078431373,SL,1,L|swing
2021-11-29 14:38:00-05:00,2021-11-29 14:38:00-05:00,2021-11-29 14:49:00-05:00,L,16390.0,16409.75,16376.25,13.75,37.5,1.3636363636363635,TP,1,L|swing
2021-11-30 10:41:00-05:00,2021-11-30 10:41:00-05:00,2021-11-30 10:45:00-05:00,L,16363.75,16324.0,16324.25,39.5,-81.5,-1.0316455696202531,SL,1,L|swing
2021-11-30 10:47:00-05:00,2021-11-30 10:47:00-05:00,2021-11-30 11:01:00-05:00,S,16308.75,16116.75,16437.25,128.5,382.0,1.4863813229571985,TP,1,S|swing
2021-11-30 12:05:00-05:00,2021-11-30 12:05:00-05:00,2021-11-30 13:36:00-05:00,S,16101.0,16163.25,16163.0,62.0,-126.5,-1.0201612903225807,SL,1,S|swing
2021-11-30 13:44:00-05:00,2021-11-30 13:44:00-05:00,2021-11-30 13:51:00-05:00,S,16154.75,16176.75,16176.5,21.75,-46.0,-1.0574712643678161,SL,1,S|swing
2021-11-30 14:38:00-05:00,2021-11-30 14:38:00-05:00,2021-11-30 14:45:00-05:00,S,16199.0,16160.75,16225.0,26.0,74.5,1.4326923076923077,TP,1,S|swing
2021-12-01 10:08:00-05:00,2021-12-01 10:08:00-05:00,2021-12-01 10:40:00-05:00,L,16370.0,16280.25,16280.5,89.5,-181.5,-1.0139664804469273,SL,1,L|swing
2021-12-01 10:47:00-05:00,2021-12-01 10:47:00-05:00,2021-12-01 12:55:00-05:00,L,16353.25,16275.25,16275.5,77.75,-158.0,-1.0160771704180065,SL,1,L|swing
2021-12-01 14:02:00-05:00,2021-12-01 14:02:00-05:00,2021-12-01 15:03:00-05:00,S,16191.5,16108.0,16247.75,56.25,165.0,1.4666666666666666,TP,1,S|swing
2021-12-02 10:35:00-05:00,2021-12-02 10:35:00-05:00,2021-12-02 12:09:00-05:00,S,15837.75,15996.0,15995.75,158.0,-318.5,-1.0079113924050633,SL,1,S|swing
2021-12-02 13:32:00-05:00,2021-12-02 13:32:00-05:00,2021-12-02 14:17:00-05:00,L,15962.75,16023.0,15922.0,40.75,118.5,1.4539877300613497,TP,1,L|swing
2021-12-02 14:26:00-05:00,2021-12-02 14:26:00-05:00,2021-12-02 14:52:00-05:00,L,16002.5,15971.75,15972.0,30.5,-63.5,-1.040983606557377,SL,1,L|swing
2021-12-03 12:20:00-05:00,2021-12-03 12:20:00-05:00,2021-12-03 12:21:00-05:00,S,15614.75,15638.0,15637.75,23.0,-48.5,-1.0543478260869565,SL,1,S|swing
2021-12-03 12:47:00-05:00,2021-12-03 12:47:00-05:00,2021-12-03 13:24:00-05:00,S,15649.5,15684.0,15683.75,34.25,-71.0,-1.0364963503649636,SL,1,S|swing
2021-12-03 13:35:00-05:00,2021-12-03 13:35:00-05:00,2021-12-03 15:56:00-05:00,S,15591.75,15684.25,15684.0,92.25,-187.0,-1.013550135501355,SL,1,S|swing
2021-12-06 10:02:00-05:00,2021-12-06 10:02:00-05:00,2021-12-06 10:11:00-05:00,S,15629.75,15703.5,15703.25,73.5,-149.5,-1.0170068027210883,SL,1,S|swing
2021-12-06 11:14:00-05:00,2021-12-06 11:14:00-05:00,2021-12-06 11:34:00-05:00,S,15668.25,15741.75,15741.5,73.25,-149.0,-1.0170648464163823,SL,1,S|swing
2021-12-06 11:35:00-05:00,2021-12-06 11:35:00-05:00,2021-12-06 13:42:00-05:00,L,15746.25,15880.0,15656.5,89.75,265.5,1.4791086350974931,TP,1,L|swing
2021-12-07 11:05:00-05:00,2021-12-07 11:05:00-05:00,2021-12-07 11:16:00-05:00,L,16297.0,16266.75,16267.0,30.0,-62.5,-1.0416666666666667,SL,1,L|swing
2021-12-07 11:23:00-05:00,2021-12-07 11:23:00-05:00,2021-12-07 11:24:00-05:00,L,16271.25,16264.75,16265.0,6.25,-15.0,-1.2,SL,1,L|swing
2021-12-07 13:44:00-05:00,2021-12-07 13:44:00-05:00,2021-12-07 14:35:00-05:00,L,16329.25,16303.75,16304.0,25.25,-53.0,-1.0495049504950495,SL,1,L|swing
2021-12-08 09:47:00-05:00,2021-12-08 09:47:00-05:00,2021-12-08 09:48:00-05:00,S,16314.0,16334.75,16334.5,20.5,-43.5,-1.0609756097560976,SL,1,S|swing
2021-12-08 09:56:00-05:00,2021-12-08 09:56:00-05:00,2021-12-08 13:41:00-05:00,S,16290.0,16357.5,16357.25,67.25,-137.0,-1.0185873605947955,SL,1,S|swing
2021-12-08 14:50:00-05:00,2021-12-08 14:50:00-05:00,2021-12-08 15:50:00-05:00,L,16349.25,16377.75,16329.75,19.5,55.0,1.4102564102564104,TP,1,L|swing
2021-12-09 10:17:00-05:00,2021-12-09 10:17:00-05:00,2021-12-09 15:07:00-05:00,S,16318.0,16190.75,16403.5,85.5,252.5,1.476608187134503,TP,1,S|swing
2021-12-10 10:20:00-05:00,2021-12-10 10:20:00-05:00,2021-12-10 10:46:00-05:00,L,16304.5,16199.5,16199.75,104.75,-212.0,-1.0119331742243436,SL,1,L|swing
2021-12-10 10:50:00-05:00,2021-12-10 10:50:00-05:00,2021-12-10 15:50:00-05:00,S,16178.75,16310.75,16310.5,131.75,-266.0,-1.0094876660341556,SL,1,S|swing
2021-12-15 09:35:00-05:00,2021-12-15 09:35:00-05:00,2021-12-15 09:47:00-05:00,L,15918.0,15859.25,15859.5,58.5,-119.5,-1.0213675213675213,SL,1,L|swing
2021-12-15 10:08:00-05:00,2021-12-15 10:08:00-05:00,2021-12-15 14:05:00-05:00,S,15840.25,15920.75,15920.5,80.25,-163.0,-1.0155763239875388,SL,1,S|swing
2021-12-16 09:38:00-05:00,2021-12-16 09:38:00-05:00,2021-12-16 10:00:00-05:00,S,16269.25,16158.0,16344.0,74.75,220.5,1.4749163879598661,TP,1,S|swing
2021-12-16 11:05:00-05:00,2021-12-16 11:05:00-05:00,2021-12-16 14:12:00-05:00,S,16053.0,15886.25,16164.75,111.75,331.5,1.483221476510067,TP,1,S|swing
2021-12-17 09:35:00-05:00,2021-12-17 09:35:00-05:00,2021-12-17 09:49:00-05:00,S,15728.75,15792.25,15792.0,63.25,-129.0,-1.0197628458498025,SL,1,S|swing
2021-12-17 10:38:00-05:00,2021-12-17 10:38:00-05:00,2021-12-17 15:59:00-05:00,L,15815.75,15779.75,15650.75,165.0,-74.0,-0.22424242424242424,time,1,L|swing
2021-12-20 10:53:00-05:00,2021-12-20 10:53:00-05:00,2021-12-20 15:17:00-05:00,S,15556.5,15632.5,15632.25,75.75,-154.0,-1.0165016501650166,SL,1,S|swing
2021-12-21 09:35:00-05:00,2021-12-21 09:35:00-05:00,2021-12-21 09:50:00-05:00,S,15749.25,15675.5,15799.0,49.75,145.5,1.4623115577889447,TP,1,S|swing
2021-12-21 10:23:00-05:00,2021-12-21 10:23:00-05:00,2021-12-21 11:07:00-05:00,S,15661.5,15708.5,15708.25,46.75,-96.0,-1.0267379679144386,SL,1,S|swing
2021-12-21 14:47:00-05:00,2021-12-21 14:47:00-05:00,2021-12-21 14:56:00-05:00,L,15939.5,15966.75,15920.75,18.75,52.5,1.4,TP,1,L|swing
2021-12-22 09:38:00-05:00,2021-12-22 09:38:00-05:00,2021-12-22 09:47:00-05:00,L,15971.25,16027.0,15933.5,37.75,109.5,1.4503311258278146,TP,1,L|swing
2021-12-22 12:47:00-05:00,2021-12-22 12:47:00-05:00,2021-12-22 12:51:00-05:00,L,16096.5,16112.25,16085.5,11.0,29.5,1.3409090909090908,TP,1,L|swing
2021-12-22 13:02:00-05:00,2021-12-22 13:02:00-05:00,2021-12-22 13:24:00-05:00,L,16109.25,16085.25,16085.5,23.75,-50.0,-1.0526315789473684,SL,1,L|swing
2021-12-22 14:14:00-05:00,2021-12-22 14:14:00-05:00,2021-12-22 14:28:00-05:00,L,16067.0,16047.25,16047.5,19.5,-41.5,-1.064102564102564,SL,1,L|swing
2021-12-23 14:35:00-05:00,2021-12-23 14:35:00-05:00,2021-12-23 14:56:00-05:00,L,16322.5,16336.75,16312.5,10.0,26.5,1.325,TP,1,L|swing
2021-12-27 13:32:00-05:00,2021-12-27 13:32:00-05:00,2021-12-27 14:43:00-05:00,L,16537.5,16558.0,16523.25,14.25,39.0,1.368421052631579,TP,1,L|swing
2021-12-28 11:32:00-05:00,2021-12-28 11:32:00-05:00,2021-12-28 15:59:00-05:00,S,16512.25,16494.75,16565.75,53.5,33.0,0.308411214953271,time,1,S|swing
2021-12-29 09:44:00-05:00,2021-12-29 09:44:00-05:00,2021-12-29 10:12:00-05:00,S,16503.75,16436.0,16549.5,45.75,133.5,1.459016393442623,TP,1,S|swing
2021-12-29 11:08:00-05:00,2021-12-29 11:08:00-05:00,2021-12-29 11:13:00-05:00,S,16477.5,16464.25,16487.0,9.5,24.5,1.2894736842105263,TP,1,S|swing
2021-12-29 11:32:00-05:00,2021-12-29 11:32:00-05:00,2021-12-29 14:30:00-05:00,S,16440.25,16487.25,16487.0,46.75,-96.0,-1.0267379679144386,SL,1,S|swing
2021-12-30 11:59:00-05:00,2021-12-30 11:59:00-05:00,2021-12-30 14:00:00-05:00,L,16544.5,16524.0,16524.25,20.25,-43.0,-1.0617283950617284,SL,1,L|swing
2021-12-30 14:02:00-05:00,2021-12-30 14:02:00-05:00,2021-12-30 15:42:00-05:00,S,16515.0,16464.25,16549.5,34.5,99.5,1.4420289855072463,TP,1,S|swing
2021-12-31 10:50:00-05:00,2021-12-31 10:50:00-05:00,2021-12-31 15:51:00-05:00,S,16378.75,16327.5,16413.5,34.75,100.5,1.4460431654676258,TP,1,S|swing
2022-01-03 09:47:00-05:00,2022-01-03 09:47:00-05:00,2022-01-03 14:44:00-05:00,S,16379.25,16485.25,16485.0,105.75,-214.0,-1.011820330969267,SL,1,S|swing
2022-01-04 09:50:00-05:00,2022-01-04 09:50:00-05:00,2022-01-04 10:34:00-05:00,S,16454.5,16355.25,16521.25,66.75,196.5,1.4719101123595506,TP,1,S|swing
2022-01-04 12:35:00-05:00,2022-01-04 12:35:00-05:00,2022-01-04 12:56:00-05:00,S,16213.0,16186.25,16231.5,18.5,51.5,1.3918918918918919,TP,1,S|swing
2022-01-04 13:14:00-05:00,2022-01-04 13:14:00-05:00,2022-01-04 13:30:00-05:00,S,16198.0,16162.75,16222.0,24.0,68.5,1.4270833333333333,TP,1,S|swing
2022-01-05 10:17:00-05:00,2022-01-05 10:17:00-05:00,2022-01-05 13:03:00-05:00,S,16165.75,16043.25,16248.0,82.25,243.0,1.4772036474164134,TP,1,S|swing
2022-01-06 09:53:00-05:00,2022-01-06 09:53:00-05:00,2022-01-06 10:03:00-05:00,L,15778.25,15671.5,15671.75,106.5,-215.5,-1.011737089201878,SL,1,L|swing
2022-01-06 10:26:00-05:00,2022-01-06 10:26:00-05:00,2022-01-06 15:59:00-05:00,L,15778.75,15758.0,15598.25,180.5,-43.5,-0.12049861495844875,time,1,L|swing
2022-01-07 10:05:00-05:00,2022-01-07 10:05:00-05:00,2022-01-07 10:43:00-05:00,S,15730.25,15584.25,15828.25,98.0,290.0,1.4795918367346939,TP,1,S|swing
2022-01-07 12:32:00-05:00,2022-01-07 12:32:00-05:00,2022-01-07 15:05:00-05:00,S,15603.75,15660.0,15659.75,56.0,-114.5,-1.0223214285714286,SL,1,S|swing
2022-01-10 11:08:00-05:00,2022-01-10 11:08:00-05:00,2022-01-10 11:09:00-05:00,S,15222.0,15228.5,15228.25,6.25,-15.0,-1.2,SL,1,S|swing
2022-01-10 12:17:00-05:00,2022-01-10 12:17:00-05:00,2022-01-10 12:53:00-05:00,S,15237.25,15305.0,15304.75,67.5,-137.5,-1.0185185185185186,SL,1,S|swing
2022-01-10 14:56:00-05:00,2022-01-10 14:56:00-05:00,2022-01-10 15:00:00-05:00,L,15447.25,15474.75,15428.25,19.0,53.0,1.394736842105263,TP,1,L|swing
2022-01-11 09:38:00-05:00,2022-01-11 09:38:00-05:00,2022-01-11 09:41:00-05:00,S,15553.75,15493.75,15594.25,40.5,118.0,1.4567901234567902,TP,1,S|swing
2022-01-11 10:56:00-05:00,2022-01-11 10:56:00-05:00,2022-01-11 11:06:00-05:00,S,15535.0,15648.5,15648.25,113.25,-229.0,-1.011037527593819,SL,1,S|swing
2022-01-11 11:14:00-05:00,2022-01-11 11:14:00-05:00,2022-01-11 15:59:00-05:00,L,15703.0,15831.75,15505.0,198.0,255.5,0.6452020202020202,time,1,L|swing
2022-01-12 09:59:00-05:00,2022-01-12 09:59:00-05:00,2022-01-12 10:41:00-05:00,L,15967.0,15884.0,15884.25,82.75,-168.0,-1.0151057401812689,SL,1,L|swing
2022-01-12 10:59:00-05:00,2022-01-12 10:59:00-05:00,2022-01-12 15:59:00-05:00,S,15858.25,15895.75,15979.75,121.5,-77.0,-0.3168724279835391,time,1,S|swing
2022-01-13 12:05:00-05:00,2022-01-13 12:05:00-05:00,2022-01-13 12:19:00-05:00,S,15760.75,15656.75,15830.75,70.0,206.0,1.4714285714285715,TP,1,S|swing
2022-01-13 14:08:00-05:00,2022-01-13 14:08:00-05:00,2022-01-13 14:15:00-05:00,S,15692.25,15660.5,15714.0,21.75,61.5,1.4137931034482758,TP,1,S|swing
2022-01-14 10:41:00-05:00,2022-01-14 10:41:00-05:00,2022-01-14 10:44:00-05:00,L,15482.5,15461.75,15462.0,20.5,-43.5,-1.0609756097560976,SL,1,L|swing
2022-01-14 10:47:00-05:00,2022-01-14 10:47:00-05:00,2022-01-14 11:00:00-05:00,L,15484.75,15525.75,15456.75,28.0,80.0,1.4285714285714286,TP,1,L|swing
2022-01-14 11:05:00-05:00,2022-01-14 11:05:00-05:00,2022-01-14 11:40:00-05:00,S,15462.25,15541.75,15541.5,79.25,-161.0,-1.0157728706624605,SL,1,S|swing
2022-01-17 09:38:00-05:00,2022-01-17 09:38:00-05:00,2022-01-17 09:42:00-05:00,L,15605.0,15581.25,15581.5,23.5,-49.5,-1.053191489361702,SL,1,L|swing
2022-01-17 09:44:00-05:00,2022-01-17 09:44:00-05:00,2022-01-17 12:49:00-05:00,S,15572.25,15553.25,15611.5,39.25,36.0,0.4585987261146497,time,1,S|swing
2022-01-18 09:47:00-05:00,2022-01-18 09:47:00-05:00,2022-01-18 10:06:00-05:00,S,15324.5,15374.75,15374.5,50.0,-102.5,-1.025,SL,1,S|swing
2022-01-18 10:08:00-05:00,2022-01-18 10:08:00-05:00,2022-01-18 11:31:00-05:00,L,15400.25,15275.25,15275.5,124.75,-252.0,-1.0100200400801602,SL,1,L|swing
2022-01-19 12:08:00-05:00,2022-01-19 12:08:00-05:00,2022-01-19 15:32:00-05:00,L,15235.25,15117.75,15118.0,117.25,-237.0,-1.0106609808102345,SL,1,L|swing
2022-01-20 10:59:00-05:00,2022-01-20 10:59:00-05:00,2022-01-20 11:24:00-05:00,L,15310.25,15270.25,15270.5,39.75,-82.0,-1.0314465408805031,SL,1,L|swing
2022-01-20 11:38:00-05:00,2022-01-20 11:38:00-05:00,2022-01-20 11:42:00-05:00,L,15291.25,15266.5,15266.75,24.5,-51.5,-1.0510204081632653,SL,1,L|swing
2022-01-20 12:44:00-05:00,2022-01-20 12:44:00-05:00,2022-01-20 12:54:00-05:00,L,15291.5,15247.5,15247.75,43.75,-90.0,-1.0285714285714285,SL,1,L|swing
2022-01-20 14:05:00-05:00,2022-01-20 14:05:00-05:00,2022-01-20 14:12:00-05:00,L,15223.0,15172.0,15172.25,50.75,-104.0,-1.0246305418719213,SL,1,L|swing
2022-01-20 14:14:00-05:00,2022-01-20 14:14:00-05:00,2022-01-20 15:08:00-05:00,S,15153.0,15032.75,15233.75,80.75,238.5,1.4767801857585139,TP,1,S|swing
2022-01-21 11:08:00-05:00,2022-01-21 11:08:00-05:00,2022-01-21 11:47:00-05:00,L,14800.75,14679.0,14679.25,121.5,-245.5,-1.0102880658436213,SL,1,L|swing
2022-01-21 12:05:00-05:00,2022-01-21 12:05:00-05:00,2022-01-21 13:23:00-05:00,S,14717.0,14583.75,14806.5,89.5,264.5,1.4776536312849162,TP,1,S|swing
2022-01-21 13:53:00-05:00,2022-01-21 13:53:00-05:00,2022-01-21 13:59:00-05:00,S,14643.25,14594.75,14676.25,33.0,95.0,1.4393939393939394,TP,1,S|swing
2022-01-21 14:26:00-05:00,2022-01-21 14:26:00-05:00,2022-01-21 15:07:00-05:00,S,14582.5,14470.75,14657.5,75.0,221.5,1.4766666666666666,TP,1,S|swing
2022-01-24 10:17:00-05:00,2022-01-24 10:17:00-05:00,2022-01-24 12:15:00-05:00,S,14019.75,13749.5,14200.5,180.75,538.5,1.4896265560165975,TP,1,S|swing
2022-01-24 14:17:00-05:00,2022-01-24 14:17:00-05:00,2022-01-24 14:38:00-05:00,S,14147.25,13996.75,14248.25,101.0,299.0,1.4801980198019802,TP,1,S|swing
2022-01-24 14:47:00-05:00,2022-01-24 14:47:00-05:00,2022-01-24 15:00:00-05:00,S,14007.25,14174.5,14174.25,167.0,-336.5,-1.0074850299401197,SL,1,S|swing
2022-01-25 10:50:00-05:00,2022-01-25 10:50:00-05:00,2022-01-25 10:58:00-05:00,S,14200.75,14137.75,14243.25,42.5,124.0,1.4588235294117646,TP,1,S|swing
2022-01-25 11:08:00-05:00,2022-01-25 11:08:00-05:00,2022-01-25 13:52:00-05:00,S,14092.5,14243.5,14243.25,150.75,-304.0,-1.0082918739635158,SL,1,S|swing
2022-01-26 10:32:00-05:00,2022-01-26 10:32:00-05:00,2022-01-26 10:44:00-05:00,L,14402.5,14354.75,14355.0,47.5,-97.5,-1.0263157894736843,SL,1,L|swing
2022-01-26 12:17:00-05:00,2022-01-26 12:17:00-05:00,2022-01-26 14:02:00-05:00,L,14495.0,14610.75,14417.25,77.75,229.5,1.4758842443729903,TP,1,L|swing
2022-01-26 14:44:00-05:00,2022-01-26 14:44:00-05:00,2022-01-26 15:07:00-05:00,S,14343.0,14034.75,14549.0,206.0,614.5,1.491504854368932,TP,1,S|swing
2022-01-27 10:56:00-05:00,2022-01-27 10:56:00-05:00,2022-01-27 12:16:00-05:00,L,14252.75,14178.5,14178.75,74.0,-150.5,-1.0168918918918919,SL,1,L|swing
2022-01-27 12:29:00-05:00,2022-01-27 12:29:00-05:00,2022-01-27 15:15:00-05:00,S,14159.0,13948.25,14300.0,141.0,419.5,1.4875886524822695,TP,1,S|swing
2022-01-28 10:47:00-05:00,2022-01-28 10:47:00-05:00,2022-01-28 11:26:00-05:00,L,14055.5,14253.75,13922.75,132.75,394.5,1.4858757062146892,TP,1,L|swing
2022-01-28 13:35:00-05:00,2022-01-28 13:35:00-05:00,2022-01-28 14:06:00-05:00,L,14249.5,14173.5,14173.75,75.75,-154.0,-1.0165016501650166,SL,1,L|swing
2022-01-28 14:59:00-05:00,2022-01-28 14:59:00-05:00,2022-01-28 15:59:00-05:00,L,14212.75,14433.75,14058.25,154.5,440.0,1.4239482200647249,time,1,L|swing
2022-01-31 09:35:00-05:00,2022-01-31 09:35:00-05:00,2022-01-31 10:08:00-05:00,L,14527.75,14694.5,14416.0,111.75,331.5,1.483221476510067,TP,1,L|swing
2022-01-31 10:44:00-05:00,2022-01-31 10:44:00-05:00,2022-01-31 11:52:00-05:00,L,14694.75,14765.25,14647.25,47.5,139.0,1.4631578947368422,TP,1,L|swing
2022-01-31 13:08:00-05:00,2022-01-31 13:08:00-05:00,2022-01-31 13:31:00-05:00,L,14768.5,14736.0,14736.25,32.25,-67.0,-1.0387596899224807,SL,1,L|swing
2022-02-01 11:29:00-05:00,2022-02-01 11:29:00-05:00,2022-02-01 12:33:00-05:00,L,14890.5,14841.75,14842.0,48.5,-99.5,-1.0257731958762886,SL,1,L|swing
2022-02-01 13:56:00-05:00,2022-02-01 13:56:00-05:00,2022-02-01 15:02:00-05:00,S,14856.75,14905.0,14904.75,48.0,-98.5,-1.0260416666666667,SL,1,S|swing
2022-02-02 09:41:00-05:00,2022-02-02 09:41:00-05:00,2022-02-02 11:09:00-05:00,S,15109.75,15003.0,15181.5,71.75,211.5,1.4738675958188154,TP,1,S|swing
2022-02-02 11:56:00-05:00,2022-02-02 11:56:00-05:00,2022-02-02 11:59:00-05:00,S,14998.5,15028.0,15027.75,29.25,-61.0,-1.0427350427350428,SL,1,S|swing
2022-02-02 12:05:00-05:00,2022-02-02 12:05:00-05:00,2022-02-02 12:08:00-05:00,S,15015.75,15032.5,15032.25,16.5,-35.5,-1.0757575757575757,SL,1,S|swing
2022-02-02 13:47:00-05:00,2022-02-02 13:47:00-05:00,2022-02-02 14:16:00-05:00,S,15071.5,15034.5,15096.75,25.25,72.0,1.4257425742574257,TP,1,S|swing
2022-02-02 14:17:00-05:00,2022-02-02 14:17:00-05:00,2022-02-02 14:34:00-05:00,S,15035.25,15088.5,15088.25,53.0,-108.5,-1.0235849056603774,SL,1,S|swing
2022-02-03 10:41:00-05:00,2022-02-03 10:41:00-05:00,2022-02-03 11:03:00-05:00,L,14799.5,14714.5,14714.75,84.75,-172.0,-1.0147492625368733,SL,1,L|swing
2022-02-03 11:20:00-05:00,2022-02-03 11:20:00-05:00,2022-02-03 11:24:00-05:00,S,14774.0,14727.25,14805.75,31.75,91.5,1.4409448818897639,TP,1,S|swing
2022-02-03 11:56:00-05:00,2022-02-03 11:56:00-05:00,2022-02-03 12:19:00-05:00,S,14694.75,14627.25,14740.25,45.5,133.0,1.4615384615384615,TP,1,S|swing
2022-02-03 12:26:00-05:00,2022-02-03 12:26:00-05:00,2022-02-03 13:22:00-05:00,S,14672.0,14700.75,14700.5,28.5,-59.5,-1.043859649122807,SL,1,S|swing
2022-02-03 13:35:00-05:00,2022-02-03 13:35:00-05:00,2022-02-03 13:37:00-05:00,S,14692.5,14663.0,14712.75,20.25,57.0,1.4074074074074074,TP,1,S|swing
2022-02-03 13:59:00-05:00,2022-02-03 13:59:00-05:00,2022-02-03 14:44:00-05:00,S,14659.0,14579.25,14712.75,53.75,157.5,1.4651162790697674,TP,1,S|swing
2022-02-04 09:47:00-05:00,2022-02-04 09:47:00-05:00,2022-02-04 10:00:00-05:00,S,14561.5,14607.25,14607.0,45.5,-93.5,-1.0274725274725274,SL,1,S|swing
2022-02-04 10:38:00-05:00,2022-02-04 10:38:00-05:00,2022-02-04 13:00:00-05:00,S,14542.75,14666.5,14666.25,123.5,-249.5,-1.0101214574898785,SL,1,S|swing
2022-02-04 13:02:00-05:00,2022-02-04 13:02:00-05:00,2022-02-04 15:59:00-05:00,L,14676.25,14680.25,14557.75,118.5,6.0,0.02531645569620253,time,1,L|swing
2022-02-07 11:02:00-05:00,2022-02-07 11:02:00-05:00,2022-02-07 11:09:00-05:00,L,14733.5,14690.75,14691.0,42.5,-87.5,-1.0294117647058822,SL,1,L|swing
2022-02-07 11:20:00-05:00,2022-02-07 11:20:00-05:00,2022-02-07 15:52:00-05:00,S,14661.0,14536.25,14744.75,83.75,247.5,1.4776119402985075,TP,1,S|swing
2022-02-08 10:02:00-05:00,2022-02-08 10:02:00-05:00,2022-02-08 10:46:00-05:00,S,14471.0,14588.75,14588.5,117.5,-237.5,-1.0106382978723405,SL,1,S|swing
2022-02-08 10:47:00-05:00,2022-02-08 10:47:00-05:00,2022-02-08 15:59:00-05:00,L,14594.75,14733.0,14472.25,122.5,274.5,1.120408163265306,time,1,L|swing
2022-02-09 10:47:00-05:00,2022-02-09 10:47:00-05:00,2022-02-09 14:06:00-05:00,L,14912.75,15002.75,14852.25,60.5,178.0,1.4710743801652892,TP,1,L|swing
2022-02-10 11:32:00-05:00,2022-02-10 11:32:00-05:00,2022-02-10 11:56:00-05:00,S,14869.5,14951.0,14950.75,81.25,-165.0,-1.0153846153846153,SL,1,S|swing
2022-02-10 12:47:00-05:00,2022-02-10 12:47:00-05:00,2022-02-10 15:48:00-05:00,S,14841.25,14636.25,14978.5,137.25,408.0,1.4863387978142077,TP,1,S|swing
2022-02-11 09:47:00-05:00,2022-02-11 09:47:00-05:00,2022-02-11 09:57:00-05:00,L,14759.5,14655.75,14656.0,103.5,-209.5,-1.0120772946859904,SL,1,L|swing
2022-02-14 09:38:00-05:00,2022-02-14 09:38:00-05:00,2022-02-14 13:53:00-05:00,L,14273.0,14181.75,14182.0,91.0,-184.5,-1.0137362637362637,SL,1,L|swing
2022-02-15 09:38:00-05:00,2022-02-15 09:38:00-05:00,2022-02-15 09:50:00-05:00,L,14505.25,14445.75,14446.0,59.25,-121.0,-1.021097046413502,SL,1,L|swing
2022-02-15 09:59:00-05:00,2022-02-15 09:59:00-05:00,2022-02-15 12:47:00-05:00,L,14501.75,14444.5,14444.75,57.0,-116.5,-1.0219298245614035,SL,1,L|swing
2022-02-15 13:05:00-05:00,2022-02-15 13:05:00-05:00,2022-02-15 15:01:00-05:00,L,14485.25,14570.75,14427.75,57.5,169.0,1.4695652173913043,TP,1,L|swing
2022-02-16 10:56:00-05:00,2022-02-16 10:56:00-05:00,2022-02-16 11:07:00-05:00,S,14450.5,14467.0,14466.75,16.25,-35.0,-1.0769230769230769,SL,1,S|swing
2022-02-16 11:29:00-05:00,2022-02-16 11:29:00-05:00,2022-02-16 12:31:00-05:00,S,14451.0,14409.5,14479.25,28.25,81.0,1.4336283185840708,TP,1,S|swing
2022-02-16 12:35:00-05:00,2022-02-16 12:35:00-05:00,2022-02-16 14:00:00-05:00,S,14393.5,14469.75,14469.5,76.0,-154.5,-1.0164473684210527,SL,1,S|swing
2022-02-16 14:02:00-05:00,2022-02-16 14:02:00-05:00,2022-02-16 14:08:00-05:00,S,14421.0,14505.5,14505.25,84.25,-171.0,-1.0148367952522255,SL,1,S|swing
2022-02-17 10:56:00-05:00,2022-02-17 10:56:00-05:00,2022-02-17 11:13:00-05:00,S,14352.5,14377.25,14377.0,24.5,-51.5,-1.0510204081632653,SL,1,S|swing
2022-02-17 12:08:00-05:00,2022-02-17 12:08:00-05:00,2022-02-17 15:04:00-05:00,S,14332.5,14223.25,14406.0,73.5,216.5,1.4727891156462585,TP,1,S|swing
2022-02-18 10:50:00-05:00,2022-02-18 10:50:00-05:00,2022-02-18 15:02:00-05:00,S,14043.5,14139.5,14139.25,95.75,-194.0,-1.0130548302872062,SL,1,S|swing
2022-02-21 09:56:00-05:00,2022-02-21 09:56:00-05:00,2022-02-21 12:49:00-05:00,S,13821.0,13752.5,13884.25,63.25,135.0,1.0671936758893281,time,1,S|swing
2022-02-22 09:41:00-05:00,2022-02-22 09:41:00-05:00,2022-02-22 09:49:00-05:00,L,13932.5,14037.75,13861.75,70.75,208.5,1.4734982332155477,TP,1,L|swing
2022-02-23 12:35:00-05:00,2022-02-23 12:35:00-05:00,2022-02-23 13:05:00-05:00,S,13815.25,13741.75,13864.75,49.5,145.0,1.4646464646464648,TP,1,S|swing
2022-02-24 11:23:00-05:00,2022-02-24 11:23:00-05:00,2022-02-24 12:22:00-05:00,L,13517.0,13418.0,13418.25,98.75,-200.0,-1.0126582278481013,SL,1,L|swing
2022-02-24 12:41:00-05:00,2022-02-24 12:41:00-05:00,2022-02-24 13:50:00-05:00,L,13517.0,13686.75,13403.25,113.75,337.5,1.4835164835164836,TP,1,L|swing
2022-02-25 10:44:00-05:00,2022-02-25 10:44:00-05:00,2022-02-25 15:59:00-05:00,L,14038.25,14181.75,13868.0,170.25,285.0,0.8370044052863436,time,1,L|swing
2022-02-28 10:23:00-05:00,2022-02-28 10:23:00-05:00,2022-02-28 10:37:00-05:00,L,14081.75,14155.25,14032.25,49.5,145.0,1.4646464646464648,TP,1,L|swing
2022-02-28 10:38:00-05:00,2022-02-28 10:38:00-05:00,2022-02-28 14:08:00-05:00,L,14169.75,14032.0,14032.25,137.5,-277.5,-1.009090909090909,SL,1,L|swing
2022-03-01 09:35:00-05:00,2022-03-01 09:35:00-05:00,2022-03-01 10:10:00-05:00,L,14212.5,14153.0,14153.25,59.25,-121.0,-1.021097046413502,SL,1,L|swing
2022-03-01 10:11:00-05:00,2022-03-01 10:11:00-05:00,2022-03-01 10:21:00-05:00,S,14160.5,14260.5,14260.25,99.75,-202.0,-1.012531328320802,SL,1,S|swing
2022-03-01 11:32:00-05:00,2022-03-01 11:32:00-05:00,2022-03-01 15:30:00-05:00,S,14108.0,13954.0,14211.25,103.25,306.0,1.4818401937046004,TP,1,S|swing
2022-03-02 09:35:00-05:00,2022-03-02 09:35:00-05:00,2022-03-02 09:43:00-05:00,S,14019.0,14089.0,14088.75,69.75,-142.0,-1.017921146953405,SL,1,S|swing
2022-03-02 10:14:00-05:00,2022-03-02 10:14:00-05:00,2022-03-02 11:04:00-05:00,S,13971.25,14130.25,14130.0,158.75,-320.0,-1.0078740157480315,SL,1,S|swing
2022-03-02 11:08:00-05:00,2022-03-02 11:08:00-05:00,2022-03-02 15:59:00-05:00,L,14162.25,14236.75,14012.5,149.75,147.0,0.49081803005008345,time,1,L|swing
2022-03-03 11:32:00-05:00,2022-03-03 11:32:00-05:00,2022-03-03 11:42:00-05:00,S,14093.5,14118.5,14118.25,24.75,-52.0,-1.0505050505050506,SL,1,S|swing
2022-03-03 12:23:00-05:00,2022-03-03 12:23:00-05:00,2022-03-03 12:33:00-05:00,S,14100.75,14144.5,14144.25,43.5,-89.5,-1.028735632183908,SL,1,S|swing
2022-03-03 13:35:00-05:00,2022-03-03 13:35:00-05:00,2022-03-03 14:50:00-05:00,S,14137.5,14052.5,14194.75,57.25,168.0,1.4672489082969433,TP,1,S|swing
2022-03-04 09:35:00-05:00,2022-03-04 09:35:00-05:00,2022-03-04 09:46:00-05:00,L,13981.0,13879.75,13880.0,101.0,-204.5,-1.0123762376237624,SL,1,L|swing
2022-03-04 10:02:00-05:00,2022-03-04 10:02:00-05:00,2022-03-04 10:31:00-05:00,S,13916.5,13798.5,13995.75,79.25,234.0,1.476340694006309,TP,1,S|swing
2022-03-04 12:23:00-05:00,2022-03-04 12:23:00-05:00,2022-03-04 13:00:00-05:00,S,13840.25,13889.5,13889.25,49.0,-100.5,-1.0255102040816326,SL,1,S|swing
2022-03-07 11:56:00-05:00,2022-03-07 11:56:00-05:00,2022-03-07 12:37:00-05:00,S,13578.5,13496.5,13633.75,55.25,162.0,1.4660633484162895,TP,1,S|swing
2022-03-07 12:44:00-05:00,2022-03-07 12:44:00-05:00,2022-03-07 12:50:00-05:00,S,13524.0,13575.5,13575.25,51.25,-105.0,-1.024390243902439,SL,1,S|swing
2022-03-07 13:11:00-05:00,2022-03-07 13:11:00-05:00,2022-03-07 15:47:00-05:00,S,13498.25,13361.5,13590.0,91.75,271.5,1.4795640326975477,TP,1,S|swing
2022-03-08 09:35:00-05:00,2022-03-08 09:35:00-05:00,2022-03-08 09:40:00-05:00,L,13353.5,13233.25,13233.5,120.0,-242.5,-1.0104166666666667,SL,1,L|swing
2022-03-08 11:02:00-05:00,2022-03-08 11:02:00-05:00,2022-03-08 11:32:00-05:00,L,13305.5,13123.5,13123.75,181.75,-366.0,-1.0068775790921596,SL,1,L|swing
2022-03-08 11:41:00-05:00,2022-03-08 11:41:00-05:00,2022-03-08 12:01:00-05:00,S,13143.0,13271.75,13271.5,128.5,-259.5,-1.009727626459144,SL,1,S|swing
2022-03-08 12:05:00-05:00,2022-03-08 12:05:00-05:00,2022-03-08 12:46:00-05:00,L,13320.0,13611.25,13125.25,194.75,580.5,1.490372272143774,TP,1,L|swing
2022-03-08 14:38:00-05:00,2022-03-08 14:38:00-05:00,2022-03-08 15:33:00-05:00,L,13425.75,13308.5,13308.75,117.0,-236.5,-1.0106837606837606,SL,1,L|swing
2022-03-09 09:38:00-05:00,2022-03-09 09:38:00-05:00,2022-03-09 09:52:00-05:00,L,13578.25,13524.0,13524.25,54.0,-110.5,-1.0231481481481481,SL,1,L|swing
2022-03-09 10:02:00-05:00,2022-03-09 10:02:00-05:00,2022-03-09 15:59:00-05:00,L,13626.0,13740.25,13496.25,129.75,226.5,0.8728323699421965,time,1,L|swing
2022-03-10 12:11:00-05:00,2022-03-10 12:11:00-05:00,2022-03-10 12:21:00-05:00,S,13442.0,13477.25,13477.0,35.0,-72.5,-1.0357142857142858,SL,1,S|swing
2022-03-10 12:32:00-05:00,2022-03-10 12:32:00-05:00,2022-03-10 13:04:00-05:00,S,13474.75,13424.25,13509.0,34.25,99.0,1.4452554744525548,TP,1,S|swing
2022-03-10 13:23:00-05:00,2022-03-10 13:23:00-05:00,2022-03-10 13:28:00-05:00,S,13461.25,13477.0,13476.75,15.5,-33.5,-1.0806451612903225,SL,1,S|swing
2022-03-11 10:59:00-05:00,2022-03-11 10:59:00-05:00,2022-03-11 11:00:00-05:00,S,13571.75,13558.25,13581.25,9.5,25.0,1.3157894736842106,TP,1,S|swing
2022-03-11 11:05:00-05:00,2022-03-11 11:05:00-05:00,2022-03-11 11:32:00-05:00,S,13526.25,13444.75,13581.25,55.0,161.0,1.4636363636363636,TP,1,S|swing
2022-03-11 12:38:00-05:00,2022-03-11 12:38:00-05:00,2022-03-11 13:20:00-05:00,S,13407.0,13484.5,13484.25,77.25,-157.0,-1.0161812297734627,SL,1,S|swing
2022-03-11 13:53:00-05:00,2022-03-11 13:53:00-05:00,2022-03-11 15:27:00-05:00,S,13462.5,13379.75,13518.25,55.75,163.5,1.4663677130044843,TP,1,S|swing
2022-03-14 10:41:00-04:00,2022-03-14 10:41:00-04:00,2022-03-14 11:42:00-04:00,S,13321.0,13213.5,13393.25,72.25,213.0,1.4740484429065743,TP,1,S|swing
2022-03-14 12:47:00-04:00,2022-03-14 12:47:00-04:00,2022-03-14 13:34:00-04:00,S,13119.75,13034.75,13177.0,57.25,168.0,1.4672489082969433,TP,1,S|swing
2022-03-14 14:44:00-04:00,2022-03-14 14:44:00-04:00,2022-03-14 14:55:00-04:00,S,13063.0,13095.0,13094.75,31.75,-66.0,-1.0393700787401574,SL,1,S|swing
2022-03-15 10:29:00-04:00,2022-03-15 10:29:00-04:00,2022-03-15 15:17:00-04:00,L,13264.5,13414.75,13163.75,100.75,298.5,1.4813895781637718,TP,1,L|swing
2022-03-18 12:26:00-04:00,2022-03-18 12:26:00-04:00,2022-03-18 13:08:00-04:00,L,14261.0,14315.25,14224.25,36.75,106.5,1.4489795918367347,TP,1,L|swing
2022-03-21 10:08:00-04:00,2022-03-21 10:08:00-04:00,2022-03-21 15:59:00-04:00,S,14277.75,14372.0,14467.0,189.25,-190.5,-0.5033025099075297,time,1,S|swing
2022-03-22 12:59:00-04:00,2022-03-22 12:59:00-04:00,2022-03-22 15:14:00-04:00,L,14612.75,14673.25,14571.75,41.0,119.0,1.451219512195122,TP,1,L|swing
2022-03-23 10:32:00-04:00,2022-03-23 10:32:00-04:00,2022-03-23 14:15:00-04:00,L,14586.0,14467.5,14467.75,118.25,-239.0,-1.0105708245243128,SL,1,L|swing
2022-03-23 14:35:00-04:00,2022-03-23 14:35:00-04:00,2022-03-23 14:40:00-04:00,S,14501.5,14524.0,14523.75,22.25,-47.0,-1.0561797752808988,SL,1,S|swing
2022-03-23 14:59:00-04:00,2022-03-23 14:59:00-04:00,2022-03-23 15:59:00-04:00,S,14500.75,14444.5,14554.0,53.25,110.5,1.0375586854460095,time,1,S|swing
2022-03-24 10:41:00-04:00,2022-03-24 10:41:00-04:00,2022-03-24 10:45:00-04:00,S,14499.25,14523.0,14522.75,23.5,-49.5,-1.053191489361702,SL,1,S|swing
2022-03-24 10:47:00-04:00,2022-03-24 10:47:00-04:00,2022-03-24 15:09:00-04:00,L,14538.0,14694.75,14433.0,105.0,311.5,1.4833333333333334,TP,1,L|swing
2022-03-25 09:56:00-04:00,2022-03-25 09:56:00-04:00,2022-03-25 10:35:00-04:00,S,14724.5,14789.0,14788.75,64.25,-131.0,-1.0194552529182879,SL,1,S|swing
2022-03-25 11:08:00-04:00,2022-03-25 11:08:00-04:00,2022-03-25 15:59:00-04:00,S,14682.25,14755.5,14807.75,125.5,-148.5,-0.5916334661354582,time,1,S|swing
2022-03-28 11:53:00-04:00,2022-03-28 11:53:00-04:00,2022-03-28 13:27:00-04:00,S,14736.25,14835.0,14834.75,98.5,-199.5,-1.0126903553299493,SL,1,S|swing
2022-03-29 09:47:00-04:00,2022-03-29 09:47:00-04:00,2022-03-29 09:48:00-04:00,L,15179.25,15136.25,15136.5,42.75,-88.0,-1.0292397660818713,SL,1,L|swing
2022-03-29 09:56:00-04:00,2022-03-29 09:56:00-04:00,2022-03-29 10:07:00-04:00,L,15151.25,15105.0,15105.25,46.0,-94.5,-1.0271739130434783,SL,1,L|swing
2022-03-29 11:11:00-04:00,2022-03-29 11:11:00-04:00,2022-03-29 15:10:00-04:00,L,15118.75,15245.25,15033.75,85.0,251.0,1.4764705882352942,TP,1,L|swing
2022-03-30 09:38:00-04:00,2022-03-30 09:38:00-04:00,2022-03-30 09:48:00-04:00,S,15145.0,15198.25,15198.0,53.0,-108.5,-1.0235849056603774,SL,1,S|swing
2022-03-30 10:08:00-04:00,2022-03-30 10:08:00-04:00,2022-03-30 10:14:00-04:00,S,15153.75,15209.5,15209.25,55.5,-113.5,-1.0225225225225225,SL,1,S|swing
2022-03-30 10:38:00-04:00,2022-03-30 10:38:00-04:00,2022-03-30 10:59:00-04:00,L,15225.5,15153.75,15154.0,71.5,-145.5,-1.0174825174825175,SL,1,L|swing
2022-03-30 13:35:00-04:00,2022-03-30 13:35:00-04:00,2022-03-30 13:58:00-04:00,S,15167.0,15128.25,15193.5,26.5,75.5,1.4245283018867925,TP,1,S|swing
2022-03-31 11:20:00-04:00,2022-03-31 11:20:00-04:00,2022-03-31 15:44:00-04:00,S,15036.5,14948.25,15096.0,59.5,174.5,1.4663865546218486,TP,1,S|swing
2022-04-01 09:53:00-04:00,2022-04-01 09:53:00-04:00,2022-04-01 15:59:00-04:00,S,14808.5,14861.25,14932.25,123.75,-107.5,-0.43434343434343436,time,1,S|swing
2022-04-04 11:05:00-04:00,2022-04-04 11:05:00-04:00,2022-04-04 15:59:00-04:00,L,15093.75,15163.75,15027.75,66.0,138.0,1.0454545454545454,time,1,L|swing
2022-04-05 09:50:00-04:00,2022-04-05 09:50:00-04:00,2022-04-05 10:07:00-04:00,S,15082.25,15002.75,15135.75,53.5,157.0,1.4672897196261683,TP,1,S|swing
2022-04-05 11:23:00-04:00,2022-04-05 11:23:00-04:00,2022-04-05 12:22:00-04:00,S,14938.25,14868.25,14985.5,47.25,138.0,1.4603174603174602,TP,1,S|swing
2022-04-05 13:41:00-04:00,2022-04-05 13:41:00-04:00,2022-04-05 15:20:00-04:00,S,14888.25,14809.75,14941.25,53.0,155.0,1.4622641509433962,TP,1,S|swing
2022-04-06 10:56:00-04:00,2022-04-06 10:56:00-04:00,2022-04-06 12:20:00-04:00,S,14490.25,14437.5,14526.0,35.75,103.5,1.4475524475524475,TP,1,S|swing
2022-04-06 12:23:00-04:00,2022-04-06 12:23:00-04:00,2022-04-06 13:40:00-04:00,S,14436.75,14517.75,14517.5,80.75,-164.0,-1.0154798761609907,SL,1,S|swing
2022-04-06 14:11:00-04:00,2022-04-06 14:11:00-04:00,2022-04-06 15:02:00-04:00,S,14470.5,14634.75,14634.5,164.0,-330.5,-1.0076219512195121,SL,1,S|swing
2022-04-07 09:35:00-04:00,2022-04-07 09:35:00-04:00,2022-04-07 10:40:00-04:00,L,14528.5,14451.25,14451.5,77.0,-156.5,-1.0162337662337662,SL,1,L|swing
2022-04-07 12:20:00-04:00,2022-04-07 12:20:00-04:00,2022-04-07 12:22:00-04:00,S,14393.75,14417.75,14417.5,23.75,-50.0,-1.0526315789473684,SL,1,S|swing
2022-04-07 12:35:00-04:00,2022-04-07 12:35:00-04:00,2022-04-07 13:12:00-04:00,S,14368.75,14418.25,14418.0,49.25,-101.0,-1.0253807106598984,SL,1,S|swing
2022-04-07 14:23:00-04:00,2022-04-07 14:23:00-04:00,2022-04-07 14:59:00-04:00,L,14486.0,14561.75,14435.0,51.0,149.5,1.4656862745098038,TP,1,L|swing
2022-04-08 12:02:00-04:00,2022-04-08 12:02:00-04:00,2022-04-08 12:19:00-04:00,S,14444.75,14469.5,14469.25,24.5,-51.5,-1.0510204081632653,SL,1,S|swing
2022-04-08 12:56:00-04:00,2022-04-08 12:56:00-04:00,2022-04-08 13:15:00-04:00,S,14471.5,14432.25,14498.25,26.75,76.5,1.4299065420560748,TP,1,S|swing
2022-04-08 14:20:00-04:00,2022-04-08 14:20:00-04:00,2022-04-08 14:21:00-04:00,S,14410.75,14413.75,14413.5,2.75,-8.0,-1.4545454545454546,SL,1,S|swing
2022-04-08 14:56:00-04:00,2022-04-08 14:56:00-04:00,2022-04-08 15:13:00-04:00,S,14382.5,14409.25,14409.0,26.5,-55.5,-1.0471698113207548,SL,1,S|swing
2022-04-11 09:50:00-04:00,2022-04-11 09:50:00-04:00,2022-04-11 09:51:00-04:00,S,14179.5,14153.75,14197.25,17.75,49.5,1.3943661971830985,TP,1,S|swing
2022-04-11 09:56:00-04:00,2022-04-11 09:56:00-04:00,2022-04-11 10:28:00-04:00,S,14144.75,14066.75,14197.25,52.5,154.0,1.4666666666666666,TP,1,S|swing
2022-04-11 12:32:00-04:00,2022-04-11 12:32:00-04:00,2022-04-11 12:46:00-04:00,S,14048.75,14078.75,14078.5,29.75,-62.0,-1.0420168067226891,SL,1,S|swing
2022-04-11 13:20:00-04:00,2022-04-11 13:20:00-04:00,2022-04-11 14:25:00-04:00,S,14100.25,14053.75,14131.75,31.5,91.0,1.4444444444444444,TP,1,S|swing
2022-04-11 14:56:00-04:00,2022-04-11 14:56:00-04:00,2022-04-11 15:02:00-04:00,S,14095.0,14117.5,14117.25,22.25,-47.0,-1.0561797752808988,SL,1,S|swing
2022-04-12 09:50:00-04:00,2022-04-12 09:50:00-04:00,2022-04-12 10:48:00-04:00,L,14238.25,14112.5,14112.75,125.5,-253.5,-1.0099601593625498,SL,1,L|swing
2022-04-12 10:56:00-04:00,2022-04-12 10:56:00-04:00,2022-04-12 11:09:00-04:00,L,14120.25,14087.75,14088.0,32.25,-67.0,-1.0387596899224807,SL,1,L|swing
2022-04-12 11:14:00-04:00,2022-04-12 11:14:00-04:00,2022-04-12 11:30:00-04:00,L,14124.0,14185.0,14082.75,41.25,120.0,1.4545454545454546,TP,1,L|swing
2022-04-12 12:26:00-04:00,2022-04-12 12:26:00-04:00,2022-04-12 15:03:00-04:00,S,14069.0,13916.5,14171.25,102.25,303.0,1.4816625916870416,TP,1,S|swing
2022-04-13 12:44:00-04:00,2022-04-13 12:44:00-04:00,2022-04-13 13:48:00-04:00,L,14197.0,14143.25,14143.5,53.5,-109.5,-1.0233644859813085,SL,1,L|swing
2022-04-13 14:14:00-04:00,2022-04-13 14:14:00-04:00,2022-04-13 15:07:00-04:00,L,14166.75,14218.0,14132.0,34.75,100.5,1.4460431654676258,TP,1,L|swing
2022-04-14 09:38:00-04:00,2022-04-14 09:38:00-04:00,2022-04-14 10:05:00-04:00,S,14186.75,14097.25,14247.0,60.25,177.0,1.4688796680497926,TP,1,S|swing
2022-04-14 11:11:00-04:00,2022-04-14 11:11:00-04:00,2022-04-14 11:24:00-04:00,S,14047.25,14069.75,14069.5,22.25,-47.0,-1.0561797752808988,SL,1,S|swing
2022-04-14 11:29:00-04:00,2022-04-14 11:29:00-04:00,2022-04-14 11:34:00-04:00,S,14073.75,14055.5,14086.5,12.75,34.5,1.3529411764705883,TP,1,S|swing
2022-04-14 14:17:00-04:00,2022-04-14 14:17:00-04:00,2022-04-14 14:33:00-04:00,S,14024.0,13988.25,14048.5,24.5,69.5,1.4183673469387754,TP,1,S|swing
2022-04-18 13:11:00-04:00,2022-04-18 13:11:00-04:00,2022-04-18 13:40:00-04:00,L,13856.0,13944.25,13796.5,59.5,174.5,1.4663865546218486,TP,1,L|swing
2022-04-18 14:38:00-04:00,2022-04-18 14:38:00-04:00,2022-04-18 15:02:00-04:00,L,13977.75,13926.25,13926.5,51.25,-105.0,-1.024390243902439,SL,1,L|swing
2022-04-19 09:47:00-04:00,2022-04-19 09:47:00-04:00,2022-04-19 10:38:00-04:00,L,13941.75,14103.25,13833.5,108.25,321.0,1.4826789838337182,TP,1,L|swing
2022-04-19 11:50:00-04:00,2022-04-19 11:50:00-04:00,2022-04-19 13:27:00-04:00,L,14189.5,14131.25,14131.5,58.0,-118.5,-1.021551724137931,SL,1,L|swing
2022-04-19 14:29:00-04:00,2022-04-19 14:29:00-04:00,2022-04-19 15:08:00-04:00,L,14129.25,14169.75,14101.75,27.5,79.0,1.4363636363636363,TP,1,L|swing
2022-04-20 11:17:00-04:00,2022-04-20 11:17:00-04:00,2022-04-20 15:59:00-04:00,S,14048.75,14003.75,14149.0,100.25,88.0,0.4389027431421446,time,1,S|swing
2022-04-21 13:08:00-04:00,2022-04-21 13:08:00-04:00,2022-04-21 14:49:00-04:00,S,13889.0,13762.75,13973.75,84.75,250.5,1.4778761061946903,TP,1,S|swing
2022-04-22 13:20:00-04:00,2022-04-22 13:20:00-04:00,2022-04-22 14:00:00-04:00,S,13479.25,13427.75,13514.25,35.0,101.0,1.4428571428571428,TP,1,S|swing
2022-04-25 09:44:00-04:00,2022-04-25 09:44:00-04:00,2022-04-25 10:25:00-04:00,S,13265.25,13366.5,13366.25,101.0,-204.5,-1.0123762376237624,SL,1,S|swing
2022-04-25 10:44:00-04:00,2022-04-25 10:44:00-04:00,2022-04-25 11:46:00-04:00,L,13398.25,13265.25,13265.5,132.75,-268.0,-1.009416195856874,SL,1,L|swing
2022-04-25 12:50:00-04:00,2022-04-25 12:50:00-04:00,2022-04-25 13:00:00-04:00,L,13400.75,13327.0,13327.25,73.5,-149.5,-1.0170068027210883,SL,1,L|swing
2022-04-25 13:11:00-04:00,2022-04-25 13:11:00-04:00,2022-04-25 14:47:00-04:00,L,13372.25,13471.5,13305.5,66.75,196.5,1.4719101123595506,TP,1,L|swing
2022-04-26 13:14:00-04:00,2022-04-26 13:14:00-04:00,2022-04-26 15:59:00-04:00,S,13125.5,13010.0,13230.25,104.75,229.0,1.0930787589498807,time,1,S|swing
2022-04-27 10:17:00-04:00,2022-04-27 10:17:00-04:00,2022-04-27 15:59:00-04:00,S,12950.25,13003.0,13255.25,305.0,-107.5,-0.1762295081967213,time,1,S|swing
2022-04-28 10:53:00-04:00,2022-04-28 10:53:00-04:00,2022-04-28 11:07:00-04:00,S,13067.75,13153.5,13153.25,85.5,-173.5,-1.0146198830409356,SL,1,S|swing
2022-04-28 11:53:00-04:00,2022-04-28 11:53:00-04:00,2022-04-28 12:18:00-04:00,S,13132.0,13211.0,13210.75,78.75,-160.0,-1.0158730158730158,SL,1,S|swing
2022-04-28 12:32:00-04:00,2022-04-28 12:32:00-04:00,2022-04-28 14:46:00-04:00,L,13268.25,13497.75,13114.75,153.5,457.0,1.488599348534202,TP,1,L|swing
2022-04-29 10:17:00-04:00,2022-04-29 10:17:00-04:00,2022-04-29 13:47:00-04:00,S,13282.25,13055.75,13433.75,151.5,451.0,1.4884488448844884,TP,1,S|swing
2022-05-02 09:35:00-04:00,2022-05-02 09:35:00-04:00,2022-05-02 09:42:00-04:00,S,12803.25,12890.5,12890.25,87.0,-176.5,-1.014367816091954,SL,1,S|swing
2022-05-02 10:17:00-04:00,2022-05-02 10:17:00-04:00,2022-05-02 10:26:00-04:00,S,12821.0,12974.25,12974.0,153.0,-308.5,-1.0081699346405228,SL,1,S|swing
2022-05-02 12:20:00-04:00,2022-05-02 12:20:00-04:00,2022-05-02 12:54:00-04:00,L,12945.5,12831.5,12831.75,113.75,-230.0,-1.010989010989011,SL,1,L|swing
2022-05-02 12:56:00-04:00,2022-05-02 12:56:00-04:00,2022-05-02 15:21:00-04:00,S,12835.0,12946.75,12946.5,111.5,-225.5,-1.0112107623318385,SL,1,S|swing
2022-05-03 09:35:00-04:00,2022-05-03 09:35:00-04:00,2022-05-03 09:59:00-04:00,S,13035.5,13111.5,13111.25,75.75,-154.0,-1.0165016501650166,SL,1,S|swing
2022-05-03 10:56:00-04:00,2022-05-03 10:56:00-04:00,2022-05-03 11:07:00-04:00,S,13023.75,13109.5,13109.25,85.5,-173.5,-1.0146198830409356,SL,1,S|swing
2022-05-03 11:08:00-04:00,2022-05-03 11:08:00-04:00,2022-05-03 15:59:00-04:00,L,13128.75,13090.0,12976.5,152.25,-79.5,-0.26108374384236455,time,1,L|swing
2022-05-04 11:23:00-04:00,2022-05-04 11:23:00-04:00,2022-05-04 11:31:00-04:00,S,12920.5,12884.75,12945.0,24.5,69.5,1.4183673469387754,TP,1,S|swing
2022-05-04 13:32:00-04:00,2022-05-04 13:32:00-04:00,2022-05-04 13:58:00-04:00,L,13104.25,13158.5,13067.5,36.75,106.5,1.4489795918367347,TP,1,L|swing
2022-05-04 14:05:00-04:00,2022-05-04 14:05:00-04:00,2022-05-04 14:07:00-04:00,L,13195.0,13048.75,13049.0,146.0,-294.5,-1.0085616438356164,SL,1,L|swing
2022-05-04 14:20:00-04:00,2022-05-04 14:20:00-04:00,2022-05-04 14:46:00-04:00,S,13027.0,13232.0,13231.75,204.75,-412.0,-1.006105006105006,SL,1,S|swing
2022-05-05 11:44:00-04:00,2022-05-05 11:44:00-04:00,2022-05-05 11:53:00-04:00,S,12933.0,12857.25,12984.0,51.0,149.5,1.4656862745098038,TP,1,S|swing
2022-05-05 11:59:00-04:00,2022-05-05 11:59:00-04:00,2022-05-05 15:59:00-04:00,S,12841.25,12860.0,12984.0,142.75,-39.5,-0.138353765323993,time,1,S|swing
2022-05-06 10:56:00-04:00,2022-05-06 10:56:00-04:00,2022-05-06 14:09:00-04:00,L,12811.5,12635.0,12635.25,176.25,-355.0,-1.0070921985815602,SL,1,L|swing
2022-05-09 09:38:00-04:00,2022-05-09 09:38:00-04:00,2022-05-09 10:00:00-04:00,L,12532.5,12418.75,12419.0,113.5,-229.5,-1.0110132158590308,SL,1,L|swing
2022-05-09 10:29:00-04:00,2022-05-09 10:29:00-04:00,2022-05-09 15:46:00-04:00,S,12346.5,12170.0,12464.75,118.25,351.0,1.4841437632135306,TP,1,S|swing
2022-05-10 09:38:00-04:00,2022-05-10 09:38:00-04:00,2022-05-10 09:40:00-04:00,L,12457.75,12421.25,12421.5,36.25,-75.0,-1.0344827586206897,SL,1,L|swing
2022-05-10 09:59:00-04:00,2022-05-10 09:59:00-04:00,2022-05-10 10:41:00-04:00,L,12463.5,12336.5,12336.75,126.75,-256.0,-1.009861932938856,SL,1,L|swing
2022-05-10 10:59:00-04:00,2022-05-10 10:59:00-04:00,2022-05-10 13:40:00-04:00,S,12268.75,12451.25,12451.0,182.25,-367.0,-1.0068587105624143,SL,1,S|swing
2022-05-11 10:50:00-04:00,2022-05-11 10:50:00-04:00,2022-05-11 12:46:00-04:00,S,12328.25,12177.25,12429.5,101.25,300.0,1.4814814814814814,TP,1,S|swing
2022-05-12 09:50:00-04:00,2022-05-12 09:50:00-04:00,2022-05-12 10:09:00-04:00,S,11808.25,11908.25,11908.0,99.75,-202.0,-1.012531328320802,SL,1,S|swing
2022-05-12 11:41:00-04:00,2022-05-12 11:41:00-04:00,2022-05-12 11:45:00-04:00,L,12015.5,11958.25,11958.5,57.0,-116.5,-1.0219298245614035,SL,1,L|swing
2022-05-12 12:35:00-04:00,2022-05-12 12:35:00-04:00,2022-05-12 13:36:00-04:00,L,11965.0,11809.0,11809.25,155.75,-314.0,-1.0080256821829856,SL,1,L|swing
2022-05-13 09:44:00-04:00,2022-05-13 09:44:00-04:00,2022-05-13 12:06:00-04:00,L,12195.75,12391.75,12064.5,131.25,390.0,1.4857142857142858,TP,1,L|swing
2022-05-13 13:26:00-04:00,2022-05-13 13:26:00-04:00,2022-05-13 13:40:00-04:00,L,12373.25,12341.5,12341.75,31.5,-65.5,-1.0396825396825398,SL,1,L|swing
2022-05-13 14:59:00-04:00,2022-05-13 14:59:00-04:00,2022-05-13 15:59:00-04:00,L,12349.75,12384.5,12249.0,100.75,67.5,0.3349875930521092,time,1,L|swing
2022-05-16 10:32:00-04:00,2022-05-16 10:32:00-04:00,2022-05-16 10:57:00-04:00,L,12323.5,12217.0,12217.25,106.25,-215.0,-1.011764705882353,SL,1,L|swing
2022-05-16 11:05:00-04:00,2022-05-16 11:05:00-04:00,2022-05-16 11:52:00-04:00,S,12210.75,12310.0,12309.75,99.0,-200.5,-1.0126262626262625,SL,1,S|swing
2022-05-16 11:59:00-04:00,2022-05-16 11:59:00-04:00,2022-05-16 15:59:00-04:00,L,12328.25,12247.0,12197.25,131.0,-164.5,-0.6278625954198473,time,1,L|swing
2022-05-17 09:41:00-04:00,2022-05-17 09:41:00-04:00,2022-05-17 09:48:00-04:00,L,12517.0,12456.5,12456.75,60.25,-123.0,-1.020746887966805,SL,1,L|swing
2022-05-17 11:29:00-04:00,2022-05-17 11:29:00-04:00,2022-05-17 15:06:00-04:00,L,12439.75,12567.5,12354.0,85.75,253.5,1.478134110787172,TP,1,L|swing
2022-05-18 09:41:00-04:00,2022-05-18 09:41:00-04:00,2022-05-18 11:16:00-04:00,S,12324.25,12211.5,12400.0,75.75,223.5,1.4752475247524752,TP,1,S|swing
2022-05-19 09:47:00-04:00,2022-05-19 09:47:00-04:00,2022-05-19 10:03:00-04:00,S,11822.0,11979.25,11979.0,157.0,-316.5,-1.0079617834394905,SL,1,S|swing
2022-05-19 13:35:00-04:00,2022-05-19 13:35:00-04:00,2022-05-19 14:50:00-04:00,L,11917.75,12017.25,11850.75,67.0,197.0,1.4701492537313432,TP,1,L|swing
2022-05-23 09:56:00-04:00,2022-05-23 09:56:00-04:00,2022-05-23 11:32:00-04:00,S,11883.5,11977.75,11977.5,94.0,-190.5,-1.0132978723404256,SL,1,S|swing
2022-05-23 13:41:00-04:00,2022-05-23 13:41:00-04:00,2022-05-23 15:59:00-04:00,L,11978.5,12034.5,11916.5,62.0,110.0,0.8870967741935484,time,1,L|swing
2022-05-24 09:38:00-04:00,2022-05-24 09:38:00-04:00,2022-05-24 10:08:00-04:00,S,11761.75,11628.25,11851.25,89.5,265.0,1.4804469273743017,TP,1,S|swing
2022-05-24 11:17:00-04:00,2022-05-24 11:17:00-04:00,2022-05-24 11:45:00-04:00,S,11629.25,11674.25,11674.0,44.75,-92.0,-1.0279329608938548,SL,1,S|swing
2022-05-24 11:59:00-04:00,2022-05-24 11:59:00-04:00,2022-05-24 12:08:00-04:00,S,11706.25,11738.0,11737.75,31.5,-65.5,-1.0396825396825398,SL,1,S|swing
2022-05-24 12:14:00-04:00,2022-05-24 12:14:00-04:00,2022-05-24 13:03:00-04:00,L,11768.25,11664.0,11664.25,104.0,-210.5,-1.0120192307692308,SL,1,L|swing
2022-05-24 14:41:00-04:00,2022-05-24 14:41:00-04:00,2022-05-24 14:54:00-04:00,S,11742.25,11662.75,11795.75,53.5,157.0,1.4672897196261683,TP,1,S|swing
2022-05-25 11:47:00-04:00,2022-05-25 11:47:00-04:00,2022-05-25 12:22:00-04:00,L,11861.75,11814.0,11814.25,47.5,-97.5,-1.0263157894736843,SL,1,L|swing
2022-05-25 12:32:00-04:00,2022-05-25 12:32:00-04:00,2022-05-25 12:36:00-04:00,L,11820.25,11792.0,11792.25,28.0,-58.5,-1.0446428571428572,SL,1,L|swing
2022-05-26 09:35:00-04:00,2022-05-26 09:35:00-04:00,2022-05-26 10:13:00-04:00,L,12004.25,12161.75,11898.75,105.5,313.0,1.4834123222748816,TP,1,L|swing
2022-05-26 14:11:00-04:00,2022-05-26 14:11:00-04:00,2022-05-26 14:37:00-04:00,L,12309.25,12288.75,12289.0,20.25,-43.0,-1.0617283950617284,SL,1,L|swing
2022-05-27 11:29:00-04:00,2022-05-27 11:29:00-04:00,2022-05-27 15:20:00-04:00,L,12563.5,12646.75,12507.5,56.0,164.5,1.46875,TP,1,L|swing
2022-05-31 11:53:00-04:00,2022-05-31 11:53:00-04:00,2022-05-31 15:59:00-04:00,L,12700.0,12645.0,12564.75,135.25,-112.0,-0.41404805914972276,time,1,L|swing
2022-06-01 09:41:00-04:00,2022-06-01 09:41:00-04:00,2022-06-01 10:08:00-04:00,L,12787.75,12707.0,12707.25,80.5,-163.5,-1.015527950310559,SL,1,L|swing
2022-06-01 11:41:00-04:00,2022-06-01 11:41:00-04:00,2022-06-01 14:23:00-04:00,S,12523.0,12622.5,12622.25,99.25,-201.0,-1.012594458438287,SL,1,S|swing
2022-06-03 10:05:00-04:00,2022-06-03 10:05:00-04:00,2022-06-03 10:56:00-04:00,S,12665.75,12567.75,12731.75,66.0,194.0,1.4696969696969697,TP,1,S|swing
2022-06-03 12:32:00-04:00,2022-06-03 12:32:00-04:00,2022-06-03 12:38:00-04:00,S,12568.25,12587.5,12587.25,19.0,-40.5,-1.0657894736842106,SL,1,S|swing
2022-06-03 12:41:00-04:00,2022-06-03 12:41:00-04:00,2022-06-03 12:48:00-04:00,S,12575.5,12593.5,12593.25,17.75,-38.0,-1.0704225352112675,SL,1,S|swing
2022-06-03 13:17:00-04:00,2022-06-03 13:17:00-04:00,2022-06-03 15:59:00-04:00,S,12584.75,12554.0,12647.0,62.25,59.5,0.4779116465863454,time,1,S|swing
2022-06-06 10:35:00-04:00,2022-06-06 10:35:00-04:00,2022-06-06 11:08:00-04:00,L,12793.75,12750.5,12750.75,43.0,-88.5,-1.0290697674418605,SL,1,L|swing
2022-06-06 11:11:00-04:00,2022-06-06 11:11:00-04:00,2022-06-06 12:12:00-04:00,S,12708.5,12560.25,12808.0,99.5,294.5,1.479899497487437,TP,1,S|swing
2022-06-06 12:26:00-04:00,2022-06-06 12:26:00-04:00,2022-06-06 13:57:00-04:00,S,12569.25,12677.0,12676.75,107.5,-217.5,-1.0116279069767442,SL,1,S|swing
2022-06-06 14:32:00-04:00,2022-06-06 14:32:00-04:00,2022-06-06 15:59:00-04:00,S,12589.25,12600.5,12679.25,90.0,-24.5,-0.1361111111111111,time,1,S|swing
2022-06-07 11:56:00-04:00,2022-06-07 11:56:00-04:00,2022-06-07 13:19:00-04:00,L,12601.75,12661.25,12561.5,40.25,117.0,1.453416149068323,TP,1,L|swing
2022-06-07 14:53:00-04:00,2022-06-07 14:53:00-04:00,2022-06-07 15:34:00-04:00,L,12667.25,12704.75,12641.75,25.5,73.0,1.4313725490196079,TP,1,L|swing
2022-06-08 11:02:00-04:00,2022-06-08 11:02:00-04:00,2022-06-08 11:03:00-04:00,L,12704.5,12695.5,12695.75,8.75,-20.0,-1.1428571428571428,SL,1,L|swing
2022-06-08 11:11:00-04:00,2022-06-08 11:11:00-04:00,2022-06-08 12:25:00-04:00,L,12726.5,12688.0,12688.25,38.25,-79.0,-1.0326797385620916,SL,1,L|swing
2022-06-08 13:02:00-04:00,2022-06-08 13:02:00-04:00,2022-06-08 15:59:00-04:00,S,12629.25,12619.25,12665.25,36.0,18.0,0.25,time,1,S|swing
2022-06-09 10:50:00-04:00,2022-06-09 10:50:00-04:00,2022-06-09 14:37:00-04:00,S,12594.25,12476.25,12673.5,79.25,234.0,1.476340694006309,TP,1,S|swing
2022-06-09 14:38:00-04:00,2022-06-09 14:38:00-04:00,2022-06-09 15:08:00-04:00,S,12473.75,12390.25,12530.0,56.25,165.0,1.4666666666666666,TP,1,S|swing
2022-06-10 11:05:00-04:00,2022-06-10 11:05:00-04:00,2022-06-10 13:46:00-04:00,S,11843.0,11922.5,11922.25,79.25,-161.0,-1.0157728706624605,SL,1,S|swing
2022-06-10 14:50:00-04:00,2022-06-10 14:50:00-04:00,2022-06-10 14:55:00-04:00,S,11902.75,11925.25,11925.0,22.25,-47.0,-1.0561797752808988,SL,1,S|swing
2022-06-13 09:47:00-04:00,2022-06-13 09:47:00-04:00,2022-06-13 10:18:00-04:00,S,11505.5,11401.75,11575.25,69.75,205.5,1.4731182795698925,TP,1,S|swing
2022-06-13 12:17:00-04:00,2022-06-13 12:17:00-04:00,2022-06-13 12:31:00-04:00,S,11417.0,11454.5,11454.25,37.25,-77.0,-1.0335570469798658,SL,1,S|swing
2022-06-13 13:02:00-04:00,2022-06-13 13:02:00-04:00,2022-06-13 15:59:00-04:00,S,11405.5,11296.0,11529.75,124.25,217.0,0.8732394366197183,time,1,S|swing
2022-06-14 10:59:00-04:00,2022-06-14 10:59:00-04:00,2022-06-14 11:58:00-04:00,S,11314.25,11354.5,11354.25,40.0,-82.5,-1.03125,SL,1,S|swing
2022-06-14 12:02:00-04:00,2022-06-14 12:02:00-04:00,2022-06-14 13:09:00-04:00,S,11312.5,11362.25,11362.0,49.5,-101.5,-1.0252525252525253,SL,1,S|swing
2022-06-14 13:47:00-04:00,2022-06-14 13:47:00-04:00,2022-06-14 15:59:00-04:00,S,11296.25,11318.5,11423.5,127.25,-46.5,-0.18271119842829076,time,1,S|swing
2022-06-17 09:35:00-04:00,2022-06-17 09:35:00-04:00,2022-06-17 10:33:00-04:00,L,11280.25,11167.25,11167.5,112.75,-228.0,-1.0110864745011086,SL,1,L|swing
2022-06-17 11:14:00-04:00,2022-06-17 11:14:00-04:00,2022-06-17 11:18:00-04:00,S,11233.0,11267.5,11267.25,34.25,-71.0,-1.0364963503649636,SL,1,S|swing
2022-06-17 11:56:00-04:00,2022-06-17 11:56:00-04:00,2022-06-17 13:02:00-04:00,S,11223.5,11319.0,11318.75,95.25,-193.0,-1.0131233595800524,SL,1,S|swing
2022-06-17 14:20:00-04:00,2022-06-17 14:20:00-04:00,2022-06-17 14:32:00-04:00,L,11370.0,11328.0,11328.25,41.75,-86.0,-1.029940119760479,SL,1,L|swing
2022-06-20 10:02:00-04:00,2022-06-20 10:02:00-04:00,2022-06-20 12:06:00-04:00,L,11369.75,11424.25,11332.75,37.0,107.0,1.445945945945946,TP,1,L|swing
2022-06-21 09:35:00-04:00,2022-06-21 09:35:00-04:00,2022-06-21 15:59:00-04:00,L,11559.75,11579.0,11469.25,90.5,36.5,0.20165745856353592,time,1,L|swing
2022-06-22 12:56:00-04:00,2022-06-22 12:56:00-04:00,2022-06-22 14:06:00-04:00,L,11638.75,11687.25,11605.75,33.0,95.0,1.4393939393939394,TP,1,L|swing
2022-06-23 09:35:00-04:00,2022-06-23 09:35:00-04:00,2022-06-23 10:06:00-04:00,S,11590.0,11684.25,11684.0,94.0,-190.5,-1.0132978723404256,SL,1,S|swing
2022-06-23 10:38:00-04:00,2022-06-23 10:38:00-04:00,2022-06-23 12:37:00-04:00,L,11667.25,11592.5,11592.75,74.5,-151.5,-1.016778523489933,SL,1,L|swing
2022-06-23 13:14:00-04:00,2022-06-23 13:14:00-04:00,2022-06-23 13:23:00-04:00,S,11587.5,11604.5,11604.25,16.75,-36.0,-1.0746268656716418,SL,1,S|swing
2022-06-24 11:53:00-04:00,2022-06-24 11:53:00-04:00,2022-06-24 14:45:00-04:00,L,12005.25,12047.75,11976.25,29.0,83.0,1.4310344827586208,TP,1,L|swing
2022-06-27 11:02:00-04:00,2022-06-27 11:02:00-04:00,2022-06-27 11:46:00-04:00,S,12121.25,12149.5,12149.25,28.0,-58.5,-1.0446428571428572,SL,1,S|swing
2022-06-27 11:50:00-04:00,2022-06-27 11:50:00-04:00,2022-06-27 12:01:00-04:00,S,12131.5,12101.75,12152.0,20.5,57.5,1.4024390243902438,TP,1,S|swing
2022-06-27 12:14:00-04:00,2022-06-27 12:14:00-04:00,2022-06-27 15:53:00-04:00,S,12090.25,11998.5,12152.0,61.75,181.5,1.4696356275303644,TP,1,S|swing
2022-06-28 10:32:00-04:00,2022-06-28 10:32:00-04:00,2022-06-28 12:04:00-04:00,S,11964.25,11767.5,12096.0,131.75,391.5,1.4857685009487667,TP,1,S|swing
2022-06-28 13:08:00-04:00,2022-06-28 13:08:00-04:00,2022-06-28 15:59:00-04:00,S,11763.0,11674.0,11838.0,75.0,176.0,1.1733333333333333,time,1,S|swing
2022-06-29 09:44:00-04:00,2022-06-29 09:44:00-04:00,2022-06-29 09:51:00-04:00,S,11583.25,11694.5,11694.25,111.0,-224.5,-1.0112612612612613,SL,1,S|swing
2022-06-29 11:35:00-04:00,2022-06-29 11:35:00-04:00,2022-06-29 12:13:00-04:00,L,11708.0,11637.25,11637.5,70.5,-143.5,-1.0177304964539007,SL,1,L|swing
2022-06-30 13:53:00-04:00,2022-06-30 13:53:00-04:00,2022-06-30 14:24:00-04:00,L,11667.5,11597.0,11597.25,70.25,-143.0,-1.0177935943060499,SL,1,L|swing
2022-07-01 11:14:00-04:00,2022-07-01 11:14:00-04:00,2022-07-01 15:40:00-04:00,L,11495.5,11617.25,11413.75,81.75,241.5,1.4770642201834863,TP,1,L|swing
2022-07-04 12:29:00-04:00,2022-07-04 12:29:00-04:00,2022-07-04 12:49:00-04:00,L,11570.75,11556.75,11550.5,20.25,-30.0,-0.7407407407407407,time,1,L|swing
2022-07-05 10:17:00-04:00,2022-07-05 10:17:00-04:00,2022-07-05 10:27:00-04:00,S,11484.25,11510.75,11510.5,26.25,-55.0,-1.0476190476190477,SL,1,S|swing
2022-07-05 11:32:00-04:00,2022-07-05 11:32:00-04:00,2022-07-05 11:33:00-04:00,S,11512.5,11518.75,11518.5,6.0,-14.5,-1.2083333333333333,SL,1,S|swing
2022-07-05 11:47:00-04:00,2022-07-05 11:47:00-04:00,2022-07-05 14:31:00-04:00,L,11577.25,11728.25,11476.0,101.25,300.0,1.4814814814814814,TP,1,L|swing
2022-07-06 09:38:00-04:00,2022-07-06 09:38:00-04:00,2022-07-06 14:06:00-04:00,S,11782.0,11884.25,11884.0,102.0,-206.5,-1.0122549019607843,SL,1,S|swing
2022-07-06 14:14:00-04:00,2022-07-06 14:14:00-04:00,2022-07-06 14:27:00-04:00,L,11842.0,11795.25,11795.5,46.5,-95.5,-1.0268817204301075,SL,1,L|swing
2022-07-07 09:35:00-04:00,2022-07-07 09:35:00-04:00,2022-07-07 13:45:00-04:00,L,11994.0,12115.25,11912.5,81.5,240.5,1.4754601226993864,TP,1,L|swing
2022-07-08 09:53:00-04:00,2022-07-08 09:53:00-04:00,2022-07-08 10:25:00-04:00,S,11990.75,12091.25,12091.0,100.25,-203.0,-1.0124688279301746,SL,1,S|swing
2022-07-08 13:17:00-04:00,2022-07-08 13:17:00-04:00,2022-07-08 13:19:00-04:00,S,12086.5,12076.5,12093.75,7.25,18.0,1.2413793103448276,TP,1,S|swing
2022-07-11 09:35:00-04:00,2022-07-11 09:35:00-04:00,2022-07-11 15:59:00-04:00,S,11979.5,11891.0,12075.25,95.75,175.0,0.9138381201044387,time,1,S|swing
2022-07-12 09:59:00-04:00,2022-07-12 09:59:00-04:00,2022-07-12 15:59:00-04:00,S,11856.5,11779.0,12025.75,169.25,153.0,0.4519940915805022,time,1,S|swing
2022-07-13 09:44:00-04:00,2022-07-13 09:44:00-04:00,2022-07-13 09:48:00-04:00,S,11611.0,11661.0,11660.75,49.75,-102.0,-1.0251256281407035,SL,1,S|swing
2022-07-13 09:50:00-04:00,2022-07-13 09:50:00-04:00,2022-07-13 10:08:00-04:00,S,11666.75,11617.25,11700.25,33.5,97.0,1.4477611940298507,TP,1,S|swing
2022-07-13 11:44:00-04:00,2022-07-13 11:44:00-04:00,2022-07-13 12:57:00-04:00,S,11716.0,11811.25,11811.0,95.0,-192.5,-1.013157894736842,SL,1,S|swing
2022-07-13 14:05:00-04:00,2022-07-13 14:05:00-04:00,2022-07-13 14:30:00-04:00,L,11768.5,11813.0,11738.25,30.25,87.0,1.43801652892562,TP,1,L|swing
2022-07-13 14:59:00-04:00,2022-07-13 14:59:00-04:00,2022-07-13 15:09:00-04:00,L,11839.75,11789.0,11789.25,50.5,-103.5,-1.0247524752475248,SL,1,L|swing
2022-07-14 11:23:00-04:00,2022-07-14 11:23:00-04:00,2022-07-14 11:40:00-04:00,S,11644.0,11668.0,11667.75,23.75,-50.0,-1.0526315789473684,SL,1,S|swing
2022-07-14 11:41:00-04:00,2022-07-14 11:41:00-04:00,2022-07-14 14:33:00-04:00,L,11686.0,11810.25,11602.5,83.5,246.5,1.4760479041916168,TP,1,L|swing
2022-07-15 10:38:00-04:00,2022-07-15 10:38:00-04:00,2022-07-15 15:59:00-04:00,L,11954.0,12007.75,11892.0,62.0,105.5,0.8508064516129032,time,1,L|swing
2022-07-18 11:05:00-04:00,2022-07-18 11:05:00-04:00,2022-07-18 13:32:00-04:00,L,12144.0,12095.0,12095.25,48.75,-100.0,-1.0256410256410255,SL,1,L|swing
2022-07-18 14:50:00-04:00,2022-07-18 14:50:00-04:00,2022-07-18 15:59:00-04:00,S,11942.25,11907.0,12016.0,73.75,68.5,0.46440677966101696,time,1,S|swing
2022-07-19 09:53:00-04:00,2022-07-19 09:53:00-04:00,2022-07-19 10:27:00-04:00,L,12028.75,12082.75,11992.25,36.5,106.0,1.452054794520548,TP,1,L|swing
2022-07-19 12:38:00-04:00,2022-07-19 12:38:00-04:00,2022-07-19 13:41:00-04:00,L,12192.5,12238.75,12161.0,31.5,90.5,1.4365079365079365,TP,1,L|swing
2022-07-20 09:35:00-04:00,2022-07-20 09:35:00-04:00,2022-07-20 10:25:00-04:00,L,12303.5,12374.25,12255.75,47.75,139.5,1.4607329842931938,TP,1,L|swing
2022-07-20 12:56:00-04:00,2022-07-20 12:56:00-04:00,2022-07-20 13:09:00-04:00,L,12456.25,12400.5,12400.75,55.5,-113.5,-1.0225225225225225,SL,1,L|swing
2022-07-20 14:08:00-04:00,2022-07-20 14:08:00-04:00,2022-07-20 14:39:00-04:00,L,12407.5,12460.75,12371.5,36.0,104.5,1.4513888888888888,TP,1,L|swing
2022-07-21 09:35:00-04:00,2022-07-21 09:35:00-04:00,2022-07-21 10:00:00-04:00,S,12415.5,12526.25,12526.0,110.5,-223.5,-1.01131221719457,SL,1,S|swing
2022-07-21 11:05:00-04:00,2022-07-21 11:05:00-04:00,2022-07-21 15:59:00-04:00,L,12497.25,12645.0,12385.75,111.5,293.5,1.3161434977578474,time,1,L|swing
2022-07-22 14:38:00-04:00,2022-07-22 14:38:00-04:00,2022-07-22 14:55:00-04:00,S,12365.0,12385.5,12385.25,20.25,-43.0,-1.0617283950617284,SL,1,S|swing
2022-07-22 14:59:00-04:00,2022-07-22 14:59:00-04:00,2022-07-22 15:06:00-04:00,S,12386.0,12371.25,12396.5,10.5,27.5,1.3095238095238095,TP,1,S|swing
2022-07-25 09:35:00-04:00,2022-07-25 09:35:00-04:00,2022-07-25 15:04:00-04:00,S,12382.5,12275.25,12454.5,72.0,212.5,1.4756944444444444,TP,1,S|swing
2022-07-26 10:50:00-04:00,2022-07-26 10:50:00-04:00,2022-07-26 11:05:00-04:00,S,12189.25,12162.25,12207.75,18.5,52.0,1.4054054054054055,TP,1,S|swing
2022-07-26 11:26:00-04:00,2022-07-26 11:26:00-04:00,2022-07-26 14:30:00-04:00,S,12159.0,12092.25,12204.0,45.0,131.5,1.461111111111111,TP,1,S|swing
2022-07-27 09:38:00-04:00,2022-07-27 09:38:00-04:00,2022-07-27 10:16:00-04:00,L,12339.25,12433.25,12276.0,63.25,186.0,1.4703557312252964,TP,1,L|swing
2022-07-27 12:26:00-04:00,2022-07-27 12:26:00-04:00,2022-07-27 12:57:00-04:00,L,12470.0,12429.75,12430.0,40.0,-82.5,-1.03125,SL,1,L|swing
2022-07-27 13:47:00-04:00,2022-07-27 13:47:00-04:00,2022-07-27 14:01:00-04:00,L,12438.75,12421.0,12421.25,17.5,-37.5,-1.0714285714285714,SL,1,L|swing
2022-07-27 14:41:00-04:00,2022-07-27 14:41:00-04:00,2022-07-27 15:59:00-04:00,L,12567.75,12615.25,12411.5,156.25,93.0,0.2976,time,1,L|swing
2022-07-28 09:44:00-04:00,2022-07-28 09:44:00-04:00,2022-07-28 11:26:00-04:00,S,12519.75,12654.75,12654.5,134.75,-272.0,-1.0092764378478665,SL,1,S|swing
2022-07-28 13:32:00-04:00,2022-07-28 13:32:00-04:00,2022-07-28 15:59:00-04:00,L,12690.25,12738.25,12627.25,63.0,94.0,0.746031746031746,time,1,L|swing
2022-07-29 10:35:00-04:00,2022-07-29 10:35:00-04:00,2022-07-29 10:43:00-04:00,L,12890.0,12919.5,12869.75,20.25,57.0,1.4074074074074074,TP,1,L|swing
2022-07-29 10:56:00-04:00,2022-07-29 10:56:00-04:00,2022-07-29 10:57:00-04:00,L,12890.0,12884.0,12884.25,5.75,-14.0,-1.2173913043478262,SL,1,L|swing
2022-07-29 10:59:00-04:00,2022-07-29 10:59:00-04:00,2022-07-29 13:53:00-04:00,S,12862.5,12930.25,12930.0,67.5,-137.5,-1.0185185185185186,SL,1,S|swing
2022-08-01 09:53:00-04:00,2022-08-01 09:53:00-04:00,2022-08-01 15:59:00-04:00,L,12999.75,12962.25,12851.0,148.75,-77.0,-0.25882352941176473,time,1,L|swing
2022-08-02 10:08:00-04:00,2022-08-02 10:08:00-04:00,2022-08-02 10:50:00-04:00,S,12868.0,12957.25,12957.0,89.0,-180.5,-1.0140449438202248,SL,1,S|swing
2022-08-02 11:56:00-04:00,2022-08-02 11:56:00-04:00,2022-08-02 12:28:00-04:00,L,12983.75,13077.0,12921.0,62.75,184.5,1.4701195219123506,TP,1,L|swing
2022-08-02 14:29:00-04:00,2022-08-02 14:29:00-04:00,2022-08-02 15:59:00-04:00,L,12976.75,12921.75,12913.75,63.0,-112.0,-0.8888888888888888,time,1,L|swing
2022-08-03 10:59:00-04:00,2022-08-03 10:59:00-04:00,2022-08-03 12:47:00-04:00,L,13141.25,13261.5,13060.5,80.75,238.5,1.4767801857585139,TP,1,L|swing
2022-08-04 10:35:00-04:00,2022-08-04 10:35:00-04:00,2022-08-04 15:11:00-04:00,S,13190.5,13331.0,13330.75,140.25,-283.0,-1.0089126559714796,SL,1,S|swing
2022-08-05 09:41:00-04:00,2022-08-05 09:41:00-04:00,2022-08-05 10:02:00-04:00,S,13164.25,13211.75,13211.5,47.25,-97.0,-1.0264550264550265,SL,1,S|swing
2022-08-05 11:11:00-04:00,2022-08-05 11:11:00-04:00,2022-08-05 15:59:00-04:00,S,13173.5,13226.75,13267.75,94.25,-108.5,-0.5755968169761273,time,1,S|swing
2022-08-08 10:53:00-04:00,2022-08-08 10:53:00-04:00,2022-08-08 10:57:00-04:00,L,13330.25,13316.0,13316.25,14.0,-30.5,-1.0892857142857142,SL,1,L|swing
2022-08-08 11:26:00-04:00,2022-08-08 11:26:00-04:00,2022-08-08 12:17:00-04:00,S,13289.5,13188.75,13357.25,67.75,199.5,1.4723247232472325,TP,1,S|swing
2022-08-08 12:56:00-04:00,2022-08-08 12:56:00-04:00,2022-08-08 13:13:00-04:00,S,13195.75,13218.25,13218.0,22.25,-47.0,-1.0561797752808988,SL,1,S|swing
2022-08-08 13:38:00-04:00,2022-08-08 13:38:00-04:00,2022-08-08 15:59:00-04:00,S,13173.75,13181.75,13232.25,58.5,-18.0,-0.15384615384615385,time,1,S|swing
2022-08-09 09:53:00-04:00,2022-08-09 09:53:00-04:00,2022-08-09 15:59:00-04:00,S,13022.75,13032.5,13112.5,89.75,-21.5,-0.11977715877437325,time,1,S|swing
2022-08-10 10:32:00-04:00,2022-08-10 10:32:00-04:00,2022-08-10 11:01:00-04:00,L,13282.75,13350.25,13237.25,45.5,133.0,1.4615384615384615,TP,1,L|swing
2022-08-10 13:17:00-04:00,2022-08-10 13:17:00-04:00,2022-08-10 15:59:00-04:00,L,13356.25,13393.5,13319.25,37.0,72.5,0.9797297297297297,time,1,L|swing
2022-08-11 10:44:00-04:00,2022-08-11 10:44:00-04:00,2022-08-11 10:46:00-04:00,L,13500.75,13490.0,13490.25,10.5,-23.5,-1.119047619047619,SL,1,L|swing
2022-08-11 10:53:00-04:00,2022-08-11 10:53:00-04:00,2022-08-11 11:03:00-04:00,L,13492.25,13465.5,13465.75,26.5,-55.5,-1.0471698113207548,SL,1,L|swing
2022-08-11 13:32:00-04:00,2022-08-11 13:32:00-04:00,2022-08-11 14:11:00-04:00,S,13407.0,13354.25,13442.75,35.75,103.5,1.4475524475524475,TP,1,S|swing
2022-08-12 09:44:00-04:00,2022-08-12 09:44:00-04:00,2022-08-12 14:34:00-04:00,L,13427.5,13529.75,13358.75,68.75,202.5,1.4727272727272727,TP,1,L|swing
2022-08-15 11:02:00-04:00,2022-08-15 11:02:00-04:00,2022-08-15 11:12:00-04:00,L,13567.75,13545.5,13545.75,22.0,-46.5,-1.0568181818181819,SL,1,L|swing
2022-08-15 12:59:00-04:00,2022-08-15 12:59:00-04:00,2022-08-15 13:42:00-04:00,L,13666.0,13643.75,13644.0,22.0,-46.5,-1.0568181818181819,SL,1,L|swing
2022-08-15 14:14:00-04:00,2022-08-15 14:14:00-04:00,2022-08-15 14:16:00-04:00,L,13648.0,13658.0,13640.75,7.25,18.0,1.2413793103448276,TP,1,L|swing
2022-08-15 14:32:00-04:00,2022-08-15 14:32:00-04:00,2022-08-15 15:13:00-04:00,L,13661.75,13692.25,13640.75,21.0,59.0,1.4047619047619047,TP,1,L|swing
2022-08-16 09:38:00-04:00,2022-08-16 09:38:00-04:00,2022-08-16 10:31:00-04:00,S,13614.0,13545.75,13660.0,46.0,134.5,1.4619565217391304,TP,1,S|swing
2022-08-16 10:53:00-04:00,2022-08-16 10:53:00-04:00,2022-08-16 11:12:00-04:00,S,13574.25,13591.5,13591.25,17.0,-36.5,-1.0735294117647058,SL,1,S|swing
2022-08-16 12:35:00-04:00,2022-08-16 12:35:00-04:00,2022-08-16 12:39:00-04:00,L,13661.0,13647.5,13647.75,13.25,-29.0,-1.0943396226415094,SL,1,L|swing
2022-08-16 12:41:00-04:00,2022-08-16 12:41:00-04:00,2022-08-16 12:42:00-04:00,L,13652.5,13646.75,13647.0,5.5,-13.5,-1.2272727272727273,SL,1,L|swing
2022-08-16 12:44:00-04:00,2022-08-16 12:44:00-04:00,2022-08-16 13:36:00-04:00,S,13637.0,13684.75,13684.5,47.5,-97.5,-1.0263157894736843,SL,1,S|swing
2022-08-16 14:38:00-04:00,2022-08-16 14:38:00-04:00,2022-08-16 15:59:00-04:00,S,13635.75,13654.0,13740.75,105.0,-38.5,-0.18333333333333332,time,1,S|swing
2022-08-17 09:41:00-04:00,2022-08-17 09:41:00-04:00,2022-08-17 14:09:00-04:00,S,13493.25,13566.75,13566.5,73.25,-149.0,-1.0170648464163823,SL,1,S|swing
2022-08-17 14:14:00-04:00,2022-08-17 14:14:00-04:00,2022-08-17 15:59:00-04:00,L,13580.5,13495.75,13472.5,108.0,-171.5,-0.7939814814814815,time,1,L|swing
2022-08-18 09:35:00-04:00,2022-08-18 09:35:00-04:00,2022-08-18 10:41:00-04:00,S,13451.25,13516.0,13515.75,64.5,-131.5,-1.0193798449612403,SL,1,S|swing
2022-08-18 13:20:00-04:00,2022-08-18 13:20:00-04:00,2022-08-18 15:59:00-04:00,L,13539.0,13528.25,13501.0,38.0,-23.5,-0.3092105263157895,time,1,L|swing
2022-08-19 09:38:00-04:00,2022-08-19 09:38:00-04:00,2022-08-19 10:11:00-04:00,S,13371.25,13290.75,13425.5,54.25,159.0,1.4654377880184333,TP,1,S|swing
2022-08-19 12:29:00-04:00,2022-08-19 12:29:00-04:00,2022-08-19 12:36:00-04:00,S,13270.0,13289.75,13289.5,19.5,-41.5,-1.064102564102564,SL,1,S|swing
2022-08-19 12:41:00-04:00,2022-08-19 12:41:00-04:00,2022-08-19 12:44:00-04:00,S,13285.75,13296.5,13296.25,10.5,-23.5,-1.119047619047619,SL,1,S|swing
2022-08-19 13:14:00-04:00,2022-08-19 13:14:00-04:00,2022-08-19 13:31:00-04:00,S,13280.75,13235.25,13311.75,31.0,89.0,1.435483870967742,TP,1,S|swing
2022-08-19 14:35:00-04:00,2022-08-19 14:35:00-04:00,2022-08-19 15:02:00-04:00,S,13260.5,13239.75,13275.0,14.5,39.5,1.3620689655172413,TP,1,S|swing
2022-08-22 09:47:00-04:00,2022-08-22 09:47:00-04:00,2022-08-22 10:34:00-04:00,S,13040.75,12964.25,13092.25,51.5,151.0,1.4660194174757282,TP,1,S|swing
2022-08-22 12:05:00-04:00,2022-08-22 12:05:00-04:00,2022-08-22 12:09:00-04:00,S,12990.0,12973.75,13001.5,11.5,30.5,1.326086956521739,TP,1,S|swing
2022-08-22 12:14:00-04:00,2022-08-22 12:14:00-04:00,2022-08-22 13:32:00-04:00,S,12972.75,12930.5,13001.5,28.75,82.5,1.434782608695652,TP,1,S|swing
2022-08-23 10:41:00-04:00,2022-08-23 10:41:00-04:00,2022-08-23 10:51:00-04:00,L,12944.75,12967.25,12929.25,15.5,43.0,1.3870967741935485,TP,1,L|swing
2022-08-23 12:14:00-04:00,2022-08-23 12:14:00-04:00,2022-08-23 13:15:00-04:00,S,12911.25,12942.5,12942.25,31.0,-64.5,-1.0403225806451613,SL,1,S|swing
2022-08-23 14:23:00-04:00,2022-08-23 14:23:00-04:00,2022-08-23 15:45:00-04:00,L,12949.5,12904.75,12905.0,44.5,-91.5,-1.0280898876404494,SL,1,L|swing
2022-08-24 10:05:00-04:00,2022-08-24 10:05:00-04:00,2022-08-24 10:19:00-04:00,S,12884.5,12929.5,12929.25,44.75,-92.0,-1.0279329608938548,SL,1,S|swing
2022-08-24 10:35:00-04:00,2022-08-24 10:35:00-04:00,2022-08-24 15:59:00-04:00,L,12948.0,12933.75,12881.0,67.0,-30.5,-0.22761194029850745,time,1,L|swing
2022-08-25 09:59:00-04:00,2022-08-25 09:59:00-04:00,2022-08-25 15:59:00-04:00,L,13044.0,13158.25,12961.75,82.25,226.5,1.3768996960486322,time,1,L|swing
2022-08-26 09:35:00-04:00,2022-08-26 09:35:00-04:00,2022-08-26 09:46:00-04:00,L,13153.25,13115.75,13116.0,37.25,-77.0,-1.0335570469798658,SL,1,L|swing
2022-08-26 09:47:00-04:00,2022-08-26 09:47:00-04:00,2022-08-26 10:03:00-04:00,S,13112.5,12996.25,13190.5,78.0,230.5,1.4775641025641026,TP,1,S|swing
2022-08-26 12:26:00-04:00,2022-08-26 12:26:00-04:00,2022-08-26 13:06:00-04:00,S,12769.75,12818.5,12818.25,48.5,-99.5,-1.0257731958762886,SL,1,S|swing
2022-08-26 13:29:00-04:00,2022-08-26 13:29:00-04:00,2022-08-26 14:17:00-04:00,S,12780.5,12722.5,12819.75,39.25,114.0,1.4522292993630572,TP,1,S|swing
2022-08-29 12:05:00-04:00,2022-08-29 12:05:00-04:00,2022-08-29 15:59:00-04:00,L,12550.25,12494.5,12457.25,93.0,-113.5,-0.6102150537634409,time,1,L|swing
2022-08-30 09:44:00-04:00,2022-08-30 09:44:00-04:00,2022-08-30 10:31:00-04:00,S,12504.75,12381.5,12587.5,82.75,244.5,1.4773413897280967,TP,1,S|swing
2022-08-30 11:59:00-04:00,2022-08-30 11:59:00-04:00,2022-08-30 12:15:00-04:00,S,12344.0,12381.5,12381.25,37.25,-77.0,-1.0335570469798658,SL,1,S|swing
2022-08-30 12:17:00-04:00,2022-08-30 12:17:00-04:00,2022-08-30 12:27:00-04:00,S,12370.75,12333.75,12396.0,25.25,72.0,1.4257425742574257,TP,1,S|swing
2022-08-30 14:17:00-04:00,2022-08-30 14:17:00-04:00,2022-08-30 14:27:00-04:00,S,12308.25,12284.0,12325.0,16.75,46.5,1.3880597014925373,TP,1,S|swing
2022-08-31 09:50:00-04:00,2022-08-31 09:50:00-04:00,2022-08-31 10:18:00-04:00,L,12497.25,12390.0,12390.25,107.0,-216.5,-1.0116822429906542,SL,1,L|swing
2022-08-31 10:47:00-04:00,2022-08-31 10:47:00-04:00,2022-08-31 11:01:00-04:00,S,12399.0,12338.75,12439.75,40.75,118.5,1.4539877300613497,TP,1,S|swing
2022-08-31 12:35:00-04:00,2022-08-31 12:35:00-04:00,2022-08-31 13:20:00-04:00,S,12369.75,12326.75,12399.0,29.25,84.0,1.435897435897436,TP,1,S|swing
2022-09-01 09:50:00-04:00,2022-09-01 09:50:00-04:00,2022-09-01 10:48:00-04:00,S,12160.0,12064.5,12224.25,64.25,189.0,1.4708171206225682,TP,1,S|swing
2022-09-01 14:14:00-04:00,2022-09-01 14:14:00-04:00,2022-09-01 14:15:00-04:00,S,12109.0,12115.25,12115.0,6.0,-14.5,-1.2083333333333333,SL,1,S|swing
2022-09-02 10:26:00-04:00,2022-09-02 10:26:00-04:00,2022-09-02 12:36:00-04:00,L,12395.5,12271.75,12272.0,123.5,-249.5,-1.0101214574898785,SL,1,L|swing
2022-09-05 12:11:00-04:00,2022-09-05 12:11:00-04:00,2022-09-05 12:49:00-04:00,L,12154.25,12129.5,12129.75,24.5,-51.5,-1.0510204081632653,SL,1,L|swing
2022-09-06 11:26:00-04:00,2022-09-06 11:26:00-04:00,2022-09-06 11:42:00-04:00,S,12064.75,12139.75,12139.5,74.75,-152.0,-1.0167224080267558,SL,1,S|swing
2022-09-06 12:53:00-04:00,2022-09-06 12:53:00-04:00,2022-09-06 12:57:00-04:00,S,12055.5,12073.5,12073.25,17.75,-38.0,-1.0704225352112675,SL,1,S|swing
2022-09-06 13:29:00-04:00,2022-09-06 13:29:00-04:00,2022-09-06 15:15:00-04:00,S,11983.25,12062.25,12062.0,78.75,-160.0,-1.0158730158730158,SL,1,S|swing
2022-09-07 12:41:00-04:00,2022-09-07 12:41:00-04:00,2022-09-07 14:54:00-04:00,L,12170.25,12273.75,12100.75,69.5,205.0,1.474820143884892,TP,1,L|swing
2022-09-08 11:50:00-04:00,2022-09-08 11:50:00-04:00,2022-09-08 11:51:00-04:00,L,12313.5,12307.75,12308.0,5.5,-13.5,-1.2272727272727273,SL,1,L|swing
2022-09-08 13:56:00-04:00,2022-09-08 13:56:00-04:00,2022-09-08 15:54:00-04:00,S,12234.5,12302.75,12302.5,68.0,-138.5,-1.0183823529411764,SL,1,S|swing
2022-09-09 09:38:00-04:00,2022-09-09 09:38:00-04:00,2022-09-09 10:41:00-04:00,L,12466.5,12556.75,12405.75,60.75,178.5,1.4691358024691359,TP,1,L|swing
2022-09-09 12:17:00-04:00,2022-09-09 12:17:00-04:00,2022-09-09 12:19:00-04:00,L,12529.0,12538.75,12522.0,7.0,17.5,1.25,TP,1,L|swing
2022-09-09 12:41:00-04:00,2022-09-09 12:41:00-04:00,2022-09-09 15:59:00-04:00,L,12558.25,12590.0,12509.75,48.5,61.5,0.634020618556701,time,1,L|swing
2022-09-12 11:29:00-04:00,2022-09-12 11:29:00-04:00,2022-09-12 11:56:00-04:00,L,12733.0,12674.25,12674.5,58.5,-119.5,-1.0213675213675213,SL,1,L|swing
2022-09-12 14:20:00-04:00,2022-09-12 14:20:00-04:00,2022-09-12 14:22:00-04:00,L,12716.75,12698.5,12698.75,18.0,-38.5,-1.0694444444444444,SL,1,L|swing
2022-09-12 14:41:00-04:00,2022-09-12 14:41:00-04:00,2022-09-12 15:59:00-04:00,L,12708.5,12742.5,12680.5,28.0,66.0,1.1785714285714286,time,1,L|swing
2022-09-13 11:53:00-04:00,2022-09-13 11:53:00-04:00,2022-09-13 12:00:00-04:00,S,12203.25,12188.75,12213.5,10.25,27.0,1.3170731707317074,TP,1,S|swing
2022-09-13 12:05:00-04:00,2022-09-13 12:05:00-04:00,2022-09-13 12:06:00-04:00,S,12209.25,12216.75,12216.5,7.25,-17.0,-1.1724137931034482,SL,1,S|swing
2022-09-13 13:50:00-04:00,2022-09-13 13:50:00-04:00,2022-09-13 14:26:00-04:00,S,12225.75,12180.75,12256.25,30.5,88.0,1.4426229508196722,TP,1,S|swing
2022-09-16 09:35:00-04:00,2022-09-16 09:35:00-04:00,2022-09-16 10:13:00-04:00,S,11824.75,11872.0,11871.75,47.0,-96.5,-1.0265957446808511,SL,1,S|swing
2022-09-16 10:29:00-04:00,2022-09-16 10:29:00-04:00,2022-09-16 10:32:00-04:00,S,11847.75,11887.25,11887.0,39.25,-81.0,-1.0318471337579618,SL,1,S|swing
2022-09-16 10:41:00-04:00,2022-09-16 10:41:00-04:00,2022-09-16 10:48:00-04:00,L,11887.25,11835.0,11835.25,52.0,-106.5,-1.0240384615384615,SL,1,L|swing
2022-09-16 10:59:00-04:00,2022-09-16 10:59:00-04:00,2022-09-16 15:04:00-04:00,S,11816.25,11915.75,11915.5,99.25,-201.0,-1.012594458438287,SL,1,S|swing
2022-09-19 12:32:00-04:00,2022-09-19 12:32:00-04:00,2022-09-19 15:00:00-04:00,L,11890.0,11952.25,11848.0,42.0,122.5,1.4583333333333333,TP,1,L|swing
2022-09-20 11:41:00-04:00,2022-09-20 11:41:00-04:00,2022-09-20 11:52:00-04:00,S,11960.75,11987.5,11987.25,26.5,-55.5,-1.0471698113207548,SL,1,S|swing
2022-09-20 11:53:00-04:00,2022-09-20 11:53:00-04:00,2022-09-20 12:32:00-04:00,L,12002.75,11950.75,11951.0,51.75,-106.0,-1.0241545893719808,SL,1,L|swing
2022-09-20 12:44:00-04:00,2022-09-20 12:44:00-04:00,2022-09-20 13:55:00-04:00,S,11943.25,11844.25,12009.75,66.5,196.0,1.4736842105263157,TP,1,S|swing
2022-09-20 14:41:00-04:00,2022-09-20 14:41:00-04:00,2022-09-20 14:46:00-04:00,S,11860.25,11897.0,11896.75,36.5,-75.5,-1.0342465753424657,SL,1,S|swing
2022-09-21 10:23:00-04:00,2022-09-21 10:23:00-04:00,2022-09-21 10:47:00-04:00,L,11973.75,11951.25,11951.5,22.25,-47.0,-1.0561797752808988,SL,1,L|swing
2022-09-21 11:32:00-04:00,2022-09-21 11:32:00-04:00,2022-09-21 13:47:00-04:00,L,11968.25,12012.25,11938.25,30.0,86.0,1.4333333333333333,TP,1,L|swing
2022-09-21 14:02:00-04:00,2022-09-21 14:02:00-04:00,2022-09-21 14:44:00-04:00,S,11872.25,12068.25,12068.0,195.75,-394.0,-1.0063856960408684,SL,1,S|swing
2022-09-22 09:38:00-04:00,2022-09-22 09:38:00-04:00,2022-09-22 15:59:00-04:00,S,11626.25,11563.0,11704.5,78.25,124.5,0.7955271565495208,time,1,S|swing
2022-09-23 11:26:00-04:00,2022-09-23 11:26:00-04:00,2022-09-23 11:44:00-04:00,S,11400.75,11362.75,11426.75,26.0,74.0,1.4230769230769231,TP,1,S|swing
2022-09-26 10:44:00-04:00,2022-09-26 10:44:00-04:00,2022-09-26 10:46:00-04:00,L,11491.0,11463.25,11463.5,27.5,-57.5,-1.0454545454545454,SL,1,L|swing
2022-09-26 14:29:00-04:00,2022-09-26 14:29:00-04:00,2022-09-26 14:49:00-04:00,S,11324.25,11372.75,11372.5,48.25,-99.0,-1.0259067357512954,SL,1,S|swing
2022-09-27 10:02:00-04:00,2022-09-27 10:02:00-04:00,2022-09-27 12:19:00-04:00,S,11436.0,11238.5,11568.25,132.25,393.0,1.4858223062381852,TP,1,S|swing
2022-09-27 13:08:00-04:00,2022-09-27 13:08:00-04:00,2022-09-27 14:39:00-04:00,S,11274.75,11312.25,11312.0,37.25,-77.0,-1.0335570469798658,SL,1,S|swing
2022-09-28 10:29:00-04:00,2022-09-28 10:29:00-04:00,2022-09-28 15:49:00-04:00,L,11406.5,11608.25,11271.5,135.0,401.5,1.487037037037037,TP,1,L|swing
2022-09-29 11:20:00-04:00,2022-09-29 11:20:00-04:00,2022-09-29 11:52:00-04:00,S,11195.75,11254.75,11254.5,58.75,-120.0,-1.0212765957446808,SL,1,S|swing
2022-09-29 11:56:00-04:00,2022-09-29 11:56:00-04:00,2022-09-29 12:11:00-04:00,S,11259.25,11236.5,11275.0,15.75,43.5,1.380952380952381,TP,1,S|swing
2022-09-30 12:59:00-04:00,2022-09-30 12:59:00-04:00,2022-09-30 13:40:00-04:00,S,11226.75,11172.75,11263.25,36.5,106.0,1.452054794520548,TP,1,S|swing
2022-09-30 14:41:00-04:00,2022-09-30 14:41:00-04:00,2022-09-30 15:28:00-04:00,S,11152.75,11094.75,11192.0,39.25,114.0,1.4522292993630572,TP,1,S|swing
2022-10-03 10:02:00-04:00,2022-10-03 10:02:00-04:00,2022-10-03 14:57:00-04:00,L,11163.5,11348.25,11039.75,123.75,367.5,1.4848484848484849,TP,1,L|swing
2022-10-04 10:35:00-04:00,2022-10-04 10:35:00-04:00,2022-10-04 12:20:00-04:00,L,11651.0,11621.75,11622.0,29.0,-60.5,-1.043103448275862,SL,1,L|swing
2022-10-04 14:02:00-04:00,2022-10-04 14:02:00-04:00,2022-10-04 15:59:00-04:00,L,11613.25,11643.5,11562.25,51.0,58.5,0.5735294117647058,time,1,L|swing
2022-10-05 09:35:00-04:00,2022-10-05 09:35:00-04:00,2022-10-05 09:37:00-04:00,S,11522.75,11498.75,11539.25,16.5,46.0,1.393939393939394,TP,1,S|swing
2022-10-06 10:14:00-04:00,2022-10-06 10:14:00-04:00,2022-10-06 15:59:00-04:00,S,11547.25,11542.75,11712.0,164.75,7.0,0.021244309559939303,time,1,S|swing
2022-10-07 11:20:00-04:00,2022-10-07 11:20:00-04:00,2022-10-07 14:21:00-04:00,S,11198.25,11103.25,11262.25,64.0,188.0,1.46875,TP,1,S|swing
2022-10-10 10:38:00-04:00,2022-10-10 10:38:00-04:00,2022-10-10 15:59:00-04:00,S,10962.75,10981.0,11068.5,105.75,-38.5,-0.18203309692671396,time,1,S|swing
2022-10-11 13:35:00-04:00,2022-10-11 13:35:00-04:00,2022-10-11 14:11:00-04:00,L,10963.75,10940.0,10940.25,23.5,-49.5,-1.053191489361702,SL,1,L|swing
2022-10-11 14:26:00-04:00,2022-10-11 14:26:00-04:00,2022-10-11 14:45:00-04:00,L,10950.5,10919.5,10919.75,30.75,-64.0,-1.0406504065040652,SL,1,L|swing
2022-10-12 10:11:00-04:00,2022-10-12 10:11:00-04:00,2022-10-12 15:59:00-04:00,S,10839.0,10837.0,10945.75,106.75,2.0,0.00936768149882904,time,1,S|swing
2022-10-13 11:08:00-04:00,2022-10-13 11:08:00-04:00,2022-10-13 11:09:00-04:00,S,10743.25,10751.5,10751.25,8.0,-18.5,-1.15625,SL,1,S|swing
2022-10-13 11:17:00-04:00,2022-10-13 11:17:00-04:00,2022-10-13 15:59:00-04:00,L,10881.5,11081.5,10642.25,239.25,398.0,0.831765935214211,time,1,L|swing
2022-10-14 09:38:00-04:00,2022-10-14 09:38:00-04:00,2022-10-14 09:44:00-04:00,L,11162.5,11104.5,11104.75,57.75,-118.0,-1.0216450216450217,SL,1,L|swing
2022-10-14 13:41:00-04:00,2022-10-14 13:41:00-04:00,2022-10-14 13:59:00-04:00,S,10832.0,10850.0,10849.75,17.75,-38.0,-1.0704225352112675,SL,1,S|swing
2022-10-17 11:23:00-04:00,2022-10-17 11:23:00-04:00,2022-10-17 11:42:00-04:00,L,11061.25,11118.75,11022.25,39.0,113.0,1.4487179487179487,TP,1,L|swing
2022-10-17 13:38:00-04:00,2022-10-17 13:38:00-04:00,2022-10-17 15:59:00-04:00,L,11119.5,11110.5,11086.0,33.5,-20.0,-0.29850746268656714,time,1,L|swing
2022-10-18 13:11:00-04:00,2022-10-18 13:11:00-04:00,2022-10-18 13:55:00-04:00,S,11188.75,11248.0,11247.75,59.0,-120.5,-1.021186440677966,SL,1,S|swing
2022-10-18 14:38:00-04:00,2022-10-18 14:38:00-04:00,2022-10-18 15:59:00-04:00,S,11163.5,11203.25,11243.5,80.0,-81.5,-0.509375,time,1,S|swing
2022-10-19 09:41:00-04:00,2022-10-19 09:41:00-04:00,2022-10-19 10:14:00-04:00,S,11146.75,11213.75,11213.5,66.75,-136.0,-1.0187265917602997,SL,1,S|swing
2022-10-19 10:38:00-04:00,2022-10-19 10:38:00-04:00,2022-10-19 11:36:00-04:00,L,11253.0,11159.75,11160.0,93.0,-188.5,-1.0134408602150538,SL,1,L|swing
2022-10-19 14:26:00-04:00,2022-10-19 14:26:00-04:00,2022-10-19 15:00:00-04:00,S,11131.5,11098.75,11154.0,22.5,63.5,1.4111111111111112,TP,1,S|swing
2022-10-20 09:41:00-04:00,2022-10-20 09:41:00-04:00,2022-10-20 09:50:00-04:00,L,11137.0,11204.75,11091.25,45.75,133.5,1.459016393442623,TP,1,L|swing
2022-10-20 11:23:00-04:00,2022-10-20 11:23:00-04:00,2022-10-20 11:27:00-04:00,L,11295.75,11275.5,11275.75,20.0,-42.5,-1.0625,SL,1,L|swing
2022-10-21 10:41:00-04:00,2022-10-21 10:41:00-04:00,2022-10-21 11:00:00-04:00,L,11121.75,11078.75,11079.0,42.75,-88.0,-1.0292397660818713,SL,1,L|swing
2022-10-21 11:23:00-04:00,2022-10-21 11:23:00-04:00,2022-10-21 11:47:00-04:00,L,11108.25,11193.75,11050.75,57.5,169.0,1.4695652173913043,TP,1,L|swing
2022-10-21 13:05:00-04:00,2022-10-21 13:05:00-04:00,2022-10-21 15:26:00-04:00,L,11255.0,11360.25,11184.25,70.75,208.5,1.4734982332155477,TP,1,L|swing
2022-10-24 09:41:00-04:00,2022-10-24 09:41:00-04:00,2022-10-24 09:45:00-04:00,S,11336.25,11399.0,11398.75,62.5,-127.5,-1.02,SL,1,S|swing
2022-10-24 09:53:00-04:00,2022-10-24 09:53:00-04:00,2022-10-24 10:02:00-04:00,L,11373.5,11299.75,11300.0,73.5,-149.5,-1.0170068027210883,SL,1,L|swing
2022-10-24 11:53:00-04:00,2022-10-24 11:53:00-04:00,2022-10-24 15:02:00-04:00,L,11402.25,11491.0,11342.5,59.75,175.5,1.4686192468619246,TP,1,L|swing
2022-10-25 12:17:00-04:00,2022-10-25 12:17:00-04:00,2022-10-25 12:40:00-04:00,L,11694.75,11671.0,11671.25,23.5,-49.5,-1.053191489361702,SL,1,L|swing
2022-10-25 13:53:00-04:00,2022-10-25 13:53:00-04:00,2022-10-25 14:04:00-04:00,L,11641.75,11663.25,11626.75,15.0,41.0,1.3666666666666667,TP,1,L|swing
2022-10-26 11:56:00-04:00,2022-10-26 11:56:00-04:00,2022-10-26 12:01:00-04:00,L,11663.25,11675.5,11654.5,8.75,22.5,1.2857142857142858,TP,1,L|swing
2022-10-27 10:20:00-04:00,2022-10-27 10:20:00-04:00,2022-10-27 12:28:00-04:00,L,11433.25,11263.0,11263.25,170.0,-342.5,-1.0073529411764706,SL,1,L|swing
2022-10-27 13:23:00-04:00,2022-10-27 13:23:00-04:00,2022-10-27 13:34:00-04:00,S,11314.5,11280.25,11338.0,23.5,66.5,1.4148936170212767,TP,1,S|swing
2022-10-27 13:47:00-04:00,2022-10-27 13:47:00-04:00,2022-10-27 15:59:00-04:00,S,11276.5,11241.5,11338.0,61.5,68.0,0.5528455284552846,time,1,S|swing
2022-10-28 10:44:00-04:00,2022-10-28 10:44:00-04:00,2022-10-28 15:59:00-04:00,L,11432.0,11584.0,11290.75,141.25,302.0,1.0690265486725663,time,1,L|swing
2022-10-31 10:56:00-04:00,2022-10-31 10:56:00-04:00,2022-10-31 11:07:00-04:00,S,11406.75,11437.0,11436.75,30.0,-62.5,-1.0416666666666667,SL,1,S|swing
2022-10-31 12:53:00-04:00,2022-10-31 12:53:00-04:00,2022-10-31 13:29:00-04:00,S,11431.0,11488.75,11488.5,57.5,-117.5,-1.0217391304347827,SL,1,S|swing
2022-11-01 11:20:00-04:00,2022-11-01 11:20:00-04:00,2022-11-01 12:06:00-04:00,S,11359.25,11397.0,11396.75,37.5,-77.5,-1.0333333333333334,SL,1,S|swing
2022-11-01 12:08:00-04:00,2022-11-01 12:08:00-04:00,2022-11-01 12:13:00-04:00,S,11390.0,11358.75,11411.5,21.5,60.5,1.4069767441860466,TP,1,S|swing
2022-11-01 13:26:00-04:00,2022-11-01 13:26:00-04:00,2022-11-01 13:36:00-04:00,S,11356.0,11328.25,11375.0,19.0,53.5,1.4078947368421053,TP,1,S|swing
2022-11-01 13:44:00-04:00,2022-11-01 13:44:00-04:00,2022-11-01 14:59:00-04:00,S,11343.25,11374.75,11374.5,31.25,-65.0,-1.04,SL,1,S|swing
2022-11-02 13:02:00-04:00,2022-11-02 13:02:00-04:00,2022-11-02 13:40:00-04:00,S,11229.5,11245.75,11245.5,16.0,-34.5,-1.078125,SL,1,S|swing
2022-11-02 14:50:00-04:00,2022-11-02 14:50:00-04:00,2022-11-02 15:59:00-04:00,S,11222.5,10939.0,11460.0,237.5,565.0,1.1894736842105262,time,1,S|swing
2022-11-03 09:50:00-04:00,2022-11-03 09:50:00-04:00,2022-11-03 10:45:00-04:00,S,10772.0,10848.75,10848.5,76.5,-155.5,-1.0163398692810457,SL,1,S|swing
2022-11-03 11:47:00-04:00,2022-11-03 11:47:00-04:00,2022-11-03 12:01:00-04:00,S,10791.25,10752.0,10818.0,26.75,76.5,1.4299065420560748,TP,1,S|swing
2022-11-03 12:20:00-04:00,2022-11-03 12:20:00-04:00,2022-11-03 12:35:00-04:00,S,10814.25,10793.0,10829.0,14.75,40.5,1.3728813559322033,TP,1,S|swing
2022-11-03 13:56:00-04:00,2022-11-03 13:56:00-04:00,2022-11-03 14:27:00-04:00,S,10788.0,10807.75,10807.5,19.5,-41.5,-1.064102564102564,SL,1,S|swing
2022-11-03 14:29:00-04:00,2022-11-03 14:29:00-04:00,2022-11-03 14:32:00-04:00,S,10805.0,10814.75,10814.5,9.5,-21.5,-1.131578947368421,SL,1,S|swing
2022-11-03 14:35:00-04:00,2022-11-03 14:35:00-04:00,2022-11-03 15:44:00-04:00,S,10801.5,10777.25,10818.25,16.75,46.5,1.3880597014925373,TP,1,S|swing
2022-11-04 10:35:00-04:00,2022-11-04 10:35:00-04:00,2022-11-04 11:37:00-04:00,L,10929.5,10806.0,10806.25,123.25,-249.0,-1.0101419878296145,SL,1,L|swing
2022-11-04 12:56:00-04:00,2022-11-04 12:56:00-04:00,2022-11-04 14:43:00-04:00,S,10710.75,10792.25,10792.0,81.25,-165.0,-1.0153846153846153,SL,1,S|swing
2022-11-07 11:50:00-05:00,2022-11-07 11:50:00-05:00,2022-11-07 14:05:00-05:00,S,10889.0,10951.0,10950.75,61.75,-126.0,-1.0202429149797572,SL,1,S|swing
2022-11-08 10:20:00-05:00,2022-11-08 10:20:00-05:00,2022-11-08 11:25:00-05:00,L,11095.75,11180.25,11038.75,57.0,167.0,1.4649122807017543,TP,1,L|swing
2022-11-09 11:53:00-05:00,2022-11-09 11:53:00-05:00,2022-11-09 12:07:00-05:00,S,11006.25,10972.75,11029.25,23.0,65.0,1.4130434782608696,TP,1,S|swing
2022-11-10 09:44:00-05:00,2022-11-10 09:44:00-05:00,2022-11-10 09:49:00-05:00,L,11312.75,11377.75,11268.75,44.0,128.0,1.4545454545454546,TP,1,L|swing
2022-11-10 11:05:00-05:00,2022-11-10 11:05:00-05:00,2022-11-10 15:28:00-05:00,L,11443.25,11571.0,11357.5,85.75,253.5,1.478134110787172,TP,1,L|swing
2022-11-11 10:05:00-05:00,2022-11-11 10:05:00-05:00,2022-11-11 14:05:00-05:00,L,11684.0,11855.25,11569.25,114.75,340.5,1.4836601307189543,TP,1,L|swing
2022-11-14 12:05:00-05:00,2022-11-14 12:05:00-05:00,2022-11-14 12:21:00-05:00,L,11825.5,11784.25,11784.5,41.0,-84.5,-1.0304878048780488,SL,1,L|swing
2022-11-15 09:38:00-05:00,2022-11-15 09:38:00-05:00,2022-11-15 09:45:00-05:00,L,12018.75,12002.75,12003.0,15.75,-34.0,-1.0793650793650793,SL,1,L|swing
2022-11-15 11:32:00-05:00,2022-11-15 11:32:00-05:00,2022-11-15 13:18:00-05:00,L,12033.0,11945.0,11945.25,87.75,-178.0,-1.0142450142450143,SL,1,L|swing
2022-11-15 14:44:00-05:00,2022-11-15 14:44:00-05:00,2022-11-15 15:02:00-05:00,S,11896.25,11934.5,11934.25,38.0,-78.5,-1.0328947368421053,SL,1,S|swing
2022-11-16 12:02:00-05:00,2022-11-16 12:02:00-05:00,2022-11-16 12:44:00-05:00,S,11756.75,11795.0,11794.75,38.0,-78.5,-1.0328947368421053,SL,1,S|swing
2022-11-16 12:53:00-05:00,2022-11-16 12:53:00-05:00,2022-11-16 13:57:00-05:00,S,11798.25,11750.75,11830.5,32.25,93.0,1.441860465116279,TP,1,S|swing
2022-11-17 11:17:00-05:00,2022-11-17 11:17:00-05:00,2022-11-17 11:27:00-05:00,S,11619.75,11640.25,11640.0,20.25,-43.0,-1.0617283950617284,SL,1,S|swing
2022-11-17 13:20:00-05:00,2022-11-17 13:20:00-05:00,2022-11-17 14:07:00-05:00,L,11773.0,11723.0,11723.25,49.75,-102.0,-1.0251256281407035,SL,1,L|swing
2022-11-18 12:14:00-05:00,2022-11-18 12:14:00-05:00,2022-11-18 12:20:00-05:00,S,11659.75,11613.75,11691.0,31.25,90.0,1.44,TP,1,S|swing
2022-11-18 12:44:00-05:00,2022-11-18 12:44:00-05:00,2022-11-18 13:09:00-05:00,S,11630.75,11661.0,11660.75,30.0,-62.5,-1.0416666666666667,SL,1,S|swing
2022-11-18 13:41:00-05:00,2022-11-18 13:41:00-05:00,2022-11-18 15:00:00-05:00,S,11646.75,11676.75,11676.5,29.75,-62.0,-1.0420168067226891,SL,1,S|swing
2022-11-21 09:35:00-05:00,2022-11-21 09:35:00-05:00,2022-11-21 09:51:00-05:00,S,11640.75,11694.75,11694.5,53.75,-110.0,-1.0232558139534884,SL,1,S|swing
2022-11-21 11:56:00-05:00,2022-11-21 11:56:00-05:00,2022-11-21 13:36:00-05:00,S,11585.5,11617.25,11617.0,31.5,-65.5,-1.0396825396825398,SL,1,S|swing
2022-11-21 13:38:00-05:00,2022-11-21 13:38:00-05:00,2022-11-21 15:59:00-05:00,L,11633.25,11587.0,11574.75,58.5,-94.5,-0.8076923076923077,time,1,L|swing
2022-11-22 09:35:00-05:00,2022-11-22 09:35:00-05:00,2022-11-22 09:41:00-05:00,S,11594.0,11538.75,11631.5,37.5,108.5,1.4466666666666668,TP,1,S|swing
2022-11-22 10:14:00-05:00,2022-11-22 10:14:00-05:00,2022-11-22 15:47:00-05:00,L,11613.5,11741.75,11527.5,86.0,254.5,1.4796511627906976,TP,1,L|swing
2022-11-23 09:35:00-05:00,2022-11-23 09:35:00-05:00,2022-11-23 09:48:00-05:00,L,11781.0,11834.75,11744.5,36.5,105.5,1.4452054794520548,TP,1,L|swing
2022-11-23 11:41:00-05:00,2022-11-23 11:41:00-05:00,2022-11-23 11:47:00-05:00,L,11857.0,11845.75,11846.0,11.0,-24.5,-1.1136363636363635,SL,1,L|swing
2022-11-23 13:05:00-05:00,2022-11-23 13:05:00-05:00,2022-11-23 13:31:00-05:00,S,11769.75,11809.5,11809.25,39.5,-81.5,-1.0316455696202531,SL,1,S|swing
2022-11-24 09:53:00-05:00,2022-11-24 09:53:00-05:00,2022-11-24 10:57:00-05:00,S,11902.0,11919.25,11919.0,17.0,-36.5,-1.0735294117647058,SL,1,S|swing
2022-11-24 12:05:00-05:00,2022-11-24 12:05:00-05:00,2022-11-24 12:49:00-05:00,L,11921.5,11921.75,11914.5,7.0,-1.5,-0.10714285714285714,time,1,L|swing
2022-11-25 10:38:00-05:00,2022-11-25 10:38:00-05:00,2022-11-25 13:04:00-05:00,S,11800.0,11784.0,11828.25,28.25,30.0,0.5309734513274337,time,1,S|swing
2022-11-28 10:32:00-05:00,2022-11-28 10:32:00-05:00,2022-11-28 14:21:00-05:00,S,11700.75,11599.75,11768.75,68.0,200.0,1.4705882352941178,TP,1,S|swing
2022-11-28 14:59:00-05:00,2022-11-28 14:59:00-05:00,2022-11-28 15:13:00-05:00,S,11613.5,11597.25,11625.0,11.5,30.5,1.326086956521739,TP,1,S|swing
2022-11-29 10:53:00-05:00,2022-11-29 10:53:00-05:00,2022-11-29 11:04:00-05:00,S,11597.75,11536.75,11639.0,41.25,120.0,1.4545454545454546,TP,1,S|swing
2022-11-29 13:20:00-05:00,2022-11-29 13:20:00-05:00,2022-11-29 14:03:00-05:00,S,11504.0,11552.0,11551.75,47.75,-98.0,-1.0261780104712042,SL,1,S|swing
2022-11-29 14:05:00-05:00,2022-11-29 14:05:00-05:00,2022-11-29 14:24:00-05:00,S,11541.25,11521.75,11554.75,13.5,37.0,1.3703703703703705,TP,1,S|swing
2022-11-29 14:26:00-05:00,2022-11-29 14:26:00-05:00,2022-11-29 15:59:00-05:00,S,11513.5,11523.5,11554.75,41.25,-22.0,-0.26666666666666666,time,1,S|swing
2022-11-30 09:35:00-05:00,2022-11-30 09:35:00-05:00,2022-11-30 11:04:00-05:00,L,11562.75,11518.25,11518.5,44.25,-91.0,-1.0282485875706215,SL,1,L|swing
2022-11-30 12:02:00-05:00,2022-11-30 12:02:00-05:00,2022-11-30 12:12:00-05:00,L,11560.75,11543.75,11544.0,16.75,-36.0,-1.0746268656716418,SL,1,L|swing
2022-12-01 10:20:00-05:00,2022-12-01 10:20:00-05:00,2022-12-01 15:59:00-05:00,S,11972.25,12060.0,12145.0,172.75,-177.5,-0.5137481910274964,time,1,S|swing
2022-12-02 10:32:00-05:00,2022-12-02 10:32:00-05:00,2022-12-02 11:41:00-05:00,S,11894.75,11953.75,11953.5,58.75,-120.0,-1.0212765957446808,SL,1,S|swing
2022-12-02 12:41:00-05:00,2022-12-02 12:41:00-05:00,2022-12-02 14:56:00-05:00,S,11919.25,11980.25,11980.0,60.75,-124.0,-1.0205761316872428,SL,1,S|swing
2022-12-05 09:44:00-05:00,2022-12-05 09:44:00-05:00,2022-12-05 10:00:00-05:00,S,11953.25,11925.25,11972.5,19.25,54.0,1.4025974025974026,TP,1,S|swing
2022-12-05 11:23:00-05:00,2022-12-05 11:23:00-05:00,2022-12-05 13:03:00-05:00,S,11895.0,11811.5,11951.25,56.25,165.0,1.4666666666666666,TP,1,S|swing
2022-12-06 11:26:00-05:00,2022-12-06 11:26:00-05:00,2022-12-06 11:28:00-05:00,S,11628.25,11638.75,11638.5,10.25,-23.0,-1.1219512195121952,SL,1,S|swing
2022-12-06 12:17:00-05:00,2022-12-06 12:17:00-05:00,2022-12-06 15:59:00-05:00,S,11579.25,11562.75,11639.75,60.5,31.0,0.256198347107438,time,1,S|swing
2022-12-07 09:35:00-05:00,2022-12-07 09:35:00-05:00,2022-12-07 09:47:00-05:00,L,11569.5,11491.5,11491.75,77.75,-158.0,-1.0160771704180065,SL,1,L|swing
2022-12-07 10:35:00-05:00,2022-12-07 10:35:00-05:00,2022-12-07 10:50:00-05:00,S,11487.75,11538.25,11538.0,50.25,-103.0,-1.0248756218905473,SL,1,S|swing
2022-12-07 11:20:00-05:00,2022-12-07 11:20:00-05:00,2022-12-07 15:59:00-05:00,S,11498.25,11508.0,11581.0,82.75,-21.5,-0.1299093655589124,time,1,S|swing
2022-12-08 09:53:00-05:00,2022-12-08 09:53:00-05:00,2022-12-08 13:40:00-05:00,L,11557.25,11677.25,11476.75,80.5,238.0,1.4782608695652173,TP,1,L|swing
2022-12-08 14:38:00-05:00,2022-12-08 14:38:00-05:00,2022-12-08 15:24:00-05:00,L,11614.75,11653.25,11588.5,26.25,75.0,1.4285714285714286,TP,1,L|swing
2022-12-09 09:53:00-05:00,2022-12-09 09:53:00-05:00,2022-12-09 10:31:00-05:00,S,11601.5,11661.0,11660.75,59.25,-121.0,-1.021097046413502,SL,1,S|swing
2022-12-09 11:17:00-05:00,2022-12-09 11:17:00-05:00,2022-12-09 15:37:00-05:00,L,11677.25,11628.25,11628.5,48.75,-100.0,-1.0256410256410255,SL,1,L|swing
2022-12-12 09:38:00-05:00,2022-12-12 09:38:00-05:00,2022-12-12 09:50:00-05:00,S,11549.75,11599.75,11599.5,49.75,-102.0,-1.0251256281407035,SL,1,S|swing
2022-12-12 10:32:00-05:00,2022-12-12 10:32:00-05:00,2022-12-12 11:05:00-05:00,S,11564.5,11596.5,11596.25,31.75,-66.0,-1.0393700787401574,SL,1,S|swing
2022-12-12 11:14:00-05:00,2022-12-12 11:14:00-05:00,2022-12-12 15:23:00-05:00,L,11590.5,11678.75,11531.0,59.5,174.5,1.4663865546218486,TP,1,L|swing
2022-12-13 10:35:00-05:00,2022-12-13 10:35:00-05:00,2022-12-13 10:38:00-05:00,L,12008.25,11964.0,11964.25,44.0,-90.5,-1.0284090909090908,SL,1,L|swing
2022-12-13 11:05:00-05:00,2022-12-13 11:05:00-05:00,2022-12-13 11:47:00-05:00,L,11973.25,11923.5,11923.75,49.5,-101.5,-1.0252525252525253,SL,1,L|swing
2022-12-13 11:50:00-05:00,2022-12-13 11:50:00-05:00,2022-12-13 15:59:00-05:00,S,11889.75,11840.5,12018.25,128.5,96.5,0.3754863813229572,time,1,S|swing
2022-12-16 13:05:00-05:00,2022-12-16 13:05:00-05:00,2022-12-16 15:15:00-05:00,S,11289.25,11353.25,11353.0,63.75,-130.0,-1.0196078431372548,SL,1,S|swing
2022-12-19 10:38:00-05:00,2022-12-19 10:38:00-05:00,2022-12-19 11:01:00-05:00,S,11275.0,11223.75,11309.75,34.75,100.5,1.4460431654676258,TP,1,S|swing
2022-12-19 11:20:00-05:00,2022-12-19 11:20:00-05:00,2022-12-19 11:40:00-05:00,S,11237.0,11190.75,11268.5,31.5,90.5,1.4365079365079365,TP,1,S|swing
2022-12-19 13:02:00-05:00,2022-12-19 13:02:00-05:00,2022-12-19 13:22:00-05:00,S,11229.25,11249.0,11248.75,19.5,-41.5,-1.064102564102564,SL,1,S|swing
2022-12-19 13:32:00-05:00,2022-12-19 13:32:00-05:00,2022-12-19 14:01:00-05:00,S,11223.25,11175.75,11255.5,32.25,93.0,1.441860465116279,TP,1,S|swing
2022-12-20 09:35:00-05:00,2022-12-20 09:35:00-05:00,2022-12-20 09:57:00-05:00,S,11115.5,11152.0,11151.75,36.25,-75.0,-1.0344827586206897,SL,1,S|swing
2022-12-20 10:02:00-05:00,2022-12-20 10:02:00-05:00,2022-12-20 15:59:00-05:00,L,11188.5,11175.25,11066.0,122.5,-28.5,-0.11632653061224489,time,1,L|swing
2022-12-21 10:08:00-05:00,2022-12-21 10:08:00-05:00,2022-12-21 15:59:00-05:00,L,11284.75,11336.0,11201.5,83.25,100.5,0.6036036036036037,time,1,L|swing
2022-12-23 09:35:00-05:00,2022-12-23 09:35:00-05:00,2022-12-23 10:25:00-05:00,S,10958.25,11051.25,11051.0,92.75,-188.0,-1.013477088948787,SL,1,S|swing
2022-12-23 10:35:00-05:00,2022-12-23 10:35:00-05:00,2022-12-23 15:59:00-05:00,L,11062.25,11079.25,10915.5,146.75,32.0,0.10902896081771721,time,1,L|swing
2022-12-27 11:20:00-05:00,2022-12-27 11:20:00-05:00,2022-12-27 14:40:00-05:00,S,10959.0,10900.75,10998.5,39.5,114.5,1.4493670886075949,TP,1,S|swing
2022-12-27 14:53:00-05:00,2022-12-27 14:53:00-05:00,2022-12-27 15:12:00-05:00,S,10923.5,10934.75,10934.5,11.0,-24.5,-1.1136363636363635,SL,1,S|swing
2022-12-28 10:32:00-05:00,2022-12-28 10:32:00-05:00,2022-12-28 10:57:00-05:00,S,10919.5,10847.75,10968.0,48.5,141.5,1.458762886597938,TP,1,S|swing
2022-12-28 13:26:00-05:00,2022-12-28 13:26:00-05:00,2022-12-28 15:11:00-05:00,S,10846.75,10779.25,10892.25,45.5,133.0,1.4615384615384615,TP,1,S|swing
2022-12-29 09:35:00-05:00,2022-12-29 09:35:00-05:00,2022-12-29 10:08:00-05:00,L,10906.75,10981.75,10856.25,50.5,148.0,1.4653465346534653,TP,1,L|swing
2022-12-29 13:38:00-05:00,2022-12-29 13:38:00-05:00,2022-12-29 14:00:00-05:00,L,11029.25,11056.25,11010.75,18.5,52.0,1.4054054054054055,TP,1,L|swing
2022-12-29 14:02:00-05:00,2022-12-29 14:02:00-05:00,2022-12-29 15:59:00-05:00,L,11059.0,11032.0,11020.5,38.5,-56.0,-0.7272727272727273,time,1,L|swing
2022-12-30 09:47:00-05:00,2022-12-30 09:47:00-05:00,2022-12-30 10:47:00-05:00,S,10889.75,10948.25,10948.0,58.25,-119.0,-1.0214592274678111,SL,1,S|swing
2022-12-30 10:53:00-05:00,2022-12-30 10:53:00-05:00,2022-12-30 11:20:00-05:00,S,10945.25,10907.25,10971.25,26.0,74.0,1.4230769230769231,TP,1,S|swing
2022-12-30 11:35:00-05:00,2022-12-30 11:35:00-05:00,2022-12-30 11:57:00-05:00,S,10924.25,10948.25,10948.0,23.75,-50.0,-1.0526315789473684,SL,1,S|swing
2022-12-30 12:02:00-05:00,2022-12-30 12:02:00-05:00,2022-12-30 12:16:00-05:00,S,10939.0,10951.5,10951.25,12.25,-27.0,-1.1020408163265305,SL,1,S|swing
2022-12-30 13:11:00-05:00,2022-12-30 13:11:00-05:00,2022-12-30 13:20:00-05:00,S,10937.0,10909.0,10956.25,19.25,54.0,1.4025974025974026,TP,1,S|swing
2022-12-30 14:32:00-05:00,2022-12-30 14:32:00-05:00,2022-12-30 14:48:00-05:00,S,10906.5,10896.75,10913.5,7.0,17.5,1.25,TP,1,S|swing
2023-01-03 09:41:00-05:00,2023-01-03 09:41:00-05:00,2023-01-03 09:48:00-05:00,L,11171.5,11072.0,11072.25,99.25,-201.0,-1.012594458438287,SL,1,L|swing
2023-01-03 11:08:00-05:00,2023-01-03 11:08:00-05:00,2023-01-03 11:14:00-05:00,S,10948.5,10892.25,10986.5,38.0,110.5,1.4539473684210527,TP,1,S|swing
2023-01-03 11:20:00-05:00,2023-01-03 11:20:00-05:00,2023-01-03 15:59:00-05:00,S,10897.0,10942.75,10986.5,89.5,-93.5,-0.5223463687150838,time,1,S|swing
2023-01-04 09:35:00-05:00,2023-01-04 09:35:00-05:00,2023-01-04 09:46:00-05:00,L,11008.25,10961.25,10961.5,46.75,-96.0,-1.0267379679144386,SL,1,L|swing
2023-01-04 10:05:00-05:00,2023-01-04 10:05:00-05:00,2023-01-04 11:35:00-05:00,S,10904.75,11047.25,11047.0,142.25,-287.0,-1.0087873462214412,SL,1,S|swing
2023-01-04 13:17:00-05:00,2023-01-04 13:17:00-05:00,2023-01-04 14:02:00-05:00,L,11022.5,10975.75,10976.0,46.5,-95.5,-1.0268817204301075,SL,1,L|swing
2023-01-04 14:05:00-05:00,2023-01-04 14:05:00-05:00,2023-01-04 14:25:00-05:00,L,11015.75,10939.75,10940.0,75.75,-154.0,-1.0165016501650166,SL,1,L|swing
2023-01-05 11:38:00-05:00,2023-01-05 11:38:00-05:00,2023-01-05 11:45:00-05:00,S,10849.75,10882.25,10882.0,32.25,-67.0,-1.0387596899224807,SL,1,S|swing
2023-01-05 11:56:00-05:00,2023-01-05 11:56:00-05:00,2023-01-05 13:02:00-05:00,S,10862.25,10828.75,10885.25,23.0,65.0,1.4130434782608696,TP,1,S|swing
2023-01-05 14:26:00-05:00,2023-01-05 14:26:00-05:00,2023-01-05 14:37:00-05:00,S,10870.5,10886.5,10886.25,15.75,-34.0,-1.0793650793650793,SL,1,S|swing
2023-01-05 14:50:00-05:00,2023-01-05 14:50:00-05:00,2023-01-05 14:58:00-05:00,S,10900.5,10882.75,10913.0,12.5,33.5,1.34,TP,1,S|swing
2023-01-06 09:44:00-05:00,2023-01-06 09:44:00-05:00,2023-01-06 10:36:00-05:00,S,10786.25,10945.5,10945.25,159.0,-320.5,-1.0078616352201257,SL,1,S|swing
2023-01-06 10:38:00-05:00,2023-01-06 10:38:00-05:00,2023-01-06 13:37:00-05:00,L,10951.5,11059.0,10879.25,72.25,213.0,1.4740484429065743,TP,1,L|swing
2023-01-09 11:05:00-05:00,2023-01-09 11:05:00-05:00,2023-01-09 12:44:00-05:00,L,11356.5,11331.25,11331.5,25.0,-52.5,-1.05,SL,1,L|swing
2023-01-09 14:02:00-05:00,2023-01-09 14:02:00-05:00,2023-01-09 14:48:00-05:00,L,11302.0,11260.0,11260.25,41.75,-86.0,-1.029940119760479,SL,1,L|swing
2023-01-09 14:59:00-05:00,2023-01-09 14:59:00-05:00,2023-01-09 15:59:00-05:00,S,11226.75,11188.0,11306.0,79.25,75.5,0.47634069400630913,time,1,S|swing
2023-01-10 10:35:00-05:00,2023-01-10 10:35:00-05:00,2023-01-10 15:59:00-05:00,S,11152.0,11283.75,11283.5,131.5,-265.5,-1.0095057034220531,SL,1,S|swing
2023-01-11 10:05:00-05:00,2023-01-11 10:05:00-05:00,2023-01-11 10:27:00-05:00,L,11344.75,11381.0,11320.0,24.75,70.5,1.4242424242424243,TP,1,L|swing
2023-01-11 11:38:00-05:00,2023-01-11 11:38:00-05:00,2023-01-11 12:21:00-05:00,L,11367.0,11414.5,11334.75,32.25,93.0,1.441860465116279,TP,1,L|swing
2023-01-11 13:35:00-05:00,2023-01-11 13:35:00-05:00,2023-01-11 15:55:00-05:00,L,11420.25,11471.25,11385.75,34.5,100.0,1.4492753623188406,TP,1,L|swing
2023-01-12 10:35:00-05:00,2023-01-12 10:35:00-05:00,2023-01-12 15:59:00-05:00,L,11483.0,11531.0,11367.0,116.0,94.0,0.4051724137931034,time,1,L|swing
2023-01-13 10:05:00-05:00,2023-01-13 10:05:00-05:00,2023-01-13 15:59:00-05:00,L,11496.75,11607.5,11408.25,88.5,219.5,1.2401129943502824,time,1,L|swing
2023-01-16 09:35:00-05:00,2023-01-16 09:35:00-05:00,2023-01-16 10:10:00-05:00,L,11607.25,11583.75,11584.0,23.25,-49.0,-1.053763440860215,SL,1,L|swing
2023-01-16 10:56:00-05:00,2023-01-16 10:56:00-05:00,2023-01-16 11:19:00-05:00,L,11597.0,11586.25,11586.5,10.5,-23.5,-1.119047619047619,SL,1,L|swing
2023-01-16 11:32:00-05:00,2023-01-16 11:32:00-05:00,2023-01-16 12:49:00-05:00,S,11578.25,11567.75,11599.25,21.0,19.0,0.4523809523809524,time,1,S|swing
2023-01-17 09:47:00-05:00,2023-01-17 09:47:00-05:00,2023-01-17 10:03:00-05:00,L,11597.5,11669.25,11549.0,48.5,141.5,1.458762886597938,TP,1,L|swing
2023-01-17 11:32:00-05:00,2023-01-17 11:32:00-05:00,2023-01-17 15:59:00-05:00,L,11602.0,11626.75,11554.75,47.25,47.5,0.5026455026455027,time,1,L|swing
2023-01-18 10:08:00-05:00,2023-01-18 10:08:00-05:00,2023-01-18 10:37:00-05:00,L,11755.25,11672.25,11672.5,82.75,-168.0,-1.0151057401812689,SL,1,L|swing
2023-01-18 12:44:00-05:00,2023-01-18 12:44:00-05:00,2023-01-18 15:50:00-05:00,S,11527.0,11479.25,11559.5,32.5,93.5,1.4384615384615385,TP,1,S|swing
2023-01-19 09:47:00-05:00,2023-01-19 09:47:00-05:00,2023-01-19 14:36:00-05:00,S,11369.0,11447.25,11447.0,78.0,-158.5,-1.016025641025641,SL,1,S|swing
2023-01-20 09:50:00-05:00,2023-01-20 09:50:00-05:00,2023-01-20 11:29:00-05:00,L,11441.0,11527.5,11382.75,58.25,171.0,1.4678111587982832,TP,1,L|swing
2023-01-20 12:38:00-05:00,2023-01-20 12:38:00-05:00,2023-01-20 13:10:00-05:00,L,11539.25,11523.75,11524.0,15.25,-33.0,-1.0819672131147542,SL,1,L|swing
2023-01-20 13:14:00-05:00,2023-01-20 13:14:00-05:00,2023-01-20 13:19:00-05:00,L,11541.75,11513.75,11514.0,27.75,-58.0,-1.045045045045045,SL,1,L|swing
2023-01-20 13:32:00-05:00,2023-01-20 13:32:00-05:00,2023-01-20 13:50:00-05:00,L,11543.25,11598.25,11506.0,37.25,108.0,1.4496644295302012,TP,1,L|swing
2023-01-20 14:59:00-05:00,2023-01-20 14:59:00-05:00,2023-01-20 15:07:00-05:00,L,11626.5,11649.75,11610.5,16.0,44.5,1.390625,TP,1,L|swing
2023-01-23 12:14:00-05:00,2023-01-23 12:14:00-05:00,2023-01-23 12:16:00-05:00,L,11912.75,11919.75,11907.5,5.25,12.0,1.1428571428571428,TP,1,L|swing
2023-01-23 12:26:00-05:00,2023-01-23 12:26:00-05:00,2023-01-23 13:01:00-05:00,L,11927.0,11955.25,11907.5,19.5,54.5,1.3974358974358974,TP,1,L|swing
2023-01-24 10:50:00-05:00,2023-01-24 10:50:00-05:00,2023-01-24 15:59:00-05:00,L,11909.5,11905.25,11857.0,52.5,-10.5,-0.1,time,1,L|swing
2023-01-25 09:44:00-05:00,2023-01-25 09:44:00-05:00,2023-01-25 09:57:00-05:00,S,11685.0,11627.25,11724.0,39.0,113.5,1.455128205128205,TP,1,S|swing
2023-01-25 11:05:00-05:00,2023-01-25 11:05:00-05:00,2023-01-25 11:11:00-05:00,S,11667.25,11678.75,11678.5,11.25,-25.0,-1.1111111111111112,SL,1,S|swing
2023-01-25 12:20:00-05:00,2023-01-25 12:20:00-05:00,2023-01-25 13:11:00-05:00,S,11743.5,11789.0,11788.75,45.25,-93.0,-1.0276243093922652,SL,1,S|swing
2023-01-25 13:20:00-05:00,2023-01-25 13:20:00-05:00,2023-01-25 15:01:00-05:00,L,11800.0,11880.75,11745.5,54.5,159.5,1.463302752293578,TP,1,L|swing
2023-01-26 10:02:00-05:00,2023-01-26 10:02:00-05:00,2023-01-26 10:23:00-05:00,L,11980.75,12030.75,11946.75,34.0,98.0,1.4411764705882353,TP,1,L|swing
2023-01-26 10:44:00-05:00,2023-01-26 10:44:00-05:00,2023-01-26 10:49:00-05:00,L,11978.0,11999.25,11963.25,14.75,40.5,1.3728813559322033,TP,1,L|swing
2023-01-26 11:02:00-05:00,2023-01-26 11:02:00-05:00,2023-01-26 13:45:00-05:00,S,11937.75,12037.75,12037.5,99.75,-202.0,-1.012531328320802,SL,1,S|swing
2023-01-27 11:20:00-05:00,2023-01-27 11:20:00-05:00,2023-01-27 13:36:00-05:00,L,12154.25,12246.25,12092.25,62.0,182.0,1.467741935483871,TP,1,L|swing
2023-01-27 13:44:00-05:00,2023-01-27 13:44:00-05:00,2023-01-27 15:59:00-05:00,L,12248.75,12222.75,12200.5,48.25,-54.0,-0.5595854922279793,time,1,L|swing
2023-01-30 09:35:00-05:00,2023-01-30 09:35:00-05:00,2023-01-30 09:46:00-05:00,S,12067.0,12111.0,12110.75,43.75,-90.0,-1.0285714285714285,SL,1,S|swing
2023-01-30 10:38:00-05:00,2023-01-30 10:38:00-05:00,2023-01-30 15:59:00-05:00,S,12006.25,11971.25,12130.0,123.75,68.0,0.27474747474747474,time,1,S|swing
2023-01-31 09:41:00-05:00,2023-01-31 09:41:00-05:00,2023-01-31 15:54:00-05:00,L,12033.75,12130.0,11969.0,64.75,190.5,1.471042471042471,TP,1,L|swing
2023-02-01 10:14:00-05:00,2023-02-01 10:14:00-05:00,2023-02-01 10:50:00-05:00,L,12147.5,12107.0,12107.25,40.25,-83.0,-1.031055900621118,SL,1,L|swing
2023-02-01 10:53:00-05:00,2023-02-01 10:53:00-05:00,2023-02-01 13:59:00-05:00,S,12097.0,12155.5,12155.25,58.25,-119.0,-1.0214592274678111,SL,1,S|swing
2023-02-01 14:08:00-05:00,2023-02-01 14:08:00-05:00,2023-02-01 14:33:00-05:00,L,12196.75,12070.5,12070.75,126.0,-254.5,-1.0099206349206349,SL,1,L|swing
2023-02-01 14:38:00-05:00,2023-02-01 14:38:00-05:00,2023-02-01 15:06:00-05:00,L,12201.0,12419.5,12054.75,146.25,435.0,1.4871794871794872,TP,1,L|swing
2023-02-02 10:05:00-05:00,2023-02-02 10:05:00-05:00,2023-02-02 10:17:00-05:00,L,12669.5,12702.0,12647.25,22.25,63.0,1.4157303370786516,TP,1,L|swing
2023-02-02 10:23:00-05:00,2023-02-02 10:23:00-05:00,2023-02-02 13:02:00-05:00,L,12730.25,12853.75,12647.25,83.0,245.0,1.4759036144578312,TP,1,L|swing
2023-02-03 14:50:00-05:00,2023-02-03 14:50:00-05:00,2023-02-03 15:59:00-05:00,S,12631.75,12623.75,12678.5,46.75,14.0,0.1497326203208556,time,1,S|swing
2023-02-06 10:20:00-05:00,2023-02-06 10:20:00-05:00,2023-02-06 11:27:00-05:00,S,12501.0,12592.75,12592.5,91.5,-185.5,-1.0136612021857923,SL,1,S|swing
2023-02-06 12:11:00-05:00,2023-02-06 12:11:00-05:00,2023-02-06 13:11:00-05:00,L,12548.5,12517.25,12517.5,31.0,-64.5,-1.0403225806451613,SL,1,L|swing
2023-02-06 13:14:00-05:00,2023-02-06 13:14:00-05:00,2023-02-06 13:42:00-05:00,L,12540.25,12502.75,12503.0,37.25,-77.0,-1.0335570469798658,SL,1,L|swing
2023-02-06 14:02:00-05:00,2023-02-06 14:02:00-05:00,2023-02-06 15:12:00-05:00,L,12548.0,12501.75,12502.0,46.0,-94.5,-1.0271739130434783,SL,1,L|swing
2023-02-07 09:35:00-05:00,2023-02-07 09:35:00-05:00,2023-02-07 09:38:00-05:00,S,12494.0,12524.0,12523.75,29.75,-62.0,-1.0420168067226891,SL,1,S|swing
2023-02-07 10:38:00-05:00,2023-02-07 10:38:00-05:00,2023-02-07 10:44:00-05:00,S,12517.25,12525.5,12525.25,8.0,-18.5,-1.15625,SL,1,S|swing
2023-02-07 12:41:00-05:00,2023-02-07 12:41:00-05:00,2023-02-07 12:53:00-05:00,L,12614.0,12730.5,12535.75,78.25,231.0,1.476038338658147,TP,1,L|swing
2023-02-07 13:29:00-05:00,2023-02-07 13:29:00-05:00,2023-02-07 15:46:00-05:00,S,12547.5,12766.25,12766.0,218.5,-439.5,-1.005720823798627,SL,1,S|swing
2023-02-08 09:53:00-05:00,2023-02-08 09:53:00-05:00,2023-02-08 11:23:00-05:00,S,12675.75,12561.5,12752.5,76.75,226.5,1.47557003257329,TP,1,S|swing
2023-02-08 13:32:00-05:00,2023-02-08 13:32:00-05:00,2023-02-08 15:59:00-05:00,S,12559.75,12543.75,12623.25,63.5,30.0,0.23622047244094488,time,1,S|swing
2023-02-09 10:47:00-05:00,2023-02-09 10:47:00-05:00,2023-02-09 12:45:00-05:00,S,12629.5,12515.25,12706.25,76.75,226.5,1.47557003257329,TP,1,S|swing
2023-02-09 14:02:00-05:00,2023-02-09 14:02:00-05:00,2023-02-09 15:24:00-05:00,S,12499.0,12418.75,12553.0,54.0,158.5,1.4675925925925926,TP,1,S|swing
2023-02-10 10:50:00-05:00,2023-02-10 10:50:00-05:00,2023-02-10 15:59:00-05:00,S,12339.5,12346.0,12422.0,82.5,-15.0,-0.09090909090909091,time,1,S|swing
2023-02-13 09:59:00-05:00,2023-02-13 09:59:00-05:00,2023-02-13 15:59:00-05:00,L,12461.25,12544.25,12351.75,109.5,164.0,0.7488584474885844,time,1,L|swing
2023-02-14 09:59:00-05:00,2023-02-14 09:59:00-05:00,2023-02-14 15:59:00-05:00,L,12586.0,12630.75,12390.25,195.75,87.5,0.22349936143039592,time,1,L|swing
2023-02-15 09:53:00-05:00,2023-02-15 09:53:00-05:00,2023-02-15 11:29:00-05:00,S,12564.0,12632.0,12631.75,67.75,-138.0,-1.018450184501845,SL,1,S|swing
2023-02-15 12:59:00-05:00,2023-02-15 12:59:00-05:00,2023-02-15 13:42:00-05:00,L,12632.75,12669.0,12608.0,24.75,70.5,1.4242424242424243,TP,1,L|swing
2023-02-16 11:11:00-05:00,2023-02-16 11:11:00-05:00,2023-02-16 12:34:00-05:00,S,12627.25,12674.5,12674.25,47.0,-96.5,-1.0265957446808511,SL,1,S|swing
2023-02-16 13:23:00-05:00,2023-02-16 13:23:00-05:00,2023-02-16 14:01:00-05:00,S,12635.5,12677.25,12677.0,41.5,-85.5,-1.0301204819277108,SL,1,S|swing
2023-02-16 14:41:00-05:00,2023-02-16 14:41:00-05:00,2023-02-16 15:02:00-05:00,S,12658.75,12632.25,12677.0,18.25,51.0,1.3972602739726028,TP,1,S|swing
2023-02-17 09:41:00-05:00,2023-02-17 09:41:00-05:00,2023-02-17 15:59:00-05:00,S,12356.75,12392.0,12423.75,67.0,-72.5,-0.5410447761194029,time,1,S|swing
2023-02-20 10:08:00-05:00,2023-02-20 10:08:00-05:00,2023-02-20 12:49:00-05:00,S,12380.75,12377.75,12393.25,12.5,4.0,0.16,time,1,S|swing
2023-02-21 10:14:00-05:00,2023-02-21 10:14:00-05:00,2023-02-21 15:59:00-05:00,S,12190.25,12098.25,12291.5,101.25,182.0,0.8987654320987655,time,1,S|swing
2023-02-22 09:41:00-05:00,2023-02-22 09:41:00-05:00,2023-02-22 10:00:00-05:00,L,12154.25,12113.75,12114.0,40.25,-83.0,-1.031055900621118,SL,1,L|swing
2023-02-22 11:23:00-05:00,2023-02-22 11:23:00-05:00,2023-02-22 11:27:00-05:00,S,12103.75,12087.75,12115.0,11.25,30.0,1.3333333333333333,TP,1,S|swing
2023-02-22 11:44:00-05:00,2023-02-22 11:44:00-05:00,2023-02-22 12:19:00-05:00,S,12100.25,12118.5,12118.25,18.0,-38.5,-1.0694444444444444,SL,1,S|swing
2023-02-22 12:26:00-05:00,2023-02-22 12:26:00-05:00,2023-02-22 14:06:00-05:00,L,12126.75,12181.75,12089.5,37.25,108.0,1.4496644295302012,TP,1,L|swing
2023-02-23 09:47:00-05:00,2023-02-23 09:47:00-05:00,2023-02-23 10:06:00-05:00,L,12237.0,12196.75,12197.0,40.0,-82.5,-1.03125,SL,1,L|swing
2023-02-23 12:38:00-05:00,2023-02-23 12:38:00-05:00,2023-02-23 12:58:00-05:00,S,12069.5,12082.5,12082.25,12.75,-28.0,-1.0980392156862746,SL,1,S|swing
2023-02-23 13:05:00-05:00,2023-02-23 13:05:00-05:00,2023-02-23 13:41:00-05:00,S,12059.5,12098.75,12098.5,39.0,-80.5,-1.0320512820512822,SL,1,S|swing
2023-02-24 09:50:00-05:00,2023-02-24 09:50:00-05:00,2023-02-24 15:59:00-05:00,S,11966.25,11998.0,12043.25,77.0,-65.5,-0.4253246753246753,time,1,S|swing
2023-02-27 10:05:00-05:00,2023-02-27 10:05:00-05:00,2023-02-27 10:37:00-05:00,L,12163.5,12106.0,12106.25,57.25,-117.0,-1.0218340611353711,SL,1,L|swing
2023-02-27 11:29:00-05:00,2023-02-27 11:29:00-05:00,2023-02-27 11:31:00-05:00,L,12094.5,12079.5,12079.75,14.75,-32.0,-1.0847457627118644,SL,1,L|swing
2023-02-27 11:32:00-05:00,2023-02-27 11:32:00-05:00,2023-02-27 12:58:00-05:00,S,12079.5,12119.0,12118.75,39.25,-81.0,-1.0318471337579618,SL,1,S|swing
2023-02-27 14:59:00-05:00,2023-02-27 14:59:00-05:00,2023-02-27 15:59:00-05:00,S,12088.5,12084.0,12122.25,33.75,7.0,0.1037037037037037,time,1,S|swing
2023-02-28 09:50:00-05:00,2023-02-28 09:50:00-05:00,2023-02-28 10:01:00-05:00,S,12070.0,12113.25,12113.0,43.0,-88.5,-1.0290697674418605,SL,1,S|swing
2023-02-28 11:02:00-05:00,2023-02-28 11:02:00-05:00,2023-02-28 13:46:00-05:00,L,12095.5,12169.75,12045.5,50.0,146.5,1.465,TP,1,L|swing
2023-02-28 14:08:00-05:00,2023-02-28 14:08:00-05:00,2023-02-28 14:31:00-05:00,L,12154.0,12140.0,12140.25,13.75,-30.0,-1.0909090909090908,SL,1,L|swing
2023-02-28 14:32:00-05:00,2023-02-28 14:32:00-05:00,2023-02-28 14:35:00-05:00,L,12138.5,12130.5,12130.75,7.75,-18.0,-1.1612903225806452,SL,1,L|swing
2023-02-28 14:41:00-05:00,2023-02-28 14:41:00-05:00,2023-02-28 14:47:00-05:00,L,12135.0,12144.25,12128.25,6.75,16.5,1.2222222222222223,TP,1,L|swing
2023-03-01 10:05:00-05:00,2023-03-01 10:05:00-05:00,2023-03-01 15:59:00-05:00,S,11996.75,11965.5,12080.25,83.5,60.5,0.36227544910179643,time,1,S|swing
2023-03-02 09:38:00-05:00,2023-03-02 09:38:00-05:00,2023-03-02 09:45:00-05:00,S,11853.75,11883.25,11883.0,29.25,-61.0,-1.0427350427350428,SL,1,S|swing
2023-03-02 12:14:00-05:00,2023-03-02 12:14:00-05:00,2023-03-02 13:35:00-05:00,L,11907.0,11940.75,11884.0,23.0,65.5,1.423913043478261,TP,1,L|swing
2023-03-03 09:38:00-05:00,2023-03-03 09:38:00-05:00,2023-03-03 09:46:00-05:00,L,12132.5,12164.25,12110.75,21.75,61.5,1.4137931034482758,TP,1,L|swing
2023-03-03 10:11:00-05:00,2023-03-03 10:11:00-05:00,2023-03-03 10:25:00-05:00,L,12166.75,12220.25,12130.5,36.25,105.0,1.4482758620689655,TP,1,L|swing
2023-03-03 11:02:00-05:00,2023-03-03 11:02:00-05:00,2023-03-03 11:10:00-05:00,L,12198.0,12180.5,12180.75,17.25,-37.0,-1.0724637681159421,SL,1,L|swing
2023-03-03 11:17:00-05:00,2023-03-03 11:17:00-05:00,2023-03-03 12:52:00-05:00,L,12200.25,12244.25,12170.25,30.0,86.0,1.4333333333333333,TP,1,L|swing
2023-03-06 09:41:00-05:00,2023-03-06 09:41:00-05:00,2023-03-06 09:47:00-05:00,L,12383.25,12351.75,12352.0,31.25,-65.0,-1.04,SL,1,L|swing
2023-03-06 09:50:00-05:00,2023-03-06 09:50:00-05:00,2023-03-06 09:53:00-05:00,L,12358.5,12374.75,12347.0,11.5,30.5,1.326086956521739,TP,1,L|swing
2023-03-06 11:29:00-05:00,2023-03-06 11:29:00-05:00,2023-03-06 11:36:00-05:00,L,12450.5,12459.0,12444.25,6.25,15.0,1.2,TP,1,L|swing
2023-03-06 11:56:00-05:00,2023-03-06 11:56:00-05:00,2023-03-06 12:31:00-05:00,L,12460.75,12437.25,12437.5,23.25,-49.0,-1.053763440860215,SL,1,L|swing
2023-03-06 13:56:00-05:00,2023-03-06 13:56:00-05:00,2023-03-06 15:59:00-05:00,S,12362.0,12324.0,12404.75,42.75,74.0,0.8654970760233918,time,1,S|swing
2023-03-07 10:02:00-05:00,2023-03-07 10:02:00-05:00,2023-03-07 15:59:00-05:00,S,12243.0,12169.75,12367.75,124.75,144.5,0.5791583166332666,time,1,S|swing
2023-03-08 10:26:00-05:00,2023-03-08 10:26:00-05:00,2023-03-08 15:59:00-05:00,L,12198.25,12230.75,12108.25,90.0,63.0,0.35,time,1,L|swing
2023-03-09 09:35:00-05:00,2023-03-09 09:35:00-05:00,2023-03-09 12:48:00-05:00,L,12282.0,12229.75,12230.0,52.0,-106.5,-1.0240384615384615,SL,1,L|swing
2023-03-10 10:59:00-05:00,2023-03-10 10:59:00-05:00,2023-03-10 12:55:00-05:00,L,12013.0,11909.75,11910.0,103.0,-208.5,-1.0121359223300972,SL,1,L|swing
2023-03-13 10:02:00-04:00,2023-03-13 10:02:00-04:00,2023-03-13 10:08:00-04:00,S,11865.75,11922.0,11921.75,56.0,-114.5,-1.0223214285714286,SL,1,S|swing
2023-03-13 10:11:00-04:00,2023-03-13 10:11:00-04:00,2023-03-13 10:13:00-04:00,S,11917.75,11872.25,11948.75,31.0,89.0,1.435483870967742,TP,1,S|swing
2023-03-13 11:02:00-04:00,2023-03-13 11:02:00-04:00,2023-03-13 15:59:00-04:00,L,11985.25,11929.5,11842.5,142.75,-113.5,-0.3975481611208406,time,1,L|swing
2023-03-14 11:38:00-04:00,2023-03-14 11:38:00-04:00,2023-03-14 12:25:00-04:00,L,12218.0,12177.5,12177.75,40.25,-83.0,-1.031055900621118,SL,1,L|swing
2023-03-14 12:26:00-04:00,2023-03-14 12:26:00-04:00,2023-03-14 12:31:00-04:00,L,12179.25,12193.25,12169.25,10.0,26.0,1.3,TP,1,L|swing
2023-03-14 14:59:00-04:00,2023-03-14 14:59:00-04:00,2023-03-14 15:01:00-04:00,L,12105.0,12115.0,12097.75,7.25,18.0,1.2413793103448276,TP,1,L|swing
2023-03-17 09:35:00-04:00,2023-03-17 09:35:00-04:00,2023-03-17 09:39:00-04:00,S,12701.25,12737.0,12736.75,35.5,-73.5,-1.0352112676056338,SL,1,S|swing
2023-03-17 09:44:00-04:00,2023-03-17 09:44:00-04:00,2023-03-17 10:00:00-04:00,L,12724.25,12773.75,12690.75,33.5,97.0,1.4477611940298507,TP,1,L|swing
2023-03-17 12:14:00-04:00,2023-03-17 12:14:00-04:00,2023-03-17 12:21:00-04:00,S,12636.0,12612.5,12652.25,16.25,45.0,1.3846153846153846,TP,1,S|swing
2023-03-17 14:11:00-04:00,2023-03-17 14:11:00-04:00,2023-03-17 15:59:00-04:00,S,12647.25,12647.75,12699.75,52.5,-3.0,-0.02857142857142857,time,1,S|swing
2023-03-20 10:08:00-04:00,2023-03-20 10:08:00-04:00,2023-03-20 10:30:00-04:00,S,12580.0,12615.5,12615.25,35.25,-73.0,-1.0354609929078014,SL,1,S|swing
2023-03-20 10:32:00-04:00,2023-03-20 10:32:00-04:00,2023-03-20 10:36:00-04:00,S,12604.0,12624.75,12624.5,20.5,-43.5,-1.0609756097560976,SL,1,S|swing
2023-03-20 10:38:00-04:00,2023-03-20 10:38:00-04:00,2023-03-20 10:48:00-04:00,S,12591.0,12628.5,12628.25,37.25,-77.0,-1.0335570469798658,SL,1,S|swing
2023-03-20 10:50:00-04:00,2023-03-20 10:50:00-04:00,2023-03-20 10:56:00-04:00,S,12620.0,12640.25,12640.0,20.0,-42.5,-1.0625,SL,1,S|swing
2023-03-20 11:14:00-04:00,2023-03-20 11:14:00-04:00,2023-03-20 12:10:00-04:00,L,12653.75,12589.75,12590.0,63.75,-130.0,-1.0196078431372548,SL,1,L|swing
2023-03-20 12:53:00-04:00,2023-03-20 12:53:00-04:00,2023-03-20 15:59:00-04:00,L,12637.25,12692.75,12584.0,53.25,109.0,1.0234741784037558,time,1,L|swing
2023-03-21 09:53:00-04:00,2023-03-21 09:53:00-04:00,2023-03-21 10:01:00-04:00,L,12791.75,12833.75,12763.25,28.5,82.0,1.4385964912280702,TP,1,L|swing
2023-03-21 10:38:00-04:00,2023-03-21 10:38:00-04:00,2023-03-21 10:52:00-04:00,L,12755.0,12732.25,12732.5,22.5,-47.5,-1.0555555555555556,SL,1,L|swing
2023-03-21 11:59:00-04:00,2023-03-21 11:59:00-04:00,2023-03-21 12:30:00-04:00,S,12732.0,12772.5,12772.25,40.25,-83.0,-1.031055900621118,SL,1,S|swing
2023-03-21 14:50:00-04:00,2023-03-21 14:50:00-04:00,2023-03-21 15:40:00-04:00,L,12830.25,12884.5,12793.5,36.75,106.5,1.4489795918367347,TP,1,L|swing
2023-03-22 11:32:00-04:00,2023-03-22 11:32:00-04:00,2023-03-22 12:21:00-04:00,L,12931.0,12887.0,12887.25,43.75,-90.0,-1.0285714285714285,SL,1,L|swing
2023-03-22 13:20:00-04:00,2023-03-22 13:20:00-04:00,2023-03-22 13:59:00-04:00,L,12895.0,12930.25,12871.0,24.0,68.5,1.4270833333333333,TP,1,L|swing
2023-03-22 14:05:00-04:00,2023-03-22 14:05:00-04:00,2023-03-22 14:35:00-04:00,L,13015.0,12905.25,12905.5,109.5,-221.5,-1.0114155251141552,SL,1,L|swing
2023-03-23 10:02:00-04:00,2023-03-23 10:02:00-04:00,2023-03-23 11:00:00-04:00,L,12911.5,13007.75,12846.75,64.75,190.5,1.471042471042471,TP,1,L|swing
2023-03-23 12:08:00-04:00,2023-03-23 12:08:00-04:00,2023-03-23 12:15:00-04:00,L,12997.75,12967.5,12967.75,30.0,-62.5,-1.0416666666666667,SL,1,L|swing
2023-03-23 12:26:00-04:00,2023-03-23 12:26:00-04:00,2023-03-23 12:47:00-04:00,L,12989.5,12957.0,12957.25,32.25,-67.0,-1.0387596899224807,SL,1,L|swing
2023-03-23 13:20:00-04:00,2023-03-23 13:20:00-04:00,2023-03-23 13:26:00-04:00,L,12937.0,12909.5,12909.75,27.25,-57.0,-1.0458715596330275,SL,1,L|swing
2023-03-23 13:29:00-04:00,2023-03-23 13:29:00-04:00,2023-03-23 13:58:00-04:00,L,12921.25,12899.0,12899.25,22.0,-46.5,-1.0568181818181819,SL,1,L|swing
2023-03-23 14:05:00-04:00,2023-03-23 14:05:00-04:00,2023-03-23 14:39:00-04:00,S,12883.0,12782.75,12950.5,67.5,198.5,1.4703703703703703,TP,1,S|swing
2023-03-24 09:41:00-04:00,2023-03-24 09:41:00-04:00,2023-03-24 12:01:00-04:00,S,12761.75,12845.25,12845.0,83.25,-169.0,-1.015015015015015,SL,1,S|swing
2023-03-24 12:02:00-04:00,2023-03-24 12:02:00-04:00,2023-03-24 15:59:00-04:00,L,12843.0,12894.0,12739.5,103.5,100.0,0.4830917874396135,time,1,L|swing
2023-03-27 09:59:00-04:00,2023-03-27 09:59:00-04:00,2023-03-27 10:30:00-04:00,L,12932.25,12881.25,12881.5,50.75,-104.0,-1.0246305418719213,SL,1,L|swing
2023-03-27 10:35:00-04:00,2023-03-27 10:35:00-04:00,2023-03-27 15:59:00-04:00,S,12872.5,12800.0,12947.5,75.0,143.0,0.9533333333333334,time,1,S|swing
2023-03-28 11:47:00-04:00,2023-03-28 11:47:00-04:00,2023-03-28 12:18:00-04:00,S,12703.25,12673.75,12723.5,20.25,57.0,1.4074074074074074,TP,1,S|swing
2023-03-28 12:26:00-04:00,2023-03-28 12:26:00-04:00,2023-03-28 15:50:00-04:00,S,12674.0,12717.5,12717.25,43.25,-89.0,-1.0289017341040463,SL,1,S|swing
2023-03-29 10:38:00-04:00,2023-03-29 10:38:00-04:00,2023-03-29 10:41:00-04:00,L,12871.0,12867.0,12867.25,3.75,-10.0,-1.3333333333333333,SL,1,L|swing
2023-03-29 10:53:00-04:00,2023-03-29 10:53:00-04:00,2023-03-29 10:58:00-04:00,L,12865.25,12854.5,12854.75,10.5,-23.5,-1.119047619047619,SL,1,L|swing
2023-03-29 13:47:00-04:00,2023-03-29 13:47:00-04:00,2023-03-29 14:02:00-04:00,L,12906.75,12897.5,12897.75,9.0,-20.5,-1.1388888888888888,SL,1,L|swing
2023-03-30 11:02:00-04:00,2023-03-30 11:02:00-04:00,2023-03-30 11:12:00-04:00,L,13083.75,13110.25,13065.5,18.25,51.0,1.3972602739726028,TP,1,L|swing
2023-03-30 11:29:00-04:00,2023-03-30 11:29:00-04:00,2023-03-30 11:30:00-04:00,L,13080.0,13072.75,13073.0,7.0,-16.5,-1.1785714285714286,SL,1,L|swing
2023-03-30 11:35:00-04:00,2023-03-30 11:35:00-04:00,2023-03-30 12:19:00-04:00,L,13073.5,13061.5,13061.75,11.75,-26.0,-1.1063829787234043,SL,1,L|swing
2023-03-30 12:41:00-04:00,2023-03-30 12:41:00-04:00,2023-03-30 12:46:00-04:00,L,13058.5,13042.75,13043.0,15.5,-33.5,-1.0806451612903225,SL,1,L|swing
2023-03-30 12:50:00-04:00,2023-03-30 12:50:00-04:00,2023-03-30 13:21:00-04:00,L,13049.5,13066.75,13037.5,12.0,32.5,1.3541666666666667,TP,1,L|swing
2023-03-31 10:56:00-04:00,2023-03-31 10:56:00-04:00,2023-03-31 12:27:00-04:00,L,13178.0,13231.5,13141.75,36.25,105.0,1.4482758620689655,TP,1,L|swing
2023-03-31 13:08:00-04:00,2023-03-31 13:08:00-04:00,2023-03-31 13:36:00-04:00,L,13225.0,13213.25,13213.5,11.5,-25.5,-1.108695652173913,SL,1,L|swing
2023-03-31 14:02:00-04:00,2023-03-31 14:02:00-04:00,2023-03-31 15:21:00-04:00,L,13240.5,13286.75,13209.0,31.5,90.5,1.4365079365079365,TP,1,L|swing
2023-04-03 13:14:00-04:00,2023-04-03 13:14:00-04:00,2023-04-03 14:35:00-04:00,S,13174.5,13195.25,13195.0,20.5,-43.5,-1.0609756097560976,SL,1,S|swing
2023-04-04 10:35:00-04:00,2023-04-04 10:35:00-04:00,2023-04-04 11:02:00-04:00,L,13301.25,13246.25,13246.5,54.75,-112.0,-1.0228310502283104,SL,1,L|swing
2023-04-04 11:08:00-04:00,2023-04-04 11:08:00-04:00,2023-04-04 15:59:00-04:00,S,13243.75,13223.5,13294.5,50.75,38.5,0.3793103448275862,time,1,S|swing
2023-04-05 12:05:00-04:00,2023-04-05 12:05:00-04:00,2023-04-05 14:02:00-04:00,S,13034.25,13065.0,13064.75,30.5,-63.5,-1.040983606557377,SL,1,S|swing
2023-04-05 14:59:00-04:00,2023-04-05 14:59:00-04:00,2023-04-05 15:08:00-04:00,S,13075.5,13054.25,13090.25,14.75,40.5,1.3728813559322033,TP,1,S|swing
2023-04-06 13:08:00-04:00,2023-04-06 13:08:00-04:00,2023-04-06 14:15:00-04:00,L,13147.75,13187.25,13120.75,27.0,77.0,1.4259259259259258,TP,1,L|swing
2023-04-06 14:26:00-04:00,2023-04-06 14:26:00-04:00,2023-04-06 15:11:00-04:00,L,13190.0,13162.0,13162.25,27.75,-58.0,-1.045045045045045,SL,1,L|swing
2023-04-10 12:02:00-04:00,2023-04-10 12:02:00-04:00,2023-04-10 12:38:00-04:00,S,13043.0,13089.0,13088.75,45.75,-94.0,-1.0273224043715847,SL,1,S|swing
2023-04-10 12:47:00-04:00,2023-04-10 12:47:00-04:00,2023-04-10 15:59:00-04:00,L,13107.5,13164.0,13029.75,77.75,111.0,0.7138263665594855,time,1,L|swing
2023-04-11 11:26:00-04:00,2023-04-11 11:26:00-04:00,2023-04-11 11:36:00-04:00,S,13080.5,13058.5,13095.75,15.25,42.0,1.3770491803278688,TP,1,S|swing
2023-04-11 11:38:00-04:00,2023-04-11 11:38:00-04:00,2023-04-11 12:11:00-04:00,S,13060.25,13096.0,13095.75,35.5,-73.5,-1.0352112676056338,SL,1,S|swing
2023-04-11 12:23:00-04:00,2023-04-11 12:23:00-04:00,2023-04-11 13:30:00-04:00,S,13079.5,13105.25,13105.0,25.5,-53.5,-1.0490196078431373,SL,1,S|swing
2023-04-12 10:56:00-04:00,2023-04-12 10:56:00-04:00,2023-04-12 15:59:00-04:00,S,13012.25,12958.75,13129.25,117.0,105.0,0.44871794871794873,time,1,S|swing
2023-04-13 11:20:00-04:00,2023-04-13 11:20:00-04:00,2023-04-13 12:22:00-04:00,L,13125.75,13156.0,13105.0,20.75,58.5,1.4096385542168675,TP,1,L|swing
2023-04-13 13:05:00-04:00,2023-04-13 13:05:00-04:00,2023-04-13 13:40:00-04:00,L,13151.25,13181.75,13130.25,21.0,59.0,1.4047619047619047,TP,1,L|swing
2023-04-14 12:14:00-04:00,2023-04-14 12:14:00-04:00,2023-04-14 12:46:00-04:00,S,13104.75,13056.5,13137.5,32.75,94.5,1.4427480916030535,TP,1,S|swing
2023-04-14 13:29:00-04:00,2023-04-14 13:29:00-04:00,2023-04-14 13:57:00-04:00,S,13082.25,13113.0,13112.75,30.5,-63.5,-1.040983606557377,SL,1,S|swing
2023-04-17 09:47:00-04:00,2023-04-17 09:47:00-04:00,2023-04-17 15:59:00-04:00,S,13148.75,13189.75,13206.25,57.5,-84.0,-0.7304347826086957,time,1,S|swing
2023-04-18 12:44:00-04:00,2023-04-18 12:44:00-04:00,2023-04-18 14:47:00-04:00,S,13179.25,13145.25,13202.5,23.25,66.0,1.4193548387096775,TP,1,S|swing
2023-04-19 10:38:00-04:00,2023-04-19 10:38:00-04:00,2023-04-19 12:00:00-04:00,L,13126.5,13178.75,13091.0,35.5,102.5,1.443661971830986,TP,1,L|swing
2023-04-19 12:08:00-04:00,2023-04-19 12:08:00-04:00,2023-04-19 14:00:00-04:00,L,13182.5,13225.25,13153.5,29.0,83.5,1.4396551724137931,TP,1,L|swing
2023-04-19 14:20:00-04:00,2023-04-19 14:20:00-04:00,2023-04-19 14:24:00-04:00,L,13197.0,13205.75,13190.5,6.5,15.5,1.1923076923076923,TP,1,L|swing
2023-04-19 14:41:00-04:00,2023-04-19 14:41:00-04:00,2023-04-19 15:45:00-04:00,L,13205.25,13186.0,13186.25,19.0,-40.5,-1.0657894736842106,SL,1,L|swing
2023-04-20 10:50:00-04:00,2023-04-20 10:50:00-04:00,2023-04-20 11:03:00-04:00,L,13144.0,13117.75,13118.0,26.0,-54.5,-1.0480769230769231,SL,1,L|swing
2023-04-20 11:41:00-04:00,2023-04-20 11:41:00-04:00,2023-04-20 13:11:00-04:00,L,13137.0,13189.0,13101.75,35.25,102.0,1.446808510638298,TP,1,L|swing
2023-04-21 11:29:00-04:00,2023-04-21 11:29:00-04:00,2023-04-21 13:41:00-04:00,L,13065.25,13101.5,13040.5,24.75,70.5,1.4242424242424243,TP,1,L|swing
2023-04-24 09:35:00-04:00,2023-04-24 09:35:00-04:00,2023-04-24 10:36:00-04:00,L,13099.25,13053.5,13053.75,45.5,-93.5,-1.0274725274725274,SL,1,L|swing
2023-04-24 14:32:00-04:00,2023-04-24 14:32:00-04:00,2023-04-24 15:59:00-04:00,S,13033.75,13059.75,13068.25,34.5,-54.0,-0.782608695652174,time,1,S|swing
2023-04-25 09:35:00-04:00,2023-04-25 09:35:00-04:00,2023-04-25 09:41:00-04:00,S,12983.75,13010.0,13009.75,26.0,-54.5,-1.0480769230769231,SL,1,S|swing
2023-04-25 09:47:00-04:00,2023-04-25 09:47:00-04:00,2023-04-25 12:06:00-04:00,S,12972.75,12909.25,13015.75,43.0,125.0,1.4534883720930232,TP,1,S|swing
2023-04-25 13:14:00-04:00,2023-04-25 13:14:00-04:00,2023-04-25 14:09:00-04:00,S,12894.25,12848.75,12925.25,31.0,89.0,1.435483870967742,TP,1,S|swing
2023-04-25 14:41:00-04:00,2023-04-25 14:41:00-04:00,2023-04-25 15:44:00-04:00,S,12851.25,12822.75,12870.75,19.5,55.0,1.4102564102564104,TP,1,S|swing
2023-04-26 10:05:00-04:00,2023-04-26 10:05:00-04:00,2023-04-26 10:22:00-04:00,L,12957.0,12898.5,12898.75,58.25,-119.0,-1.0214592274678111,SL,1,L|swing
2023-04-26 10:47:00-04:00,2023-04-26 10:47:00-04:00,2023-04-26 10:49:00-04:00,S,12929.0,12940.5,12940.25,11.25,-25.0,-1.1111111111111112,SL,1,S|swing
2023-04-26 11:17:00-04:00,2023-04-26 11:17:00-04:00,2023-04-26 13:49:00-04:00,L,12978.0,12922.5,12922.75,55.25,-113.0,-1.0226244343891402,SL,1,L|swing
2023-04-26 14:35:00-04:00,2023-04-26 14:35:00-04:00,2023-04-26 15:59:00-04:00,S,12897.5,12882.5,12925.25,27.75,28.0,0.5045045045045045,time,1,S|swing
2023-04-27 09:35:00-04:00,2023-04-27 09:35:00-04:00,2023-04-27 09:53:00-04:00,L,13030.5,13055.75,13013.0,17.5,48.5,1.3857142857142857,TP,1,L|swing
2023-04-27 12:38:00-04:00,2023-04-27 12:38:00-04:00,2023-04-27 13:00:00-04:00,L,13158.25,13175.75,13146.0,12.25,33.0,1.346938775510204,TP,1,L|swing
2023-04-27 13:11:00-04:00,2023-04-27 13:11:00-04:00,2023-04-27 13:33:00-04:00,L,13170.0,13189.75,13156.25,13.75,37.5,1.3636363636363635,TP,1,L|swing
2023-04-27 13:53:00-04:00,2023-04-27 13:53:00-04:00,2023-04-27 15:59:00-04:00,L,13210.25,13231.0,13178.25,32.0,39.5,0.6171875,time,1,L|swing
2023-04-28 09:47:00-04:00,2023-04-28 09:47:00-04:00,2023-04-28 10:11:00-04:00,L,13205.75,13255.25,13172.25,33.5,97.0,1.4477611940298507,TP,1,L|swing
2023-04-28 11:32:00-04:00,2023-04-28 11:32:00-04:00,2023-04-28 15:55:00-04:00,L,13237.0,13313.0,13185.75,51.25,150.0,1.4634146341463414,TP,1,L|swing
2023-05-01 09:44:00-04:00,2023-05-01 09:44:00-04:00,2023-05-01 09:48:00-04:00,S,13299.75,13316.75,13316.5,16.75,-36.0,-1.0746268656716418,SL,1,S|swing
2023-05-01 11:17:00-04:00,2023-05-01 11:17:00-04:00,2023-05-01 12:31:00-04:00,S,13271.5,13333.0,13332.75,61.25,-125.0,-1.0204081632653061,SL,1,S|swing
2023-05-01 13:41:00-04:00,2023-05-01 13:41:00-04:00,2023-05-01 14:15:00-04:00,L,13359.75,13336.0,13336.25,23.5,-49.5,-1.053191489361702,SL,1,L|swing
2023-05-01 14:35:00-04:00,2023-05-01 14:35:00-04:00,2023-05-01 15:59:00-04:00,S,13296.25,13303.75,13352.0,55.75,-17.0,-0.15246636771300448,time,1,S|swing
2023-05-02 09:35:00-04:00,2023-05-02 09:35:00-04:00,2023-05-02 09:41:00-04:00,S,13295.25,13268.75,13313.5,18.25,51.0,1.3972602739726028,TP,1,S|swing
2023-05-02 14:14:00-04:00,2023-05-02 14:14:00-04:00,2023-05-02 15:59:00-04:00,S,13176.5,13185.0,13222.25,45.75,-19.0,-0.20765027322404372,time,1,S|swing
2023-05-03 11:26:00-04:00,2023-05-03 11:26:00-04:00,2023-05-03 11:56:00-04:00,S,13184.5,13209.5,13209.25,24.75,-52.0,-1.0505050505050506,SL,1,S|swing
2023-05-03 13:17:00-04:00,2023-05-03 13:17:00-04:00,2023-05-03 13:28:00-04:00,L,13216.25,13233.0,13204.5,11.75,31.5,1.3404255319148937,TP,1,L|swing
2023-05-03 14:14:00-04:00,2023-05-03 14:14:00-04:00,2023-05-03 14:37:00-04:00,L,13232.0,13185.0,13185.25,46.75,-96.0,-1.0267379679144386,SL,1,L|swing
2023-05-03 14:38:00-04:00,2023-05-03 14:38:00-04:00,2023-05-03 15:10:00-04:00,L,13249.0,13169.5,13169.75,79.25,-161.0,-1.0157728706624605,SL,1,L|swing
2023-05-04 11:32:00-04:00,2023-05-04 11:32:00-04:00,2023-05-04 13:17:00-04:00,S,13066.5,13107.75,13107.5,41.0,-84.5,-1.0304878048780488,SL,1,S|swing
2023-05-04 14:14:00-04:00,2023-05-04 14:14:00-04:00,2023-05-04 14:19:00-04:00,L,13093.5,13085.25,13085.5,8.0,-18.5,-1.15625,SL,1,L|swing
2023-05-04 14:23:00-04:00,2023-05-04 14:23:00-04:00,2023-05-04 15:59:00-04:00,S,13076.0,13048.25,13111.75,35.75,53.5,0.7482517482517482,time,1,S|swing
2023-05-05 12:41:00-04:00,2023-05-05 12:41:00-04:00,2023-05-05 12:48:00-04:00,L,13259.75,13239.75,13240.0,19.75,-42.0,-1.0632911392405062,SL,1,L|swing
2023-05-05 12:50:00-04:00,2023-05-05 12:50:00-04:00,2023-05-05 13:00:00-04:00,L,13252.75,13272.5,13239.0,13.75,37.5,1.3636363636363635,TP,1,L|swing
2023-05-08 09:35:00-04:00,2023-05-08 09:35:00-04:00,2023-05-08 09:54:00-04:00,S,13290.5,13261.25,13310.5,20.0,56.5,1.4125,TP,1,S|swing
2023-05-08 14:08:00-04:00,2023-05-08 14:08:00-04:00,2023-05-08 14:42:00-04:00,S,13298.75,13355.25,13355.0,56.25,-115.0,-1.0222222222222221,SL,1,S|swing
2023-05-09 09:38:00-04:00,2023-05-09 09:38:00-04:00,2023-05-09 09:47:00-04:00,S,13278.5,13297.0,13296.75,18.25,-39.0,-1.0684931506849316,SL,1,S|swing
2023-05-09 09:53:00-04:00,2023-05-09 09:53:00-04:00,2023-05-09 09:56:00-04:00,S,13278.5,13298.25,13298.0,19.5,-41.5,-1.064102564102564,SL,1,S|swing
2023-05-09 10:11:00-04:00,2023-05-09 10:11:00-04:00,2023-05-09 15:59:00-04:00,S,13286.0,13266.25,13317.75,31.75,37.5,0.5905511811023622,time,1,S|swing
2023-05-10 09:59:00-04:00,2023-05-10 09:59:00-04:00,2023-05-10 10:46:00-04:00,L,13376.5,13321.0,13321.25,55.25,-113.0,-1.0226244343891402,SL,1,L|swing
2023-05-10 11:20:00-04:00,2023-05-10 11:20:00-04:00,2023-05-10 13:24:00-04:00,L,13350.75,13297.75,13298.0,52.75,-108.0,-1.0236966824644549,SL,1,L|swing
2023-05-10 14:02:00-04:00,2023-05-10 14:02:00-04:00,2023-05-10 15:19:00-04:00,L,13322.75,13412.25,13262.5,60.25,177.0,1.4688796680497926,TP,1,L|swing
2023-05-11 10:53:00-04:00,2023-05-11 10:53:00-04:00,2023-05-11 11:00:00-04:00,S,13402.0,13420.25,13420.0,18.0,-38.5,-1.0694444444444444,SL,1,S|swing
2023-05-11 11:29:00-04:00,2023-05-11 11:29:00-04:00,2023-05-11 13:47:00-04:00,L,13434.5,13402.75,13403.0,31.5,-65.5,-1.0396825396825398,SL,1,L|swing
2023-05-12 09:47:00-04:00,2023-05-12 09:47:00-04:00,2023-05-12 10:01:00-04:00,S,13462.25,13425.25,13487.5,25.25,72.0,1.4257425742574257,TP,1,S|swing
2023-05-12 11:11:00-04:00,2023-05-12 11:11:00-04:00,2023-05-12 11:13:00-04:00,S,13415.25,13400.0,13426.0,10.75,28.5,1.3255813953488371,TP,1,S|swing
2023-05-12 11:38:00-04:00,2023-05-12 11:38:00-04:00,2023-05-12 15:59:00-04:00,S,13373.0,13397.5,13420.25,47.25,-51.0,-0.5396825396825397,time,1,S|swing
2023-05-15 09:50:00-04:00,2023-05-15 09:50:00-04:00,2023-05-15 11:19:00-04:00,S,13392.5,13428.75,13428.5,36.0,-74.5,-1.0347222222222223,SL,1,S|swing
2023-05-15 12:44:00-04:00,2023-05-15 12:44:00-04:00,2023-05-15 13:00:00-04:00,L,13436.25,13453.75,13424.0,12.25,33.0,1.346938775510204,TP,1,L|swing
2023-05-15 13:05:00-04:00,2023-05-15 13:05:00-04:00,2023-05-15 13:42:00-04:00,L,13453.25,13427.75,13428.0,25.25,-53.0,-1.0495049504950495,SL,1,L|swing
2023-05-15 13:53:00-04:00,2023-05-15 13:53:00-04:00,2023-05-15 15:33:00-04:00,L,13437.5,13466.25,13417.75,19.75,55.5,1.4050632911392404,TP,1,L|swing
2023-05-16 10:50:00-04:00,2023-05-16 10:50:00-04:00,2023-05-16 11:30:00-04:00,L,13501.25,13539.0,13475.5,25.75,73.5,1.4271844660194175,TP,1,L|swing
2023-05-16 12:32:00-04:00,2023-05-16 12:32:00-04:00,2023-05-16 12:39:00-04:00,L,13535.75,13546.5,13528.0,7.75,19.5,1.2580645161290323,TP,1,L|swing
2023-05-16 13:32:00-04:00,2023-05-16 13:32:00-04:00,2023-05-16 13:48:00-04:00,L,13531.0,13541.75,13523.25,7.75,19.5,1.2580645161290323,TP,1,L|swing
2023-05-17 09:50:00-04:00,2023-05-17 09:50:00-04:00,2023-05-17 11:00:00-04:00,S,13495.75,13540.5,13540.25,44.5,-91.5,-1.0280898876404494,SL,1,S|swing
2023-05-18 12:11:00-04:00,2023-05-18 12:11:00-04:00,2023-05-18 12:14:00-04:00,L,13813.75,13797.25,13797.5,16.25,-35.0,-1.0769230769230769,SL,1,L|swing
2023-05-18 12:17:00-04:00,2023-05-18 12:17:00-04:00,2023-05-18 12:25:00-04:00,L,13795.25,13778.0,13778.25,17.0,-36.5,-1.0735294117647058,SL,1,L|swing
2023-05-18 12:35:00-04:00,2023-05-18 12:35:00-04:00,2023-05-18 13:21:00-04:00,L,13793.5,13821.5,13774.25,19.25,54.0,1.4025974025974026,TP,1,L|swing
2023-05-18 14:14:00-04:00,2023-05-18 14:14:00-04:00,2023-05-18 14:19:00-04:00,L,13768.25,13786.25,13755.75,12.5,34.0,1.36,TP,1,L|swing
2023-05-18 14:29:00-04:00,2023-05-18 14:29:00-04:00,2023-05-18 15:16:00-04:00,L,13788.75,13837.25,13755.75,33.0,95.0,1.4393939393939394,TP,1,L|swing
2023-05-19 09:35:00-04:00,2023-05-19 09:35:00-04:00,2023-05-19 09:42:00-04:00,S,13894.75,13923.5,13923.25,28.5,-59.5,-1.043859649122807,SL,1,S|swing
2023-05-19 09:47:00-04:00,2023-05-19 09:47:00-04:00,2023-05-19 11:32:00-04:00,S,13895.0,13844.5,13929.25,34.25,99.0,1.4452554744525548,TP,1,S|swing
2023-05-19 11:59:00-04:00,2023-05-19 11:59:00-04:00,2023-05-19 12:31:00-04:00,S,13862.25,13825.75,13887.25,25.0,71.0,1.42,TP,1,S|swing
2023-05-19 12:47:00-04:00,2023-05-19 12:47:00-04:00,2023-05-19 15:59:00-04:00,S,13845.75,13858.25,13876.25,30.5,-27.0,-0.4426229508196721,time,1,S|swing
2023-05-22 09:35:00-04:00,2023-05-22 09:35:00-04:00,2023-05-22 09:50:00-04:00,L,13883.25,13940.5,13844.5,38.75,112.5,1.4516129032258065,TP,1,L|swing
2023-05-22 10:11:00-04:00,2023-05-22 10:11:00-04:00,2023-05-22 15:59:00-04:00,L,13899.75,13905.0,13861.75,38.0,8.5,0.1118421052631579,time,1,L|swing
2023-05-23 12:02:00-04:00,2023-05-23 12:02:00-04:00,2023-05-23 12:06:00-04:00,S,13860.0,13841.0,13873.25,13.25,36.0,1.3584905660377358,TP,1,S|swing
2023-05-24 10:02:00-04:00,2023-05-24 10:02:00-04:00,2023-05-24 15:20:00-04:00,S,13629.75,13675.5,13675.25,45.5,-93.5,-1.0274725274725274,SL,1,S|swing
2023-05-25 10:38:00-04:00,2023-05-25 10:38:00-04:00,2023-05-25 11:12:00-04:00,L,13897.5,13963.25,13853.0,44.5,129.5,1.4550561797752808,TP,1,L|swing
2023-05-25 12:17:00-04:00,2023-05-25 12:17:00-04:00,2023-05-25 15:59:00-04:00,L,13972.25,13977.5,13923.75,48.5,8.5,0.08762886597938144,time,1,L|swing
2023-05-26 11:44:00-04:00,2023-05-26 11:44:00-04:00,2023-05-26 15:59:00-04:00,L,14286.0,14333.0,14225.5,60.5,92.0,0.7603305785123967,time,1,L|swing
2023-05-29 10:14:00-04:00,2023-05-29 10:14:00-04:00,2023-05-29 10:18:00-04:00,S,14376.75,14382.0,14381.75,5.0,-12.5,-1.25,SL,1,S|swing
2023-05-29 10:35:00-04:00,2023-05-29 10:35:00-04:00,2023-05-29 10:47:00-04:00,S,14379.75,14386.5,14386.25,6.5,-15.5,-1.1923076923076923,SL,1,S|swing
2023-05-29 12:14:00-04:00,2023-05-29 12:14:00-04:00,2023-05-29 12:29:00-04:00,S,14378.25,14385.5,14385.25,7.0,-16.5,-1.1785714285714286,SL,1,S|swing
2023-05-30 10:44:00-04:00,2023-05-30 10:44:00-04:00,2023-05-30 11:02:00-04:00,S,14424.25,14473.25,14473.0,48.75,-100.0,-1.0256410256410255,SL,1,S|swing
2023-05-30 11:35:00-04:00,2023-05-30 11:35:00-04:00,2023-05-30 11:40:00-04:00,S,14450.5,14477.5,14477.25,26.75,-56.0,-1.0467289719626167,SL,1,S|swing
2023-05-30 11:50:00-04:00,2023-05-30 11:50:00-04:00,2023-05-30 12:13:00-04:00,S,14460.75,14425.75,14484.75,24.0,68.0,1.4166666666666667,TP,1,S|swing
2023-05-30 12:29:00-04:00,2023-05-30 12:29:00-04:00,2023-05-30 14:02:00-04:00,S,14414.0,14340.25,14463.75,49.75,145.5,1.4623115577889447,TP,1,S|swing
2023-05-31 09:38:00-04:00,2023-05-31 09:38:00-04:00,2023-05-31 10:18:00-04:00,L,14364.0,14314.5,14314.75,49.25,-101.0,-1.0253807106598984,SL,1,L|swing
2023-05-31 11:32:00-04:00,2023-05-31 11:32:00-04:00,2023-05-31 11:54:00-04:00,S,14258.5,14303.75,14303.5,45.0,-92.5,-1.0277777777777777,SL,1,S|swing
2023-05-31 12:41:00-04:00,2023-05-31 12:41:00-04:00,2023-05-31 13:23:00-04:00,S,14269.25,14300.75,14300.5,31.25,-65.0,-1.04,SL,1,S|swing
2023-06-01 09:35:00-04:00,2023-06-01 09:35:00-04:00,2023-06-01 09:58:00-04:00,S,14258.75,14321.5,14321.25,62.5,-127.5,-1.02,SL,1,S|swing
2023-06-01 10:32:00-04:00,2023-06-01 10:32:00-04:00,2023-06-01 10:41:00-04:00,S,14294.5,14342.25,14342.0,47.5,-97.5,-1.0263157894736843,SL,1,S|swing
2023-06-02 09:59:00-04:00,2023-06-02 09:59:00-04:00,2023-06-02 15:59:00-04:00,S,14481.5,14579.5,14628.0,146.5,-198.0,-0.6757679180887372,time,1,S|swing
2023-06-05 10:17:00-04:00,2023-06-05 10:17:00-04:00,2023-06-05 10:55:00-04:00,L,14614.25,14666.75,14578.75,35.5,103.0,1.4507042253521127,TP,1,L|swing
2023-06-05 12:05:00-04:00,2023-06-05 12:05:00-04:00,2023-06-05 12:07:00-04:00,L,14655.5,14666.75,14647.5,8.0,20.5,1.28125,TP,1,L|swing
2023-06-05 14:02:00-04:00,2023-06-05 14:02:00-04:00,2023-06-05 14:12:00-04:00,L,14637.0,14609.5,14609.75,27.25,-57.0,-1.0458715596330275,SL,1,L|swing
2023-06-05 14:23:00-04:00,2023-06-05 14:23:00-04:00,2023-06-05 14:31:00-04:00,L,14632.75,14600.75,14601.0,31.75,-66.0,-1.0393700787401574,SL,1,L|swing
2023-06-05 14:32:00-04:00,2023-06-05 14:32:00-04:00,2023-06-05 15:59:00-04:00,S,14581.5,14587.75,14638.25,56.75,-14.5,-0.1277533039647577,time,1,S|swing
2023-06-06 12:26:00-04:00,2023-06-06 12:26:00-04:00,2023-06-06 12:36:00-04:00,L,14598.0,14583.25,14583.5,14.5,-31.5,-1.0862068965517242,SL,1,L|swing
2023-06-07 10:23:00-04:00,2023-06-07 10:23:00-04:00,2023-06-07 11:57:00-04:00,S,14560.0,14434.5,14644.25,84.25,249.0,1.4777448071216617,TP,1,S|swing
2023-06-07 11:59:00-04:00,2023-06-07 11:59:00-04:00,2023-06-07 15:40:00-04:00,S,14430.5,14312.75,14509.5,79.0,233.5,1.4778481012658229,TP,1,S|swing
2023-06-08 10:02:00-04:00,2023-06-08 10:02:00-04:00,2023-06-08 11:01:00-04:00,L,14381.5,14461.25,14327.75,53.75,157.5,1.4651162790697674,TP,1,L|swing
2023-06-08 12:11:00-04:00,2023-06-08 12:11:00-04:00,2023-06-08 12:29:00-04:00,L,14495.0,14519.25,14478.25,16.75,46.5,1.3880597014925373,TP,1,L|swing
2023-06-08 14:14:00-04:00,2023-06-08 14:14:00-04:00,2023-06-08 15:11:00-04:00,L,14453.0,14500.5,14420.75,32.25,93.0,1.441860465116279,TP,1,L|swing
2023-06-09 11:08:00-04:00,2023-06-09 11:08:00-04:00,2023-06-09 11:26:00-04:00,L,14628.0,14559.25,14559.5,68.5,-139.5,-1.0182481751824817,SL,1,L|swing
2023-06-09 11:41:00-04:00,2023-06-09 11:41:00-04:00,2023-06-09 11:57:00-04:00,L,14560.25,14531.5,14531.75,28.5,-59.5,-1.043859649122807,SL,1,L|swing
2023-06-09 11:59:00-04:00,2023-06-09 11:59:00-04:00,2023-06-09 13:26:00-04:00,S,14531.25,14577.25,14577.0,45.75,-94.0,-1.0273224043715847,SL,1,S|swing
2023-06-09 14:56:00-04:00,2023-06-09 14:56:00-04:00,2023-06-09 15:06:00-04:00,L,14578.0,14560.5,14560.75,17.25,-37.0,-1.0724637681159421,SL,1,L|swing
2023-06-12 10:23:00-04:00,2023-06-12 10:23:00-04:00,2023-06-12 11:42:00-04:00,L,14617.0,14667.5,14582.75,34.25,99.0,1.4452554744525548,TP,1,L|swing
2023-06-12 12:47:00-04:00,2023-06-12 12:47:00-04:00,2023-06-12 13:31:00-04:00,L,14663.75,14683.25,14650.25,13.5,37.0,1.3703703703703705,TP,1,L|swing
2023-06-12 13:41:00-04:00,2023-06-12 13:41:00-04:00,2023-06-12 13:45:00-04:00,L,14679.25,14697.25,14666.75,12.5,34.0,1.36,TP,1,L|swing
2023-06-13 09:47:00-04:00,2023-06-13 09:47:00-04:00,2023-06-13 15:59:00-04:00,S,14843.75,14911.5,14945.25,101.5,-137.5,-0.6773399014778325,time,1,S|swing
2023-06-16 10:32:00-04:00,2023-06-16 10:32:00-04:00,2023-06-16 11:26:00-04:00,L,15395.5,15343.25,15343.5,52.0,-106.5,-1.0240384615384615,SL,1,L|swing
2023-06-16 13:26:00-04:00,2023-06-16 13:26:00-04:00,2023-06-16 14:31:00-04:00,S,15380.0,15337.25,15409.0,29.0,83.5,1.4396551724137931,TP,1,S|swing
2023-06-19 10:41:00-04:00,2023-06-19 10:41:00-04:00,2023-06-19 10:51:00-04:00,S,15238.5,15245.75,15245.5,7.0,-16.5,-1.1785714285714286,SL,1,S|swing
2023-06-19 11:29:00-04:00,2023-06-19 11:29:00-04:00,2023-06-19 12:00:00-04:00,S,15233.75,15248.5,15248.25,14.5,-31.5,-1.0862068965517242,SL,1,S|swing
2023-06-19 12:44:00-04:00,2023-06-19 12:44:00-04:00,2023-06-19 12:49:00-04:00,S,15243.5,15242.25,15249.5,6.0,0.5,0.041666666666666664,time,1,S|swing
2023-06-20 12:05:00-04:00,2023-06-20 12:05:00-04:00,2023-06-20 12:12:00-04:00,S,15164.0,15196.5,15196.25,32.25,-67.0,-1.0387596899224807,SL,1,S|swing
2023-06-20 13:44:00-04:00,2023-06-20 13:44:00-04:00,2023-06-20 13:51:00-04:00,L,15269.0,15258.75,15259.0,10.0,-22.5,-1.125,SL,1,L|swing
2023-06-20 14:23:00-04:00,2023-06-20 14:23:00-04:00,2023-06-20 14:46:00-04:00,L,15258.5,15230.5,15230.75,27.75,-58.0,-1.045045045045045,SL,1,L|swing
2023-06-21 09:53:00-04:00,2023-06-21 09:53:00-04:00,2023-06-21 11:04:00-04:00,S,15146.25,15037.25,15219.5,73.25,216.0,1.4744027303754266,TP,1,S|swing
2023-06-21 11:38:00-04:00,2023-06-21 11:38:00-04:00,2023-06-21 11:40:00-04:00,S,15071.25,15079.5,15079.25,8.0,-18.5,-1.15625,SL,1,S|swing
2023-06-21 11:56:00-04:00,2023-06-21 11:56:00-04:00,2023-06-21 12:17:00-04:00,S,15038.75,15087.5,15087.25,48.5,-99.5,-1.0257731958762886,SL,1,S|swing
2023-06-21 12:35:00-04:00,2023-06-21 12:35:00-04:00,2023-06-21 13:56:00-04:00,S,15069.5,15092.25,15092.0,22.5,-47.5,-1.0555555555555556,SL,1,S|swing
2023-06-22 11:05:00-04:00,2023-06-22 11:05:00-04:00,2023-06-22 15:59:00-04:00,L,15134.0,15213.25,15055.75,78.25,156.5,1.0,time,1,L|swing
2023-06-23 09:41:00-04:00,2023-06-23 09:41:00-04:00,2023-06-23 12:15:00-04:00,S,15041.5,15088.25,15088.0,46.5,-95.5,-1.0268817204301075,SL,1,S|swing
2023-06-26 09:38:00-04:00,2023-06-26 09:38:00-04:00,2023-06-26 11:06:00-04:00,L,15079.25,15023.75,15024.0,55.25,-113.0,-1.0226244343891402,SL,1,L|swing
2023-06-26 11:44:00-04:00,2023-06-26 11:44:00-04:00,2023-06-26 12:21:00-04:00,S,14985.0,14913.25,15033.5,48.5,141.5,1.458762886597938,TP,1,S|swing
2023-06-26 13:56:00-04:00,2023-06-26 13:56:00-04:00,2023-06-26 14:34:00-04:00,S,14897.75,14930.25,14930.0,32.25,-67.0,-1.0387596899224807,SL,1,S|swing
2023-06-27 09:35:00-04:00,2023-06-27 09:35:00-04:00,2023-06-27 10:12:00-04:00,L,14960.5,14897.5,14897.75,62.75,-128.0,-1.0199203187250996,SL,1,L|swing
2023-06-27 10:26:00-04:00,2023-06-27 10:26:00-04:00,2023-06-27 11:52:00-04:00,L,14936.25,15007.75,14888.0,48.25,141.0,1.461139896373057,TP,1,L|swing
2023-06-28 12:44:00-04:00,2023-06-28 12:44:00-04:00,2023-06-28 15:59:00-04:00,S,15087.5,15139.75,15219.0,131.5,-106.5,-0.4049429657794677,time,1,S|swing
2023-06-29 09:35:00-04:00,2023-06-29 09:35:00-04:00,2023-06-29 09:45:00-04:00,S,15120.0,15081.5,15146.25,26.25,75.0,1.4285714285714286,TP,1,S|swing
2023-06-29 10:08:00-04:00,2023-06-29 10:08:00-04:00,2023-06-29 15:59:00-04:00,S,15059.0,15103.5,15140.5,81.5,-91.0,-0.558282208588957,time,1,S|swing
2023-06-30 09:41:00-04:00,2023-06-30 09:41:00-04:00,2023-06-30 10:04:00-04:00,L,15275.5,15330.75,15238.0,37.5,108.5,1.4466666666666668,TP,1,L|swing
2023-06-30 11:38:00-04:00,2023-06-30 11:38:00-04:00,2023-06-30 11:40:00-04:00,L,15313.0,15306.75,15307.0,6.0,-14.5,-1.2083333333333333,SL,1,L|swing
2023-06-30 11:59:00-04:00,2023-06-30 11:59:00-04:00,2023-06-30 12:56:00-04:00,L,15312.75,15357.75,15282.25,30.5,88.0,1.4426229508196722,TP,1,L|swing
2023-07-03 10:47:00-04:00,2023-07-03 10:47:00-04:00,2023-07-03 13:04:00-04:00,S,15318.5,15359.0,15370.75,52.25,-83.0,-0.7942583732057417,time,1,S|swing
2023-07-04 11:23:00-04:00,2023-07-04 11:23:00-04:00,2023-07-04 12:08:00-04:00,L,15353.25,15344.5,15344.75,8.5,-19.5,-1.1470588235294117,SL,1,L|swing
2023-07-05 10:50:00-04:00,2023-07-05 10:50:00-04:00,2023-07-05 10:52:00-04:00,L,15405.5,15389.75,15390.0,15.5,-33.5,-1.0806451612903225,SL,1,L|swing
2023-07-05 11:47:00-04:00,2023-07-05 11:47:00-04:00,2023-07-05 11:57:00-04:00,L,15378.25,15353.0,15353.25,25.0,-52.5,-1.05,SL,1,L|swing
2023-07-05 12:17:00-04:00,2023-07-05 12:17:00-04:00,2023-07-05 14:16:00-04:00,L,15372.25,15338.0,15338.25,34.0,-70.5,-1.036764705882353,SL,1,L|swing
2023-07-05 14:41:00-04:00,2023-07-05 14:41:00-04:00,2023-07-05 15:59:00-04:00,L,15371.75,15359.75,15324.0,47.75,-26.0,-0.27225130890052357,time,1,L|swing
2023-07-06 10:38:00-04:00,2023-07-06 10:38:00-04:00,2023-07-06 11:14:00-04:00,S,15151.75,15116.25,15176.0,24.25,69.0,1.422680412371134,TP,1,S|swing
2023-07-06 13:08:00-04:00,2023-07-06 13:08:00-04:00,2023-07-06 13:13:00-04:00,S,15216.5,15227.0,15226.75,10.25,-23.0,-1.1219512195121952,SL,1,S|swing
2023-07-06 13:26:00-04:00,2023-07-06 13:26:00-04:00,2023-07-06 13:31:00-04:00,S,15215.75,15193.25,15231.25,15.5,43.0,1.3870967741935485,TP,1,S|swing
2023-07-07 09:38:00-04:00,2023-07-07 09:38:00-04:00,2023-07-07 10:04:00-04:00,L,15224.0,15276.75,15188.25,35.75,103.5,1.4475524475524475,TP,1,L|swing
2023-07-07 11:17:00-04:00,2023-07-07 11:17:00-04:00,2023-07-07 12:06:00-04:00,L,15248.5,15295.75,15216.5,32.0,92.5,1.4453125,TP,1,L|swing
2023-07-10 09:47:00-04:00,2023-07-10 09:47:00-04:00,2023-07-10 15:59:00-04:00,S,15146.25,15190.5,15214.75,68.5,-90.5,-0.6605839416058394,time,1,S|swing
2023-07-11 09:35:00-04:00,2023-07-11 09:35:00-04:00,2023-07-11 09:41:00-04:00,L,15225.25,15183.25,15183.5,41.75,-86.0,-1.029940119760479,SL,1,L|swing
2023-07-11 09:56:00-04:00,2023-07-11 09:56:00-04:00,2023-07-11 11:59:00-04:00,S,15145.5,15234.25,15234.0,88.5,-179.5,-1.0141242937853108,SL,1,S|swing
2023-07-11 14:35:00-04:00,2023-07-11 14:35:00-04:00,2023-07-11 14:56:00-04:00,S,15160.5,15206.5,15206.25,45.75,-94.0,-1.0273224043715847,SL,1,S|swing
2023-07-12 09:44:00-04:00,2023-07-12 09:44:00-04:00,2023-07-12 09:54:00-04:00,L,15430.25,15463.25,15407.75,22.5,64.0,1.4222222222222223,TP,1,L|swing
2023-07-12 11:32:00-04:00,2023-07-12 11:32:00-04:00,2023-07-12 11:34:00-04:00,L,15453.5,15441.75,15442.0,11.5,-25.5,-1.108695652173913,SL,1,L|swing
2023-07-12 12:41:00-04:00,2023-07-12 12:41:00-04:00,2023-07-12 15:59:00-04:00,L,15416.75,15451.75,15365.25,51.5,68.0,0.6601941747572816,time,1,L|swing
2023-07-13 13:05:00-04:00,2023-07-13 13:05:00-04:00,2023-07-13 13:08:00-04:00,L,15653.75,15640.75,15641.0,12.75,-28.0,-1.0980392156862746,SL,1,L|swing
2023-07-13 13:14:00-04:00,2023-07-13 13:14:00-04:00,2023-07-13 13:39:00-04:00,L,15650.5,15670.25,15636.75,13.75,37.5,1.3636363636363635,TP,1,L|swing
2023-07-13 14:08:00-04:00,2023-07-13 14:08:00-04:00,2023-07-13 15:12:00-04:00,L,15675.0,15704.75,15654.5,20.5,57.5,1.4024390243902438,TP,1,L|swing
2023-07-14 10:53:00-04:00,2023-07-14 10:53:00-04:00,2023-07-14 13:01:00-04:00,L,15787.0,15752.75,15753.0,34.0,-70.5,-1.036764705882353,SL,1,L|swing
2023-07-14 13:02:00-04:00,2023-07-14 13:02:00-04:00,2023-07-14 15:59:00-04:00,S,15738.5,15703.25,15793.25,54.75,68.5,0.6255707762557078,time,1,S|swing
2023-07-17 10:56:00-04:00,2023-07-17 10:56:00-04:00,2023-07-17 11:00:00-04:00,L,15746.0,15758.25,15737.25,8.75,22.5,1.2857142857142858,TP,1,L|swing
2023-07-17 11:05:00-04:00,2023-07-17 11:05:00-04:00,2023-07-17 11:28:00-04:00,L,15754.75,15780.25,15737.25,17.5,49.0,1.4,TP,1,L|swing
2023-07-17 11:29:00-04:00,2023-07-17 11:29:00-04:00,2023-07-17 15:04:00-04:00,L,15780.75,15841.0,15740.0,40.75,118.5,1.4539877300613497,TP,1,L|swing
2023-07-18 09:50:00-04:00,2023-07-18 09:50:00-04:00,2023-07-18 11:40:00-04:00,S,15756.75,15818.5,15818.25,61.5,-125.5,-1.0203252032520325,SL,1,S|swing
2023-07-19 09:41:00-04:00,2023-07-19 09:41:00-04:00,2023-07-19 10:15:00-04:00,L,16035.0,15977.5,15977.75,57.25,-117.0,-1.0218340611353711,SL,1,L|swing
2023-07-19 10:26:00-04:00,2023-07-19 10:26:00-04:00,2023-07-19 12:25:00-04:00,L,16009.75,15970.75,15971.0,38.75,-80.0,-1.032258064516129,SL,1,L|swing
2023-07-19 12:26:00-04:00,2023-07-19 12:26:00-04:00,2023-07-19 15:59:00-04:00,S,15972.5,15957.5,16062.75,90.25,28.0,0.15512465373961218,time,1,S|swing
2023-07-20 10:26:00-04:00,2023-07-20 10:26:00-04:00,2023-07-20 15:17:00-04:00,S,15753.25,15566.25,15878.5,125.25,372.0,1.4850299401197604,TP,1,S|swing
2023-07-21 09:35:00-04:00,2023-07-21 09:35:00-04:00,2023-07-21 09:39:00-04:00,L,15706.5,15656.0,15656.25,50.25,-103.0,-1.0248756218905473,SL,1,L|swing
2023-07-21 09:44:00-04:00,2023-07-21 09:44:00-04:00,2023-07-21 09:48:00-04:00,L,15679.0,15650.75,15651.0,28.0,-58.5,-1.0446428571428572,SL,1,L|swing
2023-07-21 12:29:00-04:00,2023-07-21 12:29:00-04:00,2023-07-21 13:19:00-04:00,S,15574.75,15616.25,15616.0,41.25,-85.0,-1.0303030303030303,SL,1,S|swing
2023-07-21 14:14:00-04:00,2023-07-21 14:14:00-04:00,2023-07-21 15:59:00-04:00,S,15586.25,15537.75,15655.0,68.75,95.0,0.6909090909090909,time,1,S|swing
2023-07-24 09:53:00-04:00,2023-07-24 09:53:00-04:00,2023-07-24 15:59:00-04:00,S,15508.75,15564.0,15618.5,109.75,-112.5,-0.5125284738041003,time,1,S|swing
2023-07-25 11:11:00-04:00,2023-07-25 11:11:00-04:00,2023-07-25 12:52:00-04:00,L,15637.0,15687.75,15602.5,34.5,99.5,1.4420289855072463,TP,1,L|swing
2023-07-26 09:56:00-04:00,2023-07-26 09:56:00-04:00,2023-07-26 10:53:00-04:00,S,15611.0,15569.5,15639.25,28.25,81.0,1.4336283185840708,TP,1,S|swing
2023-07-26 12:35:00-04:00,2023-07-26 12:35:00-04:00,2023-07-26 14:10:00-04:00,S,15560.0,15599.5,15599.25,39.25,-81.0,-1.0318471337579618,SL,1,S|swing
2023-07-27 10:32:00-04:00,2023-07-27 10:32:00-04:00,2023-07-27 14:25:00-04:00,S,15781.75,15628.5,15884.5,102.75,304.5,1.4817518248175183,TP,1,S|swing
2023-07-28 09:41:00-04:00,2023-07-28 09:41:00-04:00,2023-07-28 11:41:00-04:00,L,15781.0,15878.75,15715.25,65.75,193.5,1.4714828897338403,TP,1,L|swing
2023-07-28 13:56:00-04:00,2023-07-28 13:56:00-04:00,2023-07-28 15:59:00-04:00,L,15828.5,15849.25,15774.75,53.75,39.5,0.3674418604651163,time,1,L|swing
2023-07-31 10:08:00-04:00,2023-07-31 10:08:00-04:00,2023-07-31 15:47:00-04:00,L,15850.25,15805.25,15805.5,44.75,-92.0,-1.0279329608938548,SL,1,L|swing
2023-08-01 09:44:00-04:00,2023-08-01 09:44:00-04:00,2023-08-01 09:45:00-04:00,S,15792.5,15806.5,15806.25,13.75,-30.0,-1.0909090909090908,SL,1,S|swing
2023-08-01 10:14:00-04:00,2023-08-01 10:14:00-04:00,2023-08-01 10:40:00-04:00,S,15755.25,15815.75,15815.5,60.25,-123.0,-1.020746887966805,SL,1,S|swing
2023-08-01 12:11:00-04:00,2023-08-01 12:11:00-04:00,2023-08-01 12:21:00-04:00,L,15820.25,15802.75,15803.0,17.25,-37.0,-1.0724637681159421,SL,1,L|swing
2023-08-01 12:26:00-04:00,2023-08-01 12:26:00-04:00,2023-08-01 13:00:00-04:00,S,15797.25,15829.5,15829.25,32.0,-66.5,-1.0390625,SL,1,S|swing
2023-08-01 14:29:00-04:00,2023-08-01 14:29:00-04:00,2023-08-01 14:49:00-04:00,L,15832.25,15844.25,15823.75,8.5,22.0,1.2941176470588236,TP,1,L|swing
2023-08-01 14:53:00-04:00,2023-08-01 14:53:00-04:00,2023-08-01 14:56:00-04:00,L,15837.25,15823.75,15824.0,13.25,-29.0,-1.0943396226415094,SL,1,L|swing
2023-08-02 11:17:00-04:00,2023-08-02 11:17:00-04:00,2023-08-02 11:50:00-04:00,S,15501.5,15467.25,15525.0,23.5,66.5,1.4148936170212767,TP,1,S|swing
2023-08-02 13:14:00-04:00,2023-08-02 13:14:00-04:00,2023-08-02 13:30:00-04:00,S,15486.25,15499.0,15498.75,12.5,-27.5,-1.1,SL,1,S|swing
2023-08-02 14:35:00-04:00,2023-08-02 14:35:00-04:00,2023-08-02 15:17:00-04:00,S,15487.25,15449.25,15513.25,26.0,74.0,1.4230769230769231,TP,1,S|swing
2023-08-03 10:29:00-04:00,2023-08-03 10:29:00-04:00,2023-08-03 11:18:00-04:00,S,15355.5,15467.25,15467.0,111.5,-225.5,-1.0112107623318385,SL,1,S|swing
2023-08-03 12:26:00-04:00,2023-08-03 12:26:00-04:00,2023-08-03 14:10:00-04:00,L,15479.5,15441.25,15441.5,38.0,-78.5,-1.0328947368421053,SL,1,L|swing
2023-08-03 14:38:00-04:00,2023-08-03 14:38:00-04:00,2023-08-03 15:11:00-04:00,L,15465.0,15437.0,15437.25,27.75,-58.0,-1.045045045045045,SL,1,L|swing
2023-08-04 09:53:00-04:00,2023-08-04 09:53:00-04:00,2023-08-04 12:25:00-04:00,S,15473.5,15584.5,15584.25,110.75,-224.0,-1.0112866817155757,SL,1,S|swing
2023-08-07 10:41:00-04:00,2023-08-07 10:41:00-04:00,2023-08-07 10:55:00-04:00,L,15442.5,15392.25,15392.5,50.0,-102.5,-1.025,SL,1,L|swing
2023-08-07 11:17:00-04:00,2023-08-07 11:17:00-04:00,2023-08-07 12:10:00-04:00,S,15363.0,15424.25,15424.0,61.0,-124.5,-1.0204918032786885,SL,1,S|swing
2023-08-07 14:32:00-04:00,2023-08-07 14:32:00-04:00,2023-08-07 15:56:00-04:00,L,15445.5,15481.75,15420.75,24.75,70.5,1.4242424242424243,TP,1,L|swing
2023-08-08 09:38:00-04:00,2023-08-08 09:38:00-04:00,2023-08-08 09:50:00-04:00,S,15346.0,15283.5,15388.25,42.25,123.0,1.455621301775148,TP,1,S|swing
2023-08-09 12:32:00-04:00,2023-08-09 12:32:00-04:00,2023-08-09 12:34:00-04:00,S,15208.25,15213.75,15213.5,5.25,-13.0,-1.2380952380952381,SL,1,S|swing
2023-08-09 12:56:00-04:00,2023-08-09 12:56:00-04:00,2023-08-09 13:05:00-04:00,S,15198.75,15219.25,15219.0,20.25,-43.0,-1.0617283950617284,SL,1,S|swing
2023-08-10 09:35:00-04:00,2023-08-10 09:35:00-04:00,2023-08-10 09:59:00-04:00,L,15331.75,15419.0,15273.0,58.75,172.5,1.4680851063829787,TP,1,L|swing
2023-08-10 11:47:00-04:00,2023-08-10 11:47:00-04:00,2023-08-10 15:59:00-04:00,S,15245.75,15201.0,15326.5,80.75,87.5,0.541795665634675,time,1,S|swing
2023-08-11 11:02:00-04:00,2023-08-11 11:02:00-04:00,2023-08-11 15:59:00-04:00,S,15112.75,15101.5,15166.25,53.5,20.5,0.19158878504672897,time,1,S|swing
2023-08-14 09:35:00-04:00,2023-08-14 09:35:00-04:00,2023-08-14 09:40:00-04:00,S,15051.0,15084.75,15084.5,33.5,-69.5,-1.037313432835821,SL,1,S|swing
2023-08-14 13:53:00-04:00,2023-08-14 13:53:00-04:00,2023-08-14 14:06:00-04:00,L,15213.25,15225.75,15204.25,9.0,23.0,1.2777777777777777,TP,1,L|swing
2023-08-14 14:35:00-04:00,2023-08-14 14:35:00-04:00,2023-08-14 15:43:00-04:00,L,15211.0,15244.75,15188.0,23.0,65.5,1.423913043478261,TP,1,L|swing
2023-08-15 09:47:00-04:00,2023-08-15 09:47:00-04:00,2023-08-15 15:30:00-04:00,S,15190.5,15087.75,15259.5,69.0,203.5,1.4746376811594204,TP,1,S|swing
2023-08-16 11:23:00-04:00,2023-08-16 11:23:00-04:00,2023-08-16 11:27:00-04:00,L,15113.0,15095.0,15095.25,17.75,-38.0,-1.0704225352112675,SL,1,L|swing
2023-08-16 11:44:00-04:00,2023-08-16 11:44:00-04:00,2023-08-16 12:12:00-04:00,S,15076.5,15016.25,15117.25,40.75,118.5,1.4539877300613497,TP,1,S|swing
2023-08-16 14:02:00-04:00,2023-08-16 14:02:00-04:00,2023-08-16 14:21:00-04:00,S,15005.5,15066.5,15066.25,60.75,-124.0,-1.0205761316872428,SL,1,S|swing
2023-08-16 14:41:00-04:00,2023-08-16 14:41:00-04:00,2023-08-16 15:07:00-04:00,S,15053.0,15002.5,15087.25,34.25,99.0,1.4452554744525548,TP,1,S|swing
2023-08-17 11:44:00-04:00,2023-08-17 11:44:00-04:00,2023-08-17 11:52:00-04:00,S,14879.0,14897.25,14897.0,18.0,-38.5,-1.0694444444444444,SL,1,S|swing
2023-08-17 13:26:00-04:00,2023-08-17 13:26:00-04:00,2023-08-17 14:44:00-04:00,S,14906.75,14830.75,14958.0,51.25,150.0,1.4634146341463414,TP,1,S|swing
2023-08-18 11:23:00-04:00,2023-08-18 11:23:00-04:00,2023-08-18 11:27:00-04:00,S,14700.75,14679.75,14715.25,14.5,40.0,1.3793103448275863,TP,1,S|swing
2023-08-18 11:38:00-04:00,2023-08-18 11:38:00-04:00,2023-08-18 11:52:00-04:00,S,14674.25,14715.5,14715.25,41.0,-84.5,-1.0304878048780488,SL,1,S|swing
2023-08-18 13:20:00-04:00,2023-08-18 13:20:00-04:00,2023-08-18 14:21:00-04:00,S,14696.5,14748.25,14748.0,51.5,-105.5,-1.0242718446601942,SL,1,S|swing
2023-08-21 11:02:00-04:00,2023-08-21 11:02:00-04:00,2023-08-21 11:10:00-04:00,L,14851.5,14817.5,14817.75,33.75,-70.0,-1.037037037037037,SL,1,L|swing
2023-08-21 11:38:00-04:00,2023-08-21 11:38:00-04:00,2023-08-21 12:13:00-04:00,S,14810.0,14836.0,14835.75,25.75,-54.0,-1.0485436893203883,SL,1,S|swing
2023-08-21 14:47:00-04:00,2023-08-21 14:47:00-04:00,2023-08-21 15:59:00-04:00,L,14988.75,14986.75,14948.0,40.75,-6.0,-0.0736196319018405,time,1,L|swing
2023-08-22 11:23:00-04:00,2023-08-22 11:23:00-04:00,2023-08-22 11:39:00-04:00,L,15041.25,15005.75,15006.0,35.25,-73.0,-1.0354609929078014,SL,1,L|swing
2023-08-22 11:53:00-04:00,2023-08-22 11:53:00-04:00,2023-08-22 15:59:00-04:00,S,14984.25,14960.5,15042.0,57.75,45.5,0.3939393939393939,time,1,S|swing
2023-08-23 09:47:00-04:00,2023-08-23 09:47:00-04:00,2023-08-23 10:42:00-04:00,L,15062.75,15157.5,14999.0,63.75,187.5,1.4705882352941178,TP,1,L|swing
2023-08-23 12:35:00-04:00,2023-08-23 12:35:00-04:00,2023-08-23 13:16:00-04:00,L,15183.5,15206.75,15167.5,16.0,44.5,1.390625,TP,1,L|swing
2023-08-23 14:26:00-04:00,2023-08-23 14:26:00-04:00,2023-08-23 14:36:00-04:00,L,15217.0,15193.5,15193.75,23.25,-49.0,-1.053763440860215,SL,1,L|swing
2023-08-24 11:38:00-04:00,2023-08-24 11:38:00-04:00,2023-08-24 12:41:00-04:00,S,14971.0,15031.25,15031.0,60.0,-122.5,-1.0208333333333333,SL,1,S|swing
2023-08-24 13:17:00-04:00,2023-08-24 13:17:00-04:00,2023-08-24 15:36:00-04:00,S,14982.75,14900.25,15038.25,55.5,163.0,1.4684684684684686,TP,1,S|swing
2023-08-25 11:56:00-04:00,2023-08-25 11:56:00-04:00,2023-08-25 12:37:00-04:00,S,14819.75,14891.25,14891.0,71.25,-145.0,-1.0175438596491229,SL,1,S|swing
2023-08-25 12:47:00-04:00,2023-08-25 12:47:00-04:00,2023-08-25 14:32:00-04:00,L,14881.75,14982.5,14814.0,67.75,199.5,1.4723247232472325,TP,1,L|swing
2023-08-28 09:35:00-04:00,2023-08-28 09:35:00-04:00,2023-08-28 09:41:00-04:00,L,15123.25,15059.75,15060.0,63.25,-129.0,-1.0197628458498025,SL,1,L|swing
2023-08-28 09:44:00-04:00,2023-08-28 09:44:00-04:00,2023-08-28 09:51:00-04:00,L,15066.75,15034.75,15035.0,31.75,-66.0,-1.0393700787401574,SL,1,L|swing
2023-08-28 10:02:00-04:00,2023-08-28 10:02:00-04:00,2023-08-28 10:53:00-04:00,L,15063.0,15003.75,15004.0,59.0,-120.5,-1.021186440677966,SL,1,L|swing
2023-08-28 11:05:00-04:00,2023-08-28 11:05:00-04:00,2023-08-28 13:05:00-04:00,S,15013.75,15093.75,15093.5,79.75,-162.0,-1.0156739811912225,SL,1,S|swing
2023-08-28 13:56:00-04:00,2023-08-28 13:56:00-04:00,2023-08-28 15:46:00-04:00,S,15010.0,15092.25,15092.0,82.0,-166.5,-1.0152439024390243,SL,1,S|swing
2023-08-29 13:47:00-04:00,2023-08-29 13:47:00-04:00,2023-08-29 13:55:00-04:00,L,15384.75,15366.0,15366.25,18.5,-39.5,-1.0675675675675675,SL,1,L|swing
2023-08-29 14:29:00-04:00,2023-08-29 14:29:00-04:00,2023-08-29 15:59:00-04:00,L,15396.5,15413.25,15367.25,29.25,31.5,0.5384615384615384,time,1,L|swing
2023-08-30 09:38:00-04:00,2023-08-30 09:38:00-04:00,2023-08-30 09:52:00-04:00,L,15409.0,15442.25,15386.25,22.75,64.5,1.4175824175824177,TP,1,L|swing
2023-08-30 11:17:00-04:00,2023-08-30 11:17:00-04:00,2023-08-30 12:34:00-04:00,L,15464.75,15521.25,15426.5,38.25,111.0,1.4509803921568627,TP,1,L|swing
2023-08-30 13:23:00-04:00,2023-08-30 13:23:00-04:00,2023-08-30 13:51:00-04:00,L,15508.0,15492.0,15492.25,15.75,-34.0,-1.0793650793650793,SL,1,L|swing
2023-08-30 13:53:00-04:00,2023-08-30 13:53:00-04:00,2023-08-30 13:54:00-04:00,L,15483.75,15475.75,15476.0,7.75,-18.0,-1.1612903225806452,SL,1,L|swing
2023-08-30 14:44:00-04:00,2023-08-30 14:44:00-04:00,2023-08-30 15:59:00-04:00,L,15505.25,15501.25,15450.75,54.5,-10.0,-0.09174311926605505,time,1,L|swing
2023-08-31 09:38:00-04:00,2023-08-31 09:38:00-04:00,2023-08-31 15:59:00-04:00,L,15538.75,15532.0,15481.0,57.75,-15.5,-0.1341991341991342,time,1,L|swing
2023-09-01 11:02:00-04:00,2023-09-01 11:02:00-04:00,2023-09-01 15:59:00-04:00,S,15505.25,15520.25,15564.25,59.0,-32.0,-0.2711864406779661,time,1,S|swing
2023-09-04 10:20:00-04:00,2023-09-04 10:20:00-04:00,2023-09-04 12:49:00-04:00,S,15550.25,15530.25,15578.75,28.5,38.0,0.6666666666666666,time,1,S|swing
2023-09-05 09:38:00-04:00,2023-09-05 09:38:00-04:00,2023-09-05 10:04:00-04:00,L,15484.5,15444.5,15444.75,39.75,-82.0,-1.0314465408805031,SL,1,L|swing
2023-09-05 10:11:00-04:00,2023-09-05 10:11:00-04:00,2023-09-05 11:06:00-04:00,L,15490.75,15561.5,15443.0,47.75,139.5,1.4607329842931938,TP,1,L|swing
2023-09-05 12:14:00-04:00,2023-09-05 12:14:00-04:00,2023-09-05 15:59:00-04:00,L,15543.25,15534.0,15505.25,38.0,-20.5,-0.26973684210526316,time,1,L|swing
2023-09-06 09:35:00-04:00,2023-09-06 09:35:00-04:00,2023-09-06 09:44:00-04:00,S,15468.5,15504.75,15504.5,36.0,-74.5,-1.0347222222222223,SL,1,S|swing
2023-09-06 09:47:00-04:00,2023-09-06 09:47:00-04:00,2023-09-06 10:02:00-04:00,S,15479.5,15427.75,15514.5,35.0,101.5,1.45,TP,1,S|swing
2023-09-06 12:20:00-04:00,2023-09-06 12:20:00-04:00,2023-09-06 14:44:00-04:00,S,15352.75,15389.25,15389.0,36.25,-75.0,-1.0344827586206897,SL,1,S|swing
2023-09-07 10:35:00-04:00,2023-09-07 10:35:00-04:00,2023-09-07 10:39:00-04:00,S,15198.75,15237.5,15237.25,38.5,-79.5,-1.0324675324675325,SL,1,S|swing
2023-09-07 10:59:00-04:00,2023-09-07 10:59:00-04:00,2023-09-07 13:54:00-04:00,S,15233.25,15282.0,15281.75,48.5,-99.5,-1.0257731958762886,SL,1,S|swing
2023-09-08 12:38:00-04:00,2023-09-08 12:38:00-04:00,2023-09-08 12:42:00-04:00,L,15328.0,15339.5,15319.75,8.25,21.0,1.2727272727272727,TP,1,L|swing
2023-09-08 12:50:00-04:00,2023-09-08 12:50:00-04:00,2023-09-08 15:59:00-04:00,S,15305.0,15295.5,15364.25,59.25,17.0,0.14345991561181434,time,1,S|swing
2023-09-11 10:47:00-04:00,2023-09-11 10:47:00-04:00,2023-09-11 13:30:00-04:00,L,15380.5,15437.75,15341.75,38.75,112.5,1.4516129032258065,TP,1,L|swing
2023-09-12 10:41:00-04:00,2023-09-12 10:41:00-04:00,2023-09-12 15:59:00-04:00,S,15376.25,15302.75,15457.5,81.25,145.0,0.8923076923076924,time,1,S|swing
2023-09-15 12:08:00-04:00,2023-09-15 12:08:00-04:00,2023-09-15 12:12:00-04:00,S,15440.75,15430.25,15448.25,7.5,19.0,1.2666666666666666,TP,1,S|swing
2023-09-15 13:05:00-04:00,2023-09-15 13:05:00-04:00,2023-09-15 13:30:00-04:00,S,15431.0,15377.25,15467.5,36.5,105.5,1.4452054794520548,TP,1,S|swing
2023-09-18 10:56:00-04:00,2023-09-18 10:56:00-04:00,2023-09-18 12:27:00-04:00,L,15400.25,15453.75,15364.0,36.25,105.0,1.4482758620689655,TP,1,L|swing
2023-09-18 13:23:00-04:00,2023-09-18 13:23:00-04:00,2023-09-18 14:47:00-04:00,L,15444.25,15424.0,15424.25,20.0,-42.5,-1.0625,SL,1,L|swing
2023-09-19 09:47:00-04:00,2023-09-19 09:47:00-04:00,2023-09-19 09:59:00-04:00,S,15345.75,15305.0,15373.5,27.75,79.5,1.4324324324324325,TP,1,S|swing
2023-09-19 11:53:00-04:00,2023-09-19 11:53:00-04:00,2023-09-19 12:56:00-04:00,S,15269.5,15295.5,15295.25,25.75,-54.0,-1.0485436893203883,SL,1,S|swing
2023-09-20 09:38:00-04:00,2023-09-20 09:38:00-04:00,2023-09-20 10:14:00-04:00,L,15408.25,15374.5,15374.75,33.5,-69.5,-1.037313432835821,SL,1,L|swing
2023-09-20 10:38:00-04:00,2023-09-20 10:38:00-04:00,2023-09-20 14:00:00-04:00,S,15375.0,15324.25,15409.5,34.5,99.5,1.4420289855072463,TP,1,S|swing
2023-09-20 14:32:00-04:00,2023-09-20 14:32:00-04:00,2023-09-20 15:07:00-04:00,L,15384.25,15285.5,15285.75,98.5,-199.5,-1.0126903553299493,SL,1,L|swing
2023-09-21 09:53:00-04:00,2023-09-21 09:53:00-04:00,2023-09-21 15:59:00-04:00,S,14939.5,14861.75,15020.25,80.75,153.5,0.9504643962848297,time,1,S|swing
2023-09-22 10:35:00-04:00,2023-09-22 10:35:00-04:00,2023-09-22 13:48:00-04:00,L,14994.25,14911.25,14911.5,82.75,-168.0,-1.0151057401812689,SL,1,L|swing
2023-09-25 10:50:00-04:00,2023-09-25 10:50:00-04:00,2023-09-25 11:09:00-04:00,S,14837.75,14866.75,14866.5,28.75,-60.0,-1.0434782608695652,SL,1,S|swing
2023-09-25 13:29:00-04:00,2023-09-25 13:29:00-04:00,2023-09-25 13:47:00-04:00,L,14887.75,14874.75,14875.0,12.75,-28.0,-1.0980392156862746,SL,1,L|swing
2023-09-25 13:50:00-04:00,2023-09-25 13:50:00-04:00,2023-09-25 14:58:00-04:00,L,14890.75,14869.5,14869.75,21.0,-44.5,-1.0595238095238095,SL,1,L|swing
2023-09-26 10:56:00-04:00,2023-09-26 10:56:00-04:00,2023-09-26 14:31:00-04:00,S,14764.25,14702.5,14806.0,41.75,121.5,1.4550898203592815,TP,1,S|swing
2023-09-26 14:50:00-04:00,2023-09-26 14:50:00-04:00,2023-09-26 15:25:00-04:00,S,14705.25,14669.75,14729.5,24.25,69.0,1.422680412371134,TP,1,S|swing
2023-09-27 09:44:00-04:00,2023-09-27 09:44:00-04:00,2023-09-27 10:01:00-04:00,L,14792.25,14748.75,14749.0,43.25,-89.0,-1.0289017341040463,SL,1,L|swing
2023-09-27 11:20:00-04:00,2023-09-27 11:20:00-04:00,2023-09-27 11:24:00-04:00,S,14720.75,14736.5,14736.25,15.5,-33.5,-1.0806451612903225,SL,1,S|swing
2023-09-27 12:02:00-04:00,2023-09-27 12:02:00-04:00,2023-09-27 14:42:00-04:00,S,14660.5,14739.75,14739.5,79.0,-160.5,-1.0158227848101267,SL,1,S|swing
2023-09-28 12:56:00-04:00,2023-09-28 12:56:00-04:00,2023-09-28 13:04:00-04:00,L,14891.25,14878.25,14878.5,12.75,-28.0,-1.0980392156862746,SL,1,L|swing
2023-09-28 14:17:00-04:00,2023-09-28 14:17:00-04:00,2023-09-28 14:35:00-04:00,L,14872.5,14832.5,14832.75,39.75,-82.0,-1.0314465408805031,SL,1,L|swing
2023-09-29 10:02:00-04:00,2023-09-29 10:02:00-04:00,2023-09-29 10:24:00-04:00,L,15056.0,14976.25,14976.5,79.5,-161.5,-1.0157232704402517,SL,1,L|swing
2023-09-29 10:26:00-04:00,2023-09-29 10:26:00-04:00,2023-09-29 10:28:00-04:00,L,14992.25,14969.75,14970.0,22.25,-47.0,-1.0561797752808988,SL,1,L|swing
2023-09-29 11:23:00-04:00,2023-09-29 11:23:00-04:00,2023-09-29 11:29:00-04:00,L,15006.75,14963.25,14963.5,43.25,-89.0,-1.0289017341040463,SL,1,L|swing
2023-09-29 12:50:00-04:00,2023-09-29 12:50:00-04:00,2023-09-29 14:33:00-04:00,S,14903.75,14813.75,14964.25,60.5,178.0,1.4710743801652892,TP,1,S|swing
2023-10-02 10:47:00-04:00,2023-10-02 10:47:00-04:00,2023-10-02 11:16:00-04:00,L,14946.25,15006.25,14905.75,40.5,118.0,1.4567901234567902,TP,1,L|swing
2023-10-02 13:11:00-04:00,2023-10-02 13:11:00-04:00,2023-10-02 13:27:00-04:00,S,14873.25,14917.5,14917.25,44.0,-90.5,-1.0284090909090908,SL,1,S|swing
2023-10-02 14:26:00-04:00,2023-10-02 14:26:00-04:00,2023-10-02 15:54:00-04:00,S,14903.0,14958.5,14958.25,55.25,-113.0,-1.0226244343891402,SL,1,S|swing
2023-10-03 10:02:00-04:00,2023-10-03 10:02:00-04:00,2023-10-03 11:37:00-04:00,S,14869.75,14713.75,14974.25,104.5,310.0,1.4832535885167464,TP,1,S|swing
2023-10-03 12:08:00-04:00,2023-10-03 12:08:00-04:00,2023-10-03 12:17:00-04:00,S,14747.5,14759.75,14759.5,12.0,-26.5,-1.1041666666666667,SL,1,S|swing
2023-10-03 12:20:00-04:00,2023-10-03 12:20:00-04:00,2023-10-03 12:22:00-04:00,S,14761.25,14746.25,14771.75,10.5,28.0,1.3333333333333333,TP,1,S|swing
2023-10-03 13:20:00-04:00,2023-10-03 13:20:00-04:00,2023-10-03 15:59:00-04:00,S,14726.0,14720.25,14785.25,59.25,9.5,0.08016877637130802,time,1,S|swing
2023-10-04 10:17:00-04:00,2023-10-04 10:17:00-04:00,2023-10-04 10:29:00-04:00,L,14778.75,14740.0,14740.25,38.5,-79.5,-1.0324675324675325,SL,1,L|swing
2023-10-04 11:08:00-04:00,2023-10-04 11:08:00-04:00,2023-10-04 11:21:00-04:00,L,14797.0,14854.75,14758.0,39.0,113.5,1.455128205128205,TP,1,L|swing
2023-10-04 14:29:00-04:00,2023-10-04 14:29:00-04:00,2023-10-04 15:11:00-04:00,L,14842.25,14899.75,14803.25,39.0,113.0,1.4487179487179487,TP,1,L|swing
2023-10-05 09:35:00-04:00,2023-10-05 09:35:00-04:00,2023-10-05 09:40:00-04:00,L,14919.75,14874.5,14874.75,45.0,-92.5,-1.0277777777777777,SL,1,L|swing
2023-10-05 11:26:00-04:00,2023-10-05 11:26:00-04:00,2023-10-05 11:31:00-04:00,S,14757.0,14742.25,14767.5,10.5,27.5,1.3095238095238095,TP,1,S|swing
2023-10-05 11:32:00-04:00,2023-10-05 11:32:00-04:00,2023-10-05 11:36:00-04:00,S,14743.75,14767.75,14767.5,23.75,-50.0,-1.0526315789473684,SL,1,S|swing
2023-10-05 13:05:00-04:00,2023-10-05 13:05:00-04:00,2023-10-05 13:34:00-04:00,S,14781.25,14821.5,14821.25,40.0,-82.5,-1.03125,SL,1,S|swing
2023-10-05 14:53:00-04:00,2023-10-05 14:53:00-04:00,2023-10-05 15:59:00-04:00,L,14895.25,14865.5,14850.5,44.75,-61.5,-0.6871508379888268,time,1,L|swing
2023-10-06 09:35:00-04:00,2023-10-06 09:35:00-04:00,2023-10-06 10:23:00-04:00,S,14759.25,14801.25,14801.0,41.75,-86.0,-1.029940119760479,SL,1,S|swing
2023-10-06 12:47:00-04:00,2023-10-06 12:47:00-04:00,2023-10-06 14:28:00-04:00,L,15059.0,15118.25,15019.0,40.0,116.5,1.45625,TP,1,L|swing
2023-10-09 11:38:00-04:00,2023-10-09 11:38:00-04:00,2023-10-09 13:42:00-04:00,L,15039.25,15150.25,14964.75,74.5,220.0,1.476510067114094,TP,1,L|swing
2023-10-10 09:53:00-04:00,2023-10-10 09:53:00-04:00,2023-10-10 10:24:00-04:00,L,15220.0,15279.5,15179.75,40.25,117.0,1.453416149068323,TP,1,L|swing
2023-10-10 12:59:00-04:00,2023-10-10 12:59:00-04:00,2023-10-10 13:00:00-04:00,L,15361.0,15352.25,15352.5,8.5,-19.5,-1.1470588235294117,SL,1,L|swing
2023-10-10 14:08:00-04:00,2023-10-10 14:08:00-04:00,2023-10-10 14:25:00-04:00,L,15291.5,15272.75,15273.0,18.5,-39.5,-1.0675675675675675,SL,1,L|swing
2023-10-10 14:32:00-04:00,2023-10-10 14:32:00-04:00,2023-10-10 14:48:00-04:00,L,15283.0,15309.5,15264.75,18.25,51.0,1.3972602739726028,TP,1,L|swing
2023-10-11 10:14:00-04:00,2023-10-11 10:14:00-04:00,2023-10-11 10:52:00-04:00,S,15306.0,15357.5,15357.25,51.25,-105.0,-1.024390243902439,SL,1,S|swing
2023-10-11 11:32:00-04:00,2023-10-11 11:32:00-04:00,2023-10-11 15:57:00-04:00,S,15317.25,15383.5,15383.25,66.0,-134.5,-1.018939393939394,SL,1,S|swing
2023-10-12 11:08:00-04:00,2023-10-12 11:08:00-04:00,2023-10-12 11:11:00-04:00,S,15410.5,15438.0,15437.75,27.25,-57.0,-1.0458715596330275,SL,1,S|swing
2023-10-12 11:17:00-04:00,2023-10-12 11:17:00-04:00,2023-10-12 13:03:00-04:00,L,15457.5,15399.5,15399.75,57.75,-118.0,-1.0216450216450217,SL,1,L|swing
2023-10-12 14:47:00-04:00,2023-10-12 14:47:00-04:00,2023-10-12 14:48:00-04:00,S,15281.0,15288.5,15288.25,7.25,-17.0,-1.1724137931034482,SL,1,S|swing
2023-10-13 09:38:00-04:00,2023-10-13 09:38:00-04:00,2023-10-13 09:40:00-04:00,L,15323.25,15353.75,15302.25,21.0,59.0,1.4047619047619047,TP,1,L|swing
2023-10-13 09:59:00-04:00,2023-10-13 09:59:00-04:00,2023-10-13 10:00:00-04:00,L,15356.75,15302.0,15302.25,54.5,-111.5,-1.0229357798165137,SL,1,L|swing
2023-10-13 13:17:00-04:00,2023-10-13 13:17:00-04:00,2023-10-13 15:59:00-04:00,S,15120.0,15121.75,15188.0,68.0,-5.5,-0.04044117647058824,time,1,S|swing
2023-10-16 11:35:00-04:00,2023-10-16 11:35:00-04:00,2023-10-16 11:42:00-04:00,L,15305.0,15278.0,15278.25,26.75,-56.0,-1.0467289719626167,SL,1,L|swing
2023-10-16 13:02:00-04:00,2023-10-16 13:02:00-04:00,2023-10-16 13:20:00-04:00,L,15296.5,15258.5,15258.75,37.75,-78.0,-1.033112582781457,SL,1,L|swing
2023-10-16 13:32:00-04:00,2023-10-16 13:32:00-04:00,2023-10-16 15:59:00-04:00,L,15278.75,15293.25,15211.5,67.25,27.0,0.20074349442379183,time,1,L|swing
2023-10-17 11:11:00-04:00,2023-10-17 11:11:00-04:00,2023-10-17 11:15:00-04:00,S,15211.25,15227.75,15227.5,16.25,-35.0,-1.0769230769230769,SL,1,S|swing
2023-10-17 11:23:00-04:00,2023-10-17 11:23:00-04:00,2023-10-17 11:32:00-04:00,S,15218.5,15247.25,15247.0,28.5,-59.5,-1.043859649122807,SL,1,S|swing
2023-10-17 11:44:00-04:00,2023-10-17 11:44:00-04:00,2023-10-17 13:53:00-04:00,L,15262.5,15208.75,15209.0,53.5,-109.5,-1.0233644859813085,SL,1,L|swing
2023-10-18 10:35:00-04:00,2023-10-18 10:35:00-04:00,2023-10-18 15:45:00-04:00,S,15128.75,14986.25,15224.25,95.5,283.0,1.4816753926701571,TP,1,S|swing
2023-10-19 09:56:00-04:00,2023-10-19 09:56:00-04:00,2023-10-19 10:13:00-04:00,L,15055.5,15106.75,15020.75,34.75,100.5,1.4460431654676258,TP,1,L|swing
2023-10-19 10:20:00-04:00,2023-10-19 10:20:00-04:00,2023-10-19 10:28:00-04:00,L,15073.25,15034.5,15034.75,38.5,-79.5,-1.0324675324675325,SL,1,L|swing
2023-10-19 10:29:00-04:00,2023-10-19 10:29:00-04:00,2023-10-19 12:02:00-04:00,S,15003.25,15107.5,15107.25,104.0,-210.5,-1.0120192307692308,SL,1,S|swing
2023-10-19 12:17:00-04:00,2023-10-19 12:17:00-04:00,2023-10-19 12:32:00-04:00,L,15061.5,15003.5,15003.75,57.75,-118.0,-1.0216450216450217,SL,1,L|swing
2023-10-19 13:11:00-04:00,2023-10-19 13:11:00-04:00,2023-10-19 14:31:00-04:00,L,15101.25,14950.5,14950.75,150.5,-303.5,-1.0083056478405317,SL,1,L|swing
2023-10-20 09:53:00-04:00,2023-10-20 09:53:00-04:00,2023-10-20 10:30:00-04:00,S,14833.25,14755.0,14886.0,52.75,154.5,1.4644549763033174,TP,1,S|swing
2023-10-20 12:02:00-04:00,2023-10-20 12:02:00-04:00,2023-10-20 12:36:00-04:00,S,14715.0,14739.5,14739.25,24.25,-51.0,-1.0515463917525774,SL,1,S|swing
2023-10-20 12:56:00-04:00,2023-10-20 12:56:00-04:00,2023-10-20 12:57:00-04:00,S,14756.5,14757.75,14757.5,1.0,-4.5,-2.25,SL,1,S|swing
2023-10-20 14:17:00-04:00,2023-10-20 14:17:00-04:00,2023-10-20 15:59:00-04:00,S,14713.0,14661.75,14781.5,68.5,100.5,0.7335766423357665,time,1,S|swing
2023-10-23 09:59:00-04:00,2023-10-23 09:59:00-04:00,2023-10-23 12:57:00-04:00,L,14636.5,14819.25,14514.0,122.5,363.5,1.4836734693877551,TP,1,L|swing
2023-10-23 14:26:00-04:00,2023-10-23 14:26:00-04:00,2023-10-23 14:34:00-04:00,L,14792.0,14766.5,14766.75,25.25,-53.0,-1.0495049504950495,SL,1,L|swing
2023-10-24 09:56:00-04:00,2023-10-24 09:56:00-04:00,2023-10-24 10:38:00-04:00,L,14801.25,14864.25,14758.75,42.5,124.0,1.4588235294117646,TP,1,L|swing
2023-10-24 11:32:00-04:00,2023-10-24 11:32:00-04:00,2023-10-24 15:45:00-04:00,S,14796.25,14860.5,14860.25,64.0,-130.5,-1.01953125,SL,1,S|swing
2023-10-25 10:50:00-04:00,2023-10-25 10:50:00-04:00,2023-10-25 11:04:00-04:00,S,14650.75,14679.0,14678.75,28.0,-58.5,-1.0446428571428572,SL,1,S|swing
2023-10-26 09:41:00-04:00,2023-10-26 09:41:00-04:00,2023-10-26 09:44:00-04:00,L,14391.5,14425.25,14368.5,23.0,65.5,1.423913043478261,TP,1,L|swing
2023-10-26 10:50:00-04:00,2023-10-26 10:50:00-04:00,2023-10-26 11:23:00-04:00,L,14373.75,14266.25,14266.5,107.25,-217.0,-1.0116550116550116,SL,1,L|swing
2023-10-26 12:47:00-04:00,2023-10-26 12:47:00-04:00,2023-10-26 13:03:00-04:00,S,14148.75,14197.0,14196.75,48.0,-98.5,-1.0260416666666667,SL,1,S|swing
2023-10-27 09:38:00-04:00,2023-10-27 09:38:00-04:00,2023-10-27 09:49:00-04:00,L,14340.25,14299.25,14299.5,40.75,-84.0,-1.030674846625767,SL,1,L|swing
2023-10-27 11:23:00-04:00,2023-10-27 11:23:00-04:00,2023-10-27 12:27:00-04:00,L,14401.75,14319.0,14319.25,82.5,-167.5,-1.0151515151515151,SL,1,L|swing
2023-10-27 12:29:00-04:00,2023-10-27 12:29:00-04:00,2023-10-27 12:49:00-04:00,L,14336.5,14313.5,14313.75,22.75,-48.0,-1.054945054945055,SL,1,L|swing
2023-10-27 12:50:00-04:00,2023-10-27 12:50:00-04:00,2023-10-27 15:59:00-04:00,S,14299.5,14266.5,14368.75,69.25,64.0,0.4620938628158845,time,1,S|swing
2023-10-30 10:32:00-04:00,2023-10-30 10:32:00-04:00,2023-10-30 14:50:00-04:00,S,14327.75,14450.25,14450.0,122.25,-247.0,-1.0102249488752557,SL,1,S|swing
2023-10-31 11:14:00-04:00,2023-10-31 11:14:00-04:00,2023-10-31 11:24:00-04:00,L,14416.5,14388.75,14389.0,27.5,-57.5,-1.0454545454545454,SL,1,L|swing
2023-10-31 11:53:00-04:00,2023-10-31 11:53:00-04:00,2023-10-31 11:59:00-04:00,S,14383.0,14412.5,14412.25,29.25,-61.0,-1.0427350427350428,SL,1,S|swing
2023-11-01 11:35:00-04:00,2023-11-01 11:35:00-04:00,2023-11-01 11:54:00-04:00,L,14590.5,14611.0,14576.25,14.25,39.0,1.368421052631579,TP,1,L|swing
2023-11-01 12:20:00-04:00,2023-11-01 12:20:00-04:00,2023-11-01 12:34:00-04:00,L,14594.75,14612.25,14582.5,12.25,33.0,1.346938775510204,TP,1,L|swing
2023-11-01 13:11:00-04:00,2023-11-01 13:11:00-04:00,2023-11-01 14:34:00-04:00,L,14605.0,14667.75,14562.5,42.5,123.5,1.4529411764705882,TP,1,L|swing
2023-11-01 14:53:00-04:00,2023-11-01 14:53:00-04:00,2023-11-01 15:12:00-04:00,L,14625.5,14725.75,14558.0,67.5,198.5,1.4703703703703703,TP,1,L|swing
2023-11-02 09:56:00-04:00,2023-11-02 09:56:00-04:00,2023-11-02 10:07:00-04:00,L,14924.5,14900.25,14900.5,24.0,-50.5,-1.0520833333333333,SL,1,L|swing
2023-11-02 10:17:00-04:00,2023-11-02 10:17:00-04:00,2023-11-02 10:39:00-04:00,L,14897.75,14940.25,14868.75,29.0,83.0,1.4310344827586208,TP,1,L|swing
2023-11-03 11:02:00-04:00,2023-11-03 11:02:00-04:00,2023-11-03 12:26:00-04:00,L,15111.0,15182.75,15062.5,48.5,141.5,1.458762886597938,TP,1,L|swing
2023-11-03 13:29:00-04:00,2023-11-03 13:29:00-04:00,2023-11-03 13:55:00-04:00,L,15168.5,15186.0,15156.25,12.25,33.0,1.346938775510204,TP,1,L|swing
2023-11-06 11:02:00-05:00,2023-11-06 11:02:00-05:00,2023-11-06 11:41:00-05:00,L,15224.75,15206.0,15206.25,18.5,-39.5,-1.0675675675675675,SL,1,L|swing
2023-11-06 11:50:00-05:00,2023-11-06 11:50:00-05:00,2023-11-06 13:18:00-05:00,S,15203.25,15162.25,15231.25,28.0,80.0,1.4285714285714286,TP,1,S|swing
2023-11-06 13:20:00-05:00,2023-11-06 13:20:00-05:00,2023-11-06 14:54:00-05:00,S,15143.0,15207.0,15206.75,63.75,-130.0,-1.0196078431372548,SL,1,S|swing
2023-11-07 09:50:00-05:00,2023-11-07 09:50:00-05:00,2023-11-07 10:32:00-05:00,L,15276.25,15353.25,15224.25,52.0,152.0,1.4615384615384615,TP,1,L|swing
2023-11-07 11:56:00-05:00,2023-11-07 11:56:00-05:00,2023-11-07 12:03:00-05:00,L,15377.75,15354.25,15354.5,23.25,-49.0,-1.053763440860215,SL,1,L|swing
2023-11-07 12:11:00-05:00,2023-11-07 12:11:00-05:00,2023-11-07 12:15:00-05:00,L,15359.5,15349.25,15349.5,10.0,-22.5,-1.125,SL,1,L|swing
2023-11-07 14:29:00-05:00,2023-11-07 14:29:00-05:00,2023-11-07 14:43:00-05:00,L,15403.75,15394.0,15394.25,9.5,-21.5,-1.131578947368421,SL,1,L|swing
2023-11-08 10:02:00-05:00,2023-11-08 10:02:00-05:00,2023-11-08 15:59:00-05:00,S,15362.5,15384.25,15418.0,55.5,-45.5,-0.4099099099099099,time,1,S|swing
2023-11-09 09:56:00-05:00,2023-11-09 09:56:00-05:00,2023-11-09 10:07:00-05:00,L,15407.25,15365.25,15365.5,41.75,-86.0,-1.029940119760479,SL,1,L|swing
2023-11-09 10:41:00-05:00,2023-11-09 10:41:00-05:00,2023-11-09 11:01:00-05:00,S,15356.75,15394.25,15394.0,37.25,-77.0,-1.0335570469798658,SL,1,S|swing
2023-11-09 11:02:00-05:00,2023-11-09 11:02:00-05:00,2023-11-09 13:03:00-05:00,L,15394.0,15346.75,15347.0,47.0,-96.5,-1.0265957446808511,SL,1,L|swing
2023-11-10 11:02:00-05:00,2023-11-10 11:02:00-05:00,2023-11-10 12:10:00-05:00,L,15386.5,15482.0,15322.25,64.25,189.0,1.4708171206225682,TP,1,L|swing
2023-11-10 13:56:00-05:00,2023-11-10 13:56:00-05:00,2023-11-10 15:47:00-05:00,L,15561.75,15601.25,15534.75,27.0,77.0,1.4259259259259258,TP,1,L|swing
2023-11-13 09:35:00-05:00,2023-11-13 09:35:00-05:00,2023-11-13 09:55:00-05:00,S,15512.0,15472.0,15539.25,27.25,78.0,1.4311926605504588,TP,1,S|swing
2023-11-13 12:35:00-05:00,2023-11-13 12:35:00-05:00,2023-11-13 13:22:00-05:00,L,15558.25,15538.5,15538.75,19.5,-41.5,-1.064102564102564,SL,1,L|swing
2023-11-14 09:35:00-05:00,2023-11-14 09:35:00-05:00,2023-11-14 10:02:00-05:00,L,15828.0,15884.5,15789.75,38.25,111.0,1.4509803921568627,TP,1,L|swing
2023-11-14 11:53:00-05:00,2023-11-14 11:53:00-05:00,2023-11-14 11:57:00-05:00,L,15852.75,15842.0,15842.25,10.5,-23.5,-1.119047619047619,SL,1,L|swing
2023-11-14 12:17:00-05:00,2023-11-14 12:17:00-05:00,2023-11-14 12:39:00-05:00,L,15843.0,15857.25,15833.0,10.0,26.5,1.325,TP,1,L|swing
2023-11-14 13:50:00-05:00,2023-11-14 13:50:00-05:00,2023-11-14 13:55:00-05:00,L,15871.25,15861.75,15862.0,9.25,-21.0,-1.135135135135135,SL,1,L|swing
2023-11-14 14:41:00-05:00,2023-11-14 14:41:00-05:00,2023-11-14 15:59:00-05:00,L,15874.0,15878.5,15836.0,38.0,7.0,0.09210526315789473,time,1,L|swing
2023-11-15 09:35:00-05:00,2023-11-15 09:35:00-05:00,2023-11-15 09:41:00-05:00,L,15967.75,15935.5,15935.75,32.0,-66.5,-1.0390625,SL,1,L|swing
2023-11-15 09:50:00-05:00,2023-11-15 09:50:00-05:00,2023-11-15 10:51:00-05:00,S,15941.5,15974.5,15974.25,32.75,-68.0,-1.0381679389312977,SL,1,S|swing
2023-11-15 11:29:00-05:00,2023-11-15 11:29:00-05:00,2023-11-15 11:36:00-05:00,L,15958.0,15933.5,15933.75,24.25,-51.0,-1.0515463917525774,SL,1,L|swing
2023-11-15 13:08:00-05:00,2023-11-15 13:08:00-05:00,2023-11-15 14:28:00-05:00,S,15853.25,15916.25,15916.0,62.75,-128.0,-1.0199203187250996,SL,1,S|swing
2023-11-16 09:56:00-05:00,2023-11-16 09:56:00-05:00,2023-11-16 10:41:00-05:00,L,15895.75,15824.5,15824.75,71.0,-144.5,-1.017605633802817,SL,1,L|swing
2023-11-17 11:20:00-05:00,2023-11-17 11:20:00-05:00,2023-11-17 11:44:00-05:00,S,15849.25,15872.25,15872.0,22.75,-48.0,-1.054945054945055,SL,1,S|swing
2023-11-17 14:02:00-05:00,2023-11-17 14:02:00-05:00,2023-11-17 15:32:00-05:00,L,15925.5,15893.0,15893.25,32.25,-67.0,-1.0387596899224807,SL,1,L|swing
2023-11-20 12:11:00-05:00,2023-11-20 12:11:00-05:00,2023-11-20 13:08:00-05:00,L,16024.25,16058.75,16000.75,23.5,67.0,1.425531914893617,TP,1,L|swing
2023-11-20 14:35:00-05:00,2023-11-20 14:35:00-05:00,2023-11-20 15:13:00-05:00,L,16080.25,16112.0,16058.5,21.75,61.5,1.4137931034482758,TP,1,L|swing
2023-11-21 09:47:00-05:00,2023-11-21 09:47:00-05:00,2023-11-21 10:24:00-05:00,S,15990.5,15944.75,16021.5,31.0,89.5,1.4435483870967742,TP,1,S|swing
2023-11-21 11:47:00-05:00,2023-11-21 11:47:00-05:00,2023-11-21 11:49:00-05:00,S,15941.75,15953.25,15953.0,11.25,-25.0,-1.1111111111111112,SL,1,S|swing
2023-11-21 13:05:00-05:00,2023-11-21 13:05:00-05:00,2023-11-21 14:15:00-05:00,S,15965.25,15990.5,15990.25,25.0,-52.5,-1.05,SL,1,S|swing
2023-11-22 10:23:00-05:00,2023-11-22 10:23:00-05:00,2023-11-22 15:59:00-05:00,L,16055.25,16047.25,16005.0,50.25,-18.0,-0.1791044776119403,time,1,L|swing
2023-11-23 09:35:00-05:00,2023-11-23 09:35:00-05:00,2023-11-23 10:56:00-05:00,S,16058.25,16072.5,16072.25,14.0,-30.5,-1.0892857142857142,SL,1,S|swing
2023-11-23 11:56:00-05:00,2023-11-23 11:56:00-05:00,2023-11-23 12:49:00-05:00,S,16063.0,16065.0,16072.25,9.25,-6.0,-0.32432432432432434,time,1,S|swing
2023-11-24 09:38:00-05:00,2023-11-24 09:38:00-05:00,2023-11-24 13:04:00-05:00,S,16019.0,16016.25,16053.5,34.5,3.5,0.050724637681159424,time,1,S|swing
2023-11-27 10:32:00-05:00,2023-11-27 10:32:00-05:00,2023-11-27 12:58:00-05:00,L,16029.75,16075.0,15999.0,30.75,88.5,1.4390243902439024,TP,1,L|swing
2023-11-27 13:47:00-05:00,2023-11-27 13:47:00-05:00,2023-11-27 13:50:00-05:00,L,16060.0,16052.0,16052.25,7.75,-18.0,-1.1612903225806452,SL,1,L|swing
2023-11-28 09:44:00-05:00,2023-11-28 09:44:00-05:00,2023-11-28 10:39:00-05:00,S,15968.0,16007.75,16007.5,39.5,-81.5,-1.0316455696202531,SL,1,S|swing
2023-11-28 12:53:00-05:00,2023-11-28 12:53:00-05:00,2023-11-28 13:02:00-05:00,L,16022.0,16007.0,16007.25,14.75,-32.0,-1.0847457627118644,SL,1,L|swing
2023-11-28 13:05:00-05:00,2023-11-28 13:05:00-05:00,2023-11-28 13:14:00-05:00,L,16006.0,15978.5,15978.75,27.25,-57.0,-1.0458715596330275,SL,1,L|swing
2023-11-28 14:05:00-05:00,2023-11-28 14:05:00-05:00,2023-11-28 14:40:00-05:00,S,16002.5,16015.25,16015.0,12.5,-27.5,-1.1,SL,1,S|swing
2023-11-29 13:08:00-05:00,2023-11-29 13:08:00-05:00,2023-11-29 13:33:00-05:00,S,16083.75,16059.75,16100.25,16.5,46.0,1.393939393939394,TP,1,S|swing
2023-11-29 14:26:00-05:00,2023-11-29 14:26:00-05:00,2023-11-29 14:36:00-05:00,S,16071.75,16052.75,16085.0,13.25,36.0,1.3584905660377358,TP,1,S|swing
2023-11-30 09:35:00-05:00,2023-11-30 09:35:00-05:00,2023-11-30 09:42:00-05:00,S,16019.25,15971.25,16051.75,32.5,94.0,1.4461538461538461,TP,1,S|swing
2023-11-30 10:20:00-05:00,2023-11-30 10:20:00-05:00,2023-11-30 10:30:00-05:00,S,15976.25,15942.75,15999.25,23.0,65.0,1.4130434782608696,TP,1,S|swing
2023-11-30 11:05:00-05:00,2023-11-30 11:05:00-05:00,2023-11-30 13:31:00-05:00,S,15917.75,15857.75,15958.25,40.5,118.0,1.4567901234567902,TP,1,S|swing
2023-11-30 13:44:00-05:00,2023-11-30 13:44:00-05:00,2023-11-30 14:06:00-05:00,S,15871.75,15888.5,15888.25,16.5,-35.5,-1.0757575757575757,SL,1,S|swing
2023-12-01 10:38:00-05:00,2023-12-01 10:38:00-05:00,2023-12-01 11:03:00-05:00,S,15907.5,15942.75,15942.5,35.0,-72.5,-1.0357142857142858,SL,1,S|swing
2023-12-01 13:44:00-05:00,2023-12-01 13:44:00-05:00,2023-12-01 14:58:00-05:00,L,16003.5,16028.75,15986.0,17.5,48.5,1.3857142857142857,TP,1,L|swing
2023-12-04 13:02:00-05:00,2023-12-04 13:02:00-05:00,2023-12-04 13:22:00-05:00,S,15855.25,15836.25,15868.5,13.25,36.0,1.3584905660377358,TP,1,S|swing
2023-12-05 11:05:00-05:00,2023-12-05 11:05:00-05:00,2023-12-05 11:17:00-05:00,L,15953.75,15897.75,15898.0,55.75,-114.0,-1.0224215246636772,SL,1,L|swing
2023-12-05 11:26:00-05:00,2023-12-05 11:26:00-05:00,2023-12-05 11:53:00-05:00,L,15893.75,15857.25,15857.5,36.25,-75.0,-1.0344827586206897,SL,1,L|swing
2023-12-05 12:14:00-05:00,2023-12-05 12:14:00-05:00,2023-12-05 12:46:00-05:00,L,15889.25,15831.75,15832.0,57.25,-117.0,-1.0218340611353711,SL,1,L|swing
2023-12-05 12:50:00-05:00,2023-12-05 12:50:00-05:00,2023-12-05 15:17:00-05:00,L,15859.0,15905.75,15827.25,31.75,91.5,1.4409448818897639,TP,1,L|swing
2023-12-06 10:41:00-05:00,2023-12-06 10:41:00-05:00,2023-12-06 15:17:00-05:00,S,15917.25,15834.75,15972.75,55.5,163.0,1.4684684684684686,TP,1,S|swing
2023-12-07 09:56:00-05:00,2023-12-07 09:56:00-05:00,2023-12-07 10:16:00-05:00,L,15924.25,15978.25,15887.75,36.5,106.0,1.452054794520548,TP,1,L|swing
2023-12-07 10:35:00-05:00,2023-12-07 10:35:00-05:00,2023-12-07 15:59:00-05:00,L,15994.75,16035.0,15907.0,87.75,78.5,0.4472934472934473,time,1,L|swing
2023-12-08 11:35:00-05:00,2023-12-08 11:35:00-05:00,2023-12-08 11:38:00-05:00,L,16052.5,16026.5,16026.75,25.75,-54.0,-1.0485436893203883,SL,1,L|swing
2023-12-08 12:17:00-05:00,2023-12-08 12:17:00-05:00,2023-12-08 13:28:00-05:00,L,16028.0,16084.75,15989.5,38.5,111.5,1.448051948051948,TP,1,L|swing
2023-12-11 09:41:00-05:00,2023-12-11 09:41:00-05:00,2023-12-11 14:13:00-05:00,L,16139.25,16244.75,16068.25,71.0,209.0,1.471830985915493,TP,1,L|swing
2023-12-12 10:20:00-05:00,2023-12-12 10:20:00-05:00,2023-12-12 15:59:00-05:00,L,16277.25,16364.75,16210.25,67.0,173.0,1.291044776119403,time,1,L|swing
2023-12-13 10:05:00-05:00,2023-12-13 10:05:00-05:00,2023-12-13 11:52:00-05:00,L,16409.0,16385.75,16386.0,23.0,-48.5,-1.0543478260869565,SL,1,L|swing
2023-12-13 11:56:00-05:00,2023-12-13 11:56:00-05:00,2023-12-13 13:17:00-05:00,S,16392.0,16367.0,16409.25,17.25,48.0,1.391304347826087,TP,1,S|swing
2023-12-18 11:08:00-05:00,2023-12-18 11:08:00-05:00,2023-12-18 11:11:00-05:00,L,16864.25,16876.5,16855.5,8.75,22.5,1.2857142857142858,TP,1,L|swing
2023-12-19 10:50:00-05:00,2023-12-19 10:50:00-05:00,2023-12-19 15:59:00-05:00,L,16991.75,17020.75,16964.75,27.0,56.0,1.037037037037037,time,1,L|swing
2023-12-20 11:35:00-05:00,2023-12-20 11:35:00-05:00,2023-12-20 12:01:00-05:00,L,17038.0,17052.5,17027.75,10.25,27.0,1.3170731707317074,TP,1,L|swing
2023-12-20 12:38:00-05:00,2023-12-20 12:38:00-05:00,2023-12-20 14:04:00-05:00,L,17040.25,17021.75,17022.0,18.25,-39.0,-1.0684931506849316,SL,1,L|swing
2023-12-21 09:38:00-05:00,2023-12-21 09:38:00-05:00,2023-12-21 09:42:00-05:00,L,16934.0,16904.75,16905.0,29.0,-60.5,-1.043103448275862,SL,1,L|swing
2023-12-21 09:44:00-05:00,2023-12-21 09:44:00-05:00,2023-12-21 09:57:00-05:00,L,16931.5,16900.25,16900.5,31.0,-64.5,-1.0403225806451613,SL,1,L|swing
2023-12-21 10:20:00-05:00,2023-12-21 10:20:00-05:00,2023-12-21 12:05:00-05:00,L,16909.0,16843.0,16843.25,65.75,-134.0,-1.0190114068441065,SL,1,L|swing
2023-12-21 13:20:00-05:00,2023-12-21 13:20:00-05:00,2023-12-21 13:23:00-05:00,S,16815.5,16868.75,16868.5,53.0,-108.5,-1.0235849056603774,SL,1,S|swing
2023-12-21 13:32:00-05:00,2023-12-21 13:32:00-05:00,2023-12-21 13:35:00-05:00,S,16870.25,16858.0,16879.0,8.75,22.5,1.2857142857142858,TP,1,S|swing
2023-12-21 14:20:00-05:00,2023-12-21 14:20:00-05:00,2023-12-21 15:27:00-05:00,L,16887.25,16923.5,16862.5,24.75,70.5,1.4242424242424243,TP,1,L|swing
2023-12-22 11:02:00-05:00,2023-12-22 11:02:00-05:00,2023-12-22 11:07:00-05:00,L,16998.75,16969.75,16970.0,28.75,-60.0,-1.0434782608695652,SL,1,L|swing
2023-12-22 11:38:00-05:00,2023-12-22 11:38:00-05:00,2023-12-22 11:40:00-05:00,L,16993.5,16987.0,16987.25,6.25,-15.0,-1.2,SL,1,L|swing
2023-12-22 11:56:00-05:00,2023-12-22 11:56:00-05:00,2023-12-22 12:07:00-05:00,L,16995.5,16981.5,16981.75,13.75,-30.0,-1.0909090909090908,SL,1,L|swing
2023-12-22 12:29:00-05:00,2023-12-22 12:29:00-05:00,2023-12-22 14:05:00-05:00,L,16990.0,16967.5,16967.75,22.25,-47.0,-1.0561797752808988,SL,1,L|swing
2023-12-26 10:38:00-05:00,2023-12-26 10:38:00-05:00,2023-12-26 10:50:00-05:00,L,17054.75,17035.25,17035.5,19.25,-41.0,-1.0649350649350648,SL,1,L|swing
2023-12-26 10:53:00-05:00,2023-12-26 10:53:00-05:00,2023-12-26 12:49:00-05:00,L,17036.5,17056.75,17022.5,14.0,38.5,1.375,TP,1,L|swing
2023-12-26 13:20:00-05:00,2023-12-26 13:20:00-05:00,2023-12-26 14:53:00-05:00,L,17054.25,17069.75,17043.25,11.0,29.0,1.3181818181818181,TP,1,L|swing
2023-12-27 09:35:00-05:00,2023-12-27 09:35:00-05:00,2023-12-27 10:11:00-05:00,L,17117.5,17088.25,17088.5,29.0,-60.5,-1.043103448275862,SL,1,L|swing
2023-12-27 14:02:00-05:00,2023-12-27 14:02:00-05:00,2023-12-27 15:59:00-05:00,S,17073.25,17117.0,17123.25,50.0,-89.5,-0.895,time,1,S|swing
2023-12-28 11:29:00-05:00,2023-12-28 11:29:00-05:00,2023-12-28 12:39:00-05:00,S,17114.0,17130.5,17130.25,16.25,-35.0,-1.0769230769230769,SL,1,S|swing
2023-12-28 13:02:00-05:00,2023-12-28 13:02:00-05:00,2023-12-28 13:37:00-05:00,S,17108.0,17134.0,17133.75,25.75,-54.0,-1.0485436893203883,SL,1,S|swing
2023-12-28 14:08:00-05:00,2023-12-28 14:08:00-05:00,2023-12-28 15:02:00-05:00,S,17122.0,17106.75,17132.75,10.75,28.5,1.3255813953488371,TP,1,S|swing
2023-12-29 09:35:00-05:00,2023-12-29 09:35:00-05:00,2023-12-29 09:49:00-05:00,S,17085.0,17100.5,17100.25,15.25,-33.0,-1.0819672131147542,SL,1,S|swing
2023-12-29 09:50:00-05:00,2023-12-29 09:50:00-05:00,2023-12-29 10:34:00-05:00,L,17104.5,17071.5,17071.75,32.75,-68.0,-1.0381679389312977,SL,1,L|swing
2023-12-29 11:50:00-05:00,2023-12-29 11:50:00-05:00,2023-12-29 11:51:00-05:00,S,16977.0,16972.25,16980.75,3.75,7.5,1.0,TP,1,S|swing
2023-12-29 14:05:00-05:00,2023-12-29 14:05:00-05:00,2023-12-29 14:52:00-05:00,S,17023.5,17036.75,17036.5,13.0,-28.5,-1.0961538461538463,SL,1,S|swing
2024-01-02 09:38:00-05:00,2024-01-02 09:38:00-05:00,2024-01-02 10:49:00-05:00,S,16803.25,16692.25,16877.75,74.5,220.0,1.476510067114094,TP,1,S|swing
2024-01-02 12:50:00-05:00,2024-01-02 12:50:00-05:00,2024-01-02 14:06:00-05:00,S,16742.75,16677.25,16787.0,44.25,129.0,1.4576271186440677,TP,1,S|swing
2024-01-03 09:38:00-05:00,2024-01-03 09:38:00-05:00,2024-01-03 09:41:00-05:00,S,16613.0,16633.25,16633.0,20.0,-42.5,-1.0625,SL,1,S|swing
2024-01-03 09:56:00-05:00,2024-01-03 09:56:00-05:00,2024-01-03 10:00:00-05:00,S,16606.75,16642.5,16642.25,35.5,-73.5,-1.0352112676056338,SL,1,S|swing
2024-01-03 10:11:00-05:00,2024-01-03 10:11:00-05:00,2024-01-03 15:59:00-05:00,S,16587.0,16540.75,16654.0,67.0,90.5,0.6753731343283582,time,1,S|swing
2024-01-04 12:11:00-05:00,2024-01-04 12:11:00-05:00,2024-01-04 15:51:00-05:00,S,16519.25,16455.75,16562.25,43.0,125.0,1.4534883720930232,TP,1,S|swing
2024-01-05 10:38:00-05:00,2024-01-05 10:38:00-05:00,2024-01-05 11:43:00-05:00,L,16563.0,16511.0,16511.25,51.75,-106.0,-1.0241545893719808,SL,1,L|swing
2024-01-05 12:35:00-05:00,2024-01-05 12:35:00-05:00,2024-01-05 13:03:00-05:00,L,16462.25,16447.75,16448.0,14.25,-31.0,-1.087719298245614,SL,1,L|swing
2024-01-08 11:38:00-05:00,2024-01-08 11:38:00-05:00,2024-01-08 12:41:00-05:00,L,16668.0,16708.75,16640.25,27.75,79.5,1.4324324324324325,TP,1,L|swing
2024-01-08 13:44:00-05:00,2024-01-08 13:44:00-05:00,2024-01-08 13:59:00-05:00,L,16723.5,16742.5,16710.25,13.25,36.0,1.3584905660377358,TP,1,L|swing
2024-01-09 09:35:00-05:00,2024-01-09 09:35:00-05:00,2024-01-09 10:09:00-05:00,S,16690.75,16715.0,16714.75,24.0,-50.5,-1.0520833333333333,SL,1,S|swing
2024-01-09 11:29:00-05:00,2024-01-09 11:29:00-05:00,2024-01-09 13:00:00-05:00,L,16780.0,16850.0,16732.75,47.25,138.0,1.4603174603174602,TP,1,L|swing
2024-01-09 13:35:00-05:00,2024-01-09 13:35:00-05:00,2024-01-09 13:48:00-05:00,L,16810.5,16828.0,16798.25,12.25,33.0,1.346938775510204,TP,1,L|swing
2024-01-10 09:47:00-05:00,2024-01-10 09:47:00-05:00,2024-01-10 10:42:00-05:00,S,16844.75,16874.5,16874.25,29.5,-61.5,-1.0423728813559323,SL,1,S|swing
2024-01-10 10:44:00-05:00,2024-01-10 10:44:00-05:00,2024-01-10 14:13:00-05:00,L,16885.5,16959.25,16835.75,49.75,145.5,1.4623115577889447,TP,1,L|swing
2024-01-11 11:11:00-05:00,2024-01-11 11:11:00-05:00,2024-01-11 11:46:00-05:00,S,16842.5,16753.25,16902.5,60.0,176.5,1.4708333333333334,TP,1,S|swing
2024-01-12 09:41:00-05:00,2024-01-12 09:41:00-05:00,2024-01-12 10:00:00-05:00,L,17021.25,16957.5,16957.75,63.5,-129.5,-1.0196850393700787,SL,1,L|swing
2024-01-12 10:08:00-05:00,2024-01-12 10:08:00-05:00,2024-01-12 10:18:00-05:00,L,16994.5,16942.75,16943.0,51.5,-105.5,-1.0242718446601942,SL,1,L|swing
2024-01-12 10:32:00-05:00,2024-01-12 10:32:00-05:00,2024-01-12 10:49:00-05:00,L,16986.75,16934.75,16935.0,51.75,-106.0,-1.0241545893719808,SL,1,L|swing
2024-01-12 11:02:00-05:00,2024-01-12 11:02:00-05:00,2024-01-12 15:59:00-05:00,L,16951.0,16971.75,16913.0,38.0,39.5,0.5197368421052632,time,1,L|swing
2024-01-15 09:35:00-05:00,2024-01-15 09:35:00-05:00,2024-01-15 09:52:00-05:00,S,16955.75,16938.75,16967.75,12.0,32.0,1.3333333333333333,TP,1,S|swing
2024-01-15 11:56:00-05:00,2024-01-15 11:56:00-05:00,2024-01-15 12:49:00-05:00,S,16961.75,16969.75,16980.25,18.5,-18.0,-0.4864864864864865,time,1,S|swing
2024-01-16 09:41:00-05:00,2024-01-16 09:41:00-05:00,2024-01-16 10:16:00-05:00,S,16884.0,16946.5,16946.25,62.25,-127.0,-1.0200803212851406,SL,1,S|swing
2024-01-16 12:02:00-05:00,2024-01-16 12:02:00-05:00,2024-01-16 12:03:00-05:00,L,16947.0,16940.5,16940.75,6.25,-15.0,-1.2,SL,1,L|swing
2024-01-16 14:08:00-05:00,2024-01-16 14:08:00-05:00,2024-01-16 14:56:00-05:00,S,16893.25,16931.5,16931.25,38.0,-78.5,-1.0328947368421053,SL,1,S|swing
2024-01-17 12:05:00-05:00,2024-01-17 12:05:00-05:00,2024-01-17 13:32:00-05:00,S,16804.75,16750.5,16841.5,36.75,106.5,1.4489795918367347,TP,1,S|swing
2024-01-17 13:38:00-05:00,2024-01-17 13:38:00-05:00,2024-01-17 14:30:00-05:00,S,16752.25,16811.0,16810.75,58.5,-119.5,-1.0213675213675213,SL,1,S|swing
2024-01-18 09:56:00-05:00,2024-01-18 09:56:00-05:00,2024-01-18 10:03:00-05:00,L,17032.75,16991.5,16991.75,41.0,-84.5,-1.0304878048780488,SL,1,L|swing
2024-01-18 10:17:00-05:00,2024-01-18 10:17:00-05:00,2024-01-18 13:00:00-05:00,L,17035.5,16985.5,16985.75,49.75,-102.0,-1.0251256281407035,SL,1,L|swing
2024-01-18 13:14:00-05:00,2024-01-18 13:14:00-05:00,2024-01-18 14:02:00-05:00,S,16968.0,17028.0,17027.75,59.75,-122.0,-1.0209205020920502,SL,1,S|swing
2024-01-19 10:35:00-05:00,2024-01-19 10:35:00-05:00,2024-01-19 11:17:00-05:00,L,17209.0,17268.75,17168.5,40.5,117.5,1.4506172839506173,TP,1,L|swing
2024-01-22 09:41:00-05:00,2024-01-22 09:41:00-05:00,2024-01-22 15:59:00-05:00,S,17524.25,17460.75,17585.0,60.75,125.0,1.02880658436214,time,1,S|swing
2024-01-23 10:38:00-05:00,2024-01-23 10:38:00-05:00,2024-01-23 11:19:00-05:00,S,17466.5,17439.75,17485.0,18.5,51.5,1.3918918918918919,TP,1,S|swing
2024-01-23 14:38:00-05:00,2024-01-23 14:38:00-05:00,2024-01-23 14:46:00-05:00,L,17478.25,17498.25,17464.25,14.0,38.0,1.3571428571428572,TP,1,L|swing
2024-01-23 14:53:00-05:00,2024-01-23 14:53:00-05:00,2024-01-23 15:54:00-05:00,L,17490.75,17529.75,17464.25,26.5,76.0,1.4339622641509433,TP,1,L|swing
2024-01-24 09:50:00-05:00,2024-01-24 09:50:00-05:00,2024-01-24 10:18:00-05:00,L,17667.5,17712.25,17637.0,30.5,87.5,1.4344262295081966,TP,1,L|swing
2024-01-24 12:08:00-05:00,2024-01-24 12:08:00-05:00,2024-01-24 13:40:00-05:00,L,17757.75,17702.25,17702.5,55.25,-113.0,-1.0226244343891402,SL,1,L|swing
2024-01-25 09:38:00-05:00,2024-01-25 09:38:00-05:00,2024-01-25 09:46:00-05:00,L,17697.0,17674.25,17674.5,22.5,-47.5,-1.0555555555555556,SL,1,L|swing
2024-01-25 10:44:00-05:00,2024-01-25 10:44:00-05:00,2024-01-25 12:08:00-05:00,L,17721.0,17675.5,17675.75,45.25,-93.0,-1.0276243093922652,SL,1,L|swing
2024-01-25 13:50:00-05:00,2024-01-25 13:50:00-05:00,2024-01-25 13:54:00-05:00,S,17631.5,17611.75,17645.25,13.75,37.5,1.3636363636363635,TP,1,S|swing
2024-01-26 11:56:00-05:00,2024-01-26 11:56:00-05:00,2024-01-26 12:31:00-05:00,L,17608.75,17576.5,17576.75,32.0,-66.5,-1.0390625,SL,1,L|swing
2024-01-26 13:53:00-05:00,2024-01-26 13:53:00-05:00,2024-01-26 14:40:00-05:00,S,17506.75,17549.75,17549.5,42.75,-88.0,-1.0292397660818713,SL,1,S|swing
2024-01-29 10:02:00-05:00,2024-01-29 10:02:00-05:00,2024-01-29 12:00:00-05:00,S,17545.5,17585.25,17585.0,39.5,-81.5,-1.0316455696202531,SL,1,S|swing
2024-01-29 12:23:00-05:00,2024-01-29 12:23:00-05:00,2024-01-29 14:15:00-05:00,L,17592.5,17619.75,17573.75,18.75,52.5,1.4,TP,1,L|swing
2024-01-30 11:47:00-05:00,2024-01-30 11:47:00-05:00,2024-01-30 12:15:00-05:00,S,17644.0,17628.25,17655.0,11.0,29.5,1.3409090909090908,TP,1,S|swing
2024-01-31 09:44:00-05:00,2024-01-31 09:44:00-05:00,2024-01-31 14:39:00-05:00,S,17355.75,17426.75,17426.5,70.75,-144.0,-1.017667844522968,SL,1,S|swing
2024-02-01 10:08:00-05:00,2024-02-01 10:08:00-05:00,2024-02-01 11:00:00-05:00,L,17342.75,17269.5,17269.75,73.0,-148.5,-1.0171232876712328,SL,1,L|swing
2024-02-01 11:59:00-05:00,2024-02-01 11:59:00-05:00,2024-02-01 12:50:00-05:00,L,17324.75,17392.25,17279.25,45.5,133.0,1.4615384615384615,TP,1,L|swing
2024-02-01 13:14:00-05:00,2024-02-01 13:14:00-05:00,2024-02-01 14:58:00-05:00,L,17372.25,17436.25,17329.0,43.25,126.0,1.4566473988439306,TP,1,L|swing
2024-02-02 11:05:00-05:00,2024-02-02 11:05:00-05:00,2024-02-02 11:51:00-05:00,L,17629.0,17710.25,17574.25,54.75,160.5,1.4657534246575343,TP,1,L|swing
2024-02-05 09:38:00-05:00,2024-02-05 09:38:00-05:00,2024-02-05 10:05:00-05:00,S,17702.75,17651.5,17737.5,34.75,100.5,1.4460431654676258,TP,1,S|swing
2024-02-05 13:56:00-05:00,2024-02-05 13:56:00-05:00,2024-02-05 14:26:00-05:00,L,17691.25,17712.25,17676.75,14.5,40.0,1.3793103448275863,TP,1,L|swing
2024-02-06 12:05:00-05:00,2024-02-06 12:05:00-05:00,2024-02-06 15:07:00-05:00,S,17588.25,17651.0,17650.75,62.5,-127.5,-1.02,SL,1,S|swing
2024-02-07 09:50:00-05:00,2024-02-07 09:50:00-05:00,2024-02-07 09:56:00-05:00,L,17763.75,17719.0,17719.25,44.5,-91.5,-1.0280898876404494,SL,1,L|swing
2024-02-07 09:59:00-05:00,2024-02-07 09:59:00-05:00,2024-02-07 10:13:00-05:00,L,17746.0,17787.25,17718.0,28.0,80.5,1.4375,TP,1,L|swing
2024-02-07 10:14:00-05:00,2024-02-07 10:14:00-05:00,2024-02-07 15:59:00-05:00,L,17807.5,17841.0,17718.0,89.5,65.0,0.36312849162011174,time,1,L|swing
2024-02-08 09:35:00-05:00,2024-02-08 09:35:00-05:00,2024-02-08 09:41:00-05:00,L,17847.25,17817.25,17817.5,29.75,-62.0,-1.0420168067226891,SL,1,L|swing
2024-02-08 09:50:00-05:00,2024-02-08 09:50:00-05:00,2024-02-08 10:49:00-05:00,L,17835.25,17876.25,17807.25,28.0,80.0,1.4285714285714286,TP,1,L|swing
2024-02-08 11:56:00-05:00,2024-02-08 11:56:00-05:00,2024-02-08 12:46:00-05:00,L,17883.75,17858.25,17858.5,25.25,-53.0,-1.0495049504950495,SL,1,L|swing
2024-02-08 13:05:00-05:00,2024-02-08 13:05:00-05:00,2024-02-08 14:08:00-05:00,L,17879.75,17848.75,17849.0,30.75,-64.0,-1.0406504065040652,SL,1,L|swing
2024-02-08 14:11:00-05:00,2024-02-08 14:11:00-05:00,2024-02-08 14:26:00-05:00,L,17854.5,17841.0,17841.25,13.25,-29.0,-1.0943396226415094,SL,1,L|swing
2024-02-09 09:56:00-05:00,2024-02-09 09:56:00-05:00,2024-02-09 11:01:00-05:00,L,17924.75,17998.5,17875.0,49.75,145.5,1.4623115577889447,TP,1,L|swing
2024-02-09 11:38:00-05:00,2024-02-09 11:38:00-05:00,2024-02-09 11:49:00-05:00,L,17981.25,18002.25,17966.75,14.5,40.0,1.3793103448275863,TP,1,L|swing
2024-02-09 12:17:00-05:00,2024-02-09 12:17:00-05:00,2024-02-09 12:19:00-05:00,L,17987.0,17978.5,17978.75,8.25,-19.0,-1.1515151515151516,SL,1,L|swing
2024-02-09 14:02:00-05:00,2024-02-09 14:02:00-05:00,2024-02-09 14:30:00-05:00,L,18037.25,18052.25,18026.75,10.5,28.0,1.3333333333333333,TP,1,L|swing
2024-02-09 14:41:00-05:00,2024-02-09 14:41:00-05:00,2024-02-09 15:04:00-05:00,L,18062.75,18033.25,18033.5,29.25,-61.0,-1.0427350427350428,SL,1,L|swing
2024-02-12 10:41:00-05:00,2024-02-12 10:41:00-05:00,2024-02-12 11:37:00-05:00,L,18054.75,18115.0,18014.0,40.75,118.5,1.4539877300613497,TP,1,L|swing
2024-02-12 12:47:00-05:00,2024-02-12 12:47:00-05:00,2024-02-12 13:13:00-05:00,L,18083.25,18107.75,18066.25,17.0,47.0,1.3823529411764706,TP,1,L|swing
2024-02-12 13:29:00-05:00,2024-02-12 13:29:00-05:00,2024-02-12 14:16:00-05:00,S,18054.75,17973.5,18109.5,54.75,160.5,1.4657534246575343,TP,1,S|swing
2024-02-13 10:59:00-05:00,2024-02-13 10:59:00-05:00,2024-02-13 14:04:00-05:00,S,17726.5,17628.75,17792.25,65.75,193.5,1.4714828897338403,TP,1,S|swing
2024-02-14 10:32:00-05:00,2024-02-14 10:32:00-05:00,2024-02-14 10:51:00-05:00,L,17836.5,17774.5,17774.75,61.75,-126.0,-1.0202429149797572,SL,1,L|swing
2024-02-14 10:53:00-05:00,2024-02-14 10:53:00-05:00,2024-02-14 10:54:00-05:00,L,17789.25,17771.75,17772.0,17.25,-37.0,-1.0724637681159421,SL,1,L|swing
2024-02-14 12:29:00-05:00,2024-02-14 12:29:00-05:00,2024-02-14 15:50:00-05:00,L,17762.75,17870.75,17690.25,72.5,214.0,1.4758620689655173,TP,1,L|swing
2024-02-16 12:20:00-05:00,2024-02-16 12:20:00-05:00,2024-02-16 13:11:00-05:00,S,17856.75,17804.25,17892.25,35.5,103.0,1.4507042253521127,TP,1,S|swing
2024-02-16 14:47:00-05:00,2024-02-16 14:47:00-05:00,2024-02-16 15:59:00-05:00,S,17790.0,17747.0,17897.25,107.25,84.0,0.3916083916083916,time,1,S|swing
2024-02-19 09:41:00-05:00,2024-02-19 09:41:00-05:00,2024-02-19 10:20:00-05:00,L,17804.0,17778.5,17778.75,25.25,-53.0,-1.0495049504950495,SL,1,L|swing
2024-02-19 10:32:00-05:00,2024-02-19 10:32:00-05:00,2024-02-19 10:46:00-05:00,L,17782.25,17776.0,17776.25,6.0,-14.5,-1.2083333333333333,SL,1,L|swing
2024-02-19 11:17:00-05:00,2024-02-19 11:17:00-05:00,2024-02-19 12:49:00-05:00,L,17783.25,17795.25,17772.0,11.25,22.0,0.9777777777777777,time,1,L|swing
2024-02-20 09:38:00-05:00,2024-02-20 09:38:00-05:00,2024-02-20 12:09:00-05:00,S,17624.75,17476.25,17724.25,99.5,295.0,1.4824120603015076,TP,1,S|swing
2024-02-20 13:02:00-05:00,2024-02-20 13:02:00-05:00,2024-02-20 13:16:00-05:00,S,17501.0,17480.5,17515.25,14.25,39.0,1.368421052631579,TP,1,S|swing
2024-02-20 13:53:00-05:00,2024-02-20 13:53:00-05:00,2024-02-20 14:00:00-05:00,S,17517.5,17533.5,17533.25,15.75,-34.0,-1.0793650793650793,SL,1,S|swing
2024-02-20 14:02:00-05:00,2024-02-20 14:02:00-05:00,2024-02-20 14:19:00-05:00,S,17521.75,17538.0,17537.75,16.0,-34.5,-1.078125,SL,1,S|swing
2024-02-21 09:47:00-05:00,2024-02-21 09:47:00-05:00,2024-02-21 10:04:00-05:00,S,17456.5,17512.0,17511.75,55.25,-113.0,-1.0226244343891402,SL,1,S|swing
2024-02-21 10:29:00-05:00,2024-02-21 10:29:00-05:00,2024-02-21 14:25:00-05:00,S,17473.5,17395.75,17526.0,52.5,153.5,1.4619047619047618,TP,1,S|swing
2024-02-22 09:47:00-05:00,2024-02-22 09:47:00-05:00,2024-02-22 13:45:00-05:00,L,17937.5,18047.25,17863.75,73.75,217.5,1.4745762711864407,TP,1,L|swing
2024-02-23 10:44:00-05:00,2024-02-23 10:44:00-05:00,2024-02-23 15:59:00-05:00,S,18027.25,17986.25,18091.25,64.0,80.0,0.625,time,1,S|swing
2024-02-26 10:23:00-05:00,2024-02-26 10:23:00-05:00,2024-02-26 15:59:00-05:00,L,18030.25,17977.0,17967.5,62.75,-108.5,-0.8645418326693227,time,1,L|swing
2024-02-27 09:38:00-05:00,2024-02-27 09:38:00-05:00,2024-02-27 10:19:00-05:00,S,17990.0,18027.25,18027.0,37.0,-76.5,-1.0337837837837838,SL,1,S|swing
2024-02-27 11:20:00-05:00,2024-02-27 11:20:00-05:00,2024-02-27 13:00:00-05:00,S,17981.0,17915.25,18025.5,44.5,129.5,1.4550561797752808,TP,1,S|swing
2024-02-27 13:26:00-05:00,2024-02-27 13:26:00-05:00,2024-02-27 13:58:00-05:00,S,17943.75,17967.5,17967.25,23.5,-49.5,-1.053191489361702,SL,1,S|swing
2024-02-28 09:47:00-05:00,2024-02-28 09:47:00-05:00,2024-02-28 11:00:00-05:00,S,17907.75,17947.0,17946.75,39.0,-80.5,-1.0320512820512822,SL,1,S|swing
2024-02-28 14:14:00-05:00,2024-02-28 14:14:00-05:00,2024-02-28 15:59:00-05:00,S,17912.75,17917.75,17955.0,42.25,-12.0,-0.14201183431952663,time,1,S|swing
2024-02-29 11:14:00-05:00,2024-02-29 11:14:00-05:00,2024-02-29 11:30:00-05:00,L,18011.0,17966.0,17966.25,44.75,-92.0,-1.0279329608938548,SL,1,L|swing
2024-02-29 11:32:00-05:00,2024-02-29 11:32:00-05:00,2024-02-29 11:34:00-05:00,L,17977.5,17963.0,17963.25,14.25,-31.0,-1.087719298245614,SL,1,L|swing
2024-03-01 10:35:00-05:00,2024-03-01 10:35:00-05:00,2024-03-01 10:56:00-05:00,L,18163.0,18196.75,18140.0,23.0,65.5,1.423913043478261,TP,1,L|swing
2024-03-01 12:11:00-05:00,2024-03-01 12:11:00-05:00,2024-03-01 12:24:00-05:00,L,18239.5,18265.75,18221.5,18.0,50.5,1.4027777777777777,TP,1,L|swing
2024-03-01 14:44:00-05:00,2024-03-01 14:44:00-05:00,2024-03-01 14:57:00-05:00,L,18347.5,18369.5,18332.25,15.25,42.0,1.3770491803278688,TP,1,L|swing
2024-03-04 09:44:00-05:00,2024-03-04 09:44:00-05:00,2024-03-04 14:39:00-05:00,S,18306.5,18337.0,18336.75,30.25,-63.0,-1.0413223140495869,SL,1,S|swing
2024-03-05 11:56:00-05:00,2024-03-05 11:56:00-05:00,2024-03-05 12:24:00-05:00,S,17916.5,17962.25,17962.0,45.5,-93.5,-1.0274725274725274,SL,1,S|swing
2024-03-05 13:23:00-05:00,2024-03-05 13:23:00-05:00,2024-03-05 15:59:00-05:00,S,17913.5,17932.0,17969.25,55.75,-39.0,-0.34977578475336324,time,1,S|swing
2024-03-06 13:14:00-05:00,2024-03-06 13:14:00-05:00,2024-03-06 13:33:00-05:00,L,18138.5,18115.75,18116.0,22.5,-47.5,-1.0555555555555556,SL,1,L|swing
2024-03-06 13:41:00-05:00,2024-03-06 13:41:00-05:00,2024-03-06 13:50:00-05:00,L,18112.0,18040.75,18041.0,71.0,-144.5,-1.017605633802817,SL,1,L|swing
2024-03-06 14:14:00-05:00,2024-03-06 14:14:00-05:00,2024-03-06 15:59:00-05:00,S,18037.75,18044.75,18130.75,93.0,-16.0,-0.08602150537634409,time,1,S|swing
2024-03-07 09:56:00-05:00,2024-03-07 09:56:00-05:00,2024-03-07 13:37:00-05:00,L,18207.75,18340.25,18118.75,89.0,263.0,1.4775280898876404,TP,1,L|swing
2024-03-08 09:47:00-05:00,2024-03-08 09:47:00-05:00,2024-03-08 11:08:00-05:00,L,18349.75,18287.5,18287.75,62.0,-126.5,-1.0201612903225807,SL,1,L|swing
2024-03-08 12:35:00-05:00,2024-03-08 12:35:00-05:00,2024-03-08 12:50:00-05:00,S,18179.75,18137.75,18208.25,28.5,82.0,1.4385964912280702,TP,1,S|swing
2024-03-11 10:02:00-04:00,2024-03-11 10:02:00-04:00,2024-03-11 10:54:00-04:00,S,17894.25,18002.25,18002.0,107.75,-218.0,-1.011600928074246,SL,1,S|swing
2024-03-11 12:50:00-04:00,2024-03-11 12:50:00-04:00,2024-03-11 12:58:00-04:00,S,17968.5,17997.25,17997.0,28.5,-59.5,-1.043859649122807,SL,1,S|swing
2024-03-11 13:14:00-04:00,2024-03-11 13:14:00-04:00,2024-03-11 13:31:00-04:00,S,17953.25,18002.5,18002.25,49.0,-100.5,-1.0255102040816326,SL,1,S|swing
2024-03-11 14:05:00-04:00,2024-03-11 14:05:00-04:00,2024-03-11 15:59:00-04:00,L,17984.25,17970.25,17940.25,44.0,-30.0,-0.3409090909090909,time,1,L|swing
2024-03-12 11:50:00-04:00,2024-03-12 11:50:00-04:00,2024-03-12 12:04:00-04:00,L,18177.5,18141.0,18141.25,36.25,-75.0,-1.0344827586206897,SL,1,L|swing
2024-03-12 12:05:00-04:00,2024-03-12 12:05:00-04:00,2024-03-12 12:07:00-04:00,L,18145.75,18156.75,18137.75,8.0,20.0,1.25,TP,1,L|swing
2024-03-12 12:14:00-04:00,2024-03-12 12:14:00-04:00,2024-03-12 12:20:00-04:00,L,18164.5,18137.5,18137.75,26.75,-56.0,-1.0467289719626167,SL,1,L|swing
2024-03-12 12:35:00-04:00,2024-03-12 12:35:00-04:00,2024-03-12 12:36:00-04:00,L,18141.0,18125.5,18125.75,15.25,-33.0,-1.0819672131147542,SL,1,L|swing
2024-03-12 12:41:00-04:00,2024-03-12 12:41:00-04:00,2024-03-12 12:43:00-04:00,L,18115.0,18103.25,18103.5,11.5,-25.5,-1.108695652173913,SL,1,L|swing
2024-03-12 13:23:00-04:00,2024-03-12 13:23:00-04:00,2024-03-12 15:59:00-04:00,L,18149.0,18226.5,18078.0,71.0,153.0,1.0774647887323943,time,1,L|swing
2024-03-15 11:11:00-04:00,2024-03-15 11:11:00-04:00,2024-03-15 12:17:00-04:00,S,18113.5,18027.25,18171.5,58.0,170.5,1.4698275862068966,TP,1,S|swing
2024-03-15 12:44:00-04:00,2024-03-15 12:44:00-04:00,2024-03-15 12:51:00-04:00,S,18047.5,18017.75,18068.0,20.5,57.5,1.4024390243902438,TP,1,S|swing
2024-03-15 14:05:00-04:00,2024-03-15 14:05:00-04:00,2024-03-15 14:26:00-04:00,S,18074.0,18048.75,18091.5,17.5,48.5,1.3857142857142857,TP,1,S|swing
2024-03-15 14:56:00-04:00,2024-03-15 14:56:00-04:00,2024-03-15 15:00:00-04:00,S,18092.25,18079.25,18101.5,9.25,24.0,1.2972972972972974,TP,1,S|swing
2024-03-18 10:59:00-04:00,2024-03-18 10:59:00-04:00,2024-03-18 11:02:00-04:00,L,18357.25,18344.5,18344.75,12.5,-27.5,-1.1,SL,1,L|swing
2024-03-18 12:11:00-04:00,2024-03-18 12:11:00-04:00,2024-03-18 12:50:00-04:00,L,18303.25,18269.25,18269.5,33.75,-70.0,-1.037037037037037,SL,1,L|swing
2024-03-18 12:53:00-04:00,2024-03-18 12:53:00-04:00,2024-03-18 12:56:00-04:00,L,18262.0,18252.75,18253.0,9.0,-20.5,-1.1388888888888888,SL,1,L|swing
2024-03-18 13:05:00-04:00,2024-03-18 13:05:00-04:00,2024-03-18 14:26:00-04:00,S,18248.5,18303.5,18303.25,54.75,-112.0,-1.0228310502283104,SL,1,S|swing
2024-03-18 14:35:00-04:00,2024-03-18 14:35:00-04:00,2024-03-18 14:42:00-04:00,L,18299.25,18266.5,18266.75,32.5,-67.5,-1.0384615384615385,SL,1,L|swing
2024-03-19 09:35:00-04:00,2024-03-19 09:35:00-04:00,2024-03-19 09:42:00-04:00,S,18115.75,18060.75,18153.0,37.25,108.0,1.4496644295302012,TP,1,S|swing
2024-03-19 10:59:00-04:00,2024-03-19 10:59:00-04:00,2024-03-19 11:31:00-04:00,S,18115.75,18146.75,18146.5,30.75,-64.0,-1.0406504065040652,SL,1,S|swing
2024-03-19 11:59:00-04:00,2024-03-19 11:59:00-04:00,2024-03-19 12:24:00-04:00,L,18159.75,18201.75,18131.25,28.5,82.0,1.4385964912280702,TP,1,L|swing
2024-03-19 13:26:00-04:00,2024-03-19 13:26:00-04:00,2024-03-19 14:32:00-04:00,L,18253.5,18285.75,18231.5,22.0,62.5,1.4204545454545454,TP,1,L|swing
2024-03-20 11:35:00-04:00,2024-03-20 11:35:00-04:00,2024-03-20 11:37:00-04:00,L,18280.25,18272.25,18272.5,7.75,-18.0,-1.1612903225806452,SL,1,L|swing
2024-03-20 12:02:00-04:00,2024-03-20 12:02:00-04:00,2024-03-20 12:14:00-04:00,S,18274.25,18259.0,18285.0,10.75,28.5,1.3255813953488371,TP,1,S|swing
2024-03-20 12:26:00-04:00,2024-03-20 12:26:00-04:00,2024-03-20 13:40:00-04:00,L,18282.25,18252.75,18253.0,29.25,-61.0,-1.0427350427350428,SL,1,L|swing
2024-03-21 09:38:00-04:00,2024-03-21 09:38:00-04:00,2024-03-21 09:48:00-04:00,L,18685.5,18645.75,18646.0,39.5,-81.5,-1.0316455696202531,SL,1,L|swing
2024-03-21 10:50:00-04:00,2024-03-21 10:50:00-04:00,2024-03-21 11:07:00-04:00,L,18654.5,18619.75,18620.0,34.5,-71.5,-1.036231884057971,SL,1,L|swing
2024-03-21 11:17:00-04:00,2024-03-21 11:17:00-04:00,2024-03-21 11:31:00-04:00,L,18636.25,18663.75,18617.25,19.0,53.0,1.394736842105263,TP,1,L|swing
2024-03-21 13:44:00-04:00,2024-03-21 13:44:00-04:00,2024-03-21 13:47:00-04:00,L,18663.25,18645.5,18645.75,17.5,-37.5,-1.0714285714285714,SL,1,L|swing
2024-03-22 09:44:00-04:00,2024-03-22 09:44:00-04:00,2024-03-22 10:02:00-04:00,S,18508.0,18548.0,18547.75,39.75,-82.0,-1.0314465408805031,SL,1,S|swing
2024-03-22 10:11:00-04:00,2024-03-22 10:11:00-04:00,2024-03-22 12:02:00-04:00,S,18536.0,18565.75,18565.5,29.5,-61.5,-1.0423728813559323,SL,1,S|swing
2024-03-22 12:05:00-04:00,2024-03-22 12:05:00-04:00,2024-03-22 12:50:00-04:00,S,18549.75,18568.25,18568.0,18.25,-39.0,-1.0684931506849316,SL,1,S|swing
2024-03-22 14:56:00-04:00,2024-03-22 14:56:00-04:00,2024-03-22 15:03:00-04:00,L,18598.5,18582.5,18582.75,15.75,-34.0,-1.0793650793650793,SL,1,L|swing
2024-03-25 09:44:00-04:00,2024-03-25 09:44:00-04:00,2024-03-25 09:51:00-04:00,S,18423.0,18482.0,18481.75,58.75,-120.0,-1.0212765957446808,SL,1,S|swing
2024-03-25 12:17:00-04:00,2024-03-25 12:17:00-04:00,2024-03-25 12:40:00-04:00,L,18527.75,18511.75,18512.0,15.75,-34.0,-1.0793650793650793,SL,1,L|swing
2024-03-25 12:41:00-04:00,2024-03-25 12:41:00-04:00,2024-03-25 12:55:00-04:00,L,18522.5,18538.75,18511.0,11.5,30.5,1.326086956521739,TP,1,L|swing
2024-03-25 12:59:00-04:00,2024-03-25 12:59:00-04:00,2024-03-25 13:44:00-04:00,L,18529.75,18557.0,18511.0,18.75,52.5,1.4,TP,1,L|swing
2024-03-25 13:56:00-04:00,2024-03-25 13:56:00-04:00,2024-03-25 14:05:00-04:00,L,18545.25,18555.75,18537.75,7.5,19.0,1.2666666666666666,TP,1,L|swing
2024-03-25 14:38:00-04:00,2024-03-25 14:38:00-04:00,2024-03-25 15:09:00-04:00,L,18561.75,18547.25,18547.5,14.25,-31.0,-1.087719298245614,SL,1,L|swing
2024-03-26 09:35:00-04:00,2024-03-26 09:35:00-04:00,2024-03-26 10:29:00-04:00,L,18583.75,18549.5,18549.75,34.0,-70.5,-1.036764705882353,SL,1,L|swing
2024-03-26 10:44:00-04:00,2024-03-26 10:44:00-04:00,2024-03-26 15:56:00-04:00,S,18543.0,18450.75,18605.0,62.0,182.5,1.471774193548387,TP,1,S|swing
2024-03-27 11:20:00-04:00,2024-03-27 11:20:00-04:00,2024-03-27 11:29:00-04:00,S,18419.0,18402.75,18430.5,11.5,30.5,1.326086956521739,TP,1,S|swing
2024-03-27 11:59:00-04:00,2024-03-27 11:59:00-04:00,2024-03-27 12:21:00-04:00,S,18395.75,18427.75,18427.5,31.75,-66.0,-1.0393700787401574,SL,1,S|swing
2024-03-27 12:56:00-04:00,2024-03-27 12:56:00-04:00,2024-03-27 13:07:00-04:00,S,18440.0,18420.25,18453.75,13.75,37.5,1.3636363636363635,TP,1,S|swing
2024-03-27 14:02:00-04:00,2024-03-27 14:02:00-04:00,2024-03-27 14:17:00-04:00,S,18427.0,18439.25,18439.0,12.0,-26.5,-1.1041666666666667,SL,1,S|swing
2024-03-28 09:38:00-04:00,2024-03-28 09:38:00-04:00,2024-03-28 13:17:00-04:00,L,18498.25,18456.5,18456.75,41.5,-85.5,-1.0301204819277108,SL,1,L|swing
2024-04-01 10:32:00-04:00,2024-04-01 10:32:00-04:00,2024-04-01 11:59:00-04:00,S,18524.0,18423.75,18591.5,67.5,198.5,1.4703703703703703,TP,1,S|swing
2024-04-01 13:17:00-04:00,2024-04-01 13:17:00-04:00,2024-04-01 15:54:00-04:00,S,18453.75,18490.25,18490.0,36.25,-75.0,-1.0344827586206897,SL,1,S|swing
2024-04-02 10:05:00-04:00,2024-04-02 10:05:00-04:00,2024-04-02 10:12:00-04:00,S,18257.5,18209.25,18290.25,32.75,94.5,1.4427480916030535,TP,1,S|swing
2024-04-02 10:29:00-04:00,2024-04-02 10:29:00-04:00,2024-04-02 11:35:00-04:00,S,18238.25,18276.25,18276.0,37.75,-78.0,-1.033112582781457,SL,1,S|swing
2024-04-02 12:08:00-04:00,2024-04-02 12:08:00-04:00,2024-04-02 12:42:00-04:00,S,18236.5,18269.5,18269.25,32.75,-68.0,-1.0381679389312977,SL,1,S|swing
2024-04-02 13:26:00-04:00,2024-04-02 13:26:00-04:00,2024-04-02 15:05:00-04:00,S,18274.25,18301.0,18300.75,26.5,-55.5,-1.0471698113207548,SL,1,S|swing
2024-04-03 09:44:00-04:00,2024-04-03 09:44:00-04:00,2024-04-03 09:55:00-04:00,S,18255.5,18284.0,18283.75,28.25,-59.0,-1.0442477876106195,SL,1,S|swing
2024-04-03 09:56:00-04:00,2024-04-03 09:56:00-04:00,2024-04-03 10:00:00-04:00,S,18267.75,18285.5,18285.25,17.5,-37.5,-1.0714285714285714,SL,1,S|swing
2024-04-03 12:32:00-04:00,2024-04-03 12:32:00-04:00,2024-04-03 12:38:00-04:00,L,18435.5,18376.25,18376.5,59.0,-120.5,-1.021186440677966,SL,1,L|swing
2024-04-03 12:44:00-04:00,2024-04-03 12:44:00-04:00,2024-04-03 15:12:00-04:00,L,18415.75,18369.5,18369.75,46.0,-94.5,-1.0271739130434783,SL,1,L|swing
2024-04-04 10:14:00-04:00,2024-04-04 10:14:00-04:00,2024-04-04 10:22:00-04:00,L,18518.5,18506.0,18506.25,12.25,-27.0,-1.1020408163265305,SL,1,L|swing
2024-04-04 10:41:00-04:00,2024-04-04 10:41:00-04:00,2024-04-04 11:12:00-04:00,L,18506.25,18486.25,18486.5,19.75,-42.0,-1.0632911392405062,SL,1,L|swing
2024-04-04 11:20:00-04:00,2024-04-04 11:20:00-04:00,2024-04-04 11:30:00-04:00,L,18490.5,18505.75,18479.75,10.75,28.5,1.3255813953488371,TP,1,L|swing
2024-04-04 13:11:00-04:00,2024-04-04 13:11:00-04:00,2024-04-04 13:21:00-04:00,L,18552.75,18543.0,18543.25,9.5,-21.5,-1.131578947368421,SL,1,L|swing
2024-04-05 09:38:00-04:00,2024-04-05 09:38:00-04:00,2024-04-05 09:42:00-04:00,S,18114.5,18171.25,18171.0,56.5,-115.5,-1.0221238938053097,SL,1,S|swing
2024-04-05 12:59:00-04:00,2024-04-05 12:59:00-04:00,2024-04-05 13:47:00-04:00,L,18400.75,18334.0,18334.25,66.5,-135.5,-1.018796992481203,SL,1,L|swing
2024-04-08 10:29:00-04:00,2024-04-08 10:29:00-04:00,2024-04-08 12:13:00-04:00,L,18340.25,18275.75,18276.0,64.25,-131.0,-1.0194552529182879,SL,1,L|swing
2024-04-08 14:14:00-04:00,2024-04-08 14:14:00-04:00,2024-04-08 15:59:00-04:00,L,18315.75,18297.0,18279.0,36.75,-39.5,-0.5374149659863946,time,1,L|swing
2024-04-09 09:53:00-04:00,2024-04-09 09:53:00-04:00,2024-04-09 10:06:00-04:00,L,18354.0,18334.75,18335.0,19.0,-40.5,-1.0657894736842106,SL,1,L|swing
2024-04-09 12:56:00-04:00,2024-04-09 12:56:00-04:00,2024-04-09 15:26:00-04:00,S,18262.5,18304.0,18303.75,41.25,-85.0,-1.0303030303030303,SL,1,S|swing
2024-04-10 10:44:00-04:00,2024-04-10 10:44:00-04:00,2024-04-10 10:55:00-04:00,S,18196.5,18143.25,18232.5,36.0,104.5,1.4513888888888888,TP,1,S|swing
2024-04-10 11:38:00-04:00,2024-04-10 11:38:00-04:00,2024-04-10 12:54:00-04:00,S,18144.0,18183.5,18183.25,39.25,-81.0,-1.0318471337579618,SL,1,S|swing
2024-04-10 13:05:00-04:00,2024-04-10 13:05:00-04:00,2024-04-10 13:22:00-04:00,S,18133.75,18204.0,18203.75,70.0,-142.5,-1.0178571428571428,SL,1,S|swing
2024-04-10 13:29:00-04:00,2024-04-10 13:29:00-04:00,2024-04-10 15:47:00-04:00,S,18174.25,18225.0,18224.75,50.5,-103.5,-1.0247524752475248,SL,1,S|swing
2024-04-11 11:02:00-04:00,2024-04-11 11:02:00-04:00,2024-04-11 13:03:00-04:00,L,18261.75,18334.75,18212.5,49.25,144.0,1.4619289340101522,TP,1,L|swing
2024-04-11 13:05:00-04:00,2024-04-11 13:05:00-04:00,2024-04-11 14:02:00-04:00,L,18355.0,18452.25,18289.5,65.5,192.5,1.4694656488549618,TP,1,L|swing
2024-04-12 09:35:00-04:00,2024-04-12 09:35:00-04:00,2024-04-12 09:46:00-04:00,S,18307.0,18327.5,18327.25,20.25,-43.0,-1.0617283950617284,SL,1,S|swing
2024-04-12 10:41:00-04:00,2024-04-12 10:41:00-04:00,2024-04-12 15:59:00-04:00,S,18226.75,18181.75,18309.75,83.0,88.0,0.5301204819277109,time,1,S|swing
2024-04-15 11:17:00-04:00,2024-04-15 11:17:00-04:00,2024-04-15 11:55:00-04:00,S,18173.5,18222.25,18222.0,48.5,-99.5,-1.0257731958762886,SL,1,S|swing
2024-04-15 12:23:00-04:00,2024-04-15 12:23:00-04:00,2024-04-15 13:20:00-04:00,S,18152.0,18040.0,18227.25,75.25,222.0,1.4750830564784052,TP,1,S|swing
2024-04-15 14:41:00-04:00,2024-04-15 14:41:00-04:00,2024-04-15 14:50:00-04:00,S,17917.0,17884.75,17939.0,22.0,62.5,1.4204545454545454,TP,1,S|swing
2024-04-15 14:53:00-04:00,2024-04-15 14:53:00-04:00,2024-04-15 15:59:00-04:00,S,17868.5,17876.25,17939.0,70.5,-17.5,-0.12411347517730496,time,1,S|swing
2024-04-16 09:35:00-04:00,2024-04-16 09:35:00-04:00,2024-04-16 09:58:00-04:00,S,17862.25,17901.0,17900.75,38.5,-79.5,-1.0324675324675325,SL,1,S|swing
2024-04-16 09:59:00-04:00,2024-04-16 09:59:00-04:00,2024-04-16 13:32:00-04:00,L,17898.0,17821.5,17821.75,76.25,-155.0,-1.0163934426229508,SL,1,L|swing
2024-04-16 14:47:00-04:00,2024-04-16 14:47:00-04:00,2024-04-16 15:59:00-04:00,L,17910.0,17876.5,17846.0,64.0,-69.0,-0.5390625,time,1,L|swing
2024-04-17 10:05:00-04:00,2024-04-17 10:05:00-04:00,2024-04-17 12:08:00-04:00,S,17846.25,17681.75,17956.5,110.25,327.0,1.4829931972789117,TP,1,S|swing
2024-04-17 14:32:00-04:00,2024-04-17 14:32:00-04:00,2024-04-17 14:41:00-04:00,S,17711.25,17743.5,17743.25,32.0,-66.5,-1.0390625,SL,1,S|swing
2024-04-17 14:53:00-04:00,2024-04-17 14:53:00-04:00,2024-04-17 15:59:00-04:00,S,17711.75,17654.75,17796.75,85.0,112.0,0.6588235294117647,time,1,S|swing
2024-04-18 12:11:00-04:00,2024-04-18 12:11:00-04:00,2024-04-18 12:34:00-04:00,S,17685.5,17645.5,17712.75,27.25,78.0,1.4311926605504588,TP,1,S|swing
2024-04-18 14:29:00-04:00,2024-04-18 14:29:00-04:00,2024-04-18 15:59:00-04:00,S,17562.25,17545.25,17597.25,35.0,32.0,0.45714285714285713,time,1,S|swing
2024-04-19 09:38:00-04:00,2024-04-19 09:38:00-04:00,2024-04-19 09:46:00-04:00,S,17438.25,17507.0,17506.75,68.5,-139.5,-1.0182481751824817,SL,1,S|swing
2024-04-19 13:44:00-04:00,2024-04-19 13:44:00-04:00,2024-04-19 13:51:00-04:00,S,17269.0,17316.25,17316.0,47.0,-96.5,-1.0265957446808511,SL,1,S|swing
2024-04-19 13:56:00-04:00,2024-04-19 13:56:00-04:00,2024-04-19 14:29:00-04:00,S,17290.0,17214.25,17341.0,51.0,149.5,1.4656862745098038,TP,1,S|swing
2024-04-22 09:44:00-04:00,2024-04-22 09:44:00-04:00,2024-04-22 09:49:00-04:00,L,17290.5,17329.75,17263.75,26.75,76.5,1.4299065420560748,TP,1,L|swing
2024-04-22 10:20:00-04:00,2024-04-22 10:20:00-04:00,2024-04-22 13:25:00-04:00,S,17245.25,17326.25,17326.0,80.75,-164.0,-1.0154798761609907,SL,1,S|swing
2024-04-22 14:56:00-04:00,2024-04-22 14:56:00-04:00,2024-04-22 15:21:00-04:00,L,17405.0,17380.5,17380.75,24.25,-51.0,-1.0515463917525774,SL,1,L|swing
2024-04-23 10:50:00-04:00,2024-04-23 10:50:00-04:00,2024-04-23 13:43:00-04:00,L,17560.75,17618.25,17521.75,39.0,113.0,1.4487179487179487,TP,1,L|swing
2024-04-24 09:35:00-04:00,2024-04-24 09:35:00-04:00,2024-04-24 10:45:00-04:00,L,17751.25,17691.0,17691.25,60.0,-122.5,-1.0208333333333333,SL,1,L|swing
2024-04-24 14:32:00-04:00,2024-04-24 14:32:00-04:00,2024-04-24 15:59:00-04:00,S,17618.0,17658.5,17689.0,71.0,-83.0,-0.5845070422535211,time,1,S|swing
2024-04-25 10:47:00-04:00,2024-04-25 10:47:00-04:00,2024-04-25 12:21:00-04:00,S,17381.0,17448.25,17448.0,67.0,-136.5,-1.0186567164179106,SL,1,S|swing
2024-04-25 13:32:00-04:00,2024-04-25 13:32:00-04:00,2024-04-25 13:48:00-04:00,L,17502.0,17559.25,17463.25,38.75,112.5,1.4516129032258065,TP,1,L|swing
2024-04-25 14:41:00-04:00,2024-04-25 14:41:00-04:00,2024-04-25 14:47:00-04:00,L,17512.0,17494.25,17494.5,17.5,-37.5,-1.0714285714285714,SL,1,L|swing
2024-04-26 09:38:00-04:00,2024-04-26 09:38:00-04:00,2024-04-26 10:48:00-04:00,L,17740.75,17849.0,17668.0,72.75,214.5,1.4742268041237114,TP,1,L|swing
2024-04-26 12:11:00-04:00,2024-04-26 12:11:00-04:00,2024-04-26 12:51:00-04:00,L,17845.75,17873.75,17826.5,19.25,54.0,1.4025974025974026,TP,1,L|swing
2024-04-26 14:20:00-04:00,2024-04-26 14:20:00-04:00,2024-04-26 14:28:00-04:00,L,17853.5,17845.25,17845.5,8.0,-18.5,-1.15625,SL,1,L|swing
2024-04-26 14:29:00-04:00,2024-04-26 14:29:00-04:00,2024-04-26 14:31:00-04:00,L,17850.75,17842.5,17842.75,8.0,-18.5,-1.15625,SL,1,L|swing
2024-04-29 09:41:00-04:00,2024-04-29 09:41:00-04:00,2024-04-29 15:59:00-04:00,S,17861.75,17905.5,17949.25,87.5,-89.5,-0.5114285714285715,time,1,S|swing
2024-04-30 09:38:00-04:00,2024-04-30 09:38:00-04:00,2024-04-30 09:40:00-04:00,S,17828.75,17858.5,17858.25,29.5,-61.5,-1.0423728813559323,SL,1,S|swing
2024-04-30 09:44:00-04:00,2024-04-30 09:44:00-04:00,2024-04-30 10:30:00-04:00,L,17883.0,17823.5,17823.75,59.25,-121.0,-1.021097046413502,SL,1,L|swing
2024-04-30 11:05:00-04:00,2024-04-30 11:05:00-04:00,2024-04-30 11:41:00-04:00,S,17822.25,17738.0,17879.0,56.75,166.5,1.4669603524229076,TP,1,S|swing
2024-04-30 12:32:00-04:00,2024-04-30 12:32:00-04:00,2024-04-30 15:22:00-04:00,S,17732.0,17666.25,17776.5,44.5,129.5,1.4550561797752808,TP,1,S|swing
2024-05-01 09:35:00-04:00,2024-05-01 09:35:00-04:00,2024-05-01 09:56:00-04:00,L,17495.5,17467.75,17468.0,27.5,-57.5,-1.0454545454545454,SL,1,L|swing
2024-05-01 10:41:00-04:00,2024-05-01 10:41:00-04:00,2024-05-01 10:45:00-04:00,S,17483.25,17498.25,17498.0,14.75,-32.0,-1.0847457627118644,SL,1,S|swing
2024-05-01 12:41:00-04:00,2024-05-01 12:41:00-04:00,2024-05-01 13:37:00-04:00,S,17445.5,17468.25,17468.0,22.5,-47.5,-1.0555555555555556,SL,1,S|swing
2024-05-02 12:56:00-04:00,2024-05-02 12:56:00-04:00,2024-05-02 13:03:00-04:00,S,17523.75,17542.5,17542.25,18.5,-39.5,-1.0675675675675675,SL,1,S|swing
2024-05-03 09:41:00-04:00,2024-05-03 09:41:00-04:00,2024-05-03 09:55:00-04:00,L,17956.5,18011.75,17919.0,37.5,108.5,1.4466666666666668,TP,1,L|swing
2024-05-03 11:32:00-04:00,2024-05-03 11:32:00-04:00,2024-05-03 15:59:00-04:00,L,17965.0,18001.25,17895.0,70.0,70.5,0.5035714285714286,time,1,L|swing
2024-05-06 09:35:00-04:00,2024-05-06 09:35:00-04:00,2024-05-06 13:44:00-04:00,L,18077.0,18128.25,18042.25,34.75,100.5,1.4460431654676258,TP,1,L|swing
2024-05-06 14:47:00-04:00,2024-05-06 14:47:00-04:00,2024-05-06 15:54:00-04:00,L,18143.0,18172.75,18122.5,20.5,57.5,1.4024390243902438,TP,1,L|swing
2024-05-07 10:41:00-04:00,2024-05-07 10:41:00-04:00,2024-05-07 10:56:00-04:00,L,18207.25,18242.0,18183.5,23.75,67.5,1.4210526315789473,TP,1,L|swing
2024-05-07 12:08:00-04:00,2024-05-07 12:08:00-04:00,2024-05-07 12:34:00-04:00,L,18255.75,18239.0,18239.25,16.5,-35.5,-1.0757575757575757,SL,1,L|swing
2024-05-07 13:50:00-04:00,2024-05-07 13:50:00-04:00,2024-05-07 13:59:00-04:00,L,18221.25,18193.0,18193.25,28.0,-58.5,-1.0446428571428572,SL,1,L|swing
2024-05-07 14:50:00-04:00,2024-05-07 14:50:00-04:00,2024-05-07 15:00:00-04:00,S,18183.75,18198.25,18198.0,14.25,-31.0,-1.087719298245614,SL,1,S|swing
2024-05-08 11:32:00-04:00,2024-05-08 11:32:00-04:00,2024-05-08 11:45:00-04:00,L,18191.5,18171.0,18171.25,20.25,-43.0,-1.0617283950617284,SL,1,L|swing
2024-05-08 12:14:00-04:00,2024-05-08 12:14:00-04:00,2024-05-08 12:35:00-04:00,L,18177.5,18163.5,18163.75,13.75,-30.0,-1.0909090909090908,SL,1,L|swing
2024-05-08 13:08:00-04:00,2024-05-08 13:08:00-04:00,2024-05-08 13:24:00-04:00,L,18174.75,18139.5,18139.75,35.0,-72.5,-1.0357142857142858,SL,1,L|swing
2024-05-09 10:35:00-04:00,2024-05-09 10:35:00-04:00,2024-05-09 15:59:00-04:00,L,18184.25,18215.5,18128.75,55.5,60.5,0.545045045045045,time,1,L|swing
2024-05-10 10:11:00-04:00,2024-05-10 10:11:00-04:00,2024-05-10 15:59:00-04:00,S,18268.5,18254.25,18348.25,79.75,26.5,0.16614420062695925,time,1,S|swing
2024-05-13 10:26:00-04:00,2024-05-13 10:26:00-04:00,2024-05-13 13:06:00-04:00,L,18307.5,18257.0,18257.25,50.25,-103.0,-1.0248756218905473,SL,1,L|swing
2024-05-13 14:17:00-04:00,2024-05-13 14:17:00-04:00,2024-05-13 14:27:00-04:00,S,18278.75,18287.25,18287.0,8.25,-19.0,-1.1515151515151516,SL,1,S|swing
2024-05-14 11:29:00-04:00,2024-05-14 11:29:00-04:00,2024-05-14 11:35:00-04:00,L,18358.5,18330.25,18330.5,28.0,-58.5,-1.0446428571428572,SL,1,L|swing
2024-05-14 12:41:00-04:00,2024-05-14 12:41:00-04:00,2024-05-14 12:45:00-04:00,L,18311.25,18302.0,18302.25,9.0,-20.5,-1.1388888888888888,SL,1,L|swing
2024-05-14 12:56:00-04:00,2024-05-14 12:56:00-04:00,2024-05-14 13:43:00-04:00,L,18312.0,18332.5,18297.75,14.25,39.0,1.368421052631579,TP,1,L|swing
2024-05-15 12:23:00-04:00,2024-05-15 12:23:00-04:00,2024-05-15 13:10:00-04:00,L,18603.5,18642.75,18576.75,26.75,76.5,1.4299065420560748,TP,1,L|swing
2024-05-16 11:29:00-04:00,2024-05-16 11:29:00-04:00,2024-05-16 12:01:00-04:00,L,18745.25,18723.0,18723.25,22.0,-46.5,-1.0568181818181819,SL,1,L|swing
2024-05-16 12:11:00-04:00,2024-05-16 12:11:00-04:00,2024-05-16 12:30:00-04:00,L,18731.0,18709.75,18710.0,21.0,-44.5,-1.0595238095238095,SL,1,L|swing
2024-05-17 10:32:00-04:00,2024-05-17 10:32:00-04:00,2024-05-17 11:49:00-04:00,L,18666.75,18621.25,18621.5,45.25,-93.0,-1.0276243093922652,SL,1,L|swing
2024-05-17 13:53:00-04:00,2024-05-17 13:53:00-04:00,2024-05-17 14:04:00-04:00,S,18616.25,18595.25,18630.75,14.5,40.0,1.3793103448275863,TP,1,S|swing
2024-05-17 14:08:00-04:00,2024-05-17 14:08:00-04:00,2024-05-17 14:22:00-04:00,S,18599.0,18554.25,18629.5,30.5,87.5,1.4344262295081966,TP,1,S|swing
2024-05-20 14:29:00-04:00,2024-05-20 14:29:00-04:00,2024-05-20 15:59:00-04:00,L,18750.75,18766.25,18707.0,43.75,29.0,0.3314285714285714,time,1,L|swing
2024-05-21 11:38:00-04:00,2024-05-21 11:38:00-04:00,2024-05-21 11:42:00-04:00,L,18750.75,18742.75,18743.0,7.75,-18.0,-1.1612903225806452,SL,1,L|swing
2024-05-21 11:44:00-04:00,2024-05-21 11:44:00-04:00,2024-05-21 11:52:00-04:00,L,18750.0,18739.75,18740.0,10.0,-22.5,-1.125,SL,1,L|swing
2024-05-21 12:05:00-04:00,2024-05-21 12:05:00-04:00,2024-05-21 13:59:00-04:00,L,18749.25,18775.25,18731.25,18.0,50.0,1.3888888888888888,TP,1,L|swing
2024-05-21 14:41:00-04:00,2024-05-21 14:41:00-04:00,2024-05-21 15:10:00-04:00,L,18764.5,18778.25,18754.75,9.75,25.5,1.3076923076923077,TP,1,L|swing
2024-05-22 13:35:00-04:00,2024-05-22 13:35:00-04:00,2024-05-22 13:37:00-04:00,S,18803.0,18769.0,18826.25,23.25,66.0,1.4193548387096775,TP,1,S|swing
2024-05-22 13:53:00-04:00,2024-05-22 13:53:00-04:00,2024-05-22 15:59:00-04:00,S,18765.5,18794.0,18826.25,60.75,-59.0,-0.48559670781893005,time,1,S|swing
2024-05-23 09:41:00-04:00,2024-05-23 09:41:00-04:00,2024-05-23 13:37:00-04:00,S,18919.0,18800.75,18998.5,79.5,234.5,1.4748427672955975,TP,1,S|swing
2024-05-24 09:35:00-04:00,2024-05-24 09:35:00-04:00,2024-05-24 09:54:00-04:00,L,18766.0,18732.75,18733.0,33.0,-68.5,-1.0378787878787878,SL,1,L|swing
2024-05-24 10:05:00-04:00,2024-05-24 10:05:00-04:00,2024-05-24 10:56:00-04:00,L,18783.5,18860.75,18731.5,52.0,152.5,1.4663461538461537,TP,1,L|swing
2024-05-24 12:17:00-04:00,2024-05-24 12:17:00-04:00,2024-05-24 13:07:00-04:00,L,18906.0,18878.5,18878.75,27.25,-57.0,-1.0458715596330275,SL,1,L|swing
2024-05-24 13:35:00-04:00,2024-05-24 13:35:00-04:00,2024-05-24 14:02:00-04:00,L,18890.0,18913.25,18874.0,16.0,44.5,1.390625,TP,1,L|swing
2024-05-27 10:53:00-04:00,2024-05-27 10:53:00-04:00,2024-05-27 11:48:00-04:00,L,18901.5,18936.25,18877.75,23.75,67.5,1.4210526315789473,TP,1,L|swing
2024-05-28 12:02:00-04:00,2024-05-28 12:02:00-04:00,2024-05-28 12:07:00-04:00,L,18929.25,18914.25,18914.5,14.75,-32.0,-1.0847457627118644,SL,1,L|swing
2024-05-28 12:14:00-04:00,2024-05-28 12:14:00-04:00,2024-05-28 12:20:00-04:00,L,18935.0,18911.25,18911.5,23.5,-49.5,-1.053191489361702,SL,1,L|swing
2024-05-28 12:35:00-04:00,2024-05-28 12:35:00-04:00,2024-05-28 13:02:00-04:00,L,18923.5,18909.0,18909.25,14.25,-31.0,-1.087719298245614,SL,1,L|swing
2024-05-28 13:50:00-04:00,2024-05-28 13:50:00-04:00,2024-05-28 14:36:00-04:00,S,18902.75,18838.75,18946.0,43.25,126.0,1.4566473988439306,TP,1,S|swing
2024-05-29 11:02:00-04:00,2024-05-29 11:02:00-04:00,2024-05-29 11:06:00-04:00,L,18861.0,18848.25,18848.5,12.5,-27.5,-1.1,SL,1,L|swing
2024-05-29 11:08:00-04:00,2024-05-29 11:08:00-04:00,2024-05-29 11:09:00-04:00,L,18844.0,18842.5,18842.75,1.25,-5.0,-2.0,SL,1,L|swing
2024-05-29 11:14:00-04:00,2024-05-29 11:14:00-04:00,2024-05-29 15:59:00-04:00,S,18834.0,18811.25,18880.25,46.25,43.5,0.4702702702702703,time,1,S|swing
2024-05-30 09:35:00-04:00,2024-05-30 09:35:00-04:00,2024-05-30 11:05:00-04:00,S,18714.25,18626.25,18773.5,59.25,174.0,1.4683544303797469,TP,1,S|swing
2024-05-30 11:47:00-04:00,2024-05-30 11:47:00-04:00,2024-05-30 12:05:00-04:00,S,18682.25,18699.0,18698.75,16.5,-35.5,-1.0757575757575757,SL,1,S|swing
2024-05-30 12:32:00-04:00,2024-05-30 12:32:00-04:00,2024-05-30 13:01:00-04:00,S,18689.75,18706.25,18706.0,16.25,-35.0,-1.0769230769230769,SL,1,S|swing
2024-05-30 13:53:00-04:00,2024-05-30 13:53:00-04:00,2024-05-30 14:16:00-04:00,S,18700.25,18657.75,18729.25,29.0,83.0,1.4310344827586208,TP,1,S|swing
2024-05-30 14:26:00-04:00,2024-05-30 14:26:00-04:00,2024-05-30 15:35:00-04:00,S,18665.75,18607.25,18705.25,39.5,115.0,1.4556962025316456,TP,1,S|swing
2024-05-31 14:17:00-04:00,2024-05-31 14:17:00-04:00,2024-05-31 14:31:00-04:00,S,18341.25,18312.75,18360.75,19.5,55.0,1.4102564102564104,TP,1,S|swing
2024-05-31 14:50:00-04:00,2024-05-31 14:50:00-04:00,2024-05-31 15:06:00-04:00,S,18343.0,18366.75,18366.5,23.5,-49.5,-1.053191489361702,SL,1,S|swing
2024-06-03 09:38:00-04:00,2024-06-03 09:38:00-04:00,2024-06-03 09:51:00-04:00,L,18727.5,18690.25,18690.5,37.0,-76.5,-1.0337837837837838,SL,1,L|swing
2024-06-03 11:59:00-04:00,2024-06-03 11:59:00-04:00,2024-06-03 12:12:00-04:00,S,18604.0,18554.75,18637.5,33.5,96.5,1.4402985074626866,TP,1,S|swing
2024-06-03 14:29:00-04:00,2024-06-03 14:29:00-04:00,2024-06-03 14:40:00-04:00,S,18537.75,18573.25,18573.0,35.25,-73.0,-1.0354609929078014,SL,1,S|swing
2024-06-03 14:44:00-04:00,2024-06-03 14:44:00-04:00,2024-06-03 15:20:00-04:00,S,18565.25,18585.0,18584.75,19.5,-41.5,-1.064102564102564,SL,1,S|swing
2024-06-04 09:38:00-04:00,2024-06-04 09:38:00-04:00,2024-06-04 09:57:00-04:00,L,18627.75,18581.0,18581.25,46.5,-95.5,-1.0268817204301075,SL,1,L|swing
2024-06-04 10:05:00-04:00,2024-06-04 10:05:00-04:00,2024-06-04 14:15:00-04:00,S,18596.25,18664.75,18664.5,68.25,-139.0,-1.0183150183150182,SL,1,S|swing
2024-06-06 09:56:00-04:00,2024-06-06 09:56:00-04:00,2024-06-06 15:59:00-04:00,S,19055.5,19066.0,19116.0,60.5,-23.0,-0.19008264462809918,time,1,S|swing
2024-06-07 09:56:00-04:00,2024-06-07 09:56:00-04:00,2024-06-07 10:37:00-04:00,S,19040.25,19064.75,19064.5,24.25,-51.0,-1.0515463917525774,SL,1,S|swing
2024-06-07 12:50:00-04:00,2024-06-07 12:50:00-04:00,2024-06-07 13:23:00-04:00,L,19106.0,19147.25,19078.0,28.0,80.5,1.4375,TP,1,L|swing
2024-06-07 14:05:00-04:00,2024-06-07 14:05:00-04:00,2024-06-07 15:59:00-04:00,S,19056.5,19040.75,19139.25,82.75,29.5,0.1782477341389728,time,1,S|swing
2024-06-10 13:32:00-04:00,2024-06-10 13:32:00-04:00,2024-06-10 13:38:00-04:00,L,19070.5,19054.75,19055.0,15.5,-33.5,-1.0806451612903225,SL,1,L|swing
2024-06-10 13:50:00-04:00,2024-06-10 13:50:00-04:00,2024-06-10 14:19:00-04:00,L,19108.25,19053.75,19054.0,54.25,-111.0,-1.023041474654378,SL,1,L|swing
2024-06-10 14:26:00-04:00,2024-06-10 14:26:00-04:00,2024-06-10 14:30:00-04:00,L,19061.25,19042.0,19042.25,19.0,-40.5,-1.0657894736842106,SL,1,L|swing
2024-06-10 14:32:00-04:00,2024-06-10 14:32:00-04:00,2024-06-10 15:14:00-04:00,S,19040.5,19107.0,19106.75,66.25,-135.0,-1.0188679245283019,SL,1,S|swing
2024-06-11 09:47:00-04:00,2024-06-11 09:47:00-04:00,2024-06-11 10:29:00-04:00,S,19013.5,19088.0,19087.75,74.25,-151.0,-1.0168350168350169,SL,1,S|swing
2024-06-11 11:50:00-04:00,2024-06-11 11:50:00-04:00,2024-06-11 13:04:00-04:00,S,19068.75,19129.0,19128.75,60.0,-122.5,-1.0208333333333333,SL,1,S|swing
2024-06-12 12:32:00-04:00,2024-06-12 12:32:00-04:00,2024-06-12 12:36:00-04:00,L,19509.5,19495.75,19496.0,13.5,-29.5,-1.0925925925925926,SL,1,L|swing
2024-06-12 12:44:00-04:00,2024-06-12 12:44:00-04:00,2024-06-12 13:32:00-04:00,L,19511.25,19492.75,19493.0,18.25,-39.0,-1.0684931506849316,SL,1,L|swing
2024-06-12 13:35:00-04:00,2024-06-12 13:35:00-04:00,2024-06-12 14:00:00-04:00,L,19515.5,19490.0,19490.25,25.25,-53.0,-1.0495049504950495,SL,1,L|swing
2024-06-12 14:38:00-04:00,2024-06-12 14:38:00-04:00,2024-06-12 14:49:00-04:00,L,19518.25,19476.75,19477.0,41.25,-85.0,-1.0303030303030303,SL,1,L|swing
2024-06-13 09:38:00-04:00,2024-06-13 09:38:00-04:00,2024-06-13 09:58:00-04:00,L,19657.5,19615.25,19615.5,42.0,-86.5,-1.0297619047619047,SL,1,L|swing
2024-06-13 09:59:00-04:00,2024-06-13 09:59:00-04:00,2024-06-13 10:10:00-04:00,L,19631.5,19615.0,19615.25,16.25,-35.0,-1.0769230769230769,SL,1,L|swing
2024-06-13 10:11:00-04:00,2024-06-13 10:11:00-04:00,2024-06-13 12:22:00-04:00,S,19606.0,19525.75,19660.0,54.0,158.5,1.4675925925925926,TP,1,S|swing
2024-06-13 12:23:00-04:00,2024-06-13 12:23:00-04:00,2024-06-13 14:44:00-04:00,S,19523.25,19600.5,19600.25,77.0,-156.5,-1.0162337662337662,SL,1,S|swing
2024-06-14 09:38:00-04:00,2024-06-14 09:38:00-04:00,2024-06-14 13:14:00-04:00,L,19593.0,19653.75,19552.0,41.0,119.5,1.4573170731707317,TP,1,L|swing
2024-06-17 10:02:00-04:00,2024-06-17 10:02:00-04:00,2024-06-17 10:05:00-04:00,S,19683.0,19695.75,19695.5,12.5,-27.5,-1.1,SL,1,S|swing
2024-06-17 10:26:00-04:00,2024-06-17 10:26:00-04:00,2024-06-17 11:00:00-04:00,S,19682.75,19720.75,19720.5,37.75,-78.0,-1.033112582781457,SL,1,S|swing
2024-06-18 10:35:00-04:00,2024-06-18 10:35:00-04:00,2024-06-18 10:45:00-04:00,S,19915.75,19882.25,19938.75,23.0,65.0,1.4130434782608696,TP,1,S|swing
2024-06-18 13:14:00-04:00,2024-06-18 13:14:00-04:00,2024-06-18 14:03:00-04:00,L,19925.75,19892.75,19893.0,32.75,-68.0,-1.0381679389312977,SL,1,L|swing
2024-06-18 14:38:00-04:00,2024-06-18 14:38:00-04:00,2024-06-18 15:54:00-04:00,S,19903.5,19928.5,19928.25,24.75,-52.0,-1.0505050505050506,SL,1,S|swing
2024-06-21 09:50:00-04:00,2024-06-21 09:50:00-04:00,2024-06-21 11:50:00-04:00,S,19941.5,20046.25,20046.0,104.5,-211.5,-1.0119617224880382,SL,1,S|swing
2024-06-21 12:50:00-04:00,2024-06-21 12:50:00-04:00,2024-06-21 15:59:00-04:00,S,20000.0,19975.5,20061.0,61.0,47.0,0.38524590163934425,time,1,S|swing
2024-06-24 09:35:00-04:00,2024-06-24 09:35:00-04:00,2024-06-24 09:41:00-04:00,S,19940.25,19903.25,19965.5,25.25,72.0,1.4257425742574257,TP,1,S|swing
2024-06-24 11:59:00-04:00,2024-06-24 11:59:00-04:00,2024-06-24 12:01:00-04:00,S,19917.75,19906.75,19925.75,8.0,20.0,1.25,TP,1,S|swing
2024-06-24 14:17:00-04:00,2024-06-24 14:17:00-04:00,2024-06-24 14:51:00-04:00,S,19784.0,19832.75,19832.5,48.5,-99.5,-1.0257731958762886,SL,1,S|swing
2024-06-25 09:35:00-04:00,2024-06-25 09:35:00-04:00,2024-06-25 09:48:00-04:00,S,19811.75,19850.25,19850.0,38.25,-79.0,-1.0326797385620916,SL,1,S|swing
2024-06-25 10:02:00-04:00,2024-06-25 10:02:00-04:00,2024-06-25 11:54:00-04:00,L,19858.0,19956.25,19792.0,66.0,194.5,1.4734848484848484,TP,1,L|swing
2024-06-25 12:50:00-04:00,2024-06-25 12:50:00-04:00,2024-06-25 12:54:00-04:00,L,19894.5,19865.75,19866.0,28.5,-59.5,-1.043859649122807,SL,1,L|swing
2024-06-25 12:56:00-04:00,2024-06-25 12:56:00-04:00,2024-06-25 13:02:00-04:00,L,19870.75,19855.0,19855.25,15.5,-33.5,-1.0806451612903225,SL,1,L|swing
2024-06-25 13:05:00-04:00,2024-06-25 13:05:00-04:00,2024-06-25 13:44:00-04:00,S,19839.75,19911.75,19911.5,71.75,-146.0,-1.0174216027874565,SL,1,S|swing
2024-06-26 11:02:00-04:00,2024-06-26 11:02:00-04:00,2024-06-26 11:53:00-04:00,S,19956.5,20009.5,20009.25,52.75,-108.0,-1.0236966824644549,SL,1,S|swing
2024-06-26 12:53:00-04:00,2024-06-26 12:53:00-04:00,2024-06-26 15:55:00-04:00,S,19956.25,20021.25,20021.0,64.75,-132.0,-1.0193050193050193,SL,1,S|swing
2024-06-27 10:41:00-04:00,2024-06-27 10:41:00-04:00,2024-06-27 10:45:00-04:00,L,20073.5,20051.5,20051.75,21.75,-46.0,-1.0574712643678161,SL,1,L|swing
2024-06-27 11:53:00-04:00,2024-06-27 11:53:00-04:00,2024-06-27 12:14:00-04:00,S,19985.5,20025.5,20025.25,39.75,-82.0,-1.0314465408805031,SL,1,S|swing
2024-06-27 13:41:00-04:00,2024-06-27 13:41:00-04:00,2024-06-27 14:00:00-04:00,L,20062.5,20022.5,20022.75,39.75,-82.0,-1.0314465408805031,SL,1,L|swing
2024-06-27 14:59:00-04:00,2024-06-27 14:59:00-04:00,2024-06-27 15:59:00-04:00,L,20043.75,20047.5,20000.0,43.75,5.5,0.06285714285714286,time,1,L|swing
2024-06-28 11:02:00-04:00,2024-06-28 11:02:00-04:00,2024-06-28 15:59:00-04:00,S,20106.25,19932.75,20247.75,141.5,345.0,1.2190812720848057,time,1,S|swing
2024-07-01 10:35:00-04:00,2024-07-01 10:35:00-04:00,2024-07-01 10:36:00-04:00,S,19920.25,19945.5,19945.25,25.0,-52.5,-1.05,SL,1,S|swing
2024-07-01 11:02:00-04:00,2024-07-01 11:02:00-04:00,2024-07-01 11:28:00-04:00,S,19890.5,19950.75,19950.5,60.0,-122.5,-1.0208333333333333,SL,1,S|swing
2024-07-01 11:32:00-04:00,2024-07-01 11:32:00-04:00,2024-07-01 11:48:00-04:00,S,19933.0,19957.25,19957.0,24.0,-50.5,-1.0520833333333333,SL,1,S|swing
2024-07-01 14:08:00-04:00,2024-07-01 14:08:00-04:00,2024-07-01 15:54:00-04:00,L,20012.5,20057.25,19982.0,30.5,87.5,1.4344262295081966,TP,1,L|swing
2024-07-02 12:56:00-04:00,2024-07-02 12:56:00-04:00,2024-07-02 13:40:00-04:00,L,20127.0,20189.25,20085.0,42.0,122.5,1.4583333333333333,TP,1,L|swing
2024-07-04 12:35:00-04:00,2024-07-04 12:35:00-04:00,2024-07-04 12:40:00-04:00,S,20380.25,20386.0,20385.75,5.5,-13.5,-1.2272727272727273,SL,1,S|swing
2024-07-05 13:05:00-04:00,2024-07-05 13:05:00-04:00,2024-07-05 13:07:00-04:00,L,20595.25,20576.75,20577.0,18.25,-39.0,-1.0684931506849316,SL,1,L|swing
2024-07-08 09:35:00-04:00,2024-07-08 09:35:00-04:00,2024-07-08 09:50:00-04:00,S,20607.25,20645.5,20645.25,38.0,-78.5,-1.0328947368421053,SL,1,S|swing
2024-07-08 12:11:00-04:00,2024-07-08 12:11:00-04:00,2024-07-08 15:55:00-04:00,S,20617.25,20671.75,20671.5,54.25,-111.0,-1.023041474654378,SL,1,S|swing
2024-07-09 09:44:00-04:00,2024-07-09 09:44:00-04:00,2024-07-09 10:06:00-04:00,L,20744.0,20717.5,20717.75,26.25,-55.0,-1.0476190476190477,SL,1,L|swing
2024-07-09 10:08:00-04:00,2024-07-09 10:08:00-04:00,2024-07-09 10:12:00-04:00,L,20731.5,20759.25,20712.5,19.0,53.5,1.4078947368421053,TP,1,L|swing
2024-07-09 10:26:00-04:00,2024-07-09 10:26:00-04:00,2024-07-09 15:59:00-04:00,S,20696.0,20679.75,20772.0,76.0,30.5,0.20065789473684212,time,1,S|swing
2024-07-10 09:44:00-04:00,2024-07-10 09:44:00-04:00,2024-07-10 11:00:00-04:00,L,20755.0,20721.0,20721.25,33.75,-70.0,-1.037037037037037,SL,1,L|swing
2024-07-10 11:35:00-04:00,2024-07-10 11:35:00-04:00,2024-07-10 12:28:00-04:00,L,20754.25,20814.75,20713.25,41.0,119.0,1.451219512195122,TP,1,L|swing
2024-07-11 12:44:00-04:00,2024-07-11 12:44:00-04:00,2024-07-11 12:47:00-04:00,S,20515.0,20479.25,20539.5,24.5,69.5,1.4183673469387754,TP,1,S|swing
2024-07-11 13:11:00-04:00,2024-07-11 13:11:00-04:00,2024-07-11 15:59:00-04:00,S,20440.75,20429.75,20534.0,93.25,20.0,0.10723860589812333,time,1,S|swing
2024-07-12 09:50:00-04:00,2024-07-12 09:50:00-04:00,2024-07-12 10:39:00-04:00,L,20500.5,20618.75,20421.0,79.5,234.5,1.4748427672955975,TP,1,L|swing
2024-07-12 12:23:00-04:00,2024-07-12 12:23:00-04:00,2024-07-12 13:10:00-04:00,L,20589.75,20641.75,20554.5,35.25,102.0,1.446808510638298,TP,1,L|swing
2024-07-15 09:41:00-04:00,2024-07-15 09:41:00-04:00,2024-07-15 09:44:00-04:00,L,20663.5,20598.25,20598.5,65.0,-132.5,-1.0192307692307692,SL,1,L|swing
2024-07-15 09:47:00-04:00,2024-07-15 09:47:00-04:00,2024-07-15 10:04:00-04:00,L,20613.75,20661.75,20581.25,32.5,94.0,1.4461538461538461,TP,1,L|swing
2024-07-15 11:59:00-04:00,2024-07-15 11:59:00-04:00,2024-07-15 12:05:00-04:00,L,20702.0,20663.5,20663.75,38.25,-79.0,-1.0326797385620916,SL,1,L|swing
2024-07-15 13:29:00-04:00,2024-07-15 13:29:00-04:00,2024-07-15 15:50:00-04:00,S,20604.75,20532.75,20653.25,48.5,142.0,1.4639175257731958,TP,1,S|swing
2024-07-16 09:38:00-04:00,2024-07-16 09:38:00-04:00,2024-07-16 09:44:00-04:00,L,20667.75,20630.75,20631.0,36.75,-76.0,-1.034013605442177,SL,1,L|swing
2024-07-16 09:50:00-04:00,2024-07-16 09:50:00-04:00,2024-07-16 09:56:00-04:00,L,20625.25,20600.0,20600.25,25.0,-52.5,-1.05,SL,1,L|swing
2024-07-16 10:02:00-04:00,2024-07-16 10:02:00-04:00,2024-07-16 15:59:00-04:00,S,20543.5,20600.0,20684.25,140.75,-115.0,-0.40852575488454707,time,1,S|swing
2024-07-17 09:41:00-04:00,2024-07-17 09:41:00-04:00,2024-07-17 10:09:00-04:00,S,20220.5,20112.25,20293.25,72.75,214.5,1.4742268041237114,TP,1,S|swing
2024-07-17 13:38:00-04:00,2024-07-17 13:38:00-04:00,2024-07-17 13:40:00-04:00,S,20070.0,20049.25,20084.5,14.5,39.5,1.3620689655172413,TP,1,S|swing
2024-07-17 13:50:00-04:00,2024-07-17 13:50:00-04:00,2024-07-17 15:59:00-04:00,S,20033.25,19992.75,20084.5,51.25,79.0,0.7707317073170732,time,1,S|swing
2024-07-18 09:35:00-04:00,2024-07-18 09:35:00-04:00,2024-07-18 09:36:00-04:00,L,20115.0,20092.75,20093.0,22.0,-46.5,-1.0568181818181819,SL,1,L|swing
2024-07-18 09:41:00-04:00,2024-07-18 09:41:00-04:00,2024-07-18 10:35:00-04:00,S,20075.25,19948.75,20160.25,85.0,251.0,1.4764705882352942,TP,1,S|swing
2024-07-18 14:17:00-04:00,2024-07-18 14:17:00-04:00,2024-07-18 15:47:00-04:00,S,19854.25,19927.0,19926.75,72.5,-147.5,-1.0172413793103448,SL,1,S|swing
2024-07-19 09:47:00-04:00,2024-07-19 09:47:00-04:00,2024-07-19 12:39:00-04:00,S,19862.5,19691.75,19977.0,114.5,339.5,1.482532751091703,TP,1,S|swing
2024-07-19 12:47:00-04:00,2024-07-19 12:47:00-04:00,2024-07-19 15:59:00-04:00,S,19702.0,19713.0,19799.25,97.25,-24.0,-0.12339331619537275,time,1,S|swing
2024-07-22 09:38:00-04:00,2024-07-22 09:38:00-04:00,2024-07-22 11:16:00-04:00,L,19974.5,19881.75,19882.0,92.5,-187.5,-1.0135135135135136,SL,1,L|swing
2024-07-22 12:11:00-04:00,2024-07-22 12:11:00-04:00,2024-07-22 13:31:00-04:00,L,19886.25,19994.5,19813.5,72.75,214.5,1.4742268041237114,TP,1,L|swing
2024-07-23 09:35:00-04:00,2024-07-23 09:35:00-04:00,2024-07-23 10:51:00-04:00,L,19981.0,19932.75,19933.0,48.0,-98.5,-1.0260416666666667,SL,1,L|swing
2024-07-23 11:02:00-04:00,2024-07-23 11:02:00-04:00,2024-07-23 11:17:00-04:00,L,19985.0,20071.25,19927.0,58.0,170.5,1.4698275862068966,TP,1,L|swing
2024-07-23 11:29:00-04:00,2024-07-23 11:29:00-04:00,2024-07-23 12:23:00-04:00,L,20064.0,19965.5,19965.75,98.25,-199.0,-1.0127226463104326,SL,1,L|swing
2024-07-23 12:41:00-04:00,2024-07-23 12:41:00-04:00,2024-07-23 15:59:00-04:00,S,19952.75,19924.75,20040.75,88.0,54.0,0.3068181818181818,time,1,S|swing
2024-07-24 13:14:00-04:00,2024-07-24 13:14:00-04:00,2024-07-24 13:16:00-04:00,S,19354.75,19364.5,19364.25,9.5,-21.5,-1.131578947368421,SL,1,S|swing
2024-07-24 13:29:00-04:00,2024-07-24 13:29:00-04:00,2024-07-24 14:20:00-04:00,S,19347.0,19298.0,19380.25,33.25,96.0,1.443609022556391,TP,1,S|swing
2024-07-25 10:53:00-04:00,2024-07-25 10:53:00-04:00,2024-07-25 15:54:00-04:00,L,19199.75,19023.75,19024.0,175.75,-354.0,-1.0071123755334281,SL,1,L|swing
2024-07-26 09:41:00-04:00,2024-07-26 09:41:00-04:00,2024-07-26 10:27:00-04:00,S,19100.75,19184.5,19184.25,83.5,-169.5,-1.0149700598802396,SL,1,S|swing
2024-07-26 10:32:00-04:00,2024-07-26 10:32:00-04:00,2024-07-26 11:50:00-04:00,S,19073.25,19193.0,19192.75,119.5,-241.5,-1.0104602510460252,SL,1,S|swing
2024-07-26 14:35:00-04:00,2024-07-26 14:35:00-04:00,2024-07-26 14:41:00-04:00,L,19190.25,19163.25,19163.5,26.75,-56.0,-1.0467289719626167,SL,1,L|swing
2024-07-26 14:53:00-04:00,2024-07-26 14:53:00-04:00,2024-07-26 15:59:00-04:00,S,19138.0,19176.0,19203.25,65.25,-78.0,-0.5977011494252874,time,1,S|swing
2024-07-29 10:56:00-04:00,2024-07-29 10:56:00-04:00,2024-07-29 11:33:00-04:00,S,19245.25,19130.25,19322.5,77.25,228.0,1.4757281553398058,TP,1,S|swing
2024-07-29 13:26:00-04:00,2024-07-29 13:26:00-04:00,2024-07-29 13:27:00-04:00,L,19283.75,19277.0,19277.25,6.5,-15.5,-1.1923076923076923,SL,1,L|swing
2024-07-29 13:29:00-04:00,2024-07-29 13:29:00-04:00,2024-07-29 15:59:00-04:00,S,19259.0,19209.25,19349.25,90.25,97.5,0.5401662049861495,time,1,S|swing
2024-07-30 10:02:00-04:00,2024-07-30 10:02:00-04:00,2024-07-30 11:39:00-04:00,S,19174.75,18958.5,19319.5,144.75,430.5,1.4870466321243523,TP,1,S|swing
2024-07-31 09:38:00-04:00,2024-07-31 09:38:00-04:00,2024-07-31 10:02:00-04:00,L,19357.5,19427.5,19310.25,47.25,138.0,1.4603174603174602,TP,1,L|swing
2024-07-31 13:08:00-04:00,2024-07-31 13:08:00-04:00,2024-07-31 13:28:00-04:00,L,19462.25,19421.25,19421.5,40.75,-84.0,-1.030674846625767,SL,1,L|swing
2024-07-31 13:35:00-04:00,2024-07-31 13:35:00-04:00,2024-07-31 13:41:00-04:00,L,19390.75,19372.0,19372.25,18.5,-39.5,-1.0675675675675675,SL,1,L|swing
2024-08-01 10:32:00-04:00,2024-08-01 10:32:00-04:00,2024-08-01 12:42:00-04:00,S,19429.0,19077.75,19663.75,234.75,700.5,1.4920127795527156,TP,1,S|swing
2024-08-02 09:41:00-04:00,2024-08-02 09:41:00-04:00,2024-08-02 10:05:00-04:00,L,18727.5,18541.25,18541.5,186.0,-374.5,-1.006720430107527,SL,1,L|swing
2024-08-02 11:47:00-04:00,2024-08-02 11:47:00-04:00,2024-08-02 11:57:00-04:00,S,18576.25,18627.0,18626.75,50.5,-103.5,-1.0247524752475248,SL,1,S|swing
2024-08-02 12:44:00-04:00,2024-08-02 12:44:00-04:00,2024-08-02 12:51:00-04:00,S,18588.75,18522.5,18633.5,44.75,130.5,1.458100558659218,TP,1,S|swing
2024-08-02 14:44:00-04:00,2024-08-02 14:44:00-04:00,2024-08-02 15:59:00-04:00,S,18518.0,18561.5,18588.75,70.75,-89.0,-0.6289752650176679,time,1,S|swing
2024-08-05 11:20:00-04:00,2024-08-05 11:20:00-04:00,2024-08-05 15:59:00-04:00,L,18163.5,18020.25,17889.0,274.5,-288.5,-0.5255009107468124,time,1,L|swing
2024-08-06 09:44:00-04:00,2024-08-06 09:44:00-04:00,2024-08-06 10:02:00-04:00,S,17997.75,18174.25,18174.0,176.25,-355.0,-1.0070921985815602,SL,1,S|swing
2024-08-07 11:44:00-04:00,2024-08-07 11:44:00-04:00,2024-08-07 13:11:00-04:00,S,18388.75,18210.75,18508.0,119.25,354.0,1.4842767295597483,TP,1,S|swing
2024-08-07 14:59:00-04:00,2024-08-07 14:59:00-04:00,2024-08-07 15:02:00-04:00,S,18030.25,18082.75,18082.5,52.25,-107.0,-1.0239234449760766,SL,1,S|swing
2024-08-08 10:02:00-04:00,2024-08-08 10:02:00-04:00,2024-08-08 14:06:00-04:00,L,18259.5,18551.25,18064.5,195.0,581.5,1.491025641025641,TP,1,L|swing
2024-08-09 09:44:00-04:00,2024-08-09 09:44:00-04:00,2024-08-09 10:12:00-04:00,S,18450.75,18529.25,18529.0,78.25,-159.0,-1.0159744408945688,SL,1,S|swing
2024-08-09 10:17:00-04:00,2024-08-09 10:17:00-04:00,2024-08-09 11:04:00-04:00,S,18513.75,18566.25,18566.0,52.25,-107.0,-1.0239234449760766,SL,1,S|swing
2024-08-09 11:56:00-04:00,2024-08-09 11:56:00-04:00,2024-08-09 13:10:00-04:00,S,18481.0,18557.25,18557.0,76.0,-154.5,-1.0164473684210527,SL,1,S|swing
2024-08-09 14:26:00-04:00,2024-08-09 14:26:00-04:00,2024-08-09 14:35:00-04:00,L,18591.5,18566.5,18566.75,24.75,-52.0,-1.0505050505050506,SL,1,L|swing
2024-08-12 09:38:00-04:00,2024-08-12 09:38:00-04:00,2024-08-12 09:42:00-04:00,S,18637.75,18585.75,18673.0,35.25,102.0,1.446808510638298,TP,1,S|swing
2024-08-12 11:23:00-04:00,2024-08-12 11:23:00-04:00,2024-08-12 15:59:00-04:00,S,18639.75,18644.75,18765.75,126.0,-12.0,-0.047619047619047616,time,1,S|swing
2024-08-13 09:47:00-04:00,2024-08-13 09:47:00-04:00,2024-08-13 11:56:00-04:00,L,18882.0,18995.75,18805.5,76.5,225.5,1.473856209150327,TP,1,L|swing
2024-08-13 14:32:00-04:00,2024-08-13 14:32:00-04:00,2024-08-13 15:21:00-04:00,L,19070.0,19036.5,19036.75,33.25,-69.0,-1.037593984962406,SL,1,L|swing
2024-08-14 09:41:00-04:00,2024-08-14 09:41:00-04:00,2024-08-14 10:32:00-04:00,S,19088.0,18958.0,19175.25,87.25,258.0,1.478510028653295,TP,1,S|swing
2024-08-14 12:44:00-04:00,2024-08-14 12:44:00-04:00,2024-08-14 15:59:00-04:00,S,19027.25,19108.25,19165.75,138.5,-164.0,-0.592057761732852,time,1,S|swing
2024-08-15 09:50:00-04:00,2024-08-15 09:50:00-04:00,2024-08-15 12:17:00-04:00,L,19411.75,19547.25,19320.75,91.0,269.0,1.478021978021978,TP,1,L|swing
2024-08-16 11:05:00-04:00,2024-08-16 11:05:00-04:00,2024-08-16 11:55:00-04:00,S,19526.75,19583.75,19583.5,56.75,-116.0,-1.0220264317180616,SL,1,S|swing
2024-08-16 13:17:00-04:00,2024-08-16 13:17:00-04:00,2024-08-16 13:50:00-04:00,L,19631.5,19617.0,19617.25,14.25,-31.0,-1.087719298245614,SL,1,L|swing
2024-08-16 13:56:00-04:00,2024-08-16 13:56:00-04:00,2024-08-16 14:05:00-04:00,L,19619.25,19602.5,19602.75,16.5,-35.5,-1.0757575757575757,SL,1,L|swing
2024-08-16 14:14:00-04:00,2024-08-16 14:14:00-04:00,2024-08-16 14:15:00-04:00,L,19597.0,19606.25,19590.25,6.75,16.5,1.2222222222222223,TP,1,L|swing
2024-08-19 09:47:00-04:00,2024-08-19 09:47:00-04:00,2024-08-19 10:19:00-04:00,L,19613.75,19544.5,19544.75,69.0,-140.5,-1.0181159420289856,SL,1,L|swing
2024-08-19 10:32:00-04:00,2024-08-19 10:32:00-04:00,2024-08-19 14:33:00-04:00,L,19618.25,19751.25,19529.0,89.25,264.0,1.4789915966386555,TP,1,L|swing
2024-08-20 10:35:00-04:00,2024-08-20 10:35:00-04:00,2024-08-20 15:59:00-04:00,S,19805.0,19812.0,19909.0,104.0,-16.0,-0.07692307692307693,time,1,S|swing
2024-08-21 11:29:00-04:00,2024-08-21 11:29:00-04:00,2024-08-21 12:02:00-04:00,L,19866.5,19801.0,19801.25,65.25,-133.0,-1.0191570881226053,SL,1,L|swing
2024-08-21 14:26:00-04:00,2024-08-21 14:26:00-04:00,2024-08-21 15:04:00-04:00,L,19920.0,19877.75,19878.0,42.0,-86.5,-1.0297619047619047,SL,1,L|swing
2024-08-22 11:14:00-04:00,2024-08-22 11:14:00-04:00,2024-08-22 11:24:00-04:00,S,19872.75,19809.5,19915.5,42.75,124.5,1.456140350877193,TP,1,S|swing
2024-08-22 13:02:00-04:00,2024-08-22 13:02:00-04:00,2024-08-22 15:59:00-04:00,S,19694.75,19585.0,19831.5,136.75,217.5,0.7952468007312614,time,1,S|swing
2024-08-23 09:35:00-04:00,2024-08-23 09:35:00-04:00,2024-08-23 10:00:00-04:00,L,19729.25,19762.75,19706.25,23.0,65.0,1.4130434782608696,TP,1,L|swing
2024-08-23 11:02:00-04:00,2024-08-23 11:02:00-04:00,2024-08-23 15:59:00-04:00,S,19708.5,19789.25,19869.25,160.75,-163.5,-0.5085536547433903,time,1,S|swing
2024-08-26 09:47:00-04:00,2024-08-26 09:47:00-04:00,2024-08-26 10:11:00-04:00,S,19739.75,19647.75,19801.75,62.0,182.0,1.467741935483871,TP,1,S|swing
2024-08-26 11:47:00-04:00,2024-08-26 11:47:00-04:00,2024-08-26 12:44:00-04:00,S,19578.75,19634.5,19634.25,55.5,-113.5,-1.0225225225225225,SL,1,S|swing
2024-08-26 13:20:00-04:00,2024-08-26 13:20:00-04:00,2024-08-26 14:04:00-04:00,S,19590.0,19518.75,19638.0,48.0,140.5,1.4635416666666667,TP,1,S|swing
2024-08-27 12:29:00-04:00,2024-08-27 12:29:00-04:00,2024-08-27 12:42:00-04:00,L,19623.0,19601.0,19601.25,21.75,-46.0,-1.0574712643678161,SL,1,L|swing
2024-08-28 09:35:00-04:00,2024-08-28 09:35:00-04:00,2024-08-28 09:45:00-04:00,S,19619.5,19564.25,19657.0,37.5,108.5,1.4466666666666668,TP,1,S|swing
2024-08-28 10:56:00-04:00,2024-08-28 10:56:00-04:00,2024-08-28 13:57:00-04:00,S,19482.5,19316.75,19593.5,111.0,329.5,1.4842342342342343,TP,1,S|swing
2024-08-29 12:20:00-04:00,2024-08-29 12:20:00-04:00,2024-08-29 13:11:00-04:00,L,19657.75,19616.75,19617.0,40.75,-84.0,-1.030674846625767,SL,1,L|swing
2024-08-29 13:17:00-04:00,2024-08-29 13:17:00-04:00,2024-08-29 13:20:00-04:00,L,19606.25,19618.5,19597.5,8.75,22.5,1.2857142857142858,TP,1,L|swing
2024-08-29 13:26:00-04:00,2024-08-29 13:26:00-04:00,2024-08-29 13:40:00-04:00,L,19628.75,19597.25,19597.5,31.25,-65.0,-1.04,SL,1,L|swing
2024-08-29 13:50:00-04:00,2024-08-29 13:50:00-04:00,2024-08-29 13:52:00-04:00,L,19586.25,19601.75,19575.25,11.0,29.0,1.3181818181818181,TP,1,L|swing
2024-08-30 10:02:00-04:00,2024-08-30 10:02:00-04:00,2024-08-30 10:57:00-04:00,L,19626.25,19512.5,19512.75,113.5,-229.5,-1.0110132158590308,SL,1,L|swing
2024-08-30 11:20:00-04:00,2024-08-30 11:20:00-04:00,2024-08-30 15:50:00-04:00,S,19450.75,19580.5,19580.25,129.5,-261.5,-1.0096525096525097,SL,1,S|swing
2024-09-02 10:35:00-04:00,2024-09-02 10:35:00-04:00,2024-09-02 12:49:00-04:00,L,19644.25,19644.0,19587.5,56.75,-2.5,-0.022026431718061675,time,1,L|swing
2024-09-03 13:14:00-04:00,2024-09-03 13:14:00-04:00,2024-09-03 13:21:00-04:00,S,19132.0,19166.25,19166.0,34.0,-70.5,-1.036764705882353,SL,1,S|swing
2024-09-04 12:17:00-04:00,2024-09-04 12:17:00-04:00,2024-09-04 14:35:00-04:00,L,19029.5,18975.75,18976.0,53.5,-109.5,-1.0233644859813085,SL,1,L|swing
2024-09-05 11:02:00-04:00,2024-09-05 11:02:00-04:00,2024-09-05 15:59:00-04:00,S,18937.75,18975.75,19116.5,178.75,-78.0,-0.21818181818181817,time,1,S|swing
2024-09-06 13:35:00-04:00,2024-09-06 13:35:00-04:00,2024-09-06 15:59:00-04:00,S,18481.0,18458.5,18546.0,65.0,43.0,0.33076923076923076,time,1,S|swing
2024-09-09 10:32:00-04:00,2024-09-09 10:32:00-04:00,2024-09-09 13:06:00-04:00,S,18587.75,18721.0,18720.75,133.0,-268.5,-1.0093984962406015,SL,1,S|swing
2024-09-10 09:41:00-04:00,2024-09-10 09:41:00-04:00,2024-09-10 09:43:00-04:00,L,18748.25,18722.5,18722.75,25.5,-53.5,-1.0490196078431373,SL,1,L|swing
2024-09-10 11:59:00-04:00,2024-09-10 11:59:00-04:00,2024-09-10 13:52:00-04:00,S,18623.5,18791.0,18790.75,167.25,-337.0,-1.007473841554559,SL,1,S|swing
2024-09-11 10:14:00-04:00,2024-09-11 10:14:00-04:00,2024-09-11 12:04:00-04:00,S,18695.25,18853.0,18852.75,157.5,-317.5,-1.007936507936508,SL,1,S|swing
2024-09-11 13:32:00-04:00,2024-09-11 13:32:00-04:00,2024-09-11 13:49:00-04:00,L,18988.5,19064.25,18937.5,51.0,149.5,1.4656862745098038,TP,1,L|swing
2024-09-11 14:53:00-04:00,2024-09-11 14:53:00-04:00,2024-09-11 15:31:00-04:00,L,19117.0,19203.5,19058.75,58.25,171.0,1.4678111587982832,TP,1,L|swing
2024-09-12 09:38:00-04:00,2024-09-12 09:38:00-04:00,2024-09-12 09:49:00-04:00,L,19278.5,19209.5,19209.75,68.75,-140.0,-1.018181818181818,SL,1,L|swing
2024-09-12 10:05:00-04:00,2024-09-12 10:05:00-04:00,2024-09-12 10:12:00-04:00,S,19249.0,19290.0,19289.75,40.75,-84.0,-1.030674846625767,SL,1,S|swing
2024-09-12 12:17:00-04:00,2024-09-12 12:17:00-04:00,2024-09-12 12:57:00-04:00,L,19301.5,19379.0,19249.25,52.25,153.0,1.4641148325358853,TP,1,L|swing
2024-09-13 12:20:00-04:00,2024-09-13 12:20:00-04:00,2024-09-13 12:46:00-04:00,L,19508.75,19485.25,19485.5,23.25,-49.0,-1.053763440860215,SL,1,L|swing
2024-09-13 12:56:00-04:00,2024-09-13 12:56:00-04:00,2024-09-13 15:59:00-04:00,L,19528.75,19527.0,19477.75,51.0,-5.5,-0.05392156862745098,time,1,L|swing
2024-09-16 10:08:00-04:00,2024-09-16 10:08:00-04:00,2024-09-16 10:26:00-04:00,S,19434.0,19389.5,19464.25,30.25,87.0,1.43801652892562,TP,1,S|swing
2024-09-16 11:50:00-04:00,2024-09-16 11:50:00-04:00,2024-09-16 13:39:00-04:00,S,19335.25,19412.25,19412.0,76.75,-156.0,-1.01628664495114,SL,1,S|swing
2024-09-17 09:38:00-04:00,2024-09-17 09:38:00-04:00,2024-09-17 09:49:00-04:00,L,19547.25,19521.5,19521.75,25.5,-53.5,-1.0490196078431373,SL,1,L|swing
2024-09-17 09:53:00-04:00,2024-09-17 09:53:00-04:00,2024-09-17 10:45:00-04:00,S,19498.0,19594.25,19594.0,96.0,-194.5,-1.0130208333333333,SL,1,S|swing
2024-09-17 11:50:00-04:00,2024-09-17 11:50:00-04:00,2024-09-17 12:15:00-04:00,L,19531.75,19505.0,19505.25,26.5,-55.5,-1.0471698113207548,SL,1,L|swing
2024-09-17 14:53:00-04:00,2024-09-17 14:53:00-04:00,2024-09-17 15:56:00-04:00,S,19377.75,19447.0,19446.75,69.0,-140.5,-1.0181159420289856,SL,1,S|swing
2024-09-20 09:35:00-04:00,2024-09-20 09:35:00-04:00,2024-09-20 09:58:00-04:00,L,20070.0,20011.5,20011.75,58.25,-119.0,-1.0214592274678111,SL,1,L|swing
2024-09-20 10:35:00-04:00,2024-09-20 10:35:00-04:00,2024-09-20 11:11:00-04:00,S,19977.75,19907.75,20025.0,47.25,138.0,1.4603174603174602,TP,1,S|swing
2024-09-20 13:26:00-04:00,2024-09-20 13:26:00-04:00,2024-09-20 14:03:00-04:00,S,20002.75,19961.25,20031.0,28.25,81.0,1.4336283185840708,TP,1,S|swing
2024-09-20 14:08:00-04:00,2024-09-20 14:08:00-04:00,2024-09-20 15:18:00-04:00,S,19959.5,20025.5,20025.25,65.75,-134.0,-1.0190114068441065,SL,1,S|swing
2024-09-23 10:32:00-04:00,2024-09-23 10:32:00-04:00,2024-09-23 12:15:00-04:00,L,20100.75,20046.5,20046.75,54.0,-110.5,-1.0231481481481481,SL,1,L|swing
2024-09-23 12:47:00-04:00,2024-09-23 12:47:00-04:00,2024-09-23 14:00:00-04:00,S,20042.25,20081.0,20080.75,38.5,-79.5,-1.0324675324675325,SL,1,S|swing
2024-09-24 13:26:00-04:00,2024-09-24 13:26:00-04:00,2024-09-24 14:13:00-04:00,L,20180.0,20150.0,20150.25,29.75,-62.0,-1.0420168067226891,SL,1,L|swing
2024-09-24 14:20:00-04:00,2024-09-24 14:20:00-04:00,2024-09-24 14:28:00-04:00,L,20157.5,20140.25,20140.5,17.0,-36.5,-1.0735294117647058,SL,1,L|swing
2024-09-24 14:29:00-04:00,2024-09-24 14:29:00-04:00,2024-09-24 14:30:00-04:00,L,20146.5,20134.5,20134.75,11.75,-26.0,-1.1063829787234043,SL,1,L|swing
2024-09-25 09:44:00-04:00,2024-09-25 09:44:00-04:00,2024-09-25 10:00:00-04:00,L,20177.75,20236.5,20138.0,39.75,115.5,1.4528301886792452,TP,1,L|swing
2024-09-26 11:11:00-04:00,2024-09-26 11:11:00-04:00,2024-09-26 15:13:00-04:00,S,20258.25,20352.25,20352.0,93.75,-190.0,-1.0133333333333334,SL,1,S|swing
2024-09-27 09:50:00-04:00,2024-09-27 09:50:00-04:00,2024-09-27 10:12:00-04:00,L,20356.75,20309.75,20310.0,46.75,-96.0,-1.0267379679144386,SL,1,L|swing
2024-09-27 10:17:00-04:00,2024-09-27 10:17:00-04:00,2024-09-27 14:30:00-04:00,S,20304.0,20196.75,20376.0,72.0,212.5,1.4756944444444444,TP,1,S|swing
2024-09-27 14:59:00-04:00,2024-09-27 14:59:00-04:00,2024-09-27 15:25:00-04:00,S,20249.0,20227.75,20263.75,14.75,40.5,1.3728813559322033,TP,1,S|swing
2024-09-30 10:17:00-04:00,2024-09-30 10:17:00-04:00,2024-09-30 15:55:00-04:00,S,20153.75,20262.75,20262.5,108.75,-220.0,-1.0114942528735633,SL,1,S|swing
2024-10-01 13:05:00-04:00,2024-10-01 13:05:00-04:00,2024-10-01 13:55:00-04:00,S,19884.25,19963.5,19963.25,79.0,-160.5,-1.0158227848101267,SL,1,S|swing
2024-10-02 09:38:00-04:00,2024-10-02 09:38:00-04:00,2024-10-02 10:03:00-04:00,S,19889.0,19967.5,19967.25,78.25,-159.0,-1.0159744408945688,SL,1,S|swing
2024-10-02 10:05:00-04:00,2024-10-02 10:05:00-04:00,2024-10-02 10:17:00-04:00,S,19940.0,19975.75,19975.5,35.5,-73.5,-1.0352112676056338,SL,1,S|swing
2024-10-02 12:26:00-04:00,2024-10-02 12:26:00-04:00,2024-10-02 12:45:00-04:00,L,20075.5,20034.75,20035.0,40.5,-83.5,-1.0308641975308641,SL,1,L|swing
2024-10-02 13:53:00-04:00,2024-10-02 13:53:00-04:00,2024-10-02 15:59:00-04:00,L,20038.5,20009.5,19967.75,70.75,-60.0,-0.42402826855123676,time,1,L|swing
2024-10-03 10:41:00-04:00,2024-10-03 10:41:00-04:00,2024-10-03 15:59:00-04:00,S,19953.0,19988.25,20100.0,147.0,-72.5,-0.2465986394557823,time,1,S|swing
2024-10-04 10:35:00-04:00,2024-10-04 10:35:00-04:00,2024-10-04 10:52:00-04:00,S,20059.75,20122.0,20121.75,62.0,-126.5,-1.0201612903225807,SL,1,S|swing
2024-10-04 13:41:00-04:00,2024-10-04 13:41:00-04:00,2024-10-04 15:29:00-04:00,L,20131.75,20203.75,20083.25,48.5,142.0,1.4639175257731958,TP,1,L|swing
2024-10-07 09:38:00-04:00,2024-10-07 09:38:00-04:00,2024-10-07 09:44:00-04:00,L,20155.75,20114.75,20115.0,40.75,-84.0,-1.030674846625767,SL,1,L|swing
2024-10-07 10:32:00-04:00,2024-10-07 10:32:00-04:00,2024-10-07 12:10:00-04:00,L,20167.5,20110.25,20110.5,57.0,-116.5,-1.0219298245614035,SL,1,L|swing
2024-10-07 12:32:00-04:00,2024-10-07 12:32:00-04:00,2024-10-07 14:30:00-04:00,S,20136.75,20090.75,20168.0,31.25,90.0,1.44,TP,1,S|swing
2024-10-07 14:35:00-04:00,2024-10-07 14:35:00-04:00,2024-10-07 15:59:00-04:00,S,20050.25,19999.25,20126.25,76.0,100.0,0.6578947368421053,time,1,S|swing
2024-10-08 11:50:00-04:00,2024-10-08 11:50:00-04:00,2024-10-08 12:07:00-04:00,L,20246.75,20211.0,20211.25,35.5,-73.5,-1.0352112676056338,SL,1,L|swing
2024-10-08 13:59:00-04:00,2024-10-08 13:59:00-04:00,2024-10-08 15:33:00-04:00,L,20232.25,20298.5,20187.5,44.75,130.5,1.458100558659218,TP,1,L|swing
2024-10-09 10:23:00-04:00,2024-10-09 10:23:00-04:00,2024-10-09 14:28:00-04:00,L,20327.75,20449.75,20245.75,82.0,242.0,1.475609756097561,TP,1,L|swing
2024-10-10 09:47:00-04:00,2024-10-10 09:47:00-04:00,2024-10-10 10:05:00-04:00,S,20331.0,20390.5,20390.25,59.25,-121.0,-1.021097046413502,SL,1,S|swing
2024-10-10 13:02:00-04:00,2024-10-10 13:02:00-04:00,2024-10-10 13:09:00-04:00,L,20448.5,20416.5,20416.75,31.75,-66.0,-1.0393700787401574,SL,1,L|swing
2024-10-10 13:14:00-04:00,2024-10-10 13:14:00-04:00,2024-10-10 13:21:00-04:00,L,20425.5,20457.75,20403.5,22.0,62.5,1.4204545454545454,TP,1,L|swing
2024-10-10 14:35:00-04:00,2024-10-10 14:35:00-04:00,2024-10-10 14:43:00-04:00,S,20407.5,20374.25,20430.25,22.75,64.5,1.4175824175824177,TP,1,S|swing
2024-10-11 12:38:00-04:00,2024-10-11 12:38:00-04:00,2024-10-11 12:41:00-04:00,L,20429.25,20420.75,20421.0,8.25,-19.0,-1.1515151515151516,SL,1,L|swing
2024-10-11 13:20:00-04:00,2024-10-11 13:20:00-04:00,2024-10-11 14:19:00-04:00,L,20430.75,20468.75,20404.75,26.0,74.0,1.4230769230769231,TP,1,L|swing
2024-10-11 14:41:00-04:00,2024-10-11 14:41:00-04:00,2024-10-11 15:09:00-04:00,L,20446.25,20482.25,20421.75,24.5,70.0,1.4285714285714286,TP,1,L|swing
2024-10-14 11:05:00-04:00,2024-10-14 11:05:00-04:00,2024-10-14 11:30:00-04:00,L,20555.5,20526.75,20527.0,28.5,-59.5,-1.043859649122807,SL,1,L|swing
2024-10-14 11:32:00-04:00,2024-10-14 11:32:00-04:00,2024-10-14 12:38:00-04:00,L,20560.0,20612.0,20524.75,35.25,102.0,1.446808510638298,TP,1,L|swing
2024-10-15 11:53:00-04:00,2024-10-15 11:53:00-04:00,2024-10-15 15:07:00-04:00,S,20369.5,20273.75,20434.0,64.5,189.5,1.4689922480620154,TP,1,S|swing
2024-10-16 10:41:00-04:00,2024-10-16 10:41:00-04:00,2024-10-16 14:21:00-04:00,S,20271.0,20350.0,20349.75,78.75,-160.0,-1.0158730158730158,SL,1,S|swing
2024-10-17 13:05:00-04:00,2024-10-17 13:05:00-04:00,2024-10-17 14:03:00-04:00,L,20485.0,20452.75,20453.0,32.0,-66.5,-1.0390625,SL,1,L|swing
2024-10-18 09:38:00-04:00,2024-10-18 09:38:00-04:00,2024-10-18 09:45:00-04:00,L,20464.0,20510.0,20432.75,31.25,90.0,1.44,TP,1,L|swing
2024-10-18 10:20:00-04:00,2024-10-18 10:20:00-04:00,2024-10-18 10:56:00-04:00,L,20490.5,20451.5,20451.75,38.75,-80.0,-1.032258064516129,SL,1,L|swing
2024-10-18 11:08:00-04:00,2024-10-18 11:08:00-04:00,2024-10-18 12:13:00-04:00,L,20489.0,20451.25,20451.5,37.5,-77.5,-1.0333333333333334,SL,1,L|swing
2024-10-18 12:14:00-04:00,2024-10-18 12:14:00-04:00,2024-10-18 12:44:00-04:00,S,20447.0,20489.0,20488.75,41.75,-86.0,-1.029940119760479,SL,1,S|swing
2024-10-18 14:02:00-04:00,2024-10-18 14:02:00-04:00,2024-10-18 14:17:00-04:00,L,20473.25,20505.0,20451.5,21.75,61.5,1.4137931034482758,TP,1,L|swing
2024-10-21 11:17:00-04:00,2024-10-21 11:17:00-04:00,2024-10-21 11:50:00-04:00,S,20366.0,20442.5,20442.25,76.25,-155.0,-1.0163934426229508,SL,1,S|swing
2024-10-21 14:26:00-04:00,2024-10-21 14:26:00-04:00,2024-10-21 14:43:00-04:00,L,20479.25,20454.0,20454.25,25.0,-52.5,-1.05,SL,1,L|swing
2024-10-22 11:41:00-04:00,2024-10-22 11:41:00-04:00,2024-10-22 12:08:00-04:00,L,20486.5,20454.5,20454.75,31.75,-66.0,-1.0393700787401574,SL,1,L|swing
2024-10-22 12:14:00-04:00,2024-10-22 12:14:00-04:00,2024-10-22 12:24:00-04:00,L,20461.75,20450.5,20450.75,11.0,-24.5,-1.1136363636363635,SL,1,L|swing
2024-10-22 12:59:00-04:00,2024-10-22 12:59:00-04:00,2024-10-22 15:59:00-04:00,L,20499.25,20540.0,20425.0,74.25,79.5,0.5353535353535354,time,1,L|swing
2024-10-23 09:50:00-04:00,2024-10-23 09:50:00-04:00,2024-10-23 10:06:00-04:00,S,20423.25,20364.5,20463.0,39.75,115.5,1.4528301886792452,TP,1,S|swing
2024-10-23 11:14:00-04:00,2024-10-23 11:14:00-04:00,2024-10-23 13:36:00-04:00,S,20336.75,20155.25,20458.25,121.5,361.0,1.48559670781893,TP,1,S|swing
2024-10-24 10:47:00-04:00,2024-10-24 10:47:00-04:00,2024-10-24 11:47:00-04:00,S,20341.75,20293.5,20374.5,32.75,94.5,1.4427480916030535,TP,1,S|swing
2024-10-24 12:02:00-04:00,2024-10-24 12:02:00-04:00,2024-10-24 12:12:00-04:00,S,20317.75,20263.75,20354.25,36.5,106.0,1.452054794520548,TP,1,S|swing
2024-10-24 12:47:00-04:00,2024-10-24 12:47:00-04:00,2024-10-24 15:59:00-04:00,L,20353.0,20379.75,20271.5,81.5,51.5,0.3159509202453988,time,1,L|swing
2024-10-25 11:14:00-04:00,2024-10-25 11:14:00-04:00,2024-10-25 11:38:00-04:00,L,20662.5,20620.0,20620.25,42.25,-87.0,-1.029585798816568,SL,1,L|swing
2024-10-25 11:47:00-04:00,2024-10-25 11:47:00-04:00,2024-10-25 11:51:00-04:00,L,20650.75,20613.75,20614.0,36.75,-76.0,-1.034013605442177,SL,1,L|swing
2024-10-25 12:11:00-04:00,2024-10-25 12:11:00-04:00,2024-10-25 13:17:00-04:00,L,20641.75,20602.75,20603.0,38.75,-80.0,-1.032258064516129,SL,1,L|swing
2024-10-25 13:23:00-04:00,2024-10-25 13:23:00-04:00,2024-10-25 13:34:00-04:00,L,20581.75,20552.75,20553.0,28.75,-60.0,-1.0434782608695652,SL,1,L|swing
2024-10-25 13:35:00-04:00,2024-10-25 13:35:00-04:00,2024-10-25 15:59:00-04:00,S,20539.5,20495.25,20641.5,102.0,86.5,0.42401960784313725,time,1,S|swing
2024-10-28 11:08:00-04:00,2024-10-28 11:08:00-04:00,2024-10-28 15:59:00-04:00,S,20544.5,20500.25,20618.0,73.5,86.5,0.5884353741496599,time,1,S|swing
2024-10-29 09:38:00-04:00,2024-10-29 09:38:00-04:00,2024-10-29 10:00:00-04:00,S,20450.25,20527.25,20527.0,76.75,-156.0,-1.01628664495114,SL,1,S|swing
2024-10-29 12:23:00-04:00,2024-10-29 12:23:00-04:00,2024-10-29 12:36:00-04:00,L,20639.0,20588.0,20588.25,50.75,-104.0,-1.0246305418719213,SL,1,L|swing
2024-10-29 12:53:00-04:00,2024-10-29 12:53:00-04:00,2024-10-29 15:24:00-04:00,L,20648.5,20742.5,20585.25,63.25,186.0,1.4703557312252964,TP,1,L|swing
2024-10-30 09:41:00-04:00,2024-10-30 09:41:00-04:00,2024-10-30 10:09:00-04:00,S,20572.25,20673.75,20673.5,101.25,-205.0,-1.0123456790123457,SL,1,S|swing
2024-10-30 10:59:00-04:00,2024-10-30 10:59:00-04:00,2024-10-30 13:36:00-04:00,S,20648.75,20582.75,20693.25,44.5,130.0,1.4606741573033708,TP,1,S|swing
2024-10-30 14:14:00-04:00,2024-10-30 14:14:00-04:00,2024-10-30 14:42:00-04:00,S,20604.75,20620.5,20620.25,15.5,-33.5,-1.0806451612903225,SL,1,S|swing
2024-10-30 14:47:00-04:00,2024-10-30 14:47:00-04:00,2024-10-30 14:56:00-04:00,S,20616.75,20607.75,20623.25,6.5,16.0,1.2307692307692308,TP,1,S|swing
2024-10-31 12:26:00-04:00,2024-10-31 12:26:00-04:00,2024-10-31 12:55:00-04:00,S,20066.75,20105.75,20105.5,38.75,-80.0,-1.032258064516129,SL,1,S|swing
2024-10-31 13:29:00-04:00,2024-10-31 13:29:00-04:00,2024-10-31 15:48:00-04:00,S,20069.0,20115.25,20115.0,46.0,-94.5,-1.0271739130434783,SL,1,S|swing
2024-11-01 09:35:00-04:00,2024-11-01 09:35:00-04:00,2024-11-01 09:39:00-04:00,S,20091.25,20119.0,20118.75,27.5,-57.5,-1.0454545454545454,SL,1,S|swing
2024-11-01 09:41:00-04:00,2024-11-01 09:41:00-04:00,2024-11-01 10:23:00-04:00,L,20136.75,20255.5,20057.0,79.75,235.5,1.4764890282131662,TP,1,L|swing
2024-11-01 13:20:00-04:00,2024-11-01 13:20:00-04:00,2024-11-01 13:36:00-04:00,L,20223.5,20168.0,20168.25,55.25,-113.0,-1.0226244343891402,SL,1,L|swing
2024-11-01 13:44:00-04:00,2024-11-01 13:44:00-04:00,2024-11-01 13:45:00-04:00,L,20170.5,20163.5,20163.75,6.75,-16.0,-1.1851851851851851,SL,1,L|swing
2024-11-01 13:59:00-04:00,2024-11-01 13:59:00-04:00,2024-11-01 15:59:00-04:00,S,20157.25,20147.0,20249.0,91.75,18.5,0.1008174386920981,time,1,S|swing
2024-11-04 10:32:00-05:00,2024-11-04 10:32:00-05:00,2024-11-04 11:40:00-05:00,L,20190.0,20117.25,20117.5,72.5,-147.5,-1.0172413793103448,SL,1,L|swing
2024-11-04 13:41:00-05:00,2024-11-04 13:41:00-05:00,2024-11-04 15:32:00-05:00,L,20157.25,20100.5,20100.75,56.5,-115.5,-1.0221238938053097,SL,1,L|swing
2024-11-05 11:02:00-05:00,2024-11-05 11:02:00-05:00,2024-11-05 11:07:00-05:00,L,20253.0,20283.25,20232.25,20.75,58.5,1.4096385542168675,TP,1,L|swing
2024-11-05 12:41:00-05:00,2024-11-05 12:41:00-05:00,2024-11-05 13:14:00-05:00,L,20354.75,20329.5,20329.75,25.0,-52.5,-1.05,SL,1,L|swing
2024-11-05 14:26:00-05:00,2024-11-05 14:26:00-05:00,2024-11-05 14:54:00-05:00,L,20327.0,20296.25,20296.5,30.5,-63.5,-1.040983606557377,SL,1,L|swing
2024-11-06 09:53:00-05:00,2024-11-06 09:53:00-05:00,2024-11-06 10:11:00-05:00,L,20682.75,20741.25,20643.25,39.5,115.0,1.4556962025316456,TP,1,L|swing
2024-11-06 12:53:00-05:00,2024-11-06 12:53:00-05:00,2024-11-06 14:14:00-05:00,L,20823.25,20879.25,20785.25,38.0,110.0,1.4473684210526316,TP,1,L|swing
2024-11-06 14:47:00-05:00,2024-11-06 14:47:00-05:00,2024-11-06 15:14:00-05:00,L,20885.75,20915.75,20865.25,20.5,58.0,1.4146341463414633,TP,1,L|swing
2024-11-07 12:35:00-05:00,2024-11-07 12:35:00-05:00,2024-11-07 13:19:00-05:00,L,21175.5,21156.5,21156.75,18.75,-40.0,-1.0666666666666667,SL,1,L|swing
2024-11-07 13:20:00-05:00,2024-11-07 13:20:00-05:00,2024-11-07 13:33:00-05:00,L,21171.25,21155.0,21155.25,16.0,-34.5,-1.078125,SL,1,L|swing
2024-11-07 13:50:00-05:00,2024-11-07 13:50:00-05:00,2024-11-07 14:38:00-05:00,L,21178.0,21217.75,21151.0,27.0,77.5,1.4351851851851851,TP,1,L|swing
2024-11-08 10:11:00-05:00,2024-11-08 10:11:00-05:00,2024-11-08 11:55:00-05:00,S,21174.25,21227.0,21226.75,52.5,-107.5,-1.0238095238095237,SL,1,S|swing
2024-11-08 12:44:00-05:00,2024-11-08 12:44:00-05:00,2024-11-08 13:33:00-05:00,L,21215.25,21243.25,21196.0,19.25,54.0,1.4025974025974026,TP,1,L|swing
2024-11-08 14:50:00-05:00,2024-11-08 14:50:00-05:00,2024-11-08 14:53:00-05:00,L,21244.0,21239.5,21239.75,4.25,-11.0,-1.2941176470588236,SL,1,L|swing
2024-11-11 11:11:00-05:00,2024-11-11 11:11:00-05:00,2024-11-11 11:42:00-05:00,S,21219.5,21192.25,21238.25,18.75,52.5,1.4,TP,1,S|swing
2024-11-11 12:17:00-05:00,2024-11-11 12:17:00-05:00,2024-11-11 13:02:00-05:00,S,21178.25,21125.5,21214.0,35.75,103.5,1.4475524475524475,TP,1,S|swing
2024-11-11 13:44:00-05:00,2024-11-11 13:44:00-05:00,2024-11-11 13:46:00-05:00,S,21158.75,21167.25,21167.0,8.25,-19.0,-1.1515151515151516,SL,1,S|swing
2024-11-11 14:47:00-05:00,2024-11-11 14:47:00-05:00,2024-11-11 15:01:00-05:00,S,21165.5,21178.75,21178.5,13.0,-28.5,-1.0961538461538463,SL,1,S|swing
2024-11-12 09:38:00-05:00,2024-11-12 09:38:00-05:00,2024-11-12 10:08:00-05:00,L,21236.75,21181.0,21181.25,55.5,-113.5,-1.0225225225225225,SL,1,L|swing
2024-11-12 10:56:00-05:00,2024-11-12 10:56:00-05:00,2024-11-12 12:49:00-05:00,S,21191.5,21124.5,21236.75,45.25,132.0,1.4585635359116023,TP,1,S|swing
2024-11-13 09:44:00-05:00,2024-11-13 09:44:00-05:00,2024-11-13 09:49:00-05:00,L,21179.0,21138.5,21138.75,40.25,-83.0,-1.031055900621118,SL,1,L|swing
2024-11-13 11:35:00-05:00,2024-11-13 11:35:00-05:00,2024-11-13 13:46:00-05:00,L,21153.75,21245.75,21091.75,62.0,182.0,1.467741935483871,TP,1,L|swing
2024-11-14 11:14:00-05:00,2024-11-14 11:14:00-05:00,2024-11-14 11:43:00-05:00,S,21097.0,21139.0,21138.75,41.75,-86.0,-1.029940119760479,SL,1,S|swing
2024-11-14 11:44:00-05:00,2024-11-14 11:44:00-05:00,2024-11-14 11:55:00-05:00,S,21123.5,21098.5,21140.75,17.25,48.0,1.391304347826087,TP,1,S|swing
2024-11-14 13:53:00-05:00,2024-11-14 13:53:00-05:00,2024-11-14 15:59:00-05:00,S,21054.75,21009.0,21120.75,66.0,89.5,0.678030303030303,time,1,S|swing
2024-11-18 09:41:00-05:00,2024-11-18 09:41:00-05:00,2024-11-18 10:08:00-05:00,S,20541.25,20588.0,20587.75,46.5,-95.5,-1.0268817204301075,SL,1,S|swing
2024-11-18 10:11:00-05:00,2024-11-18 10:11:00-05:00,2024-11-18 15:59:00-05:00,L,20591.75,20631.0,20500.25,91.5,76.5,0.4180327868852459,time,1,L|swing
2024-11-19 10:11:00-05:00,2024-11-19 10:11:00-05:00,2024-11-19 10:29:00-05:00,S,20548.5,20587.25,20587.0,38.5,-79.5,-1.0324675324675325,SL,1,S|swing
2024-11-19 10:47:00-05:00,2024-11-19 10:47:00-05:00,2024-11-19 13:39:00-05:00,L,20626.75,20747.25,20545.75,81.0,239.0,1.4753086419753085,TP,1,L|swing
2024-11-20 12:47:00-05:00,2024-11-20 12:47:00-05:00,2024-11-20 12:50:00-05:00,S,20642.0,20655.0,20654.75,12.75,-28.0,-1.0980392156862746,SL,1,S|swing
2024-11-20 13:32:00-05:00,2024-11-20 13:32:00-05:00,2024-11-20 13:42:00-05:00,S,20608.75,20574.25,20632.25,23.5,67.0,1.425531914893617,TP,1,S|swing
2024-11-20 14:23:00-05:00,2024-11-20 14:23:00-05:00,2024-11-20 14:40:00-05:00,S,20560.25,20596.0,20595.75,35.5,-73.5,-1.0352112676056338,SL,1,S|swing
2024-11-21 11:23:00-05:00,2024-11-21 11:23:00-05:00,2024-11-21 15:59:00-05:00,L,20734.0,20823.25,20624.25,109.75,176.5,0.8041002277904328,time,1,L|swing
2024-11-22 10:14:00-05:00,2024-11-22 10:14:00-05:00,2024-11-22 13:11:00-05:00,S,20767.0,20873.75,20873.5,106.5,-215.5,-1.011737089201878,SL,1,S|swing
2024-11-22 14:38:00-05:00,2024-11-22 14:38:00-05:00,2024-11-22 15:59:00-05:00,L,20838.25,20847.25,20795.0,43.25,16.0,0.18497109826589594,time,1,L|swing
2024-11-25 09:38:00-05:00,2024-11-25 09:38:00-05:00,2024-11-25 09:52:00-05:00,L,21032.0,20955.75,20956.0,76.0,-154.5,-1.0164473684210527,SL,1,L|swing
2024-11-25 10:56:00-05:00,2024-11-25 10:56:00-05:00,2024-11-25 11:22:00-05:00,S,20901.25,20945.5,20945.25,44.0,-90.5,-1.0284090909090908,SL,1,S|swing
2024-11-25 11:29:00-05:00,2024-11-25 11:29:00-05:00,2024-11-25 11:31:00-05:00,S,20934.25,20951.75,20951.5,17.25,-37.0,-1.0724637681159421,SL,1,S|swing
2024-11-25 11:38:00-05:00,2024-11-25 11:38:00-05:00,2024-11-25 12:29:00-05:00,S,20901.75,20811.5,20962.5,60.75,178.5,1.4691358024691359,TP,1,S|swing
2024-11-25 13:53:00-05:00,2024-11-25 13:53:00-05:00,2024-11-25 15:59:00-05:00,S,20850.75,20878.25,20888.75,38.0,-57.0,-0.75,time,1,S|swing
2024-11-26 10:44:00-05:00,2024-11-26 10:44:00-05:00,2024-11-26 14:19:00-05:00,L,20989.75,20918.5,20918.75,71.0,-144.5,-1.017605633802817,SL,1,L|swing
2024-11-27 10:14:00-05:00,2024-11-27 10:14:00-05:00,2024-11-27 12:09:00-05:00,S,20809.75,20675.25,20900.0,90.25,267.0,1.479224376731302,TP,1,S|swing
2024-11-27 12:53:00-05:00,2024-11-27 12:53:00-05:00,2024-11-27 12:58:00-05:00,S,20737.75,20746.0,20745.75,8.0,-18.5,-1.15625,SL,1,S|swing
2024-11-28 11:11:00-05:00,2024-11-28 11:11:00-05:00,2024-11-28 11:27:00-05:00,L,20907.0,20891.5,20891.75,15.25,-33.0,-1.0819672131147542,SL,1,L|swing
2024-11-28 11:29:00-05:00,2024-11-28 11:29:00-05:00,2024-11-28 11:30:00-05:00,L,20894.0,20890.5,20890.75,3.25,-9.0,-1.3846153846153846,SL,1,L|swing
2024-11-28 11:38:00-05:00,2024-11-28 11:38:00-05:00,2024-11-28 11:48:00-05:00,L,20885.75,20880.25,20880.5,5.25,-13.0,-1.2380952380952381,SL,1,L|swing
2024-11-28 12:26:00-05:00,2024-11-28 12:26:00-05:00,2024-11-28 12:49:00-05:00,L,20897.5,20891.0,20880.5,17.0,-15.0,-0.4411764705882353,time,1,L|swing
2024-12-02 13:05:00-05:00,2024-12-02 13:05:00-05:00,2024-12-02 13:09:00-05:00,L,21223.0,21217.25,21217.5,5.5,-13.5,-1.2272727272727273,SL,1,L|swing
2024-12-03 12:08:00-05:00,2024-12-03 12:08:00-05:00,2024-12-03 12:49:00-05:00,S,21205.25,21228.25,21228.0,22.75,-48.0,-1.054945054945055,SL,1,S|swing
2024-12-03 12:59:00-05:00,2024-12-03 12:59:00-05:00,2024-12-03 15:59:00-05:00,L,21242.5,21278.75,21190.0,52.5,70.5,0.6714285714285714,time,1,L|swing
2024-12-04 09:50:00-05:00,2024-12-04 09:50:00-05:00,2024-12-04 11:01:00-05:00,L,21430.75,21494.0,21388.0,42.75,124.5,1.456140350877193,TP,1,L|swing
2024-12-04 12:20:00-05:00,2024-12-04 12:20:00-05:00,2024-12-04 12:41:00-05:00,L,21481.0,21458.0,21458.25,22.75,-48.0,-1.054945054945055,SL,1,L|swing
2024-12-04 13:41:00-05:00,2024-12-04 13:41:00-05:00,2024-12-04 13:56:00-05:00,L,21460.75,21492.75,21438.75,22.0,62.0,1.4090909090909092,TP,1,L|swing
2024-12-05 09:44:00-05:00,2024-12-05 09:44:00-05:00,2024-12-05 09:49:00-05:00,L,21534.25,21518.0,21518.25,16.0,-34.5,-1.078125,SL,1,L|swing
2024-12-05 09:50:00-05:00,2024-12-05 09:50:00-05:00,2024-12-05 12:12:00-05:00,S,21511.75,21552.5,21552.25,40.5,-83.5,-1.0308641975308641,SL,1,S|swing
2024-12-05 14:32:00-05:00,2024-12-05 14:32:00-05:00,2024-12-05 15:31:00-05:00,S,21497.0,21467.5,21517.25,20.25,57.0,1.4074074074074074,TP,1,S|swing
2024-12-06 11:05:00-05:00,2024-12-06 11:05:00-05:00,2024-12-06 11:13:00-05:00,L,21627.0,21593.75,21594.0,33.0,-68.5,-1.0378787878787878,SL,1,L|swing
2024-12-06 11:32:00-05:00,2024-12-06 11:32:00-05:00,2024-12-06 15:59:00-05:00,L,21627.0,21658.0,21572.5,54.5,60.0,0.5504587155963303,time,1,L|swing
2024-12-09 10:11:00-05:00,2024-12-09 10:11:00-05:00,2024-12-09 10:35:00-05:00,S,21606.0,21542.0,21649.25,43.25,126.0,1.4566473988439306,TP,1,S|swing
2024-12-09 12:20:00-05:00,2024-12-09 12:20:00-05:00,2024-12-09 12:51:00-05:00,S,21489.5,21520.25,21520.0,30.5,-63.5,-1.040983606557377,SL,1,S|swing
2024-12-09 14:05:00-05:00,2024-12-09 14:05:00-05:00,2024-12-09 15:59:00-05:00,S,21504.5,21486.0,21550.0,45.5,35.0,0.38461538461538464,time,1,S|swing
2024-12-10 09:41:00-05:00,2024-12-10 09:41:00-05:00,2024-12-10 10:58:00-05:00,L,21546.5,21504.75,21505.0,41.5,-85.5,-1.0301204819277108,SL,1,L|swing
2024-12-10 10:59:00-05:00,2024-12-10 10:59:00-05:00,2024-12-10 15:02:00-05:00,S,21505.0,21396.75,21577.75,72.75,214.5,1.4742268041237114,TP,1,S|swing
2024-12-12 09:50:00-05:00,2024-12-12 09:50:00-05:00,2024-12-12 10:23:00-05:00,S,21660.5,21699.0,21698.75,38.25,-79.0,-1.0326797385620916,SL,1,S|swing
2024-12-12 11:38:00-05:00,2024-12-12 11:38:00-05:00,2024-12-12 12:58:00-05:00,S,21707.5,21736.75,21736.5,29.0,-60.5,-1.043103448275862,SL,1,S|swing
2024-12-13 09:41:00-05:00,2024-12-13 09:41:00-05:00,2024-12-13 10:40:00-05:00,L,21842.75,21775.25,21775.5,67.25,-137.0,-1.0185873605947955,SL,1,L|swing
2024-12-13 11:44:00-05:00,2024-12-13 11:44:00-05:00,2024-12-13 13:48:00-05:00,S,21711.25,21758.0,21757.75,46.5,-95.5,-1.0268817204301075,SL,1,S|swing
2024-12-16 12:26:00-05:00,2024-12-16 12:26:00-05:00,2024-12-16 13:05:00-05:00,L,22060.75,22098.75,22034.75,26.0,74.0,1.4230769230769231,TP,1,L|swing
2024-12-17 12:14:00-05:00,2024-12-17 12:14:00-05:00,2024-12-17 15:59:00-05:00,S,22024.25,22016.0,22078.0,53.75,14.5,0.13488372093023257,time,1,S|swing
2024-12-18 10:02:00-05:00,2024-12-18 10:02:00-05:00,2024-12-18 10:04:00-05:00,S,21981.25,22004.25,22004.0,22.75,-48.0,-1.054945054945055,SL,1,S|swing
2024-12-18 11:14:00-05:00,2024-12-18 11:14:00-05:00,2024-12-18 14:01:00-05:00,S,21999.75,21918.75,22054.25,54.5,160.0,1.4678899082568808,TP,1,S|swing
2024-12-18 14:05:00-05:00,2024-12-18 14:05:00-05:00,2024-12-18 14:48:00-05:00,S,21879.75,21686.25,22009.25,129.5,385.0,1.4864864864864864,TP,1,S|swing
2024-12-23 10:32:00-05:00,2024-12-23 10:32:00-05:00,2024-12-23 11:16:00-05:00,S,21555.25,21622.75,21622.5,67.25,-137.0,-1.0185873605947955,SL,1,S|swing
2024-12-24 12:38:00-05:00,2024-12-24 12:38:00-05:00,2024-12-24 12:57:00-05:00,L,21969.0,22009.75,21941.25,27.75,79.5,1.4324324324324325,TP,1,L|swing
2024-12-26 09:53:00-05:00,2024-12-26 09:53:00-05:00,2024-12-26 10:38:00-05:00,S,21879.0,22009.0,22008.75,129.75,-262.0,-1.0096339113680155,SL,1,S|swing
2024-12-26 13:38:00-05:00,2024-12-26 13:38:00-05:00,2024-12-26 13:44:00-05:00,L,22026.5,22004.25,22004.5,22.0,-46.5,-1.0568181818181819,SL,1,L|swing
2024-12-26 14:47:00-05:00,2024-12-26 14:47:00-05:00,2024-12-26 15:59:00-05:00,L,22040.75,22007.0,21996.75,44.0,-69.5,-0.7897727272727273,time,1,L|swing
2024-12-27 11:44:00-05:00,2024-12-27 11:44:00-05:00,2024-12-27 13:52:00-05:00,S,21581.5,21651.75,21651.5,70.0,-142.5,-1.0178571428571428,SL,1,S|swing
2024-12-27 14:02:00-05:00,2024-12-27 14:02:00-05:00,2024-12-27 14:06:00-05:00,S,21657.0,21678.5,21678.25,21.25,-45.0,-1.0588235294117647,SL,1,S|swing
2024-12-27 14:11:00-05:00,2024-12-27 14:11:00-05:00,2024-12-27 14:23:00-05:00,S,21667.25,21639.25,21686.5,19.25,54.0,1.4025974025974026,TP,1,S|swing
2024-12-27 14:50:00-05:00,2024-12-27 14:50:00-05:00,2024-12-27 14:55:00-05:00,S,21683.75,21696.0,21695.75,12.0,-26.5,-1.1041666666666667,SL,1,S|swing
2024-12-30 09:41:00-05:00,2024-12-30 09:41:00-05:00,2024-12-30 10:01:00-05:00,S,21355.75,21254.75,21423.75,68.0,200.0,1.4705882352941178,TP,1,S|swing
2024-12-30 10:02:00-05:00,2024-12-30 10:02:00-05:00,2024-12-30 10:45:00-05:00,S,21283.0,21395.75,21395.5,112.5,-227.5,-1.011111111111111,SL,1,S|swing
2024-12-30 11:05:00-05:00,2024-12-30 11:05:00-05:00,2024-12-30 11:18:00-05:00,S,21369.0,21403.5,21403.25,34.25,-71.0,-1.0364963503649636,SL,1,S|swing
2024-12-30 13:56:00-05:00,2024-12-30 13:56:00-05:00,2024-12-30 14:13:00-05:00,L,21544.5,21494.25,21494.5,50.0,-102.5,-1.025,SL,1,L|swing
2024-12-31 10:47:00-05:00,2024-12-31 10:47:00-05:00,2024-12-31 12:29:00-05:00,S,21384.25,21258.0,21469.0,84.75,250.5,1.4778761061946903,TP,1,S|swing
2024-12-31 13:08:00-05:00,2024-12-31 13:08:00-05:00,2024-12-31 13:19:00-05:00,S,21311.5,21273.0,21337.75,26.25,75.0,1.4285714285714286,TP,1,S|swing
2024-12-31 14:47:00-05:00,2024-12-31 14:47:00-05:00,2024-12-31 14:52:00-05:00,S,21203.5,21245.25,21245.0,41.5,-85.5,-1.0301204819277108,SL,1,S|swing
2025-01-02 10:47:00-05:00,2025-01-02 10:47:00-05:00,2025-01-02 15:59:00-05:00,S,21229.5,21169.75,21405.75,176.25,117.5,0.3333333333333333,time,1,S|swing
2025-01-03 11:17:00-05:00,2025-01-03 11:17:00-05:00,2025-01-03 11:26:00-05:00,L,21367.5,21413.75,21336.0,31.5,90.5,1.4365079365079365,TP,1,L|swing
2025-01-03 13:08:00-05:00,2025-01-03 13:08:00-05:00,2025-01-03 13:31:00-05:00,L,21469.75,21508.75,21443.25,26.5,76.0,1.4339622641509433,TP,1,L|swing
2025-01-06 11:32:00-05:00,2025-01-06 11:32:00-05:00,2025-01-06 11:45:00-05:00,L,21887.75,21855.5,21855.75,32.0,-66.5,-1.0390625,SL,1,L|swing
2025-01-06 11:56:00-05:00,2025-01-06 11:56:00-05:00,2025-01-06 12:00:00-05:00,L,21858.75,21843.75,21844.0,14.75,-32.0,-1.0847457627118644,SL,1,L|swing
2025-01-06 12:35:00-05:00,2025-01-06 12:35:00-05:00,2025-01-06 12:39:00-05:00,L,21827.5,21811.0,21811.25,16.25,-35.0,-1.0769230769230769,SL,1,L|swing
2025-01-06 13:41:00-05:00,2025-01-06 13:41:00-05:00,2025-01-06 13:42:00-05:00,L,21758.25,21752.25,21752.5,5.75,-14.0,-1.2173913043478262,SL,1,L|swing
2025-01-06 13:59:00-05:00,2025-01-06 13:59:00-05:00,2025-01-06 15:59:00-05:00,S,21706.75,21750.25,21788.75,82.0,-89.0,-0.5426829268292683,time,1,S|swing
2025-01-07 09:35:00-05:00,2025-01-07 09:35:00-05:00,2025-01-07 10:01:00-05:00,S,21733.5,21624.75,21806.5,73.0,215.5,1.476027397260274,TP,1,S|swing
2025-01-07 11:53:00-05:00,2025-01-07 11:53:00-05:00,2025-01-07 15:37:00-05:00,S,21455.75,21280.25,21573.25,117.5,349.0,1.4851063829787234,TP,1,S|swing
2025-01-08 10:44:00-05:00,2025-01-08 10:44:00-05:00,2025-01-08 11:24:00-05:00,S,21308.0,21369.5,21369.25,61.25,-125.0,-1.0204081632653061,SL,1,S|swing
2025-01-08 11:26:00-05:00,2025-01-08 11:26:00-05:00,2025-01-08 11:36:00-05:00,S,21348.25,21373.5,21373.25,25.0,-52.5,-1.05,SL,1,S|swing
2025-01-08 11:38:00-05:00,2025-01-08 11:38:00-05:00,2025-01-08 12:09:00-05:00,L,21391.25,21310.0,21310.25,81.0,-164.5,-1.0154320987654322,SL,1,L|swing
2025-01-08 12:17:00-05:00,2025-01-08 12:17:00-05:00,2025-01-08 14:27:00-05:00,S,21278.75,21408.5,21408.25,129.5,-261.5,-1.0096525096525097,SL,1,S|swing
2025-01-10 09:35:00-05:00,2025-01-10 09:35:00-05:00,2025-01-10 09:39:00-05:00,S,21146.5,21070.75,21197.5,51.0,149.5,1.4656862745098038,TP,1,S|swing
2025-01-10 10:59:00-05:00,2025-01-10 10:59:00-05:00,2025-01-10 13:28:00-05:00,S,20989.0,21123.5,21123.25,134.25,-271.0,-1.0093109869646182,SL,1,S|swing
2025-01-10 14:59:00-05:00,2025-01-10 14:59:00-05:00,2025-01-10 15:12:00-05:00,S,21086.0,21061.25,21103.0,17.0,47.5,1.3970588235294117,TP,1,S|swing
2025-01-13 10:05:00-05:00,2025-01-13 10:05:00-05:00,2025-01-13 15:59:00-05:00,L,20822.25,20947.75,20701.25,121.0,249.0,1.0289256198347108,time,1,L|swing
2025-01-14 09:38:00-05:00,2025-01-14 09:38:00-05:00,2025-01-14 09:53:00-05:00,L,21113.5,21017.5,21017.75,95.75,-194.0,-1.0130548302872062,SL,1,L|swing
2025-01-14 09:59:00-05:00,2025-01-14 09:59:00-05:00,2025-01-14 15:59:00-05:00,S,20980.5,20924.0,21129.5,149.0,111.0,0.3724832214765101,time,1,S|swing
2025-01-15 09:41:00-05:00,2025-01-15 09:41:00-05:00,2025-01-15 14:35:00-05:00,L,21282.75,21426.75,21186.25,96.5,286.0,1.4818652849740932,TP,1,L|swing
2025-01-16 09:41:00-05:00,2025-01-16 09:41:00-05:00,2025-01-16 10:00:00-05:00,S,21446.0,21365.5,21500.25,54.25,159.0,1.4654377880184333,TP,1,S|swing
2025-01-16 11:38:00-05:00,2025-01-16 11:38:00-05:00,2025-01-16 15:59:00-05:00,S,21373.5,21248.25,21474.75,101.25,248.5,1.2271604938271605,time,1,S|swing
2025-01-17 10:05:00-05:00,2025-01-17 10:05:00-05:00,2025-01-17 10:26:00-05:00,L,21564.0,21486.5,21486.75,77.25,-157.0,-1.0161812297734627,SL,1,L|swing
2025-01-17 10:29:00-05:00,2025-01-17 10:29:00-05:00,2025-01-17 11:08:00-05:00,L,21528.25,21598.75,21480.75,47.5,139.0,1.4631578947368422,TP,1,L|swing
2025-01-17 14:23:00-05:00,2025-01-17 14:23:00-05:00,2025-01-17 15:00:00-05:00,L,21642.75,21608.5,21608.75,34.0,-70.5,-1.036764705882353,SL,1,L|swing
2025-01-20 10:53:00-05:00,2025-01-20 10:53:00-05:00,2025-01-20 12:26:00-05:00,L,21684.25,21640.5,21640.75,43.5,-89.5,-1.028735632183908,SL,1,L|swing
2025-01-20 12:35:00-05:00,2025-01-20 12:35:00-05:00,2025-01-20 12:49:00-05:00,L,21698.5,21686.5,21622.75,75.75,-26.0,-0.1716171617161716,time,1,L|swing
2025-01-21 14:26:00-05:00,2025-01-21 14:26:00-05:00,2025-01-21 14:38:00-05:00,L,21743.25,21711.25,21711.5,31.75,-66.0,-1.0393700787401574,SL,1,L|swing
2025-01-22 09:53:00-05:00,2025-01-22 09:53:00-05:00,2025-01-22 15:59:00-05:00,L,21998.75,21997.0,21899.75,99.0,-5.5,-0.027777777777777776,time,1,L|swing
2025-01-23 12:32:00-05:00,2025-01-23 12:32:00-05:00,2025-01-23 13:13:00-05:00,S,21913.0,21947.0,21946.75,33.75,-70.0,-1.037037037037037,SL,1,S|swing
2025-01-24 11:29:00-05:00,2025-01-24 11:29:00-05:00,2025-01-24 12:29:00-05:00,L,22013.25,21969.5,21969.75,43.5,-89.5,-1.028735632183908,SL,1,L|swing
2025-01-27 12:47:00-05:00,2025-01-27 12:47:00-05:00,2025-01-27 14:29:00-05:00,S,21193.25,21257.0,21256.75,63.5,-129.5,-1.0196850393700787,SL,1,S|swing
2025-01-27 14:44:00-05:00,2025-01-27 14:44:00-05:00,2025-01-27 15:58:00-05:00,S,21167.5,21261.0,21260.75,93.25,-189.0,-1.0134048257372654,SL,1,S|swing
2025-01-28 10:14:00-05:00,2025-01-28 10:14:00-05:00,2025-01-28 15:59:00-05:00,L,21375.25,21575.75,21160.5,214.75,399.0,0.9289871944121071,time,1,L|swing
2025-01-29 09:41:00-05:00,2025-01-29 09:41:00-05:00,2025-01-29 15:59:00-05:00,S,21520.5,21530.25,21627.25,106.75,-21.5,-0.10070257611241218,time,1,S|swing
2025-01-30 09:35:00-05:00,2025-01-30 09:35:00-05:00,2025-01-30 09:46:00-05:00,S,21602.0,21669.25,21669.0,67.0,-136.5,-1.0186567164179106,SL,1,S|swing
2025-01-30 10:02:00-05:00,2025-01-30 10:02:00-05:00,2025-01-30 15:59:00-05:00,S,21598.0,21624.5,21749.0,151.0,-55.0,-0.18211920529801323,time,1,S|swing
2025-01-31 11:44:00-05:00,2025-01-31 11:44:00-05:00,2025-01-31 12:05:00-05:00,L,21895.5,21876.75,21877.0,18.5,-39.5,-1.0675675675675675,SL,1,L|swing
2025-01-31 12:08:00-05:00,2025-01-31 12:08:00-05:00,2025-01-31 12:29:00-05:00,L,21892.25,21933.25,21864.25,28.0,80.0,1.4285714285714286,TP,1,L|swing
2025-01-31 14:32:00-05:00,2025-01-31 14:32:00-05:00,2025-01-31 14:44:00-05:00,S,21711.0,21633.5,21763.25,52.25,153.0,1.4641148325358853,TP,1,S|swing
2025-02-03 10:14:00-05:00,2025-02-03 10:14:00-05:00,2025-02-03 10:24:00-05:00,S,21128.0,21269.0,21268.75,140.75,-284.0,-1.0088809946714032,SL,1,S|swing
2025-02-03 10:44:00-05:00,2025-02-03 10:44:00-05:00,2025-02-03 15:59:00-05:00,L,21439.25,21406.5,21113.0,326.25,-67.5,-0.10344827586206896,time,1,L|swing
2025-02-04 11:17:00-05:00,2025-02-04 11:17:00-05:00,2025-02-04 12:16:00-05:00,L,21658.5,21622.75,21623.0,35.5,-73.5,-1.0352112676056338,SL,1,L|swing
2025-02-04 13:17:00-05:00,2025-02-04 13:17:00-05:00,2025-02-04 14:20:00-05:00,L,21610.0,21669.75,21569.5,40.5,117.5,1.4506172839506173,TP,1,L|swing
2025-02-05 09:35:00-05:00,2025-02-05 09:35:00-05:00,2025-02-05 10:00:00-05:00,L,21554.0,21607.75,21517.5,36.5,105.5,1.4452054794520548,TP,1,L|swing
2025-02-05 10:14:00-05:00,2025-02-05 10:14:00-05:00,2025-02-05 11:38:00-05:00,L,21558.75,21644.75,21500.75,58.0,170.0,1.4655172413793103,TP,1,L|swing
2025-02-05 13:35:00-05:00,2025-02-05 13:35:00-05:00,2025-02-05 15:21:00-05:00,L,21700.0,21742.75,21671.0,29.0,83.5,1.4396551724137931,TP,1,L|swing
2025-02-06 10:47:00-05:00,2025-02-06 10:47:00-05:00,2025-02-06 15:54:00-05:00,S,21742.5,21850.0,21849.75,107.25,-217.0,-1.0116550116550116,SL,1,S|swing
2025-02-07 10:02:00-05:00,2025-02-07 10:02:00-05:00,2025-02-07 15:59:00-05:00,S,21783.75,21588.5,21968.0,184.25,388.5,1.0542740841248304,time,1,S|swing
2025-02-10 09:35:00-05:00,2025-02-10 09:35:00-05:00,2025-02-10 09:44:00-05:00,L,21766.25,21801.75,21742.0,24.25,69.0,1.422680412371134,TP,1,L|swing
2025-02-10 11:59:00-05:00,2025-02-10 11:59:00-05:00,2025-02-10 12:08:00-05:00,L,21871.75,21835.25,21835.5,36.25,-75.0,-1.0344827586206897,SL,1,L|swing
2025-02-10 12:26:00-05:00,2025-02-10 12:26:00-05:00,2025-02-10 13:01:00-05:00,L,21838.0,21868.75,21817.0,21.0,59.5,1.4166666666666667,TP,1,L|swing
2025-02-10 13:02:00-05:00,2025-02-10 13:02:00-05:00,2025-02-10 15:50:00-05:00,L,21866.75,21835.5,21835.75,31.0,-64.5,-1.0403225806451613,SL,1,L|swing
2025-02-11 13:11:00-05:00,2025-02-11 13:11:00-05:00,2025-02-11 13:30:00-05:00,S,21751.75,21782.0,21781.75,30.0,-62.5,-1.0416666666666667,SL,1,S|swing
2025-02-11 13:35:00-05:00,2025-02-11 13:35:00-05:00,2025-02-11 15:59:00-05:00,L,21812.25,21790.0,21747.5,64.75,-46.5,-0.3590733590733591,time,1,L|swing
2025-02-12 11:17:00-05:00,2025-02-12 11:17:00-05:00,2025-02-12 11:44:00-05:00,S,21678.5,21733.5,21733.25,54.75,-112.0,-1.0228310502283104,SL,1,S|swing
2025-02-13 09:38:00-05:00,2025-02-13 09:38:00-05:00,2025-02-13 10:02:00-05:00,S,21838.0,21951.5,21951.25,113.25,-229.0,-1.011037527593819,SL,1,S|swing
2025-02-13 12:08:00-05:00,2025-02-13 12:08:00-05:00,2025-02-13 13:19:00-05:00,L,21992.5,21941.5,21941.75,50.75,-104.0,-1.0246305418719213,SL,1,L|swing
2025-02-14 10:08:00-05:00,2025-02-14 10:08:00-05:00,2025-02-14 15:53:00-05:00,L,22140.75,22214.75,22090.75,50.0,146.0,1.46,TP,1,L|swing
2025-02-17 11:35:00-05:00,2025-02-17 11:35:00-05:00,2025-02-17 12:49:00-05:00,S,22239.25,22238.75,22252.5,13.25,-1.0,-0.03773584905660377,time,1,S|swing
2025-02-18 10:56:00-05:00,2025-02-18 10:56:00-05:00,2025-02-18 10:57:00-05:00,S,22184.75,22187.75,22187.5,2.75,-8.0,-1.4545454545454546,SL,1,S|swing
2025-02-18 13:29:00-05:00,2025-02-18 13:29:00-05:00,2025-02-18 15:55:00-05:00,S,22163.75,22206.5,22206.25,42.5,-87.5,-1.0294117647058822,SL,1,S|swing
2025-02-19 09:50:00-05:00,2025-02-19 09:50:00-05:00,2025-02-19 11:11:00-05:00,S,22168.25,22222.0,22221.75,53.5,-109.5,-1.0233644859813085,SL,1,S|swing
2025-02-19 13:23:00-05:00,2025-02-19 13:23:00-05:00,2025-02-19 15:59:00-05:00,L,22245.25,22246.5,22194.5,50.75,0.5,0.0049261083743842365,time,1,L|swing
2025-02-20 11:17:00-05:00,2025-02-20 11:17:00-05:00,2025-02-20 12:05:00-05:00,S,22027.5,22077.0,22076.75,49.25,-101.0,-1.0253807106598984,SL,1,S|swing
2025-02-20 12:11:00-05:00,2025-02-20 12:11:00-05:00,2025-02-20 12:13:00-05:00,S,22073.75,22059.75,22083.75,10.0,26.0,1.3,TP,1,S|swing
2025-02-20 13:02:00-05:00,2025-02-20 13:02:00-05:00,2025-02-20 14:12:00-05:00,S,22037.25,22098.5,22098.25,61.0,-124.5,-1.0204918032786885,SL,1,S|swing
2025-02-20 14:38:00-05:00,2025-02-20 14:38:00-05:00,2025-02-20 14:48:00-05:00,S,22062.25,22112.5,22112.25,50.0,-102.5,-1.025,SL,1,S|swing
2025-02-21 09:50:00-05:00,2025-02-21 09:50:00-05:00,2025-02-21 12:19:00-05:00,S,22102.75,21915.25,22228.25,125.5,373.0,1.4860557768924303,TP,1,S|swing
2025-02-21 13:23:00-05:00,2025-02-21 13:23:00-05:00,2025-02-21 14:20:00-05:00,S,21817.25,21728.25,21877.25,60.0,176.0,1.4666666666666666,TP,1,S|swing
2025-02-24 09:35:00-05:00,2025-02-24 09:35:00-05:00,2025-02-24 09:53:00-05:00,S,21726.5,21614.25,21802.0,75.5,222.5,1.4735099337748345,TP,1,S|swing
2025-02-24 11:14:00-05:00,2025-02-24 11:14:00-05:00,2025-02-24 11:17:00-05:00,S,21524.25,21536.5,21536.25,12.0,-26.5,-1.1041666666666667,SL,1,S|swing
2025-02-24 13:41:00-05:00,2025-02-24 13:41:00-05:00,2025-02-24 13:57:00-05:00,S,21641.5,21612.25,21661.5,20.0,56.5,1.4125,TP,1,S|swing
2025-02-24 14:08:00-05:00,2025-02-24 14:08:00-05:00,2025-02-24 15:02:00-05:00,S,21606.5,21533.75,21655.5,49.0,143.5,1.4642857142857142,TP,1,S|swing
2025-02-25 11:23:00-05:00,2025-02-25 11:23:00-05:00,2025-02-25 11:57:00-05:00,S,21061.75,21160.5,21160.25,98.5,-199.5,-1.0126903553299493,SL,1,S|swing
2025-02-25 13:29:00-05:00,2025-02-25 13:29:00-05:00,2025-02-25 15:59:00-05:00,S,21172.75,21150.5,21282.0,109.25,42.5,0.1945080091533181,time,1,S|swing
2025-02-26 13:05:00-05:00,2025-02-26 13:05:00-05:00,2025-02-26 15:59:00-05:00,S,21232.0,21192.25,21352.5,120.5,77.5,0.3215767634854772,time,1,S|swing
2025-02-27 09:41:00-05:00,2025-02-27 09:41:00-05:00,2025-02-27 09:56:00-05:00,S,21243.25,21037.25,21381.25,138.0,410.0,1.4855072463768115,TP,1,S|swing
2025-02-27 11:05:00-05:00,2025-02-27 11:05:00-05:00,2025-02-27 11:16:00-05:00,S,21041.0,21140.0,21139.75,98.75,-200.0,-1.0126582278481013,SL,1,S|swing
2025-02-27 11:23:00-05:00,2025-02-27 11:23:00-05:00,2025-02-27 11:25:00-05:00,S,21145.75,21124.75,21160.25,14.5,40.0,1.3793103448275863,TP,1,S|swing
2025-02-27 11:38:00-05:00,2025-02-27 11:38:00-05:00,2025-02-27 14:24:00-05:00,S,21073.5,20944.25,21160.25,86.75,256.5,1.478386167146974,TP,1,S|swing
2025-02-28 10:23:00-05:00,2025-02-28 10:23:00-05:00,2025-02-28 12:59:00-05:00,L,20689.75,20540.5,20540.75,149.0,-300.5,-1.0083892617449663,SL,1,L|swing
2025-02-28 13:47:00-05:00,2025-02-28 13:47:00-05:00,2025-02-28 13:57:00-05:00,S,20627.75,20569.25,20667.25,39.5,115.0,1.4556962025316456,TP,1,S|swing
2025-02-28 14:05:00-05:00,2025-02-28 14:05:00-05:00,2025-02-28 14:38:00-05:00,S,20572.5,20667.5,20667.25,94.75,-192.0,-1.0131926121372032,SL,1,S|swing
2025-03-03 09:38:00-05:00,2025-03-03 09:38:00-05:00,2025-03-03 10:00:00-05:00,S,20999.25,20817.5,21121.0,121.75,361.5,1.484599589322382,TP,1,S|swing
2025-03-03 10:32:00-05:00,2025-03-03 10:32:00-05:00,2025-03-03 10:37:00-05:00,S,20955.75,20906.0,20989.5,33.75,97.5,1.4444444444444444,TP,1,S|swing
2025-03-03 11:29:00-05:00,2025-03-03 11:29:00-05:00,2025-03-03 13:09:00-05:00,S,20886.25,20738.75,20985.25,99.0,293.0,1.47979797979798,TP,1,S|swing
2025-03-03 14:35:00-05:00,2025-03-03 14:35:00-05:00,2025-03-03 14:40:00-05:00,S,20754.25,20787.75,20787.5,33.25,-69.0,-1.037593984962406,SL,1,S|swing
2025-03-03 14:50:00-05:00,2025-03-03 14:50:00-05:00,2025-03-03 14:59:00-05:00,S,20732.75,20602.75,20820.0,87.25,258.0,1.478510028653295,TP,1,S|swing
2025-03-04 09:41:00-05:00,2025-03-04 09:41:00-05:00,2025-03-04 10:00:00-05:00,S,20341.0,20208.0,20430.25,89.25,264.0,1.4789915966386555,TP,1,S|swing
2025-03-04 10:35:00-05:00,2025-03-04 10:35:00-05:00,2025-03-04 10:39:00-05:00,S,20223.0,20187.5,20247.25,24.25,69.0,1.422680412371134,TP,1,S|swing
2025-03-04 10:44:00-05:00,2025-03-04 10:44:00-05:00,2025-03-04 10:45:00-05:00,S,20234.75,20243.75,20243.5,8.75,-20.0,-1.1428571428571428,SL,1,S|swing
2025-03-04 11:38:00-05:00,2025-03-04 11:38:00-05:00,2025-03-04 11:42:00-05:00,S,20196.0,20231.0,20230.75,34.75,-72.0,-1.0359712230215827,SL,1,S|swing
2025-03-05 11:02:00-05:00,2025-03-05 11:02:00-05:00,2025-03-05 11:34:00-05:00,S,20357.0,20233.0,20440.25,83.25,246.0,1.4774774774774775,TP,1,S|swing
2025-03-05 12:14:00-05:00,2025-03-05 12:14:00-05:00,2025-03-05 12:17:00-05:00,S,20369.5,20404.75,20404.5,35.0,-72.5,-1.0357142857142858,SL,1,S|swing
2025-03-05 14:02:00-05:00,2025-03-05 14:02:00-05:00,2025-03-05 15:59:00-05:00,L,20597.5,20657.75,20448.25,149.25,118.5,0.3969849246231156,time,1,L|swing
2025-03-06 11:23:00-05:00,2025-03-06 11:23:00-05:00,2025-03-06 11:59:00-05:00,S,20396.25,20247.25,20496.25,100.0,296.0,1.48,TP,1,S|swing
2025-03-06 13:08:00-05:00,2025-03-06 13:08:00-05:00,2025-03-06 13:18:00-05:00,S,20147.25,20195.25,20195.0,47.75,-98.0,-1.0261780104712042,SL,1,S|swing
2025-03-06 13:38:00-05:00,2025-03-06 13:38:00-05:00,2025-03-06 15:59:00-05:00,S,20092.5,20094.25,20208.25,115.75,-5.5,-0.023758099352051837,time,1,S|swing
2025-03-07 10:35:00-05:00,2025-03-07 10:35:00-05:00,2025-03-07 14:01:00-05:00,S,19929.75,20193.5,20193.25,263.5,-529.5,-1.0047438330170777,SL,1,S|swing
2025-03-10 09:53:00-04:00,2025-03-10 09:53:00-04:00,2025-03-10 10:46:00-04:00,S,19779.25,19595.75,19902.25,123.0,365.0,1.483739837398374,TP,1,S|swing
2025-03-10 12:08:00-04:00,2025-03-10 12:08:00-04:00,2025-03-10 14:55:00-04:00,S,19562.5,19365.25,19694.5,132.0,392.5,1.4867424242424243,TP,1,S|swing
2025-03-11 09:47:00-04:00,2025-03-11 09:47:00-04:00,2025-03-11 10:04:00-04:00,L,19548.25,19386.0,19386.25,162.0,-326.5,-1.007716049382716,SL,1,L|swing
2025-03-11 11:41:00-04:00,2025-03-11 11:41:00-04:00,2025-03-11 12:00:00-04:00,L,19524.0,19411.25,19411.5,112.5,-227.5,-1.011111111111111,SL,1,L|swing
2025-03-11 14:05:00-04:00,2025-03-11 14:05:00-04:00,2025-03-11 14:07:00-04:00,S,19401.75,19443.25,19443.0,41.25,-85.0,-1.0303030303030303,SL,1,S|swing
2025-03-11 14:08:00-04:00,2025-03-11 14:08:00-04:00,2025-03-11 15:59:00-04:00,L,19449.5,19392.5,19231.5,218.0,-116.0,-0.26605504587155965,time,1,L|swing
2025-03-12 09:59:00-04:00,2025-03-12 09:59:00-04:00,2025-03-12 10:03:00-04:00,L,19643.5,19589.0,19589.25,54.25,-111.0,-1.023041474654378,SL,1,L|swing
2025-03-12 10:05:00-04:00,2025-03-12 10:05:00-04:00,2025-03-12 10:31:00-04:00,L,19678.0,19579.5,19579.75,98.25,-199.0,-1.0127226463104326,SL,1,L|swing
2025-03-12 13:53:00-04:00,2025-03-12 13:53:00-04:00,2025-03-12 13:54:00-04:00,L,19620.0,19615.0,19615.25,4.75,-12.0,-1.263157894736842,SL,1,L|swing
2025-03-12 13:56:00-04:00,2025-03-12 13:56:00-04:00,2025-03-12 15:59:00-04:00,S,19559.0,19609.5,19720.0,161.0,-103.0,-0.3198757763975155,time,1,S|swing
2025-03-13 09:44:00-04:00,2025-03-13 09:44:00-04:00,2025-03-13 11:38:00-04:00,S,19471.5,19293.5,19590.75,119.25,354.0,1.4842767295597483,TP,1,S|swing
2025-03-13 13:59:00-04:00,2025-03-13 13:59:00-04:00,2025-03-13 14:01:00-04:00,S,19191.5,19227.25,19227.0,35.5,-73.5,-1.0352112676056338,SL,1,S|swing
2025-03-14 09:35:00-04:00,2025-03-14 09:35:00-04:00,2025-03-14 10:00:00-04:00,L,19564.75,19449.5,19449.75,115.0,-232.5,-1.0108695652173914,SL,1,L|swing
2025-03-14 10:38:00-04:00,2025-03-14 10:38:00-04:00,2025-03-14 11:20:00-04:00,L,19528.5,19653.25,19444.75,83.75,247.5,1.4776119402985075,TP,1,L|swing
2025-03-14 12:20:00-04:00,2025-03-14 12:20:00-04:00,2025-03-14 12:28:00-04:00,L,19654.75,19613.5,19613.75,41.0,-84.5,-1.0304878048780488,SL,1,L|swing
2025-03-14 12:35:00-04:00,2025-03-14 12:35:00-04:00,2025-03-14 15:54:00-04:00,L,19652.5,19724.75,19603.75,48.75,142.5,1.4615384615384615,TP,1,L|swing
2025-03-17 10:44:00-04:00,2025-03-17 10:44:00-04:00,2025-03-17 10:59:00-04:00,L,19751.0,19675.5,19675.75,75.25,-153.0,-1.0166112956810631,SL,1,L|swing
2025-03-17 13:20:00-04:00,2025-03-17 13:20:00-04:00,2025-03-17 13:37:00-04:00,L,19724.5,19800.75,19673.0,51.5,150.5,1.4611650485436893,TP,1,L|swing
2025-03-18 10:53:00-04:00,2025-03-18 10:53:00-04:00,2025-03-18 12:29:00-04:00,S,19469.0,19530.5,19530.25,61.25,-125.0,-1.0204081632653061,SL,1,S|swing
2025-03-18 13:32:00-04:00,2025-03-18 13:32:00-04:00,2025-03-18 14:49:00-04:00,S,19470.0,19545.5,19545.25,75.25,-153.0,-1.0166112956810631,SL,1,S|swing
2025-03-19 11:08:00-04:00,2025-03-19 11:08:00-04:00,2025-03-19 11:54:00-04:00,L,19643.5,19730.75,19584.75,58.75,172.5,1.4680851063829787,TP,1,L|swing
2025-03-19 13:17:00-04:00,2025-03-19 13:17:00-04:00,2025-03-19 13:30:00-04:00,L,19612.25,19600.5,19600.75,11.5,-25.5,-1.108695652173913,SL,1,L|swing
2025-03-19 13:50:00-04:00,2025-03-19 13:50:00-04:00,2025-03-19 14:00:00-04:00,L,19609.75,19583.25,19583.5,26.25,-55.0,-1.0476190476190477,SL,1,L|swing
2025-03-19 14:02:00-04:00,2025-03-19 14:02:00-04:00,2025-03-19 14:53:00-04:00,L,19651.25,19787.75,19559.75,91.5,271.0,1.4808743169398908,TP,1,L|swing
2025-03-24 09:38:00-04:00,2025-03-24 09:38:00-04:00,2025-03-24 11:07:00-04:00,L,20284.25,20367.0,20228.5,55.75,163.5,1.4663677130044843,TP,1,L|swing
2025-03-24 12:32:00-04:00,2025-03-24 12:32:00-04:00,2025-03-24 12:41:00-04:00,L,20341.25,20323.5,20323.75,17.5,-37.5,-1.0714285714285714,SL,1,L|swing
2025-03-24 12:44:00-04:00,2025-03-24 12:44:00-04:00,2025-03-24 13:13:00-04:00,L,20340.5,20318.5,20318.75,21.75,-46.0,-1.0574712643678161,SL,1,L|swing
2025-03-24 13:29:00-04:00,2025-03-24 13:29:00-04:00,2025-03-24 14:04:00-04:00,L,20337.75,20308.75,20309.0,28.75,-60.0,-1.0434782608695652,SL,1,L|swing
2025-03-24 14:05:00-04:00,2025-03-24 14:05:00-04:00,2025-03-24 14:39:00-04:00,L,20329.0,20359.75,20308.0,21.0,59.5,1.4166666666666667,TP,1,L|swing
2025-03-24 14:44:00-04:00,2025-03-24 14:44:00-04:00,2025-03-24 15:59:00-04:00,L,20359.5,20365.75,20315.5,44.0,10.5,0.11931818181818182,time,1,L|swing
2025-03-25 09:38:00-04:00,2025-03-25 09:38:00-04:00,2025-03-25 09:41:00-04:00,L,20396.5,20421.25,20379.5,17.0,47.5,1.3970588235294117,TP,1,L|swing
2025-03-25 09:53:00-04:00,2025-03-25 09:53:00-04:00,2025-03-25 10:29:00-04:00,L,20397.5,20449.5,20362.25,35.25,102.0,1.446808510638298,TP,1,L|swing
2025-03-25 11:50:00-04:00,2025-03-25 11:50:00-04:00,2025-03-25 11:52:00-04:00,L,20463.25,20447.25,20447.5,15.75,-34.0,-1.0793650793650793,SL,1,L|swing
2025-03-25 13:02:00-04:00,2025-03-25 13:02:00-04:00,2025-03-25 13:28:00-04:00,L,20467.75,20416.75,20417.0,50.75,-104.0,-1.0246305418719213,SL,1,L|swing
2025-03-25 14:11:00-04:00,2025-03-25 14:11:00-04:00,2025-03-25 15:48:00-04:00,L,20435.75,20485.25,20402.25,33.5,97.0,1.4477611940298507,TP,1,L|swing
2025-03-26 09:50:00-04:00,2025-03-26 09:50:00-04:00,2025-03-26 10:20:00-04:00,S,20395.0,20275.5,20475.25,80.25,237.0,1.4766355140186915,TP,1,S|swing
2025-03-26 10:35:00-04:00,2025-03-26 10:35:00-04:00,2025-03-26 11:52:00-04:00,S,20287.0,20205.75,20341.75,54.75,160.5,1.4657534246575343,TP,1,S|swing
2025-03-27 10:08:00-04:00,2025-03-27 10:08:00-04:00,2025-03-27 10:29:00-04:00,S,20042.0,20103.25,20103.0,61.0,-124.5,-1.0204918032786885,SL,1,S|swing
2025-03-27 12:41:00-04:00,2025-03-27 12:41:00-04:00,2025-03-27 12:47:00-04:00,L,20096.5,20068.75,20069.0,27.5,-57.5,-1.0454545454545454,SL,1,L|swing
2025-03-27 12:50:00-04:00,2025-03-27 12:50:00-04:00,2025-03-27 15:59:00-04:00,S,20034.75,19995.5,20151.5,116.75,76.5,0.32762312633832974,time,1,S|swing
2025-03-28 09:44:00-04:00,2025-03-28 09:44:00-04:00,2025-03-28 10:08:00-04:00,S,19881.5,19755.75,19966.0,84.5,249.5,1.4763313609467457,TP,1,S|swing
2025-03-28 11:59:00-04:00,2025-03-28 11:59:00-04:00,2025-03-28 15:59:00-04:00,S,19541.75,19461.75,19632.5,90.75,158.0,0.8705234159779615,time,1,S|swing
2025-03-31 10:56:00-04:00,2025-03-31 10:56:00-04:00,2025-03-31 11:00:00-04:00,S,19131.25,19166.0,19165.75,34.5,-71.5,-1.036231884057971,SL,1,S|swing
2025-03-31 11:08:00-04:00,2025-03-31 11:08:00-04:00,2025-03-31 11:22:00-04:00,S,19147.0,19187.0,19186.75,39.75,-82.0,-1.0314465408805031,SL,1,S|swing
2025-03-31 11:23:00-04:00,2025-03-31 11:23:00-04:00,2025-03-31 14:10:00-04:00,L,19204.75,19340.75,19113.5,91.25,270.0,1.4794520547945205,TP,1,L|swing
2025-04-01 09:38:00-04:00,2025-04-01 09:38:00-04:00,2025-04-01 09:47:00-04:00,S,19355.0,19433.5,19433.25,78.25,-159.0,-1.0159744408945688,SL,1,S|swing
2025-04-01 09:56:00-04:00,2025-04-01 09:56:00-04:00,2025-04-01 10:20:00-04:00,S,19386.0,19272.25,19462.5,76.5,225.5,1.473856209150327,TP,1,S|swing
2025-04-01 10:59:00-04:00,2025-04-01 10:59:00-04:00,2025-04-01 15:59:00-04:00,L,19516.25,19603.0,19327.5,188.75,171.5,0.4543046357615894,time,1,L|swing
2025-04-02 13:56:00-04:00,2025-04-02 13:56:00-04:00,2025-04-02 14:04:00-04:00,L,19751.75,19718.5,19718.75,33.0,-68.5,-1.0378787878787878,SL,1,L|swing
2025-04-02 14:41:00-04:00,2025-04-02 14:41:00-04:00,2025-04-02 15:59:00-04:00,L,19706.75,19746.25,19604.5,102.25,77.0,0.3765281173594132,time,1,L|swing
2025-04-03 10:29:00-04:00,2025-04-03 10:29:00-04:00,2025-04-03 10:48:00-04:00,S,18921.25,18798.25,19003.75,82.5,244.0,1.4787878787878788,TP,1,S|swing
2025-04-03 12:41:00-04:00,2025-04-03 12:41:00-04:00,2025-04-03 13:21:00-04:00,S,18933.0,18850.75,18988.5,55.5,162.5,1.4639639639639639,TP,1,S|swing
2025-04-04 11:53:00-04:00,2025-04-04 11:53:00-04:00,2025-04-04 13:16:00-04:00,S,17933.75,17651.5,18122.5,188.75,562.5,1.490066225165563,TP,1,S|swing
2025-04-04 14:20:00-04:00,2025-04-04 14:20:00-04:00,2025-04-04 15:59:00-04:00,S,17708.25,17536.0,17913.25,205.0,342.5,0.8353658536585366,time,1,S|swing
2025-04-07 09:56:00-04:00,2025-04-07 09:56:00-04:00,2025-04-07 10:13:00-04:00,L,17165.25,17902.25,16673.25,492.0,1472.0,1.4959349593495934,TP,1,L|swing
2025-04-07 11:35:00-04:00,2025-04-07 11:35:00-04:00,2025-04-07 13:29:00-04:00,L,17344.0,17633.25,17150.5,193.5,576.5,1.4896640826873384,TP,1,L|swing
2025-04-08 10:05:00-04:00,2025-04-08 10:05:00-04:00,2025-04-08 11:12:00-04:00,L,18313.75,18061.75,18062.0,251.75,-506.0,-1.0049652432969216,SL,1,L|swing
2025-04-08 12:11:00-04:00,2025-04-08 12:11:00-04:00,2025-04-08 12:17:00-04:00,L,18052.0,17952.0,17952.25,99.75,-202.0,-1.012531328320802,SL,1,L|swing
2025-04-08 14:23:00-04:00,2025-04-08 14:23:00-04:00,2025-04-08 14:30:00-04:00,S,17580.0,17686.0,17685.75,105.75,-214.0,-1.011820330969267,SL,1,S|swing
2025-04-08 14:32:00-04:00,2025-04-08 14:32:00-04:00,2025-04-08 15:04:00-04:00,S,17569.0,17367.0,17704.25,135.25,402.0,1.4861367837338262,TP,1,S|swing
2025-04-09 12:02:00-04:00,2025-04-09 12:02:00-04:00,2025-04-09 12:10:00-04:00,L,17320.5,17402.5,17265.25,55.25,162.0,1.4660633484162895,TP,1,L|swing
2025-04-09 12:11:00-04:00,2025-04-09 12:11:00-04:00,2025-04-09 13:02:00-04:00,L,17410.25,17626.75,17265.25,145.0,431.0,1.486206896551724,TP,1,L|swing
2025-04-09 14:29:00-04:00,2025-04-09 14:29:00-04:00,2025-04-09 15:00:00-04:00,L,19043.5,18745.0,18745.25,298.25,-599.0,-1.0041911148365466,SL,1,L|swing
2025-04-10 09:35:00-04:00,2025-04-10 09:35:00-04:00,2025-04-10 09:58:00-04:00,S,18806.0,18661.75,18902.75,96.75,286.5,1.4806201550387597,TP,1,S|swing
2025-04-10 10:32:00-04:00,2025-04-10 10:32:00-04:00,2025-04-10 10:34:00-04:00,S,18714.75,18748.0,18747.75,33.0,-68.5,-1.0378787878787878,SL,1,S|swing
2025-04-10 10:38:00-04:00,2025-04-10 10:38:00-04:00,2025-04-10 10:41:00-04:00,S,18749.25,18783.0,18782.75,33.5,-69.5,-1.037313432835821,SL,1,S|swing
2025-04-10 10:44:00-04:00,2025-04-10 10:44:00-04:00,2025-04-10 10:58:00-04:00,S,18718.25,18594.25,18801.5,83.25,246.0,1.4774774774774775,TP,1,S|swing
2025-04-10 13:11:00-04:00,2025-04-10 13:11:00-04:00,2025-04-10 13:56:00-04:00,S,18136.75,18494.75,18494.5,357.75,-718.0,-1.0034940600978337,SL,1,S|swing
2025-04-11 09:41:00-04:00,2025-04-11 09:41:00-04:00,2025-04-11 09:43:00-04:00,S,18436.0,18536.5,18536.25,100.25,-203.0,-1.0124688279301746,SL,1,S|swing
2025-04-11 09:44:00-04:00,2025-04-11 09:44:00-04:00,2025-04-11 10:21:00-04:00,L,18536.75,18353.0,18353.25,183.5,-369.5,-1.0068119891008174,SL,1,L|swing
2025-04-11 11:59:00-04:00,2025-04-11 11:59:00-04:00,2025-04-11 13:44:00-04:00,L,18568.5,18842.5,18385.25,183.25,546.0,1.489768076398363,TP,1,L|swing
2025-04-11 13:53:00-04:00,2025-04-11 13:53:00-04:00,2025-04-11 15:59:00-04:00,L,18851.75,18808.5,18594.5,257.25,-88.5,-0.17201166180758018,time,1,L|swing
2025-04-14 10:05:00-04:00,2025-04-14 10:05:00-04:00,2025-04-14 11:27:00-04:00,L,19170.75,18986.5,18986.75,184.0,-370.5,-1.0067934782608696,SL,1,L|swing
2025-04-14 12:56:00-04:00,2025-04-14 12:56:00-04:00,2025-04-14 13:00:00-04:00,S,18807.0,18896.5,18896.25,89.25,-181.0,-1.0140056022408963,SL,1,S|swing
2025-04-14 13:14:00-04:00,2025-04-14 13:14:00-04:00,2025-04-14 13:23:00-04:00,S,18838.0,18915.5,18915.25,77.25,-157.0,-1.0161812297734627,SL,1,S|swing
2025-04-14 13:44:00-04:00,2025-04-14 13:44:00-04:00,2025-04-14 13:53:00-04:00,S,18854.5,18921.5,18921.25,66.75,-136.0,-1.0187265917602997,SL,1,S|swing
2025-04-15 11:20:00-04:00,2025-04-15 11:20:00-04:00,2025-04-15 11:37:00-04:00,L,19082.0,18989.75,18990.0,92.0,-186.5,-1.013586956521739,SL,1,L|swing
2025-04-15 11:53:00-04:00,2025-04-15 11:53:00-04:00,2025-04-15 12:55:00-04:00,L,19059.25,18982.5,18982.75,76.5,-155.5,-1.0163398692810457,SL,1,L|swing
2025-04-15 13:44:00-04:00,2025-04-15 13:44:00-04:00,2025-04-15 13:53:00-04:00,S,18970.5,18937.75,18993.0,22.5,63.5,1.4111111111111112,TP,1,S|swing
2025-04-15 14:02:00-04:00,2025-04-15 14:02:00-04:00,2025-04-15 14:46:00-04:00,S,18941.0,18989.5,18989.25,48.25,-99.0,-1.0259067357512954,SL,1,S|swing
2025-04-16 09:50:00-04:00,2025-04-16 09:50:00-04:00,2025-04-16 11:24:00-04:00,S,18596.25,18679.5,18679.25,83.0,-168.5,-1.0150602409638554,SL,1,S|swing
2025-04-16 13:08:00-04:00,2025-04-16 13:08:00-04:00,2025-04-16 13:29:00-04:00,S,18555.0,18593.25,18593.0,38.0,-78.5,-1.0328947368421053,SL,1,S|swing
2025-04-17 10:08:00-04:00,2025-04-17 10:08:00-04:00,2025-04-17 10:39:00-04:00,S,18410.0,18262.25,18509.0,99.0,293.5,1.4823232323232323,TP,1,S|swing
2025-04-17 10:50:00-04:00,2025-04-17 10:50:00-04:00,2025-04-17 11:07:00-04:00,S,18345.0,18403.25,18403.0,58.0,-118.5,-1.021551724137931,SL,1,S|swing
2025-04-17 11:26:00-04:00,2025-04-17 11:26:00-04:00,2025-04-17 12:19:00-04:00,S,18380.0,18444.5,18444.25,64.25,-131.0,-1.0194552529182879,SL,1,S|swing
2025-04-17 13:17:00-04:00,2025-04-17 13:17:00-04:00,2025-04-17 13:54:00-04:00,S,18400.5,18476.0,18475.75,75.25,-153.0,-1.0166112956810631,SL,1,S|swing
2025-04-17 14:17:00-04:00,2025-04-17 14:17:00-04:00,2025-04-17 14:58:00-04:00,L,18494.0,18424.5,18424.75,69.25,-141.0,-1.0180505415162455,SL,1,L|swing
2025-04-21 09:35:00-04:00,2025-04-21 09:35:00-04:00,2025-04-21 09:47:00-04:00,S,18121.5,18055.75,18166.0,44.5,129.5,1.4550561797752808,TP,1,S|swing
2025-04-21 11:02:00-04:00,2025-04-21 11:02:00-04:00,2025-04-21 11:48:00-04:00,S,17913.25,17801.75,17988.25,75.0,221.0,1.4733333333333334,TP,1,S|swing
2025-04-21 12:23:00-04:00,2025-04-21 12:23:00-04:00,2025-04-21 12:28:00-04:00,S,17828.75,17806.75,17844.0,15.25,42.0,1.3770491803278688,TP,1,S|swing
2025-04-21 13:02:00-04:00,2025-04-21 13:02:00-04:00,2025-04-21 15:51:00-04:00,S,17773.0,17875.75,17875.5,102.5,-207.5,-1.0121951219512195,SL,1,S|swing
2025-04-22 11:50:00-04:00,2025-04-22 11:50:00-04:00,2025-04-22 11:58:00-04:00,L,18313.75,18353.25,18286.75,27.0,77.0,1.4259259259259258,TP,1,L|swing
2025-04-22 11:59:00-04:00,2025-04-22 11:59:00-04:00,2025-04-22 13:23:00-04:00,L,18379.25,18286.5,18286.75,92.5,-187.5,-1.0135135135135136,SL,1,L|swing
2025-04-22 14:20:00-04:00,2025-04-22 14:20:00-04:00,2025-04-22 15:59:00-04:00,L,18312.75,18379.5,18210.25,102.5,131.5,0.6414634146341464,time,1,L|swing
2025-04-23 14:11:00-04:00,2025-04-23 14:11:00-04:00,2025-04-23 14:44:00-04:00,L,18938.0,18854.0,18854.25,83.75,-170.0,-1.0149253731343284,SL,1,L|swing
2025-04-24 09:41:00-04:00,2025-04-24 09:41:00-04:00,2025-04-24 10:05:00-04:00,L,18928.5,19083.25,18824.75,103.75,307.5,1.4819277108433735,TP,1,L|swing
2025-04-24 11:32:00-04:00,2025-04-24 11:32:00-04:00,2025-04-24 11:40:00-04:00,L,19145.0,19181.75,19120.0,25.0,71.5,1.43,TP,1,L|swing
2025-04-24 12:14:00-04:00,2025-04-24 12:14:00-04:00,2025-04-24 12:56:00-04:00,L,19191.5,19267.75,19140.0,51.5,150.5,1.4611650485436893,TP,1,L|swing
2025-04-24 13:44:00-04:00,2025-04-24 13:44:00-04:00,2025-04-24 14:01:00-04:00,L,19235.0,19282.25,19203.0,32.0,92.5,1.4453125,TP,1,L|swing
2025-04-25 09:35:00-04:00,2025-04-25 09:35:00-04:00,2025-04-25 09:51:00-04:00,L,19337.25,19250.5,19250.75,86.5,-175.5,-1.0144508670520231,SL,1,L|swing
2025-04-25 10:17:00-04:00,2025-04-25 10:17:00-04:00,2025-04-25 10:31:00-04:00,L,19394.5,19235.5,19235.75,158.75,-320.0,-1.0078740157480315,SL,1,L|swing
2025-04-25 11:38:00-04:00,2025-04-25 11:38:00-04:00,2025-04-25 12:16:00-04:00,S,19323.0,19393.5,19393.25,70.25,-143.0,-1.0177935943060499,SL,1,S|swing
2025-04-28 09:38:00-04:00,2025-04-28 09:38:00-04:00,2025-04-28 09:43:00-04:00,L,19521.0,19577.75,19482.5,38.5,111.5,1.448051948051948,TP,1,L|swing
2025-04-28 09:59:00-04:00,2025-04-28 09:59:00-04:00,2025-04-28 15:59:00-04:00,S,19464.5,19524.25,19623.0,158.5,-121.5,-0.3832807570977918,time,1,S|swing
2025-04-29 09:38:00-04:00,2025-04-29 09:38:00-04:00,2025-04-29 09:44:00-04:00,S,19410.5,19472.0,19471.75,61.25,-125.0,-1.0204081632653061,SL,1,S|swing
2025-04-29 11:35:00-04:00,2025-04-29 11:35:00-04:00,2025-04-29 12:08:00-04:00,S,19508.75,19595.75,19595.5,86.75,-176.0,-1.0144092219020173,SL,1,S|swing
2025-04-29 12:29:00-04:00,2025-04-29 12:29:00-04:00,2025-04-29 12:47:00-04:00,L,19565.75,19535.25,19535.5,30.25,-63.0,-1.0413223140495869,SL,1,L|swing
2025-04-29 12:56:00-04:00,2025-04-29 12:56:00-04:00,2025-04-29 13:39:00-04:00,S,19478.75,19586.75,19586.5,107.75,-218.0,-1.011600928074246,SL,1,S|swing
2025-04-30 09:50:00-04:00,2025-04-30 09:50:00-04:00,2025-04-30 10:29:00-04:00,S,19200.75,19308.25,19308.0,107.25,-217.0,-1.0116550116550116,SL,1,S|swing
2025-04-30 12:23:00-04:00,2025-04-30 12:23:00-04:00,2025-04-30 13:32:00-04:00,S,19391.0,19473.0,19472.75,81.75,-166.0,-1.0152905198776758,SL,1,S|swing
2025-05-01 09:35:00-04:00,2025-05-01 09:35:00-04:00,2025-05-01 09:51:00-04:00,S,19932.75,19992.75,19992.5,59.75,-122.0,-1.0209205020920502,SL,1,S|swing
2025-05-01 09:53:00-04:00,2025-05-01 09:53:00-04:00,2025-05-01 09:59:00-04:00,S,19950.0,19878.5,19998.25,48.25,141.0,1.461139896373057,TP,1,S|swing
2025-05-01 11:56:00-04:00,2025-05-01 11:56:00-04:00,2025-05-01 15:59:00-04:00,S,19959.25,19877.75,20091.75,132.5,161.0,0.6075471698113207,time,1,S|swing
2025-05-02 13:26:00-04:00,2025-05-02 13:26:00-04:00,2025-05-02 13:46:00-04:00,L,20210.75,20232.0,20196.0,14.75,40.5,1.3728813559322033,TP,1,L|swing
2025-05-02 13:47:00-04:00,2025-05-02 13:47:00-04:00,2025-05-02 15:04:00-04:00,L,20232.5,20195.75,20196.0,36.5,-75.5,-1.0342465753424657,SL,1,L|swing
2025-05-05 13:08:00-04:00,2025-05-05 13:08:00-04:00,2025-05-05 13:14:00-04:00,L,20126.5,20117.25,20117.5,9.0,-20.5,-1.1388888888888888,SL,1,L|swing
2025-05-06 09:47:00-04:00,2025-05-06 09:47:00-04:00,2025-05-06 10:17:00-04:00,S,19811.0,19865.0,19864.75,53.75,-110.0,-1.0232558139534884,SL,1,S|swing
2025-05-06 10:44:00-04:00,2025-05-06 10:44:00-04:00,2025-05-06 15:59:00-04:00,L,19910.75,19875.5,19818.5,92.25,-72.5,-0.39295392953929537,time,1,L|swing
2025-05-07 09:35:00-04:00,2025-05-07 09:35:00-04:00,2025-05-07 09:41:00-04:00,S,19879.75,19921.25,19921.0,41.25,-85.0,-1.0303030303030303,SL,1,S|swing
2025-05-07 10:56:00-04:00,2025-05-07 10:56:00-04:00,2025-05-07 15:42:00-04:00,S,19840.25,19978.25,19978.0,137.75,-278.0,-1.0090744101633393,SL,1,S|swing
2025-05-08 09:44:00-04:00,2025-05-08 09:44:00-04:00,2025-05-08 10:12:00-04:00,S,20122.75,20031.25,20184.25,61.5,181.0,1.4715447154471544,TP,1,S|swing
2025-05-08 10:23:00-04:00,2025-05-08 10:23:00-04:00,2025-05-08 11:20:00-04:00,S,20054.5,20125.25,20125.0,70.5,-143.5,-1.0177304964539007,SL,1,S|swing
2025-05-08 12:38:00-04:00,2025-05-08 12:38:00-04:00,2025-05-08 13:34:00-04:00,L,20306.25,20277.75,20278.0,28.25,-59.0,-1.0442477876106195,SL,1,L|swing
2025-05-08 13:50:00-04:00,2025-05-08 13:50:00-04:00,2025-05-08 13:57:00-04:00,L,20279.5,20259.75,20260.0,19.5,-41.5,-1.064102564102564,SL,1,L|swing
2025-05-08 14:20:00-04:00,2025-05-08 14:20:00-04:00,2025-05-08 15:45:00-04:00,L,20283.75,20234.0,20234.25,49.5,-101.5,-1.0252525252525253,SL,1,L|swing
2025-05-09 10:26:00-04:00,2025-05-09 10:26:00-04:00,2025-05-09 15:59:00-04:00,S,20151.75,20136.75,20275.25,123.5,28.0,0.11336032388663968,time,1,S|swing
2025-05-12 10:14:00-04:00,2025-05-12 10:14:00-04:00,2025-05-12 10:28:00-04:00,L,20837.25,20753.75,20754.0,83.25,-169.0,-1.015015015015015,SL,1,L|swing
2025-05-12 11:23:00-04:00,2025-05-12 11:23:00-04:00,2025-05-12 12:17:00-04:00,S,20756.25,20816.25,20816.0,59.75,-122.0,-1.0209205020920502,SL,1,S|swing
2025-05-12 14:20:00-04:00,2025-05-12 14:20:00-04:00,2025-05-12 15:00:00-04:00,L,20929.5,20893.5,20893.75,35.75,-74.0,-1.034965034965035,SL,1,L|swing
2025-05-13 11:20:00-04:00,2025-05-13 11:20:00-04:00,2025-05-13 12:47:00-04:00,L,21265.25,21330.0,21221.5,43.75,127.5,1.457142857142857,TP,1,L|swing
2025-05-13 14:14:00-04:00,2025-05-13 14:14:00-04:00,2025-05-13 15:55:00-04:00,L,21307.5,21274.0,21274.25,33.25,-69.0,-1.037593984962406,SL,1,L|swing
2025-05-14 09:47:00-04:00,2025-05-14 09:47:00-04:00,2025-05-14 12:32:00-04:00,S,21305.0,21405.25,21405.0,100.0,-202.5,-1.0125,SL,1,S|swing
2025-05-14 12:50:00-04:00,2025-05-14 12:50:00-04:00,2025-05-14 13:01:00-04:00,L,21372.5,21355.5,21355.75,16.75,-36.0,-1.0746268656716418,SL,1,L|swing
2025-05-14 13:41:00-04:00,2025-05-14 13:41:00-04:00,2025-05-14 15:59:00-04:00,L,21344.75,21396.5,21281.0,63.75,101.5,0.796078431372549,time,1,L|swing
2025-05-15 14:32:00-04:00,2025-05-15 14:32:00-04:00,2025-05-15 15:10:00-04:00,L,21435.25,21375.0,21375.25,60.0,-122.5,-1.0208333333333333,SL,1,L|swing
2025-05-16 10:44:00-04:00,2025-05-16 10:44:00-04:00,2025-05-16 13:16:00-04:00,S,21326.25,21457.5,21457.25,131.0,-264.5,-1.0095419847328244,SL,1,S|swing
2025-05-16 14:11:00-04:00,2025-05-16 14:11:00-04:00,2025-05-16 14:23:00-04:00,L,21445.75,21462.25,21434.25,11.5,31.0,1.3478260869565217,TP,1,L|swing
2025-05-16 14:26:00-04:00,2025-05-16 14:26:00-04:00,2025-05-16 15:59:00-04:00,L,21465.0,21509.25,21435.0,30.0,86.5,1.4416666666666667,TP,1,L|swing
2025-05-19 12:44:00-04:00,2025-05-19 12:44:00-04:00,2025-05-19 12:53:00-04:00,L,21453.5,21484.25,21432.5,21.0,59.5,1.4166666666666667,TP,1,L|swing
2025-05-19 14:35:00-04:00,2025-05-19 14:35:00-04:00,2025-05-19 15:27:00-04:00,L,21483.75,21449.5,21449.75,34.0,-70.5,-1.036764705882353,SL,1,L|swing
2025-05-20 09:47:00-04:00,2025-05-20 09:47:00-04:00,2025-05-20 12:38:00-04:00,S,21365.0,21458.5,21458.25,93.25,-189.0,-1.0134048257372654,SL,1,S|swing
2025-05-20 13:32:00-04:00,2025-05-20 13:32:00-04:00,2025-05-20 14:21:00-04:00,S,21434.0,21374.75,21474.0,40.0,116.5,1.45625,TP,1,S|swing
2025-05-20 14:41:00-04:00,2025-05-20 14:41:00-04:00,2025-05-20 15:54:00-04:00,S,21349.0,21440.5,21440.25,91.25,-185.0,-1.0136986301369864,SL,1,S|swing
2025-05-21 10:35:00-04:00,2025-05-21 10:35:00-04:00,2025-05-21 10:37:00-04:00,L,21389.75,21372.5,21372.75,17.0,-36.5,-1.0735294117647058,SL,1,L|swing
2025-05-21 10:56:00-04:00,2025-05-21 10:56:00-04:00,2025-05-21 12:09:00-04:00,L,21442.5,21547.75,21371.75,70.75,208.5,1.4734982332155477,TP,1,L|swing
2025-05-21 12:47:00-04:00,2025-05-21 12:47:00-04:00,2025-05-21 13:02:00-04:00,L,21546.0,21508.5,21508.75,37.25,-77.0,-1.0335570469798658,SL,1,L|swing
2025-05-21 14:32:00-04:00,2025-05-21 14:32:00-04:00,2025-05-21 14:36:00-04:00,S,21244.75,21283.0,21282.75,38.0,-78.5,-1.0328947368421053,SL,1,S|swing
2025-05-21 14:38:00-04:00,2025-05-21 14:38:00-04:00,2025-05-21 14:53:00-04:00,S,21246.25,21191.75,21283.25,37.0,107.0,1.445945945945946,TP,1,S|swing
2025-05-22 11:44:00-04:00,2025-05-22 11:44:00-04:00,2025-05-22 13:11:00-04:00,L,21259.0,21196.75,21197.0,62.0,-126.5,-1.0201612903225807,SL,1,L|swing
2025-05-22 13:44:00-04:00,2025-05-22 13:44:00-04:00,2025-05-22 15:55:00-04:00,L,21288.5,21197.75,21198.0,90.5,-183.5,-1.0138121546961325,SL,1,L|swing
2025-05-23 11:05:00-04:00,2025-05-23 11:05:00-04:00,2025-05-23 11:37:00-04:00,S,20907.75,20988.75,20988.5,80.75,-164.0,-1.0154798761609907,SL,1,S|swing
2025-05-23 12:11:00-04:00,2025-05-23 12:11:00-04:00,2025-05-23 12:49:00-04:00,S,20939.0,20995.25,20995.0,56.0,-114.5,-1.0223214285714286,SL,1,S|swing
2025-05-23 12:56:00-04:00,2025-05-23 12:56:00-04:00,2025-05-23 13:05:00-04:00,S,20977.0,21007.0,21006.75,29.75,-62.0,-1.0420168067226891,SL,1,S|swing
2025-05-23 14:26:00-04:00,2025-05-23 14:26:00-04:00,2025-05-23 15:22:00-04:00,L,21043.75,21005.25,21005.5,38.25,-79.0,-1.0326797385620916,SL,1,L|swing
2025-05-26 10:35:00-04:00,2025-05-26 10:35:00-04:00,2025-05-26 12:00:00-04:00,S,21237.25,21277.5,21277.25,40.0,-82.5,-1.03125,SL,1,S|swing
2025-05-27 11:14:00-04:00,2025-05-27 11:14:00-04:00,2025-05-27 12:21:00-04:00,L,21378.25,21422.75,21348.0,30.25,87.0,1.43801652892562,TP,1,L|swing
2025-05-27 13:50:00-04:00,2025-05-27 13:50:00-04:00,2025-05-27 14:44:00-04:00,L,21472.25,21444.5,21444.75,27.5,-57.5,-1.0454545454545454,SL,1,L|swing
2025-05-28 10:26:00-04:00,2025-05-28 10:26:00-04:00,2025-05-28 13:18:00-04:00,S,21452.75,21488.25,21488.0,35.25,-73.0,-1.0354609929078014,SL,1,S|swing
2025-05-28 13:29:00-04:00,2025-05-28 13:29:00-04:00,2025-05-28 13:42:00-04:00,L,21479.0,21458.75,21459.0,20.0,-42.5,-1.0625,SL,1,L|swing
2025-05-28 14:02:00-04:00,2025-05-28 14:02:00-04:00,2025-05-28 14:51:00-04:00,L,21484.25,21455.5,21455.75,28.5,-59.5,-1.043859649122807,SL,1,L|swing
2025-05-29 10:53:00-04:00,2025-05-29 10:53:00-04:00,2025-05-29 10:54:00-04:00,S,21502.25,21503.75,21503.5,1.25,-5.0,-2.0,SL,1,S|swing
2025-05-29 11:56:00-04:00,2025-05-29 11:56:00-04:00,2025-05-29 12:00:00-04:00,S,21428.25,21305.75,21510.5,82.25,243.0,1.4772036474164134,TP,1,S|swing
2025-05-29 13:23:00-04:00,2025-05-29 13:23:00-04:00,2025-05-29 14:18:00-04:00,S,21430.0,21349.5,21484.25,54.25,159.0,1.4654377880184333,TP,1,S|swing
2025-05-29 14:41:00-04:00,2025-05-29 14:41:00-04:00,2025-05-29 15:25:00-04:00,S,21372.75,21405.25,21405.0,32.25,-67.0,-1.0387596899224807,SL,1,S|swing
2025-05-30 10:35:00-04:00,2025-05-30 10:35:00-04:00,2025-05-30 11:17:00-04:00,L,21367.0,21330.0,21330.25,36.75,-76.0,-1.034013605442177,SL,1,L|swing
2025-05-30 12:17:00-04:00,2025-05-30 12:17:00-04:00,2025-05-30 12:28:00-04:00,S,21275.75,21168.25,21348.0,72.25,213.0,1.4740484429065743,TP,1,S|swing
2025-05-30 14:05:00-04:00,2025-05-30 14:05:00-04:00,2025-05-30 14:06:00-04:00,S,21197.25,21214.25,21214.0,16.75,-36.0,-1.0746268656716418,SL,1,S|swing
2025-06-02 10:47:00-04:00,2025-06-02 10:47:00-04:00,2025-06-02 14:15:00-04:00,L,21374.0,21480.75,21302.25,71.75,211.5,1.4738675958188154,TP,1,L|swing
2025-06-03 09:47:00-04:00,2025-06-03 09:47:00-04:00,2025-06-03 12:19:00-04:00,L,21592.0,21714.5,21509.75,82.25,243.0,1.4772036474164134,TP,1,L|swing
2025-06-03 13:53:00-04:00,2025-06-03 13:53:00-04:00,2025-06-03 13:57:00-04:00,L,21736.75,21718.5,21718.75,18.0,-38.5,-1.0694444444444444,SL,1,L|swing
2025-06-03 14:29:00-04:00,2025-06-03 14:29:00-04:00,2025-06-03 15:59:00-04:00,L,21699.0,21703.75,21634.75,64.25,7.5,0.058365758754863814,time,1,L|swing
2025-06-04 12:44:00-04:00,2025-06-04 12:44:00-04:00,2025-06-04 13:10:00-04:00,L,21734.75,21774.0,21708.0,26.75,76.5,1.4299065420560748,TP,1,L|swing
2025-06-05 09:41:00-04:00,2025-06-05 09:41:00-04:00,2025-06-05 09:45:00-04:00,L,21790.5,21734.5,21734.75,55.75,-114.0,-1.0224215246636772,SL,1,L|swing
2025-06-05 09:47:00-04:00,2025-06-05 09:47:00-04:00,2025-06-05 10:42:00-04:00,S,21704.75,21840.5,21840.25,135.5,-273.5,-1.0092250922509225,SL,1,S|swing
2025-06-05 13:05:00-04:00,2025-06-05 13:05:00-04:00,2025-06-05 15:59:00-04:00,S,21696.5,21587.75,21852.5,156.0,215.5,0.6907051282051282,time,1,S|swing
2025-06-06 11:23:00-04:00,2025-06-06 11:23:00-04:00,2025-06-06 12:55:00-04:00,L,21775.75,21735.25,21735.5,40.25,-83.0,-1.031055900621118,SL,1,L|swing
2025-06-09 10:20:00-04:00,2025-06-09 10:20:00-04:00,2025-06-09 15:59:00-04:00,L,21860.0,21818.25,21783.25,76.75,-85.5,-0.5570032573289903,time,1,L|swing
2025-06-10 09:35:00-04:00,2025-06-10 09:35:00-04:00,2025-06-10 09:39:00-04:00,S,21832.25,21866.5,21866.25,34.0,-70.5,-1.036764705882353,SL,1,S|swing
2025-06-10 10:56:00-04:00,2025-06-10 10:56:00-04:00,2025-06-10 10:58:00-04:00,L,21863.25,21854.5,21854.75,8.5,-19.5,-1.1470588235294117,SL,1,L|swing
2025-06-10 11:02:00-04:00,2025-06-10 11:02:00-04:00,2025-06-10 11:31:00-04:00,L,21863.0,21843.75,21844.0,19.0,-40.5,-1.0657894736842106,SL,1,L|swing
2025-06-10 13:44:00-04:00,2025-06-10 13:44:00-04:00,2025-06-10 14:00:00-04:00,L,21882.0,21867.0,21867.25,14.75,-32.0,-1.0847457627118644,SL,1,L|swing
2025-06-11 10:11:00-04:00,2025-06-11 10:11:00-04:00,2025-06-11 12:21:00-04:00,L,22005.5,21914.5,21914.75,90.75,-184.0,-1.0137741046831956,SL,1,L|swing
2025-06-11 12:29:00-04:00,2025-06-11 12:29:00-04:00,2025-06-11 14:01:00-04:00,L,21978.5,21906.75,21907.0,71.5,-145.5,-1.0174825174825175,SL,1,L|swing
2025-06-11 14:02:00-04:00,2025-06-11 14:02:00-04:00,2025-06-11 15:59:00-04:00,S,21887.0,21888.0,22003.0,116.0,-4.0,-0.017241379310344827,time,1,S|swing
2025-06-12 09:38:00-04:00,2025-06-12 09:38:00-04:00,2025-06-12 10:40:00-04:00,L,21868.0,21945.5,21815.75,52.25,153.0,1.4641148325358853,TP,1,L|swing
2025-06-12 14:05:00-04:00,2025-06-12 14:05:00-04:00,2025-06-12 14:23:00-04:00,L,21942.75,21926.5,21926.75,16.0,-34.5,-1.078125,SL,1,L|swing
2025-06-12 14:26:00-04:00,2025-06-12 14:26:00-04:00,2025-06-12 14:27:00-04:00,L,21929.25,21917.5,21917.75,11.5,-25.5,-1.108695652173913,SL,1,L|swing
2025-06-13 11:05:00-04:00,2025-06-13 11:05:00-04:00,2025-06-13 14:31:00-04:00,L,21765.25,21663.25,21663.5,101.75,-206.0,-1.0122850122850122,SL,1,L|swing
2025-06-16 09:38:00-04:00,2025-06-16 09:38:00-04:00,2025-06-16 10:00:00-04:00,L,21855.5,21952.75,21790.0,65.5,192.5,1.4694656488549618,TP,1,L|swing
2025-06-16 11:50:00-04:00,2025-06-16 11:50:00-04:00,2025-06-16 11:52:00-04:00,L,21971.25,21957.5,21957.75,13.5,-29.5,-1.0925925925925926,SL,1,L|swing
2025-06-16 12:53:00-04:00,2025-06-16 12:53:00-04:00,2025-06-16 14:50:00-04:00,L,21953.0,21917.0,21917.25,35.75,-74.0,-1.034965034965035,SL,1,L|swing
2025-06-17 10:44:00-04:00,2025-06-17 10:44:00-04:00,2025-06-17 10:45:00-04:00,L,21859.75,21875.25,21848.75,11.0,29.0,1.3181818181818181,TP,1,L|swing
2025-06-17 12:53:00-04:00,2025-06-17 12:53:00-04:00,2025-06-17 14:00:00-04:00,S,21826.5,21715.25,21901.25,74.75,220.5,1.4749163879598661,TP,1,S|swing
2025-06-17 14:02:00-04:00,2025-06-17 14:02:00-04:00,2025-06-17 15:59:00-04:00,S,21720.0,21730.75,21824.25,104.25,-23.5,-0.11270983213429256,time,1,S|swing
2025-06-20 11:29:00-04:00,2025-06-20 11:29:00-04:00,2025-06-20 11:31:00-04:00,S,21857.75,21879.75,21879.5,21.75,-46.0,-1.0574712643678161,SL,1,S|swing
2025-06-20 11:38:00-04:00,2025-06-20 11:38:00-04:00,2025-06-20 11:39:00-04:00,S,21905.25,21912.0,21911.75,6.5,-15.5,-1.1923076923076923,SL,1,S|swing
2025-06-20 12:41:00-04:00,2025-06-20 12:41:00-04:00,2025-06-20 12:43:00-04:00,S,21878.0,21862.75,21888.75,10.75,28.5,1.3255813953488371,TP,1,S|swing
2025-06-20 13:11:00-04:00,2025-06-20 13:11:00-04:00,2025-06-20 13:15:00-04:00,S,21869.0,21905.5,21905.25,36.25,-75.0,-1.0344827586206897,SL,1,S|swing
2025-06-20 13:17:00-04:00,2025-06-20 13:17:00-04:00,2025-06-20 13:28:00-04:00,S,21870.75,21802.75,21916.75,46.0,134.0,1.4565217391304348,TP,1,S|swing
2025-06-20 14:59:00-04:00,2025-06-20 14:59:00-04:00,2025-06-20 15:59:00-04:00,S,21816.25,21843.0,21898.0,81.75,-55.5,-0.3394495412844037,time,1,S|swing
2025-06-23 11:32:00-04:00,2025-06-23 11:32:00-04:00,2025-06-23 11:41:00-04:00,L,21964.5,21931.5,21931.75,32.75,-68.0,-1.0381679389312977,SL,1,L|swing
2025-06-23 11:47:00-04:00,2025-06-23 11:47:00-04:00,2025-06-23 12:02:00-04:00,L,21941.0,21922.0,21922.25,18.75,-40.0,-1.0666666666666667,SL,1,L|swing
2025-06-23 13:08:00-04:00,2025-06-23 13:08:00-04:00,2025-06-23 13:46:00-04:00,L,21903.75,22081.75,21784.5,119.25,354.0,1.4842767295597483,TP,1,L|swing
2025-06-24 09:35:00-04:00,2025-06-24 09:35:00-04:00,2025-06-24 11:23:00-04:00,L,22301.75,22363.75,22259.75,42.0,122.0,1.4523809523809523,TP,1,L|swing
2025-06-24 12:26:00-04:00,2025-06-24 12:26:00-04:00,2025-06-24 15:59:00-04:00,L,22395.75,22405.0,22357.0,38.75,16.5,0.2129032258064516,time,1,L|swing
2025-06-25 09:53:00-04:00,2025-06-25 09:53:00-04:00,2025-06-25 10:11:00-04:00,L,22510.0,22485.25,22485.5,24.5,-51.5,-1.0510204081632653,SL,1,L|swing
2025-06-25 10:26:00-04:00,2025-06-25 10:26:00-04:00,2025-06-25 11:04:00-04:00,L,22496.25,22462.25,22462.5,33.75,-70.0,-1.037037037037037,SL,1,L|swing
2025-06-25 11:05:00-04:00,2025-06-25 11:05:00-04:00,2025-06-25 15:59:00-04:00,S,22457.5,22463.25,22524.75,67.25,-13.5,-0.10037174721189591,time,1,S|swing
2025-06-26 09:59:00-04:00,2025-06-26 09:59:00-04:00,2025-06-26 13:40:00-04:00,L,22544.25,22645.75,22476.0,68.25,201.0,1.4725274725274726,TP,1,L|swing
2025-06-26 13:44:00-04:00,2025-06-26 13:44:00-04:00,2025-06-26 14:16:00-04:00,L,22645.25,22682.25,22620.0,25.25,72.0,1.4257425742574257,TP,1,L|swing
2025-06-26 14:59:00-04:00,2025-06-26 14:59:00-04:00,2025-06-26 15:15:00-04:00,L,22666.75,22654.0,22654.25,12.5,-27.5,-1.1,SL,1,L|swing
2025-06-27 09:38:00-04:00,2025-06-27 09:38:00-04:00,2025-06-27 10:12:00-04:00,L,22736.75,22818.25,22681.75,55.0,161.0,1.4636363636363636,TP,1,L|swing
2025-06-27 12:53:00-04:00,2025-06-27 12:53:00-04:00,2025-06-27 13:23:00-04:00,L,22786.0,22768.75,22769.0,17.0,-36.5,-1.0735294117647058,SL,1,L|swing
2025-06-27 14:59:00-04:00,2025-06-27 14:59:00-04:00,2025-06-27 15:25:00-04:00,S,22610.25,22678.75,22678.5,68.25,-139.0,-1.0183150183150182,SL,1,S|swing
2025-06-30 11:11:00-04:00,2025-06-30 11:11:00-04:00,2025-06-30 11:42:00-04:00,S,22823.5,22842.5,22842.25,18.75,-40.0,-1.0666666666666667,SL,1,S|swing
2025-06-30 14:11:00-04:00,2025-06-30 14:11:00-04:00,2025-06-30 14:57:00-04:00,S,22810.25,22849.0,22848.75,38.5,-79.5,-1.0324675324675325,SL,1,S|swing
2025-07-01 10:53:00-04:00,2025-07-01 10:53:00-04:00,2025-07-01 15:59:00-04:00,S,22705.0,22693.25,22797.75,92.75,21.5,0.11590296495956873,time,1,S|swing
2025-07-02 11:56:00-04:00,2025-07-02 11:56:00-04:00,2025-07-02 12:39:00-04:00,L,22817.0,22843.5,22798.75,18.25,51.0,1.3972602739726028,TP,1,L|swing
2025-07-02 13:44:00-04:00,2025-07-02 13:44:00-04:00,2025-07-02 13:49:00-04:00,L,22813.5,22820.5,22808.25,5.25,12.0,1.1428571428571428,TP,1,L|swing
2025-07-02 14:08:00-04:00,2025-07-02 14:08:00-04:00,2025-07-02 15:04:00-04:00,L,22828.0,22856.25,22808.5,19.5,54.5,1.3974358974358974,TP,1,L|swing
2025-07-03 11:14:00-04:00,2025-07-03 11:14:00-04:00,2025-07-03 12:53:00-04:00,L,23069.5,23034.25,23034.5,35.0,-72.5,-1.0357142857142858,SL,1,L|swing
2025-07-03 12:56:00-04:00,2025-07-03 12:56:00-04:00,2025-07-03 13:04:00-04:00,L,23062.25,23048.75,23027.75,34.5,-29.0,-0.42028985507246375,time,1,L|swing
2025-07-04 09:35:00-04:00,2025-07-04 09:35:00-04:00,2025-07-04 09:42:00-04:00,S,22900.75,22924.5,22924.25,23.5,-49.5,-1.053191489361702,SL,1,S|swing
2025-07-04 12:41:00-04:00,2025-07-04 12:41:00-04:00,2025-07-04 12:49:00-04:00,S,22907.75,22905.75,22932.5,24.75,2.0,0.04040404040404041,time,1,S|swing
2025-07-07 09:56:00-04:00,2025-07-07 09:56:00-04:00,2025-07-07 10:02:00-04:00,S,22952.5,22914.75,22978.25,25.75,73.5,1.4271844660194175,TP,1,S|swing
2025-07-07 11:17:00-04:00,2025-07-07 11:17:00-04:00,2025-07-07 11:57:00-04:00,S,22907.0,22934.5,22934.25,27.25,-57.0,-1.0458715596330275,SL,1,S|swing
2025-07-07 12:20:00-04:00,2025-07-07 12:20:00-04:00,2025-07-07 15:59:00-04:00,S,22879.5,22884.0,22963.0,83.5,-11.0,-0.0658682634730539,time,1,S|swing
2025-07-08 10:38:00-04:00,2025-07-08 10:38:00-04:00,2025-07-08 10:53:00-04:00,L,22939.25,22848.75,22849.0,90.25,-183.0,-1.0138504155124655,SL,1,L|swing
2025-07-08 11:47:00-04:00,2025-07-08 11:47:00-04:00,2025-07-08 11:50:00-04:00,S,22891.75,22900.75,22900.5,8.75,-20.0,-1.1428571428571428,SL,1,S|swing
2025-07-08 12:05:00-04:00,2025-07-08 12:05:00-04:00,2025-07-08 12:06:00-04:00,S,22906.5,22913.0,22912.75,6.25,-15.0,-1.2,SL,1,S|swing
2025-07-08 12:20:00-04:00,2025-07-08 12:20:00-04:00,2025-07-08 13:17:00-04:00,L,22921.75,22886.25,22886.5,35.25,-73.0,-1.0354609929078014,SL,1,L|swing
2025-07-08 13:26:00-04:00,2025-07-08 13:26:00-04:00,2025-07-08 13:53:00-04:00,S,22899.75,22927.5,22927.25,27.5,-57.5,-1.0454545454545454,SL,1,S|swing
2025-07-08 14:59:00-04:00,2025-07-08 14:59:00-04:00,2025-07-08 15:59:00-04:00,S,22898.75,22892.0,22920.75,22.0,11.5,0.26136363636363635,time,1,S|swing
2025-07-09 10:38:00-04:00,2025-07-09 10:38:00-04:00,2025-07-09 10:48:00-04:00,L,22992.25,22962.5,22962.75,29.5,-61.5,-1.0423728813559323,SL,1,L|swing
2025-07-09 11:32:00-04:00,2025-07-09 11:32:00-04:00,2025-07-09 15:59:00-04:00,L,22975.75,23050.75,22916.75,59.0,148.0,1.2542372881355932,time,1,L|swing
2025-07-10 09:38:00-04:00,2025-07-10 09:38:00-04:00,2025-07-10 09:45:00-04:00,L,23041.5,23021.5,23021.75,19.75,-42.0,-1.0632911392405062,SL,1,L|swing
2025-07-10 09:56:00-04:00,2025-07-10 09:56:00-04:00,2025-07-10 15:59:00-04:00,S,22971.0,23015.25,23090.0,119.0,-90.5,-0.3802521008403361,time,1,S|swing
2025-07-11 09:38:00-04:00,2025-07-11 09:38:00-04:00,2025-07-11 09:57:00-04:00,S,22888.25,22958.75,22958.5,70.25,-143.0,-1.0177935943060499,SL,1,S|swing
2025-07-11 11:14:00-04:00,2025-07-11 11:14:00-04:00,2025-07-11 11:40:00-04:00,S,22915.5,22989.5,22989.25,73.75,-150.0,-1.0169491525423728,SL,1,S|swing
2025-07-11 12:14:00-04:00,2025-07-11 12:14:00-04:00,2025-07-11 12:30:00-04:00,L,22975.5,23000.5,22958.25,17.25,48.0,1.391304347826087,TP,1,L|swing
2025-07-11 12:56:00-04:00,2025-07-11 12:56:00-04:00,2025-07-11 13:39:00-04:00,L,22999.75,22969.5,22969.75,30.0,-62.5,-1.0416666666666667,SL,1,L|swing
2025-07-11 13:44:00-04:00,2025-07-11 13:44:00-04:00,2025-07-11 13:55:00-04:00,L,22976.0,22998.0,22960.75,15.25,42.0,1.3770491803278688,TP,1,L|swing
2025-07-11 14:23:00-04:00,2025-07-11 14:23:00-04:00,2025-07-11 14:28:00-04:00,L,22999.5,22991.0,22991.25,8.25,-19.0,-1.1515151515151516,SL,1,L|swing
2025-07-11 14:29:00-04:00,2025-07-11 14:29:00-04:00,2025-07-11 14:35:00-04:00,L,23000.0,23013.25,22990.5,9.5,24.5,1.2894736842105263,TP,1,L|swing
2025-07-14 09:53:00-04:00,2025-07-14 09:53:00-04:00,2025-07-14 13:16:00-04:00,L,22928.5,23057.0,22842.25,86.25,255.0,1.4782608695652173,TP,1,L|swing
2025-07-14 14:44:00-04:00,2025-07-14 14:44:00-04:00,2025-07-14 15:24:00-04:00,L,23051.0,23036.75,23037.0,14.0,-30.5,-1.0892857142857142,SL,1,L|swing
2025-07-15 10:11:00-04:00,2025-07-15 10:11:00-04:00,2025-07-15 10:52:00-04:00,L,23187.0,23118.5,23118.75,68.25,-139.0,-1.0183150183150182,SL,1,L|swing
2025-07-15 10:56:00-04:00,2025-07-15 10:56:00-04:00,2025-07-15 15:59:00-04:00,S,23103.25,23052.25,23189.0,85.75,100.0,0.5830903790087464,time,1,S|swing
2025-07-16 10:32:00-04:00,2025-07-16 10:32:00-04:00,2025-07-16 11:17:00-04:00,L,23022.5,22947.75,22948.0,74.5,-151.5,-1.016778523489933,SL,1,L|swing
2025-07-16 14:14:00-04:00,2025-07-16 14:14:00-04:00,2025-07-16 14:20:00-04:00,L,23031.75,23018.75,23019.0,12.75,-28.0,-1.0980392156862746,SL,1,L|swing
2025-07-16 14:29:00-04:00,2025-07-16 14:29:00-04:00,2025-07-16 15:39:00-04:00,L,23044.75,23087.0,23016.0,28.75,82.5,1.434782608695652,TP,1,L|swing
2025-07-17 09:41:00-04:00,2025-07-17 09:41:00-04:00,2025-07-17 10:48:00-04:00,L,23113.75,23185.25,23065.5,48.25,141.0,1.461139896373057,TP,1,L|swing
2025-07-17 12:47:00-04:00,2025-07-17 12:47:00-04:00,2025-07-17 13:28:00-04:00,L,23261.5,23244.0,23244.25,17.25,-37.0,-1.0724637681159421,SL,1,L|swing
2025-07-17 13:29:00-04:00,2025-07-17 13:29:00-04:00,2025-07-17 14:15:00-04:00,L,23258.75,23240.0,23240.25,18.5,-39.5,-1.0675675675675675,SL,1,L|swing
2025-07-17 14:17:00-04:00,2025-07-17 14:17:00-04:00,2025-07-17 14:50:00-04:00,L,23247.25,23263.75,23235.75,11.5,31.0,1.3478260869565217,TP,1,L|swing
2025-07-18 09:38:00-04:00,2025-07-18 09:38:00-04:00,2025-07-18 13:02:00-04:00,S,23260.75,23171.75,23320.75,60.0,176.0,1.4666666666666666,TP,1,S|swing
2025-07-18 13:50:00-04:00,2025-07-18 13:50:00-04:00,2025-07-18 14:30:00-04:00,S,23196.25,23223.0,23222.75,26.5,-55.5,-1.0471698113207548,SL,1,S|swing
2025-07-18 14:32:00-04:00,2025-07-18 14:32:00-04:00,2025-07-18 15:20:00-04:00,S,23211.0,23228.25,23228.0,17.0,-36.5,-1.0735294117647058,SL,1,S|swing
2025-07-21 10:53:00-04:00,2025-07-21 10:53:00-04:00,2025-07-21 11:06:00-04:00,L,23394.75,23385.5,23385.75,9.0,-20.5,-1.1388888888888888,SL,1,L|swing
2025-07-21 11:11:00-04:00,2025-07-21 11:11:00-04:00,2025-07-21 12:00:00-04:00,L,23393.25,23378.5,23378.75,14.5,-31.5,-1.0862068965517242,SL,1,L|swing
2025-07-22 10:44:00-04:00,2025-07-22 10:44:00-04:00,2025-07-22 10:46:00-04:00,S,23215.0,23227.25,23227.0,12.0,-26.5,-1.1041666666666667,SL,1,S|swing
2025-07-22 11:14:00-04:00,2025-07-22 11:14:00-04:00,2025-07-22 11:34:00-04:00,S,23207.0,23230.5,23230.25,23.25,-49.0,-1.053763440860215,SL,1,S|swing
2025-07-22 12:26:00-04:00,2025-07-22 12:26:00-04:00,2025-07-22 13:25:00-04:00,S,23186.0,23225.0,23224.75,38.75,-80.0,-1.032258064516129,SL,1,S|swing
2025-07-23 13:05:00-04:00,2025-07-23 13:05:00-04:00,2025-07-23 14:14:00-04:00,L,23237.5,23282.25,23207.0,30.5,87.5,1.4344262295081966,TP,1,L|swing
2025-07-24 09:47:00-04:00,2025-07-24 09:47:00-04:00,2025-07-24 10:09:00-04:00,L,23398.0,23333.0,23333.25,64.75,-132.0,-1.0193050193050193,SL,1,L|swing
2025-07-24 10:44:00-04:00,2025-07-24 10:44:00-04:00,2025-07-24 10:48:00-04:00,S,23352.25,23362.0,23361.75,9.5,-21.5,-1.131578947368421,SL,1,S|swing
2025-07-24 11:59:00-04:00,2025-07-24 11:59:00-04:00,2025-07-24 12:01:00-04:00,L,23388.5,23368.25,23368.5,20.0,-42.5,-1.0625,SL,1,L|swing
2025-07-24 13:05:00-04:00,2025-07-24 13:05:00-04:00,2025-07-24 15:59:00-04:00,L,23380.5,23376.25,23344.25,36.25,-10.5,-0.14482758620689656,time,1,L|swing
2025-07-25 09:38:00-04:00,2025-07-25 09:38:00-04:00,2025-07-25 09:48:00-04:00,S,23332.0,23379.0,23378.75,46.75,-96.0,-1.0267379679144386,SL,1,S|swing
2025-07-25 10:59:00-04:00,2025-07-25 10:59:00-04:00,2025-07-25 11:30:00-04:00,L,23405.5,23427.75,23390.0,15.5,42.5,1.3709677419354838,TP,1,L|swing
2025-07-25 11:32:00-04:00,2025-07-25 11:32:00-04:00,2025-07-25 12:25:00-04:00,L,23420.25,23457.25,23395.0,25.25,72.0,1.4257425742574257,TP,1,L|swing
2025-07-25 13:05:00-04:00,2025-07-25 13:05:00-04:00,2025-07-25 13:16:00-04:00,L,23446.0,23441.0,23441.25,4.75,-12.0,-1.263157894736842,SL,1,L|swing
2025-07-25 13:35:00-04:00,2025-07-25 13:35:00-04:00,2025-07-25 14:03:00-04:00,L,23454.0,23431.25,23431.5,22.5,-47.5,-1.0555555555555556,SL,1,L|swing
2025-07-28 09:38:00-04:00,2025-07-28 09:38:00-04:00,2025-07-28 09:40:00-04:00,S,23492.5,23474.25,23505.25,12.75,34.5,1.3529411764705883,TP,1,S|swing
2025-07-28 11:20:00-04:00,2025-07-28 11:20:00-04:00,2025-07-28 12:18:00-04:00,S,23438.25,23500.75,23500.5,62.25,-127.0,-1.0200803212851406,SL,1,S|swing
2025-07-28 13:17:00-04:00,2025-07-28 13:17:00-04:00,2025-07-28 14:06:00-04:00,S,23469.5,23441.25,23489.0,19.5,54.5,1.3974358974358974,TP,1,S|swing
2025-07-28 14:20:00-04:00,2025-07-28 14:20:00-04:00,2025-07-28 15:53:00-04:00,S,23458.0,23479.0,23478.75,20.75,-44.0,-1.0602409638554218,SL,1,S|swing
2025-07-29 10:17:00-04:00,2025-07-29 10:17:00-04:00,2025-07-29 11:25:00-04:00,S,23559.25,23480.25,23612.5,53.25,156.0,1.4647887323943662,TP,1,S|swing
2025-07-29 13:47:00-04:00,2025-07-29 13:47:00-04:00,2025-07-29 15:59:00-04:00,S,23477.25,23457.25,23524.5,47.25,38.0,0.4021164021164021,time,1,S|swing
2025-07-30 09:35:00-04:00,2025-07-30 09:35:00-04:00,2025-07-30 14:31:00-04:00,L,23498.25,23569.75,23450.0,48.25,141.0,1.461139896373057,TP,1,L|swing
2025-07-31 10:50:00-04:00,2025-07-31 10:50:00-04:00,2025-07-31 13:28:00-04:00,S,23571.5,23442.25,23658.25,86.75,256.5,1.478386167146974,TP,1,S|swing
2025-07-31 14:59:00-04:00,2025-07-31 14:59:00-04:00,2025-07-31 15:51:00-04:00,S,23414.75,23339.5,23465.5,50.75,148.5,1.4630541871921183,TP,1,S|swing
2025-08-01 10:38:00-04:00,2025-08-01 10:38:00-04:00,2025-08-01 10:51:00-04:00,S,22989.5,22940.5,23022.75,33.25,96.0,1.443609022556391,TP,1,S|swing
2025-08-01 11:23:00-04:00,2025-08-01 11:23:00-04:00,2025-08-01 11:40:00-04:00,S,22916.0,22966.0,22965.75,49.75,-102.0,-1.0251256281407035,SL,1,S|swing
2025-08-01 12:11:00-04:00,2025-08-01 12:11:00-04:00,2025-08-01 12:25:00-04:00,S,23015.5,23039.0,23038.75,23.25,-49.0,-1.053763440860215,SL,1,S|swing
2025-08-01 12:41:00-04:00,2025-08-01 12:41:00-04:00,2025-08-01 13:27:00-04:00,S,22964.75,22844.25,23045.75,81.0,239.0,1.4753086419753085,TP,1,S|swing
2025-08-04 13:56:00-04:00,2025-08-04 13:56:00-04:00,2025-08-04 15:57:00-04:00,L,23266.25,23304.0,23240.5,25.75,73.5,1.4271844660194175,TP,1,L|swing
2025-08-05 09:47:00-04:00,2025-08-05 09:47:00-04:00,2025-08-05 10:17:00-04:00,L,23387.25,23303.0,23303.25,84.0,-170.5,-1.0148809523809523,SL,1,L|swing
2025-08-05 11:56:00-04:00,2025-08-05 11:56:00-04:00,2025-08-05 12:05:00-04:00,S,23143.5,23185.5,23185.25,41.75,-86.0,-1.029940119760479,SL,1,S|swing
2025-08-05 12:47:00-04:00,2025-08-05 12:47:00-04:00,2025-08-05 13:46:00-04:00,S,23140.5,23226.25,23226.0,85.5,-173.5,-1.0146198830409356,SL,1,S|swing
2025-08-05 14:17:00-04:00,2025-08-05 14:17:00-04:00,2025-08-05 14:48:00-04:00,S,23203.75,23131.75,23252.25,48.5,142.0,1.4639175257731958,TP,1,S|swing
2025-08-06 09:38:00-04:00,2025-08-06 09:38:00-04:00,2025-08-06 09:48:00-04:00,S,23166.0,23228.5,23228.25,62.25,-127.0,-1.0200803212851406,SL,1,S|swing
2025-08-06 10:26:00-04:00,2025-08-06 10:26:00-04:00,2025-08-06 10:56:00-04:00,S,23172.0,23285.5,23285.25,113.25,-229.0,-1.011037527593819,SL,1,S|swing
2025-08-06 11:20:00-04:00,2025-08-06 11:20:00-04:00,2025-08-06 14:36:00-04:00,L,23310.0,23435.25,23226.0,84.0,248.5,1.4791666666666667,TP,1,L|swing
2025-08-07 10:41:00-04:00,2025-08-07 10:41:00-04:00,2025-08-07 12:03:00-04:00,S,23560.75,23465.75,23624.75,64.0,188.0,1.46875,TP,1,S|swing
2025-08-07 12:20:00-04:00,2025-08-07 12:20:00-04:00,2025-08-07 12:40:00-04:00,S,23491.25,23444.75,23522.75,31.5,91.0,1.4444444444444444,TP,1,S|swing
2025-08-08 09:35:00-04:00,2025-08-08 09:35:00-04:00,2025-08-08 09:45:00-04:00,L,23561.25,23620.25,23521.25,40.0,116.0,1.45,TP,1,L|swing
2025-08-08 11:56:00-04:00,2025-08-08 11:56:00-04:00,2025-08-08 15:59:00-04:00,L,23678.0,23713.5,23611.75,66.25,69.0,0.5207547169811321,time,1,L|swing
2025-08-11 09:47:00-04:00,2025-08-11 09:47:00-04:00,2025-08-11 12:09:00-04:00,L,23726.5,23794.25,23680.75,45.75,133.5,1.459016393442623,TP,1,L|swing
2025-08-11 14:05:00-04:00,2025-08-11 14:05:00-04:00,2025-08-11 15:53:00-04:00,S,23676.5,23600.75,23727.5,51.0,149.5,1.4656862745098038,TP,1,S|swing
2025-08-12 09:35:00-04:00,2025-08-12 09:35:00-04:00,2025-08-12 09:48:00-04:00,L,23785.0,23709.5,23709.75,75.25,-153.0,-1.0166112956810631,SL,1,L|swing
2025-08-12 10:05:00-04:00,2025-08-12 10:05:00-04:00,2025-08-12 10:21:00-04:00,L,23675.25,23754.75,23621.75,53.5,157.0,1.4672897196261683,TP,1,L|swing
2025-08-12 13:56:00-04:00,2025-08-12 13:56:00-04:00,2025-08-12 15:59:00-04:00,L,23914.0,23933.75,23885.0,29.0,37.5,0.646551724137931,time,1,L|swing
2025-08-13 10:26:00-04:00,2025-08-13 10:26:00-04:00,2025-08-13 15:59:00-04:00,S,23961.0,23943.5,24032.25,71.25,33.0,0.23157894736842105,time,1,S|swing
2025-08-14 11:11:00-04:00,2025-08-14 11:11:00-04:00,2025-08-14 11:13:00-04:00,L,23937.5,23928.5,23928.75,8.75,-20.0,-1.1428571428571428,SL,1,L|swing
2025-08-14 11:56:00-04:00,2025-08-14 11:56:00-04:00,2025-08-14 15:59:00-04:00,L,23941.25,23921.25,23862.5,78.75,-42.0,-0.26666666666666666,time,1,L|swing
2025-08-15 11:05:00-04:00,2025-08-15 11:05:00-04:00,2025-08-15 15:59:00-04:00,S,23795.75,23806.0,23856.0,60.25,-22.5,-0.18672199170124482,time,1,S|swing
2025-08-18 09:35:00-04:00,2025-08-18 09:35:00-04:00,2025-08-18 09:51:00-04:00,L,23807.25,23756.5,23756.75,50.5,-103.5,-1.0247524752475248,SL,1,L|swing
2025-08-18 10:23:00-04:00,2025-08-18 10:23:00-04:00,2025-08-18 10:46:00-04:00,L,23802.25,23734.5,23734.75,67.5,-137.5,-1.0185185185185186,SL,1,L|swing
2025-08-18 10:47:00-04:00,2025-08-18 10:47:00-04:00,2025-08-18 15:59:00-04:00,S,23723.75,23797.0,23824.75,101.0,-148.5,-0.7351485148514851,time,1,S|swing
2025-08-19 14:02:00-04:00,2025-08-19 14:02:00-04:00,2025-08-19 15:01:00-04:00,S,23483.0,23434.0,23516.25,33.25,96.0,1.443609022556391,TP,1,S|swing
2025-08-20 13:23:00-04:00,2025-08-20 13:23:00-04:00,2025-08-20 13:32:00-04:00,S,23241.0,23275.0,23274.75,33.75,-70.0,-1.037037037037037,SL,1,S|swing
2025-08-20 14:11:00-04:00,2025-08-20 14:11:00-04:00,2025-08-20 15:12:00-04:00,S,23219.75,23316.0,23315.75,96.0,-194.5,-1.0130208333333333,SL,1,S|swing
2025-08-21 10:41:00-04:00,2025-08-21 10:41:00-04:00,2025-08-21 15:59:00-04:00,S,23254.0,23218.25,23348.5,94.5,69.5,0.36772486772486773,time,1,S|swing
2025-08-22 11:11:00-04:00,2025-08-22 11:11:00-04:00,2025-08-22 11:48:00-04:00,L,23626.75,23588.75,23589.0,37.75,-78.0,-1.033112582781457,SL,1,L|swing
2025-08-22 13:14:00-04:00,2025-08-22 13:14:00-04:00,2025-08-22 15:59:00-04:00,L,23579.25,23564.75,23506.75,72.5,-31.0,-0.21379310344827587,time,1,L|swing
2025-08-25 12:56:00-04:00,2025-08-25 12:56:00-04:00,2025-08-25 13:01:00-04:00,L,23599.75,23587.25,23587.5,12.25,-27.0,-1.1020408163265305,SL,1,L|swing
2025-08-25 13:29:00-04:00,2025-08-25 13:29:00-04:00,2025-08-25 13:40:00-04:00,L,23584.25,23569.5,23569.75,14.5,-31.5,-1.0862068965517242,SL,1,L|swing
2025-08-25 14:23:00-04:00,2025-08-25 14:23:00-04:00,2025-08-25 14:43:00-04:00,L,23572.5,23553.0,23553.25,19.25,-41.0,-1.0649350649350648,SL,1,L|swing
2025-08-26 09:41:00-04:00,2025-08-26 09:41:00-04:00,2025-08-26 09:46:00-04:00,L,23515.5,23462.75,23463.0,52.5,-107.5,-1.0238095238095237,SL,1,L|swing
2025-08-26 09:47:00-04:00,2025-08-26 09:47:00-04:00,2025-08-26 10:10:00-04:00,S,23444.5,23519.0,23518.75,74.25,-151.0,-1.0168350168350169,SL,1,S|swing
2025-08-26 10:14:00-04:00,2025-08-26 10:14:00-04:00,2025-08-26 15:59:00-04:00,L,23507.5,23586.75,23426.5,81.0,156.5,0.9660493827160493,time,1,L|swing
2025-08-27 09:35:00-04:00,2025-08-27 09:35:00-04:00,2025-08-27 09:46:00-04:00,S,23542.0,23495.25,23573.75,31.75,91.5,1.4409448818897639,TP,1,S|swing
2025-08-27 12:20:00-04:00,2025-08-27 12:20:00-04:00,2025-08-27 14:12:00-04:00,S,23581.5,23632.25,23632.0,50.5,-103.5,-1.0247524752475248,SL,1,S|swing
2025-08-28 10:08:00-04:00,2025-08-28 10:08:00-04:00,2025-08-28 15:59:00-04:00,L,23675.5,23766.0,23572.25,103.25,179.0,0.8668280871670703,time,1,L|swing
2025-08-29 13:11:00-04:00,2025-08-29 13:11:00-04:00,2025-08-29 15:47:00-04:00,S,23424.0,23492.0,23491.75,67.75,-138.0,-1.018450184501845,SL,1,S|swing
2025-09-01 09:41:00-04:00,2025-09-01 09:41:00-04:00,2025-09-01 12:49:00-04:00,L,23481.75,23502.75,23443.0,38.75,40.0,0.5161290322580645,time,1,L|swing
2025-09-02 10:35:00-04:00,2025-09-02 10:35:00-04:00,2025-09-02 10:40:00-04:00,S,23244.25,23217.0,23263.0,18.75,52.5,1.4,TP,1,S|swing
2025-09-02 14:35:00-04:00,2025-09-02 14:35:00-04:00,2025-09-02 14:48:00-04:00,S,23167.0,23195.5,23195.25,28.25,-59.0,-1.0442477876106195,SL,1,S|swing
2025-09-03 09:50:00-04:00,2025-09-03 09:50:00-04:00,2025-09-03 10:33:00-04:00,L,23411.0,23472.25,23369.5,41.5,120.5,1.4518072289156627,TP,1,L|swing
2025-09-03 12:26:00-04:00,2025-09-03 12:26:00-04:00,2025-09-03 12:40:00-04:00,L,23442.75,23399.5,23399.75,43.0,-88.5,-1.0290697674418605,SL,1,L|swing
2025-09-03 12:50:00-04:00,2025-09-03 12:50:00-04:00,2025-09-03 15:59:00-04:00,S,23393.25,23452.25,23464.25,71.0,-120.0,-0.8450704225352113,time,1,S|swing
2025-09-04 09:41:00-04:00,2025-09-04 09:41:00-04:00,2025-09-04 11:22:00-04:00,S,23469.25,23548.75,23548.5,79.25,-161.0,-1.0157728706624605,SL,1,S|swing
2025-09-04 12:38:00-04:00,2025-09-04 12:38:00-04:00,2025-09-04 13:47:00-04:00,L,23540.75,23582.25,23512.5,28.25,81.0,1.4336283185840708,TP,1,L|swing
2025-09-04 14:32:00-04:00,2025-09-04 14:32:00-04:00,2025-09-04 15:22:00-04:00,L,23609.0,23642.25,23586.25,22.75,64.5,1.4175824175824177,TP,1,L|swing
2025-09-05 13:26:00-04:00,2025-09-05 13:26:00-04:00,2025-09-05 13:42:00-04:00,S,23639.75,23607.25,23662.0,22.25,63.0,1.4157303370786516,TP,1,S|swing
2025-09-08 10:23:00-04:00,2025-09-08 10:23:00-04:00,2025-09-08 10:29:00-04:00,L,23829.0,23862.75,23806.0,23.0,65.5,1.423913043478261,TP,1,L|swing
2025-09-08 11:14:00-04:00,2025-09-08 11:14:00-04:00,2025-09-08 11:18:00-04:00,L,23873.75,23853.5,23853.75,20.0,-42.5,-1.0625,SL,1,L|swing
2025-09-08 11:32:00-04:00,2025-09-08 11:32:00-04:00,2025-09-08 11:46:00-04:00,L,23877.75,23843.5,23843.75,34.0,-70.5,-1.036764705882353,SL,1,L|swing
2025-09-08 11:59:00-04:00,2025-09-08 11:59:00-04:00,2025-09-08 12:17:00-04:00,L,23873.0,23829.25,23829.5,43.5,-89.5,-1.028735632183908,SL,1,L|swing
2025-09-08 12:41:00-04:00,2025-09-08 12:41:00-04:00,2025-09-08 13:05:00-04:00,L,23812.5,23789.5,23789.75,22.75,-48.0,-1.054945054945055,SL,1,L|swing
2025-09-08 14:26:00-04:00,2025-09-08 14:26:00-04:00,2025-09-08 15:12:00-04:00,L,23805.5,23771.75,23772.0,33.5,-69.5,-1.037313432835821,SL,1,L|swing
2025-09-09 10:35:00-04:00,2025-09-09 10:35:00-04:00,2025-09-09 13:11:00-04:00,S,23748.25,23851.25,23851.0,102.75,-208.0,-1.0121654501216546,SL,1,S|swing
2025-09-09 13:20:00-04:00,2025-09-09 13:20:00-04:00,2025-09-09 15:59:00-04:00,L,23846.25,23867.0,23805.75,40.5,39.5,0.4876543209876543,time,1,L|swing
2025-09-10 10:05:00-04:00,2025-09-10 10:05:00-04:00,2025-09-10 13:23:00-04:00,L,23969.0,23893.75,23894.0,75.0,-152.5,-1.0166666666666666,SL,1,L|swing
2025-09-10 13:38:00-04:00,2025-09-10 13:38:00-04:00,2025-09-10 15:09:00-04:00,S,23889.5,23825.75,23932.5,43.0,125.5,1.4593023255813953,TP,1,S|swing
2025-09-11 09:41:00-04:00,2025-09-11 09:41:00-04:00,2025-09-11 10:06:00-04:00,S,23922.5,23998.25,23998.0,75.5,-153.5,-1.0165562913907285,SL,1,S|swing
2025-09-11 10:08:00-04:00,2025-09-11 10:08:00-04:00,2025-09-11 15:59:00-04:00,L,24001.75,24011.5,23909.5,92.25,17.5,0.0948509485094851,time,1,L|swing
2025-09-12 10:05:00-04:00,2025-09-12 10:05:00-04:00,2025-09-12 13:58:00-04:00,L,24052.5,24127.75,24001.75,50.75,148.5,1.4630541871921183,TP,1,L|swing
2025-09-12 13:59:00-04:00,2025-09-12 13:59:00-04:00,2025-09-12 15:41:00-04:00,L,24124.25,24091.0,24091.25,33.0,-68.5,-1.0378787878787878,SL,1,L|swing
2025-09-15 12:23:00-04:00,2025-09-15 12:23:00-04:00,2025-09-15 12:57:00-04:00,L,24283.75,24265.5,24265.75,18.0,-38.5,-1.0694444444444444,SL,1,L|swing
2025-09-15 13:05:00-04:00,2025-09-15 13:05:00-04:00,2025-09-15 13:17:00-04:00,L,24272.5,24259.5,24259.75,12.75,-28.0,-1.0980392156862746,SL,1,L|swing
2025-09-15 13:41:00-04:00,2025-09-15 13:41:00-04:00,2025-09-15 14:43:00-04:00,L,24266.5,24248.25,24248.5,18.0,-38.5,-1.0694444444444444,SL,1,L|swing
2025-09-16 11:02:00-04:00,2025-09-16 11:02:00-04:00,2025-09-16 15:01:00-04:00,S,24273.25,24314.25,24314.0,40.75,-84.0,-1.030674846625767,SL,1,S|swing
2025-09-17 12:14:00-04:00,2025-09-17 12:14:00-04:00,2025-09-17 13:36:00-04:00,S,24160.25,24184.5,24184.25,24.0,-50.5,-1.0520833333333333,SL,1,S|swing
2025-09-17 14:14:00-04:00,2025-09-17 14:14:00-04:00,2025-09-17 15:24:00-04:00,S,24083.5,24281.75,24281.5,198.0,-398.5,-1.0063131313131313,SL,1,S|swing
2025-09-22 11:23:00-04:00,2025-09-22 11:23:00-04:00,2025-09-22 11:34:00-04:00,L,24917.0,24903.75,24904.0,13.0,-28.5,-1.0961538461538463,SL,1,L|swing
2025-09-22 12:11:00-04:00,2025-09-22 12:11:00-04:00,2025-09-22 14:17:00-04:00,L,24949.5,25013.25,24906.5,43.0,125.5,1.4593023255813953,TP,1,L|swing
2025-09-23 09:35:00-04:00,2025-09-23 09:35:00-04:00,2025-09-23 09:55:00-04:00,S,24982.75,24942.75,25010.0,27.25,78.0,1.4311926605504588,TP,1,S|swing
2025-09-23 11:14:00-04:00,2025-09-23 11:14:00-04:00,2025-09-23 11:16:00-04:00,S,24961.5,24953.75,24967.25,5.75,13.5,1.173913043478261,TP,1,S|swing
2025-09-23 11:26:00-04:00,2025-09-23 11:26:00-04:00,2025-09-23 11:42:00-04:00,S,24955.0,24933.0,24970.25,15.25,42.0,1.3770491803278688,TP,1,S|swing
2025-09-23 11:56:00-04:00,2025-09-23 11:56:00-04:00,2025-09-23 13:03:00-04:00,S,24942.75,24912.75,24963.25,20.5,58.0,1.4146341463414633,TP,1,S|swing
2025-09-23 13:14:00-04:00,2025-09-23 13:14:00-04:00,2025-09-23 13:35:00-04:00,S,24910.0,24847.75,24952.0,42.0,122.5,1.4583333333333333,TP,1,S|swing
2025-09-23 14:47:00-04:00,2025-09-23 14:47:00-04:00,2025-09-23 14:52:00-04:00,S,24821.25,24798.75,24836.75,15.5,43.0,1.3870967741935485,TP,1,S|swing
2025-09-24 10:53:00-04:00,2025-09-24 10:53:00-04:00,2025-09-24 11:10:00-04:00,S,24812.5,24787.25,24830.0,17.5,48.5,1.3857142857142857,TP,1,S|swing
2025-09-24 13:47:00-04:00,2025-09-24 13:47:00-04:00,2025-09-24 15:59:00-04:00,S,24705.5,24739.75,24755.25,49.75,-70.5,-0.7085427135678392,time,1,S|swing
2025-09-25 11:23:00-04:00,2025-09-25 11:23:00-04:00,2025-09-25 11:35:00-04:00,S,24618.5,24656.25,24656.0,37.5,-77.5,-1.0333333333333334,SL,1,S|swing
2025-09-26 09:53:00-04:00,2025-09-26 09:53:00-04:00,2025-09-26 10:11:00-04:00,L,24696.25,24596.25,24596.5,99.75,-202.0,-1.012531328320802,SL,1,L|swing
2025-09-26 10:47:00-04:00,2025-09-26 10:47:00-04:00,2025-09-26 12:21:00-04:00,S,24592.5,24643.25,24643.0,50.5,-103.5,-1.0247524752475248,SL,1,S|swing
2025-09-26 12:35:00-04:00,2025-09-26 12:35:00-04:00,2025-09-26 15:59:00-04:00,L,24656.5,24725.25,24577.0,79.5,135.5,0.8522012578616353,time,1,L|swing
2025-09-29 09:44:00-04:00,2025-09-29 09:44:00-04:00,2025-09-29 11:36:00-04:00,L,24914.5,24845.25,24845.5,69.0,-140.5,-1.0181159420289856,SL,1,L|swing
2025-09-29 12:38:00-04:00,2025-09-29 12:38:00-04:00,2025-09-29 12:57:00-04:00,S,24850.25,24824.5,24868.0,17.75,49.5,1.3943661971830985,TP,1,S|swing
2025-09-29 13:50:00-04:00,2025-09-29 13:50:00-04:00,2025-09-29 13:52:00-04:00,S,24828.25,24841.75,24841.5,13.25,-29.0,-1.0943396226415094,SL,1,S|swing
2025-09-30 11:41:00-04:00,2025-09-30 11:41:00-04:00,2025-09-30 15:03:00-04:00,S,24771.5,24852.5,24852.25,80.75,-164.0,-1.0154798761609907,SL,1,S|swing
2025-10-01 12:47:00-04:00,2025-10-01 12:47:00-04:00,2025-10-01 13:02:00-04:00,L,24942.5,24962.25,24928.75,13.75,37.5,1.3636363636363635,TP,1,L|swing
2025-10-01 14:08:00-04:00,2025-10-01 14:08:00-04:00,2025-10-01 15:59:00-04:00,L,25006.5,25011.25,24963.75,42.75,7.5,0.08771929824561403,time,1,L|swing
2025-10-02 10:47:00-04:00,2025-10-02 10:47:00-04:00,2025-10-02 13:25:00-04:00,S,25039.5,25092.25,25092.0,52.5,-107.5,-1.0238095238095237,SL,1,S|swing
2025-10-02 14:20:00-04:00,2025-10-02 14:20:00-04:00,2025-10-02 15:59:00-04:00,L,25105.5,25108.0,25076.0,29.5,3.0,0.05084745762711865,time,1,L|swing
2025-10-03 09:41:00-04:00,2025-10-03 09:41:00-04:00,2025-10-03 09:53:00-04:00,S,25124.0,25167.25,25167.0,43.0,-88.5,-1.0290697674418605,SL,1,S|swing
2025-10-03 09:56:00-04:00,2025-10-03 09:56:00-04:00,2025-10-03 13:42:00-04:00,S,25107.0,25011.5,25171.25,64.25,189.0,1.4708171206225682,TP,1,S|swing
2025-10-03 14:08:00-04:00,2025-10-03 14:08:00-04:00,2025-10-03 14:27:00-04:00,S,24938.0,25043.75,25043.5,105.5,-213.5,-1.0118483412322274,SL,1,S|swing
2025-10-03 14:32:00-04:00,2025-10-03 14:32:00-04:00,2025-10-03 15:59:00-04:00,S,25005.5,24997.0,25045.0,39.5,15.0,0.189873417721519,time,1,S|swing
2025-10-06 10:02:00-04:00,2025-10-06 10:02:00-04:00,2025-10-06 10:42:00-04:00,L,25160.5,25116.5,25116.75,43.75,-90.0,-1.0285714285714285,SL,1,L|swing
2025-10-06 11:08:00-04:00,2025-10-06 11:08:00-04:00,2025-10-06 15:59:00-04:00,L,25169.5,25183.75,25110.0,59.5,26.5,0.22268907563025211,time,1,L|swing
2025-10-07 09:35:00-04:00,2025-10-07 09:35:00-04:00,2025-10-07 10:03:00-04:00,L,25245.25,25216.5,25216.75,28.5,-59.5,-1.043859649122807,SL,1,L|swing
2025-10-07 10:11:00-04:00,2025-10-07 10:11:00-04:00,2025-10-07 10:27:00-04:00,L,25257.5,25213.0,25213.25,44.25,-91.0,-1.0282485875706215,SL,1,L|swing
2025-10-07 10:32:00-04:00,2025-10-07 10:32:00-04:00,2025-10-07 10:35:00-04:00,L,25221.5,25207.0,25207.25,14.25,-31.0,-1.087719298245614,SL,1,L|swing
2025-10-07 11:05:00-04:00,2025-10-07 11:05:00-04:00,2025-10-07 15:59:00-04:00,S,25115.5,25045.5,25211.75,96.25,138.0,0.7168831168831169,time,1,S|swing
2025-10-08 11:50:00-04:00,2025-10-08 11:50:00-04:00,2025-10-08 15:51:00-04:00,L,25255.5,25323.75,25209.5,46.0,134.5,1.4619565217391304,TP,1,L|swing
2025-10-09 09:53:00-04:00,2025-10-09 09:53:00-04:00,2025-10-09 13:17:00-04:00,S,25273.75,25179.0,25337.5,63.75,187.5,1.4705882352941178,TP,1,S|swing
2025-10-10 10:59:00-04:00,2025-10-10 10:59:00-04:00,2025-10-10 11:18:00-04:00,S,25193.75,24945.25,25360.0,166.25,495.0,1.4887218045112782,TP,1,S|swing
2025-10-10 12:44:00-04:00,2025-10-10 12:44:00-04:00,2025-10-10 15:11:00-04:00,S,24735.5,24568.0,24847.75,112.25,333.0,1.4832962138084633,TP,1,S|swing
2025-10-13 09:50:00-04:00,2025-10-13 09:50:00-04:00,2025-10-13 15:59:00-04:00,L,24853.0,24920.5,24724.25,128.75,133.0,0.516504854368932,time,1,L|swing
2025-10-14 11:41:00-04:00,2025-10-14 11:41:00-04:00,2025-10-14 11:51:00-04:00,L,24738.0,24818.25,24684.0,54.0,158.5,1.4675925925925926,TP,1,L|swing
2025-10-14 13:59:00-04:00,2025-10-14 13:59:00-04:00,2025-10-14 15:33:00-04:00,L,24900.25,24879.75,24880.0,20.25,-43.0,-1.0617283950617284,SL,1,L|swing
2025-10-15 09:53:00-04:00,2025-10-15 09:53:00-04:00,2025-10-15 10:10:00-04:00,L,24982.25,25109.75,24896.75,85.5,253.0,1.4795321637426901,TP,1,L|swing
2025-10-15 11:14:00-04:00,2025-10-15 11:14:00-04:00,2025-10-15 11:16:00-04:00,L,25077.0,25056.5,25056.75,20.25,-43.0,-1.0617283950617284,SL,1,L|swing
2025-10-15 12:08:00-04:00,2025-10-15 12:08:00-04:00,2025-10-15 13:00:00-04:00,L,24977.75,24876.0,24876.25,101.5,-205.5,-1.0123152709359606,SL,1,L|swing
2025-10-15 13:02:00-04:00,2025-10-15 13:02:00-04:00,2025-10-15 15:59:00-04:00,S,24845.0,24925.0,24967.75,122.75,-162.0,-0.659877800407332,time,1,S|swing
2025-10-16 09:44:00-04:00,2025-10-16 09:44:00-04:00,2025-10-16 09:50:00-04:00,L,25091.75,25035.5,25035.75,56.0,-114.5,-1.0223214285714286,SL,1,L|swing
2025-10-16 10:17:00-04:00,2025-10-16 10:17:00-04:00,2025-10-16 10:45:00-04:00,L,25080.0,25179.25,25013.25,66.75,196.5,1.4719101123595506,TP,1,L|swing
2025-10-16 11:29:00-04:00,2025-10-16 11:29:00-04:00,2025-10-16 12:20:00-04:00,S,25038.25,24897.75,25132.5,94.25,279.0,1.4801061007957559,TP,1,S|swing
2025-10-16 13:56:00-04:00,2025-10-16 13:56:00-04:00,2025-10-16 14:12:00-04:00,S,24854.5,24704.25,24955.25,100.75,298.5,1.4813895781637718,TP,1,S|swing
2025-10-16 14:26:00-04:00,2025-10-16 14:26:00-04:00,2025-10-16 15:59:00-04:00,S,24696.25,24831.0,24872.0,175.75,-271.5,-0.7724039829302988,time,1,S|swing
2025-10-17 09:35:00-04:00,2025-10-17 09:35:00-04:00,2025-10-17 09:43:00-04:00,L,24783.25,24699.25,24699.5,83.75,-170.0,-1.0149253731343284,SL,1,L|swing
2025-10-17 09:50:00-04:00,2025-10-17 09:50:00-04:00,2025-10-17 10:15:00-04:00,L,24784.75,24953.0,24672.0,112.75,334.5,1.483370288248337,TP,1,L|swing
2025-10-17 10:59:00-04:00,2025-10-17 10:59:00-04:00,2025-10-17 11:01:00-04:00,L,24764.75,24790.5,24747.0,17.75,49.5,1.3943661971830985,TP,1,L|swing
2025-10-17 11:44:00-04:00,2025-10-17 11:44:00-04:00,2025-10-17 12:30:00-04:00,L,24791.0,24965.25,24674.25,116.75,346.5,1.4839400428265526,TP,1,L|swing
2025-10-17 13:53:00-04:00,2025-10-17 13:53:00-04:00,2025-10-17 15:59:00-04:00,L,24930.0,24988.25,24832.75,97.25,114.5,0.5886889460154242,time,1,L|swing
2025-10-20 11:50:00-04:00,2025-10-20 11:50:00-04:00,2025-10-20 11:52:00-04:00,L,25338.75,25306.5,25306.75,32.0,-66.5,-1.0390625,SL,1,L|swing
2025-10-20 11:56:00-04:00,2025-10-20 11:56:00-04:00,2025-10-20 12:12:00-04:00,L,25315.0,25297.25,25297.5,17.5,-37.5,-1.0714285714285714,SL,1,L|swing
2025-10-20 12:26:00-04:00,2025-10-20 12:26:00-04:00,2025-10-20 12:36:00-04:00,L,25312.25,25295.0,25295.25,17.0,-36.5,-1.0735294117647058,SL,1,L|swing
2025-10-20 12:38:00-04:00,2025-10-20 12:38:00-04:00,2025-10-20 13:03:00-04:00,L,25305.25,25327.75,25289.75,15.5,43.0,1.3870967741935485,TP,1,L|swing
2025-10-20 14:56:00-04:00,2025-10-20 14:56:00-04:00,2025-10-20 15:15:00-04:00,L,25327.0,25306.0,25306.25,20.75,-44.0,-1.0602409638554218,SL,1,L|swing
2025-10-21 09:38:00-04:00,2025-10-21 09:38:00-04:00,2025-10-21 09:42:00-04:00,S,25276.5,25235.0,25304.75,28.25,81.0,1.4336283185840708,TP,1,S|swing
2025-10-21 10:26:00-04:00,2025-10-21 10:26:00-04:00,2025-10-21 10:55:00-04:00,S,25235.0,25286.5,25286.25,51.25,-105.0,-1.024390243902439,SL,1,S|swing
2025-10-21 12:59:00-04:00,2025-10-21 12:59:00-04:00,2025-10-21 15:59:00-04:00,S,25285.25,25291.5,25347.75,62.5,-14.5,-0.116,time,1,S|swing
2025-10-22 10:02:00-04:00,2025-10-22 10:02:00-04:00,2025-10-22 10:15:00-04:00,S,25253.0,25198.75,25289.75,36.75,106.5,1.4489795918367347,TP,1,S|swing
2025-10-22 11:59:00-04:00,2025-10-22 11:59:00-04:00,2025-10-22 12:11:00-04:00,S,25100.5,25054.75,25131.5,31.0,89.5,1.4435483870967742,TP,1,S|swing
2025-10-22 12:32:00-04:00,2025-10-22 12:32:00-04:00,2025-10-22 15:59:00-04:00,S,24879.5,25041.0,25096.75,217.25,-325.0,-0.7479861910241657,time,1,S|swing
2025-10-23 11:53:00-04:00,2025-10-23 11:53:00-04:00,2025-10-23 15:59:00-04:00,L,25195.25,25252.25,25119.25,76.0,112.0,0.7368421052631579,time,1,L|swing
2025-10-24 11:23:00-04:00,2025-10-24 11:23:00-04:00,2025-10-24 15:59:00-04:00,L,25536.75,25508.75,25432.25,104.5,-58.0,-0.27751196172248804,time,1,L|swing
2025-10-27 09:38:00-04:00,2025-10-27 09:38:00-04:00,2025-10-27 11:33:00-04:00,L,25839.0,25902.75,25796.0,43.0,125.5,1.4593023255813953,TP,1,L|swing
2025-10-27 12:32:00-04:00,2025-10-27 12:32:00-04:00,2025-10-27 13:21:00-04:00,L,25908.5,25896.0,25896.25,12.25,-27.0,-1.1020408163265305,SL,1,L|swing
2025-10-27 14:35:00-04:00,2025-10-27 14:35:00-04:00,2025-10-27 14:42:00-04:00,L,25926.75,25933.0,25922.0,4.75,10.5,1.105263157894737,TP,1,L|swing
2025-10-27 14:50:00-04:00,2025-10-27 14:50:00-04:00,2025-10-27 15:18:00-04:00,L,25935.75,25922.5,25922.75,13.0,-28.5,-1.0961538461538463,SL,1,L|swing
2025-10-28 11:08:00-04:00,2025-10-28 11:08:00-04:00,2025-10-28 11:35:00-04:00,L,26051.25,26008.0,26008.25,43.0,-88.5,-1.0290697674418605,SL,1,L|swing
2025-10-29 10:35:00-04:00,2025-10-29 10:35:00-04:00,2025-10-29 10:49:00-04:00,L,26303.0,26261.25,26261.5,41.5,-85.5,-1.0301204819277108,SL,1,L|swing
2025-10-29 12:35:00-04:00,2025-10-29 12:35:00-04:00,2025-10-29 12:44:00-04:00,S,26249.0,26257.5,26257.25,8.25,-19.0,-1.1515151515151516,SL,1,S|swing
2025-10-29 13:23:00-04:00,2025-10-29 13:23:00-04:00,2025-10-29 14:00:00-04:00,S,26243.0,26269.25,26269.0,26.0,-54.5,-1.0480769230769231,SL,1,S|swing
2025-10-29 14:20:00-04:00,2025-10-29 14:20:00-04:00,2025-10-29 14:35:00-04:00,S,26236.0,26155.5,26290.25,54.25,159.0,1.4654377880184333,TP,1,S|swing
2025-10-30 10:47:00-04:00,2025-10-30 10:47:00-04:00,2025-10-30 10:56:00-04:00,S,26052.25,25983.25,26098.75,46.5,136.0,1.4623655913978495,TP,1,S|swing
2025-10-30 11:26:00-04:00,2025-10-30 11:26:00-04:00,2025-10-30 11:38:00-04:00,S,26049.0,26006.75,26077.75,28.75,82.5,1.434782608695652,TP,1,S|swing
2025-10-30 13:11:00-04:00,2025-10-30 13:11:00-04:00,2025-10-30 15:21:00-04:00,S,26011.5,25908.75,26080.5,69.0,203.5,1.4746376811594204,TP,1,S|swing
2025-10-31 10:11:00-04:00,2025-10-31 10:11:00-04:00,2025-10-31 10:36:00-04:00,S,26092.25,26134.0,26133.75,41.5,-85.5,-1.0301204819277108,SL,1,S|swing
2025-10-31 11:38:00-04:00,2025-10-31 11:38:00-04:00,2025-10-31 12:12:00-04:00,S,26103.75,25985.25,26183.25,79.5,235.0,1.4779874213836477,TP,1,S|swing
2025-11-03 11:41:00-05:00,2025-11-03 11:41:00-05:00,2025-11-03 11:56:00-05:00,S,26081.25,26104.5,26104.25,23.0,-48.5,-1.0543478260869565,SL,1,S|swing
2025-11-03 12:35:00-05:00,2025-11-03 12:35:00-05:00,2025-11-03 14:25:00-05:00,L,26134.0,26087.75,26088.0,46.0,-94.5,-1.0271739130434783,SL,1,L|swing
2025-11-04 09:50:00-05:00,2025-11-04 09:50:00-05:00,2025-11-04 12:19:00-05:00,L,25793.75,25662.5,25662.75,131.0,-264.5,-1.0095419847328244,SL,1,L|swing
2025-11-04 12:29:00-05:00,2025-11-04 12:29:00-05:00,2025-11-04 13:18:00-05:00,S,25709.75,25638.25,25758.0,48.25,141.0,1.461139896373057,TP,1,S|swing
2025-11-04 13:20:00-05:00,2025-11-04 13:20:00-05:00,2025-11-04 15:59:00-05:00,S,25621.5,25579.75,25725.0,103.5,81.5,0.39371980676328505,time,1,S|swing
2025-11-05 09:38:00-05:00,2025-11-05 09:38:00-05:00,2025-11-05 09:53:00-05:00,L,25551.5,25646.75,25487.5,64.0,188.5,1.47265625,TP,1,L|swing
2025-11-06 12:23:00-05:00,2025-11-06 12:23:00-05:00,2025-11-06 12:45:00-05:00,S,25215.5,25310.25,25310.0,94.5,-191.5,-1.0132275132275133,SL,1,S|swing
2025-11-06 13:11:00-05:00,2025-11-06 13:11:00-05:00,2025-11-06 13:36:00-05:00,S,25233.0,25357.0,25356.75,123.75,-250.0,-1.0101010101010102,SL,1,S|swing
2025-11-06 13:47:00-05:00,2025-11-06 13:47:00-05:00,2025-11-06 14:05:00-05:00,S,25344.0,25373.25,25373.0,29.0,-60.5,-1.043103448275862,SL,1,S|swing
2025-11-06 14:26:00-05:00,2025-11-06 14:26:00-05:00,2025-11-06 14:27:00-05:00,S,25416.5,25418.0,25417.75,1.25,-5.0,-2.0,SL,1,S|swing
2025-11-06 14:41:00-05:00,2025-11-06 14:41:00-05:00,2025-11-06 15:32:00-05:00,S,25391.5,25321.25,25439.0,47.5,138.5,1.4578947368421054,TP,1,S|swing
2025-11-07 09:35:00-05:00,2025-11-07 09:35:00-05:00,2025-11-07 10:06:00-05:00,S,25031.5,24892.75,25124.5,93.0,275.5,1.4811827956989247,TP,1,S|swing
2025-11-07 10:23:00-05:00,2025-11-07 10:23:00-05:00,2025-11-07 10:57:00-05:00,S,24958.75,24829.25,25045.75,87.0,257.0,1.4770114942528736,TP,1,S|swing
2025-11-10 14:05:00-05:00,2025-11-10 14:05:00-05:00,2025-11-10 14:28:00-05:00,L,25663.75,25695.25,25642.25,21.5,61.0,1.4186046511627908,TP,1,L|swing
2025-11-11 10:32:00-05:00,2025-11-11 10:32:00-05:00,2025-11-11 12:53:00-05:00,S,25533.0,25624.25,25624.0,91.0,-184.5,-1.0137362637362637,SL,1,S|swing
2025-11-12 10:53:00-05:00,2025-11-12 10:53:00-05:00,2025-11-12 13:40:00-05:00,S,25544.25,25628.75,25628.5,84.25,-171.0,-1.0148367952522255,SL,1,S|swing
2025-11-12 13:59:00-05:00,2025-11-12 13:59:00-05:00,2025-11-12 14:28:00-05:00,S,25612.75,25576.5,25637.5,24.75,70.5,1.4242424242424243,TP,1,S|swing
2025-11-12 14:29:00-05:00,2025-11-12 14:29:00-05:00,2025-11-12 15:32:00-05:00,S,25580.0,25625.0,25624.75,44.75,-92.0,-1.0279329608938548,SL,1,S|swing
2025-11-13 14:53:00-05:00,2025-11-13 14:53:00-05:00,2025-11-13 15:39:00-05:00,S,25042.0,25133.0,25132.75,90.75,-184.0,-1.0137741046831956,SL,1,S|swing
2025-11-14 11:53:00-05:00,2025-11-14 11:53:00-05:00,2025-11-14 12:51:00-05:00,L,25243.75,25176.0,25176.25,67.5,-137.5,-1.0185185185185186,SL,1,L|swing
2025-11-14 14:47:00-05:00,2025-11-14 14:47:00-05:00,2025-11-14 15:18:00-05:00,L,25233.5,25151.25,25151.5,82.0,-166.5,-1.0152439024390243,SL,1,L|swing
2025-11-17 10:38:00-05:00,2025-11-17 10:38:00-05:00,2025-11-17 11:15:00-05:00,S,25077.75,24959.75,25157.0,79.25,234.0,1.476340694006309,TP,1,S|swing
2025-11-17 12:56:00-05:00,2025-11-17 12:56:00-05:00,2025-11-17 14:34:00-05:00,S,25026.25,24819.0,25165.0,138.75,412.5,1.4864864864864864,TP,1,S|swing
2025-11-18 09:41:00-05:00,2025-11-18 09:41:00-05:00,2025-11-18 10:00:00-05:00,S,24703.75,24511.75,24832.25,128.5,382.0,1.4863813229571985,TP,1,S|swing
2025-11-18 11:08:00-05:00,2025-11-18 11:08:00-05:00,2025-11-18 11:11:00-05:00,S,24493.25,24540.75,24540.5,47.25,-97.0,-1.0264550264550265,SL,1,S|swing
2025-11-18 12:23:00-05:00,2025-11-18 12:23:00-05:00,2025-11-18 12:42:00-05:00,S,24584.5,24693.75,24693.5,109.0,-220.5,-1.011467889908257,SL,1,S|swing
2025-11-18 12:47:00-05:00,2025-11-18 12:47:00-05:00,2025-11-18 15:59:00-05:00,L,24702.25,24584.75,24491.25,211.0,-237.0,-0.5616113744075829,time,1,L|swing
2025-11-19 09:35:00-05:00,2025-11-19 09:35:00-05:00,2025-11-19 09:53:00-05:00,L,24671.5,24819.25,24572.5,99.0,293.5,1.4823232323232323,TP,1,L|swing
2025-11-19 12:08:00-05:00,2025-11-19 12:08:00-05:00,2025-11-19 15:15:00-05:00,S,24632.25,24721.75,24721.5,89.25,-181.0,-1.0140056022408963,SL,1,S|swing
2025-11-20 09:35:00-05:00,2025-11-20 09:35:00-05:00,2025-11-20 09:41:00-05:00,L,25197.0,25151.0,25151.25,45.75,-94.0,-1.0273224043715847,SL,1,L|swing
2025-11-20 09:47:00-05:00,2025-11-20 09:47:00-05:00,2025-11-20 11:00:00-05:00,L,25262.0,25144.5,25144.75,117.25,-237.0,-1.0106609808102345,SL,1,L|swing
2025-11-20 13:08:00-05:00,2025-11-20 13:08:00-05:00,2025-11-20 13:09:00-05:00,S,24488.5,24498.25,24498.0,9.5,-21.5,-1.131578947368421,SL,1,S|swing
2025-11-20 14:02:00-05:00,2025-11-20 14:02:00-05:00,2025-11-20 15:59:00-05:00,S,24258.75,24137.25,24465.75,207.0,241.0,0.5821256038647343,time,1,S|swing
2025-11-21 09:41:00-05:00,2025-11-21 09:41:00-05:00,2025-11-21 09:45:00-05:00,L,24249.5,24152.25,24152.5,97.0,-196.5,-1.0128865979381443,SL,1,L|swing
2025-11-21 09:47:00-05:00,2025-11-21 09:47:00-05:00,2025-11-21 09:54:00-05:00,S,24143.0,24280.5,24280.25,137.25,-277.0,-1.0091074681238617,SL,1,S|swing
2025-11-21 13:02:00-05:00,2025-11-21 13:02:00-05:00,2025-11-21 13:03:00-05:00,L,24341.5,24327.0,24327.25,14.25,-31.0,-1.087719298245614,SL,1,L|swing
2025-11-21 13:50:00-05:00,2025-11-21 13:50:00-05:00,2025-11-21 15:59:00-05:00,L,24540.0,24313.5,24222.75,317.25,-455.0,-0.7171000788022065,time,1,L|swing
2025-11-24 12:32:00-05:00,2025-11-24 12:32:00-05:00,2025-11-24 15:54:00-05:00,L,24887.75,24975.75,24828.5,59.25,174.0,1.4683544303797469,TP,1,L|swing
2025-11-25 09:41:00-05:00,2025-11-25 09:41:00-05:00,2025-11-25 09:48:00-05:00,S,24795.75,24666.75,24882.25,86.5,256.0,1.4797687861271676,TP,1,S|swing
2025-11-25 10:11:00-05:00,2025-11-25 10:11:00-05:00,2025-11-25 10:32:00-05:00,S,24727.25,24826.25,24826.0,98.75,-200.0,-1.0126582278481013,SL,1,S|swing
2025-11-25 10:59:00-05:00,2025-11-25 10:59:00-05:00,2025-11-25 11:22:00-05:00,S,24817.75,24874.0,24873.75,56.0,-114.5,-1.0223214285714286,SL,1,S|swing
2025-11-25 11:50:00-05:00,2025-11-25 11:50:00-05:00,2025-11-25 12:15:00-05:00,L,24877.5,24953.5,24826.25,51.25,150.0,1.4634146341463414,TP,1,L|swing
2025-11-25 13:26:00-05:00,2025-11-25 13:26:00-05:00,2025-11-25 14:18:00-05:00,L,25016.0,24976.0,24976.25,39.75,-82.0,-1.0314465408805031,SL,1,L|swing
2025-11-25 14:44:00-05:00,2025-11-25 14:44:00-05:00,2025-11-25 14:56:00-05:00,L,24967.0,25010.0,24937.75,29.25,84.0,1.435897435897436,TP,1,L|swing
2025-11-26 12:44:00-05:00,2025-11-26 12:44:00-05:00,2025-11-26 13:09:00-05:00,L,25367.0,25312.5,25312.75,54.25,-111.0,-1.023041474654378,SL,1,L|swing
2025-11-26 13:23:00-05:00,2025-11-26 13:23:00-05:00,2025-11-26 15:59:00-05:00,L,25345.25,25295.75,25281.0,64.25,-101.0,-0.7859922178988327,time,1,L|swing
2025-11-27 10:44:00-05:00,2025-11-27 10:44:00-05:00,2025-11-27 12:49:00-05:00,S,25298.5,25300.0,25308.0,9.5,-5.0,-0.2631578947368421,time,1,S|swing
2025-11-28 09:50:00-05:00,2025-11-28 09:50:00-05:00,2025-11-28 12:59:00-05:00,L,25392.75,25487.25,25329.25,63.5,187.0,1.4724409448818898,TP,1,L|swing
2025-12-01 11:14:00-05:00,2025-12-01 11:14:00-05:00,2025-12-01 11:30:00-05:00,L,25349.25,25392.25,25320.0,29.25,84.0,1.435897435897436,TP,1,L|swing
2025-12-01 13:08:00-05:00,2025-12-01 13:08:00-05:00,2025-12-01 14:06:00-05:00,L,25473.0,25445.5,25445.75,27.25,-57.0,-1.0458715596330275,SL,1,L|swing
2025-12-01 14:20:00-05:00,2025-12-01 14:20:00-05:00,2025-12-01 14:22:00-05:00,L,25428.75,25417.0,25417.25,11.5,-25.5,-1.108695652173913,SL,1,L|swing
2025-12-02 11:44:00-05:00,2025-12-02 11:44:00-05:00,2025-12-02 12:02:00-05:00,S,25488.25,25554.25,25554.0,65.75,-134.0,-1.0190114068441065,SL,1,S|swing
2025-12-02 12:14:00-05:00,2025-12-02 12:14:00-05:00,2025-12-02 15:59:00-05:00,L,25550.0,25599.75,25477.75,72.25,97.5,0.6747404844290658,time,1,L|swing
2025-12-03 09:38:00-05:00,2025-12-03 09:38:00-05:00,2025-12-03 10:02:00-05:00,S,25483.75,25538.5,25538.25,54.5,-111.5,-1.0229357798165137,SL,1,S|swing
2025-12-03 11:02:00-05:00,2025-12-03 11:02:00-05:00,2025-12-03 11:07:00-05:00,S,25591.25,25570.75,25605.5,14.25,39.0,1.368421052631579,TP,1,S|swing
2025-12-03 11:17:00-05:00,2025-12-03 11:17:00-05:00,2025-12-03 11:33:00-05:00,S,25555.5,25601.5,25601.25,45.75,-94.0,-1.0273224043715847,SL,1,S|swing
2025-12-03 11:38:00-05:00,2025-12-03 11:38:00-05:00,2025-12-03 15:59:00-05:00,L,25619.75,25657.0,25521.5,98.25,72.5,0.36895674300254455,time,1,L|swing
2025-12-04 09:41:00-05:00,2025-12-04 09:41:00-05:00,2025-12-04 15:59:00-05:00,S,25608.25,25627.75,25732.75,124.5,-41.0,-0.1646586345381526,time,1,S|swing
2025-12-05 11:47:00-05:00,2025-12-05 11:47:00-05:00,2025-12-05 11:56:00-05:00,S,25688.75,25741.75,25741.5,52.75,-108.0,-1.0236966824644549,SL,1,S|swing
2025-12-05 12:35:00-05:00,2025-12-05 12:35:00-05:00,2025-12-05 12:52:00-05:00,S,25677.25,25731.75,25731.5,54.25,-111.0,-1.023041474654378,SL,1,S|swing
2025-12-05 12:59:00-05:00,2025-12-05 12:59:00-05:00,2025-12-05 15:59:00-05:00,L,25730.25,25725.75,25664.75,65.5,-11.0,-0.08396946564885496,time,1,L|swing
2025-12-08 10:26:00-05:00,2025-12-08 10:26:00-05:00,2025-12-08 15:59:00-05:00,S,25668.25,25669.0,25778.75,110.5,-3.5,-0.01583710407239819,time,1,S|swing
2025-12-09 09:41:00-05:00,2025-12-09 09:41:00-05:00,2025-12-09 10:02:00-05:00,S,25622.25,25653.75,25653.5,31.25,-65.0,-1.04,SL,1,S|swing
2025-12-09 10:05:00-05:00,2025-12-09 10:05:00-05:00,2025-12-09 10:43:00-05:00,S,25624.75,25670.5,25670.25,45.5,-93.5,-1.0274725274725274,SL,1,S|swing
2025-12-09 10:44:00-05:00,2025-12-09 10:44:00-05:00,2025-12-09 15:59:00-05:00,L,25680.0,25702.75,25623.75,56.25,43.5,0.38666666666666666,time,1,L|swing
2025-12-10 09:50:00-05:00,2025-12-10 09:50:00-05:00,2025-12-10 09:55:00-05:00,S,25646.25,25606.75,25673.25,27.0,77.0,1.4259259259259258,TP,1,S|swing
2025-12-10 10:14:00-05:00,2025-12-10 10:14:00-05:00,2025-12-10 10:55:00-05:00,S,25624.25,25551.75,25673.25,49.0,143.0,1.4591836734693877,TP,1,S|swing
2025-12-10 11:17:00-05:00,2025-12-10 11:17:00-05:00,2025-12-10 11:18:00-05:00,S,25613.0,25627.5,25627.25,14.25,-31.0,-1.087719298245614,SL,1,S|swing
2025-12-10 12:26:00-05:00,2025-12-10 12:26:00-05:00,2025-12-10 12:51:00-05:00,S,25625.0,25659.0,25658.75,33.75,-70.0,-1.037037037037037,SL,1,S|swing
2025-12-10 12:53:00-05:00,2025-12-10 12:53:00-05:00,2025-12-10 13:25:00-05:00,L,25662.75,25616.5,25616.75,46.0,-94.5,-1.0271739130434783,SL,1,L|swing
2025-12-10 14:08:00-05:00,2025-12-10 14:08:00-05:00,2025-12-10 15:59:00-05:00,L,25718.0,25800.0,25578.75,139.25,162.0,0.5816876122082585,time,1,L|swing
2025-12-11 09:41:00-05:00,2025-12-11 09:41:00-05:00,2025-12-11 09:56:00-05:00,S,25576.0,25419.25,25681.0,105.0,311.5,1.4833333333333334,TP,1,S|swing
2025-12-11 10:23:00-05:00,2025-12-11 10:23:00-05:00,2025-12-11 15:59:00-05:00,L,25619.75,25714.5,25390.0,229.75,187.5,0.40805223068552776,time,1,L|swing
2025-12-12 09:44:00-05:00,2025-12-12 09:44:00-05:00,2025-12-12 10:08:00-05:00,S,25553.25,25452.75,25620.75,67.5,199.0,1.474074074074074,TP,1,S|swing
2025-12-12 13:17:00-05:00,2025-12-12 13:17:00-05:00,2025-12-12 13:20:00-05:00,S,25355.25,25336.25,25368.5,13.25,36.0,1.3584905660377358,TP,1,S|swing
2025-12-12 13:38:00-05:00,2025-12-12 13:38:00-05:00,2025-12-12 13:58:00-05:00,S,25331.5,25276.75,25368.5,37.0,107.5,1.4527027027027026,TP,1,S|swing
2025-12-15 11:41:00-05:00,2025-12-15 11:41:00-05:00,2025-12-15 15:59:00-05:00,S,25145.25,25085.0,25267.0,121.75,118.5,0.486652977412731,time,1,S|swing
2025-12-16 09:47:00-05:00,2025-12-16 09:47:00-05:00,2025-12-16 10:25:00-05:00,L,25076.75,24960.0,24960.25,116.5,-235.5,-1.0107296137339057,SL,1,L|swing
2025-12-16 10:26:00-05:00,2025-12-16 10:26:00-05:00,2025-12-16 15:34:00-05:00,S,24944.0,25165.0,25164.75,220.75,-444.0,-1.0056625141562854,SL,1,S|swing
2025-12-17 12:02:00-05:00,2025-12-17 12:02:00-05:00,2025-12-17 12:24:00-05:00,S,24788.25,24839.0,24838.75,50.5,-103.5,-1.0247524752475248,SL,1,S|swing
2025-12-17 12:53:00-05:00,2025-12-17 12:53:00-05:00,2025-12-17 15:51:00-05:00,S,24790.0,24691.5,24856.25,66.25,195.0,1.471698113207547,TP,1,S|swing
2025-12-22 12:14:00-05:00,2025-12-22 12:14:00-05:00,2025-12-22 12:53:00-05:00,S,25699.75,25719.5,25719.25,19.5,-41.5,-1.064102564102564,SL,1,S|swing
2025-12-22 13:14:00-05:00,2025-12-22 13:14:00-05:00,2025-12-22 15:59:00-05:00,S,25690.75,25688.5,25731.5,40.75,2.5,0.03067484662576687,time,1,S|swing
2025-12-23 10:11:00-05:00,2025-12-23 10:11:00-05:00,2025-12-23 11:28:00-05:00,S,25635.25,25751.75,25751.5,116.25,-235.0,-1.010752688172043,SL,1,S|swing
2025-12-23 12:56:00-05:00,2025-12-23 12:56:00-05:00,2025-12-23 13:08:00-05:00,L,25757.75,25767.75,25750.5,7.25,18.0,1.2413793103448276,TP,1,L|swing
2025-12-23 13:23:00-05:00,2025-12-23 13:23:00-05:00,2025-12-23 15:58:00-05:00,L,25778.75,25819.25,25751.25,27.5,79.0,1.4363636363636363,TP,1,L|swing
2025-12-24 10:05:00-05:00,2025-12-24 10:05:00-05:00,2025-12-24 11:37:00-05:00,L,25821.5,25875.75,25784.75,36.75,106.5,1.4489795918367347,TP,1,L|swing
2025-12-26 09:35:00-05:00,2025-12-26 09:35:00-05:00,2025-12-26 10:01:00-05:00,L,25920.5,25864.0,25864.25,56.25,-115.0,-1.0222222222222221,SL,1,L|swing
2025-12-26 10:02:00-05:00,2025-12-26 10:02:00-05:00,2025-12-26 15:59:00-05:00,S,25842.25,25867.0,25935.25,93.0,-51.5,-0.2768817204301075,time,1,S|swing
2025-12-29 10:41:00-05:00,2025-12-29 10:41:00-05:00,2025-12-29 10:50:00-05:00,S,25743.25,25698.75,25773.5,30.25,87.0,1.43801652892562,TP,1,S|swing
2025-12-29 11:02:00-05:00,2025-12-29 11:02:00-05:00,2025-12-29 14:57:00-05:00,S,25694.25,25773.75,25773.5,79.25,-161.0,-1.0157728706624605,SL,1,S|swing
2025-12-30 11:53:00-05:00,2025-12-30 11:53:00-05:00,2025-12-30 15:59:00-05:00,S,25724.0,25678.25,25785.0,61.0,89.5,0.7336065573770492,time,1,S|swing
2025-12-31 14:20:00-05:00,2025-12-31 14:20:00-05:00,2025-12-31 15:00:00-05:00,S,25591.25,25526.5,25635.0,43.75,127.5,1.457142857142857,TP,1,S|swing
2026-01-02 09:50:00-05:00,2026-01-02 09:50:00-05:00,2026-01-02 10:12:00-05:00,L,25792.5,25637.5,25637.75,154.75,-312.0,-1.0080775444264944,SL,1,L|swing
2026-01-02 10:38:00-05:00,2026-01-02 10:38:00-05:00,2026-01-02 15:59:00-05:00,S,25524.5,25385.5,25709.75,185.25,276.0,0.7449392712550608,time,1,S|swing
2026-01-05 10:08:00-05:00,2026-01-05 10:08:00-05:00,2026-01-05 15:59:00-05:00,L,25642.75,25586.75,25538.25,104.5,-114.0,-0.5454545454545454,time,1,L|swing
2026-01-06 09:44:00-05:00,2026-01-06 09:44:00-05:00,2026-01-06 09:57:00-05:00,L,25666.5,25753.75,25607.75,58.75,172.5,1.4680851063829787,TP,1,L|swing
2026-01-06 12:14:00-05:00,2026-01-06 12:14:00-05:00,2026-01-06 13:46:00-05:00,L,25714.25,25793.25,25661.0,53.25,156.0,1.4647887323943662,TP,1,L|swing
2026-01-07 13:14:00-05:00,2026-01-07 13:14:00-05:00,2026-01-07 13:15:00-05:00,L,25961.5,25947.0,25947.25,14.25,-31.0,-1.087719298245614,SL,1,L|swing
2026-01-07 13:47:00-05:00,2026-01-07 13:47:00-05:00,2026-01-07 14:10:00-05:00,L,25973.0,25925.0,25925.25,47.75,-98.0,-1.0261780104712042,SL,1,L|swing
2026-01-07 14:14:00-05:00,2026-01-07 14:14:00-05:00,2026-01-07 14:16:00-05:00,L,25919.25,25900.25,25900.5,18.75,-40.0,-1.0666666666666667,SL,1,L|swing
2026-01-07 14:32:00-05:00,2026-01-07 14:32:00-05:00,2026-01-07 15:13:00-05:00,L,25914.0,25888.25,25888.5,25.5,-53.5,-1.0490196078431373,SL,1,L|swing
2026-01-08 11:05:00-05:00,2026-01-08 11:05:00-05:00,2026-01-08 11:35:00-05:00,S,25657.5,25596.25,25699.0,41.5,120.5,1.4518072289156627,TP,1,S|swing
2026-01-08 13:11:00-05:00,2026-01-08 13:11:00-05:00,2026-01-08 15:59:00-05:00,S,25639.5,25683.0,25703.75,64.25,-89.0,-0.6926070038910506,time,1,S|swing
2026-01-09 09:38:00-05:00,2026-01-09 09:38:00-05:00,2026-01-09 10:08:00-05:00,L,25765.5,25647.75,25648.0,117.5,-237.5,-1.0106382978723405,SL,1,L|swing
2026-01-09 13:17:00-05:00,2026-01-09 13:17:00-05:00,2026-01-09 13:21:00-05:00,L,25890.25,25896.5,25885.5,4.75,10.5,1.105263157894737,TP,1,L|swing
2026-01-09 13:35:00-05:00,2026-01-09 13:35:00-05:00,2026-01-09 15:59:00-05:00,L,25941.0,25932.75,25881.75,59.25,-18.5,-0.15611814345991562,time,1,L|swing
2026-01-13 09:35:00-05:00,2026-01-13 09:35:00-05:00,2026-01-13 10:02:00-05:00,L,25990.5,25930.25,25930.5,60.0,-122.5,-1.0208333333333333,SL,1,L|swing
2026-01-13 10:05:00-05:00,2026-01-13 10:05:00-05:00,2026-01-13 10:15:00-05:00,L,25948.25,25892.0,25892.25,56.0,-114.5,-1.0223214285714286,SL,1,L|swing
2026-01-13 10:17:00-05:00,2026-01-13 10:17:00-05:00,2026-01-13 11:49:00-05:00,S,25888.75,25995.5,25995.25,106.5,-215.5,-1.011737089201878,SL,1,S|swing
2026-01-13 12:50:00-05:00,2026-01-13 12:50:00-05:00,2026-01-13 14:03:00-05:00,S,25924.5,25833.75,25985.5,61.0,179.5,1.471311475409836,TP,1,S|swing
2026-01-14 14:56:00-05:00,2026-01-14 14:56:00-05:00,2026-01-14 15:01:00-05:00,S,25505.5,25463.25,25534.25,28.75,82.5,1.434782608695652,TP,1,S|swing
2026-01-15 10:35:00-05:00,2026-01-15 10:35:00-05:00,2026-01-15 10:46:00-05:00,L,25913.5,25836.75,25837.0,76.5,-155.5,-1.0163398692810457,SL,1,L|swing
2026-01-15 10:47:00-05:00,2026-01-15 10:47:00-05:00,2026-01-15 10:48:00-05:00,L,25847.0,25818.5,25818.75,28.25,-59.0,-1.0442477876106195,SL,1,L|swing
2026-01-15 10:56:00-05:00,2026-01-15 10:56:00-05:00,2026-01-15 11:01:00-05:00,L,25841.0,25896.75,25803.25,37.75,109.5,1.4503311258278146,TP,1,L|swing
2026-01-15 12:47:00-05:00,2026-01-15 12:47:00-05:00,2026-01-15 12:58:00-05:00,L,25893.5,25859.25,25859.5,34.0,-70.5,-1.036764705882353,SL,1,L|swing
2026-01-15 13:29:00-05:00,2026-01-15 13:29:00-05:00,2026-01-15 14:03:00-05:00,L,25897.25,25848.0,25848.25,49.0,-100.5,-1.0255102040816326,SL,1,L|swing
2026-01-16 09:38:00-05:00,2026-01-16 09:38:00-05:00,2026-01-16 09:44:00-05:00,L,25870.75,25829.25,25829.5,41.25,-85.0,-1.0303030303030303,SL,1,L|swing
2026-01-16 12:08:00-05:00,2026-01-16 12:08:00-05:00,2026-01-16 15:59:00-05:00,S,25702.25,25685.0,25753.5,51.25,32.5,0.3170731707317073,time,1,S|swing
2026-01-19 10:11:00-05:00,2026-01-19 10:11:00-05:00,2026-01-19 11:04:00-05:00,S,25317.25,25344.25,25344.0,26.75,-56.0,-1.0467289719626167,SL,1,S|swing
2026-01-19 11:11:00-05:00,2026-01-19 11:11:00-05:00,2026-01-19 12:49:00-05:00,L,25366.75,25400.0,25300.75,66.0,64.5,0.48863636363636365,time,1,L|swing
2026-01-20 09:38:00-05:00,2026-01-20 09:38:00-05:00,2026-01-20 13:50:00-05:00,L,25326.5,25200.75,25201.0,125.5,-253.5,-1.0099601593625498,SL,1,L|swing
2026-01-20 14:56:00-05:00,2026-01-20 14:56:00-05:00,2026-01-20 15:14:00-05:00,S,25157.5,25124.75,25180.0,22.5,63.5,1.4111111111111112,TP,1,S|swing
2026-01-21 09:41:00-05:00,2026-01-21 09:41:00-05:00,2026-01-21 09:51:00-05:00,S,25134.75,25257.5,25257.25,122.5,-247.5,-1.010204081632653,SL,1,S|swing
2026-01-21 14:02:00-05:00,2026-01-21 14:02:00-05:00,2026-01-21 14:28:00-05:00,L,25280.25,25394.75,25203.25,77.0,227.0,1.474025974025974,TP,1,L|swing
2026-01-21 14:29:00-05:00,2026-01-21 14:29:00-05:00,2026-01-21 15:59:00-05:00,L,25430.0,25471.25,25232.5,197.5,80.5,0.20379746835443038,time,1,L|swing
2026-01-22 14:02:00-05:00,2026-01-22 14:02:00-05:00,2026-01-22 14:24:00-05:00,L,25685.0,25712.25,25666.25,18.75,52.5,1.4,TP,1,L|swing
2026-01-23 10:05:00-05:00,2026-01-23 10:05:00-05:00,2026-01-23 15:59:00-05:00,L,25710.5,25734.75,25562.25,148.25,46.5,0.15682967959527824,time,1,L|swing
2026-01-26 11:23:00-05:00,2026-01-26 11:23:00-05:00,2026-01-26 15:55:00-05:00,L,25891.25,25850.25,25850.5,40.75,-84.0,-1.030674846625767,SL,1,L|swing
2026-01-27 09:53:00-05:00,2026-01-27 09:53:00-05:00,2026-01-27 15:59:00-05:00,L,26028.0,26075.75,25917.0,111.0,93.5,0.42117117117117114,time,1,L|swing
2026-01-28 09:35:00-05:00,2026-01-28 09:35:00-05:00,2026-01-28 09:44:00-05:00,S,26235.0,26289.5,26289.25,54.25,-111.0,-1.023041474654378,SL,1,S|swing
2026-01-28 10:14:00-05:00,2026-01-28 10:14:00-05:00,2026-01-28 15:59:00-05:00,S,26215.5,26150.75,26305.5,90.0,127.5,0.7083333333333334,time,1,S|swing
2026-01-29 11:35:00-05:00,2026-01-29 11:35:00-05:00,2026-01-29 11:40:00-05:00,S,25673.0,25714.75,25714.5,41.5,-85.5,-1.0301204819277108,SL,1,S|swing
2026-01-29 14:35:00-05:00,2026-01-29 14:35:00-05:00,2026-01-29 15:38:00-05:00,S,25855.75,25899.0,25898.75,43.0,-88.5,-1.0290697674418605,SL,1,S|swing
2026-01-30 09:35:00-05:00,2026-01-30 09:35:00-05:00,2026-01-30 10:29:00-05:00,L,25897.0,25804.5,25804.75,92.25,-187.0,-1.013550135501355,SL,1,L|swing
2026-01-30 10:35:00-05:00,2026-01-30 10:35:00-05:00,2026-01-30 11:21:00-05:00,L,25883.25,25769.75,25770.0,113.25,-229.0,-1.011037527593819,SL,1,L|swing
2026-01-30 12:35:00-05:00,2026-01-30 12:35:00-05:00,2026-01-30 13:21:00-05:00,S,25714.75,25593.75,25796.0,81.25,240.0,1.476923076923077,TP,1,S|swing
2026-01-30 14:29:00-05:00,2026-01-30 14:29:00-05:00,2026-01-30 15:07:00-05:00,S,25716.25,25619.25,25781.5,65.25,192.0,1.471264367816092,TP,1,S|swing
2026-02-02 13:35:00-05:00,2026-02-02 13:35:00-05:00,2026-02-02 14:40:00-05:00,L,25924.75,25896.75,25897.0,27.75,-58.0,-1.045045045045045,SL,1,L|swing
2026-02-03 11:26:00-05:00,2026-02-03 11:26:00-05:00,2026-02-03 12:40:00-05:00,S,25521.25,25356.0,25632.0,110.75,328.5,1.4830699774266365,TP,1,S|swing
2026-02-04 09:44:00-05:00,2026-02-04 09:44:00-05:00,2026-02-04 09:53:00-05:00,S,25333.0,25249.25,25389.5,56.5,165.5,1.4646017699115044,TP,1,S|swing
2026-02-04 12:11:00-05:00,2026-02-04 12:11:00-05:00,2026-02-04 12:27:00-05:00,S,25006.75,24931.25,25057.75,51.0,149.0,1.4607843137254901,TP,1,S|swing
2026-02-04 13:44:00-05:00,2026-02-04 13:44:00-05:00,2026-02-04 13:57:00-05:00,S,24887.75,24950.5,24950.25,62.5,-127.5,-1.02,SL,1,S|swing
2026-02-04 14:05:00-05:00,2026-02-04 14:05:00-05:00,2026-02-04 14:29:00-05:00,S,24887.75,24959.5,24959.25,71.5,-145.5,-1.0174825174825175,SL,1,S|swing
2026-02-05 09:56:00-05:00,2026-02-05 09:56:00-05:00,2026-02-05 10:14:00-05:00,S,24806.5,24574.75,24961.5,155.0,461.5,1.488709677419355,TP,1,S|swing
2026-02-05 12:17:00-05:00,2026-02-05 12:17:00-05:00,2026-02-05 12:26:00-05:00,S,24762.25,24857.25,24857.0,94.75,-192.0,-1.0131926121372032,SL,1,S|swing
2026-02-05 12:29:00-05:00,2026-02-05 12:29:00-05:00,2026-02-05 12:35:00-05:00,S,24837.5,24797.5,24864.75,27.25,78.0,1.4311926605504588,TP,1,S|swing
2026-02-05 13:23:00-05:00,2026-02-05 13:23:00-05:00,2026-02-05 14:21:00-05:00,S,24723.5,24835.0,24834.75,111.25,-225.0,-1.0112359550561798,SL,1,S|swing
2026-02-05 14:32:00-05:00,2026-02-05 14:32:00-05:00,2026-02-05 15:59:00-05:00,S,24689.75,24639.5,24839.25,149.5,98.5,0.3294314381270903,time,1,S|swing
2026-02-06 10:41:00-05:00,2026-02-06 10:41:00-05:00,2026-02-06 15:50:00-05:00,L,24918.5,25182.75,24741.75,176.75,526.5,1.4893917963224894,TP,1,L|swing
2026-02-09 13:23:00-05:00,2026-02-09 13:23:00-05:00,2026-02-09 15:59:00-05:00,L,25362.0,25338.0,25311.25,50.75,-50.0,-0.49261083743842365,time,1,L|swing
2026-02-10 09:38:00-05:00,2026-02-10 09:38:00-05:00,2026-02-10 10:06:00-05:00,S,25305.75,25410.75,25410.5,104.75,-212.0,-1.0119331742243436,SL,1,S|swing
2026-02-10 13:29:00-05:00,2026-02-10 13:29:00-05:00,2026-02-10 15:59:00-05:00,S,25291.75,25219.25,25385.5,93.75,143.0,0.7626666666666667,time,1,S|swing
2026-02-11 11:38:00-05:00,2026-02-11 11:38:00-05:00,2026-02-11 12:25:00-05:00,S,25199.5,25275.75,25275.5,76.0,-154.5,-1.0164473684210527,SL,1,S|swing
2026-02-11 12:47:00-05:00,2026-02-11 12:47:00-05:00,2026-02-11 13:15:00-05:00,L,25301.0,25201.0,25201.25,99.75,-202.0,-1.012531328320802,SL,1,L|swing
2026-02-11 13:23:00-05:00,2026-02-11 13:23:00-05:00,2026-02-11 13:54:00-05:00,S,25243.25,25307.0,25306.75,63.5,-129.5,-1.0196850393700787,SL,1,S|swing
2026-02-11 13:56:00-05:00,2026-02-11 13:56:00-05:00,2026-02-11 15:59:00-05:00,L,25310.75,25278.0,25241.5,69.25,-67.5,-0.48736462093862815,time,1,L|swing
2026-02-12 12:32:00-05:00,2026-02-12 12:32:00-05:00,2026-02-12 12:37:00-05:00,S,24869.0,24924.0,24923.75,54.75,-112.0,-1.0228310502283104,SL,1,S|swing
2026-02-13 09:41:00-05:00,2026-02-13 09:41:00-05:00,2026-02-13 09:45:00-05:00,S,24600.25,24800.5,24800.25,200.0,-402.5,-1.00625,SL,1,S|swing
2026-02-13 10:47:00-05:00,2026-02-13 10:47:00-05:00,2026-02-13 11:56:00-05:00,S,24747.0,24929.75,24929.5,182.5,-367.5,-1.0068493150684932,SL,1,S|swing
2026-02-13 13:08:00-05:00,2026-02-13 13:08:00-05:00,2026-02-13 13:22:00-05:00,L,24930.75,24975.75,24900.25,30.5,88.0,1.4426229508196722,TP,1,L|swing
2026-02-13 14:44:00-05:00,2026-02-13 14:44:00-05:00,2026-02-13 14:57:00-05:00,L,24907.5,24887.5,24887.75,19.75,-42.0,-1.0632911392405062,SL,1,L|swing
2026-02-16 10:32:00-05:00,2026-02-16 10:32:00-05:00,2026-02-16 12:49:00-05:00,S,24704.5,24759.25,24797.75,93.25,-111.5,-0.5978552278820375,time,1,S|swing
2026-02-17 11:02:00-05:00,2026-02-17 11:02:00-05:00,2026-02-17 15:59:00-05:00,L,24653.75,24776.5,24449.0,204.75,243.5,0.5946275946275946,time,1,L|swing
2026-02-18 12:20:00-05:00,2026-02-18 12:20:00-05:00,2026-02-18 13:27:00-05:00,L,25112.0,25057.25,25057.5,54.5,-111.5,-1.0229357798165137,SL,1,L|swing
2026-02-18 13:29:00-05:00,2026-02-18 13:29:00-05:00,2026-02-18 13:31:00-05:00,L,25063.5,25050.5,25050.75,12.75,-28.0,-1.0980392156862746,SL,1,L|swing
2026-02-18 13:35:00-05:00,2026-02-18 13:35:00-05:00,2026-02-18 13:41:00-05:00,L,25062.5,25046.0,25046.25,16.25,-35.0,-1.0769230769230769,SL,1,L|swing
2026-02-19 10:59:00-05:00,2026-02-19 10:59:00-05:00,2026-02-19 11:44:00-05:00,L,24924.75,24849.0,24849.25,75.5,-153.5,-1.0165562913907285,SL,1,L|swing
2026-02-19 12:38:00-05:00,2026-02-19 12:38:00-05:00,2026-02-19 13:20:00-05:00,S,24846.25,24758.75,24905.25,59.0,173.0,1.4661016949152543,TP,1,S|swing
2026-02-19 14:11:00-05:00,2026-02-19 14:11:00-05:00,2026-02-19 14:24:00-05:00,S,24821.5,24849.5,24849.25,27.75,-58.0,-1.045045045045045,SL,1,S|swing
2026-02-19 14:38:00-05:00,2026-02-19 14:38:00-05:00,2026-02-19 15:55:00-05:00,S,24783.5,24850.5,24850.25,66.75,-136.0,-1.0187265917602997,SL,1,S|swing
2026-02-20 13:14:00-05:00,2026-02-20 13:14:00-05:00,2026-02-20 13:21:00-05:00,L,25002.75,24946.25,24946.5,56.25,-115.0,-1.0222222222222221,SL,1,L|swing
2026-02-20 14:50:00-05:00,2026-02-20 14:50:00-05:00,2026-02-20 14:57:00-05:00,L,25052.25,25027.5,25027.75,24.5,-51.5,-1.0510204081632653,SL,1,L|swing
2026-02-23 09:44:00-05:00,2026-02-23 09:44:00-05:00,2026-02-23 15:59:00-05:00,S,24881.25,24768.25,25040.25,159.0,224.0,0.7044025157232704,time,1,S|swing
2026-02-24 11:38:00-05:00,2026-02-24 11:38:00-05:00,2026-02-24 11:58:00-05:00,L,24995.5,25034.25,24969.0,26.5,75.5,1.4245283018867925,TP,1,L|swing
2026-02-24 13:17:00-05:00,2026-02-24 13:17:00-05:00,2026-02-24 13:19:00-05:00,L,25041.5,25035.0,25035.25,6.25,-15.0,-1.2,SL,1,L|swing
2026-02-25 11:50:00-05:00,2026-02-25 11:50:00-05:00,2026-02-25 14:31:00-05:00,L,25322.75,25377.75,25285.5,37.25,108.0,1.4496644295302012,TP,1,L|swing
2026-02-25 14:50:00-05:00,2026-02-25 14:50:00-05:00,2026-02-25 15:03:00-05:00,L,25372.25,25364.25,25364.5,7.75,-18.0,-1.1612903225806452,SL,1,L|swing
2026-02-26 11:44:00-05:00,2026-02-26 11:44:00-05:00,2026-02-26 14:24:00-05:00,S,25001.25,25086.0,25085.75,84.5,-171.5,-1.014792899408284,SL,1,S|swing
2026-02-27 11:14:00-05:00,2026-02-27 11:14:00-05:00,2026-02-27 12:22:00-05:00,L,24988.75,24922.75,24923.0,65.75,-134.0,-1.0190114068441065,SL,1,L|swing
2026-02-27 12:35:00-05:00,2026-02-27 12:35:00-05:00,2026-02-27 13:19:00-05:00,L,24981.25,24899.75,24900.0,81.25,-165.0,-1.0153846153846153,SL,1,L|swing
2026-02-27 13:26:00-05:00,2026-02-27 13:26:00-05:00,2026-02-27 14:06:00-05:00,S,24882.5,24956.0,24955.75,73.25,-149.0,-1.0170648464163823,SL,1,S|swing
2026-02-27 14:08:00-05:00,2026-02-27 14:08:00-05:00,2026-02-27 15:14:00-05:00,S,24915.25,24960.75,24960.5,45.25,-93.0,-1.0276243093922652,SL,1,S|swing
2026-03-02 12:50:00-05:00,2026-03-02 12:50:00-05:00,2026-03-02 13:21:00-05:00,L,25048.25,25025.75,25026.0,22.25,-47.0,-1.0561797752808988,SL,1,L|swing
2026-03-02 13:38:00-05:00,2026-03-02 13:38:00-05:00,2026-03-02 13:41:00-05:00,L,25012.75,24999.75,25000.0,12.75,-28.0,-1.0980392156862746,SL,1,L|swing
2026-03-02 13:44:00-05:00,2026-03-02 13:44:00-05:00,2026-03-02 13:46:00-05:00,L,25021.75,24998.75,24999.0,22.75,-48.0,-1.054945054945055,SL,1,L|swing
2026-03-02 13:56:00-05:00,2026-03-02 13:56:00-05:00,2026-03-02 13:58:00-05:00,L,24989.0,24978.0,24978.25,10.75,-24.0,-1.1162790697674418,SL,1,L|swing
2026-03-02 14:05:00-05:00,2026-03-02 14:05:00-05:00,2026-03-02 14:10:00-05:00,L,24993.0,25031.5,24966.75,26.25,75.0,1.4285714285714286,TP,1,L|swing
2026-03-03 09:59:00-05:00,2026-03-03 09:59:00-05:00,2026-03-03 11:45:00-05:00,S,24489.5,24661.5,24661.25,171.75,-346.0,-1.007278020378457,SL,1,S|swing
2026-03-03 13:08:00-05:00,2026-03-03 13:08:00-05:00,2026-03-03 13:40:00-05:00,L,24698.75,24812.75,24622.25,76.5,226.0,1.477124183006536,TP,1,L|swing
2026-03-03 14:44:00-05:00,2026-03-03 14:44:00-05:00,2026-03-03 15:59:00-05:00,L,24820.0,24756.5,24709.0,111.0,-129.0,-0.581081081081081,time,1,L|swing
2026-03-04 10:17:00-05:00,2026-03-04 10:17:00-05:00,2026-03-04 15:59:00-05:00,L,25007.5,25119.75,24865.0,142.5,222.5,0.7807017543859649,time,1,L|swing
2026-03-05 10:26:00-05:00,2026-03-05 10:26:00-05:00,2026-03-05 15:59:00-05:00,S,25011.0,25048.25,25208.5,197.5,-76.5,-0.19367088607594937,time,1,S|swing
2026-03-06 09:44:00-05:00,2026-03-06 09:44:00-05:00,2026-03-06 09:51:00-05:00,S,24680.25,24732.75,24732.5,52.25,-107.0,-1.0239234449760766,SL,1,S|swing
2026-03-06 11:23:00-05:00,2026-03-06 11:23:00-05:00,2026-03-06 11:48:00-05:00,S,24800.0,24899.75,24899.5,99.5,-201.5,-1.0125628140703518,SL,1,S|swing
2026-03-06 11:50:00-05:00,2026-03-06 11:50:00-05:00,2026-03-06 12:36:00-05:00,L,24897.25,24790.5,24790.75,106.5,-215.5,-1.011737089201878,SL,1,L|swing
2026-03-06 14:05:00-05:00,2026-03-06 14:05:00-05:00,2026-03-06 14:14:00-05:00,S,24806.5,24853.25,24853.0,46.5,-95.5,-1.0268817204301075,SL,1,S|swing
2026-03-06 14:32:00-05:00,2026-03-06 14:32:00-05:00,2026-03-06 15:10:00-05:00,S,24815.5,24758.25,24854.25,38.75,112.5,1.4516129032258065,TP,1,S|swing
2026-03-09 09:53:00-04:00,2026-03-09 09:53:00-04:00,2026-03-09 10:44:00-04:00,S,24324.5,24526.5,24526.25,201.75,-406.0,-1.0061957868649318,SL,1,S|swing
2026-03-09 12:23:00-04:00,2026-03-09 12:23:00-04:00,2026-03-09 12:43:00-04:00,L,24673.75,24738.75,24629.75,44.0,128.0,1.4545454545454546,TP,1,L|swing
2026-03-09 14:20:00-04:00,2026-03-09 14:20:00-04:00,2026-03-09 15:19:00-04:00,L,24659.0,24755.25,24594.25,64.75,190.5,1.471042471042471,TP,1,L|swing
2026-03-10 09:44:00-04:00,2026-03-10 09:44:00-04:00,2026-03-10 09:57:00-04:00,L,25030.75,24959.0,24959.25,71.5,-145.5,-1.0174825174825175,SL,1,L|swing
2026-03-10 10:11:00-04:00,2026-03-10 10:11:00-04:00,2026-03-10 10:34:00-04:00,S,24906.25,25057.25,25057.0,150.75,-304.0,-1.0082918739635158,SL,1,S|swing
2026-03-10 12:08:00-04:00,2026-03-10 12:08:00-04:00,2026-03-10 12:10:00-04:00,L,25092.25,25110.25,25079.75,12.5,34.0,1.36,TP,1,L|swing
2026-03-10 13:41:00-04:00,2026-03-10 13:41:00-04:00,2026-03-10 14:14:00-04:00,L,25150.5,25101.5,25101.75,48.75,-100.0,-1.0256410256410255,SL,1,L|swing
2026-03-11 10:26:00-04:00,2026-03-11 10:26:00-04:00,2026-03-11 15:59:00-04:00,S,25008.0,24984.25,25180.25,172.25,45.5,0.1320754716981132,time,1,S|swing
2026-03-12 09:38:00-04:00,2026-03-12 09:38:00-04:00,2026-03-12 09:44:00-04:00,S,24813.5,24763.25,24847.5,34.0,98.5,1.4485294117647058,TP,1,S|swing
2026-03-12 11:35:00-04:00,2026-03-12 11:35:00-04:00,2026-03-12 11:39:00-04:00,S,24605.0,24640.5,24640.25,35.25,-73.0,-1.0354609929078014,SL,1,S|swing
2026-03-12 13:14:00-04:00,2026-03-12 13:14:00-04:00,2026-03-12 15:46:00-04:00,S,24660.5,24565.75,24724.25,63.75,187.5,1.4705882352941178,TP,1,S|swing
2026-03-13 09:38:00-04:00,2026-03-13 09:38:00-04:00,2026-03-13 09:45:00-04:00,L,24676.75,24774.75,24610.75,66.0,194.0,1.4696969696969697,TP,1,L|swing
2026-03-13 12:08:00-04:00,2026-03-13 12:08:00-04:00,2026-03-13 12:13:00-04:00,S,24455.0,24415.75,24481.75,26.75,76.5,1.4299065420560748,TP,1,S|swing
2026-03-13 12:47:00-04:00,2026-03-13 12:47:00-04:00,2026-03-13 15:59:00-04:00,S,24416.0,24397.75,24488.5,72.5,34.5,0.23793103448275862,time,1,S|swing
2026-03-16 10:53:00-04:00,2026-03-16 10:53:00-04:00,2026-03-16 15:09:00-04:00,L,24668.25,24766.75,24602.0,66.25,195.0,1.471698113207547,TP,1,L|swing
2026-03-17 11:11:00-04:00,2026-03-17 11:11:00-04:00,2026-03-17 11:15:00-04:00,L,24804.5,24819.25,24794.0,10.5,27.5,1.3095238095238095,TP,1,L|swing
2026-03-17 12:32:00-04:00,2026-03-17 12:32:00-04:00,2026-03-17 15:59:00-04:00,L,24797.75,24791.5,24730.5,67.25,-14.5,-0.10780669144981413,time,1,L|swing
2026-03-18 10:20:00-04:00,2026-03-18 10:20:00-04:00,2026-03-18 14:54:00-04:00,S,24674.5,24539.25,24765.25,90.75,268.5,1.4793388429752066,TP,1,S|swing
2026-03-23 10:02:00-04:00,2026-03-23 10:02:00-04:00,2026-03-23 11:52:00-04:00,L,24610.0,24443.25,24443.5,166.5,-335.5,-1.0075075075075075,SL,1,L|swing
2026-03-23 13:29:00-04:00,2026-03-23 13:29:00-04:00,2026-03-23 13:33:00-04:00,L,24355.25,24420.25,24311.25,44.0,128.0,1.4545454545454546,TP,1,L|swing
2026-03-23 13:35:00-04:00,2026-03-23 13:35:00-04:00,2026-03-23 15:59:00-04:00,L,24454.0,24398.5,24311.25,142.75,-113.0,-0.3957968476357268,time,1,L|swing
2026-03-24 09:35:00-04:00,2026-03-24 09:35:00-04:00,2026-03-24 09:40:00-04:00,S,24271.25,24203.25,24317.25,46.0,134.0,1.4565217391304348,TP,1,S|swing
2026-03-24 12:02:00-04:00,2026-03-24 12:02:00-04:00,2026-03-24 15:59:00-04:00,S,24287.0,24219.0,24380.0,93.0,134.0,0.7204301075268817,time,1,S|swing
2026-03-25 09:53:00-04:00,2026-03-25 09:53:00-04:00,2026-03-25 15:59:00-04:00,S,24382.5,24372.5,24526.25,143.75,18.0,0.06260869565217392,time,1,S|swing
2026-03-26 10:47:00-04:00,2026-03-26 10:47:00-04:00,2026-03-26 13:22:00-04:00,S,24115.75,23945.75,24229.75,114.0,338.0,1.4824561403508771,TP,1,S|swing
2026-03-27 09:41:00-04:00,2026-03-27 09:41:00-04:00,2026-03-27 09:56:00-04:00,S,23594.5,23490.25,23664.5,70.0,206.5,1.475,TP,1,S|swing
2026-03-27 10:23:00-04:00,2026-03-27 10:23:00-04:00,2026-03-27 11:23:00-04:00,S,23491.75,23559.25,23559.0,67.25,-137.0,-1.0185873605947955,SL,1,S|swing
2026-03-27 11:59:00-04:00,2026-03-27 11:59:00-04:00,2026-03-27 12:37:00-04:00,S,23549.5,23457.75,23611.25,61.75,181.5,1.4696356275303644,TP,1,S|swing
2026-03-30 11:11:00-04:00,2026-03-30 11:11:00-04:00,2026-03-30 13:31:00-04:00,S,23337.25,23187.0,23438.0,100.75,298.5,1.4813895781637718,TP,1,S|swing
2026-03-30 14:38:00-04:00,2026-03-30 14:38:00-04:00,2026-03-30 14:51:00-04:00,S,23177.25,23128.75,23210.25,33.0,95.0,1.4393939393939394,TP,1,S|swing
2026-03-31 09:53:00-04:00,2026-03-31 09:53:00-04:00,2026-03-31 12:41:00-04:00,L,23542.0,23793.5,23373.75,168.25,501.0,1.4888558692421991,TP,1,L|swing
2026-03-31 13:44:00-04:00,2026-03-31 13:44:00-04:00,2026-03-31 13:51:00-04:00,L,23785.5,23820.25,23761.75,23.75,67.5,1.4210526315789473,TP,1,L|swing
2026-03-31 14:05:00-04:00,2026-03-31 14:05:00-04:00,2026-03-31 15:15:00-04:00,L,23807.25,23896.75,23747.0,60.25,177.0,1.4688796680497926,TP,1,L|swing
2026-04-01 10:41:00-04:00,2026-04-01 10:41:00-04:00,2026-04-01 11:44:00-04:00,L,24196.5,24294.25,24130.75,65.75,193.5,1.4714828897338403,TP,1,L|swing
2026-04-01 13:11:00-04:00,2026-04-01 13:11:00-04:00,2026-04-01 13:34:00-04:00,L,24339.25,24311.25,24311.5,27.75,-58.0,-1.045045045045045,SL,1,L|swing
2026-04-02 09:53:00-04:00,2026-04-02 09:53:00-04:00,2026-04-02 10:35:00-04:00,L,23832.75,24064.25,23677.75,155.0,461.0,1.4870967741935484,TP,1,L|swing
2026-04-02 12:02:00-04:00,2026-04-02 12:02:00-04:00,2026-04-02 12:08:00-04:00,L,24148.0,24088.5,24088.75,59.25,-121.0,-1.021097046413502,SL,1,L|swing
2026-04-02 13:20:00-04:00,2026-04-02 13:20:00-04:00,2026-04-02 13:47:00-04:00,L,24168.5,24097.5,24097.75,70.75,-144.0,-1.017667844522968,SL,1,L|swing
2026-04-02 14:11:00-04:00,2026-04-02 14:11:00-04:00,2026-04-02 15:59:00-04:00,L,24137.5,24220.75,24063.25,74.25,164.5,1.1077441077441077,time,1,L|swing
2026-04-06 09:47:00-04:00,2026-04-06 09:47:00-04:00,2026-04-06 13:12:00-04:00,L,24371.5,24244.75,24245.0,126.5,-255.5,-1.0098814229249011,SL,1,L|swing
2026-04-06 14:14:00-04:00,2026-04-06 14:14:00-04:00,2026-04-06 15:59:00-04:00,L,24304.25,24363.25,24245.25,59.0,116.0,0.9830508474576272,time,1,L|swing
2026-04-07 12:23:00-04:00,2026-04-07 12:23:00-04:00,2026-04-07 12:48:00-04:00,S,24184.5,24238.25,24238.0,53.5,-109.5,-1.0233644859813085,SL,1,S|swing
2026-04-07 13:32:00-04:00,2026-04-07 13:32:00-04:00,2026-04-07 13:36:00-04:00,L,24213.5,24278.25,24169.75,43.75,127.5,1.457142857142857,TP,1,L|swing
2026-04-07 14:08:00-04:00,2026-04-07 14:08:00-04:00,2026-04-07 14:10:00-04:00,L,24211.0,24199.5,24199.75,11.25,-25.0,-1.1111111111111112,SL,1,L|swing
2026-04-07 14:32:00-04:00,2026-04-07 14:32:00-04:00,2026-04-07 14:53:00-04:00,S,24193.0,24124.75,24239.0,46.0,134.5,1.4619565217391304,TP,1,S|swing
2026-04-08 13:32:00-04:00,2026-04-08 13:32:00-04:00,2026-04-08 14:50:00-04:00,S,25091.5,25000.5,25152.75,61.25,180.0,1.469387755102041,TP,1,S|swing
2026-04-09 10:53:00-04:00,2026-04-09 10:53:00-04:00,2026-04-09 11:47:00-04:00,L,25038.25,25154.75,24960.0,78.25,231.0,1.476038338658147,TP,1,L|swing
2026-04-09 12:29:00-04:00,2026-04-09 12:29:00-04:00,2026-04-09 12:36:00-04:00,L,25216.25,25188.25,25188.5,27.75,-58.0,-1.045045045045045,SL,1,L|swing
2026-04-09 12:38:00-04:00,2026-04-09 12:38:00-04:00,2026-04-09 12:39:00-04:00,L,25189.25,25182.5,25182.75,6.5,-15.5,-1.1923076923076923,SL,1,L|swing
2026-04-09 13:23:00-04:00,2026-04-09 13:23:00-04:00,2026-04-09 14:03:00-04:00,L,25238.0,25180.0,25180.25,57.75,-118.0,-1.0216450216450217,SL,1,L|swing
2026-04-09 14:05:00-04:00,2026-04-09 14:05:00-04:00,2026-04-09 14:25:00-04:00,L,25184.0,25149.75,25150.0,34.0,-70.5,-1.036764705882353,SL,1,L|swing
2026-04-10 11:44:00-04:00,2026-04-10 11:44:00-04:00,2026-04-10 11:53:00-04:00,L,25304.0,25285.0,25285.25,18.75,-40.0,-1.0666666666666667,SL,1,L|swing
2026-04-10 12:59:00-04:00,2026-04-10 12:59:00-04:00,2026-04-10 13:04:00-04:00,S,25264.75,25236.25,25284.25,19.5,55.0,1.4102564102564104,TP,1,S|swing
2026-04-13 10:05:00-04:00,2026-04-13 10:05:00-04:00,2026-04-13 15:59:00-04:00,L,25320.25,25537.75,25159.75,160.5,433.0,1.3489096573208723,time,1,L|swing
2026-04-14 12:59:00-04:00,2026-04-14 12:59:00-04:00,2026-04-14 13:05:00-04:00,L,25914.25,25926.5,25905.5,8.75,22.5,1.2857142857142858,TP,1,L|swing
2026-04-14 13:32:00-04:00,2026-04-14 13:32:00-04:00,2026-04-14 14:19:00-04:00,L,25954.75,25910.75,25911.0,43.75,-90.0,-1.0285714285714285,SL,1,L|swing
2026-04-15 13:41:00-04:00,2026-04-15 13:41:00-04:00,2026-04-15 14:02:00-04:00,L,26191.25,26232.0,26163.5,27.75,79.5,1.4324324324324325,TP,1,L|swing
2026-04-16 10:59:00-04:00,2026-04-16 10:59:00-04:00,2026-04-16 11:02:00-04:00,S,26403.5,26423.25,26423.0,19.5,-41.5,-1.064102564102564,SL,1,S|swing
2026-04-16 11:11:00-04:00,2026-04-16 11:11:00-04:00,2026-04-16 14:27:00-04:00,L,26478.0,26362.25,26362.5,115.5,-233.5,-1.0108225108225108,SL,1,L|swing
2026-04-17 09:35:00-04:00,2026-04-17 09:35:00-04:00,2026-04-17 10:10:00-04:00,L,26685.5,26769.0,26629.25,56.25,165.0,1.4666666666666666,TP,1,L|swing
2026-04-17 13:14:00-04:00,2026-04-17 13:14:00-04:00,2026-04-17 13:20:00-04:00,L,26840.5,26813.0,26813.25,27.25,-57.0,-1.0458715596330275,SL,1,L|swing
2026-04-17 13:23:00-04:00,2026-04-17 13:23:00-04:00,2026-04-17 13:24:00-04:00,L,26819.5,26779.0,26779.25,40.25,-83.0,-1.031055900621118,SL,1,L|swing
2026-04-17 13:50:00-04:00,2026-04-17 13:50:00-04:00,2026-04-17 15:59:00-04:00,L,26825.0,26827.25,26735.75,89.25,2.5,0.014005602240896359,time,1,L|swing
2026-04-20 09:35:00-04:00,2026-04-20 09:35:00-04:00,2026-04-20 09:39:00-04:00,L,26804.5,26738.5,26738.75,65.75,-134.0,-1.0190114068441065,SL,1,L|swing
2026-04-20 09:56:00-04:00,2026-04-20 09:56:00-04:00,2026-04-20 10:31:00-04:00,L,26803.5,26715.5,26715.75,87.75,-178.0,-1.0142450142450143,SL,1,L|swing
2026-04-20 10:32:00-04:00,2026-04-20 10:32:00-04:00,2026-04-20 10:41:00-04:00,L,26724.75,26706.25,26706.5,18.25,-39.0,-1.0684931506849316,SL,1,L|swing
2026-04-20 10:44:00-04:00,2026-04-20 10:44:00-04:00,2026-04-20 11:07:00-04:00,S,26695.5,26577.5,26774.75,79.25,234.0,1.476340694006309,TP,1,S|swing
2026-04-20 13:44:00-04:00,2026-04-20 13:44:00-04:00,2026-04-20 14:54:00-04:00,L,26708.75,26744.75,26684.25,24.5,70.0,1.4285714285714286,TP,1,L|swing
2026-04-21 10:59:00-04:00,2026-04-21 10:59:00-04:00,2026-04-21 15:44:00-04:00,S,26737.0,26556.0,26858.25,121.25,360.0,1.4845360824742269,TP,1,S|swing
2026-04-22 10:14:00-04:00,2026-04-22 10:14:00-04:00,2026-04-22 15:59:00-04:00,L,26922.75,27079.75,26807.5,115.25,312.0,1.353579175704989,time,1,L|swing
2026-04-23 11:59:00-04:00,2026-04-23 11:59:00-04:00,2026-04-23 12:04:00-04:00,L,27093.0,27060.5,27060.75,32.25,-67.0,-1.0387596899224807,SL,1,L|swing
2026-04-23 12:53:00-04:00,2026-04-23 12:53:00-04:00,2026-04-23 12:58:00-04:00,L,27099.5,27075.25,27075.5,24.0,-50.5,-1.0520833333333333,SL,1,L|swing
2026-04-23 14:59:00-04:00,2026-04-23 14:59:00-04:00,2026-04-23 15:59:00-04:00,S,26859.75,26926.5,26982.75,123.0,-135.5,-0.5508130081300813,time,1,S|swing
2026-04-24 10:44:00-04:00,2026-04-24 10:44:00-04:00,2026-04-24 11:44:00-04:00,L,27252.75,27381.25,27166.5,86.25,255.0,1.4782608695652173,TP,1,L|swing
2026-04-27 09:47:00-04:00,2026-04-27 09:47:00-04:00,2026-04-27 13:33:00-04:00,S,27346.0,27430.25,27430.0,84.0,-170.5,-1.0148809523809523,SL,1,S|swing
2026-04-27 13:41:00-04:00,2026-04-27 13:41:00-04:00,2026-04-27 15:59:00-04:00,L,27424.25,27444.5,27380.0,44.25,38.5,0.4350282485875706,time,1,L|swing
2026-04-28 10:38:00-04:00,2026-04-28 10:38:00-04:00,2026-04-28 15:59:00-04:00,S,27057.5,27169.75,27226.25,168.75,-226.5,-0.6711111111111111,time,1,S|swing
2026-04-29 09:59:00-04:00,2026-04-29 09:59:00-04:00,2026-04-29 10:01:00-04:00,S,27220.5,27195.75,27237.5,17.0,47.5,1.3970588235294117,TP,1,S|swing
2026-04-29 10:08:00-04:00,2026-04-29 10:08:00-04:00,2026-04-29 10:23:00-04:00,S,27184.75,27237.75,27237.5,52.75,-108.0,-1.0236966824644549,SL,1,S|swing
2026-04-29 11:41:00-04:00,2026-04-29 11:41:00-04:00,2026-04-29 11:54:00-04:00,L,27271.5,27219.5,27219.75,51.75,-106.0,-1.0241545893719808,SL,1,L|swing
2026-04-29 12:20:00-04:00,2026-04-29 12:20:00-04:00,2026-04-29 14:57:00-04:00,S,27217.75,27288.0,27287.75,70.0,-142.5,-1.0178571428571428,SL,1,S|swing
2026-04-29 14:59:00-04:00,2026-04-29 14:59:00-04:00,2026-04-29 15:59:00-04:00,L,27296.0,27334.5,27172.75,123.25,75.0,0.30425963488843816,time,1,L|swing
2026-04-30 12:26:00-04:00,2026-04-30 12:26:00-04:00,2026-04-30 12:55:00-04:00,L,27410.25,27357.75,27358.0,52.25,-107.0,-1.0239234449760766,SL,1,L|swing
2026-05-01 11:26:00-04:00,2026-05-01 11:26:00-04:00,2026-05-01 15:59:00-04:00,L,27865.5,27836.5,27769.0,96.5,-60.0,-0.31088082901554404,time,1,L|swing
2026-05-04 09:59:00-04:00,2026-05-04 09:59:00-04:00,2026-05-04 11:19:00-04:00,L,27896.75,27807.75,27808.0,88.75,-180.0,-1.0140845070422535,SL,1,L|swing
2026-05-04 11:20:00-04:00,2026-05-04 11:20:00-04:00,2026-05-04 15:59:00-04:00,S,27769.25,27780.0,27941.0,171.75,-23.5,-0.06841339155749636,time,1,S|swing
2026-05-05 10:53:00-04:00,2026-05-05 10:53:00-04:00,2026-05-05 11:05:00-04:00,L,28092.0,28122.25,28071.25,20.75,58.5,1.4096385542168675,TP,1,L|swing
2026-05-05 11:29:00-04:00,2026-05-05 11:29:00-04:00,2026-05-05 15:59:00-04:00,L,28129.75,28134.75,28084.0,45.75,8.0,0.08743169398907104,time,1,L|swing
2026-05-06 12:38:00-04:00,2026-05-06 12:38:00-04:00,2026-05-06 12:46:00-04:00,L,28568.0,28552.25,28552.5,15.5,-33.5,-1.0806451612903225,SL,1,L|swing
2026-05-06 12:50:00-04:00,2026-05-06 12:50:00-04:00,2026-05-06 12:52:00-04:00,L,28553.5,28534.75,28535.0,18.5,-39.5,-1.0675675675675675,SL,1,L|swing
2026-05-06 12:56:00-04:00,2026-05-06 12:56:00-04:00,2026-05-06 12:58:00-04:00,L,28544.75,28523.0,28523.25,21.5,-45.5,-1.058139534883721,SL,1,L|swing
2026-05-07 09:47:00-04:00,2026-05-07 09:47:00-04:00,2026-05-07 09:54:00-04:00,S,28712.75,28783.0,28782.75,70.0,-142.5,-1.0178571428571428,SL,1,S|swing
2026-05-07 11:23:00-04:00,2026-05-07 11:23:00-04:00,2026-05-07 11:26:00-04:00,L,28876.25,28846.25,28846.5,29.75,-62.0,-1.0420168067226891,SL,1,L|swing
2026-05-07 11:29:00-04:00,2026-05-07 11:29:00-04:00,2026-05-07 11:52:00-04:00,L,28854.25,28823.25,28823.5,30.75,-64.0,-1.0406504065040652,SL,1,L|swing
2026-05-07 13:26:00-04:00,2026-05-07 13:26:00-04:00,2026-05-07 14:07:00-04:00,S,28584.0,28714.25,28714.0,130.0,-262.5,-1.0096153846153846,SL,1,S|swing
2026-05-08 13:02:00-04:00,2026-05-08 13:02:00-04:00,2026-05-08 15:59:00-04:00,L,29281.75,29339.25,29195.0,86.75,113.0,0.6512968299711815,time,1,L|swing
2026-05-11 09:59:00-04:00,2026-05-11 09:59:00-04:00,2026-05-11 11:30:00-04:00,S,29310.5,29437.75,29437.5,127.0,-256.5,-1.0098425196850394,SL,1,S|swing
2026-05-11 12:44:00-04:00,2026-05-11 12:44:00-04:00,2026-05-11 15:59:00-04:00,L,29413.75,29428.75,29367.5,46.25,28.0,0.3027027027027027,time,1,L|swing
2026-05-12 09:35:00-04:00,2026-05-12 09:35:00-04:00,2026-05-12 09:39:00-04:00,S,29153.25,29228.0,29227.75,74.5,-151.5,-1.016778523489933,SL,1,S|swing
2026-05-12 09:41:00-04:00,2026-05-12 09:41:00-04:00,2026-05-12 09:57:00-04:00,L,29233.5,29143.25,29143.5,90.0,-182.5,-1.0138888888888888,SL,1,L|swing
2026-05-12 10:17:00-04:00,2026-05-12 10:17:00-04:00,2026-05-12 10:30:00-04:00,S,29180.75,29075.25,29251.75,71.0,209.0,1.471830985915493,TP,1,S|swing
2026-05-12 12:29:00-04:00,2026-05-12 12:29:00-04:00,2026-05-12 13:23:00-04:00,S,28839.75,28915.25,28915.0,75.25,-153.0,-1.0166112956810631,SL,1,S|swing
2026-05-12 13:26:00-04:00,2026-05-12 13:26:00-04:00,2026-05-12 14:00:00-04:00,S,28889.0,28930.5,28930.25,41.25,-85.0,-1.0303030303030303,SL,1,S|swing
2026-05-12 14:17:00-04:00,2026-05-12 14:17:00-04:00,2026-05-12 14:24:00-04:00,S,28940.5,28962.75,28962.5,22.0,-46.5,-1.0568181818181819,SL,1,S|swing
2026-05-13 09:35:00-04:00,2026-05-13 09:35:00-04:00,2026-05-13 09:48:00-04:00,S,29214.75,29080.25,29305.0,90.25,267.0,1.479224376731302,TP,1,S|swing
2026-05-13 14:08:00-04:00,2026-05-13 14:08:00-04:00,2026-05-13 14:20:00-04:00,L,29485.75,29551.25,29441.5,44.25,129.0,1.4576271186440677,TP,1,L|swing
2026-05-13 14:53:00-04:00,2026-05-13 14:53:00-04:00,2026-05-13 14:54:00-04:00,L,29506.25,29498.25,29498.5,7.75,-18.0,-1.1612903225806452,SL,1,L|swing
2026-05-13 14:59:00-04:00,2026-05-13 14:59:00-04:00,2026-05-13 15:00:00-04:00,L,29472.5,29481.0,29466.25,6.25,15.0,1.2,TP,1,L|swing
2026-05-14 12:47:00-04:00,2026-05-14 12:47:00-04:00,2026-05-14 13:09:00-04:00,L,29737.5,29691.5,29691.75,45.75,-94.0,-1.0273224043715847,SL,1,L|swing
2026-05-14 13:23:00-04:00,2026-05-14 13:23:00-04:00,2026-05-14 13:25:00-04:00,L,29643.0,29604.75,29605.0,38.0,-78.5,-1.0328947368421053,SL,1,L|swing
2026-05-15 09:38:00-04:00,2026-05-15 09:38:00-04:00,2026-05-15 10:13:00-04:00,S,29160.75,29292.25,29292.0,131.25,-265.0,-1.0095238095238095,SL,1,S|swing
2026-05-15 11:53:00-04:00,2026-05-15 11:53:00-04:00,2026-05-15 13:22:00-04:00,S,29237.25,29380.75,29380.5,143.25,-289.0,-1.0087260034904013,SL,1,S|swing
2026-05-15 14:41:00-04:00,2026-05-15 14:41:00-04:00,2026-05-15 15:11:00-04:00,L,29366.25,29315.75,29316.0,50.25,-103.0,-1.0248756218905473,SL,1,L|swing
2026-05-18 11:44:00-04:00,2026-05-18 11:44:00-04:00,2026-05-18 12:21:00-04:00,S,28999.0,29070.5,29070.25,71.25,-145.0,-1.0175438596491229,SL,1,S|swing
2026-05-18 12:23:00-04:00,2026-05-18 12:23:00-04:00,2026-05-18 12:27:00-04:00,S,29007.0,28907.0,29074.25,67.25,198.0,1.4721189591078068,TP,1,S|swing
2026-05-18 13:20:00-04:00,2026-05-18 13:20:00-04:00,2026-05-18 14:10:00-04:00,S,28997.25,28925.25,29045.75,48.5,142.0,1.4639175257731958,TP,1,S|swing
2026-05-19 10:02:00-04:00,2026-05-19 10:02:00-04:00,2026-05-19 13:09:00-04:00,S,28874.5,29068.5,29068.25,193.75,-390.0,-1.0064516129032257,SL,1,S|swing
2026-05-20 09:44:00-04:00,2026-05-20 09:44:00-04:00,2026-05-20 10:12:00-04:00,L,29142.75,29022.25,29022.5,120.25,-243.0,-1.0103950103950103,SL,1,L|swing
2026-05-20 10:20:00-04:00,2026-05-20 10:20:00-04:00,2026-05-20 15:59:00-04:00,L,29197.25,29395.0,29007.75,189.5,393.5,1.0382585751978892,time,1,L|swing
2026-05-21 10:20:00-04:00,2026-05-21 10:20:00-04:00,2026-05-21 13:10:00-04:00,S,29144.0,29339.25,29339.0,195.0,-392.5,-1.0064102564102564,SL,1,S|swing
2026-05-21 14:23:00-04:00,2026-05-21 14:23:00-04:00,2026-05-21 14:46:00-04:00,L,29455.0,29429.5,29429.75,25.25,-53.0,-1.0495049504950495,SL,1,L|swing
2026-05-22 10:41:00-04:00,2026-05-22 10:41:00-04:00,2026-05-22 15:59:00-04:00,L,29625.75,29552.5,29490.0,135.75,-148.5,-0.5469613259668509,time,1,L|swing
2026-05-25 09:35:00-04:00,2026-05-25 09:35:00-04:00,2026-05-25 10:32:00-04:00,L,29962.75,29935.5,29935.75,27.0,-56.5,-1.0462962962962963,SL,1,L|swing
2026-05-25 11:11:00-04:00,2026-05-25 11:11:00-04:00,2026-05-25 12:49:00-04:00,L,29981.25,29945.5,29908.5,72.75,-73.5,-0.5051546391752577,time,1,L|swing
2026-05-26 09:47:00-04:00,2026-05-26 09:47:00-04:00,2026-05-26 15:59:00-04:00,L,29975.25,30079.0,29826.25,149.0,205.5,0.6895973154362416,time,1,L|swing
2026-05-27 10:59:00-04:00,2026-05-27 10:59:00-04:00,2026-05-27 12:40:00-04:00,S,29940.5,30024.5,30024.25,83.75,-170.0,-1.0149253731343284,SL,1,S|swing
2026-05-27 13:11:00-04:00,2026-05-27 13:11:00-04:00,2026-05-27 14:27:00-04:00,S,29902.25,30049.0,30048.75,146.5,-295.5,-1.0085324232081911,SL,1,S|swing
2026-05-28 10:14:00-04:00,2026-05-28 10:14:00-04:00,2026-05-28 15:59:00-04:00,L,30161.5,30305.75,29920.0,241.5,286.5,0.593167701863354,time,1,L|swing
2026-05-29 11:26:00-04:00,2026-05-29 11:26:00-04:00,2026-05-29 13:54:00-04:00,L,30388.25,30333.0,30333.25,55.0,-112.5,-1.0227272727272727,SL,1,L|swing
2026-05-29 14:26:00-04:00,2026-05-29 14:26:00-04:00,2026-05-29 15:59:00-04:00,L,30377.5,30397.0,30290.75,86.75,37.0,0.2132564841498559,time,1,L|swing
2026-06-01 10:35:00-04:00,2026-06-01 10:35:00-04:00,2026-06-01 10:48:00-04:00,S,30413.75,30432.25,30432.0,18.25,-39.0,-1.0684931506849316,SL,1,S|swing
2026-06-02 09:47:00-04:00,2026-06-02 09:47:00-04:00,2026-06-02 11:54:00-04:00,L,30530.25,30689.5,30423.5,106.75,316.5,1.4824355971896956,TP,1,L|swing
2026-06-02 12:50:00-04:00,2026-06-02 12:50:00-04:00,2026-06-02 13:23:00-04:00,L,30685.25,30640.25,30640.5,44.75,-92.0,-1.0279329608938548,SL,1,L|swing
2026-06-02 14:11:00-04:00,2026-06-02 14:11:00-04:00,2026-06-02 14:39:00-04:00,L,30649.75,30614.0,30614.25,35.5,-73.5,-1.0352112676056338,SL,1,L|swing
2026-06-03 09:35:00-04:00,2026-06-03 09:35:00-04:00,2026-06-03 15:59:00-04:00,S,30679.75,30636.0,30808.0,128.25,85.5,0.3333333333333333,time,1,S|swing
2026-06-04 09:44:00-04:00,2026-06-04 09:44:00-04:00,2026-06-04 11:00:00-04:00,S,30226.25,30365.0,30364.75,138.5,-279.5,-1.0090252707581226,SL,1,S|swing
2026-06-04 12:23:00-04:00,2026-06-04 12:23:00-04:00,2026-06-04 15:59:00-04:00,L,30481.5,30485.0,30384.5,97.0,5.0,0.02577319587628866,time,1,L|swing
2026-06-05 09:38:00-04:00,2026-06-05 09:38:00-04:00,2026-06-05 09:58:00-04:00,S,29984.75,29811.25,30101.0,116.25,345.0,1.4838709677419355,TP,1,S|swing
2026-06-05 11:08:00-04:00,2026-06-05 11:08:00-04:00,2026-06-05 12:06:00-04:00,S,29777.5,29589.0,29903.75,126.25,375.0,1.4851485148514851,TP,1,S|swing
2026-06-05 13:53:00-04:00,2026-06-05 13:53:00-04:00,2026-06-05 14:12:00-04:00,S,29442.5,29348.75,29505.5,63.0,185.5,1.4722222222222223,TP,1,S|swing
2026-06-05 14:14:00-04:00,2026-06-05 14:14:00-04:00,2026-06-05 15:11:00-04:00,S,29316.75,29076.75,29477.25,160.5,478.0,1.4890965732087227,TP,1,S|swing
2026-06-08 10:29:00-04:00,2026-06-08 10:29:00-04:00,2026-06-08 15:59:00-04:00,L,29517.5,29452.25,29331.0,186.5,-132.5,-0.3552278820375335,time,1,L|swing
2026-06-09 09:35:00-04:00,2026-06-09 09:35:00-04:00,2026-06-09 09:47:00-04:00,L,29709.25,29822.75,29633.0,76.25,225.0,1.4754098360655739,TP,1,L|swing
2026-06-09 10:05:00-04:00,2026-06-09 10:05:00-04:00,2026-06-09 10:10:00-04:00,L,29695.75,29621.25,29621.5,74.25,-151.0,-1.0168350168350169,SL,1,L|swing
2026-06-09 10:11:00-04:00,2026-06-09 10:11:00-04:00,2026-06-09 10:48:00-04:00,S,29550.25,29105.75,29847.25,297.0,887.0,1.4932659932659933,TP,1,S|swing
2026-06-09 13:11:00-04:00,2026-06-09 13:11:00-04:00,2026-06-09 13:14:00-04:00,S,28618.25,28644.75,28644.5,26.25,-55.0,-1.0476190476190477,SL,1,S|swing
2026-06-09 14:41:00-04:00,2026-06-09 14:41:00-04:00,2026-06-09 14:57:00-04:00,S,28979.25,29047.25,29047.0,67.75,-138.0,-1.018450184501845,SL,1,S|swing
2026-06-10 09:35:00-04:00,2026-06-10 09:35:00-04:00,2026-06-10 09:44:00-04:00,L,28887.75,29061.25,28771.5,116.25,345.0,1.4838709677419355,TP,1,L|swing
2026-06-10 10:50:00-04:00,2026-06-10 10:50:00-04:00,2026-06-10 10:52:00-04:00,L,29080.25,29007.0,29007.25,73.0,-148.5,-1.0171232876712328,SL,1,L|swing
2026-06-10 11:08:00-04:00,2026-06-10 11:08:00-04:00,2026-06-10 15:59:00-04:00,S,28833.25,28529.0,29198.75,365.5,606.5,0.8296853625170999,time,1,S|swing
2026-06-11 09:50:00-04:00,2026-06-11 09:50:00-04:00,2026-06-11 10:58:00-04:00,L,28924.75,28650.5,28650.75,274.0,-550.5,-1.0045620437956204,SL,1,L|swing
2026-06-11 11:47:00-04:00,2026-06-11 11:47:00-04:00,2026-06-11 13:03:00-04:00,L,28862.0,28740.25,28740.5,121.5,-245.5,-1.0102880658436213,SL,1,L|swing
2026-06-11 13:29:00-04:00,2026-06-11 13:29:00-04:00,2026-06-11 15:59:00-04:00,L,29087.25,29456.75,28678.25,409.0,737.0,0.9009779951100244,time,1,L|swing
2026-06-12 09:41:00-04:00,2026-06-12 09:41:00-04:00,2026-06-12 10:03:00-04:00,S,29341.75,29503.0,29502.75,161.0,-324.5,-1.0077639751552796,SL,1,S|swing
2026-06-12 11:59:00-04:00,2026-06-12 11:59:00-04:00,2026-06-12 13:06:00-04:00,S,29439.5,29748.75,29748.5,309.0,-620.5,-1.0040453074433657,SL,1,S|swing
2026-06-15 10:53:00-04:00,2026-06-15 10:53:00-04:00,2026-06-15 11:06:00-04:00,L,30445.0,30521.75,30393.25,51.75,151.5,1.463768115942029,TP,1,L|swing
2026-06-15 13:17:00-04:00,2026-06-15 13:17:00-04:00,2026-06-15 14:02:00-04:00,L,30571.75,30531.0,30531.25,40.5,-83.5,-1.0308641975308641,SL,1,L|swing
2026-06-15 14:32:00-04:00,2026-06-15 14:32:00-04:00,2026-06-15 15:30:00-04:00,L,30552.0,30522.25,30522.5,29.5,-61.5,-1.0423728813559323,SL,1,L|swing
2026-06-16 10:32:00-04:00,2026-06-16 10:32:00-04:00,2026-06-16 15:59:00-04:00,S,30312.5,29991.5,30547.75,235.25,640.0,1.3602550478214666,time,1,S|swing
2026-06-19 10:17:00-04:00,2026-06-19 10:17:00-04:00,2026-06-19 10:57:00-04:00,L,30667.5,30697.0,30647.25,20.25,57.0,1.4074074074074074,TP,1,L|swing
2026-06-19 11:50:00-04:00,2026-06-19 11:50:00-04:00,2026-06-19 12:49:00-04:00,L,30681.25,30684.25,30652.75,28.5,4.0,0.07017543859649122,time,1,L|swing
2026-06-22 09:38:00-04:00,2026-06-22 09:38:00-04:00,2026-06-22 10:27:00-04:00,L,30916.5,30756.75,30757.0,159.5,-321.5,-1.0078369905956113,SL,1,L|swing
2026-06-22 10:35:00-04:00,2026-06-22 10:35:00-04:00,2026-06-22 15:59:00-04:00,S,30727.25,30654.25,30968.0,240.75,144.0,0.29906542056074764,time,1,S|swing
2026-06-23 10:47:00-04:00,2026-06-23 10:47:00-04:00,2026-06-23 15:59:00-04:00,S,29837.5,29651.0,30047.0,209.5,371.0,0.8854415274463007,time,1,S|swing
2026-06-24 09:41:00-04:00,2026-06-24 09:41:00-04:00,2026-06-24 10:46:00-04:00,S,29628.75,29844.0,29843.75,215.0,-432.5,-1.005813953488372,SL,1,S|swing
2026-06-24 10:56:00-04:00,2026-06-24 10:56:00-04:00,2026-06-24 12:39:00-04:00,L,29817.75,29656.75,29657.0,160.75,-324.0,-1.0077760497667185,SL,1,L|swing
2026-06-24 12:44:00-04:00,2026-06-24 12:44:00-04:00,2026-06-24 13:31:00-04:00,S,29640.25,29400.0,29801.0,160.75,478.5,1.4883359253499222,TP,1,S|swing
2026-06-24 14:41:00-04:00,2026-06-24 14:41:00-04:00,2026-06-24 15:12:00-04:00,S,29446.25,29271.25,29563.5,117.25,348.0,1.4840085287846483,TP,1,S|swing
2026-06-25 10:50:00-04:00,2026-06-25 10:50:00-04:00,2026-06-25 10:51:00-04:00,S,29655.0,29716.75,29716.5,61.5,-125.5,-1.0203252032520325,SL,1,S|swing
2026-06-25 11:08:00-04:00,2026-06-25 11:08:00-04:00,2026-06-25 12:09:00-04:00,S,29650.25,29777.0,29776.75,126.5,-255.5,-1.0098814229249011,SL,1,S|swing
2026-06-25 12:32:00-04:00,2026-06-25 12:32:00-04:00,2026-06-25 14:26:00-04:00,S,29708.0,29872.5,29872.25,164.25,-331.0,-1.0076103500761036,SL,1,S|swing
2026-06-26 11:38:00-04:00,2026-06-26 11:38:00-04:00,2026-06-26 14:57:00-04:00,L,29664.25,29408.5,29408.75,255.5,-513.5,-1.0048923679060666,SL,1,L|swing
2026-06-29 10:14:00-04:00,2026-06-29 10:14:00-04:00,2026-06-29 11:59:00-04:00,S,29329.25,29839.0,29838.75,509.5,-1021.5,-1.0024533856722277,SL,1,S|swing
2026-06-29 14:23:00-04:00,2026-06-29 14:23:00-04:00,2026-06-29 14:29:00-04:00,L,30009.25,29987.5,29987.75,21.5,-45.5,-1.058139534883721,SL,1,L|swing
2026-06-29 14:32:00-04:00,2026-06-29 14:32:00-04:00,2026-06-29 14:45:00-04:00,L,30016.25,30060.25,29986.25,30.0,86.0,1.4333333333333333,TP,1,L|swing
2026-06-30 14:08:00-04:00,2026-06-30 14:08:00-04:00,2026-06-30 15:11:00-04:00,L,30533.5,30585.25,30498.5,35.0,101.5,1.45,TP,1,L|swing
2026-07-01 10:47:00-04:00,2026-07-01 10:47:00-04:00,2026-07-01 11:20:00-04:00,S,30169.0,30315.5,30315.25,146.25,-295.0,-1.0085470085470085,SL,1,S|swing
2026-07-01 12:29:00-04:00,2026-07-01 12:29:00-04:00,2026-07-01 12:58:00-04:00,S,30244.25,30189.75,30281.25,37.0,107.0,1.445945945945946,TP,1,S|swing
2026-07-01 13:11:00-04:00,2026-07-01 13:11:00-04:00,2026-07-01 15:57:00-04:00,S,30178.25,30083.75,30241.75,63.5,187.0,1.4724409448818898,TP,1,S|swing
2026-07-02 09:47:00-04:00,2026-07-02 09:47:00-04:00,2026-07-02 10:27:00-04:00,L,30166.25,30006.75,30007.0,159.25,-321.0,-1.0078492935635792,SL,1,L|swing
2026-07-02 14:14:00-04:00,2026-07-02 14:14:00-04:00,2026-07-02 14:30:00-04:00,S,29459.25,29504.0,29503.75,44.5,-91.5,-1.0280898876404494,SL,1,S|swing
2026-07-03 09:59:00-04:00,2026-07-03 09:59:00-04:00,2026-07-03 10:12:00-04:00,L,29940.0,29902.75,29903.0,37.0,-76.5,-1.0337837837837838,SL,1,L|swing
2026-07-03 10:50:00-04:00,2026-07-03 10:50:00-04:00,2026-07-03 11:30:00-04:00,L,29917.75,29888.5,29888.75,29.0,-60.5,-1.043103448275862,SL,1,L|swing
2026-07-03 11:44:00-04:00,2026-07-03 11:44:00-04:00,2026-07-03 12:39:00-04:00,L,29895.5,29917.25,29880.5,15.0,41.5,1.3833333333333333,TP,1,L|swing
2026-07-03 12:41:00-04:00,2026-07-03 12:41:00-04:00,2026-07-03 12:49:00-04:00,L,29917.75,29903.0,29891.0,26.75,-31.5,-0.5887850467289719,time,1,L|swing
2026-07-06 09:38:00-04:00,2026-07-06 09:38:00-04:00,2026-07-06 09:45:00-04:00,S,29818.25,29937.75,29937.5,119.25,-241.0,-1.0104821802935011,SL,1,S|swing
2026-07-06 12:35:00-04:00,2026-07-06 12:35:00-04:00,2026-07-06 12:36:00-04:00,L,30024.5,30017.75,30018.0,6.5,-15.5,-1.1923076923076923,SL,1,L|swing
2026-07-06 14:05:00-04:00,2026-07-06 14:05:00-04:00,2026-07-06 14:06:00-04:00,S,29927.5,29937.0,29936.75,9.25,-21.0,-1.135135135135135,SL,1,S|swing
2026-07-06 14:08:00-04:00,2026-07-06 14:08:00-04:00,2026-07-06 15:59:00-04:00,L,29965.25,29951.25,29881.5,83.75,-30.0,-0.1791044776119403,time,1,L|swing
2026-07-07 11:47:00-04:00,2026-07-07 11:47:00-04:00,2026-07-07 11:48:00-04:00,S,29349.25,29369.0,29368.75,19.5,-41.5,-1.064102564102564,SL,1,S|swing
2026-07-07 13:17:00-04:00,2026-07-07 13:17:00-04:00,2026-07-07 14:51:00-04:00,S,29515.5,29417.75,29581.25,65.75,193.5,1.4714828897338403,TP,1,S|swing
2026-07-08 11:14:00-04:00,2026-07-08 11:14:00-04:00,2026-07-08 12:27:00-04:00,S,29137.25,29300.25,29300.0,162.75,-328.0,-1.0076804915514592,SL,1,S|swing
2026-07-08 14:02:00-04:00,2026-07-08 14:02:00-04:00,2026-07-08 15:59:00-04:00,L,29394.25,29499.25,29323.75,70.5,208.0,1.475177304964539,TP,1,L|swing
2026-07-09 09:35:00-04:00,2026-07-09 09:35:00-04:00,2026-07-09 10:20:00-04:00,L,29808.75,29671.0,29671.25,137.5,-277.5,-1.009090909090909,SL,1,L|swing
2026-07-09 10:32:00-04:00,2026-07-09 10:32:00-04:00,2026-07-09 12:05:00-04:00,L,29735.0,29916.25,29613.5,121.5,360.5,1.4835390946502058,TP,1,L|swing
2026-07-09 12:32:00-04:00,2026-07-09 12:32:00-04:00,2026-07-09 12:35:00-04:00,L,29905.25,29880.0,29880.25,25.0,-52.5,-1.05,SL,1,L|swing
2026-07-09 12:44:00-04:00,2026-07-09 12:44:00-04:00,2026-07-09 13:19:00-04:00,L,29909.25,29975.75,29864.25,45.0,131.0,1.4555555555555555,TP,1,L|swing
2026-07-10 09:41:00-04:00,2026-07-10 09:41:00-04:00,2026-07-10 09:49:00-04:00,S,29828.5,29937.5,29937.25,108.75,-220.0,-1.0114942528735633,SL,1,S|swing
2026-07-10 14:23:00-04:00,2026-07-10 14:23:00-04:00,2026-07-10 14:25:00-04:00,L,30037.5,30058.75,30022.75,14.75,40.5,1.3728813559322033,TP,1,L|swing
2026-07-13 09:41:00-04:00,2026-07-13 09:41:00-04:00,2026-07-13 11:00:00-04:00,S,29572.25,29737.75,29737.5,165.25,-333.0,-1.0075642965204237,SL,1,S|swing
2026-07-13 11:50:00-04:00,2026-07-13 11:50:00-04:00,2026-07-13 14:30:00-04:00,S,29621.0,29458.25,29730.0,109.0,323.5,1.4839449541284404,TP,1,S|swing
2026-07-14 09:44:00-04:00,2026-07-14 09:44:00-04:00,2026-07-14 10:05:00-04:00,L,29754.25,29684.5,29684.75,69.5,-141.5,-1.0179856115107915,SL,1,L|swing
2026-07-14 10:32:00-04:00,2026-07-14 10:32:00-04:00,2026-07-14 15:59:00-04:00,L,29733.75,29785.75,29567.0,166.75,102.0,0.3058470764617691,time,1,L|swing
2026-07-15 12:05:00-04:00,2026-07-15 12:05:00-04:00,2026-07-15 13:46:00-04:00,S,29507.0,29656.75,29656.5,149.5,-301.5,-1.008361204013378,SL,1,S|swing
2026-07-15 14:53:00-04:00,2026-07-15 14:53:00-04:00,2026-07-15 15:59:00-04:00,S,29612.25,29701.0,29742.25,130.0,-179.5,-0.6903846153846154,time,1,S|swing
2026-07-16 09:35:00-04:00,2026-07-16 09:35:00-04:00,2026-07-16 13:40:00-04:00,S,29418.5,29248.75,29532.25,113.75,337.5,1.4835164835164836,TP,1,S|swing
2026-07-16 14:29:00-04:00,2026-07-16 14:29:00-04:00,2026-07-16 14:40:00-04:00,S,29269.25,29217.25,29304.5,35.25,102.0,1.446808510638298,TP,1,S|swing
2026-07-16 14:53:00-04:00,2026-07-16 14:53:00-04:00,2026-07-16 15:48:00-04:00,S,29218.0,29091.75,29302.75,84.75,250.5,1.4778761061946903,TP,1,S|swing
2026-07-17 10:02:00-04:00,2026-07-17 10:02:00-04:00,2026-07-17 15:59:00-04:00,L,28762.5,28764.0,28408.0,354.5,1.0,0.0014104372355430183,time,1,L|swing
2026-07-20 10:29:00-04:00,2026-07-20 10:29:00-04:00,2026-07-20 10:53:00-04:00,L,29030.75,28907.0,28907.25,123.5,-249.5,-1.0101214574898785,SL,1,L|swing
2026-07-20 11:20:00-04:00,2026-07-20 11:20:00-04:00,2026-07-20 14:43:00-04:00,L,28984.0,28872.75,28873.0,111.0,-224.5,-1.0112612612612613,SL,1,L|swing
2026-07-21 09:35:00-04:00,2026-07-21 09:35:00-04:00,2026-07-21 09:44:00-04:00,L,29188.75,29132.5,29132.75,56.0,-114.5,-1.0223214285714286,SL,1,L|swing
2026-07-21 09:53:00-04:00,2026-07-21 09:53:00-04:00,2026-07-21 09:57:00-04:00,L,29161.0,29094.75,29095.0,66.0,-134.5,-1.018939393939394,SL,1,L|swing
2026-07-21 09:59:00-04:00,2026-07-21 09:59:00-04:00,2026-07-21 10:03:00-04:00,L,29153.5,29092.0,29092.25,61.25,-125.0,-1.0204081632653061,SL,1,L|swing
2026-07-21 10:26:00-04:00,2026-07-21 10:26:00-04:00,2026-07-21 13:50:00-04:00,L,29182.5,29361.25,29062.75,119.75,355.5,1.4843423799582462,TP,1,L|swing
2026-07-21 14:11:00-04:00,2026-07-21 14:11:00-04:00,2026-07-21 14:20:00-04:00,L,29351.5,29331.75,29332.0,19.5,-41.5,-1.064102564102564,SL,1,L|swing
2026-07-21 14:41:00-04:00,2026-07-21 14:41:00-04:00,2026-07-21 15:05:00-04:00,L,29329.75,29310.0,29310.25,19.5,-41.5,-1.064102564102564,SL,1,L|swing
2026-07-22 12:32:00-04:00,2026-07-22 12:32:00-04:00,2026-07-22 12:40:00-04:00,L,29322.25,29299.5,29299.75,22.5,-47.5,-1.0555555555555556,SL,1,L|swing
2026-07-22 13:17:00-04:00,2026-07-22 13:17:00-04:00,2026-07-22 13:50:00-04:00,L,29313.25,29280.0,29280.25,33.0,-68.5,-1.0378787878787878,SL,1,L|swing
2026-07-23 10:32:00-04:00,2026-07-23 10:32:00-04:00,2026-07-23 11:12:00-04:00,S,28682.75,28504.75,28802.0,119.25,354.0,1.4842767295597483,TP,1,S|swing
2026-07-23 11:56:00-04:00,2026-07-23 11:56:00-04:00,2026-07-23 11:57:00-04:00,S,28571.0,28553.5,28583.25,12.25,33.0,1.346938775510204,TP,1,S|swing
2026-07-23 13:08:00-04:00,2026-07-23 13:08:00-04:00,2026-07-23 15:59:00-04:00,S,28608.25,28614.5,28739.25,131.0,-14.5,-0.05534351145038168,time,1,S|swing
2026-07-24 09:38:00-04:00,2026-07-24 09:38:00-04:00,2026-07-24 09:52:00-04:00,S,28518.75,28364.0,28622.5,103.75,307.5,1.4819277108433735,TP,1,S|swing
2026-07-24 11:29:00-04:00,2026-07-24 11:29:00-04:00,2026-07-24 11:39:00-04:00,S,28500.0,28557.25,28557.0,57.0,-116.5,-1.0219298245614035,SL,1,S|swing
2026-07-24 12:17:00-04:00,2026-07-24 12:17:00-04:00,2026-07-24 12:45:00-04:00,L,28558.25,28491.25,28491.5,66.75,-136.0,-1.0187265917602997,SL,1,L|swing
2026-07-24 12:50:00-04:00,2026-07-24 12:50:00-04:00,2026-07-24 14:33:00-04:00,S,28478.75,28306.25,28594.25,115.5,343.0,1.4848484848484849,TP,1,S|swing
2026-07-27 11:38:00-04:00,2026-07-27 11:38:00-04:00,2026-07-27 12:25:00-04:00,S,28005.5,28181.5,28181.25,175.75,-354.0,-1.0071123755334281,SL,1,S|swing
2026-07-27 12:50:00-04:00,2026-07-27 12:50:00-04:00,2026-07-27 15:07:00-04:00,S,28085.5,28205.0,28204.75,119.25,-241.0,-1.0104821802935011,SL,1,S|swing
2026-07-29 09:38:00-04:00,2026-07-29 09:38:00-04:00,2026-07-29 09:56:00-04:00,S,27876.0,27695.0,27997.25,121.25,360.0,1.4845360824742269,TP,1,S|swing
2026-07-29 10:08:00-04:00,2026-07-29 10:08:00-04:00,2026-07-29 12:05:00-04:00,S,27742.25,27432.75,27949.25,207.0,617.0,1.4903381642512077,TP,1,S|swing
2026-07-29 12:35:00-04:00,2026-07-29 12:35:00-04:00,2026-07-29 12:57:00-04:00,S,27514.0,27586.5,27586.25,72.25,-147.0,-1.0173010380622838,SL,1,S|swing
2026-07-30 11:02:00-04:00,2026-07-30 11:02:00-04:00,2026-07-30 11:15:00-04:00,L,28068.5,28011.5,28011.75,56.75,-116.0,-1.0220264317180616,SL,1,L|swing
2026-07-30 11:56:00-04:00,2026-07-30 11:56:00-04:00,2026-07-30 15:12:00-04:00,L,28116.75,28289.75,28000.75,116.0,344.0,1.4827586206896552,TP,1,L|swing
2026-07-31 09:44:00-04:00,2026-07-31 09:44:00-04:00,2026-07-31 15:59:00-04:00,S,28419.0,28403.25,28726.0,307.0,29.5,0.04804560260586319,time,1,S|swing
2026-08-03 12:02:00-04:00,2026-08-03 12:02:00-04:00,2026-08-03 13:34:00-04:00,L,28803.75,28892.25,28744.25,59.5,175.0,1.4705882352941178,TP,1,L|swing
2026-08-05 12:20:00-04:00,2026-08-05 12:20:00-04:00,2026-08-05 12:26:00-04:00,S,29777.25,29802.75,29802.5,25.25,-53.0,-1.0495049504950495,SL,1,S|swing
2026-08-05 14:56:00-04:00,2026-08-05 14:56:00-04:00,2026-08-05 15:15:00-04:00,S,29727.25,29779.0,29778.75,51.5,-105.5,-1.0242718446601942,SL,1,S|swing
2026-08-06 11:59:00-04:00,2026-08-06 11:59:00-04:00,2026-08-06 15:59:00-04:00,S,29516.0,29497.5,29628.0,112.0,35.0,0.15625,time,1,S|swing
2026-08-07 10:47:00-04:00,2026-08-07 10:47:00-04:00,2026-08-07 15:59:00-04:00,L,29727.25,29833.25,29637.0,90.25,210.0,1.1634349030470914,time,1,L|swing
2026-08-10 11:11:00-04:00,2026-08-10 11:11:00-04:00,2026-08-10 15:59:00-04:00,S,29783.0,29744.25,29886.5,103.5,75.5,0.3647342995169082,time,1,S|swing
2026-08-11 11:02:00-04:00,2026-08-11 11:02:00-04:00,2026-08-11 11:06:00-04:00,S,29781.0,29745.5,29805.25,24.25,69.0,1.422680412371134,TP,1,S|swing
2026-08-11 14:17:00-04:00,2026-08-11 14:17:00-04:00,2026-08-11 14:29:00-04:00,S,29602.75,29545.75,29641.25,38.5,112.0,1.4545454545454546,TP,1,S|swing
2026-08-12 09:47:00-04:00,2026-08-12 09:47:00-04:00,2026-08-12 10:05:00-04:00,L,29915.75,29852.75,29853.0,62.75,-128.0,-1.0199203187250996,SL,1,L|swing
2026-08-12 10:17:00-04:00,2026-08-12 10:17:00-04:00,2026-08-12 10:31:00-04:00,L,29903.75,29847.75,29848.0,55.75,-114.0,-1.0224215246636772,SL,1,L|swing
2026-08-12 11:44:00-04:00,2026-08-12 11:44:00-04:00,2026-08-12 12:25:00-04:00,S,29828.25,29888.0,29887.75,59.5,-121.5,-1.0210084033613445,SL,1,S|swing
2026-08-12 14:23:00-04:00,2026-08-12 14:23:00-04:00,2026-08-12 14:41:00-04:00,L,29904.0,29924.75,29889.5,14.5,39.5,1.3620689655172413,TP,1,L|swing
2026-08-13 11:20:00-04:00,2026-08-13 11:20:00-04:00,2026-08-13 11:28:00-04:00,L,30225.25,30193.5,30193.75,31.5,-65.5,-1.0396825396825398,SL,1,L|swing
2026-08-13 12:08:00-04:00,2026-08-13 12:08:00-04:00,2026-08-13 15:09:00-04:00,L,30170.5,30269.75,30103.75,66.75,196.5,1.4719101123595506,TP,1,L|swing
2026-08-14 09:44:00-04:00,2026-08-14 09:44:00-04:00,2026-08-14 10:19:00-04:00,L,30260.75,30169.5,30169.75,91.0,-184.5,-1.0137362637362637,SL,1,L|swing
2026-08-14 10:23:00-04:00,2026-08-14 10:23:00-04:00,2026-08-14 15:59:00-04:00,S,30161.75,30144.75,30272.5,110.75,32.0,0.14446952595936793,time,1,S|swing
2026-08-17 12:02:00-04:00,2026-08-17 12:02:00-04:00,2026-08-17 13:04:00-04:00,S,30222.25,30174.25,30254.75,32.5,94.0,1.4461538461538461,TP,1,S|swing
2026-08-18 09:44:00-04:00,2026-08-18 09:44:00-04:00,2026-08-18 10:53:00-04:00,S,29687.25,29563.75,29770.25,83.0,245.0,1.4759036144578312,TP,1,S|swing
2026-08-18 10:56:00-04:00,2026-08-18 10:56:00-04:00,2026-08-18 15:59:00-04:00,S,29561.75,29586.5,29691.25,129.5,-51.5,-0.19884169884169883,time,1,S|swing
2026-08-19 12:02:00-04:00,2026-08-19 12:02:00-04:00,2026-08-19 13:03:00-04:00,L,29634.75,29550.0,29550.25,84.5,-171.5,-1.014792899408284,SL,1,L|swing
2026-08-19 14:02:00-04:00,2026-08-19 14:02:00-04:00,2026-08-19 14:07:00-04:00,L,29583.75,29514.0,29514.25,69.5,-141.5,-1.0179856115107915,SL,1,L|swing
2026-08-19 14:14:00-04:00,2026-08-19 14:14:00-04:00,2026-08-19 15:59:00-04:00,S,29519.5,29522.0,29592.0,72.5,-7.0,-0.04827586206896552,time,1,S|swing
2026-08-20 09:56:00-04:00,2026-08-20 09:56:00-04:00,2026-08-20 15:59:00-04:00,S,29338.75,29306.25,29470.5,131.75,63.0,0.23908918406072105,time,1,S|swing
2026-08-21 12:35:00-04:00,2026-08-21 12:35:00-04:00,2026-08-21 15:59:00-04:00,S,29397.75,29395.75,29454.75,57.0,2.0,0.017543859649122806,time,1,S|swing
2026-08-24 10:35:00-04:00,2026-08-24 10:35:00-04:00,2026-08-24 10:36:00-04:00,S,29069.75,29082.0,29081.75,12.0,-26.5,-1.1041666666666667,SL,1,S|swing
2026-08-24 12:59:00-04:00,2026-08-24 12:59:00-04:00,2026-08-24 14:22:00-04:00,S,29170.25,29212.5,29212.25,42.0,-86.5,-1.0297619047619047,SL,1,S|swing
2026-08-25 09:44:00-04:00,2026-08-25 09:44:00-04:00,2026-08-25 10:01:00-04:00,L,29349.0,29278.75,29279.0,70.0,-142.5,-1.0178571428571428,SL,1,L|swing
2026-08-25 12:35:00-04:00,2026-08-25 12:35:00-04:00,2026-08-25 12:43:00-04:00,L,29282.75,29262.25,29262.5,20.25,-43.0,-1.0617283950617284,SL,1,L|swing
2026-08-25 12:50:00-04:00,2026-08-25 12:50:00-04:00,2026-08-25 14:01:00-04:00,S,29262.25,29206.5,29300.0,37.75,109.5,1.4503311258278146,TP,1,S|swing
2026-08-26 10:23:00-04:00,2026-08-26 10:23:00-04:00,2026-08-26 15:00:00-04:00,S,29212.0,29333.75,29333.5,121.5,-245.5,-1.0102880658436213,SL,1,S|swing
2026-08-27 12:29:00-04:00,2026-08-27 12:29:00-04:00,2026-08-27 12:45:00-04:00,L,29604.0,29654.5,29569.75,34.25,99.0,1.4452554744525548,TP,1,L|swing
2026-08-27 12:56:00-04:00,2026-08-27 12:56:00-04:00,2026-08-27 14:04:00-04:00,L,29647.0,29576.25,29576.5,70.5,-143.5,-1.0177304964539007,SL,1,L|swing
2026-08-27 14:47:00-04:00,2026-08-27 14:47:00-04:00,2026-08-27 15:52:00-04:00,L,29579.0,29657.25,29526.25,52.75,154.5,1.4644549763033174,TP,1,L|swing
2026-08-28 09:38:00-04:00,2026-08-28 09:38:00-04:00,2026-08-28 10:08:00-04:00,L,29648.5,29562.0,29562.25,86.25,-175.0,-1.0144927536231885,SL,1,L|swing
2026-08-28 11:47:00-04:00,2026-08-28 11:47:00-04:00,2026-08-28 13:06:00-04:00,S,29651.75,29442.25,29792.0,140.25,417.0,1.4866310160427807,TP,1,S|swing
2026-08-28 13:23:00-04:00,2026-08-28 13:23:00-04:00,2026-08-28 15:59:00-04:00,S,29454.0,29496.5,29535.25,81.25,-87.0,-0.5353846153846153,time,1,S|swing
2026-08-31 09:35:00-04:00,2026-08-31 09:35:00-04:00,2026-08-31 15:50:00-04:00,S,29409.75,29517.5,29517.25,107.5,-217.5,-1.0116279069767442,SL,1,S|swing
2026-09-01 09:38:00-04:00,2026-09-01 09:38:00-04:00,2026-09-01 09:47:00-04:00,S,29070.75,29141.0,29140.75,70.0,-142.5,-1.0178571428571428,SL,1,S|swing
2026-09-01 11:20:00-04:00,2026-09-01 11:20:00-04:00,2026-09-01 11:30:00-04:00,S,29193.5,29244.75,29244.5,51.0,-104.5,-1.0245098039215685,SL,1,S|swing
2026-09-01 11:32:00-04:00,2026-09-01 11:32:00-04:00,2026-09-01 11:36:00-04:00,S,29231.0,29245.25,29245.0,14.0,-30.5,-1.0892857142857142,SL,1,S|swing
2026-09-01 11:38:00-04:00,2026-09-01 11:38:00-04:00,2026-09-01 12:21:00-04:00,L,29261.5,29178.5,29178.75,82.75,-168.0,-1.0151057401812689,SL,1,L|swing
2026-09-01 12:26:00-04:00,2026-09-01 12:26:00-04:00,2026-09-01 15:59:00-04:00,S,29168.5,29126.5,29304.25,135.75,82.0,0.3020257826887661,time,1,S|swing
2026-09-02 13:44:00-04:00,2026-09-02 13:44:00-04:00,2026-09-02 15:59:00-04:00,L,29159.0,29189.75,29124.75,34.25,59.5,0.8686131386861314,time,1,L|swing
2026-09-03 09:38:00-04:00,2026-09-03 09:38:00-04:00,2026-09-03 11:03:00-04:00,L,29282.0,29405.75,29199.0,83.0,245.5,1.4789156626506024,TP,1,L|swing
2026-09-03 13:32:00-04:00,2026-09-03 13:32:00-04:00,2026-09-03 14:01:00-04:00,L,29513.0,29568.0,29475.75,37.25,108.0,1.4496644295302012,TP,1,L|swing
2026-09-04 10:53:00-04:00,2026-09-04 10:53:00-04:00,2026-09-04 15:59:00-04:00,S,29520.25,29568.75,29609.75,89.5,-99.0,-0.553072625698324,time,1,S|swing
2026-09-07 10:38:00-04:00,2026-09-07 10:38:00-04:00,2026-09-07 10:58:00-04:00,L,29624.75,29599.75,29600.0,24.75,-52.0,-1.0505050505050506,SL,1,L|swing
2026-09-07 12:11:00-04:00,2026-09-07 12:11:00-04:00,2026-09-07 12:49:00-04:00,L,29600.75,29603.25,29576.75,24.0,3.0,0.0625,time,1,L|swing
2026-09-08 12:41:00-04:00,2026-09-08 12:41:00-04:00,2026-09-08 12:50:00-04:00,S,29577.25,29605.5,29605.25,28.0,-58.5,-1.0446428571428572,SL,1,S|swing
2026-09-08 14:08:00-04:00,2026-09-08 14:08:00-04:00,2026-09-08 14:35:00-04:00,L,29606.0,29585.0,29585.25,20.75,-44.0,-1.0602409638554218,SL,1,L|swing
2026-09-08 14:44:00-04:00,2026-09-08 14:44:00-04:00,2026-09-08 14:48:00-04:00,L,29603.5,29577.0,29577.25,26.25,-55.0,-1.0476190476190477,SL,1,L|swing
2026-09-09 12:32:00-04:00,2026-09-09 12:32:00-04:00,2026-09-09 12:48:00-04:00,S,29420.0,29462.5,29462.25,42.25,-87.0,-1.029585798816568,SL,1,S|swing
2026-09-09 14:05:00-04:00,2026-09-09 14:05:00-04:00,2026-09-09 15:55:00-04:00,S,29461.0,29427.25,29484.0,23.0,65.5,1.423913043478261,TP,1,S|swing
2026-09-10 09:44:00-04:00,2026-09-10 09:44:00-04:00,2026-09-10 09:49:00-04:00,S,29137.25,29200.5,29200.25,63.0,-128.5,-1.0198412698412698,SL,1,S|swing
2026-09-10 11:02:00-04:00,2026-09-10 11:02:00-04:00,2026-09-10 12:35:00-04:00,S,29219.25,29135.75,29275.5,56.25,165.0,1.4666666666666666,TP,1,S|swing
2026-09-10 13:56:00-04:00,2026-09-10 13:56:00-04:00,2026-09-10 14:15:00-04:00,S,29188.0,29148.25,29215.0,27.0,77.5,1.4351851851851851,TP,1,S|swing
2026-09-11 11:32:00-04:00,2026-09-11 11:32:00-04:00,2026-09-11 15:59:00-04:00,L,29493.25,29386.5,29374.75,118.5,-215.5,-0.9092827004219409,time,1,L|swing
2026-09-14 11:35:00-04:00,2026-09-14 11:35:00-04:00,2026-09-14 15:59:00-04:00,L,29149.5,29151.25,29016.5,133.0,1.5,0.005639097744360902,time,1,L|swing
2026-09-15 09:35:00-04:00,2026-09-15 09:35:00-04:00,2026-09-15 10:10:00-04:00,L,29113.75,29074.75,29075.0,38.75,-80.0,-1.032258064516129,SL,1,L|swing
2026-09-15 10:11:00-04:00,2026-09-15 10:11:00-04:00,2026-09-15 15:52:00-04:00,S,29063.75,28924.0,29157.5,93.75,277.5,1.48,TP,1,S|swing
2026-09-16 09:50:00-04:00,2026-09-16 09:50:00-04:00,2026-09-16 14:32:00-04:00,L,29173.5,29081.0,29081.25,92.25,-187.0,-1.013550135501355,SL,1,L|swing
2026-09-16 14:41:00-04:00,2026-09-16 14:41:00-04:00,2026-09-16 14:54:00-04:00,L,29149.0,29006.5,29006.75,142.25,-287.0,-1.0087873462214412,SL,1,L|swing
2026-09-21 09:35:00-04:00,2026-09-21 09:35:00-04:00,2026-09-21 09:44:00-04:00,L,30256.5,30337.25,30202.0,54.5,159.5,1.463302752293578,TP,1,L|swing
2026-09-21 11:38:00-04:00,2026-09-21 11:38:00-04:00,2026-09-21 12:07:00-04:00,L,30598.0,30644.75,30566.25,31.75,91.5,1.4409448818897639,TP,1,L|swing
2026-09-21 13:14:00-04:00,2026-09-21 13:14:00-04:00,2026-09-21 14:05:00-04:00,L,30689.0,30727.5,30662.75,26.25,75.0,1.4285714285714286,TP,1,L|swing
2026-09-22 11:14:00-04:00,2026-09-22 11:14:00-04:00,2026-09-22 11:41:00-04:00,L,30938.25,30889.75,30890.0,48.25,-99.0,-1.0259067357512954,SL,1,L|swing
2026-09-22 12:44:00-04:00,2026-09-22 12:44:00-04:00,2026-09-22 13:29:00-04:00,L,30915.75,30955.0,30889.0,26.75,76.5,1.4299065420560748,TP,1,L|swing
2026-09-22 14:56:00-04:00,2026-09-22 14:56:00-04:00,2026-09-22 15:08:00-04:00,L,30978.5,30996.75,30965.75,12.75,34.5,1.3529411764705883,TP,1,L|swing
2026-09-23 11:35:00-04:00,2026-09-23 11:35:00-04:00,2026-09-23 12:43:00-04:00,S,30773.0,30706.25,30818.0,45.0,131.5,1.461111111111111,TP,1,S|swing
2026-09-24 09:35:00-04:00,2026-09-24 09:35:00-04:00,2026-09-24 12:16:00-04:00,L,30561.5,30672.25,30487.0,74.5,219.5,1.4731543624161074,TP,1,L|swing
2026-09-24 14:26:00-04:00,2026-09-24 14:26:00-04:00,2026-09-24 15:59:00-04:00,L,30743.5,30756.25,30622.0,121.5,23.5,0.09670781893004116,time,1,L|swing
2026-09-25 13:08:00-04:00,2026-09-25 13:08:00-04:00,2026-09-25 15:26:00-04:00,L,30903.0,30860.25,30860.5,42.5,-87.5,-1.0294117647058822,SL,1,L|swing
2026-09-28 09:35:00-04:00,2026-09-28 09:35:00-04:00,2026-09-28 10:44:00-04:00,S,30630.0,30436.75,30759.5,129.5,384.5,1.4845559845559846,TP,1,S|swing
2026-09-28 11:17:00-04:00,2026-09-28 11:17:00-04:00,2026-09-28 11:36:00-04:00,S,30459.25,30503.25,30503.0,43.75,-90.0,-1.0285714285714285,SL,1,S|swing
2026-09-28 13:32:00-04:00,2026-09-28 13:32:00-04:00,2026-09-28 15:37:00-04:00,L,30637.5,30563.25,30563.5,74.0,-150.5,-1.0168918918918919,SL,1,L|swing
2026-09-29 10:35:00-04:00,2026-09-29 10:35:00-04:00,2026-09-29 11:19:00-04:00,L,30688.5,30588.0,30588.25,100.25,-203.0,-1.0124688279301746,SL,1,L|swing
2026-09-29 11:23:00-04:00,2026-09-29 11:23:00-04:00,2026-09-29 15:59:00-04:00,S,30559.5,30617.25,30706.75,147.25,-117.5,-0.398981324278438,time,1,S|swing
2026-09-30 09:59:00-04:00,2026-09-30 09:59:00-04:00,2026-09-30 15:59:00-04:00,L,30841.25,30681.75,30682.0,159.25,-321.0,-1.0078492935635792,SL,1,L|swing
2026-10-01 09:35:00-04:00,2026-10-01 09:35:00-04:00,2026-10-01 10:01:00-04:00,S,30770.75,30640.25,30858.25,87.5,259.0,1.48,TP,1,S|swing
2026-10-01 10:50:00-04:00,2026-10-01 10:50:00-04:00,2026-10-01 11:08:00-04:00,S,30664.25,30571.0,30727.0,62.75,184.5,1.4701195219123506,TP,1,S|swing
2026-10-01 12:11:00-04:00,2026-10-01 12:11:00-04:00,2026-10-01 12:12:00-04:00,S,30629.0,30610.75,30641.75,12.75,34.5,1.3529411764705883,TP,1,S|swing
2026-10-01 12:56:00-04:00,2026-10-01 12:56:00-04:00,2026-10-01 13:12:00-04:00,S,30566.0,30674.25,30674.0,108.0,-218.5,-1.0115740740740742,SL,1,S|swing
2026-10-01 14:11:00-04:00,2026-10-01 14:11:00-04:00,2026-10-01 15:59:00-04:00,S,30716.25,30773.75,30883.75,167.5,-117.0,-0.3492537313432836,time,1,S|swing
2026-10-02 09:44:00-04:00,2026-10-02 09:44:00-04:00,2026-10-02 11:12:00-04:00,L,31178.0,31055.5,31055.75,122.25,-247.0,-1.0102249488752557,SL,1,L|swing
2026-10-02 11:59:00-04:00,2026-10-02 11:59:00-04:00,2026-10-02 13:23:00-04:00,L,31102.0,31027.75,31028.0,74.0,-150.5,-1.0168918918918919,SL,1,L|swing
2026-10-02 14:05:00-04:00,2026-10-02 14:05:00-04:00,2026-10-02 14:23:00-04:00,S,31042.0,31012.75,31062.0,20.0,56.5,1.4125,TP,1,S|swing
2026-10-02 14:59:00-04:00,2026-10-02 14:59:00-04:00,2026-10-02 15:25:00-04:00,S,31043.25,31056.5,31056.25,13.0,-28.5,-1.0961538461538463,SL,1,S|swing
2026-10-05 12:23:00-04:00,2026-10-05 12:23:00-04:00,2026-10-05 13:25:00-04:00,L,31233.5,31282.75,31200.0,33.5,96.5,1.4402985074626866,TP,1,L|swing
2026-10-05 13:32:00-04:00,2026-10-05 13:32:00-04:00,2026-10-05 15:02:00-04:00,L,31277.5,31340.0,31235.25,42.25,123.0,1.455621301775148,TP,1,L|swing
2026-10-06 10:32:00-04:00,2026-10-06 10:32:00-04:00,2026-10-06 10:38:00-04:00,L,31499.25,31527.75,31479.75,19.5,55.0,1.4102564102564104,TP,1,L|swing
2026-10-06 12:44:00-04:00,2026-10-06 12:44:00-04:00,2026-10-06 13:02:00-04:00,L,31541.5,31515.25,31515.5,26.0,-54.5,-1.0480769230769231,SL,1,L|swing
2026-10-06 13:08:00-04:00,2026-10-06 13:08:00-04:00,2026-10-06 13:12:00-04:00,L,31515.25,31502.5,31502.75,12.5,-27.5,-1.1,SL,1,L|swing
2026-10-06 13:14:00-04:00,2026-10-06 13:14:00-04:00,2026-10-06 13:19:00-04:00,L,31506.5,31489.75,31490.0,16.5,-35.5,-1.0757575757575757,SL,1,L|swing
2026-10-07 09:38:00-04:00,2026-10-07 09:38:00-04:00,2026-10-07 10:25:00-04:00,S,31166.25,31276.5,31276.25,110.0,-222.5,-1.0113636363636365,SL,1,S|swing
2026-10-07 11:23:00-04:00,2026-10-07 11:23:00-04:00,2026-10-07 11:35:00-04:00,S,31269.5,31308.5,31308.25,38.75,-80.0,-1.032258064516129,SL,1,S|swing
2026-10-07 12:56:00-04:00,2026-10-07 12:56:00-04:00,2026-10-07 13:01:00-04:00,L,31334.75,31320.5,31320.75,14.0,-30.5,-1.0892857142857142,SL,1,L|swing
2026-10-07 14:26:00-04:00,2026-10-07 14:26:00-04:00,2026-10-07 15:06:00-04:00,L,31383.5,31340.25,31340.5,43.0,-88.5,-1.0290697674418605,SL,1,L|swing
