sig_time,entry_time,exit_time,side,entry,exit,stop,risk_pts,pnl,R,reason,parts,tag
2019-06-21 09:56:00-04:00,2019-06-21 09:56:00-04:00,2019-06-21 11:02:00-04:00,L,7759.5,7793.25,7736.5,23.0,65.5,1.423913043478261,TP,1,L|swing
2019-06-21 12:20:00-04:00,2019-06-21 12:20:00-04:00,2019-06-21 13:04:00-04:00,S,7753.75,7770.75,7770.5,16.75,-36.0,-1.0746268656716418,SL,1,S|swing
2019-06-21 13:05:00-04:00,2019-06-21 13:05:00-04:00,2019-06-21 15:59:00-04:00,L,7769.0,7753.0,7753.25,15.75,-34.0,-1.0793650793650793,SL,1,L|swing
2019-06-24 09:53:00-04:00,2019-06-24 09:53:00-04:00,2019-06-24 15:59:00-04:00,S,7752.75,7753.25,7777.25,24.5,-3.0,-0.061224489795918366,time,1,S|swing
2019-06-25 09:50:00-04:00,2019-06-25 09:50:00-04:00,2019-06-25 12:40:00-04:00,S,7718.5,7663.75,7755.5,37.0,107.5,1.4527027027027026,TP,1,S|swing
2019-06-25 13:02:00-04:00,2019-06-25 13:02:00-04:00,2019-06-25 15:59:00-04:00,S,7645.25,7622.0,7689.0,43.75,44.5,0.5085714285714286,time,1,S|swing
2019-06-26 11:59:00-04:00,2019-06-26 11:59:00-04:00,2019-06-26 13:13:00-04:00,L,7688.0,7671.0,7671.25,16.75,-36.0,-1.0746268656716418,SL,1,L|swing
2019-06-26 13:29:00-04:00,2019-06-26 13:29:00-04:00,2019-06-26 15:59:00-04:00,S,7664.0,7655.75,7682.75,18.75,14.5,0.38666666666666666,time,1,S|swing
2019-06-27 09:56:00-04:00,2019-06-27 09:56:00-04:00,2019-06-27 11:18:00-04:00,L,7699.5,7673.75,7674.0,25.5,-53.5,-1.0490196078431373,SL,1,L|swing
2019-06-27 11:20:00-04:00,2019-06-27 11:20:00-04:00,2019-06-27 12:33:00-04:00,S,7675.75,7695.0,7694.75,19.0,-40.5,-1.0657894736842106,SL,1,S|swing
2019-06-27 13:32:00-04:00,2019-06-27 13:32:00-04:00,2019-06-27 15:09:00-04:00,L,7693.75,7686.0,7686.25,7.5,-17.5,-1.1666666666666667,SL,1,L|swing
2019-06-28 11:56:00-04:00,2019-06-28 11:56:00-04:00,2019-06-28 12:20:00-04:00,L,7690.5,7701.75,7682.5,8.0,20.5,1.28125,TP,1,L|swing
2019-06-28 13:44:00-04:00,2019-06-28 13:44:00-04:00,2019-06-28 15:57:00-04:00,S,7683.0,7696.25,7696.0,13.0,-28.5,-1.0961538461538463,SL,1,S|swing
2019-07-01 10:23:00-04:00,2019-07-01 10:23:00-04:00,2019-07-01 14:30:00-04:00,S,7809.5,7760.25,7843.0,33.5,96.5,1.4402985074626866,TP,1,S|swing
2019-07-01 14:59:00-04:00,2019-07-01 14:59:00-04:00,2019-07-01 15:02:00-04:00,S,7762.5,7772.0,7771.75,9.25,-21.0,-1.135135135135135,SL,1,S|swing
2019-07-02 10:29:00-04:00,2019-07-02 10:29:00-04:00,2019-07-02 11:39:00-04:00,L,7798.75,7781.0,7781.25,17.5,-37.5,-1.0714285714285714,SL,1,L|swing
2019-07-02 12:17:00-04:00,2019-07-02 12:17:00-04:00,2019-07-02 12:28:00-04:00,L,7791.0,7780.25,7780.5,10.5,-23.5,-1.119047619047619,SL,1,L|swing
2019-07-02 13:26:00-04:00,2019-07-02 13:26:00-04:00,2019-07-02 15:12:00-04:00,L,7787.0,7808.25,7772.25,14.75,40.5,1.3728813559322033,TP,1,L|swing
2019-07-03 10:17:00-04:00,2019-07-03 10:17:00-04:00,2019-07-03 11:01:00-04:00,L,7851.0,7870.75,7837.25,13.75,37.5,1.3636363636363635,TP,1,L|swing
2019-07-03 11:02:00-04:00,2019-07-03 11:02:00-04:00,2019-07-03 11:21:00-04:00,L,7870.25,7858.25,7858.5,11.75,-26.0,-1.1063829787234043,SL,1,L|swing
2019-07-03 12:17:00-04:00,2019-07-03 12:17:00-04:00,2019-07-03 13:00:00-04:00,L,7871.25,7883.5,7862.5,8.75,22.5,1.2857142857142858,TP,1,L|swing
2019-07-04 09:41:00-04:00,2019-07-04 09:41:00-04:00,2019-07-04 10:06:00-04:00,L,7900.0,7894.75,7895.0,5.0,-12.5,-1.25,SL,1,L|swing
2019-07-04 10:41:00-04:00,2019-07-04 10:41:00-04:00,2019-07-04 10:54:00-04:00,L,7897.75,7903.25,7893.5,4.25,9.0,1.0588235294117647,TP,1,L|swing
2019-07-05 09:56:00-04:00,2019-07-05 09:56:00-04:00,2019-07-05 12:25:00-04:00,S,7817.0,7841.75,7841.5,24.5,-51.5,-1.0510204081632653,SL,1,S|swing
2019-07-05 13:02:00-04:00,2019-07-05 13:02:00-04:00,2019-07-05 13:11:00-04:00,S,7842.75,7850.0,7849.75,7.0,-16.5,-1.1785714285714286,SL,1,S|swing
2019-07-05 14:32:00-04:00,2019-07-05 14:32:00-04:00,2019-07-05 15:55:00-04:00,L,7867.75,7855.0,7855.25,12.5,-27.5,-1.1,SL,1,L|swing
2019-07-08 11:26:00-04:00,2019-07-08 11:26:00-04:00,2019-07-08 15:14:00-04:00,S,7795.75,7810.25,7810.0,14.25,-31.0,-1.087719298245614,SL,1,S|swing
2019-07-09 10:02:00-04:00,2019-07-09 10:02:00-04:00,2019-07-09 12:19:00-04:00,L,7805.0,7838.25,7782.25,22.75,64.5,1.4175824175824177,TP,1,L|swing
2019-07-09 12:20:00-04:00,2019-07-09 12:20:00-04:00,2019-07-09 15:59:00-04:00,L,7838.25,7850.0,7821.25,17.0,21.5,0.6323529411764706,time,1,L|swing
2019-07-10 09:50:00-04:00,2019-07-10 09:50:00-04:00,2019-07-10 11:18:00-04:00,L,7944.0,7887.0,7887.25,56.75,-116.0,-1.0220264317180616,SL,1,L|swing
2019-07-10 12:08:00-04:00,2019-07-10 12:08:00-04:00,2019-07-10 15:59:00-04:00,L,7921.75,7927.5,7899.0,22.75,9.5,0.2087912087912088,time,1,L|swing
2019-07-11 10:02:00-04:00,2019-07-11 10:02:00-04:00,2019-07-11 10:28:00-04:00,L,7950.0,7931.0,7931.25,18.75,-40.0,-1.0666666666666667,SL,1,L|swing
2019-07-11 10:32:00-04:00,2019-07-11 10:32:00-04:00,2019-07-11 11:22:00-04:00,S,7926.5,7951.25,7951.0,24.5,-51.5,-1.0510204081632653,SL,1,S|swing
2019-07-11 12:05:00-04:00,2019-07-11 12:05:00-04:00,2019-07-11 12:20:00-04:00,L,7956.0,7944.75,7945.0,11.0,-24.5,-1.1136363636363635,SL,1,L|swing
2019-07-11 12:41:00-04:00,2019-07-11 12:41:00-04:00,2019-07-11 13:06:00-04:00,L,7950.5,7942.0,7942.25,8.25,-19.0,-1.1515151515151516,SL,1,L|swing
2019-07-11 14:17:00-04:00,2019-07-11 14:17:00-04:00,2019-07-11 15:05:00-04:00,S,7903.0,7918.0,7917.75,14.75,-32.0,-1.0847457627118644,SL,1,S|swing
2019-07-12 09:41:00-04:00,2019-07-12 09:41:00-04:00,2019-07-12 10:44:00-04:00,L,7938.5,7924.25,7924.5,14.0,-30.5,-1.0892857142857142,SL,1,L|swing
2019-07-12 11:56:00-04:00,2019-07-12 11:56:00-04:00,2019-07-12 13:01:00-04:00,L,7949.0,7957.5,7942.75,6.25,15.0,1.2,TP,1,L|swing
2019-07-12 14:53:00-04:00,2019-07-12 14:53:00-04:00,2019-07-12 15:12:00-04:00,L,7955.75,7951.0,7951.25,4.5,-11.5,-1.2777777777777777,SL,1,L|swing
2019-07-15 09:50:00-04:00,2019-07-15 09:50:00-04:00,2019-07-15 15:00:00-04:00,S,7965.75,7987.25,7987.0,21.25,-45.0,-1.0588235294117647,SL,1,S|swing
2019-07-16 10:05:00-04:00,2019-07-16 10:05:00-04:00,2019-07-16 10:18:00-04:00,S,7979.75,7969.0,7987.5,7.75,19.5,1.2580645161290323,TP,1,S|swing
2019-07-16 10:53:00-04:00,2019-07-16 10:53:00-04:00,2019-07-16 12:00:00-04:00,S,7973.5,7957.5,7984.75,11.25,30.0,1.3333333333333333,TP,1,S|swing
2019-07-16 13:53:00-04:00,2019-07-16 13:53:00-04:00,2019-07-16 15:59:00-04:00,S,7941.0,7948.75,7965.0,24.0,-17.5,-0.3645833333333333,time,1,S|swing
2019-07-17 10:08:00-04:00,2019-07-17 10:08:00-04:00,2019-07-17 10:44:00-04:00,S,7949.0,7929.75,7962.5,13.5,36.5,1.3518518518518519,TP,1,S|swing
2019-07-17 11:29:00-04:00,2019-07-17 11:29:00-04:00,2019-07-17 11:43:00-04:00,S,7933.75,7940.25,7940.0,6.25,-15.0,-1.2,SL,1,S|swing
2019-07-17 12:23:00-04:00,2019-07-17 12:23:00-04:00,2019-07-17 15:55:00-04:00,S,7935.75,7918.75,7947.75,12.0,32.0,1.3333333333333333,TP,1,S|swing
2019-07-18 09:35:00-04:00,2019-07-18 09:35:00-04:00,2019-07-18 11:21:00-04:00,L,7889.0,7863.25,7863.5,25.5,-53.5,-1.0490196078431373,SL,1,L|swing
2019-07-18 11:23:00-04:00,2019-07-18 11:23:00-04:00,2019-07-18 14:06:00-04:00,S,7857.0,7883.75,7883.5,26.5,-55.5,-1.0471698113207548,SL,1,S|swing
2019-07-18 14:35:00-04:00,2019-07-18 14:35:00-04:00,2019-07-18 15:59:00-04:00,L,7912.75,7920.5,7880.5,32.25,13.5,0.20930232558139536,time,1,L|swing
2019-07-19 10:08:00-04:00,2019-07-19 10:08:00-04:00,2019-07-19 11:45:00-04:00,S,7936.5,7902.5,7959.75,23.25,66.0,1.4193548387096775,TP,1,S|swing
2019-07-19 13:05:00-04:00,2019-07-19 13:05:00-04:00,2019-07-19 14:10:00-04:00,S,7923.5,7903.75,7937.25,13.75,37.5,1.3636363636363635,TP,1,S|swing
2019-07-19 14:11:00-04:00,2019-07-19 14:11:00-04:00,2019-07-19 14:39:00-04:00,S,7905.25,7875.0,7926.0,20.75,58.5,1.4096385542168675,TP,1,S|swing
2019-07-22 11:38:00-04:00,2019-07-22 11:38:00-04:00,2019-07-22 15:03:00-04:00,L,7906.75,7934.25,7887.75,19.0,53.0,1.394736842105263,TP,1,L|swing
2019-07-23 10:11:00-04:00,2019-07-23 10:11:00-04:00,2019-07-23 13:43:00-04:00,S,7925.75,7950.0,7949.75,24.0,-50.5,-1.0520833333333333,SL,1,S|swing
2019-07-23 14:44:00-04:00,2019-07-23 14:44:00-04:00,2019-07-23 15:59:00-04:00,L,7958.0,7970.0,7947.5,10.5,22.0,1.0476190476190477,time,1,L|swing
2019-07-24 10:32:00-04:00,2019-07-24 10:32:00-04:00,2019-07-24 15:11:00-04:00,L,7985.25,8016.25,7964.0,21.25,60.0,1.411764705882353,TP,1,L|swing
2019-07-25 11:17:00-04:00,2019-07-25 11:17:00-04:00,2019-07-25 12:40:00-04:00,S,7969.0,7944.25,7986.0,17.0,47.5,1.3970588235294117,TP,1,S|swing
2019-07-25 12:41:00-04:00,2019-07-25 12:41:00-04:00,2019-07-25 15:59:00-04:00,S,7936.0,7946.75,7966.25,30.25,-23.5,-0.3884297520661157,time,1,S|swing
2019-07-26 10:32:00-04:00,2019-07-26 10:32:00-04:00,2019-07-26 11:57:00-04:00,S,8009.0,8031.0,8030.75,21.75,-46.0,-1.0574712643678161,SL,1,S|swing
2019-07-26 13:14:00-04:00,2019-07-26 13:14:00-04:00,2019-07-26 15:59:00-04:00,L,8032.0,8028.0,8022.25,9.75,-10.0,-0.5128205128205128,time,1,L|swing
2019-07-29 10:11:00-04:00,2019-07-29 10:11:00-04:00,2019-07-29 13:00:00-04:00,S,7952.25,7996.5,7996.25,44.0,-90.5,-1.0284090909090908,SL,1,S|swing
2019-07-29 13:32:00-04:00,2019-07-29 13:32:00-04:00,2019-07-29 14:05:00-04:00,L,7999.5,7989.0,7989.25,10.25,-23.0,-1.1219512195121952,SL,1,L|swing
2019-07-29 14:53:00-04:00,2019-07-29 14:53:00-04:00,2019-07-29 15:59:00-04:00,L,8003.5,8002.0,7992.0,11.5,-5.0,-0.21739130434782608,time,1,L|swing
2019-07-30 11:02:00-04:00,2019-07-30 11:02:00-04:00,2019-07-30 11:52:00-04:00,L,7971.25,7957.5,7957.75,13.5,-29.5,-1.0925925925925926,SL,1,L|swing
2019-07-30 12:50:00-04:00,2019-07-30 12:50:00-04:00,2019-07-30 13:44:00-04:00,S,7960.5,7971.25,7971.0,10.5,-23.5,-1.119047619047619,SL,1,S|swing
2019-07-31 11:23:00-04:00,2019-07-31 11:23:00-04:00,2019-07-31 12:25:00-04:00,L,7989.5,7974.25,7974.5,15.0,-32.5,-1.0833333333333333,SL,1,L|swing
2019-07-31 13:41:00-04:00,2019-07-31 13:41:00-04:00,2019-07-31 14:00:00-04:00,S,7971.25,7956.75,7981.5,10.25,27.0,1.3170731707317074,TP,1,S|swing
2019-07-31 14:38:00-04:00,2019-07-31 14:38:00-04:00,2019-07-31 14:50:00-04:00,S,7930.0,7854.0,7981.25,51.25,150.0,1.4634146341463414,TP,1,S|swing
2019-08-01 09:50:00-04:00,2019-08-01 09:50:00-04:00,2019-08-01 13:40:00-04:00,L,7931.25,7865.25,7865.5,65.75,-134.0,-1.0190114068441065,SL,1,L|swing
2019-08-01 14:11:00-04:00,2019-08-01 14:11:00-04:00,2019-08-01 15:59:00-04:00,S,7815.0,7812.75,7896.0,81.0,2.5,0.015432098765432098,time,1,S|swing
2019-08-02 09:35:00-04:00,2019-08-02 09:35:00-04:00,2019-08-02 15:59:00-04:00,S,7727.75,7701.5,7783.0,55.25,50.5,0.45701357466063347,time,1,S|swing
2019-08-05 10:38:00-04:00,2019-08-05 10:38:00-04:00,2019-08-05 11:14:00-04:00,S,7478.25,7511.5,7511.25,33.0,-68.5,-1.0378787878787878,SL,1,S|swing
2019-08-05 11:44:00-04:00,2019-08-05 11:44:00-04:00,2019-08-05 14:01:00-04:00,S,7467.25,7409.75,7506.25,39.0,113.0,1.4487179487179487,TP,1,S|swing
2019-08-05 14:23:00-04:00,2019-08-05 14:23:00-04:00,2019-08-05 15:05:00-04:00,S,7402.75,7366.25,7427.75,25.0,71.0,1.42,TP,1,S|swing
2019-08-06 11:38:00-04:00,2019-08-06 11:38:00-04:00,2019-08-06 12:00:00-04:00,S,7446.0,7484.25,7484.0,38.0,-78.5,-1.0328947368421053,SL,1,S|swing
2019-08-06 13:05:00-04:00,2019-08-06 13:05:00-04:00,2019-08-06 13:39:00-04:00,L,7477.0,7510.25,7454.25,22.75,64.5,1.4175824175824177,TP,1,L|swing
2019-08-06 13:41:00-04:00,2019-08-06 13:41:00-04:00,2019-08-06 15:59:00-04:00,L,7509.25,7527.0,7477.5,31.75,33.5,0.5275590551181102,time,1,L|swing
2019-08-07 09:47:00-04:00,2019-08-07 09:47:00-04:00,2019-08-07 10:10:00-04:00,S,7398.0,7463.75,7463.5,65.5,-133.5,-1.0190839694656488,SL,1,S|swing
2019-08-07 10:35:00-04:00,2019-08-07 10:35:00-04:00,2019-08-07 15:59:00-04:00,L,7510.0,7558.75,7437.25,72.75,95.5,0.6563573883161512,time,1,L|swing
2019-08-08 09:56:00-04:00,2019-08-08 09:56:00-04:00,2019-08-08 11:54:00-04:00,L,7621.25,7685.75,7577.75,43.5,127.0,1.4597701149425288,TP,1,L|swing
2019-08-08 11:56:00-04:00,2019-08-08 11:56:00-04:00,2019-08-08 15:45:00-04:00,L,7687.75,7727.75,7660.5,27.25,78.0,1.4311926605504588,TP,1,L|swing
2019-08-09 09:50:00-04:00,2019-08-09 09:50:00-04:00,2019-08-09 15:59:00-04:00,S,7665.25,7656.5,7720.25,55.0,15.5,0.1409090909090909,time,1,S|swing
2019-08-12 10:08:00-04:00,2019-08-12 10:08:00-04:00,2019-08-12 10:22:00-04:00,S,7585.25,7616.25,7616.0,30.75,-64.0,-1.0406504065040652,SL,1,S|swing
2019-08-12 11:11:00-04:00,2019-08-12 11:11:00-04:00,2019-08-12 11:45:00-04:00,S,7587.25,7618.25,7618.0,30.75,-64.0,-1.0406504065040652,SL,1,S|swing
2019-08-12 12:32:00-04:00,2019-08-12 12:32:00-04:00,2019-08-12 12:54:00-04:00,L,7629.25,7605.25,7605.5,23.75,-50.0,-1.0526315789473684,SL,1,L|swing
2019-08-12 13:20:00-04:00,2019-08-12 13:20:00-04:00,2019-08-12 14:00:00-04:00,S,7604.25,7585.25,7617.5,13.25,36.0,1.3584905660377358,TP,1,S|swing
2019-08-12 14:05:00-04:00,2019-08-12 14:05:00-04:00,2019-08-12 14:41:00-04:00,S,7584.0,7553.75,7604.75,20.75,58.5,1.4096385542168675,TP,1,S|swing
2019-08-13 10:26:00-04:00,2019-08-13 10:26:00-04:00,2019-08-13 11:00:00-04:00,L,7776.0,7726.25,7726.5,49.5,-101.5,-1.0252525252525253,SL,1,L|swing
2019-08-13 12:23:00-04:00,2019-08-13 12:23:00-04:00,2019-08-13 12:56:00-04:00,L,7750.5,7725.25,7725.5,25.0,-52.5,-1.05,SL,1,L|swing
2019-08-13 13:08:00-04:00,2019-08-13 13:08:00-04:00,2019-08-13 13:17:00-04:00,L,7741.0,7721.0,7721.25,19.75,-42.0,-1.0632911392405062,SL,1,L|swing
2019-08-13 14:17:00-04:00,2019-08-13 14:17:00-04:00,2019-08-13 15:13:00-04:00,L,7745.25,7731.25,7731.5,13.75,-30.0,-1.0909090909090908,SL,1,L|swing
2019-08-14 10:14:00-04:00,2019-08-14 10:14:00-04:00,2019-08-14 12:00:00-04:00,S,7583.5,7518.0,7627.75,44.25,129.0,1.4576271186440677,TP,1,S|swing
2019-08-14 12:02:00-04:00,2019-08-14 12:02:00-04:00,2019-08-14 15:59:00-04:00,S,7508.5,7500.75,7563.0,54.5,13.5,0.12385321100917432,time,1,S|swing
2019-08-15 11:05:00-04:00,2019-08-15 11:05:00-04:00,2019-08-15 12:04:00-04:00,S,7482.0,7516.25,7516.0,34.0,-70.5,-1.036764705882353,SL,1,S|swing
2019-08-15 13:20:00-04:00,2019-08-15 13:20:00-04:00,2019-08-15 13:36:00-04:00,L,7509.0,7483.75,7484.0,25.0,-52.5,-1.05,SL,1,L|swing
2019-08-15 13:41:00-04:00,2019-08-15 13:41:00-04:00,2019-08-15 15:05:00-04:00,S,7475.0,7512.0,7511.75,36.75,-76.0,-1.034013605442177,SL,1,S|swing
2019-08-16 10:20:00-04:00,2019-08-16 10:20:00-04:00,2019-08-16 10:57:00-04:00,L,7585.5,7621.0,7561.25,24.25,69.0,1.422680412371134,TP,1,L|swing
2019-08-16 12:35:00-04:00,2019-08-16 12:35:00-04:00,2019-08-16 15:59:00-04:00,L,7611.25,7612.25,7593.0,18.25,0.0,0.0,time,1,L|swing
2019-08-19 10:53:00-04:00,2019-08-19 10:53:00-04:00,2019-08-19 15:59:00-04:00,L,7724.25,7728.0,7703.0,21.25,5.5,0.12941176470588237,time,1,L|swing
2019-08-20 09:35:00-04:00,2019-08-20 09:35:00-04:00,2019-08-20 11:00:00-04:00,S,7690.75,7728.0,7727.75,37.0,-76.5,-1.0337837837837838,SL,1,S|swing
2019-08-20 12:41:00-04:00,2019-08-20 12:41:00-04:00,2019-08-20 14:16:00-04:00,S,7714.0,7686.75,7732.75,18.75,52.5,1.4,TP,1,S|swing
2019-08-21 09:41:00-04:00,2019-08-21 09:41:00-04:00,2019-08-21 14:00:00-04:00,L,7759.0,7730.0,7730.25,28.75,-60.0,-1.0434782608695652,SL,1,L|swing
2019-08-21 14:05:00-04:00,2019-08-21 14:05:00-04:00,2019-08-21 15:59:00-04:00,L,7743.75,7741.0,7705.25,38.5,-7.5,-0.09740259740259741,time,1,L|swing
2019-08-22 09:41:00-04:00,2019-08-22 09:41:00-04:00,2019-08-22 10:06:00-04:00,L,7766.25,7749.25,7749.5,16.75,-36.0,-1.0746268656716418,SL,1,L|swing
2019-08-22 12:35:00-04:00,2019-08-22 12:35:00-04:00,2019-08-22 12:49:00-04:00,S,7695.5,7708.0,7707.75,12.25,-27.0,-1.1020408163265305,SL,1,S|swing
2019-08-22 14:11:00-04:00,2019-08-22 14:11:00-04:00,2019-08-22 14:45:00-04:00,S,7716.5,7730.75,7730.5,14.0,-30.5,-1.0892857142857142,SL,1,S|swing
2019-08-23 09:50:00-04:00,2019-08-23 09:50:00-04:00,2019-08-23 10:02:00-04:00,S,7634.5,7675.0,7674.75,40.25,-83.0,-1.031055900621118,SL,1,S|swing
2019-08-23 10:59:00-04:00,2019-08-23 10:59:00-04:00,2019-08-23 11:01:00-04:00,S,7698.25,7648.25,7732.25,34.0,98.0,1.4411764705882353,TP,1,S|swing
2019-08-23 11:38:00-04:00,2019-08-23 11:38:00-04:00,2019-08-23 15:51:00-04:00,S,7550.25,7466.25,7606.75,56.5,166.0,1.4690265486725664,TP,1,S|swing
2019-08-26 09:47:00-04:00,2019-08-26 09:47:00-04:00,2019-08-26 11:13:00-04:00,S,7528.5,7569.25,7569.0,40.5,-83.5,-1.0308641975308641,SL,1,S|swing
2019-08-26 11:14:00-04:00,2019-08-26 11:14:00-04:00,2019-08-26 15:59:00-04:00,L,7561.75,7583.0,7527.25,34.5,40.5,0.5869565217391305,time,1,L|swing
2019-08-27 12:35:00-04:00,2019-08-27 12:35:00-04:00,2019-08-27 13:37:00-04:00,S,7559.5,7579.0,7578.75,19.25,-41.0,-1.0649350649350648,SL,1,S|swing
2019-08-27 14:08:00-04:00,2019-08-27 14:08:00-04:00,2019-08-27 14:54:00-04:00,S,7569.75,7587.75,7587.5,17.75,-38.0,-1.0704225352112675,SL,1,S|swing
2019-08-28 10:44:00-04:00,2019-08-28 10:44:00-04:00,2019-08-28 15:59:00-04:00,L,7577.5,7593.5,7543.0,34.5,30.0,0.43478260869565216,time,1,L|swing
2019-08-29 09:47:00-04:00,2019-08-29 09:47:00-04:00,2019-08-29 10:37:00-04:00,L,7719.0,7682.5,7682.75,36.25,-75.0,-1.0344827586206897,SL,1,L|swing
2019-08-29 11:32:00-04:00,2019-08-29 11:32:00-04:00,2019-08-29 15:59:00-04:00,L,7711.25,7707.25,7690.5,20.75,-10.0,-0.24096385542168675,time,1,L|swing
2019-08-30 09:44:00-04:00,2019-08-30 09:44:00-04:00,2019-08-30 11:01:00-04:00,S,7730.5,7692.25,7756.5,26.0,74.5,1.4326923076923077,TP,1,S|swing
2019-08-30 12:50:00-04:00,2019-08-30 12:50:00-04:00,2019-08-30 14:18:00-04:00,S,7674.75,7685.25,7685.0,10.25,-23.0,-1.1219512195121952,SL,1,S|swing
2019-09-02 11:05:00-04:00,2019-09-02 11:05:00-04:00,2019-09-02 11:49:00-04:00,S,7653.75,7628.0,7671.5,17.75,49.5,1.3943661971830985,TP,1,S|swing
2019-09-02 11:50:00-04:00,2019-09-02 11:50:00-04:00,2019-09-02 12:49:00-04:00,S,7617.5,7626.75,7665.75,48.25,-20.5,-0.21243523316062177,time,1,S|swing
2019-09-03 09:53:00-04:00,2019-09-03 09:53:00-04:00,2019-09-03 10:04:00-04:00,L,7673.5,7627.0,7627.25,46.25,-95.0,-1.027027027027027,SL,1,L|swing
2019-09-03 10:41:00-04:00,2019-09-03 10:41:00-04:00,2019-09-03 13:44:00-04:00,L,7645.0,7596.25,7596.5,48.5,-99.5,-1.0257731958762886,SL,1,L|swing
2019-09-04 10:08:00-04:00,2019-09-04 10:08:00-04:00,2019-09-04 12:47:00-04:00,S,7676.5,7706.0,7705.75,29.25,-61.0,-1.0427350427350428,SL,1,S|swing
2019-09-04 13:29:00-04:00,2019-09-04 13:29:00-04:00,2019-09-04 13:40:00-04:00,L,7718.0,7710.75,7711.0,7.0,-16.5,-1.1785714285714286,SL,1,L|swing
2019-09-04 14:44:00-04:00,2019-09-04 14:44:00-04:00,2019-09-04 15:33:00-04:00,L,7711.75,7725.5,7702.0,9.75,25.5,1.3076923076923077,TP,1,L|swing
2019-09-05 10:14:00-04:00,2019-09-05 10:14:00-04:00,2019-09-05 15:59:00-04:00,L,7863.25,7865.25,7826.25,37.0,2.0,0.02702702702702703,time,1,L|swing
2019-09-06 11:32:00-04:00,2019-09-06 11:32:00-04:00,2019-09-06 12:49:00-04:00,S,7863.25,7846.75,7874.75,11.5,31.0,1.3478260869565217,TP,1,S|swing
2019-09-06 13:23:00-04:00,2019-09-06 13:23:00-04:00,2019-09-06 15:59:00-04:00,L,7869.75,7856.0,7846.25,23.5,-29.5,-0.6276595744680851,time,1,L|swing
2019-09-09 10:23:00-04:00,2019-09-09 10:23:00-04:00,2019-09-09 10:44:00-04:00,S,7849.75,7866.75,7866.5,16.75,-36.0,-1.0746268656716418,SL,1,S|swing
2019-09-09 11:44:00-04:00,2019-09-09 11:44:00-04:00,2019-09-09 12:10:00-04:00,S,7864.0,7850.25,7873.75,9.75,25.5,1.3076923076923077,TP,1,S|swing
2019-09-09 12:26:00-04:00,2019-09-09 12:26:00-04:00,2019-09-09 15:59:00-04:00,S,7828.5,7837.5,7865.0,36.5,-20.0,-0.273972602739726,time,1,S|swing
2019-09-10 09:56:00-04:00,2019-09-10 09:56:00-04:00,2019-09-10 12:23:00-04:00,S,7745.25,7804.0,7803.75,58.5,-119.5,-1.0213675213675213,SL,1,S|swing
2019-09-10 12:47:00-04:00,2019-09-10 12:47:00-04:00,2019-09-10 13:18:00-04:00,L,7803.5,7784.25,7784.5,19.0,-40.5,-1.0657894736842106,SL,1,L|swing
2019-09-10 13:50:00-04:00,2019-09-10 13:50:00-04:00,2019-09-10 13:59:00-04:00,L,7799.75,7782.0,7782.25,17.5,-37.5,-1.0714285714285714,SL,1,L|swing
2019-09-10 14:41:00-04:00,2019-09-10 14:41:00-04:00,2019-09-10 15:42:00-04:00,S,7761.5,7780.25,7780.0,18.5,-39.5,-1.0675675675675675,SL,1,S|swing
2019-09-11 10:14:00-04:00,2019-09-11 10:14:00-04:00,2019-09-11 15:59:00-04:00,L,7865.0,7889.5,7832.75,32.25,47.0,0.7286821705426356,time,1,L|swing
2019-09-12 09:47:00-04:00,2019-09-12 09:47:00-04:00,2019-09-12 10:10:00-04:00,S,7921.5,7957.5,7957.25,35.75,-74.0,-1.034965034965035,SL,1,S|swing
2019-09-12 10:11:00-04:00,2019-09-12 10:11:00-04:00,2019-09-12 15:59:00-04:00,L,7972.5,7920.5,7909.25,63.25,-106.0,-0.8379446640316206,time,1,L|swing
2019-09-13 11:29:00-04:00,2019-09-13 11:29:00-04:00,2019-09-13 15:59:00-04:00,S,7905.75,7893.5,7928.25,22.5,22.5,0.5,time,1,S|swing
2019-09-18 10:50:00-04:00,2019-09-18 10:50:00-04:00,2019-09-18 12:59:00-04:00,S,7890.5,7878.75,7899.0,8.5,21.5,1.2647058823529411,TP,1,S|swing
2019-09-18 14:02:00-04:00,2019-09-18 14:02:00-04:00,2019-09-18 15:33:00-04:00,S,7855.25,7892.0,7891.75,36.5,-75.5,-1.0342465753424657,SL,1,S|swing
2019-09-19 10:02:00-04:00,2019-09-19 10:02:00-04:00,2019-09-19 12:27:00-04:00,L,7965.5,7939.75,7940.0,25.5,-53.5,-1.0490196078431373,SL,1,L|swing
2019-09-19 13:32:00-04:00,2019-09-19 13:32:00-04:00,2019-09-19 14:20:00-04:00,S,7918.75,7937.75,7937.5,18.75,-40.0,-1.0666666666666667,SL,1,S|swing
2019-09-19 14:56:00-04:00,2019-09-19 14:56:00-04:00,2019-09-19 15:32:00-04:00,L,7932.5,7922.0,7922.25,10.25,-23.0,-1.1219512195121952,SL,1,L|swing
2019-09-20 10:38:00-04:00,2019-09-20 10:38:00-04:00,2019-09-20 11:18:00-04:00,S,7924.25,7904.5,7938.0,13.75,37.5,1.3636363636363635,TP,1,S|swing
2019-09-20 11:35:00-04:00,2019-09-20 11:35:00-04:00,2019-09-20 13:13:00-04:00,S,7900.5,7873.25,7919.25,18.75,52.5,1.4,TP,1,S|swing
2019-09-20 13:14:00-04:00,2019-09-20 13:14:00-04:00,2019-09-20 15:59:00-04:00,S,7833.5,7839.25,7893.0,59.5,-13.5,-0.1134453781512605,time,1,S|swing
2019-09-23 10:11:00-04:00,2019-09-23 10:11:00-04:00,2019-09-23 11:37:00-04:00,S,7810.0,7848.25,7848.0,38.0,-78.5,-1.0328947368421053,SL,1,S|swing
2019-09-23 13:44:00-04:00,2019-09-23 13:44:00-04:00,2019-09-23 15:55:00-04:00,L,7856.5,7846.0,7846.25,10.25,-23.0,-1.1219512195121952,SL,1,L|swing
2019-09-24 09:38:00-04:00,2019-09-24 09:38:00-04:00,2019-09-24 10:06:00-04:00,L,7880.75,7865.75,7866.0,14.75,-32.0,-1.0847457627118644,SL,1,L|swing
2019-09-24 10:17:00-04:00,2019-09-24 10:17:00-04:00,2019-09-24 11:30:00-04:00,S,7864.25,7820.25,7894.25,30.0,86.0,1.4333333333333333,TP,1,S|swing
2019-09-24 11:32:00-04:00,2019-09-24 11:32:00-04:00,2019-09-24 11:39:00-04:00,S,7820.0,7797.25,7835.75,15.75,43.5,1.380952380952381,TP,1,S|swing
2019-09-24 12:20:00-04:00,2019-09-24 12:20:00-04:00,2019-09-24 12:23:00-04:00,S,7782.0,7751.0,7803.25,21.25,60.0,1.411764705882353,TP,1,S|swing
2019-09-24 12:41:00-04:00,2019-09-24 12:41:00-04:00,2019-09-24 15:59:00-04:00,S,7722.5,7733.25,7799.5,77.0,-23.5,-0.1525974025974026,time,1,S|swing
2019-09-25 09:44:00-04:00,2019-09-25 09:44:00-04:00,2019-09-25 10:01:00-04:00,S,7716.25,7681.75,7739.75,23.5,67.0,1.425531914893617,TP,1,S|swing
2019-09-25 10:02:00-04:00,2019-09-25 10:02:00-04:00,2019-09-25 10:54:00-04:00,S,7676.5,7740.0,7739.75,63.25,-129.0,-1.0197628458498025,SL,1,S|swing
2019-09-25 10:56:00-04:00,2019-09-25 10:56:00-04:00,2019-09-25 14:46:00-04:00,L,7744.0,7810.75,7699.0,45.0,131.5,1.461111111111111,TP,1,L|swing
2019-09-26 10:20:00-04:00,2019-09-26 10:20:00-04:00,2019-09-26 10:48:00-04:00,S,7762.5,7791.75,7791.5,29.0,-60.5,-1.043103448275862,SL,1,S|swing
2019-09-26 10:56:00-04:00,2019-09-26 10:56:00-04:00,2019-09-26 11:19:00-04:00,S,7773.5,7738.0,7797.75,24.25,69.0,1.422680412371134,TP,1,S|swing
2019-09-26 11:20:00-04:00,2019-09-26 11:20:00-04:00,2019-09-26 14:09:00-04:00,S,7736.25,7796.25,7796.0,59.75,-122.0,-1.0209205020920502,SL,1,S|swing
2019-09-26 14:53:00-04:00,2019-09-26 14:53:00-04:00,2019-09-26 15:25:00-04:00,S,7787.5,7798.25,7798.0,10.5,-23.5,-1.119047619047619,SL,1,S|swing
2019-09-27 11:14:00-04:00,2019-09-27 11:14:00-04:00,2019-09-27 11:36:00-04:00,L,7792.5,7773.5,7773.75,18.75,-40.0,-1.0666666666666667,SL,1,L|swing
2019-09-27 11:38:00-04:00,2019-09-27 11:38:00-04:00,2019-09-27 15:59:00-04:00,S,7725.25,7699.0,7794.0,68.75,50.5,0.36727272727272725,time,1,S|swing
2019-09-30 09:50:00-04:00,2019-09-30 09:50:00-04:00,2019-09-30 12:31:00-04:00,L,7736.75,7776.0,7710.0,26.75,76.5,1.4299065420560748,TP,1,L|swing
2019-09-30 12:41:00-04:00,2019-09-30 12:41:00-04:00,2019-09-30 15:34:00-04:00,L,7777.5,7754.5,7754.75,22.75,-48.0,-1.054945054945055,SL,1,L|swing
2019-10-01 10:59:00-04:00,2019-10-01 10:59:00-04:00,2019-10-01 13:38:00-04:00,S,7746.25,7691.25,7783.5,37.25,108.0,1.4496644295302012,TP,1,S|swing
2019-10-02 10:35:00-04:00,2019-10-02 10:35:00-04:00,2019-10-02 15:59:00-04:00,S,7579.5,7566.25,7619.75,40.25,24.5,0.30434782608695654,time,1,S|swing
2019-10-03 10:02:00-04:00,2019-10-03 10:02:00-04:00,2019-10-03 11:06:00-04:00,S,7501.0,7586.5,7586.25,85.25,-173.0,-1.0146627565982405,SL,1,S|swing
2019-10-03 12:05:00-04:00,2019-10-03 12:05:00-04:00,2019-10-03 12:32:00-04:00,L,7599.25,7625.25,7581.25,18.0,50.0,1.3888888888888888,TP,1,L|swing
2019-10-03 12:41:00-04:00,2019-10-03 12:41:00-04:00,2019-10-03 15:59:00-04:00,L,7628.0,7652.0,7591.0,37.0,46.0,0.6216216216216216,time,1,L|swing
2019-10-04 09:59:00-04:00,2019-10-04 09:59:00-04:00,2019-10-04 15:49:00-04:00,L,7717.75,7770.5,7682.0,35.75,103.5,1.4475524475524475,TP,1,L|swing
2019-10-07 10:08:00-04:00,2019-10-07 10:08:00-04:00,2019-10-07 13:33:00-04:00,L,7751.0,7790.25,7724.25,26.75,76.5,1.4299065420560748,TP,1,L|swing
2019-10-07 13:35:00-04:00,2019-10-07 13:35:00-04:00,2019-10-07 14:42:00-04:00,L,7793.0,7750.5,7750.75,42.25,-87.0,-1.029585798816568,SL,1,L|swing
2019-10-08 09:50:00-04:00,2019-10-08 09:50:00-04:00,2019-10-08 12:45:00-04:00,S,7654.5,7694.25,7694.0,39.5,-81.5,-1.0316455696202531,SL,1,S|swing
2019-10-08 13:44:00-04:00,2019-10-08 13:44:00-04:00,2019-10-08 14:04:00-04:00,L,7691.5,7669.25,7669.5,22.0,-46.5,-1.0568181818181819,SL,1,L|swing
2019-10-08 14:32:00-04:00,2019-10-08 14:32:00-04:00,2019-10-08 14:57:00-04:00,L,7692.25,7667.75,7668.0,24.25,-51.0,-1.0515463917525774,SL,1,L|swing
2019-10-08 14:59:00-04:00,2019-10-08 14:59:00-04:00,2019-10-08 15:59:00-04:00,S,7673.5,7616.5,7722.5,49.0,112.0,1.1428571428571428,time,1,S|swing
2019-10-09 09:47:00-04:00,2019-10-09 09:47:00-04:00,2019-10-09 09:53:00-04:00,L,7695.0,7669.75,7670.0,25.0,-52.5,-1.05,SL,1,L|swing
2019-10-09 10:23:00-04:00,2019-10-09 10:23:00-04:00,2019-10-09 13:00:00-04:00,L,7688.25,7719.25,7667.0,21.25,60.0,1.411764705882353,TP,1,L|swing
2019-10-09 13:02:00-04:00,2019-10-09 13:02:00-04:00,2019-10-09 13:18:00-04:00,L,7712.75,7695.75,7696.0,16.75,-36.0,-1.0746268656716418,SL,1,L|swing
2019-10-09 14:20:00-04:00,2019-10-09 14:20:00-04:00,2019-10-09 15:59:00-04:00,L,7712.0,7696.5,7696.75,15.25,-33.0,-1.0819672131147542,SL,1,L|swing
2019-10-10 09:35:00-04:00,2019-10-10 09:35:00-04:00,2019-10-10 09:51:00-04:00,L,7711.5,7748.75,7686.0,25.5,72.5,1.4215686274509804,TP,1,L|swing
2019-10-10 10:53:00-04:00,2019-10-10 10:53:00-04:00,2019-10-10 11:05:00-04:00,L,7760.5,7778.75,7747.75,12.75,34.5,1.3529411764705883,TP,1,L|swing
2019-10-10 13:56:00-04:00,2019-10-10 13:56:00-04:00,2019-10-10 14:08:00-04:00,L,7753.0,7726.0,7726.25,26.75,-56.0,-1.0467289719626167,SL,1,L|swing
2019-10-11 10:20:00-04:00,2019-10-11 10:20:00-04:00,2019-10-11 11:34:00-04:00,L,7886.25,7909.75,7870.0,16.25,45.0,1.3846153846153846,TP,1,L|swing
2019-10-11 12:53:00-04:00,2019-10-11 12:53:00-04:00,2019-10-11 15:59:00-04:00,L,7887.0,7851.75,7837.0,50.0,-72.5,-0.725,time,1,L|swing
2019-10-14 10:05:00-04:00,2019-10-14 10:05:00-04:00,2019-10-14 15:59:00-04:00,L,7860.5,7853.75,7835.75,24.75,-15.5,-0.31313131313131315,time,1,L|swing
2019-10-15 10:08:00-04:00,2019-10-15 10:08:00-04:00,2019-10-15 10:27:00-04:00,L,7903.0,7922.25,7889.5,13.5,36.5,1.3518518518518519,TP,1,L|swing
2019-10-15 10:29:00-04:00,2019-10-15 10:29:00-04:00,2019-10-15 13:50:00-04:00,L,7922.25,7963.0,7894.5,27.75,79.5,1.4324324324324325,TP,1,L|swing
2019-10-15 14:17:00-04:00,2019-10-15 14:17:00-04:00,2019-10-15 14:58:00-04:00,L,7969.25,7959.75,7960.0,9.25,-21.0,-1.135135135135135,SL,1,L|swing
2019-10-16 10:05:00-04:00,2019-10-16 10:05:00-04:00,2019-10-16 10:26:00-04:00,S,7908.75,7935.75,7935.5,26.75,-56.0,-1.0467289719626167,SL,1,S|swing
2019-10-16 10:53:00-04:00,2019-10-16 10:53:00-04:00,2019-10-16 11:33:00-04:00,L,7945.75,7926.25,7926.5,19.25,-41.0,-1.0649350649350648,SL,1,L|swing
2019-10-16 12:14:00-04:00,2019-10-16 12:14:00-04:00,2019-10-16 15:59:00-04:00,S,7928.5,7933.75,7943.75,15.25,-12.5,-0.4098360655737705,time,1,S|swing
2019-10-17 10:29:00-04:00,2019-10-17 10:29:00-04:00,2019-10-17 11:00:00-04:00,S,7965.75,7936.75,7985.75,20.0,56.0,1.4,TP,1,S|swing
2019-10-17 11:02:00-04:00,2019-10-17 11:02:00-04:00,2019-10-17 15:59:00-04:00,S,7935.75,7953.75,7964.5,28.75,-38.0,-0.6608695652173913,time,1,S|swing
2019-10-18 10:05:00-04:00,2019-10-18 10:05:00-04:00,2019-10-18 10:35:00-04:00,S,7939.0,7910.75,7958.5,19.5,54.5,1.3974358974358974,TP,1,S|swing
2019-10-18 11:35:00-04:00,2019-10-18 11:35:00-04:00,2019-10-18 11:53:00-04:00,S,7902.5,7879.0,7918.75,16.25,45.0,1.3846153846153846,TP,1,S|swing
2019-10-18 12:17:00-04:00,2019-10-18 12:17:00-04:00,2019-10-18 13:47:00-04:00,S,7856.75,7892.25,7892.0,35.25,-73.0,-1.0354609929078014,SL,1,S|swing
2019-10-21 10:05:00-04:00,2019-10-21 10:05:00-04:00,2019-10-21 11:13:00-04:00,S,7899.25,7936.75,7936.5,37.25,-77.0,-1.0335570469798658,SL,1,S|swing
2019-10-21 12:11:00-04:00,2019-10-21 12:11:00-04:00,2019-10-21 15:55:00-04:00,L,7935.25,7949.25,7925.25,10.0,26.0,1.3,TP,1,L|swing
2019-10-22 10:17:00-04:00,2019-10-22 10:17:00-04:00,2019-10-22 11:29:00-04:00,S,7959.75,7933.75,7977.75,18.0,50.0,1.3888888888888888,TP,1,S|swing
2019-10-22 11:56:00-04:00,2019-10-22 11:56:00-04:00,2019-10-22 12:33:00-04:00,S,7929.25,7943.75,7943.5,14.25,-31.0,-1.087719298245614,SL,1,S|swing
2019-10-22 13:47:00-04:00,2019-10-22 13:47:00-04:00,2019-10-22 14:33:00-04:00,S,7928.5,7914.75,7938.25,9.75,25.5,1.3076923076923077,TP,1,S|swing
2019-10-22 14:35:00-04:00,2019-10-22 14:35:00-04:00,2019-10-22 15:47:00-04:00,S,7914.25,7883.75,7935.25,21.0,59.0,1.4047619047619047,TP,1,S|swing
2019-10-23 09:38:00-04:00,2019-10-23 09:38:00-04:00,2019-10-23 15:59:00-04:00,L,7873.5,7896.25,7852.75,20.75,43.5,1.0481927710843373,time,1,L|swing
2019-10-24 10:41:00-04:00,2019-10-24 10:41:00-04:00,2019-10-24 11:27:00-04:00,L,7937.0,7959.25,7921.5,15.5,42.5,1.3709677419354838,TP,1,L|swing
2019-10-24 12:02:00-04:00,2019-10-24 12:02:00-04:00,2019-10-24 12:08:00-04:00,L,7976.0,7957.0,7957.25,18.75,-40.0,-1.0666666666666667,SL,1,L|swing
2019-10-24 14:11:00-04:00,2019-10-24 14:11:00-04:00,2019-10-24 15:50:00-04:00,L,7956.0,7970.5,7945.75,10.25,27.0,1.3170731707317074,TP,1,L|swing
2019-10-25 09:50:00-04:00,2019-10-25 09:50:00-04:00,2019-10-25 11:14:00-04:00,L,7965.0,8018.75,7928.5,36.5,105.5,1.4452054794520548,TP,1,L|swing
2019-10-25 11:47:00-04:00,2019-10-25 11:47:00-04:00,2019-10-25 12:07:00-04:00,L,8039.0,8018.25,8018.5,20.5,-43.5,-1.0609756097560976,SL,1,L|swing
2019-10-25 13:17:00-04:00,2019-10-25 13:17:00-04:00,2019-10-25 14:03:00-04:00,L,8031.25,8021.5,8021.75,9.5,-21.5,-1.131578947368421,SL,1,L|swing
2019-10-25 14:26:00-04:00,2019-10-25 14:26:00-04:00,2019-10-25 15:56:00-04:00,L,8022.25,8034.75,8013.25,9.0,23.0,1.2777777777777777,TP,1,L|swing
2019-10-28 10:17:00-04:00,2019-10-28 10:17:00-04:00,2019-10-28 15:22:00-04:00,L,8098.75,8124.25,8081.25,17.5,49.0,1.4,TP,1,L|swing
2019-10-29 09:41:00-04:00,2019-10-29 09:41:00-04:00,2019-10-29 11:59:00-04:00,S,8090.5,8055.75,8114.25,23.75,67.5,1.4210526315789473,TP,1,S|swing
2019-10-29 12:59:00-04:00,2019-10-29 12:59:00-04:00,2019-10-29 14:44:00-04:00,S,8077.0,8062.25,8087.5,10.5,27.5,1.3095238095238095,TP,1,S|swing
2019-10-30 10:47:00-04:00,2019-10-30 10:47:00-04:00,2019-10-30 11:39:00-04:00,L,8061.5,8046.25,8046.5,15.0,-32.5,-1.0833333333333333,SL,1,L|swing
2019-10-30 12:47:00-04:00,2019-10-30 12:47:00-04:00,2019-10-30 13:59:00-04:00,S,8051.75,8042.25,8058.75,7.0,17.0,1.2142857142857142,TP,1,S|swing
2019-10-30 14:02:00-04:00,2019-10-30 14:02:00-04:00,2019-10-30 14:14:00-04:00,S,8041.25,8058.75,8058.5,17.25,-37.0,-1.0724637681159421,SL,1,S|swing
2019-10-30 14:53:00-04:00,2019-10-30 14:53:00-04:00,2019-10-30 15:59:00-04:00,L,8077.25,8088.75,8038.75,38.5,21.0,0.2727272727272727,time,1,L|swing
2019-10-31 09:50:00-04:00,2019-10-31 09:50:00-04:00,2019-10-31 15:59:00-04:00,S,8088.5,8091.0,8118.75,30.25,-7.0,-0.11570247933884298,time,1,S|swing
2019-11-01 09:53:00-04:00,2019-11-01 09:53:00-04:00,2019-11-01 12:11:00-04:00,L,8138.0,8117.0,8117.25,20.75,-44.0,-1.0602409638554218,SL,1,L|swing
2019-11-01 13:35:00-04:00,2019-11-01 13:35:00-04:00,2019-11-01 15:59:00-04:00,L,8139.75,8158.75,8126.5,13.25,36.0,1.3584905660377358,TP,1,L|swing
2019-11-04 09:35:00-05:00,2019-11-04 09:35:00-05:00,2019-11-04 10:01:00-05:00,L,8221.75,8212.75,8213.0,8.75,-20.0,-1.1428571428571428,SL,1,L|swing
2019-11-04 11:41:00-05:00,2019-11-04 11:41:00-05:00,2019-11-04 13:18:00-05:00,S,8202.0,8218.0,8217.75,15.75,-34.0,-1.0793650793650793,SL,1,S|swing
2019-11-04 14:32:00-05:00,2019-11-04 14:32:00-05:00,2019-11-04 15:07:00-05:00,L,8224.5,8214.75,8215.0,9.5,-21.5,-1.131578947368421,SL,1,L|swing
2019-11-05 10:08:00-05:00,2019-11-05 10:08:00-05:00,2019-11-05 15:59:00-05:00,S,8214.5,8215.25,8235.25,20.75,-3.5,-0.08433734939759036,time,1,S|swing
2019-11-06 10:29:00-05:00,2019-11-06 10:29:00-05:00,2019-11-06 11:44:00-05:00,S,8186.25,8205.0,8204.75,18.5,-39.5,-1.0675675675675675,SL,1,S|swing
2019-11-06 14:23:00-05:00,2019-11-06 14:23:00-05:00,2019-11-06 15:55:00-05:00,S,8189.5,8199.75,8199.5,10.0,-22.5,-1.125,SL,1,S|swing
2019-11-07 09:38:00-05:00,2019-11-07 09:38:00-05:00,2019-11-07 11:59:00-05:00,L,8251.75,8277.75,8233.75,18.0,50.0,1.3888888888888888,TP,1,L|swing
2019-11-07 14:02:00-05:00,2019-11-07 14:02:00-05:00,2019-11-07 14:34:00-05:00,L,8262.25,8254.5,8254.75,7.5,-17.5,-1.1666666666666667,SL,1,L|swing
2019-11-07 14:44:00-05:00,2019-11-07 14:44:00-05:00,2019-11-07 15:59:00-05:00,S,8237.75,8227.75,8261.5,23.75,18.0,0.37894736842105264,time,1,S|swing
2019-11-08 09:38:00-05:00,2019-11-08 09:38:00-05:00,2019-11-08 09:59:00-05:00,L,8225.25,8205.5,8205.75,19.5,-41.5,-1.064102564102564,SL,1,L|swing
2019-11-08 10:44:00-05:00,2019-11-08 10:44:00-05:00,2019-11-08 15:59:00-05:00,L,8236.0,8261.75,8210.0,26.0,49.5,0.9519230769230769,time,1,L|swing
2019-11-11 09:41:00-05:00,2019-11-11 09:41:00-05:00,2019-11-11 09:49:00-05:00,S,8208.25,8225.75,8225.5,17.25,-37.0,-1.0724637681159421,SL,1,S|swing
2019-11-11 09:59:00-05:00,2019-11-11 09:59:00-05:00,2019-11-11 15:59:00-05:00,L,8228.75,8248.5,8206.25,22.5,37.5,0.8333333333333334,time,1,L|swing
2019-11-12 10:02:00-05:00,2019-11-12 10:02:00-05:00,2019-11-12 10:41:00-05:00,L,8273.5,8293.25,8259.75,13.75,37.5,1.3636363636363635,TP,1,L|swing
2019-11-12 11:20:00-05:00,2019-11-12 11:20:00-05:00,2019-11-12 12:00:00-05:00,L,8298.5,8282.5,8282.75,15.75,-34.0,-1.0793650793650793,SL,1,L|swing
2019-11-12 13:05:00-05:00,2019-11-12 13:05:00-05:00,2019-11-12 14:05:00-05:00,L,8290.5,8275.75,8276.0,14.5,-31.5,-1.0862068965517242,SL,1,L|swing
2019-11-12 14:44:00-05:00,2019-11-12 14:44:00-05:00,2019-11-12 15:33:00-05:00,S,8255.75,8267.75,8267.5,11.75,-26.0,-1.1063829787234043,SL,1,S|swing
2019-11-13 09:35:00-05:00,2019-11-13 09:35:00-05:00,2019-11-13 15:59:00-05:00,L,8259.0,8265.25,8237.0,22.0,10.5,0.23863636363636365,time,1,L|swing
2019-11-14 10:05:00-05:00,2019-11-14 10:05:00-05:00,2019-11-14 10:50:00-05:00,L,8263.5,8241.0,8241.25,22.25,-47.0,-1.0561797752808988,SL,1,L|swing
2019-11-14 11:44:00-05:00,2019-11-14 11:44:00-05:00,2019-11-14 13:00:00-05:00,S,8225.75,8252.25,8252.0,26.25,-55.0,-1.0476190476190477,SL,1,S|swing
2019-11-14 13:02:00-05:00,2019-11-14 13:02:00-05:00,2019-11-14 13:57:00-05:00,L,8252.25,8238.75,8239.0,13.25,-29.0,-1.0943396226415094,SL,1,L|swing
2019-11-14 13:59:00-05:00,2019-11-14 13:59:00-05:00,2019-11-14 14:16:00-05:00,S,8246.5,8257.75,8257.5,11.0,-24.5,-1.1136363636363635,SL,1,S|swing
2019-11-14 14:17:00-05:00,2019-11-14 14:17:00-05:00,2019-11-14 15:59:00-05:00,L,8258.0,8265.75,8232.0,26.0,13.5,0.25961538461538464,time,1,L|swing
2019-11-15 09:59:00-05:00,2019-11-15 09:59:00-05:00,2019-11-15 11:01:00-05:00,S,8289.75,8317.75,8317.5,27.75,-58.0,-1.045045045045045,SL,1,S|swing
2019-11-15 11:02:00-05:00,2019-11-15 11:02:00-05:00,2019-11-15 15:20:00-05:00,L,8316.0,8302.75,8303.0,13.0,-28.5,-1.0961538461538463,SL,1,L|swing
2019-11-18 11:35:00-05:00,2019-11-18 11:35:00-05:00,2019-11-18 15:59:00-05:00,L,8320.75,8333.25,8299.75,21.0,23.0,0.5476190476190477,time,1,L|swing
2019-11-19 10:47:00-05:00,2019-11-19 10:47:00-05:00,2019-11-19 11:38:00-05:00,S,8330.25,8349.25,8349.0,18.75,-40.0,-1.0666666666666667,SL,1,S|swing
2019-11-19 12:44:00-05:00,2019-11-19 12:44:00-05:00,2019-11-19 14:03:00-05:00,S,8338.0,8354.75,8354.5,16.5,-35.5,-1.0757575757575757,SL,1,S|swing
2019-11-19 14:23:00-05:00,2019-11-19 14:23:00-05:00,2019-11-19 15:23:00-05:00,L,8360.25,8346.25,8346.5,13.75,-30.0,-1.0909090909090908,SL,1,L|swing
2019-11-20 10:02:00-05:00,2019-11-20 10:02:00-05:00,2019-11-20 12:03:00-05:00,L,8335.75,8317.5,8317.75,18.0,-38.5,-1.0694444444444444,SL,1,L|swing
2019-11-20 12:38:00-05:00,2019-11-20 12:38:00-05:00,2019-11-20 12:52:00-05:00,L,8328.0,8318.75,8319.0,9.0,-20.5,-1.1388888888888888,SL,1,L|swing
2019-11-20 12:53:00-05:00,2019-11-20 12:53:00-05:00,2019-11-20 12:57:00-05:00,S,8313.75,8289.75,8330.25,16.5,46.0,1.393939393939394,TP,1,S|swing
2019-11-20 13:11:00-05:00,2019-11-20 13:11:00-05:00,2019-11-20 15:59:00-05:00,S,8241.5,8292.75,8329.5,88.0,-104.5,-0.59375,time,1,S|swing
2019-11-21 10:08:00-05:00,2019-11-21 10:08:00-05:00,2019-11-21 10:16:00-05:00,L,8283.25,8260.75,8261.0,22.25,-47.0,-1.0561797752808988,SL,1,L|swing
2019-11-21 10:17:00-05:00,2019-11-21 10:17:00-05:00,2019-11-21 14:34:00-05:00,S,8261.5,8287.75,8287.5,26.0,-54.5,-1.0480769230769231,SL,1,S|swing
2019-11-22 10:14:00-05:00,2019-11-22 10:14:00-05:00,2019-11-22 10:33:00-05:00,S,8275.25,8250.25,8292.5,17.25,48.0,1.391304347826087,TP,1,S|swing
2019-11-22 11:05:00-05:00,2019-11-22 11:05:00-05:00,2019-11-22 11:30:00-05:00,S,8237.5,8258.0,8257.75,20.25,-43.0,-1.0617283950617284,SL,1,S|swing
2019-11-22 13:26:00-05:00,2019-11-22 13:26:00-05:00,2019-11-22 13:49:00-05:00,S,8271.25,8264.75,8276.25,5.0,11.0,1.1,TP,1,S|swing
2019-11-22 14:11:00-05:00,2019-11-22 14:11:00-05:00,2019-11-22 14:48:00-05:00,S,8261.75,8272.0,8271.75,10.0,-22.5,-1.125,SL,1,S|swing
2019-11-25 09:50:00-05:00,2019-11-25 09:50:00-05:00,2019-11-25 15:59:00-05:00,L,8349.25,8376.75,8310.25,39.0,53.0,0.6794871794871795,time,1,L|swing
2019-11-26 09:53:00-05:00,2019-11-26 09:53:00-05:00,2019-11-26 15:59:00-05:00,L,8384.5,8391.75,8368.5,16.0,12.5,0.390625,time,1,L|swing
2019-11-27 09:56:00-05:00,2019-11-27 09:56:00-05:00,2019-11-27 12:04:00-05:00,L,8416.75,8437.75,8402.25,14.5,40.0,1.3793103448275863,TP,1,L|swing
2019-11-27 12:05:00-05:00,2019-11-27 12:05:00-05:00,2019-11-27 15:59:00-05:00,L,8438.75,8448.75,8428.75,10.0,18.0,0.9,time,1,L|swing
2019-11-28 11:23:00-05:00,2019-11-28 11:23:00-05:00,2019-11-28 12:10:00-05:00,L,8440.75,8447.0,8436.0,4.75,10.5,1.105263157894737,TP,1,L|swing
2019-11-29 09:59:00-05:00,2019-11-29 09:59:00-05:00,2019-11-29 11:45:00-05:00,L,8438.25,8421.0,8421.25,17.0,-36.5,-1.0735294117647058,SL,1,L|swing
2019-11-29 11:47:00-05:00,2019-11-29 11:47:00-05:00,2019-11-29 12:56:00-05:00,S,8420.75,8408.5,8429.5,8.75,22.5,1.2857142857142858,TP,1,S|swing
2019-12-02 09:50:00-05:00,2019-12-02 09:50:00-05:00,2019-12-02 15:59:00-05:00,S,8355.0,8316.0,8419.75,64.75,76.0,0.5868725868725869,time,1,S|swing
2019-12-03 09:50:00-05:00,2019-12-03 09:50:00-05:00,2019-12-03 13:14:00-05:00,S,8177.75,8224.5,8224.25,46.5,-95.5,-1.0268817204301075,SL,1,S|swing
2019-12-03 14:14:00-05:00,2019-12-03 14:14:00-05:00,2019-12-03 15:13:00-05:00,S,8224.75,8236.75,8236.5,11.75,-26.0,-1.1063829787234043,SL,1,S|swing
2019-12-04 09:38:00-05:00,2019-12-04 09:38:00-05:00,2019-12-04 15:59:00-05:00,L,8311.5,8298.0,8287.25,24.25,-29.0,-0.5979381443298969,time,1,L|swing
2019-12-05 10:02:00-05:00,2019-12-05 10:02:00-05:00,2019-12-05 10:13:00-05:00,S,8302.75,8275.5,8321.5,18.75,52.5,1.4,TP,1,S|swing
2019-12-05 11:35:00-05:00,2019-12-05 11:35:00-05:00,2019-12-05 13:44:00-05:00,S,8285.25,8301.0,8300.75,15.5,-33.5,-1.0806451612903225,SL,1,S|swing
2019-12-05 14:02:00-05:00,2019-12-05 14:02:00-05:00,2019-12-05 14:11:00-05:00,S,8298.25,8303.5,8303.25,5.0,-12.5,-1.25,SL,1,S|swing
2019-12-05 14:26:00-05:00,2019-12-05 14:26:00-05:00,2019-12-05 14:57:00-05:00,L,8307.25,8297.25,8297.5,9.75,-22.0,-1.1282051282051282,SL,1,L|swing
2019-12-05 14:59:00-05:00,2019-12-05 14:59:00-05:00,2019-12-05 15:32:00-05:00,S,8300.25,8315.25,8315.0,14.75,-32.0,-1.0847457627118644,SL,1,S|swing
2019-12-06 09:47:00-05:00,2019-12-06 09:47:00-05:00,2019-12-06 15:59:00-05:00,L,8387.5,8399.5,8367.5,20.0,22.0,0.55,time,1,L|swing
2019-12-09 10:59:00-05:00,2019-12-09 10:59:00-05:00,2019-12-09 11:03:00-05:00,L,8413.75,8407.5,8407.75,6.0,-14.5,-1.2083333333333333,SL,1,L|swing
2019-12-09 11:44:00-05:00,2019-12-09 11:44:00-05:00,2019-12-09 14:06:00-05:00,S,8393.25,8379.5,8403.0,9.75,25.5,1.3076923076923077,TP,1,S|swing
2019-12-10 10:05:00-05:00,2019-12-10 10:05:00-05:00,2019-12-10 15:59:00-05:00,L,8367.5,8358.25,8338.75,28.75,-20.5,-0.3565217391304348,time,1,L|swing
2019-12-11 09:59:00-05:00,2019-12-11 09:59:00-05:00,2019-12-11 15:59:00-05:00,L,8389.5,8404.25,8362.75,26.75,27.5,0.514018691588785,time,1,L|swing
2019-12-12 10:02:00-05:00,2019-12-12 10:02:00-05:00,2019-12-12 15:59:00-05:00,L,8476.25,8466.5,8380.75,95.5,-21.5,-0.112565445026178,time,1,L|swing
2019-12-13 10:38:00-05:00,2019-12-13 10:38:00-05:00,2019-12-13 15:59:00-05:00,S,8465.75,8492.5,8520.25,54.5,-55.5,-0.5091743119266054,time,1,S|swing
2019-12-18 10:41:00-05:00,2019-12-18 10:41:00-05:00,2019-12-18 15:59:00-05:00,L,8624.5,8611.75,8610.75,13.75,-27.5,-1.0,time,1,L|swing
2019-12-19 10:29:00-05:00,2019-12-19 10:29:00-05:00,2019-12-19 14:12:00-05:00,L,8638.5,8659.0,8624.25,14.25,39.0,1.368421052631579,TP,1,L|swing
2019-12-19 14:14:00-05:00,2019-12-19 14:14:00-05:00,2019-12-19 15:54:00-05:00,L,8658.75,8665.0,8654.0,4.75,10.5,1.105263157894737,TP,1,L|swing
2019-12-20 10:05:00-05:00,2019-12-20 10:05:00-05:00,2019-12-20 15:59:00-05:00,L,8699.25,8704.0,8685.75,13.5,7.5,0.2777777777777778,time,1,L|swing
2019-12-23 10:05:00-05:00,2019-12-23 10:05:00-05:00,2019-12-23 11:31:00-05:00,S,8722.5,8736.0,8735.75,13.25,-29.0,-1.0943396226415094,SL,1,S|swing
2019-12-23 11:35:00-05:00,2019-12-23 11:35:00-05:00,2019-12-23 12:40:00-05:00,L,8734.75,8728.0,8728.25,6.5,-15.5,-1.1923076923076923,SL,1,L|swing
2019-12-24 09:35:00-05:00,2019-12-24 09:35:00-05:00,2019-12-24 13:04:00-05:00,S,8720.0,8729.25,8735.0,15.0,-20.5,-0.6833333333333333,time,1,S|swing
2019-12-26 09:38:00-05:00,2019-12-26 09:38:00-05:00,2019-12-26 09:48:00-05:00,L,8746.75,8757.75,8738.75,8.0,20.0,1.25,TP,1,L|swing
2019-12-26 10:05:00-05:00,2019-12-26 10:05:00-05:00,2019-12-26 13:39:00-05:00,L,8761.25,8788.25,8742.75,18.5,52.0,1.4054054054054055,TP,1,L|swing
2019-12-26 13:56:00-05:00,2019-12-26 13:56:00-05:00,2019-12-26 15:27:00-05:00,L,8790.0,8783.25,8783.5,6.5,-15.5,-1.1923076923076923,SL,1,L|swing
2019-12-27 09:38:00-05:00,2019-12-27 09:38:00-05:00,2019-12-27 09:55:00-05:00,S,8823.0,8803.75,8836.5,13.5,36.5,1.3518518518518519,TP,1,S|swing
2019-12-27 11:59:00-05:00,2019-12-27 11:59:00-05:00,2019-12-27 13:19:00-05:00,S,8808.75,8792.25,8820.25,11.5,31.0,1.3478260869565217,TP,1,S|swing
2019-12-27 13:29:00-05:00,2019-12-27 13:29:00-05:00,2019-12-27 14:53:00-05:00,S,8788.5,8807.75,8807.5,19.0,-40.5,-1.0657894736842106,SL,1,S|swing
2019-12-30 10:14:00-05:00,2019-12-30 10:14:00-05:00,2019-12-30 11:21:00-05:00,S,8700.25,8732.0,8731.75,31.5,-65.5,-1.0396825396825398,SL,1,S|swing
2019-12-30 13:20:00-05:00,2019-12-30 13:20:00-05:00,2019-12-30 15:56:00-05:00,S,8743.25,8724.75,8756.25,13.0,35.0,1.3461538461538463,TP,1,S|swing
2019-12-31 10:02:00-05:00,2019-12-31 10:02:00-05:00,2019-12-31 15:54:00-05:00,S,8726.5,8746.75,8746.5,20.0,-42.5,-1.0625,SL,1,S|swing
2020-01-02 09:35:00-05:00,2020-01-02 09:35:00-05:00,2020-01-02 10:15:00-05:00,L,8842.5,8815.0,8815.25,27.25,-57.0,-1.0458715596330275,SL,1,L|swing
2020-01-02 10:56:00-05:00,2020-01-02 10:56:00-05:00,2020-01-02 11:36:00-05:00,L,8825.75,8806.0,8806.25,19.5,-41.5,-1.064102564102564,SL,1,L|swing
2020-01-02 12:17:00-05:00,2020-01-02 12:17:00-05:00,2020-01-02 14:20:00-05:00,L,8835.25,8854.25,8822.0,13.25,36.0,1.3584905660377358,TP,1,L|swing
2020-01-02 14:44:00-05:00,2020-01-02 14:44:00-05:00,2020-01-02 15:54:00-05:00,L,8861.5,8880.75,8848.0,13.5,36.5,1.3518518518518519,TP,1,L|swing
2020-01-03 10:44:00-05:00,2020-01-03 10:44:00-05:00,2020-01-03 11:03:00-05:00,L,8834.0,8812.5,8812.75,21.25,-45.0,-1.0588235294117647,SL,1,L|swing
2020-01-03 11:23:00-05:00,2020-01-03 11:23:00-05:00,2020-01-03 12:06:00-05:00,L,8824.25,8851.75,8805.25,19.0,53.0,1.394736842105263,TP,1,L|swing
2020-01-03 12:41:00-05:00,2020-01-03 12:41:00-05:00,2020-01-03 13:19:00-05:00,L,8855.0,8841.25,8841.5,13.5,-29.5,-1.0925925925925926,SL,1,L|swing
2020-01-03 14:38:00-05:00,2020-01-03 14:38:00-05:00,2020-01-03 15:31:00-05:00,L,8833.25,8821.75,8822.0,11.25,-25.0,-1.1111111111111112,SL,1,L|swing
2020-01-06 10:44:00-05:00,2020-01-06 10:44:00-05:00,2020-01-06 15:53:00-05:00,L,8825.0,8861.75,8800.0,25.0,71.5,1.43,TP,1,L|swing
2020-01-07 09:35:00-05:00,2020-01-07 09:35:00-05:00,2020-01-07 09:38:00-05:00,L,8875.75,8855.5,8855.75,20.0,-42.5,-1.0625,SL,1,L|swing
2020-01-07 10:56:00-05:00,2020-01-07 10:56:00-05:00,2020-01-07 15:59:00-05:00,L,8871.0,8862.0,8842.5,28.5,-20.0,-0.3508771929824561,time,1,L|swing
2020-01-08 09:56:00-05:00,2020-01-08 09:56:00-05:00,2020-01-08 15:22:00-05:00,L,8895.25,8965.75,8847.75,47.5,139.0,1.4631578947368422,TP,1,L|swing
2020-01-09 10:38:00-05:00,2020-01-09 10:38:00-05:00,2020-01-09 11:26:00-05:00,L,9014.5,8995.75,8996.0,18.5,-39.5,-1.0675675675675675,SL,1,L|swing
2020-01-09 11:47:00-05:00,2020-01-09 11:47:00-05:00,2020-01-09 12:20:00-05:00,L,9009.25,8993.25,8993.5,15.75,-34.0,-1.0793650793650793,SL,1,L|swing
2020-01-09 13:44:00-05:00,2020-01-09 13:44:00-05:00,2020-01-09 15:59:00-05:00,L,8990.5,9006.0,8972.0,18.5,29.0,0.7837837837837838,time,1,L|swing
2020-01-10 10:41:00-05:00,2020-01-10 10:41:00-05:00,2020-01-10 10:50:00-05:00,L,9041.25,9023.0,9023.25,18.0,-38.5,-1.0694444444444444,SL,1,L|swing
2020-01-10 11:11:00-05:00,2020-01-10 11:11:00-05:00,2020-01-10 11:29:00-05:00,L,9040.0,9022.0,9022.25,17.75,-38.0,-1.0704225352112675,SL,1,L|swing
2020-01-10 11:32:00-05:00,2020-01-10 11:32:00-05:00,2020-01-10 15:33:00-05:00,S,9017.0,8980.25,9042.0,25.0,71.5,1.43,TP,1,S|swing
2020-01-13 09:41:00-05:00,2020-01-13 09:41:00-05:00,2020-01-13 09:57:00-05:00,S,9011.0,9030.75,9030.5,19.5,-41.5,-1.064102564102564,SL,1,S|swing
2020-01-13 09:59:00-05:00,2020-01-13 09:59:00-05:00,2020-01-13 14:42:00-05:00,L,9033.25,9077.0,9003.5,29.75,85.5,1.4369747899159664,TP,1,L|swing
2020-01-14 09:53:00-05:00,2020-01-14 09:53:00-05:00,2020-01-14 12:40:00-05:00,S,9050.0,9088.5,9088.25,38.25,-79.0,-1.0326797385620916,SL,1,S|swing
2020-01-14 13:32:00-05:00,2020-01-14 13:32:00-05:00,2020-01-14 13:36:00-05:00,L,9094.0,9082.5,9082.75,11.25,-25.0,-1.1111111111111112,SL,1,L|swing
2020-01-14 14:02:00-05:00,2020-01-14 14:02:00-05:00,2020-01-14 15:59:00-05:00,S,9049.75,9050.75,9095.25,45.5,-4.0,-0.04395604395604396,time,1,S|swing
2020-01-15 09:56:00-05:00,2020-01-15 09:56:00-05:00,2020-01-15 13:54:00-05:00,L,9083.0,9049.25,9049.5,33.5,-69.5,-1.037313432835821,SL,1,L|swing
2020-01-15 13:56:00-05:00,2020-01-15 13:56:00-05:00,2020-01-15 14:12:00-05:00,S,9047.75,9067.5,9067.25,19.5,-41.5,-1.064102564102564,SL,1,S|swing
2020-01-15 14:14:00-05:00,2020-01-15 14:14:00-05:00,2020-01-15 15:23:00-05:00,L,9068.0,9043.0,9043.25,24.75,-52.0,-1.0505050505050506,SL,1,L|swing
2020-01-16 11:14:00-05:00,2020-01-16 11:14:00-05:00,2020-01-16 13:54:00-05:00,S,9085.5,9106.5,9106.25,20.75,-44.0,-1.0602409638554218,SL,1,S|swing
2020-01-16 14:17:00-05:00,2020-01-16 14:17:00-05:00,2020-01-16 15:36:00-05:00,L,9109.0,9119.25,9101.5,7.5,18.5,1.2333333333333334,TP,1,L|swing
2020-01-17 10:29:00-05:00,2020-01-17 10:29:00-05:00,2020-01-17 10:56:00-05:00,L,9164.25,9144.5,9144.75,19.5,-41.5,-1.064102564102564,SL,1,L|swing
2020-01-17 11:11:00-05:00,2020-01-17 11:11:00-05:00,2020-01-17 13:19:00-05:00,S,9142.0,9158.0,9157.75,15.75,-34.0,-1.0793650793650793,SL,1,S|swing
2020-01-17 13:50:00-05:00,2020-01-17 13:50:00-05:00,2020-01-17 15:08:00-05:00,L,9159.25,9150.25,9150.5,8.75,-20.0,-1.1428571428571428,SL,1,L|swing
2020-01-20 10:32:00-05:00,2020-01-20 10:32:00-05:00,2020-01-20 10:35:00-05:00,S,9167.75,9163.0,9171.5,3.75,7.5,1.0,TP,1,S|swing
2020-01-20 10:59:00-05:00,2020-01-20 10:59:00-05:00,2020-01-20 12:49:00-05:00,L,9169.25,9173.5,9161.25,8.0,6.5,0.40625,time,1,L|swing
2020-01-21 09:56:00-05:00,2020-01-21 09:56:00-05:00,2020-01-21 15:59:00-05:00,L,9172.25,9179.5,9150.5,21.75,12.5,0.28735632183908044,time,1,L|swing
2020-01-22 09:38:00-05:00,2020-01-22 09:38:00-05:00,2020-01-22 15:06:00-05:00,L,9230.5,9211.5,9211.75,18.75,-40.0,-1.0666666666666667,SL,1,L|swing
2020-01-23 10:29:00-05:00,2020-01-23 10:29:00-05:00,2020-01-23 11:01:00-05:00,L,9205.5,9182.75,9183.0,22.5,-47.5,-1.0555555555555556,SL,1,L|swing
2020-01-23 11:11:00-05:00,2020-01-23 11:11:00-05:00,2020-01-23 13:46:00-05:00,S,9178.75,9211.75,9211.5,32.75,-68.0,-1.0381679389312977,SL,1,S|swing
2020-01-23 13:50:00-05:00,2020-01-23 13:50:00-05:00,2020-01-23 15:59:00-05:00,L,9212.0,9227.25,9194.0,18.0,28.5,0.7916666666666666,time,1,L|swing
2020-01-24 09:35:00-05:00,2020-01-24 09:35:00-05:00,2020-01-24 10:19:00-05:00,S,9269.5,9247.75,9284.5,15.0,41.5,1.3833333333333333,TP,1,S|swing
2020-01-24 10:29:00-05:00,2020-01-24 10:29:00-05:00,2020-01-24 12:17:00-05:00,S,9233.0,9178.75,9269.75,36.75,106.5,1.4489795918367347,TP,1,S|swing
2020-01-24 13:02:00-05:00,2020-01-24 13:02:00-05:00,2020-01-24 13:32:00-05:00,S,9184.0,9160.25,9200.5,16.5,45.5,1.378787878787879,TP,1,S|swing
2020-01-24 14:14:00-05:00,2020-01-24 14:14:00-05:00,2020-01-24 15:02:00-05:00,S,9129.25,9162.75,9162.5,33.25,-69.0,-1.037593984962406,SL,1,S|swing
2020-01-27 10:53:00-05:00,2020-01-27 10:53:00-05:00,2020-01-27 12:16:00-05:00,S,8954.75,8994.75,8994.5,39.75,-82.0,-1.0314465408805031,SL,1,S|swing
2020-01-27 12:47:00-05:00,2020-01-27 12:47:00-05:00,2020-01-27 12:57:00-05:00,L,9008.75,8993.0,8993.25,15.5,-33.5,-1.0806451612903225,SL,1,L|swing
2020-01-27 13:08:00-05:00,2020-01-27 13:08:00-05:00,2020-01-27 15:48:00-05:00,S,8990.75,8960.75,9011.25,20.5,58.0,1.4146341463414633,TP,1,S|swing
2020-01-28 10:14:00-05:00,2020-01-28 10:14:00-05:00,2020-01-28 11:32:00-05:00,L,9036.75,9088.75,9001.5,35.25,102.0,1.446808510638298,TP,1,L|swing
2020-01-28 11:59:00-05:00,2020-01-28 11:59:00-05:00,2020-01-28 13:10:00-05:00,L,9096.25,9081.75,9082.0,14.25,-31.0,-1.087719298245614,SL,1,L|swing
2020-01-28 13:47:00-05:00,2020-01-28 13:47:00-05:00,2020-01-28 15:30:00-05:00,L,9098.5,9118.75,9084.5,14.0,38.5,1.375,TP,1,L|swing
2020-01-29 09:47:00-05:00,2020-01-29 09:47:00-05:00,2020-01-29 10:01:00-05:00,S,9131.25,9090.5,9159.0,27.75,79.5,1.4324324324324325,TP,1,S|swing
2020-01-29 12:14:00-05:00,2020-01-29 12:14:00-05:00,2020-01-29 15:57:00-05:00,L,9133.5,9112.25,9112.5,21.0,-44.5,-1.0595238095238095,SL,1,L|swing
2020-01-30 09:35:00-05:00,2020-01-30 09:35:00-05:00,2020-01-30 10:45:00-05:00,L,9093.5,9044.0,9044.25,49.25,-101.0,-1.0253807106598984,SL,1,L|swing
2020-01-30 11:38:00-05:00,2020-01-30 11:38:00-05:00,2020-01-30 12:40:00-05:00,L,9076.75,9036.0,9036.25,40.5,-83.5,-1.0308641975308641,SL,1,L|swing
2020-01-30 13:20:00-05:00,2020-01-30 13:20:00-05:00,2020-01-30 13:32:00-05:00,S,9038.25,9056.25,9056.0,17.75,-38.0,-1.0704225352112675,SL,1,S|swing
2020-01-30 14:08:00-05:00,2020-01-30 14:08:00-05:00,2020-01-30 14:42:00-05:00,L,9065.75,9091.25,9048.25,17.5,49.0,1.4,TP,1,L|swing
2020-01-31 10:08:00-05:00,2020-01-31 10:08:00-05:00,2020-01-31 11:39:00-05:00,S,9098.75,9016.0,9154.5,55.75,163.5,1.4663677130044843,TP,1,S|swing
2020-01-31 12:14:00-05:00,2020-01-31 12:14:00-05:00,2020-01-31 13:43:00-05:00,S,9043.25,9000.25,9072.5,29.25,84.0,1.435897435897436,TP,1,S|swing
2020-02-03 09:47:00-05:00,2020-02-03 09:47:00-05:00,2020-02-03 15:59:00-05:00,L,9108.5,9131.0,9035.5,73.0,43.0,0.2945205479452055,time,1,L|swing
2020-02-04 09:53:00-05:00,2020-02-04 09:53:00-05:00,2020-02-04 14:04:00-05:00,L,9271.75,9338.25,9226.75,45.0,131.0,1.4555555555555555,TP,1,L|swing
2020-02-04 14:41:00-05:00,2020-02-04 14:41:00-05:00,2020-02-04 15:54:00-05:00,L,9347.75,9332.75,9333.0,14.75,-32.0,-1.0847457627118644,SL,1,L|swing
2020-02-05 10:14:00-05:00,2020-02-05 10:14:00-05:00,2020-02-05 15:59:00-05:00,S,9370.25,9375.75,9411.5,41.25,-13.0,-0.15757575757575756,time,1,S|swing
2020-02-06 10:47:00-05:00,2020-02-06 10:47:00-05:00,2020-02-06 15:59:00-05:00,L,9423.75,9452.75,9390.0,33.75,56.0,0.8296296296296296,time,1,L|swing
2020-02-07 09:35:00-05:00,2020-02-07 09:35:00-05:00,2020-02-07 10:30:00-05:00,S,9394.75,9425.0,9424.75,30.0,-62.5,-1.0416666666666667,SL,1,S|swing
2020-02-07 10:32:00-05:00,2020-02-07 10:32:00-05:00,2020-02-07 14:21:00-05:00,L,9425.75,9387.75,9388.0,37.75,-78.0,-1.033112582781457,SL,1,L|swing
2020-02-10 09:56:00-05:00,2020-02-10 09:56:00-05:00,2020-02-10 15:59:00-05:00,L,9441.5,9525.0,9377.5,64.0,165.0,1.2890625,time,1,L|swing
2020-02-11 09:35:00-05:00,2020-02-11 09:35:00-05:00,2020-02-11 10:08:00-05:00,S,9552.5,9583.25,9583.0,30.5,-63.5,-1.040983606557377,SL,1,S|swing
2020-02-11 12:56:00-05:00,2020-02-11 12:56:00-05:00,2020-02-11 13:52:00-05:00,L,9575.5,9561.75,9562.0,13.5,-29.5,-1.0925925925925926,SL,1,L|swing
2020-02-11 14:23:00-05:00,2020-02-11 14:23:00-05:00,2020-02-11 15:59:00-05:00,S,9526.75,9525.5,9558.25,31.5,0.5,0.007936507936507936,time,1,S|swing
2020-02-12 11:02:00-05:00,2020-02-12 11:02:00-05:00,2020-02-12 11:39:00-05:00,L,9582.0,9608.75,9563.5,18.5,51.5,1.3918918918918919,TP,1,L|swing
2020-02-12 12:05:00-05:00,2020-02-12 12:05:00-05:00,2020-02-12 15:59:00-05:00,L,9607.75,9620.25,9594.0,13.75,23.0,0.8363636363636363,time,1,L|swing
2020-02-13 10:35:00-05:00,2020-02-13 10:35:00-05:00,2020-02-13 12:10:00-05:00,L,9592.0,9631.25,9565.25,26.75,76.5,1.4299065420560748,TP,1,L|swing
2020-02-13 13:23:00-05:00,2020-02-13 13:23:00-05:00,2020-02-13 13:46:00-05:00,L,9616.25,9640.5,9599.5,16.75,46.5,1.3880597014925373,TP,1,L|swing
2020-02-14 09:44:00-05:00,2020-02-14 09:44:00-05:00,2020-02-14 11:18:00-05:00,S,9611.25,9640.75,9640.5,29.25,-61.0,-1.0427350427350428,SL,1,S|swing
2020-02-14 11:32:00-05:00,2020-02-14 11:32:00-05:00,2020-02-14 12:19:00-05:00,S,9629.0,9609.75,9642.5,13.5,36.5,1.3518518518518519,TP,1,S|swing
2020-02-14 12:47:00-05:00,2020-02-14 12:47:00-05:00,2020-02-14 13:09:00-05:00,S,9607.5,9595.25,9616.25,8.75,22.5,1.2857142857142858,TP,1,S|swing
2020-02-14 14:17:00-05:00,2020-02-14 14:17:00-05:00,2020-02-14 14:33:00-05:00,S,9592.75,9612.5,9612.25,19.5,-41.5,-1.064102564102564,SL,1,S|swing
2020-02-17 11:41:00-05:00,2020-02-17 11:41:00-05:00,2020-02-17 12:30:00-05:00,L,9668.5,9661.75,9662.0,6.5,-15.5,-1.1923076923076923,SL,1,L|swing
2020-02-18 09:53:00-05:00,2020-02-18 09:53:00-05:00,2020-02-18 15:59:00-05:00,L,9618.0,9635.75,9574.75,43.25,33.5,0.3872832369942196,time,1,L|swing
2020-02-19 09:53:00-05:00,2020-02-19 09:53:00-05:00,2020-02-19 15:59:00-05:00,L,9715.25,9728.0,9681.25,34.0,23.5,0.34558823529411764,time,1,L|swing
2020-02-20 09:38:00-05:00,2020-02-20 09:38:00-05:00,2020-02-20 10:06:00-05:00,S,9696.5,9719.5,9719.25,22.75,-48.0,-1.054945054945055,SL,1,S|swing
2020-02-20 10:23:00-05:00,2020-02-20 10:23:00-05:00,2020-02-20 11:14:00-05:00,S,9701.5,9666.0,9725.75,24.25,69.0,1.422680412371134,TP,1,S|swing
2020-02-20 11:26:00-05:00,2020-02-20 11:26:00-05:00,2020-02-20 15:59:00-05:00,S,9619.75,9634.75,9707.0,87.25,-32.0,-0.1833810888252149,time,1,S|swing
2020-02-21 09:35:00-05:00,2020-02-21 09:35:00-05:00,2020-02-21 09:49:00-05:00,S,9561.5,9496.0,9605.75,44.25,129.0,1.4576271186440677,TP,1,S|swing
2020-02-21 10:41:00-05:00,2020-02-21 10:41:00-05:00,2020-02-21 12:05:00-05:00,S,9477.5,9531.75,9531.5,54.0,-110.5,-1.0231481481481481,SL,1,S|swing
2020-02-21 12:23:00-05:00,2020-02-21 12:23:00-05:00,2020-02-21 13:13:00-05:00,S,9509.5,9470.75,9536.0,26.5,75.5,1.4245283018867925,TP,1,S|swing
2020-02-21 13:14:00-05:00,2020-02-21 13:14:00-05:00,2020-02-21 13:52:00-05:00,S,9468.5,9424.25,9498.5,30.0,86.5,1.4416666666666667,TP,1,S|swing
2020-02-24 10:23:00-05:00,2020-02-24 10:23:00-05:00,2020-02-24 11:47:00-05:00,S,9158.5,9093.25,9202.5,44.0,128.5,1.4602272727272727,TP,1,S|swing
2020-02-24 12:05:00-05:00,2020-02-24 12:05:00-05:00,2020-02-24 14:39:00-05:00,S,9087.75,9136.0,9135.75,48.0,-98.5,-1.0260416666666667,SL,1,S|swing
2020-02-25 09:44:00-05:00,2020-02-25 09:44:00-05:00,2020-02-25 10:33:00-05:00,S,9121.5,9018.25,9191.0,69.5,204.5,1.4712230215827338,TP,1,S|swing
2020-02-25 10:53:00-05:00,2020-02-25 10:53:00-05:00,2020-02-25 14:29:00-05:00,S,8986.25,8840.5,9084.0,97.75,289.5,1.4808184143222507,TP,1,S|swing
2020-02-26 10:35:00-05:00,2020-02-26 10:35:00-05:00,2020-02-26 12:04:00-05:00,L,9017.0,8925.0,8925.25,91.75,-186.0,-1.013623978201635,SL,1,L|swing
2020-02-26 12:17:00-05:00,2020-02-26 12:17:00-05:00,2020-02-26 15:59:00-05:00,S,8875.5,8880.0,8992.75,117.25,-11.0,-0.046908315565031986,time,1,S|swing
2020-02-27 09:47:00-05:00,2020-02-27 09:47:00-05:00,2020-02-27 11:18:00-05:00,S,8611.75,8723.0,8722.75,111.0,-224.5,-1.0112612612612613,SL,1,S|swing
2020-02-27 12:14:00-05:00,2020-02-27 12:14:00-05:00,2020-02-27 14:08:00-05:00,L,8747.5,8608.75,8609.0,138.5,-279.5,-1.0090252707581226,SL,1,L|swing
2020-02-27 14:11:00-05:00,2020-02-27 14:11:00-05:00,2020-02-27 15:59:00-05:00,S,8601.5,8453.75,8700.5,99.0,293.5,1.4823232323232323,TP,1,S|swing
2020-02-28 11:20:00-05:00,2020-02-28 11:20:00-05:00,2020-02-28 11:43:00-05:00,L,8309.25,8469.75,8201.75,107.5,319.0,1.4837209302325582,TP,1,L|swing
2020-02-28 12:29:00-05:00,2020-02-28 12:29:00-05:00,2020-02-28 13:35:00-05:00,L,8379.0,8294.25,8294.5,84.5,-171.5,-1.014792899408284,SL,1,L|swing
2020-02-28 14:05:00-05:00,2020-02-28 14:05:00-05:00,2020-02-28 14:22:00-05:00,S,8225.0,8317.25,8317.0,92.0,-186.5,-1.013586956521739,SL,1,S|swing
2020-02-28 14:32:00-05:00,2020-02-28 14:32:00-05:00,2020-02-28 15:59:00-05:00,L,8338.75,8475.75,8215.25,123.5,272.0,1.1012145748987854,time,1,L|swing
2020-03-02 10:05:00-05:00,2020-03-02 10:05:00-05:00,2020-03-02 10:51:00-05:00,S,8477.0,8580.0,8579.75,102.75,-208.0,-1.0121654501216546,SL,1,S|swing
2020-03-02 11:11:00-05:00,2020-03-02 11:11:00-05:00,2020-03-02 15:46:00-05:00,L,8611.75,8759.25,8512.75,99.0,293.0,1.47979797979798,TP,1,L|swing
2020-03-03 09:35:00-05:00,2020-03-03 09:35:00-05:00,2020-03-03 10:00:00-05:00,S,8831.25,8910.0,8909.75,78.5,-159.5,-1.015923566878981,SL,1,S|swing
2020-03-03 10:02:00-05:00,2020-03-03 10:02:00-05:00,2020-03-03 11:24:00-05:00,L,8968.0,8744.25,8744.5,223.5,-449.5,-1.005592841163311,SL,1,L|swing
2020-03-03 12:56:00-05:00,2020-03-03 12:56:00-05:00,2020-03-03 13:26:00-05:00,S,8750.25,8650.25,8817.5,67.25,198.0,1.4721189591078068,TP,1,S|swing
2020-03-03 13:44:00-05:00,2020-03-03 13:44:00-05:00,2020-03-03 15:59:00-05:00,S,8619.25,8596.25,8726.25,107.0,44.0,0.205607476635514,time,1,S|swing
2020-03-04 09:35:00-05:00,2020-03-04 09:35:00-05:00,2020-03-04 10:22:00-05:00,S,8722.25,8783.5,8783.25,61.0,-124.5,-1.0204918032786885,SL,1,S|swing
2020-03-04 10:56:00-05:00,2020-03-04 10:56:00-05:00,2020-03-04 12:51:00-05:00,S,8708.0,8790.0,8789.75,81.75,-166.0,-1.0152905198776758,SL,1,S|swing
2020-03-04 13:17:00-05:00,2020-03-04 13:17:00-05:00,2020-03-04 15:59:00-05:00,L,8841.0,8943.0,8766.75,74.25,202.0,1.3602693602693603,time,1,L|swing
2020-03-05 10:11:00-05:00,2020-03-05 10:11:00-05:00,2020-03-05 11:12:00-05:00,L,8759.0,8837.25,8706.25,52.75,154.5,1.4644549763033174,TP,1,L|swing
2020-03-05 12:41:00-05:00,2020-03-05 12:41:00-05:00,2020-03-05 15:26:00-05:00,S,8709.5,8615.75,8772.5,63.0,185.5,1.4722222222222223,TP,1,S|swing
2020-03-06 10:50:00-05:00,2020-03-06 10:50:00-05:00,2020-03-06 11:44:00-05:00,L,8539.0,8434.5,8434.75,104.25,-211.0,-1.0119904076738608,SL,1,L|swing
2020-03-06 11:47:00-05:00,2020-03-06 11:47:00-05:00,2020-03-06 14:37:00-05:00,S,8431.0,8339.75,8492.5,61.5,180.5,1.467479674796748,TP,1,S|swing
2020-03-09 10:08:00-04:00,2020-03-09 10:08:00-04:00,2020-03-09 15:59:00-04:00,L,8129.0,7932.5,7800.75,328.25,-395.0,-0.6016755521706016,time,1,L|swing
2020-03-10 09:35:00-04:00,2020-03-10 09:35:00-04:00,2020-03-10 10:12:00-04:00,S,8186.5,8245.25,8245.0,58.5,-119.5,-1.0213675213675213,SL,1,S|swing
2020-03-10 10:44:00-04:00,2020-03-10 10:44:00-04:00,2020-03-10 11:25:00-04:00,S,8153.25,8000.75,8255.5,102.25,303.0,1.4816625916870416,TP,1,S|swing
2020-03-10 13:02:00-04:00,2020-03-10 13:02:00-04:00,2020-03-10 13:09:00-04:00,S,8052.75,8122.5,8122.25,69.5,-141.5,-1.0179856115107915,SL,1,S|swing
2020-03-10 13:53:00-04:00,2020-03-10 13:53:00-04:00,2020-03-10 14:41:00-04:00,S,8045.5,8153.25,8153.0,107.5,-217.5,-1.0116279069767442,SL,1,S|swing
2020-03-11 10:41:00-04:00,2020-03-11 10:41:00-04:00,2020-03-11 14:08:00-04:00,S,8126.0,8000.75,8210.0,84.0,248.5,1.4791666666666667,TP,1,S|swing
2020-03-12 11:11:00-04:00,2020-03-12 11:11:00-04:00,2020-03-12 12:59:00-04:00,S,7490.0,7615.75,7615.5,125.5,-253.5,-1.0099601593625498,SL,1,S|swing
2020-03-12 13:38:00-04:00,2020-03-12 13:38:00-04:00,2020-03-12 15:59:00-04:00,S,7473.5,7261.25,7706.5,233.0,422.5,0.9066523605150214,time,1,S|swing
2020-03-13 11:29:00-04:00,2020-03-13 11:29:00-04:00,2020-03-13 12:50:00-04:00,S,7389.75,7528.0,7527.75,138.0,-278.5,-1.0090579710144927,SL,1,S|swing
2020-03-13 13:29:00-04:00,2020-03-13 13:29:00-04:00,2020-03-13 14:31:00-04:00,L,7554.25,7433.5,7433.75,120.5,-243.5,-1.0103734439834025,SL,1,L|swing
2020-03-13 14:32:00-04:00,2020-03-13 14:32:00-04:00,2020-03-13 15:01:00-04:00,S,7433.25,7551.0,7550.75,117.5,-237.5,-1.0106382978723405,SL,1,S|swing
2020-03-18 09:53:00-04:00,2020-03-18 09:53:00-04:00,2020-03-18 13:29:00-04:00,L,7198.5,6943.5,6943.75,254.75,-512.0,-1.0049067713444553,SL,1,L|swing
2020-03-18 14:02:00-04:00,2020-03-18 14:02:00-04:00,2020-03-18 14:54:00-04:00,S,6870.5,6984.75,6984.5,114.0,-230.5,-1.0109649122807018,SL,1,S|swing
2020-03-19 09:56:00-04:00,2020-03-19 09:56:00-04:00,2020-03-19 14:40:00-04:00,L,7195.25,7471.75,7010.25,185.0,551.0,1.4891891891891893,TP,1,L|swing
2020-03-19 14:41:00-04:00,2020-03-19 14:41:00-04:00,2020-03-19 15:02:00-04:00,L,7460.5,7369.5,7369.75,90.75,-184.0,-1.0137741046831956,SL,1,L|swing
2020-03-20 09:41:00-04:00,2020-03-20 09:41:00-04:00,2020-03-20 12:22:00-04:00,S,7355.25,7170.5,7479.0,123.75,367.5,1.4848484848484849,TP,1,S|swing
2020-03-20 13:26:00-04:00,2020-03-20 13:26:00-04:00,2020-03-20 14:56:00-04:00,S,7230.0,7095.5,7320.25,90.25,267.0,1.479224376731302,TP,1,S|swing
2020-03-23 10:14:00-04:00,2020-03-23 10:14:00-04:00,2020-03-23 11:23:00-04:00,L,7063.25,6861.25,6861.5,201.75,-406.0,-1.0061957868649318,SL,1,L|swing
2020-03-23 12:20:00-04:00,2020-03-23 12:20:00-04:00,2020-03-23 13:12:00-04:00,L,6918.0,7113.75,6787.0,131.0,389.5,1.4866412213740459,TP,1,L|swing
2020-03-23 13:14:00-04:00,2020-03-23 13:14:00-04:00,2020-03-23 13:30:00-04:00,L,7124.25,6994.75,6995.0,129.25,-261.0,-1.009671179883946,SL,1,L|swing
2020-03-23 14:29:00-04:00,2020-03-23 14:29:00-04:00,2020-03-23 15:22:00-04:00,L,6986.0,6886.75,6887.0,99.0,-200.5,-1.0126262626262625,SL,1,L|swing
2020-03-24 10:14:00-04:00,2020-03-24 10:14:00-04:00,2020-03-24 14:08:00-04:00,L,7403.0,7310.75,7311.0,92.0,-186.5,-1.013586956521739,SL,1,L|swing
2020-03-24 14:56:00-04:00,2020-03-24 14:56:00-04:00,2020-03-24 15:59:00-04:00,L,7446.25,7532.25,7349.5,96.75,170.0,0.8785529715762274,time,1,L|swing
2020-03-25 09:35:00-04:00,2020-03-25 09:35:00-04:00,2020-03-25 09:55:00-04:00,L,7615.75,7484.0,7484.25,131.5,-265.5,-1.0095057034220531,SL,1,L|swing
2020-03-25 09:59:00-04:00,2020-03-25 09:59:00-04:00,2020-03-25 13:09:00-04:00,S,7472.0,7665.5,7665.25,193.25,-389.0,-1.0064683053040104,SL,1,S|swing
2020-03-25 13:38:00-04:00,2020-03-25 13:38:00-04:00,2020-03-25 14:05:00-04:00,L,7714.25,7637.5,7637.75,76.5,-155.5,-1.0163398692810457,SL,1,L|swing
2020-03-26 10:05:00-04:00,2020-03-26 10:05:00-04:00,2020-03-26 15:50:00-04:00,L,7644.75,7807.75,7535.5,109.25,324.0,1.482837528604119,TP,1,L|swing
2020-03-27 09:41:00-04:00,2020-03-27 09:41:00-04:00,2020-03-27 11:17:00-04:00,S,7616.75,7693.5,7693.25,76.5,-155.5,-1.0163398692810457,SL,1,S|swing
2020-03-27 11:47:00-04:00,2020-03-27 11:47:00-04:00,2020-03-27 13:39:00-04:00,S,7616.0,7693.25,7693.0,77.0,-156.5,-1.0162337662337662,SL,1,S|swing
2020-03-27 14:35:00-04:00,2020-03-27 14:35:00-04:00,2020-03-27 15:41:00-04:00,L,7718.5,7661.0,7661.25,57.25,-117.0,-1.0218340611353711,SL,1,L|swing
2020-03-30 10:05:00-04:00,2020-03-30 10:05:00-04:00,2020-03-30 15:13:00-04:00,L,7725.25,7867.75,7629.75,95.5,283.0,1.4816753926701571,TP,1,L|swing
2020-03-31 09:50:00-04:00,2020-03-31 09:50:00-04:00,2020-03-31 10:06:00-04:00,S,7816.25,7875.75,7875.5,59.25,-121.0,-1.021097046413502,SL,1,S|swing
2020-03-31 10:08:00-04:00,2020-03-31 10:08:00-04:00,2020-03-31 15:14:00-04:00,L,7880.0,7796.25,7796.5,83.5,-169.5,-1.0149700598802396,SL,1,L|swing
2020-04-01 10:35:00-04:00,2020-04-01 10:35:00-04:00,2020-04-01 12:07:00-04:00,L,7638.5,7570.0,7570.25,68.25,-139.0,-1.0183150183150182,SL,1,L|swing
2020-04-01 12:29:00-04:00,2020-04-01 12:29:00-04:00,2020-04-01 14:35:00-04:00,S,7553.75,7486.25,7599.25,45.5,133.0,1.4615384615384615,TP,1,S|swing
2020-04-01 14:53:00-04:00,2020-04-01 14:53:00-04:00,2020-04-01 15:38:00-04:00,S,7484.75,7428.75,7522.75,38.0,110.0,1.4473684210526316,TP,1,S|swing
2020-04-02 10:32:00-04:00,2020-04-02 10:32:00-04:00,2020-04-02 14:19:00-04:00,L,7547.5,7455.75,7456.0,91.5,-185.5,-1.0136612021857923,SL,1,L|swing
2020-04-02 14:20:00-04:00,2020-04-02 14:20:00-04:00,2020-04-02 14:59:00-04:00,S,7452.5,7541.5,7541.25,88.75,-180.0,-1.0140845070422535,SL,1,S|swing
2020-04-03 09:41:00-04:00,2020-04-03 09:41:00-04:00,2020-04-03 10:22:00-04:00,L,7648.0,7570.25,7570.5,77.5,-157.5,-1.0161290322580645,SL,1,L|swing
2020-04-03 11:14:00-04:00,2020-04-03 11:14:00-04:00,2020-04-03 12:16:00-04:00,S,7531.0,7477.75,7567.0,36.0,104.5,1.4513888888888888,TP,1,S|swing
2020-04-03 13:26:00-04:00,2020-04-03 13:26:00-04:00,2020-04-03 15:50:00-04:00,S,7473.25,7516.5,7516.25,43.0,-88.5,-1.0290697674418605,SL,1,S|swing
2020-04-06 09:50:00-04:00,2020-04-06 09:50:00-04:00,2020-04-06 13:40:00-04:00,L,7827.75,7943.5,7750.0,77.75,229.5,1.4758842443729903,TP,1,L|swing
2020-04-06 14:47:00-04:00,2020-04-06 14:47:00-04:00,2020-04-06 15:37:00-04:00,L,7942.75,7988.0,7912.0,30.75,88.5,1.4390243902439024,TP,1,L|swing
2020-04-07 10:08:00-04:00,2020-04-07 10:08:00-04:00,2020-04-07 15:24:00-04:00,S,8186.0,8048.25,8278.5,92.5,273.5,1.4783783783783784,TP,1,S|swing
2020-04-08 09:35:00-04:00,2020-04-08 09:35:00-04:00,2020-04-08 09:36:00-04:00,L,8137.75,8111.0,8111.25,26.5,-55.5,-1.0471698113207548,SL,1,L|swing
2020-04-08 10:29:00-04:00,2020-04-08 10:29:00-04:00,2020-04-08 11:36:00-04:00,L,8101.0,8184.75,8044.5,56.5,165.5,1.4646017699115044,TP,1,L|swing
2020-04-08 12:23:00-04:00,2020-04-08 12:23:00-04:00,2020-04-08 13:35:00-04:00,L,8173.5,8146.0,8146.25,27.25,-57.0,-1.0458715596330275,SL,1,L|swing
2020-04-08 14:11:00-04:00,2020-04-08 14:11:00-04:00,2020-04-08 15:01:00-04:00,L,8159.25,8217.75,8119.75,39.5,115.0,1.4556962025316456,TP,1,L|swing
2020-04-09 09:44:00-04:00,2020-04-09 09:44:00-04:00,2020-04-09 10:08:00-04:00,L,8322.5,8237.0,8237.25,85.25,-173.0,-1.0146627565982405,SL,1,L|swing
2020-04-09 11:38:00-04:00,2020-04-09 11:38:00-04:00,2020-04-09 14:53:00-04:00,L,8225.75,8163.75,8164.0,61.75,-126.0,-1.0202429149797572,SL,1,L|swing
2020-04-13 09:38:00-04:00,2020-04-13 09:38:00-04:00,2020-04-13 09:47:00-04:00,L,8238.0,8176.0,8176.25,61.75,-126.0,-1.0202429149797572,SL,1,L|swing
2020-04-13 11:02:00-04:00,2020-04-13 11:02:00-04:00,2020-04-13 11:26:00-04:00,S,8159.75,8197.0,8196.75,37.0,-76.5,-1.0337837837837838,SL,1,S|swing
2020-04-13 11:47:00-04:00,2020-04-13 11:47:00-04:00,2020-04-13 15:31:00-04:00,L,8212.0,8285.75,8162.25,49.75,145.5,1.4623115577889447,TP,1,L|swing
2020-04-14 09:35:00-04:00,2020-04-14 09:35:00-04:00,2020-04-14 09:59:00-04:00,L,8509.75,8588.25,8456.75,53.0,155.0,1.4622641509433962,TP,1,L|swing
2020-04-14 10:17:00-04:00,2020-04-14 10:17:00-04:00,2020-04-14 15:50:00-04:00,L,8604.0,8702.5,8537.75,66.25,195.0,1.471698113207547,TP,1,L|swing
2020-04-15 09:44:00-04:00,2020-04-15 09:44:00-04:00,2020-04-15 10:49:00-04:00,S,8500.5,8566.75,8566.5,66.0,-134.5,-1.018939393939394,SL,1,S|swing
2020-04-15 11:20:00-04:00,2020-04-15 11:20:00-04:00,2020-04-15 12:50:00-04:00,S,8539.75,8583.25,8583.0,43.25,-89.0,-1.0289017341040463,SL,1,S|swing
2020-04-15 14:11:00-04:00,2020-04-15 14:11:00-04:00,2020-04-15 14:42:00-04:00,L,8590.0,8632.75,8561.0,29.0,83.5,1.4396551724137931,TP,1,L|swing
2020-04-15 14:59:00-04:00,2020-04-15 14:59:00-04:00,2020-04-15 15:25:00-04:00,L,8647.25,8605.75,8606.0,41.25,-85.0,-1.0303030303030303,SL,1,L|swing
2020-04-16 10:44:00-04:00,2020-04-16 10:44:00-04:00,2020-04-16 15:59:00-04:00,L,8692.25,8743.25,8603.75,88.5,100.0,0.5649717514124294,time,1,L|swing
2020-04-17 10:17:00-04:00,2020-04-17 10:17:00-04:00,2020-04-17 14:35:00-04:00,S,8788.25,8700.75,8847.25,59.0,173.0,1.4661016949152543,TP,1,S|swing
2020-04-20 09:56:00-04:00,2020-04-20 09:56:00-04:00,2020-04-20 10:24:00-04:00,S,8739.5,8785.0,8784.75,45.25,-93.0,-1.0276243093922652,SL,1,S|swing
2020-04-20 10:26:00-04:00,2020-04-20 10:26:00-04:00,2020-04-20 15:05:00-04:00,L,8797.5,8730.25,8730.5,67.0,-136.5,-1.0186567164179106,SL,1,L|swing
2020-04-21 09:35:00-04:00,2020-04-21 09:35:00-04:00,2020-04-21 10:35:00-04:00,S,8591.0,8500.25,8652.0,61.0,179.5,1.471311475409836,TP,1,S|swing
2020-04-21 11:14:00-04:00,2020-04-21 11:14:00-04:00,2020-04-21 14:15:00-04:00,S,8362.75,8495.25,8495.0,132.25,-267.0,-1.00945179584121,SL,1,S|swing
2020-04-21 14:38:00-04:00,2020-04-21 14:38:00-04:00,2020-04-21 15:59:00-04:00,S,8459.5,8391.25,8516.75,57.25,134.5,1.1746724890829694,time,1,S|swing
2020-04-22 09:35:00-04:00,2020-04-22 09:35:00-04:00,2020-04-22 09:48:00-04:00,L,8581.0,8541.0,8541.25,39.75,-82.0,-1.0314465408805031,SL,1,L|swing
2020-04-22 10:23:00-04:00,2020-04-22 10:23:00-04:00,2020-04-22 13:28:00-04:00,L,8580.25,8631.75,8545.25,35.0,101.0,1.4428571428571428,TP,1,L|swing
2020-04-22 13:50:00-04:00,2020-04-22 13:50:00-04:00,2020-04-22 14:57:00-04:00,L,8646.0,8680.0,8622.75,23.25,66.0,1.4193548387096775,TP,1,L|swing
2020-04-23 09:35:00-04:00,2020-04-23 09:35:00-04:00,2020-04-23 12:45:00-04:00,L,8730.25,8661.25,8661.5,68.75,-140.0,-1.018181818181818,SL,1,L|swing
2020-04-23 13:14:00-04:00,2020-04-23 13:14:00-04:00,2020-04-23 14:10:00-04:00,L,8729.5,8612.0,8612.25,117.25,-237.0,-1.0106609808102345,SL,1,L|swing
2020-04-23 14:11:00-04:00,2020-04-23 14:11:00-04:00,2020-04-23 14:23:00-04:00,S,8614.25,8663.75,8663.5,49.25,-101.0,-1.0253807106598984,SL,1,S|swing
2020-04-23 14:53:00-04:00,2020-04-23 14:53:00-04:00,2020-04-23 15:14:00-04:00,L,8691.25,8660.5,8660.75,30.5,-63.5,-1.040983606557377,SL,1,L|swing
2020-04-24 09:47:00-04:00,2020-04-24 09:47:00-04:00,2020-04-24 10:38:00-04:00,S,8602.0,8667.75,8667.5,65.5,-133.5,-1.0190839694656488,SL,1,S|swing
2020-04-24 11:50:00-04:00,2020-04-24 11:50:00-04:00,2020-04-24 13:53:00-04:00,L,8653.25,8704.5,8618.5,34.75,100.5,1.4460431654676258,TP,1,L|swing
2020-04-24 14:41:00-04:00,2020-04-24 14:41:00-04:00,2020-04-24 15:39:00-04:00,L,8734.25,8765.25,8713.0,21.25,60.0,1.411764705882353,TP,1,L|swing
2020-04-27 10:32:00-04:00,2020-04-27 10:32:00-04:00,2020-04-27 13:23:00-04:00,S,8847.25,8803.25,8877.25,30.0,86.0,1.4333333333333333,TP,1,S|swing
2020-04-28 10:20:00-04:00,2020-04-28 10:20:00-04:00,2020-04-28 15:59:00-04:00,S,8776.25,8666.75,8867.75,91.5,217.0,1.185792349726776,time,1,S|swing
2020-04-29 09:50:00-04:00,2020-04-29 09:50:00-04:00,2020-04-29 15:18:00-04:00,L,8886.25,8991.25,8815.75,70.5,208.0,1.475177304964539,TP,1,L|swing
2020-04-30 09:35:00-04:00,2020-04-30 09:35:00-04:00,2020-04-30 15:59:00-04:00,S,8962.75,8982.5,9018.75,56.0,-41.5,-0.3705357142857143,time,1,S|swing
2020-05-01 10:02:00-04:00,2020-05-01 10:02:00-04:00,2020-05-01 11:18:00-04:00,L,8856.75,8798.5,8798.75,58.0,-118.5,-1.021551724137931,SL,1,L|swing
2020-05-01 11:47:00-04:00,2020-05-01 11:47:00-04:00,2020-05-01 12:42:00-04:00,S,8753.5,8681.25,8802.25,48.75,142.5,1.4615384615384615,TP,1,S|swing
2020-05-01 14:44:00-04:00,2020-05-01 14:44:00-04:00,2020-05-01 15:00:00-04:00,S,8713.75,8731.25,8731.0,17.25,-37.0,-1.0724637681159421,SL,1,S|swing
2020-05-04 09:50:00-04:00,2020-05-04 09:50:00-04:00,2020-05-04 10:14:00-04:00,L,8692.5,8755.0,8650.25,42.25,123.0,1.455621301775148,TP,1,L|swing
2020-05-04 10:44:00-04:00,2020-05-04 10:44:00-04:00,2020-05-04 12:53:00-04:00,L,8752.5,8724.5,8724.75,27.75,-58.0,-1.045045045045045,SL,1,L|swing
2020-05-04 13:47:00-04:00,2020-05-04 13:47:00-04:00,2020-05-04 14:59:00-04:00,L,8734.25,8777.25,8705.0,29.25,84.0,1.435897435897436,TP,1,L|swing
2020-05-05 09:50:00-04:00,2020-05-05 09:50:00-04:00,2020-05-05 14:31:00-04:00,L,8944.0,9017.0,8894.75,49.25,144.0,1.4619289340101522,TP,1,L|swing
2020-05-05 14:59:00-04:00,2020-05-05 14:59:00-04:00,2020-05-05 15:16:00-04:00,L,9019.0,8995.0,8995.25,23.75,-50.0,-1.0526315789473684,SL,1,L|swing
2020-05-06 10:05:00-04:00,2020-05-06 10:05:00-04:00,2020-05-06 10:45:00-04:00,S,8964.25,9030.0,9029.75,65.5,-133.5,-1.0190839694656488,SL,1,S|swing
2020-05-06 12:17:00-04:00,2020-05-06 12:17:00-04:00,2020-05-06 15:36:00-04:00,L,9024.75,8990.5,8990.75,34.0,-70.5,-1.036764705882353,SL,1,L|swing
2020-05-07 10:11:00-04:00,2020-05-07 10:11:00-04:00,2020-05-07 11:44:00-04:00,S,9052.5,9099.0,9098.75,46.25,-95.0,-1.027027027027027,SL,1,S|swing
2020-05-07 12:20:00-04:00,2020-05-07 12:20:00-04:00,2020-05-07 14:20:00-04:00,L,9106.5,9090.5,9090.75,15.75,-34.0,-1.0793650793650793,SL,1,L|swing
2020-05-08 10:50:00-04:00,2020-05-08 10:50:00-04:00,2020-05-08 11:42:00-04:00,S,9169.25,9195.5,9195.25,26.0,-54.5,-1.0480769230769231,SL,1,S|swing
2020-05-08 12:08:00-04:00,2020-05-08 12:08:00-04:00,2020-05-08 13:28:00-04:00,L,9209.75,9187.75,9188.0,21.75,-46.0,-1.0574712643678161,SL,1,L|swing
2020-05-08 14:08:00-04:00,2020-05-08 14:08:00-04:00,2020-05-08 14:59:00-04:00,S,9158.0,9185.5,9185.25,27.25,-57.0,-1.0458715596330275,SL,1,S|swing
2020-05-11 10:02:00-04:00,2020-05-11 10:02:00-04:00,2020-05-11 13:35:00-04:00,L,9225.0,9315.75,9164.0,61.0,179.5,1.471311475409836,TP,1,L|swing
2020-05-11 14:38:00-04:00,2020-05-11 14:38:00-04:00,2020-05-11 15:50:00-04:00,L,9320.0,9296.25,9296.5,23.5,-49.5,-1.053191489361702,SL,1,L|swing
2020-05-12 09:50:00-04:00,2020-05-12 09:50:00-04:00,2020-05-12 15:50:00-04:00,S,9263.5,9140.75,9346.0,82.5,243.5,1.4757575757575758,TP,1,S|swing
2020-05-13 09:35:00-04:00,2020-05-13 09:35:00-04:00,2020-05-13 10:02:00-04:00,S,9065.5,9141.75,9141.5,76.0,-154.5,-1.0164473684210527,SL,1,S|swing
2020-05-13 10:29:00-04:00,2020-05-13 10:29:00-04:00,2020-05-13 10:59:00-04:00,L,9179.25,9108.5,9108.75,70.5,-143.5,-1.0177304964539007,SL,1,L|swing
2020-05-13 11:20:00-04:00,2020-05-13 11:20:00-04:00,2020-05-13 11:49:00-04:00,S,9099.25,8995.25,9169.25,70.0,206.0,1.4714285714285715,TP,1,S|swing
2020-05-13 12:05:00-04:00,2020-05-13 12:05:00-04:00,2020-05-13 15:59:00-04:00,S,8968.0,8991.0,9074.75,106.75,-48.0,-0.22482435597189696,time,1,S|swing
2020-05-14 09:44:00-04:00,2020-05-14 09:44:00-04:00,2020-05-14 12:55:00-04:00,S,8922.25,8976.75,8976.5,54.25,-111.0,-1.023041474654378,SL,1,S|swing
2020-05-14 13:26:00-04:00,2020-05-14 13:26:00-04:00,2020-05-14 14:01:00-04:00,L,8990.75,8956.75,8957.0,33.75,-70.0,-1.037037037037037,SL,1,L|swing
2020-05-15 10:11:00-04:00,2020-05-15 10:11:00-04:00,2020-05-15 10:55:00-04:00,L,9047.5,8967.5,8967.75,79.75,-162.0,-1.0156739811912225,SL,1,L|swing
2020-05-15 11:41:00-04:00,2020-05-15 11:41:00-04:00,2020-05-15 12:00:00-04:00,S,8966.0,8998.5,8998.25,32.25,-67.0,-1.0387596899224807,SL,1,S|swing
2020-05-15 12:41:00-04:00,2020-05-15 12:41:00-04:00,2020-05-15 15:56:00-04:00,L,9062.25,9133.25,9014.25,48.0,140.0,1.4583333333333333,TP,1,L|swing
2020-05-18 09:47:00-04:00,2020-05-18 09:47:00-04:00,2020-05-18 09:54:00-04:00,L,9287.75,9245.5,9245.75,42.0,-86.5,-1.0297619047619047,SL,1,L|swing
2020-05-18 10:17:00-04:00,2020-05-18 10:17:00-04:00,2020-05-18 13:18:00-04:00,L,9280.5,9346.0,9236.25,44.25,129.0,1.4576271186440677,TP,1,L|swing
2020-05-19 09:56:00-04:00,2020-05-19 09:56:00-04:00,2020-05-19 15:51:00-04:00,L,9373.25,9313.0,9313.25,60.0,-122.5,-1.0208333333333333,SL,1,L|swing
2020-05-20 11:14:00-04:00,2020-05-20 11:14:00-04:00,2020-05-20 12:43:00-04:00,L,9473.5,9446.75,9447.0,26.5,-55.5,-1.0471698113207548,SL,1,L|swing
2020-05-20 14:35:00-04:00,2020-05-20 14:35:00-04:00,2020-05-20 15:59:00-04:00,L,9457.25,9480.0,9430.5,26.75,43.5,0.8130841121495327,time,1,L|swing
2020-05-21 10:32:00-04:00,2020-05-21 10:32:00-04:00,2020-05-21 15:59:00-04:00,S,9418.0,9378.25,9467.0,49.0,77.5,0.7908163265306123,time,1,S|swing
2020-05-22 09:53:00-04:00,2020-05-22 09:53:00-04:00,2020-05-22 15:59:00-04:00,L,9376.25,9405.75,9319.25,57.0,57.0,0.5,time,1,L|swing
2020-05-25 09:35:00-04:00,2020-05-25 09:35:00-04:00,2020-05-25 11:24:00-04:00,L,9522.0,9535.75,9512.25,9.75,25.5,1.3076923076923077,TP,1,L|swing
2020-05-25 12:32:00-04:00,2020-05-25 12:32:00-04:00,2020-05-25 12:49:00-04:00,L,9530.0,9532.75,9523.25,6.75,3.5,0.25925925925925924,time,1,L|swing
2020-05-26 09:50:00-04:00,2020-05-26 09:50:00-04:00,2020-05-26 11:45:00-04:00,S,9512.0,9425.5,9570.25,58.25,171.0,1.4678111587982832,TP,1,S|swing
2020-05-26 13:11:00-04:00,2020-05-26 13:11:00-04:00,2020-05-26 13:26:00-04:00,S,9454.0,9478.0,9477.75,23.75,-50.0,-1.0526315789473684,SL,1,S|swing
2020-05-26 14:41:00-04:00,2020-05-26 14:41:00-04:00,2020-05-26 15:34:00-04:00,S,9442.5,9401.75,9470.25,27.75,79.5,1.4324324324324325,TP,1,S|swing
2020-05-27 10:35:00-04:00,2020-05-27 10:35:00-04:00,2020-05-27 10:47:00-04:00,S,9271.75,9194.75,9323.75,52.0,152.0,1.4615384615384615,TP,1,S|swing
2020-05-27 14:02:00-04:00,2020-05-27 14:02:00-04:00,2020-05-27 15:59:00-04:00,L,9365.25,9434.25,9308.5,56.75,136.0,1.198237885462555,time,1,L|swing
2020-05-28 10:08:00-04:00,2020-05-28 10:08:00-04:00,2020-05-28 12:52:00-04:00,L,9465.25,9550.25,9408.0,57.25,168.0,1.4672489082969433,TP,1,L|swing
2020-05-28 13:23:00-04:00,2020-05-28 13:23:00-04:00,2020-05-28 13:53:00-04:00,L,9556.25,9541.25,9541.5,14.75,-32.0,-1.0847457627118644,SL,1,L|swing
2020-05-29 09:47:00-04:00,2020-05-29 09:47:00-04:00,2020-05-29 10:08:00-04:00,L,9478.0,9420.0,9420.25,57.75,-118.0,-1.0216450216450217,SL,1,L|swing
2020-05-29 11:47:00-04:00,2020-05-29 11:47:00-04:00,2020-05-29 12:54:00-04:00,L,9438.5,9397.0,9397.25,41.25,-85.0,-1.0303030303030303,SL,1,L|swing
2020-05-29 12:59:00-04:00,2020-05-29 12:59:00-04:00,2020-05-29 15:51:00-04:00,L,9446.5,9549.25,9377.5,69.0,203.5,1.4746376811594204,TP,1,L|swing
2020-06-01 09:44:00-04:00,2020-06-01 09:44:00-04:00,2020-06-01 15:59:00-04:00,L,9556.5,9593.75,9505.25,51.25,72.5,0.7073170731707317,time,1,L|swing
2020-06-02 10:44:00-04:00,2020-06-02 10:44:00-04:00,2020-06-02 14:03:00-04:00,S,9565.25,9612.0,9611.75,46.5,-95.5,-1.0268817204301075,SL,1,S|swing
2020-06-02 14:38:00-04:00,2020-06-02 14:38:00-04:00,2020-06-02 15:49:00-04:00,S,9589.0,9617.5,9617.25,28.25,-59.0,-1.0442477876106195,SL,1,S|swing
2020-06-03 11:44:00-04:00,2020-06-03 11:44:00-04:00,2020-06-03 14:02:00-04:00,S,9668.0,9694.5,9694.25,26.25,-55.0,-1.0476190476190477,SL,1,S|swing
2020-06-03 14:53:00-04:00,2020-06-03 14:53:00-04:00,2020-06-03 15:59:00-04:00,L,9704.75,9696.75,9684.75,20.0,-18.0,-0.45,time,1,L|swing
2020-06-04 10:32:00-04:00,2020-06-04 10:32:00-04:00,2020-06-04 10:48:00-04:00,L,9737.25,9705.5,9705.75,31.5,-65.5,-1.0396825396825398,SL,1,L|swing
2020-06-04 12:32:00-04:00,2020-06-04 12:32:00-04:00,2020-06-04 15:17:00-04:00,S,9637.25,9574.25,9679.75,42.5,124.0,1.4588235294117646,TP,1,S|swing
2020-06-05 09:35:00-04:00,2020-06-05 09:35:00-04:00,2020-06-05 11:24:00-04:00,L,9713.0,9802.25,9653.0,60.0,176.5,1.4708333333333334,TP,1,L|swing
2020-06-05 12:29:00-04:00,2020-06-05 12:29:00-04:00,2020-06-05 15:45:00-04:00,L,9826.25,9803.75,9804.0,22.25,-47.0,-1.0561797752808988,SL,1,L|swing
2020-06-08 10:02:00-04:00,2020-06-08 10:02:00-04:00,2020-06-08 13:21:00-04:00,S,9762.5,9829.5,9829.25,66.75,-136.0,-1.0187265917602997,SL,1,S|swing
2020-06-08 13:35:00-04:00,2020-06-08 13:35:00-04:00,2020-06-08 15:50:00-04:00,L,9841.5,9888.75,9809.5,32.0,92.5,1.4453125,TP,1,L|swing
2020-06-09 09:35:00-04:00,2020-06-09 09:35:00-04:00,2020-06-09 10:42:00-04:00,L,9880.0,9930.25,9846.0,34.0,98.5,1.4485294117647058,TP,1,L|swing
2020-06-09 12:20:00-04:00,2020-06-09 12:20:00-04:00,2020-06-09 13:38:00-04:00,L,9964.0,10002.75,9937.5,26.5,75.5,1.4245283018867925,TP,1,L|swing
2020-06-09 14:59:00-04:00,2020-06-09 14:59:00-04:00,2020-06-09 15:51:00-04:00,L,9985.25,9960.0,9960.25,25.0,-52.5,-1.05,SL,1,L|swing
2020-06-10 09:44:00-04:00,2020-06-10 09:44:00-04:00,2020-06-10 10:56:00-04:00,L,10057.25,10022.5,10022.75,34.5,-71.5,-1.036231884057971,SL,1,L|swing
2020-06-10 12:20:00-04:00,2020-06-10 12:20:00-04:00,2020-06-10 14:15:00-04:00,L,10064.25,10117.25,10028.25,36.0,104.0,1.4444444444444444,TP,1,L|swing
2020-06-10 14:17:00-04:00,2020-06-10 14:17:00-04:00,2020-06-10 15:59:00-04:00,L,10135.75,10089.0,10030.0,105.75,-95.5,-0.4515366430260047,time,1,L|swing
2020-06-11 09:35:00-04:00,2020-06-11 09:35:00-04:00,2020-06-11 10:12:00-04:00,S,9916.75,9955.25,9955.0,38.25,-79.0,-1.0326797385620916,SL,1,S|swing
2020-06-11 10:38:00-04:00,2020-06-11 10:38:00-04:00,2020-06-11 10:54:00-04:00,L,9978.5,9919.0,9919.25,59.25,-121.0,-1.021097046413502,SL,1,L|swing
2020-06-11 11:41:00-04:00,2020-06-11 11:41:00-04:00,2020-06-11 12:19:00-04:00,S,9871.5,9796.25,9922.25,50.75,148.5,1.4630541871921183,TP,1,S|swing
2020-06-11 12:50:00-04:00,2020-06-11 12:50:00-04:00,2020-06-11 15:24:00-04:00,S,9731.75,9609.25,9814.0,82.25,243.0,1.4772036474164134,TP,1,S|swing
2020-06-12 11:23:00-04:00,2020-06-12 11:23:00-04:00,2020-06-12 11:39:00-04:00,S,9582.25,9692.25,9692.0,109.75,-222.0,-1.0113895216400912,SL,1,S|swing
2020-06-12 12:26:00-04:00,2020-06-12 12:26:00-04:00,2020-06-12 13:18:00-04:00,S,9685.0,9607.25,9737.5,52.5,153.5,1.4619047619047618,TP,1,S|swing
2020-06-15 09:38:00-04:00,2020-06-15 09:38:00-04:00,2020-06-15 12:47:00-04:00,L,9562.25,9679.5,9483.5,78.75,232.5,1.4761904761904763,TP,1,L|swing
2020-06-15 13:11:00-04:00,2020-06-15 13:11:00-04:00,2020-06-15 14:00:00-04:00,L,9692.5,9730.75,9666.5,26.0,74.5,1.4326923076923077,TP,1,L|swing
2020-06-15 14:02:00-04:00,2020-06-15 14:02:00-04:00,2020-06-15 15:59:00-04:00,L,9759.75,9778.0,9687.75,72.0,34.5,0.23958333333333334,time,1,L|swing
2020-06-16 09:47:00-04:00,2020-06-16 09:47:00-04:00,2020-06-16 10:41:00-04:00,L,9996.5,9950.75,9951.0,45.5,-93.5,-1.0274725274725274,SL,1,L|swing
2020-06-16 11:47:00-04:00,2020-06-16 11:47:00-04:00,2020-06-16 12:02:00-04:00,L,9959.5,9906.5,9906.75,52.75,-108.0,-1.0236966824644549,SL,1,L|swing
2020-06-16 12:08:00-04:00,2020-06-16 12:08:00-04:00,2020-06-16 12:36:00-04:00,S,9905.5,9968.75,9968.5,63.0,-128.5,-1.0198412698412698,SL,1,S|swing
2020-06-16 14:17:00-04:00,2020-06-16 14:17:00-04:00,2020-06-16 14:22:00-04:00,L,9976.75,9925.25,9925.5,51.25,-105.0,-1.024390243902439,SL,1,L|swing
2020-06-19 09:50:00-04:00,2020-06-19 09:50:00-04:00,2020-06-19 10:46:00-04:00,L,10104.75,10075.0,10075.25,29.5,-61.5,-1.0423728813559323,SL,1,L|swing
2020-06-19 11:20:00-04:00,2020-06-19 11:20:00-04:00,2020-06-19 12:13:00-04:00,S,10063.0,10013.25,10096.75,33.75,97.5,1.4444444444444444,TP,1,S|swing
2020-06-19 13:32:00-04:00,2020-06-19 13:32:00-04:00,2020-06-19 15:45:00-04:00,S,9961.25,10020.5,10020.25,59.0,-120.5,-1.021186440677966,SL,1,S|swing
2020-06-22 09:53:00-04:00,2020-06-22 09:53:00-04:00,2020-06-22 12:03:00-04:00,L,10012.75,10068.5,9975.0,37.75,109.5,1.4503311258278146,TP,1,L|swing
2020-06-22 12:05:00-04:00,2020-06-22 12:05:00-04:00,2020-06-22 15:59:00-04:00,L,10082.25,10114.75,10049.75,32.5,63.0,0.9692307692307692,time,1,L|swing
2020-06-23 09:41:00-04:00,2020-06-23 09:41:00-04:00,2020-06-23 11:59:00-04:00,L,10199.0,10258.75,10158.5,40.5,117.5,1.4506172839506173,TP,1,L|swing
2020-06-23 13:05:00-04:00,2020-06-23 13:05:00-04:00,2020-06-23 13:40:00-04:00,L,10267.75,10291.25,10251.5,16.25,45.0,1.3846153846153846,TP,1,L|swing
2020-06-23 14:38:00-04:00,2020-06-23 14:38:00-04:00,2020-06-23 14:48:00-04:00,L,10275.0,10253.75,10254.0,21.0,-44.5,-1.0595238095238095,SL,1,L|swing
2020-06-24 09:35:00-04:00,2020-06-24 09:35:00-04:00,2020-06-24 09:51:00-04:00,L,10197.0,10151.75,10152.0,45.0,-92.5,-1.0277777777777777,SL,1,L|swing
2020-06-24 09:53:00-04:00,2020-06-24 09:53:00-04:00,2020-06-24 11:38:00-04:00,S,10126.0,9983.75,10221.5,95.5,282.5,1.4790575916230366,TP,1,S|swing
2020-06-24 13:26:00-04:00,2020-06-24 13:26:00-04:00,2020-06-24 14:02:00-04:00,S,10000.25,9941.25,10040.25,40.0,116.0,1.45,TP,1,S|swing
2020-06-24 14:44:00-04:00,2020-06-24 14:44:00-04:00,2020-06-24 15:14:00-04:00,S,9975.0,10017.0,10016.75,41.75,-86.0,-1.029940119760479,SL,1,S|swing
2020-06-25 09:38:00-04:00,2020-06-25 09:38:00-04:00,2020-06-25 09:48:00-04:00,S,9970.5,9900.5,10017.75,47.25,138.0,1.4603174603174602,TP,1,S|swing
2020-06-25 10:50:00-04:00,2020-06-25 10:50:00-04:00,2020-06-25 12:01:00-04:00,S,9974.25,10013.0,10012.75,38.5,-79.5,-1.0324675324675325,SL,1,S|swing
2020-06-25 12:02:00-04:00,2020-06-25 12:02:00-04:00,2020-06-25 15:59:00-04:00,L,10012.0,10087.0,9951.25,60.75,148.0,1.2181069958847737,time,1,L|swing
2020-06-26 09:41:00-04:00,2020-06-26 09:41:00-04:00,2020-06-26 10:16:00-04:00,S,10024.5,9938.0,10082.75,58.25,171.0,1.4678111587982832,TP,1,S|swing
2020-06-26 10:38:00-04:00,2020-06-26 10:38:00-04:00,2020-06-26 15:59:00-04:00,S,9877.5,9841.25,9992.25,114.75,70.5,0.30718954248366015,time,1,S|swing
2020-06-29 10:50:00-04:00,2020-06-29 10:50:00-04:00,2020-06-29 11:11:00-04:00,L,9878.75,9834.0,9834.25,44.5,-91.5,-1.0280898876404494,SL,1,L|swing
2020-06-29 11:29:00-04:00,2020-06-29 11:29:00-04:00,2020-06-29 15:59:00-04:00,L,9890.0,9950.5,9829.25,60.75,119.0,0.9794238683127572,time,1,L|swing
2020-06-30 09:56:00-04:00,2020-06-30 09:56:00-04:00,2020-06-30 15:54:00-04:00,L,10031.5,10163.75,9942.75,88.75,262.5,1.4788732394366197,TP,1,L|swing
2020-07-01 10:08:00-04:00,2020-07-01 10:08:00-04:00,2020-07-01 15:08:00-04:00,L,10187.75,10280.25,10125.5,62.25,183.0,1.4698795180722892,TP,1,L|swing
2020-07-02 10:02:00-04:00,2020-07-02 10:02:00-04:00,2020-07-02 10:28:00-04:00,L,10418.0,10378.25,10378.5,39.5,-81.5,-1.0316455696202531,SL,1,L|swing
2020-07-02 11:44:00-04:00,2020-07-02 11:44:00-04:00,2020-07-02 15:54:00-04:00,L,10377.0,10328.75,10329.0,48.0,-98.5,-1.0260416666666667,SL,1,L|swing
2020-07-03 10:26:00-04:00,2020-07-03 10:26:00-04:00,2020-07-03 10:34:00-04:00,S,10341.25,10318.25,10357.25,16.0,44.0,1.375,TP,1,S|swing
2020-07-06 09:56:00-04:00,2020-07-06 09:56:00-04:00,2020-07-06 11:06:00-04:00,L,10514.0,10585.25,10466.0,48.0,140.5,1.4635416666666667,TP,1,L|swing
2020-07-06 11:26:00-04:00,2020-07-06 11:26:00-04:00,2020-07-06 12:23:00-04:00,L,10603.75,10562.0,10562.25,41.5,-85.5,-1.0301204819277108,SL,1,L|swing
2020-07-07 09:47:00-04:00,2020-07-07 09:47:00-04:00,2020-07-07 15:08:00-04:00,L,10627.75,10556.25,10556.5,71.25,-145.0,-1.0175438596491229,SL,1,L|swing
2020-07-08 11:20:00-04:00,2020-07-08 11:20:00-04:00,2020-07-08 15:10:00-04:00,S,10530.0,10633.0,10632.75,102.75,-208.0,-1.0121654501216546,SL,1,S|swing
2020-07-09 10:17:00-04:00,2020-07-09 10:17:00-04:00,2020-07-09 10:58:00-04:00,S,10688.25,10605.5,10744.0,55.75,163.5,1.4663677130044843,TP,1,S|swing
2020-07-09 12:47:00-04:00,2020-07-09 12:47:00-04:00,2020-07-09 14:59:00-04:00,L,10687.25,10746.25,10647.25,40.0,116.0,1.45,TP,1,L|swing
2020-07-10 09:35:00-04:00,2020-07-10 09:35:00-04:00,2020-07-10 13:07:00-04:00,S,10682.0,10749.75,10749.5,67.5,-137.5,-1.0185185185185186,SL,1,S|swing
2020-07-10 13:08:00-04:00,2020-07-10 13:08:00-04:00,2020-07-10 15:34:00-04:00,L,10753.25,10813.25,10712.75,40.5,118.0,1.4567901234567902,TP,1,L|swing
2020-07-13 10:29:00-04:00,2020-07-13 10:29:00-04:00,2020-07-13 13:59:00-04:00,L,10999.0,10943.0,10943.25,55.75,-114.0,-1.0224215246636772,SL,1,L|swing
2020-07-13 14:26:00-04:00,2020-07-13 14:26:00-04:00,2020-07-13 15:33:00-04:00,S,10841.5,10662.75,10961.25,119.75,355.5,1.4843423799582462,TP,1,S|swing
2020-07-14 09:50:00-04:00,2020-07-14 09:50:00-04:00,2020-07-14 14:20:00-04:00,S,10486.0,10629.75,10629.5,143.5,-289.5,-1.0087108013937283,SL,1,S|swing
2020-07-15 09:38:00-04:00,2020-07-15 09:38:00-04:00,2020-07-15 09:42:00-04:00,S,10692.75,10738.0,10737.75,45.0,-92.5,-1.0277777777777777,SL,1,S|swing
2020-07-15 09:44:00-04:00,2020-07-15 09:44:00-04:00,2020-07-15 11:03:00-04:00,L,10763.5,10676.75,10677.0,86.5,-175.5,-1.0144508670520231,SL,1,L|swing
2020-07-15 11:47:00-04:00,2020-07-15 11:47:00-04:00,2020-07-15 14:02:00-04:00,S,10598.0,10679.25,10679.0,81.0,-164.5,-1.0154320987654322,SL,1,S|swing
2020-07-15 14:53:00-04:00,2020-07-15 14:53:00-04:00,2020-07-15 15:59:00-04:00,S,10664.0,10687.5,10709.75,45.75,-49.0,-0.5355191256830601,time,1,S|swing
2020-07-16 09:35:00-04:00,2020-07-16 09:35:00-04:00,2020-07-16 09:40:00-04:00,S,10559.25,10599.5,10599.25,40.0,-82.5,-1.03125,SL,1,S|swing
2020-07-16 10:02:00-04:00,2020-07-16 10:02:00-04:00,2020-07-16 13:14:00-04:00,S,10537.75,10600.5,10600.25,62.5,-127.5,-1.02,SL,1,S|swing
2020-07-16 14:08:00-04:00,2020-07-16 14:08:00-04:00,2020-07-16 14:49:00-04:00,L,10612.5,10578.0,10578.25,34.25,-71.0,-1.0364963503649636,SL,1,L|swing
2020-07-17 09:44:00-04:00,2020-07-17 09:44:00-04:00,2020-07-17 14:53:00-04:00,S,10585.5,10659.0,10658.75,73.25,-149.0,-1.0170648464163823,SL,1,S|swing
2020-07-20 09:56:00-04:00,2020-07-20 09:56:00-04:00,2020-07-20 11:45:00-04:00,L,10686.75,10807.75,10605.5,81.25,240.0,1.476923076923077,TP,1,L|swing
2020-07-20 12:11:00-04:00,2020-07-20 12:11:00-04:00,2020-07-20 13:41:00-04:00,L,10813.0,10853.0,10785.75,27.25,78.0,1.4311926605504588,TP,1,L|swing
2020-07-20 14:14:00-04:00,2020-07-20 14:14:00-04:00,2020-07-20 15:10:00-04:00,L,10866.25,10900.25,10843.0,23.25,66.0,1.4193548387096775,TP,1,L|swing
2020-07-21 10:41:00-04:00,2020-07-21 10:41:00-04:00,2020-07-21 15:59:00-04:00,S,10880.75,10823.75,10950.0,69.25,112.0,0.8086642599277978,time,1,S|swing
2020-07-22 09:53:00-04:00,2020-07-22 09:53:00-04:00,2020-07-22 10:47:00-04:00,L,10884.5,10820.0,10820.25,64.25,-131.0,-1.0194552529182879,SL,1,L|swing
2020-07-22 11:14:00-04:00,2020-07-22 11:14:00-04:00,2020-07-22 12:11:00-04:00,S,10765.25,10843.75,10843.5,78.25,-159.0,-1.0159744408945688,SL,1,S|swing
2020-07-22 12:35:00-04:00,2020-07-22 12:35:00-04:00,2020-07-22 13:32:00-04:00,S,10841.5,10812.25,10861.5,20.0,56.5,1.4125,TP,1,S|swing
2020-07-22 13:50:00-04:00,2020-07-22 13:50:00-04:00,2020-07-22 15:12:00-04:00,S,10800.0,10842.5,10842.25,42.25,-87.0,-1.029585798816568,SL,1,S|swing
2020-07-23 10:14:00-04:00,2020-07-23 10:14:00-04:00,2020-07-23 12:38:00-04:00,S,10789.5,10667.0,10871.75,82.25,243.0,1.4772036474164134,TP,1,S|swing
2020-07-23 12:53:00-04:00,2020-07-23 12:53:00-04:00,2020-07-23 14:04:00-04:00,S,10660.75,10564.25,10725.75,65.0,191.0,1.4692307692307693,TP,1,S|swing
2020-07-24 10:56:00-04:00,2020-07-24 10:56:00-04:00,2020-07-24 13:14:00-04:00,L,10480.75,10391.5,10391.75,89.0,-180.5,-1.0140449438202248,SL,1,L|swing
2020-07-24 14:02:00-04:00,2020-07-24 14:02:00-04:00,2020-07-24 15:59:00-04:00,L,10494.75,10469.25,10414.25,80.5,-53.0,-0.32919254658385094,time,1,L|swing
2020-07-27 09:35:00-04:00,2020-07-27 09:35:00-04:00,2020-07-27 11:38:00-04:00,L,10571.75,10513.0,10513.25,58.5,-119.5,-1.0213675213675213,SL,1,L|swing
2020-07-27 11:50:00-04:00,2020-07-27 11:50:00-04:00,2020-07-27 14:06:00-04:00,L,10560.5,10633.5,10511.25,49.25,144.0,1.4619289340101522,TP,1,L|swing
2020-07-27 14:23:00-04:00,2020-07-27 14:23:00-04:00,2020-07-27 15:59:00-04:00,L,10646.5,10660.5,10603.0,43.5,26.0,0.2988505747126437,time,1,L|swing
2020-07-28 09:53:00-04:00,2020-07-28 09:53:00-04:00,2020-07-28 11:40:00-04:00,S,10570.25,10647.25,10647.0,76.75,-156.0,-1.01628664495114,SL,1,S|swing
2020-07-28 11:41:00-04:00,2020-07-28 11:41:00-04:00,2020-07-28 12:06:00-04:00,L,10648.75,10596.0,10596.25,52.5,-107.5,-1.0238095238095237,SL,1,L|swing
2020-07-28 14:02:00-04:00,2020-07-28 14:02:00-04:00,2020-07-28 14:30:00-04:00,S,10632.5,10605.75,10651.0,18.5,51.5,1.3918918918918919,TP,1,S|swing
2020-07-29 09:53:00-04:00,2020-07-29 09:53:00-04:00,2020-07-29 10:01:00-04:00,S,10574.75,10612.0,10611.75,37.0,-76.5,-1.0337837837837838,SL,1,S|swing
2020-07-29 10:02:00-04:00,2020-07-29 10:02:00-04:00,2020-07-29 15:59:00-04:00,L,10620.25,10650.0,10570.5,49.75,57.5,0.5778894472361809,time,1,L|swing
2020-07-30 09:38:00-04:00,2020-07-30 09:38:00-04:00,2020-07-30 09:56:00-04:00,L,10598.25,10542.75,10543.0,55.25,-113.0,-1.0226244343891402,SL,1,L|swing
2020-07-30 09:59:00-04:00,2020-07-30 09:59:00-04:00,2020-07-30 11:21:00-04:00,S,10542.5,10621.75,10621.5,79.0,-160.5,-1.0158227848101267,SL,1,S|swing
2020-07-30 11:35:00-04:00,2020-07-30 11:35:00-04:00,2020-07-30 14:45:00-04:00,L,10638.25,10719.25,10583.75,54.5,160.0,1.4678899082568808,TP,1,L|swing
2020-07-31 10:08:00-04:00,2020-07-31 10:08:00-04:00,2020-07-31 15:20:00-04:00,S,10774.0,10843.75,10843.5,69.5,-141.5,-1.0179856115107915,SL,1,S|swing
2020-08-03 10:02:00-04:00,2020-08-03 10:02:00-04:00,2020-08-03 10:46:00-04:00,L,11064.5,11004.0,11004.25,60.25,-123.0,-1.020746887966805,SL,1,L|swing
2020-08-03 11:20:00-04:00,2020-08-03 11:20:00-04:00,2020-08-03 15:59:00-04:00,L,11043.25,11037.75,10991.0,52.25,-13.0,-0.12440191387559808,time,1,L|swing
2020-08-04 09:44:00-04:00,2020-08-04 09:44:00-04:00,2020-08-04 14:31:00-04:00,L,11048.5,11000.5,11000.75,47.75,-98.0,-1.0261780104712042,SL,1,L|swing
2020-08-05 09:53:00-04:00,2020-08-05 09:53:00-04:00,2020-08-05 15:59:00-04:00,L,11110.0,11110.75,11064.25,45.75,-0.5,-0.00546448087431694,time,1,L|swing
2020-08-06 09:50:00-04:00,2020-08-06 09:50:00-04:00,2020-08-06 10:00:00-04:00,S,11075.25,11120.75,11120.5,45.25,-93.0,-1.0276243093922652,SL,1,S|swing
2020-08-06 10:11:00-04:00,2020-08-06 10:11:00-04:00,2020-08-06 14:02:00-04:00,L,11128.5,11210.5,11073.25,55.25,162.0,1.4660633484162895,TP,1,L|swing
2020-08-06 14:53:00-04:00,2020-08-06 14:53:00-04:00,2020-08-06 15:59:00-04:00,L,11251.25,11254.0,11214.5,36.75,3.5,0.047619047619047616,time,1,L|swing
2020-08-07 09:47:00-04:00,2020-08-07 09:47:00-04:00,2020-08-07 10:21:00-04:00,L,11241.0,11207.25,11207.5,33.5,-69.5,-1.037313432835821,SL,1,L|swing
2020-08-07 10:53:00-04:00,2020-08-07 10:53:00-04:00,2020-08-07 11:27:00-04:00,L,11261.75,11213.0,11213.25,48.5,-99.5,-1.0257731958762886,SL,1,L|swing
2020-08-07 11:56:00-04:00,2020-08-07 11:56:00-04:00,2020-08-07 12:52:00-04:00,S,11191.75,11144.25,11224.0,32.25,93.0,1.441860465116279,TP,1,S|swing
2020-08-07 14:08:00-04:00,2020-08-07 14:08:00-04:00,2020-08-07 15:46:00-04:00,S,11065.0,11132.75,11132.5,67.5,-137.5,-1.0185185185185186,SL,1,S|swing
2020-08-10 09:53:00-04:00,2020-08-10 09:53:00-04:00,2020-08-10 10:44:00-04:00,S,11094.0,11015.75,11146.75,52.75,154.5,1.4644549763033174,TP,1,S|swing
2020-08-10 12:14:00-04:00,2020-08-10 12:14:00-04:00,2020-08-10 12:41:00-04:00,S,11023.75,11043.0,11042.75,19.0,-40.5,-1.0657894736842106,SL,1,S|swing
2020-08-10 13:08:00-04:00,2020-08-10 13:08:00-04:00,2020-08-10 15:59:00-04:00,L,11090.5,11078.25,11027.25,63.25,-26.5,-0.20948616600790515,time,1,L|swing
2020-08-11 10:08:00-04:00,2020-08-11 10:08:00-04:00,2020-08-11 11:09:00-04:00,S,10948.25,11043.0,11042.75,94.5,-191.5,-1.0132275132275133,SL,1,S|swing
2020-08-11 11:53:00-04:00,2020-08-11 11:53:00-04:00,2020-08-11 12:24:00-04:00,S,11025.25,11072.5,11072.25,47.0,-96.5,-1.0265957446808511,SL,1,S|swing
2020-08-11 12:44:00-04:00,2020-08-11 12:44:00-04:00,2020-08-11 13:14:00-04:00,L,11080.25,11046.75,11047.0,33.25,-69.0,-1.037593984962406,SL,1,L|swing
2020-08-11 13:41:00-04:00,2020-08-11 13:41:00-04:00,2020-08-11 14:30:00-04:00,S,11036.25,10982.0,11073.0,36.75,106.5,1.4489795918367347,TP,1,S|swing
2020-08-12 09:50:00-04:00,2020-08-12 09:50:00-04:00,2020-08-12 12:10:00-04:00,L,11023.75,11154.75,10935.75,88.0,260.0,1.4772727272727273,TP,1,L|swing
2020-08-12 12:23:00-04:00,2020-08-12 12:23:00-04:00,2020-08-12 13:27:00-04:00,L,11157.5,11117.5,11117.75,39.75,-82.0,-1.0314465408805031,SL,1,L|swing
2020-08-12 13:41:00-04:00,2020-08-12 13:41:00-04:00,2020-08-12 15:59:00-04:00,L,11150.0,11146.25,11115.5,34.5,-9.5,-0.13768115942028986,time,1,L|swing
2020-08-13 10:29:00-04:00,2020-08-13 10:29:00-04:00,2020-08-13 14:11:00-04:00,L,11226.0,11176.75,11177.0,49.0,-100.5,-1.0255102040816326,SL,1,L|swing
2020-08-14 09:38:00-04:00,2020-08-14 09:38:00-04:00,2020-08-14 09:46:00-04:00,L,11197.25,11157.0,11157.25,40.0,-82.5,-1.03125,SL,1,L|swing
2020-08-14 09:47:00-04:00,2020-08-14 09:47:00-04:00,2020-08-14 15:59:00-04:00,S,11156.5,11159.75,11207.0,50.5,-8.5,-0.08415841584158416,time,1,S|swing
2020-08-17 12:47:00-04:00,2020-08-17 12:47:00-04:00,2020-08-17 15:59:00-04:00,L,11270.0,11284.0,11246.0,24.0,26.0,0.5416666666666666,time,1,L|swing
2020-08-18 10:08:00-04:00,2020-08-18 10:08:00-04:00,2020-08-18 12:32:00-04:00,S,11311.25,11382.25,11382.0,70.75,-144.0,-1.017667844522968,SL,1,S|swing
2020-08-18 13:35:00-04:00,2020-08-18 13:35:00-04:00,2020-08-18 15:19:00-04:00,L,11383.0,11411.0,11363.75,19.25,54.0,1.4025974025974026,TP,1,L|swing
2020-08-19 09:47:00-04:00,2020-08-19 09:47:00-04:00,2020-08-19 11:00:00-04:00,S,11350.25,11415.5,11415.25,65.0,-132.5,-1.0192307692307692,SL,1,S|swing
2020-08-19 11:14:00-04:00,2020-08-19 11:14:00-04:00,2020-08-19 11:34:00-04:00,S,11387.75,11417.5,11417.25,29.5,-61.5,-1.0423728813559323,SL,1,S|swing
2020-08-19 11:59:00-04:00,2020-08-19 11:59:00-04:00,2020-08-19 14:06:00-04:00,L,11431.0,11404.75,11405.0,26.0,-54.5,-1.0480769230769231,SL,1,L|swing
2020-08-20 09:38:00-04:00,2020-08-20 09:38:00-04:00,2020-08-20 11:36:00-04:00,L,11324.0,11409.75,11266.25,57.75,169.5,1.4675324675324675,TP,1,L|swing
2020-08-20 11:53:00-04:00,2020-08-20 11:53:00-04:00,2020-08-20 14:49:00-04:00,L,11416.0,11462.75,11384.25,31.75,91.5,1.4409448818897639,TP,1,L|swing
2020-08-20 14:59:00-04:00,2020-08-20 14:59:00-04:00,2020-08-20 15:45:00-04:00,L,11463.75,11493.25,11443.5,20.25,57.0,1.4074074074074074,TP,1,L|swing
2020-08-21 10:26:00-04:00,2020-08-21 10:26:00-04:00,2020-08-21 15:59:00-04:00,L,11517.0,11554.0,11467.5,49.5,72.0,0.7272727272727273,time,1,L|swing
2020-08-24 09:35:00-04:00,2020-08-24 09:35:00-04:00,2020-08-24 09:52:00-04:00,L,11698.5,11681.25,11681.5,17.0,-36.5,-1.0735294117647058,SL,1,L|swing
2020-08-24 10:08:00-04:00,2020-08-24 10:08:00-04:00,2020-08-24 15:59:00-04:00,S,11602.75,11626.5,11722.75,120.0,-49.5,-0.20625,time,1,S|swing
2020-08-25 10:17:00-04:00,2020-08-25 10:17:00-04:00,2020-08-25 15:59:00-04:00,L,11640.75,11715.25,11582.5,58.25,147.0,1.261802575107296,time,1,L|swing
2020-08-26 10:26:00-04:00,2020-08-26 10:26:00-04:00,2020-08-26 11:02:00-04:00,L,11802.75,11849.5,11771.0,31.75,91.5,1.4409448818897639,TP,1,L|swing
2020-08-26 11:29:00-04:00,2020-08-26 11:29:00-04:00,2020-08-26 11:55:00-04:00,L,11859.5,11895.25,11835.0,24.5,69.5,1.4183673469387754,TP,1,L|swing
2020-08-26 13:38:00-04:00,2020-08-26 13:38:00-04:00,2020-08-26 14:42:00-04:00,L,11939.0,11910.5,11910.75,28.25,-59.0,-1.0442477876106195,SL,1,L|swing
2020-08-27 09:35:00-04:00,2020-08-27 09:35:00-04:00,2020-08-27 11:46:00-04:00,S,11938.5,12039.5,12039.25,100.75,-204.0,-1.0124069478908189,SL,1,S|swing
2020-08-27 12:20:00-04:00,2020-08-27 12:20:00-04:00,2020-08-27 15:59:00-04:00,S,11954.25,11928.25,12039.0,84.75,50.0,0.2949852507374631,time,1,S|swing
2020-08-28 09:50:00-04:00,2020-08-28 09:50:00-04:00,2020-08-28 09:59:00-04:00,S,11952.0,12005.25,12005.0,53.0,-108.5,-1.0235849056603774,SL,1,S|swing
2020-08-28 10:47:00-04:00,2020-08-28 10:47:00-04:00,2020-08-28 15:42:00-04:00,S,11960.25,12010.5,12010.25,50.0,-102.5,-1.025,SL,1,S|swing
2020-08-31 09:44:00-04:00,2020-08-31 09:44:00-04:00,2020-08-31 13:15:00-04:00,L,12041.5,12116.25,11991.0,50.5,147.5,1.4603960396039604,TP,1,L|swing
2020-08-31 13:44:00-04:00,2020-08-31 13:44:00-04:00,2020-08-31 15:23:00-04:00,L,12138.25,12113.25,12113.5,24.75,-52.0,-1.0505050505050506,SL,1,L|swing
2020-09-01 09:53:00-04:00,2020-09-01 09:53:00-04:00,2020-09-01 15:59:00-04:00,L,12210.5,12293.75,12124.75,85.75,164.5,0.9591836734693877,time,1,L|swing
2020-09-02 09:53:00-04:00,2020-09-02 09:53:00-04:00,2020-09-02 15:59:00-04:00,S,12323.25,12411.0,12437.75,114.5,-177.5,-0.7751091703056768,time,1,S|swing
2020-09-03 09:44:00-04:00,2020-09-03 09:44:00-04:00,2020-09-03 10:30:00-04:00,S,12157.75,12030.25,12243.25,85.5,253.0,1.4795321637426901,TP,1,S|swing
2020-09-03 11:08:00-04:00,2020-09-03 11:08:00-04:00,2020-09-03 15:59:00-04:00,S,11873.25,11773.75,12018.25,145.0,197.0,0.6793103448275862,time,1,S|swing
2020-09-04 09:47:00-04:00,2020-09-04 09:47:00-04:00,2020-09-04 10:43:00-04:00,S,11584.0,11195.75,11843.5,259.5,774.5,1.4922928709055876,TP,1,S|swing
2020-09-04 13:08:00-04:00,2020-09-04 13:08:00-04:00,2020-09-04 14:37:00-04:00,S,11431.75,11562.5,11562.25,130.5,-263.5,-1.0095785440613028,SL,1,S|swing
2020-09-04 14:59:00-04:00,2020-09-04 14:59:00-04:00,2020-09-04 15:59:00-04:00,L,11683.75,11619.5,11506.75,177.0,-130.5,-0.3686440677966102,time,1,L|swing
2020-09-07 09:47:00-04:00,2020-09-07 09:47:00-04:00,2020-09-07 12:49:00-04:00,L,11486.0,11496.75,11438.0,48.0,19.5,0.203125,time,1,L|swing
2020-09-08 10:41:00-04:00,2020-09-08 10:41:00-04:00,2020-09-08 14:42:00-04:00,S,11297.0,11135.75,11405.0,108.0,320.5,1.4837962962962963,TP,1,S|swing
2020-09-09 10:02:00-04:00,2020-09-09 10:02:00-04:00,2020-09-09 13:00:00-04:00,L,11294.0,11456.25,11185.25,108.75,322.5,1.4827586206896552,TP,1,L|swing
2020-09-09 14:35:00-04:00,2020-09-09 14:35:00-04:00,2020-09-09 15:59:00-04:00,L,11433.75,11386.0,11374.25,59.5,-97.5,-0.819327731092437,time,1,L|swing
2020-09-10 10:02:00-04:00,2020-09-10 10:02:00-04:00,2020-09-10 10:46:00-04:00,L,11540.75,11455.75,11456.0,84.75,-172.0,-1.0147492625368733,SL,1,L|swing
2020-09-10 10:59:00-04:00,2020-09-10 10:59:00-04:00,2020-09-10 14:29:00-04:00,S,11393.75,11148.75,11557.75,164.0,488.0,1.4878048780487805,TP,1,S|swing
2020-09-11 09:35:00-04:00,2020-09-11 09:35:00-04:00,2020-09-11 12:37:00-04:00,S,11194.0,11064.75,11280.75,86.75,256.5,1.478386167146974,TP,1,S|swing
2020-09-11 12:56:00-04:00,2020-09-11 12:56:00-04:00,2020-09-11 15:59:00-04:00,S,11029.0,11084.25,11143.75,114.75,-112.5,-0.49019607843137253,time,1,S|swing
2020-09-14 09:41:00-04:00,2020-09-14 09:41:00-04:00,2020-09-14 10:29:00-04:00,L,11269.5,11361.25,11207.75,61.75,181.5,1.4696356275303644,TP,1,L|swing
2020-09-14 13:08:00-04:00,2020-09-14 13:08:00-04:00,2020-09-14 15:42:00-04:00,S,11256.0,11306.0,11305.75,49.75,-102.0,-1.0251256281407035,SL,1,S|swing
2020-09-15 09:38:00-04:00,2020-09-15 09:38:00-04:00,2020-09-15 09:54:00-04:00,L,11437.0,11470.25,11414.25,22.75,64.5,1.4175824175824177,TP,1,L|swing
2020-09-15 11:05:00-04:00,2020-09-15 11:05:00-04:00,2020-09-15 15:34:00-04:00,L,11454.0,11381.5,11381.75,72.25,-147.0,-1.0173010380622838,SL,1,L|swing
2020-09-18 10:26:00-04:00,2020-09-18 10:26:00-04:00,2020-09-18 10:54:00-04:00,S,11046.0,10956.5,11106.25,60.25,177.0,1.4688796680497926,TP,1,S|swing
2020-09-18 11:35:00-04:00,2020-09-18 11:35:00-04:00,2020-09-18 13:23:00-04:00,S,10911.25,10812.25,10977.75,66.5,196.0,1.4736842105263157,TP,1,S|swing
2020-09-21 09:38:00-04:00,2020-09-21 09:38:00-04:00,2020-09-21 09:46:00-04:00,S,10738.0,10812.75,10812.5,74.5,-151.5,-1.016778523489933,SL,1,S|swing
2020-09-21 09:50:00-04:00,2020-09-21 09:50:00-04:00,2020-09-21 10:28:00-04:00,L,10822.25,10702.0,10702.25,120.0,-242.5,-1.0104166666666667,SL,1,L|swing
2020-09-21 13:17:00-04:00,2020-09-21 13:17:00-04:00,2020-09-21 14:18:00-04:00,L,10845.5,10785.25,10785.5,60.0,-122.5,-1.0208333333333333,SL,1,L|swing
2020-09-21 14:35:00-04:00,2020-09-21 14:35:00-04:00,2020-09-21 15:01:00-04:00,S,10782.25,10827.25,10827.0,44.75,-92.0,-1.0279329608938548,SL,1,S|swing
2020-09-22 10:44:00-04:00,2020-09-22 10:44:00-04:00,2020-09-22 12:30:00-04:00,S,10997.0,11053.5,11053.25,56.25,-115.0,-1.0222222222222221,SL,1,S|swing
2020-09-22 12:32:00-04:00,2020-09-22 12:32:00-04:00,2020-09-22 12:46:00-04:00,L,11052.0,11024.75,11025.0,27.0,-56.5,-1.0462962962962963,SL,1,L|swing
2020-09-22 13:23:00-04:00,2020-09-22 13:23:00-04:00,2020-09-22 15:36:00-04:00,L,11065.75,11160.5,11002.0,63.75,187.5,1.4705882352941178,TP,1,L|swing
2020-09-23 09:53:00-04:00,2020-09-23 09:53:00-04:00,2020-09-23 12:00:00-04:00,S,11089.25,10982.25,11161.25,72.0,212.0,1.4722222222222223,TP,1,S|swing
2020-09-23 12:23:00-04:00,2020-09-23 12:23:00-04:00,2020-09-23 12:40:00-04:00,S,10975.75,11023.75,11023.5,47.75,-98.0,-1.0261780104712042,SL,1,S|swing
2020-09-23 13:26:00-04:00,2020-09-23 13:26:00-04:00,2020-09-23 13:44:00-04:00,S,11021.0,10985.25,11045.5,24.5,69.5,1.4183673469387754,TP,1,S|swing
2020-09-23 14:02:00-04:00,2020-09-23 14:02:00-04:00,2020-09-23 15:04:00-04:00,S,10934.5,10813.5,11015.75,81.25,240.0,1.476923076923077,TP,1,S|swing
2020-09-24 09:47:00-04:00,2020-09-24 09:47:00-04:00,2020-09-24 15:59:00-04:00,L,10812.25,10877.5,10676.0,136.25,128.5,0.47155963302752296,time,1,L|swing
2020-09-25 10:23:00-04:00,2020-09-25 10:23:00-04:00,2020-09-25 14:19:00-04:00,L,10936.75,11091.5,10833.0,103.75,307.5,1.4819277108433735,TP,1,L|swing
2020-09-25 14:23:00-04:00,2020-09-25 14:23:00-04:00,2020-09-25 15:17:00-04:00,L,11094.0,11151.75,11055.0,39.0,113.5,1.455128205128205,TP,1,L|swing
2020-09-28 09:50:00-04:00,2020-09-28 09:50:00-04:00,2020-09-28 15:47:00-04:00,S,11256.75,11353.25,11353.0,96.25,-195.0,-1.0129870129870129,SL,1,S|swing
2020-09-29 10:11:00-04:00,2020-09-29 10:11:00-04:00,2020-09-29 10:34:00-04:00,L,11385.0,11327.75,11328.0,57.0,-116.5,-1.0219298245614035,SL,1,L|swing
2020-09-29 10:35:00-04:00,2020-09-29 10:35:00-04:00,2020-09-29 15:59:00-04:00,S,11317.5,11310.25,11386.75,69.25,12.5,0.09025270758122744,time,1,S|swing
2020-09-30 09:53:00-04:00,2020-09-30 09:53:00-04:00,2020-09-30 10:24:00-04:00,L,11372.75,11466.0,11310.0,62.75,184.5,1.4701195219123506,TP,1,L|swing
2020-09-30 11:47:00-04:00,2020-09-30 11:47:00-04:00,2020-09-30 12:53:00-04:00,L,11485.75,11450.5,11450.75,35.0,-72.5,-1.0357142857142858,SL,1,L|swing
2020-09-30 13:35:00-04:00,2020-09-30 13:35:00-04:00,2020-09-30 14:43:00-04:00,L,11470.5,11421.75,11422.0,48.5,-99.5,-1.0257731958762886,SL,1,L|swing
2020-10-01 10:26:00-04:00,2020-10-01 10:26:00-04:00,2020-10-01 10:38:00-04:00,S,11486.75,11540.5,11540.25,53.5,-109.5,-1.0233644859813085,SL,1,S|swing
2020-10-01 11:11:00-04:00,2020-10-01 11:11:00-04:00,2020-10-01 11:28:00-04:00,S,11483.75,11535.0,11534.75,51.0,-104.5,-1.0245098039215685,SL,1,S|swing
2020-10-01 11:29:00-04:00,2020-10-01 11:29:00-04:00,2020-10-01 15:59:00-04:00,L,11536.75,11572.5,11473.75,63.0,69.5,0.5515873015873016,time,1,L|swing
2020-10-02 09:38:00-04:00,2020-10-02 09:38:00-04:00,2020-10-02 11:55:00-04:00,L,11400.0,11285.75,11286.0,114.0,-230.5,-1.0109649122807018,SL,1,L|swing
2020-10-02 13:05:00-04:00,2020-10-02 13:05:00-04:00,2020-10-02 15:59:00-04:00,S,11283.0,11244.25,11347.5,64.5,75.5,0.5852713178294574,time,1,S|swing
2020-10-05 10:02:00-04:00,2020-10-05 10:02:00-04:00,2020-10-05 15:00:00-04:00,L,11386.75,11467.75,11332.25,54.5,160.0,1.4678899082568808,TP,1,L|swing
2020-10-06 09:47:00-04:00,2020-10-06 09:47:00-04:00,2020-10-06 10:03:00-04:00,S,11438.25,11479.5,11479.25,41.0,-84.5,-1.0304878048780488,SL,1,S|swing
2020-10-06 10:11:00-04:00,2020-10-06 10:11:00-04:00,2020-10-06 11:11:00-04:00,L,11485.25,11417.5,11417.75,67.5,-137.5,-1.0185185185185186,SL,1,L|swing
2020-10-06 11:50:00-04:00,2020-10-06 11:50:00-04:00,2020-10-06 12:13:00-04:00,S,11364.5,11420.75,11420.5,56.0,-114.5,-1.0223214285714286,SL,1,S|swing
2020-10-06 12:47:00-04:00,2020-10-06 12:47:00-04:00,2020-10-06 14:06:00-04:00,L,11436.5,11476.25,11409.5,27.0,77.5,1.4351851851851851,TP,1,L|swing
2020-10-06 14:26:00-04:00,2020-10-06 14:26:00-04:00,2020-10-06 14:50:00-04:00,L,11484.25,11446.5,11446.75,37.5,-77.5,-1.0333333333333334,SL,1,L|swing
2020-10-07 10:53:00-04:00,2020-10-07 10:53:00-04:00,2020-10-07 13:24:00-04:00,L,11407.0,11473.25,11362.25,44.75,130.5,1.458100558659218,TP,1,L|swing
2020-10-07 13:41:00-04:00,2020-10-07 13:41:00-04:00,2020-10-07 15:59:00-04:00,L,11479.5,11479.5,11459.5,20.0,-2.0,-0.05,time,1,L|swing
2020-10-08 10:26:00-04:00,2020-10-08 10:26:00-04:00,2020-10-08 11:14:00-04:00,S,11497.25,11551.25,11551.0,53.75,-110.0,-1.0232558139534884,SL,1,S|swing
2020-10-08 12:05:00-04:00,2020-10-08 12:05:00-04:00,2020-10-08 13:59:00-04:00,L,11541.5,11507.75,11508.0,33.5,-69.5,-1.037313432835821,SL,1,L|swing
2020-10-08 14:44:00-04:00,2020-10-08 14:44:00-04:00,2020-10-08 15:01:00-04:00,L,11540.5,11519.25,11519.5,21.0,-44.5,-1.0595238095238095,SL,1,L|swing
2020-10-09 09:41:00-04:00,2020-10-09 09:41:00-04:00,2020-10-09 11:04:00-04:00,L,11618.5,11663.75,11587.75,30.75,88.5,1.4390243902439024,TP,1,L|swing
2020-10-09 11:05:00-04:00,2020-10-09 11:05:00-04:00,2020-10-09 13:03:00-04:00,L,11665.5,11701.25,11641.0,24.5,69.5,1.4183673469387754,TP,1,L|swing
2020-10-09 13:47:00-04:00,2020-10-09 13:47:00-04:00,2020-10-09 14:39:00-04:00,L,11685.5,11671.5,11671.75,13.75,-30.0,-1.0909090909090908,SL,1,L|swing
2020-10-12 10:14:00-04:00,2020-10-12 10:14:00-04:00,2020-10-12 10:55:00-04:00,L,11903.25,11957.25,11866.75,36.5,106.0,1.452054794520548,TP,1,L|swing
2020-10-12 12:08:00-04:00,2020-10-12 12:08:00-04:00,2020-10-12 12:41:00-04:00,L,12041.25,12097.25,12003.25,38.0,110.0,1.4473684210526316,TP,1,L|swing
2020-10-12 13:32:00-04:00,2020-10-12 13:32:00-04:00,2020-10-12 15:48:00-04:00,L,12145.0,12075.5,12075.75,69.25,-141.0,-1.0180505415162455,SL,1,L|swing
2020-10-13 10:11:00-04:00,2020-10-13 10:11:00-04:00,2020-10-13 10:22:00-04:00,S,12044.75,12100.0,12099.75,55.0,-112.5,-1.0227272727272727,SL,1,S|swing
2020-10-13 12:11:00-04:00,2020-10-13 12:11:00-04:00,2020-10-13 15:59:00-04:00,S,12100.75,12074.5,12164.0,63.25,50.5,0.39920948616600793,time,1,S|swing
2020-10-14 09:38:00-04:00,2020-10-14 09:38:00-04:00,2020-10-14 10:25:00-04:00,L,12131.25,12071.0,12071.25,60.0,-122.5,-1.0208333333333333,SL,1,L|swing
2020-10-14 10:26:00-04:00,2020-10-14 10:26:00-04:00,2020-10-14 12:23:00-04:00,S,12051.5,11917.0,12141.75,90.25,267.0,1.479224376731302,TP,1,S|swing
2020-10-14 13:32:00-04:00,2020-10-14 13:32:00-04:00,2020-10-14 13:54:00-04:00,S,11911.5,11963.75,11963.5,52.0,-106.5,-1.0240384615384615,SL,1,S|swing
2020-10-14 14:26:00-04:00,2020-10-14 14:26:00-04:00,2020-10-14 15:08:00-04:00,S,11960.25,12003.25,12003.0,42.75,-88.0,-1.0292397660818713,SL,1,S|swing
2020-10-15 10:08:00-04:00,2020-10-15 10:08:00-04:00,2020-10-15 10:36:00-04:00,S,11831.0,11758.0,11880.25,49.25,144.0,1.4619289340101522,TP,1,S|swing
2020-10-15 11:41:00-04:00,2020-10-15 11:41:00-04:00,2020-10-15 12:02:00-04:00,L,11850.75,11809.25,11809.5,41.25,-85.0,-1.0303030303030303,SL,1,L|swing
2020-10-15 12:14:00-04:00,2020-10-15 12:14:00-04:00,2020-10-15 14:07:00-04:00,S,11805.0,11854.25,11854.0,49.0,-100.5,-1.0255102040816326,SL,1,S|swing
2020-10-15 14:44:00-04:00,2020-10-15 14:44:00-04:00,2020-10-15 15:02:00-04:00,S,11821.5,11862.0,11861.75,40.25,-83.0,-1.031055900621118,SL,1,S|swing
2020-10-16 10:02:00-04:00,2020-10-16 10:02:00-04:00,2020-10-16 11:10:00-04:00,L,11984.0,11928.5,11928.75,55.25,-113.0,-1.0226244343891402,SL,1,L|swing
2020-10-16 12:32:00-04:00,2020-10-16 12:32:00-04:00,2020-10-16 13:11:00-04:00,S,11902.25,11935.75,11935.5,33.25,-69.0,-1.037593984962406,SL,1,S|swing
2020-10-16 14:38:00-04:00,2020-10-16 14:38:00-04:00,2020-10-16 15:05:00-04:00,L,11946.25,11925.0,11925.25,21.0,-44.5,-1.0595238095238095,SL,1,L|swing
2020-10-19 09:35:00-04:00,2020-10-19 09:35:00-04:00,2020-10-19 09:54:00-04:00,L,11930.0,11895.75,11896.0,34.0,-70.5,-1.036764705882353,SL,1,L|swing
2020-10-19 09:56:00-04:00,2020-10-19 09:56:00-04:00,2020-10-19 10:35:00-04:00,S,11891.25,11802.5,11951.0,59.75,175.5,1.4686192468619246,TP,1,S|swing
2020-10-19 10:47:00-04:00,2020-10-19 10:47:00-04:00,2020-10-19 15:24:00-04:00,S,11763.0,11603.25,11870.0,107.0,317.5,1.483644859813084,TP,1,S|swing
2020-10-20 09:38:00-04:00,2020-10-20 09:38:00-04:00,2020-10-20 09:59:00-04:00,S,11659.75,11702.5,11702.25,42.5,-87.5,-1.0294117647058822,SL,1,S|swing
2020-10-20 10:44:00-04:00,2020-10-20 10:44:00-04:00,2020-10-20 12:35:00-04:00,S,11669.75,11736.25,11736.0,66.25,-135.0,-1.0188679245283019,SL,1,S|swing
2020-10-20 13:14:00-04:00,2020-10-20 13:14:00-04:00,2020-10-20 15:09:00-04:00,L,11751.75,11691.0,11691.25,60.5,-123.5,-1.0206611570247934,SL,1,L|swing
2020-10-21 09:59:00-04:00,2020-10-21 09:59:00-04:00,2020-10-21 11:15:00-04:00,L,11774.0,11655.0,11655.25,118.75,-240.0,-1.0105263157894737,SL,1,L|swing
2020-10-21 12:20:00-04:00,2020-10-21 12:20:00-04:00,2020-10-21 12:44:00-04:00,L,11701.0,11641.25,11641.5,59.5,-121.5,-1.0210084033613445,SL,1,L|swing
2020-10-21 13:32:00-04:00,2020-10-21 13:32:00-04:00,2020-10-21 15:59:00-04:00,L,11691.75,11652.25,11644.0,47.75,-81.0,-0.8481675392670157,time,1,L|swing
2020-10-22 10:02:00-04:00,2020-10-22 10:02:00-04:00,2020-10-22 10:25:00-04:00,S,11658.75,11573.75,11716.0,57.25,168.0,1.4672489082969433,TP,1,S|swing
2020-10-22 12:05:00-04:00,2020-10-22 12:05:00-04:00,2020-10-22 13:09:00-04:00,S,11565.75,11618.25,11618.0,52.25,-107.0,-1.0239234449760766,SL,1,S|swing
2020-10-22 13:53:00-04:00,2020-10-22 13:53:00-04:00,2020-10-22 15:12:00-04:00,L,11664.75,11622.75,11623.0,41.75,-86.0,-1.029940119760479,SL,1,L|swing
2020-10-23 10:02:00-04:00,2020-10-23 10:02:00-04:00,2020-10-23 15:13:00-04:00,S,11574.5,11649.0,11648.75,74.25,-151.0,-1.0168350168350169,SL,1,S|swing
2020-10-26 09:56:00-04:00,2020-10-26 09:56:00-04:00,2020-10-26 10:49:00-04:00,L,11671.25,11566.0,11566.25,105.0,-212.5,-1.0119047619047619,SL,1,L|swing
2020-10-26 10:50:00-04:00,2020-10-26 10:50:00-04:00,2020-10-26 13:26:00-04:00,S,11558.25,11379.5,11678.0,119.75,355.5,1.4843423799582462,TP,1,S|swing
2020-10-26 14:47:00-04:00,2020-10-26 14:47:00-04:00,2020-10-26 15:01:00-04:00,S,11420.75,11460.0,11459.75,39.0,-80.5,-1.0320512820512822,SL,1,S|swing
2020-10-27 09:44:00-04:00,2020-10-27 09:44:00-04:00,2020-10-27 10:22:00-04:00,L,11558.75,11497.75,11498.0,60.75,-124.0,-1.0205761316872428,SL,1,L|swing
2020-10-27 10:47:00-04:00,2020-10-27 10:47:00-04:00,2020-10-27 15:59:00-04:00,L,11558.25,11585.5,11486.0,72.25,52.5,0.3633217993079585,time,1,L|swing
2020-10-28 09:50:00-04:00,2020-10-28 09:50:00-04:00,2020-10-28 15:59:00-04:00,S,11302.25,11137.25,11423.25,121.0,328.0,1.3553719008264462,time,1,S|swing
2020-10-29 09:41:00-04:00,2020-10-29 09:41:00-04:00,2020-10-29 09:54:00-04:00,S,11183.0,11245.25,11245.0,62.0,-126.5,-1.0201612903225807,SL,1,S|swing
2020-10-29 09:56:00-04:00,2020-10-29 09:56:00-04:00,2020-10-29 14:18:00-04:00,L,11271.25,11422.25,11170.0,101.25,300.0,1.4814814814814814,TP,1,L|swing
2020-10-30 10:14:00-04:00,2020-10-30 10:14:00-04:00,2020-10-30 10:48:00-04:00,S,11115.5,11005.25,11189.5,74.0,218.5,1.4763513513513513,TP,1,S|swing
2020-10-30 10:59:00-04:00,2020-10-30 10:59:00-04:00,2020-10-30 12:19:00-04:00,S,10988.75,11080.5,11080.25,91.5,-185.5,-1.0136612021857923,SL,1,S|swing
2020-10-30 13:08:00-04:00,2020-10-30 13:08:00-04:00,2020-10-30 14:33:00-04:00,S,11014.75,10955.25,11055.0,40.25,117.0,1.453416149068323,TP,1,S|swing
2020-11-02 09:53:00-05:00,2020-11-02 09:53:00-05:00,2020-11-02 10:43:00-05:00,L,11202.25,11108.0,11108.25,94.0,-190.5,-1.0132978723404256,SL,1,L|swing
2020-11-02 11:17:00-05:00,2020-11-02 11:17:00-05:00,2020-11-02 13:13:00-05:00,S,11082.75,10990.25,11145.0,62.25,183.0,1.4698795180722892,TP,1,S|swing
2020-11-02 13:50:00-05:00,2020-11-02 13:50:00-05:00,2020-11-02 14:45:00-05:00,S,10973.5,11009.5,11009.25,35.75,-74.0,-1.034965034965035,SL,1,S|swing
2020-11-03 09:50:00-05:00,2020-11-03 09:50:00-05:00,2020-11-03 10:17:00-05:00,L,11177.5,11291.25,11101.0,76.5,225.5,1.473856209150327,TP,1,L|swing
2020-11-03 10:59:00-05:00,2020-11-03 10:59:00-05:00,2020-11-03 13:37:00-05:00,L,11333.0,11270.25,11270.5,62.5,-127.5,-1.02,SL,1,L|swing
2020-11-03 14:35:00-05:00,2020-11-03 14:35:00-05:00,2020-11-03 15:59:00-05:00,L,11274.0,11256.75,11222.25,51.75,-36.5,-0.3526570048309179,time,1,L|swing
2020-11-04 10:05:00-05:00,2020-11-04 10:05:00-05:00,2020-11-04 15:59:00-05:00,L,11700.0,11759.75,11556.5,143.5,117.5,0.4094076655052265,time,1,L|swing
2020-11-05 09:41:00-05:00,2020-11-05 09:41:00-05:00,2020-11-05 15:59:00-05:00,L,12051.0,12066.0,11972.5,78.5,28.0,0.17834394904458598,time,1,L|swing
2020-11-06 09:56:00-05:00,2020-11-06 09:56:00-05:00,2020-11-06 11:39:00-05:00,S,11896.25,12053.0,12052.75,156.5,-315.5,-1.0079872204472844,SL,1,S|swing
2020-11-06 12:11:00-05:00,2020-11-06 12:11:00-05:00,2020-11-06 15:59:00-05:00,L,12075.25,12080.25,12023.25,52.0,8.0,0.07692307692307693,time,1,L|swing
2020-11-09 09:35:00-05:00,2020-11-09 09:35:00-05:00,2020-11-09 10:05:00-05:00,S,12102.5,12217.5,12217.25,114.75,-232.0,-1.0108932461873639,SL,1,S|swing
2020-11-09 10:17:00-05:00,2020-11-09 10:17:00-05:00,2020-11-09 11:06:00-05:00,L,12245.75,12086.5,12086.75,159.0,-320.5,-1.0078616352201257,SL,1,L|swing
2020-11-09 13:47:00-05:00,2020-11-09 13:47:00-05:00,2020-11-09 14:15:00-05:00,S,12080.75,12036.75,12110.75,30.0,86.0,1.4333333333333333,TP,1,S|swing
2020-11-10 09:38:00-05:00,2020-11-10 09:38:00-05:00,2020-11-10 10:37:00-05:00,S,11660.5,11527.5,11749.75,89.25,264.0,1.4789915966386555,TP,1,S|swing
2020-11-10 11:41:00-05:00,2020-11-10 11:41:00-05:00,2020-11-10 15:59:00-05:00,L,11681.75,11619.5,11563.5,118.25,-126.5,-0.5348837209302325,time,1,L|swing
2020-11-11 09:35:00-05:00,2020-11-11 09:35:00-05:00,2020-11-11 09:44:00-05:00,L,11750.75,11823.0,11702.0,48.75,142.5,1.4615384615384615,TP,1,L|swing
2020-11-11 10:35:00-05:00,2020-11-11 10:35:00-05:00,2020-11-11 10:42:00-05:00,L,11834.25,11784.0,11784.25,50.0,-102.5,-1.025,SL,1,L|swing
2020-11-11 11:14:00-05:00,2020-11-11 11:14:00-05:00,2020-11-11 12:09:00-05:00,L,11815.75,11876.25,11774.75,41.0,119.0,1.451219512195122,TP,1,L|swing
2020-11-11 13:38:00-05:00,2020-11-11 13:38:00-05:00,2020-11-11 14:33:00-05:00,L,11886.0,11855.75,11856.0,30.0,-62.5,-1.0416666666666667,SL,1,L|swing
2020-11-12 09:38:00-05:00,2020-11-12 09:38:00-05:00,2020-11-12 11:40:00-05:00,L,11956.25,11880.5,11880.75,75.5,-153.5,-1.0165562913907285,SL,1,L|swing
2020-11-12 12:41:00-05:00,2020-11-12 12:41:00-05:00,2020-11-12 15:59:00-05:00,S,11856.25,11825.0,11916.25,60.0,60.5,0.5041666666666667,time,1,S|swing
2020-11-13 09:38:00-05:00,2020-11-13 09:38:00-05:00,2020-11-13 10:00:00-05:00,L,11915.5,11870.5,11870.75,44.75,-92.0,-1.0279329608938548,SL,1,L|swing
2020-11-13 10:02:00-05:00,2020-11-13 10:02:00-05:00,2020-11-13 15:31:00-05:00,S,11867.75,11924.25,11924.0,56.25,-115.0,-1.0222222222222221,SL,1,S|swing
2020-11-16 10:23:00-05:00,2020-11-16 10:23:00-05:00,2020-11-16 13:41:00-05:00,L,11996.75,11932.0,11932.25,64.5,-131.5,-1.0193798449612403,SL,1,L|swing
2020-11-16 14:08:00-05:00,2020-11-16 14:08:00-05:00,2020-11-16 15:59:00-05:00,L,11975.25,12013.25,11928.75,46.5,74.0,0.7956989247311828,time,1,L|swing
2020-11-17 09:35:00-05:00,2020-11-17 09:35:00-05:00,2020-11-17 09:44:00-05:00,S,12020.25,11988.5,12042.0,21.75,61.5,1.4137931034482758,TP,1,S|swing
2020-11-17 12:14:00-05:00,2020-11-17 12:14:00-05:00,2020-11-17 15:23:00-05:00,L,12016.75,11968.25,11968.5,48.25,-99.0,-1.0259067357512954,SL,1,L|swing
2020-11-18 09:53:00-05:00,2020-11-18 09:53:00-05:00,2020-11-18 11:55:00-05:00,S,11938.75,11989.0,11988.75,50.0,-102.5,-1.025,SL,1,S|swing
2020-11-18 13:44:00-05:00,2020-11-18 13:44:00-05:00,2020-11-18 15:23:00-05:00,S,11981.25,12011.75,12011.5,30.25,-63.0,-1.0413223140495869,SL,1,S|swing
2020-11-19 09:35:00-05:00,2020-11-19 09:35:00-05:00,2020-11-19 09:44:00-05:00,S,11856.75,11884.5,11884.25,27.5,-57.5,-1.0454545454545454,SL,1,S|swing
2020-11-19 09:56:00-05:00,2020-11-19 09:56:00-05:00,2020-11-19 15:59:00-05:00,L,11917.75,11981.0,11841.25,76.5,124.5,0.8137254901960784,time,1,L|swing
2020-11-20 09:56:00-05:00,2020-11-20 09:56:00-05:00,2020-11-20 10:37:00-05:00,S,11950.75,11994.0,11993.75,43.0,-88.5,-1.0290697674418605,SL,1,S|swing
2020-11-20 10:38:00-05:00,2020-11-20 10:38:00-05:00,2020-11-20 15:13:00-05:00,L,11997.75,11961.25,11961.5,36.25,-75.0,-1.0344827586206897,SL,1,L|swing
2020-11-23 09:47:00-05:00,2020-11-23 09:47:00-05:00,2020-11-23 10:06:00-05:00,L,11993.75,11945.0,11945.25,48.5,-99.5,-1.0257731958762886,SL,1,L|swing
2020-11-23 10:08:00-05:00,2020-11-23 10:08:00-05:00,2020-11-23 11:10:00-05:00,S,11941.0,11850.25,12002.0,61.0,179.5,1.471311475409836,TP,1,S|swing
2020-11-23 11:11:00-05:00,2020-11-23 11:11:00-05:00,2020-11-23 14:54:00-05:00,S,11834.75,11919.5,11919.25,84.5,-171.5,-1.014792899408284,SL,1,S|swing
2020-11-24 11:17:00-05:00,2020-11-24 11:17:00-05:00,2020-11-24 14:01:00-05:00,L,12017.5,12092.25,11967.0,50.5,147.5,1.4603960396039604,TP,1,L|swing
2020-11-24 14:02:00-05:00,2020-11-24 14:02:00-05:00,2020-11-24 15:59:00-05:00,L,12087.75,12075.25,12050.75,37.0,-27.0,-0.36486486486486486,time,1,L|swing
2020-11-25 10:05:00-05:00,2020-11-25 10:05:00-05:00,2020-11-25 13:02:00-05:00,S,12088.5,12146.0,12145.75,57.25,-117.0,-1.0218340611353711,SL,1,S|swing
2020-11-25 14:59:00-05:00,2020-11-25 14:59:00-05:00,2020-11-25 15:34:00-05:00,L,12148.5,12174.25,12130.75,17.75,49.5,1.3943661971830985,TP,1,L|swing
2020-11-26 10:20:00-05:00,2020-11-26 10:20:00-05:00,2020-11-26 11:20:00-05:00,S,12187.75,12198.5,12198.25,10.5,-23.5,-1.119047619047619,SL,1,S|swing
2020-11-26 12:08:00-05:00,2020-11-26 12:08:00-05:00,2020-11-26 12:22:00-05:00,S,12184.75,12166.75,12197.25,12.5,34.0,1.36,TP,1,S|swing
2020-11-26 12:44:00-05:00,2020-11-26 12:44:00-05:00,2020-11-26 12:49:00-05:00,S,12140.5,12141.25,12179.25,38.75,-3.5,-0.04516129032258064,time,1,S|swing
2020-11-27 09:35:00-05:00,2020-11-27 09:35:00-05:00,2020-11-27 10:24:00-05:00,L,12246.25,12293.25,12214.25,32.0,92.0,1.4375,TP,1,L|swing
2020-11-27 12:59:00-05:00,2020-11-27 12:59:00-05:00,2020-11-27 13:04:00-05:00,L,12260.0,12262.5,12237.25,22.75,3.0,0.06593406593406594,time,1,L|swing
2020-11-30 10:23:00-05:00,2020-11-30 10:23:00-05:00,2020-11-30 10:38:00-05:00,S,12224.75,12155.75,12271.25,46.5,136.0,1.4623655913978495,TP,1,S|swing
2020-11-30 11:29:00-05:00,2020-11-30 11:29:00-05:00,2020-11-30 11:44:00-05:00,S,12154.25,12188.25,12188.0,33.75,-70.0,-1.037037037037037,SL,1,S|swing
2020-11-30 13:47:00-05:00,2020-11-30 13:47:00-05:00,2020-11-30 14:47:00-05:00,L,12238.5,12273.25,12214.75,23.75,67.5,1.4210526315789473,TP,1,L|swing
2020-12-01 09:53:00-05:00,2020-12-01 09:53:00-05:00,2020-12-01 12:08:00-05:00,L,12388.5,12469.75,12333.75,54.75,160.5,1.4657534246575343,TP,1,L|swing
2020-12-01 13:08:00-05:00,2020-12-01 13:08:00-05:00,2020-12-01 14:12:00-05:00,L,12476.5,12507.75,12455.0,21.5,60.5,1.4069767441860466,TP,1,L|swing
2020-12-02 10:44:00-05:00,2020-12-02 10:44:00-05:00,2020-12-02 15:59:00-05:00,L,12436.0,12457.25,12395.0,41.0,40.5,0.49390243902439024,time,1,L|swing
2020-12-03 10:05:00-05:00,2020-12-03 10:05:00-05:00,2020-12-03 11:08:00-05:00,L,12516.75,12474.5,12474.75,42.0,-86.5,-1.0297619047619047,SL,1,L|swing
2020-12-03 11:41:00-05:00,2020-12-03 11:41:00-05:00,2020-12-03 15:54:00-05:00,L,12502.5,12451.75,12452.0,50.5,-103.5,-1.0247524752475248,SL,1,L|swing
2020-12-04 11:23:00-05:00,2020-12-04 11:23:00-05:00,2020-12-04 15:59:00-05:00,L,12504.0,12529.0,12481.75,22.25,48.0,1.0786516853932584,time,1,L|swing
2020-12-07 10:02:00-05:00,2020-12-07 10:02:00-05:00,2020-12-07 15:59:00-05:00,L,12590.25,12597.0,12532.0,58.25,11.5,0.09871244635193133,time,1,L|swing
2020-12-08 09:41:00-05:00,2020-12-08 09:41:00-05:00,2020-12-08 12:00:00-05:00,S,12549.75,12588.0,12587.75,38.0,-78.5,-1.0328947368421053,SL,1,S|swing
2020-12-08 12:41:00-05:00,2020-12-08 12:41:00-05:00,2020-12-08 13:08:00-05:00,L,12590.75,12608.25,12578.5,12.25,33.0,1.346938775510204,TP,1,L|swing
2020-12-08 13:29:00-05:00,2020-12-08 13:29:00-05:00,2020-12-08 15:59:00-05:00,L,12619.5,12636.75,12596.75,22.75,32.5,0.7142857142857143,time,1,L|swing
2020-12-09 09:56:00-05:00,2020-12-09 09:56:00-05:00,2020-12-09 10:11:00-05:00,L,12637.25,12587.5,12587.75,49.5,-101.5,-1.0252525252525253,SL,1,L|swing
2020-12-09 11:20:00-05:00,2020-12-09 11:20:00-05:00,2020-12-09 12:24:00-05:00,S,12582.5,12530.25,12618.0,35.5,102.5,1.443661971830986,TP,1,S|swing
2020-12-09 13:26:00-05:00,2020-12-09 13:26:00-05:00,2020-12-09 13:42:00-05:00,S,12449.0,12369.75,12502.5,53.5,156.5,1.4626168224299065,TP,1,S|swing
2020-12-09 13:56:00-05:00,2020-12-09 13:56:00-05:00,2020-12-09 15:59:00-05:00,S,12355.5,12355.5,12452.25,96.75,-2.0,-0.0103359173126615,time,1,S|swing
2020-12-10 10:08:00-05:00,2020-12-10 10:08:00-05:00,2020-12-10 15:59:00-05:00,L,12394.75,12398.0,12285.5,109.25,4.5,0.020594965675057208,time,1,L|swing
2020-12-11 09:44:00-05:00,2020-12-11 09:44:00-05:00,2020-12-11 10:12:00-05:00,S,12277.25,12355.0,12354.75,77.5,-157.5,-1.0161290322580645,SL,1,S|swing
2020-12-11 10:50:00-05:00,2020-12-11 10:50:00-05:00,2020-12-11 11:44:00-05:00,S,12318.0,12262.75,12355.5,37.5,108.5,1.4466666666666668,TP,1,S|swing
2020-12-11 12:14:00-05:00,2020-12-11 12:14:00-05:00,2020-12-11 13:11:00-05:00,S,12262.0,12294.5,12294.25,32.25,-67.0,-1.0387596899224807,SL,1,S|swing
2020-12-11 13:35:00-05:00,2020-12-11 13:35:00-05:00,2020-12-11 15:16:00-05:00,L,12314.25,12368.25,12277.75,36.5,106.0,1.452054794520548,TP,1,L|swing
2020-12-16 09:35:00-05:00,2020-12-16 09:35:00-05:00,2020-12-16 10:34:00-05:00,S,12595.25,12626.0,12625.75,30.5,-63.5,-1.040983606557377,SL,1,S|swing
2020-12-16 10:38:00-05:00,2020-12-16 10:38:00-05:00,2020-12-16 15:59:00-05:00,L,12627.75,12672.5,12574.0,53.75,87.5,0.813953488372093,time,1,L|swing
2020-12-17 10:05:00-05:00,2020-12-17 10:05:00-05:00,2020-12-17 15:59:00-05:00,S,12720.25,12750.75,12757.25,37.0,-63.0,-0.8513513513513513,time,1,S|swing
2020-12-18 09:44:00-05:00,2020-12-18 09:44:00-05:00,2020-12-18 11:13:00-05:00,S,12743.5,12675.25,12789.5,46.0,134.5,1.4619565217391304,TP,1,S|swing
2020-12-18 13:23:00-05:00,2020-12-18 13:23:00-05:00,2020-12-18 14:57:00-05:00,S,12693.75,12656.75,12719.0,25.25,72.0,1.4257425742574257,TP,1,S|swing
2020-12-21 10:05:00-05:00,2020-12-21 10:05:00-05:00,2020-12-21 12:51:00-05:00,S,12514.25,12649.5,12649.25,135.0,-272.5,-1.0092592592592593,SL,1,S|swing
2020-12-21 13:08:00-05:00,2020-12-21 13:08:00-05:00,2020-12-21 15:59:00-05:00,L,12660.0,12684.5,12623.75,36.25,47.0,0.6482758620689655,time,1,L|swing
2020-12-22 09:56:00-05:00,2020-12-22 09:56:00-05:00,2020-12-22 11:01:00-05:00,L,12750.5,12678.25,12678.5,72.0,-146.5,-1.0173611111111112,SL,1,L|swing
2020-12-22 11:02:00-05:00,2020-12-22 11:02:00-05:00,2020-12-22 15:59:00-05:00,S,12665.5,12714.0,12735.5,70.0,-99.0,-0.7071428571428572,time,1,S|swing
2020-12-23 12:32:00-05:00,2020-12-23 12:32:00-05:00,2020-12-23 15:50:00-05:00,L,12711.0,12682.75,12683.0,28.0,-58.5,-1.0446428571428572,SL,1,L|swing
2020-12-24 10:26:00-05:00,2020-12-24 10:26:00-05:00,2020-12-24 10:56:00-05:00,L,12718.25,12690.5,12690.75,27.5,-57.5,-1.0454545454545454,SL,1,L|swing
2020-12-24 11:29:00-05:00,2020-12-24 11:29:00-05:00,2020-12-24 12:49:00-05:00,S,12673.5,12695.75,12695.5,22.0,-46.5,-1.0568181818181819,SL,1,S|swing
2020-12-24 12:50:00-05:00,2020-12-24 12:50:00-05:00,2020-12-24 13:04:00-05:00,L,12704.75,12703.0,12665.25,39.5,-5.5,-0.06962025316455696,time,1,L|swing
2020-12-28 10:05:00-05:00,2020-12-28 10:05:00-05:00,2020-12-28 11:02:00-05:00,S,12778.75,12817.25,12817.0,38.25,-79.0,-1.0326797385620916,SL,1,S|swing
2020-12-28 11:26:00-05:00,2020-12-28 11:26:00-05:00,2020-12-28 15:59:00-05:00,L,12825.25,12833.25,12803.75,21.5,14.0,0.32558139534883723,time,1,L|swing
2020-12-29 09:35:00-05:00,2020-12-29 09:35:00-05:00,2020-12-29 09:55:00-05:00,L,12905.75,12877.75,12878.0,27.75,-58.0,-1.045045045045045,SL,1,L|swing
2020-12-29 09:56:00-05:00,2020-12-29 09:56:00-05:00,2020-12-29 15:59:00-05:00,S,12853.0,12847.0,12918.5,65.5,10.0,0.07633587786259542,time,1,S|swing
2020-12-30 09:35:00-05:00,2020-12-30 09:35:00-05:00,2020-12-30 15:59:00-05:00,S,12868.75,12843.5,12910.0,41.25,48.5,0.5878787878787879,time,1,S|swing
2020-12-31 10:56:00-05:00,2020-12-31 10:56:00-05:00,2020-12-31 11:10:00-05:00,L,12854.75,12834.75,12835.0,19.75,-42.0,-1.0632911392405062,SL,1,L|swing
2020-12-31 11:32:00-05:00,2020-12-31 11:32:00-05:00,2020-12-31 15:09:00-05:00,S,12829.5,12853.5,12853.25,23.75,-50.0,-1.0526315789473684,SL,1,S|swing
2021-01-04 10:08:00-05:00,2021-01-04 10:08:00-05:00,2021-01-04 10:53:00-05:00,S,12867.25,12802.75,12910.75,43.5,127.0,1.4597701149425288,TP,1,S|swing
2021-01-04 11:56:00-05:00,2021-01-04 11:56:00-05:00,2021-01-04 12:15:00-05:00,S,12651.25,12532.75,12730.75,79.5,235.0,1.4779874213836477,TP,1,S|swing
2021-01-04 12:41:00-05:00,2021-01-04 12:41:00-05:00,2021-01-04 13:01:00-05:00,S,12562.0,12607.5,12607.25,45.25,-93.0,-1.0276243093922652,SL,1,S|swing
2021-01-04 14:35:00-05:00,2021-01-04 14:35:00-05:00,2021-01-04 14:59:00-05:00,S,12632.75,12665.75,12665.5,32.75,-68.0,-1.0381679389312977,SL,1,S|swing
2021-01-05 10:53:00-05:00,2021-01-05 10:53:00-05:00,2021-01-05 10:59:00-05:00,L,12754.75,12714.5,12714.75,40.0,-82.5,-1.03125,SL,1,L|swing
2021-01-05 11:17:00-05:00,2021-01-05 11:17:00-05:00,2021-01-05 14:00:00-05:00,S,12694.5,12761.0,12760.75,66.25,-135.0,-1.0188679245283019,SL,1,S|swing
2021-01-05 14:02:00-05:00,2021-01-05 14:02:00-05:00,2021-01-05 15:59:00-05:00,L,12772.0,12791.25,12735.25,36.75,36.5,0.4965986394557823,time,1,L|swing
2021-01-06 09:47:00-05:00,2021-01-06 09:47:00-05:00,2021-01-06 12:06:00-05:00,L,12649.25,12795.0,12551.5,97.75,289.5,1.4808184143222507,TP,1,L|swing
2021-01-06 13:14:00-05:00,2021-01-06 13:14:00-05:00,2021-01-06 13:21:00-05:00,L,12782.25,12754.25,12754.5,27.75,-58.0,-1.045045045045045,SL,1,L|swing
2021-01-06 13:38:00-05:00,2021-01-06 13:38:00-05:00,2021-01-06 13:44:00-05:00,L,12759.0,12781.75,12743.25,15.75,43.5,1.380952380952381,TP,1,L|swing
2021-01-06 14:50:00-05:00,2021-01-06 14:50:00-05:00,2021-01-06 15:59:00-05:00,S,12639.75,12618.5,12749.75,110.0,40.5,0.18409090909090908,time,1,S|swing
2021-01-07 09:56:00-05:00,2021-01-07 09:56:00-05:00,2021-01-07 15:59:00-05:00,L,12835.75,12925.5,12723.75,112.0,177.5,0.7924107142857143,time,1,L|swing
2021-01-08 09:41:00-05:00,2021-01-08 09:41:00-05:00,2021-01-08 10:26:00-05:00,L,13045.75,12985.25,12985.5,60.25,-123.0,-1.020746887966805,SL,1,L|swing
2021-01-08 11:05:00-05:00,2021-01-08 11:05:00-05:00,2021-01-08 13:23:00-05:00,L,13048.0,12965.75,12966.0,82.0,-166.5,-1.0152439024390243,SL,1,L|swing
2021-01-08 13:41:00-05:00,2021-01-08 13:41:00-05:00,2021-01-08 14:52:00-05:00,S,12945.0,13042.0,13041.75,96.75,-196.0,-1.0129198966408268,SL,1,S|swing
2021-01-11 09:35:00-05:00,2021-01-11 09:35:00-05:00,2021-01-11 10:07:00-05:00,S,12927.75,12983.75,12983.5,55.75,-114.0,-1.0224215246636772,SL,1,S|swing
2021-01-11 10:50:00-05:00,2021-01-11 10:50:00-05:00,2021-01-11 12:30:00-05:00,S,12955.25,13004.25,13004.0,48.75,-100.0,-1.0256410256410255,SL,1,S|swing
2021-01-11 12:32:00-05:00,2021-01-11 12:32:00-05:00,2021-01-11 13:26:00-05:00,L,13006.25,12976.5,12976.75,29.5,-61.5,-1.0423728813559323,SL,1,L|swing
2021-01-11 13:47:00-05:00,2021-01-11 13:47:00-05:00,2021-01-11 15:59:00-05:00,S,12949.5,12896.5,13005.0,55.5,104.0,0.9369369369369369,time,1,S|swing
2021-01-12 09:50:00-05:00,2021-01-12 09:50:00-05:00,2021-01-12 15:59:00-05:00,S,12858.75,12882.75,12947.75,89.0,-50.0,-0.2808988764044944,time,1,S|swing
2021-01-13 09:44:00-05:00,2021-01-13 09:44:00-05:00,2021-01-13 09:50:00-05:00,S,12868.25,12917.0,12916.75,48.5,-99.5,-1.0257731958762886,SL,1,S|swing
2021-01-13 10:35:00-05:00,2021-01-13 10:35:00-05:00,2021-01-13 15:59:00-05:00,L,12946.75,12967.75,12878.75,68.0,40.0,0.29411764705882354,time,1,L|swing
2021-01-14 10:41:00-05:00,2021-01-14 10:41:00-05:00,2021-01-14 11:35:00-05:00,L,13016.75,12979.5,12979.75,37.0,-76.5,-1.0337837837837838,SL,1,L|swing
2021-01-14 12:05:00-05:00,2021-01-14 12:05:00-05:00,2021-01-14 12:45:00-05:00,S,12969.25,12937.75,12990.75,21.5,61.0,1.4186046511627908,TP,1,S|swing
2021-01-15 10:20:00-05:00,2021-01-15 10:20:00-05:00,2021-01-15 15:59:00-05:00,S,12776.0,12799.5,12921.5,145.5,-49.0,-0.16838487972508592,time,1,S|swing
2021-01-18 09:35:00-05:00,2021-01-18 09:35:00-05:00,2021-01-18 09:55:00-05:00,S,12791.25,12808.0,12807.75,16.5,-35.5,-1.0757575757575757,SL,1,S|swing
2021-01-18 09:56:00-05:00,2021-01-18 09:56:00-05:00,2021-01-18 12:49:00-05:00,L,12808.25,12811.0,12784.0,24.25,3.5,0.07216494845360824,time,1,L|swing
2021-01-19 09:47:00-05:00,2021-01-19 09:47:00-05:00,2021-01-19 12:36:00-05:00,S,12881.75,12931.0,12930.75,49.0,-100.5,-1.0255102040816326,SL,1,S|swing
2021-01-19 13:38:00-05:00,2021-01-19 13:38:00-05:00,2021-01-19 15:03:00-05:00,L,12975.25,12998.25,12959.25,16.0,44.0,1.375,TP,1,L|swing
2021-01-20 10:08:00-05:00,2021-01-20 10:08:00-05:00,2021-01-20 12:38:00-05:00,L,13202.0,13266.25,13158.5,43.5,126.5,1.4540229885057472,TP,1,L|swing
2021-01-20 13:14:00-05:00,2021-01-20 13:14:00-05:00,2021-01-20 14:42:00-05:00,L,13280.75,13308.25,13261.75,19.0,53.0,1.394736842105263,TP,1,L|swing
2021-01-21 09:41:00-05:00,2021-01-21 09:41:00-05:00,2021-01-21 10:10:00-05:00,S,13288.0,13344.25,13344.0,56.0,-114.5,-1.0223214285714286,SL,1,S|swing
2021-01-21 10:56:00-05:00,2021-01-21 10:56:00-05:00,2021-01-21 11:36:00-05:00,L,13386.0,13357.75,13358.0,28.0,-58.5,-1.0446428571428572,SL,1,L|swing
2021-01-21 12:11:00-05:00,2021-01-21 12:11:00-05:00,2021-01-21 13:39:00-05:00,S,13346.5,13379.5,13379.25,32.75,-68.0,-1.0381679389312977,SL,1,S|swing
2021-01-21 14:14:00-05:00,2021-01-21 14:14:00-05:00,2021-01-21 15:59:00-05:00,L,13389.75,13397.25,13359.75,30.0,13.0,0.21666666666666667,time,1,L|swing
2021-01-22 09:47:00-05:00,2021-01-22 09:47:00-05:00,2021-01-22 10:38:00-05:00,L,13383.5,13327.25,13327.5,56.0,-114.5,-1.0223214285714286,SL,1,L|swing
2021-01-22 11:08:00-05:00,2021-01-22 11:08:00-05:00,2021-01-22 15:59:00-05:00,L,13362.25,13355.25,13323.0,39.25,-16.0,-0.20382165605095542,time,1,L|swing
2021-01-25 12:17:00-05:00,2021-01-25 12:17:00-05:00,2021-01-25 12:57:00-05:00,S,13334.25,13419.25,13419.0,84.75,-172.0,-1.0147492625368733,SL,1,S|swing
2021-01-25 13:11:00-05:00,2021-01-25 13:11:00-05:00,2021-01-25 15:59:00-05:00,L,13442.25,13474.0,13366.75,75.5,61.5,0.40728476821192056,time,1,L|swing
2021-01-26 10:50:00-05:00,2021-01-26 10:50:00-05:00,2021-01-26 11:59:00-05:00,L,13515.75,13455.0,13455.25,60.5,-123.5,-1.0206611570247934,SL,1,L|swing
2021-01-26 12:08:00-05:00,2021-01-26 12:08:00-05:00,2021-01-26 15:59:00-05:00,L,13479.75,13484.75,13455.0,24.75,8.0,0.16161616161616163,time,1,L|swing
2021-01-27 09:50:00-05:00,2021-01-27 09:50:00-05:00,2021-01-27 15:59:00-05:00,S,13179.75,13120.5,13397.0,217.25,116.5,0.2681242807825086,time,1,S|swing
2021-01-28 09:44:00-05:00,2021-01-28 09:44:00-05:00,2021-01-28 15:59:00-05:00,L,13237.25,13185.0,13128.0,109.25,-106.5,-0.4874141876430206,time,1,L|swing
2021-01-29 10:14:00-05:00,2021-01-29 10:14:00-05:00,2021-01-29 11:20:00-05:00,L,13104.0,13008.5,13008.75,95.25,-193.0,-1.0131233595800524,SL,1,L|swing
2021-01-29 12:17:00-05:00,2021-01-29 12:17:00-05:00,2021-01-29 12:45:00-05:00,S,12971.25,12860.25,13045.75,74.5,220.0,1.476510067114094,TP,1,S|swing
2021-01-29 13:17:00-05:00,2021-01-29 13:17:00-05:00,2021-01-29 13:28:00-05:00,S,12838.0,12911.5,12911.25,73.25,-149.0,-1.0170648464163823,SL,1,S|swing
2021-02-01 09:35:00-05:00,2021-02-01 09:35:00-05:00,2021-02-01 09:47:00-05:00,L,13085.0,13028.25,13028.5,56.5,-115.5,-1.0221238938053097,SL,1,L|swing
2021-02-01 10:14:00-05:00,2021-02-01 10:14:00-05:00,2021-02-01 11:27:00-05:00,L,13043.0,13151.75,12970.0,73.0,215.5,1.476027397260274,TP,1,L|swing
2021-02-01 12:02:00-05:00,2021-02-01 12:02:00-05:00,2021-02-01 15:59:00-05:00,L,13203.25,13230.25,13148.25,55.0,52.0,0.4727272727272727,time,1,L|swing
2021-02-02 10:20:00-05:00,2021-02-02 10:20:00-05:00,2021-02-02 15:59:00-05:00,L,13427.75,13448.25,13365.5,62.25,39.0,0.3132530120481928,time,1,L|swing
2021-02-03 10:11:00-05:00,2021-02-03 10:11:00-05:00,2021-02-03 15:59:00-05:00,S,13455.25,13389.0,13534.0,78.75,130.5,0.8285714285714286,time,1,S|swing
2021-02-04 10:02:00-05:00,2021-02-04 10:02:00-05:00,2021-02-04 12:01:00-05:00,S,13403.75,13464.5,13464.25,60.5,-123.5,-1.0206611570247934,SL,1,S|swing
2021-02-04 12:02:00-05:00,2021-02-04 12:02:00-05:00,2021-02-04 15:28:00-05:00,L,13466.75,13516.5,13433.0,33.75,97.5,1.4444444444444444,TP,1,L|swing
2021-02-05 09:35:00-05:00,2021-02-05 09:35:00-05:00,2021-02-05 12:21:00-05:00,S,13558.25,13598.5,13598.25,40.0,-82.5,-1.03125,SL,1,S|swing
2021-02-05 12:41:00-05:00,2021-02-05 12:41:00-05:00,2021-02-05 13:58:00-05:00,L,13609.0,13585.75,13586.0,23.0,-48.5,-1.0543478260869565,SL,1,L|swing
2021-02-05 14:32:00-05:00,2021-02-05 14:32:00-05:00,2021-02-05 14:50:00-05:00,L,13613.25,13588.0,13588.25,25.0,-52.5,-1.05,SL,1,L|swing
2021-02-08 10:05:00-05:00,2021-02-08 10:05:00-05:00,2021-02-08 11:29:00-05:00,L,13676.25,13632.0,13632.25,44.0,-90.5,-1.0284090909090908,SL,1,L|swing
2021-02-08 12:56:00-05:00,2021-02-08 12:56:00-05:00,2021-02-08 15:33:00-05:00,S,13632.75,13652.0,13651.75,19.0,-40.5,-1.0657894736842106,SL,1,S|swing
2021-02-09 09:35:00-05:00,2021-02-09 09:35:00-05:00,2021-02-09 15:59:00-05:00,L,13677.25,13680.25,13633.75,43.5,4.0,0.04597701149425287,time,1,L|swing
2021-02-10 10:02:00-05:00,2021-02-10 10:02:00-05:00,2021-02-10 10:12:00-05:00,L,13749.25,13713.5,13713.75,35.5,-73.5,-1.0352112676056338,SL,1,L|swing
2021-02-10 10:14:00-05:00,2021-02-10 10:14:00-05:00,2021-02-10 10:21:00-05:00,S,13702.75,13627.5,13753.5,50.75,148.5,1.4630541871921183,TP,1,S|swing
2021-02-10 10:44:00-05:00,2021-02-10 10:44:00-05:00,2021-02-10 15:59:00-05:00,S,13530.0,13650.75,13705.25,175.25,-243.5,-0.6947218259629101,time,1,S|swing
2021-02-11 10:44:00-05:00,2021-02-11 10:44:00-05:00,2021-02-11 12:19:00-05:00,L,13724.5,13683.0,13683.25,41.25,-85.0,-1.0303030303030303,SL,1,L|swing
2021-02-11 13:23:00-05:00,2021-02-11 13:23:00-05:00,2021-02-11 14:12:00-05:00,L,13701.0,13656.5,13656.75,44.25,-91.0,-1.0282485875706215,SL,1,L|swing
2021-02-12 10:32:00-05:00,2021-02-12 10:32:00-05:00,2021-02-12 10:38:00-05:00,S,13675.0,13710.25,13710.0,35.0,-72.5,-1.0357142857142858,SL,1,S|swing
2021-02-12 11:17:00-05:00,2021-02-12 11:17:00-05:00,2021-02-12 13:20:00-05:00,L,13739.5,13717.0,13717.25,22.25,-47.0,-1.0561797752808988,SL,1,L|swing
2021-02-12 14:20:00-05:00,2021-02-12 14:20:00-05:00,2021-02-12 15:36:00-05:00,L,13730.5,13761.5,13709.25,21.25,60.0,1.411764705882353,TP,1,L|swing
2021-02-15 10:32:00-05:00,2021-02-15 10:32:00-05:00,2021-02-15 12:43:00-05:00,L,13859.75,13870.25,13852.25,7.5,19.0,1.2666666666666666,TP,1,L|swing
2021-02-15 12:44:00-05:00,2021-02-15 12:44:00-05:00,2021-02-15 12:49:00-05:00,L,13872.0,13872.25,13857.0,15.0,-1.5,-0.05,time,1,L|swing
2021-02-16 10:11:00-05:00,2021-02-16 10:11:00-05:00,2021-02-16 10:31:00-05:00,S,13838.75,13869.0,13868.75,30.0,-62.5,-1.0416666666666667,SL,1,S|swing
2021-02-16 10:32:00-05:00,2021-02-16 10:32:00-05:00,2021-02-16 10:54:00-05:00,L,13870.75,13820.0,13820.25,50.5,-103.5,-1.0247524752475248,SL,1,L|swing
2021-02-16 11:08:00-05:00,2021-02-16 11:08:00-05:00,2021-02-16 15:59:00-05:00,S,13806.25,13764.75,13873.75,67.5,81.0,0.6,time,1,S|swing
2021-02-17 10:23:00-05:00,2021-02-17 10:23:00-05:00,2021-02-17 15:34:00-05:00,S,13605.75,13692.0,13691.75,86.0,-174.5,-1.0145348837209303,SL,1,S|swing
2021-02-18 10:05:00-05:00,2021-02-18 10:05:00-05:00,2021-02-18 13:18:00-05:00,S,13524.0,13583.5,13583.25,59.25,-121.0,-1.021097046413502,SL,1,S|swing
2021-02-18 14:02:00-05:00,2021-02-18 14:02:00-05:00,2021-02-18 15:31:00-05:00,L,13624.25,13668.0,13594.5,29.75,85.5,1.4369747899159664,TP,1,L|swing
2021-02-19 10:11:00-05:00,2021-02-19 10:11:00-05:00,2021-02-19 10:42:00-05:00,S,13636.75,13678.25,13678.0,41.25,-85.0,-1.0303030303030303,SL,1,S|swing
2021-02-19 11:02:00-05:00,2021-02-19 11:02:00-05:00,2021-02-19 12:18:00-05:00,L,13684.25,13640.0,13640.25,44.0,-90.5,-1.0284090909090908,SL,1,L|swing
2021-02-19 12:53:00-05:00,2021-02-19 12:53:00-05:00,2021-02-19 15:59:00-05:00,S,13564.0,13578.25,13624.0,60.0,-30.5,-0.25416666666666665,time,1,S|swing
2021-02-22 09:35:00-05:00,2021-02-22 09:35:00-05:00,2021-02-22 09:37:00-05:00,S,13368.5,13419.0,13418.75,50.25,-103.0,-1.0248756218905473,SL,1,S|swing
2021-02-22 10:17:00-05:00,2021-02-22 10:17:00-05:00,2021-02-22 10:54:00-05:00,S,13388.0,13301.25,13446.5,58.5,171.5,1.4658119658119657,TP,1,S|swing
2021-02-22 11:11:00-05:00,2021-02-22 11:11:00-05:00,2021-02-22 13:29:00-05:00,S,13285.5,13358.75,13358.5,73.0,-148.5,-1.0171232876712328,SL,1,S|swing
2021-02-22 14:11:00-05:00,2021-02-22 14:11:00-05:00,2021-02-22 15:01:00-05:00,S,13358.75,13318.75,13386.0,27.25,78.0,1.4311926605504588,TP,1,S|swing
2021-02-23 09:35:00-05:00,2021-02-23 09:35:00-05:00,2021-02-23 09:46:00-05:00,S,12929.5,12799.75,13016.5,87.0,257.5,1.4798850574712643,TP,1,S|swing
2021-02-23 11:05:00-05:00,2021-02-23 11:05:00-05:00,2021-02-23 11:47:00-05:00,L,13105.0,12977.75,12978.0,127.0,-256.5,-1.0098425196850394,SL,1,L|swing
2021-02-23 12:02:00-05:00,2021-02-23 12:02:00-05:00,2021-02-23 14:06:00-05:00,S,12952.25,13065.75,13065.5,113.25,-229.0,-1.011037527593819,SL,1,S|swing
2021-02-23 14:08:00-05:00,2021-02-23 14:08:00-05:00,2021-02-23 15:08:00-05:00,L,13069.25,13172.75,12999.75,69.5,205.0,1.474820143884892,TP,1,L|swing
2021-02-24 10:02:00-05:00,2021-02-24 10:02:00-05:00,2021-02-24 10:56:00-05:00,S,13000.75,13103.75,13103.5,102.75,-208.0,-1.0121654501216546,SL,1,S|swing
2021-02-24 11:53:00-05:00,2021-02-24 11:53:00-05:00,2021-02-24 15:30:00-05:00,L,13196.0,13275.25,13142.5,53.5,156.5,1.4626168224299065,TP,1,L|swing
2021-02-25 10:08:00-05:00,2021-02-25 10:08:00-05:00,2021-02-25 12:25:00-05:00,S,13150.25,12945.25,13287.5,137.25,408.0,1.4863387978142077,TP,1,S|swing
2021-02-25 12:29:00-05:00,2021-02-25 12:29:00-05:00,2021-02-25 12:58:00-05:00,S,12944.75,12837.25,13017.0,72.25,213.0,1.4740484429065743,TP,1,S|swing
2021-02-26 09:38:00-05:00,2021-02-26 09:38:00-05:00,2021-02-26 09:51:00-05:00,L,12992.25,12912.75,12913.0,79.25,-161.0,-1.0157728706624605,SL,1,L|swing
2021-02-26 10:11:00-05:00,2021-02-26 10:11:00-05:00,2021-02-26 11:36:00-05:00,S,12803.5,13012.5,13012.25,208.75,-420.0,-1.0059880239520957,SL,1,S|swing
2021-02-26 12:08:00-05:00,2021-02-26 12:08:00-05:00,2021-02-26 13:02:00-05:00,L,13033.5,12968.5,12968.75,64.75,-132.0,-1.0193050193050193,SL,1,L|swing
2021-02-26 14:20:00-05:00,2021-02-26 14:20:00-05:00,2021-02-26 14:34:00-05:00,S,12916.5,12984.75,12984.5,68.0,-138.5,-1.0183823529411764,SL,1,S|swing
2021-02-26 14:35:00-05:00,2021-02-26 14:35:00-05:00,2021-02-26 15:59:00-05:00,L,12996.5,12912.0,12912.25,84.25,-171.0,-1.0148367952522255,SL,1,L|swing
2021-03-01 09:41:00-05:00,2021-03-01 09:41:00-05:00,2021-03-01 10:00:00-05:00,S,13056.75,13116.25,13116.0,59.25,-121.0,-1.021097046413502,SL,1,S|swing
2021-03-01 10:20:00-05:00,2021-03-01 10:20:00-05:00,2021-03-01 14:50:00-05:00,L,13135.75,13272.5,13044.0,91.75,271.5,1.4795640326975477,TP,1,L|swing
2021-03-02 10:29:00-05:00,2021-03-02 10:29:00-05:00,2021-03-02 15:59:00-05:00,S,13156.75,13058.25,13248.75,92.0,195.0,1.059782608695652,time,1,S|swing
2021-03-03 09:44:00-05:00,2021-03-03 09:44:00-05:00,2021-03-03 13:44:00-05:00,S,12950.0,12797.5,13052.25,102.25,303.0,1.4816625916870416,TP,1,S|swing
2021-03-04 11:02:00-05:00,2021-03-04 11:02:00-05:00,2021-03-04 12:25:00-05:00,L,12764.0,12606.75,12607.0,157.0,-316.5,-1.0079617834394905,SL,1,L|swing
2021-03-04 12:50:00-05:00,2021-03-04 12:50:00-05:00,2021-03-04 15:59:00-05:00,S,12505.75,12471.75,12684.5,178.75,66.0,0.18461538461538463,time,1,S|swing
2021-03-05 10:23:00-05:00,2021-03-05 10:23:00-05:00,2021-03-05 12:42:00-05:00,S,12348.25,12493.5,12493.25,145.0,-292.5,-1.0086206896551724,SL,1,S|swing
2021-03-05 13:17:00-05:00,2021-03-05 13:17:00-05:00,2021-03-05 15:59:00-05:00,L,12568.25,12661.25,12447.5,120.75,184.0,0.7619047619047619,time,1,L|swing
2021-03-08 09:44:00-05:00,2021-03-08 09:44:00-05:00,2021-03-08 11:50:00-05:00,L,12675.5,12526.0,12526.25,149.25,-301.0,-1.0083752093802345,SL,1,L|swing
2021-03-08 13:41:00-05:00,2021-03-08 13:41:00-05:00,2021-03-08 14:48:00-05:00,S,12504.25,12402.75,12572.5,68.25,201.0,1.4725274725274726,TP,1,S|swing
2021-03-09 09:50:00-05:00,2021-03-09 09:50:00-05:00,2021-03-09 12:07:00-05:00,L,12656.25,12772.75,12578.0,78.25,231.0,1.476038338658147,TP,1,L|swing
2021-03-09 12:35:00-05:00,2021-03-09 12:35:00-05:00,2021-03-09 13:39:00-05:00,L,12795.0,12850.25,12757.5,37.5,108.5,1.4466666666666668,TP,1,L|swing
2021-03-10 10:41:00-05:00,2021-03-10 10:41:00-05:00,2021-03-10 15:59:00-05:00,S,12788.0,12752.5,12921.5,133.5,69.0,0.25842696629213485,time,1,S|swing
2021-03-11 09:35:00-05:00,2021-03-11 09:35:00-05:00,2021-03-11 09:44:00-05:00,L,12991.0,12933.25,12933.5,57.5,-117.5,-1.0217391304347827,SL,1,L|swing
2021-03-11 10:02:00-05:00,2021-03-11 10:02:00-05:00,2021-03-11 10:18:00-05:00,L,12994.0,12931.25,12931.5,62.5,-127.5,-1.02,SL,1,L|swing
2021-03-11 10:20:00-05:00,2021-03-11 10:20:00-05:00,2021-03-11 10:49:00-05:00,S,12927.75,13006.0,13005.75,78.0,-158.5,-1.016025641025641,SL,1,S|swing
2021-03-11 10:53:00-05:00,2021-03-11 10:53:00-05:00,2021-03-11 15:59:00-05:00,L,13012.25,13046.0,12937.75,74.5,65.5,0.4395973154362416,time,1,L|swing
2021-03-12 09:38:00-05:00,2021-03-12 09:38:00-05:00,2021-03-12 09:50:00-05:00,S,12811.25,12874.5,12874.25,63.0,-128.5,-1.0198412698412698,SL,1,S|swing
2021-03-12 10:11:00-05:00,2021-03-12 10:11:00-05:00,2021-03-12 10:28:00-05:00,S,12855.0,12779.0,12906.25,51.25,150.0,1.4634146341463414,TP,1,S|swing
2021-03-12 12:14:00-05:00,2021-03-12 12:14:00-05:00,2021-03-12 15:59:00-05:00,L,12891.25,12937.0,12841.75,49.5,89.5,0.9040404040404041,time,1,L|swing
2021-03-15 09:53:00-04:00,2021-03-15 09:53:00-04:00,2021-03-15 11:34:00-04:00,L,12964.75,12896.0,12896.25,68.5,-139.5,-1.0182481751824817,SL,1,L|swing
2021-03-15 12:08:00-04:00,2021-03-15 12:08:00-04:00,2021-03-15 15:49:00-04:00,L,12948.25,13039.75,12886.75,61.5,181.0,1.4715447154471544,TP,1,L|swing
2021-03-16 09:44:00-04:00,2021-03-16 09:44:00-04:00,2021-03-16 10:39:00-04:00,L,13199.25,13284.25,13142.0,57.25,168.0,1.4672489082969433,TP,1,L|swing
2021-03-16 10:53:00-04:00,2021-03-16 10:53:00-04:00,2021-03-16 11:58:00-04:00,L,13292.25,13249.0,13249.25,43.0,-88.5,-1.0290697674418605,SL,1,L|swing
2021-03-16 13:05:00-04:00,2021-03-16 13:05:00-04:00,2021-03-16 13:35:00-04:00,L,13236.0,13203.25,13203.5,32.5,-67.5,-1.0384615384615385,SL,1,L|swing
2021-03-16 14:08:00-04:00,2021-03-16 14:08:00-04:00,2021-03-16 14:41:00-04:00,S,13161.0,13094.0,13206.25,45.25,132.0,1.4585635359116023,TP,1,S|swing
2021-03-19 09:41:00-04:00,2021-03-19 09:41:00-04:00,2021-03-19 10:52:00-04:00,S,12742.75,12837.5,12837.25,94.5,-191.5,-1.0132275132275133,SL,1,S|swing
2021-03-19 11:26:00-04:00,2021-03-19 11:26:00-04:00,2021-03-19 11:54:00-04:00,S,12776.75,12852.5,12852.25,75.5,-153.5,-1.0165562913907285,SL,1,S|swing
2021-03-19 12:47:00-04:00,2021-03-19 12:47:00-04:00,2021-03-19 13:07:00-04:00,L,12873.25,12832.75,12833.0,40.25,-83.0,-1.031055900621118,SL,1,L|swing
2021-03-19 13:29:00-04:00,2021-03-19 13:29:00-04:00,2021-03-19 14:21:00-04:00,L,12873.5,12828.25,12828.5,45.0,-92.5,-1.0277777777777777,SL,1,L|swing
2021-03-19 14:59:00-04:00,2021-03-19 14:59:00-04:00,2021-03-19 15:09:00-04:00,L,12877.5,12844.0,12844.25,33.25,-69.0,-1.037593984962406,SL,1,L|swing
2021-03-22 09:53:00-04:00,2021-03-22 09:53:00-04:00,2021-03-22 12:27:00-04:00,L,13008.5,13129.75,12927.0,81.5,240.5,1.4754601226993864,TP,1,L|swing
2021-03-22 12:44:00-04:00,2021-03-22 12:44:00-04:00,2021-03-22 15:23:00-04:00,L,13155.75,13110.0,13110.25,45.5,-93.5,-1.0274725274725274,SL,1,L|swing
2021-03-23 09:56:00-04:00,2021-03-23 09:56:00-04:00,2021-03-23 10:09:00-04:00,S,13055.25,13120.0,13119.75,64.5,-131.5,-1.0193798449612403,SL,1,S|swing
2021-03-23 10:11:00-04:00,2021-03-23 10:11:00-04:00,2021-03-23 14:59:00-04:00,L,13125.25,13050.0,13050.25,75.0,-152.5,-1.0166666666666666,SL,1,L|swing
2021-03-24 09:50:00-04:00,2021-03-24 09:50:00-04:00,2021-03-24 15:54:00-04:00,S,12974.25,12812.25,13082.75,108.5,322.0,1.4838709677419355,TP,1,S|swing
2021-03-25 10:02:00-04:00,2021-03-25 10:02:00-04:00,2021-03-25 10:37:00-04:00,L,12824.25,12713.0,12713.25,111.0,-224.5,-1.0112612612612613,SL,1,L|swing
2021-03-25 11:26:00-04:00,2021-03-25 11:26:00-04:00,2021-03-25 11:30:00-04:00,S,12630.5,12676.0,12675.75,45.25,-93.0,-1.0276243093922652,SL,1,S|swing
2021-03-25 13:02:00-04:00,2021-03-25 13:02:00-04:00,2021-03-25 13:15:00-04:00,S,12713.5,12779.0,12778.75,65.25,-133.0,-1.0191570881226053,SL,1,S|swing
2021-03-25 13:59:00-04:00,2021-03-25 13:59:00-04:00,2021-03-25 14:52:00-04:00,S,12701.5,12760.0,12759.75,58.25,-119.0,-1.0214592274678111,SL,1,S|swing
2021-03-26 10:02:00-04:00,2021-03-26 10:02:00-04:00,2021-03-26 11:24:00-04:00,L,12841.0,12766.5,12766.75,74.25,-151.0,-1.0168350168350169,SL,1,L|swing
2021-03-26 11:38:00-04:00,2021-03-26 11:38:00-04:00,2021-03-26 14:09:00-04:00,L,12806.5,12757.5,12757.75,48.75,-100.0,-1.0256410256410255,SL,1,L|swing
2021-03-26 14:50:00-04:00,2021-03-26 14:50:00-04:00,2021-03-26 14:53:00-04:00,S,12705.75,12762.0,12761.75,56.0,-114.5,-1.0223214285714286,SL,1,S|swing
2021-03-29 09:56:00-04:00,2021-03-29 09:56:00-04:00,2021-03-29 13:02:00-04:00,S,12871.75,12978.0,12977.75,106.0,-214.5,-1.0117924528301887,SL,1,S|swing
2021-03-30 10:20:00-04:00,2021-03-30 10:20:00-04:00,2021-03-30 10:43:00-04:00,S,12784.75,12852.75,12852.5,67.75,-138.0,-1.018450184501845,SL,1,S|swing
2021-03-30 11:11:00-04:00,2021-03-30 11:11:00-04:00,2021-03-30 13:01:00-04:00,L,12880.25,12829.75,12830.0,50.25,-103.0,-1.0248756218905473,SL,1,L|swing
2021-03-30 13:02:00-04:00,2021-03-30 13:02:00-04:00,2021-03-30 13:25:00-04:00,S,12835.25,12872.75,12872.5,37.25,-77.0,-1.0335570469798658,SL,1,S|swing
2021-03-30 13:59:00-04:00,2021-03-30 13:59:00-04:00,2021-03-30 14:42:00-04:00,S,12851.25,12880.0,12879.75,28.5,-59.5,-1.043859649122807,SL,1,S|swing
2021-03-30 14:59:00-04:00,2021-03-30 14:59:00-04:00,2021-03-30 15:55:00-04:00,L,12894.0,12845.75,12846.0,48.0,-98.5,-1.0260416666666667,SL,1,L|swing
2021-03-31 09:35:00-04:00,2021-03-31 09:35:00-04:00,2021-03-31 09:50:00-04:00,L,12985.25,13033.25,12952.75,32.5,94.0,1.4461538461538461,TP,1,L|swing
2021-03-31 10:20:00-04:00,2021-03-31 10:20:00-04:00,2021-03-31 15:59:00-04:00,L,13099.75,13084.5,13029.25,70.5,-32.5,-0.23049645390070922,time,1,L|swing
2021-04-01 10:11:00-04:00,2021-04-01 10:11:00-04:00,2021-04-01 13:29:00-04:00,L,13308.5,13261.25,13261.5,47.0,-96.5,-1.0265957446808511,SL,1,L|swing
2021-04-01 13:44:00-04:00,2021-04-01 13:44:00-04:00,2021-04-01 15:59:00-04:00,L,13288.25,13314.0,13259.75,28.5,49.5,0.868421052631579,time,1,L|swing
2021-04-05 09:35:00-04:00,2021-04-05 09:35:00-04:00,2021-04-05 09:46:00-04:00,L,13431.0,13463.25,13409.0,22.0,62.5,1.4204545454545454,TP,1,L|swing
2021-04-05 10:11:00-04:00,2021-04-05 10:11:00-04:00,2021-04-05 13:19:00-04:00,L,13493.0,13587.0,13429.75,63.25,186.0,1.4703557312252964,TP,1,L|swing
2021-04-05 13:20:00-04:00,2021-04-05 13:20:00-04:00,2021-04-05 15:59:00-04:00,L,13586.0,13581.75,13557.0,29.0,-10.5,-0.1810344827586207,time,1,L|swing
2021-04-06 09:56:00-04:00,2021-04-06 09:56:00-04:00,2021-04-06 15:59:00-04:00,L,13593.25,13571.75,13538.5,54.75,-45.0,-0.410958904109589,time,1,L|swing
2021-04-07 09:35:00-04:00,2021-04-07 09:35:00-04:00,2021-04-07 09:45:00-04:00,S,13521.75,13563.5,13563.25,41.5,-85.5,-1.0301204819277108,SL,1,S|swing
2021-04-07 11:02:00-04:00,2021-04-07 11:02:00-04:00,2021-04-07 11:30:00-04:00,L,13620.25,13590.75,13591.0,29.25,-61.0,-1.0427350427350428,SL,1,L|swing
2021-04-07 12:17:00-04:00,2021-04-07 12:17:00-04:00,2021-04-07 14:02:00-04:00,S,13571.75,13610.5,13610.25,38.5,-79.5,-1.0324675324675325,SL,1,S|swing
2021-04-08 09:56:00-04:00,2021-04-08 09:56:00-04:00,2021-04-08 10:12:00-04:00,L,13743.75,13704.0,13704.25,39.5,-81.5,-1.0316455696202531,SL,1,L|swing
2021-04-08 10:14:00-04:00,2021-04-08 10:14:00-04:00,2021-04-08 15:59:00-04:00,S,13703.25,13749.75,13755.5,52.25,-95.0,-0.9090909090909091,time,1,S|swing
2021-04-09 10:26:00-04:00,2021-04-09 10:26:00-04:00,2021-04-09 11:40:00-04:00,S,13725.0,13747.25,13747.0,22.0,-46.5,-1.0568181818181819,SL,1,S|swing
2021-04-09 11:53:00-04:00,2021-04-09 11:53:00-04:00,2021-04-09 15:37:00-04:00,L,13757.5,13816.25,13717.75,39.75,115.5,1.4528301886792452,TP,1,L|swing
2021-04-12 09:50:00-04:00,2021-04-12 09:50:00-04:00,2021-04-12 12:34:00-04:00,S,13752.25,13810.0,13809.75,57.5,-117.5,-1.0217391304347827,SL,1,S|swing
2021-04-12 12:59:00-04:00,2021-04-12 12:59:00-04:00,2021-04-12 13:41:00-04:00,L,13816.5,13793.75,13794.0,22.5,-47.5,-1.0555555555555556,SL,1,L|swing
2021-04-12 13:59:00-04:00,2021-04-12 13:59:00-04:00,2021-04-12 15:44:00-04:00,S,13782.75,13811.5,13811.25,28.5,-59.5,-1.043859649122807,SL,1,S|swing
2021-04-13 09:35:00-04:00,2021-04-13 09:35:00-04:00,2021-04-13 09:55:00-04:00,L,13898.75,13946.75,13866.25,32.5,94.0,1.4461538461538461,TP,1,L|swing
2021-04-13 12:17:00-04:00,2021-04-13 12:17:00-04:00,2021-04-13 14:35:00-04:00,L,13917.25,13957.25,13890.0,27.25,78.0,1.4311926605504588,TP,1,L|swing
2021-04-13 14:56:00-04:00,2021-04-13 14:56:00-04:00,2021-04-13 15:59:00-04:00,L,13965.5,13975.0,13935.25,30.25,17.0,0.2809917355371901,time,1,L|swing
2021-04-14 10:26:00-04:00,2021-04-14 10:26:00-04:00,2021-04-14 11:24:00-04:00,S,13928.0,13858.0,13975.25,47.25,138.0,1.4603174603174602,TP,1,S|swing
2021-04-14 13:20:00-04:00,2021-04-14 13:20:00-04:00,2021-04-14 13:58:00-04:00,S,13891.75,13855.25,13916.75,25.0,71.0,1.42,TP,1,S|swing
2021-04-14 13:59:00-04:00,2021-04-14 13:59:00-04:00,2021-04-14 15:59:00-04:00,S,13830.5,13808.75,13889.25,58.75,41.5,0.35319148936170214,time,1,S|swing
2021-04-15 10:29:00-04:00,2021-04-15 10:29:00-04:00,2021-04-15 15:59:00-04:00,L,13989.0,14015.75,13931.5,57.5,51.5,0.44782608695652176,time,1,L|swing
2021-04-16 09:53:00-04:00,2021-04-16 09:53:00-04:00,2021-04-16 15:59:00-04:00,S,13970.0,14031.25,14047.75,77.75,-124.5,-0.8006430868167203,time,1,S|swing
2021-04-19 10:05:00-04:00,2021-04-19 10:05:00-04:00,2021-04-19 10:46:00-04:00,S,13956.75,13872.5,14013.5,56.75,166.5,1.4669603524229076,TP,1,S|swing
2021-04-19 10:47:00-04:00,2021-04-19 10:47:00-04:00,2021-04-19 11:15:00-04:00,S,13866.0,13945.0,13944.75,78.75,-160.0,-1.0158730158730158,SL,1,S|swing
2021-04-19 11:32:00-04:00,2021-04-19 11:32:00-04:00,2021-04-19 15:59:00-04:00,S,13888.75,13904.25,13949.0,60.25,-33.0,-0.27385892116182575,time,1,S|swing
2021-04-20 09:50:00-04:00,2021-04-20 09:50:00-04:00,2021-04-20 10:40:00-04:00,L,13906.5,13851.5,13851.75,54.75,-112.0,-1.0228310502283104,SL,1,L|swing
2021-04-20 10:41:00-04:00,2021-04-20 10:41:00-04:00,2021-04-20 11:22:00-04:00,S,13837.5,13748.25,13897.5,60.0,176.5,1.4708333333333334,TP,1,S|swing
2021-04-20 11:35:00-04:00,2021-04-20 11:35:00-04:00,2021-04-20 15:59:00-04:00,S,13733.25,13799.5,13823.75,90.5,-134.5,-0.7430939226519337,time,1,S|swing
2021-04-21 09:41:00-04:00,2021-04-21 09:41:00-04:00,2021-04-21 09:48:00-04:00,S,13723.75,13764.25,13764.0,40.25,-83.0,-1.031055900621118,SL,1,S|swing
2021-04-21 09:50:00-04:00,2021-04-21 09:50:00-04:00,2021-04-21 15:44:00-04:00,L,13781.0,13901.75,13700.0,81.0,239.5,1.478395061728395,TP,1,L|swing
2021-04-22 10:26:00-04:00,2021-04-22 10:26:00-04:00,2021-04-22 13:10:00-04:00,L,13904.0,13856.5,13856.75,47.25,-97.0,-1.0264550264550265,SL,1,L|swing
2021-04-22 13:44:00-04:00,2021-04-22 13:44:00-04:00,2021-04-22 15:59:00-04:00,S,13765.0,13750.75,13857.25,92.25,26.5,0.14363143631436315,time,1,S|swing
2021-04-23 09:53:00-04:00,2021-04-23 09:53:00-04:00,2021-04-23 11:25:00-04:00,L,13828.5,13910.75,13773.0,55.5,162.5,1.4639639639639639,TP,1,L|swing
2021-04-23 11:47:00-04:00,2021-04-23 11:47:00-04:00,2021-04-23 15:59:00-04:00,L,13927.25,13924.25,13887.0,40.25,-8.0,-0.09937888198757763,time,1,L|swing
2021-04-26 10:14:00-04:00,2021-04-26 10:14:00-04:00,2021-04-26 15:59:00-04:00,L,13956.75,14013.25,13902.0,54.75,111.0,1.0136986301369864,time,1,L|swing
2021-04-27 10:38:00-04:00,2021-04-27 10:38:00-04:00,2021-04-27 11:52:00-04:00,S,13929.25,13964.5,13964.25,35.0,-72.5,-1.0357142857142858,SL,1,S|swing
2021-04-27 12:56:00-04:00,2021-04-27 12:56:00-04:00,2021-04-27 15:59:00-04:00,S,13962.25,13951.75,13984.0,21.75,19.0,0.4367816091954023,time,1,S|swing
2021-04-28 09:53:00-04:00,2021-04-28 09:53:00-04:00,2021-04-28 12:00:00-04:00,L,13952.25,13885.0,13885.25,67.0,-136.5,-1.0186567164179106,SL,1,L|swing
2021-04-28 13:38:00-04:00,2021-04-28 13:38:00-04:00,2021-04-28 14:00:00-04:00,S,13911.5,13890.75,13926.0,14.5,39.5,1.3620689655172413,TP,1,S|swing
2021-04-28 14:02:00-04:00,2021-04-28 14:02:00-04:00,2021-04-28 15:59:00-04:00,L,13936.5,13895.75,13881.75,54.75,-83.5,-0.7625570776255708,time,1,L|swing
2021-04-29 09:50:00-04:00,2021-04-29 09:50:00-04:00,2021-04-29 10:34:00-04:00,S,14004.5,13920.25,14061.25,56.75,166.5,1.4669603524229076,TP,1,S|swing
2021-04-29 10:35:00-04:00,2021-04-29 10:35:00-04:00,2021-04-29 14:44:00-04:00,S,13902.5,13966.75,13966.5,64.0,-130.5,-1.01953125,SL,1,S|swing
2021-04-30 09:59:00-04:00,2021-04-30 09:59:00-04:00,2021-04-30 13:53:00-04:00,L,13906.75,13839.75,13840.0,66.75,-136.0,-1.0187265917602997,SL,1,L|swing
2021-05-03 10:08:00-04:00,2021-05-03 10:08:00-04:00,2021-05-03 10:53:00-04:00,L,13918.25,13850.5,13850.75,67.5,-137.5,-1.0185185185185186,SL,1,L|swing
2021-05-03 11:11:00-04:00,2021-05-03 11:11:00-04:00,2021-05-03 15:59:00-04:00,S,13809.75,13790.5,13903.75,94.0,36.5,0.19414893617021275,time,1,S|swing
2021-05-04 10:47:00-04:00,2021-05-04 10:47:00-04:00,2021-05-04 11:15:00-04:00,S,13503.25,13429.75,13552.75,49.5,145.0,1.4646464646464648,TP,1,S|swing
2021-05-04 11:47:00-04:00,2021-05-04 11:47:00-04:00,2021-05-04 13:27:00-04:00,S,13411.0,13460.25,13460.0,49.0,-100.5,-1.0255102040816326,SL,1,S|swing
2021-05-04 13:47:00-04:00,2021-05-04 13:47:00-04:00,2021-05-04 14:14:00-04:00,S,13434.25,13463.5,13463.25,29.0,-60.5,-1.043103448275862,SL,1,S|swing
2021-05-05 09:59:00-04:00,2021-05-05 09:59:00-04:00,2021-05-05 15:22:00-04:00,S,13595.5,13491.0,13665.75,70.25,207.0,1.4733096085409252,TP,1,S|swing
2021-05-06 09:56:00-04:00,2021-05-06 09:56:00-04:00,2021-05-06 11:34:00-04:00,S,13454.25,13509.5,13509.25,55.0,-112.5,-1.0227272727272727,SL,1,S|swing
2021-05-06 12:26:00-04:00,2021-05-06 12:26:00-04:00,2021-05-06 13:17:00-04:00,L,13574.25,13529.0,13529.25,45.0,-92.5,-1.0277777777777777,SL,1,L|swing
2021-05-06 14:29:00-04:00,2021-05-06 14:29:00-04:00,2021-05-06 15:28:00-04:00,S,13475.75,13526.0,13525.75,50.0,-102.5,-1.025,SL,1,S|swing
2021-05-07 10:08:00-04:00,2021-05-07 10:08:00-04:00,2021-05-07 14:00:00-04:00,L,13759.25,13678.75,13679.0,80.25,-163.0,-1.0155763239875388,SL,1,L|swing
2021-05-07 14:26:00-04:00,2021-05-07 14:26:00-04:00,2021-05-07 15:59:00-04:00,L,13707.5,13706.25,13661.75,45.75,-4.5,-0.04918032786885246,time,1,L|swing
2021-05-10 09:53:00-04:00,2021-05-10 09:53:00-04:00,2021-05-10 15:59:00-04:00,S,13525.5,13356.5,13658.0,132.5,336.0,1.2679245283018867,time,1,S|swing
2021-05-11 09:53:00-04:00,2021-05-11 09:53:00-04:00,2021-05-11 15:59:00-04:00,L,13232.5,13343.75,13083.5,149.0,220.5,0.7399328859060402,time,1,L|swing
2021-05-12 10:02:00-04:00,2021-05-12 10:02:00-04:00,2021-05-12 15:54:00-04:00,S,13127.75,12973.0,13231.5,103.75,307.5,1.4819277108433735,TP,1,S|swing
2021-05-13 10:02:00-04:00,2021-05-13 10:02:00-04:00,2021-05-13 11:43:00-04:00,L,13186.0,13085.5,13085.75,100.25,-203.0,-1.0124688279301746,SL,1,L|swing
2021-05-13 11:44:00-04:00,2021-05-13 11:44:00-04:00,2021-05-13 12:30:00-04:00,S,13064.0,13138.75,13138.5,74.5,-151.5,-1.016778523489933,SL,1,S|swing
2021-05-13 12:32:00-04:00,2021-05-13 12:32:00-04:00,2021-05-13 12:55:00-04:00,L,13143.5,13079.5,13079.75,63.75,-130.0,-1.0196078431372548,SL,1,L|swing
2021-05-13 13:23:00-04:00,2021-05-13 13:23:00-04:00,2021-05-13 14:07:00-04:00,S,13040.5,13103.25,13103.0,62.5,-127.5,-1.02,SL,1,S|swing
2021-05-13 14:38:00-04:00,2021-05-13 14:38:00-04:00,2021-05-13 15:58:00-04:00,L,13144.5,13100.25,13100.5,44.0,-90.5,-1.0284090909090908,SL,1,L|swing
2021-05-14 09:59:00-04:00,2021-05-14 09:59:00-04:00,2021-05-14 12:10:00-04:00,L,13267.75,13356.5,13208.0,59.75,175.5,1.4686192468619246,TP,1,L|swing
2021-05-14 12:50:00-04:00,2021-05-14 12:50:00-04:00,2021-05-14 14:30:00-04:00,L,13362.5,13386.0,13346.25,16.25,45.0,1.3846153846153846,TP,1,L|swing
2021-05-14 14:32:00-04:00,2021-05-14 14:32:00-04:00,2021-05-14 14:52:00-04:00,L,13387.75,13421.75,13364.5,23.25,66.0,1.4193548387096775,TP,1,L|swing
2021-05-17 10:02:00-04:00,2021-05-17 10:02:00-04:00,2021-05-17 15:59:00-04:00,S,13243.0,13306.0,13343.25,100.25,-128.0,-0.6384039900249376,time,1,S|swing
2021-05-18 09:50:00-04:00,2021-05-18 09:50:00-04:00,2021-05-18 10:17:00-04:00,S,13311.0,13362.25,13362.0,51.0,-104.5,-1.0245098039215685,SL,1,S|swing
2021-05-18 11:32:00-04:00,2021-05-18 11:32:00-04:00,2021-05-18 14:34:00-04:00,S,13348.0,13283.25,13391.75,43.75,127.5,1.457142857142857,TP,1,S|swing
2021-05-19 10:50:00-04:00,2021-05-19 10:50:00-04:00,2021-05-19 14:23:00-04:00,L,13110.0,13219.0,13036.75,73.25,216.0,1.4744027303754266,TP,1,L|swing
2021-05-20 10:02:00-04:00,2021-05-20 10:02:00-04:00,2021-05-20 15:59:00-04:00,L,13408.0,13486.75,13318.25,89.75,155.5,0.8662952646239555,time,1,L|swing
2021-05-21 10:20:00-04:00,2021-05-21 10:20:00-04:00,2021-05-21 15:59:00-04:00,S,13481.75,13409.25,13549.0,67.25,143.0,1.063197026022305,time,1,S|swing
2021-05-24 10:02:00-04:00,2021-05-24 10:02:00-04:00,2021-05-24 15:59:00-04:00,L,13593.25,13637.5,13521.0,72.25,86.5,0.5986159169550173,time,1,L|swing
2021-05-25 09:38:00-04:00,2021-05-25 09:38:00-04:00,2021-05-25 11:31:00-04:00,S,13687.25,13620.25,13732.5,45.25,132.0,1.4585635359116023,TP,1,S|swing
2021-05-25 12:41:00-04:00,2021-05-25 12:41:00-04:00,2021-05-25 13:24:00-04:00,S,13634.25,13658.0,13657.75,23.5,-49.5,-1.053191489361702,SL,1,S|swing
2021-05-25 14:02:00-04:00,2021-05-25 14:02:00-04:00,2021-05-25 15:59:00-04:00,S,13637.5,13656.75,13663.25,25.75,-40.5,-0.7864077669902912,time,1,S|swing
2021-05-26 09:47:00-04:00,2021-05-26 09:47:00-04:00,2021-05-26 10:53:00-04:00,S,13675.0,13709.25,13709.0,34.0,-70.5,-1.036764705882353,SL,1,S|swing
2021-05-26 13:05:00-04:00,2021-05-26 13:05:00-04:00,2021-05-26 13:08:00-04:00,L,13723.5,13707.0,13707.25,16.25,-35.0,-1.0769230769230769,SL,1,L|swing
2021-05-26 13:44:00-04:00,2021-05-26 13:44:00-04:00,2021-05-26 14:45:00-04:00,S,13689.75,13710.25,13710.0,20.25,-43.0,-1.0617283950617284,SL,1,S|swing
2021-05-26 14:47:00-04:00,2021-05-26 14:47:00-04:00,2021-05-26 15:02:00-04:00,L,13708.75,13693.75,13694.0,14.75,-32.0,-1.0847457627118644,SL,1,L|swing
2021-05-27 09:47:00-04:00,2021-05-27 09:47:00-04:00,2021-05-27 10:18:00-04:00,S,13648.5,13699.25,13699.0,50.5,-103.5,-1.0247524752475248,SL,1,S|swing
2021-05-27 10:32:00-04:00,2021-05-27 10:32:00-04:00,2021-05-27 14:18:00-04:00,L,13709.25,13655.5,13655.75,53.5,-109.5,-1.0233644859813085,SL,1,L|swing
2021-05-28 10:41:00-04:00,2021-05-28 10:41:00-04:00,2021-05-28 15:54:00-04:00,L,13729.75,13694.0,13694.25,35.5,-73.5,-1.0352112676056338,SL,1,L|swing
2021-05-31 09:47:00-04:00,2021-05-31 09:47:00-04:00,2021-05-31 12:29:00-04:00,S,13669.25,13653.25,13680.5,11.25,30.0,1.3333333333333333,TP,1,S|swing
2021-06-01 09:41:00-04:00,2021-06-01 09:41:00-04:00,2021-06-01 09:48:00-04:00,L,13764.5,13738.5,13738.75,25.75,-54.0,-1.0485436893203883,SL,1,L|swing
2021-06-01 10:05:00-04:00,2021-06-01 10:05:00-04:00,2021-06-01 10:56:00-04:00,S,13703.25,13599.25,13773.25,70.0,206.0,1.4714285714285715,TP,1,S|swing
2021-06-01 12:11:00-04:00,2021-06-01 12:11:00-04:00,2021-06-01 12:23:00-04:00,S,13640.5,13663.5,13663.25,22.75,-48.0,-1.054945054945055,SL,1,S|swing
2021-06-01 13:05:00-04:00,2021-06-01 13:05:00-04:00,2021-06-01 14:39:00-04:00,S,13644.25,13676.0,13675.75,31.5,-65.5,-1.0396825396825398,SL,1,S|swing
2021-06-02 09:35:00-04:00,2021-06-02 09:35:00-04:00,2021-06-02 13:22:00-04:00,L,13678.25,13650.75,13651.0,27.25,-57.0,-1.0458715596330275,SL,1,L|swing
2021-06-02 13:23:00-04:00,2021-06-02 13:23:00-04:00,2021-06-02 15:59:00-04:00,S,13635.75,13676.5,13676.25,40.5,-83.5,-1.0308641975308641,SL,1,S|swing
2021-06-03 09:38:00-04:00,2021-06-03 09:38:00-04:00,2021-06-03 10:59:00-04:00,S,13520.5,13571.25,13571.0,50.5,-103.5,-1.0247524752475248,SL,1,S|swing
2021-06-03 11:35:00-04:00,2021-06-03 11:35:00-04:00,2021-06-03 15:59:00-04:00,S,13547.5,13528.25,13610.0,62.5,36.5,0.292,time,1,S|swing
2021-06-04 10:02:00-04:00,2021-06-04 10:02:00-04:00,2021-06-04 15:59:00-04:00,L,13745.25,13766.25,13637.0,108.25,40.0,0.18475750577367206,time,1,L|swing
2021-06-07 10:17:00-04:00,2021-06-07 10:17:00-04:00,2021-06-07 12:16:00-04:00,S,13723.75,13763.0,13762.75,39.0,-80.5,-1.0320512820512822,SL,1,S|swing
2021-06-07 13:47:00-04:00,2021-06-07 13:47:00-04:00,2021-06-07 14:20:00-04:00,S,13739.75,13757.75,13757.5,17.75,-38.0,-1.0704225352112675,SL,1,S|swing
2021-06-07 14:50:00-04:00,2021-06-07 14:50:00-04:00,2021-06-07 14:57:00-04:00,L,13764.5,13779.0,13754.25,10.25,27.0,1.3170731707317074,TP,1,L|swing
2021-06-08 09:41:00-04:00,2021-06-08 09:41:00-04:00,2021-06-08 09:52:00-04:00,L,13904.5,13862.5,13862.75,41.75,-86.0,-1.029940119760479,SL,1,L|swing
2021-06-08 10:29:00-04:00,2021-06-08 10:29:00-04:00,2021-06-08 11:17:00-04:00,S,13827.5,13787.25,13855.0,27.5,78.5,1.4272727272727272,TP,1,S|swing
2021-06-08 13:14:00-04:00,2021-06-08 13:14:00-04:00,2021-06-08 14:56:00-04:00,S,13803.5,13825.0,13824.75,21.25,-45.0,-1.0588235294117647,SL,1,S|swing
2021-06-09 09:47:00-04:00,2021-06-09 09:47:00-04:00,2021-06-09 09:50:00-04:00,L,13893.5,13857.5,13857.75,35.75,-74.0,-1.034965034965035,SL,1,L|swing
2021-06-09 10:11:00-04:00,2021-06-09 10:11:00-04:00,2021-06-09 15:59:00-04:00,S,13837.75,13816.0,13904.25,66.5,41.5,0.31203007518796994,time,1,S|swing
2021-06-10 09:35:00-04:00,2021-06-10 09:35:00-04:00,2021-06-10 15:59:00-04:00,L,13883.25,13959.75,13811.0,72.25,151.0,1.0449826989619377,time,1,L|swing
2021-06-11 10:41:00-04:00,2021-06-11 10:41:00-04:00,2021-06-11 15:54:00-04:00,S,13955.25,13985.5,13985.25,30.0,-62.5,-1.0416666666666667,SL,1,S|swing
2021-06-16 09:50:00-04:00,2021-06-16 09:50:00-04:00,2021-06-16 11:33:00-04:00,L,14076.75,14040.5,14040.75,36.0,-74.5,-1.0347222222222223,SL,1,L|swing
2021-06-16 11:35:00-04:00,2021-06-16 11:35:00-04:00,2021-06-16 12:11:00-04:00,S,14036.25,13999.25,14061.5,25.25,72.0,1.4257425742574257,TP,1,S|swing
2021-06-16 12:26:00-04:00,2021-06-16 12:26:00-04:00,2021-06-16 13:34:00-04:00,S,13981.25,14030.25,14030.0,48.75,-100.0,-1.0256410256410255,SL,1,S|swing
2021-06-16 13:35:00-04:00,2021-06-16 13:35:00-04:00,2021-06-16 13:49:00-04:00,L,14036.75,14010.0,14010.25,26.5,-55.5,-1.0471698113207548,SL,1,L|swing
2021-06-16 13:50:00-04:00,2021-06-16 13:50:00-04:00,2021-06-16 14:00:00-04:00,S,14005.75,13956.0,14039.5,33.75,97.5,1.4444444444444444,TP,1,S|swing
2021-06-16 14:02:00-04:00,2021-06-16 14:02:00-04:00,2021-06-16 15:59:00-04:00,S,13940.0,13976.0,14039.5,99.5,-74.0,-0.37185929648241206,time,1,S|swing
2021-06-17 09:53:00-04:00,2021-06-17 09:53:00-04:00,2021-06-17 11:26:00-04:00,L,14020.0,14156.0,13928.75,91.25,270.0,1.4794520547945205,TP,1,L|swing
2021-06-17 13:02:00-04:00,2021-06-17 13:02:00-04:00,2021-06-17 15:14:00-04:00,L,14116.5,14195.75,14063.0,53.5,156.5,1.4626168224299065,TP,1,L|swing
2021-06-18 10:53:00-04:00,2021-06-18 10:53:00-04:00,2021-06-18 15:59:00-04:00,S,14065.5,14042.0,14125.25,59.75,45.0,0.37656903765690375,time,1,S|swing
2021-06-21 10:38:00-04:00,2021-06-21 10:38:00-04:00,2021-06-21 15:59:00-04:00,L,14084.25,14128.0,14012.75,71.5,85.5,0.5979020979020979,time,1,L|swing
2021-06-22 09:35:00-04:00,2021-06-22 09:35:00-04:00,2021-06-22 15:09:00-04:00,L,14166.0,14253.75,14107.0,59.0,173.5,1.4703389830508475,TP,1,L|swing
2021-06-23 09:59:00-04:00,2021-06-23 09:59:00-04:00,2021-06-23 11:04:00-04:00,L,14305.75,14253.25,14253.5,52.25,-107.0,-1.0239234449760766,SL,1,L|swing
2021-06-23 11:41:00-04:00,2021-06-23 11:41:00-04:00,2021-06-23 12:37:00-04:00,L,14279.25,14254.5,14254.75,24.5,-51.5,-1.0510204081632653,SL,1,L|swing
2021-06-23 14:17:00-04:00,2021-06-23 14:17:00-04:00,2021-06-23 14:38:00-04:00,S,14265.5,14283.5,14283.25,17.75,-38.0,-1.0704225352112675,SL,1,S|swing
2021-06-24 10:05:00-04:00,2021-06-24 10:05:00-04:00,2021-06-24 13:18:00-04:00,L,14388.5,14361.5,14361.75,26.75,-56.0,-1.0467289719626167,SL,1,L|swing
2021-06-24 13:20:00-04:00,2021-06-24 13:20:00-04:00,2021-06-24 15:59:00-04:00,S,14355.0,14354.5,14384.0,29.0,-1.0,-0.017241379310344827,time,1,S|swing
2021-06-25 09:35:00-04:00,2021-06-25 09:35:00-04:00,2021-06-25 09:36:00-04:00,L,14380.75,14365.5,14365.75,15.0,-32.5,-1.0833333333333333,SL,1,L|swing
2021-06-25 09:53:00-04:00,2021-06-25 09:53:00-04:00,2021-06-25 15:59:00-04:00,S,14358.75,14339.5,14391.0,32.25,36.5,0.5658914728682171,time,1,S|swing
2021-06-28 10:02:00-04:00,2021-06-28 10:02:00-04:00,2021-06-28 15:05:00-04:00,L,14462.0,14514.0,14426.75,35.25,102.0,1.446808510638298,TP,1,L|swing
2021-06-29 10:35:00-04:00,2021-06-29 10:35:00-04:00,2021-06-29 14:08:00-04:00,L,14509.75,14558.25,14476.75,33.0,95.0,1.4393939393939394,TP,1,L|swing
2021-06-30 10:56:00-04:00,2021-06-30 10:56:00-04:00,2021-06-30 11:35:00-04:00,L,14571.0,14540.5,14540.75,30.25,-63.0,-1.0413223140495869,SL,1,L|swing
2021-06-30 12:26:00-04:00,2021-06-30 12:26:00-04:00,2021-06-30 15:34:00-04:00,S,14527.0,14560.5,14560.25,33.25,-69.0,-1.037593984962406,SL,1,S|swing
2021-07-01 09:56:00-04:00,2021-07-01 09:56:00-04:00,2021-07-01 11:11:00-04:00,S,14538.75,14492.25,14570.25,31.5,91.0,1.4444444444444444,TP,1,S|swing
2021-07-01 12:35:00-04:00,2021-07-01 12:35:00-04:00,2021-07-01 13:36:00-04:00,S,14501.5,14524.25,14524.0,22.5,-47.5,-1.0555555555555556,SL,1,S|swing
2021-07-01 14:08:00-04:00,2021-07-01 14:08:00-04:00,2021-07-01 15:59:00-04:00,L,14533.0,14547.5,14510.5,22.5,27.0,0.6,time,1,L|swing
2021-07-02 09:38:00-04:00,2021-07-02 09:38:00-04:00,2021-07-02 15:37:00-04:00,L,14656.0,14710.75,14619.0,37.0,107.5,1.4527027027027026,TP,1,L|swing
2021-07-05 09:35:00-04:00,2021-07-05 09:35:00-04:00,2021-07-05 12:49:00-04:00,S,14697.25,14696.0,14712.25,15.0,0.5,0.016666666666666666,time,1,S|swing
2021-07-06 10:08:00-04:00,2021-07-06 10:08:00-04:00,2021-07-06 10:33:00-04:00,L,14777.25,14741.0,14741.25,36.0,-74.5,-1.0347222222222223,SL,1,L|swing
2021-07-06 10:35:00-04:00,2021-07-06 10:35:00-04:00,2021-07-06 15:59:00-04:00,S,14717.0,14776.5,14790.0,73.0,-121.0,-0.8287671232876712,time,1,S|swing
2021-07-07 10:05:00-04:00,2021-07-07 10:05:00-04:00,2021-07-07 10:43:00-04:00,S,14809.0,14743.5,14853.25,44.25,129.0,1.4576271186440677,TP,1,S|swing
2021-07-07 13:05:00-04:00,2021-07-07 13:05:00-04:00,2021-07-07 14:02:00-04:00,S,14783.0,14811.5,14811.25,28.25,-59.0,-1.0442477876106195,SL,1,S|swing
2021-07-07 14:32:00-04:00,2021-07-07 14:32:00-04:00,2021-07-07 15:59:00-04:00,S,14801.0,14802.25,14828.0,27.0,-4.5,-0.08333333333333333,time,1,S|swing
2021-07-08 09:47:00-04:00,2021-07-08 09:47:00-04:00,2021-07-08 10:00:00-04:00,S,14566.75,14642.25,14642.0,75.25,-153.0,-1.0166112956810631,SL,1,S|swing
2021-07-08 10:23:00-04:00,2021-07-08 10:23:00-04:00,2021-07-08 10:29:00-04:00,S,14582.25,14648.25,14648.0,65.75,-134.0,-1.0190114068441065,SL,1,S|swing
2021-07-08 10:59:00-04:00,2021-07-08 10:59:00-04:00,2021-07-08 11:39:00-04:00,S,14580.5,14658.0,14657.75,77.25,-157.0,-1.0161812297734627,SL,1,S|swing
2021-07-08 11:41:00-04:00,2021-07-08 11:41:00-04:00,2021-07-08 12:32:00-04:00,L,14652.75,14708.5,14615.0,37.75,109.5,1.4503311258278146,TP,1,L|swing
2021-07-08 13:26:00-04:00,2021-07-08 13:26:00-04:00,2021-07-08 14:23:00-04:00,L,14739.0,14698.5,14698.75,40.25,-83.0,-1.031055900621118,SL,1,L|swing
2021-07-09 10:44:00-04:00,2021-07-09 10:44:00-04:00,2021-07-09 11:23:00-04:00,L,14738.5,14790.5,14703.25,35.25,102.0,1.446808510638298,TP,1,L|swing
2021-07-09 11:41:00-04:00,2021-07-09 11:41:00-04:00,2021-07-09 15:59:00-04:00,L,14806.5,14810.0,14769.25,37.25,5.0,0.06711409395973154,time,1,L|swing
2021-07-12 09:53:00-04:00,2021-07-12 09:53:00-04:00,2021-07-12 15:59:00-04:00,S,14820.0,14868.75,14889.0,69.0,-99.5,-0.7210144927536232,time,1,S|swing
2021-07-13 09:47:00-04:00,2021-07-13 09:47:00-04:00,2021-07-13 10:37:00-04:00,L,14886.75,14972.75,14828.75,58.0,170.0,1.4655172413793103,TP,1,L|swing
2021-07-13 11:05:00-04:00,2021-07-13 11:05:00-04:00,2021-07-13 13:13:00-04:00,L,14965.75,14942.5,14942.75,23.0,-48.5,-1.0543478260869565,SL,1,L|swing
2021-07-13 13:32:00-04:00,2021-07-13 13:32:00-04:00,2021-07-13 15:59:00-04:00,S,14896.5,14865.75,14973.0,76.5,59.5,0.3888888888888889,time,1,S|swing
2021-07-14 10:02:00-04:00,2021-07-14 10:02:00-04:00,2021-07-14 11:28:00-04:00,L,14974.75,14934.25,14934.5,40.25,-83.0,-1.031055900621118,SL,1,L|swing
2021-07-14 11:29:00-04:00,2021-07-14 11:29:00-04:00,2021-07-14 15:59:00-04:00,S,14918.5,14894.75,14988.25,69.75,45.5,0.32616487455197135,time,1,S|swing
2021-07-15 10:17:00-04:00,2021-07-15 10:17:00-04:00,2021-07-15 10:28:00-04:00,S,14853.0,14789.25,14896.0,43.0,125.5,1.4593023255813953,TP,1,S|swing
2021-07-15 10:47:00-04:00,2021-07-15 10:47:00-04:00,2021-07-15 15:59:00-04:00,S,14776.5,14790.5,14857.5,81.0,-30.0,-0.18518518518518517,time,1,S|swing
2021-07-16 10:23:00-04:00,2021-07-16 10:23:00-04:00,2021-07-16 15:59:00-04:00,S,14757.25,14673.5,14829.0,71.75,165.5,1.1533101045296168,time,1,S|swing
2021-07-19 09:53:00-04:00,2021-07-19 09:53:00-04:00,2021-07-19 11:33:00-04:00,S,14481.5,14574.25,14574.0,92.5,-187.5,-1.0135135135135136,SL,1,S|swing
2021-07-19 11:59:00-04:00,2021-07-19 11:59:00-04:00,2021-07-19 12:39:00-04:00,S,14535.75,14477.25,14575.25,39.5,115.0,1.4556962025316456,TP,1,S|swing
2021-07-19 13:29:00-04:00,2021-07-19 13:29:00-04:00,2021-07-19 13:56:00-04:00,S,14461.0,14500.0,14499.75,38.75,-80.0,-1.032258064516129,SL,1,S|swing
2021-07-19 14:38:00-04:00,2021-07-19 14:38:00-04:00,2021-07-19 15:57:00-04:00,S,14471.25,14520.75,14520.5,49.25,-101.0,-1.0253807106598984,SL,1,S|swing
2021-07-20 10:20:00-04:00,2021-07-20 10:20:00-04:00,2021-07-20 11:58:00-04:00,L,14609.0,14703.0,14545.75,63.25,186.0,1.4703557312252964,TP,1,L|swing
2021-07-20 12:32:00-04:00,2021-07-20 12:32:00-04:00,2021-07-20 14:10:00-04:00,L,14721.5,14748.25,14703.0,18.5,51.5,1.3918918918918919,TP,1,L|swing
2021-07-20 14:26:00-04:00,2021-07-20 14:26:00-04:00,2021-07-20 15:59:00-04:00,L,14758.5,14719.0,14719.25,39.25,-81.0,-1.0318471337579618,SL,1,L|swing
2021-07-21 09:59:00-04:00,2021-07-21 09:59:00-04:00,2021-07-21 15:59:00-04:00,L,14756.0,14828.0,14691.75,64.25,142.0,1.105058365758755,time,1,L|swing
2021-07-22 10:26:00-04:00,2021-07-22 10:26:00-04:00,2021-07-22 12:09:00-04:00,L,14900.5,14869.0,14869.25,31.25,-65.0,-1.04,SL,1,L|swing
2021-07-22 13:32:00-04:00,2021-07-22 13:32:00-04:00,2021-07-22 15:59:00-04:00,L,14909.75,14928.5,14891.25,18.5,35.5,0.9594594594594594,time,1,L|swing
2021-07-23 10:05:00-04:00,2021-07-23 10:05:00-04:00,2021-07-23 11:56:00-04:00,L,14992.5,15078.75,14934.5,58.0,170.5,1.4698275862068966,TP,1,L|swing
2021-07-23 13:08:00-04:00,2021-07-23 13:08:00-04:00,2021-07-23 15:42:00-04:00,L,15087.5,15117.25,15067.0,20.5,57.5,1.4024390243902438,TP,1,L|swing
2021-07-26 09:56:00-04:00,2021-07-26 09:56:00-04:00,2021-07-26 15:59:00-04:00,L,15097.25,15116.5,15040.0,57.25,36.5,0.31877729257641924,time,1,L|swing
2021-07-27 09:44:00-04:00,2021-07-27 09:44:00-04:00,2021-07-27 10:15:00-04:00,S,15052.5,14965.25,15111.25,58.75,172.5,1.4680851063829787,TP,1,S|swing
2021-07-27 10:32:00-04:00,2021-07-27 10:32:00-04:00,2021-07-27 13:17:00-04:00,S,14948.0,14796.75,15049.5,101.5,300.5,1.480295566502463,TP,1,S|swing
2021-07-28 10:17:00-04:00,2021-07-28 10:17:00-04:00,2021-07-28 15:59:00-04:00,L,15038.0,15005.75,14911.25,126.75,-66.5,-0.26232741617357,time,1,L|swing
2021-07-29 10:41:00-04:00,2021-07-29 10:41:00-04:00,2021-07-29 15:59:00-04:00,L,15073.75,15034.75,15021.75,52.0,-80.0,-0.7692307692307693,time,1,L|swing
2021-07-30 12:02:00-04:00,2021-07-30 12:02:00-04:00,2021-07-30 15:59:00-04:00,L,14949.0,14954.75,14910.0,39.0,9.5,0.12179487179487179,time,1,L|swing
2021-08-02 09:35:00-04:00,2021-08-02 09:35:00-04:00,2021-08-02 09:45:00-04:00,S,15004.25,14944.75,15044.5,40.25,117.0,1.453416149068323,TP,1,S|swing
2021-08-02 10:53:00-04:00,2021-08-02 10:53:00-04:00,2021-08-02 12:00:00-04:00,L,15024.25,14989.5,14989.75,34.5,-71.5,-1.036231884057971,SL,1,L|swing
2021-08-02 13:50:00-04:00,2021-08-02 13:50:00-04:00,2021-08-02 15:59:00-04:00,S,14975.5,14955.25,15014.75,39.25,38.5,0.49044585987261147,time,1,S|swing
2021-08-03 09:53:00-04:00,2021-08-03 09:53:00-04:00,2021-08-03 11:25:00-04:00,S,14948.25,14858.0,15009.0,60.75,178.5,1.4691358024691359,TP,1,S|swing
2021-08-03 12:59:00-04:00,2021-08-03 12:59:00-04:00,2021-08-03 15:59:00-04:00,L,15021.0,15043.5,14984.0,37.0,43.0,0.581081081081081,time,1,L|swing
2021-08-04 10:20:00-04:00,2021-08-04 10:20:00-04:00,2021-08-04 12:12:00-04:00,S,15008.25,15063.5,15063.25,55.0,-112.5,-1.0227272727272727,SL,1,S|swing
2021-08-04 12:59:00-04:00,2021-08-04 12:59:00-04:00,2021-08-04 13:17:00-04:00,L,15065.25,15092.25,15046.75,18.5,52.0,1.4054054054054055,TP,1,L|swing
2021-08-04 14:11:00-04:00,2021-08-04 14:11:00-04:00,2021-08-04 15:10:00-04:00,L,15092.25,15069.25,15069.5,22.75,-48.0,-1.054945054945055,SL,1,L|swing
2021-08-05 09:35:00-04:00,2021-08-05 09:35:00-04:00,2021-08-05 11:05:00-04:00,L,15110.25,15166.0,15072.5,37.75,109.5,1.4503311258278146,TP,1,L|swing
2021-08-05 12:14:00-04:00,2021-08-05 12:14:00-04:00,2021-08-05 13:02:00-04:00,L,15152.0,15136.5,15136.75,15.25,-33.0,-1.0819672131147542,SL,1,L|swing
2021-08-05 13:26:00-04:00,2021-08-05 13:26:00-04:00,2021-08-05 15:56:00-04:00,L,15147.25,15164.75,15135.0,12.25,33.0,1.346938775510204,TP,1,L|swing
2021-08-06 10:05:00-04:00,2021-08-06 10:05:00-04:00,2021-08-06 15:59:00-04:00,S,15097.5,15096.0,15150.25,52.75,1.0,0.009478672985781991,time,1,S|swing
2021-08-09 09:38:00-04:00,2021-08-09 09:38:00-04:00,2021-08-09 14:31:00-04:00,S,15084.5,15139.25,15139.0,54.5,-111.5,-1.0229357798165137,SL,1,S|swing
2021-08-10 10:41:00-04:00,2021-08-10 10:41:00-04:00,2021-08-10 15:59:00-04:00,S,15020.75,15046.5,15137.5,116.75,-53.5,-0.2291220556745182,time,1,S|swing
2021-08-11 10:05:00-04:00,2021-08-11 10:05:00-04:00,2021-08-11 10:11:00-04:00,L,15079.5,15047.0,15047.25,32.25,-67.0,-1.0387596899224807,SL,1,L|swing
2021-08-11 10:35:00-04:00,2021-08-11 10:35:00-04:00,2021-08-11 15:59:00-04:00,S,15027.25,15022.5,15081.25,54.0,7.5,0.06944444444444445,time,1,S|swing
2021-08-12 10:29:00-04:00,2021-08-12 10:29:00-04:00,2021-08-12 15:59:00-04:00,L,15019.0,15076.0,14940.75,78.25,112.0,0.7156549520766773,time,1,L|swing
2021-08-13 09:47:00-04:00,2021-08-13 09:47:00-04:00,2021-08-13 15:59:00-04:00,L,15101.0,15126.0,15067.75,33.25,48.0,0.7218045112781954,time,1,L|swing
2021-08-16 09:50:00-04:00,2021-08-16 09:50:00-04:00,2021-08-16 10:16:00-04:00,S,15055.75,14971.75,15112.25,56.5,166.0,1.4690265486725664,TP,1,S|swing
2021-08-16 14:08:00-04:00,2021-08-16 14:08:00-04:00,2021-08-16 15:59:00-04:00,L,15087.25,15132.5,15056.5,30.75,88.5,1.4390243902439024,TP,1,L|swing
2021-08-17 09:56:00-04:00,2021-08-17 09:56:00-04:00,2021-08-17 10:43:00-04:00,S,14969.25,15043.0,15042.75,73.5,-149.5,-1.0170068027210883,SL,1,S|swing
2021-08-17 11:29:00-04:00,2021-08-17 11:29:00-04:00,2021-08-17 12:47:00-04:00,S,14982.75,14913.25,15029.75,47.0,137.0,1.4574468085106382,TP,1,S|swing
2021-08-17 13:41:00-04:00,2021-08-17 13:41:00-04:00,2021-08-17 14:00:00-04:00,S,14915.25,14954.25,14954.0,38.75,-80.0,-1.032258064516129,SL,1,S|swing
2021-08-17 14:35:00-04:00,2021-08-17 14:35:00-04:00,2021-08-17 14:57:00-04:00,S,14942.75,14972.5,14972.25,29.5,-61.5,-1.0423728813559323,SL,1,S|swing
2021-08-18 09:53:00-04:00,2021-08-18 09:53:00-04:00,2021-08-18 11:36:00-04:00,L,15012.25,14963.75,14964.0,48.25,-99.0,-1.0259067357512954,SL,1,L|swing
2021-08-18 13:23:00-04:00,2021-08-18 13:23:00-04:00,2021-08-18 14:01:00-04:00,S,14976.25,14994.5,14994.25,18.0,-38.5,-1.0694444444444444,SL,1,S|swing
2021-08-18 14:14:00-04:00,2021-08-18 14:14:00-04:00,2021-08-18 15:59:00-04:00,S,14952.0,14856.25,15029.5,77.5,189.5,1.2225806451612904,time,1,S|swing
2021-08-19 10:02:00-04:00,2021-08-19 10:02:00-04:00,2021-08-19 11:19:00-04:00,L,14836.5,14930.25,14773.5,63.0,185.5,1.4722222222222223,TP,1,L|swing
2021-08-19 11:44:00-04:00,2021-08-19 11:44:00-04:00,2021-08-19 14:09:00-04:00,L,14953.0,14903.75,14904.0,49.0,-100.5,-1.0255102040816326,SL,1,L|swing
2021-08-19 14:53:00-04:00,2021-08-19 14:53:00-04:00,2021-08-19 15:59:00-04:00,L,14919.5,14928.5,14856.75,62.75,16.0,0.12749003984063745,time,1,L|swing
2021-08-20 09:35:00-04:00,2021-08-20 09:35:00-04:00,2021-08-20 09:47:00-04:00,L,14987.5,15029.25,14959.0,28.5,81.5,1.4298245614035088,TP,1,L|swing
2021-08-20 11:35:00-04:00,2021-08-20 11:35:00-04:00,2021-08-20 11:38:00-04:00,L,15063.25,15045.5,15045.75,17.5,-37.5,-1.0714285714285714,SL,1,L|swing
2021-08-20 12:29:00-04:00,2021-08-20 12:29:00-04:00,2021-08-20 15:59:00-04:00,L,15055.25,15083.0,15009.0,46.25,53.5,0.5783783783783784,time,1,L|swing
2021-08-23 10:20:00-04:00,2021-08-23 10:20:00-04:00,2021-08-23 12:59:00-04:00,L,15244.5,15323.25,15191.5,53.0,155.5,1.4669811320754718,TP,1,L|swing
2021-08-23 13:50:00-04:00,2021-08-23 13:50:00-04:00,2021-08-23 15:59:00-04:00,L,15318.75,15306.25,15299.5,19.25,-27.0,-0.7012987012987013,time,1,L|swing
2021-08-24 10:08:00-04:00,2021-08-24 10:08:00-04:00,2021-08-24 15:59:00-04:00,L,15354.25,15356.0,15321.0,33.25,1.5,0.022556390977443608,time,1,L|swing
2021-08-25 10:08:00-04:00,2021-08-25 10:08:00-04:00,2021-08-25 15:59:00-04:00,S,15361.0,15362.75,15395.75,34.75,-5.5,-0.07913669064748201,time,1,S|swing
2021-08-26 10:26:00-04:00,2021-08-26 10:26:00-04:00,2021-08-26 15:59:00-04:00,S,15281.25,15274.0,15365.0,83.75,12.5,0.07462686567164178,time,1,S|swing
2021-08-27 09:41:00-04:00,2021-08-27 09:41:00-04:00,2021-08-27 10:00:00-04:00,S,15292.75,15332.75,15332.5,39.75,-82.0,-1.0314465408805031,SL,1,S|swing
2021-08-27 10:02:00-04:00,2021-08-27 10:02:00-04:00,2021-08-27 15:59:00-04:00,L,15364.25,15424.25,15277.0,87.25,118.0,0.6762177650429799,time,1,L|swing
2021-08-30 09:53:00-04:00,2021-08-30 09:53:00-04:00,2021-08-30 15:59:00-04:00,L,15521.5,15599.0,15446.0,75.5,153.0,1.0132450331125828,time,1,L|swing
2021-08-31 09:35:00-04:00,2021-08-31 09:35:00-04:00,2021-08-31 15:59:00-04:00,S,15543.25,15584.5,15615.25,72.0,-84.5,-0.5868055555555556,time,1,S|swing
2021-09-01 09:44:00-04:00,2021-09-01 09:44:00-04:00,2021-09-01 15:43:00-04:00,L,15670.25,15621.5,15621.75,48.5,-99.5,-1.0257731958762886,SL,1,L|swing
2021-09-02 10:17:00-04:00,2021-09-02 10:17:00-04:00,2021-09-02 15:59:00-04:00,S,15624.0,15605.5,15675.0,51.0,35.0,0.3431372549019608,time,1,S|swing
2021-09-03 09:59:00-04:00,2021-09-03 09:59:00-04:00,2021-09-03 15:59:00-04:00,L,15640.25,15652.25,15554.25,86.0,22.0,0.12790697674418605,time,1,L|swing
2021-09-06 09:47:00-04:00,2021-09-06 09:47:00-04:00,2021-09-06 09:55:00-04:00,L,15693.0,15702.25,15686.25,6.75,16.5,1.2222222222222223,TP,1,L|swing
2021-09-07 09:35:00-04:00,2021-09-07 09:35:00-04:00,2021-09-07 10:49:00-04:00,S,15635.25,15669.5,15669.25,34.0,-70.5,-1.036764705882353,SL,1,S|swing
2021-09-07 11:32:00-04:00,2021-09-07 11:32:00-04:00,2021-09-07 12:45:00-04:00,L,15659.0,15698.75,15632.0,27.0,77.5,1.4351851851851851,TP,1,L|swing
2021-09-08 10:32:00-04:00,2021-09-08 10:32:00-04:00,2021-09-08 11:51:00-04:00,S,15607.25,15530.25,15659.25,52.0,152.0,1.4615384615384615,TP,1,S|swing
2021-09-08 13:59:00-04:00,2021-09-08 13:59:00-04:00,2021-09-08 14:02:00-04:00,S,15591.5,15613.5,15613.25,21.75,-46.0,-1.0574712643678161,SL,1,S|swing
2021-09-08 14:50:00-04:00,2021-09-08 14:50:00-04:00,2021-09-08 15:12:00-04:00,S,15595.5,15612.5,15612.25,16.75,-36.0,-1.0746268656716418,SL,1,S|swing
2021-09-09 09:35:00-04:00,2021-09-09 09:35:00-04:00,2021-09-09 11:26:00-04:00,L,15649.5,15621.25,15621.5,28.0,-58.5,-1.0446428571428572,SL,1,L|swing
2021-09-09 12:20:00-04:00,2021-09-09 12:20:00-04:00,2021-09-09 13:20:00-04:00,L,15634.75,15610.75,15611.0,23.75,-50.0,-1.0526315789473684,SL,1,L|swing
2021-09-10 10:08:00-04:00,2021-09-10 10:08:00-04:00,2021-09-10 11:53:00-04:00,S,15611.0,15532.0,15664.25,53.25,156.0,1.4647887323943662,TP,1,S|swing
2021-09-10 13:14:00-04:00,2021-09-10 13:14:00-04:00,2021-09-10 13:31:00-04:00,L,15605.0,15582.0,15582.25,22.75,-48.0,-1.054945054945055,SL,1,L|swing
2021-09-10 13:47:00-04:00,2021-09-10 13:47:00-04:00,2021-09-10 14:31:00-04:00,S,15580.0,15549.0,15601.25,21.25,60.0,1.411764705882353,TP,1,S|swing
2021-09-15 10:14:00-04:00,2021-09-15 10:14:00-04:00,2021-09-15 12:25:00-04:00,S,15318.25,15378.0,15377.75,59.5,-121.5,-1.0210084033613445,SL,1,S|swing
2021-09-15 12:26:00-04:00,2021-09-15 12:26:00-04:00,2021-09-15 13:31:00-04:00,L,15392.0,15452.25,15351.25,40.75,118.5,1.4539877300613497,TP,1,L|swing
2021-09-15 13:35:00-04:00,2021-09-15 13:35:00-04:00,2021-09-15 14:40:00-04:00,L,15453.25,15480.75,15434.25,19.0,53.0,1.394736842105263,TP,1,L|swing
2021-09-16 09:50:00-04:00,2021-09-16 09:50:00-04:00,2021-09-16 13:57:00-04:00,S,15415.0,15473.25,15473.0,58.0,-118.5,-1.021551724137931,SL,1,S|swing
2021-09-16 14:11:00-04:00,2021-09-16 14:11:00-04:00,2021-09-16 15:59:00-04:00,L,15487.25,15510.0,15418.25,69.0,43.5,0.31521739130434784,time,1,L|swing
2021-09-17 09:50:00-04:00,2021-09-17 09:50:00-04:00,2021-09-17 15:59:00-04:00,S,15405.0,15322.25,15506.25,101.25,163.5,0.8074074074074075,time,1,S|swing
2021-09-20 10:08:00-04:00,2021-09-20 10:08:00-04:00,2021-09-20 12:21:00-04:00,S,15059.75,14922.75,15151.75,92.0,272.0,1.4782608695652173,TP,1,S|swing
2021-09-20 12:23:00-04:00,2021-09-20 12:23:00-04:00,2021-09-20 14:27:00-04:00,S,14918.25,14836.75,14973.25,55.0,161.0,1.4636363636363636,TP,1,S|swing
2021-09-21 09:47:00-04:00,2021-09-21 09:47:00-04:00,2021-09-21 10:06:00-04:00,L,15116.25,15027.5,15027.75,88.5,-179.5,-1.0141242937853108,SL,1,L|swing
2021-09-21 10:11:00-04:00,2021-09-21 10:11:00-04:00,2021-09-21 15:59:00-04:00,S,15008.75,15018.75,15132.0,123.25,-22.0,-0.08924949290060852,time,1,S|swing
2021-09-22 09:59:00-04:00,2021-09-22 09:59:00-04:00,2021-09-22 11:40:00-04:00,L,15077.5,15171.25,15014.5,63.0,185.5,1.4722222222222223,TP,1,L|swing
2021-09-22 14:05:00-04:00,2021-09-22 14:05:00-04:00,2021-09-22 14:50:00-04:00,L,15162.75,15092.5,15092.75,70.0,-142.5,-1.0178571428571428,SL,1,L|swing
2021-09-23 09:41:00-04:00,2021-09-23 09:41:00-04:00,2021-09-23 10:25:00-04:00,L,15239.5,15335.0,15175.25,64.25,189.0,1.4708171206225682,TP,1,L|swing
2021-09-23 11:56:00-04:00,2021-09-23 11:56:00-04:00,2021-09-23 15:59:00-04:00,L,15309.5,15299.25,15275.5,34.0,-22.5,-0.33088235294117646,time,1,L|swing
2021-09-24 09:59:00-04:00,2021-09-24 09:59:00-04:00,2021-09-24 15:59:00-04:00,L,15247.75,15315.0,15189.5,58.25,132.5,1.1373390557939915,time,1,L|swing
2021-09-27 10:59:00-04:00,2021-09-27 10:59:00-04:00,2021-09-27 11:04:00-04:00,S,15177.5,15208.75,15208.5,31.0,-64.5,-1.0403225806451613,SL,1,S|swing
2021-09-27 11:26:00-04:00,2021-09-27 11:26:00-04:00,2021-09-27 15:12:00-04:00,S,15170.0,15223.5,15223.25,53.25,-109.0,-1.0234741784037558,SL,1,S|swing
2021-09-28 10:02:00-04:00,2021-09-28 10:02:00-04:00,2021-09-28 15:59:00-04:00,S,14898.75,14764.75,15018.75,120.0,266.0,1.1083333333333334,time,1,S|swing
2021-09-29 09:44:00-04:00,2021-09-29 09:44:00-04:00,2021-09-29 09:49:00-04:00,S,14795.25,14853.25,14853.0,57.75,-118.0,-1.0216450216450217,SL,1,S|swing
2021-09-29 10:23:00-04:00,2021-09-29 10:23:00-04:00,2021-09-29 10:30:00-04:00,L,14890.5,14851.5,14851.75,38.75,-80.0,-1.032258064516129,SL,1,L|swing
2021-09-29 11:17:00-04:00,2021-09-29 11:17:00-04:00,2021-09-29 12:23:00-04:00,S,14831.25,14745.25,14889.25,58.0,170.0,1.4655172413793103,TP,1,S|swing
2021-09-29 13:32:00-04:00,2021-09-29 13:32:00-04:00,2021-09-29 14:08:00-04:00,S,14727.25,14784.25,14784.0,56.75,-116.0,-1.0220264317180616,SL,1,S|swing
2021-09-29 14:44:00-04:00,2021-09-29 14:44:00-04:00,2021-09-29 15:05:00-04:00,L,14841.0,14818.0,14818.25,22.75,-48.0,-1.054945054945055,SL,1,L|swing
2021-09-30 09:50:00-04:00,2021-09-30 09:50:00-04:00,2021-09-30 10:55:00-04:00,L,14874.0,14780.25,14780.5,93.5,-189.5,-1.0133689839572193,SL,1,L|swing
2021-09-30 10:59:00-04:00,2021-09-30 10:59:00-04:00,2021-09-30 11:17:00-04:00,S,14784.25,14837.75,14837.5,53.25,-109.0,-1.0234741784037558,SL,1,S|swing
2021-09-30 11:38:00-04:00,2021-09-30 11:38:00-04:00,2021-09-30 15:59:00-04:00,S,14760.75,14676.5,14840.75,80.0,166.5,1.040625,time,1,S|swing
2021-10-01 10:17:00-04:00,2021-10-01 10:17:00-04:00,2021-10-01 11:14:00-04:00,S,14569.25,14659.5,14659.25,90.0,-182.5,-1.0138888888888888,SL,1,S|swing
2021-10-01 11:32:00-04:00,2021-10-01 11:32:00-04:00,2021-10-01 15:59:00-04:00,L,14683.25,14770.5,14583.5,99.75,172.5,0.8646616541353384,time,1,L|swing
2021-10-04 10:02:00-04:00,2021-10-04 10:02:00-04:00,2021-10-04 15:59:00-04:00,S,14546.5,14467.5,14691.5,145.0,156.0,0.5379310344827586,time,1,S|swing
2021-10-05 09:50:00-04:00,2021-10-05 09:50:00-04:00,2021-10-05 11:13:00-04:00,L,14580.5,14707.75,14495.0,85.5,252.5,1.476608187134503,TP,1,L|swing
2021-10-05 12:08:00-04:00,2021-10-05 12:08:00-04:00,2021-10-05 15:55:00-04:00,L,14719.0,14663.5,14663.75,55.25,-113.0,-1.0226244343891402,SL,1,L|swing
2021-10-06 10:02:00-04:00,2021-10-06 10:02:00-04:00,2021-10-06 10:22:00-04:00,S,14498.5,14639.5,14639.25,140.75,-284.0,-1.0088809946714032,SL,1,S|swing
2021-10-06 10:23:00-04:00,2021-10-06 10:23:00-04:00,2021-10-06 15:59:00-04:00,L,14648.0,14753.25,14483.25,164.75,208.5,0.6327769347496206,time,1,L|swing
2021-10-07 09:35:00-04:00,2021-10-07 09:35:00-04:00,2021-10-07 15:59:00-04:00,L,14939.25,14886.0,14859.0,80.25,-108.5,-0.67601246105919,time,1,L|swing
2021-10-08 10:17:00-04:00,2021-10-08 10:17:00-04:00,2021-10-08 10:40:00-04:00,L,14902.5,14845.5,14845.75,56.75,-116.0,-1.0220264317180616,SL,1,L|swing
2021-10-08 11:35:00-04:00,2021-10-08 11:35:00-04:00,2021-10-08 15:59:00-04:00,S,14833.25,14811.75,14876.25,43.0,41.0,0.47674418604651164,time,1,S|swing
2021-10-11 10:14:00-04:00,2021-10-11 10:14:00-04:00,2021-10-11 12:14:00-04:00,L,14881.75,14819.0,14819.25,62.5,-127.5,-1.02,SL,1,L|swing
2021-10-11 13:23:00-04:00,2021-10-11 13:23:00-04:00,2021-10-11 15:59:00-04:00,S,14780.75,14700.25,14838.0,57.25,159.0,1.388646288209607,time,1,S|swing
2021-10-12 09:44:00-04:00,2021-10-12 09:44:00-04:00,2021-10-12 15:59:00-04:00,S,14690.5,14650.5,14779.0,88.5,78.0,0.4406779661016949,time,1,S|swing
2021-10-13 10:44:00-04:00,2021-10-13 10:44:00-04:00,2021-10-13 11:35:00-04:00,L,14726.5,14667.5,14667.75,58.75,-120.0,-1.0212765957446808,SL,1,L|swing
2021-10-13 11:50:00-04:00,2021-10-13 11:50:00-04:00,2021-10-13 15:59:00-04:00,L,14733.5,14766.25,14661.0,72.5,63.5,0.4379310344827586,time,1,L|swing
2021-10-14 09:41:00-04:00,2021-10-14 09:41:00-04:00,2021-10-14 10:06:00-04:00,L,14927.75,14983.25,14890.25,37.5,109.0,1.4533333333333334,TP,1,L|swing
2021-10-14 10:50:00-04:00,2021-10-14 10:50:00-04:00,2021-10-14 12:48:00-04:00,L,14995.75,15040.75,14965.25,30.5,88.0,1.4426229508196722,TP,1,L|swing
2021-10-14 12:50:00-04:00,2021-10-14 12:50:00-04:00,2021-10-14 13:04:00-04:00,L,15040.0,15024.0,15024.25,15.75,-34.0,-1.0793650793650793,SL,1,L|swing
2021-10-14 14:29:00-04:00,2021-10-14 14:29:00-04:00,2021-10-14 15:10:00-04:00,L,15042.75,15023.5,15023.75,19.0,-40.5,-1.0657894736842106,SL,1,L|swing
2021-10-15 09:35:00-04:00,2021-10-15 09:35:00-04:00,2021-10-15 10:57:00-04:00,S,15063.25,15100.5,15100.25,37.0,-76.5,-1.0337837837837838,SL,1,S|swing
2021-10-15 12:38:00-04:00,2021-10-15 12:38:00-04:00,2021-10-15 15:54:00-04:00,L,15093.75,15125.5,15072.0,21.75,61.5,1.4137931034482758,TP,1,L|swing
2021-10-18 09:35:00-04:00,2021-10-18 09:35:00-04:00,2021-10-18 09:41:00-04:00,S,15054.5,15093.0,15092.75,38.25,-79.0,-1.0326797385620916,SL,1,S|swing
2021-10-18 10:05:00-04:00,2021-10-18 10:05:00-04:00,2021-10-18 15:23:00-04:00,L,15149.5,15290.75,15054.75,94.75,280.5,1.4802110817941954,TP,1,L|swing
2021-10-19 09:35:00-04:00,2021-10-19 09:35:00-04:00,2021-10-19 09:39:00-04:00,S,15305.75,15337.5,15337.25,31.5,-65.5,-1.0396825396825398,SL,1,S|swing
2021-10-19 09:41:00-04:00,2021-10-19 09:41:00-04:00,2021-10-19 15:59:00-04:00,L,15350.75,15400.0,15302.0,48.75,96.5,0.9897435897435898,time,1,L|swing
2021-10-20 10:02:00-04:00,2021-10-20 10:02:00-04:00,2021-10-20 10:31:00-04:00,S,15383.75,15441.5,15441.25,57.5,-117.5,-1.0217391304347827,SL,1,S|swing
2021-10-20 10:32:00-04:00,2021-10-20 10:32:00-04:00,2021-10-20 12:44:00-04:00,L,15444.25,15379.5,15379.75,64.5,-131.5,-1.0193798449612403,SL,1,L|swing
2021-10-20 13:05:00-04:00,2021-10-20 13:05:00-04:00,2021-10-20 13:18:00-04:00,S,15372.75,15336.5,15397.5,24.75,70.5,1.4242424242424243,TP,1,S|swing
2021-10-21 10:44:00-04:00,2021-10-21 10:44:00-04:00,2021-10-21 11:34:00-04:00,L,15435.25,15400.25,15400.5,34.75,-72.0,-1.0359712230215827,SL,1,L|swing
2021-10-21 11:59:00-04:00,2021-10-21 11:59:00-04:00,2021-10-21 15:00:00-04:00,L,15415.25,15444.0,15395.5,19.75,55.5,1.4050632911392404,TP,1,L|swing
2021-10-22 09:35:00-04:00,2021-10-22 09:35:00-04:00,2021-10-22 09:48:00-04:00,L,15444.5,15404.0,15404.25,40.25,-83.0,-1.031055900621118,SL,1,L|swing
2021-10-22 09:50:00-04:00,2021-10-22 09:50:00-04:00,2021-10-22 10:29:00-04:00,S,15393.5,15458.75,15458.5,65.0,-132.5,-1.0192307692307692,SL,1,S|swing
2021-10-22 10:50:00-04:00,2021-10-22 10:50:00-04:00,2021-10-22 11:26:00-04:00,S,15403.75,15314.25,15464.0,60.25,177.0,1.4688796680497926,TP,1,S|swing
2021-10-22 11:38:00-04:00,2021-10-22 11:38:00-04:00,2021-10-22 15:59:00-04:00,S,15286.5,15342.25,15404.25,117.75,-113.5,-0.4819532908704883,time,1,S|swing
2021-10-25 09:38:00-04:00,2021-10-25 09:38:00-04:00,2021-10-25 11:53:00-04:00,S,15372.0,15433.0,15432.75,60.75,-124.0,-1.0205761316872428,SL,1,S|swing
2021-10-25 12:26:00-04:00,2021-10-25 12:26:00-04:00,2021-10-25 14:34:00-04:00,L,15472.5,15530.25,15433.5,39.0,113.5,1.455128205128205,TP,1,L|swing
2021-10-26 10:08:00-04:00,2021-10-26 10:08:00-04:00,2021-10-26 11:34:00-04:00,L,15661.25,15623.0,15623.25,38.0,-78.5,-1.0328947368421053,SL,1,L|swing
2021-10-26 11:56:00-04:00,2021-10-26 11:56:00-04:00,2021-10-26 15:59:00-04:00,S,15586.25,15545.25,15675.75,89.5,80.0,0.44692737430167595,time,1,S|swing
2021-10-27 09:44:00-04:00,2021-10-27 09:44:00-04:00,2021-10-27 15:59:00-04:00,L,15625.0,15584.75,15558.0,67.0,-82.5,-0.6156716417910447,time,1,L|swing
2021-10-28 10:08:00-04:00,2021-10-28 10:08:00-04:00,2021-10-28 15:59:00-04:00,L,15695.75,15761.25,15636.25,59.5,129.0,1.084033613445378,time,1,L|swing
2021-10-29 10:08:00-04:00,2021-10-29 10:08:00-04:00,2021-10-29 12:11:00-04:00,L,15700.75,15762.5,15659.0,41.75,121.5,1.4550898203592815,TP,1,L|swing
2021-10-29 13:14:00-04:00,2021-10-29 13:14:00-04:00,2021-10-29 13:47:00-04:00,L,15796.75,15777.0,15777.25,19.5,-41.5,-1.064102564102564,SL,1,L|swing
2021-10-29 14:08:00-04:00,2021-10-29 14:08:00-04:00,2021-10-29 14:26:00-04:00,L,15792.75,15772.0,15772.25,20.5,-43.5,-1.0609756097560976,SL,1,L|swing
2021-11-01 10:02:00-04:00,2021-11-01 10:02:00-04:00,2021-11-01 11:47:00-04:00,S,15784.0,15853.5,15853.25,69.25,-141.0,-1.0180505415162455,SL,1,S|swing
2021-11-01 11:59:00-04:00,2021-11-01 11:59:00-04:00,2021-11-01 13:24:00-04:00,L,15861.0,15836.75,15837.0,24.0,-50.5,-1.0520833333333333,SL,1,L|swing
2021-11-01 13:41:00-04:00,2021-11-01 13:41:00-04:00,2021-11-01 15:50:00-04:00,S,15821.5,15870.5,15870.25,48.75,-100.0,-1.0256410256410255,SL,1,S|swing
2021-11-02 11:44:00-04:00,2021-11-02 11:44:00-04:00,2021-11-02 12:01:00-04:00,L,15972.0,15934.25,15934.5,37.5,-77.5,-1.0333333333333334,SL,1,L|swing
2021-11-02 12:47:00-04:00,2021-11-02 12:47:00-04:00,2021-11-02 13:35:00-04:00,L,15948.5,15923.5,15923.75,24.75,-52.0,-1.0505050505050506,SL,1,L|swing
2021-11-02 14:41:00-04:00,2021-11-02 14:41:00-04:00,2021-11-02 15:41:00-04:00,L,15929.25,15964.25,15905.25,24.0,68.0,1.4166666666666667,TP,1,L|swing
2021-11-03 11:11:00-04:00,2021-11-03 11:11:00-04:00,2021-11-03 11:26:00-04:00,S,15946.75,15966.0,15965.75,19.0,-40.5,-1.0657894736842106,SL,1,S|swing
2021-11-03 11:56:00-04:00,2021-11-03 11:56:00-04:00,2021-11-03 14:01:00-04:00,L,15977.0,16029.25,15941.5,35.5,102.5,1.443661971830986,TP,1,L|swing
2021-11-03 14:05:00-04:00,2021-11-03 14:05:00-04:00,2021-11-03 15:59:00-04:00,L,16030.25,16129.5,15951.75,78.5,196.5,1.2515923566878981,time,1,L|swing
2021-11-04 09:44:00-04:00,2021-11-04 09:44:00-04:00,2021-11-04 10:13:00-04:00,L,16203.5,16272.75,16156.75,46.75,136.5,1.4598930481283423,TP,1,L|swing
2021-11-04 10:14:00-04:00,2021-11-04 10:14:00-04:00,2021-11-04 15:59:00-04:00,L,16278.25,16334.5,16202.25,76.0,110.5,0.7269736842105263,time,1,L|swing
2021-11-05 10:17:00-04:00,2021-11-05 10:17:00-04:00,2021-11-05 12:57:00-04:00,L,16439.5,16374.5,16374.75,64.75,-132.0,-1.0193050193050193,SL,1,L|swing
2021-11-05 13:11:00-04:00,2021-11-05 13:11:00-04:00,2021-11-05 15:59:00-04:00,S,16352.5,16351.5,16405.5,53.0,0.0,0.0,time,1,S|swing
2021-11-08 09:35:00-05:00,2021-11-08 09:35:00-05:00,2021-11-08 09:53:00-05:00,L,16384.25,16331.75,16332.0,52.25,-107.0,-1.0239234449760766,SL,1,L|swing
2021-11-08 10:38:00-05:00,2021-11-08 10:38:00-05:00,2021-11-08 11:27:00-05:00,S,16329.25,16362.5,16362.25,33.0,-68.5,-1.0378787878787878,SL,1,S|swing
2021-11-08 12:05:00-05:00,2021-11-08 12:05:00-05:00,2021-11-08 14:16:00-05:00,S,16318.0,16368.0,16367.75,49.75,-102.0,-1.0251256281407035,SL,1,S|swing
2021-11-08 14:17:00-05:00,2021-11-08 14:17:00-05:00,2021-11-08 14:25:00-05:00,L,16379.0,16354.25,16354.5,24.5,-51.5,-1.0510204081632653,SL,1,L|swing
2021-11-09 11:14:00-05:00,2021-11-09 11:14:00-05:00,2021-11-09 15:59:00-05:00,S,16231.5,16217.5,16286.25,54.75,26.0,0.2374429223744292,time,1,S|swing
2021-11-10 11:29:00-05:00,2021-11-10 11:29:00-05:00,2021-11-10 13:05:00-05:00,S,16148.25,16077.75,16195.75,47.5,139.0,1.4631578947368422,TP,1,S|swing
2021-11-10 13:50:00-05:00,2021-11-10 13:50:00-05:00,2021-11-10 14:38:00-05:00,S,16019.25,15935.25,16075.75,56.5,166.0,1.4690265486725664,TP,1,S|swing
2021-11-11 11:38:00-05:00,2021-11-11 11:38:00-05:00,2021-11-11 12:03:00-05:00,L,16092.25,16052.5,16052.75,39.5,-81.5,-1.0316455696202531,SL,1,L|swing
2021-11-11 13:02:00-05:00,2021-11-11 13:02:00-05:00,2021-11-11 14:09:00-05:00,S,16046.5,16067.5,16067.25,20.75,-44.0,-1.0602409638554218,SL,1,S|swing
2021-11-11 14:38:00-05:00,2021-11-11 14:38:00-05:00,2021-11-11 14:50:00-05:00,L,16073.5,16054.75,16055.0,18.5,-39.5,-1.0675675675675675,SL,1,L|swing
2021-11-11 14:53:00-05:00,2021-11-11 14:53:00-05:00,2021-11-11 15:59:00-05:00,S,16045.75,16023.0,16079.0,33.25,43.5,0.6541353383458647,time,1,S|swing
2021-11-12 09:35:00-05:00,2021-11-12 09:35:00-05:00,2021-11-12 10:47:00-05:00,S,16046.0,16090.25,16090.0,44.0,-90.5,-1.0284090909090908,SL,1,S|swing
2021-11-12 11:56:00-05:00,2021-11-12 11:56:00-05:00,2021-11-12 13:00:00-05:00,L,16195.25,16164.75,16165.0,30.25,-63.0,-1.0413223140495869,SL,1,L|swing
2021-11-12 13:23:00-05:00,2021-11-12 13:23:00-05:00,2021-11-12 15:30:00-05:00,L,16175.5,16203.75,16156.0,19.5,54.5,1.3974358974358974,TP,1,L|swing
2021-11-15 09:50:00-05:00,2021-11-15 09:50:00-05:00,2021-11-15 11:42:00-05:00,S,16207.5,16130.75,16259.25,51.75,151.5,1.463768115942029,TP,1,S|swing
2021-11-15 12:23:00-05:00,2021-11-15 12:23:00-05:00,2021-11-15 12:43:00-05:00,S,16091.0,16143.75,16143.5,52.5,-107.5,-1.0238095238095237,SL,1,S|swing
2021-11-15 14:05:00-05:00,2021-11-15 14:05:00-05:00,2021-11-15 14:40:00-05:00,S,16124.25,16150.0,16149.75,25.5,-53.5,-1.0490196078431373,SL,1,S|swing
2021-11-16 11:02:00-05:00,2021-11-16 11:02:00-05:00,2021-11-16 11:21:00-05:00,L,16247.75,16304.75,16209.25,38.5,112.0,1.4545454545454546,TP,1,L|swing
2021-11-16 11:35:00-05:00,2021-11-16 11:35:00-05:00,2021-11-16 15:59:00-05:00,L,16309.25,16304.5,16245.25,64.0,-11.5,-0.08984375,time,1,L|swing
2021-11-17 09:53:00-05:00,2021-11-17 09:53:00-05:00,2021-11-17 10:11:00-05:00,S,16277.25,16323.0,16322.75,45.5,-93.5,-1.0274725274725274,SL,1,S|swing
2021-11-17 10:41:00-05:00,2021-11-17 10:41:00-05:00,2021-11-17 12:54:00-05:00,L,16352.75,16299.25,16299.5,53.25,-109.0,-1.0234741784037558,SL,1,L|swing
2021-11-17 12:56:00-05:00,2021-11-17 12:56:00-05:00,2021-11-17 13:44:00-05:00,S,16300.0,16338.0,16337.75,37.75,-78.0,-1.033112582781457,SL,1,S|swing
2021-11-17 14:56:00-05:00,2021-11-17 14:56:00-05:00,2021-11-17 15:05:00-05:00,L,16339.25,16316.75,16317.0,22.25,-47.0,-1.0561797752808988,SL,1,L|swing
2021-11-18 09:47:00-05:00,2021-11-18 09:47:00-05:00,2021-11-18 10:10:00-05:00,L,16416.25,16353.0,16353.25,63.0,-128.5,-1.0198412698412698,SL,1,L|swing
2021-11-18 10:11:00-05:00,2021-11-18 10:11:00-05:00,2021-11-18 11:34:00-05:00,S,16344.25,16422.25,16422.0,77.75,-158.0,-1.0160771704180065,SL,1,S|swing
2021-11-18 12:17:00-05:00,2021-11-18 12:17:00-05:00,2021-11-18 12:49:00-05:00,L,16473.5,16451.5,16451.75,21.75,-46.0,-1.0574712643678161,SL,1,L|swing
2021-11-18 14:11:00-05:00,2021-11-18 14:11:00-05:00,2021-11-18 14:31:00-05:00,L,16450.75,16416.5,16416.75,34.0,-70.5,-1.036764705882353,SL,1,L|swing
2021-11-19 09:50:00-05:00,2021-11-19 09:50:00-05:00,2021-11-19 15:59:00-05:00,L,16579.75,16571.75,16516.0,63.75,-18.0,-0.1411764705882353,time,1,L|swing
2021-11-22 11:23:00-05:00,2021-11-22 11:23:00-05:00,2021-11-22 11:56:00-05:00,S,16632.25,16484.25,16731.5,99.25,294.0,1.4811083123425692,TP,1,S|swing
2021-11-22 13:41:00-05:00,2021-11-22 13:41:00-05:00,2021-11-22 14:05:00-05:00,S,16525.0,16550.75,16550.5,25.5,-53.5,-1.0490196078431373,SL,1,S|swing
2021-11-23 09:47:00-05:00,2021-11-23 09:47:00-05:00,2021-11-23 10:09:00-05:00,L,16394.5,16282.25,16282.5,112.0,-226.5,-1.0111607142857142,SL,1,L|swing
2021-11-23 10:26:00-05:00,2021-11-23 10:26:00-05:00,2021-11-23 15:59:00-05:00,S,16257.5,16305.75,16416.0,158.5,-98.5,-0.3107255520504732,time,1,S|swing
2021-11-24 10:44:00-05:00,2021-11-24 10:44:00-05:00,2021-11-24 11:12:00-05:00,S,16229.25,16271.0,16270.75,41.5,-85.5,-1.0301204819277108,SL,1,S|swing
2021-11-24 13:02:00-05:00,2021-11-24 13:02:00-05:00,2021-11-24 14:08:00-05:00,L,16329.0,16278.5,16278.75,50.25,-103.0,-1.0248756218905473,SL,1,L|swing
2021-11-24 14:44:00-05:00,2021-11-24 14:44:00-05:00,2021-11-24 15:59:00-05:00,L,16317.25,16362.0,16269.75,47.5,87.5,0.9210526315789473,time,1,L|swing
2021-11-25 10:26:00-05:00,2021-11-25 10:26:00-05:00,2021-11-25 10:48:00-05:00,L,16417.25,16405.75,16406.0,11.25,-25.0,-1.1111111111111112,SL,1,L|swing
2021-11-25 11:23:00-05:00,2021-11-25 11:23:00-05:00,2021-11-25 11:45:00-05:00,S,16394.0,16405.0,16404.75,10.75,-24.0,-1.1162790697674418,SL,1,S|swing
2021-11-25 12:02:00-05:00,2021-11-25 12:02:00-05:00,2021-11-25 12:49:00-05:00,L,16411.75,16409.5,16396.25,15.5,-6.5,-0.20967741935483872,time,1,L|swing
2021-11-26 09:44:00-05:00,2021-11-26 09:44:00-05:00,2021-11-26 11:17:00-05:00,S,16205.25,16052.25,16307.75,102.5,304.0,1.4829268292682927,TP,1,S|swing
2021-11-26 12:50:00-05:00,2021-11-26 12:50:00-05:00,2021-11-26 13:04:00-05:00,S,16043.25,16051.75,16137.25,94.0,-19.0,-0.10106382978723404,time,1,S|swing
2021-11-29 09:53:00-05:00,2021-11-29 09:53:00-05:00,2021-11-29 12:21:00-05:00,L,16278.75,16384.25,16207.75,71.0,209.0,1.471830985915493,TP,1,L|swing
2021-11-29 12:23:00-05:00,2021-11-29 12:23:00-05:00,2021-11-29 15:59:00-05:00,L,16384.5,16390.5,16343.75,40.75,10.0,0.12269938650306748,time,1,L|swing
2021-11-30 09:53:00-05:00,2021-11-30 09:53:00-05:00,2021-11-30 10:46:00-05:00,L,16382.0,16318.25,16318.5,63.5,-129.5,-1.0196850393700787,SL,1,L|swing
2021-11-30 10:47:00-05:00,2021-11-30 10:47:00-05:00,2021-11-30 11:01:00-05:00,S,16308.75,16116.75,16437.25,128.5,382.0,1.4863813229571985,TP,1,S|swing
2021-11-30 11:35:00-05:00,2021-11-30 11:35:00-05:00,2021-11-30 14:25:00-05:00,S,16142.0,16220.5,16220.25,78.25,-159.0,-1.0159744408945688,SL,1,S|swing
2021-11-30 14:41:00-05:00,2021-11-30 14:41:00-05:00,2021-11-30 15:25:00-05:00,S,16184.5,16124.75,16225.0,40.5,117.5,1.4506172839506173,TP,1,S|swing
2021-12-01 10:02:00-05:00,2021-12-01 10:02:00-05:00,2021-12-01 12:55:00-05:00,L,16361.5,16270.25,16270.5,91.0,-184.5,-1.0137362637362637,SL,1,L|swing
2021-12-01 13:08:00-05:00,2021-12-01 13:08:00-05:00,2021-12-01 15:15:00-05:00,S,16224.0,16037.75,16348.75,124.75,370.5,1.4849699398797596,TP,1,S|swing
2021-12-02 10:38:00-05:00,2021-12-02 10:38:00-05:00,2021-12-02 11:10:00-05:00,S,15807.25,15952.5,15952.25,145.0,-292.5,-1.0086206896551724,SL,1,S|swing
2021-12-02 11:47:00-05:00,2021-12-02 11:47:00-05:00,2021-12-02 12:03:00-05:00,S,15879.0,15986.75,15986.5,107.5,-217.5,-1.0116279069767442,SL,1,S|swing
2021-12-02 13:53:00-05:00,2021-12-02 13:53:00-05:00,2021-12-02 15:59:00-05:00,L,15996.0,15991.25,15922.0,74.0,-11.5,-0.0777027027027027,time,1,L|swing
2021-12-03 10:35:00-05:00,2021-12-03 10:35:00-05:00,2021-12-03 11:58:00-05:00,S,15729.0,15581.75,15827.75,98.75,292.5,1.481012658227848,TP,1,S|swing
2021-12-03 13:32:00-05:00,2021-12-03 13:32:00-05:00,2021-12-03 15:56:00-05:00,S,15618.25,15684.25,15684.0,65.75,-134.0,-1.0190114068441065,SL,1,S|swing
2021-12-06 10:14:00-05:00,2021-12-06 10:14:00-05:00,2021-12-06 15:59:00-05:00,L,15743.0,15842.75,15600.25,142.75,197.5,0.691768826619965,time,1,L|swing
2021-12-07 09:35:00-05:00,2021-12-07 09:35:00-05:00,2021-12-07 10:36:00-05:00,L,16171.0,16280.25,16097.5,73.5,216.5,1.4727891156462585,TP,1,L|swing
2021-12-07 11:35:00-05:00,2021-12-07 11:35:00-05:00,2021-12-07 13:50:00-05:00,L,16295.25,16341.75,16263.75,31.5,91.0,1.4444444444444444,TP,1,L|swing
2021-12-08 10:47:00-05:00,2021-12-08 10:47:00-05:00,2021-12-08 11:30:00-05:00,S,16255.5,16331.25,16331.0,75.5,-153.5,-1.0165562913907285,SL,1,S|swing
2021-12-08 12:23:00-05:00,2021-12-08 12:23:00-05:00,2021-12-08 12:42:00-05:00,S,16296.25,16330.25,16330.0,33.75,-70.0,-1.037037037037037,SL,1,S|swing
2021-12-08 13:20:00-05:00,2021-12-08 13:20:00-05:00,2021-12-08 15:53:00-05:00,L,16343.5,16390.25,16311.75,31.75,91.5,1.4409448818897639,TP,1,L|swing
2021-12-09 09:56:00-05:00,2021-12-09 09:56:00-05:00,2021-12-09 14:56:00-05:00,S,16328.5,16200.25,16414.5,86.0,254.5,1.4796511627906976,TP,1,S|swing
2021-12-10 09:38:00-05:00,2021-12-10 09:38:00-05:00,2021-12-10 09:43:00-05:00,L,16304.25,16254.75,16255.0,49.25,-101.0,-1.0253807106598984,SL,1,L|swing
2021-12-10 10:14:00-05:00,2021-12-10 10:14:00-05:00,2021-12-10 10:46:00-05:00,L,16260.75,16199.5,16199.75,61.0,-124.5,-1.0204918032786885,SL,1,L|swing
2021-12-10 10:47:00-05:00,2021-12-10 10:47:00-05:00,2021-12-10 15:50:00-05:00,S,16185.25,16311.5,16311.25,126.0,-254.5,-1.0099206349206349,SL,1,S|swing
2021-12-15 09:47:00-05:00,2021-12-15 09:47:00-05:00,2021-12-15 12:14:00-05:00,S,15858.25,15754.5,15928.0,69.75,205.5,1.4731182795698925,TP,1,S|swing
2021-12-15 13:50:00-05:00,2021-12-15 13:50:00-05:00,2021-12-15 13:57:00-05:00,S,15805.75,15824.5,15824.25,18.5,-39.5,-1.0675675675675675,SL,1,S|swing
2021-12-15 14:53:00-05:00,2021-12-15 14:53:00-05:00,2021-12-15 15:22:00-05:00,L,16018.5,16223.75,15881.0,137.5,408.5,1.4854545454545454,TP,1,L|swing
2021-12-16 09:38:00-05:00,2021-12-16 09:38:00-05:00,2021-12-16 10:00:00-05:00,S,16269.25,16158.0,16344.0,74.75,220.5,1.4749163879598661,TP,1,S|swing
2021-12-16 11:02:00-05:00,2021-12-16 11:02:00-05:00,2021-12-16 12:56:00-05:00,S,16070.0,15908.75,16178.0,108.0,320.5,1.4837962962962963,TP,1,S|swing
2021-12-16 13:35:00-05:00,2021-12-16 13:35:00-05:00,2021-12-16 13:49:00-05:00,S,15927.75,15972.0,15971.75,44.0,-90.5,-1.0284090909090908,SL,1,S|swing
2021-12-16 14:08:00-05:00,2021-12-16 14:08:00-05:00,2021-12-16 14:49:00-05:00,S,15906.25,15797.25,15979.5,73.25,216.0,1.4744027303754266,TP,1,S|swing
2021-12-17 09:38:00-05:00,2021-12-17 09:38:00-05:00,2021-12-17 09:49:00-05:00,S,15664.75,15792.25,15792.0,127.25,-257.0,-1.0098231827111985,SL,1,S|swing
2021-12-17 09:50:00-05:00,2021-12-17 09:50:00-05:00,2021-12-17 10:22:00-05:00,L,15829.25,15656.25,15656.5,172.75,-348.0,-1.0072358900144718,SL,1,L|swing
2021-12-17 10:38:00-05:00,2021-12-17 10:38:00-05:00,2021-12-17 15:59:00-05:00,L,15815.75,15779.75,15650.75,165.0,-74.0,-0.22424242424242424,time,1,L|swing
2021-12-20 09:35:00-05:00,2021-12-20 09:35:00-05:00,2021-12-20 10:58:00-05:00,L,15607.5,15542.25,15542.5,65.0,-132.5,-1.0192307692307692,SL,1,L|swing
2021-12-20 10:59:00-05:00,2021-12-20 10:59:00-05:00,2021-12-20 15:17:00-05:00,S,15545.25,15632.5,15632.25,87.0,-176.5,-1.014367816091954,SL,1,S|swing
2021-12-21 10:26:00-05:00,2021-12-21 10:26:00-05:00,2021-12-21 11:07:00-05:00,S,15626.5,15708.5,15708.25,81.75,-166.0,-1.0152905198776758,SL,1,S|swing
2021-12-21 11:38:00-05:00,2021-12-21 11:38:00-05:00,2021-12-21 12:34:00-05:00,L,15764.25,15849.25,15707.0,57.25,168.0,1.4672489082969433,TP,1,L|swing
2021-12-21 12:53:00-05:00,2021-12-21 12:53:00-05:00,2021-12-21 14:03:00-05:00,L,15857.25,15927.75,15809.75,47.5,139.0,1.4631578947368422,TP,1,L|swing
2021-12-21 14:05:00-05:00,2021-12-21 14:05:00-05:00,2021-12-21 15:02:00-05:00,L,15934.25,15980.25,15903.0,31.25,90.0,1.44,TP,1,L|swing
2021-12-22 10:38:00-05:00,2021-12-22 10:38:00-05:00,2021-12-22 15:59:00-05:00,L,16063.0,16167.75,15964.75,98.25,207.5,1.0559796437659033,time,1,L|swing
2021-12-23 10:02:00-05:00,2021-12-23 10:02:00-05:00,2021-12-23 13:31:00-05:00,L,16246.0,16334.75,16186.25,59.75,175.5,1.4686192468619246,TP,1,L|swing
2021-12-23 14:56:00-05:00,2021-12-23 14:56:00-05:00,2021-12-23 15:03:00-05:00,L,16336.0,16317.0,16317.25,18.75,-40.0,-1.0666666666666667,SL,1,L|swing
2021-12-27 10:02:00-05:00,2021-12-27 10:02:00-05:00,2021-12-27 11:13:00-05:00,L,16452.5,16531.75,16399.0,53.5,156.5,1.4626168224299065,TP,1,L|swing
2021-12-27 11:14:00-05:00,2021-12-27 11:14:00-05:00,2021-12-27 11:20:00-05:00,L,16531.75,16501.75,16502.0,29.75,-62.0,-1.0420168067226891,SL,1,L|swing
2021-12-27 12:02:00-05:00,2021-12-27 12:02:00-05:00,2021-12-27 14:43:00-05:00,L,16522.5,16558.0,16498.25,24.25,69.0,1.422680412371134,TP,1,L|swing
2021-12-28 10:08:00-05:00,2021-12-28 10:08:00-05:00,2021-12-28 15:59:00-05:00,S,16534.75,16494.75,16596.0,61.25,78.0,0.636734693877551,time,1,S|swing
2021-12-29 09:47:00-05:00,2021-12-29 09:47:00-05:00,2021-12-29 10:16:00-05:00,S,16486.25,16392.25,16549.5,63.25,186.0,1.4703557312252964,TP,1,S|swing
2021-12-29 11:29:00-05:00,2021-12-29 11:29:00-05:00,2021-12-29 14:30:00-05:00,S,16448.25,16487.25,16487.0,38.75,-80.0,-1.032258064516129,SL,1,S|swing
2021-12-29 14:32:00-05:00,2021-12-29 14:32:00-05:00,2021-12-29 15:59:00-05:00,L,16486.5,16489.0,16457.25,29.25,3.0,0.05128205128205128,time,1,L|swing
2021-12-30 10:05:00-05:00,2021-12-30 10:05:00-05:00,2021-12-30 15:45:00-05:00,L,16525.75,16449.0,16449.25,76.5,-155.5,-1.0163398692810457,SL,1,L|swing
2021-12-31 09:47:00-05:00,2021-12-31 09:47:00-05:00,2021-12-31 15:59:00-05:00,S,16395.5,16325.0,16464.25,68.75,139.0,1.010909090909091,time,1,S|swing
2022-01-03 09:50:00-05:00,2022-01-03 09:50:00-05:00,2022-01-03 14:44:00-05:00,S,16319.25,16485.25,16485.0,165.75,-334.0,-1.0075414781297134,SL,1,S|swing
2022-01-04 09:50:00-05:00,2022-01-04 09:50:00-05:00,2022-01-04 10:34:00-05:00,S,16454.5,16355.25,16521.25,66.75,196.5,1.4719101123595506,TP,1,S|swing
2022-01-04 10:35:00-05:00,2022-01-04 10:35:00-05:00,2022-01-04 10:55:00-05:00,S,16356.0,16259.0,16421.25,65.25,192.0,1.471264367816092,TP,1,S|swing
2022-01-04 11:59:00-05:00,2022-01-04 11:59:00-05:00,2022-01-04 15:10:00-05:00,S,16204.5,16251.5,16251.25,46.75,-96.0,-1.0267379679144386,SL,1,S|swing
2022-01-05 10:02:00-05:00,2022-01-05 10:02:00-05:00,2022-01-05 12:32:00-05:00,L,16232.25,16102.5,16102.75,129.5,-261.5,-1.0096525096525097,SL,1,L|swing
2022-01-05 13:50:00-05:00,2022-01-05 13:50:00-05:00,2022-01-05 14:02:00-05:00,S,16062.5,16088.0,16087.75,25.25,-53.0,-1.0495049504950495,SL,1,S|swing
2022-01-05 14:05:00-05:00,2022-01-05 14:05:00-05:00,2022-01-05 15:07:00-05:00,S,16015.0,15844.25,16129.5,114.5,339.5,1.482532751091703,TP,1,S|swing
2022-01-06 10:05:00-05:00,2022-01-06 10:05:00-05:00,2022-01-06 10:57:00-05:00,S,15633.75,15851.0,15850.75,217.0,-436.5,-1.0057603686635945,SL,1,S|swing
2022-01-06 11:17:00-05:00,2022-01-06 11:17:00-05:00,2022-01-06 11:27:00-05:00,L,15875.5,15793.0,15793.25,82.25,-167.0,-1.0151975683890577,SL,1,L|swing
2022-01-06 12:44:00-05:00,2022-01-06 12:44:00-05:00,2022-01-06 13:23:00-05:00,L,15877.5,15790.5,15790.75,86.75,-176.0,-1.0144092219020173,SL,1,L|swing
2022-01-06 14:47:00-05:00,2022-01-06 14:47:00-05:00,2022-01-06 15:32:00-05:00,L,15824.5,15780.5,15780.75,43.75,-90.0,-1.0285714285714285,SL,1,L|swing
2022-01-07 09:35:00-05:00,2022-01-07 09:35:00-05:00,2022-01-07 09:43:00-05:00,S,15698.25,15778.25,15778.0,79.75,-162.0,-1.0156739811912225,SL,1,S|swing
2022-01-07 09:44:00-05:00,2022-01-07 09:44:00-05:00,2022-01-07 10:20:00-05:00,L,15801.5,15673.25,15673.5,128.0,-258.5,-1.009765625,SL,1,L|swing
2022-01-07 12:20:00-05:00,2022-01-07 12:20:00-05:00,2022-01-07 15:59:00-05:00,S,15608.75,15585.25,15673.25,64.5,45.0,0.3488372093023256,time,1,S|swing
2022-01-10 10:14:00-05:00,2022-01-10 10:14:00-05:00,2022-01-10 13:23:00-05:00,S,15205.25,15346.75,15346.5,141.25,-285.0,-1.008849557522124,SL,1,S|swing
2022-01-10 13:44:00-05:00,2022-01-10 13:44:00-05:00,2022-01-10 14:36:00-05:00,L,15385.0,15506.0,15303.75,81.25,240.0,1.476923076923077,TP,1,L|swing
2022-01-11 09:41:00-05:00,2022-01-11 09:41:00-05:00,2022-01-11 10:03:00-05:00,S,15495.0,15594.5,15594.25,99.25,-201.0,-1.012594458438287,SL,1,S|swing
2022-01-11 10:05:00-05:00,2022-01-11 10:05:00-05:00,2022-01-11 15:59:00-05:00,L,15641.0,15831.75,15474.25,166.75,379.5,1.1379310344827587,time,1,L|swing
2022-01-12 10:11:00-05:00,2022-01-12 10:11:00-05:00,2022-01-12 10:41:00-05:00,L,15999.25,15884.0,15884.25,115.0,-232.5,-1.0108695652173914,SL,1,L|swing
2022-01-12 11:05:00-05:00,2022-01-12 11:05:00-05:00,2022-01-12 12:55:00-05:00,S,15835.25,15948.25,15948.0,112.75,-228.0,-1.0110864745011086,SL,1,S|swing
2022-01-12 13:53:00-05:00,2022-01-12 13:53:00-05:00,2022-01-12 15:59:00-05:00,S,15884.0,15895.75,15921.75,37.75,-25.5,-0.33774834437086093,time,1,S|swing
2022-01-13 10:32:00-05:00,2022-01-13 10:32:00-05:00,2022-01-13 12:17:00-05:00,S,15821.0,15662.75,15927.0,106.0,314.5,1.4834905660377358,TP,1,S|swing
2022-01-13 13:35:00-05:00,2022-01-13 13:35:00-05:00,2022-01-13 14:01:00-05:00,S,15642.5,15694.5,15694.25,51.75,-106.0,-1.0241545893719808,SL,1,S|swing
2022-01-13 14:17:00-05:00,2022-01-13 14:17:00-05:00,2022-01-13 15:46:00-05:00,S,15637.0,15522.25,15714.0,77.0,227.5,1.4772727272727273,TP,1,S|swing
2022-01-14 09:56:00-05:00,2022-01-14 09:56:00-05:00,2022-01-14 15:59:00-05:00,L,15577.5,15592.5,15379.5,198.0,28.0,0.0707070707070707,time,1,L|swing
2022-01-17 09:44:00-05:00,2022-01-17 09:44:00-05:00,2022-01-17 12:49:00-05:00,S,15572.25,15553.25,15611.5,39.25,36.0,0.4585987261146497,time,1,S|swing
2022-01-18 10:08:00-05:00,2022-01-18 10:08:00-05:00,2022-01-18 11:31:00-05:00,L,15400.25,15275.25,15275.5,124.75,-252.0,-1.0100200400801602,SL,1,L|swing
2022-01-18 11:32:00-05:00,2022-01-18 11:32:00-05:00,2022-01-18 11:40:00-05:00,S,15258.0,15330.0,15329.75,71.75,-146.0,-1.0174216027874565,SL,1,S|swing
2022-01-18 12:26:00-05:00,2022-01-18 12:26:00-05:00,2022-01-18 15:54:00-05:00,S,15288.0,15186.75,15356.0,68.0,200.5,1.474264705882353,TP,1,S|swing
2022-01-19 09:56:00-05:00,2022-01-19 09:56:00-05:00,2022-01-19 10:32:00-05:00,L,15358.25,15251.0,15251.25,107.0,-216.5,-1.0116822429906542,SL,1,L|swing
2022-01-19 11:14:00-05:00,2022-01-19 11:14:00-05:00,2022-01-19 12:07:00-05:00,S,15129.75,15227.5,15227.25,97.5,-197.5,-1.0128205128205128,SL,1,S|swing
2022-01-19 12:26:00-05:00,2022-01-19 12:26:00-05:00,2022-01-19 14:14:00-05:00,L,15292.75,15180.25,15180.5,112.25,-227.0,-1.0111358574610245,SL,1,L|swing
2022-01-20 09:44:00-05:00,2022-01-20 09:44:00-05:00,2022-01-20 14:12:00-05:00,L,15258.5,15160.0,15160.25,98.25,-199.0,-1.0127226463104326,SL,1,L|swing
2022-01-20 14:14:00-05:00,2022-01-20 14:14:00-05:00,2022-01-20 15:08:00-05:00,S,15153.0,15032.75,15233.75,80.75,238.5,1.4767801857585139,TP,1,S|swing
2022-01-21 09:44:00-05:00,2022-01-21 09:44:00-05:00,2022-01-21 11:21:00-05:00,S,14671.0,14819.25,14819.0,148.0,-298.5,-1.008445945945946,SL,1,S|swing
2022-01-21 11:23:00-05:00,2022-01-21 11:23:00-05:00,2022-01-21 11:38:00-05:00,L,14854.5,14729.0,14729.25,125.25,-253.0,-1.0099800399201597,SL,1,L|swing
2022-01-21 12:17:00-05:00,2022-01-21 12:17:00-05:00,2022-01-21 15:07:00-05:00,S,14633.75,14470.75,14743.0,109.25,324.0,1.482837528604119,TP,1,S|swing
2022-01-24 09:44:00-05:00,2022-01-24 09:44:00-05:00,2022-01-24 11:37:00-05:00,S,14136.75,13946.75,14264.0,127.25,378.0,1.4852652259332024,TP,1,S|swing
2022-01-24 11:38:00-05:00,2022-01-24 11:38:00-05:00,2022-01-24 12:13:00-05:00,S,13940.5,13764.75,14058.25,117.75,349.5,1.484076433121019,TP,1,S|swing
2022-01-24 12:14:00-05:00,2022-01-24 12:14:00-05:00,2022-01-24 12:54:00-05:00,S,13781.5,13936.75,13936.5,155.0,-312.5,-1.0080645161290323,SL,1,S|swing
2022-01-24 14:38:00-05:00,2022-01-24 14:38:00-05:00,2022-01-24 15:15:00-05:00,S,13996.75,14245.5,14245.25,248.5,-499.5,-1.0050301810865192,SL,1,S|swing
2022-01-25 09:47:00-05:00,2022-01-25 09:47:00-05:00,2022-01-25 14:19:00-05:00,S,14127.75,14305.25,14305.0,177.25,-357.0,-1.007052186177715,SL,1,S|swing
2022-01-25 14:44:00-05:00,2022-01-25 14:44:00-05:00,2022-01-25 15:25:00-05:00,L,14346.75,14256.0,14256.25,90.5,-183.5,-1.0138121546961325,SL,1,L|swing
2022-01-26 10:05:00-05:00,2022-01-26 10:05:00-05:00,2022-01-26 10:44:00-05:00,L,14505.75,14349.5,14349.75,156.0,-314.5,-1.0080128205128205,SL,1,L|swing
2022-01-26 11:11:00-05:00,2022-01-26 11:11:00-05:00,2022-01-26 14:00:00-05:00,L,14421.5,14564.75,14325.5,96.0,284.5,1.4817708333333333,TP,1,L|swing
2022-01-26 14:02:00-05:00,2022-01-26 14:02:00-05:00,2022-01-26 14:14:00-05:00,L,14617.75,14470.5,14470.75,147.0,-296.5,-1.0085034013605443,SL,1,L|swing
2022-01-26 14:44:00-05:00,2022-01-26 14:44:00-05:00,2022-01-26 15:07:00-05:00,S,14343.0,14034.75,14549.0,206.0,614.5,1.491504854368932,TP,1,S|swing
2022-01-27 09:47:00-05:00,2022-01-27 09:47:00-05:00,2022-01-27 10:31:00-05:00,L,14354.5,14231.25,14231.5,123.0,-248.5,-1.0101626016260163,SL,1,L|swing
2022-01-27 10:59:00-05:00,2022-01-27 10:59:00-05:00,2022-01-27 12:16:00-05:00,L,14296.0,14178.5,14178.75,117.25,-237.0,-1.0106609808102345,SL,1,L|swing
2022-01-27 12:32:00-05:00,2022-01-27 12:32:00-05:00,2022-01-27 15:59:00-05:00,S,14134.25,13987.75,14294.5,160.25,291.0,0.9079563182527302,time,1,S|swing
2022-01-28 09:35:00-05:00,2022-01-28 09:35:00-05:00,2022-01-28 10:54:00-05:00,S,13931.0,14102.75,14102.5,171.5,-345.5,-1.0072886297376094,SL,1,S|swing
2022-01-28 11:11:00-05:00,2022-01-28 11:11:00-05:00,2022-01-28 15:59:00-05:00,L,14192.0,14433.75,13944.0,248.0,481.5,0.9707661290322581,time,1,L|swing
2022-01-31 09:35:00-05:00,2022-01-31 09:35:00-05:00,2022-01-31 10:08:00-05:00,L,14527.75,14694.5,14416.0,111.75,331.5,1.483221476510067,TP,1,L|swing
2022-01-31 10:23:00-05:00,2022-01-31 10:23:00-05:00,2022-01-31 15:50:00-05:00,L,14713.0,14885.75,14597.25,115.75,343.5,1.4838012958963283,TP,1,L|swing
2022-02-01 10:02:00-05:00,2022-02-01 10:02:00-05:00,2022-02-01 11:48:00-05:00,S,14765.25,14919.25,14919.0,153.75,-310.0,-1.008130081300813,SL,1,S|swing
2022-02-01 11:53:00-05:00,2022-02-01 11:53:00-05:00,2022-02-01 12:33:00-05:00,L,14916.5,14857.0,14857.25,59.25,-121.0,-1.021097046413502,SL,1,L|swing
2022-02-01 12:35:00-05:00,2022-02-01 12:35:00-05:00,2022-02-01 15:02:00-05:00,S,14855.0,14916.0,14915.75,60.75,-124.0,-1.0205761316872428,SL,1,S|swing
2022-02-02 09:44:00-05:00,2022-02-02 09:44:00-05:00,2022-02-02 15:59:00-05:00,S,15084.25,15114.5,15181.5,97.25,-62.5,-0.3213367609254499,time,1,S|swing
2022-02-03 10:20:00-05:00,2022-02-03 10:20:00-05:00,2022-02-03 11:59:00-05:00,L,14823.75,14680.0,14680.25,143.5,-289.5,-1.0087108013937283,SL,1,L|swing
2022-02-03 12:53:00-05:00,2022-02-03 12:53:00-05:00,2022-02-03 13:21:00-05:00,S,14646.25,14695.0,14694.75,48.5,-99.5,-1.0257731958762886,SL,1,S|swing
2022-02-03 14:29:00-05:00,2022-02-03 14:29:00-05:00,2022-02-03 15:33:00-05:00,S,14640.0,14554.25,14697.75,57.75,169.5,1.4675324675324675,TP,1,S|swing
2022-02-04 10:17:00-05:00,2022-02-04 10:17:00-05:00,2022-02-04 10:46:00-05:00,L,14651.25,14495.75,14496.0,155.25,-313.0,-1.0080515297906603,SL,1,L|swing
2022-02-04 11:11:00-05:00,2022-02-04 11:11:00-05:00,2022-02-04 11:32:00-05:00,S,14463.5,14571.75,14571.5,108.0,-218.5,-1.0115740740740742,SL,1,S|swing
2022-02-04 12:02:00-05:00,2022-02-04 12:02:00-05:00,2022-02-04 12:40:00-05:00,S,14566.25,14625.5,14625.25,59.0,-120.5,-1.021186440677966,SL,1,S|swing
2022-02-04 12:41:00-05:00,2022-02-04 12:41:00-05:00,2022-02-04 13:10:00-05:00,L,14620.0,14712.5,14557.75,62.25,183.0,1.4698795180722892,TP,1,L|swing
2022-02-04 13:23:00-05:00,2022-02-04 13:23:00-05:00,2022-02-04 15:59:00-05:00,L,14720.0,14680.25,14625.0,95.0,-81.5,-0.42894736842105263,time,1,L|swing
2022-02-07 09:38:00-05:00,2022-02-07 09:38:00-05:00,2022-02-07 11:09:00-05:00,L,14737.75,14669.75,14670.0,67.75,-138.0,-1.018450184501845,SL,1,L|swing
2022-02-07 11:11:00-05:00,2022-02-07 11:11:00-05:00,2022-02-07 11:43:00-05:00,S,14683.25,14591.75,14744.75,61.5,181.0,1.4715447154471544,TP,1,S|swing
2022-02-07 12:38:00-05:00,2022-02-07 12:38:00-05:00,2022-02-07 13:03:00-05:00,S,14571.5,14634.5,14634.25,62.75,-128.0,-1.0199203187250996,SL,1,S|swing
2022-02-07 14:29:00-05:00,2022-02-07 14:29:00-05:00,2022-02-07 15:29:00-05:00,L,14690.75,14631.0,14631.25,59.5,-121.5,-1.0210084033613445,SL,1,L|swing
2022-02-08 10:02:00-05:00,2022-02-08 10:02:00-05:00,2022-02-08 10:46:00-05:00,S,14471.0,14588.75,14588.5,117.5,-237.5,-1.0106382978723405,SL,1,S|swing
2022-02-08 10:47:00-05:00,2022-02-08 10:47:00-05:00,2022-02-08 15:59:00-05:00,L,14594.75,14733.0,14472.25,122.5,274.5,1.120408163265306,time,1,L|swing
2022-02-09 09:38:00-05:00,2022-02-09 09:38:00-05:00,2022-02-09 09:48:00-05:00,L,14932.25,14888.0,14888.25,44.0,-90.5,-1.0284090909090908,SL,1,L|swing
2022-02-09 10:35:00-05:00,2022-02-09 10:35:00-05:00,2022-02-09 15:59:00-05:00,L,14930.0,15042.5,14852.25,77.75,223.0,1.4340836012861737,time,1,L|swing
2022-02-10 10:38:00-05:00,2022-02-10 10:38:00-05:00,2022-02-10 10:57:00-05:00,L,14993.75,14908.25,14908.5,85.25,-173.0,-1.0146627565982405,SL,1,L|swing
2022-02-10 11:32:00-05:00,2022-02-10 11:32:00-05:00,2022-02-10 11:56:00-05:00,S,14869.5,14951.0,14950.75,81.25,-165.0,-1.0153846153846153,SL,1,S|swing
2022-02-10 12:20:00-05:00,2022-02-10 12:20:00-05:00,2022-02-10 12:45:00-05:00,L,14965.0,14921.0,14921.25,43.75,-90.0,-1.0285714285714285,SL,1,L|swing
2022-02-10 12:47:00-05:00,2022-02-10 12:47:00-05:00,2022-02-10 15:48:00-05:00,S,14841.25,14636.25,14978.5,137.25,408.0,1.4863387978142077,TP,1,S|swing
2022-02-11 09:47:00-05:00,2022-02-11 09:47:00-05:00,2022-02-11 09:57:00-05:00,L,14759.5,14655.75,14656.0,103.5,-209.5,-1.0120772946859904,SL,1,L|swing
2022-02-11 09:59:00-05:00,2022-02-11 09:59:00-05:00,2022-02-11 13:32:00-05:00,S,14638.75,14447.25,14767.0,128.25,381.0,1.4853801169590644,TP,1,S|swing
2022-02-11 14:02:00-05:00,2022-02-11 14:02:00-05:00,2022-02-11 15:59:00-05:00,S,14281.25,14238.25,14442.25,161.0,84.0,0.2608695652173913,time,1,S|swing
2022-02-14 09:38:00-05:00,2022-02-14 09:38:00-05:00,2022-02-14 13:53:00-05:00,L,14273.0,14181.75,14182.0,91.0,-184.5,-1.0137362637362637,SL,1,L|swing
2022-02-15 09:38:00-05:00,2022-02-15 09:38:00-05:00,2022-02-15 09:50:00-05:00,L,14505.25,14445.75,14446.0,59.25,-121.0,-1.021097046413502,SL,1,L|swing
2022-02-15 10:02:00-05:00,2022-02-15 10:02:00-05:00,2022-02-15 12:47:00-05:00,L,14512.5,14444.5,14444.75,67.75,-138.0,-1.018450184501845,SL,1,L|swing
2022-02-15 13:08:00-05:00,2022-02-15 13:08:00-05:00,2022-02-15 15:50:00-05:00,L,14496.0,14597.5,14427.75,68.25,201.0,1.4725274725274726,TP,1,L|swing
2022-02-16 11:20:00-05:00,2022-02-16 11:20:00-05:00,2022-02-16 14:00:00-05:00,S,14431.0,14479.5,14479.25,48.25,-99.0,-1.0259067357512954,SL,1,S|swing
2022-02-16 14:23:00-05:00,2022-02-16 14:23:00-05:00,2022-02-16 15:59:00-05:00,L,14546.5,14601.0,14391.75,154.75,107.0,0.345718901453958,time,1,L|swing
2022-02-17 09:47:00-05:00,2022-02-17 09:47:00-05:00,2022-02-17 10:51:00-05:00,S,14427.75,14325.75,14496.25,68.5,202.0,1.4744525547445255,TP,1,S|swing
2022-02-17 11:38:00-05:00,2022-02-17 11:38:00-05:00,2022-02-17 12:09:00-05:00,S,14376.25,14328.0,14409.0,32.75,94.5,1.4427480916030535,TP,1,S|swing
2022-02-17 13:05:00-05:00,2022-02-17 13:05:00-05:00,2022-02-17 13:25:00-05:00,S,14331.25,14289.0,14360.0,28.75,82.5,1.434782608695652,TP,1,S|swing
2022-02-17 14:05:00-05:00,2022-02-17 14:05:00-05:00,2022-02-17 15:01:00-05:00,S,14283.0,14233.75,14316.5,33.5,96.5,1.4402985074626866,TP,1,S|swing
2022-02-18 09:35:00-05:00,2022-02-18 09:35:00-05:00,2022-02-18 09:55:00-05:00,S,14129.0,14218.75,14218.5,89.5,-181.5,-1.0139664804469273,SL,1,S|swing
2022-02-18 10:32:00-05:00,2022-02-18 10:32:00-05:00,2022-02-18 15:59:00-05:00,S,14055.25,14005.5,14178.0,122.75,97.5,0.3971486761710794,time,1,S|swing
2022-02-21 09:44:00-05:00,2022-02-21 09:44:00-05:00,2022-02-21 12:49:00-05:00,S,13820.0,13752.5,13890.25,70.25,133.0,0.9466192170818505,time,1,S|swing
2022-02-22 09:44:00-05:00,2022-02-22 09:44:00-05:00,2022-02-22 11:53:00-05:00,L,13979.0,13861.5,13861.75,117.25,-237.0,-1.0106609808102345,SL,1,L|swing
2022-02-22 12:47:00-05:00,2022-02-22 12:47:00-05:00,2022-02-22 13:54:00-05:00,S,13827.0,13755.75,13875.0,48.0,140.5,1.4635416666666667,TP,1,S|swing
2022-02-22 14:50:00-05:00,2022-02-22 14:50:00-05:00,2022-02-22 15:59:00-05:00,L,13875.25,13865.25,13728.25,147.0,-22.0,-0.07482993197278912,time,1,L|swing
2022-02-23 10:26:00-05:00,2022-02-23 10:26:00-05:00,2022-02-23 14:23:00-05:00,S,13808.0,13631.25,13926.5,118.5,351.5,1.4831223628691983,TP,1,S|swing
2022-02-24 09:50:00-05:00,2022-02-24 09:50:00-05:00,2022-02-24 14:36:00-05:00,L,13338.25,13757.0,13058.5,279.75,835.5,1.4932975871313674,TP,1,L|swing
2022-02-25 09:59:00-05:00,2022-02-25 09:59:00-05:00,2022-02-25 10:31:00-05:00,S,13867.25,14015.25,14015.0,147.75,-298.0,-1.0084602368866329,SL,1,S|swing
2022-02-25 10:44:00-05:00,2022-02-25 10:44:00-05:00,2022-02-25 15:59:00-05:00,L,14038.25,14181.75,13868.0,170.25,285.0,0.8370044052863436,time,1,L|swing
2022-02-28 09:59:00-05:00,2022-02-28 09:59:00-05:00,2022-02-28 14:08:00-05:00,L,14144.5,14026.5,14026.75,117.75,-238.0,-1.010615711252654,SL,1,L|swing
2022-02-28 14:56:00-05:00,2022-02-28 14:56:00-05:00,2022-02-28 15:54:00-05:00,L,14078.0,14198.75,13997.0,81.0,239.5,1.478395061728395,TP,1,L|swing
2022-03-01 09:35:00-05:00,2022-03-01 09:35:00-05:00,2022-03-01 10:10:00-05:00,L,14212.5,14153.0,14153.25,59.25,-121.0,-1.021097046413502,SL,1,L|swing
2022-03-01 10:11:00-05:00,2022-03-01 10:11:00-05:00,2022-03-01 10:21:00-05:00,S,14160.5,14260.5,14260.25,99.75,-202.0,-1.012531328320802,SL,1,S|swing
2022-03-01 11:08:00-05:00,2022-03-01 11:08:00-05:00,2022-03-01 11:30:00-05:00,L,14186.0,14131.75,14132.0,54.0,-110.5,-1.0231481481481481,SL,1,L|swing
2022-03-01 11:56:00-05:00,2022-03-01 11:56:00-05:00,2022-03-01 15:59:00-05:00,S,14021.5,14004.5,14178.5,157.0,32.0,0.10191082802547771,time,1,S|swing
2022-03-02 09:35:00-05:00,2022-03-02 09:35:00-05:00,2022-03-02 09:43:00-05:00,S,14019.0,14089.0,14088.75,69.75,-142.0,-1.017921146953405,SL,1,S|swing
2022-03-02 09:44:00-05:00,2022-03-02 09:44:00-05:00,2022-03-02 10:08:00-05:00,L,14096.75,14010.25,14010.5,86.25,-175.0,-1.0144927536231885,SL,1,L|swing
2022-03-02 11:05:00-05:00,2022-03-02 11:05:00-05:00,2022-03-02 15:50:00-05:00,L,14125.0,14292.75,14012.5,112.5,333.5,1.4822222222222223,TP,1,L|swing
2022-03-03 10:08:00-05:00,2022-03-03 10:08:00-05:00,2022-03-03 10:44:00-05:00,S,14224.75,14085.75,14318.0,93.25,276.0,1.479892761394102,TP,1,S|swing
2022-03-03 12:26:00-05:00,2022-03-03 12:26:00-05:00,2022-03-03 12:33:00-05:00,S,14073.75,14144.5,14144.25,70.5,-143.5,-1.0177304964539007,SL,1,S|swing
2022-03-03 13:17:00-05:00,2022-03-03 13:17:00-05:00,2022-03-03 13:41:00-05:00,L,14182.75,14116.5,14116.75,66.0,-134.5,-1.018939393939394,SL,1,L|swing
2022-03-03 14:38:00-05:00,2022-03-03 14:38:00-05:00,2022-03-03 14:52:00-05:00,S,14121.0,14044.25,14172.75,51.75,151.5,1.463768115942029,TP,1,S|swing
2022-03-04 09:47:00-05:00,2022-03-04 09:47:00-05:00,2022-03-04 15:59:00-05:00,S,13852.0,13834.25,13995.75,143.75,33.5,0.11652173913043479,time,1,S|swing
2022-03-07 10:11:00-05:00,2022-03-07 10:11:00-05:00,2022-03-07 15:02:00-05:00,S,13643.5,13405.25,13803.0,159.5,474.5,1.4874608150470219,TP,1,S|swing
2022-03-08 09:35:00-05:00,2022-03-08 09:35:00-05:00,2022-03-08 09:40:00-05:00,L,13353.5,13233.25,13233.5,120.0,-242.5,-1.0104166666666667,SL,1,L|swing
2022-03-08 10:02:00-05:00,2022-03-08 10:02:00-05:00,2022-03-08 12:10:00-05:00,S,13189.5,13374.25,13374.0,184.5,-371.5,-1.0067750677506775,SL,1,S|swing
2022-03-08 12:38:00-05:00,2022-03-08 12:38:00-05:00,2022-03-08 14:00:00-05:00,L,13563.75,13339.75,13340.0,223.75,-450.0,-1.005586592178771,SL,1,L|swing
2022-03-08 14:23:00-05:00,2022-03-08 14:23:00-05:00,2022-03-08 15:33:00-05:00,L,13387.0,13290.5,13290.75,96.25,-195.0,-1.0129870129870129,SL,1,L|swing
2022-03-09 10:02:00-05:00,2022-03-09 10:02:00-05:00,2022-03-09 15:59:00-05:00,L,13626.0,13740.25,13496.25,129.75,226.5,0.8728323699421965,time,1,L|swing
2022-03-10 10:35:00-05:00,2022-03-10 10:35:00-05:00,2022-03-10 14:05:00-05:00,S,13480.25,13612.0,13611.75,131.5,-265.5,-1.0095057034220531,SL,1,S|swing
2022-03-10 14:32:00-05:00,2022-03-10 14:32:00-05:00,2022-03-10 15:59:00-05:00,L,13595.5,13591.0,13527.0,68.5,-11.0,-0.08029197080291971,time,1,L|swing
2022-03-11 09:56:00-05:00,2022-03-11 09:56:00-05:00,2022-03-11 15:30:00-05:00,S,13584.25,13365.0,13731.0,146.75,436.5,1.4872231686541737,TP,1,S|swing
2022-03-14 10:11:00-04:00,2022-03-14 10:11:00-04:00,2022-03-14 11:36:00-04:00,L,13359.0,13236.0,13236.25,122.75,-248.0,-1.010183299389002,SL,1,L|swing
2022-03-14 12:02:00-04:00,2022-03-14 12:02:00-04:00,2022-03-14 13:33:00-04:00,S,13172.25,13036.75,13263.25,91.0,269.0,1.478021978021978,TP,1,S|swing
2022-03-14 14:17:00-04:00,2022-03-14 14:17:00-04:00,2022-03-14 15:02:00-04:00,S,13055.25,13109.5,13109.25,54.0,-110.5,-1.0231481481481481,SL,1,S|swing
2022-03-15 10:05:00-04:00,2022-03-15 10:05:00-04:00,2022-03-15 15:18:00-04:00,L,13223.5,13421.75,13090.75,132.75,394.5,1.4858757062146892,TP,1,L|swing
2022-03-18 09:47:00-04:00,2022-03-18 09:47:00-04:00,2022-03-18 10:11:00-04:00,L,14087.25,14230.0,13991.5,95.75,283.5,1.4804177545691906,TP,1,L|swing
2022-03-18 11:02:00-04:00,2022-03-18 11:02:00-04:00,2022-03-18 15:11:00-04:00,L,14230.5,14368.0,14138.25,92.25,273.0,1.4796747967479675,TP,1,L|swing
2022-03-21 09:53:00-04:00,2022-03-21 09:53:00-04:00,2022-03-21 15:59:00-04:00,S,14320.5,14372.0,14467.0,146.5,-105.0,-0.3583617747440273,time,1,S|swing
2022-03-22 10:02:00-04:00,2022-03-22 10:02:00-04:00,2022-03-22 15:59:00-04:00,L,14522.5,14654.75,14401.25,121.25,262.5,1.0824742268041236,time,1,L|swing
2022-03-23 10:47:00-04:00,2022-03-23 10:47:00-04:00,2022-03-23 11:02:00-04:00,S,14530.75,14608.75,14608.5,77.75,-158.0,-1.0160771704180065,SL,1,S|swing
2022-03-23 11:20:00-04:00,2022-03-23 11:20:00-04:00,2022-03-23 13:20:00-04:00,L,14621.5,14548.5,14548.75,72.75,-148.0,-1.0171821305841924,SL,1,L|swing
2022-03-23 14:11:00-04:00,2022-03-23 14:11:00-04:00,2022-03-23 14:48:00-04:00,S,14479.75,14540.25,14540.0,60.25,-123.0,-1.020746887966805,SL,1,S|swing
2022-03-24 10:05:00-04:00,2022-03-24 10:05:00-04:00,2022-03-24 10:18:00-04:00,L,14546.75,14468.5,14468.75,78.0,-158.5,-1.016025641025641,SL,1,L|swing
2022-03-24 11:02:00-04:00,2022-03-24 11:02:00-04:00,2022-03-24 11:41:00-04:00,L,14553.25,14654.25,14485.25,68.0,200.0,1.4705882352941178,TP,1,L|swing
2022-03-24 12:53:00-04:00,2022-03-24 12:53:00-04:00,2022-03-24 15:17:00-04:00,L,14629.0,14697.5,14582.75,46.25,135.0,1.4594594594594594,TP,1,L|swing
2022-03-25 10:02:00-04:00,2022-03-25 10:02:00-04:00,2022-03-25 10:35:00-04:00,S,14704.5,14785.5,14785.25,80.75,-164.0,-1.0154798761609907,SL,1,S|swing
2022-03-25 11:08:00-04:00,2022-03-25 11:08:00-04:00,2022-03-25 15:59:00-04:00,S,14682.25,14755.5,14807.75,125.5,-148.5,-0.5916334661354582,time,1,S|swing
2022-03-28 09:56:00-04:00,2022-03-28 09:56:00-04:00,2022-03-28 11:36:00-04:00,L,14903.0,14742.75,14743.0,160.0,-322.5,-1.0078125,SL,1,L|swing
2022-03-28 11:50:00-04:00,2022-03-28 11:50:00-04:00,2022-03-28 14:02:00-04:00,S,14738.0,14853.0,14852.75,114.75,-232.0,-1.0108932461873639,SL,1,S|swing
2022-03-28 14:29:00-04:00,2022-03-28 14:29:00-04:00,2022-03-28 14:58:00-04:00,L,14867.75,14925.25,14828.75,39.0,113.0,1.4487179487179487,TP,1,L|swing
2022-03-29 10:50:00-04:00,2022-03-29 10:50:00-04:00,2022-03-29 15:24:00-04:00,L,15122.0,15253.5,15033.75,88.25,261.0,1.4787535410764872,TP,1,L|swing
2022-03-30 10:08:00-04:00,2022-03-30 10:08:00-04:00,2022-03-30 10:14:00-04:00,S,15153.75,15209.5,15209.25,55.5,-113.5,-1.0225225225225225,SL,1,S|swing
2022-03-30 12:44:00-04:00,2022-03-30 12:44:00-04:00,2022-03-30 13:45:00-04:00,L,15188.25,15137.75,15138.0,50.25,-103.0,-1.0248756218905473,SL,1,L|swing
2022-03-30 13:59:00-04:00,2022-03-30 13:59:00-04:00,2022-03-30 15:05:00-04:00,S,15127.25,15059.75,15172.75,45.5,133.0,1.4615384615384615,TP,1,S|swing
2022-03-31 10:02:00-04:00,2022-03-31 10:02:00-04:00,2022-03-31 10:34:00-04:00,S,14976.75,15054.0,15053.75,77.0,-156.5,-1.0162337662337662,SL,1,S|swing
2022-03-31 12:02:00-04:00,2022-03-31 12:02:00-04:00,2022-03-31 15:33:00-04:00,S,15025.25,14952.75,15074.25,49.0,143.0,1.4591836734693877,TP,1,S|swing
2022-04-01 09:44:00-04:00,2022-04-01 09:44:00-04:00,2022-04-01 11:36:00-04:00,S,14875.75,14791.75,14932.25,56.5,166.0,1.4690265486725664,TP,1,S|swing
2022-04-01 11:56:00-04:00,2022-04-01 11:56:00-04:00,2022-04-01 14:32:00-04:00,S,14767.5,14837.25,14837.0,69.5,-141.5,-1.0179856115107915,SL,1,S|swing
2022-04-04 11:02:00-04:00,2022-04-04 11:02:00-04:00,2022-04-04 15:59:00-04:00,L,15080.25,15164.25,15023.75,56.5,166.0,1.4690265486725664,TP,1,L|swing
2022-04-05 09:41:00-04:00,2022-04-05 09:41:00-04:00,2022-04-05 10:05:00-04:00,S,15095.0,15034.75,15135.75,40.75,118.5,1.4539877300613497,TP,1,S|swing
2022-04-05 10:38:00-04:00,2022-04-05 10:38:00-04:00,2022-04-05 15:12:00-04:00,S,14922.5,14824.75,14988.25,65.75,193.5,1.4714828897338403,TP,1,S|swing
2022-04-06 09:35:00-04:00,2022-04-06 09:35:00-04:00,2022-04-06 10:00:00-04:00,S,14584.25,14495.75,14643.75,59.5,175.0,1.4705882352941178,TP,1,S|swing
2022-04-06 12:20:00-04:00,2022-04-06 12:20:00-04:00,2022-04-06 13:40:00-04:00,S,14438.75,14522.75,14522.5,83.75,-170.0,-1.0149253731343284,SL,1,S|swing
2022-04-06 14:02:00-04:00,2022-04-06 14:02:00-04:00,2022-04-06 14:09:00-04:00,L,14603.5,14482.75,14483.0,120.5,-243.5,-1.0103734439834025,SL,1,L|swing
2022-04-06 14:17:00-04:00,2022-04-06 14:17:00-04:00,2022-04-06 15:02:00-04:00,S,14415.25,14634.75,14634.5,219.25,-441.0,-1.0057012542759407,SL,1,S|swing
2022-04-07 10:02:00-04:00,2022-04-07 10:02:00-04:00,2022-04-07 10:40:00-04:00,L,14581.5,14461.75,14462.0,119.5,-241.5,-1.0104602510460252,SL,1,L|swing
2022-04-07 10:41:00-04:00,2022-04-07 10:41:00-04:00,2022-04-07 14:59:00-04:00,S,14450.0,14568.75,14568.5,118.5,-239.5,-1.010548523206751,SL,1,S|swing
2022-04-08 11:38:00-04:00,2022-04-08 11:38:00-04:00,2022-04-08 12:21:00-04:00,S,14407.0,14480.5,14480.25,73.25,-149.0,-1.0170648464163823,SL,1,S|swing
2022-04-08 13:11:00-04:00,2022-04-08 13:11:00-04:00,2022-04-08 14:25:00-04:00,S,14440.75,14371.25,14487.75,47.0,137.0,1.4574468085106382,TP,1,S|swing
2022-04-08 14:26:00-04:00,2022-04-08 14:26:00-04:00,2022-04-08 15:59:00-04:00,S,14359.75,14336.5,14418.0,58.25,44.5,0.38197424892703863,time,1,S|swing
2022-04-11 10:20:00-04:00,2022-04-11 10:20:00-04:00,2022-04-11 15:52:00-04:00,S,14113.0,13999.5,14189.25,76.25,225.0,1.4754098360655739,TP,1,S|swing
2022-04-12 09:50:00-04:00,2022-04-12 09:50:00-04:00,2022-04-12 10:48:00-04:00,L,14238.25,14112.5,14112.75,125.5,-253.5,-1.0099601593625498,SL,1,L|swing
2022-04-12 11:20:00-04:00,2022-04-12 11:20:00-04:00,2022-04-12 12:25:00-04:00,L,14151.75,14082.5,14082.75,69.0,-140.5,-1.0181159420289856,SL,1,L|swing
2022-04-12 12:26:00-04:00,2022-04-12 12:26:00-04:00,2022-04-12 15:03:00-04:00,S,14069.0,13916.5,14171.25,102.25,303.0,1.4816625916870416,TP,1,S|swing
2022-04-13 10:17:00-04:00,2022-04-13 10:17:00-04:00,2022-04-13 13:11:00-04:00,L,14077.5,14203.0,13993.25,84.25,249.0,1.4777448071216617,TP,1,L|swing
2022-04-13 14:38:00-04:00,2022-04-13 14:38:00-04:00,2022-04-13 15:25:00-04:00,L,14187.75,14243.25,14150.25,37.5,109.0,1.4533333333333334,TP,1,L|swing
2022-04-14 09:41:00-04:00,2022-04-14 09:41:00-04:00,2022-04-14 10:09:00-04:00,S,14162.25,14036.0,14247.0,84.75,250.5,1.4778761061946903,TP,1,S|swing
2022-04-14 10:38:00-04:00,2022-04-14 10:38:00-04:00,2022-04-14 11:25:00-04:00,S,14021.75,14083.5,14083.25,61.5,-125.5,-1.0203252032520325,SL,1,S|swing
2022-04-14 11:44:00-04:00,2022-04-14 11:44:00-04:00,2022-04-14 15:37:00-04:00,S,14017.5,13914.75,14086.5,69.0,203.5,1.4746376811594204,TP,1,S|swing
2022-04-18 10:14:00-04:00,2022-04-18 10:14:00-04:00,2022-04-18 12:11:00-04:00,L,13946.0,13826.5,13826.75,119.25,-241.0,-1.0104821802935011,SL,1,L|swing
2022-04-18 13:32:00-04:00,2022-04-18 13:32:00-04:00,2022-04-18 15:59:00-04:00,L,13901.25,13916.5,13805.0,96.25,28.5,0.14805194805194805,time,1,L|swing
2022-04-19 09:47:00-04:00,2022-04-19 09:47:00-04:00,2022-04-19 10:38:00-04:00,L,13941.75,14103.25,13833.5,108.25,321.0,1.4826789838337182,TP,1,L|swing
2022-04-19 11:29:00-04:00,2022-04-19 11:29:00-04:00,2022-04-19 14:11:00-04:00,L,14166.5,14115.0,14115.25,51.25,-105.0,-1.024390243902439,SL,1,L|swing
2022-04-19 14:44:00-04:00,2022-04-19 14:44:00-04:00,2022-04-19 15:22:00-04:00,L,14150.25,14222.25,14101.75,48.5,142.0,1.4639175257731958,TP,1,L|swing
2022-04-20 11:02:00-04:00,2022-04-20 11:02:00-04:00,2022-04-20 11:18:00-04:00,S,14100.75,14029.25,14149.0,48.25,141.0,1.461139896373057,TP,1,S|swing
2022-04-20 12:08:00-04:00,2022-04-20 12:08:00-04:00,2022-04-20 13:13:00-04:00,S,14017.5,14087.0,14086.75,69.25,-141.0,-1.0180505415162455,SL,1,S|swing
2022-04-20 14:14:00-04:00,2022-04-20 14:14:00-04:00,2022-04-20 15:59:00-04:00,S,14048.75,14003.75,14116.75,68.0,88.0,0.6470588235294118,time,1,S|swing
2022-04-21 10:14:00-04:00,2022-04-21 10:14:00-04:00,2022-04-21 12:10:00-04:00,S,14147.5,13947.0,14281.75,134.25,399.0,1.4860335195530727,TP,1,S|swing
2022-04-21 12:53:00-04:00,2022-04-21 12:53:00-04:00,2022-04-21 14:03:00-04:00,S,13916.25,13830.75,13973.75,57.5,169.0,1.4695652173913043,TP,1,S|swing
2022-04-21 14:44:00-04:00,2022-04-21 14:44:00-04:00,2022-04-21 15:59:00-04:00,S,13777.0,13721.5,13854.5,77.5,109.0,0.7032258064516129,time,1,S|swing
2022-04-22 09:41:00-04:00,2022-04-22 09:41:00-04:00,2022-04-22 13:00:00-04:00,S,13660.5,13485.5,13777.75,117.25,348.0,1.4840085287846483,TP,1,S|swing
2022-04-22 13:26:00-04:00,2022-04-22 13:26:00-04:00,2022-04-22 14:51:00-04:00,S,13466.0,13403.5,13508.25,42.25,123.0,1.455621301775148,TP,1,S|swing
2022-04-25 09:35:00-04:00,2022-04-25 09:35:00-04:00,2022-04-25 09:45:00-04:00,L,13328.75,13261.25,13261.5,67.25,-137.0,-1.0185873605947955,SL,1,L|swing
2022-04-25 09:47:00-04:00,2022-04-25 09:47:00-04:00,2022-04-25 10:25:00-04:00,S,13257.75,13366.5,13366.25,108.5,-219.5,-1.0115207373271888,SL,1,S|swing
2022-04-25 10:26:00-04:00,2022-04-25 10:26:00-04:00,2022-04-25 11:49:00-04:00,L,13384.75,13244.75,13245.0,139.75,-282.0,-1.0089445438282647,SL,1,L|swing
2022-04-25 12:26:00-04:00,2022-04-25 12:26:00-04:00,2022-04-25 15:59:00-04:00,L,13368.25,13531.25,13242.25,126.0,324.0,1.2857142857142858,time,1,L|swing
2022-04-26 10:17:00-04:00,2022-04-26 10:17:00-04:00,2022-04-26 15:59:00-04:00,S,13199.25,13010.0,13352.5,153.25,376.5,1.2283849918433931,time,1,S|swing
2022-04-27 10:17:00-04:00,2022-04-27 10:17:00-04:00,2022-04-27 15:59:00-04:00,S,12950.25,13003.0,13255.25,305.0,-107.5,-0.1762295081967213,time,1,S|swing
2022-04-28 10:02:00-04:00,2022-04-28 10:02:00-04:00,2022-04-28 12:25:00-04:00,S,13085.5,13245.25,13245.0,159.5,-321.5,-1.0078369905956113,SL,1,S|swing
2022-04-28 13:02:00-04:00,2022-04-28 13:02:00-04:00,2022-04-28 15:24:00-04:00,L,13375.5,13540.25,13265.0,110.5,327.5,1.4819004524886878,TP,1,L|swing
2022-04-29 09:56:00-04:00,2022-04-29 09:56:00-04:00,2022-04-29 10:28:00-04:00,L,13404.0,13225.5,13225.75,178.25,-359.0,-1.0070126227208975,SL,1,L|swing
2022-04-29 10:47:00-04:00,2022-04-29 10:47:00-04:00,2022-04-29 14:09:00-04:00,S,13187.75,13029.25,13294.0,106.25,315.0,1.4823529411764707,TP,1,S|swing
2022-04-29 14:23:00-04:00,2022-04-29 14:23:00-04:00,2022-04-29 15:44:00-04:00,S,13015.0,12928.25,13073.5,58.5,171.5,1.4658119658119657,TP,1,S|swing
2022-05-02 09:44:00-04:00,2022-05-02 09:44:00-04:00,2022-05-02 13:49:00-04:00,L,12913.75,12742.0,12742.25,171.5,-345.5,-1.0072886297376094,SL,1,L|swing
2022-05-02 14:17:00-04:00,2022-05-02 14:17:00-04:00,2022-05-02 15:07:00-04:00,S,12737.75,12834.75,12834.5,96.75,-196.0,-1.0129198966408268,SL,1,S|swing
2022-05-03 09:56:00-04:00,2022-05-03 09:56:00-04:00,2022-05-03 15:59:00-04:00,L,13075.5,13090.0,12967.75,107.75,27.0,0.12529002320185614,time,1,L|swing
2022-05-04 09:56:00-04:00,2022-05-04 09:56:00-04:00,2022-05-04 10:52:00-04:00,S,13037.75,12919.75,13117.0,79.25,234.0,1.476340694006309,TP,1,S|swing
2022-05-04 11:05:00-04:00,2022-05-04 11:05:00-04:00,2022-05-04 12:19:00-04:00,S,12902.25,12984.0,12983.75,81.5,-165.5,-1.0153374233128833,SL,1,S|swing
2022-05-04 12:56:00-04:00,2022-05-04 12:56:00-04:00,2022-05-04 13:58:00-04:00,L,13086.5,13152.75,13041.75,44.75,130.5,1.458100558659218,TP,1,L|swing
2022-05-04 14:20:00-04:00,2022-05-04 14:20:00-04:00,2022-05-04 14:46:00-04:00,S,13027.0,13232.0,13231.75,204.75,-412.0,-1.006105006105006,SL,1,S|swing
2022-05-04 14:47:00-04:00,2022-05-04 14:47:00-04:00,2022-05-04 15:59:00-04:00,L,13277.75,13532.75,12938.75,339.0,508.0,0.7492625368731564,time,1,L|swing
2022-05-05 10:23:00-04:00,2022-05-05 10:23:00-04:00,2022-05-05 15:14:00-04:00,S,13023.5,12740.25,13213.0,189.5,564.5,1.4894459102902375,TP,1,S|swing
2022-05-06 09:35:00-04:00,2022-05-06 09:35:00-04:00,2022-05-06 10:18:00-04:00,S,12642.5,12793.0,12792.75,150.25,-303.0,-1.0083194675540765,SL,1,S|swing
2022-05-06 10:59:00-04:00,2022-05-06 10:59:00-04:00,2022-05-06 14:09:00-04:00,L,12841.25,12635.0,12635.25,206.0,-414.5,-1.0060679611650485,SL,1,L|swing
2022-05-06 14:32:00-04:00,2022-05-06 14:32:00-04:00,2022-05-06 15:39:00-04:00,S,12622.0,12712.25,12712.0,90.0,-182.5,-1.0138888888888888,SL,1,S|swing
2022-05-09 09:35:00-04:00,2022-05-09 09:35:00-04:00,2022-05-09 10:00:00-04:00,L,12499.5,12418.75,12419.0,80.5,-163.5,-1.015527950310559,SL,1,L|swing
2022-05-09 10:08:00-04:00,2022-05-09 10:08:00-04:00,2022-05-09 15:51:00-04:00,S,12390.5,12143.5,12555.75,165.25,492.0,1.4886535552193645,TP,1,S|swing
2022-05-10 10:38:00-04:00,2022-05-10 10:38:00-04:00,2022-05-10 15:59:00-04:00,S,12372.0,12343.25,12519.75,147.75,55.5,0.18781725888324874,time,1,S|swing
2022-05-11 10:23:00-04:00,2022-05-11 10:23:00-04:00,2022-05-11 11:02:00-04:00,L,12417.0,12260.5,12260.75,156.25,-315.0,-1.008,SL,1,L|swing
2022-05-11 11:17:00-04:00,2022-05-11 11:17:00-04:00,2022-05-11 11:37:00-04:00,S,12224.75,12357.75,12357.5,132.75,-268.0,-1.009416195856874,SL,1,S|swing
2022-05-11 11:56:00-04:00,2022-05-11 11:56:00-04:00,2022-05-11 13:05:00-04:00,S,12276.0,12103.75,12391.5,115.5,342.5,1.4826839826839826,TP,1,S|swing
2022-05-11 13:38:00-04:00,2022-05-11 13:38:00-04:00,2022-05-11 14:44:00-04:00,S,12071.25,12143.5,12143.25,72.0,-146.5,-1.0173611111111112,SL,1,S|swing
2022-05-11 14:53:00-04:00,2022-05-11 14:53:00-04:00,2022-05-11 15:59:00-04:00,S,12053.5,11974.75,12167.5,114.0,155.5,0.6820175438596491,time,1,S|swing
2022-05-12 09:38:00-04:00,2022-05-12 09:38:00-04:00,2022-05-12 09:47:00-04:00,S,11716.25,11875.25,11875.0,158.75,-320.0,-1.0078740157480315,SL,1,S|swing
2022-05-12 10:11:00-04:00,2022-05-12 10:11:00-04:00,2022-05-12 13:49:00-04:00,L,11957.25,11735.5,11735.75,221.5,-445.5,-1.0056433408577878,SL,1,L|swing
2022-05-12 14:41:00-04:00,2022-05-12 14:41:00-04:00,2022-05-12 15:18:00-04:00,S,11705.0,11785.25,11785.0,80.0,-162.5,-1.015625,SL,1,S|swing
2022-05-13 09:44:00-04:00,2022-05-13 09:44:00-04:00,2022-05-13 12:06:00-04:00,L,12195.75,12391.75,12064.5,131.25,390.0,1.4857142857142858,TP,1,L|swing
2022-05-13 14:32:00-04:00,2022-05-13 14:32:00-04:00,2022-05-13 15:13:00-04:00,L,12285.0,12384.75,12218.0,67.0,197.5,1.4738805970149254,TP,1,L|swing
2022-05-16 10:35:00-04:00,2022-05-16 10:35:00-04:00,2022-05-16 14:28:00-04:00,S,12299.0,12376.0,12375.75,76.75,-156.0,-1.01628664495114,SL,1,S|swing
2022-05-16 14:29:00-04:00,2022-05-16 14:29:00-04:00,2022-05-16 15:13:00-04:00,L,12382.0,12298.25,12298.5,83.5,-169.5,-1.0149700598802396,SL,1,L|swing
2022-05-17 09:38:00-04:00,2022-05-17 09:38:00-04:00,2022-05-17 09:48:00-04:00,L,12498.5,12456.5,12456.75,41.75,-86.0,-1.029940119760479,SL,1,L|swing
2022-05-17 10:11:00-04:00,2022-05-17 10:11:00-04:00,2022-05-17 14:08:00-04:00,S,12415.75,12535.75,12535.5,119.75,-242.0,-1.010438413361169,SL,1,S|swing
2022-05-17 14:14:00-04:00,2022-05-17 14:14:00-04:00,2022-05-17 14:49:00-04:00,S,12446.0,12536.0,12535.75,89.75,-182.0,-1.0139275766016713,SL,1,S|swing
2022-05-18 09:41:00-04:00,2022-05-18 09:41:00-04:00,2022-05-18 11:16:00-04:00,S,12324.25,12211.5,12400.0,75.75,223.5,1.4752475247524752,TP,1,S|swing
2022-05-18 11:59:00-04:00,2022-05-18 11:59:00-04:00,2022-05-18 13:19:00-04:00,S,12118.75,12018.75,12186.0,67.25,198.0,1.4721189591078068,TP,1,S|swing
2022-05-18 13:44:00-04:00,2022-05-18 13:44:00-04:00,2022-05-18 14:48:00-04:00,S,11998.75,11931.75,12044.0,45.25,132.0,1.4585635359116023,TP,1,S|swing
2022-05-19 09:47:00-04:00,2022-05-19 09:47:00-04:00,2022-05-19 10:03:00-04:00,S,11822.0,11979.25,11979.0,157.0,-316.5,-1.0079617834394905,SL,1,S|swing
2022-05-19 11:11:00-04:00,2022-05-19 11:11:00-04:00,2022-05-19 13:10:00-04:00,L,11988.75,11868.5,11868.75,120.0,-242.5,-1.0104166666666667,SL,1,L|swing
2022-05-19 13:11:00-04:00,2022-05-19 13:11:00-04:00,2022-05-19 13:55:00-04:00,S,11882.5,11954.5,11954.25,71.75,-146.0,-1.0174216027874565,SL,1,S|swing
2022-05-19 13:56:00-04:00,2022-05-19 13:56:00-04:00,2022-05-19 15:59:00-04:00,L,11975.75,11877.0,11854.5,121.25,-199.5,-0.822680412371134,time,1,L|swing
2022-05-20 10:05:00-04:00,2022-05-20 10:05:00-04:00,2022-05-20 10:52:00-04:00,S,11963.75,11841.25,12046.0,82.25,243.0,1.4772036474164134,TP,1,S|swing
2022-05-20 11:08:00-04:00,2022-05-20 11:08:00-04:00,2022-05-20 12:42:00-04:00,S,11788.25,11564.25,11938.25,150.0,446.0,1.4866666666666666,TP,1,S|swing
2022-05-20 13:08:00-04:00,2022-05-20 13:08:00-04:00,2022-05-20 13:46:00-04:00,S,11527.75,11604.75,11604.5,76.75,-156.0,-1.01628664495114,SL,1,S|swing
2022-05-20 14:17:00-04:00,2022-05-20 14:17:00-04:00,2022-05-20 14:54:00-04:00,S,11543.75,11636.75,11636.5,92.75,-188.0,-1.013477088948787,SL,1,S|swing
2022-05-23 09:47:00-04:00,2022-05-23 09:47:00-04:00,2022-05-23 10:01:00-04:00,L,11958.5,11817.75,11818.0,140.5,-283.5,-1.008896797153025,SL,1,L|swing
2022-05-23 10:02:00-04:00,2022-05-23 10:02:00-04:00,2022-05-23 11:32:00-04:00,S,11793.0,11977.75,11977.5,184.5,-371.5,-1.0067750677506775,SL,1,S|swing
2022-05-23 12:05:00-04:00,2022-05-23 12:05:00-04:00,2022-05-23 13:05:00-04:00,L,12026.5,11956.75,11957.0,69.5,-141.5,-1.0179856115107915,SL,1,L|swing
2022-05-23 13:47:00-04:00,2022-05-23 13:47:00-04:00,2022-05-23 15:59:00-04:00,L,12004.0,12034.5,11916.5,87.5,59.0,0.33714285714285713,time,1,L|swing
2022-05-24 09:56:00-04:00,2022-05-24 09:56:00-04:00,2022-05-24 15:59:00-04:00,S,11705.0,11782.25,11848.0,143.0,-156.5,-0.5472027972027972,time,1,S|swing
2022-05-25 10:14:00-04:00,2022-05-25 10:14:00-04:00,2022-05-25 14:31:00-04:00,L,11833.75,11954.25,11752.75,81.0,239.0,1.4753086419753085,TP,1,L|swing
2022-05-25 14:56:00-04:00,2022-05-25 14:56:00-04:00,2022-05-25 15:50:00-04:00,L,11974.0,11917.5,11917.75,56.25,-115.0,-1.0222222222222221,SL,1,L|swing
2022-05-26 09:35:00-04:00,2022-05-26 09:35:00-04:00,2022-05-26 10:13:00-04:00,L,12004.25,12161.75,11898.75,105.5,313.0,1.4834123222748816,TP,1,L|swing
2022-05-26 10:14:00-04:00,2022-05-26 10:14:00-04:00,2022-05-26 15:59:00-04:00,L,12161.5,12274.0,12022.25,139.25,223.0,0.800718132854578,time,1,L|swing
2022-05-27 09:56:00-04:00,2022-05-27 09:56:00-04:00,2022-05-27 15:59:00-04:00,L,12529.0,12681.0,12399.0,130.0,302.0,1.1615384615384616,time,1,L|swing
2022-05-30 10:11:00-04:00,2022-05-30 10:11:00-04:00,2022-05-30 10:47:00-04:00,S,12750.75,12777.25,12777.0,26.25,-55.0,-1.0476190476190477,SL,1,S|swing
2022-05-30 11:50:00-04:00,2022-05-30 11:50:00-04:00,2022-05-30 12:29:00-04:00,S,12795.75,12817.75,12817.5,21.75,-46.0,-1.0574712643678161,SL,1,S|swing
2022-05-31 09:35:00-04:00,2022-05-31 09:35:00-04:00,2022-05-31 11:51:00-04:00,S,12590.25,12689.25,12689.0,98.75,-200.0,-1.0126582278481013,SL,1,S|swing
2022-05-31 13:35:00-04:00,2022-05-31 13:35:00-04:00,2022-05-31 14:46:00-04:00,L,12714.0,12658.25,12658.5,55.5,-113.5,-1.0225225225225225,SL,1,L|swing
2022-06-01 11:17:00-04:00,2022-06-01 11:17:00-04:00,2022-06-01 15:59:00-04:00,S,12571.5,12549.75,12665.75,94.25,41.5,0.22015915119363394,time,1,S|swing
2022-06-02 10:14:00-04:00,2022-06-02 10:14:00-04:00,2022-06-02 13:33:00-04:00,L,12618.0,12811.75,12488.25,129.75,385.5,1.4855491329479769,TP,1,L|swing
2022-06-02 13:35:00-04:00,2022-06-02 13:35:00-04:00,2022-06-02 15:54:00-04:00,L,12812.75,12886.25,12763.25,49.5,145.0,1.4646464646464648,TP,1,L|swing
2022-06-03 10:32:00-04:00,2022-06-03 10:32:00-04:00,2022-06-03 15:59:00-04:00,S,12634.0,12554.0,12726.25,92.25,158.0,0.8563685636856369,time,1,S|swing
2022-06-06 09:50:00-04:00,2022-06-06 09:50:00-04:00,2022-06-06 10:01:00-04:00,S,12683.0,12785.75,12785.5,102.5,-207.5,-1.0121951219512195,SL,1,S|swing
2022-06-06 10:02:00-04:00,2022-06-06 10:02:00-04:00,2022-06-06 11:16:00-04:00,L,12782.5,12672.75,12673.0,109.5,-221.5,-1.0114155251141552,SL,1,L|swing
2022-06-06 12:02:00-04:00,2022-06-06 12:02:00-04:00,2022-06-06 15:59:00-04:00,S,12608.5,12600.5,12686.75,78.25,14.0,0.08945686900958466,time,1,S|swing
2022-06-07 10:29:00-04:00,2022-06-07 10:29:00-04:00,2022-06-07 15:54:00-04:00,L,12591.0,12739.75,12491.25,99.75,295.5,1.481203007518797,TP,1,L|swing
2022-06-08 09:50:00-04:00,2022-06-08 09:50:00-04:00,2022-06-08 12:39:00-04:00,L,12752.5,12627.0,12627.25,125.25,-253.0,-1.0099800399201597,SL,1,L|swing
2022-06-08 13:32:00-04:00,2022-06-08 13:32:00-04:00,2022-06-08 14:03:00-04:00,S,12601.5,12644.25,12644.0,42.5,-87.5,-1.0294117647058822,SL,1,S|swing
2022-06-09 09:41:00-04:00,2022-06-09 09:41:00-04:00,2022-06-09 09:51:00-04:00,S,12523.75,12599.0,12598.75,75.0,-152.5,-1.0166666666666666,SL,1,S|swing
2022-06-09 09:53:00-04:00,2022-06-09 09:53:00-04:00,2022-06-09 13:44:00-04:00,L,12644.0,12505.75,12506.0,138.0,-278.5,-1.0090579710144927,SL,1,L|swing
2022-06-09 14:23:00-04:00,2022-06-09 14:23:00-04:00,2022-06-09 15:01:00-04:00,S,12498.0,12427.25,12545.75,47.75,139.5,1.4607329842931938,TP,1,S|swing
2022-06-10 09:35:00-04:00,2022-06-10 09:35:00-04:00,2022-06-10 11:05:00-04:00,S,11993.25,11848.75,12090.25,97.0,287.0,1.4793814432989691,TP,1,S|swing
2022-06-10 11:32:00-04:00,2022-06-10 11:32:00-04:00,2022-06-10 12:05:00-04:00,S,11831.5,11882.0,11881.75,50.25,-103.0,-1.0248756218905473,SL,1,S|swing
2022-06-10 14:41:00-04:00,2022-06-10 14:41:00-04:00,2022-06-10 14:55:00-04:00,S,11881.0,11925.25,11925.0,44.0,-90.5,-1.0284090909090908,SL,1,S|swing
2022-06-13 10:02:00-04:00,2022-06-13 10:02:00-04:00,2022-06-13 15:27:00-04:00,S,11466.25,11303.75,11575.25,109.0,323.0,1.481651376146789,TP,1,S|swing
2022-06-14 10:20:00-04:00,2022-06-14 10:20:00-04:00,2022-06-14 13:18:00-04:00,S,11263.25,11406.25,11406.0,142.75,-288.0,-1.0087565674255692,SL,1,S|swing
2022-06-14 13:44:00-04:00,2022-06-14 13:44:00-04:00,2022-06-14 15:59:00-04:00,S,11305.75,11318.5,11423.5,117.75,-27.5,-0.11677282377919321,time,1,S|swing
2022-06-17 10:35:00-04:00,2022-06-17 10:35:00-04:00,2022-06-17 11:19:00-04:00,S,11135.0,11294.75,11294.5,159.5,-321.5,-1.0078369905956113,SL,1,S|swing
2022-06-17 11:32:00-04:00,2022-06-17 11:32:00-04:00,2022-06-17 15:59:00-04:00,L,11313.75,11292.25,11188.0,125.75,-45.0,-0.17892644135188868,time,1,L|swing
2022-06-20 09:47:00-04:00,2022-06-20 09:47:00-04:00,2022-06-20 10:04:00-04:00,S,11339.0,11376.5,11376.25,37.25,-77.0,-1.0335570469798658,SL,1,S|swing
2022-06-20 10:23:00-04:00,2022-06-20 10:23:00-04:00,2022-06-20 11:56:00-04:00,L,11382.25,11423.0,11354.5,27.75,79.5,1.4324324324324325,TP,1,L|swing
2022-06-21 09:59:00-04:00,2022-06-21 09:59:00-04:00,2022-06-21 15:59:00-04:00,L,11628.0,11579.0,11475.5,152.5,-100.0,-0.32786885245901637,time,1,L|swing
2022-06-22 09:47:00-04:00,2022-06-22 09:47:00-04:00,2022-06-22 10:28:00-04:00,L,11542.25,11715.25,11426.25,116.0,344.0,1.4827586206896552,TP,1,L|swing
2022-06-22 11:32:00-04:00,2022-06-22 11:32:00-04:00,2022-06-22 11:44:00-04:00,L,11709.0,11645.75,11646.0,63.0,-128.5,-1.0198412698412698,SL,1,L|swing
2022-06-22 12:35:00-04:00,2022-06-22 12:35:00-04:00,2022-06-22 15:38:00-04:00,L,11636.75,11566.75,11567.0,69.75,-142.0,-1.017921146953405,SL,1,L|swing
2022-06-23 09:35:00-04:00,2022-06-23 09:35:00-04:00,2022-06-23 10:06:00-04:00,S,11590.0,11684.25,11684.0,94.0,-190.5,-1.0132978723404256,SL,1,S|swing
2022-06-23 10:41:00-04:00,2022-06-23 10:41:00-04:00,2022-06-23 12:37:00-04:00,L,11713.5,11592.5,11592.75,120.75,-244.0,-1.010351966873706,SL,1,L|swing
2022-06-23 12:38:00-04:00,2022-06-23 12:38:00-04:00,2022-06-23 14:30:00-04:00,S,11586.0,11652.5,11652.25,66.25,-135.0,-1.0188679245283019,SL,1,S|swing
2022-06-24 11:02:00-04:00,2022-06-24 11:02:00-04:00,2022-06-24 11:16:00-04:00,L,12027.75,11988.5,11988.75,39.0,-80.5,-1.0320512820512822,SL,1,L|swing
2022-06-24 11:59:00-04:00,2022-06-24 11:59:00-04:00,2022-06-24 15:45:00-04:00,L,12014.25,12067.0,11978.5,35.75,103.5,1.4475524475524475,TP,1,L|swing
2022-06-27 12:02:00-04:00,2022-06-27 12:02:00-04:00,2022-06-27 15:06:00-04:00,S,12093.25,12006.0,12152.0,58.75,172.5,1.4680851063829787,TP,1,S|swing
2022-06-28 10:23:00-04:00,2022-06-28 10:23:00-04:00,2022-06-28 11:45:00-04:00,S,12013.75,11811.75,12149.0,135.25,402.0,1.4861367837338262,TP,1,S|swing
2022-06-28 13:08:00-04:00,2022-06-28 13:08:00-04:00,2022-06-28 15:59:00-04:00,S,11763.0,11674.0,11838.0,75.0,176.0,1.1733333333333333,time,1,S|swing
2022-06-29 09:53:00-04:00,2022-06-29 09:53:00-04:00,2022-06-29 15:59:00-04:00,L,11707.25,11689.0,11563.75,143.5,-38.5,-0.13414634146341464,time,1,L|swing
2022-06-30 09:38:00-04:00,2022-06-30 09:38:00-04:00,2022-06-30 11:26:00-04:00,S,11480.0,11588.5,11588.25,108.25,-219.0,-1.0115473441108545,SL,1,S|swing
2022-06-30 11:47:00-04:00,2022-06-30 11:47:00-04:00,2022-06-30 15:06:00-04:00,L,11599.5,11509.5,11509.75,89.75,-182.0,-1.0139275766016713,SL,1,L|swing
2022-07-01 09:47:00-04:00,2022-07-01 09:47:00-04:00,2022-07-01 10:34:00-04:00,L,11556.75,11416.75,11417.0,139.75,-282.0,-1.0089445438282647,SL,1,L|swing
2022-07-01 10:38:00-04:00,2022-07-01 10:38:00-04:00,2022-07-01 14:39:00-04:00,S,11411.0,11570.0,11569.75,158.75,-320.0,-1.0078740157480315,SL,1,S|swing
2022-07-04 10:08:00-04:00,2022-07-04 10:08:00-04:00,2022-07-04 11:06:00-04:00,S,11539.75,11561.75,11561.5,21.75,-46.0,-1.0574712643678161,SL,1,S|swing
2022-07-04 12:08:00-04:00,2022-07-04 12:08:00-04:00,2022-07-04 12:49:00-04:00,L,11565.5,11556.75,11550.5,15.0,-19.5,-0.65,time,1,L|swing
2022-07-05 11:02:00-04:00,2022-07-05 11:02:00-04:00,2022-07-05 12:23:00-04:00,S,11495.75,11610.0,11609.75,114.0,-230.5,-1.0109649122807018,SL,1,S|swing
2022-07-05 13:20:00-04:00,2022-07-05 13:20:00-04:00,2022-07-05 15:28:00-04:00,L,11663.5,11792.75,11576.75,86.75,256.5,1.478386167146974,TP,1,L|swing
2022-07-06 09:38:00-04:00,2022-07-06 09:38:00-04:00,2022-07-06 14:06:00-04:00,S,11782.0,11884.25,11884.0,102.0,-206.5,-1.0122549019607843,SL,1,S|swing
2022-07-06 14:41:00-04:00,2022-07-06 14:41:00-04:00,2022-07-06 15:59:00-04:00,L,11924.5,11886.0,11791.25,133.25,-79.0,-0.2964352720450281,time,1,L|swing
2022-07-07 09:35:00-04:00,2022-07-07 09:35:00-04:00,2022-07-07 13:45:00-04:00,L,11994.0,12115.25,11912.5,81.5,240.5,1.4754601226993864,TP,1,L|swing
2022-07-07 14:26:00-04:00,2022-07-07 14:26:00-04:00,2022-07-07 14:43:00-04:00,L,12141.25,12119.75,12120.0,21.25,-45.0,-1.0588235294117647,SL,1,L|swing
2022-07-08 10:26:00-04:00,2022-07-08 10:26:00-04:00,2022-07-08 15:59:00-04:00,L,12102.25,12155.0,11984.0,118.25,103.5,0.4376321353065539,time,1,L|swing
2022-07-11 09:50:00-04:00,2022-07-11 09:50:00-04:00,2022-07-11 15:59:00-04:00,S,11877.25,11891.0,12071.0,193.75,-29.5,-0.07612903225806451,time,1,S|swing
2022-07-12 10:32:00-04:00,2022-07-12 10:32:00-04:00,2022-07-12 15:01:00-04:00,L,11885.5,11804.25,11804.5,81.0,-164.5,-1.0154320987654322,SL,1,L|swing
2022-07-13 10:20:00-04:00,2022-07-13 10:20:00-04:00,2022-07-13 10:31:00-04:00,S,11603.0,11698.25,11698.0,95.0,-192.5,-1.013157894736842,SL,1,S|swing
2022-07-13 11:56:00-04:00,2022-07-13 11:56:00-04:00,2022-07-13 13:02:00-04:00,L,11759.5,11841.5,11704.25,55.25,162.0,1.4660633484162895,TP,1,L|swing
2022-07-13 13:50:00-04:00,2022-07-13 13:50:00-04:00,2022-07-13 14:00:00-04:00,L,11825.5,11782.25,11782.5,43.0,-88.5,-1.0290697674418605,SL,1,L|swing
2022-07-13 14:59:00-04:00,2022-07-13 14:59:00-04:00,2022-07-13 15:09:00-04:00,L,11839.75,11789.0,11789.25,50.5,-103.5,-1.0247524752475248,SL,1,L|swing
2022-07-14 10:02:00-04:00,2022-07-14 10:02:00-04:00,2022-07-14 11:09:00-04:00,S,11532.75,11629.75,11629.5,96.75,-196.0,-1.0129198966408268,SL,1,S|swing
2022-07-14 11:26:00-04:00,2022-07-14 11:26:00-04:00,2022-07-14 14:18:00-04:00,L,11648.5,11763.25,11571.5,77.0,227.5,1.4772727272727273,TP,1,L|swing
2022-07-15 11:11:00-04:00,2022-07-15 11:11:00-04:00,2022-07-15 15:59:00-04:00,L,11985.5,12007.75,11909.5,76.0,42.5,0.27960526315789475,time,1,L|swing
2022-07-18 09:50:00-04:00,2022-07-18 09:50:00-04:00,2022-07-18 13:33:00-04:00,L,12164.0,12089.5,12089.75,74.25,-151.0,-1.0168350168350169,SL,1,L|swing
2022-07-18 14:44:00-04:00,2022-07-18 14:44:00-04:00,2022-07-18 15:45:00-04:00,S,11959.5,11875.75,12016.0,56.5,165.5,1.4646017699115044,TP,1,S|swing
2022-07-19 10:26:00-04:00,2022-07-19 10:26:00-04:00,2022-07-19 11:15:00-04:00,L,12078.0,12176.25,12012.0,66.0,194.5,1.4734848484848484,TP,1,L|swing
2022-07-19 11:32:00-04:00,2022-07-19 11:32:00-04:00,2022-07-19 13:48:00-04:00,L,12183.25,12246.25,12140.75,42.5,124.0,1.4588235294117646,TP,1,L|swing
2022-07-19 13:59:00-04:00,2022-07-19 13:59:00-04:00,2022-07-19 15:59:00-04:00,L,12254.25,12268.5,12200.25,54.0,26.5,0.24537037037037038,time,1,L|swing
2022-07-20 10:23:00-04:00,2022-07-20 10:23:00-04:00,2022-07-20 10:52:00-04:00,L,12354.75,12478.25,12271.75,83.0,245.0,1.4759036144578312,TP,1,L|swing
2022-07-20 11:29:00-04:00,2022-07-20 11:29:00-04:00,2022-07-20 12:07:00-04:00,L,12468.75,12515.25,12437.25,31.5,91.0,1.4444444444444444,TP,1,L|swing
2022-07-20 12:08:00-04:00,2022-07-20 12:08:00-04:00,2022-07-20 12:43:00-04:00,L,12512.5,12458.5,12458.75,53.75,-110.0,-1.0232558139534884,SL,1,L|swing
2022-07-20 13:11:00-04:00,2022-07-20 13:11:00-04:00,2022-07-20 15:07:00-04:00,S,12364.75,12490.5,12490.25,125.5,-253.5,-1.0099601593625498,SL,1,S|swing
2022-07-21 10:14:00-04:00,2022-07-21 10:14:00-04:00,2022-07-21 11:37:00-04:00,S,12418.0,12541.75,12541.5,123.5,-249.5,-1.0101214574898785,SL,1,S|swing
2022-07-21 12:02:00-04:00,2022-07-21 12:02:00-04:00,2022-07-21 12:32:00-04:00,L,12552.75,12620.5,12507.0,45.75,133.5,1.459016393442623,TP,1,L|swing
2022-07-21 14:08:00-04:00,2022-07-21 14:08:00-04:00,2022-07-21 15:59:00-04:00,L,12603.5,12645.0,12551.0,52.5,81.0,0.7714285714285715,time,1,L|swing
2022-07-22 09:38:00-04:00,2022-07-22 09:38:00-04:00,2022-07-22 10:00:00-04:00,L,12624.5,12565.25,12565.5,59.0,-120.5,-1.021186440677966,SL,1,L|swing
2022-07-22 10:53:00-04:00,2022-07-22 10:53:00-04:00,2022-07-22 11:03:00-04:00,L,12597.0,12551.0,12551.25,45.75,-94.0,-1.0273224043715847,SL,1,L|swing
2022-07-22 11:05:00-04:00,2022-07-22 11:05:00-04:00,2022-07-22 12:11:00-04:00,S,12534.5,12418.0,12612.75,78.25,231.0,1.476038338658147,TP,1,S|swing
2022-07-22 13:02:00-04:00,2022-07-22 13:02:00-04:00,2022-07-22 15:59:00-04:00,S,12405.5,12424.0,12457.5,52.0,-39.0,-0.375,time,1,S|swing
2022-07-25 10:17:00-04:00,2022-07-25 10:17:00-04:00,2022-07-25 15:59:00-04:00,S,12332.0,12355.5,12422.25,90.25,-49.0,-0.27146814404432135,time,1,S|swing
2022-07-26 09:47:00-04:00,2022-07-26 09:47:00-04:00,2022-07-26 14:33:00-04:00,S,12210.25,12089.25,12291.5,81.25,240.0,1.476923076923077,TP,1,S|swing
2022-07-27 09:38:00-04:00,2022-07-27 09:38:00-04:00,2022-07-27 10:16:00-04:00,L,12339.25,12433.25,12276.0,63.25,186.0,1.4703557312252964,TP,1,L|swing
2022-07-27 10:17:00-04:00,2022-07-27 10:17:00-04:00,2022-07-27 14:36:00-04:00,L,12426.0,12506.25,12372.0,54.0,158.5,1.4675925925925926,TP,1,L|swing
2022-07-28 09:44:00-04:00,2022-07-28 09:44:00-04:00,2022-07-28 11:26:00-04:00,S,12519.75,12654.75,12654.5,134.75,-272.0,-1.0092764378478665,SL,1,S|swing
2022-07-28 11:44:00-04:00,2022-07-28 11:44:00-04:00,2022-07-28 15:59:00-04:00,L,12675.75,12738.25,12601.5,74.25,123.0,0.8282828282828283,time,1,L|swing
2022-07-29 10:26:00-04:00,2022-07-29 10:26:00-04:00,2022-07-29 11:04:00-04:00,L,12916.5,12842.5,12842.75,73.75,-150.0,-1.0169491525423728,SL,1,L|swing
2022-07-29 12:47:00-04:00,2022-07-29 12:47:00-04:00,2022-07-29 13:41:00-04:00,L,12873.75,12915.75,12845.25,28.5,82.0,1.4385964912280702,TP,1,L|swing
2022-07-29 14:08:00-04:00,2022-07-29 14:08:00-04:00,2022-07-29 15:33:00-04:00,L,12940.5,12994.25,12904.0,36.5,105.5,1.4452054794520548,TP,1,L|swing
2022-08-01 09:41:00-04:00,2022-08-01 09:41:00-04:00,2022-08-01 10:52:00-04:00,L,12947.5,13091.25,12851.0,96.5,285.5,1.4792746113989637,TP,1,L|swing
2022-08-01 11:47:00-04:00,2022-08-01 11:47:00-04:00,2022-08-01 12:12:00-04:00,L,13085.25,13029.25,13029.5,55.75,-114.0,-1.0224215246636772,SL,1,L|swing
2022-08-01 13:20:00-04:00,2022-08-01 13:20:00-04:00,2022-08-01 15:59:00-04:00,S,12960.5,12962.75,13020.5,60.0,-6.5,-0.05416666666666667,time,1,S|swing
2022-08-02 10:08:00-04:00,2022-08-02 10:08:00-04:00,2022-08-02 10:50:00-04:00,S,12868.0,12957.25,12957.0,89.0,-180.5,-1.0140449438202248,SL,1,S|swing
2022-08-02 11:38:00-04:00,2022-08-02 11:38:00-04:00,2022-08-02 12:20:00-04:00,L,12976.25,13058.25,12921.0,55.25,162.0,1.4660633484162895,TP,1,L|swing
2022-08-02 12:41:00-04:00,2022-08-02 12:41:00-04:00,2022-08-02 13:28:00-04:00,L,13091.75,13005.25,13005.5,86.25,-175.0,-1.0144927536231885,SL,1,L|swing
2022-08-02 14:23:00-04:00,2022-08-02 14:23:00-04:00,2022-08-02 15:59:00-04:00,L,12977.5,12921.75,12913.75,63.75,-113.5,-0.8901960784313725,time,1,L|swing
2022-08-03 09:56:00-04:00,2022-08-03 09:56:00-04:00,2022-08-03 15:59:00-04:00,L,13119.75,13271.5,12988.75,131.0,301.5,1.150763358778626,time,1,L|swing
2022-08-04 09:35:00-04:00,2022-08-04 09:35:00-04:00,2022-08-04 10:17:00-04:00,L,13306.0,13244.5,13244.75,61.25,-125.0,-1.0204081632653061,SL,1,L|swing
2022-08-04 10:35:00-04:00,2022-08-04 10:35:00-04:00,2022-08-04 15:11:00-04:00,S,13190.5,13331.0,13330.75,140.25,-283.0,-1.0089126559714796,SL,1,S|swing
2022-08-05 11:02:00-04:00,2022-08-05 11:02:00-04:00,2022-08-05 11:27:00-04:00,S,13205.0,13103.5,13273.25,68.25,201.0,1.4725274725274726,TP,1,S|swing
2022-08-05 13:50:00-04:00,2022-08-05 13:50:00-04:00,2022-08-05 14:30:00-04:00,S,13203.75,13146.5,13242.5,38.75,112.5,1.4516129032258065,TP,1,S|swing
2022-08-08 11:17:00-04:00,2022-08-08 11:17:00-04:00,2022-08-08 12:13:00-04:00,S,13292.75,13196.75,13357.25,64.5,190.0,1.4728682170542635,TP,1,S|swing
2022-08-08 12:17:00-04:00,2022-08-08 12:17:00-04:00,2022-08-08 15:59:00-04:00,S,13173.0,13181.75,13261.75,88.75,-19.5,-0.10985915492957747,time,1,S|swing
2022-08-09 09:53:00-04:00,2022-08-09 09:53:00-04:00,2022-08-09 15:59:00-04:00,S,13022.75,13032.5,13112.5,89.75,-21.5,-0.11977715877437325,time,1,S|swing
2022-08-10 10:53:00-04:00,2022-08-10 10:53:00-04:00,2022-08-10 15:59:00-04:00,L,13335.75,13393.5,13269.25,66.5,113.5,0.8533834586466166,time,1,L|swing
2022-08-11 10:02:00-04:00,2022-08-11 10:02:00-04:00,2022-08-11 11:05:00-04:00,L,13516.5,13455.5,13455.75,60.75,-124.0,-1.0205761316872428,SL,1,L|swing
2022-08-11 11:20:00-04:00,2022-08-11 11:20:00-04:00,2022-08-11 15:59:00-04:00,S,13391.25,13317.5,13495.5,104.25,145.5,0.697841726618705,time,1,S|swing
2022-08-12 09:35:00-04:00,2022-08-12 09:35:00-04:00,2022-08-12 09:40:00-04:00,S,13365.0,13418.0,13417.75,52.75,-108.0,-1.0236966824644549,SL,1,S|swing
2022-08-12 09:41:00-04:00,2022-08-12 09:41:00-04:00,2022-08-12 14:28:00-04:00,L,13421.5,13514.75,13358.75,62.75,184.5,1.4701195219123506,TP,1,L|swing
2022-08-12 14:29:00-04:00,2022-08-12 14:29:00-04:00,2022-08-12 14:51:00-04:00,L,13518.5,13542.25,13502.0,16.5,45.5,1.378787878787879,TP,1,L|swing
2022-08-15 09:56:00-04:00,2022-08-15 09:56:00-04:00,2022-08-15 15:59:00-04:00,L,13626.75,13685.0,13526.25,100.5,114.5,0.5696517412935324,time,1,L|swing
2022-08-16 09:50:00-04:00,2022-08-16 09:50:00-04:00,2022-08-16 11:47:00-04:00,S,13597.25,13660.25,13660.0,62.75,-128.0,-1.0199203187250996,SL,1,S|swing
2022-08-16 12:44:00-04:00,2022-08-16 12:44:00-04:00,2022-08-16 13:36:00-04:00,S,13637.0,13684.75,13684.5,47.5,-97.5,-1.0263157894736843,SL,1,S|swing
2022-08-16 14:02:00-04:00,2022-08-16 14:02:00-04:00,2022-08-16 14:35:00-04:00,L,13713.0,13672.5,13672.75,40.25,-83.0,-1.031055900621118,SL,1,L|swing
2022-08-17 09:41:00-04:00,2022-08-17 09:41:00-04:00,2022-08-17 14:09:00-04:00,S,13493.25,13566.75,13566.5,73.25,-149.0,-1.0170648464163823,SL,1,S|swing
2022-08-17 14:38:00-04:00,2022-08-17 14:38:00-04:00,2022-08-17 15:11:00-04:00,L,13610.0,13529.75,13530.0,80.0,-162.5,-1.015625,SL,1,L|swing
2022-08-18 09:59:00-04:00,2022-08-18 09:59:00-04:00,2022-08-18 10:40:00-04:00,S,13452.75,13503.0,13502.75,50.0,-102.5,-1.025,SL,1,S|swing
2022-08-18 10:41:00-04:00,2022-08-18 10:41:00-04:00,2022-08-18 15:59:00-04:00,L,13509.0,13528.25,13452.0,57.0,36.5,0.3201754385964912,time,1,L|swing
2022-08-19 09:41:00-04:00,2022-08-19 09:41:00-04:00,2022-08-19 11:09:00-04:00,S,13356.25,13253.25,13425.5,69.25,204.0,1.4729241877256318,TP,1,S|swing
2022-08-19 13:29:00-04:00,2022-08-19 13:29:00-04:00,2022-08-19 15:59:00-04:00,S,13262.0,13263.5,13310.0,48.0,-5.0,-0.052083333333333336,time,1,S|swing
2022-08-22 09:35:00-04:00,2022-08-22 09:35:00-04:00,2022-08-22 10:59:00-04:00,S,13035.75,12951.75,13092.25,56.5,166.0,1.4690265486725664,TP,1,S|swing
2022-08-22 12:44:00-04:00,2022-08-22 12:44:00-04:00,2022-08-22 13:56:00-04:00,S,12968.5,12924.75,12998.25,29.75,85.5,1.4369747899159664,TP,1,S|swing
2022-08-22 13:59:00-04:00,2022-08-22 13:59:00-04:00,2022-08-22 14:49:00-04:00,S,12923.5,12893.25,12944.25,20.75,58.5,1.4096385542168675,TP,1,S|swing
2022-08-23 09:44:00-04:00,2022-08-23 09:44:00-04:00,2022-08-23 09:50:00-04:00,S,12866.75,12952.5,12952.25,85.5,-173.5,-1.0146198830409356,SL,1,S|swing
2022-08-23 10:11:00-04:00,2022-08-23 10:11:00-04:00,2022-08-23 15:59:00-04:00,L,13009.25,12898.5,12865.75,143.5,-223.5,-0.7787456445993032,time,1,L|swing
2022-08-24 10:20:00-04:00,2022-08-24 10:20:00-04:00,2022-08-24 15:59:00-04:00,L,12934.5,12933.75,12876.0,58.5,-3.5,-0.029914529914529916,time,1,L|swing
2022-08-25 09:50:00-04:00,2022-08-25 09:50:00-04:00,2022-08-25 09:56:00-04:00,S,12964.0,13021.0,13020.75,56.75,-116.0,-1.0220264317180616,SL,1,S|swing
2022-08-25 10:23:00-04:00,2022-08-25 10:23:00-04:00,2022-08-25 15:59:00-04:00,L,13075.5,13158.25,12992.25,83.25,163.5,0.9819819819819819,time,1,L|swing
2022-08-26 09:47:00-04:00,2022-08-26 09:47:00-04:00,2022-08-26 10:03:00-04:00,S,13112.5,12996.25,13190.5,78.0,230.5,1.4775641025641026,TP,1,S|swing
2022-08-26 10:29:00-04:00,2022-08-26 10:29:00-04:00,2022-08-26 15:35:00-04:00,S,12986.5,12669.0,13198.75,212.25,633.0,1.4911660777385158,TP,1,S|swing
2022-08-29 10:17:00-04:00,2022-08-29 10:17:00-04:00,2022-08-29 10:35:00-04:00,L,12604.75,12521.75,12522.0,82.75,-168.0,-1.0151057401812689,SL,1,L|swing
2022-08-29 10:53:00-04:00,2022-08-29 10:53:00-04:00,2022-08-29 15:59:00-04:00,S,12467.5,12495.0,12606.0,138.5,-57.0,-0.20577617328519857,time,1,S|swing
2022-08-30 09:38:00-04:00,2022-08-30 09:38:00-04:00,2022-08-30 09:46:00-04:00,S,12545.0,12482.25,12587.5,42.5,123.5,1.4529411764705882,TP,1,S|swing
2022-08-30 10:05:00-04:00,2022-08-30 10:05:00-04:00,2022-08-30 13:45:00-04:00,S,12439.0,12247.75,12567.0,128.0,380.5,1.486328125,TP,1,S|swing
2022-08-31 10:29:00-04:00,2022-08-31 10:29:00-04:00,2022-08-31 15:59:00-04:00,S,12384.5,12282.0,12468.25,83.75,203.0,1.2119402985074628,time,1,S|swing
2022-09-01 09:41:00-04:00,2022-09-01 09:41:00-04:00,2022-09-01 10:02:00-04:00,L,12210.5,12139.75,12140.0,70.5,-143.5,-1.0177304964539007,SL,1,L|swing
2022-09-01 10:14:00-04:00,2022-09-01 10:14:00-04:00,2022-09-01 14:35:00-04:00,S,12115.25,12208.25,12208.0,92.75,-188.0,-1.013477088948787,SL,1,S|swing
2022-09-02 10:02:00-04:00,2022-09-02 10:02:00-04:00,2022-09-02 10:12:00-04:00,S,12290.25,12363.5,12363.25,73.0,-148.5,-1.0171232876712328,SL,1,S|swing
2022-09-02 10:17:00-04:00,2022-09-02 10:17:00-04:00,2022-09-02 12:36:00-04:00,L,12376.5,12271.75,12272.0,104.5,-211.5,-1.0119617224880382,SL,1,L|swing
2022-09-02 13:02:00-04:00,2022-09-02 13:02:00-04:00,2022-09-02 15:59:00-04:00,S,12182.5,12110.5,12308.75,126.25,142.0,0.5623762376237624,time,1,S|swing
2022-09-05 09:35:00-04:00,2022-09-05 09:35:00-04:00,2022-09-05 12:49:00-04:00,L,12130.25,12130.0,12104.0,26.25,-2.5,-0.047619047619047616,time,1,L|swing
2022-09-06 11:20:00-04:00,2022-09-06 11:20:00-04:00,2022-09-06 11:42:00-04:00,S,12073.5,12139.75,12139.5,66.0,-134.5,-1.018939393939394,SL,1,S|swing
2022-09-06 12:08:00-04:00,2022-09-06 12:08:00-04:00,2022-09-06 13:09:00-04:00,S,12084.5,11996.25,12144.0,59.5,174.5,1.4663865546218486,TP,1,S|swing
2022-09-06 13:53:00-04:00,2022-09-06 13:53:00-04:00,2022-09-06 14:00:00-04:00,S,11970.0,12016.0,12015.75,45.75,-94.0,-1.0273224043715847,SL,1,S|swing
2022-09-06 14:53:00-04:00,2022-09-06 14:53:00-04:00,2022-09-06 15:14:00-04:00,S,12002.5,12055.0,12054.75,52.25,-107.0,-1.0239234449760766,SL,1,S|swing
2022-09-07 11:08:00-04:00,2022-09-07 11:08:00-04:00,2022-09-07 14:01:00-04:00,L,12120.5,12228.0,12048.25,72.25,213.0,1.4740484429065743,TP,1,L|swing
2022-09-07 14:02:00-04:00,2022-09-07 14:02:00-04:00,2022-09-07 15:59:00-04:00,L,12239.25,12261.75,12159.75,79.5,43.0,0.27044025157232704,time,1,L|swing
2022-09-08 10:20:00-04:00,2022-09-08 10:20:00-04:00,2022-09-08 12:07:00-04:00,L,12284.0,12178.0,12178.25,105.75,-214.0,-1.011820330969267,SL,1,L|swing
2022-09-08 13:05:00-04:00,2022-09-08 13:05:00-04:00,2022-09-08 13:11:00-04:00,S,12215.0,12248.25,12248.0,33.0,-68.5,-1.0378787878787878,SL,1,S|swing
2022-09-08 13:38:00-04:00,2022-09-08 13:38:00-04:00,2022-09-08 15:59:00-04:00,L,12291.0,12326.0,12198.5,92.5,68.0,0.3675675675675676,time,1,L|swing
2022-09-09 09:47:00-04:00,2022-09-09 09:47:00-04:00,2022-09-09 13:16:00-04:00,L,12482.0,12595.5,12405.75,76.25,225.0,1.4754098360655739,TP,1,L|swing
2022-09-09 13:32:00-04:00,2022-09-09 13:32:00-04:00,2022-09-09 14:51:00-04:00,L,12597.5,12560.75,12561.0,36.5,-75.5,-1.0342465753424657,SL,1,L|swing
2022-09-12 09:53:00-04:00,2022-09-12 09:53:00-04:00,2022-09-12 12:10:00-04:00,L,12702.5,12640.5,12640.75,61.75,-126.0,-1.0202429149797572,SL,1,L|swing
2022-09-12 12:23:00-04:00,2022-09-12 12:23:00-04:00,2022-09-12 15:59:00-04:00,L,12685.0,12742.5,12637.25,47.75,113.0,1.1832460732984293,time,1,L|swing
2022-09-13 09:35:00-04:00,2022-09-13 09:35:00-04:00,2022-09-13 10:50:00-04:00,S,12343.5,12219.75,12426.5,83.0,245.5,1.4789156626506024,TP,1,S|swing
2022-09-13 11:08:00-04:00,2022-09-13 11:08:00-04:00,2022-09-13 15:07:00-04:00,S,12203.5,12116.25,12262.25,58.75,172.5,1.4680851063829787,TP,1,S|swing
2022-09-16 09:35:00-04:00,2022-09-16 09:35:00-04:00,2022-09-16 10:13:00-04:00,S,11824.75,11872.0,11871.75,47.0,-96.5,-1.0265957446808511,SL,1,S|swing
2022-09-16 10:32:00-04:00,2022-09-16 10:32:00-04:00,2022-09-16 11:10:00-04:00,L,11892.0,11805.5,11805.75,86.25,-175.0,-1.0144927536231885,SL,1,L|swing
2022-09-16 11:38:00-04:00,2022-09-16 11:38:00-04:00,2022-09-16 11:59:00-04:00,S,11804.25,11858.75,11858.5,54.25,-111.0,-1.023041474654378,SL,1,S|swing
2022-09-16 12:26:00-04:00,2022-09-16 12:26:00-04:00,2022-09-16 14:27:00-04:00,S,11791.25,11867.25,11867.0,75.75,-154.0,-1.0165016501650166,SL,1,S|swing
2022-09-16 14:50:00-04:00,2022-09-16 14:50:00-04:00,2022-09-16 15:59:00-04:00,L,11883.0,11926.5,11817.25,65.75,85.0,0.6463878326996197,time,1,L|swing
2022-09-19 10:35:00-04:00,2022-09-19 10:35:00-04:00,2022-09-19 11:38:00-04:00,L,11939.75,11870.25,11870.5,69.25,-141.0,-1.0180505415162455,SL,1,L|swing
2022-09-19 12:05:00-04:00,2022-09-19 12:05:00-04:00,2022-09-19 12:35:00-04:00,S,11865.5,11907.0,11906.75,41.25,-85.0,-1.0303030303030303,SL,1,S|swing
2022-09-19 14:38:00-04:00,2022-09-19 14:38:00-04:00,2022-09-19 15:28:00-04:00,L,11947.5,12022.0,11897.25,50.25,147.0,1.462686567164179,TP,1,L|swing
2022-09-20 11:08:00-04:00,2022-09-20 11:08:00-04:00,2022-09-20 13:16:00-04:00,L,11978.75,11902.25,11902.5,76.25,-155.0,-1.0163934426229508,SL,1,L|swing
2022-09-20 13:50:00-04:00,2022-09-20 13:50:00-04:00,2022-09-20 14:46:00-04:00,S,11852.5,11915.25,11915.0,62.5,-127.5,-1.02,SL,1,S|swing
2022-09-21 09:47:00-04:00,2022-09-21 09:47:00-04:00,2022-09-21 13:59:00-04:00,L,11978.5,12038.25,11938.0,40.5,117.5,1.4506172839506173,TP,1,L|swing
2022-09-21 14:02:00-04:00,2022-09-21 14:02:00-04:00,2022-09-21 14:44:00-04:00,S,11872.25,12068.25,12068.0,195.75,-394.0,-1.0063856960408684,SL,1,S|swing
2022-09-22 09:38:00-04:00,2022-09-22 09:38:00-04:00,2022-09-22 15:59:00-04:00,S,11626.25,11563.0,11704.5,78.25,124.5,0.7955271565495208,time,1,S|swing
2022-09-23 09:50:00-04:00,2022-09-23 09:50:00-04:00,2022-09-23 15:59:00-04:00,S,11372.25,11374.25,11482.0,109.75,-6.0,-0.02733485193621868,time,1,S|swing
2022-09-26 09:50:00-04:00,2022-09-26 09:50:00-04:00,2022-09-26 12:25:00-04:00,L,11470.25,11341.75,11342.0,128.25,-259.0,-1.0097465886939572,SL,1,L|swing
2022-09-26 13:26:00-04:00,2022-09-26 13:26:00-04:00,2022-09-26 14:49:00-04:00,S,11310.0,11386.25,11386.0,76.0,-154.5,-1.0164473684210527,SL,1,S|swing
2022-09-26 14:50:00-04:00,2022-09-26 14:50:00-04:00,2022-09-26 15:59:00-04:00,L,11371.25,11319.5,11306.75,64.5,-105.5,-0.8178294573643411,time,1,L|swing
2022-09-27 10:02:00-04:00,2022-09-27 10:02:00-04:00,2022-09-27 12:19:00-04:00,S,11436.0,11238.5,11568.25,132.25,393.0,1.4858223062381852,TP,1,S|swing
2022-09-27 13:41:00-04:00,2022-09-27 13:41:00-04:00,2022-09-27 14:03:00-04:00,S,11247.75,11295.5,11295.25,47.5,-97.5,-1.0263157894736843,SL,1,S|swing
2022-09-28 10:29:00-04:00,2022-09-28 10:29:00-04:00,2022-09-28 15:49:00-04:00,L,11406.5,11608.25,11271.5,135.0,401.5,1.487037037037037,TP,1,L|swing
2022-09-29 09:35:00-04:00,2022-09-29 09:35:00-04:00,2022-09-29 09:45:00-04:00,S,11349.25,11249.25,11416.5,67.25,198.0,1.4721189591078068,TP,1,S|swing
2022-09-29 10:02:00-04:00,2022-09-29 10:02:00-04:00,2022-09-29 15:59:00-04:00,S,11214.5,11231.25,11388.5,174.0,-35.5,-0.10201149425287356,time,1,S|swing
2022-09-30 10:17:00-04:00,2022-09-30 10:17:00-04:00,2022-09-30 10:26:00-04:00,S,11199.5,11266.25,11266.0,66.5,-135.5,-1.018796992481203,SL,1,S|swing
2022-09-30 10:29:00-04:00,2022-09-30 10:29:00-04:00,2022-09-30 11:12:00-04:00,L,11260.0,11354.25,11196.5,63.5,186.5,1.468503937007874,TP,1,L|swing
2022-09-30 12:20:00-04:00,2022-09-30 12:20:00-04:00,2022-09-30 12:39:00-04:00,S,11213.5,11256.0,11255.75,42.25,-87.0,-1.029585798816568,SL,1,S|swing
2022-09-30 13:02:00-04:00,2022-09-30 13:02:00-04:00,2022-09-30 13:46:00-04:00,S,11219.5,11154.75,11263.25,43.75,127.5,1.457142857142857,TP,1,S|swing
2022-09-30 14:44:00-04:00,2022-09-30 14:44:00-04:00,2022-09-30 15:50:00-04:00,S,11142.5,11069.25,11192.0,49.5,144.5,1.4595959595959596,TP,1,S|swing
2022-10-03 10:02:00-04:00,2022-10-03 10:02:00-04:00,2022-10-03 14:57:00-04:00,L,11163.5,11348.25,11039.75,123.75,367.5,1.4848484848484849,TP,1,L|swing
2022-10-04 13:41:00-04:00,2022-10-04 13:41:00-04:00,2022-10-04 15:59:00-04:00,L,11581.25,11643.5,11523.75,57.5,122.5,1.065217391304348,time,1,L|swing
2022-10-05 09:44:00-04:00,2022-10-05 09:44:00-04:00,2022-10-05 12:47:00-04:00,S,11469.5,11539.5,11539.25,69.75,-142.0,-1.017921146953405,SL,1,S|swing
2022-10-05 13:08:00-04:00,2022-10-05 13:08:00-04:00,2022-10-05 15:13:00-04:00,L,11573.5,11676.75,11504.0,69.5,204.5,1.4712230215827338,TP,1,L|swing
2022-10-06 10:29:00-04:00,2022-10-06 10:29:00-04:00,2022-10-06 10:59:00-04:00,S,11528.75,11639.25,11639.0,110.25,-223.0,-1.0113378684807257,SL,1,S|swing
2022-10-06 11:23:00-04:00,2022-10-06 11:23:00-04:00,2022-10-06 11:59:00-04:00,L,11651.75,11581.75,11582.0,69.75,-142.0,-1.017921146953405,SL,1,L|swing
2022-10-06 14:02:00-04:00,2022-10-06 14:02:00-04:00,2022-10-06 14:45:00-04:00,S,11606.75,11558.25,11639.75,33.0,95.0,1.4393939393939394,TP,1,S|swing
2022-10-07 09:44:00-04:00,2022-10-07 09:44:00-04:00,2022-10-07 13:02:00-04:00,S,11274.75,11121.25,11377.75,103.0,305.0,1.4805825242718447,TP,1,S|swing
2022-10-07 13:08:00-04:00,2022-10-07 13:08:00-04:00,2022-10-07 13:17:00-04:00,S,11112.25,11149.5,11149.25,37.0,-76.5,-1.0337837837837838,SL,1,S|swing
2022-10-07 13:59:00-04:00,2022-10-07 13:59:00-04:00,2022-10-07 15:31:00-04:00,S,11114.25,11060.25,11150.75,36.5,106.0,1.452054794520548,TP,1,S|swing
2022-10-10 09:35:00-04:00,2022-10-10 09:35:00-04:00,2022-10-10 12:28:00-04:00,S,11048.75,10917.75,11136.75,88.0,260.0,1.4772727272727273,TP,1,S|swing
2022-10-10 12:53:00-04:00,2022-10-10 12:53:00-04:00,2022-10-10 13:10:00-04:00,S,10912.75,10879.5,10935.5,22.75,64.5,1.4175824175824177,TP,1,S|swing
2022-10-10 13:47:00-04:00,2022-10-10 13:47:00-04:00,2022-10-10 15:59:00-04:00,L,11010.75,10980.5,10907.0,103.75,-62.5,-0.30120481927710846,time,1,L|swing
2022-10-11 10:59:00-04:00,2022-10-11 10:59:00-04:00,2022-10-11 11:03:00-04:00,S,10846.0,10902.0,10901.75,55.75,-114.0,-1.0224215246636772,SL,1,S|swing
2022-10-11 11:32:00-04:00,2022-10-11 11:32:00-04:00,2022-10-11 11:49:00-04:00,L,10920.0,10993.0,10870.75,49.25,144.0,1.4619289340101522,TP,1,L|swing
2022-10-11 12:41:00-04:00,2022-10-11 12:41:00-04:00,2022-10-11 14:16:00-04:00,L,11013.25,10926.5,10926.75,86.5,-175.5,-1.0144508670520231,SL,1,L|swing
2022-10-11 14:44:00-04:00,2022-10-11 14:44:00-04:00,2022-10-11 14:52:00-04:00,S,10923.5,10858.0,10967.75,44.25,129.0,1.4576271186440677,TP,1,S|swing
2022-10-12 12:29:00-04:00,2022-10-12 12:29:00-04:00,2022-10-12 15:59:00-04:00,S,10862.0,10837.0,10926.25,64.25,48.0,0.3735408560311284,time,1,S|swing
2022-10-13 11:38:00-04:00,2022-10-13 11:38:00-04:00,2022-10-13 15:59:00-04:00,L,11038.75,11081.5,10738.75,300.0,83.5,0.13916666666666666,time,1,L|swing
2022-10-14 10:02:00-04:00,2022-10-14 10:02:00-04:00,2022-10-14 15:59:00-04:00,S,10958.75,10747.75,11201.5,242.75,420.0,0.8650875386199794,time,1,S|swing
2022-10-17 10:14:00-04:00,2022-10-17 10:14:00-04:00,2022-10-17 10:51:00-04:00,L,11127.25,11052.25,11052.5,74.75,-152.0,-1.0167224080267558,SL,1,L|swing
2022-10-17 11:29:00-04:00,2022-10-17 11:29:00-04:00,2022-10-17 15:59:00-04:00,L,11091.0,11110.5,11022.25,68.75,37.0,0.2690909090909091,time,1,L|swing
2022-10-18 10:23:00-04:00,2022-10-18 10:23:00-04:00,2022-10-18 10:37:00-04:00,S,11302.0,11236.75,11346.0,44.0,128.5,1.4602272727272727,TP,1,S|swing
2022-10-18 11:08:00-04:00,2022-10-18 11:08:00-04:00,2022-10-18 11:38:00-04:00,S,11204.0,11087.25,11282.5,78.5,231.5,1.4745222929936306,TP,1,S|swing
2022-10-18 12:59:00-04:00,2022-10-18 12:59:00-04:00,2022-10-18 13:55:00-04:00,S,11193.75,11248.0,11247.75,54.0,-110.5,-1.0231481481481481,SL,1,S|swing
2022-10-18 14:38:00-04:00,2022-10-18 14:38:00-04:00,2022-10-18 15:59:00-04:00,S,11163.5,11203.25,11243.5,80.0,-81.5,-0.509375,time,1,S|swing
2022-10-19 11:35:00-04:00,2022-10-19 11:35:00-04:00,2022-10-19 13:04:00-04:00,S,11168.0,11071.0,11233.25,65.25,192.0,1.471264367816092,TP,1,S|swing
2022-10-19 14:44:00-04:00,2022-10-19 14:44:00-04:00,2022-10-19 15:59:00-04:00,S,11117.75,11154.25,11154.0,36.25,-75.0,-1.0344827586206897,SL,1,S|swing
2022-10-20 09:44:00-04:00,2022-10-20 09:44:00-04:00,2022-10-20 10:06:00-04:00,L,11162.75,11269.25,11091.25,71.5,211.0,1.4755244755244756,TP,1,L|swing
2022-10-20 10:20:00-04:00,2022-10-20 10:20:00-04:00,2022-10-20 12:21:00-04:00,L,11318.25,11192.75,11193.0,125.25,-253.0,-1.0099800399201597,SL,1,L|swing
2022-10-20 12:38:00-04:00,2022-10-20 12:38:00-04:00,2022-10-20 14:13:00-04:00,S,11166.0,11057.0,11239.25,73.25,216.0,1.4744027303754266,TP,1,S|swing
2022-10-20 14:44:00-04:00,2022-10-20 14:44:00-04:00,2022-10-20 14:56:00-04:00,S,11047.5,11090.0,11089.75,42.25,-87.0,-1.029585798816568,SL,1,S|swing
2022-10-21 09:35:00-04:00,2022-10-21 09:35:00-04:00,2022-10-21 09:45:00-04:00,S,11008.25,11102.5,11102.25,94.0,-190.5,-1.0132978723404256,SL,1,S|swing
2022-10-21 09:47:00-04:00,2022-10-21 09:47:00-04:00,2022-10-21 13:50:00-04:00,L,11109.0,11279.75,10994.5,114.5,339.5,1.482532751091703,TP,1,L|swing
2022-10-21 13:59:00-04:00,2022-10-21 13:59:00-04:00,2022-10-21 15:59:00-04:00,L,11291.75,11353.75,11235.0,56.75,122.0,1.0748898678414096,time,1,L|swing
2022-10-24 10:02:00-04:00,2022-10-24 10:02:00-04:00,2022-10-24 12:01:00-04:00,S,11292.25,11428.0,11427.75,135.5,-273.5,-1.0092250922509225,SL,1,S|swing
2022-10-24 12:23:00-04:00,2022-10-24 12:23:00-04:00,2022-10-24 13:21:00-04:00,L,11442.0,11392.75,11393.0,49.0,-100.5,-1.0255102040816326,SL,1,L|swing
2022-10-24 14:05:00-04:00,2022-10-24 14:05:00-04:00,2022-10-24 15:02:00-04:00,L,11421.25,11492.75,11373.0,48.25,141.0,1.461139896373057,TP,1,L|swing
2022-10-25 09:47:00-04:00,2022-10-25 09:47:00-04:00,2022-10-25 15:59:00-04:00,L,11618.5,11712.75,11508.0,110.5,186.5,0.8438914027149321,time,1,L|swing
2022-10-26 09:50:00-04:00,2022-10-26 09:50:00-04:00,2022-10-26 10:45:00-04:00,L,11515.5,11638.75,11432.75,82.75,244.5,1.4773413897280967,TP,1,L|swing
2022-10-26 11:08:00-04:00,2022-10-26 11:08:00-04:00,2022-10-26 12:49:00-04:00,L,11658.25,11602.75,11603.0,55.25,-113.0,-1.0226244343891402,SL,1,L|swing
2022-10-26 13:17:00-04:00,2022-10-26 13:17:00-04:00,2022-10-26 15:59:00-04:00,S,11519.25,11453.5,11615.0,95.75,129.5,0.6762402088772846,time,1,S|swing
2022-10-27 09:50:00-04:00,2022-10-27 09:50:00-04:00,2022-10-27 15:59:00-04:00,S,11297.5,11241.5,11464.75,167.25,110.0,0.32884902840059793,time,1,S|swing
2022-10-28 10:26:00-04:00,2022-10-28 10:26:00-04:00,2022-10-28 14:51:00-04:00,L,11386.5,11579.75,11257.0,129.5,384.5,1.4845559845559846,TP,1,L|swing
2022-10-31 09:47:00-04:00,2022-10-31 09:47:00-04:00,2022-10-31 15:59:00-04:00,S,11437.25,11448.5,11523.0,85.75,-24.5,-0.14285714285714285,time,1,S|swing
2022-11-01 10:02:00-04:00,2022-11-01 10:02:00-04:00,2022-11-01 15:59:00-04:00,S,11474.0,11331.0,11614.5,140.5,284.0,1.01067615658363,time,1,S|swing
2022-11-02 10:14:00-04:00,2022-11-02 10:14:00-04:00,2022-11-02 14:00:00-04:00,S,11266.5,11323.25,11323.0,56.5,-115.5,-1.0221238938053097,SL,1,S|swing
2022-11-02 14:02:00-04:00,2022-11-02 14:02:00-04:00,2022-11-02 14:51:00-04:00,L,11399.0,11199.5,11199.75,199.25,-401.0,-1.0062735257214555,SL,1,L|swing
2022-11-02 14:53:00-04:00,2022-11-02 14:53:00-04:00,2022-11-02 15:59:00-04:00,S,11134.75,10939.0,11460.0,325.25,389.5,0.5987701767870869,time,1,S|swing
2022-11-03 09:44:00-04:00,2022-11-03 09:44:00-04:00,2022-11-03 10:45:00-04:00,S,10789.75,10848.75,10848.5,58.75,-120.0,-1.0212765957446808,SL,1,S|swing
2022-11-03 11:08:00-04:00,2022-11-03 11:08:00-04:00,2022-11-03 15:54:00-04:00,S,10828.75,10739.75,10888.75,60.0,176.0,1.4666666666666666,TP,1,S|swing
2022-11-04 10:14:00-04:00,2022-11-04 10:14:00-04:00,2022-11-04 11:51:00-04:00,L,10888.25,10723.75,10724.0,164.25,-331.0,-1.0076103500761036,SL,1,L|swing
2022-11-04 12:05:00-04:00,2022-11-04 12:05:00-04:00,2022-11-04 15:05:00-04:00,S,10695.25,10830.5,10830.25,135.0,-272.5,-1.0092592592592593,SL,1,S|swing
2022-11-07 09:35:00-05:00,2022-11-07 09:35:00-05:00,2022-11-07 14:14:00-05:00,S,10906.0,10969.5,10969.25,63.25,-129.0,-1.0197628458498025,SL,1,S|swing
2022-11-08 10:20:00-05:00,2022-11-08 10:20:00-05:00,2022-11-08 11:25:00-05:00,L,11095.75,11180.25,11038.75,57.0,167.0,1.4649122807017543,TP,1,L|swing
2022-11-08 12:11:00-05:00,2022-11-08 12:11:00-05:00,2022-11-08 12:16:00-05:00,L,11210.5,11178.75,11179.0,31.5,-65.5,-1.0396825396825398,SL,1,L|swing
2022-11-08 12:44:00-05:00,2022-11-08 12:44:00-05:00,2022-11-08 13:20:00-05:00,L,11207.0,11176.5,11176.75,30.25,-63.0,-1.0413223140495869,SL,1,L|swing
2022-11-08 13:56:00-05:00,2022-11-08 13:56:00-05:00,2022-11-08 14:26:00-05:00,S,11051.25,10946.0,11122.0,70.75,208.5,1.4734982332155477,TP,1,S|swing
2022-11-09 10:56:00-05:00,2022-11-09 10:56:00-05:00,2022-11-09 11:44:00-05:00,S,10946.75,11016.0,11015.75,69.0,-140.5,-1.0181159420289856,SL,1,S|swing
2022-11-09 13:08:00-05:00,2022-11-09 13:08:00-05:00,2022-11-09 13:31:00-05:00,S,10939.0,10885.5,10975.25,36.25,105.0,1.4482758620689655,TP,1,S|swing
2022-11-09 14:32:00-05:00,2022-11-09 14:32:00-05:00,2022-11-09 15:59:00-05:00,S,10869.0,10831.5,10907.0,38.0,73.0,0.9605263157894737,time,1,S|swing
2022-11-10 09:53:00-05:00,2022-11-10 09:53:00-05:00,2022-11-10 15:42:00-05:00,L,11398.75,11592.75,11268.75,130.0,386.0,1.4846153846153847,TP,1,L|swing
2022-11-11 10:11:00-05:00,2022-11-11 10:11:00-05:00,2022-11-11 13:56:00-05:00,L,11692.75,11849.75,11587.5,105.25,312.0,1.482185273159145,TP,1,L|swing
2022-11-11 14:05:00-05:00,2022-11-11 14:05:00-05:00,2022-11-11 15:11:00-05:00,L,11862.5,11805.75,11806.0,56.5,-115.5,-1.0221238938053097,SL,1,L|swing
2022-11-14 10:08:00-05:00,2022-11-14 10:08:00-05:00,2022-11-14 15:59:00-05:00,L,11795.5,11742.0,11701.75,93.75,-109.0,-0.5813333333333334,time,1,L|swing
2022-11-15 11:32:00-05:00,2022-11-15 11:32:00-05:00,2022-11-15 13:18:00-05:00,L,12033.0,11945.0,11945.25,87.75,-178.0,-1.0142450142450143,SL,1,L|swing
2022-11-15 14:53:00-05:00,2022-11-15 14:53:00-05:00,2022-11-15 15:02:00-05:00,S,11875.25,11934.5,11934.25,59.0,-120.5,-1.021186440677966,SL,1,S|swing
2022-11-16 09:47:00-05:00,2022-11-16 09:47:00-05:00,2022-11-16 15:59:00-05:00,S,11770.0,11740.5,11853.0,83.0,57.0,0.3433734939759036,time,1,S|swing
2022-11-17 10:47:00-05:00,2022-11-17 10:47:00-05:00,2022-11-17 11:55:00-05:00,S,11627.25,11673.0,11672.75,45.5,-93.5,-1.0274725274725274,SL,1,S|swing
2022-11-17 12:47:00-05:00,2022-11-17 12:47:00-05:00,2022-11-17 12:59:00-05:00,L,11709.0,11750.5,11680.75,28.25,81.0,1.4336283185840708,TP,1,L|swing
2022-11-17 13:20:00-05:00,2022-11-17 13:20:00-05:00,2022-11-17 14:07:00-05:00,L,11773.0,11723.0,11723.25,49.75,-102.0,-1.0251256281407035,SL,1,L|swing
2022-11-18 09:50:00-05:00,2022-11-18 09:50:00-05:00,2022-11-18 15:59:00-05:00,S,11745.5,11708.0,11844.25,98.75,73.0,0.369620253164557,time,1,S|swing
2022-11-21 10:08:00-05:00,2022-11-21 10:08:00-05:00,2022-11-21 15:59:00-05:00,S,11626.75,11587.5,11700.0,73.25,76.5,0.5221843003412969,time,1,S|swing
2022-11-22 10:47:00-05:00,2022-11-22 10:47:00-05:00,2022-11-22 13:34:00-05:00,L,11627.0,11696.75,11580.0,47.0,137.5,1.4627659574468086,TP,1,L|swing
2022-11-22 13:53:00-05:00,2022-11-22 13:53:00-05:00,2022-11-22 14:08:00-05:00,L,11698.25,11683.75,11684.0,14.25,-31.0,-1.087719298245614,SL,1,L|swing
2022-11-22 14:38:00-05:00,2022-11-22 14:38:00-05:00,2022-11-22 15:34:00-05:00,L,11700.0,11738.25,11674.0,26.0,74.5,1.4326923076923077,TP,1,L|swing
2022-11-23 09:35:00-05:00,2022-11-23 09:35:00-05:00,2022-11-23 09:48:00-05:00,L,11781.0,11834.75,11744.5,36.5,105.5,1.4452054794520548,TP,1,L|swing
2022-11-23 10:08:00-05:00,2022-11-23 10:08:00-05:00,2022-11-23 11:55:00-05:00,L,11854.25,11780.5,11780.75,73.5,-149.5,-1.0170068027210883,SL,1,L|swing
2022-11-23 12:53:00-05:00,2022-11-23 12:53:00-05:00,2022-11-23 13:39:00-05:00,S,11766.75,11817.0,11816.75,50.0,-102.5,-1.025,SL,1,S|swing
2022-11-23 13:44:00-05:00,2022-11-23 13:44:00-05:00,2022-11-23 15:59:00-05:00,L,11821.0,11868.0,11766.0,55.0,92.0,0.8363636363636363,time,1,L|swing
2022-11-24 10:26:00-05:00,2022-11-24 10:26:00-05:00,2022-11-24 12:49:00-05:00,L,11913.5,11921.75,11904.75,8.75,14.5,0.8285714285714286,time,1,L|swing
2022-11-25 09:35:00-05:00,2022-11-25 09:35:00-05:00,2022-11-25 10:05:00-05:00,S,11783.5,11817.75,11817.5,34.0,-70.5,-1.036764705882353,SL,1,S|swing
2022-11-25 11:26:00-05:00,2022-11-25 11:26:00-05:00,2022-11-25 13:04:00-05:00,S,11794.0,11784.0,11825.0,31.0,18.0,0.2903225806451613,time,1,S|swing
2022-11-28 11:08:00-05:00,2022-11-28 11:08:00-05:00,2022-11-28 12:02:00-05:00,S,11677.5,11717.5,11717.25,39.75,-82.0,-1.0314465408805031,SL,1,S|swing
2022-11-28 12:32:00-05:00,2022-11-28 12:32:00-05:00,2022-11-28 13:12:00-05:00,L,11710.0,11662.0,11662.25,47.75,-98.0,-1.0261780104712042,SL,1,L|swing
2022-11-28 13:44:00-05:00,2022-11-28 13:44:00-05:00,2022-11-28 14:08:00-05:00,S,11659.0,11617.75,11687.0,28.0,80.5,1.4375,TP,1,S|swing
2022-11-28 14:23:00-05:00,2022-11-28 14:23:00-05:00,2022-11-28 15:59:00-05:00,S,11600.0,11611.25,11653.5,53.5,-24.5,-0.22897196261682243,time,1,S|swing
2022-11-29 09:56:00-05:00,2022-11-29 09:56:00-05:00,2022-11-29 10:30:00-05:00,S,11568.75,11636.75,11636.5,67.75,-138.0,-1.018450184501845,SL,1,S|swing
2022-11-29 10:53:00-05:00,2022-11-29 10:53:00-05:00,2022-11-29 11:04:00-05:00,S,11597.75,11536.75,11639.0,41.25,120.0,1.4545454545454546,TP,1,S|swing
2022-11-29 13:02:00-05:00,2022-11-29 13:02:00-05:00,2022-11-29 13:25:00-05:00,S,11527.0,11488.25,11553.5,26.5,75.5,1.4245283018867925,TP,1,S|swing
2022-11-29 14:44:00-05:00,2022-11-29 14:44:00-05:00,2022-11-29 15:59:00-05:00,S,11496.25,11523.5,11540.75,44.5,-56.5,-0.6348314606741573,time,1,S|swing
2022-11-30 09:35:00-05:00,2022-11-30 09:35:00-05:00,2022-11-30 11:04:00-05:00,L,11562.75,11518.25,11518.5,44.25,-91.0,-1.0282485875706215,SL,1,L|swing
2022-11-30 11:35:00-05:00,2022-11-30 11:35:00-05:00,2022-11-30 12:19:00-05:00,L,11564.25,11523.0,11523.25,41.0,-84.5,-1.0304878048780488,SL,1,L|swing
2022-11-30 13:32:00-05:00,2022-11-30 13:32:00-05:00,2022-11-30 13:39:00-05:00,L,11601.25,11708.25,11529.25,72.0,212.0,1.4722222222222223,TP,1,L|swing
2022-11-30 13:59:00-05:00,2022-11-30 13:59:00-05:00,2022-11-30 15:59:00-05:00,L,11754.0,12051.75,11529.25,224.75,593.5,1.3203559510567298,time,1,L|swing
2022-12-01 09:35:00-05:00,2022-12-01 09:35:00-05:00,2022-12-01 10:12:00-05:00,L,12087.75,12031.0,12031.25,56.5,-115.5,-1.0221238938053097,SL,1,L|swing
2022-12-01 11:50:00-05:00,2022-12-01 11:50:00-05:00,2022-12-01 12:31:00-05:00,S,12018.75,12058.0,12057.75,39.0,-80.5,-1.0320512820512822,SL,1,S|swing
2022-12-01 12:32:00-05:00,2022-12-01 12:32:00-05:00,2022-12-01 15:59:00-05:00,L,12055.0,12059.5,11984.25,70.75,7.0,0.04946996466431095,time,1,L|swing
2022-12-02 12:38:00-05:00,2022-12-02 12:38:00-05:00,2022-12-02 14:56:00-05:00,S,11926.25,11980.25,11980.0,53.75,-110.0,-1.0232558139534884,SL,1,S|swing
2022-12-05 09:56:00-05:00,2022-12-05 09:56:00-05:00,2022-12-05 10:00:00-05:00,S,11939.5,11890.75,11972.5,33.0,95.5,1.446969696969697,TP,1,S|swing
2022-12-05 11:23:00-05:00,2022-12-05 11:23:00-05:00,2022-12-05 13:03:00-05:00,S,11895.0,11811.5,11951.25,56.25,165.0,1.4666666666666666,TP,1,S|swing
2022-12-05 13:50:00-05:00,2022-12-05 13:50:00-05:00,2022-12-05 14:30:00-05:00,S,11816.0,11767.75,11848.75,32.75,94.5,1.4427480916030535,TP,1,S|swing
2022-12-05 14:32:00-05:00,2022-12-05 14:32:00-05:00,2022-12-05 15:57:00-05:00,S,11761.5,11802.5,11802.25,40.75,-84.0,-1.030674846625767,SL,1,S|swing
2022-12-06 09:56:00-05:00,2022-12-06 09:56:00-05:00,2022-12-06 14:38:00-05:00,S,11686.25,11502.25,11809.5,123.25,366.0,1.484787018255578,TP,1,S|swing
2022-12-07 09:35:00-05:00,2022-12-07 09:35:00-05:00,2022-12-07 09:47:00-05:00,L,11569.5,11491.5,11491.75,77.75,-158.0,-1.0160771704180065,SL,1,L|swing
2022-12-07 10:50:00-05:00,2022-12-07 10:50:00-05:00,2022-12-07 11:30:00-05:00,L,11545.25,11459.75,11460.0,85.25,-173.0,-1.0146627565982405,SL,1,L|swing
2022-12-07 12:47:00-05:00,2022-12-07 12:47:00-05:00,2022-12-07 15:59:00-05:00,L,11522.5,11507.5,11473.0,49.5,-32.0,-0.32323232323232326,time,1,L|swing
2022-12-08 09:56:00-05:00,2022-12-08 09:56:00-05:00,2022-12-08 15:59:00-05:00,L,11576.5,11645.5,11476.75,99.75,136.0,0.681704260651629,time,1,L|swing
2022-12-09 10:32:00-05:00,2022-12-09 10:32:00-05:00,2022-12-09 15:44:00-05:00,L,11664.5,11601.0,11601.25,63.25,-129.0,-1.0197628458498025,SL,1,L|swing
2022-12-12 09:50:00-05:00,2022-12-12 09:50:00-05:00,2022-12-12 10:49:00-05:00,L,11599.0,11542.5,11542.75,56.25,-115.0,-1.0222222222222221,SL,1,L|swing
2022-12-12 11:05:00-05:00,2022-12-12 11:05:00-05:00,2022-12-12 15:38:00-05:00,L,11595.75,11692.0,11531.0,64.75,190.5,1.471042471042471,TP,1,L|swing
2022-12-13 11:14:00-05:00,2022-12-13 11:14:00-05:00,2022-12-13 11:47:00-05:00,L,12013.75,11942.25,11942.5,71.25,-145.0,-1.0175438596491229,SL,1,L|swing
2022-12-13 12:11:00-05:00,2022-12-13 12:11:00-05:00,2022-12-13 15:59:00-05:00,S,11806.75,11840.5,11979.0,172.25,-69.5,-0.20174165457184326,time,1,S|swing
2022-12-16 09:50:00-05:00,2022-12-16 09:50:00-05:00,2022-12-16 10:16:00-05:00,L,11482.25,11363.0,11363.25,119.0,-240.5,-1.0105042016806722,SL,1,L|swing
2022-12-16 11:11:00-05:00,2022-12-16 11:11:00-05:00,2022-12-16 15:15:00-05:00,S,11308.25,11364.0,11363.75,55.5,-113.5,-1.0225225225225225,SL,1,S|swing
2022-12-19 09:47:00-05:00,2022-12-19 09:47:00-05:00,2022-12-19 14:29:00-05:00,S,11278.75,11158.5,11359.5,80.75,238.5,1.4767801857585139,TP,1,S|swing
2022-12-19 14:53:00-05:00,2022-12-19 14:53:00-05:00,2022-12-19 15:56:00-05:00,S,11153.75,11194.0,11193.75,40.0,-82.5,-1.03125,SL,1,S|swing
2022-12-20 09:35:00-05:00,2022-12-20 09:35:00-05:00,2022-12-20 09:57:00-05:00,S,11115.5,11152.0,11151.75,36.25,-75.0,-1.0344827586206897,SL,1,S|swing
2022-12-20 09:59:00-05:00,2022-12-20 09:59:00-05:00,2022-12-20 15:59:00-05:00,L,11168.5,11175.25,11066.0,102.5,11.5,0.05609756097560976,time,1,L|swing
2022-12-21 09:47:00-05:00,2022-12-21 09:47:00-05:00,2022-12-21 10:42:00-05:00,L,11246.0,11343.0,11180.75,65.25,192.0,1.471264367816092,TP,1,L|swing
2022-12-21 10:59:00-05:00,2022-12-21 10:59:00-05:00,2022-12-21 15:59:00-05:00,L,11350.5,11336.0,11283.25,67.25,-31.0,-0.23048327137546468,time,1,L|swing
2022-12-22 10:02:00-05:00,2022-12-22 10:02:00-05:00,2022-12-22 12:21:00-05:00,S,11077.5,10958.25,11157.5,80.0,236.5,1.478125,TP,1,S|swing
2022-12-22 13:02:00-05:00,2022-12-22 13:02:00-05:00,2022-12-22 14:12:00-05:00,S,10898.75,10932.25,10932.0,33.25,-69.0,-1.037593984962406,SL,1,S|swing
2022-12-23 09:56:00-05:00,2022-12-23 09:56:00-05:00,2022-12-23 10:25:00-05:00,S,10925.0,11051.25,11051.0,126.0,-254.5,-1.0099206349206349,SL,1,S|swing
2022-12-23 11:41:00-05:00,2022-12-23 11:41:00-05:00,2022-12-23 15:59:00-05:00,L,11052.75,11079.25,10998.0,54.75,51.0,0.4657534246575342,time,1,L|swing
2022-12-27 10:02:00-05:00,2022-12-27 10:02:00-05:00,2022-12-27 15:59:00-05:00,S,10897.5,10919.0,11033.5,136.0,-45.0,-0.16544117647058823,time,1,S|swing
2022-12-28 10:26:00-05:00,2022-12-28 10:26:00-05:00,2022-12-28 11:00:00-05:00,S,10919.75,10823.75,10984.25,64.5,190.0,1.4728682170542635,TP,1,S|swing
2022-12-28 11:17:00-05:00,2022-12-28 11:17:00-05:00,2022-12-28 15:59:00-05:00,S,10804.25,10771.0,10899.25,95.0,64.5,0.3394736842105263,time,1,S|swing
2022-12-29 09:35:00-05:00,2022-12-29 09:35:00-05:00,2022-12-29 10:08:00-05:00,L,10906.75,10981.75,10856.25,50.5,148.0,1.4653465346534653,TP,1,L|swing
2022-12-29 10:35:00-05:00,2022-12-29 10:35:00-05:00,2022-12-29 15:59:00-05:00,L,11021.75,11032.0,10952.25,69.5,18.5,0.13309352517985612,time,1,L|swing
2022-12-30 09:50:00-05:00,2022-12-30 09:50:00-05:00,2022-12-30 10:47:00-05:00,S,10872.75,10948.25,10948.0,75.25,-153.0,-1.0166112956810631,SL,1,S|swing
2022-12-30 11:14:00-05:00,2022-12-30 11:14:00-05:00,2022-12-30 15:45:00-05:00,S,10920.25,10971.5,10971.25,51.0,-104.5,-1.0245098039215685,SL,1,S|swing
2023-01-03 09:41:00-05:00,2023-01-03 09:41:00-05:00,2023-01-03 09:48:00-05:00,L,11171.5,11072.0,11072.25,99.25,-201.0,-1.012594458438287,SL,1,L|swing
2023-01-03 09:53:00-05:00,2023-01-03 09:53:00-05:00,2023-01-03 15:59:00-05:00,S,11036.0,10942.75,11182.0,146.0,184.5,0.6318493150684932,time,1,S|swing
2023-01-04 09:41:00-05:00,2023-01-04 09:41:00-05:00,2023-01-04 09:46:00-05:00,L,11044.25,10961.25,10961.5,82.75,-168.0,-1.0151057401812689,SL,1,L|swing
2023-01-04 10:05:00-05:00,2023-01-04 10:05:00-05:00,2023-01-04 11:35:00-05:00,S,10904.75,11047.25,11047.0,142.25,-287.0,-1.0087873462214412,SL,1,S|swing
2023-01-04 13:38:00-05:00,2023-01-04 13:38:00-05:00,2023-01-04 13:59:00-05:00,L,11041.0,10991.0,10991.25,49.75,-102.0,-1.0251256281407035,SL,1,L|swing
2023-01-04 14:26:00-05:00,2023-01-04 14:26:00-05:00,2023-01-04 15:59:00-05:00,S,10934.0,10996.75,11064.75,130.75,-127.5,-0.4875717017208413,time,1,S|swing
2023-01-05 10:35:00-05:00,2023-01-05 10:35:00-05:00,2023-01-05 15:59:00-05:00,S,10842.5,10820.5,10927.5,85.0,42.0,0.24705882352941178,time,1,S|swing
2023-01-06 09:35:00-05:00,2023-01-06 09:35:00-05:00,2023-01-06 09:38:00-05:00,L,10933.75,10852.75,10853.0,80.75,-164.0,-1.0154798761609907,SL,1,L|swing
2023-01-06 10:38:00-05:00,2023-01-06 10:38:00-05:00,2023-01-06 13:37:00-05:00,L,10951.5,11059.0,10879.25,72.25,213.0,1.4740484429065743,TP,1,L|swing
2023-01-06 14:05:00-05:00,2023-01-06 14:05:00-05:00,2023-01-06 14:21:00-05:00,L,11079.75,11124.25,11049.5,30.25,87.0,1.43801652892562,TP,1,L|swing
2023-01-06 14:53:00-05:00,2023-01-06 14:53:00-05:00,2023-01-06 15:59:00-05:00,L,11141.75,11114.0,11103.0,38.75,-57.5,-0.7419354838709677,time,1,L|swing
2023-01-09 09:47:00-05:00,2023-01-09 09:47:00-05:00,2023-01-09 11:16:00-05:00,L,11260.75,11385.25,11177.25,83.5,247.0,1.4790419161676647,TP,1,L|swing
2023-01-09 14:23:00-05:00,2023-01-09 14:23:00-05:00,2023-01-09 14:43:00-05:00,L,11306.75,11264.5,11264.75,42.0,-86.5,-1.0297619047619047,SL,1,L|swing
2023-01-09 14:53:00-05:00,2023-01-09 14:53:00-05:00,2023-01-09 15:32:00-05:00,S,11263.5,11195.75,11309.25,45.75,133.5,1.459016393442623,TP,1,S|swing
2023-01-10 10:14:00-05:00,2023-01-10 10:14:00-05:00,2023-01-10 10:44:00-05:00,L,11256.0,11141.75,11142.0,114.0,-230.5,-1.0109649122807018,SL,1,L|swing
2023-01-10 12:14:00-05:00,2023-01-10 12:14:00-05:00,2023-01-10 15:59:00-05:00,L,11207.0,11281.75,11156.5,50.5,147.5,1.4603960396039604,TP,1,L|swing
2023-01-11 10:23:00-05:00,2023-01-11 10:23:00-05:00,2023-01-11 10:53:00-05:00,L,11375.0,11320.75,11321.0,54.0,-110.5,-1.0231481481481481,SL,1,L|swing
2023-01-11 11:14:00-05:00,2023-01-11 11:14:00-05:00,2023-01-11 13:09:00-05:00,L,11359.25,11427.75,11313.0,46.25,135.0,1.4594594594594594,TP,1,L|swing
2023-01-11 14:17:00-05:00,2023-01-11 14:17:00-05:00,2023-01-11 15:12:00-05:00,L,11414.0,11442.25,11394.5,19.5,54.5,1.3974358974358974,TP,1,L|swing
2023-01-12 09:41:00-05:00,2023-01-12 09:41:00-05:00,2023-01-12 12:17:00-05:00,S,11414.75,11525.25,11525.0,110.25,-223.0,-1.0113378684807257,SL,1,S|swing
2023-01-12 12:53:00-05:00,2023-01-12 12:53:00-05:00,2023-01-12 13:26:00-05:00,L,11551.0,11520.25,11520.5,30.5,-63.5,-1.040983606557377,SL,1,L|swing
2023-01-12 13:56:00-05:00,2023-01-12 13:56:00-05:00,2023-01-12 15:59:00-05:00,L,11565.25,11531.0,11451.75,113.5,-70.5,-0.31057268722466963,time,1,L|swing
2023-01-13 10:02:00-05:00,2023-01-13 10:02:00-05:00,2023-01-13 13:43:00-05:00,L,11472.0,11566.75,11408.25,63.75,187.5,1.4705882352941178,TP,1,L|swing
2023-01-13 14:29:00-05:00,2023-01-13 14:29:00-05:00,2023-01-13 15:35:00-05:00,L,11569.5,11600.75,11548.0,21.5,60.5,1.4069767441860466,TP,1,L|swing
2023-01-16 10:02:00-05:00,2023-01-16 10:02:00-05:00,2023-01-16 10:06:00-05:00,L,11607.0,11593.0,11593.25,13.75,-30.0,-1.0909090909090908,SL,1,L|swing
2023-01-17 10:02:00-05:00,2023-01-17 10:02:00-05:00,2023-01-17 15:59:00-05:00,L,11661.25,11626.75,11549.0,112.25,-71.0,-0.31625835189309576,time,1,L|swing
2023-01-18 10:02:00-05:00,2023-01-18 10:02:00-05:00,2023-01-18 10:37:00-05:00,L,11743.0,11671.75,11672.0,71.0,-144.5,-1.017605633802817,SL,1,L|swing
2023-01-18 10:38:00-05:00,2023-01-18 10:38:00-05:00,2023-01-18 12:31:00-05:00,S,11659.25,11514.25,11756.5,97.25,288.0,1.480719794344473,TP,1,S|swing
2023-01-18 13:02:00-05:00,2023-01-18 13:02:00-05:00,2023-01-18 14:28:00-05:00,S,11511.5,11538.5,11538.25,26.75,-56.0,-1.0467289719626167,SL,1,S|swing
2023-01-19 09:47:00-05:00,2023-01-19 09:47:00-05:00,2023-01-19 14:36:00-05:00,S,11369.0,11447.25,11447.0,78.0,-158.5,-1.016025641025641,SL,1,S|swing
2023-01-19 14:38:00-05:00,2023-01-19 14:38:00-05:00,2023-01-19 15:46:00-05:00,L,11444.0,11386.0,11386.25,57.75,-118.0,-1.0216450216450217,SL,1,L|swing
2023-01-20 09:53:00-05:00,2023-01-20 09:53:00-05:00,2023-01-20 13:49:00-05:00,L,11462.0,11580.0,11382.75,79.25,234.0,1.476340694006309,TP,1,L|swing
2023-01-20 13:50:00-05:00,2023-01-20 13:50:00-05:00,2023-01-20 15:59:00-05:00,L,11599.25,11675.5,11511.0,88.25,150.5,0.8526912181303116,time,1,L|swing
2023-01-23 10:23:00-05:00,2023-01-23 10:23:00-05:00,2023-01-23 11:07:00-05:00,L,11845.25,11925.0,11791.5,53.75,157.5,1.4651162790697674,TP,1,L|swing
2023-01-23 11:20:00-05:00,2023-01-23 11:20:00-05:00,2023-01-23 14:47:00-05:00,L,11952.75,11867.0,11867.25,85.5,-173.5,-1.0146198830409356,SL,1,L|swing
2023-01-24 10:56:00-05:00,2023-01-24 10:56:00-05:00,2023-01-24 15:59:00-05:00,L,11933.75,11905.25,11857.0,76.75,-59.0,-0.38436482084690554,time,1,L|swing
2023-01-25 09:53:00-05:00,2023-01-25 09:53:00-05:00,2023-01-25 11:19:00-05:00,S,11657.25,11724.25,11724.0,66.75,-136.0,-1.0187265917602997,SL,1,S|swing
2023-01-25 11:38:00-05:00,2023-01-25 11:38:00-05:00,2023-01-25 15:01:00-05:00,L,11746.5,11876.5,11659.25,87.25,258.0,1.478510028653295,TP,1,L|swing
2023-01-26 10:17:00-05:00,2023-01-26 10:17:00-05:00,2023-01-26 10:54:00-05:00,L,12018.25,11946.5,11946.75,71.5,-145.5,-1.0174825174825175,SL,1,L|swing
2023-01-26 10:56:00-05:00,2023-01-26 10:56:00-05:00,2023-01-26 13:45:00-05:00,S,11928.5,12037.75,12037.5,109.0,-220.5,-1.011467889908257,SL,1,S|swing
2023-01-26 14:20:00-05:00,2023-01-26 14:20:00-05:00,2023-01-26 15:59:00-05:00,L,12048.75,12104.25,12011.25,37.5,109.0,1.4533333333333334,TP,1,L|swing
2023-01-27 11:17:00-05:00,2023-01-27 11:17:00-05:00,2023-01-27 12:15:00-05:00,L,12142.5,12217.0,12092.25,50.25,147.0,1.462686567164179,TP,1,L|swing
2023-01-27 12:17:00-05:00,2023-01-27 12:17:00-05:00,2023-01-27 14:18:00-05:00,L,12218.75,12267.25,12185.75,33.0,95.0,1.4393939393939394,TP,1,L|swing
2023-01-27 14:23:00-05:00,2023-01-27 14:23:00-05:00,2023-01-27 15:52:00-05:00,L,12269.75,12242.0,12242.25,27.5,-57.5,-1.0454545454545454,SL,1,L|swing
2023-01-30 09:35:00-05:00,2023-01-30 09:35:00-05:00,2023-01-30 09:46:00-05:00,S,12067.0,12111.0,12110.75,43.75,-90.0,-1.0285714285714285,SL,1,S|swing
2023-01-30 09:47:00-05:00,2023-01-30 09:47:00-05:00,2023-01-30 10:23:00-05:00,L,12121.5,12058.75,12059.0,62.5,-127.5,-1.02,SL,1,L|swing
2023-01-30 11:53:00-05:00,2023-01-30 11:53:00-05:00,2023-01-30 14:51:00-05:00,S,12037.0,11985.75,12071.75,34.75,100.5,1.4460431654676258,TP,1,S|swing
2023-01-31 09:41:00-05:00,2023-01-31 09:41:00-05:00,2023-01-31 15:54:00-05:00,L,12033.75,12130.0,11969.0,64.75,190.5,1.471042471042471,TP,1,L|swing
2023-02-01 09:35:00-05:00,2023-02-01 09:35:00-05:00,2023-02-01 09:55:00-05:00,S,12106.5,12156.5,12156.25,49.75,-102.0,-1.0251256281407035,SL,1,S|swing
2023-02-01 10:50:00-05:00,2023-02-01 10:50:00-05:00,2023-02-01 13:59:00-05:00,S,12104.75,12155.5,12155.25,50.5,-103.5,-1.0247524752475248,SL,1,S|swing
2023-02-01 14:02:00-05:00,2023-02-01 14:02:00-05:00,2023-02-01 14:07:00-05:00,S,12089.5,12163.0,12162.75,73.25,-149.0,-1.0170648464163823,SL,1,S|swing
2023-02-01 14:08:00-05:00,2023-02-01 14:08:00-05:00,2023-02-01 14:33:00-05:00,L,12196.75,12070.5,12070.75,126.0,-254.5,-1.0099206349206349,SL,1,L|swing
2023-02-01 14:41:00-05:00,2023-02-01 14:41:00-05:00,2023-02-01 15:59:00-05:00,L,12262.5,12420.0,12054.75,207.75,313.0,0.753309265944645,time,1,L|swing
2023-02-02 10:17:00-05:00,2023-02-02 10:17:00-05:00,2023-02-02 10:41:00-05:00,L,12712.0,12808.25,12647.25,64.75,190.5,1.471042471042471,TP,1,L|swing
2023-02-02 10:53:00-05:00,2023-02-02 10:53:00-05:00,2023-02-02 14:58:00-05:00,L,12822.75,12720.75,12721.0,101.75,-206.0,-1.0122850122850122,SL,1,L|swing
2023-02-02 14:59:00-05:00,2023-02-02 14:59:00-05:00,2023-02-02 15:56:00-05:00,S,12719.75,12825.75,12825.5,105.75,-214.0,-1.011820330969267,SL,1,S|swing
2023-02-03 10:14:00-05:00,2023-02-03 10:14:00-05:00,2023-02-03 13:31:00-05:00,L,12755.75,12662.0,12662.25,93.5,-189.5,-1.0133689839572193,SL,1,L|swing
2023-02-03 13:32:00-05:00,2023-02-03 13:32:00-05:00,2023-02-03 15:59:00-05:00,S,12662.25,12623.75,12733.5,71.25,75.0,0.5263157894736842,time,1,S|swing
2023-02-06 09:53:00-05:00,2023-02-06 09:53:00-05:00,2023-02-06 10:01:00-05:00,S,12517.0,12570.0,12569.75,52.75,-108.0,-1.0236966824644549,SL,1,S|swing
2023-02-06 10:02:00-05:00,2023-02-06 10:02:00-05:00,2023-02-06 10:19:00-05:00,L,12571.0,12512.25,12512.5,58.5,-119.5,-1.0213675213675213,SL,1,L|swing
2023-02-06 10:20:00-05:00,2023-02-06 10:20:00-05:00,2023-02-06 11:27:00-05:00,S,12501.0,12592.75,12592.5,91.5,-185.5,-1.0136612021857923,SL,1,S|swing
2023-02-06 12:02:00-05:00,2023-02-06 12:02:00-05:00,2023-02-06 15:59:00-05:00,S,12524.5,12513.5,12609.0,84.5,20.0,0.11834319526627218,time,1,S|swing
2023-02-07 09:35:00-05:00,2023-02-07 09:35:00-05:00,2023-02-07 09:38:00-05:00,S,12494.0,12524.0,12523.75,29.75,-62.0,-1.0420168067226891,SL,1,S|swing
2023-02-07 11:08:00-05:00,2023-02-07 11:08:00-05:00,2023-02-07 12:41:00-05:00,L,12548.25,12605.5,12509.5,38.75,112.5,1.4516129032258065,TP,1,L|swing
2023-02-07 13:29:00-05:00,2023-02-07 13:29:00-05:00,2023-02-07 15:46:00-05:00,S,12547.5,12766.25,12766.0,218.5,-439.5,-1.005720823798627,SL,1,S|swing
2023-02-08 09:44:00-05:00,2023-02-08 09:44:00-05:00,2023-02-08 09:52:00-05:00,L,12743.0,12683.25,12683.5,59.5,-121.5,-1.0210084033613445,SL,1,L|swing
2023-02-08 09:53:00-05:00,2023-02-08 09:53:00-05:00,2023-02-08 11:23:00-05:00,S,12675.75,12561.5,12752.5,76.75,226.5,1.47557003257329,TP,1,S|swing
2023-02-08 13:29:00-05:00,2023-02-08 13:29:00-05:00,2023-02-08 15:59:00-05:00,S,12571.75,12543.75,12623.25,51.5,54.0,0.5242718446601942,time,1,S|swing
2023-02-09 10:29:00-05:00,2023-02-09 10:29:00-05:00,2023-02-09 14:13:00-05:00,S,12619.75,12488.75,12707.75,88.0,260.0,1.4772727272727273,TP,1,S|swing
2023-02-09 14:17:00-05:00,2023-02-09 14:17:00-05:00,2023-02-09 15:24:00-05:00,S,12479.75,12413.25,12524.75,45.0,131.0,1.4555555555555555,TP,1,S|swing
2023-02-10 10:02:00-05:00,2023-02-10 10:02:00-05:00,2023-02-10 10:11:00-05:00,S,12308.75,12394.5,12394.25,85.5,-173.5,-1.0146198830409356,SL,1,S|swing
2023-02-10 11:32:00-05:00,2023-02-10 11:32:00-05:00,2023-02-10 12:16:00-05:00,S,12313.5,12243.25,12361.0,47.5,138.5,1.4578947368421054,TP,1,S|swing
2023-02-10 12:17:00-05:00,2023-02-10 12:17:00-05:00,2023-02-10 13:00:00-05:00,S,12251.25,12312.5,12312.25,61.0,-124.5,-1.0204918032786885,SL,1,S|swing
2023-02-10 13:44:00-05:00,2023-02-10 13:44:00-05:00,2023-02-10 15:59:00-05:00,S,12316.25,12346.0,12369.5,53.25,-61.5,-0.5774647887323944,time,1,S|swing
2023-02-13 09:44:00-05:00,2023-02-13 09:44:00-05:00,2023-02-13 10:55:00-05:00,L,12412.75,12503.25,12351.75,61.0,179.0,1.4672131147540983,TP,1,L|swing
2023-02-13 11:14:00-05:00,2023-02-13 11:14:00-05:00,2023-02-13 15:59:00-05:00,L,12524.5,12544.25,12453.5,71.0,37.5,0.2640845070422535,time,1,L|swing
2023-02-14 10:02:00-05:00,2023-02-14 10:02:00-05:00,2023-02-14 15:59:00-05:00,L,12626.25,12630.75,12404.25,222.0,7.0,0.015765765765765764,time,1,L|swing
2023-02-15 09:56:00-05:00,2023-02-15 09:56:00-05:00,2023-02-15 11:29:00-05:00,S,12553.75,12632.0,12631.75,78.0,-158.5,-1.016025641025641,SL,1,S|swing
2023-02-15 11:41:00-05:00,2023-02-15 11:41:00-05:00,2023-02-15 15:59:00-05:00,L,12642.5,12723.25,12588.0,54.5,159.5,1.463302752293578,TP,1,L|swing
2023-02-16 11:11:00-05:00,2023-02-16 11:11:00-05:00,2023-02-16 12:34:00-05:00,S,12627.25,12674.5,12674.25,47.0,-96.5,-1.0265957446808511,SL,1,S|swing
2023-02-16 12:35:00-05:00,2023-02-16 12:35:00-05:00,2023-02-16 15:05:00-05:00,L,12682.5,12604.5,12604.75,77.75,-158.0,-1.0160771704180065,SL,1,L|swing
2023-02-17 09:41:00-05:00,2023-02-17 09:41:00-05:00,2023-02-17 15:59:00-05:00,S,12356.75,12392.0,12423.75,67.0,-72.5,-0.5410447761194029,time,1,S|swing
2023-02-20 10:08:00-05:00,2023-02-20 10:08:00-05:00,2023-02-20 12:49:00-05:00,S,12380.75,12377.75,12393.25,12.5,4.0,0.16,time,1,S|swing
2023-02-21 10:05:00-05:00,2023-02-21 10:05:00-05:00,2023-02-21 14:19:00-05:00,S,12219.0,12111.25,12291.5,72.5,213.5,1.4724137931034482,TP,1,S|swing
2023-02-22 10:02:00-05:00,2023-02-22 10:02:00-05:00,2023-02-22 14:06:00-05:00,S,12102.25,12175.0,12174.75,72.5,-147.5,-1.0172413793103448,SL,1,S|swing
2023-02-22 14:32:00-05:00,2023-02-22 14:32:00-05:00,2023-02-22 15:59:00-05:00,S,12083.5,12103.0,12191.0,107.5,-41.0,-0.19069767441860466,time,1,S|swing
2023-02-23 10:08:00-05:00,2023-02-23 10:08:00-05:00,2023-02-23 11:39:00-05:00,S,12181.5,12070.75,12256.0,74.5,219.5,1.4731543624161074,TP,1,S|swing
2023-02-23 11:41:00-05:00,2023-02-23 11:41:00-05:00,2023-02-23 13:42:00-05:00,S,12061.5,12109.75,12109.5,48.0,-98.5,-1.0260416666666667,SL,1,S|swing
2023-02-24 09:47:00-05:00,2023-02-24 09:47:00-05:00,2023-02-24 15:59:00-05:00,S,11964.5,11998.0,12043.25,78.75,-69.0,-0.4380952380952381,time,1,S|swing
2023-02-27 09:59:00-05:00,2023-02-27 09:59:00-05:00,2023-02-27 10:37:00-05:00,L,12146.75,12106.0,12106.25,40.5,-83.5,-1.0308641975308641,SL,1,L|swing
2023-02-27 11:05:00-05:00,2023-02-27 11:05:00-05:00,2023-02-27 11:33:00-05:00,L,12108.75,12076.0,12076.25,32.5,-67.5,-1.0384615384615385,SL,1,L|swing
2023-02-27 11:56:00-05:00,2023-02-27 11:56:00-05:00,2023-02-27 15:37:00-05:00,L,12105.75,12065.0,12065.25,40.5,-83.5,-1.0308641975308641,SL,1,L|swing
2023-02-28 10:05:00-05:00,2023-02-28 10:05:00-05:00,2023-02-28 10:51:00-05:00,L,12113.5,12053.25,12053.5,60.0,-122.5,-1.0208333333333333,SL,1,L|swing
2023-02-28 10:53:00-05:00,2023-02-28 10:53:00-05:00,2023-02-28 11:02:00-05:00,S,12058.5,12099.25,12099.0,40.5,-83.5,-1.0308641975308641,SL,1,S|swing
2023-02-28 11:17:00-05:00,2023-02-28 11:17:00-05:00,2023-02-28 15:59:00-05:00,L,12110.25,12064.25,12045.5,64.75,-94.0,-0.7258687258687259,time,1,L|swing
2023-03-01 09:35:00-05:00,2023-03-01 09:35:00-05:00,2023-03-01 09:49:00-05:00,S,12021.5,12068.0,12067.75,46.25,-95.0,-1.027027027027027,SL,1,S|swing
2023-03-01 10:05:00-05:00,2023-03-01 10:05:00-05:00,2023-03-01 15:59:00-05:00,S,11996.75,11965.5,12080.25,83.5,60.5,0.36227544910179643,time,1,S|swing
2023-03-02 09:50:00-05:00,2023-03-02 09:50:00-05:00,2023-03-02 13:35:00-05:00,L,11886.5,11948.75,11844.5,42.0,122.5,1.4583333333333333,TP,1,L|swing
2023-03-02 13:59:00-05:00,2023-03-02 13:59:00-05:00,2023-03-02 15:59:00-05:00,L,11999.5,12065.75,11914.75,84.75,130.5,0.7699115044247787,time,1,L|swing
2023-03-03 09:47:00-05:00,2023-03-03 09:47:00-05:00,2023-03-03 12:54:00-05:00,L,12166.25,12248.75,12110.75,55.5,163.0,1.4684684684684686,TP,1,L|swing
2023-03-03 13:08:00-05:00,2023-03-03 13:08:00-05:00,2023-03-03 15:59:00-05:00,L,12273.25,12312.0,12223.0,50.25,75.5,0.7512437810945274,time,1,L|swing
2023-03-06 10:08:00-05:00,2023-03-06 10:08:00-05:00,2023-03-06 11:18:00-05:00,L,12400.25,12479.25,12347.0,53.25,156.0,1.4647887323943662,TP,1,L|swing
2023-03-06 13:23:00-05:00,2023-03-06 13:23:00-05:00,2023-03-06 13:36:00-05:00,L,12405.0,12376.25,12376.5,28.5,-59.5,-1.043859649122807,SL,1,L|swing
2023-03-06 13:56:00-05:00,2023-03-06 13:56:00-05:00,2023-03-06 15:59:00-05:00,S,12362.0,12324.0,12404.75,42.75,74.0,0.8654970760233918,time,1,S|swing
2023-03-07 09:59:00-05:00,2023-03-07 09:59:00-05:00,2023-03-07 10:00:00-05:00,S,12333.75,12283.75,12367.75,34.0,98.0,1.4411764705882353,TP,1,S|swing
2023-03-07 12:59:00-05:00,2023-03-07 12:59:00-05:00,2023-03-07 13:40:00-05:00,S,12259.5,12205.75,12296.0,36.5,105.5,1.4452054794520548,TP,1,S|swing
2023-03-07 13:41:00-05:00,2023-03-07 13:41:00-05:00,2023-03-07 14:55:00-05:00,S,12205.0,12146.25,12244.75,39.75,115.5,1.4528301886792452,TP,1,S|swing
2023-03-08 09:38:00-05:00,2023-03-08 09:38:00-05:00,2023-03-08 10:01:00-05:00,S,12173.25,12109.75,12216.25,43.0,125.0,1.4534883720930232,TP,1,S|swing
2023-03-08 10:02:00-05:00,2023-03-08 10:02:00-05:00,2023-03-08 10:24:00-05:00,S,12146.5,12200.25,12200.0,53.5,-109.5,-1.0233644859813085,SL,1,S|swing
2023-03-08 10:32:00-05:00,2023-03-08 10:32:00-05:00,2023-03-08 15:59:00-05:00,L,12205.5,12230.75,12129.75,75.75,48.5,0.3201320132013201,time,1,L|swing
2023-03-09 09:35:00-05:00,2023-03-09 09:35:00-05:00,2023-03-09 12:48:00-05:00,L,12282.0,12229.75,12230.0,52.0,-106.5,-1.0240384615384615,SL,1,L|swing
2023-03-09 13:11:00-05:00,2023-03-09 13:11:00-05:00,2023-03-09 13:39:00-05:00,S,12213.5,12132.25,12268.25,54.75,160.5,1.4657534246575343,TP,1,S|swing
2023-03-09 13:50:00-05:00,2023-03-09 13:50:00-05:00,2023-03-09 15:59:00-05:00,S,12111.25,12006.75,12208.5,97.25,207.0,1.06426735218509,time,1,S|swing
2023-03-10 09:41:00-05:00,2023-03-10 09:41:00-05:00,2023-03-10 11:34:00-05:00,S,11917.0,12069.5,12069.25,152.25,-307.0,-1.0082101806239738,SL,1,S|swing
2023-03-10 12:08:00-05:00,2023-03-10 12:08:00-05:00,2023-03-10 15:59:00-05:00,S,11953.75,11841.25,12073.75,120.0,223.0,0.9291666666666667,time,1,S|swing
2023-03-13 09:38:00-04:00,2023-03-13 09:38:00-04:00,2023-03-13 09:48:00-04:00,S,11711.25,11840.5,11840.25,129.0,-260.5,-1.0096899224806202,SL,1,S|swing
2023-03-13 10:08:00-04:00,2023-03-13 10:08:00-04:00,2023-03-13 15:59:00-04:00,L,11936.0,11929.5,11707.5,228.5,-15.0,-0.03282275711159737,time,1,L|swing
2023-03-14 10:23:00-04:00,2023-03-14 10:23:00-04:00,2023-03-14 13:16:00-04:00,L,12162.5,12101.0,12101.25,61.25,-125.0,-1.0204081632653061,SL,1,L|swing
2023-03-14 14:05:00-04:00,2023-03-14 14:05:00-04:00,2023-03-14 15:55:00-04:00,S,12090.5,12164.5,12164.25,73.75,-150.0,-1.0169491525423728,SL,1,S|swing
2023-03-17 10:02:00-04:00,2023-03-17 10:02:00-04:00,2023-03-17 10:26:00-04:00,L,12790.0,12690.5,12690.75,99.25,-201.0,-1.012594458438287,SL,1,L|swing
2023-03-17 11:23:00-04:00,2023-03-17 11:23:00-04:00,2023-03-17 12:31:00-04:00,S,12606.0,12668.25,12668.0,62.0,-126.5,-1.0201612903225807,SL,1,S|swing
2023-03-17 13:35:00-04:00,2023-03-17 13:35:00-04:00,2023-03-17 14:00:00-04:00,S,12652.75,12694.5,12694.25,41.5,-85.5,-1.0301204819277108,SL,1,S|swing
2023-03-17 14:02:00-04:00,2023-03-17 14:02:00-04:00,2023-03-17 14:14:00-04:00,L,12695.0,12641.5,12641.75,53.25,-109.0,-1.0234741784037558,SL,1,L|swing
2023-03-17 14:47:00-04:00,2023-03-17 14:47:00-04:00,2023-03-17 15:17:00-04:00,S,12600.5,12650.0,12649.75,49.25,-101.0,-1.0253807106598984,SL,1,S|swing
2023-03-20 10:56:00-04:00,2023-03-20 10:56:00-04:00,2023-03-20 12:12:00-04:00,L,12636.5,12584.5,12584.75,51.75,-106.0,-1.0241545893719808,SL,1,L|swing
2023-03-20 12:50:00-04:00,2023-03-20 12:50:00-04:00,2023-03-20 15:50:00-04:00,L,12630.0,12698.25,12584.0,46.0,134.5,1.4619565217391304,TP,1,L|swing
2023-03-21 10:02:00-04:00,2023-03-21 10:02:00-04:00,2023-03-21 10:15:00-04:00,L,12816.5,12763.0,12763.25,53.25,-109.0,-1.0234741784037558,SL,1,L|swing
2023-03-21 10:53:00-04:00,2023-03-21 10:53:00-04:00,2023-03-21 11:14:00-04:00,S,12727.5,12764.25,12764.0,36.5,-75.5,-1.0342465753424657,SL,1,S|swing
2023-03-21 12:08:00-04:00,2023-03-21 12:08:00-04:00,2023-03-21 13:29:00-04:00,L,12750.25,12807.5,12711.5,38.75,112.5,1.4516129032258065,TP,1,L|swing
2023-03-21 14:26:00-04:00,2023-03-21 14:26:00-04:00,2023-03-21 14:56:00-04:00,L,12805.75,12840.75,12781.75,24.0,68.0,1.4166666666666667,TP,1,L|swing
2023-03-22 09:50:00-04:00,2023-03-22 09:50:00-04:00,2023-03-22 11:38:00-04:00,L,12886.5,12939.25,12850.75,35.75,103.5,1.4475524475524475,TP,1,L|swing
2023-03-22 12:53:00-04:00,2023-03-22 12:53:00-04:00,2023-03-22 13:03:00-04:00,L,12894.25,12876.75,12877.0,17.25,-37.0,-1.0724637681159421,SL,1,L|swing
2023-03-22 13:26:00-04:00,2023-03-22 13:26:00-04:00,2023-03-22 14:00:00-04:00,L,12902.75,12949.5,12871.0,31.75,91.5,1.4409448818897639,TP,1,L|swing
2023-03-22 14:47:00-04:00,2023-03-22 14:47:00-04:00,2023-03-22 15:04:00-04:00,L,13068.25,12876.75,12877.0,191.25,-385.0,-1.0065359477124183,SL,1,L|swing
2023-03-23 10:02:00-04:00,2023-03-23 10:02:00-04:00,2023-03-23 11:00:00-04:00,L,12911.5,13007.75,12846.75,64.75,190.5,1.471042471042471,TP,1,L|swing
2023-03-23 13:59:00-04:00,2023-03-23 13:59:00-04:00,2023-03-23 14:34:00-04:00,S,12893.25,12808.25,12950.5,57.25,168.0,1.4672489082969433,TP,1,S|swing
2023-03-24 09:41:00-04:00,2023-03-24 09:41:00-04:00,2023-03-24 12:01:00-04:00,S,12761.75,12845.25,12845.0,83.25,-169.0,-1.015015015015015,SL,1,S|swing
2023-03-24 12:02:00-04:00,2023-03-24 12:02:00-04:00,2023-03-24 15:59:00-04:00,L,12843.0,12894.0,12739.5,103.5,100.0,0.4830917874396135,time,1,L|swing
2023-03-27 09:47:00-04:00,2023-03-27 09:47:00-04:00,2023-03-27 10:30:00-04:00,L,12938.0,12881.25,12881.5,56.5,-115.5,-1.0221238938053097,SL,1,L|swing
2023-03-27 10:32:00-04:00,2023-03-27 10:32:00-04:00,2023-03-27 11:55:00-04:00,S,12886.75,12796.5,12947.5,60.75,178.5,1.4691358024691359,TP,1,S|swing
2023-03-27 13:11:00-04:00,2023-03-27 13:11:00-04:00,2023-03-27 13:22:00-04:00,S,12777.25,12807.25,12807.0,29.75,-62.0,-1.0420168067226891,SL,1,S|swing
2023-03-28 10:35:00-04:00,2023-03-28 10:35:00-04:00,2023-03-28 15:59:00-04:00,S,12652.5,12732.0,12731.75,79.25,-161.0,-1.0157728706624605,SL,1,S|swing
2023-03-29 11:23:00-04:00,2023-03-29 11:23:00-04:00,2023-03-29 14:54:00-04:00,L,12891.75,12947.75,12853.75,38.0,110.0,1.4473684210526316,TP,1,L|swing
2023-03-30 09:59:00-04:00,2023-03-30 09:59:00-04:00,2023-03-30 10:12:00-04:00,L,13080.0,13036.5,13036.75,43.25,-89.0,-1.0289017341040463,SL,1,L|swing
2023-03-30 10:32:00-04:00,2023-03-30 10:32:00-04:00,2023-03-30 13:37:00-04:00,L,13102.5,13027.75,13028.0,74.5,-151.5,-1.016778523489933,SL,1,L|swing
2023-03-30 14:20:00-04:00,2023-03-30 14:20:00-04:00,2023-03-30 15:59:00-04:00,L,13049.0,13084.75,13017.25,31.75,69.5,1.094488188976378,time,1,L|swing
2023-03-31 09:35:00-04:00,2023-03-31 09:35:00-04:00,2023-03-31 11:21:00-04:00,L,13123.5,13191.25,13077.75,45.75,133.5,1.459016393442623,TP,1,L|swing
2023-03-31 11:53:00-04:00,2023-03-31 11:53:00-04:00,2023-03-31 14:04:00-04:00,L,13207.0,13241.75,13183.25,23.75,67.5,1.4210526315789473,TP,1,L|swing
2023-03-31 14:53:00-04:00,2023-03-31 14:53:00-04:00,2023-03-31 15:17:00-04:00,L,13245.75,13277.5,13224.0,21.75,61.5,1.4137931034482758,TP,1,L|swing
2023-04-03 09:35:00-04:00,2023-04-03 09:35:00-04:00,2023-04-03 10:51:00-04:00,L,13236.25,13197.25,13197.5,38.75,-80.0,-1.032258064516129,SL,1,L|swing
2023-04-03 12:53:00-04:00,2023-04-03 12:53:00-04:00,2023-04-03 14:37:00-04:00,S,13178.25,13204.25,13204.0,25.75,-54.0,-1.0485436893203883,SL,1,S|swing
2023-04-04 10:02:00-04:00,2023-04-04 10:02:00-04:00,2023-04-04 11:09:00-04:00,L,13304.0,13229.5,13229.75,74.25,-151.0,-1.0168350168350169,SL,1,L|swing
2023-04-04 12:05:00-04:00,2023-04-04 12:05:00-04:00,2023-04-04 15:45:00-04:00,S,13221.25,13176.25,13251.75,30.5,88.0,1.4426229508196722,TP,1,S|swing
2023-04-05 10:29:00-04:00,2023-04-05 10:29:00-04:00,2023-04-05 15:59:00-04:00,S,13089.25,13079.75,13165.0,75.75,17.0,0.11221122112211221,time,1,S|swing
2023-04-06 10:44:00-04:00,2023-04-06 10:44:00-04:00,2023-04-06 11:06:00-04:00,S,13015.75,13054.25,13054.0,38.25,-79.0,-1.0326797385620916,SL,1,S|swing
2023-04-06 11:20:00-04:00,2023-04-06 11:20:00-04:00,2023-04-06 13:40:00-04:00,L,13074.5,13165.75,13013.0,61.5,180.5,1.467479674796748,TP,1,L|swing
2023-04-06 13:53:00-04:00,2023-04-06 13:53:00-04:00,2023-04-06 15:59:00-04:00,L,13167.0,13171.25,13142.25,24.75,6.5,0.13131313131313133,time,1,L|swing
2023-04-10 11:59:00-04:00,2023-04-10 11:59:00-04:00,2023-04-10 12:38:00-04:00,S,13051.75,13089.0,13088.75,37.0,-76.5,-1.0337837837837838,SL,1,S|swing
2023-04-10 13:02:00-04:00,2023-04-10 13:02:00-04:00,2023-04-10 15:59:00-04:00,L,13121.25,13164.0,13059.5,61.75,83.5,0.6761133603238867,time,1,L|swing
2023-04-11 09:41:00-04:00,2023-04-11 09:41:00-04:00,2023-04-11 15:59:00-04:00,S,13110.0,13077.25,13164.0,54.0,63.5,0.5879629629629629,time,1,S|swing
2023-04-12 09:41:00-04:00,2023-04-12 09:41:00-04:00,2023-04-12 15:17:00-04:00,S,13096.25,12955.25,13190.75,94.5,280.0,1.4814814814814814,TP,1,S|swing
2023-04-13 10:05:00-04:00,2023-04-13 10:05:00-04:00,2023-04-13 10:17:00-04:00,L,13081.25,13135.75,13044.25,37.0,107.0,1.445945945945946,TP,1,L|swing
2023-04-13 11:05:00-04:00,2023-04-13 11:05:00-04:00,2023-04-13 13:57:00-04:00,L,13139.5,13195.75,13101.5,38.0,110.5,1.4539473684210527,TP,1,L|swing
2023-04-14 10:20:00-04:00,2023-04-14 10:20:00-04:00,2023-04-14 15:59:00-04:00,S,13164.75,13181.0,13255.25,90.5,-34.5,-0.19060773480662985,time,1,S|swing
2023-04-17 09:35:00-04:00,2023-04-17 09:35:00-04:00,2023-04-17 09:47:00-04:00,L,13184.25,13145.0,13145.25,39.0,-80.5,-1.0320512820512822,SL,1,L|swing
2023-04-17 10:38:00-04:00,2023-04-17 10:38:00-04:00,2023-04-17 15:59:00-04:00,S,13124.5,13189.75,13193.5,69.0,-132.5,-0.9601449275362319,time,1,S|swing
2023-04-18 09:47:00-04:00,2023-04-18 09:47:00-04:00,2023-04-18 09:58:00-04:00,L,13287.75,13258.5,13258.75,29.0,-60.5,-1.043103448275862,SL,1,L|swing
2023-04-18 10:26:00-04:00,2023-04-18 10:26:00-04:00,2023-04-18 15:59:00-04:00,S,13177.75,13189.25,13276.75,99.0,-25.0,-0.12626262626262627,time,1,S|swing
2023-04-19 10:41:00-04:00,2023-04-19 10:41:00-04:00,2023-04-19 12:33:00-04:00,L,13135.0,13200.25,13091.0,44.0,128.5,1.4602272727272727,TP,1,L|swing
2023-04-19 12:35:00-04:00,2023-04-19 12:35:00-04:00,2023-04-19 15:59:00-04:00,L,13204.0,13183.25,13165.75,38.25,-43.5,-0.5686274509803921,time,1,L|swing
2023-04-20 10:08:00-04:00,2023-04-20 10:08:00-04:00,2023-04-20 14:36:00-04:00,L,13139.0,13083.0,13083.25,55.75,-114.0,-1.0224215246636772,SL,1,L|swing
2023-04-21 09:50:00-04:00,2023-04-21 09:50:00-04:00,2023-04-21 10:26:00-04:00,S,13032.0,13076.75,13076.5,44.5,-91.5,-1.0280898876404494,SL,1,S|swing
2023-04-21 11:32:00-04:00,2023-04-21 11:32:00-04:00,2023-04-21 15:59:00-04:00,L,13074.0,13087.75,13041.25,32.75,25.5,0.3893129770992366,time,1,L|swing
2023-04-24 09:35:00-04:00,2023-04-24 09:35:00-04:00,2023-04-24 10:36:00-04:00,L,13099.25,13053.5,13053.75,45.5,-93.5,-1.0274725274725274,SL,1,L|swing
2023-04-24 11:14:00-04:00,2023-04-24 11:14:00-04:00,2023-04-24 11:54:00-04:00,S,13006.5,12969.75,13031.5,25.0,71.5,1.43,TP,1,S|swing
2023-04-24 14:17:00-04:00,2023-04-24 14:17:00-04:00,2023-04-24 15:59:00-04:00,L,13064.5,13059.25,13019.5,45.0,-12.5,-0.1388888888888889,time,1,L|swing
2023-04-25 09:44:00-04:00,2023-04-25 09:44:00-04:00,2023-04-25 09:46:00-04:00,L,13012.75,12978.25,12978.5,34.25,-71.0,-1.0364963503649636,SL,1,L|swing
2023-04-25 09:47:00-04:00,2023-04-25 09:47:00-04:00,2023-04-25 12:06:00-04:00,S,12972.75,12909.25,13015.75,43.0,125.0,1.4534883720930232,TP,1,S|swing
2023-04-25 12:32:00-04:00,2023-04-25 12:32:00-04:00,2023-04-25 13:06:00-04:00,S,12901.5,12924.0,12923.75,22.25,-47.0,-1.0561797752808988,SL,1,S|swing
2023-04-25 13:17:00-04:00,2023-04-25 13:17:00-04:00,2023-04-25 15:59:00-04:00,S,12859.5,12809.0,12925.25,65.75,99.0,0.752851711026616,time,1,S|swing
2023-04-26 09:53:00-04:00,2023-04-26 09:53:00-04:00,2023-04-26 10:22:00-04:00,L,12948.75,12898.5,12898.75,50.0,-102.5,-1.025,SL,1,L|swing
2023-04-26 10:23:00-04:00,2023-04-26 10:23:00-04:00,2023-04-26 11:08:00-04:00,S,12898.0,12968.25,12968.0,70.0,-142.5,-1.0178571428571428,SL,1,S|swing
2023-04-26 12:02:00-04:00,2023-04-26 12:02:00-04:00,2023-04-26 12:34:00-04:00,L,12996.75,12968.5,12968.75,28.0,-58.5,-1.0446428571428572,SL,1,L|swing
2023-04-26 12:50:00-04:00,2023-04-26 12:50:00-04:00,2023-04-26 14:37:00-04:00,S,12952.25,12883.25,12998.75,46.5,136.0,1.4623655913978495,TP,1,S|swing
2023-04-26 14:41:00-04:00,2023-04-26 14:41:00-04:00,2023-04-26 15:59:00-04:00,S,12894.0,12882.5,12925.25,31.25,21.0,0.336,time,1,S|swing
2023-04-27 09:38:00-04:00,2023-04-27 09:38:00-04:00,2023-04-27 10:35:00-04:00,L,13048.75,13101.5,13013.0,35.75,103.5,1.4475524475524475,TP,1,L|swing
2023-04-27 11:23:00-04:00,2023-04-27 11:23:00-04:00,2023-04-27 13:36:00-04:00,L,13128.75,13196.75,13082.75,46.0,134.0,1.4565217391304348,TP,1,L|swing
2023-04-27 13:47:00-04:00,2023-04-27 13:47:00-04:00,2023-04-27 15:59:00-04:00,L,13205.5,13231.0,13170.0,35.5,49.0,0.6901408450704225,time,1,L|swing
2023-04-28 10:05:00-04:00,2023-04-28 10:05:00-04:00,2023-04-28 15:55:00-04:00,L,13227.5,13309.5,13172.25,55.25,162.0,1.4660633484162895,TP,1,L|swing
2023-05-01 09:35:00-04:00,2023-05-01 09:35:00-04:00,2023-05-01 09:41:00-04:00,S,13292.0,13312.5,13312.25,20.25,-43.0,-1.0617283950617284,SL,1,S|swing
2023-05-01 09:50:00-04:00,2023-05-01 09:50:00-04:00,2023-05-01 10:01:00-04:00,L,13318.75,13285.5,13285.75,33.0,-68.5,-1.0378787878787878,SL,1,L|swing
2023-05-01 11:17:00-04:00,2023-05-01 11:17:00-04:00,2023-05-01 12:31:00-04:00,S,13271.5,13333.0,13332.75,61.25,-125.0,-1.0204081632653061,SL,1,S|swing
2023-05-01 12:32:00-04:00,2023-05-01 12:32:00-04:00,2023-05-01 14:34:00-04:00,L,13336.0,13298.25,13298.5,37.5,-77.5,-1.0333333333333334,SL,1,L|swing
2023-05-02 09:38:00-04:00,2023-05-02 09:38:00-04:00,2023-05-02 10:10:00-04:00,S,13289.75,13255.0,13313.5,23.75,67.5,1.4210526315789473,TP,1,S|swing
2023-05-02 10:11:00-04:00,2023-05-02 10:11:00-04:00,2023-05-02 11:02:00-04:00,S,13233.75,13127.25,13305.25,71.5,211.0,1.4755244755244756,TP,1,S|swing
2023-05-02 14:14:00-04:00,2023-05-02 14:14:00-04:00,2023-05-02 15:59:00-04:00,S,13176.5,13185.0,13222.25,45.75,-19.0,-0.20765027322404372,time,1,S|swing
2023-05-03 09:38:00-04:00,2023-05-03 09:38:00-04:00,2023-05-03 11:02:00-04:00,L,13216.0,13187.0,13187.25,28.75,-60.0,-1.0434782608695652,SL,1,L|swing
2023-05-03 11:56:00-04:00,2023-05-03 11:56:00-04:00,2023-05-03 14:00:00-04:00,L,13213.75,13268.25,13176.75,37.0,107.0,1.445945945945946,TP,1,L|swing
2023-05-03 14:05:00-04:00,2023-05-03 14:05:00-04:00,2023-05-03 14:23:00-04:00,S,13203.75,13275.25,13275.0,71.25,-145.0,-1.0175438596491229,SL,1,S|swing
2023-05-04 09:44:00-04:00,2023-05-04 09:44:00-04:00,2023-05-04 11:09:00-04:00,S,13038.25,13094.25,13094.0,55.75,-114.0,-1.0224215246636772,SL,1,S|swing
2023-05-04 11:47:00-04:00,2023-05-04 11:47:00-04:00,2023-05-04 12:57:00-04:00,S,13060.0,13085.25,13085.0,25.0,-52.5,-1.05,SL,1,S|swing
2023-05-04 12:59:00-04:00,2023-05-04 12:59:00-04:00,2023-05-04 14:31:00-04:00,L,13090.5,13050.5,13050.75,39.75,-82.0,-1.0314465408805031,SL,1,L|swing
2023-05-05 10:32:00-04:00,2023-05-05 10:32:00-04:00,2023-05-05 14:41:00-04:00,L,13248.0,13328.25,13194.0,54.0,158.5,1.4675925925925926,TP,1,L|swing
2023-05-08 09:38:00-04:00,2023-05-08 09:38:00-04:00,2023-05-08 11:46:00-04:00,S,13280.25,13310.75,13310.5,30.25,-63.0,-1.0413223140495869,SL,1,S|swing
2023-05-08 11:47:00-04:00,2023-05-08 11:47:00-04:00,2023-05-08 14:48:00-04:00,L,13312.0,13360.75,13279.0,33.0,95.5,1.446969696969697,TP,1,L|swing
2023-05-09 09:59:00-04:00,2023-05-09 09:59:00-04:00,2023-05-09 10:29:00-04:00,L,13309.75,13273.5,13273.75,36.0,-74.5,-1.0347222222222223,SL,1,L|swing
2023-05-09 11:08:00-04:00,2023-05-09 11:08:00-04:00,2023-05-09 15:42:00-04:00,S,13283.75,13254.75,13303.75,20.0,56.0,1.4,TP,1,S|swing
2023-05-10 09:59:00-04:00,2023-05-10 09:59:00-04:00,2023-05-10 10:46:00-04:00,L,13376.5,13321.0,13321.25,55.25,-113.0,-1.0226244343891402,SL,1,L|swing
2023-05-10 11:20:00-04:00,2023-05-10 11:20:00-04:00,2023-05-10 13:24:00-04:00,L,13350.75,13297.75,13298.0,52.75,-108.0,-1.0236966824644549,SL,1,L|swing
2023-05-10 14:11:00-04:00,2023-05-10 14:11:00-04:00,2023-05-10 15:59:00-04:00,L,13352.5,13410.5,13266.75,85.75,114.0,0.6647230320699709,time,1,L|swing
2023-05-11 10:35:00-04:00,2023-05-11 10:35:00-04:00,2023-05-11 11:00:00-04:00,S,13376.25,13420.25,13420.0,43.75,-90.0,-1.0285714285714285,SL,1,S|swing
2023-05-11 11:05:00-04:00,2023-05-11 11:05:00-04:00,2023-05-11 15:59:00-04:00,L,13425.25,13446.75,13361.25,64.0,41.0,0.3203125,time,1,L|swing
2023-05-12 09:50:00-04:00,2023-05-12 09:50:00-04:00,2023-05-12 10:30:00-04:00,S,13450.75,13396.5,13487.5,36.75,106.5,1.4489795918367347,TP,1,S|swing
2023-05-12 10:32:00-04:00,2023-05-12 10:32:00-04:00,2023-05-12 12:42:00-04:00,S,13398.0,13340.25,13437.0,39.0,113.5,1.455128205128205,TP,1,S|swing
2023-05-12 13:53:00-04:00,2023-05-12 13:53:00-04:00,2023-05-12 15:33:00-04:00,S,13333.75,13371.25,13371.0,37.25,-77.0,-1.0335570469798658,SL,1,S|swing
2023-05-15 09:53:00-04:00,2023-05-15 09:53:00-04:00,2023-05-15 11:19:00-04:00,S,13383.5,13428.75,13428.5,45.0,-92.5,-1.0277777777777777,SL,1,S|swing
2023-05-15 11:53:00-04:00,2023-05-15 11:53:00-04:00,2023-05-15 15:59:00-04:00,L,13443.25,13471.75,13417.75,25.5,55.0,1.0784313725490196,time,1,L|swing
2023-05-16 10:29:00-04:00,2023-05-16 10:29:00-04:00,2023-05-16 15:59:00-04:00,L,13505.25,13481.75,13451.5,53.75,-49.0,-0.4558139534883721,time,1,L|swing
2023-05-17 09:50:00-04:00,2023-05-17 09:50:00-04:00,2023-05-17 11:00:00-04:00,S,13495.75,13540.5,13540.25,44.5,-91.5,-1.0280898876404494,SL,1,S|swing
2023-05-17 11:17:00-04:00,2023-05-17 11:17:00-04:00,2023-05-17 11:22:00-04:00,L,13549.75,13519.0,13519.25,30.5,-63.5,-1.040983606557377,SL,1,L|swing
2023-05-17 11:41:00-04:00,2023-05-17 11:41:00-04:00,2023-05-17 12:55:00-04:00,L,13547.5,13610.25,13505.0,42.5,123.5,1.4529411764705882,TP,1,L|swing
2023-05-17 13:23:00-04:00,2023-05-17 13:23:00-04:00,2023-05-17 15:59:00-04:00,L,13637.25,13644.5,13595.25,42.0,12.5,0.1488095238095238,time,1,L|swing
2023-05-18 10:08:00-04:00,2023-05-18 10:08:00-04:00,2023-05-18 11:00:00-04:00,L,13733.0,13794.0,13691.75,41.25,120.0,1.4545454545454546,TP,1,L|swing
2023-05-18 11:02:00-04:00,2023-05-18 11:02:00-04:00,2023-05-18 14:06:00-04:00,L,13811.75,13757.5,13757.75,54.0,-110.5,-1.0231481481481481,SL,1,L|swing
2023-05-19 09:41:00-04:00,2023-05-19 09:41:00-04:00,2023-05-19 09:49:00-04:00,L,13920.75,13888.0,13888.25,32.5,-67.5,-1.0384615384615385,SL,1,L|swing
2023-05-19 09:50:00-04:00,2023-05-19 09:50:00-04:00,2023-05-19 11:38:00-04:00,S,13887.25,13825.25,13929.25,42.0,122.0,1.4523809523809523,TP,1,S|swing
2023-05-19 12:32:00-04:00,2023-05-19 12:32:00-04:00,2023-05-19 15:59:00-04:00,S,13830.75,13858.25,13876.25,45.5,-57.0,-0.6263736263736264,time,1,S|swing
2023-05-22 09:35:00-04:00,2023-05-22 09:35:00-04:00,2023-05-22 09:50:00-04:00,L,13883.25,13940.5,13844.5,38.75,112.5,1.4516129032258065,TP,1,L|swing
2023-05-22 11:23:00-04:00,2023-05-22 11:23:00-04:00,2023-05-22 12:33:00-04:00,L,13921.0,13877.75,13878.0,43.0,-88.5,-1.0290697674418605,SL,1,L|swing
2023-05-22 13:32:00-04:00,2023-05-22 13:32:00-04:00,2023-05-22 15:59:00-04:00,L,13915.25,13905.0,13870.0,45.25,-22.5,-0.24861878453038674,time,1,L|swing
2023-05-23 10:50:00-04:00,2023-05-23 10:50:00-04:00,2023-05-23 11:24:00-04:00,S,13837.25,13868.25,13868.0,30.75,-64.0,-1.0406504065040652,SL,1,S|swing
2023-05-23 11:53:00-04:00,2023-05-23 11:53:00-04:00,2023-05-23 12:35:00-04:00,S,13851.75,13820.25,13873.25,21.5,61.0,1.4186046511627908,TP,1,S|swing
2023-05-23 13:32:00-04:00,2023-05-23 13:32:00-04:00,2023-05-23 15:59:00-04:00,S,13767.75,13725.5,13819.25,51.5,82.5,0.8009708737864077,time,1,S|swing
2023-05-24 10:02:00-04:00,2023-05-24 10:02:00-04:00,2023-05-24 15:20:00-04:00,S,13629.75,13675.5,13675.25,45.5,-93.5,-1.0274725274725274,SL,1,S|swing
2023-05-25 09:50:00-04:00,2023-05-25 09:50:00-04:00,2023-05-25 11:12:00-04:00,S,13854.75,13968.25,13968.0,113.25,-229.0,-1.011037527593819,SL,1,S|swing
2023-05-25 12:02:00-04:00,2023-05-25 12:02:00-04:00,2023-05-25 14:00:00-04:00,L,13960.75,14019.5,13921.0,39.75,115.5,1.4528301886792452,TP,1,L|swing
2023-05-25 14:02:00-04:00,2023-05-25 14:02:00-04:00,2023-05-25 14:32:00-04:00,L,14020.75,13978.0,13978.25,42.5,-87.5,-1.0294117647058822,SL,1,L|swing
2023-05-26 09:38:00-04:00,2023-05-26 09:38:00-04:00,2023-05-26 10:09:00-04:00,L,14067.25,14145.5,14014.5,52.75,154.5,1.4644549763033174,TP,1,L|swing
2023-05-26 10:14:00-04:00,2023-05-26 10:14:00-04:00,2023-05-26 10:55:00-04:00,L,14150.5,14259.75,14077.0,73.5,216.5,1.4727891156462585,TP,1,L|swing
2023-05-26 11:32:00-04:00,2023-05-26 11:32:00-04:00,2023-05-26 12:45:00-04:00,L,14262.5,14326.5,14219.25,43.25,126.0,1.4566473988439306,TP,1,L|swing
2023-05-26 13:02:00-04:00,2023-05-26 13:02:00-04:00,2023-05-26 14:09:00-04:00,L,14332.0,14294.75,14295.0,37.0,-76.5,-1.0337837837837838,SL,1,L|swing
2023-05-26 14:26:00-04:00,2023-05-26 14:26:00-04:00,2023-05-26 15:11:00-04:00,L,14324.0,14368.25,14294.0,30.0,86.5,1.4416666666666667,TP,1,L|swing
2023-05-29 10:47:00-04:00,2023-05-29 10:47:00-04:00,2023-05-29 11:20:00-04:00,L,14387.25,14376.5,14376.75,10.5,-23.5,-1.119047619047619,SL,1,L|swing
2023-05-30 09:41:00-04:00,2023-05-30 09:41:00-04:00,2023-05-30 09:52:00-04:00,L,14539.0,14475.5,14475.75,63.25,-129.0,-1.0197628458498025,SL,1,L|swing
2023-05-30 09:53:00-04:00,2023-05-30 09:53:00-04:00,2023-05-30 15:59:00-04:00,S,14442.75,14397.25,14560.0,117.25,89.0,0.3795309168443497,time,1,S|swing
2023-05-31 10:17:00-04:00,2023-05-31 10:17:00-04:00,2023-05-31 15:59:00-04:00,S,14316.25,14302.25,14408.25,92.0,26.0,0.14130434782608695,time,1,S|swing
2023-06-01 10:02:00-04:00,2023-06-01 10:02:00-04:00,2023-06-01 11:51:00-04:00,L,14316.0,14411.5,14251.75,64.25,189.0,1.4708171206225682,TP,1,L|swing
2023-06-01 11:53:00-04:00,2023-06-01 11:53:00-04:00,2023-06-01 12:55:00-04:00,L,14413.25,14466.25,14377.25,36.0,104.0,1.4444444444444444,TP,1,L|swing
2023-06-01 12:56:00-04:00,2023-06-01 12:56:00-04:00,2023-06-01 14:06:00-04:00,L,14463.0,14491.25,14443.5,19.5,54.5,1.3974358974358974,TP,1,L|swing
2023-06-02 09:50:00-04:00,2023-06-02 09:50:00-04:00,2023-06-02 15:59:00-04:00,S,14523.0,14579.5,14628.0,105.0,-115.0,-0.5476190476190477,time,1,S|swing
2023-06-05 10:47:00-04:00,2023-06-05 10:47:00-04:00,2023-06-05 14:31:00-04:00,L,14650.5,14598.25,14598.5,52.0,-106.5,-1.0240384615384615,SL,1,L|swing
2023-06-05 14:32:00-04:00,2023-06-05 14:32:00-04:00,2023-06-05 15:59:00-04:00,S,14581.5,14587.75,14638.25,56.75,-14.5,-0.1277533039647577,time,1,S|swing
2023-06-06 10:47:00-04:00,2023-06-06 10:47:00-04:00,2023-06-06 11:25:00-04:00,L,14592.75,14549.25,14549.5,43.25,-89.0,-1.0289017341040463,SL,1,L|swing
2023-06-06 11:56:00-04:00,2023-06-06 11:56:00-04:00,2023-06-06 12:41:00-04:00,L,14609.5,14552.75,14553.0,56.5,-115.5,-1.0221238938053097,SL,1,L|swing
2023-06-06 13:56:00-04:00,2023-06-06 13:56:00-04:00,2023-06-06 14:51:00-04:00,S,14545.0,14580.75,14580.5,35.5,-73.5,-1.0352112676056338,SL,1,S|swing
2023-06-06 14:53:00-04:00,2023-06-06 14:53:00-04:00,2023-06-06 15:59:00-04:00,L,14583.75,14583.75,14560.75,23.0,-2.0,-0.043478260869565216,time,1,L|swing
2023-06-07 10:20:00-04:00,2023-06-07 10:20:00-04:00,2023-06-07 11:52:00-04:00,S,14575.5,14439.25,14667.0,91.5,270.5,1.4781420765027322,TP,1,S|swing
2023-06-07 11:53:00-04:00,2023-06-07 11:53:00-04:00,2023-06-07 13:19:00-04:00,S,14451.25,14364.75,14509.5,58.25,171.0,1.4678111587982832,TP,1,S|swing
2023-06-07 13:20:00-04:00,2023-06-07 13:20:00-04:00,2023-06-07 15:59:00-04:00,S,14361.25,14332.0,14424.25,63.0,56.5,0.44841269841269843,time,1,S|swing
2023-06-08 09:41:00-04:00,2023-06-08 09:41:00-04:00,2023-06-08 11:03:00-04:00,L,14387.25,14475.75,14327.75,59.5,175.0,1.4705882352941178,TP,1,L|swing
2023-06-08 11:53:00-04:00,2023-06-08 11:53:00-04:00,2023-06-08 12:48:00-04:00,L,14501.5,14473.5,14473.75,27.75,-58.0,-1.045045045045045,SL,1,L|swing
2023-06-08 13:05:00-04:00,2023-06-08 13:05:00-04:00,2023-06-08 13:20:00-04:00,L,14487.0,14470.0,14470.25,16.75,-36.0,-1.0746268656716418,SL,1,L|swing
2023-06-08 14:17:00-04:00,2023-06-08 14:17:00-04:00,2023-06-08 15:59:00-04:00,L,14461.0,14499.75,14420.75,40.25,75.5,0.937888198757764,time,1,L|swing
2023-06-09 10:20:00-04:00,2023-06-09 10:20:00-04:00,2023-06-09 10:40:00-04:00,L,14681.0,14635.0,14635.25,45.75,-94.0,-1.0273224043715847,SL,1,L|swing
2023-06-09 11:59:00-04:00,2023-06-09 11:59:00-04:00,2023-06-09 13:26:00-04:00,S,14531.25,14577.25,14577.0,45.75,-94.0,-1.0273224043715847,SL,1,S|swing
2023-06-09 14:23:00-04:00,2023-06-09 14:23:00-04:00,2023-06-09 14:31:00-04:00,L,14610.75,14581.5,14581.75,29.0,-60.5,-1.043103448275862,SL,1,L|swing
2023-06-12 10:05:00-04:00,2023-06-12 10:05:00-04:00,2023-06-12 10:45:00-04:00,S,14588.25,14637.25,14637.0,48.75,-100.0,-1.0256410256410255,SL,1,S|swing
2023-06-12 10:47:00-04:00,2023-06-12 10:47:00-04:00,2023-06-12 14:32:00-04:00,L,14636.75,14716.5,14583.0,53.75,157.5,1.4651162790697674,TP,1,L|swing
2023-06-12 14:47:00-04:00,2023-06-12 14:47:00-04:00,2023-06-12 15:08:00-04:00,L,14724.5,14760.0,14700.25,24.25,69.0,1.422680412371134,TP,1,L|swing
2023-06-13 09:47:00-04:00,2023-06-13 09:47:00-04:00,2023-06-13 15:59:00-04:00,S,14843.75,14911.5,14945.25,101.5,-137.5,-0.6773399014778325,time,1,S|swing
2023-06-16 10:11:00-04:00,2023-06-16 10:11:00-04:00,2023-06-16 11:27:00-04:00,L,15395.0,15332.5,15332.75,62.25,-127.0,-1.0200803212851406,SL,1,L|swing
2023-06-16 12:50:00-04:00,2023-06-16 12:50:00-04:00,2023-06-16 13:10:00-04:00,L,15404.5,15370.5,15370.75,33.75,-70.0,-1.037037037037037,SL,1,L|swing
2023-06-16 13:11:00-04:00,2023-06-16 13:11:00-04:00,2023-06-16 14:32:00-04:00,S,15379.5,15326.0,15415.75,36.25,105.0,1.4482758620689655,TP,1,S|swing
2023-06-16 14:59:00-04:00,2023-06-16 14:59:00-04:00,2023-06-16 15:59:00-04:00,S,15313.0,15274.75,15354.25,41.25,74.5,0.9030303030303031,time,1,S|swing
2023-06-19 09:35:00-04:00,2023-06-19 09:35:00-04:00,2023-06-19 12:49:00-04:00,S,15242.75,15242.25,15264.75,22.0,-1.0,-0.022727272727272728,time,1,S|swing
2023-06-20 10:17:00-04:00,2023-06-20 10:17:00-04:00,2023-06-20 15:59:00-04:00,S,15186.5,15254.0,15310.5,124.0,-137.0,-0.5524193548387096,time,1,S|swing
2023-06-21 09:47:00-04:00,2023-06-21 09:47:00-04:00,2023-06-21 10:01:00-04:00,S,15170.75,15098.5,15219.5,48.75,142.5,1.4615384615384615,TP,1,S|swing
2023-06-21 10:44:00-04:00,2023-06-21 10:44:00-04:00,2023-06-21 14:30:00-04:00,S,15071.5,15137.75,15137.5,66.0,-134.5,-1.018939393939394,SL,1,S|swing
2023-06-22 10:11:00-04:00,2023-06-22 10:11:00-04:00,2023-06-22 15:59:00-04:00,L,15110.75,15213.25,15020.0,90.75,203.0,1.118457300275482,time,1,L|swing
2023-06-23 09:44:00-04:00,2023-06-23 09:44:00-04:00,2023-06-23 12:15:00-04:00,S,15027.5,15088.25,15088.0,60.5,-123.5,-1.0206611570247934,SL,1,S|swing
2023-06-23 12:17:00-04:00,2023-06-23 12:17:00-04:00,2023-06-23 14:45:00-04:00,L,15098.25,15052.25,15052.5,45.75,-94.0,-1.0273224043715847,SL,1,L|swing
2023-06-26 09:38:00-04:00,2023-06-26 09:38:00-04:00,2023-06-26 11:06:00-04:00,L,15079.25,15023.75,15024.0,55.25,-113.0,-1.0226244343891402,SL,1,L|swing
2023-06-26 11:08:00-04:00,2023-06-26 11:08:00-04:00,2023-06-26 12:30:00-04:00,S,15022.75,14905.75,15101.25,78.5,232.0,1.4777070063694266,TP,1,S|swing
2023-06-26 12:38:00-04:00,2023-06-26 12:38:00-04:00,2023-06-26 14:40:00-04:00,S,14903.25,14948.25,14948.0,44.75,-92.0,-1.0279329608938548,SL,1,S|swing
2023-06-27 09:35:00-04:00,2023-06-27 09:35:00-04:00,2023-06-27 10:12:00-04:00,L,14960.5,14897.5,14897.75,62.75,-128.0,-1.0199203187250996,SL,1,L|swing
2023-06-27 11:11:00-04:00,2023-06-27 11:11:00-04:00,2023-06-27 11:21:00-04:00,S,14906.0,14947.75,14947.5,41.5,-85.5,-1.0301204819277108,SL,1,S|swing
2023-06-27 11:23:00-04:00,2023-06-27 11:23:00-04:00,2023-06-27 12:30:00-04:00,L,14946.5,15031.25,14889.5,57.0,167.5,1.469298245614035,TP,1,L|swing
2023-06-27 13:20:00-04:00,2023-06-27 13:20:00-04:00,2023-06-27 15:28:00-04:00,L,15076.75,15137.25,15035.75,41.0,119.0,1.451219512195122,TP,1,L|swing
2023-06-28 10:20:00-04:00,2023-06-28 10:20:00-04:00,2023-06-28 15:59:00-04:00,L,15123.25,15139.25,15042.25,81.0,30.0,0.18518518518518517,time,1,L|swing
2023-06-29 10:08:00-04:00,2023-06-29 10:08:00-04:00,2023-06-29 15:59:00-04:00,S,15059.0,15103.5,15140.5,81.5,-91.0,-0.558282208588957,time,1,S|swing
2023-06-30 10:05:00-04:00,2023-06-30 10:05:00-04:00,2023-06-30 15:59:00-04:00,L,15335.0,15330.75,15255.25,79.75,-10.5,-0.06583072100313479,time,1,L|swing
2023-07-03 10:20:00-04:00,2023-07-03 10:20:00-04:00,2023-07-03 13:04:00-04:00,S,15352.75,15359.0,15390.0,37.25,-14.5,-0.19463087248322147,time,1,S|swing
2023-07-04 11:11:00-04:00,2023-07-04 11:11:00-04:00,2023-07-04 11:22:00-04:00,S,15345.5,15351.75,15351.5,6.0,-14.5,-1.2083333333333333,SL,1,S|swing
2023-07-04 11:23:00-04:00,2023-07-04 11:23:00-04:00,2023-07-04 12:08:00-04:00,L,15353.25,15344.5,15344.75,8.5,-19.5,-1.1470588235294117,SL,1,L|swing
2023-07-05 10:17:00-04:00,2023-07-05 10:17:00-04:00,2023-07-05 11:20:00-04:00,L,15410.5,15364.0,15364.25,46.25,-95.0,-1.027027027027027,SL,1,L|swing
2023-07-05 11:47:00-04:00,2023-07-05 11:47:00-04:00,2023-07-05 11:57:00-04:00,L,15378.25,15353.0,15353.25,25.0,-52.5,-1.05,SL,1,L|swing
2023-07-05 12:17:00-04:00,2023-07-05 12:17:00-04:00,2023-07-05 14:16:00-04:00,L,15372.25,15338.0,15338.25,34.0,-70.5,-1.036764705882353,SL,1,L|swing
2023-07-06 09:35:00-04:00,2023-07-06 09:35:00-04:00,2023-07-06 12:35:00-04:00,S,15157.75,15214.5,15214.25,56.5,-115.5,-1.0221238938053097,SL,1,S|swing
2023-07-06 13:32:00-04:00,2023-07-06 13:32:00-04:00,2023-07-06 13:57:00-04:00,S,15199.0,15231.5,15231.25,32.25,-67.0,-1.0387596899224807,SL,1,S|swing
2023-07-06 13:59:00-04:00,2023-07-06 13:59:00-04:00,2023-07-06 15:59:00-04:00,L,15238.0,15235.5,15191.25,46.75,-7.0,-0.0748663101604278,time,1,L|swing
2023-07-07 09:35:00-04:00,2023-07-07 09:35:00-04:00,2023-07-07 09:46:00-04:00,S,15212.25,15249.25,15249.0,36.75,-76.0,-1.034013605442177,SL,1,S|swing
2023-07-07 09:47:00-04:00,2023-07-07 09:47:00-04:00,2023-07-07 10:34:00-04:00,L,15252.0,15188.0,15188.25,63.75,-130.0,-1.0196078431372548,SL,1,L|swing
2023-07-07 11:47:00-04:00,2023-07-07 11:47:00-04:00,2023-07-07 12:06:00-04:00,L,15262.75,15295.75,15240.25,22.5,64.0,1.4222222222222223,TP,1,L|swing
2023-07-07 12:32:00-04:00,2023-07-07 12:32:00-04:00,2023-07-07 15:18:00-04:00,L,15318.5,15281.0,15281.25,37.25,-77.0,-1.0335570469798658,SL,1,L|swing
2023-07-10 09:47:00-04:00,2023-07-10 09:47:00-04:00,2023-07-10 15:59:00-04:00,S,15146.25,15190.5,15214.75,68.5,-90.5,-0.6605839416058394,time,1,S|swing
2023-07-11 09:38:00-04:00,2023-07-11 09:38:00-04:00,2023-07-11 09:41:00-04:00,L,15231.5,15183.25,15183.5,48.0,-98.5,-1.0260416666666667,SL,1,L|swing
2023-07-11 10:05:00-04:00,2023-07-11 10:05:00-04:00,2023-07-11 11:59:00-04:00,S,15126.75,15234.25,15234.0,107.25,-217.0,-1.0116550116550116,SL,1,S|swing
2023-07-11 12:29:00-04:00,2023-07-11 12:29:00-04:00,2023-07-11 15:47:00-04:00,S,15193.75,15250.5,15250.25,56.5,-115.5,-1.0221238938053097,SL,1,S|swing
2023-07-12 09:35:00-04:00,2023-07-12 09:35:00-04:00,2023-07-12 10:20:00-04:00,L,15442.0,15503.75,15400.25,41.75,121.5,1.4550898203592815,TP,1,L|swing
2023-07-12 12:11:00-04:00,2023-07-12 12:11:00-04:00,2023-07-12 13:30:00-04:00,L,15385.5,15447.25,15343.75,41.75,121.5,1.4550898203592815,TP,1,L|swing
2023-07-12 14:14:00-04:00,2023-07-12 14:14:00-04:00,2023-07-12 15:22:00-04:00,L,15468.25,15440.5,15440.75,27.5,-57.5,-1.0454545454545454,SL,1,L|swing
2023-07-13 11:02:00-04:00,2023-07-13 11:02:00-04:00,2023-07-13 13:28:00-04:00,L,15611.0,15664.25,15575.0,36.0,104.5,1.4513888888888888,TP,1,L|swing
2023-07-13 13:41:00-04:00,2023-07-13 13:41:00-04:00,2023-07-13 15:13:00-04:00,L,15670.5,15713.25,15641.5,29.0,83.5,1.4396551724137931,TP,1,L|swing
2023-07-14 09:53:00-04:00,2023-07-14 09:53:00-04:00,2023-07-14 14:37:00-04:00,L,15804.75,15702.5,15702.75,102.0,-206.5,-1.0122549019607843,SL,1,L|swing
2023-07-14 14:59:00-04:00,2023-07-14 14:59:00-04:00,2023-07-14 15:59:00-04:00,S,15696.75,15703.25,15731.75,35.0,-15.0,-0.21428571428571427,time,1,S|swing
2023-07-17 10:20:00-04:00,2023-07-17 10:20:00-04:00,2023-07-17 15:03:00-04:00,L,15760.5,15837.75,15708.5,52.0,152.5,1.4663461538461537,TP,1,L|swing
2023-07-18 09:53:00-04:00,2023-07-18 09:53:00-04:00,2023-07-18 11:40:00-04:00,S,15749.25,15818.5,15818.25,69.0,-140.5,-1.0181159420289856,SL,1,S|swing
2023-07-18 12:05:00-04:00,2023-07-18 12:05:00-04:00,2023-07-18 15:59:00-04:00,L,15892.75,15972.5,15792.25,100.5,157.5,0.7835820895522388,time,1,L|swing
2023-07-19 09:41:00-04:00,2023-07-19 09:41:00-04:00,2023-07-19 10:15:00-04:00,L,16035.0,15977.5,15977.75,57.25,-117.0,-1.0218340611353711,SL,1,L|swing
2023-07-19 10:17:00-04:00,2023-07-19 10:17:00-04:00,2023-07-19 10:39:00-04:00,S,15976.75,16015.25,16015.0,38.25,-79.0,-1.0326797385620916,SL,1,S|swing
2023-07-19 12:05:00-04:00,2023-07-19 12:05:00-04:00,2023-07-19 12:16:00-04:00,L,16045.75,16015.0,16015.25,30.5,-63.5,-1.040983606557377,SL,1,L|swing
2023-07-19 13:08:00-04:00,2023-07-19 13:08:00-04:00,2023-07-19 15:08:00-04:00,S,15932.0,15982.0,15981.75,49.75,-102.0,-1.0251256281407035,SL,1,S|swing
2023-07-20 09:44:00-04:00,2023-07-20 09:44:00-04:00,2023-07-20 10:05:00-04:00,L,15890.25,15808.0,15808.25,82.0,-166.5,-1.0152439024390243,SL,1,L|swing
2023-07-20 10:20:00-04:00,2023-07-20 10:20:00-04:00,2023-07-20 15:02:00-04:00,S,15777.25,15601.25,15895.25,118.0,350.0,1.4830508474576272,TP,1,S|swing
2023-07-21 09:50:00-04:00,2023-07-21 09:50:00-04:00,2023-07-21 15:11:00-04:00,S,15642.25,15526.75,15719.75,77.5,229.0,1.4774193548387098,TP,1,S|swing
2023-07-24 09:47:00-04:00,2023-07-24 09:47:00-04:00,2023-07-24 15:59:00-04:00,S,15562.75,15564.0,15618.5,55.75,-4.5,-0.04035874439461883,time,1,S|swing
2023-07-25 09:47:00-04:00,2023-07-25 09:47:00-04:00,2023-07-25 14:36:00-04:00,L,15641.25,15730.25,15581.25,60.0,176.0,1.4666666666666666,TP,1,L|swing
2023-07-26 10:47:00-04:00,2023-07-26 10:47:00-04:00,2023-07-26 10:57:00-04:00,S,15594.0,15544.75,15627.5,33.5,96.5,1.4402985074626866,TP,1,S|swing
2023-07-26 12:23:00-04:00,2023-07-26 12:23:00-04:00,2023-07-26 14:00:00-04:00,S,15573.5,15535.75,15599.25,25.75,73.5,1.4271844660194175,TP,1,S|swing
2023-07-26 14:11:00-04:00,2023-07-26 14:11:00-04:00,2023-07-26 15:10:00-04:00,L,15603.75,15532.75,15533.0,70.75,-144.0,-1.017667844522968,SL,1,L|swing
2023-07-27 11:23:00-04:00,2023-07-27 11:23:00-04:00,2023-07-27 13:17:00-04:00,L,15809.25,15760.75,15761.0,48.25,-99.0,-1.0259067357512954,SL,1,L|swing
2023-07-27 13:20:00-04:00,2023-07-27 13:20:00-04:00,2023-07-27 14:36:00-04:00,S,15744.25,15590.75,15847.25,103.0,305.0,1.4805825242718447,TP,1,S|swing
2023-07-27 14:59:00-04:00,2023-07-27 14:59:00-04:00,2023-07-27 15:59:00-04:00,S,15548.75,15566.25,15635.0,86.25,-37.0,-0.2144927536231884,time,1,S|swing
2023-07-28 09:41:00-04:00,2023-07-28 09:41:00-04:00,2023-07-28 11:41:00-04:00,L,15781.0,15878.75,15715.25,65.75,193.5,1.4714828897338403,TP,1,L|swing
2023-07-28 14:05:00-04:00,2023-07-28 14:05:00-04:00,2023-07-28 15:59:00-04:00,L,15849.25,15849.25,15774.75,74.5,-2.0,-0.013422818791946308,time,1,L|swing
2023-07-31 09:56:00-04:00,2023-07-31 09:56:00-04:00,2023-07-31 15:59:00-04:00,S,15815.5,15863.25,15905.25,89.75,-97.5,-0.5431754874651811,time,1,S|swing
2023-08-01 10:14:00-04:00,2023-08-01 10:14:00-04:00,2023-08-01 10:40:00-04:00,S,15755.25,15815.75,15815.5,60.25,-123.0,-1.020746887966805,SL,1,S|swing
2023-08-01 10:41:00-04:00,2023-08-01 10:41:00-04:00,2023-08-01 15:59:00-04:00,L,15821.5,15816.5,15727.75,93.75,-12.0,-0.064,time,1,L|swing
2023-08-02 10:08:00-04:00,2023-08-02 10:08:00-04:00,2023-08-02 11:55:00-04:00,S,15563.0,15460.25,15632.0,69.0,203.5,1.4746376811594204,TP,1,S|swing
2023-08-02 13:56:00-04:00,2023-08-02 13:56:00-04:00,2023-08-02 14:19:00-04:00,S,15463.0,15509.5,15509.25,46.25,-95.0,-1.027027027027027,SL,1,S|swing
2023-08-02 14:38:00-04:00,2023-08-02 14:38:00-04:00,2023-08-02 15:26:00-04:00,S,15485.75,15445.25,15513.25,27.5,79.0,1.4363636363636363,TP,1,S|swing
2023-08-03 10:23:00-04:00,2023-08-03 10:23:00-04:00,2023-08-03 11:18:00-04:00,S,15385.0,15467.25,15467.0,82.0,-166.5,-1.0152439024390243,SL,1,S|swing
2023-08-03 11:53:00-04:00,2023-08-03 11:53:00-04:00,2023-08-03 12:00:00-04:00,L,15476.25,15444.5,15444.75,31.5,-65.5,-1.0396825396825398,SL,1,L|swing
2023-08-03 12:26:00-04:00,2023-08-03 12:26:00-04:00,2023-08-03 14:10:00-04:00,L,15479.5,15441.25,15441.5,38.0,-78.5,-1.0328947368421053,SL,1,L|swing
2023-08-04 09:53:00-04:00,2023-08-04 09:53:00-04:00,2023-08-04 12:25:00-04:00,S,15473.5,15584.5,15584.25,110.75,-224.0,-1.0112866817155757,SL,1,S|swing
2023-08-04 12:26:00-04:00,2023-08-04 12:26:00-04:00,2023-08-04 13:25:00-04:00,L,15584.0,15547.5,15547.75,36.25,-75.0,-1.0344827586206897,SL,1,L|swing
2023-08-04 14:20:00-04:00,2023-08-04 14:20:00-04:00,2023-08-04 15:59:00-04:00,S,15436.5,15358.75,15563.75,127.25,153.5,0.6031434184675835,time,1,S|swing
2023-08-07 10:02:00-04:00,2023-08-07 10:02:00-04:00,2023-08-07 14:00:00-04:00,S,15373.0,15449.0,15448.75,75.75,-154.0,-1.0165016501650166,SL,1,S|swing
2023-08-07 14:02:00-04:00,2023-08-07 14:02:00-04:00,2023-08-07 15:59:00-04:00,L,15458.75,15486.0,15410.0,48.75,52.5,0.5384615384615384,time,1,L|swing
2023-08-08 09:38:00-04:00,2023-08-08 09:38:00-04:00,2023-08-08 09:50:00-04:00,S,15346.0,15283.5,15388.25,42.25,123.0,1.455621301775148,TP,1,S|swing
2023-08-08 10:11:00-04:00,2023-08-08 10:11:00-04:00,2023-08-08 15:45:00-04:00,S,15259.0,15362.5,15362.25,103.25,-209.0,-1.0121065375302662,SL,1,S|swing
2023-08-09 10:20:00-04:00,2023-08-09 10:20:00-04:00,2023-08-09 10:56:00-04:00,S,15266.25,15213.75,15301.75,35.5,103.0,1.4507042253521127,TP,1,S|swing
2023-08-09 11:14:00-04:00,2023-08-09 11:14:00-04:00,2023-08-09 14:14:00-04:00,S,15178.0,15277.75,15277.5,99.5,-201.5,-1.0125628140703518,SL,1,S|swing
2023-08-09 14:32:00-04:00,2023-08-09 14:32:00-04:00,2023-08-09 15:07:00-04:00,L,15298.25,15249.75,15250.0,48.25,-99.0,-1.0259067357512954,SL,1,L|swing
2023-08-10 09:35:00-04:00,2023-08-10 09:35:00-04:00,2023-08-10 09:59:00-04:00,L,15331.75,15419.0,15273.0,58.75,172.5,1.4680851063829787,TP,1,L|swing
2023-08-10 11:02:00-04:00,2023-08-10 11:02:00-04:00,2023-08-10 15:59:00-04:00,S,15294.25,15201.0,15417.0,122.75,184.5,0.7515274949083504,time,1,S|swing
2023-08-11 10:50:00-04:00,2023-08-11 10:50:00-04:00,2023-08-11 15:59:00-04:00,S,15113.25,15101.5,15174.5,61.25,21.5,0.17551020408163265,time,1,S|swing
2023-08-14 09:35:00-04:00,2023-08-14 09:35:00-04:00,2023-08-14 09:40:00-04:00,S,15051.0,15084.75,15084.5,33.5,-69.5,-1.037313432835821,SL,1,S|swing
2023-08-14 10:08:00-04:00,2023-08-14 10:08:00-04:00,2023-08-14 10:52:00-04:00,L,15138.75,15237.75,15072.25,66.5,196.0,1.4736842105263157,TP,1,L|swing
2023-08-14 11:47:00-04:00,2023-08-14 11:47:00-04:00,2023-08-14 12:16:00-04:00,L,15237.5,15194.75,15195.0,42.5,-87.5,-1.0294117647058822,SL,1,L|swing
2023-08-14 12:47:00-04:00,2023-08-14 12:47:00-04:00,2023-08-14 15:56:00-04:00,L,15205.75,15255.5,15172.0,33.75,97.5,1.4444444444444444,TP,1,L|swing
2023-08-15 09:44:00-04:00,2023-08-15 09:44:00-04:00,2023-08-15 10:06:00-04:00,S,15207.75,15131.0,15259.5,51.75,151.5,1.463768115942029,TP,1,S|swing
2023-08-15 10:32:00-04:00,2023-08-15 10:32:00-04:00,2023-08-15 11:12:00-04:00,S,15114.0,15180.25,15180.0,66.0,-134.5,-1.018939393939394,SL,1,S|swing
2023-08-15 12:44:00-04:00,2023-08-15 12:44:00-04:00,2023-08-15 15:24:00-04:00,S,15165.75,15125.0,15193.5,27.75,79.5,1.4324324324324325,TP,1,S|swing
2023-08-16 10:02:00-04:00,2023-08-16 10:02:00-04:00,2023-08-16 10:11:00-04:00,S,15081.5,15128.25,15128.0,46.5,-95.5,-1.0268817204301075,SL,1,S|swing
2023-08-16 11:32:00-04:00,2023-08-16 11:32:00-04:00,2023-08-16 13:06:00-04:00,S,15087.25,15006.25,15141.75,54.5,160.0,1.4678899082568808,TP,1,S|swing
2023-08-16 13:08:00-04:00,2023-08-16 13:08:00-04:00,2023-08-16 13:43:00-04:00,S,15003.0,15042.5,15042.25,39.25,-81.0,-1.0318471337579618,SL,1,S|swing
2023-08-16 14:11:00-04:00,2023-08-16 14:11:00-04:00,2023-08-16 14:21:00-04:00,S,15000.25,15066.5,15066.25,66.0,-134.5,-1.018939393939394,SL,1,S|swing
2023-08-17 10:14:00-04:00,2023-08-17 10:14:00-04:00,2023-08-17 13:00:00-04:00,S,14901.75,14954.75,14954.5,52.75,-108.0,-1.0236966824644549,SL,1,S|swing
2023-08-17 13:20:00-04:00,2023-08-17 13:20:00-04:00,2023-08-17 14:15:00-04:00,S,14914.75,14850.75,14958.0,43.25,126.0,1.4566473988439306,TP,1,S|swing
2023-08-17 14:17:00-04:00,2023-08-17 14:17:00-04:00,2023-08-17 14:56:00-04:00,S,14851.25,14801.75,14884.75,33.5,97.0,1.4477611940298507,TP,1,S|swing
2023-08-18 11:02:00-04:00,2023-08-18 11:02:00-04:00,2023-08-18 15:46:00-04:00,L,14704.5,14796.75,14642.5,62.0,182.5,1.471774193548387,TP,1,L|swing
2023-08-21 09:35:00-04:00,2023-08-21 09:35:00-04:00,2023-08-21 11:16:00-04:00,L,14860.0,14794.5,14794.75,65.25,-133.0,-1.0191570881226053,SL,1,L|swing
2023-08-21 11:32:00-04:00,2023-08-21 11:32:00-04:00,2023-08-21 11:45:00-04:00,L,14830.0,14792.75,14793.0,37.0,-76.5,-1.0337837837837838,SL,1,L|swing
2023-08-21 12:02:00-04:00,2023-08-21 12:02:00-04:00,2023-08-21 12:24:00-04:00,L,14822.25,14872.75,14788.0,34.25,99.0,1.4452554744525548,TP,1,L|swing
2023-08-21 12:44:00-04:00,2023-08-21 12:44:00-04:00,2023-08-21 13:41:00-04:00,L,14883.75,14955.75,14835.25,48.5,142.0,1.4639175257731958,TP,1,L|swing
2023-08-21 14:20:00-04:00,2023-08-21 14:20:00-04:00,2023-08-21 15:59:00-04:00,L,14971.5,14986.75,14935.0,36.5,28.5,0.3904109589041096,time,1,L|swing
2023-08-22 09:56:00-04:00,2023-08-22 09:56:00-04:00,2023-08-22 15:59:00-04:00,S,15008.0,14960.5,15093.5,85.5,93.0,0.543859649122807,time,1,S|swing
2023-08-23 09:35:00-04:00,2023-08-23 09:35:00-04:00,2023-08-23 09:47:00-04:00,L,15019.25,15051.0,14997.5,21.75,61.5,1.4137931034482758,TP,1,L|swing
2023-08-23 10:41:00-04:00,2023-08-23 10:41:00-04:00,2023-08-23 13:18:00-04:00,L,15150.25,15216.5,15105.5,44.75,130.5,1.458100558659218,TP,1,L|swing
2023-08-23 13:47:00-04:00,2023-08-23 13:47:00-04:00,2023-08-23 14:15:00-04:00,L,15235.25,15211.5,15211.75,23.5,-49.5,-1.053191489361702,SL,1,L|swing
2023-08-24 10:08:00-04:00,2023-08-24 10:08:00-04:00,2023-08-24 11:00:00-04:00,S,15160.25,15028.75,15248.5,88.25,261.0,1.4787535410764872,TP,1,S|swing
2023-08-24 11:02:00-04:00,2023-08-24 11:02:00-04:00,2023-08-24 15:10:00-04:00,S,15021.75,14931.5,15082.5,60.75,178.5,1.4691358024691359,TP,1,S|swing
2023-08-25 10:02:00-04:00,2023-08-25 10:02:00-04:00,2023-08-25 10:07:00-04:00,L,14957.5,14903.75,14904.0,53.5,-109.5,-1.0233644859813085,SL,1,L|swing
2023-08-25 10:14:00-04:00,2023-08-25 10:14:00-04:00,2023-08-25 10:27:00-04:00,L,14999.0,14880.5,14880.75,118.25,-239.0,-1.0105708245243128,SL,1,L|swing
2023-08-25 10:32:00-04:00,2023-08-25 10:32:00-04:00,2023-08-25 15:59:00-04:00,S,14877.25,14978.0,15049.25,172.0,-203.5,-0.5915697674418605,time,1,S|swing
2023-08-28 10:26:00-04:00,2023-08-28 10:26:00-04:00,2023-08-28 10:41:00-04:00,L,15084.5,15035.75,15036.0,48.5,-99.5,-1.0257731958762886,SL,1,L|swing
2023-08-28 11:44:00-04:00,2023-08-28 11:44:00-04:00,2023-08-28 12:43:00-04:00,S,15002.25,15041.25,15041.0,38.75,-80.0,-1.032258064516129,SL,1,S|swing
2023-08-28 12:53:00-04:00,2023-08-28 12:53:00-04:00,2023-08-28 15:59:00-04:00,L,15056.5,15090.5,14993.25,63.25,66.0,0.5217391304347826,time,1,L|swing
2023-08-29 09:44:00-04:00,2023-08-29 09:44:00-04:00,2023-08-29 10:04:00-04:00,L,15128.0,15229.75,15059.5,68.5,201.5,1.4708029197080292,TP,1,L|swing
2023-08-29 11:14:00-04:00,2023-08-29 11:14:00-04:00,2023-08-29 14:37:00-04:00,L,15337.5,15410.25,15288.5,49.0,143.5,1.4642857142857142,TP,1,L|swing
2023-08-30 09:53:00-04:00,2023-08-30 09:53:00-04:00,2023-08-30 10:26:00-04:00,L,15444.25,15386.0,15386.25,58.0,-118.5,-1.021551724137931,SL,1,L|swing
2023-08-30 10:56:00-04:00,2023-08-30 10:56:00-04:00,2023-08-30 15:59:00-04:00,L,15471.0,15501.25,15374.0,97.0,58.5,0.3015463917525773,time,1,L|swing
2023-08-31 09:59:00-04:00,2023-08-31 09:59:00-04:00,2023-08-31 15:59:00-04:00,L,15567.0,15532.0,15488.5,78.5,-72.0,-0.4585987261146497,time,1,L|swing
2023-09-01 10:47:00-04:00,2023-09-01 10:47:00-04:00,2023-09-01 15:59:00-04:00,S,15520.25,15520.25,15593.75,73.5,-2.0,-0.013605442176870748,time,1,S|swing
2023-09-04 09:53:00-04:00,2023-09-04 09:53:00-04:00,2023-09-04 10:16:00-04:00,L,15576.0,15551.75,15552.0,24.0,-50.5,-1.0520833333333333,SL,1,L|swing
2023-09-04 10:32:00-04:00,2023-09-04 10:32:00-04:00,2023-09-04 12:49:00-04:00,S,15540.25,15530.25,15571.75,31.5,18.0,0.2857142857142857,time,1,S|swing
2023-09-05 10:26:00-04:00,2023-09-05 10:26:00-04:00,2023-09-05 15:59:00-04:00,L,15503.25,15534.0,15443.0,60.25,59.5,0.49377593360995853,time,1,L|swing
2023-09-06 09:35:00-04:00,2023-09-06 09:35:00-04:00,2023-09-06 09:44:00-04:00,S,15468.5,15504.75,15504.5,36.0,-74.5,-1.0347222222222223,SL,1,S|swing
2023-09-06 10:02:00-04:00,2023-09-06 10:02:00-04:00,2023-09-06 15:59:00-04:00,S,15428.0,15398.5,15514.5,86.5,57.0,0.32947976878612717,time,1,S|swing
2023-09-07 10:32:00-04:00,2023-09-07 10:32:00-04:00,2023-09-07 10:39:00-04:00,S,15192.0,15237.5,15237.25,45.25,-93.0,-1.0276243093922652,SL,1,S|swing
2023-09-07 11:23:00-04:00,2023-09-07 11:23:00-04:00,2023-09-07 12:33:00-04:00,S,15228.75,15272.25,15272.0,43.25,-89.0,-1.0289017341040463,SL,1,S|swing
2023-09-07 13:53:00-04:00,2023-09-07 13:53:00-04:00,2023-09-07 14:33:00-04:00,L,15280.25,15248.75,15249.0,31.25,-65.0,-1.04,SL,1,L|swing
2023-09-07 14:56:00-04:00,2023-09-07 14:56:00-04:00,2023-09-07 15:59:00-04:00,L,15296.25,15276.75,15245.75,50.5,-41.0,-0.40594059405940597,time,1,L|swing
2023-09-08 10:20:00-04:00,2023-09-08 10:20:00-04:00,2023-09-08 10:58:00-04:00,L,15384.0,15313.5,15313.75,70.25,-143.0,-1.0177935943060499,SL,1,L|swing
2023-09-08 11:23:00-04:00,2023-09-08 11:23:00-04:00,2023-09-08 14:14:00-04:00,L,15352.0,15287.0,15287.25,64.75,-132.0,-1.0193050193050193,SL,1,L|swing
2023-09-08 14:59:00-04:00,2023-09-08 14:59:00-04:00,2023-09-08 15:59:00-04:00,S,15270.0,15295.5,15303.0,33.0,-53.0,-0.803030303030303,time,1,S|swing
2023-09-11 10:14:00-04:00,2023-09-11 10:14:00-04:00,2023-09-11 11:26:00-04:00,S,15346.75,15397.5,15397.25,50.5,-103.5,-1.0247524752475248,SL,1,S|swing
2023-09-11 12:29:00-04:00,2023-09-11 12:29:00-04:00,2023-09-11 13:42:00-04:00,L,15399.0,15457.0,15359.75,39.25,114.0,1.4522292993630572,TP,1,L|swing
2023-09-11 13:53:00-04:00,2023-09-11 13:53:00-04:00,2023-09-11 15:59:00-04:00,L,15465.25,15474.75,15423.5,41.75,17.0,0.20359281437125748,time,1,L|swing
2023-09-12 09:56:00-04:00,2023-09-12 09:56:00-04:00,2023-09-12 10:27:00-04:00,L,15452.75,15388.25,15388.5,64.25,-131.0,-1.0194552529182879,SL,1,L|swing
2023-09-12 10:53:00-04:00,2023-09-12 10:53:00-04:00,2023-09-12 15:59:00-04:00,S,15358.0,15302.75,15426.0,68.0,108.5,0.7977941176470589,time,1,S|swing
2023-09-15 09:56:00-04:00,2023-09-15 09:56:00-04:00,2023-09-15 15:59:00-04:00,S,15502.75,15391.5,15628.0,125.25,220.5,0.8802395209580839,time,1,S|swing
2023-09-18 10:17:00-04:00,2023-09-18 10:17:00-04:00,2023-09-18 10:37:00-04:00,L,15436.0,15377.75,15378.0,58.0,-118.5,-1.021551724137931,SL,1,L|swing
2023-09-18 10:38:00-04:00,2023-09-18 10:38:00-04:00,2023-09-18 11:32:00-04:00,S,15376.25,15441.75,15441.5,65.25,-133.0,-1.0191570881226053,SL,1,S|swing
2023-09-18 11:59:00-04:00,2023-09-18 11:59:00-04:00,2023-09-18 14:50:00-04:00,L,15448.5,15419.25,15419.5,29.0,-60.5,-1.043103448275862,SL,1,L|swing
2023-09-19 09:50:00-04:00,2023-09-19 09:50:00-04:00,2023-09-19 13:47:00-04:00,S,15319.75,15373.75,15373.5,53.75,-110.0,-1.0232558139534884,SL,1,S|swing
2023-09-19 14:35:00-04:00,2023-09-19 14:35:00-04:00,2023-09-19 14:58:00-04:00,L,15387.25,15360.5,15360.75,26.5,-55.5,-1.0471698113207548,SL,1,L|swing
2023-09-19 14:59:00-04:00,2023-09-19 14:59:00-04:00,2023-09-19 15:59:00-04:00,S,15348.0,15377.5,15408.25,60.25,-61.0,-0.5062240663900415,time,1,S|swing
2023-09-20 09:56:00-04:00,2023-09-20 09:56:00-04:00,2023-09-20 10:14:00-04:00,L,15434.25,15374.5,15374.75,59.5,-121.5,-1.0210084033613445,SL,1,L|swing
2023-09-20 11:02:00-04:00,2023-09-20 11:02:00-04:00,2023-09-20 14:01:00-04:00,S,15358.25,15308.25,15392.25,34.0,98.0,1.4411764705882353,TP,1,S|swing
2023-09-20 14:02:00-04:00,2023-09-20 14:02:00-04:00,2023-09-20 14:31:00-04:00,S,15320.0,15379.5,15379.25,59.25,-121.0,-1.021097046413502,SL,1,S|swing
2023-09-20 14:47:00-04:00,2023-09-20 14:47:00-04:00,2023-09-20 15:33:00-04:00,S,15315.25,15202.5,15391.0,75.75,223.5,1.4752475247524752,TP,1,S|swing
2023-09-21 09:53:00-04:00,2023-09-21 09:53:00-04:00,2023-09-21 15:59:00-04:00,S,14939.5,14861.75,15020.25,80.75,153.5,0.9504643962848297,time,1,S|swing
2023-09-22 09:59:00-04:00,2023-09-22 09:59:00-04:00,2023-09-22 14:12:00-04:00,L,14950.0,14887.5,14887.75,62.25,-127.0,-1.0200803212851406,SL,1,L|swing
2023-09-25 10:26:00-04:00,2023-09-25 10:26:00-04:00,2023-09-25 11:16:00-04:00,S,14819.25,14897.0,14896.75,77.5,-157.5,-1.0161290322580645,SL,1,S|swing
2023-09-25 12:17:00-04:00,2023-09-25 12:17:00-04:00,2023-09-25 12:46:00-04:00,L,14927.0,14883.75,14884.0,43.0,-88.5,-1.0290697674418605,SL,1,L|swing
2023-09-25 13:47:00-04:00,2023-09-25 13:47:00-04:00,2023-09-25 14:05:00-04:00,S,14871.5,14914.0,14913.75,42.25,-87.0,-1.029585798816568,SL,1,S|swing
2023-09-25 14:35:00-04:00,2023-09-25 14:35:00-04:00,2023-09-25 14:51:00-04:00,L,14906.75,14881.5,14881.75,25.0,-52.5,-1.05,SL,1,L|swing
2023-09-25 14:56:00-04:00,2023-09-25 14:56:00-04:00,2023-09-25 15:50:00-04:00,S,14872.5,14917.25,14917.0,44.5,-91.5,-1.0280898876404494,SL,1,S|swing
2023-09-26 09:50:00-04:00,2023-09-26 09:50:00-04:00,2023-09-26 15:17:00-04:00,S,14781.5,14685.25,14846.25,64.75,190.5,1.471042471042471,TP,1,S|swing
2023-09-27 09:44:00-04:00,2023-09-27 09:44:00-04:00,2023-09-27 10:01:00-04:00,L,14792.25,14748.75,14749.0,43.25,-89.0,-1.0289017341040463,SL,1,L|swing
2023-09-27 10:02:00-04:00,2023-09-27 10:02:00-04:00,2023-09-27 12:15:00-04:00,S,14742.5,14647.25,14806.5,64.0,188.5,1.47265625,TP,1,S|swing
2023-09-27 12:20:00-04:00,2023-09-27 12:20:00-04:00,2023-09-27 14:31:00-04:00,S,14647.0,14693.5,14693.25,46.25,-95.0,-1.027027027027027,SL,1,S|swing
2023-09-28 09:53:00-04:00,2023-09-28 09:53:00-04:00,2023-09-28 11:31:00-04:00,L,14732.25,14845.75,14656.0,76.25,225.0,1.4754098360655739,TP,1,L|swing
2023-09-28 12:17:00-04:00,2023-09-28 12:17:00-04:00,2023-09-28 13:05:00-04:00,L,14920.0,14873.5,14873.75,46.25,-95.0,-1.027027027027027,SL,1,L|swing
2023-09-28 14:14:00-04:00,2023-09-28 14:14:00-04:00,2023-09-28 14:35:00-04:00,L,14871.25,14832.5,14832.75,38.5,-79.5,-1.0324675324675325,SL,1,L|swing
2023-09-29 09:50:00-04:00,2023-09-29 09:50:00-04:00,2023-09-29 10:24:00-04:00,L,15017.0,14976.25,14976.5,40.5,-83.5,-1.0308641975308641,SL,1,L|swing
2023-09-29 11:29:00-04:00,2023-09-29 11:29:00-04:00,2023-09-29 13:02:00-04:00,S,14953.25,14867.75,15010.75,57.5,169.0,1.4695652173913043,TP,1,S|swing
2023-09-29 13:50:00-04:00,2023-09-29 13:50:00-04:00,2023-09-29 14:55:00-04:00,S,14843.75,14873.5,14873.25,29.5,-61.5,-1.0423728813559323,SL,1,S|swing
2023-10-02 10:02:00-04:00,2023-10-02 10:02:00-04:00,2023-10-02 12:51:00-04:00,L,14976.75,14880.5,14880.75,96.0,-194.5,-1.0130208333333333,SL,1,L|swing
2023-10-02 13:11:00-04:00,2023-10-02 13:11:00-04:00,2023-10-02 13:27:00-04:00,S,14873.25,14917.5,14917.25,44.0,-90.5,-1.0284090909090908,SL,1,S|swing
2023-10-02 13:53:00-04:00,2023-10-02 13:53:00-04:00,2023-10-02 14:22:00-04:00,L,14928.0,14898.0,14898.25,29.75,-62.0,-1.0420168067226891,SL,1,L|swing
2023-10-02 14:29:00-04:00,2023-10-02 14:29:00-04:00,2023-10-02 15:54:00-04:00,S,14881.0,14958.5,14958.25,77.25,-157.0,-1.0161812297734627,SL,1,S|swing
2023-10-03 10:02:00-04:00,2023-10-03 10:02:00-04:00,2023-10-03 11:37:00-04:00,S,14869.75,14713.75,14974.25,104.5,310.0,1.4832535885167464,TP,1,S|swing
2023-10-03 13:11:00-04:00,2023-10-03 13:11:00-04:00,2023-10-03 13:56:00-04:00,S,14747.0,14690.5,14785.25,38.25,111.0,1.4509803921568627,TP,1,S|swing
2023-10-03 14:05:00-04:00,2023-10-03 14:05:00-04:00,2023-10-03 15:59:00-04:00,S,14684.75,14723.25,14723.0,38.25,-79.0,-1.0326797385620916,SL,1,S|swing
2023-10-04 09:35:00-04:00,2023-10-04 09:35:00-04:00,2023-10-04 10:08:00-04:00,L,14806.75,14747.5,14747.75,59.0,-120.5,-1.021186440677966,SL,1,L|swing
2023-10-04 10:35:00-04:00,2023-10-04 10:35:00-04:00,2023-10-04 15:32:00-04:00,L,14815.5,14936.75,14734.0,81.5,240.5,1.4754601226993864,TP,1,L|swing
2023-10-05 09:44:00-04:00,2023-10-05 09:44:00-04:00,2023-10-05 10:02:00-04:00,S,14871.25,14788.75,14926.75,55.5,163.0,1.4684684684684686,TP,1,S|swing
2023-10-05 10:38:00-04:00,2023-10-05 10:38:00-04:00,2023-10-05 12:11:00-04:00,S,14738.5,14810.25,14810.0,71.5,-145.5,-1.0174825174825175,SL,1,S|swing
2023-10-05 13:05:00-04:00,2023-10-05 13:05:00-04:00,2023-10-05 13:34:00-04:00,S,14781.25,14821.5,14821.25,40.0,-82.5,-1.03125,SL,1,S|swing
2023-10-05 14:02:00-04:00,2023-10-05 14:02:00-04:00,2023-10-05 15:59:00-04:00,L,14873.25,14865.5,14799.25,74.0,-17.5,-0.11824324324324324,time,1,L|swing
2023-10-06 09:41:00-04:00,2023-10-06 09:41:00-04:00,2023-10-06 10:23:00-04:00,S,14728.75,14801.25,14801.0,72.25,-147.0,-1.0173010380622838,SL,1,S|swing
2023-10-06 11:05:00-04:00,2023-10-06 11:05:00-04:00,2023-10-06 11:36:00-04:00,L,14908.5,14986.25,14856.0,52.5,153.5,1.4619047619047618,TP,1,L|swing
2023-10-06 12:44:00-04:00,2023-10-06 12:44:00-04:00,2023-10-06 13:22:00-04:00,L,15049.25,15093.75,15019.0,30.25,87.0,1.43801652892562,TP,1,L|swing
2023-10-06 14:08:00-04:00,2023-10-06 14:08:00-04:00,2023-10-06 14:35:00-04:00,L,15097.5,15133.25,15073.0,24.5,69.5,1.4183673469387754,TP,1,L|swing
2023-10-09 09:50:00-04:00,2023-10-09 09:50:00-04:00,2023-10-09 14:07:00-04:00,L,15049.75,15200.0,14949.0,100.75,298.5,1.4813895781637718,TP,1,L|swing
2023-10-09 14:44:00-04:00,2023-10-09 14:44:00-04:00,2023-10-09 15:59:00-04:00,L,15205.0,15190.25,15166.25,38.75,-31.5,-0.4064516129032258,time,1,L|swing
2023-10-10 09:59:00-04:00,2023-10-10 09:59:00-04:00,2023-10-10 11:07:00-04:00,L,15240.75,15331.25,15179.75,61.0,179.0,1.4672131147540983,TP,1,L|swing
2023-10-10 11:17:00-04:00,2023-10-10 11:17:00-04:00,2023-10-10 13:04:00-04:00,L,15354.25,15301.75,15302.0,52.25,-107.0,-1.0239234449760766,SL,1,L|swing
2023-10-11 10:02:00-04:00,2023-10-11 10:02:00-04:00,2023-10-11 15:59:00-04:00,S,15313.25,15377.25,15387.75,74.5,-130.0,-0.87248322147651,time,1,S|swing
2023-10-12 10:32:00-04:00,2023-10-12 10:32:00-04:00,2023-10-12 11:23:00-04:00,S,15414.25,15461.5,15461.25,47.0,-96.5,-1.0265957446808511,SL,1,S|swing
2023-10-12 11:56:00-04:00,2023-10-12 11:56:00-04:00,2023-10-12 13:02:00-04:00,L,15439.25,15408.5,15408.75,30.5,-63.5,-1.040983606557377,SL,1,L|swing
2023-10-12 13:26:00-04:00,2023-10-12 13:26:00-04:00,2023-10-12 15:59:00-04:00,S,15309.75,15315.0,15438.75,129.0,-12.5,-0.04844961240310078,time,1,S|swing
2023-10-13 09:56:00-04:00,2023-10-13 09:56:00-04:00,2023-10-13 10:00:00-04:00,L,15360.0,15302.0,15302.25,57.75,-118.0,-1.0216450216450217,SL,1,L|swing
2023-10-13 10:50:00-04:00,2023-10-13 10:50:00-04:00,2023-10-13 11:52:00-04:00,S,15231.25,15119.75,15306.25,75.0,221.0,1.4733333333333334,TP,1,S|swing
2023-10-13 12:50:00-04:00,2023-10-13 12:50:00-04:00,2023-10-13 13:26:00-04:00,S,15159.25,15097.5,15201.0,41.75,121.5,1.4550898203592815,TP,1,S|swing
2023-10-16 10:17:00-04:00,2023-10-16 10:17:00-04:00,2023-10-16 15:59:00-04:00,L,15263.0,15293.25,15182.75,80.25,58.5,0.3644859813084112,time,1,L|swing
2023-10-17 11:17:00-04:00,2023-10-17 11:17:00-04:00,2023-10-17 12:15:00-04:00,L,15230.0,15295.25,15186.0,44.0,128.5,1.4602272727272727,TP,1,L|swing
2023-10-17 12:23:00-04:00,2023-10-17 12:23:00-04:00,2023-10-17 13:24:00-04:00,L,15307.0,15258.25,15258.5,48.5,-99.5,-1.0257731958762886,SL,1,L|swing
2023-10-17 13:53:00-04:00,2023-10-17 13:53:00-04:00,2023-10-17 15:59:00-04:00,S,15204.5,15241.0,15270.25,65.75,-75.0,-0.5703422053231939,time,1,S|swing
2023-10-18 10:08:00-04:00,2023-10-18 10:08:00-04:00,2023-10-18 10:36:00-04:00,L,15175.25,15121.0,15121.25,54.0,-110.5,-1.0231481481481481,SL,1,L|swing
2023-10-18 10:59:00-04:00,2023-10-18 10:59:00-04:00,2023-10-18 12:04:00-04:00,S,15100.25,15158.5,15158.25,58.0,-118.5,-1.021551724137931,SL,1,S|swing
2023-10-18 12:08:00-04:00,2023-10-18 12:08:00-04:00,2023-10-18 12:21:00-04:00,L,15162.5,15111.5,15111.75,50.75,-104.0,-1.0246305418719213,SL,1,L|swing
2023-10-18 12:38:00-04:00,2023-10-18 12:38:00-04:00,2023-10-18 15:47:00-04:00,S,15100.0,14983.75,15178.0,78.0,230.5,1.4775641025641026,TP,1,S|swing
2023-10-19 10:11:00-04:00,2023-10-19 10:11:00-04:00,2023-10-19 10:28:00-04:00,L,15082.25,15020.5,15020.75,61.5,-125.5,-1.0203252032520325,SL,1,L|swing
2023-10-19 10:29:00-04:00,2023-10-19 10:29:00-04:00,2023-10-19 12:02:00-04:00,S,15003.25,15107.5,15107.25,104.0,-210.5,-1.0120192307692308,SL,1,S|swing
2023-10-19 12:23:00-04:00,2023-10-19 12:23:00-04:00,2023-10-19 12:32:00-04:00,L,15132.75,15003.5,15003.75,129.0,-260.5,-1.0096899224806202,SL,1,L|swing
2023-10-19 14:32:00-04:00,2023-10-19 14:32:00-04:00,2023-10-19 15:59:00-04:00,S,14948.0,14886.0,15020.0,72.0,122.0,0.8472222222222222,time,1,S|swing
2023-10-20 10:08:00-04:00,2023-10-20 10:08:00-04:00,2023-10-20 10:47:00-04:00,S,14819.75,14721.25,14886.0,66.25,195.0,1.471698113207547,TP,1,S|swing
2023-10-20 11:20:00-04:00,2023-10-20 11:20:00-04:00,2023-10-20 11:56:00-04:00,S,14679.75,14726.75,14726.5,46.75,-96.0,-1.0267379679144386,SL,1,S|swing
2023-10-20 13:53:00-04:00,2023-10-20 13:53:00-04:00,2023-10-20 15:25:00-04:00,S,14750.25,14682.25,14796.25,46.0,134.0,1.4565217391304348,TP,1,S|swing
2023-10-23 09:35:00-04:00,2023-10-23 09:35:00-04:00,2023-10-23 09:55:00-04:00,S,14565.25,14630.5,14630.25,65.0,-132.5,-1.0192307692307692,SL,1,S|swing
2023-10-23 09:59:00-04:00,2023-10-23 09:59:00-04:00,2023-10-23 12:57:00-04:00,L,14636.5,14819.25,14514.0,122.5,363.5,1.4836734693877551,TP,1,L|swing
2023-10-23 13:44:00-04:00,2023-10-23 13:44:00-04:00,2023-10-23 14:19:00-04:00,L,14813.5,14779.5,14779.75,33.75,-70.0,-1.037037037037037,SL,1,L|swing
2023-10-24 09:41:00-04:00,2023-10-24 09:41:00-04:00,2023-10-24 09:50:00-04:00,L,14822.0,14762.0,14762.25,59.75,-122.0,-1.0209205020920502,SL,1,L|swing
2023-10-24 10:29:00-04:00,2023-10-24 10:29:00-04:00,2023-10-24 11:42:00-04:00,L,14848.25,14778.75,14779.0,69.25,-141.0,-1.0180505415162455,SL,1,L|swing
2023-10-24 12:20:00-04:00,2023-10-24 12:20:00-04:00,2023-10-24 14:49:00-04:00,S,14765.25,14834.5,14834.25,69.0,-140.5,-1.0181159420289856,SL,1,S|swing
2023-10-25 10:26:00-04:00,2023-10-25 10:26:00-04:00,2023-10-25 10:39:00-04:00,S,14601.75,14652.75,14652.5,50.75,-104.0,-1.0246305418719213,SL,1,S|swing
2023-10-25 11:50:00-04:00,2023-10-25 11:50:00-04:00,2023-10-25 13:28:00-04:00,S,14591.75,14501.25,14652.75,61.0,179.0,1.4672131147540983,TP,1,S|swing
2023-10-25 13:53:00-04:00,2023-10-25 13:53:00-04:00,2023-10-25 15:59:00-04:00,S,14456.75,14476.75,14532.75,76.0,-42.0,-0.27631578947368424,time,1,S|swing
2023-10-26 09:50:00-04:00,2023-10-26 09:50:00-04:00,2023-10-26 12:18:00-04:00,S,14345.5,14175.25,14459.5,114.0,338.5,1.4846491228070176,TP,1,S|swing
2023-10-26 12:47:00-04:00,2023-10-26 12:47:00-04:00,2023-10-26 13:03:00-04:00,S,14148.75,14197.0,14196.75,48.0,-98.5,-1.0260416666666667,SL,1,S|swing
2023-10-26 14:53:00-04:00,2023-10-26 14:53:00-04:00,2023-10-26 15:38:00-04:00,L,14303.5,14216.75,14217.0,86.5,-175.5,-1.0144508670520231,SL,1,L|swing
2023-10-27 09:50:00-04:00,2023-10-27 09:50:00-04:00,2023-10-27 10:07:00-04:00,S,14298.75,14356.75,14356.5,57.75,-118.0,-1.0216450216450217,SL,1,S|swing
2023-10-27 10:41:00-04:00,2023-10-27 10:41:00-04:00,2023-10-27 11:12:00-04:00,S,14288.75,14370.75,14370.5,81.75,-166.0,-1.0152905198776758,SL,1,S|swing
2023-10-27 12:50:00-04:00,2023-10-27 12:50:00-04:00,2023-10-27 15:59:00-04:00,S,14299.5,14266.5,14368.75,69.25,64.0,0.4620938628158845,time,1,S|swing
2023-10-30 09:35:00-04:00,2023-10-30 09:35:00-04:00,2023-10-30 09:51:00-04:00,L,14390.75,14474.25,14334.5,56.25,165.0,1.4666666666666666,TP,1,L|swing
2023-10-30 10:32:00-04:00,2023-10-30 10:32:00-04:00,2023-10-30 14:50:00-04:00,S,14327.75,14450.25,14450.0,122.25,-247.0,-1.0102249488752557,SL,1,S|swing
2023-10-31 09:53:00-04:00,2023-10-31 09:53:00-04:00,2023-10-31 10:54:00-04:00,S,14320.0,14429.5,14429.25,109.25,-221.0,-1.011441647597254,SL,1,S|swing
2023-10-31 11:47:00-04:00,2023-10-31 11:47:00-04:00,2023-10-31 11:59:00-04:00,S,14371.0,14414.75,14414.5,43.5,-89.5,-1.028735632183908,SL,1,S|swing
2023-10-31 12:14:00-04:00,2023-10-31 12:14:00-04:00,2023-10-31 12:32:00-04:00,S,14376.0,14417.25,14417.0,41.0,-84.5,-1.0304878048780488,SL,1,S|swing
2023-10-31 12:44:00-04:00,2023-10-31 12:44:00-04:00,2023-10-31 15:59:00-04:00,L,14428.0,14489.0,14368.5,59.5,120.0,1.0084033613445378,time,1,L|swing
2023-11-01 10:20:00-04:00,2023-11-01 10:20:00-04:00,2023-11-01 15:00:00-04:00,L,14591.5,14683.25,14529.75,61.75,181.5,1.4696356275303644,TP,1,L|swing
2023-11-02 10:38:00-04:00,2023-11-02 10:38:00-04:00,2023-11-02 15:59:00-04:00,L,14936.25,14999.0,14868.75,67.5,123.5,0.9148148148148149,time,1,L|swing
2023-11-03 09:44:00-04:00,2023-11-03 09:44:00-04:00,2023-11-03 13:07:00-04:00,L,15094.25,15194.75,15026.75,67.5,199.0,1.474074074074074,TP,1,L|swing
2023-11-03 13:56:00-04:00,2023-11-03 13:56:00-04:00,2023-11-03 15:59:00-04:00,L,15190.25,15174.0,15159.5,30.75,-34.5,-0.5609756097560976,time,1,L|swing
2023-11-06 10:11:00-05:00,2023-11-06 10:11:00-05:00,2023-11-06 10:39:00-05:00,S,15194.75,15237.5,15237.25,42.5,-87.5,-1.0294117647058822,SL,1,S|swing
2023-11-06 10:41:00-05:00,2023-11-06 10:41:00-05:00,2023-11-06 12:51:00-05:00,L,15243.5,15184.0,15184.25,59.25,-121.0,-1.021097046413502,SL,1,L|swing
2023-11-06 13:14:00-05:00,2023-11-06 13:14:00-05:00,2023-11-06 14:54:00-05:00,S,15174.5,15207.0,15206.75,32.25,-67.0,-1.0387596899224807,SL,1,S|swing
2023-11-07 09:56:00-05:00,2023-11-07 09:56:00-05:00,2023-11-07 13:33:00-05:00,L,15296.5,15404.0,15224.25,72.25,213.0,1.4740484429065743,TP,1,L|swing
2023-11-07 14:02:00-05:00,2023-11-07 14:02:00-05:00,2023-11-07 14:43:00-05:00,L,15411.5,15389.0,15389.25,22.25,-47.0,-1.0561797752808988,SL,1,L|swing
2023-11-08 10:02:00-05:00,2023-11-08 10:02:00-05:00,2023-11-08 15:59:00-05:00,S,15362.5,15384.25,15418.0,55.5,-45.5,-0.4099099099099099,time,1,S|swing
2023-11-09 09:53:00-05:00,2023-11-09 09:53:00-05:00,2023-11-09 10:07:00-05:00,L,15403.0,15365.25,15365.5,37.5,-77.5,-1.0333333333333334,SL,1,L|swing
2023-11-09 10:08:00-05:00,2023-11-09 10:08:00-05:00,2023-11-09 11:50:00-05:00,S,15362.25,15433.25,15433.0,70.75,-144.0,-1.017667844522968,SL,1,S|swing
2023-11-09 12:41:00-05:00,2023-11-09 12:41:00-05:00,2023-11-09 13:03:00-05:00,S,15387.25,15333.0,15424.0,36.75,106.5,1.4489795918367347,TP,1,S|swing
2023-11-09 13:41:00-05:00,2023-11-09 13:41:00-05:00,2023-11-09 14:00:00-05:00,S,15362.75,15313.0,15396.5,33.75,97.5,1.4444444444444444,TP,1,S|swing
2023-11-09 14:41:00-05:00,2023-11-09 14:41:00-05:00,2023-11-09 15:59:00-05:00,S,15272.0,15258.75,15331.25,59.25,24.5,0.20675105485232068,time,1,S|swing
2023-11-10 10:59:00-05:00,2023-11-10 10:59:00-05:00,2023-11-10 11:55:00-05:00,L,15373.5,15449.5,15322.25,51.25,150.0,1.4634146341463414,TP,1,L|swing
2023-11-10 11:59:00-05:00,2023-11-10 11:59:00-05:00,2023-11-10 12:34:00-05:00,L,15450.75,15507.25,15412.5,38.25,111.0,1.4509803921568627,TP,1,L|swing
2023-11-10 13:23:00-05:00,2023-11-10 13:23:00-05:00,2023-11-10 15:42:00-05:00,L,15539.0,15593.75,15502.0,37.0,107.5,1.4527027027027026,TP,1,L|swing
2023-11-13 09:35:00-05:00,2023-11-13 09:35:00-05:00,2023-11-13 09:55:00-05:00,S,15512.0,15472.0,15539.25,27.25,78.0,1.4311926605504588,TP,1,S|swing
2023-11-13 09:56:00-05:00,2023-11-13 09:56:00-05:00,2023-11-13 10:46:00-05:00,S,15477.75,15539.5,15539.25,61.5,-125.5,-1.0203252032520325,SL,1,S|swing
2023-11-13 10:47:00-05:00,2023-11-13 10:47:00-05:00,2023-11-13 15:59:00-05:00,L,15545.5,15547.5,15504.5,41.0,2.0,0.024390243902439025,time,1,L|swing
2023-11-14 09:44:00-05:00,2023-11-14 09:44:00-05:00,2023-11-14 15:59:00-05:00,L,15853.75,15878.5,15789.75,64.0,47.5,0.37109375,time,1,L|swing
2023-11-15 09:41:00-05:00,2023-11-15 09:41:00-05:00,2023-11-15 10:51:00-05:00,S,15934.5,15974.5,15974.25,39.75,-82.0,-1.0314465408805031,SL,1,S|swing
2023-11-15 11:35:00-05:00,2023-11-15 11:35:00-05:00,2023-11-15 12:11:00-05:00,S,15935.25,15891.75,15964.75,29.5,85.0,1.4406779661016949,TP,1,S|swing
2023-11-15 12:59:00-05:00,2023-11-15 12:59:00-05:00,2023-11-15 13:12:00-05:00,S,15890.25,15850.75,15917.25,27.0,77.0,1.4259259259259258,TP,1,S|swing
2023-11-16 09:50:00-05:00,2023-11-16 09:50:00-05:00,2023-11-16 10:41:00-05:00,L,15869.5,15824.5,15824.75,44.75,-92.0,-1.0279329608938548,SL,1,L|swing
2023-11-16 11:35:00-05:00,2023-11-16 11:35:00-05:00,2023-11-16 12:06:00-05:00,S,15803.75,15851.5,15851.25,47.5,-97.5,-1.0263157894736843,SL,1,S|swing
2023-11-16 12:08:00-05:00,2023-11-16 12:08:00-05:00,2023-11-16 15:59:00-05:00,L,15853.25,15897.0,15801.75,51.5,85.5,0.8300970873786407,time,1,L|swing
2023-11-17 11:05:00-05:00,2023-11-17 11:05:00-05:00,2023-11-17 11:44:00-05:00,S,15826.0,15872.25,15872.0,46.0,-94.5,-1.0271739130434783,SL,1,S|swing
2023-11-17 13:11:00-05:00,2023-11-17 13:11:00-05:00,2023-11-17 15:40:00-05:00,L,15904.0,15874.0,15874.25,29.75,-62.0,-1.0420168067226891,SL,1,L|swing
2023-11-20 09:53:00-05:00,2023-11-20 09:53:00-05:00,2023-11-20 15:59:00-05:00,L,15990.25,16088.5,15890.25,100.0,194.5,0.9725,time,1,L|swing
2023-11-21 10:23:00-05:00,2023-11-21 10:23:00-05:00,2023-11-21 15:59:00-05:00,S,15959.25,15989.0,16009.75,50.5,-61.5,-0.6089108910891089,time,1,S|swing
2023-11-22 10:23:00-05:00,2023-11-22 10:23:00-05:00,2023-11-22 15:59:00-05:00,L,16055.25,16047.25,16005.0,50.25,-18.0,-0.1791044776119403,time,1,L|swing
2023-11-23 11:56:00-05:00,2023-11-23 11:56:00-05:00,2023-11-23 12:49:00-05:00,S,16063.0,16065.0,16072.25,9.25,-6.0,-0.32432432432432434,time,1,S|swing
2023-11-24 10:14:00-05:00,2023-11-24 10:14:00-05:00,2023-11-24 13:04:00-05:00,S,16005.5,16016.25,16037.5,32.0,-23.5,-0.3671875,time,1,S|swing
2023-11-27 10:02:00-05:00,2023-11-27 10:02:00-05:00,2023-11-27 13:03:00-05:00,L,16015.75,16083.5,15970.0,45.75,133.5,1.459016393442623,TP,1,L|swing
2023-11-27 14:41:00-05:00,2023-11-27 14:41:00-05:00,2023-11-27 15:59:00-05:00,S,16027.0,16007.5,16053.25,26.25,37.0,0.7047619047619048,time,1,S|swing
2023-11-28 10:41:00-05:00,2023-11-28 10:41:00-05:00,2023-11-28 13:15:00-05:00,L,16033.0,15970.5,15970.75,62.25,-127.0,-1.0200803212851406,SL,1,L|swing
2023-11-28 13:17:00-05:00,2023-11-28 13:17:00-05:00,2023-11-28 15:49:00-05:00,S,15977.75,16029.5,16029.25,51.5,-105.5,-1.0242718446601942,SL,1,S|swing
2023-11-29 10:56:00-05:00,2023-11-29 10:56:00-05:00,2023-11-29 11:10:00-05:00,L,16129.5,16088.25,16088.5,41.0,-84.5,-1.0304878048780488,SL,1,L|swing
2023-11-29 11:11:00-05:00,2023-11-29 11:11:00-05:00,2023-11-29 15:59:00-05:00,S,16080.0,16026.0,16133.0,53.0,106.0,1.0,time,1,S|swing
2023-11-30 10:02:00-05:00,2023-11-30 10:02:00-05:00,2023-11-30 15:59:00-05:00,S,15930.0,15981.0,16050.75,120.75,-104.0,-0.4306418219461698,time,1,S|swing
2023-12-01 10:17:00-05:00,2023-12-01 10:17:00-05:00,2023-12-01 11:11:00-05:00,S,15896.5,15964.25,15964.0,67.5,-137.5,-1.0185185185185186,SL,1,S|swing
2023-12-01 11:44:00-05:00,2023-12-01 11:44:00-05:00,2023-12-01 15:59:00-05:00,L,16000.0,16024.75,15930.0,70.0,47.5,0.3392857142857143,time,1,L|swing
2023-12-04 10:17:00-05:00,2023-12-04 10:17:00-05:00,2023-12-04 15:50:00-05:00,S,15808.5,15872.0,15871.75,63.25,-129.0,-1.0197628458498025,SL,1,S|swing
2023-12-05 09:38:00-05:00,2023-12-05 09:38:00-05:00,2023-12-05 10:00:00-05:00,L,15814.5,15882.75,15768.5,46.0,134.5,1.4619565217391304,TP,1,L|swing
2023-12-05 10:50:00-05:00,2023-12-05 10:50:00-05:00,2023-12-05 11:20:00-05:00,L,15950.0,15865.0,15865.25,84.75,-172.0,-1.0147492625368733,SL,1,L|swing
2023-12-05 11:47:00-05:00,2023-12-05 11:47:00-05:00,2023-12-05 11:53:00-05:00,L,15898.75,15857.25,15857.5,41.25,-85.0,-1.0303030303030303,SL,1,L|swing
2023-12-05 13:20:00-05:00,2023-12-05 13:20:00-05:00,2023-12-05 15:59:00-05:00,L,15886.5,15911.75,15847.0,39.5,48.5,0.6139240506329114,time,1,L|swing
2023-12-06 10:02:00-05:00,2023-12-06 10:02:00-05:00,2023-12-06 15:51:00-05:00,S,15924.0,15818.25,15995.0,71.0,209.5,1.4753521126760563,TP,1,S|swing
2023-12-07 10:23:00-05:00,2023-12-07 10:23:00-05:00,2023-12-07 15:59:00-05:00,L,15987.5,16035.0,15898.0,89.5,93.0,0.5195530726256983,time,1,L|swing
2023-12-08 09:41:00-05:00,2023-12-08 09:41:00-05:00,2023-12-08 10:15:00-05:00,L,15999.5,16091.75,15937.5,62.0,182.5,1.471774193548387,TP,1,L|swing
2023-12-08 11:38:00-05:00,2023-12-08 11:38:00-05:00,2023-12-08 13:14:00-05:00,S,16012.0,16078.75,16078.5,66.5,-135.5,-1.018796992481203,SL,1,S|swing
2023-12-08 13:53:00-05:00,2023-12-08 13:53:00-05:00,2023-12-08 14:49:00-05:00,L,16083.0,16116.75,16060.0,23.0,65.5,1.423913043478261,TP,1,L|swing
2023-12-11 09:38:00-05:00,2023-12-11 09:38:00-05:00,2023-12-11 13:49:00-05:00,L,16135.5,16235.5,16068.25,67.25,198.0,1.4721189591078068,TP,1,L|swing
2023-12-11 13:50:00-05:00,2023-12-11 13:50:00-05:00,2023-12-11 14:45:00-05:00,L,16238.0,16216.75,16217.0,21.0,-44.5,-1.0595238095238095,SL,1,L|swing
2023-12-12 10:08:00-05:00,2023-12-12 10:08:00-05:00,2023-12-12 15:59:00-05:00,L,16261.5,16364.75,16184.75,76.75,204.5,1.3322475570032573,time,1,L|swing
2023-12-13 09:35:00-05:00,2023-12-13 09:35:00-05:00,2023-12-13 09:57:00-05:00,L,16434.0,16390.25,16390.5,43.5,-89.5,-1.028735632183908,SL,1,L|swing
2023-12-13 10:44:00-05:00,2023-12-13 10:44:00-05:00,2023-12-13 11:11:00-05:00,L,16429.25,16405.75,16406.0,23.25,-49.0,-1.053763440860215,SL,1,L|swing
2023-12-13 12:05:00-05:00,2023-12-13 12:05:00-05:00,2023-12-13 14:00:00-05:00,S,16382.0,16404.75,16404.5,22.5,-47.5,-1.0555555555555556,SL,1,S|swing
2023-12-13 14:02:00-05:00,2023-12-13 14:02:00-05:00,2023-12-13 14:55:00-05:00,L,16447.0,16569.25,16365.0,82.0,242.5,1.478658536585366,TP,1,L|swing
2023-12-18 09:59:00-05:00,2023-12-18 09:59:00-05:00,2023-12-18 13:25:00-05:00,L,16878.75,16948.25,16831.75,47.0,137.0,1.4574468085106382,TP,1,L|swing
2023-12-18 14:11:00-05:00,2023-12-18 14:11:00-05:00,2023-12-18 15:57:00-05:00,L,16959.5,16941.5,16941.75,17.75,-38.0,-1.0704225352112675,SL,1,L|swing
2023-12-19 09:44:00-05:00,2023-12-19 09:44:00-05:00,2023-12-19 15:59:00-05:00,L,16988.25,17020.75,16944.25,44.0,63.0,0.7159090909090909,time,1,L|swing
2023-12-20 10:05:00-05:00,2023-12-20 10:05:00-05:00,2023-12-20 14:32:00-05:00,L,17033.0,16989.5,16989.75,43.25,-89.0,-1.0289017341040463,SL,1,L|swing
2023-12-21 10:50:00-05:00,2023-12-21 10:50:00-05:00,2023-12-21 15:28:00-05:00,S,16869.25,16934.0,16933.75,64.5,-131.5,-1.0193798449612403,SL,1,S|swing
2023-12-22 09:44:00-05:00,2023-12-22 09:44:00-05:00,2023-12-22 11:00:00-05:00,L,17033.0,16988.75,16989.0,44.0,-90.5,-1.0284090909090908,SL,1,L|swing
2023-12-22 11:32:00-05:00,2023-12-22 11:32:00-05:00,2023-12-22 12:22:00-05:00,L,17011.75,16968.0,16968.25,43.5,-89.5,-1.028735632183908,SL,1,L|swing
2023-12-22 13:08:00-05:00,2023-12-22 13:08:00-05:00,2023-12-22 14:03:00-05:00,L,17014.25,16993.25,16993.5,20.75,-44.0,-1.0602409638554218,SL,1,L|swing
2023-12-22 14:17:00-05:00,2023-12-22 14:17:00-05:00,2023-12-22 15:59:00-05:00,S,16941.75,16980.5,17019.75,78.0,-79.5,-0.5096153846153846,time,1,S|swing
2023-12-26 10:26:00-05:00,2023-12-26 10:26:00-05:00,2023-12-26 10:50:00-05:00,L,17053.0,17034.75,17035.0,18.0,-38.5,-1.0694444444444444,SL,1,L|swing
2023-12-26 11:14:00-05:00,2023-12-26 11:14:00-05:00,2023-12-26 15:22:00-05:00,L,17050.25,17091.0,17022.5,27.75,79.5,1.4324324324324325,TP,1,L|swing
2023-12-27 09:35:00-05:00,2023-12-27 09:35:00-05:00,2023-12-27 10:11:00-05:00,L,17117.5,17088.25,17088.5,29.0,-60.5,-1.043103448275862,SL,1,L|swing
2023-12-27 10:14:00-05:00,2023-12-27 10:14:00-05:00,2023-12-27 13:12:00-05:00,S,17061.5,17125.0,17124.75,63.25,-129.0,-1.0197628458498025,SL,1,S|swing
2023-12-27 13:53:00-05:00,2023-12-27 13:53:00-05:00,2023-12-27 14:00:00-05:00,L,17121.0,17103.25,17103.5,17.5,-37.5,-1.0714285714285714,SL,1,L|swing
2023-12-27 14:02:00-05:00,2023-12-27 14:02:00-05:00,2023-12-27 15:59:00-05:00,S,17073.25,17117.0,17123.25,50.0,-89.5,-0.895,time,1,S|swing
2023-12-28 09:35:00-05:00,2023-12-28 09:35:00-05:00,2023-12-28 15:54:00-05:00,S,17129.5,17085.75,17159.25,29.75,85.5,1.4369747899159664,TP,1,S|swing
2023-12-29 09:50:00-05:00,2023-12-29 09:50:00-05:00,2023-12-29 10:34:00-05:00,L,17104.5,17071.5,17071.75,32.75,-68.0,-1.0381679389312977,SL,1,L|swing
2023-12-29 10:35:00-05:00,2023-12-29 10:35:00-05:00,2023-12-29 10:47:00-05:00,S,17070.75,17019.25,17105.75,35.0,101.0,1.4428571428571428,TP,1,S|swing
2023-12-29 11:08:00-05:00,2023-12-29 11:08:00-05:00,2023-12-29 15:59:00-05:00,S,16993.5,17019.25,17068.5,75.0,-53.5,-0.3566666666666667,time,1,S|swing
2024-01-02 09:38:00-05:00,2024-01-02 09:38:00-05:00,2024-01-02 10:49:00-05:00,S,16803.25,16692.25,16877.75,74.5,220.0,1.476510067114094,TP,1,S|swing
2024-01-02 10:50:00-05:00,2024-01-02 10:50:00-05:00,2024-01-02 11:20:00-05:00,S,16690.25,16760.0,16759.75,69.5,-141.5,-1.0179856115107915,SL,1,S|swing
2024-01-02 12:50:00-05:00,2024-01-02 12:50:00-05:00,2024-01-02 14:06:00-05:00,S,16742.75,16677.25,16787.0,44.25,129.0,1.4576271186440677,TP,1,S|swing
2024-01-02 14:41:00-05:00,2024-01-02 14:41:00-05:00,2024-01-02 15:02:00-05:00,S,16684.0,16648.75,16708.0,24.0,68.5,1.4270833333333333,TP,1,S|swing
2024-01-03 10:11:00-05:00,2024-01-03 10:11:00-05:00,2024-01-03 15:59:00-05:00,S,16587.0,16540.75,16654.0,67.0,90.5,0.6753731343283582,time,1,S|swing
2024-01-04 11:11:00-05:00,2024-01-04 11:11:00-05:00,2024-01-04 12:17:00-05:00,L,16557.75,16503.0,16503.25,54.5,-111.5,-1.0229357798165137,SL,1,L|swing
2024-01-04 12:44:00-05:00,2024-01-04 12:44:00-05:00,2024-01-04 13:36:00-05:00,S,16500.5,16526.0,16525.75,25.25,-53.0,-1.0495049504950495,SL,1,S|swing
2024-01-04 13:56:00-05:00,2024-01-04 13:56:00-05:00,2024-01-04 14:30:00-05:00,S,16506.0,16472.0,16529.25,23.25,66.0,1.4193548387096775,TP,1,S|swing
2024-01-05 10:02:00-05:00,2024-01-05 10:02:00-05:00,2024-01-05 13:03:00-05:00,L,16533.0,16446.5,16446.75,86.25,-175.0,-1.0144927536231885,SL,1,L|swing
2024-01-05 13:14:00-05:00,2024-01-05 13:14:00-05:00,2024-01-05 13:30:00-05:00,S,16440.25,16482.5,16482.25,42.0,-86.5,-1.0297619047619047,SL,1,S|swing
2024-01-05 13:32:00-05:00,2024-01-05 13:32:00-05:00,2024-01-05 14:51:00-05:00,L,16483.0,16429.75,16430.0,53.0,-108.5,-1.0235849056603774,SL,1,L|swing
2024-01-08 09:59:00-05:00,2024-01-08 09:59:00-05:00,2024-01-08 15:59:00-05:00,L,16628.75,16801.25,16505.0,123.75,343.0,1.385858585858586,time,1,L|swing
2024-01-09 11:02:00-05:00,2024-01-09 11:02:00-05:00,2024-01-09 11:53:00-05:00,L,16752.75,16811.75,16712.75,40.0,116.0,1.45,TP,1,L|swing
2024-01-09 12:44:00-05:00,2024-01-09 12:44:00-05:00,2024-01-09 13:02:00-05:00,L,16832.0,16857.75,16814.25,17.75,49.5,1.3943661971830985,TP,1,L|swing
2024-01-10 10:05:00-05:00,2024-01-10 10:05:00-05:00,2024-01-10 10:42:00-05:00,S,16805.25,16874.5,16874.25,69.0,-140.5,-1.0181159420289856,SL,1,S|swing
2024-01-10 11:41:00-05:00,2024-01-10 11:41:00-05:00,2024-01-10 13:03:00-05:00,L,16879.0,16915.25,16854.25,24.75,70.5,1.4242424242424243,TP,1,L|swing
2024-01-10 13:32:00-05:00,2024-01-10 13:32:00-05:00,2024-01-10 14:51:00-05:00,L,16918.25,16966.75,16885.25,33.0,95.0,1.4393939393939394,TP,1,L|swing
2024-01-10 14:53:00-05:00,2024-01-10 14:53:00-05:00,2024-01-10 15:21:00-05:00,L,16970.0,16943.0,16943.25,26.75,-56.0,-1.0467289719626167,SL,1,L|swing
2024-01-11 10:05:00-05:00,2024-01-11 10:05:00-05:00,2024-01-11 15:59:00-05:00,S,16867.5,16965.5,17043.25,175.75,-198.0,-0.5633001422475107,time,1,S|swing
2024-01-12 10:50:00-05:00,2024-01-12 10:50:00-05:00,2024-01-12 11:16:00-05:00,S,16934.0,16990.25,16990.0,56.0,-114.5,-1.0223214285714286,SL,1,S|swing
2024-01-12 11:17:00-05:00,2024-01-12 11:17:00-05:00,2024-01-12 15:59:00-05:00,L,16993.5,16971.75,16913.0,80.5,-45.5,-0.2826086956521739,time,1,L|swing
2024-01-15 09:47:00-05:00,2024-01-15 09:47:00-05:00,2024-01-15 10:47:00-05:00,S,16947.75,16968.0,16967.75,20.0,-42.5,-1.0625,SL,1,S|swing
2024-01-15 11:20:00-05:00,2024-01-15 11:20:00-05:00,2024-01-15 11:37:00-05:00,S,16964.5,16978.5,16978.25,13.75,-30.0,-1.0909090909090908,SL,1,S|swing
2024-01-15 12:02:00-05:00,2024-01-15 12:02:00-05:00,2024-01-15 12:49:00-05:00,S,16959.25,16969.75,16980.25,21.0,-23.0,-0.5476190476190477,time,1,S|swing
2024-01-16 09:44:00-05:00,2024-01-16 09:44:00-05:00,2024-01-16 10:16:00-05:00,S,16878.25,16946.5,16946.25,68.0,-138.5,-1.0183823529411764,SL,1,S|swing
2024-01-16 10:17:00-05:00,2024-01-16 10:17:00-05:00,2024-01-16 15:59:00-05:00,L,16956.25,16967.5,16854.75,101.5,20.5,0.10098522167487685,time,1,L|swing
2024-01-17 11:53:00-05:00,2024-01-17 11:53:00-05:00,2024-01-17 13:21:00-05:00,S,16808.75,16760.5,16841.5,32.75,94.5,1.4427480916030535,TP,1,S|swing
2024-01-17 13:23:00-05:00,2024-01-17 13:23:00-05:00,2024-01-17 14:42:00-05:00,S,16763.25,16825.5,16825.25,62.0,-126.5,-1.0201612903225807,SL,1,S|swing
2024-01-18 10:35:00-05:00,2024-01-18 10:35:00-05:00,2024-01-18 12:35:00-05:00,L,17044.5,16990.75,16991.0,53.5,-109.5,-1.0233644859813085,SL,1,L|swing
2024-01-18 13:02:00-05:00,2024-01-18 13:02:00-05:00,2024-01-18 14:02:00-05:00,S,16987.25,17028.0,17027.75,40.5,-83.5,-1.0308641975308641,SL,1,S|swing
2024-01-19 11:05:00-05:00,2024-01-19 11:05:00-05:00,2024-01-19 12:31:00-05:00,L,17242.0,17299.75,17203.0,39.0,113.5,1.455128205128205,TP,1,L|swing
2024-01-19 12:56:00-05:00,2024-01-19 12:56:00-05:00,2024-01-19 13:55:00-05:00,L,17322.25,17388.25,17277.75,44.5,130.0,1.4606741573033708,TP,1,L|swing
2024-01-19 13:56:00-05:00,2024-01-19 13:56:00-05:00,2024-01-19 15:59:00-05:00,L,17388.25,17442.25,17345.25,43.0,106.0,1.2325581395348837,time,1,L|swing
2024-01-22 09:44:00-05:00,2024-01-22 09:44:00-05:00,2024-01-22 15:59:00-05:00,S,17504.5,17460.75,17585.0,80.5,85.5,0.531055900621118,time,1,S|swing
2024-01-23 09:50:00-05:00,2024-01-23 09:50:00-05:00,2024-01-23 15:59:00-05:00,L,17476.25,17529.0,17409.0,67.25,103.5,0.7695167286245354,time,1,L|swing
2024-01-24 10:08:00-05:00,2024-01-24 10:08:00-05:00,2024-01-24 10:42:00-05:00,L,17681.5,17747.25,17637.0,44.5,129.5,1.4550561797752808,TP,1,L|swing
2024-01-24 11:50:00-05:00,2024-01-24 11:50:00-05:00,2024-01-24 12:10:00-05:00,L,17727.25,17765.75,17701.0,26.25,75.0,1.4285714285714286,TP,1,L|swing
2024-01-24 12:32:00-05:00,2024-01-24 12:32:00-05:00,2024-01-24 13:15:00-05:00,L,17774.5,17734.5,17734.75,39.75,-82.0,-1.0314465408805031,SL,1,L|swing
2024-01-24 14:11:00-05:00,2024-01-24 14:11:00-05:00,2024-01-24 14:22:00-05:00,S,17691.5,17640.75,17726.0,34.5,99.5,1.4420289855072463,TP,1,S|swing
2024-01-25 10:14:00-05:00,2024-01-25 10:14:00-05:00,2024-01-25 12:32:00-05:00,L,17706.75,17649.25,17649.5,57.25,-117.0,-1.0218340611353711,SL,1,L|swing
2024-01-25 12:53:00-05:00,2024-01-25 12:53:00-05:00,2024-01-25 14:08:00-05:00,S,17636.75,17551.0,17694.5,57.75,169.5,1.4675324675324675,TP,1,S|swing
2024-01-26 09:53:00-05:00,2024-01-26 09:53:00-05:00,2024-01-26 10:28:00-05:00,S,17520.75,17572.0,17571.75,51.0,-104.5,-1.0245098039215685,SL,1,S|swing
2024-01-26 10:50:00-05:00,2024-01-26 10:50:00-05:00,2024-01-26 12:48:00-05:00,L,17611.0,17536.25,17536.5,74.5,-151.5,-1.016778523489933,SL,1,L|swing
2024-01-26 13:47:00-05:00,2024-01-26 13:47:00-05:00,2024-01-26 14:40:00-05:00,S,17512.25,17549.75,17549.5,37.25,-77.0,-1.0335570469798658,SL,1,S|swing
2024-01-26 14:41:00-05:00,2024-01-26 14:41:00-05:00,2024-01-26 15:59:00-05:00,L,17556.25,17528.5,17514.0,42.25,-57.5,-0.6804733727810651,time,1,L|swing
2024-01-29 09:35:00-05:00,2024-01-29 09:35:00-05:00,2024-01-29 10:04:00-05:00,L,17555.25,17529.25,17529.5,25.75,-54.0,-1.0485436893203883,SL,1,L|swing
2024-01-29 11:17:00-05:00,2024-01-29 11:17:00-05:00,2024-01-29 12:41:00-05:00,L,17555.75,17608.75,17519.75,36.0,104.0,1.4444444444444444,TP,1,L|swing
2024-01-29 14:11:00-05:00,2024-01-29 14:11:00-05:00,2024-01-29 15:01:00-05:00,L,17613.75,17660.25,17582.25,31.5,91.0,1.4444444444444444,TP,1,L|swing
2024-01-30 10:02:00-05:00,2024-01-30 10:02:00-05:00,2024-01-30 12:33:00-05:00,S,17639.25,17571.25,17685.25,46.0,134.0,1.4565217391304348,TP,1,S|swing
2024-01-30 13:02:00-05:00,2024-01-30 13:02:00-05:00,2024-01-30 13:16:00-05:00,S,17556.5,17588.5,17588.25,31.75,-66.0,-1.0393700787401574,SL,1,S|swing
2024-01-30 14:08:00-05:00,2024-01-30 14:08:00-05:00,2024-01-30 14:49:00-05:00,S,17561.75,17597.25,17597.0,35.25,-73.0,-1.0354609929078014,SL,1,S|swing
2024-01-31 09:35:00-05:00,2024-01-31 09:35:00-05:00,2024-01-31 09:40:00-05:00,L,17423.5,17371.25,17371.5,52.0,-106.5,-1.0240384615384615,SL,1,L|swing
2024-01-31 09:41:00-05:00,2024-01-31 09:41:00-05:00,2024-01-31 10:37:00-05:00,S,17369.5,17284.75,17426.5,57.0,167.5,1.469298245614035,TP,1,S|swing
2024-01-31 12:38:00-05:00,2024-01-31 12:38:00-05:00,2024-01-31 12:58:00-05:00,S,17334.0,17370.0,17369.75,35.75,-74.0,-1.034965034965035,SL,1,S|swing
2024-01-31 13:47:00-05:00,2024-01-31 13:47:00-05:00,2024-01-31 14:00:00-05:00,L,17393.25,17368.25,17368.5,24.75,-52.0,-1.0505050505050506,SL,1,L|swing
2024-01-31 14:02:00-05:00,2024-01-31 14:02:00-05:00,2024-01-31 14:39:00-05:00,S,17330.75,17400.5,17400.25,69.5,-141.5,-1.0179856115107915,SL,1,S|swing
2024-02-01 10:02:00-05:00,2024-02-01 10:02:00-05:00,2024-02-01 10:08:00-05:00,S,17285.75,17338.0,17337.75,52.0,-106.5,-1.0240384615384615,SL,1,S|swing
2024-02-01 10:29:00-05:00,2024-02-01 10:29:00-05:00,2024-02-01 11:00:00-05:00,L,17368.75,17269.5,17269.75,99.0,-200.5,-1.0126262626262625,SL,1,L|swing
2024-02-01 11:50:00-05:00,2024-02-01 11:50:00-05:00,2024-02-01 12:55:00-05:00,L,17329.75,17409.5,17276.0,53.75,157.5,1.4651162790697674,TP,1,L|swing
2024-02-01 13:26:00-05:00,2024-02-01 13:26:00-05:00,2024-02-01 15:59:00-05:00,L,17380.0,17439.75,17329.0,51.0,117.5,1.1519607843137254,time,1,L|swing
2024-02-02 10:32:00-05:00,2024-02-02 10:32:00-05:00,2024-02-02 10:40:00-05:00,S,17555.25,17622.25,17622.0,66.75,-136.0,-1.0187265917602997,SL,1,S|swing
2024-02-02 10:41:00-05:00,2024-02-02 10:41:00-05:00,2024-02-02 12:29:00-05:00,L,17627.0,17744.75,17548.0,79.0,233.5,1.4778481012658229,TP,1,L|swing
2024-02-02 13:17:00-05:00,2024-02-02 13:17:00-05:00,2024-02-02 15:59:00-05:00,L,17737.25,17729.25,17665.75,71.5,-18.0,-0.1258741258741259,time,1,L|swing
2024-02-05 09:50:00-05:00,2024-02-05 09:50:00-05:00,2024-02-05 10:40:00-05:00,S,17678.75,17591.5,17737.5,58.75,172.5,1.4680851063829787,TP,1,S|swing
2024-02-05 10:41:00-05:00,2024-02-05 10:41:00-05:00,2024-02-05 12:04:00-05:00,S,17574.75,17666.0,17665.75,91.0,-184.5,-1.0137362637362637,SL,1,S|swing
2024-02-05 13:29:00-05:00,2024-02-05 13:29:00-05:00,2024-02-05 14:32:00-05:00,S,17679.75,17721.75,17721.5,41.75,-86.0,-1.029940119760479,SL,1,S|swing
2024-02-06 09:35:00-05:00,2024-02-06 09:35:00-05:00,2024-02-06 10:03:00-05:00,S,17714.5,17635.5,17767.75,53.25,156.0,1.4647887323943662,TP,1,S|swing
2024-02-06 11:47:00-05:00,2024-02-06 11:47:00-05:00,2024-02-06 15:59:00-05:00,S,17605.75,17664.0,17663.75,58.0,-118.5,-1.021551724137931,SL,1,S|swing
2024-02-07 10:14:00-05:00,2024-02-07 10:14:00-05:00,2024-02-07 15:59:00-05:00,L,17807.5,17841.0,17718.0,89.5,65.0,0.36312849162011174,time,1,L|swing
2024-02-08 09:41:00-05:00,2024-02-08 09:41:00-05:00,2024-02-08 10:00:00-05:00,S,17815.0,17853.0,17852.75,37.75,-78.0,-1.033112582781457,SL,1,S|swing
2024-02-08 10:02:00-05:00,2024-02-08 10:02:00-05:00,2024-02-08 15:59:00-05:00,L,17853.0,17865.0,17807.25,45.75,22.0,0.24043715846994534,time,1,L|swing
2024-02-09 09:59:00-05:00,2024-02-09 09:59:00-05:00,2024-02-09 13:28:00-05:00,L,17940.5,18037.75,17875.0,65.5,192.5,1.4694656488549618,TP,1,L|swing
2024-02-09 13:29:00-05:00,2024-02-09 13:29:00-05:00,2024-02-09 14:41:00-05:00,L,18036.5,18060.75,18019.75,16.75,46.5,1.3880597014925373,TP,1,L|swing
2024-02-12 09:35:00-05:00,2024-02-12 09:35:00-05:00,2024-02-12 11:31:00-05:00,L,18045.25,18101.75,18007.0,38.25,111.0,1.4509803921568627,TP,1,L|swing
2024-02-12 12:50:00-05:00,2024-02-12 12:50:00-05:00,2024-02-12 13:26:00-05:00,L,18093.75,18066.0,18066.25,27.5,-57.5,-1.0454545454545454,SL,1,L|swing
2024-02-12 14:17:00-05:00,2024-02-12 14:17:00-05:00,2024-02-12 15:59:00-05:00,S,17969.75,17963.75,18030.5,60.75,10.0,0.0823045267489712,time,1,S|swing
2024-02-13 11:53:00-05:00,2024-02-13 11:53:00-05:00,2024-02-13 13:48:00-05:00,S,17725.0,17660.75,17768.5,43.5,126.5,1.4540229885057472,TP,1,S|swing
2024-02-13 13:50:00-05:00,2024-02-13 13:50:00-05:00,2024-02-13 14:12:00-05:00,S,17660.5,17612.75,17693.0,32.5,93.5,1.4384615384615385,TP,1,S|swing
2024-02-13 14:53:00-05:00,2024-02-13 14:53:00-05:00,2024-02-13 15:55:00-05:00,S,17581.75,17649.5,17649.25,67.5,-137.5,-1.0185185185185186,SL,1,S|swing
2024-02-14 10:05:00-05:00,2024-02-14 10:05:00-05:00,2024-02-14 11:00:00-05:00,L,17795.5,17742.5,17742.75,52.75,-108.0,-1.0236966824644549,SL,1,L|swing
2024-02-14 12:02:00-05:00,2024-02-14 12:02:00-05:00,2024-02-14 12:31:00-05:00,S,17700.25,17768.75,17768.5,68.25,-139.0,-1.0183150183150182,SL,1,S|swing
2024-02-14 12:47:00-05:00,2024-02-14 12:47:00-05:00,2024-02-14 15:45:00-05:00,L,17779.75,17862.25,17724.25,55.5,163.0,1.4684684684684686,TP,1,L|swing
2024-02-15 09:56:00-05:00,2024-02-15 09:56:00-05:00,2024-02-15 13:17:00-05:00,S,17818.75,17903.5,17903.25,84.5,-171.5,-1.014792899408284,SL,1,S|swing
2024-02-15 13:32:00-05:00,2024-02-15 13:32:00-05:00,2024-02-15 15:59:00-05:00,L,17927.0,17913.75,17854.25,72.75,-28.5,-0.1958762886597938,time,1,L|swing
2024-02-16 13:02:00-05:00,2024-02-16 13:02:00-05:00,2024-02-16 13:58:00-05:00,S,17837.75,17876.75,17876.5,38.75,-80.0,-1.032258064516129,SL,1,S|swing
2024-02-16 14:11:00-05:00,2024-02-16 14:11:00-05:00,2024-02-16 14:45:00-05:00,L,17900.0,17846.5,17846.75,53.25,-109.0,-1.0234741784037558,SL,1,L|swing
2024-02-19 10:38:00-05:00,2024-02-19 10:38:00-05:00,2024-02-19 10:46:00-05:00,L,17786.75,17776.0,17776.25,10.5,-23.5,-1.119047619047619,SL,1,L|swing
2024-02-19 10:47:00-05:00,2024-02-19 10:47:00-05:00,2024-02-19 12:31:00-05:00,S,17776.0,17789.0,17788.75,12.75,-28.0,-1.0980392156862746,SL,1,S|swing
2024-02-19 12:32:00-05:00,2024-02-19 12:32:00-05:00,2024-02-19 12:49:00-05:00,L,17789.75,17795.25,17779.0,10.75,9.0,0.4186046511627907,time,1,L|swing
2024-02-20 09:38:00-05:00,2024-02-20 09:38:00-05:00,2024-02-20 12:09:00-05:00,S,17624.75,17476.25,17724.25,99.5,295.0,1.4824120603015076,TP,1,S|swing
2024-02-20 14:17:00-05:00,2024-02-20 14:17:00-05:00,2024-02-20 14:19:00-05:00,S,17508.75,17538.0,17537.75,29.0,-60.5,-1.043103448275862,SL,1,S|swing
2024-02-21 09:47:00-05:00,2024-02-21 09:47:00-05:00,2024-02-21 10:04:00-05:00,S,17456.5,17512.0,17511.75,55.25,-113.0,-1.0226244343891402,SL,1,S|swing
2024-02-21 11:29:00-05:00,2024-02-21 11:29:00-05:00,2024-02-21 12:10:00-05:00,S,17489.75,17446.25,17519.25,29.5,85.0,1.4406779661016949,TP,1,S|swing
2024-02-21 13:02:00-05:00,2024-02-21 13:02:00-05:00,2024-02-21 13:16:00-05:00,S,17430.75,17484.0,17483.75,53.0,-108.5,-1.0235849056603774,SL,1,S|swing
2024-02-21 14:02:00-05:00,2024-02-21 14:02:00-05:00,2024-02-21 14:03:00-05:00,S,17429.75,17470.5,17470.25,40.5,-83.5,-1.0308641975308641,SL,1,S|swing
2024-02-21 14:23:00-05:00,2024-02-21 14:23:00-05:00,2024-02-21 15:37:00-05:00,S,17420.5,17488.0,17487.75,67.25,-137.0,-1.0185873605947955,SL,1,S|swing
2024-02-22 09:47:00-05:00,2024-02-22 09:47:00-05:00,2024-02-22 13:45:00-05:00,L,17937.5,18047.25,17863.75,73.75,217.5,1.4745762711864407,TP,1,L|swing
2024-02-22 14:02:00-05:00,2024-02-22 14:02:00-05:00,2024-02-22 15:59:00-05:00,L,18057.25,18044.5,18024.25,33.0,-27.5,-0.4166666666666667,time,1,L|swing
2024-02-23 10:44:00-05:00,2024-02-23 10:44:00-05:00,2024-02-23 15:59:00-05:00,S,18027.25,17986.25,18091.25,64.0,80.0,0.625,time,1,S|swing
2024-02-26 10:08:00-05:00,2024-02-26 10:08:00-05:00,2024-02-26 15:59:00-05:00,L,18008.0,17977.0,17965.75,42.25,-64.0,-0.757396449704142,time,1,L|swing
2024-02-27 09:38:00-05:00,2024-02-27 09:38:00-05:00,2024-02-27 10:19:00-05:00,S,17990.0,18027.25,18027.0,37.0,-76.5,-1.0337837837837838,SL,1,S|swing
2024-02-27 10:20:00-05:00,2024-02-27 10:20:00-05:00,2024-02-27 12:38:00-05:00,L,18028.5,17959.5,17959.75,68.75,-140.0,-1.018181818181818,SL,1,L|swing
2024-02-27 12:53:00-05:00,2024-02-27 12:53:00-05:00,2024-02-27 14:14:00-05:00,S,17943.5,17986.5,17986.25,42.75,-88.0,-1.0292397660818713,SL,1,S|swing
2024-02-27 14:32:00-05:00,2024-02-27 14:32:00-05:00,2024-02-27 15:59:00-05:00,L,18015.0,18017.25,17969.25,45.75,2.5,0.0273224043715847,time,1,L|swing
2024-02-28 09:50:00-05:00,2024-02-28 09:50:00-05:00,2024-02-28 11:00:00-05:00,S,17887.75,17947.0,17946.75,59.0,-120.5,-1.021186440677966,SL,1,S|swing
2024-02-28 11:02:00-05:00,2024-02-28 11:02:00-05:00,2024-02-28 12:33:00-05:00,L,17948.75,17908.75,17909.0,39.75,-82.0,-1.0314465408805031,SL,1,L|swing
2024-02-28 14:08:00-05:00,2024-02-28 14:08:00-05:00,2024-02-28 14:51:00-05:00,S,17928.0,17886.25,17956.5,28.5,81.5,1.4298245614035088,TP,1,S|swing
2024-02-29 12:53:00-05:00,2024-02-29 12:53:00-05:00,2024-02-29 15:50:00-05:00,L,18014.25,18081.75,17968.75,45.5,133.0,1.4615384615384615,TP,1,L|swing
2024-03-01 10:05:00-05:00,2024-03-01 10:05:00-05:00,2024-03-01 11:08:00-05:00,L,18149.75,18231.0,18095.0,54.75,160.5,1.4657534246575343,TP,1,L|swing
2024-03-01 11:20:00-05:00,2024-03-01 11:20:00-05:00,2024-03-01 13:42:00-05:00,L,18240.0,18344.5,18169.75,70.25,207.0,1.4733096085409252,TP,1,L|swing
2024-03-01 14:02:00-05:00,2024-03-01 14:02:00-05:00,2024-03-01 15:59:00-05:00,L,18356.25,18334.5,18315.25,41.0,-45.5,-0.5548780487804879,time,1,L|swing
2024-03-04 10:05:00-05:00,2024-03-04 10:05:00-05:00,2024-03-04 10:37:00-05:00,S,18284.75,18329.25,18329.0,44.25,-91.0,-1.0282485875706215,SL,1,S|swing
2024-03-04 10:47:00-05:00,2024-03-04 10:47:00-05:00,2024-03-04 13:24:00-05:00,L,18331.25,18279.5,18279.75,51.5,-105.5,-1.0242718446601942,SL,1,L|swing
2024-03-05 09:47:00-05:00,2024-03-05 09:47:00-05:00,2024-03-05 13:44:00-05:00,S,18039.5,17891.75,18138.5,99.0,293.5,1.4823232323232323,TP,1,S|swing
2024-03-05 14:38:00-05:00,2024-03-05 14:38:00-05:00,2024-03-05 15:54:00-05:00,S,17869.75,17912.0,17911.75,42.0,-86.5,-1.0297619047619047,SL,1,S|swing
2024-03-06 10:50:00-05:00,2024-03-06 10:50:00-05:00,2024-03-06 15:23:00-05:00,L,18070.0,17994.0,17994.25,75.75,-154.0,-1.0165016501650166,SL,1,L|swing
2024-03-07 10:17:00-05:00,2024-03-07 10:17:00-05:00,2024-03-07 13:33:00-05:00,L,18220.5,18335.5,18143.25,77.25,228.0,1.4757281553398058,TP,1,L|swing
2024-03-08 09:50:00-05:00,2024-03-08 09:50:00-05:00,2024-03-08 11:08:00-05:00,L,18354.5,18287.5,18287.75,66.75,-136.0,-1.0187265917602997,SL,1,L|swing
2024-03-08 12:47:00-05:00,2024-03-08 12:47:00-05:00,2024-03-08 12:58:00-05:00,S,18149.0,18074.5,18199.25,50.25,147.0,1.462686567164179,TP,1,S|swing
2024-03-08 13:35:00-05:00,2024-03-08 13:35:00-05:00,2024-03-08 14:21:00-05:00,S,18032.75,18106.75,18106.5,73.75,-150.0,-1.0169491525423728,SL,1,S|swing
2024-03-11 09:59:00-04:00,2024-03-11 09:59:00-04:00,2024-03-11 10:54:00-04:00,S,17899.0,18002.25,18002.0,103.0,-208.5,-1.0121359223300972,SL,1,S|swing
2024-03-11 11:29:00-04:00,2024-03-11 11:29:00-04:00,2024-03-11 14:50:00-04:00,S,17932.0,18019.0,18018.75,86.75,-176.0,-1.0144092219020173,SL,1,S|swing
2024-03-12 09:35:00-04:00,2024-03-12 09:35:00-04:00,2024-03-12 10:23:00-04:00,S,18003.5,18093.25,18093.0,89.5,-181.5,-1.0139664804469273,SL,1,S|swing
2024-03-12 11:23:00-04:00,2024-03-12 11:23:00-04:00,2024-03-12 11:45:00-04:00,L,18201.5,18150.0,18150.25,51.25,-105.0,-1.024390243902439,SL,1,L|swing
2024-03-12 13:20:00-04:00,2024-03-12 13:20:00-04:00,2024-03-12 15:55:00-04:00,L,18142.75,18239.0,18078.0,64.75,190.5,1.471042471042471,TP,1,L|swing
2024-03-15 10:05:00-04:00,2024-03-15 10:05:00-04:00,2024-03-15 10:48:00-04:00,S,18054.0,18156.25,18156.0,102.0,-206.5,-1.0122549019607843,SL,1,S|swing
2024-03-15 11:20:00-04:00,2024-03-15 11:20:00-04:00,2024-03-15 15:59:00-04:00,S,18094.0,18058.5,18157.75,63.75,69.0,0.5411764705882353,time,1,S|swing
2024-03-18 10:26:00-04:00,2024-03-18 10:26:00-04:00,2024-03-18 11:34:00-04:00,L,18370.5,18285.25,18285.5,85.0,-172.5,-1.0147058823529411,SL,1,L|swing
2024-03-18 13:20:00-04:00,2024-03-18 13:20:00-04:00,2024-03-18 14:27:00-04:00,L,18264.25,18307.75,18234.75,29.5,85.0,1.4406779661016949,TP,1,L|swing
2024-03-19 09:35:00-04:00,2024-03-19 09:35:00-04:00,2024-03-19 09:42:00-04:00,S,18115.75,18060.75,18153.0,37.25,108.0,1.4496644295302012,TP,1,S|swing
2024-03-19 11:32:00-04:00,2024-03-19 11:32:00-04:00,2024-03-19 12:41:00-04:00,L,18153.25,18225.75,18104.25,49.0,143.0,1.4591836734693877,TP,1,L|swing
2024-03-19 13:02:00-04:00,2024-03-19 13:02:00-04:00,2024-03-19 15:59:00-04:00,L,18275.5,18269.75,18204.75,70.75,-13.5,-0.09540636042402827,time,1,L|swing
2024-03-20 10:23:00-04:00,2024-03-20 10:23:00-04:00,2024-03-20 10:49:00-04:00,L,18278.75,18250.0,18250.25,28.5,-59.5,-1.043859649122807,SL,1,L|swing
2024-03-20 11:23:00-04:00,2024-03-20 11:23:00-04:00,2024-03-20 11:48:00-04:00,L,18289.25,18256.5,18256.75,32.5,-67.5,-1.0384615384615385,SL,1,L|swing
2024-03-20 12:59:00-04:00,2024-03-20 12:59:00-04:00,2024-03-20 13:15:00-04:00,L,18290.25,18256.5,18256.75,33.5,-69.5,-1.037313432835821,SL,1,L|swing
2024-03-20 13:41:00-04:00,2024-03-20 13:41:00-04:00,2024-03-20 14:00:00-04:00,S,18253.25,18276.75,18276.5,23.25,-49.0,-1.053763440860215,SL,1,S|swing
2024-03-20 14:44:00-04:00,2024-03-20 14:44:00-04:00,2024-03-20 15:59:00-04:00,L,18393.0,18484.25,18286.25,106.75,180.5,0.8454332552693209,time,1,L|swing
2024-03-21 10:23:00-04:00,2024-03-21 10:23:00-04:00,2024-03-21 10:30:00-04:00,L,18677.5,18625.25,18625.5,52.0,-106.5,-1.0240384615384615,SL,1,L|swing
2024-03-21 11:38:00-04:00,2024-03-21 11:38:00-04:00,2024-03-21 13:53:00-04:00,L,18677.0,18622.75,18623.0,54.0,-110.5,-1.0231481481481481,SL,1,L|swing
2024-03-21 14:35:00-04:00,2024-03-21 14:35:00-04:00,2024-03-21 15:59:00-04:00,S,18572.75,18559.0,18620.0,47.25,25.5,0.2698412698412698,time,1,S|swing
2024-03-22 09:44:00-04:00,2024-03-22 09:44:00-04:00,2024-03-22 10:02:00-04:00,S,18508.0,18548.0,18547.75,39.75,-82.0,-1.0314465408805031,SL,1,S|swing
2024-03-22 10:05:00-04:00,2024-03-22 10:05:00-04:00,2024-03-22 15:59:00-04:00,L,18560.5,18572.0,18500.0,60.5,21.0,0.17355371900826447,time,1,L|swing
2024-03-25 09:41:00-04:00,2024-03-25 09:41:00-04:00,2024-03-25 09:51:00-04:00,S,18428.0,18482.0,18481.75,53.75,-110.0,-1.0232558139534884,SL,1,S|swing
2024-03-25 11:02:00-04:00,2024-03-25 11:02:00-04:00,2024-03-25 15:59:00-04:00,L,18531.25,18509.5,18498.75,32.5,-45.5,-0.7,time,1,L|swing
2024-03-26 09:35:00-04:00,2024-03-26 09:35:00-04:00,2024-03-26 10:29:00-04:00,L,18583.75,18549.5,18549.75,34.0,-70.5,-1.036764705882353,SL,1,L|swing
2024-03-26 11:56:00-04:00,2024-03-26 11:56:00-04:00,2024-03-26 12:21:00-04:00,L,18577.0,18553.75,18554.0,23.0,-48.5,-1.0543478260869565,SL,1,L|swing
2024-03-26 12:26:00-04:00,2024-03-26 12:26:00-04:00,2024-03-26 15:31:00-04:00,S,18551.5,18496.25,18589.0,37.5,108.5,1.4466666666666668,TP,1,S|swing
2024-03-27 09:56:00-04:00,2024-03-27 09:56:00-04:00,2024-03-27 15:59:00-04:00,S,18455.5,18507.25,18572.5,117.0,-105.5,-0.45085470085470086,time,1,S|swing
2024-03-28 09:47:00-04:00,2024-03-28 09:47:00-04:00,2024-03-28 13:17:00-04:00,L,18521.75,18456.5,18456.75,65.0,-132.5,-1.0192307692307692,SL,1,L|swing
2024-03-28 14:02:00-04:00,2024-03-28 14:02:00-04:00,2024-03-28 14:56:00-04:00,S,18456.25,18481.5,18481.25,25.0,-52.5,-1.05,SL,1,S|swing
2024-04-01 10:20:00-04:00,2024-04-01 10:20:00-04:00,2024-04-01 15:59:00-04:00,S,18527.75,18495.25,18604.5,76.75,63.0,0.41042345276872966,time,1,S|swing
2024-04-02 10:20:00-04:00,2024-04-02 10:20:00-04:00,2024-04-02 11:35:00-04:00,S,18212.25,18276.25,18276.0,63.75,-130.0,-1.0196078431372548,SL,1,S|swing
2024-04-02 11:44:00-04:00,2024-04-02 11:44:00-04:00,2024-04-02 12:55:00-04:00,S,18254.75,18285.75,18285.5,30.75,-64.0,-1.0406504065040652,SL,1,S|swing
2024-04-02 14:47:00-04:00,2024-04-02 14:47:00-04:00,2024-04-02 15:05:00-04:00,S,18272.0,18297.75,18297.5,25.5,-53.5,-1.0490196078431373,SL,1,S|swing
2024-04-03 10:02:00-04:00,2024-04-03 10:02:00-04:00,2024-04-03 15:59:00-04:00,L,18345.0,18370.5,18252.25,92.75,49.0,0.2641509433962264,time,1,L|swing
2024-04-04 09:35:00-04:00,2024-04-04 09:35:00-04:00,2024-04-04 09:39:00-04:00,L,18557.0,18529.5,18529.75,27.25,-57.0,-1.0458715596330275,SL,1,L|swing
2024-04-04 11:38:00-04:00,2024-04-04 11:38:00-04:00,2024-04-04 12:08:00-04:00,L,18511.0,18557.0,18479.75,31.25,90.0,1.44,TP,1,L|swing
2024-04-04 12:41:00-04:00,2024-04-04 12:41:00-04:00,2024-04-04 13:02:00-04:00,L,18559.0,18545.75,18546.0,13.0,-28.5,-1.0961538461538463,SL,1,L|swing
2024-04-04 13:59:00-04:00,2024-04-04 13:59:00-04:00,2024-04-04 14:10:00-04:00,S,18497.5,18426.75,18545.25,47.75,139.5,1.4607329842931938,TP,1,S|swing
2024-04-04 14:29:00-04:00,2024-04-04 14:29:00-04:00,2024-04-04 15:41:00-04:00,S,18333.75,18087.5,18498.5,164.75,490.5,1.4886191198786038,TP,1,S|swing
2024-04-05 09:38:00-04:00,2024-04-05 09:38:00-04:00,2024-04-05 09:42:00-04:00,S,18114.5,18171.25,18171.0,56.5,-115.5,-1.0221238938053097,SL,1,S|swing
2024-04-05 09:47:00-04:00,2024-04-05 09:47:00-04:00,2024-04-05 10:57:00-04:00,L,18182.75,18302.75,18102.25,80.5,238.0,1.4782608695652173,TP,1,L|swing
2024-04-05 11:44:00-04:00,2024-04-05 11:44:00-04:00,2024-04-05 15:59:00-04:00,L,18330.25,18293.0,18233.75,96.5,-76.5,-0.3963730569948187,time,1,L|swing
2024-04-08 10:23:00-04:00,2024-04-08 10:23:00-04:00,2024-04-08 10:33:00-04:00,L,18315.25,18373.25,18276.0,39.25,114.0,1.4522292993630572,TP,1,L|swing
2024-04-08 11:47:00-04:00,2024-04-08 11:47:00-04:00,2024-04-08 15:59:00-04:00,S,18290.75,18297.5,18356.5,65.75,-15.5,-0.11787072243346007,time,1,S|swing
2024-04-09 10:29:00-04:00,2024-04-09 10:29:00-04:00,2024-04-09 15:59:00-04:00,S,18282.25,18362.5,18370.25,88.0,-162.5,-0.9232954545454546,time,1,S|swing
2024-04-10 10:56:00-04:00,2024-04-10 10:56:00-04:00,2024-04-10 15:59:00-04:00,S,18149.5,18191.75,18232.5,83.0,-86.5,-0.5210843373493976,time,1,S|swing
2024-04-11 10:47:00-04:00,2024-04-11 10:47:00-04:00,2024-04-11 13:07:00-04:00,L,18256.0,18375.25,18176.0,80.0,236.5,1.478125,TP,1,L|swing
2024-04-11 13:44:00-04:00,2024-04-11 13:44:00-04:00,2024-04-11 14:30:00-04:00,L,18429.75,18500.5,18382.0,47.75,139.5,1.4607329842931938,TP,1,L|swing
2024-04-12 10:38:00-04:00,2024-04-12 10:38:00-04:00,2024-04-12 13:30:00-04:00,S,18236.0,18126.25,18309.75,73.75,217.5,1.4745762711864407,TP,1,S|swing
2024-04-12 14:26:00-04:00,2024-04-12 14:26:00-04:00,2024-04-12 15:00:00-04:00,S,18163.75,18127.75,18188.25,24.5,70.0,1.4285714285714286,TP,1,S|swing
2024-04-15 10:08:00-04:00,2024-04-15 10:08:00-04:00,2024-04-15 12:24:00-04:00,S,18250.5,18137.75,18326.25,75.75,223.5,1.4752475247524752,TP,1,S|swing
2024-04-15 13:20:00-04:00,2024-04-15 13:20:00-04:00,2024-04-15 13:51:00-04:00,S,18032.25,17884.25,18131.5,99.25,294.0,1.4811083123425692,TP,1,S|swing
2024-04-15 14:53:00-04:00,2024-04-15 14:53:00-04:00,2024-04-15 15:59:00-04:00,S,17868.5,17876.25,17939.0,70.5,-17.5,-0.12411347517730496,time,1,S|swing
2024-04-16 09:35:00-04:00,2024-04-16 09:35:00-04:00,2024-04-16 09:58:00-04:00,S,17862.25,17901.0,17900.75,38.5,-79.5,-1.0324675324675325,SL,1,S|swing
2024-04-16 09:59:00-04:00,2024-04-16 09:59:00-04:00,2024-04-16 13:32:00-04:00,L,17898.0,17821.5,17821.75,76.25,-155.0,-1.0163934426229508,SL,1,L|swing
2024-04-16 14:05:00-04:00,2024-04-16 14:05:00-04:00,2024-04-16 15:59:00-04:00,L,17903.75,17876.5,17839.25,64.5,-56.5,-0.437984496124031,time,1,L|swing
2024-04-17 09:50:00-04:00,2024-04-17 09:50:00-04:00,2024-04-17 10:51:00-04:00,S,17904.0,17808.25,17968.5,64.5,189.5,1.4689922480620154,TP,1,S|swing
2024-04-17 10:53:00-04:00,2024-04-17 10:53:00-04:00,2024-04-17 12:42:00-04:00,S,17778.5,17654.75,17861.5,83.0,245.5,1.4789156626506024,TP,1,S|swing
2024-04-18 10:50:00-04:00,2024-04-18 10:50:00-04:00,2024-04-18 12:46:00-04:00,L,17711.25,17635.25,17635.5,75.75,-154.0,-1.0165016501650166,SL,1,L|swing
2024-04-18 12:47:00-04:00,2024-04-18 12:47:00-04:00,2024-04-18 14:12:00-04:00,S,17625.25,17524.5,17693.0,67.75,199.5,1.4723247232472325,TP,1,S|swing
2024-04-19 10:11:00-04:00,2024-04-19 10:11:00-04:00,2024-04-19 12:07:00-04:00,S,17417.25,17269.25,17516.5,99.25,294.0,1.4811083123425692,TP,1,S|swing
2024-04-19 13:29:00-04:00,2024-04-19 13:29:00-04:00,2024-04-19 13:51:00-04:00,S,17260.75,17316.25,17316.0,55.25,-113.0,-1.0226244343891402,SL,1,S|swing
2024-04-19 14:02:00-04:00,2024-04-19 14:02:00-04:00,2024-04-19 15:46:00-04:00,S,17250.25,17115.0,17341.0,90.75,268.5,1.4793388429752066,TP,1,S|swing
2024-04-22 09:50:00-04:00,2024-04-22 09:50:00-04:00,2024-04-22 10:09:00-04:00,L,17324.0,17263.5,17263.75,60.25,-123.0,-1.020746887966805,SL,1,L|swing
2024-04-22 10:17:00-04:00,2024-04-22 10:17:00-04:00,2024-04-22 11:15:00-04:00,S,17262.0,17158.25,17331.75,69.75,205.5,1.4731182795698925,TP,1,S|swing
2024-04-22 12:17:00-04:00,2024-04-22 12:17:00-04:00,2024-04-22 13:52:00-04:00,L,17290.25,17404.75,17213.25,77.0,227.0,1.474025974025974,TP,1,L|swing
2024-04-22 14:14:00-04:00,2024-04-22 14:14:00-04:00,2024-04-22 15:35:00-04:00,L,17417.25,17351.25,17351.5,65.75,-134.0,-1.0190114068441065,SL,1,L|swing
2024-04-23 09:47:00-04:00,2024-04-23 09:47:00-04:00,2024-04-23 14:03:00-04:00,L,17504.75,17641.25,17413.25,91.5,271.0,1.4808743169398908,TP,1,L|swing
2024-04-23 14:29:00-04:00,2024-04-23 14:29:00-04:00,2024-04-23 15:01:00-04:00,L,17648.5,17620.0,17620.25,28.25,-59.0,-1.0442477876106195,SL,1,L|swing
2024-04-24 10:41:00-04:00,2024-04-24 10:41:00-04:00,2024-04-24 11:45:00-04:00,S,17702.25,17618.0,17759.0,56.75,166.5,1.4669603524229076,TP,1,S|swing
2024-04-24 11:56:00-04:00,2024-04-24 11:56:00-04:00,2024-04-24 13:38:00-04:00,S,17608.5,17682.5,17682.25,73.75,-150.0,-1.0169491525423728,SL,1,S|swing
2024-04-24 14:32:00-04:00,2024-04-24 14:32:00-04:00,2024-04-24 15:59:00-04:00,S,17618.0,17658.5,17689.0,71.0,-83.0,-0.5845070422535211,time,1,S|swing
2024-04-25 10:53:00-04:00,2024-04-25 10:53:00-04:00,2024-04-25 12:21:00-04:00,S,17348.75,17448.25,17448.0,99.25,-201.0,-1.012594458438287,SL,1,S|swing
2024-04-25 12:23:00-04:00,2024-04-25 12:23:00-04:00,2024-04-25 13:53:00-04:00,L,17455.5,17569.25,17379.0,76.5,225.5,1.473856209150327,TP,1,L|swing
2024-04-25 14:17:00-04:00,2024-04-25 14:17:00-04:00,2024-04-25 14:25:00-04:00,L,17581.5,17548.25,17548.5,33.0,-68.5,-1.0378787878787878,SL,1,L|swing
2024-04-26 09:35:00-04:00,2024-04-26 09:35:00-04:00,2024-04-26 10:14:00-04:00,L,17735.75,17836.5,17668.0,67.75,199.5,1.4723247232472325,TP,1,L|swing
2024-04-26 10:53:00-04:00,2024-04-26 10:53:00-04:00,2024-04-26 15:59:00-04:00,L,17850.0,17839.0,17781.0,69.0,-24.0,-0.17391304347826086,time,1,L|swing
2024-04-29 09:41:00-04:00,2024-04-29 09:41:00-04:00,2024-04-29 15:59:00-04:00,S,17861.75,17905.5,17949.25,87.5,-89.5,-0.5114285714285715,time,1,S|swing
2024-04-30 10:29:00-04:00,2024-04-30 10:29:00-04:00,2024-04-30 12:34:00-04:00,S,17825.75,17722.25,17895.25,69.5,205.0,1.474820143884892,TP,1,S|swing
2024-04-30 13:17:00-04:00,2024-04-30 13:17:00-04:00,2024-04-30 13:40:00-04:00,S,17682.25,17723.75,17723.5,41.25,-85.0,-1.0303030303030303,SL,1,S|swing
2024-04-30 14:29:00-04:00,2024-04-30 14:29:00-04:00,2024-04-30 15:55:00-04:00,S,17688.5,17603.5,17745.75,57.25,168.0,1.4672489082969433,TP,1,S|swing
2024-05-01 09:56:00-04:00,2024-05-01 09:56:00-04:00,2024-05-01 14:04:00-04:00,S,17462.75,17518.0,17517.75,55.0,-112.5,-1.0227272727272727,SL,1,S|swing
2024-05-01 14:26:00-04:00,2024-05-01 14:26:00-04:00,2024-05-01 14:40:00-04:00,L,17529.75,17648.75,17449.75,80.0,236.0,1.475,TP,1,L|swing
2024-05-01 14:59:00-04:00,2024-05-01 14:59:00-04:00,2024-05-01 15:55:00-04:00,L,17751.0,17464.0,17464.25,286.75,-576.0,-1.004359197907585,SL,1,L|swing
2024-05-02 09:35:00-04:00,2024-05-02 09:35:00-04:00,2024-05-02 10:08:00-04:00,S,17530.5,17423.0,17602.75,72.25,213.0,1.4740484429065743,TP,1,S|swing
2024-05-02 11:56:00-04:00,2024-05-02 11:56:00-04:00,2024-05-02 15:59:00-04:00,L,17567.75,17648.0,17488.25,79.5,158.5,0.9968553459119497,time,1,L|swing
2024-05-03 09:44:00-04:00,2024-05-03 09:44:00-04:00,2024-05-03 10:00:00-04:00,L,17971.0,18048.25,17919.0,52.0,152.5,1.4663461538461537,TP,1,L|swing
2024-05-03 10:44:00-04:00,2024-05-03 10:44:00-04:00,2024-05-03 15:59:00-04:00,L,17982.5,18001.25,17893.25,89.25,35.5,0.19887955182072828,time,1,L|swing
2024-05-06 09:59:00-04:00,2024-05-06 09:59:00-04:00,2024-05-06 15:59:00-04:00,L,18110.0,18197.75,18042.25,67.75,173.5,1.2804428044280443,time,1,L|swing
2024-05-07 10:50:00-04:00,2024-05-07 10:50:00-04:00,2024-05-07 13:59:00-04:00,L,18230.0,18183.25,18183.5,46.5,-95.5,-1.0268817204301075,SL,1,L|swing
2024-05-07 14:23:00-04:00,2024-05-07 14:23:00-04:00,2024-05-07 15:50:00-04:00,S,18184.5,18214.5,18214.25,29.75,-62.0,-1.0420168067226891,SL,1,S|swing
2024-05-08 10:23:00-04:00,2024-05-08 10:23:00-04:00,2024-05-08 13:01:00-04:00,L,18194.75,18151.0,18151.25,43.5,-89.5,-1.028735632183908,SL,1,L|swing
2024-05-08 13:23:00-04:00,2024-05-08 13:23:00-04:00,2024-05-08 14:00:00-04:00,S,18146.5,18181.5,18181.25,34.75,-72.0,-1.0359712230215827,SL,1,S|swing
2024-05-08 14:14:00-04:00,2024-05-08 14:14:00-04:00,2024-05-08 15:00:00-04:00,L,18186.5,18161.0,18161.25,25.25,-53.0,-1.0495049504950495,SL,1,L|swing
2024-05-09 10:38:00-04:00,2024-05-09 10:38:00-04:00,2024-05-09 15:59:00-04:00,L,18207.25,18215.5,18128.75,78.5,14.5,0.09235668789808917,time,1,L|swing
2024-05-10 10:11:00-04:00,2024-05-10 10:11:00-04:00,2024-05-10 15:59:00-04:00,S,18268.5,18254.25,18348.25,79.75,26.5,0.16614420062695925,time,1,S|swing
2024-05-13 09:41:00-04:00,2024-05-13 09:41:00-04:00,2024-05-13 15:59:00-04:00,S,18272.0,18295.75,18337.0,65.0,-49.5,-0.38076923076923075,time,1,S|swing
2024-05-14 09:38:00-04:00,2024-05-14 09:38:00-04:00,2024-05-14 10:25:00-04:00,L,18298.75,18351.5,18263.0,35.75,103.5,1.4475524475524475,TP,1,L|swing
2024-05-14 11:14:00-04:00,2024-05-14 11:14:00-04:00,2024-05-14 15:59:00-04:00,L,18349.5,18411.0,18289.75,59.75,121.0,1.0125523012552302,time,1,L|swing
2024-05-15 10:20:00-04:00,2024-05-15 10:20:00-04:00,2024-05-15 13:37:00-04:00,L,18532.75,18660.5,18447.0,85.75,253.5,1.478134110787172,TP,1,L|swing
2024-05-16 10:23:00-04:00,2024-05-16 10:23:00-04:00,2024-05-16 13:25:00-04:00,L,18717.0,18673.0,18673.25,43.75,-90.0,-1.0285714285714285,SL,1,L|swing
2024-05-16 14:14:00-04:00,2024-05-16 14:14:00-04:00,2024-05-16 15:59:00-04:00,S,18666.25,18651.0,18714.0,47.75,28.5,0.29842931937172773,time,1,S|swing
2024-05-17 09:50:00-04:00,2024-05-17 09:50:00-04:00,2024-05-17 10:34:00-04:00,S,18637.0,18674.5,18674.25,37.25,-77.0,-1.0335570469798658,SL,1,S|swing
2024-05-17 11:02:00-04:00,2024-05-17 11:02:00-04:00,2024-05-17 12:45:00-04:00,S,18650.0,18610.0,18677.25,27.25,78.0,1.4311926605504588,TP,1,S|swing
2024-05-17 14:02:00-04:00,2024-05-17 14:02:00-04:00,2024-05-17 14:13:00-04:00,S,18608.75,18578.5,18629.5,20.75,58.5,1.4096385542168675,TP,1,S|swing
2024-05-17 14:23:00-04:00,2024-05-17 14:23:00-04:00,2024-05-17 14:55:00-04:00,S,18555.5,18619.5,18619.25,63.75,-130.0,-1.0196078431372548,SL,1,S|swing
2024-05-20 09:50:00-04:00,2024-05-20 09:50:00-04:00,2024-05-20 15:59:00-04:00,L,18722.25,18766.25,18635.0,87.25,86.0,0.49283667621776506,time,1,L|swing
2024-05-21 12:11:00-04:00,2024-05-21 12:11:00-04:00,2024-05-21 15:57:00-04:00,L,18761.25,18805.25,18731.25,30.0,86.0,1.4333333333333333,TP,1,L|swing
2024-05-22 11:05:00-04:00,2024-05-22 11:05:00-04:00,2024-05-22 11:50:00-04:00,L,18833.5,18801.0,18801.25,32.25,-67.0,-1.0387596899224807,SL,1,L|swing
2024-05-22 12:47:00-04:00,2024-05-22 12:47:00-04:00,2024-05-22 13:44:00-04:00,S,18802.25,18757.75,18832.5,30.25,87.0,1.43801652892562,TP,1,S|swing
2024-05-22 14:02:00-04:00,2024-05-22 14:02:00-04:00,2024-05-22 15:59:00-04:00,S,18727.5,18794.0,18811.75,84.25,-135.0,-0.8011869436201781,time,1,S|swing
2024-05-23 10:50:00-04:00,2024-05-23 10:50:00-04:00,2024-05-23 11:37:00-04:00,S,18850.25,18916.0,18915.75,65.5,-133.5,-1.0190839694656488,SL,1,S|swing
2024-05-23 12:47:00-04:00,2024-05-23 12:47:00-04:00,2024-05-23 13:37:00-04:00,S,18874.0,18793.5,18928.25,54.25,159.0,1.4654377880184333,TP,1,S|swing
2024-05-23 13:38:00-04:00,2024-05-23 13:38:00-04:00,2024-05-23 14:19:00-04:00,S,18786.75,18678.5,18859.5,72.75,214.5,1.4742268041237114,TP,1,S|swing
2024-05-23 14:23:00-04:00,2024-05-23 14:23:00-04:00,2024-05-23 15:59:00-04:00,S,18676.75,18696.75,18752.25,75.5,-42.0,-0.2781456953642384,time,1,S|swing
2024-05-24 10:08:00-04:00,2024-05-24 10:08:00-04:00,2024-05-24 11:04:00-04:00,L,18791.75,18881.25,18731.5,60.25,177.0,1.4688796680497926,TP,1,L|swing
2024-05-24 12:14:00-04:00,2024-05-24 12:14:00-04:00,2024-05-24 13:07:00-04:00,L,18904.5,18878.5,18878.75,25.75,-54.0,-1.0485436893203883,SL,1,L|swing
2024-05-24 13:50:00-04:00,2024-05-24 13:50:00-04:00,2024-05-24 14:08:00-04:00,L,18894.0,18919.0,18876.75,17.25,48.0,1.391304347826087,TP,1,L|swing
2024-05-27 10:35:00-04:00,2024-05-27 10:35:00-04:00,2024-05-27 10:53:00-04:00,L,18886.5,18901.75,18875.75,10.75,28.5,1.3255813953488371,TP,1,L|swing
2024-05-27 11:23:00-04:00,2024-05-27 11:23:00-04:00,2024-05-27 12:49:00-04:00,L,18923.25,18952.0,18900.5,22.75,55.5,1.2197802197802199,time,1,L|swing
2024-05-28 09:38:00-04:00,2024-05-28 09:38:00-04:00,2024-05-28 11:32:00-04:00,S,18892.0,18937.5,18937.25,45.25,-93.0,-1.0276243093922652,SL,1,S|swing
2024-05-28 12:08:00-04:00,2024-05-28 12:08:00-04:00,2024-05-28 12:12:00-04:00,S,18915.75,18931.25,18931.0,15.25,-33.0,-1.0819672131147542,SL,1,S|swing
2024-05-28 12:14:00-04:00,2024-05-28 12:14:00-04:00,2024-05-28 12:20:00-04:00,L,18935.0,18911.25,18911.5,23.5,-49.5,-1.053191489361702,SL,1,L|swing
2024-05-28 12:35:00-04:00,2024-05-28 12:35:00-04:00,2024-05-28 13:02:00-04:00,L,18923.5,18909.0,18909.25,14.25,-31.0,-1.087719298245614,SL,1,L|swing
2024-05-28 13:05:00-04:00,2024-05-28 13:05:00-04:00,2024-05-28 13:37:00-04:00,S,18906.75,18944.25,18944.0,37.25,-77.0,-1.0335570469798658,SL,1,S|swing
2024-05-28 13:50:00-04:00,2024-05-28 13:50:00-04:00,2024-05-28 14:36:00-04:00,S,18902.75,18838.75,18946.0,43.25,126.0,1.4566473988439306,TP,1,S|swing
2024-05-29 09:50:00-04:00,2024-05-29 09:50:00-04:00,2024-05-29 15:59:00-04:00,L,18833.5,18810.75,18754.75,78.75,-47.5,-0.30158730158730157,time,1,L|swing
2024-05-30 09:35:00-04:00,2024-05-30 09:35:00-04:00,2024-05-30 11:05:00-04:00,S,18714.25,18626.25,18773.5,59.25,174.0,1.4683544303797469,TP,1,S|swing
2024-05-30 12:50:00-04:00,2024-05-30 12:50:00-04:00,2024-05-30 13:01:00-04:00,S,18687.25,18706.25,18706.0,18.75,-40.0,-1.0666666666666667,SL,1,S|swing
2024-05-30 13:11:00-04:00,2024-05-30 13:11:00-04:00,2024-05-30 14:12:00-04:00,L,18721.5,18680.5,18680.75,40.75,-84.0,-1.030674846625767,SL,1,L|swing
2024-05-31 09:50:00-04:00,2024-05-31 09:50:00-04:00,2024-05-31 10:17:00-04:00,S,18567.0,18468.25,18633.5,66.5,195.5,1.4699248120300752,TP,1,S|swing
2024-05-31 11:02:00-04:00,2024-05-31 11:02:00-04:00,2024-05-31 12:12:00-04:00,S,18354.0,18277.75,18405.5,51.5,150.5,1.4611650485436893,TP,1,S|swing
2024-05-31 14:05:00-04:00,2024-05-31 14:05:00-04:00,2024-05-31 14:44:00-04:00,S,18324.25,18361.0,18360.75,36.5,-75.5,-1.0342465753424657,SL,1,S|swing
2024-06-03 10:47:00-04:00,2024-06-03 10:47:00-04:00,2024-06-03 12:14:00-04:00,S,18633.5,18518.5,18710.75,77.25,228.0,1.4757281553398058,TP,1,S|swing
2024-06-03 12:32:00-04:00,2024-06-03 12:32:00-04:00,2024-06-03 15:27:00-04:00,S,18488.0,18596.5,18596.25,108.25,-219.0,-1.0115473441108545,SL,1,S|swing
2024-06-04 10:02:00-04:00,2024-06-04 10:02:00-04:00,2024-06-04 10:14:00-04:00,L,18644.5,18578.5,18578.75,65.75,-134.0,-1.0190114068441065,SL,1,L|swing
2024-06-04 10:32:00-04:00,2024-06-04 10:32:00-04:00,2024-06-04 14:51:00-04:00,L,18641.75,18752.25,18567.5,74.25,219.0,1.4747474747474747,TP,1,L|swing
2024-06-05 09:53:00-04:00,2024-06-05 09:53:00-04:00,2024-06-05 10:00:00-04:00,L,18854.0,18813.0,18813.25,40.75,-84.0,-1.030674846625767,SL,1,L|swing
2024-06-05 10:23:00-04:00,2024-06-05 10:23:00-04:00,2024-06-05 11:16:00-04:00,L,18868.75,18971.25,18799.75,69.0,203.0,1.4710144927536233,TP,1,L|swing
2024-06-05 11:44:00-04:00,2024-06-05 11:44:00-04:00,2024-06-05 14:33:00-04:00,L,18985.0,19037.0,18949.75,35.25,102.0,1.446808510638298,TP,1,L|swing
2024-06-06 09:50:00-04:00,2024-06-06 09:50:00-04:00,2024-06-06 14:10:00-04:00,S,19078.0,19021.75,19116.0,38.0,110.5,1.4539473684210527,TP,1,S|swing
2024-06-07 10:38:00-04:00,2024-06-07 10:38:00-04:00,2024-06-07 11:11:00-04:00,L,19061.5,19018.5,19018.75,42.75,-88.0,-1.0292397660818713,SL,1,L|swing
2024-06-07 12:08:00-04:00,2024-06-07 12:08:00-04:00,2024-06-07 12:56:00-04:00,L,19091.0,19143.25,19055.5,35.5,102.5,1.443661971830986,TP,1,L|swing
2024-06-07 13:23:00-04:00,2024-06-07 13:23:00-04:00,2024-06-07 14:00:00-04:00,L,19148.5,19110.25,19110.5,38.0,-78.5,-1.0328947368421053,SL,1,L|swing
2024-06-10 10:23:00-04:00,2024-06-10 10:23:00-04:00,2024-06-10 11:25:00-04:00,L,19024.0,19083.25,18984.0,40.0,116.5,1.45625,TP,1,L|swing
2024-06-10 11:26:00-04:00,2024-06-10 11:26:00-04:00,2024-06-10 13:31:00-04:00,L,19087.5,19056.75,19057.0,30.5,-63.5,-1.040983606557377,SL,1,L|swing
2024-06-10 13:44:00-04:00,2024-06-10 13:44:00-04:00,2024-06-10 13:49:00-04:00,L,19077.5,19111.75,19054.0,23.5,66.5,1.4148936170212767,TP,1,L|swing
2024-06-10 14:32:00-04:00,2024-06-10 14:32:00-04:00,2024-06-10 15:14:00-04:00,S,19040.5,19107.0,19106.75,66.25,-135.0,-1.0188679245283019,SL,1,S|swing
2024-06-11 09:35:00-04:00,2024-06-11 09:35:00-04:00,2024-06-11 09:47:00-04:00,L,19074.0,19041.5,19041.75,32.25,-67.0,-1.0387596899224807,SL,1,L|swing
2024-06-11 10:32:00-04:00,2024-06-11 10:32:00-04:00,2024-06-11 14:02:00-04:00,L,19090.25,19166.25,19039.0,51.25,150.0,1.4634146341463414,TP,1,L|swing
2024-06-11 14:17:00-04:00,2024-06-11 14:17:00-04:00,2024-06-11 15:59:00-04:00,L,19183.5,19242.25,19137.25,46.25,115.5,1.2486486486486486,time,1,L|swing
2024-06-12 09:38:00-04:00,2024-06-12 09:38:00-04:00,2024-06-12 10:27:00-04:00,L,19438.75,19534.75,19374.25,64.5,190.0,1.4728682170542635,TP,1,L|swing
2024-06-12 11:23:00-04:00,2024-06-12 11:23:00-04:00,2024-06-12 14:00:00-04:00,L,19533.0,19487.0,19487.25,45.75,-94.0,-1.0273224043715847,SL,1,L|swing
2024-06-12 14:29:00-04:00,2024-06-12 14:29:00-04:00,2024-06-12 15:30:00-04:00,L,19526.5,19446.5,19446.75,79.75,-162.0,-1.0156739811912225,SL,1,L|swing
2024-06-13 10:11:00-04:00,2024-06-13 10:11:00-04:00,2024-06-13 12:22:00-04:00,S,19606.0,19525.75,19660.0,54.0,158.5,1.4675925925925926,TP,1,S|swing
2024-06-13 14:44:00-04:00,2024-06-13 14:44:00-04:00,2024-06-13 15:59:00-04:00,L,19600.75,19592.75,19576.0,24.75,-18.0,-0.36363636363636365,time,1,L|swing
2024-06-14 12:11:00-04:00,2024-06-14 12:11:00-04:00,2024-06-14 15:59:00-04:00,L,19635.75,19687.25,19563.0,72.75,101.0,0.6941580756013745,time,1,L|swing
2024-06-17 09:35:00-04:00,2024-06-17 09:35:00-04:00,2024-06-17 10:10:00-04:00,S,19672.0,19710.25,19710.0,38.0,-78.5,-1.0328947368421053,SL,1,S|swing
2024-06-17 11:02:00-04:00,2024-06-17 11:02:00-04:00,2024-06-17 12:25:00-04:00,L,19726.25,19789.25,19683.75,42.5,124.0,1.4588235294117646,TP,1,L|swing
2024-06-17 13:17:00-04:00,2024-06-17 13:17:00-04:00,2024-06-17 13:41:00-04:00,L,19872.0,19939.25,19826.5,45.5,132.5,1.456043956043956,TP,1,L|swing
2024-06-17 13:53:00-04:00,2024-06-17 13:53:00-04:00,2024-06-17 15:59:00-04:00,L,19955.75,19925.25,19881.25,74.5,-63.0,-0.4228187919463087,time,1,L|swing
2024-06-18 09:53:00-04:00,2024-06-18 09:53:00-04:00,2024-06-18 13:45:00-04:00,S,19897.0,19944.25,19944.0,47.0,-96.5,-1.0265957446808511,SL,1,S|swing
2024-06-18 13:47:00-04:00,2024-06-18 13:47:00-04:00,2024-06-18 14:01:00-04:00,L,19947.75,19914.75,19915.0,32.75,-68.0,-1.0381679389312977,SL,1,L|swing
2024-06-18 14:59:00-04:00,2024-06-18 14:59:00-04:00,2024-06-18 15:49:00-04:00,L,19924.5,19900.0,19900.25,24.25,-51.0,-1.0515463917525774,SL,1,L|swing
2024-06-21 09:47:00-04:00,2024-06-21 09:47:00-04:00,2024-06-21 11:50:00-04:00,S,19970.0,20046.25,20046.0,76.0,-154.5,-1.0164473684210527,SL,1,S|swing
2024-06-21 13:20:00-04:00,2024-06-21 13:20:00-04:00,2024-06-21 15:59:00-04:00,S,19972.0,19975.5,20020.75,48.75,-9.0,-0.09230769230769231,time,1,S|swing
2024-06-24 09:41:00-04:00,2024-06-24 09:41:00-04:00,2024-06-24 10:01:00-04:00,S,19907.0,19965.75,19965.5,58.5,-119.5,-1.0213675213675213,SL,1,S|swing
2024-06-24 10:02:00-04:00,2024-06-24 10:02:00-04:00,2024-06-24 10:43:00-04:00,L,19969.25,19866.25,19866.5,102.75,-208.0,-1.0121654501216546,SL,1,L|swing
2024-06-24 10:44:00-04:00,2024-06-24 10:44:00-04:00,2024-06-24 15:59:00-04:00,S,19860.75,19745.25,19978.0,117.25,229.0,0.976545842217484,time,1,S|swing
2024-06-25 09:35:00-04:00,2024-06-25 09:35:00-04:00,2024-06-25 09:48:00-04:00,S,19811.75,19850.25,19850.0,38.25,-79.0,-1.0326797385620916,SL,1,S|swing
2024-06-25 10:02:00-04:00,2024-06-25 10:02:00-04:00,2024-06-25 11:54:00-04:00,L,19858.0,19956.25,19792.0,66.0,194.5,1.4734848484848484,TP,1,L|swing
2024-06-25 11:56:00-04:00,2024-06-25 11:56:00-04:00,2024-06-25 12:22:00-04:00,L,19952.5,19914.0,19914.25,38.25,-79.0,-1.0326797385620916,SL,1,L|swing
2024-06-25 13:29:00-04:00,2024-06-25 13:29:00-04:00,2024-06-25 15:59:00-04:00,L,19897.75,19967.0,19837.25,60.5,136.5,1.128099173553719,time,1,L|swing
2024-06-26 10:08:00-04:00,2024-06-26 10:08:00-04:00,2024-06-26 11:11:00-04:00,L,20011.0,19920.5,19920.75,90.25,-183.0,-1.0138504155124655,SL,1,L|swing
2024-06-26 11:50:00-04:00,2024-06-26 11:50:00-04:00,2024-06-26 13:20:00-04:00,L,19995.5,19941.0,19941.25,54.25,-111.0,-1.023041474654378,SL,1,L|swing
2024-06-26 14:41:00-04:00,2024-06-26 14:41:00-04:00,2024-06-26 14:49:00-04:00,S,19957.25,19981.0,19980.75,23.5,-49.5,-1.053191489361702,SL,1,S|swing
2024-06-27 10:14:00-04:00,2024-06-27 10:14:00-04:00,2024-06-27 10:50:00-04:00,L,20111.0,20009.0,20009.25,101.75,-206.0,-1.0122850122850122,SL,1,L|swing
2024-06-27 11:29:00-04:00,2024-06-27 11:29:00-04:00,2024-06-27 12:31:00-04:00,S,19992.75,20039.5,20039.25,46.5,-95.5,-1.0268817204301075,SL,1,S|swing
2024-06-27 13:29:00-04:00,2024-06-27 13:29:00-04:00,2024-06-27 14:00:00-04:00,L,20053.25,20022.5,20022.75,30.5,-63.5,-1.040983606557377,SL,1,L|swing
2024-06-27 14:50:00-04:00,2024-06-27 14:50:00-04:00,2024-06-27 15:59:00-04:00,L,20037.5,20047.5,20000.0,37.5,18.0,0.24,time,1,L|swing
2024-06-28 12:05:00-04:00,2024-06-28 12:05:00-04:00,2024-06-28 12:38:00-04:00,S,20086.5,20021.0,20130.75,44.25,129.0,1.4576271186440677,TP,1,S|swing
2024-06-28 13:44:00-04:00,2024-06-28 13:44:00-04:00,2024-06-28 15:31:00-04:00,S,20034.5,19977.25,20073.25,38.75,112.5,1.4516129032258065,TP,1,S|swing
2024-07-01 10:14:00-04:00,2024-07-01 10:14:00-04:00,2024-07-01 10:22:00-04:00,S,19820.5,19932.75,19932.5,112.0,-226.5,-1.0111607142857142,SL,1,S|swing
2024-07-01 11:50:00-04:00,2024-07-01 11:50:00-04:00,2024-07-01 14:12:00-04:00,L,19960.75,20036.0,19910.0,50.75,148.5,1.4630541871921183,TP,1,L|swing
2024-07-02 10:32:00-04:00,2024-07-02 10:32:00-04:00,2024-07-02 13:13:00-04:00,L,20081.5,20180.75,20014.75,66.75,196.5,1.4719101123595506,TP,1,L|swing
2024-07-02 13:50:00-04:00,2024-07-02 13:50:00-04:00,2024-07-02 15:56:00-04:00,L,20194.25,20241.0,20162.5,31.75,91.5,1.4409448818897639,TP,1,L|swing
2024-07-03 09:53:00-04:00,2024-07-03 09:53:00-04:00,2024-07-03 11:56:00-04:00,L,20275.5,20378.5,20206.25,69.25,204.0,1.4729241877256318,TP,1,L|swing
2024-07-04 09:50:00-04:00,2024-07-04 09:50:00-04:00,2024-07-04 12:49:00-04:00,S,20386.75,20381.75,20409.75,23.0,8.0,0.17391304347826086,time,1,S|swing
2024-07-05 09:56:00-04:00,2024-07-05 09:56:00-04:00,2024-07-05 15:59:00-04:00,L,20513.0,20621.75,20427.75,85.25,215.5,1.2639296187683284,time,1,L|swing
2024-07-08 09:35:00-04:00,2024-07-08 09:35:00-04:00,2024-07-08 09:50:00-04:00,S,20607.25,20645.5,20645.25,38.0,-78.5,-1.0328947368421053,SL,1,S|swing
2024-07-08 11:20:00-04:00,2024-07-08 11:20:00-04:00,2024-07-08 15:59:00-04:00,L,20643.75,20666.0,20591.25,52.5,42.5,0.40476190476190477,time,1,L|swing
2024-07-09 09:59:00-04:00,2024-07-09 09:59:00-04:00,2024-07-09 10:06:00-04:00,L,20749.25,20718.75,20719.0,30.25,-63.0,-1.0413223140495869,SL,1,L|swing
2024-07-09 10:26:00-04:00,2024-07-09 10:26:00-04:00,2024-07-09 15:59:00-04:00,S,20696.0,20679.75,20772.0,76.0,30.5,0.20065789473684212,time,1,S|swing
2024-07-10 10:05:00-04:00,2024-07-10 10:05:00-04:00,2024-07-10 11:00:00-04:00,L,20779.25,20721.0,20721.25,58.0,-118.5,-1.021551724137931,SL,1,L|swing
2024-07-10 11:26:00-04:00,2024-07-10 11:26:00-04:00,2024-07-10 12:26:00-04:00,L,20746.25,20810.75,20702.75,43.5,127.0,1.4597701149425288,TP,1,L|swing
2024-07-10 12:59:00-04:00,2024-07-10 12:59:00-04:00,2024-07-10 15:51:00-04:00,L,20847.5,20907.0,20807.25,40.25,117.0,1.453416149068323,TP,1,L|swing
2024-07-11 09:53:00-04:00,2024-07-11 09:53:00-04:00,2024-07-11 10:19:00-04:00,S,20824.25,20684.25,20918.25,94.0,278.0,1.4787234042553192,TP,1,S|swing
2024-07-11 10:44:00-04:00,2024-07-11 10:44:00-04:00,2024-07-11 11:42:00-04:00,S,20647.75,20479.75,20760.25,112.5,334.0,1.4844444444444445,TP,1,S|swing
2024-07-11 12:02:00-04:00,2024-07-11 12:02:00-04:00,2024-07-11 15:59:00-04:00,S,20469.5,20429.75,20548.75,79.25,77.5,0.4889589905362776,time,1,S|swing
2024-07-12 09:41:00-04:00,2024-07-12 09:41:00-04:00,2024-07-12 10:00:00-04:00,L,20474.0,20552.75,20421.0,53.0,155.5,1.4669811320754718,TP,1,L|swing
2024-07-12 10:11:00-04:00,2024-07-12 10:11:00-04:00,2024-07-12 15:59:00-04:00,L,20583.75,20540.0,20433.0,150.75,-89.5,-0.296849087893864,time,1,L|swing
2024-07-15 09:38:00-04:00,2024-07-15 09:38:00-04:00,2024-07-15 09:44:00-04:00,L,20629.75,20598.25,20598.5,31.25,-65.0,-1.04,SL,1,L|swing
2024-07-15 10:02:00-04:00,2024-07-15 10:02:00-04:00,2024-07-15 10:55:00-04:00,L,20642.5,20733.5,20581.25,61.25,180.0,1.469387755102041,TP,1,L|swing
2024-07-15 13:02:00-04:00,2024-07-15 13:02:00-04:00,2024-07-15 15:59:00-04:00,S,20613.5,20593.75,20687.25,73.75,37.5,0.2542372881355932,time,1,S|swing
2024-07-16 11:32:00-04:00,2024-07-16 11:32:00-04:00,2024-07-16 15:55:00-04:00,S,20533.25,20609.0,20608.75,75.5,-153.5,-1.0165562913907285,SL,1,S|swing
2024-07-17 10:02:00-04:00,2024-07-17 10:02:00-04:00,2024-07-17 15:59:00-04:00,S,20161.75,19992.75,20281.75,120.0,336.0,1.4,time,1,S|swing
2024-07-18 10:32:00-04:00,2024-07-18 10:32:00-04:00,2024-07-18 11:33:00-04:00,S,19985.25,19803.25,20107.25,122.0,362.0,1.4836065573770492,TP,1,S|swing
2024-07-18 13:53:00-04:00,2024-07-18 13:53:00-04:00,2024-07-18 14:52:00-04:00,S,19889.25,19808.0,19944.0,54.75,160.5,1.4657534246575343,TP,1,S|swing
2024-07-19 09:41:00-04:00,2024-07-19 09:41:00-04:00,2024-07-19 10:27:00-04:00,L,19952.0,19835.5,19835.75,116.25,-235.0,-1.010752688172043,SL,1,L|swing
2024-07-19 10:44:00-04:00,2024-07-19 10:44:00-04:00,2024-07-19 15:59:00-04:00,S,19776.25,19713.0,19909.25,133.0,124.5,0.4680451127819549,time,1,S|swing
2024-07-22 09:47:00-04:00,2024-07-22 09:47:00-04:00,2024-07-22 11:16:00-04:00,L,20017.75,19881.75,19882.0,135.75,-274.0,-1.0092081031307552,SL,1,L|swing
2024-07-22 12:23:00-04:00,2024-07-22 12:23:00-04:00,2024-07-22 13:32:00-04:00,L,19903.75,20005.25,19835.5,68.25,201.0,1.4725274725274726,TP,1,L|swing
2024-07-22 14:08:00-04:00,2024-07-22 14:08:00-04:00,2024-07-22 15:00:00-04:00,L,20018.25,19981.75,19982.0,36.25,-75.0,-1.0344827586206897,SL,1,L|swing
2024-07-23 09:35:00-04:00,2024-07-23 09:35:00-04:00,2024-07-23 10:51:00-04:00,L,19981.0,19932.75,19933.0,48.0,-98.5,-1.0260416666666667,SL,1,L|swing
2024-07-23 11:14:00-04:00,2024-07-23 11:14:00-04:00,2024-07-23 12:57:00-04:00,L,20052.75,19926.75,19927.0,125.75,-254.0,-1.0099403578528827,SL,1,L|swing
2024-07-23 13:11:00-04:00,2024-07-23 13:11:00-04:00,2024-07-23 13:54:00-04:00,S,19925.0,19979.25,19979.0,54.0,-110.5,-1.0231481481481481,SL,1,S|swing
2024-07-23 13:56:00-04:00,2024-07-23 13:56:00-04:00,2024-07-23 15:42:00-04:00,L,19983.5,19942.0,19942.25,41.25,-85.0,-1.0303030303030303,SL,1,L|swing
2024-07-24 09:35:00-04:00,2024-07-24 09:35:00-04:00,2024-07-24 10:44:00-04:00,S,19571.5,19446.75,19655.25,83.75,247.5,1.4776119402985075,TP,1,S|swing
2024-07-24 11:11:00-04:00,2024-07-24 11:11:00-04:00,2024-07-24 12:08:00-04:00,S,19408.5,19322.25,19466.5,58.0,170.5,1.4698275862068966,TP,1,S|swing
2024-07-24 12:44:00-04:00,2024-07-24 12:44:00-04:00,2024-07-24 13:19:00-04:00,S,19314.0,19368.25,19368.0,54.0,-110.5,-1.0231481481481481,SL,1,S|swing
2024-07-24 13:53:00-04:00,2024-07-24 13:53:00-04:00,2024-07-24 14:43:00-04:00,S,19329.25,19261.25,19375.25,46.0,134.0,1.4565217391304348,TP,1,S|swing
2024-07-24 14:44:00-04:00,2024-07-24 14:44:00-04:00,2024-07-24 15:59:00-04:00,S,19261.25,19205.0,19331.25,70.0,110.5,0.7892857142857143,time,1,S|swing
2024-07-25 09:56:00-04:00,2024-07-25 09:56:00-04:00,2024-07-25 11:12:00-04:00,S,19074.0,19232.0,19231.75,157.75,-318.0,-1.0079239302694136,SL,1,S|swing
2024-07-25 11:41:00-04:00,2024-07-25 11:41:00-04:00,2024-07-25 12:14:00-04:00,S,19168.25,19280.0,19279.75,111.5,-225.5,-1.0112107623318385,SL,1,S|swing
2024-07-25 13:02:00-04:00,2024-07-25 13:02:00-04:00,2024-07-25 13:18:00-04:00,L,19366.0,19299.75,19300.0,66.0,-134.5,-1.018939393939394,SL,1,L|swing
2024-07-25 14:23:00-04:00,2024-07-25 14:23:00-04:00,2024-07-25 15:51:00-04:00,S,19202.0,19051.25,19303.0,101.0,299.5,1.4826732673267327,TP,1,S|swing
2024-07-26 09:47:00-04:00,2024-07-26 09:47:00-04:00,2024-07-26 10:27:00-04:00,S,19080.75,19184.5,19184.25,103.5,-209.5,-1.0120772946859904,SL,1,S|swing
2024-07-26 11:44:00-04:00,2024-07-26 11:44:00-04:00,2024-07-26 12:43:00-04:00,L,19162.5,19269.75,19090.5,72.0,212.5,1.4756944444444444,TP,1,L|swing
2024-07-26 12:44:00-04:00,2024-07-26 12:44:00-04:00,2024-07-26 13:35:00-04:00,L,19275.75,19202.75,19203.0,72.75,-148.0,-1.0171821305841924,SL,1,L|swing
2024-07-26 14:20:00-04:00,2024-07-26 14:20:00-04:00,2024-07-26 15:05:00-04:00,S,19175.25,19106.0,19222.0,46.75,136.5,1.4598930481283423,TP,1,S|swing
2024-07-29 10:14:00-04:00,2024-07-29 10:14:00-04:00,2024-07-29 15:59:00-04:00,S,19253.5,19209.25,19377.5,124.0,86.5,0.3487903225806452,time,1,S|swing
2024-07-30 10:35:00-04:00,2024-07-30 10:35:00-04:00,2024-07-30 11:39:00-04:00,S,19129.0,18955.5,19245.25,116.25,345.0,1.4838709677419355,TP,1,S|swing
2024-07-30 12:23:00-04:00,2024-07-30 12:23:00-04:00,2024-07-30 12:56:00-04:00,S,18919.0,18837.25,18974.0,55.0,161.5,1.4681818181818183,TP,1,S|swing
2024-07-30 14:50:00-04:00,2024-07-30 14:50:00-04:00,2024-07-30 15:48:00-04:00,S,18947.75,18996.25,18996.0,48.25,-99.0,-1.0259067357512954,SL,1,S|swing
2024-07-31 09:41:00-04:00,2024-07-31 09:41:00-04:00,2024-07-31 14:49:00-04:00,L,19407.75,19553.25,19310.25,97.5,289.0,1.4820512820512821,TP,1,L|swing
2024-08-01 09:44:00-04:00,2024-08-01 09:44:00-04:00,2024-08-01 10:21:00-04:00,L,19631.0,19504.5,19504.75,126.25,-255.0,-1.00990099009901,SL,1,L|swing
2024-08-01 11:02:00-04:00,2024-08-01 11:02:00-04:00,2024-08-01 12:42:00-04:00,S,19313.0,19080.25,19468.75,155.75,463.5,1.4879614767255216,TP,1,S|swing
2024-08-01 13:02:00-04:00,2024-08-01 13:02:00-04:00,2024-08-01 13:38:00-04:00,S,19073.75,18958.0,19151.5,77.75,229.5,1.4758842443729903,TP,1,S|swing
2024-08-01 13:50:00-04:00,2024-08-01 13:50:00-04:00,2024-08-01 14:00:00-04:00,S,18916.75,19031.75,19031.5,114.75,-232.0,-1.0108932461873639,SL,1,S|swing
2024-08-01 14:26:00-04:00,2024-08-01 14:26:00-04:00,2024-08-01 15:49:00-04:00,S,18911.25,19034.75,19034.5,123.25,-249.0,-1.0101419878296145,SL,1,S|swing
2024-08-02 09:41:00-04:00,2024-08-02 09:41:00-04:00,2024-08-02 10:05:00-04:00,L,18727.5,18541.25,18541.5,186.0,-374.5,-1.006720430107527,SL,1,L|swing
2024-08-02 12:11:00-04:00,2024-08-02 12:11:00-04:00,2024-08-02 12:41:00-04:00,S,18535.25,18630.5,18630.25,95.0,-192.5,-1.013157894736842,SL,1,S|swing
2024-08-02 12:50:00-04:00,2024-08-02 12:50:00-04:00,2024-08-02 15:59:00-04:00,S,18535.25,18561.5,18633.5,98.25,-54.5,-0.27735368956743,time,1,S|swing
2024-08-05 09:38:00-04:00,2024-08-05 09:38:00-04:00,2024-08-05 12:24:00-04:00,L,17797.75,18230.0,17509.0,288.75,862.5,1.4935064935064934,TP,1,L|swing
2024-08-05 13:41:00-04:00,2024-08-05 13:41:00-04:00,2024-08-05 14:00:00-04:00,L,18152.75,18045.5,18045.75,107.0,-216.5,-1.0116822429906542,SL,1,L|swing
2024-08-06 09:41:00-04:00,2024-08-06 09:41:00-04:00,2024-08-06 10:02:00-04:00,S,18024.0,18174.25,18174.0,150.0,-302.5,-1.0083333333333333,SL,1,S|swing
2024-08-06 10:38:00-04:00,2024-08-06 10:38:00-04:00,2024-08-06 12:52:00-04:00,L,18229.25,18381.75,18127.0,102.25,303.0,1.4816625916870416,TP,1,L|swing
2024-08-06 12:53:00-04:00,2024-08-06 12:53:00-04:00,2024-08-06 15:04:00-04:00,L,18413.5,18315.0,18315.25,98.25,-199.0,-1.0127226463104326,SL,1,L|swing
2024-08-07 09:50:00-04:00,2024-08-07 09:50:00-04:00,2024-08-07 10:28:00-04:00,L,18547.0,18419.25,18419.5,127.5,-257.5,-1.0098039215686274,SL,1,L|swing
2024-08-07 10:44:00-04:00,2024-08-07 10:44:00-04:00,2024-08-07 11:44:00-04:00,L,18503.5,18404.75,18405.0,98.5,-199.5,-1.0126903553299493,SL,1,L|swing
2024-08-07 12:05:00-04:00,2024-08-07 12:05:00-04:00,2024-08-07 14:13:00-04:00,S,18312.25,18049.5,18488.0,175.75,523.5,1.4893314366998578,TP,1,S|swing
2024-08-07 14:47:00-04:00,2024-08-07 14:47:00-04:00,2024-08-07 15:03:00-04:00,S,18013.75,18097.5,18097.25,83.5,-169.5,-1.0149700598802396,SL,1,S|swing
2024-08-08 10:02:00-04:00,2024-08-08 10:02:00-04:00,2024-08-08 14:06:00-04:00,L,18259.5,18551.25,18064.5,195.0,581.5,1.491025641025641,TP,1,L|swing
2024-08-09 09:59:00-04:00,2024-08-09 09:59:00-04:00,2024-08-09 10:12:00-04:00,S,18431.0,18529.25,18529.0,98.0,-198.5,-1.0127551020408163,SL,1,S|swing
2024-08-09 11:05:00-04:00,2024-08-09 11:05:00-04:00,2024-08-09 15:59:00-04:00,L,18570.25,18609.75,18437.75,132.5,77.0,0.29056603773584905,time,1,L|swing
2024-08-12 10:41:00-04:00,2024-08-12 10:41:00-04:00,2024-08-12 11:24:00-04:00,L,18737.25,18630.0,18630.25,107.0,-216.5,-1.0116822429906542,SL,1,L|swing
2024-08-12 11:50:00-04:00,2024-08-12 11:50:00-04:00,2024-08-12 15:59:00-04:00,L,18671.0,18644.25,18576.0,95.0,-55.5,-0.29210526315789476,time,1,L|swing
2024-08-13 09:50:00-04:00,2024-08-13 09:50:00-04:00,2024-08-13 12:21:00-04:00,L,18896.5,19021.75,18812.5,84.0,248.5,1.4791666666666667,TP,1,L|swing
2024-08-13 12:44:00-04:00,2024-08-13 12:44:00-04:00,2024-08-13 15:48:00-04:00,L,19032.25,19091.0,18992.5,39.75,115.5,1.4528301886792452,TP,1,L|swing
2024-08-14 09:44:00-04:00,2024-08-14 09:44:00-04:00,2024-08-14 11:53:00-04:00,S,19052.75,19175.5,19175.25,122.5,-247.5,-1.010204081632653,SL,1,S|swing
2024-08-14 12:23:00-04:00,2024-08-14 12:23:00-04:00,2024-08-14 15:59:00-04:00,S,19070.0,19108.25,19204.0,134.0,-78.5,-0.292910447761194,time,1,S|swing
2024-08-15 09:35:00-04:00,2024-08-15 09:35:00-04:00,2024-08-15 09:51:00-04:00,L,19357.75,19418.25,19316.75,41.0,119.0,1.451219512195122,TP,1,L|swing
2024-08-15 10:32:00-04:00,2024-08-15 10:32:00-04:00,2024-08-15 15:59:00-04:00,L,19485.25,19587.75,19405.25,80.0,203.0,1.26875,time,1,L|swing
2024-08-16 10:17:00-04:00,2024-08-16 10:17:00-04:00,2024-08-16 15:59:00-04:00,L,19579.25,19603.5,19479.25,100.0,46.5,0.2325,time,1,L|swing
2024-08-19 10:17:00-04:00,2024-08-19 10:17:00-04:00,2024-08-19 10:32:00-04:00,S,19549.0,19626.0,19625.75,76.75,-156.0,-1.01628664495114,SL,1,S|swing
2024-08-19 10:50:00-04:00,2024-08-19 10:50:00-04:00,2024-08-19 15:30:00-04:00,L,19636.5,19789.0,19534.25,102.25,303.0,1.4816625916870416,TP,1,L|swing
2024-08-20 10:11:00-04:00,2024-08-20 10:11:00-04:00,2024-08-20 10:38:00-04:00,S,19862.0,19768.25,19925.0,63.0,185.5,1.4722222222222223,TP,1,S|swing
2024-08-20 11:59:00-04:00,2024-08-20 11:59:00-04:00,2024-08-20 12:56:00-04:00,L,19853.25,19780.0,19780.25,73.0,-148.5,-1.0171232876712328,SL,1,L|swing
2024-08-21 09:41:00-04:00,2024-08-21 09:41:00-04:00,2024-08-21 10:36:00-04:00,L,19855.75,19919.0,19813.0,42.75,124.5,1.456140350877193,TP,1,L|swing
2024-08-21 10:38:00-04:00,2024-08-21 10:38:00-04:00,2024-08-21 10:52:00-04:00,L,19931.5,19833.75,19834.0,97.5,-197.5,-1.0128205128205128,SL,1,L|swing
2024-08-21 10:56:00-04:00,2024-08-21 10:56:00-04:00,2024-08-21 15:59:00-04:00,S,19822.0,19906.25,19982.25,160.25,-170.5,-0.53198127925117,time,1,S|swing
2024-08-22 10:08:00-04:00,2024-08-22 10:08:00-04:00,2024-08-22 11:34:00-04:00,S,19915.25,19775.25,20009.25,94.0,278.0,1.4787234042553192,TP,1,S|swing
2024-08-22 12:56:00-04:00,2024-08-22 12:56:00-04:00,2024-08-22 15:59:00-04:00,S,19711.0,19585.0,19831.5,120.5,250.0,1.037344398340249,time,1,S|swing
2024-08-23 09:50:00-04:00,2024-08-23 09:50:00-04:00,2024-08-23 10:00:00-04:00,L,19748.5,19811.0,19706.25,42.25,123.0,1.455621301775148,TP,1,L|swing
2024-08-23 10:11:00-04:00,2024-08-23 10:11:00-04:00,2024-08-23 10:48:00-04:00,L,19877.5,19707.75,19708.0,169.5,-341.5,-1.0073746312684366,SL,1,L|swing
2024-08-23 11:14:00-04:00,2024-08-23 11:14:00-04:00,2024-08-23 12:42:00-04:00,L,19756.25,19622.25,19622.5,133.75,-270.0,-1.0093457943925233,SL,1,L|swing
2024-08-23 12:44:00-04:00,2024-08-23 12:44:00-04:00,2024-08-23 12:57:00-04:00,S,19619.25,19700.5,19700.25,81.0,-164.5,-1.0154320987654322,SL,1,S|swing
2024-08-23 13:41:00-04:00,2024-08-23 13:41:00-04:00,2024-08-23 15:59:00-04:00,L,19745.5,19788.75,19670.25,75.25,84.5,0.5614617940199336,time,1,L|swing
2024-08-26 09:47:00-04:00,2024-08-26 09:47:00-04:00,2024-08-26 10:11:00-04:00,S,19739.75,19647.75,19801.75,62.0,182.0,1.467741935483871,TP,1,S|swing
2024-08-26 10:32:00-04:00,2024-08-26 10:32:00-04:00,2024-08-26 15:59:00-04:00,S,19565.25,19593.5,19730.0,164.75,-58.5,-0.17754172989377845,time,1,S|swing
2024-08-27 10:26:00-04:00,2024-08-27 10:26:00-04:00,2024-08-27 15:59:00-04:00,L,19623.5,19651.0,19527.0,96.5,53.0,0.27461139896373055,time,1,L|swing
2024-08-28 09:44:00-04:00,2024-08-28 09:44:00-04:00,2024-08-28 10:49:00-04:00,S,19585.75,19479.75,19657.0,71.25,210.0,1.4736842105263157,TP,1,S|swing
2024-08-28 11:02:00-04:00,2024-08-28 11:02:00-04:00,2024-08-28 15:59:00-04:00,S,19425.75,19421.75,19583.25,157.5,6.0,0.01904761904761905,time,1,S|swing
2024-08-29 09:56:00-04:00,2024-08-29 09:56:00-04:00,2024-08-29 14:30:00-04:00,L,19635.5,19467.5,19467.75,167.75,-338.0,-1.007451564828614,SL,1,L|swing
2024-08-30 09:53:00-04:00,2024-08-30 09:53:00-04:00,2024-08-30 10:57:00-04:00,L,19595.25,19512.5,19512.75,82.5,-167.5,-1.0151515151515151,SL,1,L|swing
2024-08-30 11:32:00-04:00,2024-08-30 11:32:00-04:00,2024-08-30 14:40:00-04:00,S,19423.75,19503.75,19503.5,79.75,-162.0,-1.0156739811912225,SL,1,S|swing
2024-08-30 14:50:00-04:00,2024-08-30 14:50:00-04:00,2024-08-30 15:51:00-04:00,L,19520.5,19597.25,19468.75,51.75,151.5,1.463768115942029,TP,1,L|swing
2024-09-02 09:44:00-04:00,2024-09-02 09:44:00-04:00,2024-09-02 10:02:00-04:00,L,19640.5,19613.5,19613.75,26.75,-56.0,-1.0467289719626167,SL,1,L|swing
2024-09-02 10:38:00-04:00,2024-09-02 10:38:00-04:00,2024-09-02 12:49:00-04:00,L,19650.0,19644.0,19587.5,62.5,-14.0,-0.112,time,1,L|swing
2024-09-03 09:56:00-04:00,2024-09-03 09:56:00-04:00,2024-09-03 12:12:00-04:00,S,19345.5,19133.75,19487.25,141.75,421.5,1.4867724867724867,TP,1,S|swing
2024-09-03 13:47:00-04:00,2024-09-03 13:47:00-04:00,2024-09-03 14:14:00-04:00,S,19127.0,19049.25,19179.5,52.5,153.5,1.4619047619047618,TP,1,S|swing
2024-09-04 09:41:00-04:00,2024-09-04 09:41:00-04:00,2024-09-04 10:00:00-04:00,L,18949.0,18859.5,18859.75,89.25,-181.0,-1.0140056022408963,SL,1,L|swing
2024-09-04 10:32:00-04:00,2024-09-04 10:32:00-04:00,2024-09-04 15:59:00-04:00,L,19012.5,18957.0,18889.25,123.25,-113.0,-0.45841784989858014,time,1,L|swing
2024-09-05 09:35:00-04:00,2024-09-05 09:35:00-04:00,2024-09-05 09:57:00-04:00,L,18949.75,19052.25,18880.75,69.0,203.0,1.4710144927536233,TP,1,L|swing
2024-09-05 10:26:00-04:00,2024-09-05 10:26:00-04:00,2024-09-05 10:47:00-04:00,L,19141.25,19025.25,19025.5,115.75,-234.0,-1.0107991360691144,SL,1,L|swing
2024-09-05 11:26:00-04:00,2024-09-05 11:26:00-04:00,2024-09-05 14:00:00-04:00,S,18871.75,19021.0,19020.75,149.0,-300.5,-1.0083892617449663,SL,1,S|swing
2024-09-05 14:50:00-04:00,2024-09-05 14:50:00-04:00,2024-09-05 15:00:00-04:00,L,19033.0,18982.0,18982.25,50.75,-104.0,-1.0246305418719213,SL,1,L|swing
2024-09-06 09:59:00-04:00,2024-09-06 09:59:00-04:00,2024-09-06 15:59:00-04:00,S,18745.5,18458.5,18967.5,222.0,572.0,1.2882882882882882,time,1,S|swing
2024-09-09 09:59:00-04:00,2024-09-09 09:59:00-04:00,2024-09-09 10:30:00-04:00,L,18687.75,18604.5,18604.75,83.0,-168.5,-1.0150602409638554,SL,1,L|swing
2024-09-09 10:59:00-04:00,2024-09-09 10:59:00-04:00,2024-09-09 11:54:00-04:00,S,18517.25,18623.5,18623.25,106.0,-214.5,-1.0117924528301887,SL,1,S|swing
2024-09-09 12:23:00-04:00,2024-09-09 12:23:00-04:00,2024-09-09 14:05:00-04:00,L,18667.25,18610.75,18611.0,56.25,-115.0,-1.0222222222222221,SL,1,L|swing
2024-09-10 11:11:00-04:00,2024-09-10 11:11:00-04:00,2024-09-10 11:50:00-04:00,L,18744.75,18673.0,18673.25,71.5,-145.5,-1.0174825174825175,SL,1,L|swing
2024-09-10 13:11:00-04:00,2024-09-10 13:11:00-04:00,2024-09-10 15:59:00-04:00,L,18755.25,18855.0,18669.75,85.5,197.5,1.154970760233918,time,1,L|swing
2024-09-11 10:14:00-04:00,2024-09-11 10:14:00-04:00,2024-09-11 12:04:00-04:00,S,18695.25,18853.0,18852.75,157.5,-317.5,-1.007936507936508,SL,1,S|swing
2024-09-11 12:05:00-04:00,2024-09-11 12:05:00-04:00,2024-09-11 14:42:00-04:00,L,18880.0,19156.25,18695.25,184.75,550.5,1.489851150202977,TP,1,L|swing
2024-09-12 09:50:00-04:00,2024-09-12 09:50:00-04:00,2024-09-12 10:12:00-04:00,S,19190.75,19290.0,19289.75,99.0,-200.5,-1.0126262626262625,SL,1,S|swing
2024-09-12 10:14:00-04:00,2024-09-12 10:14:00-04:00,2024-09-12 15:59:00-04:00,L,19311.25,19451.5,19185.0,126.25,278.5,1.102970297029703,time,1,L|swing
2024-09-13 09:38:00-04:00,2024-09-13 09:38:00-04:00,2024-09-13 13:31:00-04:00,L,19465.0,19568.0,19395.75,69.25,204.0,1.4729241877256318,TP,1,L|swing
2024-09-13 13:32:00-04:00,2024-09-13 13:32:00-04:00,2024-09-13 13:37:00-04:00,L,19568.0,19536.0,19536.25,31.75,-66.0,-1.0393700787401574,SL,1,L|swing
2024-09-16 10:26:00-04:00,2024-09-16 10:26:00-04:00,2024-09-16 15:59:00-04:00,S,19383.0,19438.25,19462.5,79.5,-112.5,-0.7075471698113207,time,1,S|swing
2024-09-17 09:53:00-04:00,2024-09-17 09:53:00-04:00,2024-09-17 10:45:00-04:00,S,19498.0,19594.25,19594.0,96.0,-194.5,-1.0130208333333333,SL,1,S|swing
2024-09-17 12:02:00-04:00,2024-09-17 12:02:00-04:00,2024-09-17 12:15:00-04:00,L,19546.0,19505.0,19505.25,40.75,-84.0,-1.030674846625767,SL,1,L|swing
2024-09-17 12:17:00-04:00,2024-09-17 12:17:00-04:00,2024-09-17 12:23:00-04:00,S,19496.5,19417.75,19549.5,53.0,155.5,1.4669811320754718,TP,1,S|swing
2024-09-17 12:47:00-04:00,2024-09-17 12:47:00-04:00,2024-09-17 15:59:00-04:00,S,19402.0,19445.25,19497.0,95.0,-88.5,-0.46578947368421053,time,1,S|swing
2024-09-20 09:59:00-04:00,2024-09-20 09:59:00-04:00,2024-09-20 11:15:00-04:00,S,20001.25,19879.75,20082.75,81.5,241.0,1.478527607361963,TP,1,S|swing
2024-09-20 12:50:00-04:00,2024-09-20 12:50:00-04:00,2024-09-20 13:57:00-04:00,L,20031.0,19986.75,19987.0,44.0,-90.5,-1.0284090909090908,SL,1,L|swing
2024-09-20 14:02:00-04:00,2024-09-20 14:02:00-04:00,2024-09-20 15:21:00-04:00,S,19984.25,20030.0,20029.75,45.5,-93.5,-1.0274725274725274,SL,1,S|swing
2024-09-23 09:50:00-04:00,2024-09-23 09:50:00-04:00,2024-09-23 13:01:00-04:00,L,20094.75,20031.25,20031.5,63.25,-129.0,-1.0197628458498025,SL,1,L|swing
2024-09-23 13:02:00-04:00,2024-09-23 13:02:00-04:00,2024-09-23 14:00:00-04:00,S,20030.0,20078.0,20077.75,47.75,-98.0,-1.0261780104712042,SL,1,S|swing
2024-09-23 14:59:00-04:00,2024-09-23 14:59:00-04:00,2024-09-23 15:12:00-04:00,L,20081.5,20061.5,20061.75,19.75,-42.0,-1.0632911392405062,SL,1,L|swing
2024-09-24 10:02:00-04:00,2024-09-24 10:02:00-04:00,2024-09-24 11:32:00-04:00,S,20024.75,20130.0,20129.75,105.0,-212.5,-1.0119047619047619,SL,1,S|swing
2024-09-25 09:56:00-04:00,2024-09-25 09:56:00-04:00,2024-09-25 13:00:00-04:00,L,20220.75,20137.75,20138.0,82.75,-168.0,-1.0151057401812689,SL,1,L|swing
2024-09-25 13:56:00-04:00,2024-09-25 13:56:00-04:00,2024-09-25 15:59:00-04:00,L,20192.25,20194.5,20139.25,53.0,2.5,0.02358490566037736,time,1,L|swing
2024-09-26 09:50:00-04:00,2024-09-26 09:50:00-04:00,2024-09-26 10:55:00-04:00,S,20415.5,20244.25,20530.25,114.75,340.5,1.4836601307189543,TP,1,S|swing
2024-09-26 12:23:00-04:00,2024-09-26 12:23:00-04:00,2024-09-26 14:15:00-04:00,S,20243.25,20325.0,20324.75,81.5,-165.5,-1.0153374233128833,SL,1,S|swing
2024-09-27 10:17:00-04:00,2024-09-27 10:17:00-04:00,2024-09-27 14:30:00-04:00,S,20304.0,20196.75,20376.0,72.0,212.5,1.4756944444444444,TP,1,S|swing
2024-09-30 10:17:00-04:00,2024-09-30 10:17:00-04:00,2024-09-30 15:55:00-04:00,S,20153.75,20262.75,20262.5,108.75,-220.0,-1.0114942528735633,SL,1,S|swing
2024-10-01 10:11:00-04:00,2024-10-01 10:11:00-04:00,2024-10-01 15:59:00-04:00,S,19932.5,19978.75,20110.25,177.75,-94.5,-0.26582278481012656,time,1,S|swing
2024-10-02 09:35:00-04:00,2024-10-02 09:35:00-04:00,2024-10-02 10:03:00-04:00,S,19913.25,19972.5,19972.25,59.0,-120.5,-1.021186440677966,SL,1,S|swing
2024-10-02 10:20:00-04:00,2024-10-02 10:20:00-04:00,2024-10-02 15:59:00-04:00,L,19993.0,20009.5,19891.0,102.0,31.0,0.15196078431372548,time,1,L|swing
2024-10-03 09:56:00-04:00,2024-10-03 09:56:00-04:00,2024-10-03 13:00:00-04:00,L,20038.25,19894.0,19894.25,144.0,-290.5,-1.0086805555555556,SL,1,L|swing
2024-10-03 14:26:00-04:00,2024-10-03 14:26:00-04:00,2024-10-03 15:50:00-04:00,S,19947.25,19976.25,19976.0,28.75,-60.0,-1.0434782608695652,SL,1,S|swing
2024-10-04 10:59:00-04:00,2024-10-04 10:59:00-04:00,2024-10-04 15:59:00-04:00,L,20126.5,20227.0,20018.25,108.25,199.0,0.9191685912240185,time,1,L|swing
2024-10-07 09:35:00-04:00,2024-10-07 09:35:00-04:00,2024-10-07 09:44:00-04:00,L,20147.0,20114.75,20115.0,32.0,-66.5,-1.0390625,SL,1,L|swing
2024-10-07 09:53:00-04:00,2024-10-07 09:53:00-04:00,2024-10-07 10:16:00-04:00,S,20100.25,20164.25,20164.0,63.75,-130.0,-1.0196078431372548,SL,1,S|swing
2024-10-07 10:17:00-04:00,2024-10-07 10:17:00-04:00,2024-10-07 14:30:00-04:00,L,20162.75,20088.25,20088.5,74.25,-151.0,-1.0168350168350169,SL,1,L|swing
2024-10-07 14:47:00-04:00,2024-10-07 14:47:00-04:00,2024-10-07 15:59:00-04:00,S,19992.0,19999.25,20126.25,134.25,-16.5,-0.061452513966480445,time,1,S|swing
2024-10-08 09:53:00-04:00,2024-10-08 09:53:00-04:00,2024-10-08 10:42:00-04:00,L,20133.5,20229.0,20069.25,64.25,189.0,1.4708171206225682,TP,1,L|swing
2024-10-08 10:44:00-04:00,2024-10-08 10:44:00-04:00,2024-10-08 15:59:00-04:00,L,20244.0,20299.75,20155.25,88.75,109.5,0.6169014084507042,time,1,L|swing
2024-10-09 10:11:00-04:00,2024-10-09 10:11:00-04:00,2024-10-09 11:21:00-04:00,L,20302.25,20397.75,20238.0,64.25,189.0,1.4708171206225682,TP,1,L|swing
2024-10-09 11:35:00-04:00,2024-10-09 11:35:00-04:00,2024-10-09 12:20:00-04:00,L,20410.0,20372.25,20372.5,37.5,-77.5,-1.0333333333333334,SL,1,L|swing
2024-10-09 12:41:00-04:00,2024-10-09 12:41:00-04:00,2024-10-09 13:53:00-04:00,L,20419.0,20368.5,20368.75,50.25,-103.0,-1.0248756218905473,SL,1,L|swing
2024-10-09 14:26:00-04:00,2024-10-09 14:26:00-04:00,2024-10-09 15:59:00-04:00,L,20431.75,20458.25,20387.5,44.25,51.0,0.576271186440678,time,1,L|swing
2024-10-10 09:47:00-04:00,2024-10-10 09:47:00-04:00,2024-10-10 10:05:00-04:00,S,20331.0,20390.5,20390.25,59.25,-121.0,-1.021097046413502,SL,1,S|swing
2024-10-10 10:47:00-04:00,2024-10-10 10:47:00-04:00,2024-10-10 12:16:00-04:00,L,20417.5,20502.75,20360.0,57.5,168.5,1.4652173913043478,TP,1,L|swing
2024-10-10 13:23:00-04:00,2024-10-10 13:23:00-04:00,2024-10-10 13:51:00-04:00,L,20460.5,20403.25,20403.5,57.0,-116.5,-1.0219298245614035,SL,1,L|swing
2024-10-10 14:32:00-04:00,2024-10-10 14:32:00-04:00,2024-10-10 15:53:00-04:00,S,20403.5,20430.5,20430.25,26.75,-56.0,-1.0467289719626167,SL,1,S|swing
2024-10-11 10:08:00-04:00,2024-10-11 10:08:00-04:00,2024-10-11 15:59:00-04:00,L,20406.5,20448.75,20313.0,93.5,82.5,0.4411764705882353,time,1,L|swing
2024-10-14 09:47:00-04:00,2024-10-14 09:47:00-04:00,2024-10-14 11:01:00-04:00,L,20624.75,20540.25,20540.5,84.25,-171.0,-1.0148367952522255,SL,1,L|swing
2024-10-14 11:47:00-04:00,2024-10-14 11:47:00-04:00,2024-10-14 14:40:00-04:00,L,20568.25,20632.75,20524.75,43.5,127.0,1.4597701149425288,TP,1,L|swing
2024-10-15 10:14:00-04:00,2024-10-15 10:14:00-04:00,2024-10-15 10:31:00-04:00,S,20582.5,20471.25,20657.25,74.75,220.5,1.4749163879598661,TP,1,S|swing
2024-10-15 11:47:00-04:00,2024-10-15 11:47:00-04:00,2024-10-15 15:06:00-04:00,S,20378.25,20277.25,20446.25,68.0,200.0,1.4705882352941178,TP,1,S|swing
2024-10-16 11:47:00-04:00,2024-10-16 11:47:00-04:00,2024-10-16 12:57:00-04:00,S,20287.0,20329.5,20329.25,42.25,-87.0,-1.029585798816568,SL,1,S|swing
2024-10-16 13:50:00-04:00,2024-10-16 13:50:00-04:00,2024-10-16 15:59:00-04:00,L,20340.25,20346.25,20302.5,37.75,10.0,0.13245033112582782,time,1,L|swing
2024-10-17 10:02:00-04:00,2024-10-17 10:02:00-04:00,2024-10-17 15:59:00-04:00,S,20387.25,20364.25,20541.75,154.5,44.0,0.1423948220064725,time,1,S|swing
2024-10-18 11:29:00-04:00,2024-10-18 11:29:00-04:00,2024-10-18 12:02:00-04:00,L,20513.5,20455.25,20455.5,58.0,-118.5,-1.021551724137931,SL,1,L|swing
2024-10-18 12:14:00-04:00,2024-10-18 12:14:00-04:00,2024-10-18 12:44:00-04:00,S,20447.0,20489.0,20488.75,41.75,-86.0,-1.029940119760479,SL,1,S|swing
2024-10-18 14:26:00-04:00,2024-10-18 14:26:00-04:00,2024-10-18 15:59:00-04:00,L,20506.0,20482.25,20451.5,54.5,-49.5,-0.4541284403669725,time,1,L|swing
2024-10-21 09:53:00-04:00,2024-10-21 09:53:00-04:00,2024-10-21 10:40:00-04:00,L,20497.5,20415.5,20415.75,81.75,-166.0,-1.0152905198776758,SL,1,L|swing
2024-10-21 11:08:00-04:00,2024-10-21 11:08:00-04:00,2024-10-21 13:00:00-04:00,S,20358.25,20478.0,20477.75,119.5,-241.5,-1.0104602510460252,SL,1,S|swing
2024-10-21 13:14:00-04:00,2024-10-21 13:14:00-04:00,2024-10-21 15:59:00-04:00,L,20484.5,20520.25,20436.0,48.5,69.5,0.7164948453608248,time,1,L|swing
2024-10-22 10:08:00-04:00,2024-10-22 10:08:00-04:00,2024-10-22 15:59:00-04:00,L,20515.25,20540.0,20416.5,98.75,47.5,0.24050632911392406,time,1,L|swing
2024-10-23 10:02:00-04:00,2024-10-23 10:02:00-04:00,2024-10-23 10:47:00-04:00,S,20403.0,20452.25,20452.0,49.0,-100.5,-1.0255102040816326,SL,1,S|swing
2024-10-23 11:11:00-04:00,2024-10-23 11:11:00-04:00,2024-10-23 12:28:00-04:00,S,20379.75,20262.75,20458.25,78.5,232.0,1.4777070063694266,TP,1,S|swing
2024-10-23 13:02:00-04:00,2024-10-23 13:02:00-04:00,2024-10-23 13:53:00-04:00,S,20222.5,20132.75,20283.0,60.5,177.5,1.4669421487603307,TP,1,S|swing
2024-10-23 14:17:00-04:00,2024-10-23 14:17:00-04:00,2024-10-23 14:42:00-04:00,S,20084.25,20173.0,20172.75,88.5,-179.5,-1.0141242937853108,SL,1,S|swing
2024-10-24 09:50:00-04:00,2024-10-24 09:50:00-04:00,2024-10-24 15:31:00-04:00,S,20308.25,20398.25,20398.0,89.75,-182.0,-1.0139275766016713,SL,1,S|swing
2024-10-25 09:44:00-04:00,2024-10-25 09:44:00-04:00,2024-10-25 13:44:00-04:00,L,20587.25,20489.5,20489.75,97.5,-197.5,-1.0128205128205128,SL,1,L|swing
2024-10-25 14:08:00-04:00,2024-10-25 14:08:00-04:00,2024-10-25 15:59:00-04:00,S,20473.0,20495.25,20567.25,94.25,-46.5,-0.246684350132626,time,1,S|swing
2024-10-28 09:50:00-04:00,2024-10-28 09:50:00-04:00,2024-10-28 15:59:00-04:00,S,20541.25,20500.25,20647.25,106.0,80.0,0.37735849056603776,time,1,S|swing
2024-10-29 10:02:00-04:00,2024-10-29 10:02:00-04:00,2024-10-29 12:51:00-04:00,L,20519.75,20650.75,20431.75,88.0,260.0,1.4772727272727273,TP,1,L|swing
2024-10-29 13:02:00-04:00,2024-10-29 13:02:00-04:00,2024-10-29 15:59:00-04:00,L,20669.25,20695.0,20585.25,84.0,49.5,0.29464285714285715,time,1,L|swing
2024-10-30 09:35:00-04:00,2024-10-30 09:35:00-04:00,2024-10-30 09:41:00-04:00,S,20637.0,20583.25,20673.5,36.5,105.5,1.4452054794520548,TP,1,S|swing
2024-10-30 11:14:00-04:00,2024-10-30 11:14:00-04:00,2024-10-30 15:59:00-04:00,S,20615.5,20536.25,20688.75,73.25,156.5,1.068259385665529,time,1,S|swing
2024-10-31 09:47:00-04:00,2024-10-31 09:47:00-04:00,2024-10-31 15:59:00-04:00,S,20217.25,20012.75,20392.5,175.25,407.0,1.1611982881597718,time,1,S|swing
2024-11-01 09:41:00-04:00,2024-11-01 09:41:00-04:00,2024-11-01 10:23:00-04:00,L,20136.75,20255.5,20057.0,79.75,235.5,1.4764890282131662,TP,1,L|swing
2024-11-01 11:14:00-04:00,2024-11-01 11:14:00-04:00,2024-11-01 13:59:00-04:00,L,20265.5,20156.25,20156.5,109.0,-220.5,-1.011467889908257,SL,1,L|swing
2024-11-04 10:20:00-05:00,2024-11-04 10:20:00-05:00,2024-11-04 11:46:00-05:00,L,20172.0,20092.5,20092.75,79.25,-161.0,-1.0157728706624605,SL,1,L|swing
2024-11-04 12:08:00-05:00,2024-11-04 12:08:00-05:00,2024-11-04 12:35:00-05:00,S,20048.5,20133.75,20133.5,85.0,-172.5,-1.0147058823529411,SL,1,S|swing
2024-11-04 13:08:00-05:00,2024-11-04 13:08:00-05:00,2024-11-04 13:13:00-05:00,S,20091.0,20147.5,20147.25,56.25,-115.0,-1.0222222222222221,SL,1,S|swing
2024-11-04 13:23:00-05:00,2024-11-04 13:23:00-05:00,2024-11-04 15:35:00-05:00,L,20154.25,20083.5,20083.75,70.5,-143.5,-1.0177304964539007,SL,1,L|swing
2024-11-05 09:50:00-05:00,2024-11-05 09:50:00-05:00,2024-11-05 15:59:00-05:00,L,20255.5,20341.0,20137.5,118.0,169.0,0.7161016949152542,time,1,L|swing
2024-11-06 10:14:00-05:00,2024-11-06 10:14:00-05:00,2024-11-06 15:11:00-05:00,L,20749.25,20907.25,20643.25,106.0,314.0,1.4811320754716981,TP,1,L|swing
2024-11-07 09:56:00-05:00,2024-11-07 09:56:00-05:00,2024-11-07 15:16:00-05:00,L,21098.0,21247.75,20997.5,100.5,297.5,1.4800995024875623,TP,1,L|swing
2024-11-08 10:11:00-05:00,2024-11-08 10:11:00-05:00,2024-11-08 11:55:00-05:00,S,21174.25,21227.0,21226.75,52.5,-107.5,-1.0238095238095237,SL,1,S|swing
2024-11-08 13:08:00-05:00,2024-11-08 13:08:00-05:00,2024-11-08 13:37:00-05:00,L,21230.75,21263.25,21208.5,22.25,63.0,1.4157303370786516,TP,1,L|swing
2024-11-08 14:29:00-05:00,2024-11-08 14:29:00-05:00,2024-11-08 14:54:00-05:00,L,21258.5,21236.5,21236.75,21.75,-46.0,-1.0574712643678161,SL,1,L|swing
2024-11-11 12:11:00-05:00,2024-11-11 12:11:00-05:00,2024-11-11 13:00:00-05:00,S,21189.5,21153.75,21214.0,24.5,69.5,1.4183673469387754,TP,1,S|swing
2024-11-11 13:02:00-05:00,2024-11-11 13:02:00-05:00,2024-11-11 13:51:00-05:00,S,21118.0,21189.0,21188.75,70.75,-144.0,-1.017667844522968,SL,1,S|swing
2024-11-11 14:29:00-05:00,2024-11-11 14:29:00-05:00,2024-11-11 15:06:00-05:00,S,21161.25,21183.5,21183.25,22.0,-46.5,-1.0568181818181819,SL,1,S|swing
2024-11-12 09:35:00-05:00,2024-11-12 09:35:00-05:00,2024-11-12 10:08:00-05:00,L,21229.25,21181.0,21181.25,48.0,-98.5,-1.0260416666666667,SL,1,L|swing
2024-11-12 10:56:00-05:00,2024-11-12 10:56:00-05:00,2024-11-12 12:49:00-05:00,S,21191.5,21124.5,21236.75,45.25,132.0,1.4585635359116023,TP,1,S|swing
2024-11-12 12:50:00-05:00,2024-11-12 12:50:00-05:00,2024-11-12 13:00:00-05:00,S,21125.25,21058.75,21170.25,45.0,131.0,1.4555555555555555,TP,1,S|swing
2024-11-12 14:20:00-05:00,2024-11-12 14:20:00-05:00,2024-11-12 15:59:00-05:00,L,21193.5,21185.0,21157.5,36.0,-19.0,-0.2638888888888889,time,1,L|swing
2024-11-13 10:05:00-05:00,2024-11-13 10:05:00-05:00,2024-11-13 12:08:00-05:00,S,21108.5,21185.25,21185.0,76.5,-155.5,-1.0163398692810457,SL,1,S|swing
2024-11-13 12:53:00-05:00,2024-11-13 12:53:00-05:00,2024-11-13 14:44:00-05:00,L,21220.0,21168.75,21169.0,51.0,-104.5,-1.0245098039215685,SL,1,L|swing
2024-11-14 09:35:00-05:00,2024-11-14 09:35:00-05:00,2024-11-14 09:41:00-05:00,L,21161.0,21117.0,21117.25,43.75,-90.0,-1.0285714285714285,SL,1,L|swing
2024-11-14 10:20:00-05:00,2024-11-14 10:20:00-05:00,2024-11-14 10:44:00-05:00,S,21058.75,21122.25,21122.0,63.25,-129.0,-1.0197628458498025,SL,1,S|swing
2024-11-14 11:56:00-05:00,2024-11-14 11:56:00-05:00,2024-11-14 12:31:00-05:00,S,21098.5,21036.0,21140.75,42.25,123.0,1.455621301775148,TP,1,S|swing
2024-11-14 13:47:00-05:00,2024-11-14 13:47:00-05:00,2024-11-14 15:04:00-05:00,S,21077.25,21012.75,21120.75,43.5,127.0,1.4597701149425288,TP,1,S|swing
2024-11-15 10:02:00-05:00,2024-11-15 10:02:00-05:00,2024-11-15 10:54:00-05:00,S,20679.75,20556.75,20762.25,82.5,244.0,1.4787878787878788,TP,1,S|swing
2024-11-15 11:08:00-05:00,2024-11-15 11:08:00-05:00,2024-11-15 13:45:00-05:00,S,20540.75,20440.25,20608.25,67.5,199.0,1.474074074074074,TP,1,S|swing
2024-11-15 13:47:00-05:00,2024-11-15 13:47:00-05:00,2024-11-15 14:44:00-05:00,S,20426.25,20481.0,20480.75,54.5,-111.5,-1.0229357798165137,SL,1,S|swing
2024-11-18 09:47:00-05:00,2024-11-18 09:47:00-05:00,2024-11-18 10:08:00-05:00,S,20519.5,20588.0,20587.75,68.25,-139.0,-1.0183150183150182,SL,1,S|swing
2024-11-18 11:11:00-05:00,2024-11-18 11:11:00-05:00,2024-11-18 11:39:00-05:00,L,20691.25,20722.25,20670.0,21.25,60.0,1.411764705882353,TP,1,L|swing
2024-11-18 13:11:00-05:00,2024-11-18 13:11:00-05:00,2024-11-18 13:44:00-05:00,L,20663.5,20616.0,20616.25,47.25,-97.0,-1.0264550264550265,SL,1,L|swing
2024-11-18 14:23:00-05:00,2024-11-18 14:23:00-05:00,2024-11-18 15:59:00-05:00,S,20595.0,20631.5,20663.25,68.25,-75.0,-0.5494505494505495,time,1,S|swing
2024-11-19 10:29:00-05:00,2024-11-19 10:29:00-05:00,2024-11-19 13:14:00-05:00,L,20602.75,20720.25,20523.75,79.0,233.0,1.4746835443037976,TP,1,L|swing
2024-11-20 09:35:00-05:00,2024-11-20 09:35:00-05:00,2024-11-20 10:05:00-05:00,S,20704.75,20585.75,20784.75,80.0,236.0,1.475,TP,1,S|swing
2024-11-20 11:26:00-05:00,2024-11-20 11:26:00-05:00,2024-11-20 11:46:00-05:00,S,20574.25,20645.0,20644.75,70.5,-143.5,-1.0177304964539007,SL,1,S|swing
2024-11-20 12:56:00-05:00,2024-11-20 12:56:00-05:00,2024-11-20 15:30:00-05:00,S,20614.25,20659.5,20659.25,45.0,-92.5,-1.0277777777777777,SL,1,S|swing
2024-11-21 10:02:00-05:00,2024-11-21 10:02:00-05:00,2024-11-21 13:31:00-05:00,S,20614.0,20863.5,20863.25,249.25,-501.0,-1.0050150451354063,SL,1,S|swing
2024-11-21 13:32:00-05:00,2024-11-21 13:32:00-05:00,2024-11-21 14:10:00-05:00,L,20861.5,20811.0,20811.25,50.25,-103.0,-1.0248756218905473,SL,1,L|swing
2024-11-21 14:38:00-05:00,2024-11-21 14:38:00-05:00,2024-11-21 15:59:00-05:00,L,20848.25,20823.25,20792.0,56.25,-52.0,-0.4622222222222222,time,1,L|swing
2024-11-22 10:11:00-05:00,2024-11-22 10:11:00-05:00,2024-11-22 13:11:00-05:00,S,20762.5,20873.75,20873.5,111.0,-224.5,-1.0112612612612613,SL,1,S|swing
2024-11-22 14:56:00-05:00,2024-11-22 14:56:00-05:00,2024-11-22 15:03:00-05:00,L,20847.0,20821.75,20822.0,25.0,-52.5,-1.05,SL,1,L|swing
2024-11-25 09:41:00-05:00,2024-11-25 09:41:00-05:00,2024-11-25 09:52:00-05:00,L,21069.0,20955.75,20956.0,113.0,-228.5,-1.011061946902655,SL,1,L|swing
2024-11-25 09:53:00-05:00,2024-11-25 09:53:00-05:00,2024-11-25 15:59:00-05:00,S,20932.0,20878.25,21081.5,149.5,105.5,0.3528428093645485,time,1,S|swing
2024-11-26 09:50:00-05:00,2024-11-26 09:50:00-05:00,2024-11-26 10:19:00-05:00,L,21015.5,20923.75,20924.0,91.5,-185.5,-1.0136612021857923,SL,1,L|swing
2024-11-26 10:41:00-05:00,2024-11-26 10:41:00-05:00,2024-11-26 14:19:00-05:00,L,20982.0,20918.5,20918.75,63.25,-129.0,-1.0197628458498025,SL,1,L|swing
2024-11-27 10:02:00-05:00,2024-11-27 10:02:00-05:00,2024-11-27 10:26:00-05:00,S,20849.5,20774.75,20900.0,50.5,147.5,1.4603960396039604,TP,1,S|swing
2024-11-27 10:38:00-05:00,2024-11-27 10:38:00-05:00,2024-11-27 15:59:00-05:00,S,20735.5,20817.0,20856.75,121.25,-165.0,-0.6804123711340206,time,1,S|swing
2024-11-28 09:56:00-05:00,2024-11-28 09:56:00-05:00,2024-11-28 12:49:00-05:00,L,20894.0,20891.0,20871.75,22.25,-8.0,-0.1797752808988764,time,1,L|swing
2024-11-29 11:11:00-05:00,2024-11-29 11:11:00-05:00,2024-11-29 13:04:00-05:00,L,20990.5,20985.5,20936.25,54.25,-12.0,-0.11059907834101383,time,1,L|swing
2024-12-02 09:50:00-05:00,2024-12-02 09:50:00-05:00,2024-12-02 15:59:00-05:00,L,21148.25,21216.75,21023.75,124.5,135.0,0.5421686746987951,time,1,L|swing
2024-12-03 10:02:00-05:00,2024-12-03 10:02:00-05:00,2024-12-03 15:59:00-05:00,L,21222.75,21278.75,21138.25,84.5,110.0,0.650887573964497,time,1,L|swing
2024-12-04 10:11:00-05:00,2024-12-04 10:11:00-05:00,2024-12-04 15:45:00-05:00,L,21451.0,21539.25,21391.5,59.5,174.5,1.4663865546218486,TP,1,L|swing
2024-12-05 09:50:00-05:00,2024-12-05 09:50:00-05:00,2024-12-05 12:12:00-05:00,S,21511.75,21552.5,21552.25,40.5,-83.5,-1.0308641975308641,SL,1,S|swing
2024-12-05 12:50:00-05:00,2024-12-05 12:50:00-05:00,2024-12-05 13:03:00-05:00,L,21561.5,21547.75,21548.0,13.5,-29.5,-1.0925925925925926,SL,1,L|swing
2024-12-05 14:02:00-05:00,2024-12-05 14:02:00-05:00,2024-12-05 15:59:00-05:00,S,21476.25,21475.5,21524.5,48.25,-0.5,-0.0051813471502590676,time,1,S|swing
2024-12-06 09:35:00-05:00,2024-12-06 09:35:00-05:00,2024-12-06 09:51:00-05:00,L,21532.0,21602.0,21484.75,47.25,138.0,1.4603174603174602,TP,1,L|swing
2024-12-06 10:11:00-05:00,2024-12-06 10:11:00-05:00,2024-12-06 15:59:00-05:00,L,21626.25,21658.0,21523.75,102.5,61.5,0.3,time,1,L|swing
2024-12-09 09:35:00-05:00,2024-12-09 09:35:00-05:00,2024-12-09 09:49:00-05:00,S,21599.5,21642.75,21642.5,43.0,-88.5,-1.0290697674418605,SL,1,S|swing
2024-12-09 10:11:00-05:00,2024-12-09 10:11:00-05:00,2024-12-09 10:35:00-05:00,S,21606.0,21542.0,21649.25,43.25,126.0,1.4566473988439306,TP,1,S|swing
2024-12-09 11:02:00-05:00,2024-12-09 11:02:00-05:00,2024-12-09 15:59:00-05:00,S,21493.25,21486.0,21569.75,76.5,12.5,0.08169934640522876,time,1,S|swing
2024-12-10 09:41:00-05:00,2024-12-10 09:41:00-05:00,2024-12-10 10:58:00-05:00,L,21546.5,21504.75,21505.0,41.5,-85.5,-1.0301204819277108,SL,1,L|swing
2024-12-10 11:32:00-05:00,2024-12-10 11:32:00-05:00,2024-12-10 15:05:00-05:00,S,21462.0,21381.5,21516.25,54.25,159.0,1.4654377880184333,TP,1,S|swing
2024-12-11 11:11:00-05:00,2024-12-11 11:11:00-05:00,2024-12-11 15:59:00-05:00,L,21732.75,21791.25,21673.5,59.25,115.0,0.9704641350210971,time,1,L|swing
2024-12-12 10:11:00-05:00,2024-12-12 10:11:00-05:00,2024-12-12 10:23:00-05:00,S,21637.25,21693.0,21692.75,55.5,-113.5,-1.0225225225225225,SL,1,S|swing
2024-12-12 10:56:00-05:00,2024-12-12 10:56:00-05:00,2024-12-12 11:45:00-05:00,L,21725.5,21688.25,21688.5,37.0,-76.5,-1.0337837837837838,SL,1,L|swing
2024-12-12 12:56:00-05:00,2024-12-12 12:56:00-05:00,2024-12-12 14:00:00-05:00,L,21731.0,21688.25,21688.5,42.5,-87.5,-1.0294117647058822,SL,1,L|swing
2024-12-12 14:23:00-05:00,2024-12-12 14:23:00-05:00,2024-12-12 15:59:00-05:00,S,21668.25,21643.5,21715.75,47.5,47.5,0.5,time,1,S|swing
2024-12-13 09:38:00-05:00,2024-12-13 09:38:00-05:00,2024-12-13 09:45:00-05:00,L,21825.5,21899.75,21775.5,50.0,146.5,1.465,TP,1,L|swing
2024-12-13 10:38:00-05:00,2024-12-13 10:38:00-05:00,2024-12-13 15:59:00-05:00,S,21792.5,21797.75,21888.75,96.25,-12.5,-0.06493506493506493,time,1,S|swing
2024-12-16 09:53:00-05:00,2024-12-16 09:53:00-05:00,2024-12-16 12:38:00-05:00,L,21958.25,22075.25,21879.75,78.5,232.0,1.4777070063694266,TP,1,L|swing
2024-12-16 13:05:00-05:00,2024-12-16 13:05:00-05:00,2024-12-16 15:59:00-05:00,L,22099.5,22111.25,22063.25,36.25,21.5,0.296551724137931,time,1,L|swing
2024-12-17 10:20:00-05:00,2024-12-17 10:20:00-05:00,2024-12-17 11:11:00-05:00,S,21949.5,22051.25,22051.0,101.5,-205.5,-1.0123152709359606,SL,1,S|swing
2024-12-17 11:35:00-05:00,2024-12-17 11:35:00-05:00,2024-12-17 14:23:00-05:00,L,22062.25,21980.25,21980.5,81.75,-166.0,-1.0152905198776758,SL,1,L|swing
2024-12-18 11:11:00-05:00,2024-12-18 11:11:00-05:00,2024-12-18 11:19:00-05:00,S,22017.25,21962.75,22054.25,37.0,107.0,1.445945945945946,TP,1,S|swing
2024-12-18 12:32:00-05:00,2024-12-18 12:32:00-05:00,2024-12-18 14:00:00-05:00,S,21992.0,21940.75,22026.75,34.75,100.5,1.4460431654676258,TP,1,S|swing
2024-12-18 14:02:00-05:00,2024-12-18 14:02:00-05:00,2024-12-18 14:05:00-05:00,S,21963.0,21893.0,22010.25,47.25,138.0,1.4603174603174602,TP,1,S|swing
2024-12-18 14:47:00-05:00,2024-12-18 14:47:00-05:00,2024-12-18 15:32:00-05:00,S,21696.0,21427.25,21875.75,179.75,535.5,1.4895688456189151,TP,1,S|swing
2024-12-23 10:08:00-05:00,2024-12-23 10:08:00-05:00,2024-12-23 11:42:00-05:00,S,21534.25,21666.25,21666.0,131.75,-266.0,-1.0094876660341556,SL,1,S|swing
2024-12-23 12:02:00-05:00,2024-12-23 12:02:00-05:00,2024-12-23 15:59:00-05:00,L,21710.25,21755.5,21602.5,107.75,88.5,0.41067285382830626,time,1,L|swing
2024-12-24 09:41:00-05:00,2024-12-24 09:41:00-05:00,2024-12-24 11:38:00-05:00,L,21873.75,21985.25,21798.75,75.0,221.0,1.4733333333333334,TP,1,L|swing
2024-12-24 11:44:00-05:00,2024-12-24 11:44:00-05:00,2024-12-24 11:54:00-05:00,L,21992.25,21961.75,21962.0,30.25,-63.0,-1.0413223140495869,SL,1,L|swing
2024-12-24 12:50:00-05:00,2024-12-24 12:50:00-05:00,2024-12-24 13:04:00-05:00,L,21988.5,22035.25,21941.25,47.25,91.5,0.9682539682539683,time,1,L|swing
2024-12-26 09:53:00-05:00,2024-12-26 09:53:00-05:00,2024-12-26 10:38:00-05:00,S,21879.0,22009.0,22008.75,129.75,-262.0,-1.0096339113680155,SL,1,S|swing
2024-12-26 11:14:00-05:00,2024-12-26 11:14:00-05:00,2024-12-26 15:59:00-05:00,L,22012.5,22007.0,21966.5,46.0,-13.0,-0.14130434782608695,time,1,L|swing
2024-12-27 10:02:00-05:00,2024-12-27 10:02:00-05:00,2024-12-27 15:59:00-05:00,S,21631.75,21703.25,21823.75,192.0,-145.0,-0.3776041666666667,time,1,S|swing
2024-12-30 09:47:00-05:00,2024-12-30 09:47:00-05:00,2024-12-30 11:20:00-05:00,S,21319.25,21417.5,21417.25,98.0,-198.5,-1.0127551020408163,SL,1,S|swing
2024-12-30 12:44:00-05:00,2024-12-30 12:44:00-05:00,2024-12-30 15:28:00-05:00,L,21538.25,21470.25,21470.5,67.75,-138.0,-1.018450184501845,SL,1,L|swing
2024-12-31 10:08:00-05:00,2024-12-31 10:08:00-05:00,2024-12-31 10:27:00-05:00,S,21360.25,21459.75,21459.5,99.25,-201.0,-1.012594458438287,SL,1,S|swing
2024-12-31 11:02:00-05:00,2024-12-31 11:02:00-05:00,2024-12-31 12:32:00-05:00,S,21357.75,21252.5,21428.5,70.75,208.5,1.4734982332155477,TP,1,S|swing
2024-12-31 14:02:00-05:00,2024-12-31 14:02:00-05:00,2024-12-31 14:10:00-05:00,S,21198.5,21266.75,21266.5,68.0,-138.5,-1.0183823529411764,SL,1,S|swing
2025-01-02 09:35:00-05:00,2025-01-02 09:35:00-05:00,2025-01-02 09:55:00-05:00,S,21225.0,21395.75,21395.5,170.5,-343.5,-1.0073313782991202,SL,1,S|swing
2025-01-02 09:56:00-05:00,2025-01-02 09:56:00-05:00,2025-01-02 12:29:00-05:00,L,21392.25,21166.0,21166.25,226.0,-454.5,-1.0055309734513274,SL,1,L|swing
2025-01-02 14:59:00-05:00,2025-01-02 14:59:00-05:00,2025-01-02 15:11:00-05:00,S,21063.0,21146.0,21145.75,82.75,-168.0,-1.0151057401812689,SL,1,S|swing
2025-01-03 11:29:00-05:00,2025-01-03 11:29:00-05:00,2025-01-03 15:59:00-05:00,L,21426.75,21508.0,21336.0,90.75,160.5,0.8842975206611571,time,1,L|swing
2025-01-06 09:35:00-05:00,2025-01-06 09:35:00-05:00,2025-01-06 15:59:00-05:00,L,21762.5,21749.75,21641.0,121.5,-27.5,-0.11316872427983539,time,1,L|swing
2025-01-07 09:35:00-05:00,2025-01-07 09:35:00-05:00,2025-01-07 10:01:00-05:00,S,21733.5,21624.75,21806.5,73.0,215.5,1.476027397260274,TP,1,S|swing
2025-01-07 10:02:00-05:00,2025-01-07 10:02:00-05:00,2025-01-07 12:46:00-05:00,S,21635.5,21396.75,21795.25,159.75,475.5,1.488262910798122,TP,1,S|swing
2025-01-07 12:50:00-05:00,2025-01-07 12:50:00-05:00,2025-01-07 13:05:00-05:00,S,21403.5,21467.0,21466.75,63.25,-129.0,-1.0197628458498025,SL,1,S|swing
2025-01-07 14:38:00-05:00,2025-01-07 14:38:00-05:00,2025-01-07 15:21:00-05:00,S,21422.75,21345.25,21475.0,52.25,153.0,1.4641148325358853,TP,1,S|swing
2025-01-08 09:38:00-05:00,2025-01-08 09:38:00-05:00,2025-01-08 10:02:00-05:00,S,21324.0,21385.25,21385.0,61.0,-124.5,-1.0204918032786885,SL,1,S|swing
2025-01-08 10:14:00-05:00,2025-01-08 10:14:00-05:00,2025-01-08 11:41:00-05:00,S,21244.0,21406.5,21406.25,162.25,-327.0,-1.007704160246533,SL,1,S|swing
2025-01-08 12:08:00-05:00,2025-01-08 12:08:00-05:00,2025-01-08 12:31:00-05:00,S,21317.5,21166.25,21419.0,101.5,300.5,1.480295566502463,TP,1,S|swing
2025-01-08 14:29:00-05:00,2025-01-08 14:29:00-05:00,2025-01-08 15:59:00-05:00,L,21418.25,21360.0,21286.5,131.75,-118.5,-0.4497153700189753,time,1,L|swing
2025-01-10 09:41:00-05:00,2025-01-10 09:41:00-05:00,2025-01-10 10:06:00-05:00,S,21086.75,20921.5,21197.5,110.75,328.5,1.4830699774266365,TP,1,S|swing
2025-01-10 11:38:00-05:00,2025-01-10 11:38:00-05:00,2025-01-10 11:45:00-05:00,S,20906.75,20975.25,20975.0,68.25,-139.0,-1.0183150183150182,SL,1,S|swing
2025-01-10 13:50:00-05:00,2025-01-10 13:50:00-05:00,2025-01-10 14:09:00-05:00,L,21143.25,21067.25,21067.5,75.75,-154.0,-1.0165016501650166,SL,1,L|swing
2025-01-13 10:14:00-05:00,2025-01-13 10:14:00-05:00,2025-01-13 10:44:00-05:00,S,20772.5,20856.25,20856.0,83.5,-169.5,-1.0149700598802396,SL,1,S|swing
2025-01-13 11:56:00-05:00,2025-01-13 11:56:00-05:00,2025-01-13 12:19:00-05:00,S,20749.25,20827.25,20827.0,77.75,-158.0,-1.0160771704180065,SL,1,S|swing
2025-01-13 12:20:00-05:00,2025-01-13 12:20:00-05:00,2025-01-13 15:59:00-05:00,L,20835.0,20947.75,20718.25,116.75,223.5,0.9571734475374732,time,1,L|swing
2025-01-14 09:38:00-05:00,2025-01-14 09:38:00-05:00,2025-01-14 09:53:00-05:00,L,21113.5,21017.5,21017.75,95.75,-194.0,-1.0130548302872062,SL,1,L|swing
2025-01-14 11:02:00-05:00,2025-01-14 11:02:00-05:00,2025-01-14 15:59:00-05:00,S,20901.5,20924.0,21020.75,119.25,-47.0,-0.1970649895178197,time,1,S|swing
2025-01-15 09:44:00-05:00,2025-01-15 09:44:00-05:00,2025-01-15 15:59:00-05:00,L,21297.25,21395.75,21186.25,111.0,195.0,0.8783783783783784,time,1,L|swing
2025-01-16 09:47:00-05:00,2025-01-16 09:47:00-05:00,2025-01-16 15:59:00-05:00,S,21379.75,21248.25,21500.25,120.5,261.0,1.0829875518672198,time,1,S|swing
2025-01-17 10:59:00-05:00,2025-01-17 10:59:00-05:00,2025-01-17 15:59:00-05:00,L,21594.25,21600.0,21515.25,79.0,9.5,0.060126582278481014,time,1,L|swing
2025-01-20 11:02:00-05:00,2025-01-20 11:02:00-05:00,2025-01-20 12:26:00-05:00,L,21706.25,21640.5,21640.75,65.5,-133.5,-1.0190839694656488,SL,1,L|swing
2025-01-21 10:11:00-05:00,2025-01-21 10:11:00-05:00,2025-01-21 11:59:00-05:00,S,21566.0,21676.75,21676.5,110.5,-223.5,-1.01131221719457,SL,1,S|swing
2025-01-21 12:26:00-05:00,2025-01-21 12:26:00-05:00,2025-01-21 12:53:00-05:00,L,21683.0,21732.75,21649.25,33.75,97.5,1.4444444444444444,TP,1,L|swing
2025-01-21 14:11:00-05:00,2025-01-21 14:11:00-05:00,2025-01-21 14:15:00-05:00,L,21759.75,21735.25,21735.5,24.25,-51.0,-1.0515463917525774,SL,1,L|swing
2025-01-22 09:50:00-05:00,2025-01-22 09:50:00-05:00,2025-01-22 15:59:00-05:00,L,21985.0,21997.0,21898.5,86.5,22.0,0.12716763005780346,time,1,L|swing
2025-01-23 10:35:00-05:00,2025-01-23 10:35:00-05:00,2025-01-23 15:53:00-05:00,L,21919.25,21996.75,21867.0,52.25,153.0,1.4641148325358853,TP,1,L|swing
2025-01-24 09:38:00-05:00,2025-01-24 09:38:00-05:00,2025-01-24 09:45:00-05:00,S,22006.0,22053.25,22053.0,47.0,-96.5,-1.0265957446808511,SL,1,S|swing
2025-01-24 09:50:00-05:00,2025-01-24 09:50:00-05:00,2025-01-24 10:16:00-05:00,L,22055.5,21999.5,21999.75,55.75,-114.0,-1.0224215246636772,SL,1,L|swing
2025-01-24 10:20:00-05:00,2025-01-24 10:20:00-05:00,2025-01-24 13:56:00-05:00,S,21995.25,21871.75,22078.25,83.0,245.0,1.4759036144578312,TP,1,S|swing
2025-01-27 10:29:00-05:00,2025-01-27 10:29:00-05:00,2025-01-27 11:23:00-05:00,L,21367.75,21227.0,21227.25,140.5,-283.5,-1.008896797153025,SL,1,L|swing
2025-01-27 11:41:00-05:00,2025-01-27 11:41:00-05:00,2025-01-27 15:59:00-05:00,S,21191.25,21258.75,21292.25,101.0,-137.0,-0.6782178217821783,time,1,S|swing
2025-01-28 10:02:00-05:00,2025-01-28 10:02:00-05:00,2025-01-28 14:40:00-05:00,L,21334.0,21593.25,21160.5,173.5,516.5,1.4884726224783862,TP,1,L|swing
2025-01-29 10:26:00-05:00,2025-01-29 10:26:00-05:00,2025-01-29 13:03:00-05:00,S,21497.25,21396.25,21565.25,68.0,200.0,1.4705882352941178,TP,1,S|swing
2025-01-29 14:05:00-05:00,2025-01-29 14:05:00-05:00,2025-01-29 14:39:00-05:00,S,21426.25,21494.75,21494.5,68.25,-139.0,-1.0183150183150182,SL,1,S|swing
2025-01-30 09:35:00-05:00,2025-01-30 09:35:00-05:00,2025-01-30 09:46:00-05:00,S,21602.0,21669.25,21669.0,67.0,-136.5,-1.0186567164179106,SL,1,S|swing
2025-01-30 09:47:00-05:00,2025-01-30 09:47:00-05:00,2025-01-30 10:02:00-05:00,L,21692.25,21596.75,21597.0,95.25,-193.0,-1.0131233595800524,SL,1,L|swing
2025-01-30 10:05:00-05:00,2025-01-30 10:05:00-05:00,2025-01-30 15:59:00-05:00,S,21588.0,21624.5,21749.0,161.0,-75.0,-0.2329192546583851,time,1,S|swing
2025-01-31 09:53:00-05:00,2025-01-31 09:53:00-05:00,2025-01-31 13:34:00-05:00,L,21846.25,21753.0,21753.25,93.0,-188.5,-1.0134408602150538,SL,1,L|swing
2025-01-31 14:08:00-05:00,2025-01-31 14:08:00-05:00,2025-01-31 15:59:00-05:00,S,21696.75,21580.5,21812.75,116.0,230.5,0.9935344827586207,time,1,S|swing
2025-02-03 10:02:00-05:00,2025-02-03 10:02:00-05:00,2025-02-03 10:24:00-05:00,S,21158.5,21315.25,21315.0,156.5,-315.5,-1.0079872204472844,SL,1,S|swing
2025-02-03 12:23:00-05:00,2025-02-03 12:23:00-05:00,2025-02-03 12:37:00-05:00,L,21424.0,21363.5,21363.75,60.25,-123.0,-1.020746887966805,SL,1,L|swing
2025-02-03 13:32:00-05:00,2025-02-03 13:32:00-05:00,2025-02-03 15:59:00-05:00,L,21432.75,21406.5,21355.75,77.0,-54.5,-0.3538961038961039,time,1,L|swing
2025-02-04 09:50:00-05:00,2025-02-04 09:50:00-05:00,2025-02-04 15:59:00-05:00,L,21524.0,21667.75,21404.75,119.25,285.5,1.1970649895178198,time,1,L|swing
2025-02-05 11:05:00-05:00,2025-02-05 11:05:00-05:00,2025-02-05 11:17:00-05:00,L,21605.0,21569.25,21569.5,35.5,-73.5,-1.0352112676056338,SL,1,L|swing
2025-02-05 11:35:00-05:00,2025-02-05 11:35:00-05:00,2025-02-05 15:21:00-05:00,L,21634.25,21742.25,21561.75,72.5,214.0,1.4758620689655173,TP,1,L|swing
2025-02-06 09:44:00-05:00,2025-02-06 09:44:00-05:00,2025-02-06 14:33:00-05:00,L,21789.0,21737.5,21737.75,51.25,-105.0,-1.024390243902439,SL,1,L|swing
2025-02-07 10:14:00-05:00,2025-02-07 10:14:00-05:00,2025-02-07 15:59:00-05:00,S,21719.5,21588.5,21960.0,240.5,260.0,0.5405405405405406,time,1,S|swing
2025-02-10 09:44:00-05:00,2025-02-10 09:44:00-05:00,2025-02-10 10:40:00-05:00,L,21799.25,21884.25,21742.0,57.25,168.0,1.4672489082969433,TP,1,L|swing
2025-02-10 11:56:00-05:00,2025-02-10 11:56:00-05:00,2025-02-10 12:08:00-05:00,L,21863.75,21835.25,21835.5,28.25,-59.0,-1.0442477876106195,SL,1,L|swing
2025-02-10 12:56:00-05:00,2025-02-10 12:56:00-05:00,2025-02-10 15:59:00-05:00,L,21861.75,21842.75,21822.75,39.0,-40.0,-0.5128205128205128,time,1,L|swing
2025-02-11 10:02:00-05:00,2025-02-11 10:02:00-05:00,2025-02-11 12:04:00-05:00,L,21808.5,21748.0,21748.25,60.25,-123.0,-1.020746887966805,SL,1,L|swing
2025-02-11 13:11:00-05:00,2025-02-11 13:11:00-05:00,2025-02-11 13:30:00-05:00,S,21751.75,21782.0,21781.75,30.0,-62.5,-1.0416666666666667,SL,1,S|swing
2025-02-11 13:32:00-05:00,2025-02-11 13:32:00-05:00,2025-02-11 15:59:00-05:00,L,21799.5,21790.0,21747.5,52.0,-21.0,-0.20192307692307693,time,1,L|swing
2025-02-12 10:38:00-05:00,2025-02-12 10:38:00-05:00,2025-02-12 15:59:00-05:00,L,21753.5,21801.5,21580.25,173.25,94.0,0.2712842712842713,time,1,L|swing
2025-02-13 09:38:00-05:00,2025-02-13 09:38:00-05:00,2025-02-13 10:02:00-05:00,S,21838.0,21951.5,21951.25,113.25,-229.0,-1.011037527593819,SL,1,S|swing
2025-02-13 10:20:00-05:00,2025-02-13 10:20:00-05:00,2025-02-13 15:59:00-05:00,L,21984.0,22108.75,21868.5,115.5,247.5,1.0714285714285714,time,1,L|swing
2025-02-14 10:11:00-05:00,2025-02-14 10:11:00-05:00,2025-02-14 12:30:00-05:00,L,22153.5,22094.0,22094.25,59.25,-121.0,-1.021097046413502,SL,1,L|swing
2025-02-14 12:47:00-05:00,2025-02-14 12:47:00-05:00,2025-02-14 13:02:00-05:00,L,22121.75,22166.25,22091.5,30.25,87.0,1.43801652892562,TP,1,L|swing
2025-02-14 13:35:00-05:00,2025-02-14 13:35:00-05:00,2025-02-14 15:59:00-05:00,L,22178.5,22194.25,22144.5,34.0,29.5,0.4338235294117647,time,1,L|swing
2025-02-17 11:35:00-05:00,2025-02-17 11:35:00-05:00,2025-02-17 12:49:00-05:00,S,22239.25,22238.75,22252.5,13.25,-1.0,-0.03773584905660377,time,1,S|swing
2025-02-18 09:44:00-05:00,2025-02-18 09:44:00-05:00,2025-02-18 15:59:00-05:00,S,22220.5,22239.0,22314.25,93.75,-39.0,-0.208,time,1,S|swing
2025-02-19 09:50:00-05:00,2025-02-19 09:50:00-05:00,2025-02-19 11:11:00-05:00,S,22168.25,22222.0,22221.75,53.5,-109.5,-1.0233644859813085,SL,1,S|swing
2025-02-19 11:41:00-05:00,2025-02-19 11:41:00-05:00,2025-02-19 13:11:00-05:00,L,22228.75,22204.0,22204.25,24.5,-51.5,-1.0510204081632653,SL,1,L|swing
2025-02-19 13:38:00-05:00,2025-02-19 13:38:00-05:00,2025-02-19 15:59:00-05:00,L,22260.0,22246.5,22194.5,65.5,-29.0,-0.22137404580152673,time,1,L|swing
2025-02-20 09:35:00-05:00,2025-02-20 09:35:00-05:00,2025-02-20 09:52:00-05:00,S,22180.5,22111.25,22227.25,46.75,136.5,1.4598930481283423,TP,1,S|swing
2025-02-20 10:44:00-05:00,2025-02-20 10:44:00-05:00,2025-02-20 10:59:00-05:00,S,22058.75,21985.25,22108.25,49.5,145.0,1.4646464646464648,TP,1,S|swing
2025-02-20 12:50:00-05:00,2025-02-20 12:50:00-05:00,2025-02-20 14:12:00-05:00,S,22064.25,22098.5,22098.25,34.0,-70.5,-1.036764705882353,SL,1,S|swing
2025-02-20 14:50:00-05:00,2025-02-20 14:50:00-05:00,2025-02-20 15:59:00-05:00,L,22120.5,22145.0,22054.75,65.75,47.0,0.3574144486692015,time,1,L|swing
2025-02-21 10:05:00-05:00,2025-02-21 10:05:00-05:00,2025-02-21 12:16:00-05:00,S,22079.75,21937.25,22175.25,95.5,283.0,1.4816753926701571,TP,1,S|swing
2025-02-21 12:38:00-05:00,2025-02-21 12:38:00-05:00,2025-02-21 14:21:00-05:00,S,21877.25,21725.25,21979.25,102.0,302.0,1.4803921568627452,TP,1,S|swing
2025-02-24 10:29:00-05:00,2025-02-24 10:29:00-05:00,2025-02-24 11:26:00-05:00,S,21506.75,21585.75,21585.5,78.75,-160.0,-1.0158730158730158,SL,1,S|swing
2025-02-24 12:59:00-05:00,2025-02-24 12:59:00-05:00,2025-02-24 13:18:00-05:00,S,21605.0,21660.5,21660.25,55.25,-113.0,-1.0226244343891402,SL,1,S|swing
2025-02-24 13:50:00-05:00,2025-02-24 13:50:00-05:00,2025-02-24 14:19:00-05:00,S,21623.75,21575.75,21656.25,32.5,94.0,1.4461538461538461,TP,1,S|swing
2025-02-24 14:53:00-05:00,2025-02-24 14:53:00-05:00,2025-02-24 15:43:00-05:00,S,21561.25,21509.75,21596.25,35.0,101.0,1.4428571428571428,TP,1,S|swing
2025-02-25 10:02:00-05:00,2025-02-25 10:02:00-05:00,2025-02-25 15:59:00-05:00,S,21205.25,21150.5,21397.75,192.5,107.5,0.2792207792207792,time,1,S|swing
2025-02-26 09:53:00-05:00,2025-02-26 09:53:00-05:00,2025-02-26 13:29:00-05:00,L,21285.75,21188.0,21188.25,97.5,-197.5,-1.0128205128205128,SL,1,L|swing
2025-02-26 13:41:00-05:00,2025-02-26 13:41:00-05:00,2025-02-26 15:59:00-05:00,S,21156.5,21192.25,21252.5,96.0,-73.5,-0.3828125,time,1,S|swing
2025-02-27 09:41:00-05:00,2025-02-27 09:41:00-05:00,2025-02-27 09:56:00-05:00,S,21243.25,21037.25,21381.25,138.0,410.0,1.4855072463768115,TP,1,S|swing
2025-02-27 10:56:00-05:00,2025-02-27 10:56:00-05:00,2025-02-27 11:16:00-05:00,S,21027.0,21145.75,21145.5,118.5,-239.5,-1.010548523206751,SL,1,S|swing
2025-02-27 11:50:00-05:00,2025-02-27 11:50:00-05:00,2025-02-27 14:29:00-05:00,S,21054.0,20906.25,21153.0,99.0,293.5,1.4823232323232323,TP,1,S|swing
2025-02-28 10:14:00-05:00,2025-02-28 10:14:00-05:00,2025-02-28 12:59:00-05:00,L,20693.0,20540.5,20540.75,152.25,-307.0,-1.0082101806239738,SL,1,L|swing
2025-02-28 13:17:00-05:00,2025-02-28 13:17:00-05:00,2025-02-28 13:30:00-05:00,S,20526.25,20623.0,20622.75,96.5,-195.5,-1.0129533678756477,SL,1,S|swing
2025-02-28 13:56:00-05:00,2025-02-28 13:56:00-05:00,2025-02-28 14:38:00-05:00,S,20574.25,20667.5,20667.25,93.0,-188.5,-1.0134408602150538,SL,1,S|swing
2025-03-03 10:59:00-05:00,2025-03-03 10:59:00-05:00,2025-03-03 13:32:00-05:00,S,20858.0,20661.75,20989.5,131.5,390.5,1.484790874524715,TP,1,S|swing
2025-03-03 14:53:00-05:00,2025-03-03 14:53:00-05:00,2025-03-03 15:59:00-05:00,S,20615.75,20473.5,20820.0,204.25,282.5,0.6915544675642595,time,1,S|swing
2025-03-04 09:59:00-05:00,2025-03-04 09:59:00-05:00,2025-03-04 12:28:00-05:00,S,20230.75,20430.5,20430.25,199.5,-401.5,-1.006265664160401,SL,1,S|swing
2025-03-04 12:56:00-05:00,2025-03-04 12:56:00-05:00,2025-03-04 13:10:00-05:00,S,20336.0,20433.25,20433.0,97.0,-196.5,-1.0128865979381443,SL,1,S|swing
2025-03-04 13:11:00-05:00,2025-03-04 13:11:00-05:00,2025-03-04 15:10:00-05:00,L,20456.0,20671.5,20311.75,144.25,429.0,1.4870017331022531,TP,1,L|swing
2025-03-05 09:38:00-05:00,2025-03-05 09:38:00-05:00,2025-03-05 10:00:00-05:00,S,20328.75,20466.0,20465.75,137.0,-276.5,-1.0091240875912408,SL,1,S|swing
2025-03-05 11:08:00-05:00,2025-03-05 11:08:00-05:00,2025-03-05 12:21:00-05:00,S,20324.75,20440.5,20440.25,115.5,-233.5,-1.0108225108225108,SL,1,S|swing
2025-03-05 12:53:00-05:00,2025-03-05 12:53:00-05:00,2025-03-05 15:59:00-05:00,L,20566.0,20657.75,20433.0,133.0,181.5,0.6823308270676691,time,1,L|swing
2025-03-06 10:17:00-05:00,2025-03-06 10:17:00-05:00,2025-03-06 11:58:00-05:00,L,20434.25,20253.0,20253.25,181.0,-364.5,-1.0069060773480663,SL,1,L|swing
2025-03-06 12:17:00-05:00,2025-03-06 12:17:00-05:00,2025-03-06 15:59:00-05:00,S,20153.25,20094.25,20353.75,200.5,116.0,0.2892768079800499,time,1,S|swing
2025-03-07 10:17:00-05:00,2025-03-07 10:17:00-05:00,2025-03-07 11:41:00-05:00,S,20068.75,19809.0,20242.5,173.75,517.5,1.4892086330935252,TP,1,S|swing
2025-03-07 13:05:00-05:00,2025-03-07 13:05:00-05:00,2025-03-07 15:59:00-05:00,L,20113.25,20224.5,19906.75,206.5,220.5,0.5338983050847458,time,1,L|swing
2025-03-10 09:53:00-04:00,2025-03-10 09:53:00-04:00,2025-03-10 10:46:00-04:00,S,19779.25,19595.75,19902.25,123.0,365.0,1.483739837398374,TP,1,S|swing
2025-03-10 11:56:00-04:00,2025-03-10 11:56:00-04:00,2025-03-10 14:06:00-04:00,S,19585.5,19410.25,19703.0,117.5,348.5,1.4829787234042553,TP,1,S|swing
2025-03-10 14:08:00-04:00,2025-03-10 14:08:00-04:00,2025-03-10 14:11:00-04:00,S,19407.75,19483.5,19483.25,75.5,-153.5,-1.0165562913907285,SL,1,S|swing
2025-03-10 14:41:00-04:00,2025-03-10 14:41:00-04:00,2025-03-10 15:27:00-04:00,S,19396.5,19484.0,19483.75,87.25,-177.0,-1.0143266475644699,SL,1,S|swing
2025-03-11 09:38:00-04:00,2025-03-11 09:38:00-04:00,2025-03-11 10:04:00-04:00,L,19496.0,19386.0,19386.25,109.75,-222.0,-1.0113895216400912,SL,1,L|swing
2025-03-11 10:29:00-04:00,2025-03-11 10:29:00-04:00,2025-03-11 14:45:00-04:00,S,19321.75,19614.0,19613.75,292.0,-586.5,-1.0042808219178083,SL,1,S|swing
2025-03-12 09:35:00-04:00,2025-03-12 09:35:00-04:00,2025-03-12 09:48:00-04:00,L,19744.75,19665.0,19665.25,79.5,-161.5,-1.0157232704402517,SL,1,L|swing
2025-03-12 10:32:00-04:00,2025-03-12 10:32:00-04:00,2025-03-12 12:36:00-04:00,S,19558.25,19725.5,19725.25,167.0,-336.5,-1.0074850299401197,SL,1,S|swing
2025-03-12 13:56:00-04:00,2025-03-12 13:56:00-04:00,2025-03-12 15:59:00-04:00,S,19559.0,19609.5,19720.0,161.0,-103.0,-0.3198757763975155,time,1,S|swing
2025-03-13 09:41:00-04:00,2025-03-13 09:41:00-04:00,2025-03-13 09:53:00-04:00,S,19528.0,19434.75,19590.75,62.75,184.5,1.4701195219123506,TP,1,S|swing
2025-03-13 11:08:00-04:00,2025-03-13 11:08:00-04:00,2025-03-13 12:47:00-04:00,S,19393.0,19245.0,19492.25,99.25,294.0,1.4811083123425692,TP,1,S|swing
2025-03-13 13:11:00-04:00,2025-03-13 13:11:00-04:00,2025-03-13 14:44:00-04:00,S,19232.0,19365.75,19365.5,133.5,-269.5,-1.0093632958801497,SL,1,S|swing
2025-03-14 09:35:00-04:00,2025-03-14 09:35:00-04:00,2025-03-14 10:00:00-04:00,L,19564.75,19449.5,19449.75,115.0,-232.5,-1.0108695652173914,SL,1,L|swing
2025-03-14 10:38:00-04:00,2025-03-14 10:38:00-04:00,2025-03-14 11:20:00-04:00,L,19528.5,19653.25,19444.75,83.75,247.5,1.4776119402985075,TP,1,L|swing
2025-03-14 11:23:00-04:00,2025-03-14 11:23:00-04:00,2025-03-14 15:59:00-04:00,L,19654.25,19705.0,19542.0,112.25,99.5,0.44320712694877507,time,1,L|swing
2025-03-17 11:05:00-04:00,2025-03-17 11:05:00-04:00,2025-03-17 13:25:00-04:00,S,19670.5,19760.0,19759.75,89.25,-181.0,-1.0140056022408963,SL,1,S|swing
2025-03-17 14:11:00-04:00,2025-03-17 14:11:00-04:00,2025-03-17 14:47:00-04:00,L,19857.0,19945.25,19797.5,59.5,174.5,1.4663865546218486,TP,1,L|swing
2025-03-18 11:02:00-04:00,2025-03-18 11:02:00-04:00,2025-03-18 12:29:00-04:00,S,19415.25,19530.5,19530.25,115.0,-232.5,-1.0108695652173914,SL,1,S|swing
2025-03-18 12:44:00-04:00,2025-03-18 12:44:00-04:00,2025-03-18 14:49:00-04:00,S,19484.5,19549.75,19549.5,65.0,-132.5,-1.0192307692307692,SL,1,S|swing
2025-03-19 09:44:00-04:00,2025-03-19 09:44:00-04:00,2025-03-19 09:54:00-04:00,S,19521.5,19611.0,19610.75,89.25,-181.0,-1.0140056022408963,SL,1,S|swing
2025-03-19 09:56:00-04:00,2025-03-19 09:56:00-04:00,2025-03-19 15:00:00-04:00,L,19635.5,19833.25,19503.0,132.5,393.5,1.4849056603773585,TP,1,L|swing
2025-03-24 09:47:00-04:00,2025-03-24 09:47:00-04:00,2025-03-24 15:55:00-04:00,L,20301.0,20408.75,20228.5,72.5,213.5,1.4724137931034482,TP,1,L|swing
2025-03-25 10:29:00-04:00,2025-03-25 10:29:00-04:00,2025-03-25 15:59:00-04:00,L,20454.0,20488.0,20370.75,83.25,66.0,0.3963963963963964,time,1,L|swing
2025-03-26 09:50:00-04:00,2025-03-26 09:50:00-04:00,2025-03-26 10:20:00-04:00,S,20395.0,20275.5,20475.25,80.25,237.0,1.4766355140186915,TP,1,S|swing
2025-03-26 11:44:00-04:00,2025-03-26 11:44:00-04:00,2025-03-26 12:55:00-04:00,S,20251.75,20149.25,20320.75,69.0,203.0,1.4710144927536233,TP,1,S|swing
2025-03-26 12:56:00-04:00,2025-03-26 12:56:00-04:00,2025-03-26 15:59:00-04:00,S,20137.25,20112.75,20218.0,80.75,47.0,0.29102167182662536,time,1,S|swing
2025-03-27 10:29:00-04:00,2025-03-27 10:29:00-04:00,2025-03-27 12:51:00-04:00,L,20121.5,20027.25,20027.5,94.0,-190.5,-1.0132978723404256,SL,1,L|swing
2025-03-28 10:05:00-04:00,2025-03-28 10:05:00-04:00,2025-03-28 10:27:00-04:00,S,19823.75,19648.0,19941.5,117.75,349.5,1.484076433121019,TP,1,S|swing
2025-03-28 11:02:00-04:00,2025-03-28 11:02:00-04:00,2025-03-28 15:33:00-04:00,S,19564.75,19437.25,19650.25,85.5,253.0,1.4795321637426901,TP,1,S|swing
2025-03-31 09:44:00-04:00,2025-03-31 09:44:00-04:00,2025-03-31 11:24:00-04:00,S,19004.0,19212.75,19212.5,208.5,-419.5,-1.0059952038369304,SL,1,S|swing
2025-03-31 11:53:00-04:00,2025-03-31 11:53:00-04:00,2025-03-31 14:41:00-04:00,L,19259.25,19403.75,19162.25,97.0,287.0,1.4793814432989691,TP,1,L|swing
2025-03-31 14:53:00-04:00,2025-03-31 14:53:00-04:00,2025-03-31 15:59:00-04:00,L,19414.25,19450.0,19339.75,74.5,69.5,0.4664429530201342,time,1,L|swing
2025-04-01 09:47:00-04:00,2025-04-01 09:47:00-04:00,2025-04-01 10:07:00-04:00,L,19435.25,19337.75,19338.0,97.25,-197.0,-1.012853470437018,SL,1,L|swing
2025-04-01 10:08:00-04:00,2025-04-01 10:08:00-04:00,2025-04-01 10:43:00-04:00,S,19330.5,19462.75,19462.5,132.0,-266.5,-1.009469696969697,SL,1,S|swing
2025-04-01 10:53:00-04:00,2025-04-01 10:53:00-04:00,2025-04-01 15:59:00-04:00,L,19477.75,19603.0,19308.75,169.0,248.5,0.735207100591716,time,1,L|swing
2025-04-02 10:02:00-04:00,2025-04-02 10:02:00-04:00,2025-04-02 15:59:00-04:00,L,19607.75,19746.25,19345.0,262.75,275.0,0.5233111322549953,time,1,L|swing
2025-04-03 10:05:00-04:00,2025-04-03 10:05:00-04:00,2025-04-03 11:07:00-04:00,S,18934.0,18724.5,19074.25,140.25,417.0,1.4866310160427807,TP,1,S|swing
2025-04-03 12:53:00-04:00,2025-04-03 12:53:00-04:00,2025-04-03 15:18:00-04:00,S,18885.0,18730.75,18988.5,103.5,306.5,1.4806763285024154,TP,1,S|swing
2025-04-04 09:38:00-04:00,2025-04-04 09:38:00-04:00,2025-04-04 10:36:00-04:00,S,18096.5,17868.75,18249.0,152.5,453.5,1.4868852459016393,TP,1,S|swing
2025-04-04 12:17:00-04:00,2025-04-04 12:17:00-04:00,2025-04-04 15:59:00-04:00,S,17814.5,17536.0,18020.5,206.0,555.0,1.3470873786407767,time,1,S|swing
2025-04-07 09:59:00-04:00,2025-04-07 09:59:00-04:00,2025-04-07 10:15:00-04:00,L,17274.5,18175.5,16673.25,601.25,1800.0,1.496881496881497,TP,1,L|swing
2025-04-07 11:02:00-04:00,2025-04-07 11:02:00-04:00,2025-04-07 11:15:00-04:00,L,17782.75,17160.0,17160.25,622.5,-1247.5,-1.002008032128514,SL,1,L|swing
2025-04-07 11:41:00-04:00,2025-04-07 11:41:00-04:00,2025-04-07 15:59:00-04:00,L,17511.25,17560.0,17150.5,360.75,95.5,0.13236313236313235,time,1,L|swing
2025-04-08 09:53:00-04:00,2025-04-08 09:53:00-04:00,2025-04-08 11:12:00-04:00,L,18209.0,18061.75,18062.0,147.0,-296.5,-1.0085034013605443,SL,1,L|swing
2025-04-08 11:41:00-04:00,2025-04-08 11:41:00-04:00,2025-04-08 11:52:00-04:00,L,18100.5,17976.0,17976.25,124.25,-251.0,-1.0100603621730382,SL,1,L|swing
2025-04-08 12:17:00-04:00,2025-04-08 12:17:00-04:00,2025-04-08 13:00:00-04:00,S,17912.75,17643.75,18092.75,180.0,536.0,1.488888888888889,TP,1,S|swing
2025-04-08 13:29:00-04:00,2025-04-08 13:29:00-04:00,2025-04-08 13:43:00-04:00,S,17507.75,17734.5,17734.25,226.5,-455.5,-1.0055187637969094,SL,1,S|swing
2025-04-08 14:08:00-04:00,2025-04-08 14:08:00-04:00,2025-04-08 15:10:00-04:00,S,17567.5,17277.0,17761.75,194.25,579.0,1.4903474903474903,TP,1,S|swing
2025-04-09 10:02:00-04:00,2025-04-09 10:02:00-04:00,2025-04-09 10:59:00-04:00,L,17558.75,17231.75,17232.0,326.75,-656.0,-1.0038255547054322,SL,1,L|swing
2025-04-09 11:17:00-04:00,2025-04-09 11:17:00-04:00,2025-04-09 13:19:00-04:00,L,17425.5,17741.5,17214.25,211.25,630.0,1.4911242603550297,TP,1,L|swing
2025-04-09 13:20:00-04:00,2025-04-09 13:20:00-04:00,2025-04-09 14:00:00-04:00,L,18050.25,18994.0,17420.5,629.75,1885.5,1.497022628026995,TP,1,L|swing
2025-04-09 14:29:00-04:00,2025-04-09 14:29:00-04:00,2025-04-09 15:00:00-04:00,L,19043.5,18745.0,18745.25,298.25,-599.0,-1.0041911148365466,SL,1,L|swing
2025-04-10 09:59:00-04:00,2025-04-10 09:59:00-04:00,2025-04-10 11:51:00-04:00,S,18661.5,18346.75,18872.0,210.5,627.5,1.490498812351544,TP,1,S|swing
2025-04-10 12:17:00-04:00,2025-04-10 12:17:00-04:00,2025-04-10 13:02:00-04:00,S,18133.75,18405.5,18405.25,271.5,-545.5,-1.0046040515653776,SL,1,S|swing
2025-04-10 13:14:00-04:00,2025-04-10 13:14:00-04:00,2025-04-10 13:56:00-04:00,S,18122.25,18494.75,18494.5,372.25,-747.0,-1.0033579583613164,SL,1,S|swing
2025-04-10 14:14:00-04:00,2025-04-10 14:14:00-04:00,2025-04-10 14:26:00-04:00,S,18330.25,18597.5,18597.25,267.0,-536.5,-1.0046816479400749,SL,1,S|swing
2025-04-11 09:44:00-04:00,2025-04-11 09:44:00-04:00,2025-04-11 10:21:00-04:00,L,18536.75,18353.0,18353.25,183.5,-369.5,-1.0068119891008174,SL,1,L|swing
2025-04-11 11:23:00-04:00,2025-04-11 11:23:00-04:00,2025-04-11 11:57:00-04:00,S,18333.25,18566.5,18566.25,233.0,-468.5,-1.0053648068669527,SL,1,S|swing
2025-04-11 12:32:00-04:00,2025-04-11 12:32:00-04:00,2025-04-11 13:43:00-04:00,L,18650.75,18829.5,18531.0,119.75,355.5,1.4843423799582462,TP,1,L|swing
2025-04-11 13:44:00-04:00,2025-04-11 13:44:00-04:00,2025-04-11 15:59:00-04:00,L,18823.25,18808.5,18594.5,228.75,-31.5,-0.06885245901639345,time,1,L|swing
2025-04-14 10:05:00-04:00,2025-04-14 10:05:00-04:00,2025-04-14 11:27:00-04:00,L,19170.75,18986.5,18986.75,184.0,-370.5,-1.0067934782608696,SL,1,L|swing
2025-04-14 12:11:00-04:00,2025-04-14 12:11:00-04:00,2025-04-14 13:53:00-04:00,S,18742.75,18930.75,18930.5,187.75,-378.0,-1.0066577896138482,SL,1,S|swing
2025-04-15 10:11:00-04:00,2025-04-15 10:11:00-04:00,2025-04-15 10:18:00-04:00,L,19129.0,19034.75,19035.0,94.0,-190.5,-1.0132978723404256,SL,1,L|swing
2025-04-15 10:44:00-04:00,2025-04-15 10:44:00-04:00,2025-04-15 13:23:00-04:00,L,19070.25,18925.25,18925.5,144.75,-292.0,-1.008635578583765,SL,1,L|swing
2025-04-15 14:14:00-04:00,2025-04-15 14:14:00-04:00,2025-04-15 14:45:00-04:00,S,18907.25,18983.0,18982.75,75.5,-153.5,-1.0165562913907285,SL,1,S|swing
2025-04-16 09:53:00-04:00,2025-04-16 09:53:00-04:00,2025-04-16 11:24:00-04:00,S,18551.75,18679.5,18679.25,127.5,-257.5,-1.0098039215686274,SL,1,S|swing
2025-04-16 11:59:00-04:00,2025-04-16 11:59:00-04:00,2025-04-16 13:41:00-04:00,S,18588.25,18401.75,18713.25,125.0,371.0,1.484,TP,1,S|swing
2025-04-16 14:38:00-04:00,2025-04-16 14:38:00-04:00,2025-04-16 15:54:00-04:00,S,18273.25,18388.0,18387.75,114.5,-231.5,-1.0109170305676856,SL,1,S|swing
2025-04-17 10:20:00-04:00,2025-04-17 10:20:00-04:00,2025-04-17 14:11:00-04:00,S,18364.75,18509.25,18509.0,144.25,-291.0,-1.0086655112651646,SL,1,S|swing
2025-04-17 14:23:00-04:00,2025-04-17 14:23:00-04:00,2025-04-17 14:50:00-04:00,L,18513.75,18442.5,18442.75,71.0,-144.5,-1.017605633802817,SL,1,L|swing
2025-04-17 14:59:00-04:00,2025-04-17 14:59:00-04:00,2025-04-17 15:59:00-04:00,S,18420.0,18373.25,18519.5,99.5,91.5,0.45979899497487436,time,1,S|swing
2025-04-21 09:56:00-04:00,2025-04-21 09:56:00-04:00,2025-04-21 11:32:00-04:00,S,18036.25,17842.5,18166.0,129.75,385.5,1.4855491329479769,TP,1,S|swing
2025-04-21 12:56:00-04:00,2025-04-21 12:56:00-04:00,2025-04-21 15:51:00-04:00,S,17801.75,17875.75,17875.5,73.75,-150.0,-1.0169491525423728,SL,1,S|swing
2025-04-22 09:41:00-04:00,2025-04-22 09:41:00-04:00,2025-04-22 10:10:00-04:00,L,18181.0,18301.75,18100.0,81.0,239.5,1.478395061728395,TP,1,L|swing
2025-04-22 10:41:00-04:00,2025-04-22 10:41:00-04:00,2025-04-22 12:00:00-04:00,L,18308.75,18409.25,18241.25,67.5,199.0,1.474074074074074,TP,1,L|swing
2025-04-22 12:02:00-04:00,2025-04-22 12:02:00-04:00,2025-04-22 13:23:00-04:00,L,18433.0,18286.5,18286.75,146.25,-295.0,-1.0085470085470085,SL,1,L|swing
2025-04-22 13:53:00-04:00,2025-04-22 13:53:00-04:00,2025-04-22 14:36:00-04:00,S,18231.0,18369.25,18369.0,138.0,-278.5,-1.0090579710144927,SL,1,S|swing
2025-04-22 14:47:00-04:00,2025-04-22 14:47:00-04:00,2025-04-22 15:21:00-04:00,L,18374.75,18288.25,18288.5,86.25,-175.0,-1.0144927536231885,SL,1,L|swing
2025-04-23 10:32:00-04:00,2025-04-23 10:32:00-04:00,2025-04-23 11:23:00-04:00,L,19125.0,18972.0,18972.25,152.75,-308.0,-1.0081833060556464,SL,1,L|swing
2025-04-23 11:50:00-04:00,2025-04-23 11:50:00-04:00,2025-04-23 15:59:00-04:00,S,18837.75,18788.25,19030.75,193.0,97.0,0.25129533678756477,time,1,S|swing
2025-04-24 10:20:00-04:00,2025-04-24 10:20:00-04:00,2025-04-24 14:35:00-04:00,L,19108.75,19305.75,18976.75,132.0,392.0,1.4848484848484849,TP,1,L|swing
2025-04-24 14:50:00-04:00,2025-04-24 14:50:00-04:00,2025-04-24 15:04:00-04:00,L,19322.75,19260.25,19260.5,62.25,-127.0,-1.0200803212851406,SL,1,L|swing
2025-04-25 09:35:00-04:00,2025-04-25 09:35:00-04:00,2025-04-25 09:51:00-04:00,L,19337.25,19250.5,19250.75,86.5,-175.5,-1.0144508670520231,SL,1,L|swing
2025-04-25 09:53:00-04:00,2025-04-25 09:53:00-04:00,2025-04-25 10:09:00-04:00,S,19241.0,19363.75,19363.5,122.5,-247.5,-1.010204081632653,SL,1,S|swing
2025-04-25 10:11:00-04:00,2025-04-25 10:11:00-04:00,2025-04-25 10:31:00-04:00,L,19384.25,19235.5,19235.75,148.5,-299.5,-1.0084175084175084,SL,1,L|swing
2025-04-25 11:11:00-04:00,2025-04-25 11:11:00-04:00,2025-04-25 13:04:00-04:00,L,19368.75,19477.75,19295.5,73.25,216.0,1.4744027303754266,TP,1,L|swing
2025-04-25 14:23:00-04:00,2025-04-25 14:23:00-04:00,2025-04-25 15:59:00-04:00,L,19497.5,19529.75,19374.0,123.5,62.5,0.25303643724696356,time,1,L|swing
2025-04-28 09:44:00-04:00,2025-04-28 09:44:00-04:00,2025-04-28 09:58:00-04:00,L,19597.5,19482.25,19482.5,115.0,-232.5,-1.0108695652173914,SL,1,L|swing
2025-04-28 09:59:00-04:00,2025-04-28 09:59:00-04:00,2025-04-28 15:59:00-04:00,S,19464.5,19524.25,19623.0,158.5,-121.5,-0.3832807570977918,time,1,S|swing
2025-04-29 10:05:00-04:00,2025-04-29 10:05:00-04:00,2025-04-29 15:59:00-04:00,L,19570.5,19644.75,19403.75,166.75,146.5,0.43928035982008995,time,1,L|swing
2025-04-30 09:38:00-04:00,2025-04-30 09:38:00-04:00,2025-04-30 10:29:00-04:00,S,19211.0,19308.25,19308.0,97.0,-196.5,-1.0128865979381443,SL,1,S|swing
2025-04-30 11:44:00-04:00,2025-04-30 11:44:00-04:00,2025-04-30 12:25:00-04:00,L,19448.0,19378.5,19378.75,69.25,-141.0,-1.0180505415162455,SL,1,L|swing
2025-04-30 13:02:00-04:00,2025-04-30 13:02:00-04:00,2025-04-30 13:10:00-04:00,L,19447.0,19356.5,19356.75,90.25,-183.0,-1.0138504155124655,SL,1,L|swing
2025-04-30 13:29:00-04:00,2025-04-30 13:29:00-04:00,2025-04-30 15:51:00-04:00,L,19458.0,19639.0,19336.75,121.25,360.0,1.4845360824742269,TP,1,L|swing
2025-05-01 09:35:00-04:00,2025-05-01 09:35:00-04:00,2025-05-01 09:51:00-04:00,S,19932.75,19992.75,19992.5,59.75,-122.0,-1.0209205020920502,SL,1,S|swing
2025-05-01 09:59:00-04:00,2025-05-01 09:59:00-04:00,2025-05-01 10:28:00-04:00,S,19884.5,19998.5,19998.25,113.75,-230.0,-1.010989010989011,SL,1,S|swing
2025-05-01 12:38:00-04:00,2025-05-01 12:38:00-04:00,2025-05-01 15:56:00-04:00,L,19981.75,19908.75,19909.0,72.75,-148.0,-1.0171821305841924,SL,1,L|swing
2025-05-02 10:05:00-04:00,2025-05-02 10:05:00-04:00,2025-05-02 15:59:00-04:00,L,20129.25,20185.25,20019.25,110.0,110.0,0.5,time,1,L|swing
2025-05-05 09:35:00-04:00,2025-05-05 09:35:00-04:00,2025-05-05 09:42:00-04:00,L,20043.75,19987.5,19987.75,56.0,-114.5,-1.0223214285714286,SL,1,L|swing
2025-05-05 10:02:00-04:00,2025-05-05 10:02:00-04:00,2025-05-05 15:59:00-04:00,L,20101.0,20065.25,19985.0,116.0,-73.5,-0.3168103448275862,time,1,L|swing
2025-05-06 09:53:00-04:00,2025-05-06 09:53:00-04:00,2025-05-06 10:17:00-04:00,S,19754.25,19865.0,19864.75,110.5,-223.5,-1.01131221719457,SL,1,S|swing
2025-05-06 10:35:00-04:00,2025-05-06 10:35:00-04:00,2025-05-06 15:59:00-04:00,L,19912.25,19875.5,19783.5,128.75,-75.5,-0.29320388349514565,time,1,L|swing
2025-05-07 10:50:00-04:00,2025-05-07 10:50:00-04:00,2025-05-07 11:07:00-04:00,S,19907.75,19803.25,19978.0,70.25,207.0,1.4733096085409252,TP,1,S|swing
2025-05-07 12:23:00-04:00,2025-05-07 12:23:00-04:00,2025-05-07 12:41:00-04:00,S,19815.0,19860.0,19859.75,44.75,-92.0,-1.0279329608938548,SL,1,S|swing
2025-05-07 13:35:00-04:00,2025-05-07 13:35:00-04:00,2025-05-07 14:00:00-04:00,S,19873.5,19796.0,19925.75,52.25,153.0,1.4641148325358853,TP,1,S|swing
2025-05-07 14:50:00-04:00,2025-05-07 14:50:00-04:00,2025-05-07 14:56:00-04:00,S,19765.0,19859.75,19859.5,94.5,-191.5,-1.0132275132275133,SL,1,S|swing
2025-05-08 10:11:00-04:00,2025-05-08 10:11:00-04:00,2025-05-08 11:23:00-04:00,S,20043.0,20137.5,20137.25,94.25,-191.0,-1.013262599469496,SL,1,S|swing
2025-05-08 12:53:00-04:00,2025-05-08 12:53:00-04:00,2025-05-08 13:34:00-04:00,L,20334.25,20277.75,20278.0,56.25,-115.0,-1.0222222222222221,SL,1,L|swing
2025-05-08 14:32:00-04:00,2025-05-08 14:32:00-04:00,2025-05-08 15:45:00-04:00,L,20292.25,20234.0,20234.25,58.0,-118.5,-1.021551724137931,SL,1,L|swing
2025-05-09 09:35:00-04:00,2025-05-09 09:35:00-04:00,2025-05-09 09:44:00-04:00,L,20265.75,20223.5,20223.75,42.0,-86.5,-1.0297619047619047,SL,1,L|swing
2025-05-09 10:20:00-04:00,2025-05-09 10:20:00-04:00,2025-05-09 10:36:00-04:00,S,20197.5,20081.75,20275.25,77.75,229.5,1.4758842443729903,TP,1,S|swing
2025-05-09 11:23:00-04:00,2025-05-09 11:23:00-04:00,2025-05-09 15:08:00-04:00,S,20125.25,20176.5,20176.25,51.0,-104.5,-1.0245098039215685,SL,1,S|swing
2025-05-12 10:29:00-04:00,2025-05-12 10:29:00-04:00,2025-05-12 12:44:00-04:00,S,20741.0,20850.0,20849.75,108.75,-220.0,-1.0114942528735633,SL,1,S|swing
2025-05-12 13:50:00-04:00,2025-05-12 13:50:00-04:00,2025-05-12 15:00:00-04:00,L,20918.75,20883.5,20883.75,35.0,-72.5,-1.0357142857142858,SL,1,L|swing
2025-05-13 09:35:00-04:00,2025-05-13 09:35:00-04:00,2025-05-13 10:14:00-04:00,L,21061.75,21194.0,20973.0,88.75,262.5,1.4788732394366197,TP,1,L|swing
2025-05-13 10:53:00-04:00,2025-05-13 10:53:00-04:00,2025-05-13 13:36:00-04:00,L,21250.25,21345.25,21186.25,64.0,188.0,1.46875,TP,1,L|swing
2025-05-13 14:20:00-04:00,2025-05-13 14:20:00-04:00,2025-05-13 15:55:00-04:00,L,21313.75,21274.0,21274.25,39.5,-81.5,-1.0316455696202531,SL,1,L|swing
2025-05-14 09:47:00-04:00,2025-05-14 09:47:00-04:00,2025-05-14 12:32:00-04:00,S,21305.0,21405.25,21405.0,100.0,-202.5,-1.0125,SL,1,S|swing
2025-05-14 14:53:00-04:00,2025-05-14 14:53:00-04:00,2025-05-14 15:44:00-04:00,L,21383.5,21334.75,21335.0,48.5,-99.5,-1.0257731958762886,SL,1,L|swing
2025-05-15 09:47:00-04:00,2025-05-15 09:47:00-04:00,2025-05-15 10:01:00-04:00,S,21275.0,21340.0,21339.75,64.75,-132.0,-1.0193050193050193,SL,1,S|swing
2025-05-15 10:35:00-04:00,2025-05-15 10:35:00-04:00,2025-05-15 11:00:00-04:00,S,21263.5,21336.5,21336.25,72.75,-148.0,-1.0171821305841924,SL,1,S|swing
2025-05-15 11:44:00-04:00,2025-05-15 11:44:00-04:00,2025-05-15 15:21:00-04:00,L,21441.5,21371.0,21371.25,70.25,-143.0,-1.0177935943060499,SL,1,L|swing
2025-05-16 09:38:00-04:00,2025-05-16 09:38:00-04:00,2025-05-16 15:06:00-04:00,S,21416.75,21505.0,21504.75,88.0,-178.5,-1.0142045454545454,SL,1,S|swing
2025-05-19 10:02:00-04:00,2025-05-19 10:02:00-04:00,2025-05-19 15:59:00-04:00,L,21396.5,21522.75,21231.0,165.5,250.5,0.756797583081571,time,1,L|swing
2025-05-20 09:47:00-04:00,2025-05-20 09:47:00-04:00,2025-05-20 12:38:00-04:00,S,21365.0,21458.5,21458.25,93.25,-189.0,-1.0134048257372654,SL,1,S|swing
2025-05-20 13:32:00-04:00,2025-05-20 13:32:00-04:00,2025-05-20 14:21:00-04:00,S,21434.0,21374.75,21474.0,40.0,116.5,1.45625,TP,1,S|swing
2025-05-20 14:23:00-04:00,2025-05-20 14:23:00-04:00,2025-05-20 15:02:00-04:00,S,21394.25,21322.25,21442.75,48.5,142.0,1.4639175257731958,TP,1,S|swing
2025-05-21 10:56:00-04:00,2025-05-21 10:56:00-04:00,2025-05-21 12:09:00-04:00,L,21442.5,21547.75,21371.75,70.75,208.5,1.4734982332155477,TP,1,L|swing
2025-05-21 12:47:00-04:00,2025-05-21 12:47:00-04:00,2025-05-21 13:02:00-04:00,L,21546.0,21508.5,21508.75,37.25,-77.0,-1.0335570469798658,SL,1,L|swing
2025-05-21 14:20:00-04:00,2025-05-21 14:20:00-04:00,2025-05-21 15:59:00-04:00,S,21201.25,21149.0,21302.5,101.25,102.5,0.5061728395061729,time,1,S|swing
2025-05-22 09:38:00-04:00,2025-05-22 09:38:00-04:00,2025-05-22 09:52:00-04:00,S,21141.25,21220.0,21219.75,78.5,-159.5,-1.015923566878981,SL,1,S|swing
2025-05-22 09:53:00-04:00,2025-05-22 09:53:00-04:00,2025-05-22 15:59:00-04:00,L,21256.25,21183.5,21113.5,142.75,-147.5,-0.5166374781085814,time,1,L|swing
2025-05-23 11:53:00-04:00,2025-05-23 11:53:00-04:00,2025-05-23 13:05:00-04:00,S,20949.75,21009.75,21009.5,59.75,-122.0,-1.0209205020920502,SL,1,S|swing
2025-05-23 14:05:00-04:00,2025-05-23 14:05:00-04:00,2025-05-23 14:20:00-04:00,L,21074.5,21017.75,21018.0,56.5,-115.5,-1.0221238938053097,SL,1,L|swing
2025-05-26 10:56:00-04:00,2025-05-26 10:56:00-04:00,2025-05-26 11:49:00-04:00,S,21229.0,21273.75,21273.5,44.5,-91.5,-1.0280898876404494,SL,1,S|swing
2025-05-26 12:11:00-04:00,2025-05-26 12:11:00-04:00,2025-05-26 12:49:00-04:00,L,21282.25,21281.75,21264.25,18.0,-3.0,-0.08333333333333333,time,1,L|swing
2025-05-27 10:02:00-04:00,2025-05-27 10:02:00-04:00,2025-05-27 15:59:00-04:00,L,21332.25,21465.5,21193.0,139.25,264.5,0.9497307001795332,time,1,L|swing
2025-05-28 09:38:00-04:00,2025-05-28 09:38:00-04:00,2025-05-28 09:48:00-04:00,L,21532.25,21487.5,21487.75,44.5,-91.5,-1.0280898876404494,SL,1,L|swing
2025-05-28 09:59:00-04:00,2025-05-28 09:59:00-04:00,2025-05-28 15:59:00-04:00,S,21466.5,21373.0,21565.0,98.5,185.0,0.9390862944162437,time,1,S|swing
2025-05-29 10:05:00-04:00,2025-05-29 10:05:00-04:00,2025-05-29 15:59:00-04:00,S,21454.5,21412.0,21606.5,152.0,83.0,0.2730263157894737,time,1,S|swing
2025-05-30 09:35:00-04:00,2025-05-30 09:35:00-04:00,2025-05-30 10:28:00-04:00,S,21315.25,21391.25,21391.0,75.75,-154.0,-1.0165016501650166,SL,1,S|swing
2025-05-30 10:53:00-04:00,2025-05-30 10:53:00-04:00,2025-05-30 11:41:00-04:00,S,21356.25,21291.75,21399.75,43.5,127.0,1.4597701149425288,TP,1,S|swing
2025-05-30 12:17:00-04:00,2025-05-30 12:17:00-04:00,2025-05-30 12:28:00-04:00,S,21275.75,21168.25,21348.0,72.25,213.0,1.4740484429065743,TP,1,S|swing
2025-05-30 14:53:00-04:00,2025-05-30 14:53:00-04:00,2025-05-30 15:17:00-04:00,L,21301.25,21361.25,21260.75,40.5,118.0,1.4567901234567902,TP,1,L|swing
2025-06-02 10:23:00-04:00,2025-06-02 10:23:00-04:00,2025-06-02 15:59:00-04:00,L,21361.0,21533.0,21234.25,126.75,342.0,1.349112426035503,time,1,L|swing
2025-06-03 10:02:00-04:00,2025-06-03 10:02:00-04:00,2025-06-03 15:59:00-04:00,L,21629.25,21703.75,21509.75,119.5,147.0,0.6150627615062761,time,1,L|swing
2025-06-04 10:29:00-04:00,2025-06-04 10:29:00-04:00,2025-06-04 15:59:00-04:00,L,21744.25,21757.25,21640.75,103.5,24.0,0.11594202898550725,time,1,L|swing
2025-06-05 09:47:00-04:00,2025-06-05 09:47:00-04:00,2025-06-05 10:42:00-04:00,S,21704.75,21840.5,21840.25,135.5,-273.5,-1.0092250922509225,SL,1,S|swing
2025-06-05 11:17:00-04:00,2025-06-05 11:17:00-04:00,2025-06-05 12:44:00-04:00,L,21901.75,21802.75,21803.0,98.75,-200.0,-1.0126582278481013,SL,1,L|swing
2025-06-05 13:50:00-04:00,2025-06-05 13:50:00-04:00,2025-06-05 14:02:00-04:00,S,21760.25,21716.5,21790.0,29.75,85.5,1.4369747899159664,TP,1,S|swing
2025-06-05 14:59:00-04:00,2025-06-05 14:59:00-04:00,2025-06-05 15:15:00-04:00,S,21686.25,21606.75,21739.75,53.5,157.0,1.4672897196261683,TP,1,S|swing
2025-06-06 09:38:00-04:00,2025-06-06 09:38:00-04:00,2025-06-06 11:19:00-04:00,L,21823.75,21760.75,21761.0,62.75,-128.0,-1.0199203187250996,SL,1,L|swing
2025-06-06 11:50:00-04:00,2025-06-06 11:50:00-04:00,2025-06-06 12:55:00-04:00,L,21823.0,21742.0,21742.25,80.75,-164.0,-1.0154798761609907,SL,1,L|swing
2025-06-06 12:56:00-04:00,2025-06-06 12:56:00-04:00,2025-06-06 13:23:00-04:00,S,21738.5,21799.5,21799.25,60.75,-124.0,-1.0205761316872428,SL,1,S|swing
2025-06-06 14:35:00-04:00,2025-06-06 14:35:00-04:00,2025-06-06 14:42:00-04:00,L,21865.5,21837.5,21837.75,27.75,-58.0,-1.045045045045045,SL,1,L|swing
2025-06-09 10:11:00-04:00,2025-06-09 10:11:00-04:00,2025-06-09 15:59:00-04:00,L,21832.25,21818.25,21776.5,55.75,-30.0,-0.26905829596412556,time,1,L|swing
2025-06-10 09:41:00-04:00,2025-06-10 09:41:00-04:00,2025-06-10 11:32:00-04:00,L,21875.5,21817.5,21817.75,57.75,-118.0,-1.0216450216450217,SL,1,L|swing
2025-06-10 12:02:00-04:00,2025-06-10 12:02:00-04:00,2025-06-10 15:59:00-04:00,L,21893.25,21964.5,21742.75,150.5,140.5,0.46677740863787376,time,1,L|swing
2025-06-11 09:47:00-04:00,2025-06-11 09:47:00-04:00,2025-06-11 10:25:00-04:00,S,21926.25,22033.25,22033.0,106.75,-216.0,-1.0117096018735363,SL,1,S|swing
2025-06-11 10:53:00-04:00,2025-06-11 10:53:00-04:00,2025-06-11 11:09:00-04:00,L,22052.75,22022.5,22022.75,30.0,-62.5,-1.0416666666666667,SL,1,L|swing
2025-06-11 12:20:00-04:00,2025-06-11 12:20:00-04:00,2025-06-11 15:59:00-04:00,S,21929.5,21888.0,22023.0,93.5,81.0,0.43315508021390375,time,1,S|swing
2025-06-12 09:35:00-04:00,2025-06-12 09:35:00-04:00,2025-06-12 10:07:00-04:00,L,21849.0,21898.0,21815.75,33.25,96.0,1.443609022556391,TP,1,L|swing
2025-06-12 10:08:00-04:00,2025-06-12 10:08:00-04:00,2025-06-12 15:59:00-04:00,L,21898.5,21936.5,21839.5,59.0,74.0,0.6271186440677966,time,1,L|swing
2025-06-13 10:56:00-04:00,2025-06-13 10:56:00-04:00,2025-06-13 14:38:00-04:00,L,21749.75,21617.0,21617.25,132.5,-267.5,-1.009433962264151,SL,1,L|swing
2025-06-16 09:50:00-04:00,2025-06-16 09:50:00-04:00,2025-06-16 15:59:00-04:00,L,21888.25,21948.25,21790.0,98.25,118.0,0.6005089058524173,time,1,L|swing
2025-06-17 09:44:00-04:00,2025-06-17 09:44:00-04:00,2025-06-17 10:00:00-04:00,S,21810.5,21887.0,21886.75,76.25,-155.0,-1.0163934426229508,SL,1,S|swing
2025-06-17 10:11:00-04:00,2025-06-17 10:11:00-04:00,2025-06-17 12:59:00-04:00,L,21890.0,21802.0,21802.25,87.75,-178.0,-1.0142450142450143,SL,1,L|swing
2025-06-17 13:47:00-04:00,2025-06-17 13:47:00-04:00,2025-06-17 15:59:00-04:00,S,21753.75,21730.75,21830.0,76.25,44.0,0.28852459016393445,time,1,S|swing
2025-06-20 10:44:00-04:00,2025-06-20 10:44:00-04:00,2025-06-20 15:59:00-04:00,S,21880.75,21843.0,22003.75,123.0,73.5,0.29878048780487804,time,1,S|swing
2025-06-23 09:47:00-04:00,2025-06-23 09:47:00-04:00,2025-06-23 12:37:00-04:00,L,21896.75,21758.0,21758.25,138.5,-279.5,-1.0090252707581226,SL,1,L|swing
2025-06-23 13:11:00-04:00,2025-06-23 13:11:00-04:00,2025-06-23 15:59:00-04:00,L,21946.25,22072.75,21821.5,124.75,251.0,1.006012024048096,time,1,L|swing
2025-06-24 09:41:00-04:00,2025-06-24 09:41:00-04:00,2025-06-24 12:39:00-04:00,L,22318.5,22405.75,22259.75,58.75,172.5,1.4680851063829787,TP,1,L|swing
2025-06-24 13:41:00-04:00,2025-06-24 13:41:00-04:00,2025-06-24 15:06:00-04:00,L,22407.0,22447.25,22379.5,27.5,78.5,1.4272727272727272,TP,1,L|swing
2025-06-25 11:05:00-04:00,2025-06-25 11:05:00-04:00,2025-06-25 15:59:00-04:00,S,22457.5,22463.25,22524.75,67.25,-13.5,-0.10037174721189591,time,1,S|swing
2025-06-26 09:38:00-04:00,2025-06-26 09:38:00-04:00,2025-06-26 10:00:00-04:00,S,22514.0,22567.0,22566.75,52.75,-108.0,-1.0236966824644549,SL,1,S|swing
2025-06-26 10:32:00-04:00,2025-06-26 10:32:00-04:00,2025-06-26 14:12:00-04:00,L,22590.5,22669.5,22537.25,53.25,156.0,1.4647887323943662,TP,1,L|swing
2025-06-26 14:14:00-04:00,2025-06-26 14:14:00-04:00,2025-06-26 15:59:00-04:00,L,22674.0,22673.0,22634.25,39.75,-4.0,-0.050314465408805034,time,1,L|swing
2025-06-27 09:38:00-04:00,2025-06-27 09:38:00-04:00,2025-06-27 10:12:00-04:00,L,22736.75,22818.25,22681.75,55.0,161.0,1.4636363636363636,TP,1,L|swing
2025-06-27 11:23:00-04:00,2025-06-27 11:23:00-04:00,2025-06-27 13:44:00-04:00,L,22789.75,22745.5,22745.75,44.0,-90.5,-1.0284090909090908,SL,1,L|swing
2025-06-27 14:20:00-04:00,2025-06-27 14:20:00-04:00,2025-06-27 14:52:00-04:00,S,22689.25,22609.25,22743.25,54.0,158.0,1.462962962962963,TP,1,S|swing
2025-06-27 14:56:00-04:00,2025-06-27 14:56:00-04:00,2025-06-27 15:37:00-04:00,S,22601.5,22695.0,22694.75,93.25,-189.0,-1.0134048257372654,SL,1,S|swing
2025-06-30 11:14:00-04:00,2025-06-30 11:14:00-04:00,2025-06-30 11:42:00-04:00,S,22814.75,22842.5,22842.25,27.5,-57.5,-1.0454545454545454,SL,1,S|swing
2025-06-30 12:05:00-04:00,2025-06-30 12:05:00-04:00,2025-06-30 13:05:00-04:00,L,22861.0,22828.75,22829.0,32.0,-66.5,-1.0390625,SL,1,L|swing
2025-06-30 13:35:00-04:00,2025-06-30 13:35:00-04:00,2025-06-30 13:55:00-04:00,S,22819.75,22847.0,22846.75,27.0,-56.5,-1.0462962962962963,SL,1,S|swing
2025-06-30 14:32:00-04:00,2025-06-30 14:32:00-04:00,2025-06-30 14:57:00-04:00,S,22802.25,22841.0,22840.75,38.5,-79.5,-1.0324675324675325,SL,1,S|swing
2025-06-30 14:59:00-04:00,2025-06-30 14:59:00-04:00,2025-06-30 15:59:00-04:00,L,22849.5,22885.5,22779.75,69.75,70.0,0.5017921146953405,time,1,L|swing
2025-07-01 10:17:00-04:00,2025-07-01 10:17:00-04:00,2025-07-01 10:22:00-04:00,L,22840.75,22781.75,22782.0,58.75,-120.0,-1.0212765957446808,SL,1,L|swing
2025-07-01 10:26:00-04:00,2025-07-01 10:26:00-04:00,2025-07-01 11:07:00-04:00,S,22773.5,22666.75,22845.25,71.75,211.5,1.4738675958188154,TP,1,S|swing
2025-07-01 11:08:00-04:00,2025-07-01 11:08:00-04:00,2025-07-01 12:53:00-04:00,S,22634.75,22733.25,22733.0,98.25,-199.0,-1.0127226463104326,SL,1,S|swing
2025-07-01 13:35:00-04:00,2025-07-01 13:35:00-04:00,2025-07-01 13:50:00-04:00,S,22714.75,22744.75,22744.5,29.75,-62.0,-1.0420168067226891,SL,1,S|swing
2025-07-01 14:23:00-04:00,2025-07-01 14:23:00-04:00,2025-07-01 15:00:00-04:00,S,22727.75,22684.0,22757.5,29.75,85.5,1.4369747899159664,TP,1,S|swing
2025-07-02 10:05:00-04:00,2025-07-02 10:05:00-04:00,2025-07-02 10:47:00-04:00,L,22733.0,22816.75,22676.5,56.5,165.5,1.4646017699115044,TP,1,L|swing
2025-07-02 11:05:00-04:00,2025-07-02 11:05:00-04:00,2025-07-02 15:59:00-04:00,L,22840.5,22844.5,22772.0,68.5,6.0,0.043795620437956206,time,1,L|swing
2025-07-03 09:53:00-04:00,2025-07-03 09:53:00-04:00,2025-07-03 11:40:00-04:00,L,22990.0,23090.75,22922.25,67.75,199.5,1.4723247232472325,TP,1,L|swing
2025-07-04 10:56:00-04:00,2025-07-04 10:56:00-04:00,2025-07-04 11:17:00-04:00,S,22934.25,22917.25,22946.25,12.0,32.0,1.3333333333333333,TP,1,S|swing
2025-07-04 12:20:00-04:00,2025-07-04 12:20:00-04:00,2025-07-04 12:42:00-04:00,S,22924.5,22904.0,22938.75,14.25,39.0,1.368421052631579,TP,1,S|swing
2025-07-07 10:53:00-04:00,2025-07-07 10:53:00-04:00,2025-07-07 14:19:00-04:00,S,22904.25,22816.75,22963.25,59.0,173.0,1.4661016949152543,TP,1,S|swing
2025-07-08 09:35:00-04:00,2025-07-08 09:35:00-04:00,2025-07-08 10:56:00-04:00,S,22910.0,22841.25,22956.5,46.5,135.5,1.456989247311828,TP,1,S|swing
2025-07-08 12:14:00-04:00,2025-07-08 12:14:00-04:00,2025-07-08 13:18:00-04:00,L,22919.75,22879.0,22879.25,40.5,-83.5,-1.0308641975308641,SL,1,L|swing
2025-07-08 13:53:00-04:00,2025-07-08 13:53:00-04:00,2025-07-08 15:03:00-04:00,L,22929.75,22889.75,22890.0,39.75,-82.0,-1.0314465408805031,SL,1,L|swing
2025-07-09 10:02:00-04:00,2025-07-09 10:02:00-04:00,2025-07-09 10:31:00-04:00,L,23105.25,23012.0,23012.25,93.0,-188.5,-1.0134408602150538,SL,1,L|swing
2025-07-09 12:32:00-04:00,2025-07-09 12:32:00-04:00,2025-07-09 15:50:00-04:00,L,22983.25,23051.25,22937.25,46.0,134.0,1.4565217391304348,TP,1,L|swing
2025-07-10 09:50:00-04:00,2025-07-10 09:50:00-04:00,2025-07-10 15:59:00-04:00,S,23006.0,23015.25,23090.0,84.0,-20.5,-0.12202380952380952,time,1,S|swing
2025-07-11 09:44:00-04:00,2025-07-11 09:44:00-04:00,2025-07-11 09:57:00-04:00,S,22877.0,22958.75,22958.5,81.5,-165.5,-1.0153374233128833,SL,1,S|swing
2025-07-11 09:59:00-04:00,2025-07-11 09:59:00-04:00,2025-07-11 15:59:00-04:00,L,22964.25,22955.0,22862.75,101.5,-20.5,-0.10098522167487685,time,1,L|swing
2025-07-14 09:44:00-04:00,2025-07-14 09:44:00-04:00,2025-07-14 10:21:00-04:00,S,22853.5,22979.5,22979.25,125.75,-254.0,-1.0099403578528827,SL,1,S|swing
2025-07-14 10:59:00-04:00,2025-07-14 10:59:00-04:00,2025-07-14 15:59:00-04:00,L,22992.25,23034.25,22922.25,70.0,82.0,0.5857142857142857,time,1,L|swing
2025-07-15 10:11:00-04:00,2025-07-15 10:11:00-04:00,2025-07-15 10:52:00-04:00,L,23187.0,23118.5,23118.75,68.25,-139.0,-1.0183150183150182,SL,1,L|swing
2025-07-15 10:53:00-04:00,2025-07-15 10:53:00-04:00,2025-07-15 15:59:00-04:00,S,23118.75,23052.25,23189.0,70.25,131.0,0.9323843416370107,time,1,S|swing
2025-07-16 10:32:00-04:00,2025-07-16 10:32:00-04:00,2025-07-16 11:17:00-04:00,L,23022.5,22947.75,22948.0,74.5,-151.5,-1.016778523489933,SL,1,L|swing
2025-07-16 11:20:00-04:00,2025-07-16 11:20:00-04:00,2025-07-16 12:59:00-04:00,S,22935.75,23045.5,23045.25,109.5,-221.5,-1.0114155251141552,SL,1,S|swing
2025-07-16 14:29:00-04:00,2025-07-16 14:29:00-04:00,2025-07-16 15:39:00-04:00,L,23044.75,23087.0,23016.0,28.75,82.5,1.434782608695652,TP,1,L|swing
2025-07-17 09:44:00-04:00,2025-07-17 09:44:00-04:00,2025-07-17 11:01:00-04:00,L,23122.5,23207.25,23065.5,57.0,167.5,1.469298245614035,TP,1,L|swing
2025-07-17 11:41:00-04:00,2025-07-17 11:41:00-04:00,2025-07-17 15:59:00-04:00,L,23242.75,23257.5,23215.75,27.0,27.5,0.5092592592592593,time,1,L|swing
2025-07-18 10:05:00-04:00,2025-07-18 10:05:00-04:00,2025-07-18 15:59:00-04:00,S,23242.25,23227.0,23298.0,55.75,28.5,0.2556053811659193,time,1,S|swing
2025-07-21 10:20:00-04:00,2025-07-21 10:20:00-04:00,2025-07-21 12:17:00-04:00,L,23408.25,23364.75,23365.0,43.25,-89.0,-1.0289017341040463,SL,1,L|swing
2025-07-21 12:32:00-04:00,2025-07-21 12:32:00-04:00,2025-07-21 15:43:00-04:00,L,23387.25,23358.25,23358.5,28.75,-60.0,-1.0434782608695652,SL,1,L|swing
2025-07-22 09:44:00-04:00,2025-07-22 09:44:00-04:00,2025-07-22 09:52:00-04:00,S,23278.0,23170.75,23350.0,72.0,212.5,1.4756944444444444,TP,1,S|swing
2025-07-22 11:17:00-04:00,2025-07-22 11:17:00-04:00,2025-07-22 11:34:00-04:00,S,23201.5,23230.5,23230.25,28.75,-60.0,-1.0434782608695652,SL,1,S|swing
2025-07-22 11:56:00-04:00,2025-07-22 11:56:00-04:00,2025-07-22 12:28:00-04:00,S,23207.0,23165.25,23235.5,28.5,81.5,1.4298245614035088,TP,1,S|swing
2025-07-22 14:17:00-04:00,2025-07-22 14:17:00-04:00,2025-07-22 14:34:00-04:00,S,23181.5,23230.25,23230.0,48.5,-99.5,-1.0257731958762886,SL,1,S|swing
2025-07-22 14:56:00-04:00,2025-07-22 14:56:00-04:00,2025-07-22 15:59:00-04:00,L,23251.25,23220.75,23213.0,38.25,-63.0,-0.8235294117647058,time,1,L|swing
2025-07-23 10:14:00-04:00,2025-07-23 10:14:00-04:00,2025-07-23 11:00:00-04:00,S,23150.75,23211.25,23211.0,60.25,-123.0,-1.020746887966805,SL,1,S|swing
2025-07-23 13:35:00-04:00,2025-07-23 13:35:00-04:00,2025-07-23 14:14:00-04:00,L,23244.25,23289.25,23213.75,30.5,88.0,1.4426229508196722,TP,1,L|swing
2025-07-24 10:11:00-04:00,2025-07-24 10:11:00-04:00,2025-07-24 13:12:00-04:00,S,23332.5,23401.25,23401.0,68.5,-139.5,-1.0182481751824817,SL,1,S|swing
2025-07-24 14:08:00-04:00,2025-07-24 14:08:00-04:00,2025-07-24 14:46:00-04:00,L,23403.25,23380.25,23380.5,22.75,-48.0,-1.054945054945055,SL,1,L|swing
2025-07-25 09:38:00-04:00,2025-07-25 09:38:00-04:00,2025-07-25 09:48:00-04:00,S,23332.0,23379.0,23378.75,46.75,-96.0,-1.0267379679144386,SL,1,S|swing
2025-07-25 09:50:00-04:00,2025-07-25 09:50:00-04:00,2025-07-25 12:25:00-04:00,L,23382.25,23459.75,23330.0,52.25,153.0,1.4641148325358853,TP,1,L|swing
2025-07-25 13:32:00-04:00,2025-07-25 13:32:00-04:00,2025-07-25 14:03:00-04:00,L,23454.0,23431.25,23431.5,22.5,-47.5,-1.0555555555555556,SL,1,L|swing
2025-07-25 14:23:00-04:00,2025-07-25 14:23:00-04:00,2025-07-25 15:51:00-04:00,L,23457.75,23428.0,23428.25,29.5,-61.5,-1.0423728813559323,SL,1,L|swing
2025-07-28 10:53:00-04:00,2025-07-28 10:53:00-04:00,2025-07-28 15:59:00-04:00,S,23486.75,23492.0,23526.5,39.75,-12.5,-0.15723270440251572,time,1,S|swing
2025-07-29 09:50:00-04:00,2025-07-29 09:50:00-04:00,2025-07-29 15:39:00-04:00,S,23560.25,23422.75,23652.5,92.25,273.0,1.4796747967479675,TP,1,S|swing
2025-07-30 09:35:00-04:00,2025-07-30 09:35:00-04:00,2025-07-30 14:31:00-04:00,L,23498.25,23569.75,23450.0,48.25,141.0,1.461139896373057,TP,1,L|swing
2025-07-30 14:32:00-04:00,2025-07-30 14:32:00-04:00,2025-07-30 14:41:00-04:00,L,23565.75,23519.0,23519.25,46.5,-95.5,-1.0268817204301075,SL,1,L|swing
2025-07-30 14:50:00-04:00,2025-07-30 14:50:00-04:00,2025-07-30 15:59:00-04:00,S,23490.25,23484.5,23590.0,99.75,9.5,0.047619047619047616,time,1,S|swing
2025-07-31 10:26:00-04:00,2025-07-31 10:26:00-04:00,2025-07-31 11:15:00-04:00,S,23624.0,23503.0,23705.25,81.25,240.0,1.476923076923077,TP,1,S|swing
2025-07-31 13:02:00-04:00,2025-07-31 13:02:00-04:00,2025-07-31 13:28:00-04:00,S,23546.5,23441.25,23617.25,70.75,208.5,1.4734982332155477,TP,1,S|swing
2025-07-31 13:53:00-04:00,2025-07-31 13:53:00-04:00,2025-07-31 15:59:00-04:00,S,23398.0,23354.25,23505.75,107.75,85.5,0.39675174013921116,time,1,S|swing
2025-08-01 11:23:00-04:00,2025-08-01 11:23:00-04:00,2025-08-01 11:40:00-04:00,S,22916.0,22966.0,22965.75,49.75,-102.0,-1.0251256281407035,SL,1,S|swing
2025-08-01 12:32:00-04:00,2025-08-01 12:32:00-04:00,2025-08-01 12:54:00-04:00,S,22994.5,22918.5,23045.75,51.25,150.0,1.4634146341463414,TP,1,S|swing
2025-08-01 13:38:00-04:00,2025-08-01 13:38:00-04:00,2025-08-01 14:27:00-04:00,S,22832.5,22894.0,22893.75,61.25,-125.0,-1.0204081632653061,SL,1,S|swing
2025-08-04 09:59:00-04:00,2025-08-04 09:59:00-04:00,2025-08-04 15:59:00-04:00,L,23246.75,23296.5,23088.5,158.25,97.5,0.3080568720379147,time,1,L|swing
2025-08-05 09:47:00-04:00,2025-08-05 09:47:00-04:00,2025-08-05 10:17:00-04:00,L,23387.25,23303.0,23303.25,84.0,-170.5,-1.0148809523809523,SL,1,L|swing
2025-08-05 11:35:00-04:00,2025-08-05 11:35:00-04:00,2025-08-05 12:30:00-04:00,S,23124.25,23220.5,23220.25,96.0,-194.5,-1.0130208333333333,SL,1,S|swing
2025-08-05 14:14:00-04:00,2025-08-05 14:14:00-04:00,2025-08-05 14:30:00-04:00,S,23219.5,23171.25,23252.25,32.75,94.5,1.4427480916030535,TP,1,S|swing
2025-08-05 14:47:00-04:00,2025-08-05 14:47:00-04:00,2025-08-05 15:59:00-04:00,S,23143.5,23134.0,23206.0,62.5,17.0,0.136,time,1,S|swing
2025-08-06 09:56:00-04:00,2025-08-06 09:56:00-04:00,2025-08-06 11:51:00-04:00,L,23233.5,23360.25,23148.5,85.0,251.5,1.4794117647058824,TP,1,L|swing
2025-08-06 12:05:00-04:00,2025-08-06 12:05:00-04:00,2025-08-06 15:59:00-04:00,L,23378.0,23424.5,23298.0,80.0,91.0,0.56875,time,1,L|swing
2025-08-07 09:35:00-04:00,2025-08-07 09:35:00-04:00,2025-08-07 09:45:00-04:00,L,23618.75,23582.25,23582.5,36.25,-75.0,-1.0344827586206897,SL,1,L|swing
2025-08-07 09:56:00-04:00,2025-08-07 09:56:00-04:00,2025-08-07 10:24:00-04:00,L,23650.25,23569.0,23569.25,81.0,-164.5,-1.0154320987654322,SL,1,L|swing
2025-08-07 10:26:00-04:00,2025-08-07 10:26:00-04:00,2025-08-07 14:08:00-04:00,S,23555.0,23381.25,23671.5,116.5,345.5,1.4828326180257512,TP,1,S|swing
2025-08-07 14:11:00-04:00,2025-08-07 14:11:00-04:00,2025-08-07 15:37:00-04:00,S,23376.0,23434.0,23433.75,57.75,-118.0,-1.0216450216450217,SL,1,S|swing
2025-08-08 10:32:00-04:00,2025-08-08 10:32:00-04:00,2025-08-08 11:38:00-04:00,L,23691.0,23625.75,23626.0,65.0,-132.5,-1.0192307692307692,SL,1,L|swing
2025-08-08 12:02:00-04:00,2025-08-08 12:02:00-04:00,2025-08-08 15:59:00-04:00,L,23691.75,23713.5,23611.75,80.0,41.5,0.259375,time,1,L|swing
2025-08-11 09:59:00-04:00,2025-08-11 09:59:00-04:00,2025-08-11 14:04:00-04:00,L,23745.25,23680.5,23680.75,64.5,-131.5,-1.0193798449612403,SL,1,L|swing
2025-08-11 14:05:00-04:00,2025-08-11 14:05:00-04:00,2025-08-11 15:53:00-04:00,S,23676.5,23600.75,23727.5,51.0,149.5,1.4656862745098038,TP,1,S|swing
2025-08-12 09:35:00-04:00,2025-08-12 09:35:00-04:00,2025-08-12 09:48:00-04:00,L,23785.0,23709.5,23709.75,75.25,-153.0,-1.0166112956810631,SL,1,L|swing
2025-08-12 10:53:00-04:00,2025-08-12 10:53:00-04:00,2025-08-12 11:16:00-04:00,L,23777.25,23843.75,23732.25,45.0,131.0,1.4555555555555555,TP,1,L|swing
2025-08-12 11:56:00-04:00,2025-08-12 11:56:00-04:00,2025-08-12 15:36:00-04:00,L,23867.25,23935.75,23821.0,46.25,135.0,1.4594594594594594,TP,1,L|swing
2025-08-13 10:26:00-04:00,2025-08-13 10:26:00-04:00,2025-08-13 15:59:00-04:00,S,23961.0,23943.5,24032.25,71.25,33.0,0.23157894736842105,time,1,S|swing
2025-08-14 10:32:00-04:00,2025-08-14 10:32:00-04:00,2025-08-14 11:25:00-04:00,L,23971.5,23904.25,23904.5,67.0,-136.5,-1.0186567164179106,SL,1,L|swing
2025-08-14 12:14:00-04:00,2025-08-14 12:14:00-04:00,2025-08-14 12:54:00-04:00,S,23866.75,23943.0,23942.75,76.0,-154.5,-1.0164473684210527,SL,1,S|swing
2025-08-14 13:26:00-04:00,2025-08-14 13:26:00-04:00,2025-08-14 13:50:00-04:00,L,23973.25,23938.25,23938.5,34.75,-72.0,-1.0359712230215827,SL,1,L|swing
2025-08-14 14:50:00-04:00,2025-08-14 14:50:00-04:00,2025-08-14 15:59:00-04:00,L,23934.75,23921.25,23891.5,43.25,-29.0,-0.3352601156069364,time,1,L|swing
2025-08-15 09:41:00-04:00,2025-08-15 09:41:00-04:00,2025-08-15 15:59:00-04:00,S,23836.5,23806.0,23924.5,88.0,59.0,0.3352272727272727,time,1,S|swing
2025-08-18 09:35:00-04:00,2025-08-18 09:35:00-04:00,2025-08-18 09:51:00-04:00,L,23807.25,23756.5,23756.75,50.5,-103.5,-1.0247524752475248,SL,1,L|swing
2025-08-18 09:56:00-04:00,2025-08-18 09:56:00-04:00,2025-08-18 10:24:00-04:00,S,23758.5,23818.75,23818.5,60.0,-122.5,-1.0208333333333333,SL,1,S|swing
2025-08-18 10:44:00-04:00,2025-08-18 10:44:00-04:00,2025-08-18 15:59:00-04:00,S,23751.75,23797.0,23824.75,73.0,-92.5,-0.6335616438356164,time,1,S|swing
2025-08-19 10:26:00-04:00,2025-08-19 10:26:00-04:00,2025-08-19 10:43:00-04:00,S,23672.75,23590.25,23728.25,55.5,163.0,1.4684684684684686,TP,1,S|swing
2025-08-19 10:59:00-04:00,2025-08-19 10:59:00-04:00,2025-08-19 15:59:00-04:00,S,23541.0,23470.5,23659.25,118.25,139.0,0.587737843551797,time,1,S|swing
2025-08-20 10:05:00-04:00,2025-08-20 10:05:00-04:00,2025-08-20 15:59:00-04:00,S,23143.5,23325.0,23390.0,246.5,-365.0,-0.7403651115618661,time,1,S|swing
2025-08-21 10:17:00-04:00,2025-08-21 10:17:00-04:00,2025-08-21 12:58:00-04:00,L,23313.75,23154.75,23155.0,158.75,-320.0,-1.0078740157480315,SL,1,L|swing
2025-08-21 12:59:00-04:00,2025-08-21 12:59:00-04:00,2025-08-21 13:47:00-04:00,S,23161.0,23213.5,23213.25,52.25,-107.0,-1.0239234449760766,SL,1,S|swing
2025-08-22 10:02:00-04:00,2025-08-22 10:02:00-04:00,2025-08-22 15:59:00-04:00,L,23499.75,23564.75,23225.25,274.5,128.0,0.2331511839708561,time,1,L|swing
2025-08-25 09:59:00-04:00,2025-08-25 09:59:00-04:00,2025-08-25 15:59:00-04:00,L,23519.75,23495.25,23444.75,75.0,-51.0,-0.34,time,1,L|swing
2025-08-26 09:47:00-04:00,2025-08-26 09:47:00-04:00,2025-08-26 10:10:00-04:00,S,23444.5,23519.0,23518.75,74.25,-151.0,-1.0168350168350169,SL,1,S|swing
2025-08-26 10:23:00-04:00,2025-08-26 10:23:00-04:00,2025-08-26 13:54:00-04:00,L,23541.75,23481.5,23481.75,60.0,-122.5,-1.0208333333333333,SL,1,L|swing
2025-08-26 14:29:00-04:00,2025-08-26 14:29:00-04:00,2025-08-26 15:53:00-04:00,L,23539.25,23599.5,23498.5,40.75,118.5,1.4539877300613497,TP,1,L|swing
2025-08-27 09:47:00-04:00,2025-08-27 09:47:00-04:00,2025-08-27 10:14:00-04:00,S,23520.75,23565.75,23565.5,44.75,-92.0,-1.0279329608938548,SL,1,S|swing
2025-08-27 11:23:00-04:00,2025-08-27 11:23:00-04:00,2025-08-27 11:28:00-04:00,L,23605.25,23587.75,23588.0,17.25,-37.0,-1.0724637681159421,SL,1,L|swing
2025-08-27 11:32:00-04:00,2025-08-27 11:32:00-04:00,2025-08-27 11:47:00-04:00,S,23582.25,23609.5,23609.25,27.0,-56.5,-1.0462962962962963,SL,1,S|swing
2025-08-27 12:26:00-04:00,2025-08-27 12:26:00-04:00,2025-08-27 14:12:00-04:00,S,23551.75,23631.25,23631.0,79.25,-161.0,-1.0157728706624605,SL,1,S|swing
2025-08-28 10:41:00-04:00,2025-08-28 10:41:00-04:00,2025-08-28 13:30:00-04:00,L,23681.75,23767.75,23623.75,58.0,170.0,1.4655172413793103,TP,1,L|swing
2025-08-28 13:32:00-04:00,2025-08-28 13:32:00-04:00,2025-08-28 15:59:00-04:00,L,23763.5,23766.0,23724.75,38.75,3.0,0.03870967741935484,time,1,L|swing
2025-08-29 11:35:00-04:00,2025-08-29 11:35:00-04:00,2025-08-29 15:59:00-04:00,S,23455.25,23473.5,23498.75,43.5,-38.5,-0.4425287356321839,time,1,S|swing
2025-09-01 09:53:00-04:00,2025-09-01 09:53:00-04:00,2025-09-01 12:49:00-04:00,L,23492.75,23502.75,23443.0,49.75,18.0,0.18090452261306533,time,1,L|swing
2025-09-02 10:44:00-04:00,2025-09-02 10:44:00-04:00,2025-09-02 11:36:00-04:00,S,23181.5,23060.25,23263.0,81.5,240.5,1.4754601226993864,TP,1,S|swing
2025-09-02 14:41:00-04:00,2025-09-02 14:41:00-04:00,2025-09-02 14:48:00-04:00,S,23162.25,23188.75,23188.5,26.25,-55.0,-1.0476190476190477,SL,1,S|swing
2025-09-02 14:50:00-04:00,2025-09-02 14:50:00-04:00,2025-09-02 15:59:00-04:00,L,23213.0,23277.0,23157.25,55.75,126.0,1.1300448430493273,time,1,L|swing
2025-09-03 10:08:00-04:00,2025-09-03 10:08:00-04:00,2025-09-03 13:45:00-04:00,L,23439.5,23369.25,23369.5,70.0,-142.5,-1.0178571428571428,SL,1,L|swing
2025-09-03 14:05:00-04:00,2025-09-03 14:05:00-04:00,2025-09-03 15:50:00-04:00,S,23336.0,23417.25,23417.0,81.0,-164.5,-1.0154320987654322,SL,1,S|swing
2025-09-04 10:02:00-04:00,2025-09-04 10:02:00-04:00,2025-09-04 11:22:00-04:00,S,23455.5,23548.75,23548.5,93.0,-188.5,-1.0134408602150538,SL,1,S|swing
2025-09-04 11:26:00-04:00,2025-09-04 11:26:00-04:00,2025-09-04 14:51:00-04:00,L,23544.5,23622.75,23491.75,52.75,154.5,1.4644549763033174,TP,1,L|swing
2025-09-05 10:59:00-04:00,2025-09-05 10:59:00-04:00,2025-09-05 11:42:00-04:00,S,23547.25,23666.25,23666.0,118.75,-240.0,-1.0105263157894737,SL,1,S|swing
2025-09-05 12:35:00-04:00,2025-09-05 12:35:00-04:00,2025-09-05 13:23:00-04:00,S,23603.5,23659.0,23658.75,55.25,-113.0,-1.0226244343891402,SL,1,S|swing
2025-09-05 13:32:00-04:00,2025-09-05 13:32:00-04:00,2025-09-05 13:43:00-04:00,S,23632.75,23589.75,23662.0,29.25,84.0,1.435897435897436,TP,1,S|swing
2025-09-08 09:53:00-04:00,2025-09-08 09:53:00-04:00,2025-09-08 13:52:00-04:00,L,23850.25,23770.75,23771.0,79.25,-161.0,-1.0157728706624605,SL,1,L|swing
2025-09-08 14:17:00-04:00,2025-09-08 14:17:00-04:00,2025-09-08 15:23:00-04:00,L,23810.5,23761.75,23762.0,48.5,-99.5,-1.0257731958762886,SL,1,L|swing
2025-09-09 09:53:00-04:00,2025-09-09 09:53:00-04:00,2025-09-09 10:35:00-04:00,S,23814.5,23750.25,23858.0,43.5,126.5,1.4540229885057472,TP,1,S|swing
2025-09-09 13:05:00-04:00,2025-09-09 13:05:00-04:00,2025-09-09 15:55:00-04:00,L,23838.5,23886.75,23805.75,32.75,94.5,1.4427480916030535,TP,1,L|swing
2025-09-10 09:41:00-04:00,2025-09-10 09:41:00-04:00,2025-09-10 15:21:00-04:00,S,23927.5,23796.75,24015.25,87.75,259.5,1.4786324786324787,TP,1,S|swing
2025-09-11 09:41:00-04:00,2025-09-11 09:41:00-04:00,2025-09-11 10:06:00-04:00,S,23922.5,23998.25,23998.0,75.5,-153.5,-1.0165562913907285,SL,1,S|swing
2025-09-11 10:08:00-04:00,2025-09-11 10:08:00-04:00,2025-09-11 15:59:00-04:00,L,24001.75,24011.5,23909.5,92.25,17.5,0.0948509485094851,time,1,L|swing
2025-09-12 09:56:00-04:00,2025-09-12 09:56:00-04:00,2025-09-12 10:54:00-04:00,L,24043.75,24105.75,24001.75,42.0,122.0,1.4523809523809523,TP,1,L|swing
2025-09-12 12:17:00-04:00,2025-09-12 12:17:00-04:00,2025-09-12 14:52:00-04:00,L,24103.0,24150.25,24071.0,32.0,92.5,1.4453125,TP,1,L|swing
2025-09-12 14:53:00-04:00,2025-09-12 14:53:00-04:00,2025-09-12 15:31:00-04:00,L,24150.0,24117.5,24117.75,32.25,-67.0,-1.0387596899224807,SL,1,L|swing
2025-09-15 09:50:00-04:00,2025-09-15 09:50:00-04:00,2025-09-15 15:59:00-04:00,L,24239.25,24311.25,24167.25,72.0,142.0,0.9861111111111112,time,1,L|swing
2025-09-16 10:38:00-04:00,2025-09-16 10:38:00-04:00,2025-09-16 15:06:00-04:00,S,24286.25,24318.75,24318.5,32.25,-67.0,-1.0387596899224807,SL,1,S|swing
2025-09-17 09:35:00-04:00,2025-09-17 09:35:00-04:00,2025-09-17 10:43:00-04:00,S,24255.5,24187.75,24301.25,45.75,133.5,1.459016393442623,TP,1,S|swing
2025-09-17 11:05:00-04:00,2025-09-17 11:05:00-04:00,2025-09-17 13:59:00-04:00,S,24167.5,24209.25,24209.0,41.5,-85.5,-1.0301204819277108,SL,1,S|swing
2025-09-17 14:11:00-04:00,2025-09-17 14:11:00-04:00,2025-09-17 14:53:00-04:00,S,24173.25,24011.75,24281.5,108.25,321.0,1.4826789838337182,TP,1,S|swing
2025-09-22 09:50:00-04:00,2025-09-22 09:50:00-04:00,2025-09-22 12:10:00-04:00,L,24862.0,24943.25,24807.25,54.75,160.5,1.4657534246575343,TP,1,L|swing
2025-09-22 14:17:00-04:00,2025-09-22 14:17:00-04:00,2025-09-22 15:59:00-04:00,L,25012.75,24998.25,24982.75,30.0,-31.0,-0.5166666666666667,time,1,L|swing
2025-09-23 09:35:00-04:00,2025-09-23 09:35:00-04:00,2025-09-23 09:55:00-04:00,S,24982.75,24942.75,25010.0,27.25,78.0,1.4311926605504588,TP,1,S|swing
2025-09-23 09:59:00-04:00,2025-09-23 09:59:00-04:00,2025-09-23 13:36:00-04:00,S,24940.0,24835.75,25010.0,70.0,206.5,1.475,TP,1,S|swing
2025-09-23 14:11:00-04:00,2025-09-23 14:11:00-04:00,2025-09-23 15:59:00-04:00,S,24808.25,24831.25,24846.25,38.0,-48.0,-0.631578947368421,time,1,S|swing
2025-09-24 09:50:00-04:00,2025-09-24 09:50:00-04:00,2025-09-24 12:06:00-04:00,S,24802.5,24657.75,24899.5,97.0,287.5,1.481958762886598,TP,1,S|swing
2025-09-24 13:47:00-04:00,2025-09-24 13:47:00-04:00,2025-09-24 15:59:00-04:00,S,24705.5,24739.75,24755.25,49.75,-70.5,-0.7085427135678392,time,1,S|swing
2025-09-25 09:35:00-04:00,2025-09-25 09:35:00-04:00,2025-09-25 10:15:00-04:00,S,24506.25,24587.5,24587.25,81.0,-164.5,-1.0154320987654322,SL,1,S|swing
2025-09-25 11:08:00-04:00,2025-09-25 11:08:00-04:00,2025-09-25 11:35:00-04:00,S,24588.0,24657.25,24657.0,69.0,-140.5,-1.0181159420289856,SL,1,S|swing
2025-09-25 11:38:00-04:00,2025-09-25 11:38:00-04:00,2025-09-25 13:21:00-04:00,L,24656.5,24583.25,24583.5,73.0,-148.5,-1.0171232876712328,SL,1,L|swing
2025-09-25 13:41:00-04:00,2025-09-25 13:41:00-04:00,2025-09-25 15:59:00-04:00,S,24557.0,24646.25,24646.0,89.0,-180.5,-1.0140449438202248,SL,1,S|swing
2025-09-26 11:59:00-04:00,2025-09-26 11:59:00-04:00,2025-09-26 12:20:00-04:00,S,24580.5,24637.5,24637.25,56.75,-116.0,-1.0220264317180616,SL,1,S|swing
2025-09-26 12:59:00-04:00,2025-09-26 12:59:00-04:00,2025-09-26 15:59:00-04:00,L,24691.25,24725.25,24641.75,49.5,66.0,0.6666666666666666,time,1,L|swing
2025-09-29 09:44:00-04:00,2025-09-29 09:44:00-04:00,2025-09-29 11:36:00-04:00,L,24914.5,24845.25,24845.5,69.0,-140.5,-1.0181159420289856,SL,1,L|swing
2025-09-29 13:02:00-04:00,2025-09-29 13:02:00-04:00,2025-09-29 14:22:00-04:00,S,24814.0,24867.0,24866.75,52.75,-108.0,-1.0236966824644549,SL,1,S|swing
2025-09-30 10:50:00-04:00,2025-09-30 10:50:00-04:00,2025-09-30 13:21:00-04:00,L,24828.25,24751.75,24752.0,76.25,-155.0,-1.0163934426229508,SL,1,L|swing
2025-09-30 13:23:00-04:00,2025-09-30 13:23:00-04:00,2025-09-30 14:10:00-04:00,S,24745.75,24800.25,24800.0,54.25,-111.0,-1.023041474654378,SL,1,S|swing
2025-09-30 14:11:00-04:00,2025-09-30 14:11:00-04:00,2025-09-30 15:50:00-04:00,L,24803.25,24887.75,24746.25,57.0,167.0,1.4649122807017543,TP,1,L|swing
2025-10-01 10:20:00-04:00,2025-10-01 10:20:00-04:00,2025-10-01 14:42:00-04:00,L,24859.75,25029.25,24746.25,113.5,337.0,1.4845814977973568,TP,1,L|swing
2025-10-02 10:47:00-04:00,2025-10-02 10:47:00-04:00,2025-10-02 13:25:00-04:00,S,25039.5,25092.25,25092.0,52.5,-107.5,-1.0238095238095237,SL,1,S|swing
2025-10-02 14:26:00-04:00,2025-10-02 14:26:00-04:00,2025-10-02 15:59:00-04:00,L,25112.25,25108.0,25076.0,36.25,-10.5,-0.14482758620689656,time,1,L|swing
2025-10-03 09:56:00-04:00,2025-10-03 09:56:00-04:00,2025-10-03 13:42:00-04:00,S,25107.0,25011.5,25171.25,64.25,189.0,1.4708171206225682,TP,1,S|swing
2025-10-03 13:44:00-04:00,2025-10-03 13:44:00-04:00,2025-10-03 15:59:00-04:00,S,25009.0,24997.0,25081.5,72.5,22.0,0.15172413793103448,time,1,S|swing
2025-10-06 10:41:00-04:00,2025-10-06 10:41:00-04:00,2025-10-06 11:46:00-04:00,S,25125.0,25185.0,25184.75,59.75,-122.0,-1.0209205020920502,SL,1,S|swing
2025-10-06 13:20:00-04:00,2025-10-06 13:20:00-04:00,2025-10-06 14:31:00-04:00,L,25207.0,25242.25,25183.0,24.0,68.5,1.4270833333333333,TP,1,L|swing
2025-10-06 14:32:00-04:00,2025-10-06 14:32:00-04:00,2025-10-06 15:23:00-04:00,L,25250.75,25218.0,25218.25,32.5,-67.5,-1.0384615384615385,SL,1,L|swing
2025-10-07 10:56:00-04:00,2025-10-07 10:56:00-04:00,2025-10-07 11:06:00-04:00,S,25180.25,25104.25,25231.5,51.25,150.0,1.4634146341463414,TP,1,S|swing
2025-10-07 11:32:00-04:00,2025-10-07 11:32:00-04:00,2025-10-07 15:59:00-04:00,S,25047.5,25045.5,25174.25,126.75,2.0,0.007889546351084813,time,1,S|swing
2025-10-08 11:26:00-04:00,2025-10-08 11:26:00-04:00,2025-10-08 15:57:00-04:00,L,25240.75,25339.25,25174.5,66.25,195.0,1.471698113207547,TP,1,L|swing
2025-10-09 10:32:00-04:00,2025-10-09 10:32:00-04:00,2025-10-09 15:50:00-04:00,S,25235.0,25289.5,25289.25,54.25,-111.0,-1.023041474654378,SL,1,S|swing
2025-10-10 09:47:00-04:00,2025-10-10 09:47:00-04:00,2025-10-10 10:57:00-04:00,L,25386.0,25293.25,25293.5,92.5,-187.5,-1.0135135135135136,SL,1,L|swing
2025-10-10 10:59:00-04:00,2025-10-10 10:59:00-04:00,2025-10-10 11:18:00-04:00,S,25193.75,24945.25,25360.0,166.25,495.0,1.4887218045112782,TP,1,S|swing
2025-10-10 11:20:00-04:00,2025-10-10 11:20:00-04:00,2025-10-10 15:59:00-04:00,S,24904.25,24403.0,25352.75,448.5,1000.5,1.1153846153846154,time,1,S|swing
2025-10-13 09:35:00-04:00,2025-10-13 09:35:00-04:00,2025-10-13 09:58:00-04:00,S,24730.0,24882.5,24882.25,152.25,-307.0,-1.0082101806239738,SL,1,S|swing
2025-10-13 09:59:00-04:00,2025-10-13 09:59:00-04:00,2025-10-13 15:59:00-04:00,L,24888.5,24920.5,24724.25,164.25,62.0,0.1887366818873668,time,1,L|swing
2025-10-14 09:35:00-04:00,2025-10-14 09:35:00-04:00,2025-10-14 10:20:00-04:00,S,24542.5,24657.0,24656.75,114.25,-231.0,-1.0109409190371992,SL,1,S|swing
2025-10-14 10:23:00-04:00,2025-10-14 10:23:00-04:00,2025-10-14 12:37:00-04:00,L,24682.5,24905.25,24533.5,149.0,443.5,1.488255033557047,TP,1,L|swing
2025-10-15 09:56:00-04:00,2025-10-15 09:56:00-04:00,2025-10-15 11:50:00-04:00,L,25001.5,24896.5,24896.75,104.75,-212.0,-1.0119331742243436,SL,1,L|swing
2025-10-15 12:26:00-04:00,2025-10-15 12:26:00-04:00,2025-10-15 12:45:00-04:00,L,24981.0,24921.25,24921.5,59.5,-121.5,-1.0210084033613445,SL,1,L|swing
2025-10-15 12:47:00-04:00,2025-10-15 12:47:00-04:00,2025-10-15 13:09:00-04:00,S,24913.25,24793.25,24993.75,80.5,238.0,1.4782608695652173,TP,1,S|swing
2025-10-15 14:56:00-04:00,2025-10-15 14:56:00-04:00,2025-10-15 15:39:00-04:00,L,24952.75,24884.75,24885.0,67.75,-138.0,-1.018450184501845,SL,1,L|swing
2025-10-16 10:23:00-04:00,2025-10-16 10:23:00-04:00,2025-10-16 11:30:00-04:00,L,25101.5,25013.0,25013.25,88.25,-179.0,-1.0141643059490084,SL,1,L|swing
2025-10-16 11:41:00-04:00,2025-10-16 11:41:00-04:00,2025-10-16 12:32:00-04:00,S,24993.5,24786.25,25132.25,138.75,412.5,1.4864864864864864,TP,1,S|swing
2025-10-16 13:41:00-04:00,2025-10-16 13:41:00-04:00,2025-10-16 14:12:00-04:00,S,24869.5,24728.25,24964.25,94.75,280.5,1.4802110817941954,TP,1,S|swing
2025-10-17 09:35:00-04:00,2025-10-17 09:35:00-04:00,2025-10-17 09:43:00-04:00,L,24783.25,24699.25,24699.5,83.75,-170.0,-1.0149253731343284,SL,1,L|swing
2025-10-17 09:53:00-04:00,2025-10-17 09:53:00-04:00,2025-10-17 15:59:00-04:00,L,24843.5,24988.25,24672.0,171.5,287.5,0.8381924198250729,time,1,L|swing
2025-10-20 09:53:00-04:00,2025-10-20 09:53:00-04:00,2025-10-20 15:59:00-04:00,L,25229.75,25299.5,25114.5,115.25,137.5,0.596529284164859,time,1,L|swing
2025-10-21 10:32:00-04:00,2025-10-21 10:32:00-04:00,2025-10-21 10:55:00-04:00,S,25205.75,25286.5,25286.25,80.5,-163.5,-1.015527950310559,SL,1,S|swing
2025-10-21 11:47:00-04:00,2025-10-21 11:47:00-04:00,2025-10-21 13:02:00-04:00,L,25311.0,25256.25,25256.5,54.5,-111.5,-1.0229357798165137,SL,1,L|swing
2025-10-21 13:41:00-04:00,2025-10-21 13:41:00-04:00,2025-10-21 15:59:00-04:00,L,25299.75,25291.0,25257.5,42.25,-19.5,-0.23076923076923078,time,1,L|swing
2025-10-22 09:53:00-04:00,2025-10-22 09:53:00-04:00,2025-10-22 10:27:00-04:00,L,25272.75,25172.25,25172.5,100.25,-203.0,-1.0124688279301746,SL,1,L|swing
2025-10-22 11:23:00-04:00,2025-10-22 11:23:00-04:00,2025-10-22 13:53:00-04:00,S,25043.25,24821.0,25192.0,148.75,442.5,1.4873949579831933,TP,1,S|swing
2025-10-23 10:38:00-04:00,2025-10-23 10:38:00-04:00,2025-10-23 15:59:00-04:00,L,25188.0,25252.25,25083.5,104.5,126.5,0.6052631578947368,time,1,L|swing
2025-10-24 09:35:00-04:00,2025-10-24 09:35:00-04:00,2025-10-24 15:59:00-04:00,L,25503.0,25508.75,25429.75,73.25,9.5,0.06484641638225255,time,1,L|swing
2025-10-27 10:05:00-04:00,2025-10-27 10:05:00-04:00,2025-10-27 15:51:00-04:00,L,25866.75,25967.5,25799.0,67.75,199.5,1.4723247232472325,TP,1,L|swing
2025-10-28 11:56:00-04:00,2025-10-28 11:56:00-04:00,2025-10-28 12:30:00-04:00,L,26056.25,26131.25,26005.75,50.5,148.0,1.4653465346534653,TP,1,L|swing
2025-10-28 13:14:00-04:00,2025-10-28 13:14:00-04:00,2025-10-28 14:19:00-04:00,L,26131.5,26173.25,26103.0,28.5,81.5,1.4298245614035088,TP,1,L|swing
2025-10-28 14:50:00-04:00,2025-10-28 14:50:00-04:00,2025-10-28 15:26:00-04:00,L,26191.5,26217.25,26173.75,17.75,49.5,1.3943661971830985,TP,1,L|swing
2025-10-29 09:56:00-04:00,2025-10-29 09:56:00-04:00,2025-10-29 10:50:00-04:00,L,26309.75,26253.75,26254.0,55.75,-114.0,-1.0224215246636772,SL,1,L|swing
2025-10-29 11:47:00-04:00,2025-10-29 11:47:00-04:00,2025-10-29 14:00:00-04:00,S,26228.0,26277.0,26276.75,48.75,-100.0,-1.0256410256410255,SL,1,S|swing
2025-10-29 14:05:00-04:00,2025-10-29 14:05:00-04:00,2025-10-29 14:36:00-04:00,S,26228.0,26135.5,26290.25,62.25,183.0,1.4698795180722892,TP,1,S|swing
2025-10-30 10:53:00-04:00,2025-10-30 10:53:00-04:00,2025-10-30 15:59:00-04:00,S,25993.5,25872.0,26098.75,105.25,241.0,1.144893111638955,time,1,S|swing
2025-10-31 10:05:00-04:00,2025-10-31 10:05:00-04:00,2025-10-31 10:46:00-04:00,S,26087.0,26175.0,26174.75,87.75,-178.0,-1.0142450142450143,SL,1,S|swing
2025-10-31 11:26:00-04:00,2025-10-31 11:26:00-04:00,2025-10-31 11:39:00-04:00,S,26146.5,26092.25,26183.25,36.75,106.5,1.4489795918367347,TP,1,S|swing
2025-10-31 12:56:00-04:00,2025-10-31 12:56:00-04:00,2025-10-31 15:13:00-04:00,S,25953.0,26037.25,26037.0,84.0,-170.5,-1.0148809523809523,SL,1,S|swing
2025-11-03 10:02:00-05:00,2025-11-03 10:02:00-05:00,2025-11-03 15:59:00-05:00,S,26118.25,26110.5,26266.0,147.75,13.5,0.04568527918781726,time,1,S|swing
2025-11-04 09:35:00-05:00,2025-11-04 09:35:00-05:00,2025-11-04 09:41:00-05:00,S,25669.75,25757.5,25757.25,87.5,-177.5,-1.0142857142857142,SL,1,S|swing
2025-11-04 11:20:00-05:00,2025-11-04 11:20:00-05:00,2025-11-04 13:19:00-05:00,S,25751.0,25630.0,25832.25,81.25,240.0,1.476923076923077,TP,1,S|swing
2025-11-04 13:20:00-05:00,2025-11-04 13:20:00-05:00,2025-11-04 15:59:00-05:00,S,25621.5,25579.75,25725.0,103.5,81.5,0.39371980676328505,time,1,S|swing
2025-11-05 09:47:00-05:00,2025-11-05 09:47:00-05:00,2025-11-05 11:46:00-05:00,L,25600.75,25769.75,25487.5,113.25,336.0,1.4834437086092715,TP,1,L|swing
2025-11-05 12:32:00-05:00,2025-11-05 12:32:00-05:00,2025-11-05 15:58:00-05:00,L,25798.75,25739.5,25739.75,59.0,-120.5,-1.021186440677966,SL,1,L|swing
2025-11-06 09:53:00-05:00,2025-11-06 09:53:00-05:00,2025-11-06 10:37:00-05:00,S,25575.5,25380.25,25706.25,130.75,388.5,1.4856596558317399,TP,1,S|swing
2025-11-06 10:38:00-05:00,2025-11-06 10:38:00-05:00,2025-11-06 15:59:00-05:00,S,25367.25,25259.25,25544.25,177.0,214.0,0.6045197740112994,time,1,S|swing
2025-11-07 09:35:00-05:00,2025-11-07 09:35:00-05:00,2025-11-07 10:06:00-05:00,S,25031.5,24892.75,25124.5,93.0,275.5,1.4811827956989247,TP,1,S|swing
2025-11-07 10:44:00-05:00,2025-11-07 10:44:00-05:00,2025-11-07 14:39:00-05:00,S,24869.5,25045.5,25045.25,175.75,-354.0,-1.0071123755334281,SL,1,S|swing
2025-11-07 14:59:00-05:00,2025-11-07 14:59:00-05:00,2025-11-07 15:59:00-05:00,L,25113.75,25163.75,24950.75,163.0,98.0,0.3006134969325153,time,1,L|swing
2025-11-10 11:41:00-05:00,2025-11-10 11:41:00-05:00,2025-11-10 12:01:00-05:00,S,25474.0,25538.0,25537.75,63.75,-130.0,-1.0196078431372548,SL,1,S|swing
2025-11-10 12:38:00-05:00,2025-11-10 12:38:00-05:00,2025-11-10 14:26:00-05:00,L,25580.5,25689.5,25507.25,73.25,216.0,1.4744027303754266,TP,1,L|swing
2025-11-10 14:44:00-05:00,2025-11-10 14:44:00-05:00,2025-11-10 15:59:00-05:00,L,25698.75,25712.75,25656.5,42.25,26.0,0.3076923076923077,time,1,L|swing
2025-11-11 09:50:00-05:00,2025-11-11 09:50:00-05:00,2025-11-11 13:18:00-05:00,S,25578.5,25646.5,25646.25,67.75,-138.0,-1.018450184501845,SL,1,S|swing
2025-11-11 13:20:00-05:00,2025-11-11 13:20:00-05:00,2025-11-11 15:59:00-05:00,L,25668.0,25647.0,25588.75,79.25,-44.0,-0.277602523659306,time,1,L|swing
2025-11-12 10:35:00-05:00,2025-11-12 10:35:00-05:00,2025-11-12 15:59:00-05:00,S,25573.0,25626.0,25660.0,87.0,-108.0,-0.6206896551724138,time,1,S|swing
2025-11-13 09:35:00-05:00,2025-11-13 09:35:00-05:00,2025-11-13 10:46:00-05:00,S,25401.5,25252.0,25501.75,100.25,297.0,1.4812967581047383,TP,1,S|swing
2025-11-13 11:41:00-05:00,2025-11-13 11:41:00-05:00,2025-11-13 13:37:00-05:00,S,25168.25,25026.25,25263.5,95.25,282.0,1.4803149606299213,TP,1,S|swing
2025-11-14 10:29:00-05:00,2025-11-14 10:29:00-05:00,2025-11-14 11:25:00-05:00,L,25011.0,25233.25,24862.25,148.75,442.5,1.4873949579831933,TP,1,L|swing
2025-11-14 12:11:00-05:00,2025-11-14 12:11:00-05:00,2025-11-14 12:51:00-05:00,L,25290.75,25176.0,25176.25,114.5,-231.5,-1.0109170305676856,SL,1,L|swing
2025-11-14 14:23:00-05:00,2025-11-14 14:23:00-05:00,2025-11-14 15:22:00-05:00,L,25209.25,25123.75,25124.0,85.25,-173.0,-1.0146627565982405,SL,1,L|swing
2025-11-17 11:02:00-05:00,2025-11-17 11:02:00-05:00,2025-11-17 11:41:00-05:00,S,25039.0,25150.75,25150.5,111.5,-225.5,-1.0112107623318385,SL,1,S|swing
2025-11-17 11:50:00-05:00,2025-11-17 11:50:00-05:00,2025-11-17 13:55:00-05:00,L,25177.5,24947.75,24948.0,229.5,-461.5,-1.0054466230936818,SL,1,L|swing
2025-11-17 13:56:00-05:00,2025-11-17 13:56:00-05:00,2025-11-17 15:01:00-05:00,S,24928.25,24745.0,25051.0,122.75,364.5,1.4847250509164969,TP,1,S|swing
2025-11-18 09:44:00-05:00,2025-11-18 09:44:00-05:00,2025-11-18 11:02:00-05:00,S,24654.5,24388.75,24832.25,177.75,529.5,1.489451476793249,TP,1,S|swing
2025-11-18 12:14:00-05:00,2025-11-18 12:14:00-05:00,2025-11-18 12:42:00-05:00,S,24592.5,24698.25,24698.0,105.5,-213.5,-1.0118483412322274,SL,1,S|swing
2025-11-18 12:56:00-05:00,2025-11-18 12:56:00-05:00,2025-11-18 15:59:00-05:00,L,24760.0,24584.75,24491.25,268.75,-352.5,-0.6558139534883721,time,1,L|swing
2025-11-19 09:35:00-05:00,2025-11-19 09:35:00-05:00,2025-11-19 09:53:00-05:00,L,24671.5,24819.25,24572.5,99.0,293.5,1.4823232323232323,TP,1,L|swing
2025-11-19 11:26:00-05:00,2025-11-19 11:26:00-05:00,2025-11-19 12:36:00-05:00,S,24690.0,24546.5,24786.25,96.25,285.0,1.4805194805194806,TP,1,S|swing
2025-11-19 13:29:00-05:00,2025-11-19 13:29:00-05:00,2025-11-19 13:37:00-05:00,S,24599.0,24688.25,24688.0,89.0,-180.5,-1.0140449438202248,SL,1,S|swing
2025-11-19 13:38:00-05:00,2025-11-19 13:38:00-05:00,2025-11-19 14:26:00-05:00,L,24690.5,24587.0,24587.25,103.25,-209.0,-1.0121065375302662,SL,1,L|swing
2025-11-19 14:56:00-05:00,2025-11-19 14:56:00-05:00,2025-11-19 15:59:00-05:00,L,24691.25,24724.25,24569.75,121.5,64.0,0.26337448559670784,time,1,L|swing
2025-11-20 09:47:00-05:00,2025-11-20 09:47:00-05:00,2025-11-20 11:00:00-05:00,L,25262.0,25144.5,25144.75,117.25,-237.0,-1.0106609808102345,SL,1,L|swing
2025-11-20 11:02:00-05:00,2025-11-20 11:02:00-05:00,2025-11-20 11:35:00-05:00,S,25125.0,24848.0,25310.25,185.25,552.0,1.4898785425101215,TP,1,S|swing
2025-11-20 11:56:00-05:00,2025-11-20 11:56:00-05:00,2025-11-20 15:59:00-05:00,S,24604.5,24137.25,24977.5,373.0,932.5,1.25,time,1,S|swing
2025-11-21 10:02:00-05:00,2025-11-21 10:02:00-05:00,2025-11-21 11:55:00-05:00,S,24098.5,24298.75,24298.5,200.0,-402.5,-1.00625,SL,1,S|swing
2025-11-21 12:35:00-05:00,2025-11-21 12:35:00-05:00,2025-11-21 13:04:00-05:00,L,24393.75,24306.75,24307.0,86.75,-176.0,-1.0144092219020173,SL,1,L|swing
2025-11-21 13:32:00-05:00,2025-11-21 13:32:00-05:00,2025-11-21 13:49:00-05:00,L,24327.5,24513.25,24203.0,124.5,369.5,1.4839357429718876,TP,1,L|swing
2025-11-21 14:20:00-05:00,2025-11-21 14:20:00-05:00,2025-11-21 14:53:00-05:00,L,24583.75,24448.75,24449.0,134.75,-272.0,-1.0092764378478665,SL,1,L|swing
2025-11-24 10:02:00-05:00,2025-11-24 10:02:00-05:00,2025-11-24 14:08:00-05:00,L,24731.25,24958.75,24579.0,152.25,453.0,1.4876847290640394,TP,1,L|swing
2025-11-25 09:41:00-05:00,2025-11-25 09:41:00-05:00,2025-11-25 09:48:00-05:00,S,24795.75,24666.75,24882.25,86.5,256.0,1.4797687861271676,TP,1,S|swing
2025-11-25 11:53:00-05:00,2025-11-25 11:53:00-05:00,2025-11-25 12:24:00-05:00,L,24900.75,25011.75,24826.25,74.5,220.0,1.476510067114094,TP,1,L|swing
2025-11-25 13:29:00-05:00,2025-11-25 13:29:00-05:00,2025-11-25 14:18:00-05:00,L,25023.0,24982.5,24982.75,40.25,-83.0,-1.031055900621118,SL,1,L|swing
2025-11-26 09:50:00-05:00,2025-11-26 09:50:00-05:00,2025-11-26 09:58:00-05:00,L,25271.75,25188.75,25189.0,82.75,-168.0,-1.0151057401812689,SL,1,L|swing
2025-11-26 09:59:00-05:00,2025-11-26 09:59:00-05:00,2025-11-26 11:02:00-05:00,S,25167.0,25282.0,25281.75,114.75,-232.0,-1.0108932461873639,SL,1,S|swing
2025-11-26 11:20:00-05:00,2025-11-26 11:20:00-05:00,2025-11-26 15:59:00-05:00,L,25319.0,25295.75,25224.0,95.0,-48.5,-0.25526315789473686,time,1,L|swing
2025-11-27 09:38:00-05:00,2025-11-27 09:38:00-05:00,2025-11-27 12:49:00-05:00,S,25298.5,25300.0,25318.25,19.75,-5.0,-0.12658227848101267,time,1,S|swing
2025-11-28 09:38:00-05:00,2025-11-28 09:38:00-05:00,2025-11-28 09:41:00-05:00,L,25395.25,25343.5,25343.75,51.5,-105.5,-1.0242718446601942,SL,1,L|swing
2025-11-28 10:50:00-05:00,2025-11-28 10:50:00-05:00,2025-11-28 13:02:00-05:00,L,25412.0,25494.75,25356.25,55.75,163.5,1.4663677130044843,TP,1,L|swing
2025-12-01 09:38:00-05:00,2025-12-01 09:38:00-05:00,2025-12-01 09:41:00-05:00,L,25306.25,25233.5,25233.75,72.5,-147.5,-1.0172413793103448,SL,1,L|swing
2025-12-01 09:50:00-05:00,2025-12-01 09:50:00-05:00,2025-12-01 12:46:00-05:00,L,25322.0,25491.0,25208.75,113.25,336.0,1.4834437086092715,TP,1,L|swing
2025-12-01 13:50:00-05:00,2025-12-01 13:50:00-05:00,2025-12-01 14:05:00-05:00,L,25478.5,25453.0,25453.25,25.25,-53.0,-1.0495049504950495,SL,1,L|swing
2025-12-02 09:35:00-05:00,2025-12-02 09:35:00-05:00,2025-12-02 10:08:00-05:00,L,25542.0,25647.75,25471.0,71.0,209.5,1.4753521126760563,TP,1,L|swing
2025-12-02 10:50:00-05:00,2025-12-02 10:50:00-05:00,2025-12-02 11:14:00-05:00,L,25661.75,25527.5,25527.75,134.0,-270.5,-1.0093283582089552,SL,1,L|swing
2025-12-02 11:23:00-05:00,2025-12-02 11:23:00-05:00,2025-12-02 15:59:00-05:00,S,25478.75,25600.25,25664.25,185.5,-245.0,-0.660377358490566,time,1,S|swing
2025-12-03 09:53:00-05:00,2025-12-03 09:53:00-05:00,2025-12-03 10:02:00-05:00,S,25446.25,25538.5,25538.25,92.0,-186.5,-1.013586956521739,SL,1,S|swing
2025-12-03 11:11:00-05:00,2025-12-03 11:11:00-05:00,2025-12-03 11:33:00-05:00,S,25535.5,25605.75,25605.5,70.0,-142.5,-1.0178571428571428,SL,1,S|swing
2025-12-03 12:14:00-05:00,2025-12-03 12:14:00-05:00,2025-12-03 15:59:00-05:00,L,25598.0,25657.0,25528.75,69.25,116.0,0.8375451263537906,time,1,L|swing
2025-12-04 09:35:00-05:00,2025-12-04 09:35:00-05:00,2025-12-04 15:59:00-05:00,S,25607.5,25627.75,25732.75,125.25,-42.5,-0.16966067864271456,time,1,S|swing
2025-12-05 09:53:00-05:00,2025-12-05 09:53:00-05:00,2025-12-05 15:59:00-05:00,L,25788.0,25725.75,25644.75,143.25,-126.5,-0.44153577661431065,time,1,L|swing
2025-12-08 09:50:00-05:00,2025-12-08 09:50:00-05:00,2025-12-08 11:02:00-05:00,S,25768.0,25629.25,25861.0,93.0,275.5,1.4811827956989247,TP,1,S|swing
2025-12-08 12:02:00-05:00,2025-12-08 12:02:00-05:00,2025-12-08 12:56:00-05:00,S,25607.5,25657.5,25657.25,49.75,-102.0,-1.0251256281407035,SL,1,S|swing
2025-12-08 13:29:00-05:00,2025-12-08 13:29:00-05:00,2025-12-08 15:59:00-05:00,S,25629.5,25669.0,25696.75,67.25,-81.0,-0.6022304832713755,time,1,S|swing
2025-12-09 10:02:00-05:00,2025-12-09 10:02:00-05:00,2025-12-09 15:59:00-05:00,L,25667.25,25702.75,25559.75,107.5,69.0,0.3209302325581395,time,1,L|swing
2025-12-10 10:35:00-05:00,2025-12-10 10:35:00-05:00,2025-12-10 11:57:00-05:00,S,25602.25,25657.25,25657.0,54.75,-112.0,-1.0228310502283104,SL,1,S|swing
2025-12-10 12:20:00-05:00,2025-12-10 12:20:00-05:00,2025-12-10 12:51:00-05:00,S,25619.75,25659.0,25658.75,39.0,-80.5,-1.0320512820512822,SL,1,S|swing
2025-12-10 13:20:00-05:00,2025-12-10 13:20:00-05:00,2025-12-10 14:00:00-05:00,S,25632.0,25682.5,25682.25,50.25,-103.0,-1.0248756218905473,SL,1,S|swing
2025-12-10 14:35:00-05:00,2025-12-10 14:35:00-05:00,2025-12-10 14:42:00-05:00,L,25770.5,25627.25,25627.5,143.0,-288.5,-1.0087412587412588,SL,1,L|swing
2025-12-10 14:56:00-05:00,2025-12-10 14:56:00-05:00,2025-12-10 15:59:00-05:00,L,25809.0,25800.0,25609.75,199.25,-20.0,-0.050188205771643665,time,1,L|swing
2025-12-11 09:47:00-05:00,2025-12-11 09:47:00-05:00,2025-12-11 13:43:00-05:00,S,25531.0,25681.25,25681.0,150.0,-302.5,-1.0083333333333333,SL,1,S|swing
2025-12-11 14:14:00-05:00,2025-12-11 14:14:00-05:00,2025-12-11 15:59:00-05:00,L,25668.75,25714.5,25629.75,39.0,89.5,1.1474358974358974,time,1,L|swing
2025-12-12 09:50:00-05:00,2025-12-12 09:50:00-05:00,2025-12-12 10:28:00-05:00,S,25514.75,25356.75,25620.75,106.0,314.0,1.4811320754716981,TP,1,S|swing
2025-12-12 10:59:00-05:00,2025-12-12 10:59:00-05:00,2025-12-12 15:59:00-05:00,S,25240.25,25210.5,25401.75,161.5,57.5,0.1780185758513932,time,1,S|swing
2025-12-15 11:44:00-05:00,2025-12-15 11:44:00-05:00,2025-12-15 15:59:00-05:00,S,25139.0,25085.0,25267.0,128.0,106.0,0.4140625,time,1,S|swing
2025-12-16 09:38:00-05:00,2025-12-16 09:38:00-05:00,2025-12-16 09:46:00-05:00,L,25079.5,24965.5,24965.75,113.75,-230.0,-1.010989010989011,SL,1,L|swing
2025-12-16 09:50:00-05:00,2025-12-16 09:50:00-05:00,2025-12-16 10:25:00-05:00,L,25130.0,24960.0,24960.25,169.75,-342.0,-1.0073637702503682,SL,1,L|swing
2025-12-16 10:26:00-05:00,2025-12-16 10:26:00-05:00,2025-12-16 15:34:00-05:00,S,24944.0,25165.0,25164.75,220.75,-444.0,-1.0056625141562854,SL,1,S|swing
2025-12-17 10:35:00-05:00,2025-12-17 10:35:00-05:00,2025-12-17 10:55:00-05:00,S,24995.75,24821.75,25112.25,116.5,346.0,1.4849785407725322,TP,1,S|swing
2025-12-17 11:14:00-05:00,2025-12-17 11:14:00-05:00,2025-12-17 15:59:00-05:00,S,24796.75,24662.25,24930.75,134.0,267.0,0.996268656716418,time,1,S|swing
2025-12-22 09:35:00-05:00,2025-12-22 09:35:00-05:00,2025-12-22 15:59:00-05:00,S,25695.5,25688.5,25795.25,99.75,12.0,0.06015037593984962,time,1,S|swing
2025-12-23 09:47:00-05:00,2025-12-23 09:47:00-05:00,2025-12-23 15:59:00-05:00,L,25740.0,25811.0,25623.5,116.5,140.0,0.6008583690987125,time,1,L|swing
2025-12-24 10:05:00-05:00,2025-12-24 10:05:00-05:00,2025-12-24 11:37:00-05:00,L,25821.5,25875.75,25784.75,36.75,106.5,1.4489795918367347,TP,1,L|swing
2025-12-26 09:35:00-05:00,2025-12-26 09:35:00-05:00,2025-12-26 10:01:00-05:00,L,25920.5,25864.0,25864.25,56.25,-115.0,-1.0222222222222221,SL,1,L|swing
2025-12-26 10:02:00-05:00,2025-12-26 10:02:00-05:00,2025-12-26 15:59:00-05:00,S,25842.25,25867.0,25935.25,93.0,-51.5,-0.2768817204301075,time,1,S|swing
2025-12-29 10:08:00-05:00,2025-12-29 10:08:00-05:00,2025-12-29 15:59:00-05:00,S,25693.0,25741.5,25808.25,115.25,-99.0,-0.42950108459869846,time,1,S|swing
2025-12-30 09:44:00-05:00,2025-12-30 09:44:00-05:00,2025-12-30 09:49:00-05:00,S,25690.0,25733.5,25733.25,43.25,-89.0,-1.0289017341040463,SL,1,S|swing
2025-12-30 09:50:00-05:00,2025-12-30 09:50:00-05:00,2025-12-30 15:59:00-05:00,L,25743.5,25673.0,25673.25,70.25,-143.0,-1.0177935943060499,SL,1,L|swing
2025-12-31 10:11:00-05:00,2025-12-31 10:11:00-05:00,2025-12-31 15:02:00-05:00,S,25583.75,25506.75,25635.75,52.0,152.0,1.4615384615384615,TP,1,S|swing
2026-01-02 09:35:00-05:00,2026-01-02 09:35:00-05:00,2026-01-02 09:47:00-05:00,S,25656.25,25734.0,25733.75,77.5,-157.5,-1.0161290322580645,SL,1,S|swing
2026-01-02 10:14:00-05:00,2026-01-02 10:14:00-05:00,2026-01-02 11:12:00-05:00,S,25603.75,25304.75,25803.75,200.0,596.0,1.49,TP,1,S|swing
2026-01-02 11:50:00-05:00,2026-01-02 11:50:00-05:00,2026-01-02 14:30:00-05:00,S,25346.5,25427.75,25427.5,81.0,-164.5,-1.0154320987654322,SL,1,S|swing
2026-01-05 10:05:00-05:00,2026-01-05 10:05:00-05:00,2026-01-05 15:59:00-05:00,L,25639.0,25586.75,25538.25,100.75,-106.5,-0.5285359801488834,time,1,L|swing
2026-01-06 09:47:00-05:00,2026-01-06 09:47:00-05:00,2026-01-06 15:59:00-05:00,L,25710.0,25813.0,25607.75,102.25,204.0,0.9975550122249389,time,1,L|swing
2026-01-07 10:32:00-05:00,2026-01-07 10:32:00-05:00,2026-01-07 10:39:00-05:00,L,25884.25,25814.75,25815.0,69.25,-141.0,-1.0180505415162455,SL,1,L|swing
2026-01-07 10:53:00-05:00,2026-01-07 10:53:00-05:00,2026-01-07 15:59:00-05:00,L,25909.75,25834.5,25808.75,101.0,-152.5,-0.754950495049505,time,1,L|swing
2026-01-08 10:02:00-05:00,2026-01-08 10:02:00-05:00,2026-01-08 15:59:00-05:00,S,25584.25,25683.0,25760.0,175.75,-199.5,-0.5675675675675675,time,1,S|swing
2026-01-09 10:08:00-05:00,2026-01-09 10:08:00-05:00,2026-01-09 10:22:00-05:00,S,25638.5,25777.75,25777.5,139.0,-280.5,-1.0089928057553956,SL,1,S|swing
2026-01-09 11:11:00-05:00,2026-01-09 11:11:00-05:00,2026-01-09 15:59:00-05:00,L,25881.5,25932.75,25760.75,120.75,100.5,0.4161490683229814,time,1,L|swing
2026-01-12 11:14:00-05:00,2026-01-12 11:14:00-05:00,2026-01-12 15:59:00-05:00,L,25946.5,25951.75,25863.25,83.25,8.5,0.05105105105105105,time,1,L|swing
2026-01-13 09:41:00-05:00,2026-01-13 09:41:00-05:00,2026-01-13 10:02:00-05:00,L,26041.0,25930.25,25930.5,110.5,-223.5,-1.01131221719457,SL,1,L|swing
2026-01-13 10:17:00-05:00,2026-01-13 10:17:00-05:00,2026-01-13 11:49:00-05:00,S,25888.75,25995.5,25995.25,106.5,-215.5,-1.011737089201878,SL,1,S|swing
2026-01-13 12:53:00-05:00,2026-01-13 12:53:00-05:00,2026-01-13 15:59:00-05:00,S,25895.25,25904.25,25985.5,90.25,-20.0,-0.11080332409972299,time,1,S|swing
2026-01-14 09:41:00-05:00,2026-01-14 09:41:00-05:00,2026-01-14 11:50:00-05:00,S,25662.25,25469.25,25791.5,129.25,384.0,1.4854932301740813,TP,1,S|swing
2026-01-14 12:50:00-05:00,2026-01-14 12:50:00-05:00,2026-01-14 13:52:00-05:00,S,25442.75,25509.25,25509.0,66.25,-135.0,-1.0188679245283019,SL,1,S|swing
2026-01-14 14:56:00-05:00,2026-01-14 14:56:00-05:00,2026-01-14 15:01:00-05:00,S,25505.5,25463.25,25534.25,28.75,82.5,1.434782608695652,TP,1,S|swing
2026-01-15 11:23:00-05:00,2026-01-15 11:23:00-05:00,2026-01-15 14:26:00-05:00,L,25925.0,25804.0,25804.25,120.75,-244.0,-1.010351966873706,SL,1,L|swing
2026-01-15 14:56:00-05:00,2026-01-15 14:56:00-05:00,2026-01-15 15:59:00-05:00,S,25749.75,25719.25,25812.75,63.0,59.0,0.46825396825396826,time,1,S|swing
2026-01-16 09:44:00-05:00,2026-01-16 09:44:00-05:00,2026-01-16 10:01:00-05:00,S,25820.0,25713.75,25891.5,71.5,210.5,1.472027972027972,TP,1,S|swing
2026-01-16 10:20:00-05:00,2026-01-16 10:20:00-05:00,2026-01-16 15:59:00-05:00,S,25686.0,25685.0,25821.75,135.75,0.0,0.0,time,1,S|swing
2026-01-19 11:05:00-05:00,2026-01-19 11:05:00-05:00,2026-01-19 12:49:00-05:00,L,25350.0,25400.0,25298.0,52.0,98.0,0.9423076923076923,time,1,L|swing
2026-01-20 10:32:00-05:00,2026-01-20 10:32:00-05:00,2026-01-20 13:23:00-05:00,L,25384.25,25253.5,25253.75,130.5,-263.5,-1.0095785440613028,SL,1,L|swing
2026-01-20 13:50:00-05:00,2026-01-20 13:50:00-05:00,2026-01-20 15:59:00-05:00,S,25198.0,25143.0,25276.5,78.5,108.0,0.6878980891719745,time,1,S|swing
2026-01-21 09:53:00-05:00,2026-01-21 09:53:00-05:00,2026-01-21 14:38:00-05:00,L,25281.25,25509.75,25128.25,153.0,455.0,1.4869281045751634,TP,1,L|swing
2026-01-22 09:47:00-05:00,2026-01-22 09:47:00-05:00,2026-01-22 15:59:00-05:00,S,25603.75,25661.75,25738.75,135.0,-118.0,-0.43703703703703706,time,1,S|swing
2026-01-23 09:59:00-05:00,2026-01-23 09:59:00-05:00,2026-01-23 10:56:00-05:00,L,25667.5,25824.5,25562.25,105.25,312.0,1.482185273159145,TP,1,L|swing
2026-01-23 14:08:00-05:00,2026-01-23 14:08:00-05:00,2026-01-23 15:08:00-05:00,L,25764.75,25713.5,25713.75,51.0,-104.5,-1.0245098039215685,SL,1,L|swing
2026-01-26 10:17:00-05:00,2026-01-26 10:17:00-05:00,2026-01-26 15:59:00-05:00,L,25856.5,25844.25,25800.5,56.0,-26.5,-0.23660714285714285,time,1,L|swing
2026-01-27 09:53:00-05:00,2026-01-27 09:53:00-05:00,2026-01-27 15:59:00-05:00,L,26028.0,26075.75,25917.0,111.0,93.5,0.42117117117117114,time,1,L|swing
2026-01-28 10:11:00-05:00,2026-01-28 10:11:00-05:00,2026-01-28 11:44:00-05:00,S,26231.5,26121.25,26305.5,74.0,218.5,1.4763513513513513,TP,1,S|swing
2026-01-28 14:02:00-05:00,2026-01-28 14:02:00-05:00,2026-01-28 14:48:00-05:00,S,26127.25,26196.5,26196.25,69.0,-140.5,-1.0181159420289856,SL,1,S|swing
2026-01-29 10:14:00-05:00,2026-01-29 10:14:00-05:00,2026-01-29 15:57:00-05:00,S,25720.75,26008.5,26008.25,287.5,-577.5,-1.0043478260869565,SL,1,S|swing
2026-01-30 09:35:00-05:00,2026-01-30 09:35:00-05:00,2026-01-30 10:29:00-05:00,L,25897.0,25804.5,25804.75,92.25,-187.0,-1.013550135501355,SL,1,L|swing
2026-01-30 11:23:00-05:00,2026-01-30 11:23:00-05:00,2026-01-30 13:20:00-05:00,S,25763.5,25597.75,25874.5,111.0,329.5,1.4842342342342343,TP,1,S|swing
2026-01-30 14:29:00-05:00,2026-01-30 14:29:00-05:00,2026-01-30 15:07:00-05:00,S,25716.25,25619.25,25781.5,65.25,192.0,1.471264367816092,TP,1,S|swing
2026-02-02 10:05:00-05:00,2026-02-02 10:05:00-05:00,2026-02-02 15:59:00-05:00,L,25814.75,25856.0,25668.75,146.0,80.5,0.2756849315068493,time,1,L|swing
2026-02-03 09:56:00-05:00,2026-02-03 09:56:00-05:00,2026-02-03 13:59:00-05:00,S,25674.25,25257.25,25952.75,278.5,832.0,1.4937163375224416,TP,1,S|swing
2026-02-03 14:47:00-05:00,2026-02-03 14:47:00-05:00,2026-02-03 15:31:00-05:00,S,25254.0,25359.75,25359.5,105.5,-213.5,-1.0118483412322274,SL,1,S|swing
2026-02-04 09:59:00-05:00,2026-02-04 09:59:00-05:00,2026-02-04 12:27:00-05:00,S,25199.25,24918.75,25386.75,187.5,559.0,1.4906666666666666,TP,1,S|swing
2026-02-04 12:50:00-05:00,2026-02-04 12:50:00-05:00,2026-02-04 14:34:00-05:00,S,24795.0,25003.0,25002.75,207.75,-418.0,-1.0060168471720818,SL,1,S|swing
2026-02-05 10:11:00-05:00,2026-02-05 10:11:00-05:00,2026-02-05 15:59:00-05:00,S,24618.5,24639.5,24961.5,343.0,-44.0,-0.0641399416909621,time,1,S|swing
2026-02-06 10:26:00-05:00,2026-02-06 10:26:00-05:00,2026-02-06 15:42:00-05:00,L,24903.0,25144.0,24741.75,161.25,480.0,1.4883720930232558,TP,1,L|swing
2026-02-09 09:41:00-05:00,2026-02-09 09:41:00-05:00,2026-02-09 11:42:00-05:00,L,25119.25,25364.25,24955.25,164.0,488.0,1.4878048780487805,TP,1,L|swing
2026-02-09 14:17:00-05:00,2026-02-09 14:17:00-05:00,2026-02-09 15:26:00-05:00,L,25399.75,25362.5,25362.75,37.0,-76.5,-1.0337837837837838,SL,1,L|swing
2026-02-10 10:08:00-05:00,2026-02-10 10:08:00-05:00,2026-02-10 15:12:00-05:00,L,25441.0,25250.75,25251.0,190.0,-382.5,-1.006578947368421,SL,1,L|swing
2026-02-11 11:29:00-05:00,2026-02-11 11:29:00-05:00,2026-02-11 12:25:00-05:00,S,25192.75,25275.75,25275.5,82.75,-168.0,-1.0151057401812689,SL,1,S|swing
2026-02-11 12:26:00-05:00,2026-02-11 12:26:00-05:00,2026-02-11 15:59:00-05:00,L,25292.25,25278.0,25141.75,150.5,-30.5,-0.10132890365448505,time,1,L|swing
2026-02-12 09:44:00-05:00,2026-02-12 09:44:00-05:00,2026-02-12 10:00:00-05:00,S,25309.0,25182.25,25394.0,85.0,251.5,1.4794117647058824,TP,1,S|swing
2026-02-12 10:32:00-05:00,2026-02-12 10:32:00-05:00,2026-02-12 10:42:00-05:00,S,25192.75,25092.0,25260.5,67.75,199.5,1.4723247232472325,TP,1,S|swing
2026-02-12 12:59:00-05:00,2026-02-12 12:59:00-05:00,2026-02-12 14:50:00-05:00,S,24825.25,24941.25,24941.0,115.75,-234.0,-1.0107991360691144,SL,1,S|swing
2026-02-12 14:59:00-05:00,2026-02-12 14:59:00-05:00,2026-02-12 15:20:00-05:00,S,24898.25,24830.25,24944.25,46.0,134.0,1.4565217391304348,TP,1,S|swing
2026-02-13 09:38:00-05:00,2026-02-13 09:38:00-05:00,2026-02-13 09:42:00-05:00,S,24712.25,24581.25,24800.25,88.0,260.0,1.4772727272727273,TP,1,S|swing
2026-02-13 09:47:00-05:00,2026-02-13 09:47:00-05:00,2026-02-13 15:59:00-05:00,L,24817.0,24802.25,24578.5,238.5,-31.5,-0.0660377358490566,time,1,L|swing
2026-02-16 10:35:00-05:00,2026-02-16 10:35:00-05:00,2026-02-16 12:49:00-05:00,S,24689.5,24759.25,24797.75,108.25,-141.5,-0.6535796766743649,time,1,S|swing
2026-02-17 09:35:00-05:00,2026-02-17 09:35:00-05:00,2026-02-17 09:50:00-05:00,L,24769.25,24605.25,24605.5,163.75,-330.0,-1.0076335877862594,SL,1,L|swing
2026-02-17 10:38:00-05:00,2026-02-17 10:38:00-05:00,2026-02-17 11:01:00-05:00,S,24471.5,24641.75,24641.5,170.0,-342.5,-1.0073529411764706,SL,1,S|swing
2026-02-17 11:02:00-05:00,2026-02-17 11:02:00-05:00,2026-02-17 15:59:00-05:00,L,24653.75,24776.5,24449.0,204.75,243.5,0.5946275946275946,time,1,L|swing
2026-02-18 09:56:00-05:00,2026-02-18 09:56:00-05:00,2026-02-18 15:59:00-05:00,L,24921.75,24957.25,24751.75,170.0,69.0,0.20294117647058824,time,1,L|swing
2026-02-19 09:35:00-05:00,2026-02-19 09:35:00-05:00,2026-02-19 09:53:00-05:00,S,24806.25,24883.75,24883.5,77.25,-157.0,-1.0161812297734627,SL,1,S|swing
2026-02-19 10:29:00-05:00,2026-02-19 10:29:00-05:00,2026-02-19 11:18:00-05:00,S,24858.25,24951.0,24950.75,92.5,-187.5,-1.0135135135135136,SL,1,S|swing
2026-02-19 11:20:00-05:00,2026-02-19 11:20:00-05:00,2026-02-19 11:44:00-05:00,L,24953.25,24851.5,24851.75,101.5,-205.5,-1.0123152709359606,SL,1,L|swing
2026-02-19 12:47:00-05:00,2026-02-19 12:47:00-05:00,2026-02-19 15:59:00-05:00,S,24815.25,24863.25,24905.25,90.0,-98.0,-0.5444444444444444,time,1,S|swing
2026-02-20 10:02:00-05:00,2026-02-20 10:02:00-05:00,2026-02-20 15:59:00-05:00,L,25001.0,25074.0,24773.25,227.75,144.0,0.31613611416026344,time,1,L|swing
2026-02-23 09:41:00-05:00,2026-02-23 09:41:00-05:00,2026-02-23 11:03:00-05:00,S,24908.0,24710.5,25040.25,132.25,393.0,1.4858223062381852,TP,1,S|swing
2026-02-23 11:50:00-05:00,2026-02-23 11:50:00-05:00,2026-02-23 12:37:00-05:00,S,24747.5,24685.0,24789.75,42.25,123.0,1.455621301775148,TP,1,S|swing
2026-02-23 13:44:00-05:00,2026-02-23 13:44:00-05:00,2026-02-23 13:57:00-05:00,S,24784.75,24731.75,24820.75,36.0,104.0,1.4444444444444444,TP,1,S|swing
2026-02-23 14:29:00-05:00,2026-02-23 14:29:00-05:00,2026-02-23 15:50:00-05:00,S,24714.25,24755.25,24755.0,40.75,-84.0,-1.030674846625767,SL,1,S|swing
2026-02-24 09:44:00-05:00,2026-02-24 09:44:00-05:00,2026-02-24 15:59:00-05:00,L,24911.0,25029.5,24693.75,217.25,235.0,0.5408515535097813,time,1,L|swing
2026-02-25 11:32:00-05:00,2026-02-25 11:32:00-05:00,2026-02-25 12:59:00-05:00,L,25310.5,25353.5,25281.25,29.25,84.0,1.435897435897436,TP,1,L|swing
2026-02-25 13:41:00-05:00,2026-02-25 13:41:00-05:00,2026-02-25 14:07:00-05:00,L,25349.5,25372.25,25333.75,15.75,43.5,1.380952380952381,TP,1,L|swing
2026-02-25 14:20:00-05:00,2026-02-25 14:20:00-05:00,2026-02-25 15:59:00-05:00,L,25374.75,25383.75,25348.25,26.5,16.0,0.3018867924528302,time,1,L|swing
2026-02-26 09:53:00-05:00,2026-02-26 09:53:00-05:00,2026-02-26 10:18:00-05:00,S,25210.0,24967.5,25372.25,162.25,483.0,1.4884437596302003,TP,1,S|swing
2026-02-26 11:56:00-05:00,2026-02-26 11:56:00-05:00,2026-02-26 14:10:00-05:00,S,24964.5,25071.5,25071.25,106.75,-216.0,-1.0117096018735363,SL,1,S|swing
2026-02-27 10:44:00-05:00,2026-02-27 10:44:00-05:00,2026-02-27 12:22:00-05:00,L,24999.0,24920.5,24920.75,78.25,-159.0,-1.0159744408945688,SL,1,L|swing
2026-02-27 12:23:00-05:00,2026-02-27 12:23:00-05:00,2026-02-27 15:59:00-05:00,S,24923.75,24998.5,25037.0,113.25,-151.5,-0.6688741721854304,time,1,S|swing
2026-03-02 10:08:00-05:00,2026-03-02 10:08:00-05:00,2026-03-02 14:37:00-05:00,L,24916.0,25096.75,24795.0,121.0,359.5,1.4855371900826446,TP,1,L|swing
2026-03-03 10:02:00-05:00,2026-03-03 10:02:00-05:00,2026-03-03 11:45:00-05:00,S,24474.75,24661.5,24661.25,186.5,-375.5,-1.0067024128686326,SL,1,S|swing
2026-03-03 13:17:00-05:00,2026-03-03 13:17:00-05:00,2026-03-03 13:41:00-05:00,L,24702.0,24818.5,24623.75,78.25,231.0,1.476038338658147,TP,1,L|swing
2026-03-03 14:41:00-05:00,2026-03-03 14:41:00-05:00,2026-03-03 15:59:00-05:00,L,24805.75,24756.5,24709.0,96.75,-100.5,-0.5193798449612403,time,1,L|swing
2026-03-04 10:02:00-05:00,2026-03-04 10:02:00-05:00,2026-03-04 11:43:00-05:00,L,24954.75,25166.25,24813.25,141.5,421.0,1.4876325088339222,TP,1,L|swing
2026-03-04 11:44:00-05:00,2026-03-04 11:44:00-05:00,2026-03-04 15:59:00-05:00,L,25159.75,25119.75,25051.0,108.75,-82.0,-0.37701149425287356,time,1,L|swing
2026-03-05 09:53:00-05:00,2026-03-05 09:53:00-05:00,2026-03-05 10:30:00-05:00,L,25128.0,24968.5,24968.75,159.25,-321.0,-1.0078492935635792,SL,1,L|swing
2026-03-05 10:50:00-05:00,2026-03-05 10:50:00-05:00,2026-03-05 12:29:00-05:00,L,25080.75,24930.0,24930.25,150.5,-303.5,-1.0083056478405317,SL,1,L|swing
2026-03-05 14:32:00-05:00,2026-03-05 14:32:00-05:00,2026-03-05 14:50:00-05:00,S,24801.5,24881.75,24881.5,80.0,-162.5,-1.015625,SL,1,S|swing
2026-03-06 12:08:00-05:00,2026-03-06 12:08:00-05:00,2026-03-06 15:22:00-05:00,S,24832.75,24700.75,24921.25,88.5,262.0,1.4802259887005649,TP,1,S|swing
2026-03-09 10:38:00-04:00,2026-03-09 10:38:00-04:00,2026-03-09 15:19:00-04:00,L,24502.5,24770.5,24323.25,179.25,534.0,1.4895397489539748,TP,1,L|swing
2026-03-10 10:02:00-04:00,2026-03-10 10:02:00-04:00,2026-03-10 10:37:00-04:00,S,24954.5,25070.0,25069.75,115.25,-233.0,-1.0108459869848156,SL,1,S|swing
2026-03-10 13:02:00-04:00,2026-03-10 13:02:00-04:00,2026-03-10 13:37:00-04:00,L,25172.25,25116.75,25117.0,55.25,-113.0,-1.0226244343891402,SL,1,L|swing
2026-03-10 14:14:00-04:00,2026-03-10 14:14:00-04:00,2026-03-10 15:59:00-04:00,S,25039.25,24986.0,25188.5,149.25,104.5,0.3500837520938023,time,1,S|swing
2026-03-11 10:02:00-04:00,2026-03-11 10:02:00-04:00,2026-03-11 10:25:00-04:00,L,25130.75,25014.25,25014.5,116.25,-235.0,-1.010752688172043,SL,1,L|swing
2026-03-11 10:26:00-04:00,2026-03-11 10:26:00-04:00,2026-03-11 15:59:00-04:00,S,25008.0,24984.25,25180.25,172.25,45.5,0.1320754716981132,time,1,S|swing
2026-03-12 09:47:00-04:00,2026-03-12 09:47:00-04:00,2026-03-12 15:59:00-04:00,S,24699.5,24556.0,24835.0,135.5,285.0,1.051660516605166,time,1,S|swing
2026-03-13 09:41:00-04:00,2026-03-13 09:41:00-04:00,2026-03-13 10:42:00-04:00,L,24700.75,24610.5,24610.75,90.0,-182.5,-1.0138888888888888,SL,1,L|swing
2026-03-13 11:41:00-04:00,2026-03-13 11:41:00-04:00,2026-03-13 15:59:00-04:00,S,24431.25,24397.75,24569.75,138.5,65.0,0.23465703971119134,time,1,S|swing
2026-03-16 09:47:00-04:00,2026-03-16 09:47:00-04:00,2026-03-16 10:50:00-04:00,L,24733.25,24622.5,24622.75,110.5,-223.5,-1.01131221719457,SL,1,L|swing
2026-03-16 10:59:00-04:00,2026-03-16 10:59:00-04:00,2026-03-16 15:59:00-04:00,L,24694.75,24669.25,24602.0,92.75,-53.0,-0.2857142857142857,time,1,L|swing
2026-03-17 12:20:00-04:00,2026-03-17 12:20:00-04:00,2026-03-17 15:59:00-04:00,L,24795.0,24791.5,24730.5,64.5,-9.0,-0.06976744186046512,time,1,L|swing
2026-03-18 10:02:00-04:00,2026-03-18 10:02:00-04:00,2026-03-18 10:28:00-04:00,S,24705.75,24595.75,24779.75,74.0,218.0,1.472972972972973,TP,1,S|swing
2026-03-18 12:35:00-04:00,2026-03-18 12:35:00-04:00,2026-03-18 14:01:00-04:00,S,24613.5,24693.75,24693.5,80.0,-162.5,-1.015625,SL,1,S|swing
2026-03-18 14:17:00-04:00,2026-03-18 14:17:00-04:00,2026-03-18 15:21:00-04:00,S,24624.75,24516.75,24697.25,72.5,214.0,1.4758620689655173,TP,1,S|swing
2026-03-23 10:02:00-04:00,2026-03-23 10:02:00-04:00,2026-03-23 11:52:00-04:00,L,24610.0,24443.25,24443.5,166.5,-335.5,-1.0075075075075075,SL,1,L|swing
2026-03-23 13:20:00-04:00,2026-03-23 13:20:00-04:00,2026-03-23 13:33:00-04:00,S,24315.25,24405.0,24404.75,89.5,-181.5,-1.0139664804469273,SL,1,S|swing
2026-03-23 13:35:00-04:00,2026-03-23 13:35:00-04:00,2026-03-23 15:59:00-04:00,L,24454.0,24398.5,24311.25,142.75,-113.0,-0.3957968476357268,time,1,L|swing
2026-03-24 09:41:00-04:00,2026-03-24 09:41:00-04:00,2026-03-24 10:52:00-04:00,S,24140.75,24317.5,24317.25,176.5,-355.5,-1.0070821529745042,SL,1,S|swing
2026-03-24 11:23:00-04:00,2026-03-24 11:23:00-04:00,2026-03-24 13:05:00-04:00,L,24346.75,24183.5,24183.75,163.0,-328.5,-1.0076687116564418,SL,1,L|swing
2026-03-24 13:44:00-04:00,2026-03-24 13:44:00-04:00,2026-03-24 13:55:00-04:00,S,24167.5,24227.5,24227.25,59.75,-122.0,-1.0209205020920502,SL,1,S|swing
2026-03-25 09:38:00-04:00,2026-03-25 09:38:00-04:00,2026-03-25 09:49:00-04:00,L,24504.75,24424.5,24424.75,80.0,-162.5,-1.015625,SL,1,L|swing
2026-03-25 09:50:00-04:00,2026-03-25 09:50:00-04:00,2026-03-25 15:59:00-04:00,S,24380.25,24372.5,24526.25,146.0,13.5,0.046232876712328765,time,1,S|swing
2026-03-26 10:38:00-04:00,2026-03-26 10:38:00-04:00,2026-03-26 10:55:00-04:00,S,24163.75,24062.75,24231.75,68.0,200.0,1.4705882352941178,TP,1,S|swing
2026-03-26 11:17:00-04:00,2026-03-26 11:17:00-04:00,2026-03-26 12:32:00-04:00,S,24075.0,23983.75,24136.5,61.5,180.5,1.467479674796748,TP,1,S|swing
2026-03-26 12:50:00-04:00,2026-03-26 12:50:00-04:00,2026-03-26 13:59:00-04:00,S,23973.5,23852.75,24054.5,81.0,239.5,1.478395061728395,TP,1,S|swing
2026-03-26 14:29:00-04:00,2026-03-26 14:29:00-04:00,2026-03-26 15:59:00-04:00,S,23848.25,23787.25,23901.25,53.0,120.0,1.1320754716981132,time,1,S|swing
2026-03-27 09:35:00-04:00,2026-03-27 09:35:00-04:00,2026-03-27 13:27:00-04:00,S,23554.0,23389.25,23664.5,110.5,327.5,1.4819004524886878,TP,1,S|swing
2026-03-27 13:41:00-04:00,2026-03-27 13:41:00-04:00,2026-03-27 15:59:00-04:00,S,23375.5,23309.0,23473.0,97.5,131.0,0.6717948717948717,time,1,S|swing
2026-03-30 10:35:00-04:00,2026-03-30 10:35:00-04:00,2026-03-30 11:00:00-04:00,S,23302.25,23383.5,23383.25,81.0,-164.5,-1.0154320987654322,SL,1,S|swing
2026-03-30 11:35:00-04:00,2026-03-30 11:35:00-04:00,2026-03-30 12:27:00-04:00,L,23398.25,23282.0,23282.25,116.0,-234.5,-1.0107758620689655,SL,1,L|swing
2026-03-30 13:11:00-04:00,2026-03-30 13:11:00-04:00,2026-03-30 13:31:00-04:00,S,23261.25,23186.0,23312.0,50.75,148.5,1.4630541871921183,TP,1,S|swing
2026-03-30 14:08:00-04:00,2026-03-30 14:08:00-04:00,2026-03-30 15:10:00-04:00,S,23182.0,23074.5,23254.25,72.25,213.0,1.4740484429065743,TP,1,S|swing
2026-03-31 09:35:00-04:00,2026-03-31 09:35:00-04:00,2026-03-31 09:49:00-04:00,L,23427.5,23518.75,23366.0,61.5,180.5,1.467479674796748,TP,1,L|swing
2026-03-31 12:08:00-04:00,2026-03-31 12:08:00-04:00,2026-03-31 12:39:00-04:00,L,23526.25,23661.25,23435.75,90.5,268.0,1.4806629834254144,TP,1,L|swing
2026-03-31 14:17:00-04:00,2026-03-31 14:17:00-04:00,2026-03-31 15:50:00-04:00,L,23833.0,23961.25,23747.0,86.0,254.5,1.4796511627906976,TP,1,L|swing
2026-04-01 10:02:00-04:00,2026-04-01 10:02:00-04:00,2026-04-01 11:37:00-04:00,L,24152.5,24290.75,24059.75,92.75,274.5,1.4797843665768193,TP,1,L|swing
2026-04-01 11:44:00-04:00,2026-04-01 11:44:00-04:00,2026-04-01 14:02:00-04:00,L,24290.25,24229.5,24229.75,60.5,-123.5,-1.0206611570247934,SL,1,L|swing
2026-04-01 14:35:00-04:00,2026-04-01 14:35:00-04:00,2026-04-01 15:41:00-04:00,S,24130.5,24248.0,24247.75,117.25,-237.0,-1.0106609808102345,SL,1,S|swing
2026-04-02 09:53:00-04:00,2026-04-02 09:53:00-04:00,2026-04-02 10:35:00-04:00,L,23832.75,24064.25,23677.75,155.0,461.0,1.4870967741935484,TP,1,L|swing
2026-04-02 13:17:00-04:00,2026-04-02 13:17:00-04:00,2026-04-02 13:47:00-04:00,L,24164.5,24097.5,24097.75,66.75,-136.0,-1.0187265917602997,SL,1,L|swing
2026-04-02 14:41:00-04:00,2026-04-02 14:41:00-04:00,2026-04-02 15:50:00-04:00,L,24139.5,24199.25,24099.0,40.5,117.5,1.4506172839506173,TP,1,L|swing
2026-04-06 09:50:00-04:00,2026-04-06 09:50:00-04:00,2026-04-06 13:12:00-04:00,L,24380.75,24244.75,24245.0,135.75,-274.0,-1.0092081031307552,SL,1,L|swing
2026-04-06 14:20:00-04:00,2026-04-06 14:20:00-04:00,2026-04-06 15:59:00-04:00,L,24326.75,24363.25,24245.25,81.5,71.0,0.43558282208588955,time,1,L|swing
2026-04-07 09:44:00-04:00,2026-04-07 09:44:00-04:00,2026-04-07 10:06:00-04:00,S,24196.75,24037.5,24303.5,106.75,316.5,1.4824355971896956,TP,1,S|swing
2026-04-07 10:56:00-04:00,2026-04-07 10:56:00-04:00,2026-04-07 12:02:00-04:00,S,24049.0,24146.5,24146.25,97.25,-197.0,-1.012853470437018,SL,1,S|swing
2026-04-07 12:47:00-04:00,2026-04-07 12:47:00-04:00,2026-04-07 14:45:00-04:00,L,24231.5,24151.0,24151.25,80.25,-163.0,-1.0155763239875388,SL,1,L|swing
2026-04-08 09:53:00-04:00,2026-04-08 09:53:00-04:00,2026-04-08 15:59:00-04:00,S,25089.0,25079.75,25252.0,163.0,16.5,0.05061349693251534,time,1,S|swing
2026-04-09 09:56:00-04:00,2026-04-09 09:56:00-04:00,2026-04-09 11:32:00-04:00,S,25016.25,25113.25,25113.0,96.75,-196.0,-1.0129198966408268,SL,1,S|swing
2026-04-09 11:47:00-04:00,2026-04-09 11:47:00-04:00,2026-04-09 15:59:00-04:00,L,25157.0,25248.5,25048.25,108.75,181.0,0.832183908045977,time,1,L|swing
2026-04-10 10:32:00-04:00,2026-04-10 10:32:00-04:00,2026-04-10 11:55:00-04:00,L,25360.0,25268.25,25268.5,91.5,-185.5,-1.0136612021857923,SL,1,L|swing
2026-04-10 12:32:00-04:00,2026-04-10 12:32:00-04:00,2026-04-10 15:20:00-04:00,S,25263.5,25302.25,25302.0,38.5,-79.5,-1.0324675324675325,SL,1,S|swing
2026-04-13 09:50:00-04:00,2026-04-13 09:50:00-04:00,2026-04-13 15:50:00-04:00,L,25291.75,25488.75,25159.75,132.0,392.0,1.4848484848484849,TP,1,L|swing
2026-04-14 10:14:00-04:00,2026-04-14 10:14:00-04:00,2026-04-14 11:43:00-04:00,L,25775.5,25872.5,25710.25,65.25,192.0,1.471264367816092,TP,1,L|swing
2026-04-14 13:17:00-04:00,2026-04-14 13:17:00-04:00,2026-04-14 14:19:00-04:00,L,25937.75,25905.25,25905.5,32.25,-67.0,-1.0387596899224807,SL,1,L|swing
2026-04-15 09:59:00-04:00,2026-04-15 09:59:00-04:00,2026-04-15 11:27:00-04:00,L,26069.25,26198.5,25982.5,86.75,256.5,1.478386167146974,TP,1,L|swing
2026-04-15 11:44:00-04:00,2026-04-15 11:44:00-04:00,2026-04-15 12:41:00-04:00,L,26202.5,26165.75,26166.0,36.5,-75.5,-1.0342465753424657,SL,1,L|swing
2026-04-15 13:26:00-04:00,2026-04-15 13:26:00-04:00,2026-04-15 14:56:00-04:00,L,26193.75,26305.0,26119.0,74.75,220.5,1.4749163879598661,TP,1,L|swing
2026-04-16 09:53:00-04:00,2026-04-16 09:53:00-04:00,2026-04-16 11:08:00-04:00,S,26301.0,26454.0,26453.75,152.75,-308.0,-1.0081833060556464,SL,1,S|swing
2026-04-16 11:38:00-04:00,2026-04-16 11:38:00-04:00,2026-04-16 12:33:00-04:00,L,26517.25,26451.5,26451.75,65.5,-133.5,-1.0190839694656488,SL,1,L|swing
2026-04-16 13:44:00-04:00,2026-04-16 13:44:00-04:00,2026-04-16 14:07:00-04:00,L,26502.75,26430.5,26430.75,72.0,-146.5,-1.0173611111111112,SL,1,L|swing
2026-04-16 14:08:00-04:00,2026-04-16 14:08:00-04:00,2026-04-16 15:59:00-04:00,S,26418.75,26484.25,26510.0,91.25,-133.0,-0.7287671232876712,time,1,S|swing
2026-04-17 10:02:00-04:00,2026-04-17 10:02:00-04:00,2026-04-17 15:59:00-04:00,L,26743.25,26827.25,26629.25,114.0,166.0,0.7280701754385965,time,1,L|swing
2026-04-20 09:35:00-04:00,2026-04-20 09:35:00-04:00,2026-04-20 09:39:00-04:00,L,26804.5,26738.5,26738.75,65.75,-134.0,-1.0190114068441065,SL,1,L|swing
2026-04-20 10:41:00-04:00,2026-04-20 10:41:00-04:00,2026-04-20 11:07:00-04:00,S,26700.25,26576.75,26783.25,83.0,245.0,1.4759036144578312,TP,1,S|swing
2026-04-20 13:14:00-04:00,2026-04-20 13:14:00-04:00,2026-04-20 15:59:00-04:00,L,26696.0,26749.5,26659.75,36.25,105.0,1.4482758620689655,TP,1,L|swing
2026-04-21 09:59:00-04:00,2026-04-21 09:59:00-04:00,2026-04-21 11:00:00-04:00,L,26839.25,26725.75,26726.0,113.25,-229.0,-1.011037527593819,SL,1,L|swing
2026-04-21 11:02:00-04:00,2026-04-21 11:02:00-04:00,2026-04-21 15:59:00-04:00,S,26694.25,26642.25,26858.25,164.0,102.0,0.31097560975609756,time,1,S|swing
2026-04-22 10:02:00-04:00,2026-04-22 10:02:00-04:00,2026-04-22 10:39:00-04:00,L,26885.25,27001.0,26807.5,77.75,229.5,1.4758842443729903,TP,1,L|swing
2026-04-22 11:23:00-04:00,2026-04-22 11:23:00-04:00,2026-04-22 15:59:00-04:00,L,27002.0,27079.75,26940.0,62.0,153.5,1.2379032258064515,time,1,L|swing
2026-04-23 09:38:00-04:00,2026-04-23 09:38:00-04:00,2026-04-23 11:19:00-04:00,L,27035.5,27142.25,26963.75,71.75,211.5,1.4738675958188154,TP,1,L|swing
2026-04-23 12:26:00-04:00,2026-04-23 12:26:00-04:00,2026-04-23 13:01:00-04:00,L,27098.25,27038.0,27038.25,60.0,-122.5,-1.0208333333333333,SL,1,L|swing
2026-04-23 13:41:00-04:00,2026-04-23 13:41:00-04:00,2026-04-23 14:31:00-04:00,S,26787.0,26968.0,26967.75,180.75,-364.0,-1.0069156293222683,SL,1,S|swing
2026-04-23 14:59:00-04:00,2026-04-23 14:59:00-04:00,2026-04-23 15:59:00-04:00,S,26859.75,26926.5,26982.75,123.0,-135.5,-0.5508130081300813,time,1,S|swing
2026-04-24 09:56:00-04:00,2026-04-24 09:56:00-04:00,2026-04-24 10:12:00-04:00,S,27155.0,27260.75,27260.5,105.5,-213.5,-1.0118483412322274,SL,1,S|swing
2026-04-24 10:53:00-04:00,2026-04-24 10:53:00-04:00,2026-04-24 12:37:00-04:00,L,27272.75,27431.25,27166.5,106.25,315.0,1.4823529411764707,TP,1,L|swing
2026-04-24 13:35:00-04:00,2026-04-24 13:35:00-04:00,2026-04-24 13:54:00-04:00,L,27404.75,27460.75,27366.75,38.0,110.0,1.4473684210526316,TP,1,L|swing
2026-04-24 14:35:00-04:00,2026-04-24 14:35:00-04:00,2026-04-24 15:15:00-04:00,L,27410.0,27448.75,27383.5,26.5,75.5,1.4245283018867925,TP,1,L|swing
2026-04-27 09:35:00-04:00,2026-04-27 09:35:00-04:00,2026-04-27 13:33:00-04:00,S,27372.25,27430.25,27430.0,57.75,-118.0,-1.0216450216450217,SL,1,S|swing
2026-04-28 10:35:00-04:00,2026-04-28 10:35:00-04:00,2026-04-28 15:59:00-04:00,S,27112.0,27169.75,27234.75,122.75,-117.5,-0.4786150712830957,time,1,S|swing
2026-04-29 10:26:00-04:00,2026-04-29 10:26:00-04:00,2026-04-29 12:31:00-04:00,L,27242.25,27177.5,27177.75,64.5,-131.5,-1.0193798449612403,SL,1,L|swing
2026-04-29 13:50:00-04:00,2026-04-29 13:50:00-04:00,2026-04-29 14:08:00-04:00,L,27246.75,27193.75,27194.0,52.75,-108.0,-1.0236966824644549,SL,1,L|swing
2026-04-29 14:56:00-04:00,2026-04-29 14:56:00-04:00,2026-04-29 15:59:00-04:00,L,27274.75,27334.5,27172.75,102.0,117.5,0.5759803921568627,time,1,L|swing
2026-04-30 09:53:00-04:00,2026-04-30 09:53:00-04:00,2026-04-30 13:45:00-04:00,S,27263.5,27514.75,27514.5,251.0,-504.5,-1.004980079681275,SL,1,S|swing
2026-04-30 13:47:00-04:00,2026-04-30 13:47:00-04:00,2026-04-30 15:59:00-04:00,L,27513.5,27578.0,27425.25,88.25,127.0,0.7195467422096318,time,1,L|swing
2026-05-01 09:50:00-04:00,2026-05-01 09:50:00-04:00,2026-05-01 15:59:00-04:00,L,27808.5,27836.5,27607.5,201.0,54.0,0.13432835820895522,time,1,L|swing
2026-05-04 09:47:00-04:00,2026-05-04 09:47:00-04:00,2026-05-04 11:19:00-04:00,L,27881.5,27807.75,27808.0,73.5,-149.5,-1.0170068027210883,SL,1,L|swing
2026-05-04 12:08:00-04:00,2026-05-04 12:08:00-04:00,2026-05-04 13:17:00-04:00,S,27652.0,27771.5,27771.25,119.25,-241.0,-1.0104821802935011,SL,1,S|swing
2026-05-04 14:05:00-04:00,2026-05-04 14:05:00-04:00,2026-05-04 14:23:00-04:00,L,27817.75,27752.25,27752.5,65.25,-133.0,-1.0191570881226053,SL,1,L|swing
2026-05-04 14:26:00-04:00,2026-05-04 14:26:00-04:00,2026-05-04 15:59:00-04:00,S,27746.0,27780.0,27818.5,72.5,-70.0,-0.4827586206896552,time,1,S|swing
2026-05-05 10:26:00-04:00,2026-05-05 10:26:00-04:00,2026-05-05 15:59:00-04:00,L,28123.25,28134.75,28032.0,91.25,21.0,0.11506849315068493,time,1,L|swing
2026-05-06 09:41:00-04:00,2026-05-06 09:41:00-04:00,2026-05-06 14:10:00-04:00,L,28450.5,28621.0,28336.25,114.25,339.0,1.4835886214442013,TP,1,L|swing
2026-05-06 14:35:00-04:00,2026-05-06 14:35:00-04:00,2026-05-06 15:59:00-04:00,L,28662.25,28710.25,28604.5,57.75,94.0,0.8138528138528138,time,1,L|swing
2026-05-07 09:47:00-04:00,2026-05-07 09:47:00-04:00,2026-05-07 09:54:00-04:00,S,28712.75,28783.0,28782.75,70.0,-142.5,-1.0178571428571428,SL,1,S|swing
2026-05-07 09:56:00-04:00,2026-05-07 09:56:00-04:00,2026-05-07 10:55:00-04:00,L,28797.25,28930.75,28707.75,89.5,265.0,1.4804469273743017,TP,1,L|swing
2026-05-07 10:56:00-04:00,2026-05-07 10:56:00-04:00,2026-05-07 11:06:00-04:00,L,28932.75,28859.75,28860.0,72.75,-148.0,-1.0171821305841924,SL,1,L|swing
2026-05-07 13:17:00-04:00,2026-05-07 13:17:00-04:00,2026-05-07 15:59:00-04:00,S,28645.25,28684.75,28723.5,78.25,-81.0,-0.5175718849840255,time,1,S|swing
2026-05-08 09:35:00-04:00,2026-05-08 09:35:00-04:00,2026-05-08 10:00:00-04:00,L,28965.75,29120.5,28862.0,103.75,307.5,1.4819277108433735,TP,1,L|swing
2026-05-08 10:26:00-04:00,2026-05-08 10:26:00-04:00,2026-05-08 15:54:00-04:00,L,29158.25,29326.75,29045.25,113.0,335.0,1.4823008849557522,TP,1,L|swing
2026-05-11 10:29:00-04:00,2026-05-11 10:29:00-04:00,2026-05-11 11:27:00-04:00,S,29285.75,29419.0,29418.75,133.0,-268.5,-1.0093984962406015,SL,1,S|swing
2026-05-11 11:29:00-04:00,2026-05-11 11:29:00-04:00,2026-05-11 15:59:00-04:00,L,29427.0,29428.75,29357.75,69.25,1.5,0.010830324909747292,time,1,L|swing
2026-05-12 09:41:00-04:00,2026-05-12 09:41:00-04:00,2026-05-12 09:57:00-04:00,L,29233.5,29143.25,29143.5,90.0,-182.5,-1.0138888888888888,SL,1,L|swing
2026-05-12 09:59:00-04:00,2026-05-12 09:59:00-04:00,2026-05-12 11:24:00-04:00,S,29129.25,28880.0,29296.0,166.75,496.5,1.4887556221889056,TP,1,S|swing
2026-05-12 11:59:00-04:00,2026-05-12 11:59:00-04:00,2026-05-12 14:14:00-04:00,S,28840.25,28945.75,28945.5,105.25,-213.0,-1.01187648456057,SL,1,S|swing
2026-05-12 14:47:00-04:00,2026-05-12 14:47:00-04:00,2026-05-12 15:11:00-04:00,S,28962.0,29008.0,29007.75,45.75,-94.0,-1.0273224043715847,SL,1,S|swing
2026-05-13 09:35:00-04:00,2026-05-13 09:35:00-04:00,2026-05-13 09:48:00-04:00,S,29214.75,29080.25,29305.0,90.25,267.0,1.479224376731302,TP,1,S|swing
2026-05-13 10:53:00-04:00,2026-05-13 10:53:00-04:00,2026-05-13 12:35:00-04:00,L,29305.25,29445.0,29211.5,93.75,277.5,1.48,TP,1,L|swing
2026-05-13 12:56:00-04:00,2026-05-13 12:56:00-04:00,2026-05-13 14:13:00-04:00,L,29449.25,29505.75,29411.0,38.25,111.0,1.4509803921568627,TP,1,L|swing
2026-05-14 10:38:00-04:00,2026-05-14 10:38:00-04:00,2026-05-14 15:59:00-04:00,L,29669.0,29686.25,29536.75,132.25,32.5,0.12287334593572778,time,1,L|swing
2026-05-15 09:47:00-04:00,2026-05-15 09:47:00-04:00,2026-05-15 10:13:00-04:00,S,29149.0,29292.25,29292.0,143.0,-288.5,-1.0087412587412588,SL,1,S|swing
2026-05-15 11:20:00-04:00,2026-05-15 11:20:00-04:00,2026-05-15 11:50:00-04:00,L,29342.25,29239.5,29239.75,102.5,-207.5,-1.0121951219512195,SL,1,L|swing
2026-05-15 12:26:00-04:00,2026-05-15 12:26:00-04:00,2026-05-15 13:59:00-04:00,L,29320.25,29449.5,29233.5,86.75,256.5,1.478386167146974,TP,1,L|swing
2026-05-15 14:53:00-04:00,2026-05-15 14:53:00-04:00,2026-05-15 15:11:00-04:00,L,29391.0,29315.75,29316.0,75.0,-152.5,-1.0166666666666666,SL,1,L|swing
2026-05-18 10:32:00-04:00,2026-05-18 10:32:00-04:00,2026-05-18 15:59:00-04:00,S,29092.5,29099.75,29299.0,206.5,-16.5,-0.039951573849878935,time,1,S|swing
2026-05-19 10:05:00-04:00,2026-05-19 10:05:00-04:00,2026-05-19 13:09:00-04:00,S,28836.0,29068.5,29068.25,232.25,-467.0,-1.0053821313240043,SL,1,S|swing
2026-05-20 09:38:00-04:00,2026-05-20 09:38:00-04:00,2026-05-20 09:45:00-04:00,S,29038.25,29155.25,29155.0,116.75,-236.0,-1.0107066381156318,SL,1,S|swing
2026-05-20 09:47:00-04:00,2026-05-20 09:47:00-04:00,2026-05-20 10:12:00-04:00,L,29172.75,29022.25,29022.5,150.25,-303.0,-1.0083194675540765,SL,1,L|swing
2026-05-20 10:20:00-04:00,2026-05-20 10:20:00-04:00,2026-05-20 15:59:00-04:00,L,29197.25,29395.0,29007.75,189.5,393.5,1.0382585751978892,time,1,L|swing
2026-05-21 10:20:00-04:00,2026-05-21 10:20:00-04:00,2026-05-21 13:10:00-04:00,S,29144.0,29339.25,29339.0,195.0,-392.5,-1.0064102564102564,SL,1,S|swing
2026-05-21 13:11:00-04:00,2026-05-21 13:11:00-04:00,2026-05-21 15:59:00-04:00,L,29354.25,29445.5,29206.75,147.5,180.5,0.611864406779661,time,1,L|swing
2026-05-22 10:23:00-04:00,2026-05-22 10:23:00-04:00,2026-05-22 10:56:00-04:00,S,29492.0,29644.0,29643.75,151.75,-306.0,-1.0082372322899507,SL,1,S|swing
2026-05-22 11:29:00-04:00,2026-05-22 11:29:00-04:00,2026-05-22 12:20:00-04:00,L,29708.25,29643.5,29643.75,64.5,-131.5,-1.0193798449612403,SL,1,L|swing
2026-05-22 13:02:00-04:00,2026-05-22 13:02:00-04:00,2026-05-22 14:38:00-04:00,L,29696.5,29630.25,29630.5,66.0,-134.5,-1.018939393939394,SL,1,L|swing
2026-05-25 09:35:00-04:00,2026-05-25 09:35:00-04:00,2026-05-25 10:32:00-04:00,L,29962.75,29935.5,29935.75,27.0,-56.5,-1.0462962962962963,SL,1,L|swing
2026-05-25 11:11:00-04:00,2026-05-25 11:11:00-04:00,2026-05-25 12:49:00-04:00,L,29981.25,29945.5,29908.5,72.75,-73.5,-0.5051546391752577,time,1,L|swing
2026-05-26 09:47:00-04:00,2026-05-26 09:47:00-04:00,2026-05-26 15:59:00-04:00,L,29975.25,30079.0,29826.25,149.0,205.5,0.6895973154362416,time,1,L|swing
2026-05-27 10:26:00-04:00,2026-05-27 10:26:00-04:00,2026-05-27 15:59:00-04:00,S,29912.0,30047.75,30099.5,187.5,-273.5,-0.7293333333333333,time,1,S|swing
2026-05-28 10:08:00-04:00,2026-05-28 10:08:00-04:00,2026-05-28 11:00:00-04:00,L,30032.75,30201.0,29920.0,112.75,334.5,1.483370288248337,TP,1,L|swing
2026-05-28 11:26:00-04:00,2026-05-28 11:26:00-04:00,2026-05-28 15:59:00-04:00,L,30264.25,30305.75,30164.25,100.0,81.0,0.405,time,1,L|swing
2026-05-29 10:44:00-04:00,2026-05-29 10:44:00-04:00,2026-05-29 15:59:00-04:00,S,30293.5,30397.5,30463.0,169.5,-210.0,-0.6194690265486725,time,1,S|swing
2026-06-01 09:56:00-04:00,2026-06-01 09:56:00-04:00,2026-06-01 11:17:00-04:00,S,30357.75,30467.75,30467.5,109.75,-222.0,-1.0113895216400912,SL,1,S|swing
2026-06-01 11:32:00-04:00,2026-06-01 11:32:00-04:00,2026-06-01 15:59:00-04:00,L,30536.75,30571.0,30412.25,124.5,66.5,0.26706827309236947,time,1,L|swing
2026-06-02 09:35:00-04:00,2026-06-02 09:35:00-04:00,2026-06-02 09:53:00-04:00,S,30456.5,30568.0,30567.75,111.25,-225.0,-1.0112359550561798,SL,1,S|swing
2026-06-02 11:08:00-04:00,2026-06-02 11:08:00-04:00,2026-06-02 15:59:00-04:00,L,30654.5,30707.0,30575.5,79.0,103.0,0.6518987341772152,time,1,L|swing
2026-06-03 09:35:00-04:00,2026-06-03 09:35:00-04:00,2026-06-03 15:59:00-04:00,S,30679.75,30636.0,30808.0,128.25,85.5,0.3333333333333333,time,1,S|swing
2026-06-04 10:05:00-04:00,2026-06-04 10:05:00-04:00,2026-06-04 11:00:00-04:00,S,30177.0,30365.0,30364.75,187.75,-378.0,-1.0066577896138482,SL,1,S|swing
2026-06-04 12:17:00-04:00,2026-06-04 12:17:00-04:00,2026-06-04 15:59:00-04:00,L,30460.0,30485.0,30361.75,98.25,48.0,0.24427480916030533,time,1,L|swing
2026-06-05 11:02:00-04:00,2026-06-05 11:02:00-04:00,2026-06-05 12:05:00-04:00,S,29797.0,29600.75,29928.5,131.5,390.5,1.484790874524715,TP,1,S|swing
2026-06-05 12:32:00-04:00,2026-06-05 12:32:00-04:00,2026-06-05 14:15:00-04:00,S,29501.0,29291.75,29641.0,140.0,416.5,1.4875,TP,1,S|swing
2026-06-08 10:26:00-04:00,2026-06-08 10:26:00-04:00,2026-06-08 15:59:00-04:00,L,29509.5,29452.25,29331.0,178.5,-116.5,-0.32633053221288516,time,1,L|swing
2026-06-09 09:44:00-04:00,2026-06-09 09:44:00-04:00,2026-06-09 10:00:00-04:00,L,29767.0,29632.75,29633.0,134.0,-270.5,-1.0093283582089552,SL,1,L|swing
2026-06-09 10:11:00-04:00,2026-06-09 10:11:00-04:00,2026-06-09 10:48:00-04:00,S,29550.25,29105.75,29847.25,297.0,887.0,1.4932659932659933,TP,1,S|swing
2026-06-09 11:23:00-04:00,2026-06-09 11:23:00-04:00,2026-06-09 12:05:00-04:00,S,29053.25,28680.75,29302.25,249.0,743.0,1.4919678714859437,TP,1,S|swing
2026-06-09 12:38:00-04:00,2026-06-09 12:38:00-04:00,2026-06-09 13:14:00-04:00,S,28318.0,28669.5,28669.25,351.25,-705.0,-1.00355871886121,SL,1,S|swing
2026-06-10 09:38:00-04:00,2026-06-10 09:38:00-04:00,2026-06-10 11:11:00-04:00,L,29001.0,28771.25,28771.5,229.5,-461.5,-1.0054466230936818,SL,1,L|swing
2026-06-10 11:50:00-04:00,2026-06-10 11:50:00-04:00,2026-06-10 12:00:00-04:00,S,28670.5,28878.25,28878.0,207.5,-417.5,-1.0060240963855422,SL,1,S|swing
2026-06-10 12:47:00-04:00,2026-06-10 12:47:00-04:00,2026-06-10 15:59:00-04:00,S,28676.25,28529.0,28851.75,175.5,292.5,0.8333333333333334,time,1,S|swing
2026-06-11 09:47:00-04:00,2026-06-11 09:47:00-04:00,2026-06-11 10:58:00-04:00,L,28889.0,28650.5,28650.75,238.25,-479.0,-1.0052465897166842,SL,1,L|swing
2026-06-11 11:38:00-04:00,2026-06-11 11:38:00-04:00,2026-06-11 13:18:00-04:00,L,28877.0,28707.75,28708.0,169.0,-340.5,-1.007396449704142,SL,1,L|swing
2026-06-11 13:20:00-04:00,2026-06-11 13:20:00-04:00,2026-06-11 13:28:00-04:00,S,28711.5,28865.0,28864.75,153.25,-309.0,-1.0081566068515497,SL,1,S|swing
2026-06-11 13:29:00-04:00,2026-06-11 13:29:00-04:00,2026-06-11 15:59:00-04:00,L,29087.25,29456.75,28678.25,409.0,737.0,0.9009779951100244,time,1,L|swing
2026-06-12 09:44:00-04:00,2026-06-12 09:44:00-04:00,2026-06-12 10:03:00-04:00,S,29279.75,29503.0,29502.75,223.0,-448.5,-1.0056053811659194,SL,1,S|swing
2026-06-12 10:08:00-04:00,2026-06-12 10:08:00-04:00,2026-06-12 15:59:00-04:00,L,29551.5,29650.25,29231.0,320.5,195.5,0.3049921996879875,time,1,L|swing
2026-06-15 10:56:00-04:00,2026-06-15 10:56:00-04:00,2026-06-15 12:01:00-04:00,L,30474.75,30590.25,30397.25,77.5,229.0,1.4774193548387098,TP,1,L|swing
2026-06-15 12:23:00-04:00,2026-06-15 12:23:00-04:00,2026-06-15 12:38:00-04:00,L,30597.25,30566.0,30566.25,31.0,-64.5,-1.0403225806451613,SL,1,L|swing
2026-06-15 14:38:00-04:00,2026-06-15 14:38:00-04:00,2026-06-15 15:30:00-04:00,L,30578.0,30522.25,30522.5,55.5,-113.5,-1.0225225225225225,SL,1,L|swing
2026-06-16 09:47:00-04:00,2026-06-16 09:47:00-04:00,2026-06-16 10:19:00-04:00,L,30564.25,30442.5,30442.75,121.5,-245.5,-1.0102880658436213,SL,1,L|swing
2026-06-16 11:23:00-04:00,2026-06-16 11:23:00-04:00,2026-06-16 15:12:00-04:00,S,30244.75,30079.5,30355.5,110.75,328.5,1.4830699774266365,TP,1,S|swing
2026-06-19 09:56:00-04:00,2026-06-19 09:56:00-04:00,2026-06-19 12:49:00-04:00,L,30685.75,30684.25,30633.5,52.25,-5.0,-0.04784688995215311,time,1,L|swing
2026-06-22 09:38:00-04:00,2026-06-22 09:38:00-04:00,2026-06-22 10:27:00-04:00,L,30916.5,30756.75,30757.0,159.5,-321.5,-1.0078369905956113,SL,1,L|swing
2026-06-22 10:44:00-04:00,2026-06-22 10:44:00-04:00,2026-06-22 15:59:00-04:00,S,30625.25,30654.25,30912.0,286.75,-60.0,-0.1046207497820401,time,1,S|swing
2026-06-23 10:20:00-04:00,2026-06-23 10:20:00-04:00,2026-06-23 10:54:00-04:00,L,30038.25,29830.0,29830.25,208.0,-418.5,-1.0060096153846154,SL,1,L|swing
2026-06-23 10:56:00-04:00,2026-06-23 10:56:00-04:00,2026-06-23 15:59:00-04:00,S,29829.5,29651.0,30000.25,170.75,355.0,1.0395314787701317,time,1,S|swing
2026-06-24 09:41:00-04:00,2026-06-24 09:41:00-04:00,2026-06-24 10:46:00-04:00,S,29628.75,29844.0,29843.75,215.0,-432.5,-1.005813953488372,SL,1,S|swing
2026-06-24 10:59:00-04:00,2026-06-24 10:59:00-04:00,2026-06-24 11:47:00-04:00,L,29891.0,29702.75,29703.0,188.0,-378.5,-1.0066489361702127,SL,1,L|swing
2026-06-24 12:32:00-04:00,2026-06-24 12:32:00-04:00,2026-06-24 13:07:00-04:00,S,29712.75,29574.25,29805.75,93.0,275.0,1.478494623655914,TP,1,S|swing
2026-06-24 14:50:00-04:00,2026-06-24 14:50:00-04:00,2026-06-24 15:59:00-04:00,S,29339.75,29514.0,29563.5,223.75,-350.5,-0.7832402234636872,time,1,S|swing
2026-06-25 11:11:00-04:00,2026-06-25 11:11:00-04:00,2026-06-25 12:09:00-04:00,S,29595.5,29777.0,29776.75,181.25,-365.0,-1.006896551724138,SL,1,S|swing
2026-06-25 13:47:00-04:00,2026-06-25 13:47:00-04:00,2026-06-25 13:59:00-04:00,S,29701.25,29799.0,29798.75,97.5,-197.5,-1.0128205128205128,SL,1,S|swing
2026-06-25 14:47:00-04:00,2026-06-25 14:47:00-04:00,2026-06-25 15:59:00-04:00,S,29728.25,29749.75,29891.75,163.5,-45.0,-0.13761467889908258,time,1,S|swing
2026-06-26 09:56:00-04:00,2026-06-26 09:56:00-04:00,2026-06-26 15:59:00-04:00,L,29414.0,29317.25,29181.75,232.25,-195.5,-0.4208826695371367,time,1,L|swing
2026-06-29 09:35:00-04:00,2026-06-29 09:35:00-04:00,2026-06-29 10:00:00-04:00,L,29741.75,29556.5,29556.75,185.0,-372.5,-1.0067567567567568,SL,1,L|swing
2026-06-29 10:05:00-04:00,2026-06-29 10:05:00-04:00,2026-06-29 11:59:00-04:00,S,29505.75,29839.0,29838.75,333.0,-668.5,-1.0037537537537538,SL,1,S|swing
2026-06-29 12:20:00-04:00,2026-06-29 12:20:00-04:00,2026-06-29 13:31:00-04:00,L,29887.75,30024.5,29796.0,91.75,271.5,1.4795640326975477,TP,1,L|swing
2026-06-29 14:35:00-04:00,2026-06-29 14:35:00-04:00,2026-06-29 15:50:00-04:00,L,30027.75,29986.0,29986.25,41.5,-85.5,-1.0301204819277108,SL,1,L|swing
2026-06-30 09:53:00-04:00,2026-06-30 09:53:00-04:00,2026-06-30 15:59:00-04:00,L,30296.0,30513.25,29996.25,299.75,432.5,0.7214345287739783,time,1,L|swing
2026-07-01 10:32:00-04:00,2026-07-01 10:32:00-04:00,2026-07-01 11:20:00-04:00,S,30236.0,30327.75,30327.5,91.5,-185.5,-1.0136612021857923,SL,1,S|swing
2026-07-01 12:41:00-04:00,2026-07-01 12:41:00-04:00,2026-07-01 14:53:00-04:00,S,30211.25,30107.25,30281.25,70.0,206.0,1.4714285714285715,TP,1,S|swing
2026-07-02 09:47:00-04:00,2026-07-02 09:47:00-04:00,2026-07-02 10:27:00-04:00,L,30166.25,30006.75,30007.0,159.25,-321.0,-1.0078492935635792,SL,1,L|swing
2026-07-02 11:05:00-04:00,2026-07-02 11:05:00-04:00,2026-07-02 15:59:00-04:00,S,29707.25,29538.75,29987.0,279.75,335.0,0.5987488829311886,time,1,S|swing
2026-07-03 11:47:00-04:00,2026-07-03 11:47:00-04:00,2026-07-03 12:49:00-04:00,L,29908.0,29903.0,29880.5,27.5,-12.0,-0.21818181818181817,time,1,L|swing
2026-07-06 09:50:00-04:00,2026-07-06 09:50:00-04:00,2026-07-06 15:59:00-04:00,L,29981.0,29951.25,29775.75,205.25,-61.5,-0.14981729598051158,time,1,L|swing
2026-07-07 09:53:00-04:00,2026-07-07 09:53:00-04:00,2026-07-07 15:59:00-04:00,S,29469.0,29395.5,29686.5,217.5,145.0,0.3333333333333333,time,1,S|swing
2026-07-08 10:47:00-04:00,2026-07-08 10:47:00-04:00,2026-07-08 12:55:00-04:00,S,29183.75,29374.0,29373.75,190.0,-382.5,-1.006578947368421,SL,1,S|swing
2026-07-08 13:23:00-04:00,2026-07-08 13:23:00-04:00,2026-07-08 13:55:00-04:00,L,29409.5,29333.5,29333.75,75.75,-154.0,-1.0165016501650166,SL,1,L|swing
2026-07-08 14:02:00-04:00,2026-07-08 14:02:00-04:00,2026-07-08 15:59:00-04:00,L,29394.25,29499.25,29323.75,70.5,208.0,1.475177304964539,TP,1,L|swing
2026-07-09 09:35:00-04:00,2026-07-09 09:35:00-04:00,2026-07-09 10:20:00-04:00,L,29808.75,29671.0,29671.25,137.5,-277.5,-1.009090909090909,SL,1,L|swing
2026-07-09 11:05:00-04:00,2026-07-09 11:05:00-04:00,2026-07-09 13:20:00-04:00,L,29827.5,29983.75,29722.75,104.75,310.5,1.4821002386634845,TP,1,L|swing
2026-07-10 09:53:00-04:00,2026-07-10 09:53:00-04:00,2026-07-10 10:32:00-04:00,L,29953.5,29796.0,29796.25,157.25,-317.0,-1.0079491255961843,SL,1,L|swing
2026-07-10 11:17:00-04:00,2026-07-10 11:17:00-04:00,2026-07-10 15:59:00-04:00,L,29934.25,30037.25,29779.75,154.5,204.0,0.6601941747572816,time,1,L|swing
2026-07-13 09:38:00-04:00,2026-07-13 09:38:00-04:00,2026-07-13 09:51:00-04:00,S,29653.0,29527.25,29737.5,84.5,249.5,1.4763313609467457,TP,1,S|swing
2026-07-13 10:17:00-04:00,2026-07-13 10:17:00-04:00,2026-07-13 10:24:00-04:00,S,29557.75,29663.5,29663.25,105.5,-213.5,-1.0118483412322274,SL,1,S|swing
2026-07-13 10:59:00-04:00,2026-07-13 10:59:00-04:00,2026-07-13 11:51:00-04:00,L,29718.0,29603.0,29603.25,114.75,-232.0,-1.0108932461873639,SL,1,L|swing
2026-07-13 12:20:00-04:00,2026-07-13 12:20:00-04:00,2026-07-13 12:35:00-04:00,S,29576.75,29484.25,29639.0,62.25,183.0,1.4698795180722892,TP,1,S|swing
2026-07-13 13:26:00-04:00,2026-07-13 13:26:00-04:00,2026-07-13 15:59:00-04:00,S,29505.75,29467.5,29581.25,75.5,74.5,0.49337748344370863,time,1,S|swing
2026-07-14 11:05:00-04:00,2026-07-14 11:05:00-04:00,2026-07-14 15:59:00-04:00,L,29811.75,29785.75,29660.25,151.5,-54.0,-0.1782178217821782,time,1,L|swing
2026-07-15 10:23:00-04:00,2026-07-15 10:23:00-04:00,2026-07-15 12:35:00-04:00,S,29702.5,29418.25,29892.5,190.0,566.5,1.4907894736842104,TP,1,S|swing
2026-07-15 14:44:00-04:00,2026-07-15 14:44:00-04:00,2026-07-15 15:59:00-04:00,S,29662.25,29701.0,29743.25,81.0,-79.5,-0.49074074074074076,time,1,S|swing
2026-07-16 09:41:00-04:00,2026-07-16 09:41:00-04:00,2026-07-16 15:59:00-04:00,S,29350.0,29217.5,29532.25,182.25,263.0,0.7215363511659808,time,1,S|swing
2026-07-17 10:02:00-04:00,2026-07-17 10:02:00-04:00,2026-07-17 15:59:00-04:00,L,28762.5,28764.0,28408.0,354.5,1.0,0.0014104372355430183,time,1,L|swing
2026-07-20 10:11:00-04:00,2026-07-20 10:11:00-04:00,2026-07-20 15:59:00-04:00,S,28954.5,28786.0,29192.75,238.25,335.0,0.7030430220356768,time,1,S|swing
2026-07-21 10:08:00-04:00,2026-07-21 10:08:00-04:00,2026-07-21 10:28:00-04:00,S,29093.5,29215.25,29215.0,121.5,-245.5,-1.0102880658436213,SL,1,S|swing
2026-07-21 10:29:00-04:00,2026-07-21 10:29:00-04:00,2026-07-21 15:59:00-04:00,L,29207.75,29310.5,29062.75,145.0,203.5,0.7017241379310345,time,1,L|swing
2026-07-22 10:59:00-04:00,2026-07-22 10:59:00-04:00,2026-07-22 15:59:00-04:00,L,29240.75,29172.0,29172.25,68.5,-139.5,-1.0182481751824817,SL,1,L|swing
2026-07-23 10:35:00-04:00,2026-07-23 10:35:00-04:00,2026-07-23 15:59:00-04:00,S,28653.75,28614.5,28802.0,148.25,76.5,0.2580101180438449,time,1,S|swing
2026-07-24 09:41:00-04:00,2026-07-24 09:41:00-04:00,2026-07-24 10:40:00-04:00,S,28481.75,28271.5,28622.5,140.75,418.5,1.4866785079928952,TP,1,S|swing
2026-07-24 10:41:00-04:00,2026-07-24 10:41:00-04:00,2026-07-24 10:59:00-04:00,S,28283.0,28452.25,28452.0,169.0,-340.5,-1.007396449704142,SL,1,S|swing
2026-07-24 12:05:00-04:00,2026-07-24 12:05:00-04:00,2026-07-24 12:47:00-04:00,L,28591.0,28489.0,28489.25,101.75,-206.0,-1.0122850122850122,SL,1,L|swing
2026-07-24 13:08:00-04:00,2026-07-24 13:08:00-04:00,2026-07-24 13:33:00-04:00,S,28443.25,28530.75,28530.5,87.25,-177.0,-1.0143266475644699,SL,1,S|swing
2026-07-24 14:11:00-04:00,2026-07-24 14:11:00-04:00,2026-07-24 14:29:00-04:00,S,28435.0,28335.75,28501.75,66.75,196.5,1.4719101123595506,TP,1,S|swing
2026-07-27 09:44:00-04:00,2026-07-27 09:44:00-04:00,2026-07-27 10:28:00-04:00,S,28455.0,28124.75,28675.75,220.75,658.5,1.4915062287655718,TP,1,S|swing
2026-07-27 11:32:00-04:00,2026-07-27 11:32:00-04:00,2026-07-27 12:26:00-04:00,S,28024.25,28199.25,28199.0,174.75,-352.0,-1.0071530758226037,SL,1,S|swing
2026-07-27 12:50:00-04:00,2026-07-27 12:50:00-04:00,2026-07-27 15:07:00-04:00,S,28085.5,28205.0,28204.75,119.25,-241.0,-1.0104821802935011,SL,1,S|swing
2026-07-28 10:14:00-04:00,2026-07-28 10:14:00-04:00,2026-07-28 10:47:00-04:00,S,27630.5,27798.25,27798.0,167.5,-337.5,-1.007462686567164,SL,1,S|swing
2026-07-28 11:20:00-04:00,2026-07-28 11:20:00-04:00,2026-07-28 15:59:00-04:00,L,27952.5,27919.25,27767.0,185.5,-68.5,-0.18463611859838275,time,1,L|swing
2026-07-29 09:35:00-04:00,2026-07-29 09:35:00-04:00,2026-07-29 09:47:00-04:00,L,27978.25,27836.0,27836.25,142.0,-286.5,-1.0088028169014085,SL,1,L|swing
2026-07-29 09:50:00-04:00,2026-07-29 09:50:00-04:00,2026-07-29 11:54:00-04:00,S,27796.5,27496.25,27997.25,200.75,598.5,1.4906600249066002,TP,1,S|swing
2026-07-29 12:05:00-04:00,2026-07-29 12:05:00-04:00,2026-07-29 12:59:00-04:00,S,27440.5,27596.5,27596.25,155.75,-314.0,-1.0080256821829856,SL,1,S|swing
2026-07-29 14:02:00-04:00,2026-07-29 14:02:00-04:00,2026-07-29 15:33:00-04:00,L,27844.5,27637.5,27637.75,206.75,-416.0,-1.0060459492140266,SL,1,L|swing
2026-07-30 09:35:00-04:00,2026-07-30 09:35:00-04:00,2026-07-30 09:45:00-04:00,L,27891.0,28007.25,27813.0,78.0,230.5,1.4775641025641026,TP,1,L|swing
2026-07-30 10:29:00-04:00,2026-07-30 10:29:00-04:00,2026-07-30 10:54:00-04:00,L,28226.0,28066.5,28066.75,159.25,-321.0,-1.0078492935635792,SL,1,L|swing
2026-07-30 11:47:00-04:00,2026-07-30 11:47:00-04:00,2026-07-30 15:59:00-04:00,L,28122.75,28229.75,27995.25,127.5,212.0,0.8313725490196079,time,1,L|swing
2026-07-31 11:11:00-04:00,2026-07-31 11:11:00-04:00,2026-07-31 12:28:00-04:00,S,28231.75,28347.75,28347.5,115.75,-234.0,-1.0107991360691144,SL,1,S|swing
2026-07-31 13:20:00-04:00,2026-07-31 13:20:00-04:00,2026-07-31 15:54:00-04:00,L,28420.5,28523.75,28351.0,69.5,204.5,1.4712230215827338,TP,1,L|swing
2026-08-03 09:56:00-04:00,2026-08-03 09:56:00-04:00,2026-08-03 14:00:00-04:00,L,28559.5,28928.75,28312.75,246.75,736.5,1.4924012158054711,TP,1,L|swing
2026-08-04 10:05:00-04:00,2026-08-04 10:05:00-04:00,2026-08-04 13:00:00-04:00,L,29515.25,29758.75,29352.25,163.0,485.0,1.4877300613496933,TP,1,L|swing
2026-08-04 13:26:00-04:00,2026-08-04 13:26:00-04:00,2026-08-04 15:16:00-04:00,L,29818.0,29939.75,29736.25,81.75,241.5,1.4770642201834863,TP,1,L|swing
2026-08-05 10:32:00-04:00,2026-08-05 10:32:00-04:00,2026-08-05 15:59:00-04:00,S,29878.75,29650.75,30031.25,152.5,454.0,1.4885245901639343,TP,1,S|swing
2026-08-06 10:08:00-04:00,2026-08-06 10:08:00-04:00,2026-08-06 15:59:00-04:00,L,29575.5,29497.0,29375.75,199.75,-159.0,-0.3979974968710889,time,1,L|swing
2026-08-07 11:05:00-04:00,2026-08-07 11:05:00-04:00,2026-08-07 15:59:00-04:00,L,29756.75,29833.25,29659.75,97.0,151.0,0.7783505154639175,time,1,L|swing
2026-08-10 09:35:00-04:00,2026-08-10 09:35:00-04:00,2026-08-10 10:06:00-04:00,S,29782.0,29841.75,29841.5,59.5,-121.5,-1.0210084033613445,SL,1,S|swing
2026-08-10 10:53:00-04:00,2026-08-10 10:53:00-04:00,2026-08-10 15:59:00-04:00,S,29807.5,29744.25,29893.25,85.75,124.5,0.7259475218658892,time,1,S|swing
2026-08-11 09:47:00-04:00,2026-08-11 09:47:00-04:00,2026-08-11 15:59:00-04:00,S,29660.0,29635.75,29846.25,186.25,46.5,0.12483221476510067,time,1,S|swing
2026-08-12 10:26:00-04:00,2026-08-12 10:26:00-04:00,2026-08-12 10:31:00-04:00,L,29942.0,29847.75,29848.0,94.0,-190.5,-1.0132978723404256,SL,1,L|swing
2026-08-12 12:02:00-04:00,2026-08-12 12:02:00-04:00,2026-08-12 13:01:00-04:00,L,29859.0,29918.75,29818.5,40.5,117.5,1.4506172839506173,TP,1,L|swing
2026-08-12 14:11:00-04:00,2026-08-12 14:11:00-04:00,2026-08-12 14:20:00-04:00,L,29916.0,29890.5,29890.75,25.25,-53.0,-1.0495049504950495,SL,1,L|swing
2026-08-12 14:41:00-04:00,2026-08-12 14:41:00-04:00,2026-08-12 14:57:00-04:00,L,29925.75,29889.25,29889.5,36.25,-75.0,-1.0344827586206897,SL,1,L|swing
2026-08-13 09:35:00-04:00,2026-08-13 09:35:00-04:00,2026-08-13 09:50:00-04:00,L,29980.0,30155.25,29862.5,117.5,348.5,1.4829787234042553,TP,1,L|swing
2026-08-13 09:59:00-04:00,2026-08-13 09:59:00-04:00,2026-08-13 15:59:00-04:00,L,30176.0,30194.5,29862.5,313.5,35.0,0.05582137161084529,time,1,L|swing
2026-08-14 10:17:00-04:00,2026-08-14 10:17:00-04:00,2026-08-14 11:22:00-04:00,S,30199.25,30077.5,30281.0,81.75,241.5,1.4770642201834863,TP,1,S|swing
2026-08-14 11:23:00-04:00,2026-08-14 11:23:00-04:00,2026-08-14 15:59:00-04:00,S,30065.75,30144.75,30154.5,88.75,-160.0,-0.9014084507042254,time,1,S|swing
2026-08-17 09:38:00-04:00,2026-08-17 09:38:00-04:00,2026-08-17 11:04:00-04:00,S,30187.0,30266.25,30266.0,79.0,-160.5,-1.0158227848101267,SL,1,S|swing
2026-08-17 12:32:00-04:00,2026-08-17 12:32:00-04:00,2026-08-17 13:12:00-04:00,S,30194.75,30148.25,30226.25,31.5,91.0,1.4444444444444444,TP,1,S|swing
2026-08-18 10:11:00-04:00,2026-08-18 10:11:00-04:00,2026-08-18 15:59:00-04:00,S,29580.25,29586.5,29767.5,187.25,-14.5,-0.03871829105473965,time,1,S|swing
2026-08-19 10:11:00-04:00,2026-08-19 10:11:00-04:00,2026-08-19 12:03:00-04:00,S,29391.5,29636.75,29636.5,245.0,-492.5,-1.0051020408163265,SL,1,S|swing
2026-08-19 12:20:00-04:00,2026-08-19 12:20:00-04:00,2026-08-19 12:53:00-04:00,L,29657.75,29569.0,29569.25,88.5,-179.5,-1.0141242937853108,SL,1,L|swing
2026-08-19 13:20:00-04:00,2026-08-19 13:20:00-04:00,2026-08-19 14:02:00-04:00,S,29522.25,29585.5,29585.25,63.0,-128.5,-1.0198412698412698,SL,1,S|swing
2026-08-19 14:17:00-04:00,2026-08-19 14:17:00-04:00,2026-08-19 15:59:00-04:00,S,29492.5,29522.0,29592.0,99.5,-61.0,-0.3065326633165829,time,1,S|swing
2026-08-20 11:11:00-04:00,2026-08-20 11:11:00-04:00,2026-08-20 15:59:00-04:00,S,29341.25,29306.25,29457.5,116.25,68.0,0.2924731182795699,time,1,S|swing
2026-08-21 10:14:00-04:00,2026-08-21 10:14:00-04:00,2026-08-21 11:04:00-04:00,S,29253.0,29360.0,29359.75,106.75,-216.0,-1.0117096018735363,SL,1,S|swing
2026-08-21 11:53:00-04:00,2026-08-21 11:53:00-04:00,2026-08-21 15:59:00-04:00,L,29485.0,29395.25,29333.0,152.0,-181.5,-0.5970394736842105,time,1,L|swing
2026-08-24 12:17:00-04:00,2026-08-24 12:17:00-04:00,2026-08-24 13:21:00-04:00,L,29196.5,29149.5,29149.75,46.75,-96.0,-1.0267379679144386,SL,1,L|swing
2026-08-24 13:23:00-04:00,2026-08-24 13:23:00-04:00,2026-08-24 14:22:00-04:00,S,29146.0,29211.75,29211.5,65.5,-133.5,-1.0190839694656488,SL,1,S|swing
2026-08-25 09:47:00-04:00,2026-08-25 09:47:00-04:00,2026-08-25 10:01:00-04:00,L,29378.25,29278.75,29279.0,99.25,-201.0,-1.012594458438287,SL,1,L|swing
2026-08-25 10:02:00-04:00,2026-08-25 10:02:00-04:00,2026-08-25 15:59:00-04:00,S,29272.5,29270.5,29416.25,143.75,2.0,0.006956521739130435,time,1,S|swing
2026-08-26 09:44:00-04:00,2026-08-26 09:44:00-04:00,2026-08-26 15:59:00-04:00,L,29291.25,29297.0,29152.75,138.5,9.5,0.03429602888086643,time,1,L|swing
2026-08-27 10:17:00-04:00,2026-08-27 10:17:00-04:00,2026-08-27 15:59:00-04:00,L,29586.75,29691.25,29423.75,163.0,207.0,0.6349693251533742,time,1,L|swing
2026-08-28 09:41:00-04:00,2026-08-28 09:41:00-04:00,2026-08-28 10:08:00-04:00,L,29698.5,29562.0,29562.25,136.25,-275.0,-1.0091743119266054,SL,1,L|swing
2026-08-28 10:11:00-04:00,2026-08-28 10:11:00-04:00,2026-08-28 10:38:00-04:00,S,29560.25,29708.0,29707.75,147.5,-297.5,-1.0084745762711864,SL,1,S|swing
2026-08-28 11:26:00-04:00,2026-08-28 11:26:00-04:00,2026-08-28 11:38:00-04:00,L,29780.5,29734.75,29735.0,45.5,-93.5,-1.0274725274725274,SL,1,L|swing
2026-08-28 12:20:00-04:00,2026-08-28 12:20:00-04:00,2026-08-28 15:59:00-04:00,S,29496.75,29496.5,29631.5,134.75,-1.5,-0.0055658627087198514,time,1,S|swing
2026-08-31 09:35:00-04:00,2026-08-31 09:35:00-04:00,2026-08-31 15:50:00-04:00,S,29409.75,29517.5,29517.25,107.5,-217.5,-1.0116279069767442,SL,1,S|swing
2026-09-01 09:41:00-04:00,2026-09-01 09:41:00-04:00,2026-09-01 09:47:00-04:00,S,29051.25,29141.0,29140.75,89.5,-181.5,-1.0139664804469273,SL,1,S|swing
2026-09-01 11:08:00-04:00,2026-09-01 11:08:00-04:00,2026-09-01 11:39:00-04:00,S,29184.25,29268.75,29268.5,84.25,-171.0,-1.0148367952522255,SL,1,S|swing
2026-09-01 12:26:00-04:00,2026-09-01 12:26:00-04:00,2026-09-01 15:59:00-04:00,S,29168.5,29126.5,29304.25,135.75,82.0,0.3020257826887661,time,1,S|swing
2026-09-02 10:14:00-04:00,2026-09-02 10:14:00-04:00,2026-09-02 15:59:00-04:00,L,29127.75,29189.75,29017.0,110.75,122.0,0.5507900677200903,time,1,L|swing
2026-09-03 09:50:00-04:00,2026-09-03 09:50:00-04:00,2026-09-03 15:59:00-04:00,L,29361.75,29530.5,29199.0,162.75,335.5,1.0307219662058371,time,1,L|swing
2026-09-04 09:53:00-04:00,2026-09-04 09:53:00-04:00,2026-09-04 10:42:00-04:00,L,29650.75,29553.25,29553.5,97.25,-197.0,-1.012853470437018,SL,1,L|swing
2026-09-04 13:41:00-04:00,2026-09-04 13:41:00-04:00,2026-09-04 15:00:00-04:00,S,29481.25,29544.0,29543.75,62.5,-127.5,-1.02,SL,1,S|swing
2026-09-07 10:59:00-04:00,2026-09-07 10:59:00-04:00,2026-09-07 12:49:00-04:00,S,29591.75,29603.75,29633.0,41.25,-26.0,-0.3151515151515151,time,1,S|swing
2026-09-08 10:11:00-04:00,2026-09-08 10:11:00-04:00,2026-09-08 10:44:00-04:00,S,29428.5,29539.25,29539.0,110.5,-223.5,-1.01131221719457,SL,1,S|swing
2026-09-08 11:44:00-04:00,2026-09-08 11:44:00-04:00,2026-09-08 12:11:00-04:00,L,29641.5,29580.5,29580.75,60.75,-124.0,-1.0205761316872428,SL,1,L|swing
2026-09-08 13:02:00-04:00,2026-09-08 13:02:00-04:00,2026-09-08 14:48:00-04:00,L,29621.75,29549.0,29549.25,72.5,-147.5,-1.0172413793103448,SL,1,L|swing
2026-09-08 14:50:00-04:00,2026-09-08 14:50:00-04:00,2026-09-08 15:54:00-04:00,S,29570.75,29510.75,29611.25,40.5,118.0,1.4567901234567902,TP,1,S|swing
2026-09-09 09:53:00-04:00,2026-09-09 09:53:00-04:00,2026-09-09 11:11:00-04:00,L,29514.25,29411.0,29411.25,103.0,-208.5,-1.0121359223300972,SL,1,L|swing
2026-09-09 11:23:00-04:00,2026-09-09 11:23:00-04:00,2026-09-09 15:59:00-04:00,S,29373.75,29455.25,29563.5,189.75,-165.0,-0.43478260869565216,time,1,S|swing
2026-09-10 11:20:00-04:00,2026-09-10 11:20:00-04:00,2026-09-10 11:37:00-04:00,S,29210.5,29265.5,29265.25,54.75,-112.0,-1.0228310502283104,SL,1,S|swing
2026-09-10 11:56:00-04:00,2026-09-10 11:56:00-04:00,2026-09-10 15:59:00-04:00,S,29189.0,29138.5,29272.5,83.5,99.0,0.592814371257485,time,1,S|swing
2026-09-11 11:05:00-04:00,2026-09-11 11:05:00-04:00,2026-09-11 15:59:00-04:00,L,29416.25,29386.5,29333.75,82.5,-61.5,-0.37272727272727274,time,1,L|swing
2026-09-14 10:08:00-04:00,2026-09-14 10:08:00-04:00,2026-09-14 15:59:00-04:00,L,29070.25,29151.25,28882.5,187.75,160.0,0.42609853528628494,time,1,L|swing
2026-09-15 10:23:00-04:00,2026-09-15 10:23:00-04:00,2026-09-15 15:59:00-04:00,S,29012.5,28959.25,29142.25,129.75,104.5,0.4026974951830443,time,1,S|swing
2026-09-16 09:47:00-04:00,2026-09-16 09:47:00-04:00,2026-09-16 14:32:00-04:00,L,29152.75,29081.0,29081.25,71.5,-145.5,-1.0174825174825175,SL,1,L|swing
2026-09-16 14:56:00-04:00,2026-09-16 14:56:00-04:00,2026-09-16 15:59:00-04:00,S,28968.75,28961.75,29199.25,230.5,12.0,0.026030368763557483,time,1,S|swing
2026-09-21 10:17:00-04:00,2026-09-21 10:17:00-04:00,2026-09-21 11:47:00-04:00,L,30463.75,30631.25,30351.5,112.25,333.0,1.4832962138084633,TP,1,L|swing
2026-09-21 12:08:00-04:00,2026-09-21 12:08:00-04:00,2026-09-21 13:44:00-04:00,L,30641.5,30707.0,30597.25,44.25,129.0,1.4576271186440677,TP,1,L|swing
2026-09-21 14:05:00-04:00,2026-09-21 14:05:00-04:00,2026-09-21 15:22:00-04:00,L,30727.75,30807.75,30673.75,54.0,158.0,1.462962962962963,TP,1,L|swing
2026-09-22 10:11:00-04:00,2026-09-22 10:11:00-04:00,2026-09-22 15:59:00-04:00,L,30955.25,31029.5,30880.75,74.5,146.5,0.9832214765100671,time,1,L|swing
2026-09-23 11:50:00-04:00,2026-09-23 11:50:00-04:00,2026-09-23 15:59:00-04:00,S,30741.0,30770.0,30818.0,77.0,-60.0,-0.38961038961038963,time,1,S|swing
2026-09-24 09:35:00-04:00,2026-09-24 09:35:00-04:00,2026-09-24 12:16:00-04:00,L,30561.5,30672.25,30487.0,74.5,219.5,1.4731543624161074,TP,1,L|swing
2026-09-24 12:17:00-04:00,2026-09-24 12:17:00-04:00,2026-09-24 15:59:00-04:00,L,30711.75,30756.25,30505.25,206.5,87.0,0.2106537530266344,time,1,L|swing
2026-09-25 09:53:00-04:00,2026-09-25 09:53:00-04:00,2026-09-25 10:05:00-04:00,L,30903.5,30766.75,30767.0,136.5,-275.5,-1.0091575091575091,SL,1,L|swing
2026-09-25 11:38:00-04:00,2026-09-25 11:38:00-04:00,2026-09-25 12:00:00-04:00,S,30771.0,30863.0,30862.75,91.75,-186.0,-1.013623978201635,SL,1,S|swing
2026-09-25 12:02:00-04:00,2026-09-25 12:02:00-04:00,2026-09-25 15:59:00-04:00,L,30901.25,30891.0,30730.75,170.5,-22.5,-0.06598240469208211,time,1,L|swing
2026-09-28 09:35:00-04:00,2026-09-28 09:35:00-04:00,2026-09-28 10:44:00-04:00,S,30630.0,30436.75,30759.5,129.5,384.5,1.4845559845559846,TP,1,S|swing
2026-09-28 13:02:00-04:00,2026-09-28 13:02:00-04:00,2026-09-28 13:11:00-04:00,S,30584.25,30671.25,30671.0,86.75,-176.0,-1.0144092219020173,SL,1,S|swing
2026-09-28 14:38:00-04:00,2026-09-28 14:38:00-04:00,2026-09-28 14:53:00-04:00,S,30596.75,30646.25,30646.0,49.25,-101.0,-1.0253807106598984,SL,1,S|swing
2026-09-29 10:23:00-04:00,2026-09-29 10:23:00-04:00,2026-09-29 11:19:00-04:00,L,30666.0,30588.0,30588.25,77.75,-158.0,-1.0160771704180065,SL,1,L|swing
2026-09-29 12:41:00-04:00,2026-09-29 12:41:00-04:00,2026-09-29 14:05:00-04:00,S,30534.75,30591.25,30591.0,56.25,-115.0,-1.0222222222222221,SL,1,S|swing
2026-09-30 09:56:00-04:00,2026-09-30 09:56:00-04:00,2026-09-30 15:59:00-04:00,L,30794.0,30681.75,30682.0,112.0,-226.5,-1.0111607142857142,SL,1,L|swing
2026-10-01 09:47:00-04:00,2026-10-01 09:47:00-04:00,2026-10-01 13:30:00-04:00,S,30723.75,30856.75,30856.5,132.75,-268.0,-1.009416195856874,SL,1,S|swing
2026-10-02 09:47:00-04:00,2026-10-02 09:47:00-04:00,2026-10-02 11:12:00-04:00,L,31192.5,31055.5,31055.75,136.75,-276.0,-1.0091407678244972,SL,1,L|swing
2026-10-02 12:02:00-04:00,2026-10-02 12:02:00-04:00,2026-10-02 12:42:00-04:00,L,31119.25,31054.0,31054.25,65.0,-132.5,-1.0192307692307692,SL,1,L|swing
2026-10-02 13:23:00-04:00,2026-10-02 13:23:00-04:00,2026-10-02 15:59:00-04:00,S,31029.0,31069.75,31109.5,80.5,-83.5,-0.5186335403726708,time,1,S|swing
2026-10-05 10:26:00-04:00,2026-10-05 10:26:00-04:00,2026-10-05 15:59:00-04:00,L,31237.75,31338.0,31114.25,123.5,198.5,0.8036437246963563,time,1,L|swing
2026-10-06 09:56:00-04:00,2026-10-06 09:56:00-04:00,2026-10-06 15:59:00-04:00,L,31535.0,31480.25,31457.25,77.75,-111.5,-0.7170418006430869,time,1,L|swing
2026-10-07 10:53:00-04:00,2026-10-07 10:53:00-04:00,2026-10-07 11:13:00-04:00,S,31209.25,31286.5,31286.25,77.0,-156.5,-1.0162337662337662,SL,1,S|swing
2026-10-07 13:02:00-04:00,2026-10-07 13:02:00-04:00,2026-10-07 15:59:00-04:00,L,31368.0,31395.75,31316.75,51.25,53.5,0.5219512195121951,time,1,L|swing
