,o930,c944,c959,c1014,c1529,c1559,rth_h,rth_l,last_c,prev_close,atr,early_end,on_h,on_l,sig,sig_ret,med20,side,pnl,risk,R,hit,last_up,entry_time
2019-07-05,7829.25,7828.5,7809.0,7818.25,7870.75,7868.5,7880.5,7797.0,7868.5,7899.75,103.80620810928521,,7909.25,7819.25,-90.75,0.011487705307129973,0.005858850685317273,S,1.5,10.380620810928521,0.072250014104206,True,False,2019-07-05 15:29:00-04:00
2019-07-08,7817.75,7790.25,7779.75,7797.0,7809.25,7810.75,7818.0,7777.75,7810.75,7868.5,104.40933610147911,,7864.25,7808.5,-88.75,0.011279151045307238,0.005858850685317273,S,-6.0,10.440933610147912,-0.2873306269359087,False,True,2019-07-08 15:29:00-04:00
2019-07-10,7894.5,7921.25,7944.25,7933.0,7917.0,7927.75,7949.5,7881.5,7927.75,7850.25,104.01366225076517,,7911.5,7811.5,94.0,0.01197414095092513,0.004060471938517305,L,18.5,10.401366225076517,0.8893062507211117,True,True,2019-07-10 15:29:00-04:00
2019-07-18,7870.75,7892.25,7889.0,7895.75,7912.25,7920.75,7932.25,7845.25,7920.75,7909.0,95.61930377581746,,7888.75,7833.0,-20.0,0.0025287646984448096,0.002303206505671767,S,-20.0,9.561930377581746,-1.0458139314050354,False,True,2019-07-18 15:29:00-04:00
2019-07-19,7974.5,7951.0,7950.0,7936.5,7872.5,7853.25,7974.75,7848.75,7853.25,7920.75,97.48578207754478,,7980.5,7936.25,29.25,0.003692832118170628,0.002303206505671767,L,-41.5,9.748578207754479,-2.128515518652194,False,False,2019-07-19 15:29:00-04:00
2019-07-22,7877.5,7896.75,7914.25,7903.5,7920.75,7921.25,7936.25,7875.5,7921.25,7853.25,102.3439405005773,,7888.5,7825.5,61.0,0.0077674847992869195,0.002446937298609053,L,-2.0,10.23439405005773,-0.09770974178919359,True,True,2019-07-22 15:29:00-04:00
2019-07-25,7997.75,7965.75,7963.0,7959.25,7952.25,7946.5,7998.75,7932.0,7946.5,8025.5,103.30389478125667,,8034.25,7987.0,-62.5,0.007787676780262912,0.002303206505671767,S,8.5,10.330389478125667,0.4114075281478269,True,False,2019-07-25 15:29:00-04:00
2019-07-26,7997.75,8025.75,8026.25,8017.0,8036.25,8028.25,8040.5,7994.5,8028.25,7946.5,104.28218801116691,,8022.0,7987.75,79.75,0.010035864846158687,0.002303206505671767,L,-19.0,10.428218801116692,-0.9109897079434798,False,False,2019-07-26 15:29:00-04:00
2019-07-29,8024.5,7988.25,7970.5,7957.75,7999.75,8002.25,8024.5,7951.5,8002.25,8028.25,101.01203172465499,,8031.75,8002.0,-57.75,0.007193348488151216,0.002446937298609053,S,-8.0,10.1012031724655,-0.3959924309713375,False,True,2019-07-29 15:29:00-04:00
2019-07-30,7940.0,7967.5,7959.5,7963.75,7966.0,7966.75,7998.0,7933.5,7966.75,8002.25,99.5290294586082,,8019.75,7928.25,-42.75,0.005342247492892624,0.002446937298609053,S,-4.5,9.95290294586082,-0.22606469813269126,False,True,2019-07-30 15:29:00-04:00
2019-08-01,7871.25,7920.5,7928.25,7943.0,7827.0,7812.5,8014.5,7777.0,7812.5,7859.5,107.5837039719632,,7895.25,7819.5,68.75,0.00874737578726382,0.002446937298609053,L,-32.0,10.758370397196321,-1.4872140862680905,False,False,2019-08-01 15:29:00-04:00
2019-08-02,7758.5,7743.75,7728.75,7700.0,7700.5,7701.25,7766.0,7650.0,7701.25,7812.5,116.86343940253725,,7805.5,7724.75,-83.75,0.01072,0.003110798408307719,S,-4.5,11.686343940253726,-0.19253241317413677,False,True,2019-08-02 15:29:00-04:00
2019-08-05,7539.5,7494.75,7514.75,7500.0,7397.75,7423.0,7540.75,7361.0,7423.0,7701.25,119.62319373092745,,7706.0,7529.5,-186.5,0.024216847914299625,0.003110798408307719,S,-53.5,11.962319373092747,-2.236188415113685,False,True,2019-08-05 15:29:00-04:00
2019-08-06,7491.0,7516.5,7516.25,7486.5,7521.25,7527.25,7548.75,7437.25,7527.25,7423.0,135.97153703586122,,7496.0,7225.0,93.25,0.012562306345143473,0.003110798408307719,L,9.0,13.597153703586123,0.33095161664703154,True,True,2019-08-06 15:29:00-04:00
2019-08-07,7446.5,7426.75,7434.0,7468.25,7561.5,7559.0,7577.25,7387.75,7559.0,7527.25,149.3842843904426,,7569.0,7415.0,-93.25,0.012388322428509749,0.004517539805531626,S,2.0,14.938428439044259,0.0669414459546709,True,False,2019-08-07 15:29:00-04:00
2019-08-08,7601.5,7595.75,7619.75,7627.0,7704.75,7732.25,7733.25,7578.0,7732.25,7559.0,152.24969264826814,,7618.5,7526.25,60.75,0.00803677735150152,0.004517539805531626,L,52.0,15.224969264826814,1.7077210172151867,True,True,2019-08-08 15:29:00-04:00
2019-08-09,7692.25,7694.5,7676.25,7663.75,7680.75,7656.25,7720.0,7596.75,7656.25,7732.25,156.53542888767757,,7724.0,7657.25,-56.0,0.007242393869830903,0.00626779799052192,S,46.0,15.653542888767758,1.4693159346376283,True,False,2019-08-09 15:29:00-04:00
2019-08-12,7610.75,7591.5,7597.25,7596.0,7563.5,7570.25,7633.75,7534.75,7570.25,7656.25,154.78289825284347,,7709.75,7584.0,-59.0,0.0077061224489795915,0.00721787117899106,S,-16.5,15.478289825284348,-0.5330046208673084,False,True,2019-08-12 15:29:00-04:00
2019-08-13,7566.75,7628.5,7762.5,7740.25,7742.5,7738.5,7789.25,7555.25,7738.5,7570.25,156.22697694906896,,7595.0,7513.75,192.25,0.0253954625012384,0.007474258159405247,L,-11.0,15.622697694906897,-0.35205187397263893,False,False,2019-08-13 15:29:00-04:00
2019-08-14,7607.75,7611.0,7619.75,7583.75,7514.75,7500.5,7634.25,7489.25,7500.5,7738.5,164.74647859556404,,7767.5,7596.25,-118.75,0.015345351166246688,0.007736803624133256,S,25.5,16.474647859556406,0.773916390122059,True,False,2019-08-14 15:29:00-04:00
2019-08-16,7556.75,7569.75,7570.25,7573.0,7612.5,7612.5,7632.25,7556.0,7612.5,7493.75,174.49951470739964,,7600.5,7502.25,76.5,0.010208507089241035,0.007777580789774916,L,-3.0,17.449951470739965,-0.08596012444591587,False,False,2019-08-16 15:29:00-04:00
2019-08-19,7717.0,7736.75,7720.75,7699.0,7733.75,7728.25,7750.25,7694.75,7728.25,7612.5,171.3209779425854,,7725.5,7613.0,108.25,0.014220032840722496,0.007912227065882217,L,-14.0,17.132097794258538,-0.4085897759902995,False,False,2019-08-19 15:29:00-04:00
2019-08-21,7742.25,7760.25,7757.25,7746.0,7735.0,7741.25,7765.75,7705.5,7741.25,7674.0,163.76910853212718,,7752.5,7651.5,83.25,0.01084831899921814,0.008392076569382671,L,9.5,16.376910853212717,0.29004248985504955,True,True,2019-08-21 15:29:00-04:00
2019-08-26,7555.75,7537.75,7547.0,7524.5,7555.0,7583.25,7583.75,7510.75,7583.25,7474.0,169.11078041001585,,7626.0,7311.75,73.0,0.009767192935509768,0.008392076569382671,L,53.5,16.911078041001584,1.5818033560689364,True,True,2019-08-26 15:29:00-04:00
2019-08-29,7686.0,7708.75,7715.5,7699.75,7699.75,7707.5,7730.25,7652.0,7707.5,7593.75,169.46816128309214,,7702.75,7548.5,121.75,0.01603292181069959,0.009257284361386793,L,12.5,16.946816128309216,0.3688008386164961,True,True,2019-08-29 15:29:00-04:00
2019-09-04,7685.0,7691.25,7687.0,7669.0,7720.25,7723.75,7729.75,7664.5,7723.75,7614.75,157.993320606164,,7729.75,7608.25,72.25,0.009488164417741883,0.0078065269881243925,L,4.0,15.7993320606164,0.12658762992806996,True,True,2019-09-04 15:29:00-04:00
2019-09-05,7807.25,7829.75,7844.25,7863.0,7869.5,7865.5,7886.5,7804.0,7865.5,7723.75,155.38665484858083,,7839.75,7717.75,120.5,0.015601229972487458,0.0078065269881243925,L,-11.0,15.538665484858084,-0.35395575027724024,False,False,2019-09-05 15:29:00-04:00
2019-09-10,7796.5,7758.0,7762.25,7758.0,7771.0,7819.25,7819.25,7744.25,7819.25,7837.25,144.92428232592277,,7857.75,7781.75,-75.0,0.009569683243484641,0.007532399307107147,S,-99.5,14.492428232592278,-3.432827073665705,False,True,2019-09-10 15:29:00-04:00
2019-09-19,7924.75,7957.75,7953.25,7962.0,7933.5,7923.25,7974.0,7908.0,7923.25,7912.5,125.50853798808326,,7939.5,7852.75,40.75,0.005150078988941548,0.004468120531851228,L,-23.5,12.550853798808326,-0.9361912893221364,False,False,2019-09-19 15:29:00-04:00
2019-09-24,7877.0,7884.5,7885.75,7869.75,7723.0,7733.0,7894.0,7701.75,7733.0,7839.75,123.68385858593983,,7904.25,7862.5,46.0,0.005867534041264071,0.003322595779662746,L,17.0,12.368385858593983,0.6872359980663043,True,True,2019-09-24 15:29:00-04:00
2019-09-25,7727.5,7716.5,7697.25,7698.5,7828.0,7823.0,7844.25,7663.75,7823.0,7733.0,129.3135829726584,,7759.0,7682.75,-35.75,0.004623044096728307,0.003322595779662746,S,7.0,12.93135829726584,0.2706598888950457,True,False,2019-09-25 15:29:00-04:00
2019-09-26,7813.75,7784.25,7774.25,7771.75,7803.5,7792.5,7818.25,7735.0,7792.5,7823.0,132.9697556174685,,7842.5,7783.75,-48.75,0.0062316246964080274,0.004117961284863818,S,19.0,13.296975561746851,0.7144481807825452,True,False,2019-09-26 15:29:00-04:00
2019-09-30,7723.0,7722.25,7733.25,7743.75,7762.25,7767.75,7781.5,7710.25,7767.75,7698.75,134.7290239762866,,7759.0,7705.5,34.5,0.004481246955674622,0.004316655189204706,L,8.0,13.472902397628662,0.29689222722373704,True,True,2019-09-30 15:29:00-04:00
2019-10-01,7797.75,7833.5,7834.5,7767.0,7723.0,7701.5,7841.5,7691.0,7701.5,7767.75,131.05195083512328,,7826.75,7778.0,66.75,0.008593221975475523,0.004245756618677863,L,-46.0,13.105195083512328,-1.7550291966989753,False,False,2019-10-01 15:29:00-04:00
2019-10-02,7652.0,7614.25,7606.5,7610.75,7573.5,7566.0,7652.25,7525.5,7566.0,7701.5,132.44109720404305,,7730.5,7630.25,-95.0,0.012335259365058755,0.004245756618677863,S,12.0,13.244109720404305,0.4530315835994778,True,False,2019-10-02 15:29:00-04:00
2019-10-04,7688.25,7692.5,7717.5,7715.5,7751.75,7765.5,7773.75,7682.25,7765.5,7652.25,141.02574197695546,,7695.0,7616.25,65.25,0.008526903851808291,0.0038115723773402164,L,24.5,14.102574197695546,0.8686357418351134,True,True,2019-10-04 15:29:00-04:00
2019-10-08,7685.5,7667.5,7645.25,7645.0,7668.75,7616.25,7722.25,7614.5,7616.25,7736.5,139.25944078625238,,7784.5,7665.5,-91.25,0.01179473922316293,0.004245756618677863,S,102.0,13.925944078625239,3.6622292687703144,True,False,2019-10-08 15:29:00-04:00
2019-10-09,7684.5,7685.5,7673.5,7672.5,7725.25,7701.25,7731.75,7661.75,7701.25,7616.25,141.5444807300915,,7719.0,7605.0,57.25,0.007516822583292303,0.004245756618677863,L,-51.0,14.15444807300915,-1.8015538202881587,False,False,2019-10-09 15:29:00-04:00
2019-10-10,7696.75,7707.0,7756.5,7745.25,7754.0,7754.25,7786.0,7690.5,7754.25,7701.25,140.48773210651353,,7715.0,7583.0,55.25,0.007174160038954715,0.004552145526201465,L,-2.5,14.048773210651355,-0.08897574053315117,True,True,2019-10-10 15:29:00-04:00
2019-10-11,7843.0,7865.75,7873.25,7885.0,7908.0,7852.0,7918.25,7837.25,7852.0,7754.25,145.82789409890543,,7861.75,7767.0,119.0,0.015346422929361317,0.004552145526201465,L,-115.0,14.582789409890545,-3.943004207480466,False,False,2019-10-11 15:29:00-04:00
2019-10-15,7875.5,7898.25,7894.75,7914.0,7963.0,7953.0,7971.75,7871.75,7953.0,7854.0,142.0212454220154,,7907.75,7858.75,40.75,0.005188439011968424,0.004886561542834927,L,-23.0,14.20212454220154,-0.8097380054531848,False,False,2019-10-15 15:29:00-04:00
2019-10-17,7979.25,7979.25,7984.75,7977.75,7953.25,7953.5,7992.25,7922.75,7953.5,7933.5,133.7734207975541,,7994.75,7930.25,51.25,0.006459948320413436,0.005169259000454986,L,-2.5,13.377342079755412,-0.0934415814851357,True,True,2019-10-17 15:29:00-04:00
2019-10-28,8074.25,8087.0,8092.0,8094.75,8125.0,8116.5,8126.75,8074.25,8116.5,8036.0,122.41228310334394,,8082.25,8048.0,56.0,0.006968641114982578,0.004440965401474366,L,-20.0,12.241228310334394,-0.8169114852271577,False,False,2019-10-28 15:29:00-04:00
2019-11-01,8127.5,8128.0,8139.75,8158.25,8144.75,8165.25,8165.5,8114.5,8165.25,8090.75,114.96018501964299,,8136.75,8084.75,49.0,0.0060562988598090416,0.0041226418512679205,L,38.0,11.4960185019643,1.6527461222120954,True,True,2019-11-01 15:29:00-04:00
2019-11-04,8219.5,8223.0,8219.5,8208.75,8211.0,8213.75,8233.75,8201.25,8213.75,8165.25,112.67731466109706,,8229.5,8164.0,54.25,0.00664400967514773,0.0041226418512679205,L,2.5,11.267731466109707,0.11093626110629833,True,True,2019-11-04 15:29:00-05:00
2019-11-07,8241.5,8254.0,8253.75,8259.25,8217.5,8227.5,8282.25,8204.0,8227.5,8201.5,102.98899792654163,,8263.25,8190.25,52.25,0.006370785831860026,0.0037062160122339517,L,17.0,10.298899792654163,0.8253308771935761,True,True,2019-11-07 15:29:00-05:00
2019-11-11,8219.0,8208.75,8228.5,8229.75,8245.75,8248.75,8252.0,8206.5,8248.75,8262.0,100.1894931101303,,8262.0,8213.75,-33.5,0.004054708303074316,0.003188778019288722,S,-9.0,10.018949311013031,-0.44914889379203754,False,True,2019-11-11 15:29:00-05:00
2019-11-15,8314.25,8298.5,8290.0,8301.25,8300.25,8318.75,8322.25,8289.0,8318.75,8266.0,91.05612538313287,,8321.0,8261.5,24.0,0.0029034599564481006,0.002715898180571083,L,34.0,9.105612538313286,1.8669803847319273,True,True,2019-11-15 15:29:00-05:00
2019-11-25,8312.0,8343.0,8351.0,8356.25,8371.5,8377.0,8377.5,8311.75,8377.0,8277.75,87.34209056898514,,8316.25,8287.5,73.25,0.008849022983298602,0.0024672811086081142,L,8.0,8.734209056898514,0.457969344899146,True,True,2019-11-25 15:29:00-05:00
2019-11-27,8412.25,8410.75,8416.0,8418.75,8444.75,8449.0,8449.25,8402.5,8449.0,8392.0,85.68654748040045,,8430.0,8397.25,24.0,0.002859866539561487,0.002173200213415925,L,5.5,8.568654748040045,0.32093719269398996,True,True,2019-11-27 15:29:00-05:00
2019-12-02,8410.75,8367.5,8341.0,8329.0,8316.25,8315.75,8413.25,8276.0,8315.75,8421.25,78.50540991779876,,8456.75,8407.5,-80.25,0.00952946415318391,0.002173200213415925,S,-2.0,7.8505409917798765,-0.127379756509402,True,False,2019-12-02 15:29:00-05:00
2019-12-03,8212.5,8201.75,8202.5,8197.5,8253.75,8257.75,8261.25,8168.5,8257.75,8315.75,85.80859492367027,,8337.25,8204.0,-113.25,0.013618735531972462,0.002173200213415925,S,-11.0,8.580859492367027,-0.6409614333963213,False,True,2019-12-03 15:29:00-05:00
2019-12-04,8301.0,8300.75,8312.0,8308.5,8303.75,8298.25,8319.5,8287.5,8298.25,8257.75,91.73298100055096,,8314.25,8220.75,54.25,0.0065695861463473705,0.0024672811086081142,L,-14.0,9.173298100055097,-0.7630843262313645,False,False,2019-12-04 15:29:00-05:00
2019-12-06,8370.5,8383.0,8386.0,8386.0,8399.75,8399.75,8409.25,8367.75,8399.75,8312.5,90.41389688312812,,8381.25,8307.5,73.5,0.008842105263157894,0.0024672811086081142,L,-3.0,9.041389688312812,-0.1659036997309106,False,False,2019-12-06 15:29:00-05:00
2019-12-11,8376.5,8375.25,8389.25,8388.25,8405.25,8404.5,8410.75,8363.0,8404.5,8358.5,91.26169149133837,,8393.5,8345.0,30.75,0.003678889752946103,0.002173200213415925,L,-4.5,9.126169149133837,-0.24654375381739962,False,False,2019-12-11 15:29:00-05:00
2019-12-12,8392.25,8448.75,8463.25,8486.75,8458.25,8466.75,8497.0,8381.0,8466.75,8404.5,89.43942781338562,,8430.25,8383.0,58.75,0.006990302813968707,0.0023214361999141786,L,14.0,8.943942781338562,0.7826525919424958,True,True,2019-12-12 15:29:00-05:00
2019-12-16,8572.25,8590.25,8596.25,8603.75,8606.75,8601.5,8618.0,8571.5,8601.5,8492.25,91.02685357378657,,8577.0,8503.0,104.0,0.012246460007654038,0.0023214361999141786,L,-13.5,9.102685357378657,-0.7415394177640595,False,False,2019-12-16 15:29:00-05:00
2019-12-23,8733.0,8727.0,8726.0,8725.5,8727.0,8721.75,8737.75,8715.5,8721.75,8704.25,83.31686117386344,,8743.5,8705.0,21.75,0.0024987793319355485,0.00223483150714721,L,-13.5,8.331686117386345,-0.8101601410444731,False,False,2019-12-23 15:29:00-05:00
2019-12-26,8740.25,8753.25,8756.75,8761.0,8783.25,8801.25,8802.0,8739.0,8801.25,8730.0,76.42882417542307,,8750.25,8726.0,26.75,0.0030641466208476517,0.00223483150714721,L,33.0,7.642882417542308,2.158871365354047,True,True,2019-12-26 15:29:00-05:00
2019-12-30,8787.25,8726.0,8715.0,8700.5,8740.0,8731.5,8792.5,8691.0,8731.5,8792.5,76.43990451860459,,8809.75,8775.75,-77.5,0.008814330395223202,0.0022685460197099166,S,14.0,7.64399045186046,0.9157520596191064,True,False,2019-12-30 15:29:00-05:00
2020-01-02,8821.0,8843.5,8848.0,8823.75,8865.25,8888.75,8889.5,8802.5,8888.75,8748.0,79.48262175328662,,8831.0,8769.25,100.0,0.011431184270690443,0.0022685460197099166,L,44.0,7.948262175328662,2.767900644783436,True,True,2020-01-02 15:29:00-05:00
2020-01-03,8772.0,8837.5,8825.0,8825.25,8828.25,8809.75,8861.25,8770.5,8809.75,8888.75,83.25172019948045,,8907.75,8735.25,-63.75,0.007171987062297849,0.0022685460197099166,S,34.0,8.325172019948045,2.04199984808315,True,False,2020-01-03 15:29:00-05:00
2020-01-08,8861.0,8884.5,8890.0,8892.75,8970.0,8929.75,8972.5,8848.0,8929.75,8862.25,92.16017830840325,,8888.75,8678.25,27.75,0.003131258991791024,0.0021818798632361855,L,-83.5,9.216017830840325,-4.530156165745308,False,False,2020-01-08 15:29:00-05:00
2020-01-09,9002.0,9007.25,9004.25,9001.0,8994.25,9006.25,9022.25,8952.25,9006.25,8929.75,106.59516557208873,,9004.5,8932.5,74.5,0.008342898737366667,0.0021818798632361855,L,21.0,10.659516557208875,0.9850352915769903,True,True,2020-01-09 15:29:00-05:00
2020-01-10,9038.25,9017.75,9030.5,9027.5,8986.5,8982.75,9042.5,8966.5,8982.75,9006.25,105.39193945979669,,9055.25,9008.5,24.25,0.0026925746009715474,0.0023571868538672202,L,-10.5,10.539193945979669,-0.49814056244810734,False,False,2020-01-10 15:29:00-05:00
2020-01-13,9017.25,9022.75,9033.0,9025.75,9066.75,9085.0,9086.5,9003.75,9085.0,8982.75,104.20322949838264,,9028.75,8978.75,50.25,0.005594055272605828,0.0023571868538672202,L,33.5,10.420322949838265,1.6074357849206562,True,True,2020-01-13 15:29:00-05:00
2020-01-14,9076.5,9061.75,9041.25,9069.0,9044.5,9050.5,9095.0,9035.0,9050.5,9085.0,105.20657024849815,,9114.75,9041.5,-43.75,0.004815630159603742,0.0023571868538672202,S,-15.0,10.520657024849816,-0.7128832336502352,False,True,2020-01-14 15:29:00-05:00
2020-01-15,9054.0,9068.0,9084.0,9079.5,9038.75,9052.5,9096.0,9023.0,9052.5,9050.5,103.38824380217685,,9074.75,9025.75,33.5,0.0037014529584000885,0.002595676966453548,L,24.5,10.338824380217686,1.1848542493321734,True,True,2020-01-15 15:29:00-05:00
2020-01-16,9095.75,9112.25,9109.5,9115.25,9109.75,9138.0,9138.75,9076.5,9138.0,9052.5,101.21765495916421,,9109.75,9060.5,57.0,0.006296603148301574,0.002595676966453548,L,53.5,10.12176549591642,2.6428195763666094,True,True,2020-01-16 15:29:00-05:00
2020-01-22,9223.5,9235.0,9239.25,9233.25,9199.75,9200.5,9254.0,9189.25,9200.5,9179.75,91.34203699731074,,9240.25,9174.5,59.5,0.006481657997222147,0.0028783606109095998,L,-1.5,9.134203699731074,-0.08210896369894632,True,True,2020-01-22 15:29:00-05:00
2020-01-24,9272.75,9272.25,9269.0,9262.75,9160.5,9151.5,9284.25,9109.75,9151.5,9227.5,91.31787883951793,,9287.5,9249.5,41.5,0.004497426171769168,0.0030977028063193376,L,-21.0,9.131787883951793,-1.1498295989170646,False,False,2020-01-24 15:29:00-05:00
2020-01-27,8947.25,8976.5,8984.0,8970.0,8977.25,8961.25,9011.0,8926.0,8961.25,9151.5,97.49160177955237,,9098.25,8942.75,-167.5,0.018303010435447742,0.003416355975095556,S,29.0,9.749160177955238,1.4873075973033392,True,False,2020-01-27 15:29:00-05:00
2020-01-28,9023.75,9014.25,9018.0,9036.5,9118.25,9098.25,9119.75,9001.25,9098.25,8961.25,105.6172016524415,,9040.75,8952.5,56.75,0.0063328218719486675,0.004099439565084628,L,-43.0,10.56172016524415,-2.035653251896491,False,False,2020-01-28 15:29:00-05:00
2020-02-03,9041.5,9089.75,9126.0,9139.75,9143.75,9131.25,9155.75,9035.75,9131.25,8994.75,130.29993743219964,,9091.75,8975.0,131.25,0.014591845243058451,0.0029119167963812856,L,-28.0,13.029993743219965,-1.0744441076408628,False,False,2020-02-03 15:29:00-05:00
2020-02-04,9258.0,9251.0,9265.75,9255.25,9356.25,9340.75,9359.5,9227.0,9340.75,9131.25,133.90351332989968,,9264.5,9073.25,134.5,0.014729637234770705,0.003416355975095556,L,-34.0,13.390351332989969,-1.2695708706400328,False,False,2020-02-04 15:29:00-05:00
2020-02-05,9457.0,9379.5,9397.25,9370.5,9378.5,9375.5,9457.75,9318.25,9375.5,9340.75,145.46397666347826,,9464.25,9318.25,56.5,0.006048764820812034,0.004099439565084628,L,-9.0,14.546397666347827,-0.3093549415612682,False,False,2020-02-05 15:29:00-05:00
2020-02-07,9411.25,9396.25,9399.25,9409.0,9402.75,9410.75,9463.5,9385.0,9410.75,9453.0,142.28781661289707,,9477.0,9395.0,-53.75,0.005686025600338517,0.004315269536207233,S,-19.0,14.228781661289709,-0.6676608177807201,False,True,2020-02-07 15:29:00-05:00
2020-02-12,9580.5,9586.5,9582.0,9571.5,9608.5,9620.5,9624.0,9559.0,9620.5,9525.25,140.63568990471384,,9585.5,9524.25,56.75,0.005957848875357602,0.004045676074157094,L,21.0,14.063568990471385,0.7466099115462198,True,True,2020-02-12 15:29:00-05:00
2020-02-13,9549.75,9570.0,9571.0,9583.25,9615.0,9604.5,9644.75,9539.25,9604.5,9620.5,138.00099776866287,,9626.25,9511.25,-49.5,0.005145262720232836,0.004315269536207233,S,18.0,13.800099776866288,0.6521691977247218,True,False,2020-02-13 15:29:00-05:00
2020-02-18,9583.75,9602.5,9622.5,9625.5,9643.25,9636.0,9654.25,9575.0,9636.0,9666.0,127.4583426012217,,9642.5,9534.0,-43.5,0.0045003103662321535,0.004315269536207233,S,11.5,12.745834260122171,0.45112778674598,True,False,2020-02-18 15:29:00-05:00
2020-02-19,9690.25,9701.5,9711.5,9709.0,9733.25,9728.25,9748.75,9681.5,9728.25,9636.0,127.78274670113444,,9696.25,9640.5,75.5,0.007835201328352014,0.004498868269000661,L,-13.0,12.778274670113445,-0.5086758711802125,False,False,2020-02-19 15:29:00-05:00
2020-02-21,9589.75,9539.75,9513.0,9494.25,9426.25,9452.0,9604.75,9411.5,9452.0,9634.5,134.9848683290394,,9623.5,9538.5,-121.5,0.012610929472209247,0.004498868269000661,S,-54.5,13.49848683290394,-2.0187447924589104,False,True,2020-02-21 15:29:00-05:00
2020-02-24,9104.25,9177.5,9183.75,9200.25,9143.0,9085.0,9202.25,9041.0,9085.0,9452.0,140.48594916267942,,9365.75,9096.75,-268.25,0.028380236986881083,0.0048227865432324945,S,113.0,14.048594916267943,4.021754512586474,True,False,2020-02-24 15:29:00-05:00
2020-02-26,8890.25,8997.25,8955.5,8972.75,8896.0,8879.75,9037.75,8816.25,8879.75,8839.25,178.28252759435114,,8947.75,8709.25,116.25,0.013151568289164804,0.00463045237629164,L,-35.5,17.828252759435113,-0.9956107443342309,False,False,2020-02-26 15:29:00-05:00
2020-02-27,8657.5,8666.75,8670.75,8659.75,8560.75,8432.25,8794.25,8431.0,8432.25,8879.75,189.01234705189748,,8878.25,8646.75,-209.0,0.023536698668318364,0.004952928553291982,S,254.0,18.901234705189747,6.719137769615092,True,False,2020-02-27 15:29:00-05:00
2020-02-28,8161.5,8234.75,8184.25,8183.25,8255.25,8476.0,8496.5,8124.25,8476.0,8432.25,214.3864651196191,,8447.25,8127.0,-248.0,0.029410892703608173,0.005415644160285676,S,-444.5,21.43864651196191,-10.366792506047123,False,True,2020-02-28 15:29:00-05:00
2020-03-03,8901.25,8825.25,8780.0,8865.25,8699.5,8596.0,9003.0,8510.75,8596.0,8876.5,260.071747985794,,8917.25,8738.75,-96.5,0.010871402016560582,0.005415644160285676,S,204.0,26.0071747985794,3.9219946337874267,True,False,2020-03-03 15:29:00-05:00
2020-03-04,8745.5,8719.75,8690.25,8748.0,8885.25,8943.25,8950.0,8665.5,8943.25,8596.0,276.6559088439516,,8809.0,8507.25,94.25,0.010964402047463937,0.005415644160285676,L,113.0,27.665590884395158,2.042248084853628,True,True,2020-03-04 15:29:00-05:00
2020-03-05,8716.75,8768.5,8740.5,8772.75,8625.0,8671.5,8868.75,8610.75,8671.5,8943.25,288.51977249795505,,8899.75,8672.0,-202.75,0.022670729320996282,0.005415644160285676,S,-96.0,28.851977249795507,-1.6636641428219692,False,True,2020-03-05 15:29:00-05:00
2020-03-06,8384.75,8433.75,8417.25,8440.5,8373.0,8528.5,8571.0,8316.75,8528.5,8671.5,288.55407446238684,,8726.0,8312.0,-254.25,0.029320186818889465,0.00582193723784806,S,-314.0,28.855407446238686,-5.440921265537875,False,True,2020-03-06 15:29:00-05:00
2020-03-09,8022.0,,8070.75,8118.75,8053.25,7932.75,8240.25,7801.0,7932.75,8528.5,297.5144977150735,,8418.25,8093.25,-457.75,0.05367297883566864,0.006896525101854808,S,238.0,29.751449771507353,3.9998050822372035,True,False,2020-03-09 15:29:00-04:00
2020-03-10,8237.0,8164.0,8188.25,8244.5,8237.0,8365.75,8367.5,7931.5,8365.75,7932.75,326.4598907354254,,8346.0,7815.5,255.5,0.032208250606662256,0.009353301672456297,L,254.5,32.645989073542545,3.8978754698882097,True,True,2020-03-10 15:29:00-04:00
2020-03-11,8163.75,8156.5,8178.75,8197.0,7952.25,7998.5,8222.25,7892.75,7998.5,8365.75,343.462755682895,,8334.5,8071.0,-187.0,0.02235304664853719,0.01091790203201226,S,-95.5,34.34627556828951,-1.390252631760912,False,True,2020-03-11 15:29:00-04:00
2020-03-12,7524.75,,7564.25,7519.25,7344.75,7261.0,7812.5,7247.5,7261.0,7998.5,352.05470170554537,,8108.25,7601.5,-434.25,0.054291429643058074,0.011787665759836592,S,164.5,35.20547017055454,2.336284662625894,True,False,2020-03-12 15:29:00-04:00
2020-03-13,7696.25,7566.5,7517.25,7528.25,7555.0,7945.0,7966.75,7290.5,7945.0,7261.0,396.6579372980064,,7622.75,6942.5,256.25,0.03529128219253546,0.012881248880687025,L,777.0,39.66579372980064,9.794333189105519,True,True,2020-03-13 15:29:00-04:00
2020-03-16,7381.25,,7220.0,7228.75,7236.75,6927.75,7541.75,6906.0,6927.75,7945.0,442.43237034814877,,7902.25,7541.0,-725.0,0.09125235997482693,0.017752307468850998,S,615.0,44.24323703481488,6.950214781030355,True,False,2020-03-16 15:29:00-04:00
2020-03-18,6945.0,7150.25,7218.5,7253.25,6906.25,7207.25,7325.0,6810.0,7207.25,7438.0,490.8307172899854,,7379.75,7064.25,-219.5,0.029510621134713633,0.022511887984766735,S,-605.0,49.08307172899854,-6.163020963117135,False,True,2020-03-18 15:29:00-04:00
2020-03-24,7365.75,7338.25,7335.5,7402.75,7485.0,7532.5,7537.0,7293.25,7532.5,6993.75,534.4351407361327,,7359.5,7005.25,341.75,0.0488650580875782,0.022511887984766735,L,92.0,53.44351407361327,0.8607218443128468,True,True,2020-03-24 15:29:00-04:00
2020-03-27,7655.0,7600.25,7633.75,7638.5,7772.25,7572.75,7800.25,7559.75,7572.75,7868.0,532.3813790806427,,7900.25,7618.75,-234.25,0.029772496187086935,0.022511887984766735,S,396.0,53.23813790806427,3.7191383429285545,True,False,2020-03-27 15:29:00-04:00
2020-04-01,7563.75,7598.5,7586.25,7620.75,7435.75,7466.75,7683.0,7403.75,7466.75,7799.5,498.19283521872154,,7778.75,7521.75,-213.25,0.0273414962497596,0.022511887984766735,S,-65.0,49.81928352187216,-0.6523578362127895,False,True,2020-04-01 15:29:00-04:00
2020-04-06,7797.25,7781.0,7851.5,7833.0,7978.0,8052.5,8099.0,7750.25,8052.5,7514.5,457.5432430668846,,7869.0,7531.0,337.0,0.04484662984895868,0.022316671412853713,L,146.0,45.75432430668846,1.5954776101748422,True,True,2020-04-06 15:29:00-04:00
2020-04-07,8282.5,8234.25,8261.0,8153.25,8056.5,8040.5,8298.75,8031.0,8040.5,8052.5,465.93301141924997,,8303.75,7947.75,208.5,0.025892579944116735,0.022316671412853713,L,-35.0,46.593301141925,-0.37559047268821594,False,False,2020-04-07 15:29:00-04:00
2020-04-14,8486.75,8538.0,8590.0,8582.0,8674.75,8681.5,8708.5,8457.0,8681.5,8316.75,418.2555377745002,,8502.5,8319.0,273.25,0.03285538221059909,0.011656059578143741,L,10.5,41.825553777450025,0.12552135060625313,True,True,2020-04-14 15:29:00-04:00
2020-04-15,8543.25,8500.75,8519.25,8529.5,8604.5,8582.0,8656.25,8486.5,8582.0,8681.5,416.2015707906074,,8706.0,8503.0,-162.25,0.018689166618671888,0.011656059578143741,S,42.0,41.62015707906074,0.5045632086421217,True,False,2020-04-15 15:29:00-04:00
2020-04-21,8631.25,8540.25,8583.25,8549.25,8446.0,8391.0,8651.75,8342.0,8391.0,8712.75,372.96301185314815,,8763.0,8594.25,-129.5,0.014863275085363404,0.010405635404726651,S,107.0,37.29630118531482,1.4344586004433406,True,False,2020-04-21 15:29:00-04:00
2020-04-22,8568.25,8565.0,8574.25,8549.25,8668.75,8648.5,8699.25,8534.25,8648.5,8391.0,376.39422529220894,,8579.0,8399.5,183.25,0.021838874985103087,0.013276742267474688,L,-43.5,37.639422529220894,-0.5778515858768731,False,False,2020-04-22 15:29:00-04:00
2020-04-27,8858.75,8831.75,8865.75,8865.25,8825.25,8824.0,8877.0,8788.5,8824.0,8771.0,355.26106522120375,,8898.0,8728.75,94.75,0.01080264508037852,0.010405635404726651,L,-5.5,35.52610652212038,-0.07740786337753361,False,False,2020-04-27 15:29:00-04:00
2020-04-29,8860.0,8863.5,8894.25,8885.75,9006.5,8963.0,9017.75,8816.0,8963.0,8666.5,338.3870919509359,,8907.0,8733.5,227.75,0.026279351525990886,0.00889654270514035,L,-90.0,33.83870919509359,-1.3298379598511614,False,False,2020-04-29 15:29:00-04:00
2020-05-01,8790.5,8809.75,8828.5,8848.75,8722.25,8711.5,8878.5,8671.75,8711.5,8982.25,340.25468642708245,,8861.5,8725.0,-153.75,0.01711709204263965,0.00889654270514035,S,18.5,34.02546864270825,0.27185518286703453,True,False,2020-05-01 15:29:00-04:00
2020-05-05,8907.25,8931.75,8957.0,8942.75,8948.75,8918.25,9019.75,8884.75,8918.25,8818.0,326.43516329682103,,8926.0,8796.75,139.0,0.01576321161261057,0.009961853220122925,L,-64.0,32.64351632968211,-0.9802865499175109,False,False,2020-05-05 15:29:00-04:00
2020-05-07,9086.75,9093.0,9084.75,9051.5,9088.0,9091.0,9126.0,9030.5,9091.0,8972.0,309.0257275365447,,9100.25,8930.0,112.75,0.012566874721355328,0.00889654270514035,L,3.0,30.90257275365447,0.04853964787843152,True,True,2020-05-07 15:29:00-04:00
2020-05-14,8934.25,8922.5,8872.0,8890.25,9037.25,9086.75,9088.75,8846.5,9086.75,8990.75,288.45594275120914,,9038.25,8889.75,-118.75,0.013208019353224148,0.008108043175539032,S,-102.0,28.845594275120916,-1.7680342971469676,False,True,2020-05-14 15:29:00-04:00
2020-05-18,9268.75,9280.0,9261.0,9264.75,9332.5,9320.0,9361.5,9236.5,9320.0,9146.0,281.8293588007875,,9295.0,9110.0,115.0,0.012573802755302864,0.008187627457688541,L,-28.0,28.182935880078748,-0.4967544921356462,False,False,2020-05-18 15:29:00-04:00
2020-05-20,9402.25,9439.75,9460.5,9470.0,9479.0,9480.25,9496.5,9401.75,9480.25,9291.0,269.2763348843525,,9411.75,9273.25,169.5,0.018243461414271876,0.007816528189306182,L,-0.5,26.927633488435248,-0.009284143001551504,True,True,2020-05-20 15:29:00-04:00
2020-05-27,9361.0,9341.5,9287.25,9315.25,9404.25,9434.5,9440.0,9173.25,9434.5,9388.0,244.24895171694808,,9508.0,9358.0,-100.75,0.010731785257775885,0.0067009436288615835,S,-63.5,24.42489517169481,-1.2999032248373377,False,True,2020-05-27 15:29:00-04:00
2020-06-05,9670.5,9761.0,9756.75,9762.0,9840.75,9816.0,9846.75,9653.25,9816.0,9627.5,221.78407252066202,,9704.0,9602.0,129.25,0.013425084393663984,0.004023810309602069,L,-52.5,22.178407252066204,-1.1835836406852198,False,False,2020-06-05 15:29:00-04:00
2020-06-10,10038.25,10057.0,10058.5,10056.25,10150.75,10089.25,10155.5,10018.0,10089.25,9963.75,216.8774990262006,,10048.5,9957.5,94.75,0.009509471835403337,0.004023810309602069,L,-126.0,21.687749902620062,-2.9048656630067957,False,False,2020-06-10 15:29:00-04:00
2020-06-11,9926.75,9902.5,9935.0,9963.5,9613.25,9592.5,9981.0,9584.5,9592.5,10089.25,215.52910623861484,,10107.0,9895.75,-154.25,0.015288549693981218,0.004445022143394811,S,38.5,21.552910623861486,0.8931508294145708,True,False,2020-06-11 15:29:00-04:00
2020-06-12,9795.75,9839.5,9810.25,9774.25,9581.5,9660.0,9849.0,9495.0,9660.0,9592.5,237.45559865014235,,9799.25,9594.75,217.75,0.022700026062027624,0.004445022143394811,L,154.0,23.745559865014236,3.2427114979693,True,True,2020-06-12 15:29:00-04:00
2020-06-15,9522.75,9533.5,9597.25,9615.25,9754.5,9778.25,9810.75,9483.75,9778.25,9660.0,245.78019874656076,,9598.0,9381.0,-62.75,0.006495859213250518,0.004445022143394811,S,-50.5,24.57801987465608,-1.0273406941963148,False,True,2020-06-15 15:29:00-04:00
2020-06-16,9987.0,9994.5,9985.25,9997.0,9920.5,9953.25,10015.5,9797.0,9953.25,9778.25,259.3673274075207,,10011.75,9799.5,207.0,0.021169432158106,0.004445022143394811,L,62.5,25.93673274075207,1.2048549180174752,True,True,2020-06-16 15:29:00-04:00
2020-06-19,10098.5,10093.25,10086.75,10104.0,10004.0,9990.5,10109.0,9921.5,9990.5,9999.0,241.49873116411186,,10112.5,9980.0,87.75,0.008775877587758775,0.004023810309602069,L,-30.0,24.149873116411186,-0.6211212757803959,False,False,2020-06-19 15:29:00-04:00
2020-06-23,10181.25,10192.5,10184.0,10195.0,10212.25,10197.75,10296.0,10158.75,10197.75,10115.0,242.42620187109645,,10204.75,9972.5,69.0,0.006821552150271874,0.004023810309602069,L,-32.0,24.242620187109647,-0.6599946654490575,False,False,2020-06-23 15:29:00-04:00
2020-06-24,10167.25,10204.0,10096.5,10114.25,10008.0,9993.5,10221.25,9927.25,9993.5,10197.75,248.2171874517324,,10241.75,10106.0,-101.25,0.009928660733985437,0.004445022143394811,S,26.0,24.821718745173243,0.523734884496181,True,False,2020-06-24 15:29:00-04:00
2020-06-25,9997.0,9926.25,9946.5,9967.0,10062.0,10087.25,10098.0,9885.5,10087.25,9993.5,252.95167406232295,,10048.0,9894.0,-47.0,0.004703056987041577,0.004445022143394811,S,-53.5,25.295167406232295,-1.0575142504654569,False,True,2020-06-25 15:29:00-04:00
2020-06-26,10072.75,10005.5,10019.5,9958.75,9878.75,9841.0,10082.5,9824.0,9841.0,10087.25,250.72298305787132,,10120.5,10033.0,-67.75,0.006716399415103224,0.004608565137174532,S,72.5,25.072298305787132,1.4458187900401958,True,False,2020-06-26 15:29:00-04:00
2020-06-30,9950.25,10010.25,10029.0,10034.75,10105.0,10148.5,10171.5,9943.0,10148.5,9950.75,255.0111435550013,,10028.25,9940.0,78.25,0.007863728864658442,0.0057502159596381636,L,84.0,25.501114355500132,1.6469868498488325,True,True,2020-06-30 15:29:00-04:00
2020-07-02,10368.5,10405.0,10413.25,10394.75,10375.5,10335.25,10422.5,10317.75,10335.25,10264.5,251.8973635754858,,10381.5,10247.75,148.75,0.014491694675824443,0.006606129314176871,L,-83.5,25.189736357548583,-1.6574210784659054,False,False,2020-07-02 15:29:00-04:00
2020-07-06,10470.0,10490.5,10518.75,10524.5,10567.0,10591.5,10614.25,10469.75,10591.5,10325.25,234.55563491967908,,10504.25,10334.0,193.5,0.01874046633253432,0.006606129314176871,L,46.0,23.455563491967908,0.980577593366115,True,True,2020-07-06 15:29:00-04:00
2020-07-08,10573.5,10607.0,10627.25,10630.75,10631.0,10654.25,10657.75,10512.5,10654.25,10516.5,234.87705255829474,,10585.75,10505.25,110.75,0.01053107022298293,0.0067689757826875484,L,43.5,23.487705255829475,0.9260163887062492,True,True,2020-07-08 15:29:00-04:00
2020-07-09,10734.0,10694.5,10731.25,10722.25,10713.5,10741.0,10774.25,10560.25,10741.0,10654.25,230.10012023270227,,10738.5,10645.5,77.0,0.0072271628692775185,0.0067689757826875484,L,52.0,23.010012023270228,1.1299429124029128,True,True,2020-07-09 15:29:00-04:00
2020-07-13,10937.5,10992.0,10964.75,10981.25,10703.5,10599.0,11058.25,10562.0,10599.0,10821.0,228.43581795574838,,10952.5,10846.5,143.75,0.013284354495887626,0.006606129314176871,L,-212.0,22.84358179557484,-4.64025304562938,False,False,2020-07-13 15:29:00-04:00
2020-07-14,10492.75,10608.0,10473.25,10368.0,10601.75,10673.0,10689.25,10358.75,10673.0,10599.0,247.56540238748065,,10693.0,10464.0,-125.75,0.011864326823285216,0.0067689757826875484,S,-145.5,24.756540238748066,-2.938617403660236,False,True,2020-07-14 15:29:00-04:00
2020-07-16,10571.25,10579.25,10555.25,10527.5,10624.0,10613.5,10646.0,10475.5,10613.5,10687.25,250.98879083410318,,10698.5,10485.0,-132.0,0.012351166109148753,0.0067689757826875484,S,18.0,25.09887908341032,0.3585817506068929,True,False,2020-07-16 15:29:00-04:00
2020-07-24,10415.0,10358.0,10381.75,10397.25,10446.75,10469.5,10531.0,10301.25,10469.5,10572.25,260.9004077405522,,10597.75,10378.0,-190.5,0.01801887015535955,0.005609538936571233,S,-48.5,26.090040774055225,-0.929473441993045,False,True,2020-07-24 15:29:00-04:00
2020-07-27,10546.75,10606.5,10619.5,10590.5,10673.25,10660.75,10679.5,10511.5,10660.75,10469.5,263.4432357590842,,10586.5,10400.5,150.0,0.014327331773246096,0.005609538936571233,L,-28.0,26.34432357590842,-0.5314237793830789,False,False,2020-07-27 15:29:00-04:00
2020-07-28,10631.25,10612.5,10587.75,10593.0,10558.0,10525.5,10651.5,10513.75,10525.5,10660.75,264.8937189191496,,10758.5,10601.0,-73.0,0.0068475482494196,0.006720834018197087,S,62.0,26.48937189191496,1.170280674320623,True,False,2020-07-28 15:29:00-04:00
2020-07-29,10589.25,10584.5,10599.25,10619.0,10651.75,10650.25,10684.75,10570.75,10650.25,10525.5,263.45488185349603,,10617.5,10512.0,73.75,0.007006793026459551,0.006531026708268128,L,-6.0,26.345488185349605,-0.11387149021092205,False,False,2020-07-29 15:29:00-04:00
2020-07-30,10566.5,10586.0,10542.75,10551.0,10725.0,10704.75,10727.75,10515.25,10704.75,10650.25,258.04739029253204,,10702.75,10502.75,-107.5,0.01009365977324476,0.006927170637939575,S,37.5,25.804739029253206,0.7266107197884972,True,False,2020-07-30 15:29:00-04:00
2020-07-31,10895.5,10824.0,10824.25,10758.25,10839.0,10897.5,10901.25,10691.0,10897.5,10704.75,267.7404338430655,,10939.25,10844.25,119.5,0.011163268642425091,0.006927170637939575,L,114.0,26.77404338430655,2.1289276028218516,True,True,2020-07-31 15:29:00-04:00
2020-08-03,10987.0,11042.5,11033.25,11027.5,11039.5,11038.0,11073.0,10980.5,11038.0,10897.5,266.34825999713223,,11004.5,10876.25,135.75,0.012456985547143841,0.0071169779478685346,L,-6.0,26.634825999713225,-0.11263448839621858,False,False,2020-08-03 15:29:00-04:00
2020-08-11,11027.25,11013.5,11007.25,10966.25,10947.5,10868.75,11084.25,10845.25,10868.75,11078.5,237.89140781563404,,11157.5,10987.25,-71.25,0.006431376088820689,0.004871186137650989,S,154.5,23.789140781563404,3.2472799547207183,True,False,2020-08-11 15:29:00-04:00
2020-08-12,10957.75,10988.0,11061.5,11063.5,11156.25,11146.5,11184.5,10957.5,11146.5,10868.75,243.20273582880304,,10990.5,10878.25,192.75,0.017734330074755607,0.004871186137650989,L,-22.5,24.320273582880304,-0.46257703317610616,False,False,2020-08-12 15:29:00-04:00
2020-08-13,11173.5,11219.5,11215.25,11197.25,11186.5,11170.0,11265.75,11129.0,11170.0,11146.5,247.7061118410314,,11198.0,11094.25,68.75,0.006167855380612749,0.005661595852500655,L,-36.0,24.770611184103142,-0.7266675765978569,False,False,2020-08-13 15:29:00-04:00
2020-08-17,11228.75,11242.5,11263.75,11253.5,11292.75,11284.25,11300.5,11221.75,11284.25,11159.5,235.047616842522,,11236.25,11145.0,104.25,0.00934181638962319,0.005529835498396685,L,-20.0,23.504761684252202,-0.4254457090156261,False,False,2020-08-17 15:29:00-04:00
2020-08-24,11687.25,11707.75,11655.5,11642.75,11592.25,11626.25,11722.5,11528.25,11626.25,11554.25,218.02854707173825,,11695.75,11566.75,101.25,0.008763009282298721,0.005620649226961446,L,65.0,21.802854707173825,1.490630490203949,True,True,2020-08-24 15:29:00-04:00
2020-08-26,11768.75,11779.75,11786.25,11774.0,11950.75,11965.0,11974.5,11762.75,11965.0,11715.5,212.98507375063144,,11783.75,11726.5,70.75,0.006039008151594042,0.004712219029863544,L,25.5,21.298507375063146,0.5986334993093477,True,True,2020-08-26 15:29:00-04:00
2020-08-28,11979.5,11994.5,12005.75,11980.75,11982.0,11991.0,12018.0,11925.75,11991.0,11928.0,217.0432523666159,,12016.0,11920.25,77.75,0.006518276324614353,0.004298520498240823,L,15.0,21.70432523666159,0.34555324425988,True,True,2020-08-28 15:29:00-04:00
2020-09-01,12198.75,12178.75,12197.75,12207.5,12267.75,12294.0,12300.5,12125.0,12294.0,12092.5,206.25285535692902,,12248.75,12093.0,105.25,0.008703741988836056,0.0039368834003288234,L,49.5,20.625285535692903,1.1999833872442207,True,True,2020-09-01 15:29:00-04:00
2020-09-03,12224.5,12158.0,12178.0,12155.75,11662.25,11773.5,12242.5,11658.25,11773.5,12410.75,214.54200283327046,,12438.5,12220.5,-232.75,0.01875390286646657,0.004298520498240823,S,-225.5,21.454200283327047,-5.255381161311462,False,True,2020-09-03 15:29:00-04:00
2020-09-04,11714.0,11696.75,11543.0,11471.0,11734.25,11619.75,11843.25,11141.25,11619.75,11773.5,254.9497169166083,,11799.0,11582.25,-230.5,0.019577865545504735,0.004712219029863544,S,226.0,25.494971691660833,4.432246537342155,True,False,2020-09-04 15:29:00-04:00
2020-09-08,11158.0,11158.25,11294.25,11358.25,11157.75,11068.5,11404.75,11052.25,11068.5,11505.5,283.56888856585107,,11585.5,11148.0,-211.25,0.018360783972882534,0.0061034317661033954,S,175.5,28.35688885658511,3.0944861562139416,True,False,2020-09-08 15:29:00-04:00
2020-09-09,11293.5,11260.5,11260.0,11259.75,11462.0,11386.25,11478.75,11185.5,11386.25,11068.5,302.17111081114746,,11295.0,10935.0,191.5,0.017301350679857254,0.0061034317661033954,L,-154.5,30.217111081114748,-2.55649852802375,False,False,2020-09-09 15:29:00-04:00
2020-09-10,11518.0,11509.0,11504.5,11545.25,11141.5,11156.75,11567.0,11087.75,11156.75,11386.25,319.4267457532083,,11521.5,11262.75,118.25,0.010385333186957954,0.0061034317661033954,L,27.5,31.942674575320833,0.4304586319964378,True,True,2020-09-10 15:29:00-04:00
2020-09-14,11243.25,11280.25,11297.75,11332.75,11264.25,11275.0,11362.25,11187.25,11275.0,11084.0,337.15750016475613,,11277.75,11094.75,213.75,0.019284554312522555,0.006278642238104197,L,18.5,33.71575001647562,0.27435249091240366,True,True,2020-09-14 15:29:00-04:00
2020-09-15,11431.75,11445.0,11481.25,11446.25,11423.75,11438.25,11495.25,11364.0,11438.25,11275.0,333.73553586727354,,11436.5,11247.25,206.25,0.018292682926829267,0.006278642238104197,L,26.0,33.373553586727354,0.3895299901527446,True,True,2020-09-15 15:29:00-04:00
2020-09-17,10950.0,10990.0,11063.25,11088.75,10973.75,11066.5,11149.75,10913.25,11066.5,11235.25,326.6035998039246,,11289.5,10903.5,-172.0,0.015308960637279989,0.007611009156725204,S,-188.5,32.660359980392464,-2.8857612119579414,False,True,2020-09-17 15:29:00-04:00
2020-09-21,10758.0,10776.5,10805.25,10774.25,10869.0,10963.75,10967.75,10656.75,10963.75,10917.25,337.2500426880779,,10990.25,10708.25,-112.0,0.010258993794224736,0.008733375635567388,S,-192.5,33.72500426880779,-2.853965539420895,False,True,2020-09-21 15:29:00-04:00
2020-09-28,11341.5,11289.25,11273.0,11286.5,11345.75,11360.0,11360.75,11226.0,11360.0,11133.5,344.19282395316037,,11366.0,11136.0,139.5,0.01252975254861454,0.009481367891530396,L,25.5,34.41928239531604,0.3704318949350056,True,True,2020-09-28 15:29:00-04:00
2020-10-01,11556.0,11543.5,11525.0,11510.75,11549.25,11572.75,11598.75,11474.0,11572.75,11403.0,328.24813565054416,,11596.75,11372.25,122.0,0.010698938875734455,0.010322163490591344,L,44.0,32.82481356505442,0.6702246748911131,True,True,2020-10-01 15:29:00-04:00
2020-10-02,11316.75,11401.25,11406.75,11460.5,11283.75,11244.0,11468.75,11205.0,11244.0,11572.75,322.0161259612196,,11604.75,11280.5,-166.0,0.014344040958285629,0.010322163490591344,S,76.5,32.20161259612196,1.1878287115536086,True,False,2020-10-02 15:29:00-04:00
2020-10-05,11325.25,11355.25,11366.25,11410.25,11487.75,11489.5,11496.75,11321.25,11489.5,11244.0,327.5685455354182,,11365.75,11268.0,122.25,0.010872465314834578,0.010322163490591344,L,0.5,32.75685455354182,0.007631990415666112,True,True,2020-10-05 15:29:00-04:00
2020-10-07,11385.5,11425.0,11411.0,11378.25,11488.75,11479.75,11507.5,11362.5,11479.75,11275.5,321.86777650758,,11395.25,11208.5,135.5,0.012017205445434793,0.009904032706130935,L,-21.0,32.186777650758,-0.32622091325605945,False,False,2020-10-07 15:29:00-04:00
2020-10-12,11912.5,11888.75,11887.5,11903.0,12116.0,12075.0,12197.0,11867.0,12075.0,11711.5,296.6728334501287,,11956.0,11691.75,176.0,0.015027963967040942,0.00893533329520342,L,-85.0,29.66728334501287,-1.4325544912808585,False,False,2020-10-12 15:29:00-04:00
2020-10-15,11775.5,11852.5,11872.0,11808.25,11903.5,11890.25,11918.0,11746.75,11890.25,11977.25,303.68639398321153,,11983.75,11737.0,-105.25,0.008787492955394603,0.007978616962662157,S,23.5,30.368639398321154,0.3869122961316985,True,False,2020-10-15 15:29:00-04:00
2020-10-21,11669.5,11733.5,11773.75,11767.0,11735.25,11652.5,11779.25,11630.25,11652.5,11663.25,291.62502208856995,,11743.75,11581.25,110.5,0.00947420315949671,0.006999451997921079,L,-168.5,29.162502208856996,-2.88898392177103,False,False,2020-10-21 15:29:00-04:00
2020-10-28,11400.5,11339.5,11303.0,11276.0,11239.75,11137.0,11423.0,11124.0,11137.0,11585.75,266.42982802242267,,11566.5,11382.0,-282.75,0.024404980255917832,0.006209323276474155,S,202.5,26.64298280224227,3.8002501728702396,True,False,2020-10-28 15:29:00-04:00
2020-10-29,11189.5,11190.75,11260.75,11255.0,11418.25,11325.0,11457.75,11170.25,11325.0,11137.0,279.0062688779639,,11296.0,11145.0,123.75,0.01111160994881925,0.006209323276474155,L,-189.5,27.900626887796392,-3.3959810430439905,False,False,2020-10-29 15:29:00-04:00
2020-10-30,11246.25,11178.0,11165.75,11115.75,10974.0,11055.0,11281.25,10944.25,11055.0,11325.0,281.4165353866808,,11258.5,11039.25,-159.25,0.014061810154525387,0.006209323276474155,S,-165.0,28.14165353866808,-2.9315974587861637,False,True,2020-10-30 15:29:00-04:00
2020-11-02,11140.0,11166.0,11176.25,11184.0,11036.0,11069.0,11212.0,10942.25,11069.0,11055.0,285.3867828590607,,11211.5,10982.0,121.25,0.010967887833559476,0.006209323276474155,L,63.0,28.538678285906073,1.1037652018929127,True,True,2020-11-02 15:29:00-05:00
2020-11-03,11143.75,11138.75,11198.25,11261.5,11294.0,11257.0,11347.25,11101.25,11257.0,11069.0,284.26986979769924,,11182.75,11065.0,129.25,0.011676754901075075,0.006209323276474155,L,-77.0,28.426986979769925,-1.3543468404653134,False,False,2020-11-03 15:29:00-05:00
2020-11-04,11628.0,11613.5,11645.0,11730.0,11741.75,11760.0,11839.75,11556.75,11760.0,11257.0,284.1255933835779,,11768.25,11230.0,388.0,0.03446744248023452,0.007342430007628626,L,33.5,28.41255933835779,0.5895280252837697,True,True,2020-11-04 15:29:00-05:00
2020-11-05,12030.0,12033.25,12065.25,12067.75,12083.0,12066.25,12112.0,11972.75,12066.25,11760.0,307.7773367133223,,12118.5,11771.25,305.25,0.025956632653061223,0.007342430007628626,L,-36.5,30.777733671332232,-0.5929611385583882,False,False,2020-11-05 15:29:00-05:00
2020-11-06,12035.0,11919.25,11899.75,11959.75,12058.75,12080.5,12109.0,11883.25,12080.5,12066.25,310.5968126623707,,12089.0,11869.5,-166.5,0.013798819019993785,0.008554543963882152,S,-46.5,31.059681266237074,-0.7485588728585421,False,True,2020-11-06 15:29:00-05:00
2020-11-10,11692.0,11652.25,11651.0,11635.75,11648.75,11619.75,11749.5,11503.0,11619.75,11825.5,326.2135782650034,,11901.25,11553.25,-174.5,0.014756247093146168,0.007575378999141074,S,55.0,32.621357826500336,0.8430059884772809,True,False,2020-11-10 15:29:00-05:00
2020-11-11,11719.25,11820.25,11786.0,11816.0,11850.75,11880.5,11899.0,11702.25,11880.5,11619.75,331.3590369603603,,11785.0,11575.0,166.25,0.01430753673702102,0.009130848057445656,L,56.5,33.13590369603603,0.8525495564914827,True,True,2020-11-11 15:29:00-05:00
2020-12-01,12376.0,12372.5,12391.0,12410.25,12447.75,12450.5,12512.5,12334.0,12450.5,12273.75,234.09719095086507,,12401.75,12312.0,117.25,0.009552907628068031,0.004130436519787804,L,2.5,23.40971909508651,0.05339662534704929,True,True,2020-12-01 15:29:00-05:00
2020-12-02,12390.25,12321.75,12375.5,12396.75,12436.75,12457.5,12471.5,12313.75,12457.5,12450.5,231.69739159723187,,12472.25,12370.75,-75.0,0.006023854463676158,0.004130436519787804,S,-44.5,23.16973915972319,-0.9603042937435392,False,True,2020-12-02 15:29:00-05:00
2020-12-07,12532.75,12574.75,12584.5,12594.0,12584.75,12597.25,12612.25,12526.0,12597.25,12529.25,208.07249247052422,,12569.0,12475.0,55.25,0.0044096813456511764,0.0039815751255530794,L,22.0,20.807249247052425,0.5286619038101958,True,True,2020-12-07 15:29:00-05:00
2020-12-11,12330.0,12277.5,12316.5,12353.0,12358.75,12376.0,12378.75,12234.25,12376.0,12398.25,212.69185254713253,,12414.5,12263.0,-81.75,0.00659367249410199,0.0035228024090441226,S,-37.5,21.269185254713253,-0.8815570401712965,False,True,2020-12-11 15:29:00-05:00
2020-12-14,12423.0,12492.0,12519.75,12528.25,12517.25,12459.0,12549.75,12421.25,12459.0,12376.0,210.37457736519448,,12453.75,12388.75,143.75,0.011615223012281836,0.0035228024090441226,L,-119.5,21.03745773651945,-2.840172075368141,False,False,2020-12-14 15:29:00-05:00
2020-12-15,12564.5,12556.75,12566.0,12556.5,12585.5,12597.5,12598.25,12472.25,12597.5,12459.0,208.3121075533949,,12569.5,12423.5,107.0,0.008588169194959467,0.0038609035384808057,L,21.0,20.83121075533949,0.50405135463903,True,True,2020-12-15 15:29:00-05:00
2020-12-17,12737.25,12740.5,12740.25,12715.5,12715.25,12750.5,12762.25,12683.25,12750.5,12672.75,201.45533763532518,,12749.75,12672.0,67.5,0.005326389299875718,0.0035228024090441226,L,67.5,20.14553376353252,1.6753092966488834,True,True,2020-12-17 15:29:00-05:00
2020-12-21,12581.5,12607.25,12582.5,12503.0,12666.5,12684.75,12703.0,12461.0,12684.75,12703.0,192.7918472467855,,12783.5,12463.0,-120.5,0.009485948201212312,0.0039064544984240245,S,-39.5,19.27918472467855,-1.0244209120896475,False,True,2020-12-21 15:29:00-05:00
2020-12-22,12719.0,12713.75,12749.25,12695.0,12688.5,12713.75,12754.0,12593.75,12713.75,12684.75,202.05671530058655,,12760.0,12639.75,64.5,0.005084845976467806,0.0039064544984240245,L,47.5,20.205671530058655,1.1754125550674561,True,True,2020-12-22 15:29:00-05:00
2020-12-28,12816.0,12799.25,12798.0,12763.0,12841.0,12833.5,12855.75,12741.0,12833.5,12704.75,186.4175851003603,,12827.25,12651.75,93.25,0.007339774493791692,0.0043491518252199044,L,-18.0,18.64175851003603,-0.48278707157131845,False,False,2020-12-28 15:29:00-05:00
2021-01-05,12650.5,12747.75,12751.5,12761.0,12759.0,12791.5,12802.0,12650.5,12791.5,12688.25,189.21379191830056,,12727.75,12611.75,63.25,0.004984926999389199,0.0031887939093822003,L,62.0,18.921379191830056,1.6383583715390735,True,True,2021-01-05 15:29:00-05:00
2021-01-06,12598.0,12611.75,12635.25,12676.25,12655.5,12618.25,12796.0,12551.75,12618.25,12791.5,189.7520924955648,,12844.5,12491.25,-156.25,0.012215142868310987,0.003970106464863308,S,71.5,18.97520924955648,1.8840371945218788,True,False,2021-01-06 15:29:00-05:00
2021-01-07,12727.5,12804.0,12837.75,12876.25,12946.75,12925.75,12958.75,12726.5,12925.75,12618.25,201.43051446016733,,12762.25,12646.25,219.5,0.01739543914568185,0.003970106464863308,L,-45.0,20.143051446016734,-1.1170105016263239,False,False,2021-01-07 15:29:00-05:00
2021-01-08,13018.75,13038.5,13018.5,13034.5,13056.0,13091.5,13104.25,12927.5,13091.5,12925.75,209.36404914158396,,13023.0,12919.25,92.75,0.007175599094830087,0.004636774652088916,L,68.0,20.9364049141584,1.6239655346466504,True,True,2021-01-08 15:29:00-05:00
2021-01-11,12964.5,12925.0,12959.0,12967.0,12874.25,12896.25,13013.0,12872.0,12896.25,13091.5,209.12375991718508,,13105.5,12952.5,-132.5,0.010121070923881908,0.005034886487928502,S,-47.0,20.91237599171851,-1.1237364902632878,False,True,2021-01-11 15:29:00-05:00
2021-01-19,12896.25,12896.0,12884.5,12910.25,12988.75,12984.75,13005.75,12848.75,12984.75,12812.0,195.14226224990603,,12949.25,12810.25,72.5,0.005658757414923509,0.002264708945122891,L,-11.0,19.514226224990605,-0.28184566154903473,False,False,2021-01-19 15:29:00-05:00
2021-01-20,13136.75,13183.5,13163.25,13230.0,13310.5,13286.0,13327.25,13121.0,13286.0,12984.75,197.02495780348414,,13138.5,13018.0,178.5,0.013746895396522844,0.003386306106789814,L,-52.0,19.702495780348414,-1.3196297712664817,False,False,2021-01-20 15:29:00-05:00
2021-01-25,13497.75,13547.0,13538.75,13520.0,13398.75,13474.25,13555.0,13189.0,13474.25,13355.5,193.30961453872257,,13508.0,13365.5,183.25,0.01372093893901389,0.0024086365319959794,L,148.0,19.33096145387226,3.828055845881208,True,True,2021-01-25 15:29:00-05:00
2021-01-27,13389.75,13231.25,13280.25,13320.0,13073.75,13120.25,13389.75,13021.0,13120.25,13485.0,206.59859620940873,,13586.75,13352.0,-204.75,0.015183537263626251,0.002189355568327875,S,-96.0,20.659859620940875,-2.3233458929869544,False,True,2021-01-27 15:29:00-05:00
2021-01-28,13155.0,13237.0,13188.5,13240.0,13258.75,13185.25,13394.0,13128.25,13185.25,13120.25,242.14512505159382,,13189.25,12906.25,68.25,0.005201882586078771,0.0024086365319959794,L,-150.0,24.214512505159384,-3.0973161232967112,False,False,2021-01-28 15:29:00-05:00
2021-01-29,13110.5,13015.0,13083.75,13103.75,12975.75,12914.25,13157.0,12830.0,12914.25,13185.25,259.68833040505143,,13187.25,12933.0,-101.5,0.007697995866593353,0.003734458454090097,S,120.0,25.968833040505146,2.310461925894568,True,False,2021-01-29 15:29:00-05:00
2021-02-01,13051.5,13063.5,13017.25,13042.75,13248.75,13230.5,13271.75,12970.25,13230.5,12914.25,266.6570210904049,,13084.0,12726.75,103.0,0.007975685773467293,0.005093404792733985,L,-39.5,26.66570210904049,-0.7406517900499662,False,False,2021-02-01 15:29:00-05:00
2021-02-02,13352.25,13398.25,13381.5,13392.25,13481.0,13448.5,13493.5,13345.0,13448.5,13230.5,286.53866244109025,,13378.5,13230.0,151.0,0.01141302293942028,0.00543032000050114,L,-68.0,28.653866244109025,-1.1865763492558388,False,False,2021-02-02 15:29:00-05:00
2021-02-08,13666.75,13655.5,13663.5,13673.5,13646.5,13685.0,13692.5,13596.0,13685.0,13596.75,264.66040811068245,,13687.0,13604.75,66.75,0.004909261404379723,0.004384154811851821,L,74.0,26.466040811068247,1.3980179454921113,True,True,2021-02-08 15:29:00-05:00
2021-02-17,13638.0,13655.75,13671.25,13626.25,13685.25,13699.5,13710.75,13543.0,13699.5,13764.5,215.87995512946893,,13785.5,13626.5,-93.25,0.00677467398016637,0.003948121229509467,S,-31.5,21.587995512946893,-0.7295721360769372,False,True,2021-02-17 15:29:00-05:00
2021-02-18,13543.75,13562.75,13568.0,13520.25,13653.0,13638.0,13669.75,13468.75,13638.0,13699.5,217.78138690593545,,13724.75,13526.0,-131.5,0.009598890470455127,0.003948121229509467,S,27.0,21.778138690593547,0.6198876860781011,True,False,2021-02-18 15:29:00-05:00
2021-02-22,13391.25,13404.75,13427.5,13421.75,13254.0,13226.75,13446.25,13218.25,13226.75,13578.0,218.6711958525668,,13629.0,13364.0,-150.5,0.011084106643099131,0.004473928242484441,S,51.5,21.86711958525668,1.1775670727735557,True,False,2021-02-22 15:29:00-05:00
2021-02-23,13001.0,12827.75,12885.75,12938.0,13249.0,13188.25,13257.0,12757.5,13188.25,13226.75,232.6232532916692,,13335.75,12946.75,-341.0,0.025781087568752716,0.004473928242484441,S,118.5,23.26232532916692,2.547036857304664,True,False,2021-02-23 15:29:00-05:00
2021-02-24,13074.5,13028.5,13033.25,12988.25,13274.0,13294.5,13308.5,12958.0,13294.5,13188.25,257.31087805654994,,13295.5,13027.5,-155.0,0.01175288609178625,0.005055571995229247,S,-44.0,25.731087805654994,-0.8549968880509202,False,True,2021-02-24 15:29:00-05:00
2021-02-25,13181.0,13249.75,13219.75,13139.75,12826.5,12826.25,13290.0,12764.0,12826.25,13294.5,265.7172439096535,,13354.25,13146.0,-74.75,0.005622625897927715,0.005055571995229247,S,-2.5,26.571724390965354,-0.047042487028994336,True,False,2021-02-25 15:29:00-05:00
2021-03-01,13098.5,13079.25,13100.5,13094.5,13272.0,13274.5,13286.75,13040.25,13274.5,12893.75,298.726858269038,,13132.75,12946.75,206.75,0.016034900630150267,0.004473928242484441,L,2.0,29.872685826903805,0.033475396413782936,True,True,2021-03-01 15:29:00-05:00
2021-03-03,13012.75,12950.25,12904.75,12842.0,12717.0,12680.25,13052.0,12675.75,12680.25,13058.0,304.5042808544257,,13191.0,12964.25,-153.25,0.011736100474804717,0.004100355207250021,S,70.5,30.45042808544257,1.1576191934343267,True,False,2021-03-03 15:29:00-05:00
2021-03-04,12664.25,12717.75,12590.0,12567.5,12461.25,12471.5,12797.0,12306.25,12471.5,12680.25,320.5039750791096,,12709.0,12511.0,-90.25,0.007117367559787859,0.004100355207250021,S,-23.5,32.05039750791096,-0.3666101176155386,False,True,2021-03-04 15:29:00-05:00
2021-03-08,12635.5,12675.25,12578.0,12636.5,12341.25,12300.5,12715.75,12283.75,12300.5,12661.5,343.92051932841593,,12761.25,12376.25,-83.5,0.006594795245429057,0.004535688369145302,S,78.5,34.392051932841596,1.1412520566276378,True,False,2021-03-08 15:29:00-05:00
2021-03-09,12608.75,12603.0,12704.5,12718.25,12848.75,12786.75,12867.25,12587.0,12786.75,12300.5,353.46191080495765,,12617.25,12325.5,404.0,0.03284419332547457,0.004892370615919298,L,-127.0,35.346191080495764,-1.7965160618123766,False,False,2021-03-09 15:29:00-05:00
2021-03-10,12967.75,12914.0,12912.25,12886.5,12774.5,12752.25,12979.5,12720.25,12752.25,12786.75,366.911060033175,,12993.0,12704.25,125.5,0.009814847400629557,0.006108710571678386,L,-47.5,36.6911060033175,-0.6472958323429279,False,False,2021-03-10 15:29:00-05:00
2021-03-11,12951.25,12940.25,12965.75,12968.75,13085.0,13046.25,13119.5,12912.5,13046.25,12752.25,361.32812717366244,,13017.0,12724.25,213.5,0.01674214354329628,0.006684734612797713,L,-80.5,36.13281271736624,-1.113945939244717,False,False,2021-03-11 15:29:00-05:00
2021-03-12,12870.25,12851.75,12890.25,12857.75,12908.25,12937.25,12945.25,12767.75,12937.25,13046.25,363.75111808982945,,13095.0,12785.0,-156.0,0.011957459039954009,0.006946020769977114,S,-61.0,36.37511180898294,-0.8384853951835258,False,True,2021-03-12 15:29:00-05:00
2021-03-16,13169.25,13199.0,13233.75,13256.75,13161.75,13149.25,13296.75,13087.25,13149.25,13077.75,351.50861712847535,,13177.75,13056.75,156.0,0.011928657452543442,0.008358129015121493,L,-28.0,35.15086171284754,-0.39828326583763496,False,False,2021-03-16 15:29:00-04:00
2021-03-18,12979.0,12967.5,12995.25,12939.25,12843.75,12782.0,13022.0,12762.0,12782.0,13193.0,343.05845048322624,,13266.75,12944.75,-197.75,0.0149890093231259,0.009706868935542342,S,120.5,34.305845048322624,1.7562604831664366,True,False,2021-03-18 15:29:00-04:00
2021-03-22,12928.75,12961.75,13008.25,13000.75,13099.25,13070.75,13157.0,12927.75,13070.75,12837.0,344.7251435289043,,12963.5,12789.5,171.25,0.013340344317208071,0.010449477021864344,L,-60.0,34.472514352890435,-0.8702585396845175,False,False,2021-03-22 15:29:00-04:00
2021-03-29,12941.25,12923.5,12854.25,12858.5,12955.75,12956.0,13002.75,12816.25,12956.0,12962.0,329.67541931240976,,12986.25,12807.0,-107.75,0.008312760376485111,0.007912544266233454,S,-3.5,32.96754193124098,-0.05308251381464538,False,True,2021-03-29 15:29:00-04:00
2021-03-30,12873.5,12821.75,12831.75,12840.0,12896.5,12895.5,12916.25,12776.75,12895.5,12956.0,320.1093179329519,,12984.0,12835.75,-124.25,0.009590151281259647,0.007715063968136485,S,-1.0,32.01093179329519,-0.015619664033170283,True,False,2021-03-30 15:29:00-04:00
2021-03-31,12968.25,13001.25,13052.0,13074.5,13126.75,13084.75,13158.25,12953.0,13084.75,12895.5,312.0479380805982,,12980.5,12858.5,156.5,0.012136016439843356,0.00851024067458208,L,-87.0,31.204793808059822,-1.3940165817972645,False,False,2021-03-31 15:29:00-04:00
2021-04-01,13253.0,13281.0,13292.0,13308.25,13286.75,13314.25,13321.5,13241.5,13314.25,13084.75,311.16951393198406,,13260.75,13090.0,207.25,0.015839049274919276,0.00851024067458208,L,52.0,31.116951393198406,0.8355574320716753,True,True,2021-04-01 15:29:00-04:00
2021-04-05,13419.75,13439.0,13476.0,13488.5,13578.5,13582.0,13614.75,13409.25,13582.0,13314.25,289.3272849719658,,13433.0,13304.25,161.75,0.012148637737762173,0.009148936126969348,L,4.0,28.93272849719658,0.06912586900311835,True,True,2021-04-05 15:29:00-04:00
2021-04-08,13726.75,13726.75,13750.0,13703.5,13728.75,13749.5,13755.25,13691.75,13749.5,13604.5,268.5415616193181,,13744.5,13614.75,145.5,0.010694990628100996,0.009148936126969348,L,38.5,26.85415616193181,0.7168350360339608,True,True,2021-04-08 15:29:00-04:00
2021-04-13,13877.25,13922.75,13941.75,13935.25,13991.75,13975.25,13993.75,13866.5,13975.25,13811.75,245.71603894957792,,13895.5,13772.5,130.0,0.009412275779680344,0.006388966915650043,L,-36.0,24.571603894957793,-0.7325529125794545,False,False,2021-04-13 15:29:00-04:00
2021-04-15,13929.0,13961.25,13955.75,13968.25,13986.25,14016.0,14034.25,13923.25,14016.0,13808.5,244.84571725754424,,13945.0,13789.5,147.25,0.010663721620740849,0.006388966915650043,L,56.5,24.484571725754424,1.1537877940615502,True,True,2021-04-15 15:29:00-04:00
2021-04-23,13776.25,13803.75,13827.75,13851.5,13964.5,13924.5,13981.25,13775.75,13924.5,13750.5,233.44861588020427,,13790.75,13738.0,77.25,0.0056179775280898875,0.0032910557131921375,L,-83.0,23.34486158802043,-1.77769312718033,False,False,2021-04-23 15:29:00-04:00
2021-04-29,14042.25,14022.5,13966.25,13945.75,13947.25,13954.75,14061.0,13818.25,13954.75,13896.0,215.4345759098947,,14064.0,13952.5,70.25,0.0050554116292458266,0.0031929824800169876,L,12.0,21.543457590989473,0.2785068262445251,True,True,2021-04-29 15:29:00-04:00
2021-04-30,13852.5,13873.0,13906.5,13891.25,13870.5,13860.75,13957.0,13825.25,13860.75,13954.75,217.59996334490225,,13952.0,13819.5,-48.25,0.003457604041634569,0.0031929824800169876,S,16.5,21.759996334490225,0.37913609327789777,True,False,2021-04-30 15:29:00-04:00
2021-05-04,13682.5,13594.75,13544.5,13521.0,13471.0,13543.25,13696.5,13380.75,13543.25,13790.25,209.31578472085957,,13792.5,13651.0,-245.75,0.017820561628686934,0.002585169304226199,S,-147.5,20.93157847208596,-3.523384540652388,False,True,2021-05-04 15:29:00-04:00
2021-05-05,13628.5,13643.5,13595.75,13558.25,13478.25,13494.0,13665.5,13462.5,13494.0,13543.25,223.77537152651243,,13653.25,13507.75,52.5,0.003876469828143171,0.003040006532797742,L,28.5,22.377537152651243,0.6367993002443386,True,True,2021-05-05 15:29:00-04:00
2021-05-06,13484.75,13472.5,13427.75,13425.25,13524.75,13596.5,13602.75,13389.0,13596.5,13494.0,222.29141641747583,,13570.25,13451.0,-66.25,0.0049095894471617016,0.003610579988853814,S,-146.5,22.229141641747585,-3.2952239533366576,False,True,2021-05-06 15:29:00-04:00
2021-05-07,13714.5,13703.5,13723.25,13772.75,13730.0,13706.5,13810.5,13661.75,13706.5,13596.5,222.32417238765612,,13818.0,13588.25,126.75,0.009322252050159968,0.003610579988853814,L,-50.0,22.232417238765613,-1.1244841139634913,False,False,2021-05-07 15:29:00-04:00
2021-05-10,13650.0,13553.0,13536.0,13539.25,13393.75,13356.25,13657.75,13352.25,13356.25,13706.5,222.85458864568068,,13751.75,13638.0,-170.5,0.012439353591361762,0.003820012882108115,S,72.0,22.28545886456807,1.6154031298514948,True,False,2021-05-10 15:29:00-04:00
2021-05-11,13113.75,13216.5,13270.75,13228.75,13356.75,13344.0,13375.75,13083.75,13344.0,13356.25,239.0435465995606,,13344.5,13065.5,-85.5,0.006401497426298549,0.003820012882108115,S,22.5,23.904354659956063,0.47062554752192076,True,False,2021-05-11 15:29:00-04:00
2021-05-12,13133.0,13178.75,13157.5,13121.5,13002.75,12998.25,13231.25,12959.75,12998.25,13344.0,244.12972184244913,,13352.0,13090.0,-186.5,0.013976318944844125,0.003820012882108115,S,6.0,24.412972184244914,0.12288548798396909,True,False,2021-05-12 15:29:00-04:00
2021-05-13,13121.25,13119.0,13159.25,13190.0,13137.0,13098.0,13225.0,12996.75,13098.0,12998.25,254.70974171084563,,13135.25,12914.75,161.0,0.012386282768834266,0.003980908050689846,L,-81.0,25.470974171084563,-1.59004519136048,False,False,2021-05-13 15:29:00-04:00
2021-05-14,13231.5,13223.5,13267.5,13286.75,13403.25,13384.5,13426.0,13208.25,13384.5,13098.0,258.6769030172138,,13260.5,13071.0,169.5,0.01294090700870362,0.003980908050689846,L,-40.5,25.86769030172138,-0.7828298454096017,False,False,2021-05-14 15:29:00-04:00
2021-05-17,13313.5,13308.75,13285.25,13255.5,13253.25,13305.75,13343.0,13182.5,13305.75,13384.5,265.55712423026995,,13452.5,13301.25,-99.25,0.007415293810004109,0.004497467860199111,S,-108.0,26.555712423026996,-2.0334607914030394,False,True,2021-05-17 15:29:00-04:00
2021-05-19,12984.25,13059.25,13043.5,13045.5,13211.25,13230.75,13242.75,12969.5,13230.75,13212.5,265.09772446385523,,13223.25,12954.25,-169.0,0.012790917691579943,0.004982500538203764,S,-42.0,26.509772446385526,-0.7921607038487893,False,True,2021-05-19 15:29:00-04:00
2021-05-20,13292.0,13375.75,13385.0,13403.75,13522.25,13487.0,13524.0,13281.5,13487.0,13230.75,266.76931557357983,,13297.75,13151.25,154.25,0.01165844717797555,0.005336694578667857,L,-73.5,26.676931557357985,-1.3775947177801893,False,False,2021-05-20 15:29:00-04:00
2021-05-24,13509.0,13572.5,13579.25,13615.75,13670.25,13637.75,13686.25,13493.0,13637.75,13409.0,267.19012414252546,,13521.0,13356.25,170.25,0.012696696248788128,0.005728454527772188,L,-68.0,26.719012414252546,-1.2725021221915973,False,False,2021-05-24 15:29:00-04:00
2021-06-03,13555.5,13490.0,13497.25,13544.25,13547.5,13528.0,13609.75,13462.25,13528.0,13674.25,206.54300993126608,,13707.0,13510.25,-177.0,0.012944037150117922,0.005791896692420091,S,36.0,20.65430099312661,0.8714891879415374,True,False,2021-06-03 15:29:00-04:00
2021-06-04,13610.0,13677.0,13697.75,13733.75,13767.25,13766.5,13784.0,13605.5,13766.5,13528.0,209.2720806504614,,13618.0,13467.75,169.75,0.012548048492016559,0.006908395618151329,L,-4.5,20.92720806504614,-0.10751553637764431,False,False,2021-06-04 15:29:00-04:00
2021-06-10,13830.75,13917.25,13944.0,13931.0,13946.5,13960.0,13965.0,13811.25,13960.0,13815.75,200.67962946318792,,13851.75,13726.5,128.25,0.009282883665381901,0.004826059995114456,L,24.0,20.067962946318794,0.5979680165894089,True,True,2021-06-10 15:29:00-04:00
2021-06-18,14080.5,14114.75,14096.75,14094.75,14077.25,14041.75,14132.0,14010.0,14041.75,14156.25,206.82750107172347,,14205.75,14051.25,-59.5,0.0042030905077262695,0.0034316542044885378,S,68.0,20.68275010717235,1.6438819704256593,True,False,2021-06-18 15:29:00-04:00
2021-06-23,14258.25,14294.0,14305.5,14299.75,14292.0,14263.25,14316.75,14231.75,14263.25,14258.0,205.15498172542874,,14313.5,14239.25,47.5,0.003331463038294291,0.003037116463114455,L,-60.5,20.515498172542877,-1.4744950254479021,False,False,2021-06-23 15:29:00-04:00
2021-06-24,14349.75,14372.5,14376.75,14385.75,14345.0,14354.25,14422.0,14327.5,14354.25,14263.25,196.57248303075525,,14358.75,14269.0,113.5,0.007957513189490473,0.0033443492139671504,L,15.5,19.657248303075527,0.39425660603714574,True,True,2021-06-24 15:29:00-04:00
2021-06-28,14393.75,14450.25,14451.0,14470.25,14510.5,14511.25,14519.5,14391.0,14511.25,14339.25,185.4272940418247,,14396.5,14333.25,111.75,0.007793294628380146,0.003024230287441596,L,-1.5,18.54272940418247,-0.04044711992781554,True,True,2021-06-28 15:29:00-04:00
2021-07-02,14629.5,14651.0,14653.25,14649.0,14705.75,14714.75,14728.75,14619.25,14714.75,14547.75,170.8534906062202,,14648.25,14513.5,105.5,0.007251980546819955,0.002354104371150808,L,15.0,17.08534906062202,0.43897259420270524,True,True,2021-07-02 15:29:00-04:00
2021-07-06,14740.25,14750.5,14753.25,14786.0,14774.5,14776.25,14789.75,14625.25,14776.25,14692.25,164.9693362880164,,14748.75,14671.0,61.0,0.004151848763804047,0.002354104371150808,L,0.5,16.49693362880164,0.015154331442755544,True,True,2021-07-06 15:29:00-04:00
2021-07-07,14871.25,14852.0,14835.75,14834.25,14800.75,14802.0,14883.75,14726.25,14802.0,14776.25,164.93581226744377,,14876.25,14754.0,59.5,0.004026732086963878,0.002661337122003504,L,-0.5,16.49358122674438,-0.015157411635662511,True,True,2021-07-07 15:29:00-04:00
2021-07-08,14594.25,14591.25,14637.75,14628.5,14693.25,14723.5,14756.5,14540.0,14723.5,14802.0,164.40468281976922,,14821.75,14543.0,-164.25,0.011096473449533847,0.002661337122003504,S,-63.5,16.440468281976923,-1.9312101976320437,False,True,2021-07-08 15:29:00-04:00
2021-07-13,14853.25,14869.75,14914.0,14930.5,14875.75,14865.5,14994.5,14833.75,14865.5,14868.5,169.0786582197642,,14927.5,14794.25,45.5,0.003060160742509332,0.002661337122003504,L,-23.5,16.907865821976422,-0.6949428226907055,False,False,2021-07-13 15:29:00-04:00
2021-07-14,14969.25,14953.25,14945.0,14984.25,14905.75,14894.5,14996.0,14862.0,14894.5,14865.5,171.3051826326382,,14974.5,14841.0,79.5,0.005347953314722007,0.0031958118904018115,L,-25.5,17.13051826326382,-0.7442857130214334,False,False,2021-07-14 15:29:00-04:00
2021-07-19,14528.5,14567.5,14483.5,14474.25,14463.5,14553.75,14575.0,14444.25,14553.75,14673.25,178.72703580317278,,14683.25,14504.0,-189.75,0.012931695432163971,0.0019083690787948988,S,-183.5,17.87270358031728,-5.1335266423285715,False,True,2021-07-19 15:29:00-04:00
2021-07-22,14839.75,14887.5,14878.25,14889.0,14928.25,14928.75,14930.75,14839.75,14928.75,14828.25,187.92831547360447,,14878.5,14823.25,50.0,0.003371942070035237,0.0023647127881830324,L,-2.0,18.792831547360446,-0.053211779048828615,True,True,2021-07-22 15:29:00-04:00
2021-07-23,14985.5,14951.75,14976.5,14983.0,15094.75,15098.75,15117.5,14934.25,15098.75,14928.75,185.89772151120414,,15015.75,14964.25,47.75,0.0031985263334170645,0.0023647127881830324,L,5.0,18.589772151120414,0.13448255200101114,True,True,2021-07-23 15:29:00-04:00
2021-07-27,15105.25,15052.75,15043.5,14972.25,14911.25,14950.0,15107.0,14774.5,14950.0,15116.75,179.2651272213954,,15131.5,15052.5,-73.25,0.004845618271123092,0.0023647127881830324,S,-80.5,17.92651272213954,-2.2452777416262664,False,True,2021-07-27 15:29:00-04:00
2021-07-29,14983.25,15056.5,15053.75,15027.25,15033.5,15035.0,15084.0,14982.25,15035.0,15006.0,193.12401275722362,,15024.75,14944.5,47.75,0.0031820605091296816,0.0028040089972801788,L,0.0,19.312401275722365,0.0,True,True,2021-07-29 15:29:00-04:00
2021-07-30,14868.75,14913.5,14947.5,14969.25,14948.75,14955.0,14979.75,14866.0,14955.0,15035.0,192.16872613170764,,14936.75,14811.5,-87.5,0.005819753907549052,0.0031211106258195068,S,-15.5,19.216872613170764,-0.4032914281113746,False,True,2021-07-30 15:29:00-04:00
2021-08-03,14986.0,14979.5,14907.25,14877.5,15038.0,15043.75,15050.0,14848.75,15043.75,14955.0,185.67737100131936,,14993.25,14941.75,-47.75,0.003192912069541959,0.0031211106258195068,S,-14.5,18.567737100131936,-0.3904622281596439,False,True,2021-08-03 15:29:00-04:00
2021-08-05,15101.25,15103.75,15124.5,15126.25,15142.5,15166.5,15172.25,15072.75,15166.5,15068.5,181.39400866950496,,15117.25,15069.5,56.0,0.0037163619471082057,0.0028040089972801788,L,45.0,18.139400866950496,1.2403937795428734,True,True,2021-08-05 15:29:00-04:00
2021-08-06,15109.0,15126.0,15111.5,15103.5,15092.5,15095.75,15150.0,15047.5,15095.75,15166.5,175.77657947882602,,15170.0,15083.0,-55.0,0.0036264134770711766,0.0028040089972801788,S,-9.5,17.577657947882603,-0.27022940223798037,False,True,2021-08-06 15:29:00-04:00
2021-08-12,14999.75,14958.5,14975.0,14985.0,15082.25,15076.25,15090.5,14941.0,15076.25,15022.25,168.45852344061717,,15035.0,14982.5,-47.25,0.0031453344206094293,0.0023647127881830324,S,9.0,16.84585234406172,0.2671280685649772,True,False,2021-08-12 15:29:00-04:00
2021-08-16,15079.5,15093.0,15031.5,14986.0,15117.5,15134.25,15136.5,14917.0,15134.25,15126.25,161.32903296665458,,15123.0,15061.0,-94.75,0.006263945128501777,0.0028465958363302272,S,-36.5,16.132903296665457,-1.1312285001901754,False,True,2021-08-16 15:29:00-04:00
2021-08-17,15017.0,15030.25,14977.0,14986.75,14975.0,14999.75,15057.75,14897.0,14999.75,15134.25,165.6626734690364,,15134.75,15014.25,-157.25,0.010390339792193204,0.0028465958363302272,S,-52.5,16.56626734690364,-1.5845452358286565,False,True,2021-08-17 15:29:00-04:00
2021-08-19,14774.5,14800.5,14802.75,14853.25,14971.5,14928.75,14999.0,14763.5,14928.75,14856.0,175.0752133483018,,14874.75,14711.0,-53.25,0.0035844103392568658,0.003163697464869555,S,82.5,17.50752133483018,2.3561302146144216,True,False,2021-08-19 15:29:00-04:00
2021-08-20,14973.5,14991.25,15040.75,15055.5,15082.5,15083.25,15100.0,14959.25,15083.25,14928.75,183.14126953770878,,14988.0,14851.75,112.0,0.007502302604035837,0.003163697464869555,L,-1.5,18.314126953770877,-0.040951993064871434,True,True,2021-08-20 15:29:00-04:00
2021-08-23,15127.25,15185.25,15203.5,15231.25,15320.5,15306.5,15338.0,15124.75,15306.5,15083.25,187.79189314215816,,15153.75,15087.5,120.25,0.007972419737125619,0.003163697464869555,L,-31.0,18.779189314215817,-0.8253817425583182,False,False,2021-08-23 15:29:00-04:00
2021-08-30,15455.75,15504.75,15529.0,15541.25,15610.25,15599.25,15617.75,15455.25,15599.25,15424.5,171.3906972921092,,15459.75,15420.0,104.5,0.006774935978475801,0.0019916893690421038,L,-25.0,17.13906972921092,-0.7293277988533803,False,False,2021-08-30 15:29:00-04:00
2021-08-31,15607.25,15547.75,15526.25,15547.75,15571.25,15584.25,15609.0,15514.0,15584.25,15599.25,173.27350462838712,,15677.25,15562.75,-73.0,0.004679712165648989,0.002669319964212563,S,-29.0,17.327350462838712,-0.8368273055420435,False,True,2021-08-31 15:29:00-04:00
2021-09-01,15630.0,15670.0,15667.0,15681.25,15641.25,15611.5,15698.0,15602.75,15611.5,15584.25,172.55754001207376,,15648.5,15577.75,82.75,0.005309848083802557,0.002669319964212563,L,-62.5,17.255754001207375,-1.8109901194589038,False,False,2021-09-01 15:29:00-04:00
2021-09-07,15655.25,15654.25,15643.0,15621.75,15679.75,15673.75,15701.5,15607.0,15673.75,15702.0,156.3277579728456,,15704.0,15621.5,-59.0,0.003757483123169023,0.002781711824851683,S,9.0,15.63277579728456,0.2878567477940583,True,False,2021-09-07 15:29:00-04:00
2021-09-10,15637.5,15654.5,15655.75,15621.25,15482.5,15446.25,15667.5,15433.5,15446.25,15564.25,151.58785869764642,,15641.5,15553.5,91.5,0.00587885699600045,0.0028493040700396967,L,-75.5,15.158785869764642,-2.4903049838110887,False,False,2021-09-10 15:29:00-04:00
2021-09-16,15441.75,15428.5,15409.5,15380.25,15497.75,15510.25,15533.0,15359.0,15510.25,15497.25,165.93389036504269,,15524.25,15433.0,-87.75,0.005662294923292842,0.0024451878476596566,S,-28.0,16.59338903650427,-0.8437095019709958,False,True,2021-09-16 15:29:00-04:00
2021-09-17,15484.25,15422.75,15402.75,15373.75,15299.5,15322.0,15484.75,15276.0,15322.0,15510.25,166.51004105325393,,15528.25,15458.75,-107.5,0.006930900533518157,0.0024451878476596566,S,-48.0,16.651004105325395,-1.4413545182133622,False,True,2021-09-17 15:29:00-04:00
2021-09-20,15075.75,15140.25,15107.75,15061.5,14875.25,15004.75,15151.5,14807.5,15004.75,15322.0,172.63432383516437,,15338.0,15047.75,-214.25,0.013983161467171388,0.0024451878476596566,S,-262.0,17.263432383516438,-7.58829397826368,False,True,2021-09-20 15:29:00-04:00
2021-09-21,15081.75,15081.5,15067.25,15035.5,15084.0,15018.5,15131.75,14974.5,15018.5,15004.75,198.19615784693835,,15163.5,14981.5,62.5,0.004165347639914027,0.0024451878476596566,L,-134.0,19.819615784693838,-3.3804893459005556,False,False,2021-09-21 15:29:00-04:00
2021-09-22,15061.75,15021.75,15077.25,15099.25,15193.25,15161.75,15227.0,15014.75,15161.75,15018.5,198.30714657215705,,15104.25,14929.25,58.75,0.003911842061457536,0.0028493040700396967,L,-66.0,19.830714657215708,-1.6640852622017053,False,False,2021-09-22 15:29:00-04:00
2021-09-23,15211.0,15258.25,15275.0,15322.75,15319.0,15299.5,15346.75,15182.0,15299.5,15161.75,205.4102075312887,,15308.0,15174.5,113.25,0.007469454383563902,0.0034919023985115196,L,-42.0,20.541020753128873,-1.0223445198944758,False,False,2021-09-23 15:29:00-04:00
2021-09-27,15185.0,15108.0,15122.75,15143.5,15213.5,15194.25,15230.75,15084.0,15194.25,15315.25,199.77079118769282,,15399.5,15154.5,-192.5,0.012569171250877394,0.003834662592313279,S,35.5,19.977079118769282,0.8885182810996203,True,False,2021-09-27 15:29:00-04:00
2021-09-28,15001.25,14928.5,14951.25,14877.5,14802.75,14764.5,15031.25,14740.75,14764.5,15194.25,208.03716324571477,,15192.25,14924.5,-243.0,0.015992892047978675,0.003834662592313279,S,73.5,20.80371632457148,1.7665113014732952,True,False,2021-09-28 15:29:00-04:00
2021-09-29,14817.75,14795.5,14882.75,14853.5,14812.25,14742.5,14906.75,14711.0,14742.5,14764.5,225.42736587102084,,14926.25,14757.0,118.25,0.008009075823766467,0.003834662592313279,L,-142.5,22.542736587102084,-3.160663290576973,False,False,2021-09-29 15:29:00-04:00
2021-09-30,14810.0,14837.5,14842.0,14819.75,14775.25,14676.25,14878.75,14670.0,14676.25,14742.5,224.70041116594794,,14884.0,14754.5,99.5,0.006749194505680855,0.003834662592313279,L,-201.0,22.470041116594796,-4.472621989364218,False,False,2021-09-30 15:29:00-04:00
2021-10-04,14704.5,14596.5,14594.0,14559.0,14408.0,14467.25,14720.0,14367.75,14467.25,14770.75,228.0120892196184,,14835.75,14633.5,-176.75,0.011966217016739163,0.004038594850685782,S,-121.5,22.80120892196184,-2.6643324135978754,False,True,2021-10-04 15:29:00-04:00
2021-10-05,14507.0,14538.5,14581.75,14626.75,14706.0,14658.0,14754.5,14496.5,14658.0,14467.25,245.1540828467885,,14549.25,14410.0,114.5,0.007914427413641154,0.004913821281603435,L,-99.0,24.515408284678852,-2.019138307842726,False,False,2021-10-05 15:29:00-04:00
2021-10-06,14521.75,14631.25,14538.25,14581.5,14718.25,14753.5,14765.0,14483.5,14753.5,14658.0,252.2502197863036,,14674.75,14422.25,-119.75,0.00816960021831082,0.005770575959646646,S,-73.5,25.225021978630362,-1.4568867385381523,False,True,2021-10-06 15:29:00-04:00
2021-10-07,14882.0,14928.75,14955.25,14978.75,14934.75,14886.25,15001.25,14859.25,14886.25,14753.5,259.0716326587105,,14952.0,14765.0,201.75,0.013674721252584133,0.006314025750840653,L,-100.0,25.90716326587105,-1.9299681515447038,False,False,2021-10-07 15:29:00-04:00
2021-10-14,14919.75,14925.25,14944.75,14987.25,15031.75,15036.75,15048.5,14890.5,15036.75,14766.5,244.59941533801134,,14948.5,14766.75,178.25,0.012071242339078319,0.006840047519599506,L,7.0,24.459941533801135,0.14309110245269221,True,True,2021-10-14 15:29:00-04:00
2021-10-26,15598.0,15646.25,15639.5,15674.5,15555.25,15545.0,15701.0,15502.75,15545.0,15501.25,224.15395269004117,,15613.25,15523.75,138.25,0.008918635593903717,0.0032286312477656934,L,-23.5,22.41539526900412,-0.5241932992476752,False,False,2021-10-26 15:29:00-04:00
2021-10-27,15570.5,15624.75,15642.25,15573.5,15641.25,15585.0,15717.25,15558.25,15585.0,15545.0,222.30367035503824,,15593.0,15507.25,97.25,0.0062560308780958505,0.0032286312477656934,L,-115.5,22.230367035503825,-2.5977978639654595,False,False,2021-10-27 15:29:00-04:00
2021-10-28,15669.0,15666.5,15665.0,15671.25,15738.75,15761.5,15772.0,15635.75,15761.5,15585.0,221.4248367582498,,15689.0,15591.25,80.0,0.005133140840551813,0.0032286312477656934,L,42.5,22.14248367582498,0.9596936057900592,True,True,2021-10-28 15:29:00-04:00
2021-10-29,15631.5,15677.75,15683.5,15695.75,15785.5,15839.75,15847.0,15616.0,15839.75,15761.5,218.93020556123196,,15692.5,15595.0,-78.0,0.004948767566538718,0.0032286312477656934,S,-111.5,21.893020556123197,-2.5464736515952087,False,True,2021-10-29 15:29:00-04:00
2021-11-02,15865.75,15948.0,15955.75,15905.5,15954.5,15962.0,15980.25,15864.25,15962.0,15893.75,217.37349357065406,,15896.75,15849.5,62.0,0.003900904443570586,0.0032286312477656934,L,12.0,21.73734935706541,0.27602261441548703,True,True,2021-11-02 15:29:00-04:00
2021-11-04,16179.75,16203.25,16245.5,16278.0,16330.25,16334.75,16378.5,16157.0,16334.75,16129.75,211.17280823183947,,16215.75,16128.0,115.75,0.007176180659960632,0.003208554826295297,L,6.0,21.117280823183947,0.14206374509668884,True,True,2021-11-04 15:29:00-04:00
2021-11-05,16410.5,16423.5,16416.5,16430.0,16344.5,16351.25,16448.5,16292.25,16351.25,16334.75,213.98189335813666,,16424.25,16302.25,81.75,0.005004667962472642,0.003208554826295297,L,10.5,21.39818933581367,0.24534786180311027,True,True,2021-11-05 15:29:00-04:00
2021-11-09,16376.0,16364.25,16226.0,16236.0,16195.5,16217.25,16391.75,16160.0,16217.25,16329.25,204.1004590690056,,16388.0,16282.0,-103.25,0.0063230093237595115,0.0032286312477656934,S,-46.5,20.410045906900564,-1.1391449145216894,False,True,2021-11-09 15:29:00-05:00
2021-11-11,16102.25,16065.0,16094.5,16072.5,16029.25,16022.75,16110.5,16006.25,16022.75,15978.25,216.0164672584793,,16113.5,15976.0,116.25,0.007275515153411669,0.0032286312477656934,L,-16.0,21.60164672584793,-0.3703421364829294,False,False,2021-11-11 15:29:00-05:00
2021-11-18,16398.0,16382.25,16396.5,16337.25,16475.5,16481.25,16503.5,16303.75,16481.25,16313.25,201.71010437950437,,16410.25,16320.0,83.25,0.005103213645349639,0.0032286312477656934,L,8.5,20.17101043795044,0.21069841855834365,True,True,2021-11-18 15:29:00-05:00
2021-11-19,16549.75,16563.75,16612.75,16587.75,16577.25,16572.0,16628.5,16516.25,16572.0,16481.25,201.96295406668264,,16589.75,16490.0,131.5,0.007978763746681836,0.003574012422751352,L,-13.5,20.196295406668266,-0.3342197103024812,False,False,2021-11-19 15:29:00-05:00
2021-11-22,16638.5,16711.5,16721.25,16754.5,16549.0,16383.75,16767.5,16376.5,16383.75,16572.0,197.42988591906246,,16662.0,16582.5,149.25,0.009006154960173787,0.004424836005054652,L,-333.5,19.742988591906247,-8.446036385208677,False,False,2021-11-22 15:29:00-05:00
2021-11-24,16198.25,16129.75,16181.25,16188.0,16354.25,16362.25,16368.5,16102.0,16362.25,16305.5,218.3923506138855,,16356.25,16172.5,-124.25,0.007620128177608782,0.004424836005054652,S,-19.0,21.83923506138855,-0.43499692060166806,False,True,2021-11-24 15:29:00-05:00
2021-11-29,16239.25,16255.25,16298.0,16294.5,16413.0,16390.75,16437.75,16208.0,16390.75,16044.75,227.20171075025746,,16258.0,16037.0,253.25,0.015783979183221927,0.0035394757362774932,L,-47.5,22.720171075025746,-1.0453266360351596,False,False,2021-11-29 15:29:00-05:00
2021-12-01,16338.5,16302.25,16328.0,16343.75,15979.25,15875.5,16427.75,15858.0,15875.5,16150.0,250.2160159020077,,16403.75,16182.25,178.0,0.011021671826625386,0.004091357495728521,L,-210.5,25.021601590200774,-4.206365432707518,False,False,2021-12-01 15:29:00-05:00
2021-12-02,15824.25,15941.75,15993.5,15904.75,15991.0,15991.5,16066.5,15763.25,15991.5,15875.5,275.28987190900716,,15993.25,15791.0,118.0,0.0074328367610468965,0.005053940803911141,L,-2.0,27.528987190900718,-0.03632534655435978,True,True,2021-12-02 15:29:00-05:00
2021-12-03,16047.0,15949.75,15849.25,15768.0,15606.5,15716.75,16090.75,15538.0,15716.75,15991.5,277.28702391550667,,16121.75,15861.75,-142.25,0.008895350655035487,0.005053940803911141,S,-223.5,27.72870239155067,-4.030120069161686,False,True,2021-12-03 15:29:00-05:00
2021-12-07,16119.25,16164.0,16228.5,16263.5,16265.0,16321.0,16344.25,16119.0,16321.0,15843.0,301.93243388632976,,16167.25,15825.0,385.5,0.02433251278167014,0.005713111484554575,L,109.0,30.19324338863298,1.8050396010293457,True,True,2021-12-07 15:29:00-05:00
2021-12-10,16265.0,16243.75,16217.5,16260.5,16272.0,16325.75,16336.0,16133.5,16325.75,16148.25,309.2658736327502,,16309.75,16127.5,69.25,0.004288390382858824,0.004140630337167019,L,104.5,30.92658736327502,1.6894848237295752,True,True,2021-12-10 15:29:00-05:00
2021-12-14,15882.75,15991.0,15926.75,15868.5,15937.25,15926.75,15999.0,15734.5,15926.75,16087.0,305.5098604282387,,16133.0,15880.0,-160.25,0.009961459563622802,0.0046958020141042315,S,18.0,30.550986042823872,0.2945895097259557,True,False,2021-12-14 15:29:00-05:00
2021-12-16,16322.25,16233.0,16169.75,16131.5,15883.25,15863.0,16342.0,15792.75,15863.0,16281.75,329.83758373659356,,16457.0,16277.0,-112.0,0.006878867443610177,0.006424127109548516,S,37.5,32.983758373659356,0.5684615982080939,True,False,2021-12-16 15:29:00-05:00
2021-12-20,15577.0,15628.25,15630.25,15580.75,15616.25,15625.25,15658.5,15491.75,15625.25,15780.0,350.29745740553216,,15851.75,15503.5,-149.75,0.009489860583016476,0.006147142450830156,S,-21.0,35.02974574055322,-0.2997452530134801,False,True,2021-12-20 15:29:00-05:00
2021-12-27,16347.0,16435.0,16435.5,16474.75,16537.75,16560.25,16563.5,16344.5,16560.25,16294.25,339.53420920864744,,16385.0,16304.25,141.25,0.008668702149531277,0.005237179825286809,L,42.0,33.953420920864744,0.618494379371808,True,True,2021-12-27 15:29:00-05:00
2022-01-05,16200.25,16178.5,16213.5,16183.25,15834.0,15764.0,16247.75,15759.25,15764.0,16273.0,297.2002508270702,,16270.0,16171.75,-59.5,0.0036563633011737233,0.002802959608796819,S,137.0,29.72002508270702,2.3048432768604092,True,False,2022-01-05 15:29:00-05:00
2022-01-10,15377.5,15317.75,15260.0,15205.5,15473.75,15604.25,15616.75,15152.5,15604.25,15585.0,314.0891767737147,,15668.75,15355.75,-325.0,0.02085338466474174,0.002934564709408028,S,-264.0,31.408917677371473,-4.202628099315223,False,True,2022-01-10 15:29:00-05:00
2022-01-11,15565.0,15498.5,15548.5,15625.75,15819.0,15832.0,15840.0,15474.5,15832.0,15604.25,328.5292355755923,,15736.5,15543.75,-55.75,0.003572744604835221,0.002934564709408028,S,-29.0,32.85292355755923,-0.44136102452482195,False,True,2022-01-11 15:29:00-05:00
2022-01-12,15939.0,15912.5,15966.75,16003.0,15873.5,15895.5,16009.5,15797.25,15895.5,15832.0,331.17000446305,,15979.5,15762.5,134.75,0.008511243052046489,0.0031819571793523984,L,41.0,33.117000446305006,0.6190174147335032,True,True,2022-01-12 15:29:00-05:00
2022-01-14,15389.25,15524.5,15580.75,15519.0,15562.75,15592.75,15607.25,15379.75,15592.75,15497.25,339.1465854808952,,15554.5,15312.25,83.5,0.005388052719030796,0.002724577359083824,L,57.0,33.91465854808953,0.840344594936382,True,True,2022-01-14 15:29:00-05:00
2022-01-18,15347.5,15353.5,15332.25,15397.5,15245.75,15214.0,15435.0,15170.75,15214.0,15555.0,323.28583135852705,,15602.75,15270.0,-222.75,0.014320154291224687,0.0025929722584726147,S,60.5,32.3285831358527,0.9357044777645224,True,False,2022-01-18 15:29:00-05:00
2022-01-19,15267.25,15300.25,15361.25,15355.75,15134.5,15037.5,15372.25,15024.75,15037.5,15214.0,331.0511291186323,,15322.5,15050.75,147.25,0.009678585513342974,0.0025929722584726147,L,-197.0,33.10511291186323,-2.975371214175877,False,False,2022-01-19 15:29:00-05:00
2022-01-20,15168.75,15258.25,15276.75,15263.0,14970.5,14836.75,15340.5,14817.0,14836.75,15037.5,333.2081913244443,,15206.25,14993.25,239.25,0.015910224438902745,0.002724577359083824,L,-270.5,33.32081913244443,-4.059023863201109,False,False,2022-01-20 15:29:00-05:00
2022-01-21,14746.0,14671.25,14649.75,14600.0,14464.5,14414.25,14858.5,14414.25,14414.25,14836.75,358.9611776584125,,14816.5,14602.75,-187.0,0.012603838441707248,0.0031819571793523984,S,97.5,35.896117765841254,1.3580855823464704,True,False,2022-01-21 15:29:00-05:00
2022-01-24,14191.0,14137.0,14096.5,14069.0,14262.0,14506.25,14521.75,13706.25,14506.25,14414.25,365.4818078256688,,14579.75,14105.5,-317.75,0.022044157691173665,0.0031819571793523984,S,-491.5,36.54818078256688,-6.724000886994088,False,True,2022-01-24 15:29:00-05:00
2022-01-25,14219.5,14210.75,14097.75,14131.5,14218.25,14151.5,14401.25,14014.75,14151.5,14506.25,401.76882155240673,,14499.25,14130.25,-408.5,0.02816027574321413,0.0031819571793523984,S,130.5,40.176882155240676,1.6240682825481216,True,False,2022-01-25 15:29:00-05:00
2022-01-26,14475.75,14368.5,14455.0,14442.75,14165.0,14148.25,14642.25,13976.75,14148.25,14151.5,416.8389057272348,,14506.5,13943.75,303.5,0.021446489771402327,0.003614553953004472,L,-36.5,41.683890572723485,-0.43781901711310456,False,False,2022-01-26 15:29:00-05:00
2022-01-27,14333.25,14345.25,14355.5,14401.0,13998.25,13987.5,14409.75,13947.25,13987.5,14148.25,438.5468410324323,,14338.25,13845.25,207.25,0.014648454755888538,0.004522208010102259,L,-24.5,43.85468410324324,-0.27933162102276005,False,False,2022-01-27 15:29:00-05:00
2022-01-31,14487.75,14559.25,14629.5,14688.0,14769.0,14898.25,14914.5,14416.25,14898.25,14434.0,459.2725312983728,,14548.0,14353.5,195.5,0.013544409034224747,0.007365541097068821,L,255.5,45.92725312983728,2.7815728417035555,True,True,2022-01-31 15:29:00-05:00
2022-02-03,14704.5,14754.5,14709.75,14762.75,14596.75,14503.5,14843.0,14456.5,14503.5,15114.25,460.5423656204538,,14870.0,14675.0,-404.5,0.0267628231635708,0.009094914282694731,S,183.5,46.05423656204538,1.9922162834333859,True,False,2022-02-03 15:29:00-05:00
2022-02-09,14919.0,14918.0,14879.0,14883.0,15005.75,15042.75,15043.5,14852.5,15042.75,14733.25,436.1134424324703,,14946.75,14740.0,145.75,0.00989258989021431,0.009094914282694731,L,71.0,43.61134424324703,0.8140083874047742,True,True,2022-02-09 15:29:00-05:00
2022-02-15,14472.0,14488.0,14501.5,14477.75,14582.25,14608.0,14615.0,14428.0,14608.0,14256.75,434.859382270767,,14574.0,14223.25,244.75,0.01716730671436337,0.009785587701778642,L,48.5,43.4859382270767,0.5576515303262017,True,True,2022-02-15 15:29:00-05:00
2022-02-16,14514.0,14431.25,14408.25,14420.0,14635.5,14601.25,14645.0,14381.0,14601.25,14608.0,431.78014067999794,,14668.5,14496.5,-199.75,0.013674014238773275,0.009785587701778642,S,65.5,43.1780140679998,0.7584878718234465,True,False,2022-02-16 15:29:00-05:00
2022-02-17,14462.75,14475.75,14403.5,14410.25,14197.5,14165.25,14496.0,14143.25,14165.25,14601.25,421.4744163457124,,14619.75,14442.25,-197.75,0.013543361013611848,0.01124821416596078,S,61.5,42.147441634571244,0.729581649738319,True,False,2022-02-17 15:29:00-05:00
2022-02-22,13880.75,13978.75,14022.5,14043.5,13962.0,13865.5,14108.75,13710.5,13865.5,13734.25,424.84494996775885,,13966.5,13592.25,288.25,0.020987676793417915,0.009358719535025886,L,-196.0,42.48449499677589,-2.306723900270843,False,False,2022-02-22 15:29:00-05:00
2022-02-24,13073.75,13244.0,13339.5,13379.0,13812.5,13966.5,13983.5,13058.75,13966.5,13507.5,443.2744721660778,,13517.75,13025.75,-168.0,0.01243753470294281,0.007889452856407516,S,-311.0,44.32744721660779,-3.5079845505233638,False,True,2022-02-24 15:29:00-05:00
2022-03-04,13934.25,13902.25,13923.5,13818.75,13789.25,13834.0,13995.5,13733.5,13834.0,14035.25,471.8655044575754,,14086.0,13746.75,-111.75,0.007962095438271494,0.006002481996978179,S,-92.5,47.18655044575755,-0.9801521739370599,False,True,2022-03-04 15:29:00-05:00
2022-03-07,13831.0,13757.75,13673.75,13618.25,13414.5,13320.5,13879.75,13313.75,13320.5,13834.0,463.33939699632003,,13847.75,13527.0,-160.25,0.011583779094983374,0.006967102977229838,S,185.0,46.333939699632005,1.9963767510306198,True,False,2022-03-07 15:29:00-05:00
2022-03-09,13603.75,13551.0,13568.75,13619.25,13770.5,13740.5,13795.75,13496.5,13740.5,13255.0,480.3576943488678,,13644.25,13192.0,313.75,0.023670313089400225,0.007525242757262693,L,-63.0,48.03576943488679,-0.65576132891342,False,False,2022-03-09 15:29:00-05:00
2022-03-10,13564.5,13529.75,13578.25,13552.75,13584.0,13591.25,13635.5,13396.25,13591.25,13740.5,491.0821447525201,,13780.0,13508.75,-162.25,0.011808158363960555,0.007525242757262693,S,-17.5,49.10821447525201,-0.17817792997563667,False,True,2022-03-10 15:29:00-05:00
2022-03-15,13157.25,13113.5,13184.5,13176.5,13437.5,13457.25,13489.0,13091.0,13457.25,13049.5,486.2231129815185,,13188.0,12943.0,135.0,0.010345223954940802,0.007525242757262693,L,36.5,48.62231129815186,0.37534209116656464,True,True,2022-03-15 15:29:00-04:00
2022-03-16,13618.75,13707.75,13720.75,13750.0,13847.25,13954.75,13957.0,13463.0,13954.75,13457.25,490.4928906256958,,13720.25,13391.75,263.5,0.019580523509632353,0.007525242757262693,L,212.0,49.049289062569585,2.1610914658677602,True,True,2022-03-16 15:29:00-04:00
2022-03-21,14371.5,14440.25,14302.5,14267.25,14318.25,14371.75,14466.75,14183.75,14371.75,14409.0,486.4139506941157,,14434.75,14307.5,-106.5,0.0073912138246929006,0.006123769096002234,S,-110.0,48.64139506941157,-1.130724148053621,False,True,2022-03-21 15:29:00-04:00
2022-03-22,14390.25,14471.25,14468.75,14541.25,14641.0,14655.0,14692.0,14374.5,14655.0,14371.75,471.8843827873931,,14448.25,14292.5,97.0,0.006749352027414893,0.006123769096002234,L,25.0,47.18843827873931,0.2648953950576461,True,True,2022-03-22 15:29:00-04:00
2022-03-23,14531.5,14509.75,14492.5,14563.5,14501.0,14444.25,14682.75,14441.5,14444.25,14655.0,466.71406973115074,,14677.0,14519.75,-162.5,0.011088365745479358,0.005954250071582734,S,110.5,46.671406973115076,1.1838083225523197,True,False,2022-03-23 15:29:00-04:00
2022-03-28,14753.5,14856.25,14888.0,14837.75,14946.5,14987.0,14988.0,14701.0,14987.0,14755.25,430.06762434378214,,14812.25,14658.75,132.75,0.008996797749953406,0.00514141482961809,L,78.0,43.00676243437822,0.9068341300861248,True,True,2022-03-28 15:29:00-04:00
2022-03-29,15148.0,15158.0,15151.0,15051.0,15257.0,15240.75,15269.0,15033.0,15240.75,14987.0,423.47350831922626,,15173.5,14956.25,164.0,0.010942817108160406,0.005954250071582734,L,-35.5,42.347350831922626,-0.4191525479468612,False,False,2022-03-29 15:29:00-04:00
2022-04-04,14895.75,14990.75,15047.75,15033.5,15141.75,15164.0,15167.0,14884.0,15164.0,14861.0,386.43808884593454,,14939.0,14802.0,186.75,0.012566449094946504,0.005936516785450249,L,41.5,38.643808884593454,0.5369553519418379,True,True,2022-04-04 15:29:00-04:00
2022-04-05,15105.25,15086.25,15070.75,14976.75,14822.75,14831.25,15135.5,14780.0,14831.25,15164.0,385.40679678551066,,15199.25,15100.5,-93.25,0.006149432867317331,0.005936516785450249,S,-20.0,38.54067967855107,-0.259466103955745,False,True,2022-04-05 15:29:00-04:00
2022-04-06,14602.0,14534.25,14506.0,14475.25,14490.75,14505.75,14652.5,14395.5,14505.75,14831.25,387.82416844368845,,14864.0,14581.0,-325.25,0.021930046354825115,0.006449392447366112,S,-33.0,38.782416844368846,-0.4254505351281576,False,True,2022-04-06 15:29:00-04:00
2022-04-08,14468.0,14371.0,14323.0,14364.5,14385.5,14336.25,14498.0,14310.5,14336.25,14543.25,388.0269615662416,,14642.5,14461.25,-220.25,0.015144482835679783,0.004944664557678451,S,95.5,38.802696156624165,1.2305845915258238,True,False,2022-04-08 15:29:00-04:00
2022-04-11,14158.0,14161.5,14138.5,14140.5,14044.5,14000.75,14197.0,13984.5,14000.75,14336.25,384.0250357400815,,14379.75,14128.0,-197.75,0.013793704769378324,0.006449392447366112,S,84.5,38.40250357400815,1.1001886874009938,True,False,2022-04-11 15:29:00-04:00
2022-04-12,14199.5,14175.25,14258.75,14249.25,13901.5,13941.75,14277.75,13880.0,13941.75,14000.75,384.8268189015042,,14284.0,13902.5,258.0,0.018427584236558756,0.007070282926053897,L,77.5,38.482681890150424,1.006946452188874,True,True,2022-04-12 15:29:00-04:00
2022-04-14,14224.0,14137.0,14115.75,14057.5,13932.5,13893.75,14246.75,13885.5,13893.75,14221.75,383.2715938487459,,14296.0,14176.5,-106.0,0.007453372475257967,0.006449392447366112,S,74.5,38.32715938487459,0.971895663488704,True,False,2022-04-14 15:29:00-04:00
2022-04-20,14251.0,14128.25,14086.5,14095.0,14030.0,14003.5,14269.75,13958.25,14003.5,14212.25,380.3253249583435,,14298.0,14044.25,-125.75,0.008848000844342029,0.00689561301408469,S,50.0,38.03253249583435,0.6573319828948602,True,False,2022-04-20 15:29:00-04:00
2022-04-21,14173.0,14267.5,14205.25,14147.75,13763.0,13721.25,14283.0,13680.25,13721.25,14003.5,377.427087461319,,14193.75,14054.5,201.75,0.014407112507587388,0.0072476232380062275,L,-86.5,37.7427087461319,-1.145916693232372,False,False,2022-04-21 15:29:00-04:00
2022-04-25,13288.75,13265.5,13250.25,13301.25,13476.0,13531.5,13543.5,13235.5,13531.5,13358.25,400.79299888246385,,13360.0,13183.75,-108.0,0.00808489135927236,0.0072476232380062275,S,-114.0,40.07929988824639,-1.422180531070498,False,True,2022-04-25 15:29:00-04:00
2022-04-26,13444.0,13322.0,13268.5,13220.5,13076.25,13009.75,13450.75,13007.0,13009.75,13531.5,398.3256418194307,,13584.5,13427.25,-263.0,0.019436130510290802,0.007769131917265163,S,130.0,39.83256418194307,1.631830672589887,True,False,2022-04-26 15:29:00-04:00
2022-04-27,13021.75,13203.5,13175.5,13005.5,13029.0,13002.75,13255.0,12930.5,13002.75,13009.75,425.69523883232847,,13184.0,12860.0,165.75,0.012740444666500124,0.007769131917265163,L,-55.5,42.56952388323285,-0.6518748031130808,False,False,2022-04-27 15:29:00-04:00
2022-04-28,13212.0,13121.5,13136.0,13104.5,13503.75,13463.0,13542.25,13033.5,13463.0,13002.75,426.8420074871621,,13347.25,13133.0,133.25,0.010247832189344561,0.007769131917265163,L,-84.5,42.684200748716215,-0.9898276003509501,False,False,2022-04-28 15:29:00-04:00
2022-05-05,13342.5,13248.75,13174.5,13102.5,12722.0,12859.75,13346.5,12704.0,12859.75,13533.0,441.6179061104206,,13547.75,13332.75,-358.5,0.026490800266016405,0.007769131917265163,S,-278.5,44.161790611042065,-3.153178303535147,False,True,2022-05-05 15:29:00-04:00
2022-05-06,12759.5,12602.75,12551.0,12672.0,12611.5,12693.0,12929.25,12519.25,12693.0,12859.75,470.34162710253344,,12894.5,12707.75,-308.75,0.024009020393086958,0.007769131917265163,S,-166.0,47.03416271025335,-1.7646747644113197,False,True,2022-05-06 15:29:00-04:00
2022-05-09,12448.75,12509.75,12452.75,12422.25,12236.0,12196.75,12555.5,12131.5,12196.75,12693.0,466.0315108809239,,12636.75,12342.75,-240.25,0.01892775545576302,0.008466446101807194,S,75.5,46.603151088092396,0.8100310626773375,True,False,2022-05-09 15:29:00-04:00
2022-05-10,12497.5,12398.0,12463.25,12465.0,12396.5,12343.0,12547.25,12170.0,12343.0,12196.75,470.74354581800077,,12518.5,12101.75,266.5,0.02185008301391764,0.008466446101807194,L,-110.0,47.07435458180008,-1.1683643990153427,False,False,2022-05-10 15:29:00-04:00
2022-05-12,11790.75,11806.75,11795.25,11932.75,11819.75,11948.0,12132.75,11689.25,11948.0,11974.5,479.39111858797,,12072.25,11756.75,-179.25,0.01496930978328949,0.007769131917265163,S,-259.5,47.939111858797006,-2.7065582771365087,False,True,2022-05-12 15:29:00-04:00
2022-05-13,12132.5,12195.5,12242.5,12280.25,12422.5,12384.75,12432.0,12064.75,12384.75,11948.0,476.8274672602579,,12208.0,11890.0,294.5,0.024648476732507533,0.008466446101807194,L,-78.5,47.68274672602579,-0.8231488891678487,False,False,2022-05-13 15:29:00-04:00
2022-05-16,12311.25,12287.25,12251.25,12300.5,12280.75,12247.25,12400.75,12189.75,12247.25,12384.75,482.6076481702395,,12499.0,12230.75,-133.5,0.010779385938351602,0.009547916516843294,S,64.0,48.260764817023954,0.6630645022167576,True,False,2022-05-16 15:29:00-04:00
2022-05-17,12490.75,12515.0,12445.5,12434.0,12563.25,12563.5,12578.75,12332.0,12563.5,12247.25,470.2249590152224,,12544.0,12230.0,198.25,0.016187307354712282,0.010513609063848081,L,-2.5,47.02249590152224,-0.02658302108458548,True,True,2022-05-17 15:29:00-04:00
2022-05-18,12368.25,12325.0,12298.75,12347.75,11915.25,11940.5,12399.75,11888.0,11940.5,12563.5,461.5481762284208,,12593.5,12357.5,-264.75,0.021072949416961834,0.011759915302425863,S,-53.5,46.15481762284208,-0.5795711342332635,False,True,2022-05-18 15:29:00-04:00
2022-05-24,11816.75,11746.5,11678.5,11603.0,11735.0,11782.0,11847.75,11576.25,11782.0,12034.75,468.8489746787778,,11936.0,11753.75,-356.25,0.029601778184008807,0.011759915302425863,S,-97.0,46.88489746787778,-1.0344482470763379,False,True,2022-05-24 15:29:00-04:00
2022-05-26,11913.5,12041.75,12114.5,12161.25,12255.5,12274.25,12343.5,11899.0,12274.25,11949.75,461.87488122812977,,12020.5,11848.5,164.75,0.013786899307516894,0.010513609063848081,L,34.5,46.18748812281298,0.37347776857083204,True,True,2022-05-26 15:29:00-04:00
2022-05-27,12407.75,12454.0,12518.75,12554.75,12653.25,12681.25,12683.0,12401.75,12681.25,12274.25,464.2409611404062,,12437.0,12222.0,244.5,0.01991975069759863,0.012283142622934248,L,53.0,46.42409611404062,0.570824253312393,True,True,2022-05-27 15:29:00-04:00
2022-05-31,12677.75,12540.25,12551.25,12533.0,12709.5,12645.25,12768.25,12480.0,12645.25,12802.0,448.5330226159626,,12825.5,12595.0,-250.75,0.019586783315107013,0.014378104545403192,S,125.5,44.85330226159626,1.3990051308602762,True,False,2022-05-31 15:29:00-04:00
2022-06-03,12673.0,12622.75,12693.5,12664.75,12551.5,12553.75,12731.5,12503.0,12553.75,12893.75,437.8052298422995,,12945.0,12670.25,-200.25,0.015530780416868638,0.014378104545403192,S,-7.5,43.780522984229954,-0.08565452727348132,False,True,2022-06-03 15:29:00-04:00
2022-06-06,12741.5,12731.0,12749.75,12789.5,12564.5,12600.25,12810.5,12533.0,12600.25,12553.75,438.10485628213524,,12766.0,12527.0,196.0,0.015612864681867967,0.014378104545403192,L,68.5,43.81048562821353,0.7817763147081696,True,True,2022-06-06 15:29:00-04:00
2022-06-10,12041.75,12049.75,11958.5,11891.0,11946.5,11837.25,12090.0,11822.75,11837.25,12271.5,409.3323433015948,,12339.5,12000.0,-313.0,0.025506254329136616,0.01170629406444873,S,215.5,40.93323433015948,2.632335356910952,True,False,2022-06-10 15:29:00-04:00
2022-06-13,11466.5,11517.0,11484.25,11441.5,11300.75,11295.75,11575.0,11254.5,11295.75,11837.25,417.00503306576655,,11803.75,11434.0,-353.0,0.029821115546262857,0.01170629406444873,S,7.0,41.70050330657666,0.08393184068471445,True,False,2022-06-13 15:29:00-04:00
2022-06-15,11487.0,11537.0,11510.75,11543.0,11732.75,11632.0,11794.25,11373.0,11632.0,11318.25,421.3015336128293,,11516.5,11325.5,192.5,0.017007929671106398,0.011241983654366995,L,-204.5,42.130153361282936,-2.4270027959111684,False,False,2022-06-15 15:29:00-04:00
2022-06-16,11330.0,11281.0,11267.0,11208.5,11163.5,11166.0,11350.0,11068.75,11166.0,11632.0,424.6907097833415,,11774.0,11268.0,-365.0,0.031378954607977995,0.011241983654366995,S,-8.0,42.46907097833415,-0.09418619027575677,False,True,2022-06-16 15:29:00-04:00
2022-06-21,11480.75,11585.25,11627.75,11644.5,11611.25,11579.25,11678.5,11475.75,11579.25,11430.0,413.4514356392133,,11546.75,11398.5,197.75,0.017300962379702536,0.013498321586411142,L,-67.0,41.34514356392133,-0.8102523564395802,False,False,2022-06-21 15:29:00-04:00
2022-06-24,11849.0,11959.0,11954.5,12053.5,12054.5,12147.25,12149.0,11838.5,12147.25,11733.75,398.4430772956821,,11875.0,11684.25,220.75,0.01881325237029935,0.012921473027925623,L,182.5,39.844307729568214,2.290164020901885,True,True,2022-06-24 15:29:00-04:00
2022-06-30,11555.75,11440.25,11397.75,11407.0,11553.5,11538.75,11685.25,11350.75,11538.75,11689.25,386.56774470642375,,11697.0,11461.5,-291.5,0.024937442521975318,0.0073149304147589024,S,26.5,38.656774470642375,0.3427601030205617,True,False,2022-06-30 15:29:00-04:00
2022-07-05,11454.0,11405.25,11448.0,11508.0,11791.25,11812.5,11814.25,11388.75,11812.5,11550.5,357.8354902040864,,11748.75,11431.75,-102.5,0.008874074715380287,0.00692514336817238,S,-45.5,35.78354902040864,-0.6357670108972382,False,True,2022-07-05 15:29:00-04:00
2022-07-07,11919.0,12022.0,12034.75,12024.0,12142.0,12136.25,12168.75,11918.25,12136.25,11886.25,354.4997339004623,,11963.5,11837.25,148.5,0.012493427279419498,0.0073149304147589024,L,-14.5,35.44997339004623,-0.20451355266843954,False,False,2022-07-07 15:29:00-04:00
2022-07-08,12017.25,12065.25,12006.5,12062.75,12156.75,12155.25,12211.0,11978.5,12155.25,12136.25,352.856895764715,,12130.5,11952.75,-129.75,0.010691111339993821,0.008232945131190165,S,0.0,35.2856895764715,0.0,True,False,2022-07-08 15:29:00-04:00
2022-07-11,12050.5,11907.25,11884.75,11894.0,11898.0,11890.75,12062.5,11853.0,11890.75,12155.25,346.09926035294967,,12155.0,11996.5,-270.5,0.02225375866395179,0.008232945131190165,S,11.5,34.60992603529497,0.16613730968786783,True,False,2022-07-11 15:29:00-04:00
2022-07-13,11544.5,11611.25,11679.25,11664.5,11791.75,11755.75,11854.5,11522.5,11755.75,11778.75,341.2603316308597,,11998.0,11478.0,-99.5,0.008447415897272631,0.008232945131190165,S,69.0,34.12603316308597,1.0109584033727819,True,False,2022-07-13 15:29:00-04:00
2022-07-14,11642.5,11558.25,11566.75,11538.75,11825.25,11800.0,11834.75,11511.0,11800.0,11755.75,354.027450800084,,11765.25,11601.25,-189.0,0.016077238798035003,0.008019615722136338,S,47.5,35.4027450800084,0.6708519338352494,True,False,2022-07-14 15:29:00-04:00
2022-07-15,11923.0,11933.25,11901.75,11931.5,11976.75,12008.0,12013.25,11853.5,12008.0,11800.0,351.8647757429352,,11932.5,11741.0,101.75,0.008622881355932203,0.008019615722136338,L,59.5,35.18647757429352,0.845495259853311,True,True,2022-07-15 15:29:00-04:00
2022-07-18,12124.5,12134.25,12162.5,12124.75,11919.0,11906.75,12186.75,11857.75,11906.75,12008.0,346.7851489041541,,12180.5,12028.5,154.5,0.012866422385076615,0.008019615722136338,L,-27.5,34.67851489041541,-0.3964991016325293,False,False,2022-07-18 15:29:00-04:00
2022-07-19,12060.5,12020.25,12066.5,12047.75,12260.75,12268.75,12285.5,11992.5,12268.75,11906.75,345.51478112528594,,12064.0,11889.5,159.75,0.013416759401180003,0.008535148626602417,L,13.0,34.55147811252859,0.18812509203891503,True,True,2022-07-19 15:29:00-04:00
2022-07-26,12278.5,12223.25,12234.5,12217.0,12098.75,12110.5,12291.25,12074.75,12110.5,12355.25,335.2927349436819,,12334.0,12250.75,-120.75,0.009773173347362458,0.0069792998626962924,S,-26.5,33.52927349436819,-0.39517706824830434,False,True,2022-07-26 15:29:00-04:00
2022-07-27,12302.5,12368.5,12386.25,12416.0,12685.75,12615.5,12690.0,12276.25,12615.5,12110.5,330.2003967334189,,12331.25,12190.25,275.75,0.022769497543454028,0.008535148626602417,L,-143.5,33.02003967334189,-2.172922888942681,False,False,2022-07-27 15:29:00-04:00
2022-07-28,12606.75,12520.0,12489.75,12494.0,12748.25,12738.5,12764.75,12449.25,12738.5,12615.5,342.3110826810319,,12626.0,12479.75,-125.75,0.009967896635091752,0.008748478035656246,S,16.5,34.23110826810319,0.24100884889220525,True,False,2022-07-28 15:29:00-04:00
2022-07-29,12803.0,12843.0,12865.25,12886.25,12990.75,12971.75,13012.5,12744.25,12971.75,12738.5,353.4852910609582,,12939.5,12791.0,126.75,0.009950151116693489,0.008748478035656246,L,-41.0,35.348529106095825,-0.579939265321928,False,False,2022-07-29 15:29:00-04:00
2022-08-03,12993.25,13073.75,13115.5,13150.75,13272.5,13271.75,13310.5,12989.25,13271.75,12922.0,336.6574105178298,,13016.5,12867.25,193.5,0.014974462157560748,0.00919802735164733,L,-4.5,33.66574105178298,-0.06683352065647867,False,False,2022-08-03 15:29:00-04:00
2022-08-05,13118.25,13172.5,13182.0,13279.5,13187.25,13226.5,13310.0,13085.5,13226.5,13330.75,331.93036927302677,,13385.0,13107.5,-148.75,0.011158411942313822,0.00919802735164733,S,-81.5,33.19303692730268,-1.2276671185359782,False,True,2022-08-05 15:29:00-04:00
2022-08-08,13264.75,13375.0,13392.0,13381.0,13160.25,13181.5,13419.5,13120.5,13181.5,13226.5,329.61391432495344,,13349.0,13168.0,165.5,0.01251275847729936,0.00919802735164733,L,39.5,32.96139143249535,0.599185869942652,True,True,2022-08-08 15:29:00-04:00
2022-08-09,13101.5,13078.75,13001.5,12996.25,13047.5,13032.25,13112.25,12963.25,13032.25,13181.5,327.4272061588853,,13233.5,13076.5,-180.0,0.013655502029359329,0.00919802735164733,S,27.5,32.74272061588854,0.4199406689903391,True,False,2022-08-09 15:29:00-04:00
2022-08-10,13340.5,13314.25,13318.25,13284.0,13378.5,13393.75,13408.0,13237.5,13393.75,13032.25,323.34312000467924,,13373.5,12981.75,286.0,0.02194555813462756,0.009861662232027973,L,27.5,32.334312000467925,0.42524486062363154,True,True,2022-08-10 15:29:00-04:00
2022-08-17,13517.5,13500.75,13534.5,13483.25,13520.5,13496.0,13616.25,13406.25,13496.0,13653.75,308.659093506235,,13673.25,13500.0,-119.25,0.008733864322988191,0.007872452573821978,S,46.0,30.865909350623504,0.7451586712942702,True,False,2022-08-17 15:29:00-04:00
2022-08-19,13399.5,13344.5,13308.75,13290.5,13271.5,13263.25,13425.25,13227.0,13263.25,13528.5,295.58105511507,,13535.0,13358.0,-219.75,0.016243485974054773,0.008506300274280143,S,13.5,29.558105511507,0.22836375617416407,True,False,2022-08-19 15:29:00-04:00
2022-08-22,13080.25,13065.25,13028.0,12997.75,12905.75,12916.0,13092.0,12875.5,12916.0,13263.25,296.7716940354221,,13229.0,13046.25,-235.25,0.017736980001130945,0.009253518835175324,S,-23.5,29.677169403542212,-0.3959272476504293,False,True,2022-08-22 15:29:00-04:00
2022-08-31,12477.0,12483.25,12455.5,12438.75,12335.75,12281.75,12513.0,12276.25,12281.75,12353.75,311.0128720751991,,12498.25,12347.5,101.75,0.00823636547607002,0.007872452573821978,L,-111.0,31.10128720751991,-1.7844920575049634,False,False,2022-08-31 15:29:00-04:00
2022-09-06,12127.75,12093.0,12046.25,11966.25,12033.5,12021.5,12169.0,11930.0,12021.5,12134.25,298.5378329170075,,12244.75,12112.5,-88.0,0.007252199353070853,0.007102542999781676,S,21.0,29.85378329170075,0.35171421649995577,True,False,2022-09-06 15:29:00-04:00
2022-09-09,12417.0,12445.75,12503.0,12519.0,12594.0,12590.25,12614.25,12415.75,12590.25,12326.25,302.63060091788105,,12481.75,12329.25,176.75,0.014339316499340837,0.005045727303113078,L,-10.5,30.263060091788105,-0.17347882150967905,False,False,2022-09-09 15:29:00-04:00
2022-09-12,12650.0,12684.25,12736.5,12728.0,12714.5,12742.75,12756.0,12637.5,12742.75,12590.25,301.37127228088957,,12697.0,12573.25,146.25,0.011616131530350867,0.005045727303113078,L,53.5,30.137127228088957,0.8876094857199254,True,True,2022-09-12 15:29:00-04:00
2022-09-13,12375.0,12341.5,12307.25,12305.75,12075.0,12040.25,12426.25,12002.75,12040.25,12742.75,294.1840385465403,,12889.0,12347.25,-435.5,0.03417629632536148,0.00607305445633248,S,66.5,29.41840385465403,1.1302448686297373,True,False,2022-09-13 15:29:00-04:00
2022-09-14,12170.0,12183.0,12193.5,12170.75,12124.75,12218.0,12252.75,12092.75,12218.0,12040.25,336.4744643646446,,12219.75,12029.0,153.25,0.01272814102697203,0.007013781194850698,L,183.5,33.647446436464456,2.726804251646525,True,True,2022-09-14 15:29:00-04:00
2022-09-16,11865.75,11812.75,11792.0,11868.75,11897.0,11926.75,11948.0,11778.0,11926.75,12004.25,328.5532371307395,,11966.0,11825.25,-212.25,0.01768123789491222,0.007013781194850698,S,-62.5,32.85532371307395,-0.9511396166084599,False,True,2022-09-16 15:29:00-04:00
2022-09-20,11916.75,11899.75,11920.5,11910.5,11928.75,11925.75,12023.0,11828.5,11925.75,12027.25,315.8163116076275,,12092.5,11911.75,-106.75,0.00887567814753996,0.005748035883411142,S,3.0,31.58163116076275,0.04749596347207078,True,False,2022-09-20 15:29:00-04:00
2022-09-22,11641.75,11601.0,11592.0,11636.75,11625.25,11562.75,11685.0,11510.0,11562.75,11703.75,324.96406460045426,,11795.75,11550.25,-111.75,0.009548221723806472,0.007013781194850698,S,122.0,32.49640646004543,1.8771306321208148,True,False,2022-09-22 15:29:00-04:00
2022-09-23,11461.0,11408.75,11354.25,11367.0,11319.25,11374.0,11471.25,11228.75,11374.0,11562.75,322.1630599861361,,11600.0,11378.25,-208.5,0.01803204255043134,0.007013781194850698,S,-112.5,32.21630599861361,-1.7460102347680906,False,True,2022-09-23 15:29:00-04:00
2022-09-26,11352.5,11426.75,11491.0,11494.75,11378.5,11319.75,11537.75,11293.25,11319.75,11374.0,325.66926998712637,,11422.25,11256.5,117.0,0.010286618603833304,0.00734096115800183,L,-120.5,32.56692699871264,-1.8500363882162314,False,False,2022-09-26 15:29:00-04:00
2022-09-27,11470.25,11540.25,11489.25,11447.0,11311.0,11332.75,11568.0,11233.5,11332.75,11319.75,322.4964649880459,,11524.5,11297.75,169.5,0.014973828927317299,0.007833044219501413,L,40.5,32.24964649880459,0.6279138594821688,True,True,2022-09-27 15:29:00-04:00
2022-09-29,11386.25,11265.5,11256.5,11176.5,11159.0,11231.0,11401.75,11091.5,11231.0,11554.0,333.882156035611,,11566.25,11333.5,-297.5,0.025748658473256015,0.008152700555236383,S,-147.0,33.3882156035611,-2.201375505439131,False,True,2022-09-29 15:29:00-04:00
2022-10-04,11516.25,11559.75,11617.0,11654.5,11614.25,11643.75,11676.25,11514.25,11643.75,11290.75,351.9926555430894,,11552.75,11282.75,326.25,0.028895334676615814,0.009211949935673217,L,56.0,35.199265554308944,0.7954711429077633,True,True,2022-10-04 15:29:00-04:00
2022-10-05,11486.25,11469.75,11497.25,11432.25,11670.5,11636.25,11711.0,11368.0,11636.25,11643.75,354.9574658614402,,11645.5,11477.0,-146.5,0.012581857219538379,0.009917420163819888,S,65.5,35.49574658614402,0.9226457575844921,True,False,2022-10-05 15:29:00-04:00
2022-10-07,11345.75,11275.0,11225.5,11230.5,11071.25,11099.0,11350.5,11043.25,11099.0,11542.5,344.8459782172622,,11577.0,11300.25,-317.0,0.027463721030972492,0.010951375067092085,S,-58.5,34.48459782172622,-0.848204759446889,False,True,2022-10-07 15:29:00-04:00
2022-10-11,10919.75,10880.0,10823.5,10834.75,10814.0,10844.0,11039.75,10767.25,10844.0,10980.75,351.2970424424352,,11031.5,10853.5,-157.25,0.014320515447487648,0.009917420163819888,S,-63.0,35.12970424424352,-0.8966770622659513,False,True,2022-10-11 15:29:00-04:00
2022-10-13,10523.25,10525.25,10615.0,10692.5,11091.5,11081.75,11142.25,10484.5,11081.75,10836.75,333.19234782026297,,11035.0,10498.0,-221.75,0.02046277712413777,0.009211949935673217,S,16.5,33.3192347820263,0.24760472603801734,True,False,2022-10-13 15:29:00-04:00
2022-10-17,11001.0,11093.75,11073.75,11127.0,11120.5,11110.75,11145.5,10999.0,11110.75,10747.5,368.5625346001247,,11005.0,10705.0,326.25,0.03035589672016748,0.009211949935673217,L,-22.5,36.856253460012475,-0.3052399238627385,False,False,2022-10-17 15:29:00-04:00
2022-10-18,11403.5,11369.0,11307.5,11331.0,11152.25,11203.0,11431.75,11081.5,11203.0,11110.75,373.9509249858301,,11409.5,11159.25,196.75,0.017708075512454156,0.009917420163819888,L,98.5,37.39509249858301,1.3170177343956617,True,True,2022-10-18 15:29:00-04:00
2022-10-25,11515.75,11559.75,11649.75,11638.5,11712.5,11713.0,11727.5,11514.75,11713.0,11480.0,368.40121404170105,,11526.5,11430.5,169.75,0.014786585365853658,0.006884508951393697,L,-2.0,36.840121404170105,-0.0271443187993079,True,True,2022-10-25 15:29:00-04:00
2022-10-26,11474.5,11468.0,11482.0,11547.25,11467.75,11453.25,11703.5,11433.0,11453.25,11713.0,363.67612732443666,,11568.75,11436.75,-231.0,0.01972167676940152,0.006884508951393697,S,26.0,36.36761273244367,0.3574609115984855,True,False,2022-10-26 15:29:00-04:00
2022-10-27,11400.75,11405.5,11291.5,11402.5,11268.75,11241.25,11464.5,11220.25,11241.25,11453.25,358.4135468012626,,11537.75,11345.0,-161.75,0.014122628948115164,0.01009757785744916,S,52.0,35.841354680126265,0.7254190091876406,True,False,2022-10-27 15:29:00-04:00
2022-10-31,11488.25,11472.0,11422.5,11416.25,11453.0,11448.25,11522.75,11367.0,11448.25,11584.25,390.0721398439459,,11600.0,11484.25,-161.75,0.013962923797397329,0.01009757785744916,S,6.5,39.00721398439459,0.08331792168751684,True,False,2022-10-31 15:29:00-04:00
2022-11-03,10829.25,10790.0,10727.25,10802.25,10794.75,10724.5,10888.5,10708.0,10724.5,10938.75,389.60850628175984,,10995.75,10797.0,-211.5,0.019334933150497086,0.00737609214771333,S,137.5,38.96085062817599,1.7645918631530308,True,False,2022-11-03 15:29:00-04:00
2022-11-04,10932.25,10741.25,10843.75,10888.0,10835.75,10893.25,10974.25,10662.75,10893.25,10724.5,382.3328986902056,,10939.25,10636.0,119.25,0.011119399505804466,0.010788111146378636,L,112.0,38.23328986902056,1.464692162035874,True,True,2022-11-04 15:29:00-04:00
2022-11-09,11018.0,11016.0,10977.25,11028.25,10873.25,10831.25,11049.25,10822.0,10831.25,11093.75,366.03758324430817,,11164.75,11005.5,-116.5,0.010501408450704226,0.006647302603747084,S,81.0,36.60375832443082,1.106443760256407,True,False,2022-11-09 15:29:00-05:00
2022-11-10,11356.75,11312.5,11451.0,11422.0,11577.25,11628.25,11645.0,11269.0,11628.25,10831.25,364.3741844411433,,11362.75,10809.0,619.75,0.05721869590305828,0.008820147125385473,L,99.0,36.437418444114336,1.35849360667305,True,True,2022-11-10 15:29:00-05:00
2022-11-15,12021.5,12012.75,12031.25,12019.0,11929.5,11906.25,12063.0,11764.0,11906.25,11742.25,379.6120930091806,,12118.5,11761.5,289.0,0.024611978113223614,0.007926718389567457,L,-49.5,37.961209300918064,-0.6519813371541207,False,False,2022-11-15 15:29:00-05:00
2022-11-16,11824.0,11800.5,11782.5,11758.5,11726.75,11740.25,11836.75,11706.0,11740.25,11906.25,377.99694350852485,,11962.25,11813.5,-123.75,0.010393700787401575,0.007926718389567457,S,-30.0,37.799694350852484,-0.39682860556415345,False,True,2022-11-16 15:29:00-05:00
2022-11-17,11551.0,11612.25,11588.75,11611.25,11638.75,11712.0,11775.0,11543.5,11712.0,11740.25,369.3007332579159,,11828.25,11528.0,-151.5,0.01290432486531377,0.009554125883234886,S,-149.5,36.93007332579159,-2.0240956290708296,False,True,2022-11-17 15:29:00-05:00
2022-12-02,11845.75,11883.25,11874.25,11943.0,12012.0,12013.0,12047.75,11837.25,12013.0,12059.75,299.3088078881705,,12068.0,11740.25,-185.5,0.015381745061050188,0.004636762652077665,S,-5.0,29.930880788817053,-0.08352577452161263,False,True,2022-12-02 15:29:00-05:00
2022-12-05,11920.75,11953.5,11933.0,11902.25,11759.25,11802.25,11972.25,11745.25,11802.25,12013.0,301.34032161044405,,12015.0,11918.5,-80.0,0.006659452260051611,0.004636762652077665,S,-89.0,30.134032161044406,-1.4767356642542884,False,True,2022-12-05 15:29:00-05:00
2022-12-06,11799.0,11723.0,11664.75,11633.5,11510.75,11562.5,11805.75,11502.0,11562.5,11802.25,299.0838700668409,,11846.0,11781.25,-137.5,0.01165032091338516,0.005912285041409808,S,-106.5,29.908387006684094,-1.780437038884758,False,True,2022-12-06 15:29:00-05:00
2022-12-07,11509.25,11528.25,11471.5,11512.25,11494.75,11507.75,11596.0,11440.25,11507.75,11562.5,302.29216506206654,,11596.0,11423.25,-91.0,0.00787027027027027,0.006807931503693557,S,-29.0,30.229216506206654,-0.47966840281893725,False,True,2022-12-07 15:29:00-05:00
2022-12-08,11565.5,11489.5,11601.0,11636.0,11657.25,11645.75,11685.5,11477.0,11645.75,11507.75,293.03915327191896,,11598.25,11434.25,93.25,0.00810323477656362,0.006807931503693557,L,-26.0,29.3039153271919,-0.44362672546821574,False,False,2022-12-08 15:29:00-05:00
2022-12-13,12169.0,12141.5,12133.0,12084.0,11830.5,11840.25,12178.75,11727.25,11840.25,11714.75,279.327357776387,,12228.25,11675.5,418.25,0.035702853240572784,0.005912285041409808,L,16.5,27.932735777638698,0.2953523802922471,True,True,2022-12-13 15:29:00-05:00
2022-12-14,11931.5,11982.75,12009.5,12033.75,11836.75,11862.75,12069.5,11728.75,11862.75,11840.25,298.85754650664506,,12013.75,11831.5,169.25,0.014294461687886657,0.005912285041409808,L,49.0,29.88575465066451,0.8197885677099755,True,True,2022-12-14 15:29:00-05:00
2022-12-15,11685.75,11650.5,11573.0,11545.25,11489.75,11460.5,11715.5,11404.0,11460.5,11862.75,301.8498646133133,,11898.25,11644.25,-289.75,0.024425196518513836,0.005912285041409808,S,55.5,30.18498646133133,0.9193312057816992,True,False,2022-12-15 15:29:00-05:00
2022-12-19,11354.25,11312.75,11268.75,11263.25,11150.5,11188.0,11359.25,11131.5,11188.0,11342.0,308.47896489617324,,11411.0,11322.25,-73.25,0.006458296596720156,0.005912285041409808,S,-78.0,30.847896489617327,-1.2642677277242058,False,True,2022-12-19 15:29:00-05:00
2022-12-22,11203.0,11117.75,11123.25,11043.25,11040.75,11055.25,11208.0,10870.5,11055.25,11336.25,292.6741202175264,,11384.25,11187.5,-213.0,0.018789282170029772,0.005811707209744081,S,-32.0,29.267412021752644,-0.5466831159553225,False,True,2022-12-22 15:29:00-05:00
2022-12-23,10997.25,10982.75,10939.0,10970.75,11053.5,11079.5,11103.25,10915.75,11079.5,11055.25,308.46525448770313,,11143.25,10979.25,-116.25,0.01051536600257796,0.006558874428385883,S,-55.0,30.846525448770315,-0.8915104570098762,False,True,2022-12-23 15:29:00-05:00
2022-12-27,11052.0,10955.5,10930.0,10941.0,10940.25,10918.75,11056.0,10895.75,10918.75,11079.5,302.6820220242958,,11184.0,11040.25,-149.5,0.013493388690825399,0.006558874428385883,S,40.0,30.26820220242958,0.6607594288634239,True,False,2022-12-27 15:29:00-05:00
2022-12-29,10885.75,10949.75,10963.25,10987.0,11047.5,11032.25,11071.5,10856.5,11032.25,10770.75,297.122508786255,,10904.0,10777.5,192.5,0.01787247870389713,0.007264861265160941,L,-33.5,29.712250878625504,-0.5637405280543613,False,False,2022-12-29 15:29:00-05:00
2022-12-30,10911.5,10924.0,10915.0,10902.25,10942.75,11023.0,11025.5,10855.5,11023.0,11032.25,296.8994724443797,,11036.25,10904.0,-117.25,0.010627931745564142,0.007986752523416945,S,-163.5,29.68994724443797,-2.7534572334181164,False,True,2022-12-30 15:29:00-05:00
2023-01-05,10922.25,10842.0,10868.0,10889.25,10836.5,10820.25,10927.25,10804.75,10820.25,10996.5,286.8113669680401,,11046.25,10889.25,-128.5,0.011685536307006776,0.007986752523416945,S,29.5,28.68113669680401,0.51427529375583,True,False,2023-01-05 15:29:00-05:00
2023-01-09,11199.5,11242.25,11310.5,11290.75,11215.25,11187.75,11385.5,11161.0,11187.75,11114.25,292.962352130606,,11205.5,11120.25,196.25,0.017657511752929796,0.007280765686641887,L,-58.0,29.2962352130606,-0.98988828390726,False,False,2023-01-09 15:29:00-05:00
2023-01-12,11490.25,11357.25,11358.0,11479.25,11516.75,11531.25,11575.25,11311.0,11531.25,11476.0,281.74491167308355,,11580.0,11288.5,-118.0,0.01028232833739979,0.008486831299649058,S,-32.0,28.174491167308357,-0.5678895815717603,False,True,2023-01-12 15:29:00-05:00
2023-01-18,11694.75,11688.25,11719.25,11724.75,11517.5,11479.5,11759.5,11470.75,11479.5,11627.0,259.84991728173,,11721.75,11582.0,92.25,0.00793411886127118,0.0054250842778686085,L,-79.0,25.984991728173,-1.5201082383710744,False,False,2023-01-18 15:29:00-05:00
2023-01-19,11407.5,11387.5,11395.5,11374.0,11418.0,11360.5,11454.5,11308.5,11360.5,11479.5,262.12849461874924,,11486.75,11344.75,-84.0,0.007317391872468313,0.0054250842778686085,S,112.0,26.212849461874924,2.136356830700484,True,False,2023-01-19 15:29:00-05:00
2023-01-20,11428.25,11441.0,11448.25,11472.25,11656.5,11675.75,11686.0,11383.0,11675.75,11360.5,256.13717357455283,,11448.25,11365.25,87.75,0.007724131860393469,0.006813167480949603,L,35.5,25.613717357455286,0.6929880482511679,True,True,2023-01-20 15:29:00-05:00
2023-01-23,11704.0,11736.75,11801.0,11815.25,11903.5,11931.25,11983.0,11671.75,11931.25,11675.75,260.7523754620848,,11723.5,11650.25,125.25,0.010727362267948525,0.007520761866430891,L,52.5,26.07523754620848,1.006702238224362,True,True,2023-01-23 15:29:00-05:00
2023-01-25,11712.5,11685.25,11624.25,11621.5,11868.0,11875.0,11902.5,11604.5,11875.0,11905.5,259.3489870055731,,11976.5,11701.5,-281.25,0.02362353534080887,0.006813167480949603,S,-17.0,25.934898700557312,-0.3277437131388273,False,True,2023-01-25 15:29:00-05:00
2023-01-26,12017.75,12013.25,11979.75,11993.5,12078.5,12104.75,12111.5,11904.0,12104.75,11875.0,267.3954879337465,,12026.0,11867.25,104.75,0.008821052631578948,0.006813167480949603,L,49.5,26.739548793374652,0.9255952742976872,True,True,2023-01-26 15:29:00-05:00
2023-01-30,12082.75,12086.75,12119.75,12108.75,11972.0,11971.0,12143.5,11960.0,11971.0,12223.0,267.7338645959345,,12252.0,12039.25,-103.25,0.008447189724290273,0.006813167480949603,S,-1.0,26.773386459593453,-0.01867526174750448,True,False,2023-01-30 15:29:00-05:00
2023-02-02,12681.5,12708.75,12673.0,12686.25,12782.0,12855.0,12934.75,12647.5,12855.0,12420.25,284.8045920252435,,12683.0,12501.25,252.75,0.02034983192769872,0.006813167480949603,L,143.0,28.48045920252435,2.5104932294652973,True,True,2023-02-02 15:29:00-05:00
2023-02-03,12574.5,12678.75,12724.25,12755.5,12629.75,12623.5,12877.75,12558.25,12623.5,12855.0,296.5149783091547,,12761.5,12550.5,-130.75,0.010171139634383508,0.006813167480949603,S,9.5,29.65149783091547,0.1601942683329649,True,False,2023-02-03 15:29:00-05:00
2023-02-09,12722.75,12639.5,12673.25,12684.75,12404.5,12427.5,12729.5,12366.0,12427.5,12543.5,294.0568004343963,,12727.25,12541.5,129.75,0.010344002870012357,0.006813167480949603,L,43.0,29.40568004343963,0.7311512594926919,True,True,2023-02-09 15:29:00-05:00
2023-02-13,12402.0,12412.5,12461.0,12432.75,12526.0,12544.5,12567.75,12352.0,12544.5,12345.75,292.5515269051682,,12433.75,12265.0,115.25,0.009335196322621146,0.006837130858784951,L,34.0,29.255152690516823,0.5810942154306588,True,True,2023-02-13 15:29:00-05:00
2023-02-16,12524.0,12547.75,12564.25,12576.0,12513.0,12481.75,12694.5,12476.0,12481.75,12734.0,289.0692254412007,,12792.5,12512.75,-169.75,0.01333045390293702,0.006837130858784951,S,59.5,28.906922544120068,1.0291652442280275,True,False,2023-02-16 15:29:00-05:00
2023-02-17,12389.75,12350.0,12328.75,12352.25,12360.5,12391.75,12423.5,12265.5,12391.75,12481.75,292.51070933825775,,12464.0,12337.75,-153.0,0.01225789652893224,0.007040500852747529,S,-65.5,29.251070933825776,-1.1196171269793778,False,True,2023-02-17 15:29:00-05:00
2023-02-21,12228.75,12282.0,12228.0,12190.5,12110.25,12098.0,12291.25,12091.5,12098.0,12366.75,270.6393361130896,,12379.5,12223.25,-138.75,0.011219600946085269,0.006069867568013622,S,21.5,27.06393361130896,0.3972075957024959,True,False,2023-02-21 15:29:00-05:00
2023-02-23,12252.25,12215.5,12232.0,12188.5,12242.0,12206.0,12260.25,12028.0,12206.0,12102.75,263.63799899547007,,12261.0,12150.5,129.25,0.010679391047489207,0.006069867568013622,L,-75.0,26.363799899547008,-1.4224049698027157,False,False,2023-02-23 15:29:00-05:00
2023-02-24,11994.0,11984.75,11974.75,11944.75,11976.5,11997.75,12043.0,11922.75,11997.75,12206.0,261.44957049579364,,12214.25,11973.25,-231.25,0.018945600524332296,0.006069867568013622,S,-45.5,26.144957049579364,-0.8701486851502024,False,True,2023-02-24 15:29:00-05:00
2023-02-27,12131.25,12116.75,12146.5,12169.0,12088.0,12083.75,12189.5,12058.5,12083.75,11997.75,263.5960297460941,,12153.25,11987.75,148.75,0.012398157987956075,0.007402029784695931,L,-11.5,26.35960297460941,-0.2181368211629979,False,False,2023-02-27 15:29:00-05:00
2023-03-03,12134.5,12142.75,12189.75,12194.75,12307.25,12312.25,12322.0,12111.0,12312.25,12066.0,249.9315117549509,,12155.0,12012.25,123.75,0.010256091496767776,0.006069867568013622,L,7.0,24.99315117549509,0.14003836392713967,True,True,2023-03-03 15:29:00-05:00
2023-03-09,12246.25,12278.25,12326.75,12321.0,11997.25,12006.5,12353.75,11977.0,12006.5,12231.0,243.20543282052148,,12276.5,12136.0,95.75,0.007828468645245687,0.0060211322362018335,L,15.5,24.32054328205215,0.31866064462956606,True,True,2023-03-09 15:29:00-05:00
2023-03-10,12018.0,11902.75,11909.0,11960.5,11864.5,11841.0,12079.5,11796.5,11841.0,12006.5,252.7443304761985,,12112.0,11921.5,-97.5,0.008120601340940324,0.0060211322362018335,S,44.0,25.27443304761985,0.870444846717216,True,False,2023-03-10 15:29:00-05:00
2023-03-14,12076.75,12135.25,12129.75,12149.75,12076.5,12200.25,12223.0,12038.25,12200.25,11929.75,268.76424413508954,,12086.0,11903.0,200.0,0.016764810662419583,0.00568425933701035,L,244.5,26.876424413508957,4.54859612718994,True,True,2023-03-14 15:29:00-04:00
2023-03-20,12623.5,12566.75,12564.25,12576.75,12661.0,12693.0,12708.0,12529.25,12693.0,12647.5,282.5128091613466,,12750.0,12525.5,-83.25,0.0065823285234236015,0.004794522077408801,S,-67.0,28.25128091613466,-1.1857869418185472,False,True,2023-03-20 15:29:00-04:00
2023-03-21,12775.5,12788.5,12814.0,12778.75,12859.75,12877.0,12897.5,12711.75,12877.0,12693.0,278.36903707839326,,12792.25,12676.25,121.0,0.009532813361695423,0.00568425933701035,L,31.5,27.836903707839326,0.5657956849405109,True,True,2023-03-21 15:29:00-04:00
2023-03-23,12855.0,12875.0,12889.5,12924.75,12796.75,12847.25,13031.5,12733.5,12847.25,12698.75,283.5720268686146,,12857.0,12695.0,190.75,0.015021163500344522,0.00568425933701035,L,98.0,28.357202686861463,1.7279560519805015,True,True,2023-03-23 15:29:00-04:00
2023-03-28,12776.25,12697.0,12692.5,12717.5,12688.0,12732.75,12777.0,12634.75,12732.75,12799.75,276.0195856524586,,12833.5,12751.5,-107.25,0.008379069903709057,0.0034167908313339377,S,-92.5,27.601958565245862,-1.675605732494441,False,True,2023-03-28 15:29:00-04:00
2023-03-29,12887.25,12909.0,12915.25,12904.25,12980.25,12969.0,12993.0,12854.0,12969.0,12732.75,270.5003295344258,,12891.5,12742.0,182.5,0.014333117354852643,0.004794522077408801,L,-25.5,27.05003295344258,-0.47134877883308984,False,False,2023-03-29 15:29:00-04:00
2023-03-30,13064.75,13047.0,13079.75,13041.5,13080.25,13085.0,13112.0,13011.25,13085.0,12969.0,269.1074488533954,,13073.75,12931.25,110.75,0.008539594417457013,0.00568425933701035,L,6.5,26.91074488533954,0.12076960388303996,True,True,2023-03-30 15:29:00-04:00
2023-04-03,13210.25,13227.25,13228.75,13235.25,13244.25,13268.75,13278.75,13154.25,13268.75,13301.25,262.23933089910116,,13275.5,13179.25,-72.5,0.005450615543651912,0.005058975494774463,S,-52.0,26.22393308991012,-0.991460735918508,False,True,2023-04-03 15:29:00-04:00
2023-04-05,13174.0,13148.0,13137.5,13119.25,13054.5,13079.5,13182.5,13006.0,13079.5,13223.25,249.20253531606173,,13247.25,13172.25,-85.75,0.006484790047832417,0.00494158595294938,S,-53.0,24.920253531606175,-1.0633920704855688,False,True,2023-04-05 15:29:00-04:00
2023-04-06,13012.25,12976.25,12985.5,13045.25,13174.0,13171.5,13191.25,12952.5,13171.5,13079.5,248.63449707920017,,13080.0,12983.75,-94.0,0.007186819068007187,0.005967702795742165,S,2.0,24.86344970792002,0.04021968036404294,True,False,2023-04-06 15:29:00-04:00
2023-04-10,13043.5,13007.75,12987.0,13000.5,13137.25,13164.25,13164.75,12967.5,13164.25,13171.5,234.82642860400424,,13206.25,13033.75,-184.5,0.01400751622822002,0.005967702795742165,S,-57.0,23.482642860400425,-1.2136623705188019,False,True,2023-04-10 15:29:00-04:00
2023-04-13,13028.0,13056.5,13067.25,13118.5,13219.25,13210.5,13228.5,13019.75,13210.5,12958.5,234.80882421392033,,13039.75,12925.25,108.75,0.008392175020256975,0.00494158595294938,L,-20.5,23.480882421392035,-0.43652533222779716,False,False,2023-04-13 15:29:00-04:00
2023-04-19,13085.25,13111.0,13095.0,13113.75,13202.25,13183.5,13227.0,13078.25,13183.5,13189.0,224.96988438082516,,13186.5,13065.0,-94.0,0.007127151414057169,0.005094616691800178,S,34.5,22.496988438082518,0.7667692965872488,True,False,2023-04-19 15:29:00-04:00
2023-04-20,13051.5,13109.75,13115.75,13144.75,13026.0,13077.5,13199.75,13022.0,13077.5,13183.5,220.4720354964805,,13166.0,13024.75,-67.75,0.005138999506959457,0.005094616691800178,S,-106.0,22.04720354964805,-2.403932992256792,False,True,2023-04-20 15:29:00-04:00
2023-04-21,13057.75,13061.0,12995.5,13027.75,13075.75,13088.0,13121.75,12982.75,13088.0,13077.5,217.42046153244615,,13108.0,13005.0,-82.0,0.006270311603899828,0.005294807525305685,S,-27.5,21.742046153244615,-0.6324151785478597,False,True,2023-04-21 15:29:00-04:00
2023-04-25,12988.5,13012.5,12980.25,12952.5,12842.25,12808.75,13015.5,12806.0,12808.75,13059.5,208.599785709099,,13059.75,12967.5,-79.25,0.006068379340709828,0.005294807525305685,S,64.0,20.859978570909902,1.5340380092540131,True,False,2023-04-25 15:29:00-04:00
2023-04-26,12950.0,12911.0,12961.0,12941.75,12891.0,12882.25,13012.5,12863.0,12882.25,12808.75,212.1819438727348,,12996.75,12885.25,152.25,0.011886405777300673,0.005759497442180871,L,-20.5,21.21819438727348,-0.4830759777631161,False,False,2023-04-26 15:29:00-04:00
2023-04-27,13040.75,13026.5,13023.0,13077.25,13240.25,13231.25,13253.25,13013.25,13231.25,12882.25,207.70466216753945,,13046.5,12936.0,140.75,0.01092588639406936,0.005759497442180871,L,-21.0,20.770466216753945,-0.5055254846196208,False,False,2023-04-27 15:29:00-04:00
2023-05-05,13139.0,13165.5,13190.5,13232.0,13341.0,13323.75,13358.75,13124.25,13323.75,13048.0,208.9759863280073,,13150.0,13055.75,142.5,0.010921213979153894,0.0046307161450271795,L,-37.5,20.897598632800733,-0.897232276754044,False,False,2023-05-05 15:29:00-04:00
2023-05-10,13366.75,13356.25,13376.25,13420.25,13430.5,13410.75,13448.0,13262.75,13410.75,13266.0,201.13866325168806,,13408.25,13202.0,110.25,0.008310719131614654,0.004240955025034194,L,-42.5,20.113866325168807,-1.056485096224863,False,False,2023-05-10 15:29:00-04:00
2023-05-18,13653.75,13702.5,13712.75,13730.5,13846.5,13889.5,13901.0,13652.75,13889.5,13644.75,187.8856447503826,,13683.75,13628.25,68.0,0.004983601751589439,0.003486148838512184,L,83.0,18.78856447503826,2.2087903551724373,True,True,2023-05-18 15:29:00-04:00
2023-05-22,13848.25,13911.0,13928.75,13904.5,13904.75,13905.25,13946.75,13847.0,13905.25,13858.0,191.38609164701353,,13879.25,13794.25,70.75,0.005105354307980949,0.0026262342840901692,L,-2.0,19.138609164701354,-0.05225040082036726,True,True,2023-05-22 15:29:00-04:00
2023-05-24,13642.75,13655.25,13643.0,13616.25,13681.0,13653.5,13705.75,13566.75,13653.5,13725.25,194.15433412421064,,13755.75,13628.0,-82.25,0.005992604870585235,0.0032040357099570333,S,52.0,19.415433412421066,1.3391408498440442,True,False,2023-05-24 15:29:00-04:00
2023-05-25,13954.75,13897.75,13876.5,13874.5,14010.5,13977.75,14031.5,13851.25,13977.75,13653.5,200.1790245439099,,13975.0,13803.0,223.0,0.016332808437397005,0.0032040357099570333,L,-68.5,20.017902454390992,-1.7109684732471633,False,False,2023-05-25 15:29:00-04:00
2023-05-26,14018.0,14082.5,14115.25,14150.25,14346.75,14333.25,14368.75,14014.75,14333.25,13977.75,202.20195136220204,,14044.5,13924.75,137.5,0.009837062474289495,0.0032040357099570333,L,-30.0,20.220195136220205,-0.741832603441629,False,False,2023-05-26 15:29:00-04:00
2023-06-06,14560.75,14531.25,14546.0,14554.5,14589.5,14584.0,14624.0,14505.0,14584.0,14587.5,208.0594099047719,,14616.0,14556.5,-41.5,0.0028449014567266495,0.002225573803319228,S,8.0,20.805940990477193,0.19225278019536757,True,False,2023-06-06 15:29:00-04:00
2023-06-07,14592.0,14667.5,14631.5,14597.75,14355.5,14331.75,14675.5,14305.5,14331.75,14584.0,201.6980234830025,,14615.0,14537.5,47.5,0.003256993965990126,0.002225573803319228,L,-50.5,20.16980234830025,-1.251871464279761,False,False,2023-06-07 15:29:00-04:00
2023-06-08,14337.75,14382.5,14378.75,14406.0,14488.5,14500.0,14523.5,14328.0,14500.0,14331.75,213.71959323421657,,14371.5,14257.0,47.0,0.003279432030282415,0.002225573803319228,L,20.0,21.37195932342166,0.4679028182989727,True,True,2023-06-08 15:29:00-04:00
2023-06-09,14561.75,14620.25,14653.5,14670.25,14565.0,14556.25,14688.0,14496.0,14556.25,14500.0,217.7396222889154,,14564.25,14460.25,153.5,0.010586206896551724,0.0026708008278159417,L,-20.5,21.77396222889154,-0.47074574173732286,False,False,2023-06-09 15:29:00-04:00
2023-06-12,14622.75,14620.75,14614.5,14607.5,14769.75,14802.75,14805.0,14583.0,14802.75,14556.25,218.4546492682786,,14654.0,14553.75,58.25,0.004001717475311292,0.002809086697177097,L,63.0,21.84546492682786,1.4419468803026323,True,True,2023-06-12 15:29:00-04:00
2023-06-14,15095.5,15098.5,15120.25,15143.0,15141.5,15203.0,15215.75,14976.0,15203.0,14911.25,219.95069248132182,,15151.75,14915.25,209.0,0.014016262888758488,0.002941661098547248,L,120.0,21.995069248132182,2.7278841145314963,True,True,2023-06-14 15:29:00-04:00
2023-06-21,15201.75,15183.75,15127.25,15114.25,15096.25,15045.5,15219.25,15002.5,15045.5,15253.75,223.2800743616265,,15273.0,15181.5,-126.5,0.008293042694419404,0.0026708008278159417,S,98.5,22.32800743616265,2.205749892407965,True,False,2023-06-21 15:29:00-04:00
2023-06-23,15043.5,15027.75,15020.5,15043.0,15062.5,15060.25,15155.5,14984.75,15060.25,15213.5,230.0348600363004,,15236.5,15020.5,-193.0,0.01268610116015381,0.002550821392416569,S,1.5,23.00348600363004,0.03260375405195747,True,False,2023-06-23 15:29:00-04:00
2023-06-26,15036.0,15085.0,15136.75,15140.5,14921.75,14857.75,15152.25,14853.5,14857.75,15060.25,231.58594146227892,,15114.5,14998.0,76.5,0.005079596952241828,0.002550821392416569,L,-131.0,23.158594146227895,-2.828323670531129,False,False,2023-06-26 15:29:00-04:00
2023-06-27,14917.75,14937.5,14958.75,14909.75,15138.5,15108.75,15139.75,14888.25,15108.75,14857.75,236.38337421497332,,14937.0,14862.5,101.0,0.006797799128401003,0.002550821392416569,L,-62.5,23.638337421497333,-1.322004988877958,False,False,2023-06-27 15:29:00-04:00
2023-06-29,15119.0,15087.5,15098.25,15062.75,15079.5,15103.25,15144.75,15028.5,15103.25,15139.5,236.31653184862492,,15202.75,15102.25,-41.25,0.0027246606559001288,0.002689107261777724,S,-50.5,23.631653184862493,-1.0684821667988151,False,True,2023-06-29 15:29:00-04:00
2023-06-30,15251.75,15298.25,15318.5,15336.0,15355.75,15331.0,15376.5,15238.25,15331.0,15103.25,231.8832081451517,,15263.5,15098.75,215.25,0.014251899425620313,0.002784781056313389,L,-52.5,23.188320814515173,-1.1320353987671377,False,False,2023-06-30 15:29:00-04:00
2023-07-06,15196.0,15178.5,15157.75,15142.25,15236.75,15235.75,15252.25,15112.0,15235.75,15360.0,208.86232449587874,,15365.75,15165.0,-202.25,0.013167317708333333,0.002691336915909102,S,-1.0,20.886232449587876,-0.023939214561880733,True,False,2023-07-06 15:29:00-04:00
2023-07-10,15168.75,15167.75,15115.0,15170.75,15170.0,15190.25,15214.5,15063.5,15190.25,15183.5,210.3315451010383,,15207.0,15078.0,-68.5,0.004511476273586459,0.0025956631213734367,S,-43.5,21.03315451010383,-1.034081691814312,False,True,2023-07-10 15:29:00-04:00
2023-07-12,15430.5,15430.0,15463.0,15487.25,15442.25,15452.0,15507.75,15344.0,15452.0,15259.0,203.91725062283402,,15435.0,15253.25,204.0,0.013369159184743431,0.00258353451989882,L,16.5,20.391725062283403,0.40457587451780747,True,True,2023-07-12 15:29:00-04:00
2023-07-13,15576.0,15604.5,15606.25,15591.75,15718.25,15706.0,15741.25,15552.25,15706.0,15452.0,207.53030414977442,,15581.5,15455.75,154.25,0.009982526533782034,0.00258353451989882,L,-27.5,20.753030414977445,-0.6625538403334404,False,False,2023-07-13 15:29:00-04:00
2023-07-14,15721.5,15767.75,15809.5,15832.5,15678.5,15703.0,15857.5,15658.0,15703.0,15706.0,213.09956813907624,,15739.25,15681.0,103.5,0.006589838278364956,0.002691336915909102,L,46.0,21.309956813907625,1.0793076776668733,True,True,2023-07-14 15:29:00-04:00
2023-07-18,15815.0,15762.0,15779.0,15773.75,16008.75,15972.75,16030.0,15733.5,15972.75,15844.75,213.10115824236672,,15843.75,15796.25,-65.75,0.0041496394704870695,0.003618068464743294,S,69.0,21.310115824236675,1.6189494362467072,True,False,2023-07-18 15:29:00-04:00
2023-07-20,15833.75,15890.0,15861.25,15810.5,15552.5,15588.0,15895.0,15547.5,15588.0,15957.25,214.2326313416325,,15925.75,15805.0,-96.0,0.006016074198248445,0.003437150063193599,S,-74.0,21.42326313416325,-1.7270945032177119,False,True,2023-07-20 15:29:00-04:00
2023-07-25,15588.75,15624.75,15662.0,15654.0,15701.75,15667.0,15736.0,15588.25,15667.0,15563.75,218.35216510844265,,15628.5,15549.0,98.25,0.006312745964179584,0.002691336915909102,L,-72.5,21.835216510844266,-1.6601621505331428,False,False,2023-07-25 15:29:00-04:00
2023-07-27,15835.25,15894.0,15871.0,15837.0,15571.5,15566.0,15904.0,15512.5,15566.0,15613.5,216.71181583330005,,15846.25,15631.25,257.5,0.0164921382137253,0.002691336915909102,L,-14.0,21.671181583330007,-0.3230096140851207,False,False,2023-07-27 15:29:00-04:00
2023-07-28,15738.0,15774.5,15789.0,15807.25,15844.5,15849.5,15895.75,15715.5,15849.5,15566.0,229.19668613092148,,15760.5,15546.5,223.0,0.014326095335988694,0.003403826323202572,L,7.0,22.91966861309215,0.15270726898733317,True,True,2023-07-28 15:29:00-04:00
2023-08-01,15796.5,15792.75,15782.75,15755.5,15834.0,15816.75,15849.25,15728.0,15816.75,15863.0,229.7346426332945,,15889.0,15755.5,-80.25,0.005058942192523483,0.00338330253348187,S,31.5,22.97346426332945,0.685573573905454,True,False,2023-08-01 15:29:00-04:00
2023-08-02,15667.75,15607.5,15602.0,15531.0,15435.0,15468.0,15668.75,15413.25,15468.0,15816.75,224.82502530234487,,15790.0,15591.5,-214.75,0.013577378412126384,0.0043305578720367645,S,-69.0,22.482502530234488,-1.5345266815206347,False,True,2023-08-02 15:29:00-04:00
2023-08-08,15379.25,15331.0,15294.0,15259.75,15332.75,15350.0,15379.5,15216.25,15350.0,15486.25,232.4972289582536,,15498.0,15318.75,-192.25,0.012414238437323432,0.00338330253348187,S,-37.5,23.24972289582536,-0.8064612246783674,False,True,2023-08-08 15:29:00-04:00
2023-08-09,15360.75,15295.25,15279.25,15296.0,15249.0,15180.25,15369.0,15145.0,15180.25,15350.0,236.01528403266406,,15432.75,15343.5,-70.75,0.0046091205211726384,0.0046042908315052766,S,134.5,23.601528403266407,2.849391736456048,True,False,2023-08-09 15:29:00-04:00
2023-08-10,15301.25,15322.5,15422.25,15412.0,15205.25,15200.75,15441.75,15136.0,15200.75,15180.25,239.71062088747377,,15357.0,15198.0,242.0,0.01594176643994664,0.0043793799958298536,L,-12.0,23.971062088747377,-0.2503018004703493,False,False,2023-08-10 15:29:00-04:00
2023-08-11,15091.5,15069.75,15075.75,15132.0,15116.5,15101.25,15174.25,15037.25,15101.25,15200.75,244.42771939551136,,15266.75,15078.0,-125.0,0.0082232784566551,0.0043793799958298536,S,27.5,24.442771939551136,0.5625384892517433,True,False,2023-08-11 15:29:00-04:00
2023-08-15,15225.0,15208.0,15181.25,15135.25,15088.75,15105.25,15259.25,15076.0,15105.25,15272.5,244.71063560123176,,15335.0,15152.5,-91.25,0.005974791291537077,0.0043793799958298536,S,-36.0,24.471063560123177,-0.7355626352641207,False,True,2023-08-15 15:29:00-04:00
2023-08-18,14632.0,14664.0,14641.0,14650.0,14754.75,14750.25,14802.75,14609.25,14750.25,14772.0,247.99408397081132,,14791.0,14619.75,-131.0,0.008868128892499324,0.0036130430588246546,S,6.0,24.799408397081134,0.12097062768453368,True,False,2023-08-18 15:29:00-04:00
2023-08-21,14808.5,14873.25,14913.5,14894.25,14989.75,14987.0,15013.75,14788.25,14987.0,14750.25,244.10164940146765,,14858.5,14720.5,163.25,0.011067609023575871,0.004834031356848061,L,-8.5,24.410164940146768,-0.17410779527385065,False,False,2023-08-21 15:29:00-04:00
2023-08-23,15008.75,15024.25,15093.75,15123.75,15227.5,15198.5,15242.5,14999.25,15198.5,14960.25,243.31851402473487,,15083.0,14955.25,133.5,0.008923647666315737,0.004834031356848061,L,-61.0,24.33185140247349,-1.2535009973346902,False,False,2023-08-23 15:29:00-04:00
2023-08-25,14897.0,14940.0,14948.0,14998.75,15013.25,14977.75,15049.0,14752.75,14977.75,14859.0,279.2924942356132,,14918.5,14785.5,89.0,0.005989635910895753,0.004834031356848061,L,-74.0,27.929249423561323,-1.324776023833513,False,False,2023-08-25 15:29:00-04:00
2023-08-28,15098.25,15066.5,15052.0,15045.75,15045.5,15090.75,15126.75,14983.5,15090.75,14977.75,280.5037446473551,,15107.25,14973.25,74.25,0.004957353407554539,0.004834031356848061,L,87.5,28.050374464735512,1.5596939732480866,True,True,2023-08-28 15:29:00-04:00
2023-09-07,15200.5,15227.5,15192.5,15218.0,15284.75,15277.0,15310.75,15157.5,15277.0,15398.25,238.7014060774326,,15395.5,15183.0,-205.75,0.013361908009027,0.004053324903742334,S,12.5,23.870140607743263,0.26183339690812524,True,False,2023-09-07 15:29:00-04:00
2023-09-11,15419.75,15377.75,15365.0,15347.0,15491.75,15475.0,15498.0,15338.75,15475.0,15295.25,233.58692666880668,,15436.25,15297.75,69.75,0.004560239289975646,0.0037815104483799695,L,-36.5,23.35869266688067,-0.7812937247929086,False,False,2023-09-11 15:29:00-04:00
2023-09-13,15503.75,15553.0,15547.5,15475.25,15542.0,15554.75,15620.0,15454.0,15554.75,15302.5,228.35173779096087,,15530.0,15304.5,245.0,0.01601045580787453,0.0037815104483799695,L,22.5,22.83517377909609,0.4926610197422076,True,True,2023-09-13 15:29:00-04:00
2023-09-15,15610.5,15536.25,15512.75,15484.25,15399.25,15391.25,15627.75,15356.75,15391.25,15672.25,230.94614125853258,,15719.75,15592.0,-159.5,0.010177224074399017,0.004053324903742334,S,13.0,23.09461412585326,0.2814509029931605,True,False,2023-09-15 15:29:00-04:00
2023-09-19,15355.0,15351.25,15303.75,15284.75,15361.25,15377.25,15408.0,15248.5,15377.25,15413.25,232.512234044347,,15442.5,15345.0,-109.5,0.0071042771641282665,0.0037815104483799695,S,-35.0,23.2512234044347,-0.7526485680173813,False,True,2023-09-19 15:29:00-04:00
2023-09-21,14988.5,14981.5,14933.5,14954.0,14895.75,14861.5,15020.0,14859.25,14861.5,15152.0,235.4034058851767,,15148.0,14943.0,-218.5,0.014420538542766632,0.0037815104483799695,S,65.5,23.540340588517672,1.3912288089822518,True,False,2023-09-21 15:29:00-04:00
2023-09-22,14937.25,14904.75,14949.75,14924.5,14951.5,14867.5,15027.25,14852.75,14867.5,14861.5,240.69601975052123,,14972.75,14835.75,88.25,0.005938162365844632,0.004053324903742334,L,-171.0,24.069601975052123,-3.55219833251168,False,False,2023-09-22 15:29:00-04:00
2023-09-26,14825.0,14828.25,14770.0,14742.0,14674.5,14709.0,14846.0,14666.25,14709.0,14936.75,232.63330274407187,,14952.5,14795.25,-166.75,0.011163740438850486,0.0037815104483799695,S,-72.0,23.26333027440719,-1.5474998452652702,False,True,2023-09-26 15:29:00-04:00
2023-09-29,15002.0,14993.25,15036.5,15028.0,14877.25,14867.75,15060.75,14811.0,14867.75,14858.5,240.24876681076017,,15010.0,14825.0,178.0,0.011979674933539724,0.00371942062074815,L,-22.0,24.02487668107602,-0.4578587497460293,False,False,2023-09-29 15:29:00-04:00
2023-10-04,14753.25,14806.75,14801.75,14786.25,14917.5,14919.25,14955.75,14734.25,14919.25,14720.0,249.53691351430032,,14799.75,14589.25,81.75,0.00555366847826087,0.0037782783377764374,L,0.5,24.953691351430034,0.010018557834958279,True,True,2023-10-04 15:29:00-04:00
2023-10-05,14909.25,14871.5,14837.0,14785.75,14882.75,14865.75,14926.5,14716.0,14865.75,14919.25,257.8914196918503,,14958.75,14851.0,-82.25,0.005513011713055281,0.004171797941972908,S,31.0,25.789141969185028,0.6010281388392319,True,False,2023-10-05 15:29:00-04:00
2023-10-06,14736.25,14742.0,14762.25,14779.0,15150.75,15113.0,15160.5,14702.0,15113.0,14865.75,256.80988971386097,,14922.0,14660.25,-103.5,0.006962312698652944,0.004171797941972908,S,72.5,25.6809889713861,1.4115500006790997,True,False,2023-10-06 15:29:00-04:00
2023-10-16,15175.75,15200.0,15227.0,15255.25,15332.0,15293.5,15338.0,15168.75,15293.5,15121.5,264.04189225071394,,15188.0,15083.0,105.5,0.0069768210825645605,0.0038353691591567255,L,-80.0,26.404189225071395,-1.5149111248611666,False,False,2023-10-16 15:29:00-04:00
2023-10-17,15138.75,15108.25,15079.0,15158.25,15217.5,15240.75,15309.25,15050.0,15240.75,15293.5,263.39604280423436,,15305.5,15135.5,-214.5,0.014025566417105307,0.003916481091539202,S,-49.5,26.339604280423437,-0.9396496521549912,False,True,2023-10-17 15:29:00-04:00
2023-10-18,15130.5,15135.0,15164.5,15160.0,15027.5,15023.75,15224.0,14979.0,15023.75,15240.75,263.0998968896462,,15243.0,15124.0,-76.25,0.00500303462756098,0.003916481091539202,S,4.5,26.30998968896462,0.0855188476544228,True,False,2023-10-18 15:29:00-04:00
2023-10-24,14778.25,14820.75,14826.75,14814.0,14851.25,14846.5,14877.75,14705.75,14846.5,14706.25,269.49015137091794,,14823.25,14720.0,120.5,0.008193795155121123,0.0038353691591567255,L,-12.5,26.949015137091795,-0.23191942147814124,False,False,2023-10-24 15:29:00-04:00
2023-10-25,14741.5,14631.25,14650.75,14615.25,14487.5,14476.5,14749.0,14451.75,14476.5,14846.5,267.6872834158524,,14854.5,14713.0,-195.75,0.013184925740073418,0.0038353691591567255,S,19.0,26.76872834158524,0.35489171838027667,True,False,2023-10-25 15:29:00-04:00
2023-10-26,14420.75,14414.25,14331.0,14301.5,14264.5,14194.5,14459.25,14136.5,14194.5,14476.5,278.17390602900576,,14430.75,14257.25,-145.5,0.010050771940731531,0.003916481091539202,S,137.0,27.817390602900577,2.462488339681198,True,False,2023-10-26 15:29:00-04:00
2023-10-27,14306.75,14342.0,14322.25,14346.0,14256.5,14266.25,14407.5,14209.5,14266.25,14194.5,281.7150555983625,,14343.5,14244.0,127.75,0.008999964775088944,0.004474307543148051,L,16.5,28.17150555983625,0.29284909826622535,True,True,2023-10-27 15:29:00-04:00
2023-10-30,14365.25,14435.75,14450.5,14411.0,14447.5,14418.75,14476.25,14306.25,14418.75,14266.25,275.735408769908,,14391.75,14302.25,184.25,0.012915096819416456,0.004474307543148051,L,-60.5,27.573540876990805,-1.097066210500466,False,False,2023-10-30 15:29:00-04:00
2023-10-31,14419.25,14333.25,14341.0,14386.25,14486.5,14489.25,14503.5,14311.25,14489.25,14418.75,270.70073671491457,,14455.0,14320.25,-77.75,0.005392284351972258,0.00525802317030813,S,-8.5,27.070073671491457,-0.15699994213447005,False,True,2023-10-31 15:29:00-04:00
2023-11-02,14920.5,14935.25,14915.25,14881.25,14993.25,14999.25,15008.75,14869.0,14999.25,14742.75,271.23303318786003,,14953.0,14759.75,172.5,0.01170066642926184,0.005197659489766619,L,9.0,27.123303318786004,0.16590899519540575,True,True,2023-11-02 15:29:00-04:00
2023-11-03,15051.0,15094.0,15124.75,15093.75,15196.5,15174.25,15228.5,15040.25,15174.25,14999.25,270.14495938872716,,15066.25,14924.25,125.5,0.008367085020917712,0.005197659489766619,L,-47.5,27.014495938872717,-0.8791576216613671,False,False,2023-11-03 15:29:00-04:00
2023-11-10,15328.0,15380.5,15375.5,15351.5,15590.0,15597.25,15605.0,15305.5,15597.25,15258.5,248.2551906503218,,15331.0,15207.0,117.0,0.007667857259887932,0.005197659489766619,L,11.5,24.825519065032182,0.23161650658491664,True,True,2023-11-10 15:29:00-05:00
2023-11-13,15529.5,15486.25,15490.25,15522.0,15573.25,15547.75,15589.5,15465.25,15547.75,15597.25,259.75481988958455,,15601.0,15509.5,-107.0,0.006860183686226738,0.006184552717268409,S,48.0,25.975481988958457,0.9239482066281509,True,False,2023-11-13 15:29:00-05:00
2023-11-14,15812.25,15853.5,15862.0,15864.25,15910.0,15878.75,15918.75,15790.0,15878.75,15547.75,250.8973327546142,,15839.75,15551.75,314.25,0.020211927770899325,0.006126234019099498,L,-65.5,25.089733275461423,-1.3053147931241886,False,False,2023-11-14 15:29:00-05:00
2023-11-20,15895.0,15961.75,15996.25,15973.0,16105.75,16088.75,16116.75,15894.75,16088.75,15897.5,236.39987819670287,,15931.75,15837.5,98.75,0.006211668501336688,0.006126234019099498,L,-37.0,23.63998781967029,-0.7825723152279536,False,False,2023-11-20 15:29:00-05:00
2023-11-29,16147.25,16191.5,16194.5,16116.25,16021.75,16025.75,16207.75,16013.5,16025.75,16047.75,203.97839852732477,,16173.0,16040.5,146.75,0.009144584131731862,0.0034367803490385424,L,5.0,20.397839852732478,0.12256199764530959,True,True,2023-11-29 15:29:00-05:00
2023-12-01,15933.5,15933.0,15912.25,15915.25,16031.25,16025.0,16050.0,15864.5,16025.0,15980.75,206.06683342407086,,16000.75,15919.25,-68.5,0.0042864070835223625,0.0029365505604773924,S,9.5,20.606683342407088,0.23050773970136368,True,False,2023-12-01 15:29:00-05:00
2023-12-04,15862.25,15834.25,15839.0,15831.5,15836.25,15871.25,15885.25,15721.25,15871.25,16025.0,204.5977738937801,,16027.0,15848.5,-186.0,0.011606864274570982,0.0029365505604773924,S,-73.0,20.45977738937801,-1.7839881297510842,False,True,2023-12-04 15:29:00-05:00
2023-12-07,15934.25,15952.0,15907.0,15960.25,16040.25,16035.25,16065.75,15888.0,16035.25,15815.0,213.1166396664121,,15939.75,15791.25,92.0,0.005817262092949731,0.002811940200179494,L,-13.0,21.311663966641213,-0.3049973014859065,False,False,2023-12-07 15:29:00-05:00
2023-12-11,16077.5,16132.0,16160.0,16167.5,16217.25,16234.25,16246.25,16068.5,16234.25,16098.5,218.32251073277374,,16114.0,16044.5,61.5,0.0038202316986054603,0.0028094412715665837,L,31.0,21.832251073277376,0.7099588561883096,True,True,2023-12-11 15:29:00-05:00
2023-12-14,16820.5,16856.5,16849.0,16820.5,16733.5,16755.5,16877.25,16627.25,16755.5,16566.5,217.31479813407574,,16885.5,16562.0,282.5,0.01705248543747925,0.0024198406120275393,L,41.0,21.731479813407574,0.9433319854891891,True,True,2023-12-14 15:29:00-05:00
2023-12-15,16787.75,16837.25,16822.0,16840.75,16832.0,16819.75,16887.25,16762.75,16819.75,16755.5,225.75659826735605,,16818.5,16732.25,66.5,0.003968846050550565,0.0028094412715665837,L,-27.5,22.575659826735606,-0.6090630398193868,False,False,2023-12-15 15:29:00-05:00
2023-12-18,16846.5,16858.25,16878.5,16883.25,16970.0,16938.0,16974.25,16832.0,16938.0,16819.75,220.70255553397348,,16858.75,16802.25,58.75,0.003492917552282287,0.003454505347454143,L,-67.0,22.07025555339735,-1.51788002268253,False,False,2023-12-18 15:29:00-05:00
2023-12-21,16922.25,16931.25,16893.5,16886.5,16939.5,16950.75,16966.0,16814.5,16950.75,16764.0,217.74909420850574,,16971.25,16790.0,129.5,0.007724886661894536,0.0025343869959916264,L,19.5,21.774909420850577,0.44776305662442306,True,True,2023-12-21 15:29:00-05:00
2023-12-22,16999.25,17032.75,17024.5,17027.25,16989.75,16980.25,17041.25,16896.0,16980.25,16950.75,215.14201605075533,,17014.25,16891.5,73.75,0.004350839933336283,0.002813724720727868,L,-22.0,21.514201605075534,-0.5112901794786997,False,False,2023-12-22 15:29:00-05:00
2023-12-26,17009.5,17042.75,17041.0,17046.0,17100.75,17084.0,17111.5,17005.25,17084.0,16980.25,210.47115776141567,,17037.5,16963.5,60.75,0.0035776858409034026,0.0032908482742925564,L,-36.5,21.047115776141567,-0.8671021813206207,False,False,2023-12-26 15:29:00-05:00
2024-01-02,16862.0,16777.5,16763.25,16749.0,16645.25,16721.0,16873.5,16622.0,16721.0,17019.0,189.29785081278095,,17038.5,16815.75,-255.75,0.015027322404371584,0.0030157939987175988,S,-154.5,18.929785081278094,-4.0808704202564705,False,True,2024-01-02 15:29:00-05:00
2024-01-03,16610.0,16632.75,16615.0,16569.75,16558.25,16540.5,16653.75,16522.25,16540.5,16721.0,205.52657575472517,,16740.0,16592.0,-106.0,0.006339333771903594,0.0030157939987175988,S,32.5,20.55265757547252,0.7906520088863205,True,False,2024-01-03 15:29:00-05:00
2024-01-04,16453.25,16474.25,16460.5,16522.5,16484.75,16444.0,16584.0,16435.75,16444.0,16540.5,206.3996774865305,,16587.25,16443.75,-80.0,0.004836613161633566,0.0030157939987175988,S,78.5,20.63996774865305,1.9016502582743342,True,False,2024-01-04 15:29:00-05:00
2024-01-08,16512.0,16576.5,16628.5,16625.25,16778.0,16801.5,16811.5,16505.25,16801.5,16463.75,205.35482395522277,,16514.5,16378.25,164.75,0.010006833194138637,0.003535301696592845,L,44.0,20.53548239552228,1.0713164451786656,True,True,2024-01-08 15:29:00-05:00
2024-01-09,16669.0,16675.5,16705.0,16732.25,16826.0,16831.75,16868.5,16660.75,16831.75,16801.5,221.63305081556402,,16796.0,16658.5,-96.5,0.005743534803440169,0.003535301696592845,S,-14.5,22.163305081556402,-0.3271172766571363,False,True,2024-01-09 15:29:00-05:00
2024-01-16,16916.5,16878.5,16914.0,16942.0,16928.5,16967.75,17034.0,16855.0,16967.75,16967.5,211.12249608880083,,16966.0,16812.0,-53.5,0.0031530867835567996,0.0030157939987175988,S,-81.5,21.112249608880084,-1.9301590666519983,False,True,2024-01-16 15:29:00-05:00
2024-01-17,16825.0,16737.25,16707.5,16749.5,16804.5,16868.75,16885.25,16689.0,16868.75,16967.75,211.89946065388648,,16981.25,16805.5,-260.25,0.01533792046676784,0.002845878614354855,S,-131.5,21.18994606538865,-3.1028866141096554,False,True,2024-01-17 15:29:00-05:00
2024-01-18,16996.75,17029.5,17028.0,17018.0,17108.75,17109.0,17126.0,16942.5,17109.0,16868.75,217.6387848928946,,17044.75,16833.75,159.25,0.009440533530937384,0.002845878614354855,L,-2.5,21.76387848928946,-0.05743461582985568,True,True,2024-01-18 15:29:00-05:00
2024-01-19,17190.5,17192.5,17207.75,17191.5,17430.0,17442.5,17448.25,17166.25,17442.5,17109.0,222.96815740054495,,17255.5,17107.25,98.75,0.005771816003273131,0.003365386312230101,L,22.0,22.296815740054498,0.4933439881390487,True,True,2024-01-19 15:29:00-05:00
2024-01-22,17528.0,17504.75,17540.5,17538.25,17485.25,17460.5,17584.75,17434.25,17460.5,17442.5,233.0954318719346,,17582.5,17464.0,98.0,0.005618460656442597,0.0039642628871198425,L,-52.5,23.309543187193462,-1.1261481955777692,False,False,2024-01-22 15:29:00-05:00
2024-01-24,17692.75,17656.75,17669.75,17688.75,17616.5,17624.75,17794.0,17604.25,17624.75,17529.25,221.6103468691681,,17694.0,17551.5,140.5,0.008015174636678694,0.003365386312230101,L,13.5,22.16103468691681,0.3045886663398885,True,True,2024-01-24 15:29:00-05:00
2024-01-26,17557.75,17558.0,17549.0,17541.5,17539.25,17528.75,17631.25,17501.0,17528.75,17637.75,222.2175950045378,,17611.5,17465.75,-88.75,0.005031820952218962,0.003994849972595183,S,18.0,22.221759500453782,0.4050084332798316,True,False,2024-01-26 15:29:00-05:00
2024-01-31,17399.75,17356.0,17369.5,17336.5,17298.5,17238.25,17483.75,17231.5,17238.25,17583.75,224.58985285166523,,17468.75,17333.5,-214.25,0.012184545389919671,0.003994849972595183,S,117.5,22.458985285166523,2.6158795356975717,True,False,2024-01-31 15:29:00-05:00
2024-02-02,17508.25,17576.0,17589.75,17592.0,17766.25,17729.5,17775.5,17465.75,17729.5,17440.0,238.36829148944608,,17643.75,17483.0,149.75,0.008586582568807339,0.003454634265271939,L,-76.5,23.83682914894461,-1.6046597372911717,False,False,2024-02-02 15:29:00-05:00
2024-02-07,17773.5,17731.0,17745.75,17807.25,17856.0,17841.25,17876.0,17718.25,17841.25,17661.75,237.434543149531,,17779.0,17629.5,84.0,0.004756040596203661,0.0028460649452756127,L,-32.5,23.7434543149531,-0.6843991520545564,False,False,2024-02-07 15:29:00-05:00
2024-02-09,17909.0,17899.75,17940.25,17935.5,18042.25,18039.0,18071.0,17875.25,18039.0,17865.25,228.57621322587116,,17971.5,17851.75,75.0,0.004198094065294356,0.003454634265271939,L,-9.5,22.857621322587118,-0.20780814998042743,False,False,2024-02-09 15:29:00-05:00
2024-02-13,17628.25,17642.75,17674.0,17649.75,17574.0,17680.25,17792.0,17546.25,17680.25,17963.5,226.66647977128687,,17963.5,17615.75,-289.5,0.016116013026414674,0.003977137906140717,S,-215.5,22.66664797712869,-4.753680390180449,False,True,2024-02-13 15:29:00-05:00
2024-02-14,17788.75,17771.75,17789.25,17790.5,17836.75,17869.5,17887.0,17690.5,17869.5,17680.25,240.2795883590521,,17811.75,17669.25,109.0,0.006165071195260248,0.004477067330749008,L,62.5,24.02795883590521,1.3005682344229268,True,True,2024-02-14 15:29:00-05:00
2024-02-16,17926.75,17879.0,17773.0,17764.5,17788.25,17746.75,17930.5,17713.75,17746.75,17914.0,235.06887975857043,,18026.25,17903.0,-141.0,0.007870938930445461,0.003977137906140717,S,80.0,23.506887975857044,1.7016289030297143,True,False,2024-02-16 15:29:00-05:00
2024-02-20,17661.75,17580.5,17563.0,17517.0,17586.5,17612.25,17724.0,17452.5,17612.25,17788.5,229.55684019999185,,17790.0,17613.75,-225.5,0.012676729347612221,0.0033470743369368363,S,-54.5,22.955684019999186,-1.1870698331733252,False,True,2024-02-20 15:29:00-05:00
2024-02-21,17495.0,17467.75,17473.25,17496.25,17421.0,17536.75,17542.5,17373.0,17536.75,17612.25,237.26706589999245,,17590.75,17480.75,-139.0,0.007892234098425812,0.003977137906140717,S,-234.5,23.726706589999246,-4.9416887908674445,False,True,2024-02-21 15:29:00-05:00
2024-02-22,17896.0,17901.5,17922.0,17936.75,18059.25,18044.75,18087.0,17864.0,18044.75,17536.75,244.783704049993,,17925.75,17675.5,385.25,0.021968152593838653,0.003977137906140717,L,-32.0,24.4783704049993,-0.653638282911687,False,False,2024-02-22 15:29:00-05:00
2024-02-28,17923.5,17923.25,17896.5,17909.25,17925.0,17917.5,17975.0,17876.25,17917.5,18017.5,236.3432390507041,,18019.75,17892.0,-121.0,0.00671569307617594,0.003977137906140717,S,12.0,23.634323905070413,0.25386806172664766,True,False,2024-02-28 15:29:00-05:00
2024-02-29,18030.25,18043.5,18053.5,17987.75,18050.0,18066.75,18109.0,17898.0,18066.75,17917.5,231.8544362613681,,18034.5,17826.25,136.0,0.0075903446351332495,0.003977137906140717,L,30.5,23.185443626136813,0.6577402721252555,True,True,2024-02-29 15:29:00-05:00
2024-03-05,18133.75,18065.5,18038.75,18000.0,17841.5,17931.75,18135.0,17832.5,17931.75,18258.25,236.08944842063622,,18254.0,18107.25,-219.5,0.01202196267440746,0.003960200809613151,S,-183.5,23.60894484206362,-3.886238907065881,False,True,2024-03-05 15:29:00-05:00
2024-03-06,18104.0,18101.25,18050.75,18001.0,18018.5,18044.5,18174.25,17963.5,18044.5,17931.75,249.33305924773364,,18106.0,17942.5,119.0,0.006636273648695749,0.004477067330749008,L,49.0,24.933305924773364,0.982621401025572,True,True,2024-03-06 15:29:00-05:00
2024-03-07,18182.25,18162.75,18192.75,18212.75,18303.75,18308.75,18360.0,18119.0,18308.75,18044.5,248.07712644432408,,18188.25,17915.5,148.25,0.008215799828202499,0.005181582630277302,L,7.0,24.80771264443241,0.14108515565966556,True,True,2024-03-07 15:29:00-05:00
2024-03-11,17975.75,17979.0,17899.25,17902.25,17959.25,17970.5,18025.0,17890.0,17970.5,18040.0,273.67109371985083,,18060.25,17921.0,-140.75,0.0078021064301552106,0.006400672421977999,S,-25.5,27.367109371985084,-0.4658877131193039,False,True,2024-03-11 15:29:00-04:00
2024-03-15,18152.25,18082.75,18094.25,18094.75,18088.25,18058.25,18174.75,18006.25,18058.25,18278.25,270.8385271171558,,18323.0,18130.25,-184.0,0.010066609221342306,0.00638368608573567,S,57.0,27.083852711715583,1.0522875125395967,True,False,2024-03-15 15:29:00-04:00
2024-03-18,18284.5,18330.75,18288.75,18338.75,18279.5,18229.25,18380.75,18219.0,18229.25,18058.25,274.11791803735895,,18296.0,18062.25,230.5,0.012764249027452827,0.00638368608573567,L,-103.5,27.411791803735895,-1.8878736702263696,False,False,2024-03-18 15:29:00-04:00
2024-03-19,18143.5,18066.25,18090.25,18103.25,18232.5,18270.0,18289.5,18053.25,18270.0,18229.25,277.2880667489762,,18252.75,18077.75,-139.0,0.007625107999506288,0.006675983362435844,S,-78.0,27.72880667489762,-1.4064795668003263,False,True,2024-03-19 15:29:00-04:00
2024-03-21,18687.75,18670.0,18647.75,18646.0,18586.5,18558.75,18708.5,18552.25,18558.75,18484.5,277.4741493906988,,18696.0,18526.5,163.25,0.008831723876761611,0.00638368608573567,L,-58.5,27.747414939069884,-1.0541522539749961,False,False,2024-03-21 15:29:00-04:00
2024-04-01,18500.75,18587.75,18585.5,18584.25,18468.75,18495.0,18607.25,18414.5,18495.0,18462.75,235.0546963380438,,18611.75,18478.25,122.75,0.006648522024075503,0.005047009624344083,L,49.5,23.50546963380438,1.0529464156889594,True,True,2024-04-01 15:29:00-04:00
2024-04-02,18287.5,18240.75,18254.0,18216.5,18307.0,18330.75,18345.75,18201.0,18330.75,18495.0,232.35436088532637,,18514.0,18268.75,-241.0,0.013030548796972154,0.005589476087701247,S,-50.5,23.235436088532637,-1.0867022208574604,False,True,2024-04-02 15:29:00-04:00
2024-04-04,18541.5,18537.75,18518.25,18518.25,18109.5,18075.75,18568.25,18062.5,18075.75,18370.75,236.76728055928652,,18552.0,18377.75,147.5,0.008029067947688581,0.005589476087701247,L,-70.5,23.676728055928653,-1.4888036859118885,False,False,2024-04-04 15:29:00-04:00
2024-04-05,18138.25,18169.75,18206.0,18239.0,18289.25,18293.25,18407.75,18102.5,18293.25,18075.75,256.5160462336232,,18190.5,18043.5,130.25,0.007205786758502413,0.005589476087701247,L,5.0,25.651604623362317,0.09745979000951517,True,True,2024-04-05 15:29:00-04:00
2024-04-10,18140.0,18190.25,18179.5,18168.0,18181.75,18191.5,18232.25,18107.25,18191.5,18362.25,254.74471704638125,,18470.0,18054.0,-182.75,0.009952484036542362,0.005047009624344083,S,-22.5,25.474471704638127,-0.44161857919713865,False,True,2024-04-10 15:29:00-04:00
2024-04-12,18296.75,18315.75,18338.0,18290.75,18140.0,18181.5,18343.25,18120.0,18181.5,18481.75,278.26202643284915,,18507.75,18274.25,-143.75,0.007777943106037037,0.005047009624344083,S,-86.0,27.826202643284915,-1.5453060754007288,False,True,2024-04-12 15:29:00-04:00
2024-04-15,18335.25,18308.0,18305.0,18229.75,17858.5,17876.0,18339.0,17841.5,17876.0,18181.5,286.0825959733599,,18351.0,18147.5,123.5,0.00679261887083024,0.005848187838351203,L,32.0,28.60825959733599,0.5592790412699529,True,True,2024-04-15 15:29:00-04:00
2024-04-19,17494.5,17489.5,17454.75,17411.75,17181.75,17182.25,17516.25,17113.75,17182.25,17545.0,296.3120580902523,,17552.5,17180.25,-90.25,0.0051439156454830435,0.004044006968239736,S,-4.0,29.631205809025232,-0.0674964094573171,False,True,2024-04-19 15:29:00-04:00
2024-04-22,17288.5,17290.25,17283.25,17269.5,17389.25,17350.75,17448.0,17148.75,17350.75,17182.25,306.48619679809144,,17314.5,17196.0,101.0,0.005878159146793929,0.004044006968239736,L,-80.0,30.648619679809144,-1.3051158720322862,False,False,2024-04-22 15:29:00-04:00
2024-04-23,17428.75,17446.5,17500.5,17510.25,17624.5,17608.0,17656.5,17413.5,17608.0,17350.75,305.9693255982278,,17437.25,17285.5,149.75,0.008630750832096596,0.004671443675541561,L,-36.0,30.59693255982278,-0.5882942665839657,False,False,2024-04-23 15:29:00-04:00
2024-04-24,17731.0,17770.0,17736.0,17720.25,17669.5,17658.25,17795.75,17567.25,17658.25,17608.0,311.3465166269258,,17754.25,17664.0,128.0,0.007269422989550204,0.004719474671969631,L,-25.5,31.13465166269258,-0.4095115673087109,False,False,2024-04-24 15:29:00-04:00
2024-04-25,17354.0,17371.75,17357.25,17411.0,17598.0,17567.5,17605.5,17308.0,17567.5,17658.25,311.66105115357396,,17525.0,17331.75,-301.0,0.01704585675250945,0.0055110373961384865,S,58.0,31.166105115357396,0.930498048846982,True,False,2024-04-25 15:29:00-04:00
2024-04-26,17697.25,17734.25,17784.0,17831.5,17888.5,17839.25,17901.25,17668.25,17839.25,17567.5,326.52454749974726,,17822.5,17677.5,216.5,0.012323893553436743,0.006263340585434716,L,-101.5,32.65245474997473,-1.5542476174793345,False,False,2024-04-26 15:29:00-04:00
2024-05-03,17958.0,17970.75,17999.0,17926.5,18016.25,18001.5,18050.0,17893.5,18001.5,17648.25,326.81625088286074,,17968.0,17719.0,350.75,0.019874491805136486,0.004977514801703574,L,-32.5,32.681625088286076,-0.49722129655738606,False,False,2024-05-03 15:29:00-04:00
2024-05-06,18074.25,18085.5,18109.75,18098.0,18140.5,18198.0,18198.25,18042.5,18198.0,18001.5,327.11509010551356,,18078.0,17983.75,108.25,0.006013387773241119,0.004977514801703574,L,112.0,32.71150901055136,1.7119356976756024,True,True,2024-05-06 15:29:00-04:00
2024-05-10,18274.25,18320.0,18328.75,18271.5,18261.0,18254.0,18348.0,18188.25,18254.0,18215.75,283.8276522413467,,18307.0,18213.5,113.0,0.006203422862083636,0.004977514801703574,L,-17.0,28.382765224134673,-0.29947751506510045,False,False,2024-05-10 15:29:00-04:00
2024-05-20,18643.75,18706.25,18749.5,18740.0,18779.0,18766.5,18794.5,18635.25,18766.5,18638.5,248.6933070693071,,18690.75,18631.5,111.0,0.005955414867076213,0.0038918578993334856,L,-28.0,24.86933070693071,-0.562942371267692,False,False,2024-05-20 15:29:00-04:00
2024-05-23,18981.5,18925.5,18851.25,18900.75,18650.5,18696.5,18982.5,18621.5,18696.5,18793.75,232.68611356824627,,19022.5,18843.0,57.5,0.003059527768540073,0.0025217126075328315,L,89.0,23.26861135682463,1.912447602376936,True,True,2024-05-23 15:29:00-04:00
2024-05-24,18762.25,18770.25,18749.25,18790.75,18862.25,18874.0,18926.0,18731.75,18874.0,18696.5,244.70853402765724,,18772.5,18678.0,52.75,0.002821383681437702,0.002486187279642902,L,20.5,24.470853402765727,0.41886565340796544,True,True,2024-05-24 15:29:00-04:00
2024-05-28,18920.25,18872.25,18863.0,18879.75,18879.5,18943.0,18945.75,18819.5,18943.0,18951.0,236.2512359728269,,18980.5,18885.0,-88.0,0.0046435544298453904,0.0023671152360917164,S,-130.0,23.62512359728269,-2.7513083574926207,False,True,2024-05-28 15:29:00-04:00
2024-05-29,18765.5,18787.75,18831.5,18837.5,18848.0,18811.0,18880.0,18761.0,18811.0,18943.0,230.87614768905354,,18951.0,18755.0,-111.5,0.005886079290503088,0.0029404557249888873,S,71.0,23.087614768905354,1.537620943321169,True,False,2024-05-29 15:29:00-04:00
2024-05-30,18764.75,18735.0,18738.5,18706.75,18635.0,18604.25,18769.25,18548.0,18604.25,18811.0,229.47427999697828,,18787.0,18657.25,-72.5,0.0038541279038860243,0.0029404557249888873,S,58.5,22.94742799969783,1.2746526539002612,True,False,2024-05-30 15:29:00-04:00
2024-05-31,18602.0,18618.0,18543.5,18488.5,18410.25,18598.75,18630.75,18241.25,18598.75,18604.25,230.1546885686227,,18668.0,18485.0,-60.75,0.003265382909818993,0.0029404557249888873,S,-380.0,23.01546885686227,-8.25531737726689,False,True,2024-05-31 15:29:00-04:00
2024-06-03,18712.75,18729.0,18675.0,18694.75,18588.0,18652.75,18755.5,18436.0,18652.75,18598.75,244.19721081372109,,18716.25,18539.0,76.25,0.004099737885610592,0.0029404557249888873,L,126.5,24.41972108137211,2.590119673735687,True,True,2024-06-03 15:29:00-04:00
2024-06-05,18849.0,18835.0,18857.0,18833.0,19032.75,19077.25,19080.0,18800.0,19077.25,18701.75,249.0348399363207,,18853.25,18695.5,155.25,0.008301362171989252,0.0029404557249888873,L,86.0,24.903483993632072,1.7266660364066042,True,True,2024-06-05 15:29:00-04:00
2024-06-11,19058.0,19056.0,19032.25,19056.5,19194.5,19242.5,19247.25,18994.75,19242.5,19112.5,239.78211066798355,,19113.5,19029.0,-80.25,0.004198822759973839,0.0029404557249888873,S,-99.0,23.978211066798355,-2.0643741879702033,False,True,2024-06-11 15:29:00-04:00
2024-06-12,19401.75,19481.0,19490.5,19509.25,19466.25,19491.75,19588.5,19374.5,19491.75,19242.5,241.44053133455617,,19458.5,19232.0,248.0,0.012888138235676238,0.0030950530964300024,L,48.0,24.144053133455618,0.9940335977286263,True,True,2024-06-12 15:29:00-04:00
2024-06-13,19636.75,19641.25,19631.25,19586.25,19601.75,19593.0,19663.75,19500.0,19593.0,19491.75,251.33763623923073,,19690.0,19582.5,139.5,0.007156874062103197,0.0030950530964300024,L,-20.5,25.133763623923073,-0.4078179517151081,False,False,2024-06-13 15:29:00-04:00
2024-06-21,20017.0,19988.75,19952.75,19996.0,19996.5,19975.25,20073.0,19914.0,19975.25,20035.25,261.4906510358998,,20085.5,19947.5,-82.5,0.004117742478880972,0.0030433832956283475,S,39.5,26.149065103589983,0.7552851286177928,True,False,2024-06-21 15:29:00-04:00
2024-06-25,19830.25,19824.75,19831.5,19893.5,19980.5,19967.25,19981.0,19792.25,19967.25,19745.0,258.4154082911585,,19851.0,19725.25,86.5,0.004380855912889339,0.0035597554068525087,L,-29.5,25.84154082911585,-0.570786397666391,False,False,2024-06-25 15:29:00-04:00
2024-06-28,20070.25,20102.75,20148.25,20264.0,19990.75,19932.5,20273.25,19906.0,19932.5,20047.75,251.25269752757845,,20172.75,20058.5,100.5,0.005013031387562195,0.0027149412804952384,L,-119.5,25.125269752757845,-2.3780839206091158,False,False,2024-06-28 15:29:00-04:00
2024-07-05,20441.5,20471.0,20514.0,20491.75,20623.0,20622.0,20639.75,20428.0,20622.0,20381.5,248.44205738886174,,20494.75,20361.0,132.5,0.006500993548070554,0.0023591388531864887,L,-5.0,24.844205738886174,-0.10062708489356123,False,False,2024-07-05 15:29:00-04:00
2024-07-09,20723.0,20743.75,20749.0,20760.25,20664.5,20679.5,20771.75,20616.0,20679.5,20666.25,240.4921311159063,,20748.75,20672.5,82.75,0.004004112986148914,0.0023591388531864887,L,27.0,24.049213111590632,0.5613489280234958,True,True,2024-07-09 15:29:00-04:00
2024-07-10,20758.0,20754.75,20764.0,20792.25,20870.0,20893.75,20917.5,20703.0,20893.75,20679.5,234.43912175048442,,20767.5,20682.0,84.5,0.004086172296235402,0.0023591388531864887,L,44.5,23.443912175048442,0.9490736799330304,True,True,2024-07-10 15:29:00-04:00
2024-07-12,20443.25,20444.0,20542.5,20566.5,20675.75,20540.25,20741.0,20425.25,20540.25,20429.5,261.13883457057074,,20467.5,20332.25,113.0,0.005531217112508872,0.0020125682947956637,L,-274.0,26.113883457057074,-5.246251490142758,False,False,2024-07-12 15:29:00-04:00
2024-07-15,20610.0,20598.25,20627.75,20670.5,20620.75,20593.5,20796.5,20506.25,20593.5,20540.25,271.6824892441014,,20652.0,20506.25,87.5,0.004259928676622729,0.0020239298805907373,L,-57.5,27.168248924410143,-1.0582205750540177,False,False,2024-07-15 15:29:00-04:00
2024-07-17,20260.0,20212.0,20209.0,20126.5,20056.25,19992.5,20281.5,19988.0,19992.5,20599.75,269.2224014400671,,20597.75,20254.5,-390.75,0.018968676804330148,0.0025599065554068024,S,124.5,26.922240144006707,2.312214721621439,True,False,2024-07-17 15:29:00-04:00
2024-07-18,20141.5,20039.75,20068.0,20081.75,19823.75,19893.5,20149.25,19758.75,19893.5,19992.5,295.1350870514908,,20162.75,20018.5,75.5,0.003776416156058522,0.0025599065554068024,L,136.5,29.513508705149082,2.3125003767543486,True,True,2024-07-18 15:29:00-04:00
2024-07-22,19955.0,19956.5,19970.5,19948.25,19994.25,19998.0,20044.25,19809.0,19998.0,19712.75,304.52464138623446,,19958.5,19718.75,257.75,0.013075293908764631,0.0025599065554068024,L,4.5,30.452464138623448,0.07388564648685626,True,True,2024-07-22 15:29:00-04:00
2024-07-24,19640.0,19543.5,19512.25,19476.0,19217.25,19204.75,19655.0,19166.5,19204.75,19924.5,300.79037956262056,,19886.75,19607.5,-412.25,0.02069060704158197,0.0025599065554068024,S,22.0,30.079037956262056,0.3657031855870891,True,False,2024-07-24 15:29:00-04:00
2024-07-25,19217.25,19145.25,19031.25,18927.5,19215.75,18991.25,19390.5,18883.5,18991.25,19204.75,334.89463816529053,,19304.75,19062.0,-173.5,0.009034223304130489,0.003262864413945282,S,446.0,33.48946381652905,6.658810700036833,True,False,2024-07-25 15:29:00-04:00
2024-07-26,19163.75,19135.75,19134.0,19087.25,19183.75,19175.75,19299.0,19040.75,19175.75,18991.25,347.18787829634124,,19237.25,18994.75,142.75,0.007516619495820443,0.003890264571103718,L,-19.0,34.718787829634124,-0.27362706459156105,False,False,2024-07-26 15:29:00-04:00
2024-07-29,19284.75,19342.25,19358.25,19253.75,19240.5,19209.0,19377.25,19113.0,19209.0,19175.75,344.12088698945973,,19362.0,19168.0,182.5,0.00951722879157269,0.003890264571103718,L,-66.0,34.41208869894597,-0.9589653301402415,False,False,2024-07-29 15:29:00-04:00
2024-07-31,19371.0,19328.25,19390.75,19425.75,19437.25,19496.0,19573.5,19310.5,19496.0,18939.25,356.5646933735648,,19380.75,18862.0,451.5,0.023839381179296962,0.004045142641192158,L,114.5,35.656469337356484,1.6055992380608604,True,True,2024-07-31 15:29:00-04:00
2024-08-01,19525.25,19630.75,19640.5,19576.5,18976.25,19028.0,19681.75,18868.0,19028.0,19496.0,387.04221527545303,,19716.75,19504.75,144.5,0.00741177677472302,0.004173050486429066,L,100.5,38.70422152754531,1.298307988554626,True,True,2024-08-01 15:29:00-04:00
2024-08-02,18651.25,18676.75,18574.25,18396.75,18553.25,18561.25,18761.25,18385.75,18561.25,19028.0,421.1463427557778,,18981.5,18508.0,-453.75,0.02384643682993483,0.004895572894565801,S,-19.0,42.114634275577785,-0.22557479516114512,False,True,2024-08-02 15:29:00-04:00
2024-08-05,17562.5,17775.25,17881.25,17975.0,17983.25,18020.5,18289.25,17509.25,18020.5,18561.25,433.61803255893653,,18394.0,17346.0,-680.0,0.03663546366758704,0.004895572894565801,S,-77.5,43.361803255893655,-0.8936436469517253,False,True,2024-08-05 15:29:00-04:00
2024-08-06,18077.25,17998.0,18141.5,18181.75,18342.0,18171.25,18483.0,17961.25,18171.25,18020.5,485.7703159475839,,18435.5,18017.75,121.0,0.006714575067284481,0.006471496943615946,L,-344.5,48.577031594758395,-3.545914485614355,False,False,2024-08-06 15:29:00-04:00
2024-08-07,18453.5,18519.5,18520.25,18517.0,18091.0,17972.25,18558.5,17951.0,17972.25,18171.25,488.3402933798994,,18462.5,18027.5,349.0,0.019206163582582376,0.00706317592100375,L,-240.5,48.83402933798994,-2.462422241829075,False,False,2024-08-07 15:29:00-04:00
2024-08-08,18225.25,18131.75,18208.5,18302.25,18443.25,18519.0,18555.75,18064.75,18519.0,17972.25,505.19098670990655,,18253.5,17745.0,236.25,0.013145265617827483,0.007464198135271731,L,148.5,50.51909867099066,1.4697411860721938,True,True,2024-08-08 15:29:00-04:00
2024-08-13,18821.75,18862.0,18899.25,18890.5,19060.25,19101.25,19112.75,18815.75,19101.25,18644.5,494.0833082367582,,18846.5,18628.75,254.75,0.013663546890503902,0.008275421399975466,L,79.0,49.408330823675826,0.79946032058772,True,True,2024-08-13 15:29:00-04:00
2024-08-15,19352.25,19375.5,19460.25,19445.75,19581.5,19588.0,19603.5,19336.25,19588.0,19108.0,478.94300557149046,,19370.25,19100.25,352.25,0.018434687042076618,0.008275421399975466,L,10.0,47.89430055714905,0.10439655536954415,True,True,2024-08-15 15:29:00-04:00
2024-08-23,19755.75,19719.0,19744.75,19857.0,19799.75,19789.0,19903.25,19592.0,19789.0,19584.75,424.4510224175196,,19778.5,19610.75,160.0,0.008169621772042023,0.00706317592100375,L,-24.5,42.44510224175196,-0.2886080926423131,False,False,2024-08-23 15:29:00-04:00
2024-08-29,19497.5,19542.75,19644.0,19604.75,19404.25,19393.25,19692.0,19337.0,19393.25,19421.5,404.1256091541748,,19516.5,19139.0,222.5,0.011456375666143192,0.004748171926322613,L,-25.0,40.41256091541749,-0.3093097719335876,False,False,2024-08-29 15:29:00-04:00
2024-08-30,19559.25,19559.5,19591.0,19575.25,19563.25,19610.25,19633.0,19370.0,19610.25,19393.25,414.7594942145909,,19574.75,19393.5,197.75,0.010196846841040053,0.004748171926322613,L,91.0,41.47594942145909,1.0970213011316607,True,True,2024-08-30 15:29:00-04:00
2024-09-03,19477.75,19390.5,19372.0,19293.0,19035.75,19012.0,19483.25,18911.0,19012.0,19646.75,386.3717067462544,,19683.0,19445.25,-274.75,0.013984501253387965,0.004685657667999672,S,44.5,38.637170674625445,0.575870324133554,True,False,2024-09-03 15:29:00-04:00
2024-09-05,18886.5,18991.0,19051.0,19040.0,18963.25,18975.5,19150.25,18842.0,18975.5,18957.25,405.11897163325,,19008.25,18828.0,93.75,0.004945337535771275,0.004214250825696608,L,21.5,40.511897163325,0.2653541490950432,True,True,2024-09-05 15:29:00-04:00
2024-09-06,18929.75,18849.5,18745.75,18738.5,18511.25,18458.25,18967.25,18428.75,18458.25,18975.5,399.1997593737321,,18972.5,18703.75,-229.75,0.012107717846697057,0.004214250825696608,S,103.0,39.91997593737321,1.2900809379442921,True,False,2024-09-06 15:29:00-04:00
2024-09-09,18628.75,18652.75,18687.5,18698.5,18645.0,18688.75,18730.0,18497.25,18688.75,18458.25,416.06049084703693,,18646.75,18386.75,229.25,0.012419920631695855,0.004214250825696608,L,84.5,41.6060490847037,1.015477338739502,True,True,2024-09-09 15:29:00-04:00
2024-09-16,19434.75,19380.25,19428.75,19456.5,19418.75,19438.0,19464.0,19299.0,19438.0,19527.25,401.66898804826286,,19546.75,19420.0,-98.5,0.0050442330589304685,0.0034869761603462733,S,-41.5,40.16689880482629,-0.5165945247808568,False,True,2024-09-16 15:29:00-04:00
2024-09-17,19561.25,19554.5,19526.0,19564.5,19416.75,19445.0,19615.5,19341.25,19445.0,19438.0,390.67477461624406,,19587.0,19388.75,88.0,0.004527214734026134,0.003743935033887416,L,53.5,39.06747746162441,0.6847127518349824,True,True,2024-09-17 15:29:00-04:00
2024-09-18,19731.0,19697.5,19708.5,19687.5,19743.5,19583.75,19899.75,19560.75,19583.75,19445.0,382.3587192865124,,19738.25,19440.0,263.5,0.013551041398817177,0.00423671953342334,L,-322.5,38.23587192865124,-4.217243961400831,False,False,2024-09-18 15:29:00-04:00
2024-09-19,20052.5,20031.25,20009.0,20060.25,20107.75,20081.75,20203.0,19963.25,20081.75,19583.75,387.8866679089043,,20058.0,19635.5,425.25,0.02171443160783813,0.004642590892234109,L,-55.0,38.78866679089043,-0.7089699717768699,False,False,2024-09-19 15:29:00-04:00
2024-09-26,20503.25,20436.5,20427.25,20400.75,20345.5,20341.5,20518.0,20188.0,20341.5,20194.75,356.07690310938307,,20537.75,20229.0,232.5,0.011512893202441228,0.0042616902034192565,L,-11.0,35.60769031093831,-0.15446101535854062,False,False,2024-09-26 15:29:00-04:00
2024-10-01,20252.0,20101.25,20043.75,19945.25,20038.25,19978.5,20266.25,19818.0,19978.5,20270.25,337.801642176135,,20331.5,20213.25,-226.5,0.011174011174011175,0.003971195002816463,S,116.5,33.780164217613496,1.7243847491311945,True,False,2024-10-01 15:29:00-04:00
2024-10-04,20227.5,20200.25,20085.5,20067.25,20196.0,20227.25,20245.25,20013.0,20227.25,19988.0,337.9255495120147,,20263.0,19941.25,97.5,0.004877926756053632,0.003650363860235601,L,59.5,33.792554951201474,0.880371432197442,True,True,2024-10-04 15:29:00-04:00
2024-10-07,20137.0,20117.5,20109.25,20150.0,19995.75,19999.0,20187.75,19948.0,19999.0,20227.25,336.77015311829933,,20268.0,20058.0,-118.0,0.005833714419903843,0.003650363860235601,S,-9.5,33.67701531182993,-0.1410457534914455,False,True,2024-10-07 15:29:00-04:00
2024-10-08,20103.25,20102.25,20155.75,20183.0,20288.5,20300.0,20329.5,20069.5,20300.0,19999.0,335.57228503842083,,20107.75,19902.5,156.75,0.00783789189459473,0.003650363860235601,L,20.0,33.55722850384208,0.2979983880032007,True,True,2024-10-08 15:29:00-04:00
2024-10-10,20359.75,20379.25,20357.25,20402.25,20415.0,20429.5,20508.0,20301.25,20429.5,20458.5,338.1490620994546,,20474.5,20322.25,-101.25,0.0049490431849842365,0.0035685210574938585,S,-32.0,33.81490620994546,-0.47316410995379793,False,True,2024-10-10 15:29:00-04:00
2024-10-14,20551.0,20603.25,20670.75,20628.75,20638.5,20621.5,20680.0,20525.0,20621.5,20449.0,318.2267423204481,,20566.25,20382.5,221.75,0.010844051053841263,0.0042616902034192565,L,-37.0,31.822674232044815,-0.5813464910303126,False,False,2024-10-14 15:29:00-04:00
2024-10-16,20353.25,20246.0,20223.5,20303.5,20348.5,20346.5,20379.5,20205.25,20346.5,20343.75,323.06795638854965,,20397.5,20306.75,-120.25,0.005910906298003072,0.003735766088566056,S,1.0,32.306795638854965,0.015476620014850884,True,False,2024-10-16 15:29:00-04:00
2024-10-17,20573.0,20447.75,20434.0,20414.5,20381.0,20364.0,20576.0,20353.75,20364.0,20346.5,313.7238166465104,,20594.5,20276.75,87.5,0.004300493942447104,0.003735766088566056,L,-37.0,31.37238166465104,-0.5896906456689245,False,False,2024-10-17 15:29:00-04:00
2024-10-18,20466.0,20496.0,20475.25,20489.75,20490.5,20482.5,20532.0,20433.0,20482.5,20364.0,314.01140117175964,,20509.75,20321.0,111.25,0.005463072087998428,0.003735766088566056,L,-19.0,31.401140117175967,-0.3025367857520447,False,False,2024-10-18 15:29:00-04:00
2024-10-23,20434.75,20427.0,20432.5,20400.75,20185.5,20218.5,20462.75,20079.0,20218.5,20540.25,295.7228674833658,,20542.5,20423.75,-107.75,0.005245797884641131,0.003887930223383419,S,-69.0,29.57228674833658,-1.1666328104281825,False,True,2024-10-23 15:29:00-04:00
2024-10-24,20372.5,20340.5,20337.75,20353.5,20390.0,20380.0,20408.75,20260.5,20380.0,20218.5,307.7069483774111,,20428.0,20268.0,119.25,0.005898063654573782,0.004589210349250368,L,-23.0,30.77069483774111,-0.3737322169889687,False,False,2024-10-24 15:29:00-04:00
2024-10-25,20491.0,20587.0,20648.25,20661.5,20514.0,20495.0,20707.5,20460.0,20495.0,20380.0,297.6921663504532,,20511.75,20363.25,268.25,0.013162414131501472,0.004589210349250368,L,-41.0,29.76921663504532,-0.6886308179123098,False,False,2024-10-25 15:29:00-04:00
2024-10-31,20365.75,20259.5,20166.25,20133.75,20080.75,20012.5,20369.0,20007.75,20012.5,20536.0,297.8381719370912,,20496.5,20287.0,-369.75,0.018004966887417217,0.004589210349250368,S,133.5,29.783817193709123,2.241149936083371,True,False,2024-10-31 15:29:00-04:00
2024-11-01,20068.5,20150.0,20167.75,20215.0,20157.0,20146.75,20287.25,20057.25,20146.75,20012.5,312.117588227299,,20147.0,20017.75,155.25,0.007757651467832604,0.004913484970518934,L,-23.5,31.2117588227299,-0.3764606815891159,False,False,2024-11-01 15:29:00-04:00
2024-11-05,20152.25,20217.25,20290.25,20276.75,20330.75,20341.25,20373.0,20147.0,20341.25,20085.75,303.8360837265996,,20171.25,20041.75,204.5,0.010181347472710753,0.00462476856371567,L,18.0,30.383608372659964,0.2962123487642915,True,True,2024-11-05 15:29:00-05:00
2024-11-06,20684.75,20743.25,20676.25,20749.0,20903.25,20893.5,20935.75,20643.5,20893.5,20341.25,306.7227920318425,,20731.5,20323.5,335.0,0.01646899772629509,0.00462476856371567,L,-22.5,30.672279203184253,-0.36678069880219655,False,False,2024-11-06 15:29:00-05:00
2024-11-07,21006.25,21072.75,21109.25,21117.0,21231.25,21221.75,21253.5,21003.75,21221.75,20893.5,328.54616402956805,,21020.5,20860.75,215.75,0.010326177997941943,0.005097420534812684,L,-22.0,32.85461640295681,-0.33480835280761445,False,False,2024-11-07 15:29:00-05:00
2024-11-15,20758.5,20701.0,20690.0,20630.25,20480.25,20491.75,20774.0,20405.25,20491.75,21008.75,294.90773697122853,,20981.0,20752.0,-318.75,0.015172249657880645,0.003105339028139047,S,-26.0,29.490773697122854,-0.44081583391175294,False,True,2024-11-15 15:29:00-05:00
2024-11-19,20522.0,20578.5,20554.5,20560.5,20751.75,20765.25,20792.5,20508.0,20765.25,20631.25,310.25207932723276,,20696.75,20382.0,-76.75,0.0037200848227809755,0.003105339028139047,S,-30.0,31.025207932723276,-0.4834778233405173,False,True,2024-11-19 15:29:00-05:00
2024-11-20,20753.0,20655.25,20614.25,20531.5,20655.0,20752.0,20764.25,20477.25,20752.0,20765.25,317.4126450895733,,20843.5,20733.0,-151.0,0.0072717641251610265,0.0034432930376015565,S,-197.0,31.74126450895733,-3.103216003641048,False,True,2024-11-20 15:29:00-05:00
2024-11-21,20875.25,20695.25,20667.25,20683.0,20869.25,20823.5,20907.0,20514.0,20823.5,20752.0,320.90102758317516,,20889.25,20595.75,-84.75,0.004083943716268312,0.0034432930376015565,S,88.5,32.09010275831752,1.3789298318320506,True,False,2024-11-21 15:29:00-05:00
2024-11-25,21016.0,21061.5,20944.25,20894.0,20857.75,20878.0,21081.25,20780.25,20878.0,20847.5,316.1544574569215,,21045.5,20908.0,96.75,0.00464084422592637,0.003105339028139047,L,37.5,31.61544574569215,0.5930645467035629,True,True,2024-11-25 15:29:00-05:00
2024-11-26,20938.75,20977.25,20971.5,20969.0,20956.5,20989.5,21025.0,20903.75,20989.5,20878.0,315.0719962099985,,20979.5,20755.25,93.5,0.004478398314014752,0.0034432930376015565,L,63.0,31.50719962099985,0.9997714928306402,True,True,2024-11-26 15:29:00-05:00
2024-11-27,20936.25,20883.75,20859.25,20810.0,20799.25,20816.75,20939.75,20675.0,20816.75,20989.5,311.8347107664271,,21019.25,20904.5,-130.25,0.006205483694228066,0.0039020142695246436,S,-38.0,31.183471076642714,-0.6092971482649193,False,True,2024-11-27 15:29:00-05:00
2024-12-02,21042.75,21113.0,21150.0,21191.0,21236.0,21217.0,21259.5,21026.5,21217.0,20991.5,292.86665800067067,,21046.75,20939.75,158.5,0.007550675273324917,0.003583414215346437,L,-41.0,29.28666580006707,-0.6999772572251312,False,False,2024-12-02 15:29:00-05:00
2024-12-04,21418.0,21414.0,21416.75,21444.5,21521.25,21537.25,21550.0,21388.25,21537.25,21279.0,287.5878326638436,,21456.75,21305.5,137.75,0.0064735184924103574,0.003583414215346437,L,29.0,28.75878326638436,0.5041937924038948,True,True,2024-12-04 15:29:00-05:00
2024-12-06,21491.0,21551.75,21607.75,21623.25,21648.5,21658.25,21669.5,21485.0,21658.25,21475.25,273.509406735661,,21530.0,21424.0,132.5,0.006169893249205481,0.0033066224301670174,L,16.5,27.3509406735661,0.3016349638012044,True,True,2024-12-06 15:29:00-05:00
2024-12-11,21590.25,21636.25,21696.0,21734.5,21815.75,21791.5,21819.75,21573.0,21791.5,21408.0,270.1248784979035,,21590.5,21405.75,288.0,0.013452914798206279,0.003583414215346437,L,-51.5,27.012487849790354,-0.9532628073056162,False,False,2024-12-11 15:29:00-05:00
2024-12-12,21693.75,21687.75,21683.5,21649.5,21653.5,21643.25,21744.5,21624.75,21643.25,21791.5,280.4016728909104,,21772.75,21648.0,-108.0,0.004956060849413762,0.0039020142695246436,S,17.5,28.04016728909104,0.3120523465423177,True,False,2024-12-12 15:29:00-05:00
2024-12-13,21795.0,21888.75,21880.5,21862.0,21811.0,21797.5,21908.0,21666.75,21797.5,21643.25,272.55155339870254,,21844.0,21697.5,237.25,0.010961847227195546,0.004281171015141532,L,-30.0,27.255155339870257,-0.5503545957801687,False,False,2024-12-13 15:29:00-05:00
2024-12-16,21899.5,21918.5,21970.75,21974.75,22145.5,22111.5,22152.5,21896.0,22111.5,21797.5,272.8157281559381,,21914.0,21762.25,173.25,0.007948159192567954,0.004281171015141532,L,-71.0,27.281572815593808,-1.3012446254458117,False,False,2024-12-16 15:29:00-05:00
2024-12-17,22033.5,22054.0,22004.75,21976.0,21971.25,22015.75,22080.75,21942.75,22015.75,22111.5,281.3288904305139,,22125.0,22010.0,-106.75,0.004827804536101124,0.004559621269970561,S,-92.0,28.132889043051392,-1.6350969120024184,False,True,2024-12-17 15:29:00-05:00
2024-12-19,21677.0,21586.0,21578.75,21629.75,21489.0,21376.75,21698.0,21363.25,21376.75,21211.75,329.75169634059614,,21682.25,21182.5,367.0,0.017301731351727228,0.004559621269970561,L,-227.5,32.97516963405962,-3.449565271758576,False,False,2024-12-19 15:29:00-05:00
2024-12-20,21211.25,21264.5,21230.25,21340.75,21651.5,21567.5,21812.5,21160.25,21567.5,21376.75,343.01943231626785,,21436.0,21007.0,-146.5,0.006853240085607027,0.004734324381013747,S,165.0,34.30194323162679,2.405111554261277,True,False,2024-12-20 15:29:00-05:00
2024-12-27,21845.75,21682.5,21695.75,21579.25,21649.5,21703.0,21863.0,21498.25,21703.0,22007.25,359.4570362969838,,22008.75,21844.0,-311.5,0.014154426382214952,0.004891932692757443,S,-110.0,35.94570362969838,-1.5300855024732063,False,True,2024-12-27 15:29:00-05:00
2024-12-30,21408.5,21333.75,21289.0,21350.5,21467.75,21412.0,21569.5,21252.75,21412.0,21703.0,370.24581941862783,,21742.5,21358.5,-414.0,0.01907570381974842,0.005562977049309622,S,108.5,37.024581941862785,1.4652427429210446,True,False,2024-12-30 15:29:00-05:00
2025-01-02,21348.0,21214.0,21391.5,21423.0,21156.25,21169.5,21444.0,20983.25,21169.5,21220.75,376.2259871517761,,21490.75,21121.0,170.75,0.008046369708893417,0.005562977049309622,L,23.5,37.62259871517761,0.31231229105021513,True,True,2025-01-02 15:29:00-05:00
2025-01-03,21293.75,21424.25,21383.5,21349.0,21522.5,21508.25,21559.25,21260.75,21508.25,21169.5,385.6027023552207,,21303.0,21144.25,214.0,0.010108883062897093,0.006321705870807919,L,-31.5,38.56027023552207,-0.4084514943438067,False,False,2025-01-03 15:29:00-05:00
2025-01-06,21732.75,21793.5,21818.75,21852.5,21727.25,21750.0,21897.0,21646.5,21750.0,21508.25,387.7025093298478,,21761.0,21478.75,310.5,0.014436320946613509,0.0064806006471025395,L,42.5,38.77025093298479,0.5481006567827246,True,True,2025-01-06 15:29:00-05:00
2025-01-10,21193.25,21120.25,21054.75,20906.0,21011.25,21016.0,21197.25,20874.75,21016.0,21360.25,372.7009610310752,,21372.5,21044.5,-305.5,0.014302267061481022,0.006822274065303313,S,-12.5,37.27009610310753,-0.16769476479774584,False,True,2025-01-10 15:29:00-05:00
2025-01-13,20765.75,20781.5,20801.5,20772.75,20884.25,20948.0,20964.75,20701.5,20948.0,21016.0,381.6330352431413,,21037.0,20693.5,-214.5,0.010206509326227636,0.0074006996390874906,S,-130.5,38.16330352431413,-1.7097576460703598,False,True,2025-01-13 15:29:00-05:00
2025-01-15,21252.25,21297.0,21327.25,21363.5,21440.0,21396.0,21452.75,21186.5,21396.0,20923.75,378.30858651066774,,21329.0,20908.75,403.5,0.019284306111476194,0.0074006996390874906,L,-91.0,37.83085865106678,-1.2027218419668877,False,False,2025-01-15 15:29:00-05:00
2025-01-17,21647.0,21515.75,21506.0,21557.5,21600.75,21600.25,21672.5,21481.0,21600.25,21248.0,390.49056694032066,,21680.0,21208.75,258.0,0.012142319277108434,0.006822274065303313,L,-4.0,39.04905669403207,-0.051217626476125946,False,False,2025-01-17 15:29:00-05:00
2025-01-22,21914.25,21960.25,22014.0,22028.5,22015.25,21997.25,22094.0,21902.5,21997.25,21714.5,388.06141602328154,,21934.5,21769.0,299.5,0.01379262704644362,0.006822274065303313,L,-39.0,38.806141602328154,-0.502497779857354,False,False,2025-01-22 15:29:00-05:00
2025-01-27,21123.75,21273.0,21331.0,21290.5,21177.0,21258.5,21418.0,21096.75,21258.5,21908.5,360.4713669836552,,21774.0,20763.75,-577.5,0.026359632106260127,0.007315970817572136,S,-166.0,36.04713669836552,-2.302540717575592,False,True,2025-01-27 15:29:00-05:00
2025-01-30,21650.0,21647.75,21672.5,21596.5,21690.5,21624.25,21748.75,21419.0,21624.25,21530.0,413.49374754485797,,21709.5,21505.5,142.5,0.0066186716209939616,0.005548749776783953,L,-135.5,41.3493747544858,-1.6384770121016188,False,False,2025-01-30 15:29:00-05:00
2025-01-31,21774.25,21819.5,21867.75,21898.25,21558.0,21580.25,21965.75,21536.25,21580.25,21624.25,407.5120512916538,,21813.75,21660.5,243.5,0.011260506144721781,0.006602121773622408,L,41.5,40.751205129165385,0.5091873954213284,True,True,2025-01-31 15:29:00-05:00
2025-02-03,21215.5,21261.25,21215.25,21128.25,21458.0,21406.75,21520.0,21113.25,21406.75,21580.25,409.4219047708214,,21280.25,20940.25,-365.0,0.016913613141645717,0.006602121773622408,S,99.5,40.94219047708214,1.2151279504170185,True,False,2025-02-03 15:29:00-05:00
2025-02-04,21421.75,21506.25,21559.25,21625.0,21629.5,21668.0,21694.75,21405.0,21668.0,21406.75,425.7131972871913,,21600.0,21240.75,152.5,0.007123921193081621,0.006602121773622408,L,74.0,42.57131972871913,0.8691297388894277,True,True,2025-02-04 15:29:00-05:00
2025-02-10,21764.5,21799.0,21792.75,21841.75,21862.75,21843.0,21893.75,21742.25,21843.0,21588.25,406.33833891398035,,21791.5,21415.0,204.5,0.009472745590772758,0.005704176031428916,L,-42.5,40.63383389139804,-0.5229632049192018,False,False,2025-02-10 15:29:00-05:00
2025-02-13,21869.25,21886.5,21920.0,21935.25,22084.5,22109.0,22123.75,21835.0,22109.0,21801.75,393.4007217908217,,21927.0,21752.75,118.25,0.005423876523673559,0.005015765878585611,L,46.0,39.34007217908217,0.5846455973771577,True,True,2025-02-13 15:29:00-05:00
2025-02-20,22210.0,22166.25,22010.25,22032.0,22101.75,22145.25,22227.0,21950.75,22145.25,22246.75,334.5731190796238,,22235.0,22140.5,-236.5,0.01063076629170553,0.0038522765560563676,S,-90.0,33.45731190796238,-1.3449974739091524,False,True,2025-02-20 15:29:00-05:00
2025-02-24,21753.0,21711.75,21568.0,21570.75,21522.25,21421.75,21801.75,21408.5,21421.75,21682.5,349.7301383900837,,21813.0,21677.75,-114.5,0.005280756370344748,0.004007702810701331,S,198.0,34.973013839008374,2.8307540338309902,True,False,2025-02-24 15:29:00-05:00
2025-02-25,21391.25,21313.75,21260.75,21140.25,21227.0,21150.25,21397.5,20990.5,21150.25,21421.75,353.7315570765063,,21453.25,21285.5,-161.0,0.007515725839392207,0.004007702810701331,S,150.5,35.37315570765063,2.1273193893674764,True,False,2025-02-25 15:29:00-05:00
2025-02-26,21238.5,21233.5,21300.5,21328.75,21148.25,21192.0,21409.75,21064.75,21192.0,21150.25,361.5185887138987,,21332.5,21198.5,150.25,0.007103934941667356,0.005015765878585611,L,84.5,36.15185887138987,1.1686812606318322,True,True,2025-02-26 15:29:00-05:00
2025-02-27,21340.5,21192.25,21008.0,21067.25,20688.75,20608.5,21381.0,20597.5,20608.5,21192.0,360.3386895200488,,21386.5,21107.75,-184.0,0.008682521706304265,0.005244753995454496,S,157.5,36.03386895200488,2.185443925127514,True,False,2025-02-27 15:29:00-05:00
2025-03-04,20342.5,20331.0,20231.0,20206.75,20671.5,20397.25,20733.0,20075.75,20397.25,20473.25,427.5018589196601,,20591.75,20261.5,-242.25,0.011832513157412721,0.004007702810701331,S,545.5,42.75018589196601,6.38008921620286,True,False,2025-03-04 15:29:00-05:00
2025-03-05,20421.25,20425.0,20314.75,20435.25,20690.0,20658.0,20725.5,20215.0,20658.0,20397.25,443.91244042539864,,20631.25,20379.25,-82.5,0.004044662883476939,0.004007702810701331,S,61.0,44.39124404253987,0.6870724319140962,True,False,2025-03-05 15:29:00-05:00
2025-03-06,20311.0,20247.5,20282.25,20403.0,20105.5,20094.0,20513.25,20002.75,20094.0,20658.0,448.6686946807273,,20648.5,20299.25,-375.75,0.01818907929131571,0.003618644184136311,S,20.0,44.866869468072736,0.22288160771091908,True,False,2025-03-06 15:29:00-05:00
2025-03-10,19881.75,19881.5,19790.5,19720.25,19434.0,19463.25,19902.0,19271.75,19463.25,20224.75,466.8890785767495,,20156.0,19860.5,-434.25,0.021471217196751505,0.004626707252020591,S,-61.5,46.688907857674955,-0.658614677681846,False,True,2025-03-10 15:29:00-04:00
2025-03-12,19696.5,19686.25,19643.25,19641.75,19619.0,19609.25,19776.75,19395.0,19609.25,19392.75,503.7117565279115,,19788.75,19387.0,250.5,0.012917198437560428,0.004626707252020591,L,-22.5,50.37117565279115,-0.22334201761631145,False,False,2025-03-12 15:29:00-04:00
2025-03-13,19573.75,19471.75,19367.25,19478.0,19261.25,19252.0,19577.0,19165.5,19252.0,19609.25,496.42877391877494,,19693.75,19400.5,-242.0,0.012341114525032828,0.004662709626910844,S,15.5,49.6428773918775,0.15611504423528932,True,False,2025-03-13 15:29:00-04:00
2025-03-14,19465.0,19577.0,19545.0,19479.0,19668.25,19705.25,19742.75,19426.25,19705.25,19252.0,498.7017186388625,,19533.75,19298.25,293.0,0.015219198005402036,0.004662709626910844,L,71.0,49.87017186388625,0.7118483589126653,True,True,2025-03-14 15:29:00-04:00
2025-03-18,19692.0,19508.75,19468.25,19453.0,19503.5,19501.75,19693.5,19401.0,19501.75,19832.5,488.87801249983556,,19858.0,19679.75,-364.25,0.018366317912517333,0.006192345656006052,S,0.5,48.88780124998356,0.005113750130050778,True,False,2025-03-18 15:29:00-04:00
2025-03-20,19786.5,19882.75,19934.0,20002.0,19833.0,19881.5,20105.0,19756.75,19881.5,19749.25,486.14736792077656,,20093.25,19734.5,184.75,0.00935478562477056,0.007309830390529782,L,94.0,48.61473679207766,0.9667850347728141,True,True,2025-03-20 15:29:00-04:00
2025-03-21,19657.75,19683.75,19718.75,19717.25,19840.75,19952.75,19973.25,19607.0,19952.75,19881.5,477.8868416407211,,19933.0,19602.5,-162.75,0.008186002062218645,0.007309830390529782,S,-227.0,47.788684164072116,-2.375039237538374,False,True,2025-03-21 15:29:00-04:00
2025-03-24,20256.25,20238.25,20315.25,20319.0,20370.5,20366.0,20409.25,20228.75,20366.0,19952.75,470.5556386663839,,20287.0,20048.0,362.5,0.01816792171505181,0.007850863950805425,L,-12.0,47.055563866638394,-0.12750883226061815,False,False,2025-03-24 15:29:00-04:00
2025-03-31,19166.75,19004.25,19089.25,19156.0,19365.75,19450.25,19489.5,18976.75,19450.25,19461.5,455.7469683341719,,19365.0,19118.25,-372.25,0.019127508157130744,0.008296629940362187,S,-172.0,45.57469683341719,-1.8870120039271738,False,True,2025-03-31 15:29:00-04:00
2025-04-03,18923.75,18989.25,18988.25,18904.0,18726.25,18686.25,19074.0,18664.75,18686.25,19746.5,491.02727384481614,,19176.75,18817.5,-758.25,0.0383992099865799,0.008296629940362187,S,77.0,49.10272738448162,0.784070499761435,True,False,2025-04-03 15:29:00-04:00
2025-04-04,18153.0,18028.0,18195.0,18001.5,17745.0,17535.75,18248.75,17528.25,17535.75,18686.25,496.15032571304357,,18713.25,17819.5,-491.25,0.026289383905277946,0.008296629940362187,S,415.5,49.61503257130436,4.187239012721227,True,False,2025-04-04 15:29:00-04:00
2025-04-07,16928.0,16754.75,17274.25,17955.5,17434.25,17560.25,18360.25,16673.5,17560.25,17535.75,555.4431595906833,,17278.25,16452.5,-261.5,0.014912393253781561,0.008881021721638144,S,-255.0,55.544315959068335,-2.295464401685263,False,True,2025-04-07 15:29:00-04:00
2025-04-08,18149.0,18132.75,18248.5,18294.25,17269.75,17239.25,18357.25,16972.0,17239.25,17560.25,652.0365053342059,,18170.5,17644.0,688.25,0.03919363334804459,0.008881021721638144,L,-64.0,65.2036505334206,-0.4907700679059092,False,False,2025-04-08 15:29:00-04:00
2025-04-09,17207.75,17366.75,17446.25,17363.5,19149.25,19272.0,19388.0,17196.25,19272.0,17239.25,704.408897810334,,17426.0,16735.0,207.0,0.012007482924141132,0.010847950074901695,L,242.5,70.4408897810334,1.7213013688059235,True,True,2025-04-09 15:29:00-04:00
2025-04-10,18791.0,18730.75,18661.75,18620.0,18386.0,18483.25,18871.75,17918.25,18483.25,19272.0,843.5939765381672,,19384.5,18706.0,-610.25,0.0316651100041511,0.010681134274455845,S,-197.5,84.35939765381673,-1.1705868314190386,False,True,2025-04-10 15:29:00-04:00
2025-04-14,19232.75,19053.5,19046.25,19095.5,19039.75,18941.0,19255.25,18738.5,18941.0,18808.75,881.8858777293381,,19255.75,18924.75,237.5,0.012627101747856716,0.008881021721638144,L,-200.5,88.18858777293381,-1.136768402030903,False,False,2025-04-14 15:29:00-04:00
2025-04-16,18584.75,18636.25,18524.0,18552.0,18135.0,18387.5,18735.25,18116.25,18387.5,18959.75,818.6375680421334,,18861.0,18504.5,-435.75,0.022982897981249754,0.008881021721638144,S,-508.0,81.86375680421334,-3.1027161458943358,False,True,2025-04-16 15:29:00-04:00
2025-04-21,18128.75,18082.5,17994.5,17965.25,17778.0,17922.25,18165.75,17700.0,17922.25,18373.0,788.4132601995946,,18384.75,18074.25,-378.5,0.020600881728623524,0.01020737037132343,S,-291.5,78.84132601995947,-1.8486497799783572,False,True,2025-04-21 15:29:00-04:00
2025-04-22,18152.25,18211.0,18253.75,18271.25,18273.0,18379.75,18513.5,18100.25,18379.75,17922.25,784.240884471052,,18170.75,17863.75,331.5,0.01849656153663742,0.012317292335998924,L,210.5,78.4240884471052,1.342062140396928,True,True,2025-04-22 15:29:00-04:00
2025-04-23,18949.0,19035.75,19066.75,19065.25,18775.0,18788.0,19165.75,18729.75,18788.0,18379.75,774.6343927231197,,18972.25,18618.25,687.0,0.03737809273793169,0.012317292335998924,L,23.0,77.46343927231197,0.1484571316227433,True,True,2025-04-23 15:29:00-04:00
2025-04-24,18875.5,18954.25,19051.25,19077.0,19239.75,19319.25,19338.5,18846.5,19319.25,18788.0,776.9105075286112,,18877.75,18595.0,263.25,0.014011603150947414,0.013769747500819138,L,156.0,77.69105075286113,1.0039766388038907,True,True,2025-04-24 15:29:00-04:00
2025-04-30,19301.25,19179.5,19117.5,19252.5,19478.5,19642.5,19715.75,19102.25,19642.5,19645.0,694.2813282362731,,19623.25,19231.5,-527.5,0.02685161618732502,0.013319352449402064,S,-331.0,69.42813282362731,-2.3837599150250828,False,True,2025-04-30 15:29:00-04:00
2025-05-06,19795.75,19847.0,19756.5,19818.25,19948.25,19875.75,20027.0,19738.25,19875.75,20065.5,635.1122648312212,,20037.5,19783.75,-309.0,0.015399566419974583,0.012480026628032978,S,142.0,63.51122648312212,1.1179125948523132,True,False,2025-05-06 15:29:00-04:00
2025-05-12,20918.75,20777.25,20786.75,20837.0,20884.25,20949.75,20954.25,20690.0,20949.75,20136.5,562.6362100646737,,20991.5,20373.75,650.25,0.032292106373997466,0.00842010383776067,L,128.0,56.263621006467375,1.137502330193845,True,True,2025-05-12 15:29:00-04:00
2025-05-22,21171.0,21157.75,21286.5,21272.5,21324.25,21183.75,21337.75,21113.75,21183.75,21148.75,488.27355475507994,,21243.75,21039.25,137.75,0.0065133873160352265,0.00610003832259998,L,-284.0,48.827355475508,-2.90820583292142,False,False,2025-05-22 15:29:00-04:00
2025-05-23,20849.5,20907.0,20887.25,20969.75,21014.25,20978.75,21083.75,20821.5,20978.75,21183.75,474.71830084400284,,21236.25,20727.5,-296.5,0.013996577565350799,0.00610003832259998,S,68.0,47.47183008440029,0.7162142251426017,True,False,2025-05-23 15:29:00-04:00
2025-05-29,21674.25,21526.5,21518.0,21436.75,21370.75,21411.75,21679.25,21301.0,21411.75,21372.75,444.3132845794868,,21858.75,21490.0,145.25,0.006796037009743716,0.0063715533345180715,L,79.0,44.43132845794868,0.889012356166306,True,True,2025-05-29 15:29:00-04:00
2025-05-30,21382.75,21301.0,21260.0,21369.25,21387.25,21369.5,21433.25,21071.5,21369.5,21411.75,452.4159071095234,,21421.5,21226.0,-151.75,0.007087230142328395,0.0063715533345180715,S,32.5,45.241590710952345,0.35918277285652794,True,False,2025-05-30 15:29:00-04:00
2025-06-06,21797.5,21840.0,21840.0,21836.25,21808.75,21789.5,21880.0,21721.5,21789.5,21587.5,419.1068447083363,,21810.75,21471.0,252.5,0.011696583671105964,0.004808334154570714,L,-41.5,41.91068447083364,-0.495100480032491,False,False,2025-06-06 15:29:00-04:00
2025-06-13,21680.0,21768.75,21731.25,21696.75,21633.25,21652.25,21855.75,21601.25,21652.25,21936.75,375.9385257859306,,21920.0,21470.5,-205.5,0.009367841635611473,0.002739281381379374,S,-41.0,37.593852578593065,-0.5453019202313211,False,True,2025-06-13 15:29:00-04:00
2025-06-16,21793.5,21861.25,21927.75,21958.25,21940.5,21948.5,21996.5,21792.25,21948.5,21652.25,381.19291680122126,,21842.5,21505.0,275.5,0.012723850870001963,0.003146644892232945,L,13.0,38.119291680122124,0.17051733422920665,True,True,2025-06-16 15:29:00-04:00
2025-06-17,21839.5,21810.75,21869.75,21896.5,21761.5,21730.5,21907.75,21683.75,21730.5,21948.5,389.0719941725626,,21950.0,21771.0,-78.75,0.0035879445064583002,0.003146644892232945,S,59.0,38.907199417256265,0.7582144292533184,True,False,2025-06-17 15:29:00-04:00
2025-06-18,21992.5,21977.25,22001.0,22045.25,21922.25,21948.5,22098.75,21883.0,21948.5,21730.5,380.2989945888081,,22065.25,21639.5,270.5,0.012447941832907664,0.003146644892232945,L,49.5,38.02989945888081,0.6508037189727657,True,True,2025-06-18 15:29:00-04:00
2025-06-20,22074.75,22117.5,22018.5,21996.5,21813.5,21842.75,22130.75,21760.0,21842.75,21704.25,381.29989839545186,,22103.0,21736.0,314.25,0.0144787311240886,0.0032329390049079445,L,55.5,38.12998983954519,0.7277736006952736,True,True,2025-06-20 15:29:00-04:00
2025-06-23,21869.25,21876.5,21925.25,21981.0,22055.5,22073.0,22093.0,21738.5,22073.0,21842.75,384.528477081491,,21944.75,21562.0,82.5,0.003776996944066109,0.0032329390049079445,L,32.0,38.45284770814911,0.41609402043347765,True,True,2025-06-23 15:29:00-04:00
2025-06-24,22286.0,22310.75,22293.25,22293.75,22421.5,22405.25,22447.75,22260.0,22405.25,22073.0,394.99072871852735,,22383.25,22064.5,220.25,0.009978253975445115,0.0032329390049079445,L,-35.5,39.49907287185274,-0.44937763621912125,False,False,2025-06-24 15:29:00-04:00
2025-06-25,22499.25,22538.0,22522.5,22474.5,22440.75,22463.0,22548.25,22388.25,22463.0,22405.25,394.15210523863254,,22511.5,22385.0,117.25,0.005233148480824807,0.0036824707252622046,L,41.5,39.41521052386326,0.5264465094620583,True,True,2025-06-25 15:29:00-04:00
2025-06-27,22707.25,22733.25,22764.5,22801.75,22671.25,22752.0,22823.75,22600.0,22752.0,22673.25,368.8798764557597,,22787.5,22660.0,91.25,0.004024566394319297,0.0036914633476062193,L,158.5,36.88798764557597,2.1483958615862466,True,True,2025-06-27 15:29:00-04:00
2025-07-01,22803.0,22792.75,22782.25,22829.0,22725.75,22693.0,22845.0,22593.75,22693.0,22885.75,346.7446383725683,,22915.0,22756.0,-103.5,0.0045224648525829395,0.0036914633476062193,S,62.5,34.67446383725683,0.9012396023387871,True,False,2025-07-01 15:29:00-04:00
2025-07-09,22978.5,23054.25,23085.5,23091.5,23036.75,23051.0,23111.25,22917.0,23051.0,22891.75,307.49434579348036,,22979.5,22843.25,193.75,0.008463747856760623,0.004273515623451118,L,25.5,30.749434579348037,0.41464177063480595,True,True,2025-07-09 15:29:00-04:00
2025-07-15,23200.25,23164.0,23138.0,23189.0,23088.5,23052.0,23222.75,23050.0,23052.0,23034.5,288.9868937475946,,23219.5,22996.25,103.5,0.0044932601098352475,0.003986167193515555,L,-76.0,28.89868937475946,-1.3149385256616433,False,False,2025-07-15 15:29:00-04:00
2025-07-21,23256.25,23338.75,23375.5,23399.25,23368.75,23344.25,23425.0,23255.0,23344.25,23226.75,272.34055269484196,,23309.0,23204.5,148.75,0.0064042537160816735,0.0037158887201677064,L,-52.0,27.234055269484198,-0.9546870542314365,False,False,2025-07-21 15:29:00-04:00
2025-07-22,23346.0,23278.25,23142.5,23181.75,23239.0,23221.0,23349.75,23105.0,23221.0,23344.25,268.63765607378184,,23367.75,23267.25,-201.75,0.00864238516979556,0.0038012742444905583,S,33.0,26.863765607378184,0.6142102429403361,True,False,2025-07-22 15:29:00-04:00
2025-07-28,23473.0,23495.25,23520.0,23516.25,23462.0,23491.75,23527.75,23437.0,23491.75,23422.75,250.4974449480238,,23585.0,23464.75,97.25,0.004151946291532805,0.0032842118649251423,L,56.5,25.049744494802383,1.1277560138731813,True,True,2025-07-28 15:29:00-04:00
2025-07-29,23595.5,23621.25,23589.75,23572.25,23458.5,23457.0,23652.25,23422.0,23457.0,23491.75,243.1761988803078,,23615.0,23503.0,98.0,0.004171677290963849,0.003463395362004942,L,-6.0,24.31761988803078,-0.12336733668070084,False,False,2025-07-29 15:29:00-04:00
2025-07-31,23747.75,23636.25,23671.0,23670.75,23377.5,23354.0,23752.25,23305.75,23354.0,23484.25,248.73483474883685,,23848.0,23688.25,186.75,0.007952138135133121,0.003463395362004942,L,-50.0,24.873483474883685,-1.0050864015586747,False,False,2025-07-31 15:29:00-04:00
2025-08-01,23088.25,22919.0,22882.0,22908.0,22877.0,22880.75,23095.5,22788.25,22880.75,23354.0,271.0752036953485,,23347.5,23031.25,-472.0,0.020210670548942364,0.003463395362004942,S,-10.5,27.10752036953485,-0.19367319210429454,False,True,2025-08-01 15:29:00-04:00
2025-08-04,23094.25,23189.25,23246.5,23252.5,23266.5,23296.75,23308.0,23088.75,23296.75,22880.75,291.6591177171093,,23097.25,22822.0,365.75,0.015985052937512977,0.003463395362004942,L,57.5,29.165911771710935,0.9857397987429166,True,True,2025-08-04 15:29:00-04:00
2025-08-07,23601.0,23605.0,23654.5,23608.25,23395.25,23502.0,23671.25,23330.0,23502.0,23424.75,316.1779634200033,,23638.0,23385.25,229.75,0.009808002219874278,0.003571195714562373,L,210.5,31.617796342000332,3.328821492223618,True,True,2025-08-07 15:29:00-04:00
2025-08-08,23541.75,23603.75,23643.75,23640.0,23707.25,23713.75,23724.5,23530.0,23713.75,23502.0,317.9688231757174,,23583.25,23503.25,141.75,0.006031401582844013,0.003571195714562373,L,10.0,31.79688231757174,0.15724812105987124,True,True,2025-08-08 15:29:00-04:00
2025-08-15,23909.25,23852.25,23806.75,23872.0,23807.25,23805.75,23910.75,23734.75,23805.75,23921.5,295.29315633623946,,23962.75,23871.5,-114.75,0.0047969399912212865,0.003482963150057703,S,0.0,29.52931563362395,0.0,True,False,2025-08-15 15:29:00-04:00
2025-08-19,23762.5,23682.5,23678.75,23707.25,23459.25,23470.25,23770.75,23425.25,23470.25,23796.75,281.3981807184922,,23839.75,23730.75,-118.0,0.004958660321262357,0.003482963150057703,S,-25.0,28.13981807184922,-0.44421040562820374,False,True,2025-08-19 15:29:00-04:00
2025-08-20,23425.75,23322.75,23173.75,23109.0,23319.75,23324.75,23432.0,23035.25,23324.75,23470.25,290.90545352431417,,23489.0,23334.25,-296.5,0.012633014134915478,0.003482963150057703,S,-13.0,29.09054535243142,-0.22344029378798574,False,True,2025-08-20 15:29:00-04:00
2025-08-21,23260.25,23253.75,23186.5,23281.5,23237.0,23218.0,23348.25,23119.5,23218.0,23324.75,302.537206844006,,23369.5,23207.5,-138.25,0.0059271803556308214,0.003819778612194123,S,35.0,30.2537206844006,0.5784412496748982,True,False,2025-08-21 15:29:00-04:00
2025-08-29,23652.0,23600.25,23519.25,23458.5,23463.5,23473.25,23668.0,23401.5,23473.25,23766.25,301.05513491528694,,23762.75,23612.0,-247.0,0.01039288907589544,0.003187258402276981,S,-22.5,30.105513491528697,-0.37368570388827965,False,True,2025-08-29 15:29:00-04:00
2025-09-02,23100.25,23151.5,23233.25,23208.5,23233.75,23277.25,23290.0,23025.0,23277.25,23502.75,296.6687132687934,,23511.0,23060.0,-269.5,0.011466743253449065,0.0026452904732230985,S,-90.0,29.666871326879342,-1.516843468398646,False,True,2025-09-02 15:29:00-04:00
2025-09-03,23423.5,23397.5,23381.75,23391.75,23353.75,23452.0,23526.0,23318.25,23452.0,23277.25,310.19237660673673,,23458.5,23299.75,104.5,0.004489361930640432,0.0026452904732230985,L,193.5,31.019237660673674,3.1190321650831567,True,True,2025-09-03 15:29:00-04:00
2025-09-05,23874.5,23874.25,23852.75,23756.0,23683.0,23690.5,23902.5,23505.0,23690.5,23666.25,303.8253145231556,,23898.75,23691.75,186.5,0.007880420429937147,0.002304791399550027,L,12.0,30.38253145231556,0.19748189874885222,True,True,2025-09-05 15:29:00-04:00
2025-09-08,23784.25,23831.5,23845.5,23841.5,23770.5,23803.5,23888.0,23758.5,23803.5,23690.5,310.51636348578734,,23797.25,23650.5,155.0,0.006542706992254279,0.002304791399550027,L,63.0,31.051636348578736,1.014439292228855,True,True,2025-09-08 15:29:00-04:00
2025-09-11,23977.0,23924.75,23979.25,23959.0,24032.75,24011.75,24048.75,23909.75,24011.75,23873.75,294.23139598333626,,23978.25,23845.0,105.5,0.0044190795329598406,0.0025274645034474618,L,-45.0,29.423139598333627,-0.7647042534262484,False,False,2025-09-11 15:29:00-04:00
2025-09-15,24177.75,24204.0,24260.75,24247.25,24273.75,24311.5,24315.75,24172.0,24311.5,24109.5,280.80283633257056,,24183.25,24075.5,151.25,0.00627346066903088,0.0025274645034474618,L,72.5,28.080283633257057,1.2909413762853552,True,True,2025-09-15 15:29:00-04:00
2025-09-18,24679.25,24624.75,24697.25,24749.5,24721.25,24698.25,24815.75,24598.75,24698.25,24231.75,271.4306054747294,,24766.0,24248.75,465.5,0.01921033354999123,0.0021251311479457587,L,-49.0,27.143060547472942,-0.9026248148085492,False,False,2025-09-18 15:29:00-04:00
2025-09-19,24768.0,24767.0,24790.5,24789.5,24846.25,24860.25,24888.0,24708.0,24860.25,24698.25,292.54270508367733,,24784.5,24655.0,92.25,0.003735082445112508,0.0021251311479457587,L,25.0,29.254270508367735,0.4272880431738869,True,True,2025-09-19 15:29:00-04:00
2025-09-25,24576.5,24427.5,24452.75,24576.5,24608.0,24632.0,24697.0,24422.0,24632.0,24739.5,284.7463999347904,,24792.5,24540.25,-286.75,0.01159077588471877,0.002495344653065613,S,-51.0,28.474639993479045,-0.8955337102010679,False,True,2025-09-25 15:29:00-04:00
2025-09-29,24851.25,24914.25,24941.25,24956.75,24808.25,24837.25,24975.0,24780.5,24837.25,24725.5,286.3272530049979,,24909.5,24723.75,215.75,0.008725809387070028,0.00284253522305129,L,55.0,28.63272530049979,0.960439487034089,True,True,2025-09-29 15:29:00-04:00
2025-10-01,24763.5,24829.0,24782.75,24830.5,25023.75,25011.5,25037.0,24726.0,25011.5,24897.75,277.2094681522686,,24877.0,24633.75,-115.0,0.004618891265274975,0.00284253522305129,S,21.5,27.72094681522686,0.3877933921829511,True,False,2025-10-01 15:29:00-04:00
2025-10-06,25214.25,25140.5,25155.5,25159.5,25223.25,25184.0,25253.0,25110.25,25184.0,24996.75,278.70989487264364,,25241.5,24994.0,158.75,0.006350825607328953,0.002495344653065613,L,-81.5,27.870989487264367,-1.4620937666608746,False,False,2025-10-06 15:29:00-04:00
2025-10-08,25080.25,25132.75,25174.0,25210.0,25311.75,25329.5,25343.75,25073.25,25329.5,25045.25,279.00240935447334,,25111.25,25026.25,128.75,0.005140695341432008,0.002495344653065613,L,32.5,27.900240935447336,0.5824322462876773,True,True,2025-10-08 15:29:00-04:00
2025-10-10,25313.25,25368.5,25357.5,25328.75,24531.0,24402.75,25388.0,24384.25,24402.75,25294.75,279.6092203107449,,25356.25,25251.25,62.75,0.002480751934690005,0.002311631212961723,L,-259.5,27.96092203107449,-4.640404914251461,False,False,2025-10-10 15:29:00-04:00
2025-10-13,24824.75,24811.75,24888.25,24884.5,24914.5,24920.75,24965.0,24724.5,24920.75,24402.75,347.5121331456917,,24945.0,24482.0,485.5,0.01989529868559896,0.002405445871539254,L,9.5,34.75121331456917,0.13668587502263124,True,True,2025-10-13 15:29:00-04:00
2025-10-14,24638.5,24452.5,24575.75,24625.0,24901.5,24757.0,24947.25,24423.25,24757.0,24920.75,378.1719807781423,,25044.5,24502.5,-345.0,0.01384388511581714,0.002405445871539254,S,286.0,37.81719807781423,3.781348361815629,True,False,2025-10-14 15:29:00-04:00
2025-10-15,25002.25,24941.75,25014.25,25078.5,24943.75,24924.75,25117.75,24663.5,24924.75,24757.0,395.53469643684645,,25025.25,24740.5,257.25,0.010391000525104012,0.002752636441524931,L,-41.0,39.55346964368465,-0.5182857581060062,False,False,2025-10-15 15:29:00-04:00
2025-10-16,25045.25,25091.5,25061.75,25043.5,24735.75,24830.75,25179.75,24643.25,24830.75,24924.75,399.7286466913574,,25099.25,24874.5,137.0,0.005496544599243724,0.0033798016967361826,L,187.0,39.972864669135745,2.3390867973541605,True,True,2025-10-16 15:29:00-04:00
2025-10-20,25118.75,25188.75,25222.0,25237.75,25321.75,25299.75,25355.0,25114.75,25299.75,24988.5,426.24816985122146,,25152.75,24956.0,233.5,0.009344298377253537,0.002752636441524931,L,-47.0,42.62481698512215,-0.5513220152523467,False,False,2025-10-20 15:29:00-04:00
2025-10-23,25016.25,25092.25,25160.5,25136.5,25274.75,25252.5,25288.25,24998.75,25252.5,25040.75,414.88528759589417,,25128.25,24933.25,119.75,0.00478220500584048,0.003821706106817416,L,-47.5,41.48852875958942,-0.5724473899188474,False,False,2025-10-23 15:29:00-04:00
2025-10-24,25466.5,25522.5,25475.25,25537.75,25561.0,25509.0,25569.0,25430.0,25509.0,25252.5,411.0899099104732,,25522.5,25275.5,222.75,0.00882090882090882,0.003821706106817416,L,-107.0,41.10899099104732,-1.3014184661367918,False,False,2025-10-24 15:29:00-04:00
2025-10-27,25815.75,25838.25,25848.25,25859.25,25927.0,25961.0,25981.5,25796.25,25961.0,25509.0,402.6906306311536,,25852.5,25698.5,339.25,0.013299227723548551,0.004700548135557727,L,65.0,40.26906306311537,0.8070711739446583,True,True,2025-10-27 15:29:00-04:00
2025-10-29,26266.0,26276.25,26319.0,26286.0,26192.75,26280.25,26326.5,26047.5,26280.25,26160.25,402.1222784523723,,26310.0,26164.75,158.75,0.006068367083647901,0.004700548135557727,L,172.0,40.21222784523724,2.13865295727916,True,True,2025-10-29 15:29:00-04:00
2025-10-30,26125.75,25975.0,26125.25,26108.25,25927.0,25871.75,26179.5,25868.25,25871.75,26280.25,397.04211570577434,,26399.5,26078.75,-155.0,0.005897965202005308,0.004961450173636244,S,107.5,39.704211570577435,1.3537606685491046,True,False,2025-10-30 15:29:00-04:00
2025-10-31,26199.25,26118.5,26102.75,26085.25,26085.75,25992.75,26199.5,25887.75,25992.75,25871.75,407.71767886964756,,26273.0,26127.25,231.0,0.008928657705798796,0.005318619970337866,L,-189.0,40.77176788696476,-2.317780290076968,False,False,2025-10-31 15:29:00-04:00
2025-11-04,25741.5,25775.5,25874.75,25852.25,25620.5,25579.5,25893.75,25545.0,25579.5,26110.25,397.247641474339,,26105.5,25644.75,-235.5,0.009019446385997837,0.0054557580408381625,S,79.0,39.7247641474339,0.9943419639547836,True,False,2025-11-04 15:29:00-05:00
2025-11-06,25673.75,25607.5,25513.5,25423.5,25354.5,25259.0,25684.75,25197.25,25259.0,25741.25,424.3767929038944,,25823.75,25616.75,-227.75,0.008847666682853398,0.0056972549006245165,S,188.0,42.43767929038944,2.215012733302019,True,False,2025-11-06 15:29:00-05:00
2025-11-07,25110.25,24975.25,25025.0,25013.5,25055.5,25164.0,25173.0,24709.0,25164.0,25259.0,438.81416483933054,,25354.75,25062.0,-234.0,0.009264024704065878,0.0059831661428266045,S,-220.0,43.88141648393306,-2.506755907487077,False,True,2025-11-07 15:29:00-05:00
2025-11-10,25539.0,25629.5,25638.25,25625.0,25710.25,25713.0,25760.0,25452.25,25713.0,25164.0,453.5952959222355,,25569.5,25268.75,474.25,0.01884636782705452,0.007444637952278361,L,2.5,45.35952959222355,0.027557605011280812,True,True,2025-11-10 15:29:00-05:00
2025-11-13,25477.25,25292.0,25381.25,25468.25,25072.25,25100.0,25501.5,25002.0,25100.0,25625.75,439.6472722817607,,25721.75,25434.5,-244.5,0.009541184160463597,0.0056972549006245165,S,-58.5,43.96472722817607,-0.6653060724838135,False,True,2025-11-13 15:29:00-05:00
2025-11-18,24718.25,24654.75,24523.25,24529.0,24693.75,24585.0,24832.0,24380.0,24585.0,24888.0,485.60780145882956,,24959.75,24603.75,-364.75,0.014655657344905175,0.005872289373911021,S,214.5,48.56078014588296,2.208572425686056,True,False,2025-11-18 15:29:00-05:00
2025-11-19,24610.75,24743.5,24894.25,24941.75,24772.25,24724.5,24988.0,24508.0,24724.5,24585.0,492.3322442117703,,24731.5,24446.5,309.25,0.01257880821639211,0.0059831661428266045,L,-98.5,49.23322442117703,-1.0003407369519304,False,False,2025-11-19 15:29:00-05:00
2025-11-20,25211.25,25211.75,25273.75,25183.75,24292.5,24137.0,25310.0,24099.5,24137.0,24724.5,495.8442267680724,,25265.0,24950.5,549.25,0.022214807175069264,0.007444637952278361,L,-314.0,49.58442267680724,-3.1663169907882303,False,False,2025-11-20 15:29:00-05:00
2025-11-24,24522.25,24624.5,24683.75,24734.0,24936.0,24935.5,24993.25,24513.5,24935.5,24313.75,559.2649200194094,,24574.5,24361.25,370.0,0.015217726595033674,0.007458016883250649,L,-4.0,55.92649200194094,-0.03576122743279857,False,False,2025-11-24 15:29:00-05:00
2025-12-02,25492.25,25595.25,25597.25,25634.5,25633.25,25600.0,25670.0,25413.75,25600.0,25401.75,478.08091532253326,,25523.0,25324.0,195.5,0.00769632013542374,0.0053610391422665125,L,-69.5,47.80809153225333,-0.7268644048791658,False,False,2025-12-02 15:29:00-05:00
2025-12-05,25679.75,25708.75,25791.0,25858.0,25725.5,25726.0,25867.75,25651.0,25726.0,25627.5,439.20035384971044,,25755.5,25579.0,163.5,0.006379865378987416,0.0048439403860411874,L,-2.0,43.920035384971044,-0.022768651965662783,True,True,2025-12-05 15:29:00-05:00
2025-12-11,25643.0,25586.75,25414.25,25556.0,25679.0,25714.75,25723.0,25390.25,25714.75,25800.25,397.56822824608435,,25792.5,25382.0,-386.0,0.014961095338223467,0.004452106454183043,S,-74.5,39.756822824608435,-0.9369460976379437,False,True,2025-12-11 15:29:00-05:00
2025-12-12,25559.75,25553.5,25558.0,25438.25,25209.75,25210.25,25620.5,25117.75,25210.25,25714.75,403.4919262285069,,25733.75,25532.25,-156.75,0.00609572327166315,0.004452106454183043,S,-4.0,40.349192622850694,-0.04956728672849214,False,True,2025-12-12 15:29:00-05:00
2025-12-18,25279.0,25196.5,25277.5,25196.75,25307.5,25252.0,25417.0,25160.75,25252.0,24662.0,432.4589534311845,,25286.0,24697.5,615.5,0.02495742437758495,0.003756796438146798,L,-114.0,43.245895343118455,-1.3180441646023218,False,False,2025-12-18 15:29:00-05:00
2025-12-19,25361.75,25547.25,25557.75,25538.0,25582.5,25581.25,25601.0,25356.25,25581.25,25252.0,452.96188532895707,,25393.5,25209.0,305.75,0.012107951845398384,0.003756796438146798,L,-5.5,45.29618853289571,-0.06071150993207412,False,False,2025-12-19 15:29:00-05:00
2025-12-22,25780.5,25693.0,25747.75,25677.75,25688.5,25688.25,25795.0,25629.5,25688.25,25581.25,448.6074649483173,,25785.75,25631.5,166.5,0.006508673344734913,0.0040482564454704575,L,-3.5,44.86074649483173,-0.039009604982868755,False,False,2025-12-22 15:29:00-05:00
2025-12-29,25707.0,25793.25,25723.0,25677.5,25750.25,25741.25,25818.75,25647.75,25741.25,25866.75,372.748621834363,,25893.5,25656.0,-143.75,0.005557327457063605,0.00340783596774169,S,15.0,37.274862183436305,0.2012079873854704,True,False,2025-12-29 15:29:00-05:00
2026-01-02,25686.75,25690.25,25733.25,25604.0,25432.25,25385.25,25803.5,25265.25,25385.25,25455.0,342.7587362135917,,25744.0,25449.25,278.25,0.01093105480259281,0.00281232428736684,L,-97.0,34.275873621359175,-1.4149894627274209,False,False,2026-01-02 15:29:00-05:00
2026-01-05,25643.0,25602.25,25594.75,25639.0,25600.0,25587.0,25708.0,25538.5,25587.0,25385.25,356.7223979126209,,25646.75,25406.0,209.5,0.008252823982430742,0.00281232428736684,L,-29.0,35.67223979126209,-0.4064785414329877,False,False,2026-01-05 15:29:00-05:00
2026-01-06,25636.0,25666.25,25753.0,25754.0,25810.0,25813.25,25837.75,25608.75,25813.25,25587.0,353.6886552045766,,25674.5,25527.0,166.0,0.006487669519677962,0.00281232428736684,L,3.5,35.36886552045766,0.04947854487975546,True,True,2026-01-06 15:29:00-05:00
2026-01-08,25786.25,25622.25,25603.5,25677.25,25676.0,25682.75,25802.75,25569.5,25682.75,25834.75,344.934350661089,,25850.25,25671.0,-231.25,0.008951122035243229,0.00281232428736684,S,-16.5,34.4934350661089,-0.23917594708060652,False,True,2026-01-08 15:29:00-05:00
2026-01-14,25740.0,25631.75,25585.25,25674.0,25564.25,25636.75,25791.25,25421.25,25636.75,25904.0,338.38161805579347,,25926.0,25701.0,-318.75,0.012305049413218036,0.002308308620074198,S,-148.0,33.83816180557935,-2.186880021000391,False,True,2026-01-14 15:29:00-05:00
2026-01-15,25925.0,25926.5,25864.0,25879.5,25718.75,25719.0,25954.25,25680.75,25719.0,25636.75,350.265073908951,,25953.0,25562.5,227.25,0.008864228110037349,0.0027174035386501325,L,-2.5,35.026507390895105,-0.03568725782590955,True,True,2026-01-15 15:29:00-05:00
2026-01-21,25196.5,25201.5,25325.0,25328.0,25486.5,25471.5,25653.25,25128.5,25471.5,25142.75,355.4367848269875,,25257.0,25026.0,182.25,0.007248610434419465,0.002878433377629567,L,-33.0,35.54367848269875,-0.46421756847793744,False,False,2026-01-21 15:29:00-05:00
2026-01-22,25729.75,25645.75,25580.25,25553.75,25609.0,25661.5,25732.25,25534.75,25661.5,25471.5,374.85201448220266,,25739.75,25483.25,108.75,0.004269477651492845,0.002878433377629567,L,102.0,37.485201448220266,1.3605369060227204,True,True,2026-01-22 15:29:00-05:00
2026-01-26,25748.5,25816.5,25838.0,25839.25,25880.75,25844.5,25932.75,25704.25,25844.5,25735.0,362.0484206504707,,25749.75,25399.5,103.0,0.004002331455216631,0.003606325875780382,L,-75.5,36.20484206504707,-1.0426782122727352,False,False,2026-01-26 15:29:00-05:00
2026-01-27,25982.75,25959.0,26052.75,26059.75,26096.0,26076.0,26114.5,25917.25,26076.0,25844.5,374.2771048897228,,26043.5,25839.75,208.25,0.008057807270405696,0.004135904553354738,L,-43.0,37.42771048897228,-0.5744406943175103,False,False,2026-01-27 15:29:00-05:00
2026-01-28,26253.25,26285.25,26253.5,26215.75,26174.25,26150.5,26305.25,26100.75,26150.5,26076.0,367.4894545404569,,26349.0,26109.5,177.5,0.006807025617425986,0.004135904553354738,L,-50.5,36.74894545404569,-0.6870945461979299,False,False,2026-01-28 15:29:00-05:00
2026-01-29,26133.25,25950.75,25864.0,25721.0,25853.25,25992.25,26177.25,25536.0,25992.25,26150.5,366.4366363589957,,26294.5,26085.75,-286.5,0.010955813464369706,0.005378573585585403,S,-281.0,36.64366363589957,-3.8342236026408947,False,True,2026-01-29 15:29:00-05:00
2026-02-03,25934.5,25752.5,25631.25,25554.25,25330.5,25445.25,25952.5,25218.0,25445.25,25856.25,424.87911446090135,,26027.75,25866.0,-225.0,0.00870195794053662,0.005313570977637851,S,-232.5,42.48791144609014,-2.736072356663172,False,True,2026-02-03 15:29:00-05:00
2026-02-04,25385.0,25333.25,25199.5,25217.5,25059.0,24998.0,25386.5,24784.0,24998.0,25445.25,452.3698919994084,,25514.5,25325.0,-245.75,0.009657991177135221,0.005313570977637851,S,119.0,45.236989199940844,1.3152953158977656,True,False,2026-02-04 15:29:00-05:00
2026-02-05,24771.0,24914.25,24769.75,24559.5,24638.25,24639.25,24961.25,24537.0,24639.25,24998.0,472.2363282851649,,25169.25,24707.75,-228.25,0.009130730458436674,0.006582344960604422,S,-5.0,47.22363282851649,-0.05293959507686051,False,True,2026-02-05 15:29:00-05:00
2026-02-06,24760.0,24926.75,24855.0,24769.75,25110.75,25147.0,25221.5,24700.5,25147.0,24639.25,492.9515905505103,,24873.25,24240.5,215.75,0.008756354190975781,0.006582344960604422,L,69.5,49.29515905505103,0.7049373745034978,True,True,2026-02-06 15:29:00-05:00
2026-02-17,24658.75,24700.75,24484.75,24498.75,24773.0,24776.75,24889.5,24449.25,24776.75,24746.0,486.90103950852193,,24842.0,24518.0,-261.25,0.010557261779681564,0.004135904553354738,S,-10.5,48.6901039508522,-0.10782478520274574,False,True,2026-02-17 15:29:00-05:00
2026-02-18,24808.75,24850.25,24940.5,25043.0,24876.0,24957.5,25128.5,24752.0,24957.5,24776.75,483.5688224007704,,24962.25,24702.0,163.75,0.006609018535522214,0.005313570977637851,L,160.0,48.35688224007704,1.6543663754587117,True,True,2026-02-18 15:29:00-05:00
2026-02-23,24981.25,24881.5,24913.25,24875.0,24706.5,24768.0,25040.0,24667.75,24768.0,25074.25,466.80601414522323,,25059.25,24807.0,-161.0,0.006420929838380011,0.005179997879499744,S,-126.0,46.68060141452233,-1.349597007985435,False,True,2026-02-23 15:29:00-05:00
2026-02-25,25160.25,25271.5,25343.25,25308.75,25366.75,25384.0,25396.75,25156.75,25384.0,25029.75,457.3697264823609,,25177.5,24992.25,313.5,0.012525095136787224,0.005374205213906933,L,31.5,45.73697264823609,0.34436035198773524,True,True,2026-02-25 15:29:00-05:00
2026-02-26,25341.25,25265.5,25193.0,25067.25,25029.25,25083.0,25342.0,24862.0,25083.0,25384.0,460.61117459076365,,25418.5,25264.75,-191.0,0.007524424834541444,0.005374205213906933,S,-110.5,46.06111745907637,-1.1994932612976144,False,True,2026-02-26 15:29:00-05:00
2026-02-27,24816.0,24844.0,24880.5,24954.25,24978.75,24998.25,25036.75,24780.0,24998.25,25083.0,470.4782335485662,,25098.75,24795.5,-202.5,0.008073196986006458,0.005374205213906933,S,-42.0,47.047823354856625,-0.4463543369819302,False,True,2026-02-27 15:29:00-05:00
2026-03-02,24644.5,24838.0,24863.0,24930.5,24967.25,25022.25,25100.0,24605.25,25022.25,24998.25,459.6405025808115,,24901.25,24477.0,-135.25,0.005410378726510855,0.005405837981205509,S,-113.0,45.96405025808116,-1.2292215260135058,False,True,2026-03-02 15:29:00-05:00
2026-03-03,24534.75,24533.0,24489.75,24503.0,24782.5,24756.75,24850.25,24350.75,24756.75,25022.25,471.3090381107536,,25011.25,24369.5,-532.5,0.021281059856727513,0.005915654282445433,S,48.5,47.13090381107536,0.5145243998970683,True,False,2026-03-03 15:29:00-05:00
2026-03-04,24852.75,24852.25,24921.0,24977.5,25151.0,25120.0,25217.0,24813.5,25120.0,24756.75,484.8226782456998,,24928.0,24498.5,164.25,0.006634554212487503,0.005915654282445433,L,-65.0,48.48226782456999,-0.670348180031495,False,False,2026-03-04 15:29:00-05:00
2026-03-06,24685.25,24680.5,24691.0,24789.25,24653.25,24667.25,24921.0,24605.0,24667.25,25048.0,499.19149297715956,,25141.5,24613.0,-357.0,0.014252634940913446,0.004900562425270932,S,-31.0,49.91914929771596,-0.31050208623465464,False,True,2026-03-06 15:29:00-05:00
2026-03-09,24432.5,24384.0,24371.25,24357.25,24953.0,24992.0,25055.0,24313.25,24992.0,24667.25,501.8563863359339,,24500.0,23999.0,-296.0,0.01199971622292716,0.004900562425270932,S,-81.0,50.18563863359339,-0.8070037784253682,False,True,2026-03-09 15:29:00-04:00
2026-03-12,24775.75,24765.25,24657.5,24737.0,24615.5,24555.75,24834.75,24543.0,24555.75,24984.0,514.2795119460812,,24949.75,24696.25,-326.5,0.013068363752801793,0.005915654282445433,S,116.5,51.42795119460813,1.1326525487973769,True,False,2026-03-12 15:29:00-04:00
2026-03-13,24645.5,24770.0,24727.75,24666.75,24376.75,24397.5,24805.0,24350.75,24397.5,24555.75,508.455975378504,,24735.25,24397.5,172.0,0.007004469421622227,0.006514974186951112,L,38.5,50.8455975378504,0.37859718308295903,True,True,2026-03-13 15:29:00-04:00
2026-03-16,24655.75,24671.5,24736.75,24735.25,24683.5,24669.5,24816.25,24602.25,24669.5,24397.5,505.79840570861086,,24689.75,24270.0,339.25,0.013905113228814428,0.0066217863740048585,L,-31.0,50.57984057086109,-0.3064462011952151,False,False,2026-03-16 15:29:00-04:00
2026-03-17,24782.5,24844.5,24874.25,24807.0,24787.75,24791.75,24896.75,24727.0,24791.75,24669.5,508.687805300853,,24809.0,24517.5,204.75,0.008299722329191917,0.006819511817054865,L,5.0,50.8687805300853,0.04914605724667266,True,True,2026-03-17 15:29:00-04:00
2026-03-20,24487.75,24453.75,24285.5,24255.5,24059.0,24114.25,24491.0,23970.75,24114.25,24574.5,501.7665299730226,,24660.75,24319.0,-289.0,0.011760157887240838,0.006819511817054865,S,-113.5,50.17665299730226,-1.1310040947340818,False,True,2026-03-20 15:29:00-04:00
2026-03-23,24494.5,24497.25,24600.0,24605.5,24474.25,24398.75,24690.0,24305.0,24398.75,24114.25,515.2117778320924,,24763.5,23772.75,485.75,0.020143690971106295,0.007264447128081835,L,-154.0,51.52117778320924,-1.4945310513668868,False,False,2026-03-23 15:29:00-04:00
2026-03-27,23654.0,23590.75,23479.25,23523.25,23330.5,23308.75,23664.25,23269.0,23308.75,23787.0,528.9928242571426,,23975.75,23575.25,-307.75,0.012937739101189725,0.007247303618029721,S,40.5,52.89928242571426,0.3828029241878053,True,False,2026-03-27 15:29:00-04:00
2026-03-31,23381.0,23418.0,23577.5,23524.0,23882.25,23910.0,23974.0,23377.5,23910.0,23135.75,545.2144760176383,,23436.25,22960.5,441.75,0.019093826653555645,0.007247303618029721,L,52.5,54.52144760176383,0.48146190452857274,True,True,2026-03-31 15:29:00-04:00
2026-04-01,24088.5,24096.5,24119.5,24165.5,24233.5,24199.75,24349.0,24043.5,24199.75,23910.0,578.6634420163784,,24245.0,23880.25,209.5,0.00876202425763279,0.007247303618029721,L,-70.5,57.866344201637844,-0.6091623807643665,False,False,2026-04-01 15:29:00-04:00
2026-04-02,23763.25,23710.75,23897.75,23934.5,24146.75,24221.0,24267.75,23678.0,24221.0,24199.75,570.8124818723514,,24245.75,23666.5,-302.0,0.012479467763096726,0.007894930071814566,S,-151.5,57.08124818723515,-1.3270557741051583,False,True,2026-04-02 15:29:00-04:00
2026-04-07,24243.75,24197.0,24120.25,24035.25,24216.75,24369.25,24380.75,23941.5,24369.25,24363.5,537.7014477673309,,24421.0,24133.75,-243.25,0.009984197672748168,0.008216580127479407,S,-308.0,53.7701447767331,-2.8640428743393938,False,True,2026-04-07 15:29:00-04:00
2026-04-08,25199.25,25099.0,25081.0,25077.5,24958.0,25079.5,25251.75,24926.5,25079.5,24369.25,535.7227729268072,,25257.25,24360.0,711.75,0.029206889830421537,0.008216580127479407,L,240.0,53.572277292680724,2.2399645126975947,True,True,2026-04-08 15:29:00-04:00
2026-04-17,26692.75,26705.5,26731.5,26769.0,26778.5,26827.5,26883.0,26629.5,26827.5,26484.0,502.37067736629746,,26812.5,26443.25,247.5,0.009345265065700045,0.007347543650738069,L,95.0,50.23706773662975,0.9455169686459617,True,True,2026-04-17 15:29:00-04:00
2026-04-22,26881.25,26852.75,26865.0,26922.5,27045.0,27080.0,27093.0,26807.75,27080.0,26642.0,474.70649714787004,,26900.5,26728.0,223.0,0.008370242474288718,0.006813093377416619,L,67.0,47.47064971478701,0.7056992099597242,True,True,2026-04-22 15:29:00-04:00
2026-04-24,27210.25,27215.5,27194.25,27234.5,27423.25,27433.5,27462.75,27130.0,27433.5,26926.25,470.90509192852056,,27366.0,26990.75,268.0,0.009953112668864027,0.006813093377416619,L,17.5,47.09050919285206,0.18581238873773265,True,True,2026-04-24 15:29:00-04:00
2026-04-28,27161.25,27212.75,27202.25,27205.0,27187.25,27169.5,27250.75,27006.25,27169.5,27444.75,457.9870435506121,,27512.5,27036.0,-242.5,0.008835934012880423,0.005355122409927515,S,32.5,45.79870435506121,0.3548135308374551,True,False,2026-04-28 15:29:00-04:00
2026-05-01,27632.5,27787.75,27871.25,27890.0,27895.75,27836.75,27917.5,27615.0,27836.75,27578.25,453.083740772848,,27673.75,27535.0,293.0,0.010624314450699373,0.003353174468372586,L,-121.0,45.3083740772848,-1.3352939987826988,False,False,2026-05-01 15:29:00-04:00
2026-05-05,27988.0,28077.75,28080.5,28054.75,28166.0,28135.0,28189.0,27970.5,28135.0,27779.75,441.1997560745475,,28006.75,27727.5,300.75,0.010826231337575033,0.0029966355202179114,L,-65.0,44.119975607454755,-0.7366277871311565,False,False,2026-05-05 15:29:00-04:00
2026-05-06,28389.25,28481.75,28468.75,28474.25,28694.25,28710.5,28725.75,28336.5,28710.5,28135.0,446.7926306406512,,28634.75,28245.25,333.75,0.011862448907055269,0.0029966355202179114,L,29.5,44.679263064065125,0.33013078077966795,True,True,2026-05-06 15:29:00-04:00
2026-05-08,28878.0,28997.5,29110.75,29100.5,29262.5,29339.5,29340.75,28863.5,29339.5,28684.5,452.4742580523983,,28976.75,28542.0,426.25,0.01485994178040405,0.0029966355202179114,L,151.0,45.24742580523983,1.668603211262834,True,True,2026-05-08 15:29:00-04:00
2026-05-12,29212.75,29285.0,29129.5,29191.0,29047.25,29174.25,29295.75,28741.25,29174.25,29429.0,464.3872429125271,,29456.5,29113.25,-299.5,0.010177036256753542,0.003353174468372586,S,-257.0,46.43872429125271,-2.767087209245421,False,True,2026-05-12 15:29:00-04:00
2026-05-15,29278.0,29167.5,29143.0,29301.5,29290.75,29231.0,29487.0,29089.5,29231.0,29686.5,473.5903872736232,,29733.5,29140.75,-543.5,0.018307985111077427,0.003353174468372586,S,116.5,47.359038727362325,1.229965843169559,True,False,2026-05-15 15:29:00-04:00
2026-05-19,28850.25,28910.25,28937.5,28737.0,28977.25,28923.75,29126.25,28663.0,28923.75,29099.5,494.3151808634812,,29190.0,28802.25,-162.0,0.00556710596402,0.003353174468372586,S,104.0,49.43151808634812,1.0519604093316575,True,False,2026-05-19 15:29:00-04:00
2026-05-20,29073.5,29142.5,29099.75,29088.25,29340.75,29395.25,29396.0,29008.0,29395.25,28923.75,496.649810801804,,29170.75,28796.0,176.0,0.006084964778080297,0.004384079783974532,L,106.0,49.664981080180404,1.067150310888782,True,True,2026-05-20 15:29:00-04:00
2026-05-22,29580.5,29642.0,29642.25,29565.0,29550.75,29552.75,29747.75,29490.25,29552.75,29445.75,499.5781531913514,,29665.5,29437.5,196.5,0.006673289014543695,0.004612079699762018,L,1.0,49.95781531913514,0.010008444060372813,True,True,2026-05-22 15:29:00-04:00
2026-05-29,30383.0,30460.25,30518.5,30459.25,30382.0,30397.25,30535.75,30269.75,30397.25,30306.0,486.4556871446356,,30384.25,30216.25,212.5,0.00701181284234145,0.004612079699762018,L,27.5,48.645568714463565,0.2826567838215401,True,True,2026-05-29 15:29:00-04:00
2026-06-03,30754.75,30625.5,30558.5,30687.25,30635.0,30635.75,30807.75,30495.5,30635.75,30707.25,467.5975381402203,,30797.5,30566.25,-148.75,0.004844132900210863,0.0031649962997043323,S,-4.5,46.759753814022034,-0.04811830295234111,False,True,2026-06-03 15:29:00-04:00
2026-06-04,30268.75,30226.5,30248.0,30279.25,30594.75,30485.25,30603.25,30152.25,30485.25,30635.75,457.76914255877597,,30546.0,30163.0,-387.75,0.012656781701117158,0.0031649962997043323,S,216.0,45.7769142558776,2.359267804647474,True,False,2026-06-04 15:29:00-04:00
2026-06-05,30036.0,29931.75,29773.75,29870.75,29154.5,29016.25,30100.75,28973.75,29016.25,30485.25,457.2856323760062,,30423.0,30012.75,-711.5,0.023339155821257822,0.004250593167857449,S,273.5,45.728563237600625,2.99047226324304,True,False,2026-06-05 15:29:00-04:00
2026-06-08,29526.25,29516.25,29350.0,29440.75,29437.25,29452.5,29743.0,29331.25,29452.5,29016.25,542.0866586348629,,29604.25,28821.0,333.75,0.011502175505104899,0.004250593167857449,L,27.5,54.208665863486296,0.2536494817014429,True,True,2026-06-08 15:29:00-04:00
2026-06-09,29737.25,29766.75,29672.0,29491.5,28952.75,29116.0,29847.0,28227.25,29116.0,29452.5,569.2233258752299,,29748.0,29302.5,219.5,0.007452678040913335,0.005205619432115432,L,323.5,56.92233258752299,2.841591211169982,True,True,2026-06-09 15:29:00-04:00
2026-06-11,28753.25,28739.0,28900.75,28843.0,29424.0,29457.0,29542.25,28577.5,29457.0,28528.75,658.3137350658869,,28935.0,28264.25,372.0,0.013039477719844017,0.005205619432115432,L,63.0,65.83137350658869,0.47849525723244013,True,True,2026-06-11 15:29:00-04:00
2026-06-15,30332.25,30400.25,30400.75,30427.25,30530.0,30567.0,30612.25,30305.0,30567.0,29650.5,690.1072511537494,,30340.25,29825.0,750.25,0.025303114618640495,0.005205619432115432,L,71.0,69.01072511537494,0.5144127951220575,True,True,2026-06-15 15:29:00-04:00
2026-06-17,30527.5,30519.5,30347.75,30444.0,30128.5,29995.25,30544.75,29922.0,29995.25,29991.25,707.6804869642021,,30584.25,29993.0,356.5,0.011886800316759054,0.00546454883914558,L,-269.5,70.76804869642022,-1.9041078916567087,False,False,2026-06-17 15:29:00-04:00
2026-06-18,30594.25,30402.0,30467.0,30523.0,30688.25,30693.0,30783.25,30392.0,30693.0,29995.25,704.4354521810449,,30612.5,30092.25,471.75,0.01572749018594611,0.005758710957377278,L,6.5,70.44354521810449,0.04613623561871396,True,True,2026-06-18 15:29:00-04:00
2026-06-22,30822.5,30789.75,30937.5,30909.5,30551.75,30654.0,30967.75,30502.75,30654.0,30651.0,680.5846500948807,,30873.75,30336.75,286.5,0.00934716648722717,0.005927972871276156,L,201.5,68.05846500948807,1.4803448768048821,True,True,2026-06-22 15:29:00-04:00
2026-06-23,29719.5,29759.25,29926.0,30002.25,29710.75,29650.75,30046.75,29577.25,29650.75,30654.0,677.0428893738178,,30699.75,29676.0,-728.0,0.02374893977947413,0.005927972871276156,S,117.0,67.70428893738179,0.8640516120641244,True,False,2026-06-23 15:29:00-04:00
2026-06-26,29361.5,29341.5,29443.0,29589.0,29451.5,29317.5,29717.25,29182.0,29317.5,29749.5,739.7489897792558,,29893.75,29160.0,-306.5,0.010302694162927109,0.007232245441627393,S,265.0,73.97489897792558,1.7911481033524435,True,False,2026-06-26 15:29:00-04:00
2026-06-29,29644.25,29785.0,29617.25,29329.5,30026.0,30046.25,30069.0,29274.0,30046.25,29317.5,739.3204905093089,,29770.0,29280.0,299.75,0.01022426878144453,0.008399922264070252,L,37.5,73.9320490509309,0.2536112584554954,True,True,2026-06-29 15:29:00-04:00
2026-06-30,30046.75,30214.5,30362.0,30352.75,30575.5,30513.5,30600.0,30034.25,30513.5,30046.25,743.2975983300724,,30217.25,29935.25,315.75,0.010508798934975246,0.00978571763433585,L,-127.0,74.32975983300724,-0.8543011593561193,False,False,2026-06-30 15:29:00-04:00
2026-07-07,29593.75,29595.25,29469.75,29342.5,29321.0,29395.25,29686.25,29209.75,29395.25,29951.5,698.8414721670428,,29974.0,29557.5,-481.75,0.016084336343755737,0.008458793068772941,S,-151.5,69.88414721670428,-1.0839368156716036,False,True,2026-07-07 15:29:00-04:00
2026-07-09,29746.25,29858.75,29911.25,29803.75,29931.5,29948.25,29993.25,29613.75,29948.25,29457.25,699.5304020215829,,29786.5,29395.0,454.0,0.015412165086693429,0.00978571763433585,L,30.5,69.95304020215829,0.2180033913598152,True,True,2026-07-09 15:29:00-04:00
2026-07-13,29710.5,29595.75,29631.0,29650.75,29419.25,29467.25,29752.25,29395.0,29467.25,30037.5,671.6958568451404,,30042.5,29546.5,-406.5,0.013533083645443197,0.00978571763433585,S,-99.0,67.16958568451405,-0.736940677771848,False,True,2026-07-13 15:29:00-04:00
2026-07-14,29810.75,29754.0,29780.5,29664.0,29797.75,29786.0,29896.0,29567.25,29786.0,29467.25,672.4675813562018,,29922.0,29303.25,313.25,0.010630445664254385,0.00978571763433585,L,-26.5,67.24675813562018,-0.19703552063101698,False,False,2026-07-14 15:29:00-04:00
2026-07-16,29466.25,29316.75,29346.5,29469.25,29148.0,29217.25,29532.0,29079.0,29217.25,29700.75,668.4248533122352,,29796.5,29353.5,-354.25,0.01192730823295708,0.00978571763433585,S,-141.5,66.84248533122353,-1.0584585484727809,False,True,2026-07-16 15:29:00-04:00
2026-07-17,28606.75,28419.5,28677.0,28803.75,28795.25,28764.25,29047.0,28408.25,28764.25,29217.25,671.9302209327898,,29220.0,28554.75,-540.25,0.018490788831940035,0.00978571763433585,S,59.0,67.19302209327898,0.43903368357278805,True,False,2026-07-17 15:29:00-04:00
2026-07-21,29222.25,29144.25,29153.25,29130.5,29293.75,29310.75,29363.5,29063.0,29310.75,28785.75,667.9053945798034,,29224.0,28700.0,367.5,0.012766733540032828,0.01026348147218582,L,31.0,66.79053945798034,0.2320687948590601,True,True,2026-07-21 15:29:00-04:00
2026-07-23,28718.0,28856.0,28707.5,28704.5,28583.0,28614.25,28883.75,28432.5,28614.25,29161.0,647.1378147142184,,29283.0,28695.75,-453.5,0.015551592880902576,0.01026348147218582,S,-65.5,64.71378147142184,-0.5060745834249027,False,True,2026-07-23 15:29:00-04:00
2026-07-28,27949.75,27750.0,27666.0,27630.75,28017.75,27919.5,28079.75,27603.25,27919.5,28193.0,664.4995550026013,,28229.0,27839.25,-527.0,0.018692583265349554,0.0103436469578115,S,193.5,66.44995550026013,1.4559829163410238,True,False,2026-07-28 15:29:00-04:00
2026-07-30,27876.75,27977.0,28151.25,28107.75,28243.75,28230.0,28298.0,27813.25,28230.0,27336.5,684.2687489563247,,27883.75,27204.75,814.75,0.02980447387192947,0.010404470322451068,L,-30.5,68.42687489563247,-0.22286565071486808,False,False,2026-07-30 15:29:00-04:00
2026-08-04,29234.25,29411.5,29469.0,29540.25,29900.5,29874.75,29956.5,29208.0,29874.75,28900.75,713.5837067992148,,29284.0,28831.5,568.25,0.01966211949516881,0.010404470322451068,L,-54.5,71.35837067992149,-0.38187531105818096,False,False,2026-08-04 15:29:00-04:00
2026-08-12,29991.25,29899.75,29907.25,29893.5,29867.5,29853.0,30001.5,29818.75,29853.0,29635.5,635.4742376199291,,29992.25,29625.0,271.75,0.009169745744124446,0.007295950505123781,L,-32.0,63.54742376199292,-0.2517804665052282,False,False,2026-08-12 15:29:00-04:00
2026-08-13,29911.25,30013.0,30175.75,30205.5,30222.75,30194.75,30273.25,29862.75,30194.75,29853.0,616.9760777899343,,29924.25,29780.5,322.75,0.010811308746189663,0.008015637674543996,L,-59.0,61.69760777899343,-0.4781384734667792,False,False,2026-08-13 15:29:00-04:00
2026-08-18,29690.75,29687.5,29647.5,29587.25,29599.5,29586.25,29770.0,29514.0,29586.25,30091.0,562.191943478311,,30124.25,29675.0,-443.5,0.014738626167292546,0.0063896545654613685,S,23.5,56.219194347831106,0.20900335083605312,True,False,2026-08-18 15:29:00-04:00
2026-08-24,29235.5,28977.75,29021.75,28993.5,29158.25,29099.75,29243.75,28947.75,29099.75,29395.5,531.5308425573729,,29480.5,29116.75,-373.75,0.012714531135718053,0.005782772943153326,S,114.0,53.1530842557373,1.0723742713734898,True,False,2026-08-24 15:29:00-04:00
2026-08-25,29296.5,29348.75,29311.5,29245.5,29225.75,29270.25,29416.0,29145.5,29270.25,29099.75,531.6179252318462,,29420.0,29016.75,211.75,0.007276694816965782,0.006001268651253739,L,86.0,53.16179252318463,0.8088515822946917,True,True,2026-08-25 15:29:00-04:00
2026-08-27,29523.75,29576.0,29482.75,29558.25,29602.5,29691.5,29704.0,29424.0,29691.5,29297.25,509.54173144990824,,29661.25,29402.25,185.5,0.0063316522881840444,0.005782772943153326,L,175.0,50.954173144990826,1.7172293180191052,True,True,2026-08-27 15:29:00-04:00
2026-09-01,29111.5,29083.5,29105.5,29134.25,29126.75,29126.25,29317.25,29001.75,29126.25,29506.25,470.90923250562986,,29571.0,29082.75,-400.75,0.013581868248252488,0.004374814145652444,S,-2.0,47.09092325056299,-0.02123551485026458,True,False,2026-09-01 15:29:00-04:00
2026-09-03,29249.5,29346.0,29332.25,29301.5,29533.5,29530.75,29585.0,29199.25,29530.75,29190.0,464.1704606808747,,29293.0,29075.0,142.25,0.0048732442617334705,0.0030095615031321583,L,-8.5,46.41704606808747,-0.09156119055413027,False,False,2026-09-03 15:29:00-04:00
2026-09-04,29588.5,29616.5,29691.25,29648.25,29526.5,29568.5,29692.0,29468.25,29568.5,29530.75,467.4439992036694,,29720.0,29481.5,160.5,0.005435012656298943,0.0039533740004007245,L,81.0,46.744399920366945,0.8664139462480038,True,True,2026-09-04 15:29:00-04:00
2026-09-10,29089.5,29137.5,29100.5,29140.25,29159.25,29138.25,29275.25,29057.75,29138.25,29455.0,415.82230870616416,,29508.25,29042.5,-354.5,0.012035308097097267,0.003231032758257737,S,39.0,41.58223087061642,0.4689503086227978,True,False,2026-09-10 15:29:00-04:00
2026-09-11,29418.0,29434.0,29472.0,29397.25,29414.75,29386.75,29499.5,29334.0,29386.75,29138.25,419.38857237000957,,29500.75,29038.0,333.75,0.011454016627628632,0.003231032758257737,L,-59.0,41.93885723700096,-0.7034049552970018,False,False,2026-09-11 15:29:00-04:00
2026-09-14,28906.0,28951.25,29003.75,29073.25,29224.75,29151.5,29305.75,28880.5,29151.5,29386.75,422.48581720072315,,29135.5,28815.5,-383.0,0.01303308463848503,0.004150903019590483,S,143.5,42.248581720072316,1.6982818612798911,True,False,2026-09-14 15:29:00-04:00
2026-09-16,29095.25,29112.5,29183.75,29155.0,28841.75,28961.5,29254.25,28763.25,28961.5,28959.0,422.5910872802154,,29145.75,28937.0,224.75,0.007760972409268276,0.004150903019590483,L,236.5,42.259108728021545,2.7982132978964067,True,True,2026-09-16 15:29:00-04:00
2026-09-17,29717.75,29641.75,29689.25,29710.75,29731.75,29744.75,29793.25,29605.75,29744.75,28961.5,427.47743818877143,,29753.25,28955.25,727.75,0.025128187421231636,0.005154128459016206,L,23.0,42.74774381887715,0.2690200457999767,True,True,2026-09-17 15:29:00-04:00
2026-09-21,30222.0,30340.0,30417.0,30437.25,30803.5,30783.5,30863.0,30216.5,30783.5,29916.25,448.8861584382774,,30277.25,29903.5,500.75,0.016738394685162746,0.005154128459016206,L,-43.0,44.88861584382774,-0.4789633094235024,False,False,2026-09-21 15:29:00-04:00
2026-09-23,31006.25,30910.75,30846.5,30719.0,30753.25,30769.75,31013.0,30640.25,30769.75,31029.75,478.9043917146372,,31094.75,30911.25,-183.25,0.005905622829703752,0.004816143627772545,S,-36.0,47.890439171463726,-0.37585790214940407,False,True,2026-09-23 15:29:00-04:00
2026-09-24,30519.75,30583.5,30579.75,30585.75,30750.75,30756.5,30827.5,30490.25,30756.5,30769.75,477.1612208778774,,30814.25,30370.75,-190.0,0.006174895798633398,0.005154128459016206,S,-14.5,47.71612208778774,-0.15194026007942366,False,True,2026-09-24 15:29:00-04:00
2026-09-28,30718.5,30612.0,30651.75,30521.5,30595.75,30567.0,30759.25,30356.5,30567.0,30891.25,464.4744710630677,,30920.75,30535.0,-239.5,0.007753004491563145,0.005154128459016206,S,54.5,46.447447106306775,0.5866845585211918,True,False,2026-09-28 15:29:00-04:00
2026-09-30,30699.25,30768.75,30841.0,30830.5,30833.5,30692.75,30906.0,30680.0,30692.75,30617.0,463.2815592329512,,30779.25,30511.75,224.0,0.007316196884084005,0.005154128459016206,L,-284.5,46.32815592329513,-3.0704869892840394,False,False,2026-09-30 15:29:00-04:00
2026-10-02,31148.5,31177.75,31184.75,31226.25,31050.5,31069.5,31282.75,30988.0,31069.5,30773.5,469.8078240324936,,31223.5,30760.75,411.25,0.013363770776804718,0.005670317743001347,L,35.0,46.980782403249364,0.3724927322366099,True,True,2026-10-02 15:29:00-04:00
2026-10-06,31513.25,31517.25,31548.5,31552.0,31525.25,31480.5,31616.5,31457.5,31480.5,31338.25,469.15827684434396,,31539.25,31308.75,210.25,0.006709053632541703,0.006040259314168575,L,-92.5,46.9158276844344,-0.9858080371316714,False,False,2026-10-06 15:29:00-04:00
2026-10-07,31234.25,31192.5,31237.75,31219.0,31361.5,31396.0,31415.25,31144.25,31396.0,31480.5,457.6291142126051,,31521.75,31206.75,-242.75,0.00771112275853306,0.006441974715587551,S,-72.0,45.76291142126051,-0.7866632362746733,False,True,2026-10-07 15:29:00-04:00
