,day,entry_time,side,entry,stop,risk,target,exit_time,exit,reason,pnl,R,fh,fl,on_h,on_l,atr
0,2019-06-21,2019-06-21 09:35:00-04:00,S,7747.0,7759.75,12.75,,2019-06-21 09:56:00-04:00,7760.0,SL,-28.0,-1.0980392156862746,7756.0,7736.75,7771.0,7725.75,126.89285714285714
1,2019-06-24,2019-06-24 09:35:00-04:00,S,7768.5,7781.0,12.5,,2019-06-24 15:59:00-04:00,7753.25,time,28.5,1.14,7777.0,7764.5,7794.0,7716.75,123.38265306122449
2,2019-06-25,2019-06-25 09:35:00-04:00,S,7744.25,7756.5,12.25,,2019-06-25 15:59:00-04:00,7622.0,time,242.5,9.89795918367347,7753.0,7739.25,7779.75,7713.75,120.0874635568513
3,2019-06-26,2019-06-26 09:35:00-04:00,L,7687.0,7669.25,17.75,,2019-06-26 13:27:00-04:00,7669.0,SL,-38.0,-1.0704225352112675,7691.5,7669.25,7698.0,7616.0,123.67050187421907
4,2019-06-27,2019-06-27 09:35:00-04:00,L,7694.75,7679.25,15.5,,2019-06-27 09:39:00-04:00,7679.0,SL,-33.5,-1.0806451612903225,7698.5,7679.25,7716.75,7642.0,122.19403745463198
5,2019-06-28,2019-06-28 09:35:00-04:00,L,7703.0,7691.0,12.0,,2019-06-28 09:36:00-04:00,7690.75,SL,-26.5,-1.1041666666666667,7710.25,7696.25,7709.25,7672.25,118.80517763644399
6,2019-07-01,2019-07-01 09:35:00-04:00,S,7830.75,7847.75,17.0,,2019-07-01 09:41:00-04:00,7848.0,SL,-36.5,-1.0735294117647058,7847.75,7830.5,7843.25,7750.25,114.72980780526942
7,2019-07-02,2019-07-02 09:35:00-04:00,S,7778.5,7794.0,15.5,,2019-07-02 09:39:00-04:00,7794.25,SL,-33.5,-1.0806451612903225,7794.0,7778.75,7799.0,7762.75,115.5526786763216
8,2019-07-03,2019-07-03 09:35:00-04:00,S,7836.75,7848.25,11.5,,2019-07-03 09:40:00-04:00,7848.5,SL,-25.5,-1.108695652173913,7846.0,7836.0,7871.75,7824.75,113.04891591372721
9,2019-07-04,2019-07-04 09:35:00-04:00,S,7896.5,7907.5,11.0,,2019-07-04 12:49:00-04:00,7903.25,early,-15.5,-0.7045454545454546,7898.25,7895.75,7900.75,7881.75,109.848993348461
10,2019-07-05,2019-07-05 09:35:00-04:00,L,7831.75,7821.25,10.5,,2019-07-05 09:55:00-04:00,7821.0,SL,-23.5,-1.119047619047619,7841.25,7826.75,7909.25,7819.25,103.80620810928521
11,2019-07-08,2019-07-08 09:35:00-04:00,S,7803.25,7818.0,14.75,,2019-07-08 15:59:00-04:00,7811.0,time,-17.5,-0.5932203389830508,7818.0,7798.25,7864.25,7808.5,104.40933610147911
12,2019-07-09,2019-07-09 09:35:00-04:00,L,7785.5,7765.75,19.75,,2019-07-09 15:59:00-04:00,7850.0,time,127.0,3.2151898734177213,7789.0,7765.75,7806.5,7743.25,103.13009780851633
13,2019-07-10,2019-07-10 09:35:00-04:00,L,7910.75,7887.5,23.25,,2019-07-10 11:18:00-04:00,7887.25,SL,-49.0,-1.053763440860215,7918.0,7887.5,7911.5,7811.5,104.01366225076517
14,2019-07-11,2019-07-11 09:35:00-04:00,L,7943.75,7930.0,13.75,,2019-07-11 10:30:00-04:00,7929.75,SL,-30.0,-1.0909090909090908,7945.0,7930.0,7963.25,7919.0,106.44125780428193
15,2019-07-12,2019-07-12 09:35:00-04:00,L,7932.5,7922.0,10.5,,2019-07-12 10:44:00-04:00,7921.75,SL,-23.5,-1.119047619047619,7937.5,7924.75,7947.5,7912.0,103.76688224683322
16,2019-07-15,2019-07-15 09:35:00-04:00,S,7974.75,7985.0,10.25,,2019-07-15 14:21:00-04:00,7985.25,SL,-23.0,-1.1219512195121952,7984.5,7971.5,7986.75,7941.25,100.337104943488
17,2019-07-16,2019-07-16 09:35:00-04:00,L,7980.5,7970.75,9.75,,2019-07-16 10:18:00-04:00,7970.5,SL,-22.0,-1.1282051282051282,7984.5,7971.75,8001.5,7976.75,96.795168876096
18,2019-07-17,2019-07-17 09:35:00-04:00,L,7954.25,7944.5,9.75,,2019-07-17 10:14:00-04:00,7944.25,SL,-22.0,-1.1282051282051282,7955.25,7945.0,7966.5,7929.5,95.41694252780341
19,2019-07-18,2019-07-18 09:35:00-04:00,L,7886.5,7863.75,22.75,,2019-07-18 11:21:00-04:00,7863.5,SL,-48.0,-1.054945054945055,7886.0,7863.75,7888.75,7833.0,95.61930377581746
20,2019-07-19,2019-07-19 09:35:00-04:00,S,7959.25,7974.75,15.5,,2019-07-19 15:59:00-04:00,7853.5,time,209.5,6.758064516129032,7974.75,7955.25,7980.5,7936.25,97.48578207754478
21,2019-07-22,2019-07-22 09:35:00-04:00,L,7883.5,7873.25,10.25,,2019-07-22 15:59:00-04:00,7921.0,time,73.0,3.5609756097560976,7889.5,7875.5,7888.5,7825.5,102.3439405005773
22,2019-07-23,2019-07-23 09:35:00-04:00,S,7952.25,7962.75,10.5,,2019-07-23 15:30:00-04:00,7963.0,SL,-23.5,-1.119047619047619,7962.5,7950.75,7964.25,7921.5,103.40865903625036
23,2019-07-24,2019-07-24 09:35:00-04:00,L,7953.5,7938.5,15.0,,2019-07-24 15:59:00-04:00,8025.25,time,141.5,4.716666666666667,7954.75,7938.5,7971.75,7925.75,101.55804053366104
24,2019-07-25,2019-07-25 09:35:00-04:00,S,7991.0,8001.5,10.5,,2019-07-25 15:59:00-04:00,7946.75,time,86.5,4.119047619047619,7998.75,7984.25,8034.25,7987.0,103.30389478125667
25,2019-07-26,2019-07-26 09:35:00-04:00,L,8018.75,7994.5,24.25,,2019-07-26 15:59:00-04:00,8028.0,time,16.5,0.3402061855670103,8023.0,7994.5,8022.0,7987.75,104.28218801116691
26,2019-07-29,2019-07-29 09:35:00-04:00,S,8007.75,8024.5,16.75,,2019-07-29 15:59:00-04:00,8002.5,time,8.5,0.2537313432835821,8024.5,8005.75,8031.75,8002.0,101.01203172465499
27,2019-07-30,2019-07-30 09:35:00-04:00,L,7948.25,7933.5,14.75,,2019-07-30 15:59:00-04:00,7966.5,time,34.5,1.1694915254237288,7953.0,7933.5,8019.75,7928.25,99.5290294586082
28,2019-07-31,2019-07-31 09:35:00-04:00,S,7972.25,7989.0,16.75,,2019-07-31 10:10:00-04:00,7989.25,SL,-36.0,-1.0746268656716418,7989.0,7967.0,8001.75,7978.75,98.9555273544219
29,2019-08-01,2019-08-01 09:35:00-04:00,L,7910.5,7867.5,43.0,,2019-08-01 13:40:00-04:00,7867.25,SL,-88.5,-1.0290697674418605,7913.25,7867.5,7895.25,7819.5,107.5837039719632
30,2019-08-02,2019-08-02 09:35:00-04:00,S,7741.5,7763.5,22.0,,2019-08-02 09:39:00-04:00,7763.75,SL,-46.5,-1.0568181818181819,7763.5,7731.25,7805.5,7724.75,116.86343940253725
31,2019-08-05,2019-08-05 09:35:00-04:00,S,7525.25,7540.75,15.5,,2019-08-05 15:59:00-04:00,7423.25,time,202.0,6.516129032258065,7540.75,7514.25,7706.0,7529.5,119.62319373092745
32,2019-08-06,2019-08-06 09:35:00-04:00,L,7518.25,7489.75,28.5,,2019-08-06 09:47:00-04:00,7489.5,SL,-59.5,-1.043859649122807,7528.5,7489.75,7496.0,7225.0,135.97153703586122
33,2019-08-07,2019-08-07 09:35:00-04:00,S,7427.25,7459.5,32.25,,2019-08-07 09:39:00-04:00,7459.75,SL,-67.0,-1.0387596899224807,7459.5,7417.5,7569.0,7415.0,149.3842843904426
34,2019-08-08,2019-08-08 09:35:00-04:00,S,7591.75,7617.25,25.5,,2019-08-08 09:56:00-04:00,7617.5,SL,-53.5,-1.0490196078431373,7617.25,7591.75,7618.5,7526.25,152.24969264826814
35,2019-08-09,2019-08-09 09:35:00-04:00,L,7708.75,7690.25,18.5,,2019-08-09 09:45:00-04:00,7690.0,SL,-39.5,-1.0675675675675675,7709.75,7690.25,7724.0,7657.25,156.53542888767757
36,2019-08-12,2019-08-12 09:35:00-04:00,S,7593.5,7628.75,35.25,,2019-08-12 10:25:00-04:00,7629.0,SL,-73.0,-1.0354609929078014,7628.75,7593.25,7709.75,7584.0,154.78289825284347
37,2019-08-13,2019-08-13 09:35:00-04:00,L,7569.0,7553.25,15.75,,2019-08-13 15:59:00-04:00,7738.25,time,336.5,10.682539682539682,7571.5,7555.25,7595.0,7513.75,156.22697694906896
38,2019-08-14,2019-08-14 09:35:00-04:00,L,7617.75,7596.75,21.0,,2019-08-14 09:45:00-04:00,7596.5,SL,-44.5,-1.0595238095238095,7632.5,7596.75,7767.5,7596.25,164.74647859556404
39,2019-08-15,2019-08-15 09:35:00-04:00,L,7520.0,7492.25,27.75,,2019-08-15 09:37:00-04:00,7492.0,SL,-58.0,-1.045045045045045,7535.75,7492.25,7573.25,7388.5,173.71101583873806
40,2019-08-16,2019-08-16 09:35:00-04:00,L,7577.25,7556.0,21.25,,2019-08-16 15:59:00-04:00,7612.25,time,68.0,1.6,7580.25,7556.0,7600.5,7502.25,174.49951470739964
41,2019-08-19,2019-08-19 09:35:00-04:00,L,7731.25,7714.0,17.25,,2019-08-19 09:54:00-04:00,7713.75,SL,-37.0,-1.0724637681159421,7732.75,7717.0,7725.5,7613.0,171.3209779425854
42,2019-08-20,2019-08-20 09:35:00-04:00,S,7698.25,7721.75,23.5,,2019-08-20 10:57:00-04:00,7722.0,SL,-49.5,-1.053191489361702,7721.75,7695.75,7752.5,7700.5,168.90519380382926
43,2019-08-21,2019-08-21 09:35:00-04:00,S,7736.5,7753.0,16.5,,2019-08-21 09:40:00-04:00,7753.25,SL,-35.5,-1.0757575757575757,7748.75,7730.5,7752.5,7651.5,163.76910853212718
44,2019-08-22,2019-08-22 09:35:00-04:00,L,7759.5,7743.25,16.25,,2019-08-22 10:08:00-04:00,7743.0,SL,-35.0,-1.0769230769230769,7767.5,7751.25,7782.25,7703.75,160.23202935126096
45,2019-08-23,2019-08-23 09:35:00-04:00,L,7667.25,7651.25,16.0,,2019-08-23 09:48:00-04:00,7651.0,SL,-34.5,-1.078125,7674.0,7656.25,7762.0,7636.5,157.9654558261709
46,2019-08-26,2019-08-26 09:35:00-04:00,S,7550.5,7567.5,17.0,,2019-08-26 11:13:00-04:00,7567.75,SL,-36.5,-1.0735294117647058,7566.25,7542.5,7626.0,7311.75,169.11078041001585
47,2019-08-27,2019-08-27 09:35:00-04:00,S,7629.75,7647.75,18.0,,2019-08-27 09:48:00-04:00,7648.0,SL,-38.5,-1.0694444444444444,7636.5,7618.0,7644.5,7547.5,179.47786752358616
48,2019-08-28,2019-08-28 09:35:00-04:00,S,7517.25,7553.5,36.25,,2019-08-28 09:56:00-04:00,7553.75,SL,-75.0,-1.0344827586206897,7553.5,7514.0,7600.25,7521.5,174.65801984333
49,2019-08-29,2019-08-29 09:35:00-04:00,L,7710.75,7683.5,27.25,,2019-08-29 10:37:00-04:00,7683.25,SL,-57.0,-1.0458715596330275,7717.25,7683.5,7702.75,7548.5,169.46816128309214
50,2019-08-30,2019-08-30 09:35:00-04:00,S,7741.25,7758.5,17.25,,2019-08-30 15:59:00-04:00,7691.5,time,97.5,2.8260869565217392,7750.5,7734.5,7770.25,7688.25,170.345435477157
51,2019-09-02,2019-09-02 09:35:00-04:00,S,7653.0,7669.75,16.75,,2019-09-02 10:20:00-04:00,7670.0,SL,-36.0,-1.0746268656716418,7664.75,7652.0,7695.75,7591.5,167.05290437164578
52,2019-09-03,2019-09-03 09:35:00-04:00,L,7648.0,7627.5,20.5,,2019-09-03 10:04:00-04:00,7627.25,SL,-43.5,-1.0609756097560976,7650.0,7627.5,7664.0,7593.5,163.28126834509968
53,2019-09-04,2019-09-04 09:35:00-04:00,L,7688.0,7672.0,16.0,,2019-09-04 10:10:00-04:00,7671.75,SL,-34.5,-1.078125,7692.0,7680.5,7729.75,7608.25,157.993320606164
54,2019-09-05,2019-09-05 09:35:00-04:00,L,7818.25,7802.5,15.75,,2019-09-05 15:59:00-04:00,7865.25,time,92.0,2.9206349206349205,7824.0,7804.0,7839.75,7717.75,155.38665484858083
55,2019-09-06,2019-09-06 09:35:00-04:00,S,7854.0,7876.75,22.75,,2019-09-06 10:52:00-04:00,7877.0,SL,-48.0,-1.054945054945055,7876.75,7853.75,7895.5,7851.75,156.34117950225365
56,2019-09-09,2019-09-09 09:35:00-04:00,S,7870.0,7885.0,15.0,,2019-09-09 15:59:00-04:00,7837.5,time,63.0,2.1,7883.5,7868.5,7887.25,7856.75,149.24538096637838
57,2019-09-10,2019-09-10 09:35:00-04:00,S,7778.75,7800.25,21.5,,2019-09-10 12:23:00-04:00,7800.5,SL,-45.5,-1.058139534883721,7800.25,7775.0,7857.75,7781.75,144.92428232592277
58,2019-09-11,2019-09-11 09:35:00-04:00,S,7823.0,7837.5,14.5,,2019-09-11 09:39:00-04:00,7837.75,SL,-31.5,-1.0862068965517242,7830.0,7811.0,7847.5,7786.5,142.679690731214
59,2019-09-12,2019-09-12 09:35:00-04:00,L,7952.25,7924.5,27.75,,2019-09-12 09:45:00-04:00,7924.25,SL,-58.0,-1.045045045045045,7954.5,7924.5,7960.0,7886.75,140.57756996469874
60,2019-09-13,2019-09-13 09:35:00-04:00,S,7890.0,7912.25,22.25,,2019-09-13 09:50:00-04:00,7912.5,SL,-47.0,-1.0561797752808988,7912.25,7887.5,7958.25,7906.5,137.3398863957917
61,2019-09-16,2019-09-16 09:35:00-04:00,L,7870.25,7855.5,14.75,,2019-09-16 11:59:00-04:00,7855.25,SL,-32.0,-1.0847457627118644,7877.25,7855.5,7873.25,7798.25,133.029894510378
62,2019-09-17,2019-09-17 09:35:00-04:00,S,7877.75,7891.0,13.25,,2019-09-17 09:41:00-04:00,7891.25,SL,-29.0,-1.0943396226415094,7886.5,7873.25,7897.0,7850.5,130.509902045351
63,2019-09-18,2019-09-18 09:35:00-04:00,S,7891.75,7904.5,12.75,,2019-09-18 15:35:00-04:00,7904.75,SL,-28.0,-1.0980392156862746,7903.25,7889.75,7917.25,7886.75,126.25919475639736
64,2019-09-19,2019-09-19 09:35:00-04:00,L,7945.5,7924.25,21.25,,2019-09-19 12:29:00-04:00,7924.0,SL,-45.0,-1.0588235294117647,7950.0,7924.25,7939.5,7852.75,125.50853798808326
65,2019-09-20,2019-09-20 09:35:00-04:00,S,7929.5,7942.25,12.75,,2019-09-20 09:44:00-04:00,7942.5,SL,-28.0,-1.0980392156862746,7937.5,7926.5,7952.25,7913.25,125.20435670322017
66,2019-09-23,2019-09-23 09:35:00-04:00,S,7825.0,7844.0,19.0,,2019-09-23 09:50:00-04:00,7844.25,SL,-40.5,-1.0657894736842106,7844.0,7822.75,7897.0,7813.25,126.33261693870443
67,2019-09-24,2019-09-24 09:35:00-04:00,S,7871.5,7884.0,12.5,,2019-09-24 09:40:00-04:00,7884.25,SL,-27.5,-1.1,7881.0,7866.25,7904.25,7862.5,123.68385858593983
68,2019-09-25,2019-09-25 09:35:00-04:00,L,7734.75,7720.75,14.0,,2019-09-25 09:43:00-04:00,7720.5,SL,-30.5,-1.0892857142857142,7739.5,7720.75,7759.0,7682.75,129.3135829726584
69,2019-09-26,2019-09-26 09:35:00-04:00,S,7789.25,7814.25,25.0,,2019-09-26 15:32:00-04:00,7814.5,SL,-52.5,-1.05,7814.25,7787.25,7842.5,7783.75,132.9697556174685
70,2019-09-27,2019-09-27 09:35:00-04:00,S,7791.75,7812.5,20.75,,2019-09-27 15:59:00-04:00,7699.0,time,183.5,4.421686746987952,7812.5,7789.25,7822.0,7753.75,131.15048735907789
71,2019-09-30,2019-09-30 09:35:00-04:00,L,7731.75,7715.5,16.25,,2019-09-30 09:35:00-04:00,7715.25,SL,-35.0,-1.0769230769230769,7732.75,7715.5,7759.0,7705.5,134.7290239762866
72,2019-10-01,2019-10-01 09:35:00-04:00,L,7819.25,7794.0,25.25,,2019-10-01 10:05:00-04:00,7793.75,SL,-53.0,-1.0495049504950495,7821.5,7794.0,7826.75,7778.0,131.05195083512328
73,2019-10-02,2019-10-02 09:35:00-04:00,S,7625.5,7652.25,26.75,,2019-10-02 15:59:00-04:00,7566.25,time,116.5,2.177570093457944,7652.25,7625.25,7730.5,7630.25,132.44109720404305
74,2019-10-03,2019-10-03 09:35:00-04:00,L,7580.0,7549.0,31.0,,2019-10-03 10:00:00-04:00,7548.75,SL,-64.5,-1.0403225806451613,7583.0,7549.0,7587.75,7542.75,137.6238759751828
75,2019-10-04,2019-10-04 09:35:00-04:00,L,7694.25,7680.0,14.25,,2019-10-04 15:59:00-04:00,7765.25,time,140.0,4.912280701754386,7711.0,7682.25,7695.0,7616.25,141.02574197695546
76,2019-10-07,2019-10-07 09:35:00-04:00,L,7751.5,7736.25,15.25,,2019-10-07 09:36:00-04:00,7736.0,SL,-33.0,-1.0819672131147542,7756.75,7736.25,7759.0,7698.75,142.2024746928872
77,2019-10-08,2019-10-08 09:35:00-04:00,L,7688.25,7670.75,17.5,,2019-10-08 09:37:00-04:00,7670.5,SL,-37.5,-1.0714285714285714,7693.75,7670.75,7784.5,7665.5,139.25944078625238
78,2019-10-09,2019-10-09 09:35:00-04:00,S,7672.5,7693.25,20.75,,2019-10-09 09:40:00-04:00,7693.5,SL,-44.0,-1.0602409638554218,7693.25,7671.0,7719.0,7605.0,141.5444807300915
79,2019-10-10,2019-10-10 09:35:00-04:00,L,7709.25,7690.5,18.75,,2019-10-10 15:59:00-04:00,7754.0,time,87.5,2.3333333333333335,7709.5,7690.5,7715.0,7583.0,140.48773210651353
80,2019-10-11,2019-10-11 09:35:00-04:00,L,7852.75,7838.0,14.75,,2019-10-11 12:32:00-04:00,7837.75,SL,-32.0,-1.0847457627118644,7854.5,7842.75,7861.75,7767.0,145.82789409890543
81,2019-10-14,2019-10-14 09:35:00-04:00,L,7849.0,7834.25,14.75,,2019-10-14 15:59:00-04:00,7853.75,time,7.5,0.2542372881355932,7865.5,7843.0,7894.5,7807.0,146.21518737755505
82,2019-10-15,2019-10-15 09:35:00-04:00,L,7892.0,7871.75,20.25,,2019-10-15 15:59:00-04:00,7952.75,time,119.5,2.950617283950617,7893.0,7871.75,7907.75,7858.75,142.0212454220154
83,2019-10-16,2019-10-16 09:35:00-04:00,L,7929.75,7915.75,14.0,,2019-10-16 10:02:00-04:00,7915.5,SL,-30.5,-1.0892857142857142,7930.75,7916.5,7961.25,7925.5,139.94829932044289
84,2019-10-17,2019-10-17 09:35:00-04:00,L,7981.75,7968.25,13.5,,2019-10-17 09:36:00-04:00,7968.0,SL,-29.5,-1.0925925925925926,7991.75,7978.0,7994.75,7930.25,133.7734207975541
85,2019-10-18,2019-10-18 09:35:00-04:00,L,7951.0,7938.0,13.0,,2019-10-18 10:04:00-04:00,7937.75,SL,-28.5,-1.0961538461538463,7953.5,7940.25,7957.25,7915.75,129.36103359772883
86,2019-10-21,2019-10-21 09:35:00-04:00,S,7912.5,7925.5,13.0,,2019-10-21 09:36:00-04:00,7925.75,SL,-28.5,-1.0961538461538463,7925.25,7910.25,7925.75,7865.0,128.88881691217676
87,2019-10-22,2019-10-22 09:35:00-04:00,L,7983.75,7971.0,12.75,,2019-10-22 09:36:00-04:00,7970.75,SL,-28.0,-1.0980392156862746,7987.0,7972.5,7979.0,7935.0,125.84318713273557
88,2019-10-23,2019-10-23 09:35:00-04:00,S,7856.75,7874.75,18.0,,2019-10-23 09:38:00-04:00,7875.0,SL,-38.5,-1.0694444444444444,7874.75,7856.0,7872.5,7810.5,127.64010233754017
89,2019-10-24,2019-10-24 09:35:00-04:00,S,7952.75,7965.5,12.75,,2019-10-24 11:30:00-04:00,7965.75,SL,-28.0,-1.0980392156862746,7961.25,7942.5,7955.75,7912.75,126.20152359914445
90,2019-10-25,2019-10-25 09:35:00-04:00,L,7948.5,7929.25,19.25,,2019-10-25 15:59:00-04:00,8035.75,time,172.5,4.48051948051948,7952.5,7929.25,7946.75,7918.25,122.3478433420627
91,2019-10-28,2019-10-28 09:35:00-04:00,L,8092.5,8074.25,18.25,,2019-10-28 15:59:00-04:00,8116.25,time,45.5,1.2465753424657535,8094.25,8074.25,8082.25,8048.0,122.41228310334394
92,2019-10-29,2019-10-29 09:35:00-04:00,L,8105.5,8093.5,12.0,,2019-10-29 09:37:00-04:00,8093.25,SL,-26.5,-1.1041666666666667,8114.0,8100.75,8119.0,8080.0,119.97212002453365
93,2019-10-30,2019-10-30 09:35:00-04:00,S,8053.5,8068.25,14.75,,2019-10-30 14:16:00-04:00,8068.5,SL,-32.0,-1.0847457627118644,8068.25,8053.5,8075.5,8046.0,116.29554002278124
94,2019-10-31,2019-10-31 09:35:00-04:00,S,8108.5,8120.25,11.75,,2019-10-31 15:59:00-04:00,8091.0,time,33.0,1.4042553191489362,8113.5,8092.5,8139.0,8081.75,116.649430021154
95,2019-11-01,2019-11-01 09:35:00-04:00,S,8121.0,8135.5,14.5,,2019-11-01 09:53:00-04:00,8135.75,SL,-31.5,-1.0862068965517242,8135.5,8117.5,8136.75,8084.75,114.96018501964299
96,2019-11-04,2019-11-04 09:35:00-05:00,L,8225.25,8213.25,12.0,,2019-11-04 10:01:00-05:00,8213.0,SL,-26.5,-1.1041666666666667,8228.0,8213.25,8229.5,8164.0,112.67731466109706
97,2019-11-05,2019-11-05 09:35:00-05:00,S,8219.0,8231.25,12.25,,2019-11-05 10:01:00-05:00,8231.5,SL,-27.0,-1.1020408163265305,8231.25,8216.5,8248.25,8210.5,109.6825064710187
98,2019-11-06,2019-11-06 09:35:00-05:00,S,8194.0,8211.25,17.25,,2019-11-06 15:59:00-05:00,8201.75,time,-17.5,-0.5072463768115942,8211.25,8192.25,8228.0,8200.75,105.77661315166021
99,2019-11-07,2019-11-07 09:35:00-05:00,S,8238.25,8248.75,10.5,,2019-11-07 09:36:00-05:00,8249.0,SL,-23.5,-1.119047619047619,8246.0,8234.0,8263.25,8190.25,102.98899792654163
100,2019-11-08,2019-11-08 09:35:00-05:00,L,8214.5,8204.25,10.25,,2019-11-08 09:59:00-05:00,8204.0,SL,-23.0,-1.1219512195121952,8219.0,8206.0,8248.5,8196.5,102.20406950321724
101,2019-11-11,2019-11-11 09:35:00-05:00,L,8219.25,8209.0,10.25,,2019-11-11 09:41:00-05:00,8208.75,SL,-23.0,-1.1219512195121952,8221.75,8211.0,8262.0,8213.75,100.1894931101303
102,2019-11-12,2019-11-12 09:35:00-05:00,L,8261.75,8252.0,9.75,,2019-11-12 14:50:00-05:00,8251.75,SL,-22.0,-1.1282051282051282,8264.5,8252.0,8274.0,8228.75,96.99738645940671
103,2019-11-13,2019-11-13 09:35:00-05:00,L,8252.5,8237.25,15.25,,2019-11-13 09:51:00-05:00,8237.0,SL,-33.0,-1.0819672131147542,8252.25,8237.25,8274.25,8220.0,95.15828742659195
104,2019-11-14,2019-11-14 09:35:00-05:00,L,8250.0,8237.75,12.25,,2019-11-14 10:56:00-05:00,8237.5,SL,-27.0,-1.1020408163265305,8253.0,8237.75,8285.25,8237.25,92.77198118183539
105,2019-11-15,2019-11-15 09:35:00-05:00,S,8300.75,8317.25,16.5,,2019-11-15 11:01:00-05:00,8317.5,SL,-35.5,-1.0757575757575757,8317.25,8299.0,8321.0,8261.5,91.05612538313287
106,2019-11-18,2019-11-18 09:35:00-05:00,S,8300.5,8314.5,14.0,,2019-11-18 11:10:00-05:00,8314.75,SL,-30.5,-1.0892857142857142,8314.5,8295.5,8366.0,8306.25,88.99854499862337
107,2019-11-19,2019-11-19 09:35:00-05:00,S,8354.5,8364.75,10.25,,2019-11-19 15:59:00-05:00,8344.25,time,18.5,0.9024390243902439,8364.75,8351.25,8379.75,8317.5,88.83793464157884
108,2019-11-20,2019-11-20 09:35:00-05:00,L,8325.5,8315.75,9.75,,2019-11-20 12:52:00-05:00,8315.5,SL,-22.0,-1.1282051282051282,8329.75,8315.75,8334.5,8291.75,87.27808216718036
109,2019-11-21,2019-11-21 09:35:00-05:00,S,8268.0,8286.0,18.0,,2019-11-21 10:10:00-05:00,8286.25,SL,-38.5,-1.0694444444444444,8286.0,8267.0,8307.75,8239.5,89.4189334409532
110,2019-11-22,2019-11-22 09:35:00-05:00,S,8289.5,8298.5,9.0,,2019-11-22 09:37:00-05:00,8298.75,SL,-20.5,-1.1388888888888888,8294.75,8279.75,8313.25,8266.0,87.90686676659939
111,2019-11-25,2019-11-25 09:35:00-05:00,L,8336.75,8311.75,25.0,,2019-11-25 15:59:00-05:00,8376.75,time,78.0,1.56,8338.5,8311.75,8316.25,8287.5,87.34209056898514
112,2019-11-26,2019-11-26 09:35:00-05:00,S,8379.0,8388.0,9.0,,2019-11-26 09:56:00-05:00,8388.25,SL,-20.5,-1.1388888888888888,8386.75,8370.25,8421.0,8366.5,88.08551267120049
113,2019-11-27,2019-11-27 09:35:00-05:00,S,8411.25,8420.0,8.75,,2019-11-27 10:05:00-05:00,8420.25,SL,-20.0,-1.1428571428571428,8414.5,8405.0,8430.0,8397.25,85.68654748040045
114,2019-11-28,2019-11-28 09:35:00-05:00,S,8441.25,8449.75,8.5,,2019-11-28 12:49:00-05:00,8444.75,early,-9.0,-0.5294117647058824,8442.5,8438.75,8458.0,8413.5,83.95893694608614
115,2019-11-29,2019-11-29 09:35:00-05:00,S,8426.0,8434.25,8.25,,2019-11-29 09:58:00-05:00,8434.5,SL,-19.0,-1.1515151515151516,8430.75,8423.5,8450.5,8411.0,81.14044144993713
116,2019-12-02,2019-12-02 09:35:00-05:00,S,8398.0,8413.25,15.25,,2019-12-02 15:59:00-05:00,8316.0,time,162.0,5.311475409836065,8413.25,8393.75,8456.75,8407.5,78.50540991779876
117,2019-12-03,2019-12-03 09:35:00-05:00,L,8215.5,8184.75,30.75,,2019-12-03 09:48:00-05:00,8184.5,SL,-64.0,-1.0406504065040652,8217.75,8184.75,8337.25,8204.0,85.80859492367027
118,2019-12-04,2019-12-04 09:35:00-05:00,S,8292.25,8301.75,9.5,,2019-12-04 09:36:00-05:00,8302.0,SL,-21.5,-1.131578947368421,8301.75,8287.5,8314.25,8220.75,91.73298100055096
119,2019-12-05,2019-12-05 09:35:00-05:00,S,8313.25,8327.25,14.0,,2019-12-05 15:59:00-05:00,8312.75,time,-1.0,-0.03571428571428571,8327.25,8303.5,8340.0,8285.0,92.23419664336875
120,2019-12-06,2019-12-06 09:35:00-05:00,L,8375.0,8365.75,9.25,,2019-12-06 15:59:00-05:00,8399.5,time,47.0,2.5405405405405403,8381.25,8367.75,8381.25,8307.5,90.41389688312812
121,2019-12-09,2019-12-09 09:35:00-05:00,L,8398.75,8388.0,10.75,,2019-12-09 12:46:00-05:00,8387.75,SL,-24.0,-1.1162790697674418,8400.25,8388.0,8415.0,8380.75,91.22361853433326
122,2019-12-10,2019-12-10 09:35:00-05:00,S,8361.25,8370.5,9.25,,2019-12-10 10:06:00-05:00,8370.75,SL,-21.0,-1.135135135135135,8370.5,8356.0,8383.5,8297.0,90.49336006759516
123,2019-12-11,2019-12-11 09:35:00-05:00,S,8373.25,8382.5,9.25,,2019-12-11 09:51:00-05:00,8382.75,SL,-21.0,-1.135135135135135,8377.5,8365.25,8393.5,8345.0,91.26169149133837
124,2019-12-12,2019-12-12 09:35:00-05:00,S,8388.5,8402.25,13.75,,2019-12-12 09:35:00-05:00,8402.5,SL,-30.0,-1.0909090909090908,8402.25,8381.0,8430.25,8383.0,89.43942781338562
125,2019-12-13,2019-12-13 09:35:00-05:00,S,8444.5,8463.5,19.0,,2019-12-13 09:35:00-05:00,8463.75,SL,-40.5,-1.0657894736842106,8463.5,8440.0,8523.0,8436.0,91.33661154100093
126,2019-12-16,2019-12-16 09:35:00-05:00,L,8584.25,8571.5,12.75,,2019-12-16 15:59:00-05:00,8601.25,time,32.0,1.2549019607843137,8587.0,8571.5,8577.0,8503.0,91.02685357378657
127,2019-12-18,2019-12-18 09:35:00-05:00,L,8622.5,8613.5,9.0,,2019-12-18 09:58:00-05:00,8613.25,SL,-20.5,-1.1388888888888888,8626.75,8615.0,8619.5,8595.25,89.10478701005066
128,2019-12-19,2019-12-19 09:35:00-05:00,L,8633.0,8618.25,14.75,,2019-12-19 15:59:00-05:00,8671.0,time,74.0,2.5084745762711864,8636.25,8618.25,8630.5,8608.5,86.00801650933275
129,2019-12-20,2019-12-20 09:35:00-05:00,L,8708.0,8699.25,8.75,,2019-12-20 09:38:00-05:00,8699.0,SL,-20.0,-1.1428571428571428,8712.25,8700.25,8724.75,8665.5,85.16815818723755
130,2019-12-23,2019-12-23 09:35:00-05:00,S,8731.25,8739.75,8.5,,2019-12-23 15:59:00-05:00,8722.0,time,16.5,0.9705882352941176,8734.75,8722.75,8743.5,8705.0,83.31686117386344
131,2019-12-24,2019-12-24 09:35:00-05:00,S,8722.5,8734.75,12.25,,2019-12-24 13:04:00-05:00,8729.25,early,-15.5,-0.6326530612244898,8734.75,8722.5,8736.0,8718.0,80.11565680430178
132,2019-12-26,2019-12-26 09:35:00-05:00,L,8745.0,8737.25,7.75,,2019-12-26 15:59:00-05:00,8801.0,time,110.0,7.096774193548387,8745.75,8739.0,8750.25,8726.0,76.42882417542307
133,2019-12-27,2019-12-27 09:35:00-05:00,S,8830.25,8838.0,7.75,,2019-12-27 15:59:00-05:00,8792.75,time,73.0,4.709677419354839,8832.5,8821.5,8843.25,8799.0,76.66605102003571
134,2019-12-30,2019-12-30 09:35:00-05:00,S,8766.0,8792.5,26.5,,2019-12-30 15:59:00-05:00,8731.75,time,66.5,1.2547169811320755,8792.5,8766.5,8809.75,8775.75,76.43990451860459
135,2019-12-31,2019-12-31 09:35:00-05:00,L,8718.5,8692.25,26.25,,2019-12-31 15:59:00-05:00,8747.75,time,56.5,1.0761904761904761,8726.25,8692.25,8750.25,8704.75,79.46205419584713
136,2020-01-02,2020-01-02 09:35:00-05:00,L,8834.5,8815.5,19.0,,2020-01-02 10:15:00-05:00,8815.25,SL,-40.5,-1.0657894736842106,8838.5,8815.5,8831.0,8769.25,79.48262175328662
137,2020-01-03,2020-01-03 09:35:00-05:00,L,8824.75,8770.5,54.25,,2020-01-03 15:59:00-05:00,8809.5,time,-32.5,-0.2995391705069124,8825.0,8770.5,8907.75,8735.25,83.25172019948045
138,2020-01-06,2020-01-06 09:35:00-05:00,L,8763.75,8728.5,35.25,,2020-01-06 15:59:00-05:00,8863.5,time,197.5,2.801418439716312,8766.0,8728.5,8795.0,8723.0,89.62659732808899
139,2020-01-07,2020-01-07 09:35:00-05:00,L,8867.5,8856.75,10.75,,2020-01-07 09:38:00-05:00,8856.5,SL,-24.0,-1.1162790697674418,8874.5,8856.75,8894.5,8846.0,93.9032689475112
140,2020-01-08,2020-01-08 09:35:00-05:00,L,8875.75,8848.0,27.75,,2020-01-08 15:59:00-05:00,8929.5,time,105.5,1.9009009009009008,8880.5,8848.0,8888.75,8678.25,92.16017830840325
141,2020-01-09,2020-01-09 09:35:00-05:00,L,9013.0,9001.25,11.75,,2020-01-09 09:36:00-05:00,9001.0,SL,-26.0,-1.1063829787234043,9018.0,9001.25,9004.5,8932.5,106.59516557208873
142,2020-01-10,2020-01-10 09:35:00-05:00,S,9018.5,9041.75,23.25,,2020-01-10 10:41:00-05:00,9042.0,SL,-49.0,-1.053763440860215,9041.75,9016.0,9055.25,9008.5,105.39193945979669
143,2020-01-13,2020-01-13 09:35:00-05:00,L,9018.75,9008.25,10.5,,2020-01-13 09:42:00-05:00,9008.0,SL,-23.5,-1.119047619047619,9030.25,9015.25,9028.75,8978.75,104.20322949838264
144,2020-01-14,2020-01-14 09:35:00-05:00,S,9073.75,9086.25,12.5,,2020-01-14 12:37:00-05:00,9086.5,SL,-27.5,-1.1,9086.25,9066.5,9114.75,9041.5,105.20657024849815
145,2020-01-15,2020-01-15 09:35:00-05:00,L,9066.5,9051.0,15.5,,2020-01-15 13:33:00-05:00,9050.75,SL,-33.5,-1.0806451612903225,9076.75,9051.0,9074.75,9025.75,103.38824380217685
146,2020-01-16,2020-01-16 09:35:00-05:00,L,9105.75,9088.0,17.75,,2020-01-16 11:12:00-05:00,9087.75,SL,-38.0,-1.0704225352112675,9109.0,9088.0,9109.75,9060.5,101.21765495916421
147,2020-01-17,2020-01-17 09:35:00-05:00,S,9159.0,9179.25,20.25,,2020-01-17 15:54:00-05:00,9179.5,SL,-43.0,-1.0617283950617284,9179.25,9155.0,9186.0,9134.0,99.68425103350963
148,2020-01-20,2020-01-20 09:35:00-05:00,L,9169.5,9159.75,9.75,,2020-01-20 12:49:00-05:00,9173.5,early,6.0,0.3076923076923077,9170.5,9163.5,9187.0,9160.0,96.7960902454018
149,2020-01-21,2020-01-21 09:35:00-05:00,L,9163.25,9152.25,11.0,,2020-01-21 14:01:00-05:00,9152.0,SL,-24.5,-1.1136363636363635,9171.75,9152.25,9179.25,9114.5,91.8106552278731
150,2020-01-22,2020-01-22 09:35:00-05:00,S,9222.0,9231.25,9.25,,2020-01-22 09:36:00-05:00,9231.5,SL,-21.0,-1.135135135135135,9226.0,9212.0,9240.25,9174.5,91.34203699731074
151,2020-01-23,2020-01-23 09:35:00-05:00,S,9164.75,9201.25,36.5,,2020-01-23 10:07:00-05:00,9201.5,SL,-75.5,-1.0342465753424657,9201.25,9162.25,9210.75,9174.0,90.49617721178855
152,2020-01-24,2020-01-24 09:35:00-05:00,S,9264.0,9284.25,20.25,,2020-01-24 15:59:00-05:00,9151.75,time,222.5,5.493827160493828,9284.25,9262.0,9287.5,9249.5,91.31787883951793
153,2020-01-27,2020-01-27 09:35:00-05:00,L,8960.5,8926.0,34.5,,2020-01-27 15:59:00-05:00,8961.0,time,-1.0,-0.014492753623188406,8967.25,8926.0,9098.25,8942.75,97.49160177955237
154,2020-01-28,2020-01-28 09:35:00-05:00,S,9021.0,9039.75,18.75,,2020-01-28 10:24:00-05:00,9040.0,SL,-40.0,-1.0666666666666667,9039.75,9015.25,9040.75,8952.5,105.6172016524415
155,2020-01-29,2020-01-29 09:35:00-05:00,L,9149.75,9138.5,11.25,,2020-01-29 09:39:00-05:00,9138.25,SL,-25.0,-1.1111111111111112,9153.0,9139.0,9156.75,9091.75,111.1802586772671
156,2020-01-30,2020-01-30 09:35:00-05:00,L,9090.5,9044.5,46.0,,2020-01-30 10:45:00-05:00,9044.25,SL,-94.5,-1.0271739130434783,9091.25,9044.5,9137.0,9003.75,109.41738305746232
157,2020-01-31,2020-01-31 09:35:00-05:00,S,9150.0,9184.0,34.0,,2020-01-31 15:59:00-05:00,8995.0,time,308.0,4.529411764705882,9184.0,9142.75,9249.0,9138.25,118.47685569621501
158,2020-02-03,2020-02-03 09:35:00-05:00,L,9069.75,9035.75,34.0,,2020-02-03 15:59:00-05:00,9131.0,time,120.5,1.7720588235294117,9069.5,9035.75,9091.75,8975.0,130.29993743219964
159,2020-02-04,2020-02-04 09:35:00-05:00,S,9243.0,9269.5,26.5,,2020-02-04 09:49:00-05:00,9269.75,SL,-55.5,-1.0471698113207548,9269.5,9234.0,9264.5,9073.25,133.90351332989968
160,2020-02-05,2020-02-05 09:35:00-05:00,S,9428.75,9457.75,29.0,,2020-02-05 15:59:00-05:00,9375.75,time,104.0,1.793103448275862,9457.75,9426.5,9464.25,9318.25,145.46397666347826
161,2020-02-06,2020-02-06 09:35:00-05:00,S,9380.0,9408.0,28.0,,2020-02-06 09:59:00-05:00,9408.25,SL,-58.5,-1.0446428571428572,9408.0,9375.0,9460.75,9375.0,145.50226404465838
162,2020-02-07,2020-02-07 09:35:00-05:00,S,9390.0,9424.5,34.5,,2020-02-07 10:30:00-05:00,9424.75,SL,-71.5,-1.036231884057971,9424.5,9385.5,9477.0,9395.0,142.28781661289707
163,2020-02-10,2020-02-10 09:35:00-05:00,L,9415.75,9377.75,38.0,,2020-02-10 15:59:00-05:00,9525.0,time,216.5,2.848684210526316,9416.25,9377.75,9440.0,9330.75,138.69582971197585
164,2020-02-11,2020-02-11 09:35:00-05:00,S,9552.75,9581.75,29.0,,2020-02-11 10:08:00-05:00,9582.0,SL,-60.5,-1.043103448275862,9581.75,9553.25,9582.75,9517.0,143.14612758969184
165,2020-02-12,2020-02-12 09:35:00-05:00,L,9598.75,9579.0,19.75,,2020-02-12 09:49:00-05:00,9578.75,SL,-42.0,-1.0632911392405062,9601.0,9579.0,9585.5,9524.25,140.63568990471384
166,2020-02-13,2020-02-13 09:35:00-05:00,L,9570.0,9539.25,30.75,,2020-02-13 15:59:00-05:00,9604.25,time,66.5,1.08130081300813,9577.5,9539.25,9626.25,9511.25,138.00099776866287
167,2020-02-14,2020-02-14 09:35:00-05:00,L,9638.5,9613.25,25.25,,2020-02-14 09:36:00-05:00,9613.0,SL,-53.0,-1.0495049504950495,9638.75,9613.25,9659.25,9600.75,137.6794979280441
168,2020-02-17,2020-02-17 09:35:00-05:00,L,9662.0,9648.5,13.5,,2020-02-17 12:49:00-05:00,9666.25,early,6.5,0.24074074074074073,9663.0,9656.5,9687.25,9630.75,132.91667664746953
169,2020-02-18,2020-02-18 09:35:00-05:00,L,9609.75,9575.0,34.75,,2020-02-18 15:59:00-05:00,9635.75,time,50.0,0.7194244604316546,9611.5,9575.0,9642.5,9534.0,127.4583426012217
170,2020-02-19,2020-02-19 09:35:00-05:00,L,9695.0,9681.5,13.5,,2020-02-19 15:59:00-05:00,9728.0,time,64.0,2.3703703703703702,9706.0,9681.5,9696.25,9640.5,127.78274670113444
171,2020-02-20,2020-02-20 09:35:00-05:00,L,9715.25,9699.25,16.0,,2020-02-20 09:36:00-05:00,9699.0,SL,-34.5,-1.078125,9719.0,9699.25,9763.0,9686.5,126.38755050819626
172,2020-02-21,2020-02-21 09:35:00-05:00,S,9577.75,9604.75,27.0,,2020-02-21 15:59:00-05:00,9452.25,time,249.0,4.611111111111111,9604.75,9573.75,9623.5,9538.5,134.9848683290394
173,2020-02-24,2020-02-24 09:35:00-05:00,L,9135.5,9041.0,94.5,,2020-02-24 15:59:00-05:00,9084.75,time,-103.5,-0.5476190476190477,9146.0,9041.0,9365.75,9096.75,140.48594916267942
174,2020-02-25,2020-02-25 09:35:00-05:00,S,9134.25,9190.75,56.5,,2020-02-25 15:59:00-05:00,8839.5,time,587.5,5.199115044247788,9190.75,9133.0,9224.5,9053.25,160.1119527939166
175,2020-02-26,2020-02-26 09:35:00-05:00,L,8914.75,8880.0,34.75,,2020-02-26 12:16:00-05:00,8879.75,SL,-72.0,-1.0359712230215827,8940.25,8880.0,8947.75,8709.25,178.28252759435114
176,2020-02-27,2020-02-27 09:35:00-05:00,S,8637.75,8688.0,50.25,,2020-02-27 09:38:00-05:00,8688.25,SL,-103.0,-1.0248756218905473,8688.0,8636.25,8878.25,8646.75,189.01234705189748
177,2020-02-28,2020-02-28 09:35:00-05:00,L,8275.25,8124.25,151.0,,2020-02-28 15:59:00-05:00,8475.75,time,399.0,1.3211920529801324,8288.25,8124.25,8447.25,8127.0,214.3864651196191
178,2020-03-02,2020-03-02 09:35:00-05:00,S,8530.5,8596.5,66.0,,2020-03-02 10:53:00-05:00,8596.75,SL,-134.5,-1.018939393939394,8596.5,8525.25,8677.5,8248.5,231.269574753932
179,2020-03-03,2020-03-03 09:35:00-05:00,S,8851.0,8904.5,53.5,,2020-03-03 10:00:00-05:00,8904.75,SL,-109.5,-1.0233644859813085,8904.5,8844.0,8917.25,8738.75,260.071747985794
180,2020-03-04,2020-03-04 09:35:00-05:00,L,8756.0,8728.25,27.75,,2020-03-04 09:35:00-05:00,8728.0,SL,-58.0,-1.045045045045045,8783.0,8737.0,8809.0,8507.25,276.6559088439516
181,2020-03-05,2020-03-05 09:35:00-05:00,L,8760.75,8701.75,59.0,,2020-03-05 12:42:00-05:00,8701.5,SL,-120.5,-1.021186440677966,8762.75,8701.75,8899.75,8672.0,288.51977249795505
182,2020-03-06,2020-03-06 09:35:00-05:00,L,8422.75,8377.75,45.0,,2020-03-06 09:52:00-05:00,8377.5,SL,-92.5,-1.0277777777777777,8457.5,8377.75,8726.0,8312.0,288.55407446238684
183,2020-03-10,2020-03-10 09:35:00-04:00,S,8221.75,8254.5,32.75,,2020-03-10 10:20:00-04:00,8254.75,SL,-68.0,-1.0381679389312977,8244.75,8183.75,8346.0,7815.5,326.4598907354254
184,2020-03-11,2020-03-11 09:35:00-04:00,L,8199.25,8145.75,53.5,,2020-03-11 09:40:00-04:00,8145.5,SL,-109.5,-1.0233644859813085,8217.25,8145.75,8334.5,8071.0,343.462755682895
185,2020-03-12,2020-03-12 09:35:00-04:00,S,7457.25,7524.75,67.5,,2020-03-12 09:58:00-04:00,7525.0,SL,-137.5,-1.0185185185185186,7524.75,7444.75,8108.25,7601.5,352.05470170554537
186,2020-03-13,2020-03-13 09:35:00-04:00,S,7644.75,7747.0,102.25,,2020-03-13 15:51:00-04:00,7747.25,SL,-207.0,-1.0122249388753055,7747.0,7636.0,7622.75,6942.5,396.6579372980064
187,2020-03-17,2020-03-17 09:35:00-04:00,L,7180.0,7131.75,48.25,,2020-03-17 09:35:00-04:00,7131.5,SL,-99.0,-1.0259067357512954,7235.75,7149.0,7277.25,6964.75,481.99077246613814
188,2020-03-18,2020-03-18 09:35:00-04:00,L,7125.0,6944.0,181.0,,2020-03-18 13:29:00-04:00,6943.75,SL,-364.5,-1.0069060773480663,7183.5,6944.0,7379.75,7064.25,490.8307172899854
189,2020-03-19,2020-03-19 09:35:00-04:00,S,7095.5,7193.75,98.25,,2020-03-19 09:56:00-04:00,7194.0,SL,-199.0,-1.0127226463104326,7193.75,7064.75,7423.25,6874.75,496.4678089121293
190,2020-03-20,2020-03-20 09:35:00-04:00,L,7430.5,7376.0,54.5,,2020-03-20 09:39:00-04:00,7375.75,SL,-111.5,-1.0229357798165137,7439.75,7376.0,7629.0,7125.75,505.8093939898344
191,2020-03-23,2020-03-23 09:35:00-04:00,S,6975.5,7027.75,52.25,,2020-03-23 09:57:00-04:00,7028.0,SL,-107.0,-1.0239234449760766,7010.25,6891.25,7319.25,6628.75,522.4301515619891
192,2020-03-24,2020-03-24 09:35:00-04:00,L,7417.0,7329.75,87.25,,2020-03-24 09:42:00-04:00,7329.5,SL,-177.0,-1.0143266475644699,7418.0,7329.75,7359.5,7005.25,534.4351407361327
193,2020-03-25,2020-03-25 09:35:00-04:00,L,7602.75,7484.5,118.25,,2020-03-25 09:54:00-04:00,7484.25,SL,-239.0,-1.0105708245243128,7610.0,7484.5,7757.75,7377.25,539.118344969266
194,2020-03-26,2020-03-26 09:35:00-04:00,L,7572.75,7514.25,58.5,,2020-03-26 15:59:00-04:00,7867.75,time,588.0,5.0256410256410255,7619.0,7514.25,7549.75,7310.0,528.4491774714613
195,2020-03-27,2020-03-27 09:35:00-04:00,L,7659.75,7606.5,53.25,,2020-03-27 09:42:00-04:00,7606.25,SL,-109.0,-1.0234741784037558,7677.0,7635.25,7900.25,7618.75,532.3813790806427
196,2020-03-30,2020-03-30 09:35:00-04:00,L,7709.25,7649.5,59.75,,2020-03-30 09:42:00-04:00,7649.25,SL,-122.0,-1.0209205020920502,7712.0,7649.5,7689.75,7391.25,519.3005662891682
197,2020-03-31,2020-03-31 09:35:00-04:00,S,7843.25,7895.0,51.75,,2020-03-31 10:10:00-04:00,7895.25,SL,-106.0,-1.0241545893719808,7855.5,7818.25,7957.0,7764.5,517.4576686970847
198,2020-04-01,2020-04-01 09:35:00-04:00,L,7595.5,7545.5,50.0,,2020-04-01 12:35:00-04:00,7545.25,SL,-102.5,-1.025,7604.0,7559.25,7778.75,7521.75,498.19283521872154
199,2020-04-02,2020-04-02 09:35:00-04:00,L,7496.5,7416.75,79.75,,2020-04-02 09:46:00-04:00,7416.5,SL,-162.0,-1.0156739811912225,7514.5,7416.75,7596.25,7375.5,489.3933469888129
200,2020-04-03,2020-04-03 09:35:00-04:00,L,7619.25,7570.75,48.5,,2020-04-03 10:22:00-04:00,7570.5,SL,-99.5,-1.0257731958762886,7629.0,7570.75,7651.25,7509.25,474.5081079181834
201,2020-04-06,2020-04-06 09:35:00-04:00,S,7766.75,7812.75,46.0,,2020-04-06 09:50:00-04:00,7813.0,SL,-94.5,-1.0271739130434783,7811.5,7763.0,7869.0,7531.0,457.5432430668846
202,2020-04-07,2020-04-07 09:35:00-04:00,S,8258.5,8305.25,46.75,,2020-04-07 15:59:00-04:00,8040.75,time,433.5,4.636363636363637,8298.75,8252.5,8303.75,7947.75,465.93301141924997
203,2020-04-08,2020-04-08 09:35:00-04:00,L,8135.25,8089.25,46.0,,2020-04-08 09:50:00-04:00,8089.0,SL,-94.5,-1.0271739130434783,8154.75,8114.5,8143.25,7953.0,458.08065346073215
204,2020-04-09,2020-04-09 09:35:00-04:00,S,8248.5,8293.25,44.75,,2020-04-09 09:41:00-04:00,8293.5,SL,-92.0,-1.0279329608938548,8292.5,8237.5,8313.75,8102.0,446.00346392782274
205,2020-04-13,2020-04-13 09:35:00-04:00,L,8191.5,8148.25,43.25,,2020-04-13 11:06:00-04:00,8148.0,SL,-89.0,-1.0289017341040463,8205.0,8176.5,8309.0,8075.0,430.2175022186925
206,2020-04-14,2020-04-14 09:35:00-04:00,L,8506.25,8457.0,49.25,,2020-04-14 15:59:00-04:00,8681.25,time,348.0,3.532994923857868,8509.25,8457.0,8502.5,8319.0,418.2555377745002
207,2020-04-15,2020-04-15 09:35:00-04:00,L,8549.75,8508.0,41.75,,2020-04-15 09:44:00-04:00,8507.75,SL,-86.0,-1.029940119760479,8558.75,8527.0,8706.0,8503.0,416.2015707906074
208,2020-04-16,2020-04-16 09:35:00-04:00,S,8670.25,8710.5,40.25,,2020-04-16 10:58:00-04:00,8710.75,SL,-83.0,-1.031055900621118,8697.5,8666.25,8698.0,8500.5,402.1514585912783
209,2020-04-17,2020-04-17 09:35:00-04:00,S,8817.25,8871.5,54.25,,2020-04-17 15:59:00-04:00,8816.0,time,0.5,0.004608294930875576,8871.5,8814.25,8967.75,8834.5,397.8727829776156
210,2020-04-20,2020-04-20 09:35:00-04:00,L,8758.5,8719.5,39.0,,2020-04-20 15:06:00-04:00,8719.25,SL,-80.5,-1.0320512820512822,8769.5,8729.5,8838.0,8696.75,389.36401276492876
211,2020-04-21,2020-04-21 09:35:00-04:00,S,8606.5,8651.75,45.25,,2020-04-21 15:59:00-04:00,8391.25,time,428.5,4.734806629834254,8651.75,8606.25,8763.0,8594.25,372.96301185314815
212,2020-04-22,2020-04-22 09:35:00-04:00,S,8551.25,8589.0,37.75,,2020-04-22 09:36:00-04:00,8589.25,SL,-78.0,-1.033112582781457,8577.25,8541.5,8579.0,8399.5,376.39422529220894
213,2020-04-23,2020-04-23 09:35:00-04:00,L,8719.75,8661.75,58.0,,2020-04-23 12:45:00-04:00,8661.5,SL,-118.5,-1.021551724137931,8723.25,8661.75,8698.0,8582.25,370.9196377713369
214,2020-04-24,2020-04-24 09:35:00-04:00,S,8631.0,8667.25,36.25,,2020-04-24 10:38:00-04:00,8667.5,SL,-75.0,-1.0344827586206897,8667.25,8626.75,8673.75,8498.0,359.05037793052713
215,2020-04-27,2020-04-27 09:35:00-04:00,S,8831.5,8867.25,35.75,,2020-04-27 09:59:00-04:00,8867.5,SL,-74.0,-1.034965034965035,8859.25,8831.75,8898.0,8728.75,355.26106522120375
216,2020-04-28,2020-04-28 09:35:00-04:00,S,8886.5,8920.75,34.25,,2020-04-28 15:59:00-04:00,8666.75,time,437.5,6.386861313868613,8905.25,8859.75,8946.0,8777.0,341.97456056254634
217,2020-04-29,2020-04-29 09:35:00-04:00,S,8847.25,8881.25,34.0,,2020-04-29 09:48:00-04:00,8881.5,SL,-70.5,-1.036764705882353,8864.5,8834.75,8907.0,8733.5,338.3870919509359
218,2020-04-30,2020-04-30 09:35:00-04:00,S,8974.25,9017.5,43.25,,2020-04-30 15:59:00-04:00,8982.5,time,-18.5,-0.2138728323699422,9017.5,8968.0,9144.75,8973.25,344.2165853830119
219,2020-05-01,2020-05-01 09:35:00-04:00,L,8841.0,8780.0,61.0,,2020-05-01 11:30:00-04:00,8779.75,SL,-124.5,-1.0204918032786885,8841.0,8780.0,8861.5,8725.0,340.25468642708245
220,2020-05-04,2020-05-04 09:35:00-04:00,L,8680.5,8647.25,33.25,,2020-05-04 15:59:00-04:00,8817.75,time,272.5,4.097744360902255,8687.25,8650.5,8696.5,8556.75,330.7186373965765
221,2020-05-05,2020-05-05 09:35:00-04:00,L,8931.0,8895.0,36.0,,2020-05-05 15:37:00-04:00,8894.75,SL,-74.5,-1.0347222222222223,8942.75,8895.0,8926.0,8796.75,326.43516329682103
222,2020-05-06,2020-05-06 09:35:00-04:00,L,9003.25,8971.25,32.0,,2020-05-06 09:57:00-04:00,8971.0,SL,-66.5,-1.0390625,9014.0,8972.25,9009.75,8877.75,319.04693734704813
223,2020-05-07,2020-05-07 09:35:00-04:00,L,9092.0,9061.0,31.0,,2020-05-07 09:36:00-04:00,9060.75,SL,-64.5,-1.0403225806451613,9107.5,9074.0,9100.25,8930.0,309.0257275365447
224,2020-05-08,2020-05-08 09:35:00-04:00,S,9134.5,9168.75,34.25,,2020-05-08 10:16:00-04:00,9169.0,SL,-71.0,-1.0364963503649636,9168.75,9126.25,9238.0,9102.75,300.9524612839344
225,2020-05-11,2020-05-11 09:35:00-04:00,L,9179.0,9147.5,31.5,,2020-05-11 15:59:00-04:00,9286.5,time,213.0,3.380952380952381,9180.75,9147.5,9285.0,9118.75,289.1165711922248
226,2020-05-12,2020-05-12 09:35:00-04:00,S,9303.25,9345.75,42.5,,2020-05-12 15:59:00-04:00,9102.5,time,399.5,4.7,9345.75,9299.75,9327.5,9223.75,284.17967324992304
227,2020-05-13,2020-05-13 09:35:00-04:00,S,9073.0,9141.25,68.25,,2020-05-13 10:02:00-04:00,9141.5,SL,-139.0,-1.0183150183150182,9141.25,9071.5,9169.0,8998.0,285.7025537320714
228,2020-05-14,2020-05-14 09:35:00-04:00,L,8942.75,8913.75,29.0,,2020-05-14 09:44:00-04:00,8913.5,SL,-60.5,-1.043103448275862,8964.75,8923.75,9038.25,8889.75,288.45594275120914
229,2020-05-15,2020-05-15 09:35:00-04:00,L,8968.0,8939.25,28.75,,2020-05-15 15:59:00-04:00,9145.75,time,353.5,6.147826086956521,8997.25,8956.75,9143.0,8925.25,286.3162325546942
230,2020-05-18,2020-05-18 09:35:00-04:00,S,9254.25,9282.5,28.25,,2020-05-18 09:36:00-04:00,9282.75,SL,-59.0,-1.0442477876106195,9276.0,9247.0,9295.0,9110.0,281.8293588007875
231,2020-05-19,2020-05-19 09:35:00-04:00,L,9335.0,9307.0,28.0,,2020-05-19 15:53:00-04:00,9306.75,SL,-58.5,-1.0446428571428572,9355.0,9313.5,9417.25,9289.0,279.6629760293027
232,2020-05-20,2020-05-20 09:35:00-04:00,L,9416.75,9389.75,27.0,,2020-05-20 15:59:00-04:00,9480.0,time,124.5,2.3055555555555554,9430.5,9401.75,9411.75,9273.25,269.2763348843525
233,2020-05-21,2020-05-21 09:35:00-04:00,S,9482.75,9509.5,26.75,,2020-05-21 09:42:00-04:00,9509.75,SL,-56.0,-1.0467289719626167,9489.75,9469.25,9503.25,9410.5,266.07802524975585
234,2020-05-22,2020-05-22 09:35:00-04:00,S,9353.5,9379.5,26.0,,2020-05-22 09:54:00-04:00,9379.75,SL,-54.5,-1.0480769230769231,9368.5,9339.0,9408.25,9241.25,258.3760234462019
235,2020-05-25,2020-05-25 09:35:00-04:00,S,9515.75,9541.25,25.5,,2020-05-25 12:49:00-04:00,9533.25,early,-37.0,-0.7254901960784313,9519.75,9513.5,9522.0,9390.5,252.88487891433033
236,2020-05-26,2020-05-26 09:35:00-04:00,S,9536.75,9569.75,33.0,,2020-05-26 15:59:00-04:00,9388.25,time,295.0,4.46969696969697,9569.75,9529.75,9604.0,9503.75,245.268101849021
237,2020-05-27,2020-05-27 09:35:00-04:00,S,9356.25,9385.25,29.0,,2020-05-27 14:52:00-04:00,9385.5,SL,-60.5,-1.043103448275862,9385.25,9345.0,9508.0,9358.0,244.24895171694808
238,2020-05-28,2020-05-28 09:35:00-04:00,L,9401.5,9376.25,25.25,,2020-05-28 15:59:00-04:00,9414.75,time,24.5,0.48514851485148514,9419.25,9382.25,9481.75,9320.5,250.71331230859465
239,2020-05-29,2020-05-29 09:35:00-04:00,L,9444.75,9419.5,25.25,,2020-05-29 10:08:00-04:00,9419.25,SL,-53.0,-1.0495049504950495,9464.75,9422.75,9490.75,9381.25,250.30521857226648
240,2020-06-01,2020-06-01 09:35:00-04:00,L,9537.75,9505.5,32.25,,2020-06-01 15:59:00-04:00,9593.75,time,110.0,1.7054263565891472,9549.75,9505.5,9588.25,9450.0,248.03341724567602
241,2020-06-02,2020-06-02 09:35:00-04:00,S,9585.25,9609.5,24.25,,2020-06-02 10:20:00-04:00,9609.75,SL,-51.0,-1.0515463917525774,9605.5,9572.25,9669.75,9553.5,241.45960172812775
242,2020-06-03,2020-06-03 09:35:00-04:00,L,9681.25,9657.5,23.75,,2020-06-03 09:38:00-04:00,9657.25,SL,-50.0,-1.0526315789473684,9697.5,9658.25,9699.0,9635.25,235.9803444618329
243,2020-06-04,2020-06-04 09:35:00-04:00,L,9686.0,9663.25,22.75,,2020-06-04 11:13:00-04:00,9663.0,SL,-48.0,-1.054945054945055,9693.25,9669.75,9707.5,9644.0,225.76746271455912
244,2020-06-05,2020-06-05 09:35:00-04:00,L,9690.5,9653.25,37.25,,2020-06-05 15:59:00-04:00,9815.75,time,248.5,3.335570469798658,9691.5,9653.25,9704.0,9602.0,221.78407252066202
245,2020-06-08,2020-06-08 09:35:00-04:00,S,9807.5,9830.0,22.5,,2020-06-08 13:21:00-04:00,9830.25,SL,-47.5,-1.0555555555555556,9817.0,9794.0,9875.75,9785.5,223.4244959120433
246,2020-06-09,2020-06-09 09:35:00-04:00,L,9867.5,9845.5,22.0,,2020-06-09 15:59:00-04:00,9963.5,time,190.0,4.318181818181818,9879.75,9851.75,9907.25,9811.5,218.4834604897545
247,2020-06-10,2020-06-10 09:35:00-04:00,S,10027.75,10054.75,27.0,,2020-06-10 09:39:00-04:00,10055.0,SL,-56.5,-1.0462962962962963,10054.75,10026.75,10048.5,9957.5,216.8774990262006
248,2020-06-11,2020-06-11 09:35:00-04:00,L,9927.75,9906.0,21.75,,2020-06-11 09:38:00-04:00,9905.75,SL,-46.0,-1.0574712643678161,9954.75,9908.0,10107.0,9895.75,215.52910623861484
249,2020-06-12,2020-06-12 09:35:00-04:00,L,9805.75,9776.25,29.5,,2020-06-12 10:14:00-04:00,9776.0,SL,-61.5,-1.0423728813559323,9810.75,9776.25,9799.25,9594.75,237.45559865014235
250,2020-06-15,2020-06-15 09:35:00-04:00,S,9498.75,9552.75,54.0,,2020-06-15 09:37:00-04:00,9553.0,SL,-110.5,-1.0231481481481481,9552.75,9483.75,9598.0,9381.0,245.78019874656076
251,2020-06-16,2020-06-16 09:35:00-04:00,S,9969.75,9996.0,26.25,,2020-06-16 09:45:00-04:00,9996.25,SL,-55.0,-1.0476190476190477,9996.0,9959.75,10011.75,9799.5,259.3673274075207
252,2020-06-17,2020-06-17 09:35:00-04:00,S,10000.75,10026.5,25.75,,2020-06-17 12:33:00-04:00,10026.75,SL,-54.0,-1.0485436893203883,10010.0,9976.0,10038.75,9915.0,256.44823259269776
253,2020-06-18,2020-06-18 09:35:00-04:00,L,9975.5,9950.25,25.25,,2020-06-18 09:37:00-04:00,9950.0,SL,-53.0,-1.0495049504950495,9979.5,9950.25,10029.25,9867.0,247.59478740750507
254,2020-06-19,2020-06-19 09:35:00-04:00,S,10092.5,10116.75,24.25,,2020-06-19 15:59:00-04:00,9990.75,time,201.5,4.154639175257732,10099.25,10075.75,10112.5,9980.0,241.49873116411186
255,2020-06-22,2020-06-22 09:35:00-04:00,L,9992.5,9968.5,24.0,,2020-06-22 15:59:00-04:00,10114.75,time,242.5,5.052083333333333,10006.25,9986.0,10038.0,9841.25,238.51667893810387
256,2020-06-23,2020-06-23 09:35:00-04:00,S,10165.5,10189.75,24.25,,2020-06-23 09:39:00-04:00,10190.0,SL,-51.0,-1.0515463917525774,10183.25,10160.0,10204.75,9972.5,242.42620187109645
257,2020-06-24,2020-06-24 09:35:00-04:00,L,10184.75,10159.75,25.0,,2020-06-24 09:50:00-04:00,10159.5,SL,-52.5,-1.05,10190.0,10162.0,10241.75,10106.0,248.2171874517324
258,2020-06-25,2020-06-25 09:35:00-04:00,L,10002.25,9976.75,25.5,,2020-06-25 09:38:00-04:00,9976.5,SL,-53.5,-1.0490196078431373,10017.5,9986.25,10048.0,9894.0,252.95167406232295
259,2020-06-26,2020-06-26 09:35:00-04:00,S,10067.0,10092.25,25.25,,2020-06-26 15:59:00-04:00,9841.25,time,449.5,8.900990099009901,10082.5,10043.25,10120.5,10033.0,250.72298305787132
260,2020-06-29,2020-06-29 09:35:00-04:00,S,9811.75,9850.0,38.25,,2020-06-29 10:26:00-04:00,9850.25,SL,-79.0,-1.0326797385620916,9850.0,9808.0,9887.5,9777.75,253.99276998230908
261,2020-06-30,2020-06-30 09:35:00-04:00,L,9975.25,9943.0,32.25,,2020-06-30 15:59:00-04:00,10148.25,time,344.0,5.333333333333333,9985.5,9943.0,10028.25,9940.0,255.0111435550013
262,2020-07-01,2020-07-01 09:35:00-04:00,L,10174.75,10140.25,34.5,,2020-07-01 09:38:00-04:00,10140.0,SL,-71.5,-1.036231884057971,10193.5,10140.25,10159.25,10075.75,253.3317761582155
263,2020-07-02,2020-07-02 09:35:00-04:00,L,10395.0,10366.5,28.5,,2020-07-02 10:29:00-04:00,10366.25,SL,-59.5,-1.043859649122807,10401.25,10366.5,10381.5,10247.75,251.8973635754858
264,2020-07-03,2020-07-03 09:35:00-04:00,S,10350.75,10375.5,24.75,,2020-07-03 12:49:00-04:00,10347.5,early,4.5,0.09090909090909091,10357.75,10346.0,10389.75,10340.0,246.38683760580824
265,2020-07-06,2020-07-06 09:35:00-04:00,L,10484.75,10461.25,23.5,,2020-07-06 15:59:00-04:00,10591.25,time,211.0,4.48936170212766,10493.5,10469.75,10504.25,10334.0,234.55563491967908
266,2020-07-07,2020-07-07 09:35:00-04:00,L,10614.5,10562.75,51.75,,2020-07-07 09:39:00-04:00,10562.5,SL,-106.0,-1.0241545893719808,10616.5,10562.75,10664.75,10528.5,238.444518139702
267,2020-07-08,2020-07-08 09:35:00-04:00,L,10606.25,10566.5,39.75,,2020-07-08 11:18:00-04:00,10566.25,SL,-82.0,-1.0314465408805031,10607.5,10566.5,10585.75,10505.25,234.87705255829474
268,2020-07-09,2020-07-09 09:35:00-04:00,L,10742.5,10719.25,23.25,,2020-07-09 09:36:00-04:00,10719.0,SL,-49.0,-1.053763440860215,10747.5,10721.25,10738.5,10645.5,230.10012023270227
269,2020-07-10,2020-07-10 09:35:00-04:00,S,10692.25,10749.25,57.0,,2020-07-10 13:07:00-04:00,10749.5,SL,-116.5,-1.0219298245614035,10749.25,10688.0,10757.5,10650.25,228.95011164465208
270,2020-07-13,2020-07-13 09:35:00-04:00,L,10949.0,10926.0,23.0,,2020-07-13 14:03:00-04:00,10925.75,SL,-48.5,-1.0543478260869565,10965.0,10929.5,10952.5,10846.5,228.43581795574838
271,2020-07-14,2020-07-14 09:35:00-04:00,L,10581.0,10480.5,100.5,,2020-07-14 09:51:00-04:00,10480.25,SL,-203.5,-1.0124378109452736,10595.0,10480.5,10693.0,10464.0,247.56540238748065
272,2020-07-15,2020-07-15 09:35:00-04:00,S,10710.25,10737.5,27.25,,2020-07-15 09:42:00-04:00,10737.75,SL,-57.0,-1.0458715596330275,10737.5,10693.25,10755.0,10661.75,253.75715935980344
273,2020-07-16,2020-07-16 09:35:00-04:00,S,10547.25,10599.0,51.75,,2020-07-16 09:40:00-04:00,10599.25,SL,-106.0,-1.0241545893719808,10599.0,10546.75,10698.5,10485.0,250.98879083410318
274,2020-07-17,2020-07-17 09:35:00-04:00,S,10641.0,10666.0,25.0,,2020-07-17 15:36:00-04:00,10666.25,SL,-52.5,-1.05,10650.0,10628.25,10658.5,10523.5,248.98959148881008
275,2020-07-20,2020-07-20 09:35:00-04:00,L,10663.0,10638.75,24.25,,2020-07-20 09:35:00-04:00,10638.5,SL,-51.0,-1.0515463917525774,10684.5,10650.75,10678.5,10545.5,241.59747781103792
276,2020-07-21,2020-07-21 09:35:00-04:00,S,10985.0,11010.5,25.5,,2020-07-21 15:59:00-04:00,10823.75,time,320.5,6.284313725490196,11003.25,10964.0,11057.75,10931.75,254.23337225310664
277,2020-07-22,2020-07-22 09:35:00-04:00,L,10863.0,10820.5,42.5,,2020-07-22 10:47:00-04:00,10820.25,SL,-87.5,-1.0294117647058822,10874.25,10820.5,10916.25,10782.0,255.57384566359903
278,2020-07-23,2020-07-23 09:35:00-04:00,S,10808.0,10844.75,36.75,,2020-07-23 09:40:00-04:00,10845.0,SL,-76.0,-1.034013605442177,10844.75,10798.75,10938.5,10806.0,248.35428525905624
279,2020-07-24,2020-07-24 09:35:00-04:00,S,10405.5,10432.0,26.5,,2020-07-24 10:09:00-04:00,10432.25,SL,-55.5,-1.0471698113207548,10432.0,10380.0,10597.75,10378.0,260.9004077405522
280,2020-07-27,2020-07-27 09:35:00-04:00,L,10561.5,10513.5,48.0,,2020-07-27 11:38:00-04:00,10513.25,SL,-98.5,-1.0260416666666667,10568.75,10513.5,10586.5,10400.5,263.4432357590842
281,2020-07-28,2020-07-28 09:35:00-04:00,S,10611.75,10646.75,35.0,,2020-07-28 11:40:00-04:00,10647.0,SL,-72.5,-1.0357142857142858,10646.75,10592.5,10758.5,10601.0,264.8937189191496
282,2020-07-29,2020-07-29 09:35:00-04:00,L,10599.75,10573.25,26.5,,2020-07-29 09:49:00-04:00,10573.0,SL,-55.5,-1.0471698113207548,10608.25,10576.0,10617.5,10512.0,263.45488185349603
283,2020-07-30,2020-07-30 09:35:00-04:00,L,10602.25,10551.5,50.75,,2020-07-30 09:55:00-04:00,10551.25,SL,-104.0,-1.0246305418719213,10617.75,10551.5,10702.75,10502.75,258.04739029253204
284,2020-07-31,2020-07-31 09:35:00-04:00,S,10835.25,10901.25,66.0,,2020-07-31 15:59:00-04:00,10897.75,time,-127.0,-0.9621212121212122,10901.25,10827.25,10939.25,10844.25,267.7404338430655
285,2020-08-03,2020-08-03 09:35:00-04:00,L,11015.75,10980.5,35.25,,2020-08-03 15:59:00-04:00,11037.75,time,42.0,0.5957446808510638,11023.75,10980.5,11004.5,10876.25,266.34825999713223
286,2020-08-04,2020-08-04 09:35:00-04:00,L,11039.25,11013.0,26.25,,2020-08-04 09:38:00-04:00,11012.75,SL,-55.0,-1.0476190476190477,11043.5,11014.0,11092.0,10982.75,261.37695571162277
287,2020-08-05,2020-08-05 09:35:00-04:00,S,11072.0,11103.75,31.75,,2020-08-05 09:51:00-04:00,11104.0,SL,-66.0,-1.0393700787401574,11103.75,11064.5,11143.5,11055.75,250.70717316079256
288,2020-08-06,2020-08-06 09:35:00-04:00,L,11103.0,11079.0,24.0,,2020-08-06 09:50:00-04:00,11078.75,SL,-50.5,-1.0520833333333333,11120.25,11096.25,11128.5,11051.5,239.0673750778788
289,2020-08-07,2020-08-07 09:35:00-04:00,S,11231.75,11255.75,24.0,,2020-08-07 10:52:00-04:00,11256.0,SL,-50.5,-1.0520833333333333,11240.5,11207.75,11283.25,11184.0,237.70541971517318
290,2020-08-10,2020-08-10 09:35:00-04:00,S,11120.75,11144.75,24.0,,2020-08-10 09:40:00-04:00,11145.0,SL,-50.5,-1.0520833333333333,11144.25,11116.75,11159.25,11073.75,238.4407468783751
291,2020-08-11,2020-08-11 09:35:00-04:00,S,10977.25,11030.25,53.0,,2020-08-11 09:45:00-04:00,11030.5,SL,-108.5,-1.0235849056603774,11030.25,10975.5,11157.5,10987.25,237.89140781563404
292,2020-08-12,2020-08-12 09:35:00-04:00,L,10993.75,10957.5,36.25,,2020-08-12 15:59:00-04:00,11146.25,time,303.0,4.179310344827586,11005.5,10957.5,10990.5,10878.25,243.20273582880304
293,2020-08-13,2020-08-13 09:35:00-04:00,L,11178.75,11153.75,25.0,,2020-08-13 14:22:00-04:00,11153.5,SL,-52.5,-1.05,11204.25,11164.0,11198.0,11094.25,247.7061118410314
294,2020-08-14,2020-08-14 09:35:00-04:00,S,11166.0,11200.0,34.0,,2020-08-14 09:37:00-04:00,11200.25,SL,-70.5,-1.036764705882353,11200.0,11165.5,11237.25,11138.0,242.26281813810058
295,2020-08-17,2020-08-17 09:35:00-04:00,L,11236.0,11212.25,23.75,,2020-08-17 15:59:00-04:00,11284.0,time,94.0,1.9789473684210526,11245.0,11221.75,11236.25,11145.0,235.047616842522
296,2020-08-18,2020-08-18 09:35:00-04:00,L,11339.0,11316.0,23.0,,2020-08-18 10:08:00-04:00,11315.75,SL,-48.5,-1.0543478260869565,11348.75,11325.75,11346.75,11272.5,229.3656442109133
297,2020-08-19,2020-08-19 09:35:00-04:00,L,11395.0,11369.25,25.75,,2020-08-19 09:41:00-04:00,11369.0,SL,-54.0,-1.0485436893203883,11405.0,11369.25,11444.75,11374.0,223.44666962441948
298,2020-08-20,2020-08-20 09:35:00-04:00,L,11306.0,11266.5,39.5,,2020-08-20 15:59:00-04:00,11473.25,time,332.5,4.208860759493671,11306.0,11266.5,11337.5,11221.5,217.91476465124668
299,2020-08-21,2020-08-21 09:35:00-04:00,S,11475.5,11497.75,22.25,,2020-08-21 09:45:00-04:00,11498.0,SL,-47.0,-1.0561797752808988,11489.25,11466.0,11524.25,11407.0,221.99228146187193
300,2020-08-24,2020-08-24 09:35:00-04:00,L,11690.25,11668.25,22.0,,2020-08-24 09:52:00-04:00,11668.0,SL,-46.5,-1.0568181818181819,11703.25,11681.75,11695.75,11566.75,218.02854707173825
301,2020-08-25,2020-08-25 09:35:00-04:00,L,11605.25,11574.75,30.5,,2020-08-25 15:59:00-04:00,11715.25,time,218.0,3.5737704918032787,11611.25,11574.75,11690.0,11582.5,216.33007942375693
302,2020-08-26,2020-08-26 09:35:00-04:00,L,11780.25,11758.75,21.5,,2020-08-26 15:59:00-04:00,11964.75,time,367.0,8.534883720930232,11780.25,11762.75,11783.75,11726.5,212.98507375063144
303,2020-08-27,2020-08-27 09:35:00-04:00,S,11960.75,12016.0,55.25,,2020-08-27 11:01:00-04:00,12016.25,SL,-113.0,-1.0226244343891402,12016.0,11936.0,12039.0,11934.5,217.45042562558635
304,2020-08-28,2020-08-28 09:35:00-04:00,L,11994.5,11972.75,21.75,,2020-08-28 09:46:00-04:00,11972.5,SL,-46.0,-1.0574712643678161,11995.25,11973.0,12016.0,11920.25,217.0432523666159
305,2020-08-31,2020-08-31 09:35:00-04:00,S,12012.0,12037.5,25.5,,2020-08-31 09:42:00-04:00,12037.75,SL,-53.5,-1.0490196078431373,12037.5,12000.0,12092.0,11988.25,208.52230576900047
306,2020-09-01,2020-09-01 09:35:00-04:00,S,12144.75,12202.5,57.75,,2020-09-01 09:52:00-04:00,12202.75,SL,-118.0,-1.0216450216450217,12202.5,12126.0,12248.75,12093.0,206.25285535692902
307,2020-09-02,2020-09-02 09:35:00-04:00,S,12397.0,12434.75,37.75,,2020-09-02 15:49:00-04:00,12435.0,SL,-78.0,-1.033112582781457,12434.75,12386.25,12466.0,12314.5,208.44907997429124
308,2020-09-03,2020-09-03 09:35:00-04:00,S,12179.25,12242.5,63.25,,2020-09-03 15:59:00-04:00,11773.75,time,809.0,6.395256916996048,12242.5,12176.75,12438.5,12220.5,214.54200283327046
309,2020-09-04,2020-09-04 09:35:00-04:00,L,11806.75,11683.0,123.75,,2020-09-04 09:44:00-04:00,11682.75,SL,-250.0,-1.0101010101010102,11835.0,11683.0,11799.0,11582.25,254.9497169166083
310,2020-09-07,2020-09-07 09:35:00-04:00,L,11461.25,11432.5,28.75,,2020-09-07 12:49:00-04:00,11496.75,early,69.0,1.2,11483.25,11455.75,11548.5,11308.0,286.88187999399344
311,2020-09-08,2020-09-08 09:35:00-04:00,L,11216.0,11138.25,77.75,,2020-09-08 09:41:00-04:00,11138.0,SL,-158.0,-1.0160771704180065,11230.5,11138.25,11585.5,11148.0,283.56888856585107
312,2020-09-09,2020-09-09 09:35:00-04:00,S,11282.0,11312.25,30.25,,2020-09-09 10:25:00-04:00,11312.5,SL,-63.0,-1.0413223140495869,11305.5,11250.0,11295.0,10935.0,302.17111081114746
313,2020-09-10,2020-09-10 09:35:00-04:00,L,11540.0,11482.5,57.5,,2020-09-10 09:50:00-04:00,11482.25,SL,-117.5,-1.0217391304347827,11546.25,11482.5,11521.5,11262.75,319.4267457532083
314,2020-09-11,2020-09-11 09:35:00-04:00,S,11189.75,11280.5,90.75,,2020-09-11 15:59:00-04:00,11084.25,time,209.0,1.1515151515151516,11280.5,11183.5,11356.75,11179.5,330.842692485122
315,2020-09-14,2020-09-14 09:35:00-04:00,S,11222.0,11264.25,42.25,,2020-09-14 09:40:00-04:00,11264.5,SL,-87.0,-1.029585798816568,11264.25,11218.75,11277.75,11094.75,337.15750016475613
316,2020-09-15,2020-09-15 09:35:00-04:00,S,11422.5,11456.0,33.5,,2020-09-15 09:40:00-04:00,11456.25,SL,-69.5,-1.037313432835821,11438.75,11414.5,11436.5,11247.25,333.73553586727354
317,2020-09-16,2020-09-16 09:35:00-04:00,S,11449.25,11482.25,33.0,,2020-09-16 15:59:00-04:00,11235.5,time,425.5,6.446969696969697,11474.0,11447.0,11536.75,11388.75,327.6115690196111
318,2020-09-17,2020-09-17 09:35:00-04:00,L,10981.5,10945.0,36.5,,2020-09-17 12:17:00-04:00,10944.75,SL,-75.5,-1.0342465753424657,11004.5,10945.0,11289.5,10903.5,326.6035998039246
319,2020-09-18,2020-09-18 09:35:00-04:00,S,11085.0,11134.75,49.75,,2020-09-18 15:59:00-04:00,10917.5,time,333.0,3.3467336683417086,11134.75,11081.0,11162.5,11021.0,330.84619981793
320,2020-09-21,2020-09-21 09:35:00-04:00,L,10780.0,10739.75,40.25,,2020-09-21 09:37:00-04:00,10739.5,SL,-83.0,-1.031055900621118,10812.25,10739.75,10990.25,10708.25,337.2500426880779
321,2020-09-22,2020-09-22 09:35:00-04:00,S,11039.5,11074.5,35.0,,2020-09-22 13:42:00-04:00,11074.75,SL,-72.5,-1.0357142857142858,11074.5,11031.25,11083.75,10897.25,338.3928967817866
322,2020-09-23,2020-09-23 09:35:00-04:00,S,11120.25,11161.0,40.75,,2020-09-23 15:59:00-04:00,10821.0,time,596.5,7.319018404907975,11161.0,11112.75,11222.5,11076.0,335.29340415451617
323,2020-09-24,2020-09-24 09:35:00-04:00,S,10715.75,10783.5,67.75,,2020-09-24 09:46:00-04:00,10783.75,SL,-138.0,-1.018450184501845,10783.5,10708.5,10847.0,10657.75,342.52244671490786
324,2020-09-25,2020-09-25 09:35:00-04:00,S,10876.0,10913.25,37.25,,2020-09-25 10:00:00-04:00,10913.5,SL,-77.0,-1.0335570469798658,10913.25,10863.25,10976.5,10813.75,343.3422719495573
325,2020-09-28,2020-09-28 09:35:00-04:00,S,11311.75,11346.25,34.5,,2020-09-28 15:17:00-04:00,11346.5,SL,-71.5,-1.036231884057971,11343.25,11302.25,11366.0,11136.0,344.19282395316037
326,2020-09-29,2020-09-29 09:35:00-04:00,L,11355.5,11321.5,34.0,,2020-09-29 10:34:00-04:00,11321.25,SL,-70.5,-1.036764705882353,11368.25,11330.25,11449.0,11334.0,338.80405081364887
327,2020-09-30,2020-09-30 09:35:00-04:00,L,11344.25,11310.25,34.0,,2020-09-30 15:59:00-04:00,11402.75,time,115.0,1.6911764705882353,11364.5,11310.25,11426.75,11167.5,325.9787614698168
328,2020-10-01,2020-10-01 09:35:00-04:00,L,11567.0,11534.0,33.0,,2020-10-01 09:40:00-04:00,11533.75,SL,-68.5,-1.0378787878787878,11568.0,11535.0,11596.75,11372.25,328.24813565054416
329,2020-10-02,2020-10-02 09:35:00-04:00,L,11362.25,11300.75,61.5,,2020-10-02 11:53:00-04:00,11300.5,SL,-125.5,-1.0203252032520325,11379.25,11300.75,11604.75,11280.5,322.0161259612196
330,2020-10-05,2020-10-05 09:35:00-04:00,L,11346.5,11313.5,33.0,,2020-10-05 15:59:00-04:00,11489.25,time,283.5,4.295454545454546,11350.0,11321.25,11365.75,11268.0,327.5685455354182
331,2020-10-06,2020-10-06 09:35:00-04:00,L,11468.25,11436.0,32.25,,2020-10-06 09:45:00-04:00,11435.75,SL,-67.0,-1.0387596899224807,11479.0,11445.25,11491.25,11403.0,321.49222085431694
332,2020-10-07,2020-10-07 09:35:00-04:00,L,11420.0,11385.0,35.0,,2020-10-07 10:11:00-04:00,11384.75,SL,-72.5,-1.0357142857142858,11428.0,11385.0,11395.25,11208.5,321.86777650758
333,2020-10-08,2020-10-08 09:35:00-04:00,S,11551.0,11583.25,32.25,,2020-10-08 15:59:00-04:00,11536.5,time,27.0,0.4186046511627907,11577.0,11548.75,11578.25,11470.0,320.25222104275286
334,2020-10-09,2020-10-09 09:35:00-04:00,L,11613.75,11583.0,30.75,,2020-10-09 15:59:00-04:00,11711.25,time,193.0,3.138211382113821,11615.5,11588.0,11616.75,11553.0,305.1092052539848
335,2020-10-12,2020-10-12 09:35:00-04:00,S,11901.5,11931.25,29.75,,2020-10-12 09:37:00-04:00,11931.5,SL,-62.0,-1.0420168067226891,11913.5,11875.75,11956.0,11691.75,296.6728334501287
336,2020-10-13,2020-10-13 09:35:00-04:00,S,12096.0,12153.5,57.5,,2020-10-13 11:20:00-04:00,12153.75,SL,-117.5,-1.0217391304347827,12153.5,12077.5,12249.0,12022.0,311.57120248940515
337,2020-10-14,2020-10-14 09:35:00-04:00,S,12087.5,12118.25,30.75,,2020-10-14 09:36:00-04:00,12118.5,SL,-64.0,-1.0406504065040652,12112.5,12071.5,12177.75,12063.5,305.81611659730476
338,2020-10-15,2020-10-15 09:35:00-04:00,L,11817.25,11753.75,63.5,,2020-10-15 10:43:00-04:00,11753.5,SL,-129.5,-1.0196850393700787,11834.0,11753.75,11983.75,11737.0,303.68639398321153
339,2020-10-16,2020-10-16 09:35:00-04:00,S,11948.0,11978.0,30.0,,2020-10-16 10:02:00-04:00,11978.25,SL,-62.5,-1.0416666666666667,11962.5,11926.5,11975.5,11825.75,299.61950869869645
340,2020-10-19,2020-10-19 09:35:00-04:00,L,11917.75,11888.25,29.5,,2020-10-19 09:55:00-04:00,11888.0,SL,-61.5,-1.0423728813559323,11920.0,11896.25,11949.0,11815.0,294.61097236307523
341,2020-10-20,2020-10-20 09:35:00-04:00,L,11671.75,11641.75,30.0,,2020-10-20 09:36:00-04:00,11641.5,SL,-62.5,-1.0416666666666667,11702.0,11654.75,11754.0,11647.0,299.1923314799984
342,2020-10-21,2020-10-21 09:35:00-04:00,L,11693.25,11655.5,37.75,,2020-10-21 11:15:00-04:00,11655.25,SL,-78.0,-1.033112582781457,11698.0,11655.5,11743.75,11581.25,291.62502208856995
343,2020-10-22,2020-10-22 09:35:00-04:00,L,11706.75,11678.25,28.5,,2020-10-22 09:40:00-04:00,11678.0,SL,-59.5,-1.043859649122807,11723.75,11684.75,11701.5,11591.0,284.937520510815
344,2020-10-23,2020-10-23 09:35:00-04:00,S,11627.5,11678.5,51.0,,2020-10-23 15:59:00-04:00,11678.75,SL,-104.5,-1.0245098039215685,11678.5,11627.75,11691.5,11602.0,279.7812690457568
345,2020-10-26,2020-10-26 09:35:00-04:00,L,11614.25,11566.5,47.75,,2020-10-26 10:49:00-04:00,11566.25,SL,-98.0,-1.0261780104712042,11621.25,11566.5,11651.0,11543.5,269.8683212567742
346,2020-10-27,2020-10-27 09:35:00-04:00,S,11512.5,11553.75,41.25,,2020-10-27 09:37:00-04:00,11554.0,SL,-85.0,-1.0303030303030303,11553.75,11498.25,11567.75,11478.0,275.77058402414747
347,2020-10-28,2020-10-28 09:35:00-04:00,S,11361.5,11423.0,61.5,,2020-10-28 15:59:00-04:00,11137.25,time,446.5,3.630081300813008,11423.0,11360.5,11566.5,11382.0,266.42982802242267
348,2020-10-29,2020-10-29 09:35:00-04:00,L,11225.5,11189.25,36.25,,2020-10-29 09:39:00-04:00,11189.0,SL,-75.0,-1.0344827586206897,11241.0,11189.25,11296.0,11145.0,279.0062688779639
349,2020-10-30,2020-10-30 09:35:00-04:00,L,11248.5,11220.25,28.25,,2020-10-30 09:41:00-04:00,11220.0,SL,-59.0,-1.0442477876106195,11281.25,11230.0,11258.5,11039.25,281.4165353866808
350,2020-11-02,2020-11-02 09:35:00-05:00,S,11126.25,11155.0,28.75,,2020-11-02 09:36:00-05:00,11155.25,SL,-60.0,-1.0434782608695652,11154.0,11108.5,11211.5,10982.0,285.3867828590607
351,2020-11-03,2020-11-03 09:35:00-05:00,S,11109.25,11152.5,43.25,,2020-11-03 09:45:00-05:00,11152.75,SL,-89.0,-1.0289017341040463,11152.5,11103.5,11182.75,11065.0,284.26986979769924
352,2020-11-04,2020-11-04 09:35:00-05:00,L,11658.0,11606.5,51.5,,2020-11-04 09:36:00-05:00,11606.25,SL,-105.5,-1.0242718446601942,11670.5,11606.5,11768.25,11230.0,284.1255933835779
353,2020-11-05,2020-11-05 09:35:00-05:00,S,11996.0,12035.0,39.0,,2020-11-05 09:38:00-05:00,12035.25,SL,-80.5,-1.0320512820512822,12035.0,11972.75,12118.5,11771.25,307.7773367133223
354,2020-11-06,2020-11-06 09:35:00-05:00,S,11979.75,12049.5,69.75,,2020-11-06 11:39:00-05:00,12049.75,SL,-142.0,-1.017921146953405,12049.5,11973.25,12089.0,11869.5,310.5968126623707
355,2020-11-09,2020-11-09 09:35:00-05:00,S,12092.75,12212.0,119.25,,2020-11-09 10:04:00-05:00,12212.25,SL,-241.0,-1.0104821802935011,12212.0,12086.25,12408.0,11939.0,305.51846890077286
356,2020-11-10,2020-11-10 09:35:00-05:00,L,11727.0,11688.75,38.25,,2020-11-10 09:35:00-05:00,11688.5,SL,-79.0,-1.0326797385620916,11749.5,11688.75,11901.25,11553.25,326.2135782650034
357,2020-11-11,2020-11-11 09:35:00-05:00,L,11735.0,11701.75,33.25,,2020-11-11 15:59:00-05:00,11880.25,time,288.5,4.338345864661654,11738.5,11702.25,11785.0,11575.0,331.3590369603603
358,2020-11-12,2020-11-12 09:35:00-05:00,L,11922.0,11881.0,41.0,,2020-11-12 11:40:00-05:00,11880.75,SL,-84.5,-1.0304878048780488,11929.75,11881.0,11966.0,11782.0,332.29767717747745
359,2020-11-13,2020-11-13 09:35:00-05:00,S,11888.0,11920.5,32.5,,2020-11-13 09:41:00-05:00,11920.75,SL,-67.5,-1.0384615384615385,11909.5,11876.0,11936.5,11804.5,322.7942716648005
360,2020-11-16,2020-11-16 09:35:00-05:00,S,11902.25,11933.5,31.25,,2020-11-16 09:35:00-05:00,11933.75,SL,-65.0,-1.04,11925.25,11887.5,12065.25,11853.25,310.5232522601719
361,2020-11-17,2020-11-17 09:35:00-05:00,L,12034.0,12003.5,30.5,,2020-11-17 09:38:00-05:00,12003.25,SL,-63.5,-1.040983606557377,12041.75,12018.25,12093.0,11991.5,303.48587709873107
362,2020-11-18,2020-11-18 09:35:00-05:00,S,11956.0,11985.25,29.25,,2020-11-18 09:42:00-05:00,11985.5,SL,-61.0,-1.0427350427350428,11968.75,11943.0,12022.75,11917.0,291.719028734536
363,2020-11-19,2020-11-19 09:35:00-05:00,S,11855.25,11884.0,28.75,,2020-11-19 09:44:00-05:00,11884.25,SL,-60.0,-1.0434782608695652,11884.0,11848.5,11902.25,11804.5,282.6855266820691
364,2020-11-20,2020-11-20 09:35:00-05:00,S,11979.0,12006.75,27.75,,2020-11-20 10:51:00-05:00,12007.0,SL,-58.0,-1.045045045045045,11985.25,11960.25,12021.5,11923.5,276.4579890619213
365,2020-11-23,2020-11-23 09:35:00-05:00,L,11963.0,11936.25,26.75,,2020-11-23 10:07:00-05:00,11936.0,SL,-56.0,-1.0467289719626167,11974.25,11945.5,11977.25,11882.5,267.30027555749837
366,2020-11-24,2020-11-24 09:35:00-05:00,S,11934.25,11960.5,26.25,,2020-11-24 10:41:00-05:00,11960.75,SL,-55.0,-1.0476190476190477,11956.25,11929.0,11979.0,11913.25,262.0288273033913
367,2020-11-25,2020-11-25 09:35:00-05:00,L,12121.25,12095.25,26.0,,2020-11-25 10:04:00-05:00,12095.0,SL,-54.5,-1.0480769230769231,12126.75,12099.0,12173.5,12078.75,259.9374824960062
368,2020-11-26,2020-11-26 09:35:00-05:00,L,12202.5,12177.5,25.0,,2020-11-26 12:14:00-05:00,12177.25,SL,-52.5,-1.05,12215.0,12197.25,12222.5,12166.25,248.4598051748629
369,2020-11-27,2020-11-27 09:35:00-05:00,L,12243.75,12214.5,29.25,,2020-11-27 13:04:00-05:00,12262.5,early,35.5,0.6068376068376068,12251.5,12214.5,12244.25,12137.0,237.56981909094412
370,2020-11-30,2020-11-30 09:35:00-05:00,L,12282.25,12258.75,23.5,,2020-11-30 09:36:00-05:00,12258.5,SL,-49.5,-1.053191489361702,12299.75,12268.0,12336.75,12193.0,232.7969748701624
371,2020-12-01,2020-12-01 09:35:00-05:00,S,12344.75,12385.0,40.25,,2020-12-01 09:46:00-05:00,12385.25,SL,-83.0,-1.031055900621118,12385.0,12338.25,12401.75,12312.0,234.09719095086507
372,2020-12-02,2020-12-02 09:35:00-05:00,S,12357.25,12397.75,40.5,,2020-12-02 10:12:00-05:00,12398.0,SL,-83.5,-1.0308641975308641,12397.75,12353.0,12472.25,12370.75,231.69739159723187
373,2020-12-03,2020-12-03 09:35:00-05:00,L,12495.0,12463.5,31.5,,2020-12-03 11:09:00-05:00,12463.25,SL,-65.5,-1.0396825396825398,12498.75,12463.5,12496.5,12455.5,226.66543505457247
374,2020-12-04,2020-12-04 09:35:00-05:00,S,12458.25,12482.0,23.75,,2020-12-04 09:43:00-05:00,12482.25,SL,-50.0,-1.0526315789473684,12482.0,12455.5,12520.75,12472.25,217.38576112210302
375,2020-12-07,2020-12-07 09:35:00-05:00,L,12553.5,12526.0,27.5,,2020-12-07 15:59:00-05:00,12597.0,time,85.0,1.5454545454545454,12554.0,12526.0,12569.0,12475.0,208.07249247052422
376,2020-12-08,2020-12-08 09:35:00-05:00,S,12573.0,12593.5,20.5,,2020-12-08 12:00:00-05:00,12593.75,SL,-43.5,-1.0609756097560976,12587.5,12551.25,12599.5,12527.5,203.0137430083439
377,2020-12-09,2020-12-09 09:35:00-05:00,S,12595.0,12632.0,37.0,,2020-12-09 09:49:00-05:00,12632.25,SL,-76.5,-1.0337837837837838,12632.0,12595.0,12674.75,12615.5,199.20918993631935
378,2020-12-10,2020-12-10 09:35:00-05:00,S,12224.75,12286.0,61.25,,2020-12-10 09:38:00-05:00,12286.25,SL,-125.0,-1.0204081632653061,12286.0,12218.0,12376.75,12238.0,211.28353351229654
379,2020-12-11,2020-12-11 09:35:00-05:00,S,12316.25,12354.5,38.25,,2020-12-11 10:12:00-05:00,12354.75,SL,-79.0,-1.0326797385620916,12354.5,12296.75,12414.5,12263.0,212.69185254713253
380,2020-12-14,2020-12-14 09:35:00-05:00,L,12439.0,12417.75,21.25,,2020-12-14 15:59:00-05:00,12458.75,time,37.5,0.8823529411764706,12454.0,12421.25,12453.75,12388.75,210.37457736519448
381,2020-12-15,2020-12-15 09:35:00-05:00,L,12564.5,12543.0,21.5,,2020-12-15 09:36:00-05:00,12542.75,SL,-45.5,-1.058139534883721,12584.75,12543.0,12569.5,12423.5,208.3121075533949
382,2020-12-16,2020-12-16 09:35:00-05:00,S,12601.75,12625.5,23.75,,2020-12-16 10:34:00-05:00,12625.75,SL,-50.0,-1.0526315789473684,12625.5,12593.75,12649.0,12580.25,206.682671299581
383,2020-12-17,2020-12-17 09:35:00-05:00,L,12756.75,12732.25,24.5,,2020-12-17 09:56:00-05:00,12732.0,SL,-51.5,-1.0510204081632653,12762.25,12732.25,12749.75,12672.0,201.45533763532518
384,2020-12-18,2020-12-18 09:35:00-05:00,S,12757.0,12788.0,31.0,,2020-12-18 15:59:00-05:00,12703.25,time,105.5,1.7016129032258065,12788.0,12753.5,12789.25,12707.0,193.83352780423053
385,2020-12-21,2020-12-21 09:35:00-05:00,L,12628.75,12570.0,58.75,,2020-12-21 09:49:00-05:00,12569.75,SL,-120.0,-1.0212765957446808,12638.0,12570.0,12783.5,12463.0,192.7918472467855
386,2020-12-22,2020-12-22 09:35:00-05:00,S,12685.75,12719.5,33.75,,2020-12-22 09:46:00-05:00,12719.75,SL,-70.0,-1.037037037037037,12719.5,12683.25,12760.0,12639.75,202.05671530058655
387,2020-12-23,2020-12-23 09:35:00-05:00,S,12687.5,12723.5,36.0,,2020-12-23 13:07:00-05:00,12723.75,SL,-74.5,-1.0347222222222223,12723.5,12684.0,12739.0,12629.25,199.4990927791161
388,2020-12-24,2020-12-24 09:35:00-05:00,L,12686.5,12656.0,30.5,,2020-12-24 13:04:00-05:00,12703.0,early,31.0,0.5081967213114754,12687.5,12656.0,12678.0,12631.5,193.64201472346494
389,2020-12-28,2020-12-28 09:35:00-05:00,S,12807.0,12825.75,18.75,,2020-12-28 11:27:00-05:00,12826.0,SL,-40.0,-1.0666666666666667,12820.0,12788.75,12827.25,12651.75,186.4175851003603
390,2020-12-29,2020-12-29 09:35:00-05:00,L,12907.5,12878.25,29.25,,2020-12-29 09:55:00-05:00,12878.0,SL,-61.0,-1.0427350427350428,12915.0,12878.25,12899.0,12840.25,187.67347187890599
391,2020-12-30,2020-12-30 09:35:00-05:00,S,12873.75,12909.75,36.0,,2020-12-30 15:59:00-05:00,12843.5,time,58.5,0.8125,12909.75,12868.25,12905.0,12827.75,182.1610810304127
392,2020-12-31,2020-12-31 09:35:00-05:00,S,12835.25,12853.0,17.75,,2020-12-31 09:40:00-05:00,12853.25,SL,-38.0,-1.0704225352112675,12849.75,12829.0,12864.0,12833.75,175.52457524252608
393,2021-01-04,2021-01-04 09:35:00-05:00,S,12903.75,12941.25,37.5,,2021-01-04 15:59:00-05:00,12688.5,time,428.5,5.713333333333333,12941.25,12896.25,12960.0,12824.25,170.07639129663136
394,2021-01-05,2021-01-05 09:35:00-05:00,L,12694.5,12650.5,44.0,,2021-01-05 15:59:00-05:00,12791.25,time,191.5,2.1761363636363638,12697.5,12650.5,12727.75,12611.75,189.21379191830056
395,2021-01-06,2021-01-06 09:35:00-05:00,S,12557.5,12626.0,68.5,,2021-01-06 09:47:00-05:00,12626.25,SL,-139.5,-1.0182481751824817,12626.0,12551.75,12844.5,12491.25,189.7520924955648
396,2021-01-07,2021-01-07 09:35:00-05:00,L,12761.75,12726.5,35.25,,2021-01-07 15:59:00-05:00,12925.5,time,325.5,4.617021276595745,12777.75,12726.5,12762.25,12646.25,201.43051446016733
397,2021-01-08,2021-01-08 09:35:00-05:00,L,13020.75,12985.75,35.0,,2021-01-08 10:26:00-05:00,12985.5,SL,-72.5,-1.0357142857142858,13038.75,12985.75,13023.0,12919.25,209.36404914158396
398,2021-01-11,2021-01-11 09:35:00-05:00,S,12934.0,12975.0,41.0,,2021-01-11 10:06:00-05:00,12975.25,SL,-84.5,-1.0304878048780488,12975.0,12929.5,13105.5,12952.5,209.12375991718508
399,2021-01-12,2021-01-12 09:35:00-05:00,L,12930.0,12895.0,35.0,,2021-01-12 09:47:00-05:00,12894.75,SL,-72.5,-1.0357142857142858,12933.5,12895.0,12959.0,12866.25,212.2756342088147
400,2021-01-13,2021-01-13 09:35:00-05:00,L,12902.25,12881.0,21.25,,2021-01-13 09:39:00-05:00,12880.75,SL,-45.0,-1.0588235294117647,12916.5,12887.5,12935.0,12820.5,210.82737462247078
401,2021-01-14,2021-01-14 09:35:00-05:00,L,12995.5,12972.0,23.5,,2021-01-14 09:46:00-05:00,12971.75,SL,-49.5,-1.053191489361702,13005.5,12972.0,13016.75,12922.5,208.80399072086576
402,2021-01-15,2021-01-15 09:35:00-05:00,L,12910.75,12879.5,31.25,,2021-01-15 10:03:00-05:00,12879.25,SL,-65.0,-1.04,12929.25,12879.5,12927.75,12829.25,204.46084852651822
403,2021-01-18,2021-01-18 09:35:00-05:00,S,12792.5,12813.0,20.5,,2021-01-18 09:55:00-05:00,12813.25,SL,-43.5,-1.0609756097560976,12807.5,12784.25,12816.75,12727.0,203.24935934605264
404,2021-01-19,2021-01-19 09:35:00-05:00,L,12915.5,12888.5,27.0,,2021-01-19 09:47:00-05:00,12888.25,SL,-56.5,-1.0462962962962963,12930.5,12888.5,12949.25,12810.25,195.14226224990603
405,2021-01-20,2021-01-20 09:35:00-05:00,L,13144.5,13121.0,23.5,,2021-01-20 15:59:00-05:00,13285.75,time,280.5,5.968085106382978,13150.0,13121.0,13138.5,13018.0,197.02495780348414
406,2021-01-21,2021-01-21 09:35:00-05:00,S,13299.0,13343.75,44.75,,2021-01-21 10:10:00-05:00,13344.0,SL,-92.0,-1.0279329608938548,13343.75,13296.5,13392.25,13287.0,205.04103224609244
407,2021-01-22,2021-01-22 09:35:00-05:00,S,13348.0,13368.25,20.25,,2021-01-22 09:45:00-05:00,13368.5,SL,-43.0,-1.0617283950617284,13361.0,13327.75,13400.5,13300.0,200.44881565708585
408,2021-01-25,2021-01-25 09:35:00-05:00,L,13535.75,13496.25,39.5,,2021-01-25 10:36:00-05:00,13496.0,SL,-81.5,-1.0316455696202531,13537.25,13496.25,13508.0,13365.5,193.30961453872257
409,2021-01-26,2021-01-26 09:35:00-05:00,L,13502.25,13481.5,20.75,,2021-01-26 09:36:00-05:00,13481.25,SL,-44.0,-1.0602409638554218,13509.25,13486.25,13497.0,13380.75,205.64464207167094
410,2021-01-27,2021-01-27 09:35:00-05:00,S,13273.0,13389.75,116.75,,2021-01-27 15:59:00-05:00,13120.5,time,303.0,1.297644539614561,13389.75,13252.25,13586.75,13352.0,206.59859620940873
411,2021-01-28,2021-01-28 09:35:00-05:00,L,13163.0,13138.75,24.25,,2021-01-28 09:39:00-05:00,13138.5,SL,-51.0,-1.0515463917525774,13179.0,13141.0,13189.25,12906.25,242.14512505159382
412,2021-01-29,2021-01-29 09:35:00-05:00,L,13119.75,13092.5,27.25,,2021-01-29 09:35:00-05:00,13092.25,SL,-57.0,-1.0458715596330275,13135.25,13092.5,13187.25,12933.0,259.68833040505143
413,2021-02-01,2021-02-01 09:35:00-05:00,L,13087.5,13047.25,40.25,,2021-02-01 09:45:00-05:00,13047.0,SL,-83.0,-1.031055900621118,13102.75,13047.25,13084.0,12726.75,266.6570210904049
414,2021-02-02,2021-02-02 09:35:00-05:00,L,13373.25,13344.5,28.75,,2021-02-02 15:59:00-05:00,13448.25,time,148.0,2.5739130434782607,13377.5,13345.0,13378.5,13230.0,286.53866244109025
415,2021-02-03,2021-02-03 09:35:00-05:00,S,13512.5,13548.0,35.5,,2021-02-03 15:59:00-05:00,13389.0,time,245.0,3.4507042253521125,13548.0,13472.25,13584.25,13476.0,286.00018655244094
416,2021-02-04,2021-02-04 09:35:00-05:00,S,13434.5,13480.25,45.75,,2021-02-04 12:37:00-05:00,13480.5,SL,-94.0,-1.0273224043715847,13480.25,13415.75,13463.25,13345.75,279.6608875129809
417,2021-02-05,2021-02-05 09:35:00-05:00,S,13560.0,13593.0,33.0,,2021-02-05 12:17:00-05:00,13593.25,SL,-68.5,-1.0378787878787878,13593.0,13558.75,13618.75,13528.25,275.8458241191965
418,2021-02-08,2021-02-08 09:35:00-05:00,S,13645.25,13674.0,28.75,,2021-02-08 10:04:00-05:00,13674.25,SL,-60.0,-1.0434782608695652,13674.0,13637.0,13687.0,13604.75,264.66040811068245
419,2021-02-09,2021-02-09 09:35:00-05:00,L,13672.0,13645.0,27.0,,2021-02-09 15:59:00-05:00,13680.25,time,14.5,0.26851851851851855,13673.5,13645.0,13698.0,13634.0,252.64895038849085
420,2021-02-10,2021-02-10 09:35:00-05:00,S,13728.5,13762.0,33.5,,2021-02-10 15:59:00-05:00,13650.75,time,153.5,2.291044776119403,13762.0,13724.0,13769.25,13679.0,241.83473964645577
421,2021-02-11,2021-02-11 09:35:00-05:00,L,13718.5,13694.0,24.5,,2021-02-11 09:51:00-05:00,13693.75,SL,-51.5,-1.0510204081632653,13735.0,13714.0,13725.0,13613.5,242.56082967170894
422,2021-02-12,2021-02-12 09:35:00-05:00,S,13665.75,13695.5,29.75,,2021-02-12 09:44:00-05:00,13695.75,SL,-62.0,-1.0420168067226891,13695.5,13665.25,13742.0,13662.75,234.5564846951583
423,2021-02-15,2021-02-15 09:35:00-05:00,S,13848.25,13871.5,23.25,,2021-02-15 12:43:00-05:00,13871.75,SL,-49.0,-1.053763440860215,13855.75,13848.25,13866.75,13819.0,230.4095929312184
424,2021-02-16,2021-02-16 09:35:00-05:00,L,13840.25,13818.25,22.0,,2021-02-16 09:37:00-05:00,13818.0,SL,-46.5,-1.0568181818181819,13859.25,13820.0,13900.75,13831.25,218.25533629327424
425,2021-02-17,2021-02-17 09:35:00-05:00,S,13633.75,13656.25,22.5,,2021-02-17 09:35:00-05:00,13656.5,SL,-47.5,-1.0555555555555556,13656.25,13612.0,13785.5,13626.5,215.87995512946893
426,2021-02-18,2021-02-18 09:35:00-05:00,L,13552.75,13523.5,29.25,,2021-02-18 10:05:00-05:00,13523.25,SL,-61.0,-1.0427350427350428,13555.25,13523.5,13724.75,13526.0,217.78138690593545
427,2021-02-19,2021-02-19 09:35:00-05:00,S,13674.0,13700.75,26.75,,2021-02-19 15:59:00-05:00,13578.25,time,189.5,3.542056074766355,13700.75,13663.5,13729.0,13550.5,220.51128784122577
428,2021-02-22,2021-02-22 09:35:00-05:00,S,13368.75,13418.5,49.75,,2021-02-22 09:37:00-05:00,13418.75,SL,-102.0,-1.0251256281407035,13418.5,13361.5,13629.0,13364.0,218.6711958525668
429,2021-02-23,2021-02-23 09:35:00-05:00,S,12948.0,13016.25,68.25,,2021-02-23 10:25:00-05:00,13016.5,SL,-139.0,-1.0183150183150182,13016.25,12943.25,13335.75,12946.75,232.6232532916692
430,2021-02-24,2021-02-24 09:35:00-05:00,L,13083.75,13058.0,25.75,,2021-02-24 09:35:00-05:00,13057.75,SL,-54.0,-1.0485436893203883,13120.25,13061.5,13295.5,13027.5,257.31087805654994
431,2021-02-25,2021-02-25 09:35:00-05:00,L,13247.25,13178.75,68.5,,2021-02-25 10:03:00-05:00,13178.5,SL,-139.5,-1.0182481751824817,13252.0,13178.75,13354.25,13146.0,265.7172439096535
432,2021-02-26,2021-02-26 09:35:00-05:00,L,12962.0,12929.25,32.75,,2021-02-26 09:50:00-05:00,12929.0,SL,-68.0,-1.0381679389312977,12992.0,12929.25,12981.25,12663.25,288.898155058964
433,2021-03-01,2021-03-01 09:35:00-05:00,S,13092.0,13122.0,30.0,,2021-03-01 10:18:00-05:00,13122.25,SL,-62.5,-1.0416666666666667,13115.75,13073.75,13132.75,12946.75,298.726858269038
434,2021-03-02,2021-03-02 09:35:00-05:00,S,13270.75,13303.25,32.5,,2021-03-02 15:59:00-05:00,13058.25,time,423.0,6.507692307692308,13303.25,13246.5,13328.0,13162.0,306.38922553553533
435,2021-03-03,2021-03-03 09:35:00-05:00,L,13029.0,12998.5,30.5,,2021-03-03 09:36:00-05:00,12998.25,SL,-63.5,-1.040983606557377,13052.0,13004.0,13191.0,12964.25,304.5042808544257
436,2021-03-04,2021-03-04 09:35:00-05:00,L,12746.25,12649.5,96.75,,2021-03-04 09:47:00-05:00,12649.25,SL,-196.0,-1.0129198966408268,12748.25,12649.5,12709.0,12511.0,320.5039750791096
437,2021-03-05,2021-03-05 09:35:00-05:00,S,12521.5,12606.0,84.5,,2021-03-05 13:27:00-05:00,12606.25,SL,-171.5,-1.014792899408284,12606.0,12519.5,12632.5,12305.5,332.66440543060173
438,2021-03-08,2021-03-08 09:35:00-05:00,S,12541.25,12644.75,103.5,,2021-03-08 09:41:00-05:00,12645.0,SL,-209.5,-1.0120772946859904,12644.75,12535.0,12761.25,12376.25,343.92051932841593
439,2021-03-09,2021-03-09 09:35:00-05:00,L,12639.0,12589.25,49.75,,2021-03-09 09:43:00-05:00,12589.0,SL,-102.0,-1.0251256281407035,12639.75,12589.25,12617.25,12325.5,353.46191080495765
440,2021-03-10,2021-03-10 09:35:00-05:00,S,12921.25,12969.25,48.0,,2021-03-10 09:50:00-05:00,12969.5,SL,-98.5,-1.0260416666666667,12969.25,12912.0,12993.0,12704.25,366.911060033175
441,2021-03-11,2021-03-11 09:35:00-05:00,L,12996.25,12943.75,52.5,,2021-03-11 09:42:00-05:00,12943.5,SL,-107.5,-1.0238095238095237,13006.75,12943.75,13017.0,12724.25,361.32812717366244
442,2021-03-12,2021-03-12 09:35:00-05:00,S,12845.0,12881.5,36.5,,2021-03-12 09:51:00-05:00,12881.75,SL,-75.5,-1.0342465753424657,12874.0,12826.75,13095.0,12785.0,363.75111808982945
443,2021-03-15,2021-03-15 09:35:00-04:00,S,12925.25,12961.5,36.25,,2021-03-15 09:52:00-04:00,12961.75,SL,-75.0,-1.0344827586206897,12950.75,12899.25,13009.25,12872.75,361.14389536912734
444,2021-03-16,2021-03-16 09:35:00-04:00,L,13188.0,13142.25,45.75,,2021-03-16 14:25:00-04:00,13142.0,SL,-94.0,-1.0273224043715847,13195.0,13142.25,13177.75,13056.75,351.50861712847535
445,2021-03-17,2021-03-17 09:35:00-04:00,S,12972.5,13015.75,43.25,,2021-03-17 09:49:00-04:00,13016.0,SL,-89.0,-1.0289017341040463,13015.75,12971.0,13184.0,12967.75,343.54371590501285
446,2021-03-18,2021-03-18 09:35:00-04:00,L,13000.5,12966.0,34.5,,2021-03-18 09:44:00-04:00,12965.75,SL,-71.5,-1.036231884057971,13022.0,12973.0,13266.75,12944.75,343.05845048322624
447,2021-03-19,2021-03-19 09:35:00-04:00,L,12811.0,12765.25,45.75,,2021-03-19 09:40:00-04:00,12765.0,SL,-94.0,-1.0273224043715847,12837.0,12765.25,12898.0,12712.75,354.60784687728153
448,2021-03-22,2021-03-22 09:35:00-04:00,L,12973.0,12927.75,45.25,,2021-03-22 15:59:00-04:00,13070.5,time,193.0,2.132596685082873,12983.75,12927.75,12963.5,12789.5,344.7251435289043
449,2021-03-23,2021-03-23 09:35:00-04:00,S,13093.25,13128.0,34.75,,2021-03-23 10:10:00-04:00,13128.25,SL,-72.0,-1.0359712230215827,13119.5,13074.0,13120.75,13002.5,346.35191899112544
450,2021-03-24,2021-03-24 09:35:00-04:00,S,13035.5,13072.5,37.0,,2021-03-24 15:59:00-04:00,12790.5,time,488.0,6.594594594594595,13072.5,13036.0,13145.0,13016.25,335.41606763461647
451,2021-03-25,2021-03-25 09:35:00-04:00,L,12721.25,12687.5,33.75,,2021-03-25 10:49:00-04:00,12687.25,SL,-70.0,-1.037037037037037,12743.75,12688.25,12859.5,12692.75,337.2256342321439
452,2021-03-26,2021-03-26 09:35:00-04:00,L,12787.75,12754.0,33.75,,2021-03-26 14:09:00-04:00,12753.75,SL,-70.0,-1.037037037037037,12798.5,12754.0,12880.5,12675.75,330.9773746441336
453,2021-03-29,2021-03-29 09:35:00-04:00,L,12951.25,12915.5,35.75,,2021-03-29 09:46:00-04:00,12915.25,SL,-74.0,-1.034965034965035,12953.0,12915.5,12986.25,12807.0,329.67541931240976
454,2021-03-30,2021-03-30 09:35:00-04:00,S,12839.0,12888.0,49.0,,2021-03-30 11:32:00-04:00,12888.25,SL,-100.5,-1.0255102040816326,12888.0,12828.0,12984.0,12835.75,320.1093179329519
455,2021-03-31,2021-03-31 09:35:00-04:00,L,12972.75,12941.5,31.25,,2021-03-31 15:59:00-04:00,13084.5,time,221.5,3.544,12982.0,12953.0,12980.5,12858.5,312.0479380805982
456,2021-04-01,2021-04-01 09:35:00-04:00,L,13267.0,13235.75,31.25,,2021-04-01 15:59:00-04:00,13314.0,time,92.0,1.472,13278.25,13241.5,13260.75,13090.0,311.16951393198406
457,2021-04-05,2021-04-05 09:35:00-04:00,L,13436.75,13407.75,29.0,,2021-04-05 15:59:00-04:00,13581.75,time,288.0,4.9655172413793105,13442.5,13409.25,13433.0,13304.25,289.3272849719658
458,2021-04-06,2021-04-06 09:35:00-04:00,S,13551.5,13580.75,29.25,,2021-04-06 09:44:00-04:00,13581.0,SL,-61.0,-1.0427350427350428,13574.5,13551.0,13622.5,13524.5,290.83962175968253
459,2021-04-07,2021-04-07 09:35:00-04:00,S,13520.75,13560.5,39.75,,2021-04-07 09:45:00-04:00,13560.75,SL,-82.0,-1.0314465408805031,13560.5,13513.0,13607.75,13529.5,279.3332202054195
460,2021-04-08,2021-04-08 09:35:00-04:00,L,13733.25,13706.25,27.0,,2021-04-08 09:48:00-04:00,13706.0,SL,-56.5,-1.0462962962962963,13741.0,13711.25,13744.5,13614.75,268.5415616193181
461,2021-04-09,2021-04-09 09:35:00-04:00,S,13681.5,13707.75,26.25,,2021-04-09 09:45:00-04:00,13708.0,SL,-55.0,-1.0476190476190477,13699.75,13678.25,13841.0,13648.5,261.8600215036525
462,2021-04-12,2021-04-12 09:35:00-04:00,S,13783.25,13809.0,25.75,,2021-04-12 09:39:00-04:00,13809.25,SL,-54.0,-1.0485436893203883,13796.0,13776.5,13832.0,13768.25,256.9057342533916
463,2021-04-13,2021-04-13 09:35:00-04:00,L,13885.75,13861.0,24.75,,2021-04-13 15:59:00-04:00,13975.0,time,176.5,3.5656565656565657,13887.0,13866.5,13895.5,13772.5,245.71603894957792
464,2021-04-14,2021-04-14 09:35:00-04:00,S,13963.25,13988.5,25.25,,2021-04-14 15:59:00-04:00,13808.75,time,307.0,6.079207920792079,13988.5,13943.25,14029.0,13958.25,243.96846473889377
465,2021-04-15,2021-04-15 09:35:00-04:00,L,13955.0,13923.25,31.75,,2021-04-15 15:59:00-04:00,14015.75,time,119.5,1.8818897637795275,13966.5,13923.25,13945.0,13789.5,244.84571725754424
466,2021-04-16,2021-04-16 09:35:00-04:00,S,13982.75,14039.0,56.25,,2021-04-16 15:40:00-04:00,14039.25,SL,-115.0,-1.0222222222222221,14039.0,13973.25,14059.0,13953.0,244.8388803105768
467,2021-04-19,2021-04-19 09:35:00-04:00,L,13999.0,13950.75,48.25,,2021-04-19 10:05:00-04:00,13950.5,SL,-99.0,-1.0259067357512954,14007.0,13950.75,14052.5,13946.0,234.92181743124988
468,2021-04-20,2021-04-20 09:35:00-04:00,S,13863.0,13899.0,36.0,,2021-04-20 09:38:00-04:00,13899.25,SL,-74.5,-1.0347222222222223,13899.0,13859.0,13933.75,13814.0,234.6774019004463
469,2021-04-21,2021-04-21 09:35:00-04:00,S,13742.0,13765.5,23.5,,2021-04-21 09:48:00-04:00,13765.75,SL,-49.5,-1.053191489361702,13763.75,13735.0,13788.25,13710.0,233.25401605041444
470,2021-04-22,2021-04-22 09:35:00-04:00,S,13890.75,13914.25,23.5,,2021-04-22 10:28:00-04:00,13914.5,SL,-49.5,-1.053191489361702,13912.0,13878.5,13937.5,13878.0,232.7715863325277
471,2021-04-23,2021-04-23 09:35:00-04:00,L,13812.5,13775.75,36.75,,2021-04-23 15:59:00-04:00,13924.25,time,221.5,3.0136054421768708,13815.75,13775.75,13790.75,13738.0,233.44861588020427
472,2021-04-26,2021-04-26 09:35:00-04:00,S,13927.0,13950.5,23.5,,2021-04-26 09:43:00-04:00,13950.75,SL,-49.5,-1.053191489361702,13947.25,13922.5,13944.5,13865.75,234.148714745904
473,2021-04-27,2021-04-27 09:35:00-04:00,S,14021.25,14044.25,23.0,,2021-04-27 15:59:00-04:00,13951.75,time,137.0,2.9782608695652173,14034.75,14009.5,14050.0,14007.5,229.72737797833943
474,2021-04-28,2021-04-28 09:35:00-04:00,S,13903.75,13943.0,39.25,,2021-04-28 09:48:00-04:00,13943.25,SL,-81.0,-1.0318471337579618,13943.0,13902.0,13979.5,13904.75,223.12185097988663
475,2021-04-29,2021-04-29 09:35:00-04:00,S,14025.0,14061.0,36.0,,2021-04-29 15:59:00-04:00,13955.0,time,138.0,1.9166666666666667,14061.0,14013.5,14064.0,13952.5,215.4345759098947
476,2021-04-30,2021-04-30 09:35:00-04:00,L,13864.5,13840.25,24.25,,2021-04-30 13:53:00-04:00,13840.0,SL,-51.0,-1.0515463917525774,13878.25,13840.25,13952.0,13819.5,217.59996334490225
477,2021-05-03,2021-05-03 09:35:00-04:00,S,13891.75,13916.25,24.5,,2021-05-03 10:07:00-04:00,13916.5,SL,-51.5,-1.0510204081632653,13916.25,13888.25,13915.75,13844.75,211.87853739169495
478,2021-05-04,2021-05-04 09:35:00-04:00,S,13639.75,13696.5,56.75,,2021-05-04 15:59:00-04:00,13543.5,time,190.5,1.6784140969162995,13696.5,13623.0,13792.5,13651.0,209.31578472085957
479,2021-05-05,2021-05-05 09:35:00-04:00,L,13643.0,13620.5,22.5,,2021-05-05 09:35:00-04:00,13620.25,SL,-47.5,-1.0555555555555556,13665.5,13626.75,13653.25,13507.75,223.77537152651243
480,2021-05-06,2021-05-06 09:35:00-04:00,S,13430.5,13487.25,56.75,,2021-05-06 09:38:00-04:00,13487.5,SL,-116.0,-1.0220264317180616,13487.25,13430.5,13570.25,13451.0,222.29141641747583
481,2021-05-07,2021-05-07 09:35:00-04:00,S,13672.75,13722.75,50.0,,2021-05-07 09:37:00-04:00,13723.0,SL,-102.5,-1.025,13722.75,13661.75,13818.0,13588.25,222.32417238765612
482,2021-05-10,2021-05-10 09:35:00-04:00,S,13567.75,13657.75,90.0,,2021-05-10 15:59:00-04:00,13356.5,time,420.5,2.3361111111111112,13657.75,13563.0,13751.75,13638.0,222.85458864568068
483,2021-05-11,2021-05-11 09:35:00-04:00,S,13107.75,13139.5,31.75,,2021-05-11 09:35:00-04:00,13139.75,SL,-66.0,-1.0393700787401574,13139.5,13083.75,13344.5,13065.5,239.0435465995606
484,2021-05-12,2021-05-12 09:35:00-04:00,L,13171.5,13120.5,51.0,,2021-05-12 10:02:00-04:00,13120.25,SL,-104.5,-1.0245098039215685,13189.5,13120.5,13352.0,13090.0,244.12972184244913
485,2021-05-13,2021-05-13 09:35:00-04:00,L,13140.0,13114.5,25.5,,2021-05-13 09:41:00-04:00,13114.25,SL,-53.5,-1.0490196078431373,13166.0,13118.5,13135.25,12914.75,254.70974171084563
486,2021-05-14,2021-05-14 09:35:00-04:00,L,13249.25,13214.0,35.25,,2021-05-14 09:42:00-04:00,13213.75,SL,-73.0,-1.0354609929078014,13256.5,13214.0,13260.5,13071.0,258.6769030172138
487,2021-05-17,2021-05-17 09:35:00-04:00,S,13291.0,13321.5,30.5,,2021-05-17 09:37:00-04:00,13321.75,SL,-63.5,-1.040983606557377,13321.5,13263.25,13452.5,13301.25,265.55712423026995
488,2021-05-18,2021-05-18 09:35:00-04:00,S,13324.5,13356.5,32.0,,2021-05-18 09:39:00-04:00,13356.75,SL,-66.5,-1.0390625,13356.5,13313.5,13433.0,13290.25,265.8744724995364
489,2021-05-19,2021-05-19 09:35:00-04:00,L,13030.0,12969.5,60.5,,2021-05-19 15:59:00-04:00,13230.5,time,399.0,3.2975206611570247,13038.0,12969.5,13223.25,12954.25,265.09772446385523
490,2021-05-20,2021-05-20 09:35:00-04:00,L,13329.75,13281.5,48.25,,2021-05-20 15:59:00-04:00,13486.75,time,312.0,3.233160621761658,13330.0,13281.5,13297.75,13151.25,266.76931557357983
491,2021-05-21,2021-05-21 09:35:00-04:00,S,13547.0,13574.5,27.5,,2021-05-21 15:59:00-04:00,13409.25,time,273.5,4.972727272727273,13569.75,13533.0,13563.0,13486.5,274.3393644611813
492,2021-05-24,2021-05-24 09:35:00-04:00,L,13529.0,13493.0,36.0,,2021-05-24 15:59:00-04:00,13637.5,time,215.0,2.986111111111111,13541.0,13493.0,13521.0,13356.25,267.19012414252546
493,2021-05-25,2021-05-25 09:35:00-04:00,S,13691.75,13732.25,40.5,,2021-05-25 15:59:00-04:00,13656.75,time,68.0,0.8395061728395061,13732.25,13690.5,13738.5,13632.0,271.6765438466308
494,2021-05-26,2021-05-26 09:35:00-04:00,L,13690.0,13663.75,26.25,,2021-05-26 09:50:00-04:00,13663.5,SL,-55.0,-1.0476190476190477,13708.75,13679.0,13728.25,13663.5,261.6996478575858
495,2021-05-27,2021-05-27 09:35:00-04:00,S,13661.25,13695.25,34.0,,2021-05-27 10:17:00-04:00,13695.5,SL,-70.5,-1.036764705882353,13695.25,13659.25,13717.0,13620.25,248.16753015347248
496,2021-05-28,2021-05-28 09:35:00-04:00,S,13701.25,13725.25,24.0,,2021-05-28 09:40:00-04:00,13725.5,SL,-50.5,-1.0520833333333333,13716.25,13695.75,13726.0,13662.5,237.61984942822443
497,2021-05-31,2021-05-31 09:35:00-04:00,S,13672.25,13695.25,23.0,,2021-05-31 12:49:00-04:00,13658.5,early,25.5,0.5543478260869565,13680.25,13672.0,13722.0,13657.25,227.84343161192268
498,2021-06-01,2021-06-01 09:35:00-04:00,S,13746.0,13767.75,21.75,,2021-06-01 09:40:00-04:00,13768.0,SL,-46.0,-1.0574712643678161,13760.75,13740.5,13756.25,13654.25,216.60461506821392
499,2021-06-02,2021-06-02 09:35:00-04:00,L,13678.5,13651.25,27.25,,2021-06-02 13:22:00-04:00,13651.0,SL,-57.0,-1.0458715596330275,13687.75,13651.25,13676.75,13616.5,214.00785684905577
500,2021-06-03,2021-06-03 09:35:00-04:00,L,13559.5,13538.75,20.75,,2021-06-03 09:36:00-04:00,13538.5,SL,-44.0,-1.0602409638554218,13570.75,13545.0,13707.0,13510.25,206.54300993126608
501,2021-06-04,2021-06-04 09:35:00-04:00,L,13643.0,13605.5,37.5,,2021-06-04 15:59:00-04:00,13766.25,time,244.5,3.26,13648.75,13605.5,13618.0,13467.75,209.2720806504614
502,2021-06-07,2021-06-07 09:35:00-04:00,L,13743.25,13721.5,21.75,,2021-06-07 09:40:00-04:00,13721.25,SL,-46.0,-1.0574712643678161,13749.25,13726.5,13786.75,13691.5,216.91336060399985
503,2021-06-08,2021-06-08 09:35:00-04:00,L,13880.25,13859.0,21.25,,2021-06-08 09:52:00-04:00,13858.75,SL,-45.0,-1.0588235294117647,13883.0,13863.0,13896.75,13785.0,210.973120560857
504,2021-06-09,2021-06-09 09:35:00-04:00,S,13869.0,13890.0,21.0,,2021-06-09 09:37:00-04:00,13890.25,SL,-44.5,-1.0595238095238095,13886.5,13861.0,13876.75,13803.5,208.38575480651008
505,2021-06-10,2021-06-10 09:35:00-04:00,L,13869.5,13811.25,58.25,,2021-06-10 15:59:00-04:00,13959.75,time,178.5,1.5321888412017168,13872.5,13811.25,13851.75,13726.5,200.67962946318792
506,2021-06-11,2021-06-11 09:35:00-04:00,S,13952.0,13972.5,20.5,,2021-06-11 09:43:00-04:00,13972.75,SL,-43.5,-1.0609756097560976,13967.25,13941.25,13998.5,13947.5,204.20251307296022
507,2021-06-14,2021-06-14 09:35:00-04:00,S,13972.5,14007.5,35.0,,2021-06-14 09:45:00-04:00,14007.75,SL,-72.5,-1.0357142857142858,14007.5,13957.0,14043.5,13995.0,194.38447642489163
508,2021-06-15,2021-06-15 09:35:00-04:00,S,14072.25,14113.5,41.25,,2021-06-15 09:45:00-04:00,14113.75,SL,-85.0,-1.0303030303030303,14113.5,14063.25,14155.25,14097.25,192.5534423945422
509,2021-06-16,2021-06-16 09:35:00-04:00,L,14057.0,14038.0,19.0,,2021-06-16 11:33:00-04:00,14037.75,SL,-40.5,-1.0657894736842106,14069.25,14042.5,14055.0,14018.25,189.85319650921775
510,2021-06-17,2021-06-17 09:35:00-04:00,L,13978.0,13932.0,46.0,,2021-06-17 15:59:00-04:00,14156.0,time,354.0,3.847826086956522,13979.0,13932.0,13940.75,13842.0,195.2565396157022
511,2021-06-18,2021-06-18 09:35:00-04:00,L,14096.25,14044.5,51.75,,2021-06-18 11:12:00-04:00,14044.25,SL,-106.0,-1.0241545893719808,14121.5,14044.5,14205.75,14051.25,206.82750107172347
512,2021-06-21,2021-06-21 09:35:00-04:00,S,13997.0,14072.25,75.25,,2021-06-21 10:08:00-04:00,14072.5,SL,-153.0,-1.0166112956810631,14072.25,13994.5,14126.75,13983.75,206.0362509951718
513,2021-06-22,2021-06-22 09:35:00-04:00,L,14150.75,14107.25,43.5,,2021-06-22 15:59:00-04:00,14257.75,time,212.0,2.4367816091954024,14151.75,14107.25,14178.25,14066.25,204.55151878123095
514,2021-06-23,2021-06-23 09:35:00-04:00,L,14295.75,14253.75,42.0,,2021-06-23 11:04:00-04:00,14253.5,SL,-86.5,-1.0297619047619047,14296.0,14253.75,14313.5,14239.25,205.15498172542874
515,2021-06-24,2021-06-24 09:35:00-04:00,L,14359.75,14340.0,19.75,,2021-06-24 13:44:00-04:00,14339.75,SL,-42.0,-1.0632911392405062,14369.75,14344.0,14358.75,14269.0,196.57248303075525
516,2021-06-25,2021-06-25 09:35:00-04:00,L,14387.5,14366.0,21.5,,2021-06-25 09:36:00-04:00,14365.75,SL,-45.5,-1.058139534883721,14390.75,14366.0,14394.25,14332.25,193.46016281427273
517,2021-06-28,2021-06-28 09:35:00-04:00,L,14439.5,14391.0,48.5,,2021-06-28 15:59:00-04:00,14511.0,time,141.0,1.4536082474226804,14446.0,14391.0,14396.5,14333.25,185.4272940418247
518,2021-06-29,2021-06-29 09:35:00-04:00,S,14498.75,14517.5,18.75,,2021-06-29 09:37:00-04:00,14517.75,SL,-40.0,-1.0666666666666667,14510.5,14470.0,14513.5,14468.75,185.62891589598007
519,2021-06-30,2021-06-30 09:35:00-04:00,S,14533.5,14568.75,35.25,,2021-06-30 09:47:00-04:00,14569.0,SL,-73.0,-1.0354609929078014,14568.75,14533.0,14599.0,14526.5,180.6732790462672
520,2021-07-01,2021-07-01 09:35:00-04:00,L,14553.75,14515.5,38.25,,2021-07-01 10:19:00-04:00,14515.25,SL,-79.0,-1.0326797385620916,14560.25,14515.5,14606.5,14498.0,173.55375911439097
521,2021-07-02,2021-07-02 09:35:00-04:00,L,14634.25,14617.0,17.25,,2021-07-02 15:59:00-04:00,14714.5,time,158.5,4.594202898550725,14644.0,14619.25,14648.25,14513.5,170.8534906062202
522,2021-07-05,2021-07-05 09:35:00-04:00,S,14700.75,14718.25,17.5,,2021-07-05 12:49:00-04:00,14696.0,early,7.5,0.21428571428571427,14704.25,14698.75,14722.0,14674.75,174.02466984863304
523,2021-07-06,2021-07-06 09:35:00-04:00,L,14761.5,14738.75,22.75,,2021-07-06 10:33:00-04:00,14738.5,SL,-48.0,-1.054945054945055,14773.75,14738.75,14748.75,14671.0,164.9693362880164
524,2021-07-07,2021-07-07 09:35:00-04:00,S,14828.0,14883.75,55.75,,2021-07-07 15:59:00-04:00,14802.25,time,49.5,0.4439461883408072,14883.75,14824.0,14876.25,14754.0,164.93581226744377
525,2021-07-08,2021-07-08 09:35:00-04:00,L,14607.5,14568.0,39.5,,2021-07-08 09:47:00-04:00,14567.75,SL,-81.5,-1.0316455696202531,14625.5,14568.0,14821.75,14543.0,164.40468281976922
526,2021-07-09,2021-07-09 09:35:00-04:00,L,14701.25,14683.25,18.0,,2021-07-09 09:36:00-04:00,14683.0,SL,-38.5,-1.0694444444444444,14722.5,14683.25,14743.0,14640.5,172.7864911897857
527,2021-07-12,2021-07-12 09:35:00-04:00,S,14866.5,14888.75,22.25,,2021-07-12 15:59:00-04:00,14868.75,time,-6.5,-0.14606741573033707,14888.75,14862.25,14883.0,14785.25,174.1231703905153
528,2021-07-13,2021-07-13 09:35:00-04:00,L,14865.0,14848.0,17.0,,2021-07-13 09:38:00-04:00,14847.75,SL,-36.5,-1.0735294117647058,14881.25,14850.0,14927.5,14794.25,169.0786582197642
529,2021-07-14,2021-07-14 09:35:00-04:00,L,14983.75,14952.25,31.5,,2021-07-14 09:37:00-04:00,14952.0,SL,-65.5,-1.0396825396825398,14991.25,14952.25,14974.5,14841.0,171.3051826326382
530,2021-07-15,2021-07-15 09:35:00-04:00,S,14834.0,14902.0,68.0,,2021-07-15 15:59:00-04:00,14790.5,time,85.0,0.625,14902.0,14833.5,14962.5,14864.0,170.1405267303069
531,2021-07-16,2021-07-16 09:35:00-04:00,L,14864.75,14827.75,37.0,,2021-07-16 09:46:00-04:00,14827.5,SL,-76.5,-1.0337837837837838,14868.75,14827.75,14852.75,14735.75,176.1483462495707
532,2021-07-19,2021-07-19 09:35:00-04:00,S,14499.75,14554.0,54.25,,2021-07-19 09:44:00-04:00,14554.25,SL,-111.0,-1.023041474654378,14554.0,14489.5,14683.25,14504.0,178.72703580317278
533,2021-07-20,2021-07-20 09:35:00-04:00,S,14551.25,14601.25,50.0,,2021-07-20 10:20:00-04:00,14601.5,SL,-102.5,-1.025,14601.25,14541.0,14644.0,14571.0,183.03224753151758
534,2021-07-21,2021-07-21 09:35:00-04:00,L,14718.5,14692.0,26.5,,2021-07-21 15:59:00-04:00,14828.0,time,217.0,4.09433962264151,14724.5,14692.0,14765.5,14666.75,188.92280127926634
535,2021-07-22,2021-07-22 09:35:00-04:00,L,14868.0,14839.75,28.25,,2021-07-22 15:59:00-04:00,14928.5,time,119.0,2.106194690265487,14873.0,14839.75,14878.5,14823.25,187.92831547360447
536,2021-07-23,2021-07-23 09:35:00-04:00,S,14950.25,14994.25,44.0,,2021-07-23 10:16:00-04:00,14994.5,SL,-90.5,-1.0284090909090908,14994.25,14947.0,15015.75,14964.25,185.89772151120414
537,2021-07-26,2021-07-26 09:35:00-04:00,S,15048.25,15079.25,31.0,,2021-07-26 09:37:00-04:00,15079.5,SL,-64.5,-1.0403225806451613,15079.25,15040.25,15127.75,15038.75,185.7085985461181
538,2021-07-27,2021-07-27 09:35:00-04:00,S,15068.5,15107.0,38.5,,2021-07-27 15:59:00-04:00,14950.25,time,234.5,3.0454545454545454,15107.0,15064.75,15131.5,15052.5,179.2651272213954
539,2021-07-28,2021-07-28 09:35:00-04:00,S,14988.5,15022.5,34.0,,2021-07-28 10:10:00-04:00,15022.75,SL,-70.5,-1.036764705882353,15022.5,14981.25,15019.25,14866.5,191.96047527701003
540,2021-07-29,2021-07-29 09:35:00-04:00,L,15027.0,14982.25,44.75,,2021-07-29 15:59:00-04:00,15034.75,time,13.5,0.15083798882681565,15027.0,14982.25,15024.75,14944.5,193.12401275722362
541,2021-07-30,2021-07-30 09:35:00-04:00,L,14895.5,14866.0,29.5,,2021-07-30 15:59:00-04:00,14954.75,time,116.5,1.9745762711864407,14918.0,14866.0,14936.75,14811.5,192.16872613170764
542,2021-08-02,2021-08-02 09:35:00-04:00,S,15021.75,15044.25,22.5,,2021-08-02 11:19:00-04:00,15044.5,SL,-47.5,-1.0555555555555556,15044.25,15013.0,15056.0,14970.0,190.46024569372852
543,2021-08-03,2021-08-03 09:35:00-04:00,S,14968.5,14998.5,30.0,,2021-08-03 09:46:00-04:00,14998.75,SL,-62.5,-1.0416666666666667,14998.5,14954.75,14993.25,14941.75,185.67737100131936
544,2021-08-04,2021-08-04 09:35:00-04:00,S,15043.75,15066.75,23.0,,2021-08-04 09:45:00-04:00,15067.0,SL,-48.5,-1.0543478260869565,15066.75,15034.5,15073.5,15016.5,186.78970164408227
545,2021-08-05,2021-08-05 09:35:00-04:00,S,15099.5,15117.75,18.25,,2021-08-05 09:47:00-04:00,15118.0,SL,-39.0,-1.0684931506849316,15106.25,15072.75,15117.25,15069.5,181.39400866950496
546,2021-08-06,2021-08-06 09:35:00-04:00,L,15142.75,15104.5,38.25,,2021-08-06 09:46:00-04:00,15104.25,SL,-79.0,-1.0326797385620916,15143.0,15104.5,15170.0,15083.0,175.77657947882602
547,2021-08-09,2021-08-09 09:35:00-04:00,L,15117.75,15100.5,17.25,,2021-08-09 09:35:00-04:00,15100.25,SL,-37.0,-1.0724637681159421,15138.75,15114.5,15125.75,15003.5,172.06039523033843
548,2021-08-10,2021-08-10 09:35:00-04:00,S,15134.25,15153.75,19.5,,2021-08-10 10:00:00-04:00,15154.0,SL,-41.5,-1.064102564102564,15153.75,15119.5,15150.25,15092.75,169.9489384281714
549,2021-08-11,2021-08-11 09:35:00-04:00,L,15110.25,15081.0,29.25,,2021-08-11 09:36:00-04:00,15080.75,SL,-61.0,-1.0427350427350428,15119.0,15081.0,15112.5,14975.0,169.41687139758773
550,2021-08-12,2021-08-12 09:35:00-04:00,S,14984.25,15005.25,21.0,,2021-08-12 10:19:00-04:00,15005.5,SL,-44.5,-1.0595238095238095,15005.25,14974.0,15035.0,14982.5,168.45852344061717
551,2021-08-13,2021-08-13 09:35:00-04:00,S,15080.0,15096.75,16.75,,2021-08-13 09:46:00-04:00,15097.0,SL,-36.0,-1.0746268656716418,15095.25,15070.75,15096.25,15055.25,167.10434319485879
552,2021-08-16,2021-08-16 09:35:00-04:00,L,15092.75,15076.5,16.25,,2021-08-16 09:47:00-04:00,15076.25,SL,-35.0,-1.0769230769230769,15103.0,15076.5,15123.0,15061.0,161.32903296665458
553,2021-08-17,2021-08-17 09:35:00-04:00,S,15008.5,15025.25,16.75,,2021-08-17 09:36:00-04:00,15025.5,SL,-36.0,-1.0746268656716418,15020.75,14971.5,15134.75,15014.25,165.6626734690364
554,2021-08-18,2021-08-18 09:35:00-04:00,L,14985.0,14964.25,20.75,,2021-08-18 11:36:00-04:00,14964.0,SL,-44.0,-1.0602409638554218,15008.75,14964.25,15028.25,14951.75,170.8117682212481
555,2021-08-19,2021-08-19 09:35:00-04:00,L,14815.25,14763.5,51.75,,2021-08-19 15:59:00-04:00,14928.5,time,224.5,2.1690821256038646,14825.25,14763.5,14874.75,14711.0,175.0752133483018
556,2021-08-20,2021-08-20 09:35:00-04:00,L,14988.75,14959.25,29.5,,2021-08-20 15:59:00-04:00,15083.0,time,186.5,3.1610169491525424,14996.0,14959.25,14988.0,14851.75,183.14126953770878
557,2021-08-23,2021-08-23 09:35:00-04:00,L,15149.5,15124.75,24.75,,2021-08-23 15:59:00-04:00,15306.25,time,311.5,6.292929292929293,15161.5,15124.75,15153.75,15087.5,187.79189314215816
558,2021-08-24,2021-08-24 09:35:00-04:00,S,15323.25,15353.5,30.25,,2021-08-24 10:08:00-04:00,15353.75,SL,-63.0,-1.0413223140495869,15353.5,15320.5,15384.0,15309.25,192.271043632004
559,2021-08-25,2021-08-25 09:35:00-04:00,L,15379.0,15360.5,18.5,,2021-08-25 10:07:00-04:00,15360.25,SL,-39.5,-1.0675675675675675,15385.75,15360.75,15390.25,15333.5,183.87668337257514
560,2021-08-26,2021-08-26 09:35:00-04:00,L,15353.25,15335.25,18.0,,2021-08-26 09:59:00-04:00,15335.0,SL,-38.5,-1.0694444444444444,15360.0,15335.25,15368.5,15295.5,175.3140631316769
561,2021-08-27,2021-08-27 09:35:00-04:00,L,15313.5,15296.0,17.5,,2021-08-27 09:39:00-04:00,15295.75,SL,-37.5,-1.0714285714285714,15332.25,15296.0,15337.0,15265.5,170.8630586222714
562,2021-08-30,2021-08-30 09:35:00-04:00,L,15484.5,15455.25,29.25,,2021-08-30 15:59:00-04:00,15599.0,time,227.0,3.8803418803418803,15493.25,15455.25,15459.75,15420.0,171.3906972921092
563,2021-08-31,2021-08-31 09:35:00-04:00,S,15553.5,15609.0,55.5,,2021-08-31 15:59:00-04:00,15584.5,time,-64.0,-0.5765765765765766,15609.0,15543.5,15677.25,15562.75,173.27350462838712
564,2021-09-01,2021-09-01 09:35:00-04:00,L,15658.5,15622.0,36.5,,2021-09-01 15:43:00-04:00,15621.75,SL,-75.5,-1.0342465753424657,15666.75,15622.0,15648.5,15577.75,172.55754001207376
565,2021-09-02,2021-09-02 09:35:00-04:00,L,15669.75,15652.75,17.0,,2021-09-02 09:37:00-04:00,15652.5,SL,-36.5,-1.0735294117647058,15680.5,15659.25,15668.75,15600.5,168.82128715406847
566,2021-09-03,2021-09-03 09:35:00-04:00,L,15564.25,15547.5,16.75,,2021-09-03 15:59:00-04:00,15652.25,time,174.0,5.1940298507462686,15610.0,15554.75,15677.5,15552.0,166.11976664306357
567,2021-09-06,2021-09-06 09:35:00-04:00,L,15688.75,15672.25,16.5,,2021-09-06 12:49:00-04:00,15699.5,early,19.5,0.5909090909090909,15690.75,15686.75,15708.75,15642.0,163.21835473998757
568,2021-09-07,2021-09-07 09:35:00-04:00,S,15632.75,15669.0,36.25,,2021-09-07 10:49:00-04:00,15669.25,SL,-75.0,-1.0344827586206897,15669.0,15630.0,15704.0,15621.5,156.3277579728456
569,2021-09-08,2021-09-08 09:35:00-04:00,S,15628.0,15667.0,39.0,,2021-09-08 15:59:00-04:00,15623.0,time,8.0,0.10256410256410256,15667.0,15627.5,15691.0,15605.0,152.09006097478522
570,2021-09-09,2021-09-09 09:35:00-04:00,L,15646.25,15621.75,24.5,,2021-09-09 11:26:00-04:00,15621.5,SL,-51.5,-1.0510204081632653,15649.0,15621.75,15635.5,15547.0,153.1907709051577
571,2021-09-10,2021-09-10 09:35:00-04:00,L,15662.0,15637.0,25.0,,2021-09-10 10:02:00-04:00,15636.75,SL,-52.5,-1.05,15667.5,15637.0,15641.5,15553.5,151.58785869764642
572,2021-09-13,2021-09-13 09:35:00-04:00,S,15529.75,15557.5,27.75,,2021-09-13 15:59:00-04:00,15431.25,time,195.0,3.5135135135135136,15557.5,15520.5,15543.75,15405.75,157.47444021924312
573,2021-09-14,2021-09-14 09:35:00-04:00,S,15490.25,15523.75,33.5,,2021-09-14 15:59:00-04:00,15383.0,time,212.5,3.171641791044776,15523.75,15481.75,15498.25,15391.25,161.52983734644002
574,2021-09-15,2021-09-15 09:35:00-04:00,S,15383.0,15433.25,50.25,,2021-09-15 12:55:00-04:00,15433.5,SL,-103.0,-1.0248756218905473,15433.25,15377.5,15433.0,15369.5,162.81342039312287
575,2021-09-16,2021-09-16 09:35:00-04:00,L,15463.75,15417.0,46.75,,2021-09-16 09:44:00-04:00,15416.75,SL,-96.0,-1.0267379679144386,15472.75,15417.0,15524.25,15433.0,165.93389036504269
576,2021-09-17,2021-09-17 09:35:00-04:00,S,15440.5,15484.75,44.25,,2021-09-17 15:59:00-04:00,15322.25,time,234.5,2.6497175141242937,15484.75,15436.5,15528.25,15458.75,166.51004105325393
577,2021-09-20,2021-09-20 09:35:00-04:00,L,15089.0,15035.25,53.75,,2021-09-20 10:18:00-04:00,15035.0,SL,-110.0,-1.0232558139534884,15142.5,15035.25,15338.0,15047.75,172.63432383516437
578,2021-09-21,2021-09-21 09:35:00-04:00,S,15053.0,15098.0,45.0,,2021-09-21 09:45:00-04:00,15098.25,SL,-92.5,-1.0277777777777777,15098.0,15028.0,15163.5,14981.5,198.19615784693835
579,2021-09-22,2021-09-22 09:35:00-04:00,S,15030.25,15071.5,41.25,,2021-09-22 09:56:00-04:00,15071.75,SL,-85.0,-1.0303030303030303,15071.5,15024.0,15104.25,14929.25,198.30714657215705
580,2021-09-23,2021-09-23 09:35:00-04:00,S,15193.25,15233.25,40.0,,2021-09-23 09:39:00-04:00,15233.5,SL,-82.5,-1.03125,15233.25,15189.0,15308.0,15174.5,205.4102075312887
581,2021-09-24,2021-09-24 09:35:00-04:00,L,15223.0,15189.75,33.25,,2021-09-24 15:59:00-04:00,15315.0,time,182.0,2.736842105263158,15224.75,15189.75,15333.0,15176.75,203.0416212790538
582,2021-09-27,2021-09-27 09:35:00-04:00,S,15152.5,15214.75,62.25,,2021-09-27 11:04:00-04:00,15215.0,SL,-127.0,-1.0200803212851406,15214.75,15148.0,15399.5,15154.5,199.77079118769282
583,2021-09-28,2021-09-28 09:35:00-04:00,S,14980.0,15031.25,51.25,,2021-09-28 15:59:00-04:00,14764.75,time,428.5,4.180487804878049,15031.25,14975.0,15192.25,14924.5,208.03716324571477
584,2021-09-29,2021-09-29 09:35:00-04:00,L,14832.5,14801.5,31.0,,2021-09-29 09:43:00-04:00,14801.25,SL,-64.5,-1.0403225806451613,14852.75,14801.5,14926.25,14757.0,225.42736587102084
585,2021-09-30,2021-09-30 09:35:00-04:00,L,14846.75,14806.75,40.0,,2021-09-30 10:07:00-04:00,14806.5,SL,-82.5,-1.03125,14864.5,14806.75,14884.0,14754.5,224.70041116594794
586,2021-10-01,2021-10-01 09:35:00-04:00,S,14679.5,14735.25,55.75,,2021-10-01 13:48:00-04:00,14735.5,SL,-114.0,-1.0224215246636772,14735.25,14668.0,14743.25,14552.25,223.93609608266596
587,2021-10-04,2021-10-04 09:35:00-04:00,S,14672.25,14720.0,47.75,,2021-10-04 15:59:00-04:00,14467.5,time,407.5,4.267015706806283,14720.0,14671.75,14835.75,14633.5,228.0120892196184
588,2021-10-05,2021-10-05 09:35:00-04:00,L,14529.5,14504.75,24.75,,2021-10-05 09:37:00-04:00,14504.5,SL,-52.0,-1.0505050505050506,14563.75,14505.0,14549.25,14410.0,245.1540828467885
589,2021-10-06,2021-10-06 09:35:00-04:00,L,14557.75,14511.25,46.5,,2021-10-06 10:01:00-04:00,14511.0,SL,-95.5,-1.0268817204301075,14563.25,14511.25,14674.75,14422.25,252.2502197863036
590,2021-10-07,2021-10-07 09:35:00-04:00,L,14933.0,14859.25,73.75,,2021-10-07 15:59:00-04:00,14886.0,time,-96.0,-0.6508474576271186,14935.0,14859.25,14952.0,14765.0,259.0716326587105
591,2021-10-08,2021-10-08 09:35:00-04:00,S,14868.5,14943.25,74.75,,2021-10-08 15:59:00-04:00,14811.75,time,111.5,0.745819397993311,14943.25,14868.25,14998.0,14835.5,257.4415160402312
592,2021-10-11,2021-10-11 09:35:00-04:00,L,14774.25,14721.5,52.75,,2021-10-11 15:51:00-04:00,14721.25,SL,-108.0,-1.0236966824644549,14787.5,14721.5,14828.75,14681.25,253.8385506087861
593,2021-10-12,2021-10-12 09:35:00-04:00,L,14765.5,14704.5,61.0,,2021-10-12 09:43:00-04:00,14704.25,SL,-124.5,-1.0204918032786885,14778.75,14704.5,14783.25,14587.0,251.4215112795871
594,2021-10-13,2021-10-13 09:35:00-04:00,L,14750.25,14717.75,32.5,,2021-10-13 09:50:00-04:00,14717.5,SL,-67.5,-1.0384615384615385,14768.0,14717.75,14755.0,14590.25,247.58783190247374
595,2021-10-14,2021-10-14 09:35:00-04:00,S,14899.0,14926.75,27.75,,2021-10-14 09:40:00-04:00,14927.0,SL,-58.0,-1.045045045045045,14926.75,14893.75,14948.5,14766.75,244.59941533801134
596,2021-10-15,2021-10-15 09:35:00-04:00,S,15052.5,15100.0,47.5,,2021-10-15 10:57:00-04:00,15100.25,SL,-97.5,-1.0263157894736843,15100.0,15049.25,15112.25,15020.75,248.89588567101055
597,2021-10-18,2021-10-18 09:35:00-04:00,S,15061.0,15092.5,31.5,,2021-10-18 09:41:00-04:00,15092.75,SL,-65.5,-1.0396825396825398,15092.5,15060.0,15166.75,15038.5,239.99260812308123
598,2021-10-19,2021-10-19 09:35:00-04:00,S,15314.25,15338.5,24.25,,2021-10-19 09:39:00-04:00,15338.75,SL,-51.0,-1.0515463917525774,15337.0,15305.0,15370.0,15269.5,241.52885040000402
599,2021-10-20,2021-10-20 09:35:00-04:00,S,15412.5,15436.25,23.75,,2021-10-20 09:50:00-04:00,15436.5,SL,-50.0,-1.0526315789473684,15429.5,15408.5,15421.5,15366.25,235.63393251428946
600,2021-10-21,2021-10-21 09:35:00-04:00,L,15352.0,15329.0,23.0,,2021-10-21 15:59:00-04:00,15475.0,time,244.0,5.304347826086956,15366.25,15334.25,15367.25,15300.75,227.91008019184022
601,2021-10-22,2021-10-22 09:35:00-04:00,L,15436.0,15404.5,31.5,,2021-10-22 09:48:00-04:00,15404.25,SL,-65.5,-1.0396825396825398,15437.5,15404.5,15459.5,15373.0,224.7022173209945
602,2021-10-25,2021-10-25 09:35:00-04:00,L,15424.25,15393.25,31.0,,2021-10-25 09:37:00-04:00,15393.0,SL,-64.5,-1.0403225806451613,15432.5,15393.25,15407.25,15296.5,222.22348751235202
603,2021-10-26,2021-10-26 09:35:00-04:00,L,15626.5,15580.25,46.25,,2021-10-26 12:00:00-04:00,15580.0,SL,-95.0,-1.027027027027027,15632.5,15580.25,15613.25,15523.75,224.15395269004117
604,2021-10-27,2021-10-27 09:35:00-04:00,L,15574.25,15552.0,22.25,,2021-10-27 15:59:00-04:00,15584.75,time,19.0,0.42696629213483145,15601.5,15565.75,15593.0,15507.25,222.30367035503824
605,2021-10-28,2021-10-28 09:35:00-04:00,S,15667.75,15690.0,22.25,,2021-10-28 09:46:00-04:00,15690.25,SL,-47.0,-1.0561797752808988,15687.25,15654.0,15689.0,15591.25,221.4248367582498
606,2021-10-29,2021-10-29 09:35:00-04:00,L,15643.0,15616.0,27.0,,2021-10-29 15:59:00-04:00,15839.5,time,391.0,7.2407407407407405,15653.5,15616.0,15692.5,15595.0,218.93020556123196
607,2021-11-01,2021-11-01 09:35:00-04:00,S,15837.25,15868.5,31.25,,2021-11-01 13:03:00-04:00,15868.75,SL,-65.0,-1.04,15868.5,15829.0,15914.75,15850.75,222.86376230685823
608,2021-11-02,2021-11-02 09:35:00-04:00,L,15876.75,15855.0,21.75,,2021-11-02 15:59:00-04:00,15961.75,time,168.0,3.8620689655172415,15889.5,15864.25,15896.75,15849.5,217.37349357065406
609,2021-11-03,2021-11-03 09:35:00-04:00,S,15968.25,15997.5,29.25,,2021-11-03 14:00:00-04:00,15997.75,SL,-61.0,-1.0427350427350428,15997.5,15951.75,15989.0,15937.5,211.1861011727502
610,2021-11-04,2021-11-04 09:35:00-04:00,S,16172.5,16193.75,21.25,,2021-11-04 09:43:00-04:00,16194.0,SL,-45.0,-1.0588235294117647,16182.5,16157.0,16215.75,16128.0,211.17280823183947
611,2021-11-05,2021-11-05 09:35:00-04:00,L,16415.75,16390.25,25.5,,2021-11-05 09:49:00-04:00,16390.0,SL,-53.5,-1.0490196078431373,16427.25,16390.25,16424.25,16302.25,213.98189335813666
612,2021-11-08,2021-11-08 09:35:00-05:00,L,16373.75,16332.25,41.5,,2021-11-08 09:53:00-05:00,16332.0,SL,-85.5,-1.0301204819277108,16376.5,16332.25,16374.5,16265.0,209.85818668969833
613,2021-11-09,2021-11-09 09:35:00-05:00,S,16364.5,16391.75,27.25,,2021-11-09 15:59:00-05:00,16217.5,time,292.0,5.3577981651376145,16391.75,16361.75,16388.0,16282.0,204.1004590690056
614,2021-11-10,2021-11-10 09:35:00-05:00,S,16064.25,16109.25,45.0,,2021-11-10 09:36:00-05:00,16109.5,SL,-92.5,-1.0277777777777777,16109.25,16041.5,16243.0,16080.25,206.07542627836236
615,2021-11-11,2021-11-11 09:35:00-05:00,S,16087.25,16110.5,23.25,,2021-11-11 15:59:00-05:00,16023.0,time,126.5,2.7204301075268815,16110.5,16074.75,16113.5,15976.0,216.0164672584793
616,2021-11-12,2021-11-12 09:35:00-05:00,S,16057.0,16078.25,21.25,,2021-11-12 10:46:00-05:00,16078.5,SL,-45.0,-1.0588235294117647,16078.0,16048.75,16093.75,16033.0,210.40814816858793
617,2021-11-15,2021-11-15 09:35:00-05:00,L,16242.75,16213.0,29.75,,2021-11-15 09:44:00-05:00,16212.75,SL,-62.0,-1.0420168067226891,16247.25,16213.0,16276.5,16206.0,210.50399472797451
618,2021-11-16,2021-11-16 09:35:00-05:00,L,16198.0,16149.0,49.0,,2021-11-16 15:59:00-05:00,16304.5,time,211.0,2.1530612244897958,16202.25,16149.0,16226.5,16142.5,209.30728081883348
619,2021-11-17,2021-11-17 09:35:00-05:00,S,16307.0,16327.75,20.75,,2021-11-17 10:39:00-05:00,16328.0,SL,-44.0,-1.0602409638554218,16322.5,16292.5,16332.25,16273.25,207.30318933177392
620,2021-11-18,2021-11-18 09:35:00-05:00,S,16361.75,16402.5,40.75,,2021-11-18 09:46:00-05:00,16402.75,SL,-84.0,-1.030674846625767,16402.5,16353.5,16410.25,16320.0,201.71010437950437
621,2021-11-19,2021-11-19 09:35:00-05:00,S,16529.75,16559.75,30.0,,2021-11-19 09:37:00-05:00,16560.0,SL,-62.5,-1.0416666666666667,16559.75,16516.25,16589.75,16490.0,201.96295406668264
622,2021-11-22,2021-11-22 09:35:00-05:00,L,16670.75,16638.25,32.5,,2021-11-22 11:12:00-05:00,16638.0,SL,-67.5,-1.0384615384615385,16682.0,16638.25,16662.0,16582.5,197.42988591906246
623,2021-11-23,2021-11-23 09:35:00-05:00,S,16287.75,16346.75,59.0,,2021-11-23 09:38:00-05:00,16347.0,SL,-120.5,-1.021186440677966,16346.75,16285.75,16414.75,16274.5,212.09560835341514
624,2021-11-24,2021-11-24 09:35:00-05:00,S,16148.25,16208.0,59.75,,2021-11-24 10:00:00-05:00,16208.25,SL,-122.0,-1.0209205020920502,16208.0,16137.0,16356.25,16172.5,218.3923506138855
625,2021-11-25,2021-11-25 09:35:00-05:00,S,16384.75,16407.0,22.25,,2021-11-25 09:46:00-05:00,16407.25,SL,-47.0,-1.0561797752808988,16391.0,16380.25,16435.75,16352.25,221.82861128432225
626,2021-11-26,2021-11-26 09:35:00-05:00,L,16296.25,16234.0,62.25,,2021-11-26 09:41:00-05:00,16233.75,SL,-127.0,-1.0200803212851406,16296.75,16234.0,16413.5,16122.5,211.94799619258495
627,2021-11-29,2021-11-29 09:35:00-05:00,S,16230.25,16281.0,50.75,,2021-11-29 09:52:00-05:00,16281.25,SL,-104.0,-1.0246305418719213,16281.0,16217.75,16258.0,16037.0,227.20171075025746
628,2021-11-30,2021-11-30 09:35:00-05:00,L,16362.0,16325.0,37.0,,2021-11-30 09:36:00-05:00,16324.75,SL,-76.5,-1.0337837837837838,16372.25,16325.0,16441.0,16238.0,239.59801712523907
629,2021-12-01,2021-12-01 09:35:00-05:00,S,16286.0,16354.0,68.0,,2021-12-01 10:01:00-05:00,16354.25,SL,-138.5,-1.0183823529411764,16354.0,16282.75,16403.75,16182.25,250.2160159020077
630,2021-12-02,2021-12-02 09:35:00-05:00,L,15841.5,15787.0,54.5,,2021-12-02 10:43:00-05:00,15786.75,SL,-111.5,-1.0229357798165137,15873.75,15787.0,15993.25,15791.0,275.28987190900716
631,2021-12-03,2021-12-03 09:35:00-05:00,L,16054.0,16011.5,42.5,,2021-12-03 09:35:00-05:00,16011.25,SL,-87.5,-1.0294117647058822,16090.75,16011.5,16121.75,15861.75,277.28702391550667
632,2021-12-06,2021-12-06 09:35:00-05:00,S,15626.5,15760.75,134.25,,2021-12-06 10:15:00-05:00,15761.0,SL,-271.0,-1.0093109869646182,15760.75,15625.0,15809.0,15591.75,299.1772364929705
633,2021-12-07,2021-12-07 09:35:00-05:00,L,16157.5,16119.0,38.5,,2021-12-07 15:59:00-05:00,16320.75,time,324.5,4.214285714285714,16161.5,16119.0,16167.25,15825.0,301.93243388632976
634,2021-12-08,2021-12-08 09:35:00-05:00,S,16296.25,16334.0,37.75,,2021-12-08 09:45:00-05:00,16334.25,SL,-78.0,-1.033112582781457,16334.0,16254.0,16436.0,16315.5,319.6515457515919
635,2021-12-09,2021-12-09 09:35:00-05:00,L,16389.75,16334.75,55.0,,2021-12-09 09:56:00-05:00,16334.5,SL,-112.5,-1.0227272727272727,16390.0,16334.75,16420.0,16303.0,309.9978639121925
636,2021-12-10,2021-12-10 09:35:00-05:00,L,16308.5,16255.25,53.25,,2021-12-10 09:43:00-05:00,16255.0,SL,-109.0,-1.0234741784037558,16317.75,16255.25,16309.75,16127.5,309.2658736327502
637,2021-12-13,2021-12-13 09:35:00-05:00,S,16286.75,16340.0,53.25,,2021-12-13 15:59:00-05:00,16087.25,time,397.0,3.727699530516432,16340.0,16282.0,16413.75,16321.0,302.06831123041087
638,2021-12-14,2021-12-14 09:35:00-05:00,L,15906.0,15856.25,49.75,,2021-12-14 10:16:00-05:00,15856.0,SL,-102.0,-1.0251256281407035,15933.25,15856.25,16133.0,15880.0,305.5098604282387
639,2021-12-15,2021-12-15 09:35:00-05:00,S,15871.5,15927.75,56.25,,2021-12-15 14:05:00-05:00,15928.0,SL,-115.0,-1.0222222222222221,15927.75,15866.0,15968.25,15848.5,312.1520132547931
640,2021-12-16,2021-12-16 09:35:00-05:00,S,16310.25,16343.25,33.0,,2021-12-16 15:59:00-05:00,15863.25,time,892.0,13.515151515151516,16332.75,16283.25,16457.0,16277.0,329.83758373659356
641,2021-12-17,2021-12-17 09:35:00-05:00,L,15767.5,15689.0,78.5,,2021-12-17 09:36:00-05:00,15688.75,SL,-159.5,-1.015923566878981,15791.75,15689.0,15897.25,15661.25,353.72418489826543
642,2021-12-20,2021-12-20 09:35:00-05:00,L,15579.25,15542.75,36.5,,2021-12-20 10:58:00-05:00,15542.5,SL,-75.5,-1.0342465753424657,15606.25,15542.75,15851.75,15503.5,350.29745740553216
643,2021-12-21,2021-12-21 09:35:00-05:00,S,15753.75,15798.75,45.0,,2021-12-21 11:55:00-05:00,15799.0,SL,-92.5,-1.0277777777777777,15798.75,15751.5,15827.25,15671.0,350.99049616227984
644,2021-12-22,2021-12-22 09:35:00-05:00,S,15948.25,15983.75,35.5,,2021-12-22 09:43:00-05:00,15984.0,SL,-73.5,-1.0352112676056338,15970.5,15933.75,15995.0,15882.25,353.1876035792598
645,2021-12-23,2021-12-23 09:35:00-05:00,L,16211.25,16176.25,35.0,,2021-12-23 15:59:00-05:00,16294.0,time,163.5,2.335714285714286,16218.25,16176.5,16220.75,16145.25,349.45991760931264
646,2021-12-27,2021-12-27 09:35:00-05:00,L,16415.25,16344.5,70.75,,2021-12-27 15:59:00-05:00,16560.0,time,287.5,2.0318021201413425,16415.5,16344.5,16385.0,16304.25,339.53420920864744
647,2021-12-28,2021-12-28 09:35:00-05:00,S,16571.25,16611.5,40.25,,2021-12-28 15:59:00-05:00,16494.75,time,151.0,1.875776397515528,16611.5,16557.5,16658.5,16533.25,335.15676569374403
648,2021-12-29,2021-12-29 09:35:00-05:00,L,16520.0,16487.25,32.75,,2021-12-29 09:46:00-05:00,16487.0,SL,-68.0,-1.0381679389312977,16545.25,16493.5,16564.0,16470.0,325.87771100133375
649,2021-12-30,2021-12-30 09:35:00-05:00,L,16508.5,16462.75,45.75,,2021-12-30 09:42:00-05:00,16462.5,SL,-94.0,-1.0273224043715847,16509.75,16462.75,16543.5,16441.75,315.19001735838134
650,2021-12-31,2021-12-31 09:35:00-05:00,L,16456.25,16406.0,50.25,,2021-12-31 09:47:00-05:00,16405.75,SL,-103.0,-1.0248756218905473,16459.75,16406.0,16446.0,16351.0,303.8371589756398
651,2022-01-03,2022-01-03 09:35:00-05:00,L,16438.5,16378.5,60.0,,2022-01-03 09:47:00-05:00,16378.25,SL,-122.5,-1.0208333333333333,16449.0,16378.5,16452.5,16355.0,292.90236190595124
652,2022-01-04,2022-01-04 09:35:00-05:00,S,16485.75,16514.5,28.75,,2022-01-04 15:59:00-05:00,16273.25,time,423.0,7.356521739130435,16512.25,16468.5,16564.0,16477.25,287.4271931983833
653,2022-01-05,2022-01-05 09:35:00-05:00,S,16114.75,16216.75,102.0,,2022-01-05 09:52:00-05:00,16217.0,SL,-206.5,-1.0122549019607843,16216.75,16113.5,16270.0,16171.75,297.2002508270702
654,2022-01-06,2022-01-06 09:35:00-05:00,L,15791.25,15672.0,119.25,,2022-01-06 10:03:00-05:00,15671.75,SL,-241.0,-1.0104821802935011,15797.0,15672.0,15813.0,15621.0,312.98951862513655
655,2022-01-07,2022-01-07 09:35:00-05:00,S,15707.0,15777.75,70.75,,2022-01-07 09:43:00-05:00,15778.0,SL,-144.0,-1.017667844522968,15777.75,15701.0,15853.25,15624.5,311.8652672947697
656,2022-01-10,2022-01-10 09:35:00-05:00,S,15324.25,15415.0,90.75,,2022-01-10 13:51:00-05:00,15415.25,SL,-184.0,-1.0137741046831956,15415.0,15311.0,15668.75,15355.75,314.0891767737147
657,2022-01-11,2022-01-11 09:35:00-05:00,S,15532.75,15578.0,45.25,,2022-01-11 09:36:00-05:00,15578.25,SL,-93.0,-1.0276243093922652,15578.0,15507.75,15736.5,15543.75,328.5292355755923
658,2022-01-12,2022-01-12 09:35:00-05:00,L,15984.5,15926.5,58.0,,2022-01-12 09:41:00-05:00,15926.25,SL,-118.5,-1.021551724137931,15992.5,15926.5,15979.5,15762.5,331.17000446305
659,2022-01-13,2022-01-13 09:35:00-05:00,S,15947.0,15979.75,32.75,,2022-01-13 15:59:00-05:00,15497.5,time,897.0,13.694656488549619,15967.5,15932.0,15961.75,15820.0,325.1578612871179
660,2022-01-14,2022-01-14 09:35:00-05:00,L,15427.25,15379.75,47.5,,2022-01-14 15:59:00-05:00,15592.5,time,328.5,3.457894736842105,15457.75,15379.75,15554.5,15312.25,339.1465854808952
661,2022-01-17,2022-01-17 09:35:00-05:00,S,15594.5,15628.25,33.75,,2022-01-17 12:49:00-05:00,15553.25,early,80.5,1.1925925925925926,15609.75,15587.0,15653.75,15507.5,336.9039722322599
662,2022-01-18,2022-01-18 09:35:00-05:00,S,15291.5,15372.0,80.5,,2022-01-18 09:43:00-05:00,15372.25,SL,-163.5,-1.015527950310559,15372.0,15290.5,15602.75,15270.0,323.28583135852705
663,2022-01-19,2022-01-19 09:35:00-05:00,S,15265.75,15315.5,49.75,,2022-01-19 09:37:00-05:00,15315.75,SL,-102.0,-1.0251256281407035,15315.5,15254.25,15322.5,15050.75,331.0511291186323
664,2022-01-20,2022-01-20 09:35:00-05:00,L,15200.25,15160.5,39.75,,2022-01-20 14:12:00-05:00,15160.25,SL,-82.0,-1.0314465408805031,15222.0,15160.5,15206.25,14993.25,333.2081913244443
665,2022-01-21,2022-01-21 09:35:00-05:00,L,14807.25,14706.5,100.75,,2022-01-21 09:41:00-05:00,14706.25,SL,-204.0,-1.0124069478908189,14818.75,14706.5,14816.5,14602.75,358.9611776584125
666,2022-01-24,2022-01-24 09:35:00-05:00,S,14189.25,14227.75,38.5,,2022-01-24 09:35:00-05:00,14228.0,SL,-79.5,-1.0324675324675325,14227.75,14142.0,14579.75,14105.5,365.4818078256688
667,2022-01-25,2022-01-25 09:35:00-05:00,L,14220.75,14180.5,40.25,,2022-01-25 09:45:00-05:00,14180.25,SL,-83.0,-1.031055900621118,14265.5,14184.0,14499.25,14130.25,401.76882155240673
668,2022-01-26,2022-01-26 09:35:00-05:00,S,14420.75,14499.75,79.0,,2022-01-26 10:03:00-05:00,14500.0,SL,-160.5,-1.0158227848101267,14499.75,14408.5,14506.5,13943.75,416.8389057272348
669,2022-01-27,2022-01-27 09:35:00-05:00,S,14277.0,14346.75,69.75,,2022-01-27 09:43:00-05:00,14347.0,SL,-142.0,-1.017921146953405,14346.75,14275.5,14338.25,13845.25,438.5468410324323
670,2022-01-28,2022-01-28 09:35:00-05:00,S,13972.5,14102.25,129.75,,2022-01-28 10:54:00-05:00,14102.5,SL,-262.0,-1.0096339113680155,14102.25,13968.0,14183.5,13830.75,447.54349524440147
671,2022-01-31,2022-01-31 09:35:00-05:00,L,14520.5,14416.25,104.25,,2022-01-31 15:59:00-05:00,14898.0,time,753.0,3.6115107913669067,14522.0,14416.25,14548.0,14353.5,459.2725312983728
672,2022-02-01,2022-02-01 09:35:00-05:00,S,14903.5,14952.0,48.5,,2022-02-01 15:30:00-05:00,14952.25,SL,-99.5,-1.0257731958762886,14952.0,14865.5,14966.25,14817.5,466.5387790627748
673,2022-02-02,2022-02-02 09:35:00-05:00,S,15125.5,15172.25,46.75,,2022-02-02 09:38:00-05:00,15172.5,SL,-96.0,-1.0267379679144386,15172.25,15092.0,15261.5,15103.75,462.41100912971945
674,2022-02-03,2022-02-03 09:35:00-05:00,L,14711.5,14665.25,46.25,,2022-02-03 11:59:00-05:00,14665.0,SL,-95.0,-1.027027027027027,14744.0,14677.25,14870.0,14675.0,460.5423656204538
675,2022-02-04,2022-02-04 09:35:00-05:00,S,14463.25,14565.5,102.25,,2022-02-04 09:43:00-05:00,14565.75,SL,-207.0,-1.0122249388753055,14565.5,14454.75,14825.75,14363.25,457.1821966475642
676,2022-02-07,2022-02-07 09:35:00-05:00,S,14678.75,14725.75,47.0,,2022-02-07 09:36:00-05:00,14726.0,SL,-96.5,-1.0265957446808511,14725.75,14670.25,14759.75,14600.0,457.5620397441667
677,2022-02-08,2022-02-08 09:35:00-05:00,S,14512.25,14563.75,51.5,,2022-02-08 09:37:00-05:00,14564.0,SL,-105.5,-1.0242718446601942,14563.75,14501.0,14622.25,14484.0,445.9683226195834
678,2022-02-09,2022-02-09 09:35:00-05:00,S,14907.25,14951.0,43.75,,2022-02-09 09:39:00-05:00,14951.25,SL,-90.0,-1.0285714285714285,14936.25,14888.5,14946.75,14740.0,436.1134424324703
679,2022-02-10,2022-02-10 09:35:00-05:00,L,14790.25,14735.25,55.0,,2022-02-10 13:38:00-05:00,14735.0,SL,-112.5,-1.0227272727272727,14793.0,14735.25,15061.5,14721.0,428.3910536872939
680,2022-02-11,2022-02-11 09:35:00-05:00,L,14716.25,14673.25,43.0,,2022-02-11 09:36:00-05:00,14673.0,SL,-88.5,-1.0290697674418605,14750.5,14697.75,14738.75,14527.5,429.1845498524872
681,2022-02-14,2022-02-14 09:35:00-05:00,L,14233.0,14182.25,50.75,,2022-02-14 13:53:00-05:00,14182.0,SL,-104.0,-1.0246305418719213,14262.25,14182.25,14296.5,14030.75,440.36779629159525
682,2022-02-15,2022-02-15 09:35:00-05:00,L,14502.5,14446.25,56.25,,2022-02-15 09:50:00-05:00,14446.0,SL,-115.0,-1.0222222222222221,14507.75,14446.25,14574.0,14223.25,434.859382270767
683,2022-02-16,2022-02-16 09:35:00-05:00,S,14492.0,14535.25,43.25,,2022-02-16 14:22:00-05:00,14535.5,SL,-89.0,-1.0289017341040463,14516.0,14469.5,14668.5,14496.5,431.78014067999794
684,2022-02-17,2022-02-17 09:35:00-05:00,L,14472.25,14430.0,42.25,,2022-02-17 09:46:00-05:00,14429.75,SL,-87.0,-1.029585798816568,14485.5,14448.75,14619.75,14442.25,421.4744163457124
685,2022-02-18,2022-02-18 09:35:00-05:00,S,14150.5,14218.25,67.75,,2022-02-18 09:55:00-05:00,14218.5,SL,-138.0,-1.018450184501845,14218.25,14149.25,14299.0,14128.5,426.10124374959014
686,2022-02-21,2022-02-21 09:35:00-05:00,L,13862.5,13820.0,42.5,,2022-02-21 09:44:00-05:00,13819.75,SL,-87.5,-1.0294117647058822,13884.0,13860.75,14157.0,13774.5,423.73686919604796
687,2022-02-22,2022-02-22 09:35:00-05:00,L,13888.75,13846.25,42.5,,2022-02-22 11:55:00-05:00,13846.0,SL,-87.5,-1.0294117647058822,13933.25,13870.0,13966.5,13592.25,424.84494996775885
688,2022-02-23,2022-02-23 09:35:00-05:00,L,14010.25,13967.0,43.25,,2022-02-23 09:35:00-05:00,13966.75,SL,-89.0,-1.0289017341040463,14026.0,13976.25,14069.0,13912.0,431.3917392557761
689,2022-02-24,2022-02-24 09:35:00-05:00,L,13189.0,13058.75,130.25,,2022-02-24 15:59:00-05:00,13966.25,time,1552.5,5.959692898272553,13215.5,13058.75,13517.75,13025.75,443.2744721660778
690,2022-02-25,2022-02-25 09:35:00-05:00,S,13990.5,14038.75,48.25,,2022-02-25 10:45:00-05:00,14039.0,SL,-99.0,-1.0259067357512954,14001.5,13919.25,14107.5,13759.25,480.02272415421515
691,2022-02-28,2022-02-28 09:35:00-05:00,L,14095.0,14033.25,61.75,,2022-02-28 09:41:00-05:00,14033.0,SL,-126.0,-1.0202429149797572,14107.5,14033.25,14069.5,13691.0,477.0746724289141
692,2022-03-01,2022-03-01 09:35:00-05:00,L,14217.0,14153.5,63.5,,2022-03-01 10:10:00-05:00,14153.25,SL,-129.5,-1.0196850393700787,14220.75,14153.5,14327.5,14070.25,485.9621958268488
693,2022-03-02,2022-03-02 09:35:00-05:00,S,14025.75,14088.5,62.75,,2022-03-02 09:43:00-05:00,14088.75,SL,-128.0,-1.0199203187250996,14088.5,14021.5,14144.5,13912.0,481.78632469635966
694,2022-03-03,2022-03-03 09:35:00-05:00,S,14318.5,14366.0,47.5,,2022-03-03 15:59:00-05:00,14035.5,time,564.0,5.936842105263158,14354.5,14301.75,14391.25,14158.25,474.60515864661966
695,2022-03-04,2022-03-04 09:35:00-05:00,L,13953.0,13905.75,47.25,,2022-03-04 09:41:00-05:00,13905.5,SL,-97.0,-1.0264550264550265,13982.75,13934.25,14086.0,13746.75,471.8655044575754
696,2022-03-07,2022-03-07 09:35:00-05:00,S,13813.0,13879.75,66.75,,2022-03-07 15:59:00-05:00,13320.75,time,982.5,7.359550561797753,13879.75,13808.75,13847.75,13527.0,463.33939699632003
697,2022-03-08,2022-03-08 09:35:00-05:00,S,13240.25,13315.0,74.75,,2022-03-08 09:35:00-05:00,13315.25,SL,-152.0,-1.0167224080267558,13315.0,13235.25,13422.5,13105.25,474.15444006801147
698,2022-03-09,2022-03-09 09:35:00-05:00,S,13558.25,13621.25,63.0,,2022-03-09 10:02:00-05:00,13621.5,SL,-128.5,-1.0198412698412698,13621.25,13548.5,13644.25,13192.0,480.3576943488678
699,2022-03-10,2022-03-10 09:35:00-05:00,S,13532.25,13581.5,49.25,,2022-03-10 09:57:00-05:00,13581.75,SL,-101.0,-1.0253807106598984,13579.0,13498.5,13780.0,13508.75,491.0821447525201
700,2022-03-11,2022-03-11 09:35:00-05:00,S,13673.75,13724.0,50.25,,2022-03-11 15:59:00-05:00,13300.75,time,744.0,7.402985074626866,13724.0,13663.0,13861.5,13454.75,483.41556298448296
701,2022-03-14,2022-03-14 09:35:00-04:00,S,13234.25,13291.25,57.0,,2022-03-14 09:43:00-04:00,13291.5,SL,-116.5,-1.0219298245614035,13291.25,13221.0,13446.5,13225.75,490.2787370570199
702,2022-03-15,2022-03-15 09:35:00-04:00,L,13181.5,13132.75,48.75,,2022-03-15 09:39:00-04:00,13132.5,SL,-100.0,-1.0256410256410255,13213.25,13155.0,13188.0,12943.0,486.2231129815185
703,2022-03-16,2022-03-16 09:35:00-04:00,L,13648.0,13598.75,49.25,,2022-03-16 14:09:00-04:00,13598.5,SL,-101.0,-1.0253807106598984,13658.0,13612.0,13720.25,13391.75,490.4928906256958
704,2022-03-17,2022-03-17 09:35:00-04:00,L,13876.5,13819.0,57.5,,2022-03-17 15:59:00-04:00,14118.5,time,482.0,4.191304347826087,13889.75,13819.0,14021.75,13832.5,500.7433984381461
705,2022-03-18,2022-03-18 09:35:00-04:00,S,14012.5,14064.75,52.25,,2022-03-18 09:36:00-04:00,14065.0,SL,-107.0,-1.0239234449760766,14064.75,13995.25,14073.0,13967.25,487.3688699782785
706,2022-03-21,2022-03-21 09:35:00-04:00,L,14403.75,14355.0,48.75,,2022-03-21 09:52:00-04:00,14354.75,SL,-100.0,-1.0256410256410255,14408.25,14358.75,14434.75,14307.5,486.4139506941157
707,2022-03-22,2022-03-22 09:35:00-04:00,L,14419.5,14372.25,47.25,,2022-03-22 15:59:00-04:00,14654.75,time,468.5,4.957671957671957,14433.25,14374.5,14448.25,14292.5,471.8843827873931
708,2022-03-23,2022-03-23 09:35:00-04:00,S,14506.0,14552.75,46.75,,2022-03-23 10:13:00-04:00,14553.0,SL,-96.0,-1.0267379679144386,14546.5,14492.75,14677.0,14519.75,466.71406973115074
709,2022-03-24,2022-03-24 09:35:00-04:00,S,14498.5,14543.75,45.25,,2022-03-24 09:42:00-04:00,14544.0,SL,-93.0,-1.0276243093922652,14528.75,14486.0,14572.0,14448.0,450.60949332178285
710,2022-03-25,2022-03-25 09:35:00-04:00,S,14743.5,14788.5,45.0,,2022-03-25 10:35:00-04:00,14788.75,SL,-92.5,-1.0277777777777777,14788.5,14742.75,14841.25,14693.5,442.47667237022694
711,2022-03-28,2022-03-28 09:35:00-04:00,L,14803.25,14750.0,53.25,,2022-03-28 11:36:00-04:00,14749.75,SL,-109.0,-1.0234741784037558,14814.75,14750.0,14812.25,14658.75,430.06762434378214
712,2022-03-29,2022-03-29 09:35:00-04:00,L,15204.75,15136.75,68.0,,2022-03-29 09:48:00-04:00,15136.5,SL,-138.5,-1.0183823529411764,15219.5,15136.75,15173.5,14956.25,423.47350831922626
713,2022-03-30,2022-03-30 09:35:00-04:00,L,15192.75,15151.0,41.75,,2022-03-30 09:38:00-04:00,15150.75,SL,-86.0,-1.029940119760479,15194.0,15165.0,15262.5,15127.5,415.5646862964244
714,2022-03-31,2022-03-31 09:35:00-04:00,S,15032.75,15090.0,57.25,,2022-03-31 10:57:00-04:00,15090.25,SL,-117.0,-1.0218340611353711,15090.0,15029.5,15181.0,15072.5,403.7743515609655
715,2022-04-01,2022-04-01 09:35:00-04:00,S,14885.0,14932.0,47.0,,2022-04-01 15:59:00-04:00,14861.25,time,45.5,0.48404255319148937,14932.0,14884.5,14959.25,14876.0,398.183326449468
716,2022-04-04,2022-04-04 09:35:00-04:00,L,14911.0,14872.25,38.75,,2022-04-04 15:59:00-04:00,15163.75,time,503.5,6.496774193548387,14921.75,14884.0,14939.0,14802.0,386.43808884593454
717,2022-04-05,2022-04-05 09:35:00-04:00,L,15109.0,15070.25,38.75,,2022-04-05 09:51:00-04:00,15070.0,SL,-80.0,-1.032258064516129,15135.5,15096.25,15199.25,15100.5,385.40679678551066
718,2022-04-06,2022-04-06 09:35:00-04:00,L,14602.5,14563.5,39.0,,2022-04-06 09:42:00-04:00,14563.25,SL,-80.5,-1.0320512820512822,14643.5,14591.75,14864.0,14581.0,387.82416844368845
719,2022-04-07,2022-04-07 09:35:00-04:00,L,14538.0,14459.5,78.5,,2022-04-07 10:40:00-04:00,14459.25,SL,-159.5,-1.015923566878981,14541.25,14459.5,14603.75,14433.5,393.5867278405679
720,2022-04-08,2022-04-08 09:35:00-04:00,S,14416.75,14476.75,60.0,,2022-04-08 11:01:00-04:00,14477.0,SL,-122.5,-1.0208333333333333,14476.75,14403.75,14642.5,14461.25,388.0269615662416
721,2022-04-11,2022-04-11 09:35:00-04:00,S,14124.75,14178.0,53.25,,2022-04-11 09:46:00-04:00,14178.25,SL,-109.0,-1.0234741784037558,14178.0,14116.0,14379.75,14128.0,384.0250357400815
722,2022-04-12,2022-04-12 09:35:00-04:00,S,14159.25,14202.25,43.0,,2022-04-12 09:47:00-04:00,14202.5,SL,-88.5,-1.0290697674418605,14202.25,14137.25,14284.0,13902.5,384.8268189015042
723,2022-04-13,2022-04-13 09:35:00-04:00,S,13949.0,13987.75,38.75,,2022-04-13 09:36:00-04:00,13988.0,SL,-80.0,-1.032258064516129,13967.0,13921.5,14100.0,13926.25,386.196331837111
724,2022-04-14,2022-04-14 09:35:00-04:00,L,14227.5,14189.0,38.5,,2022-04-14 09:36:00-04:00,14188.75,SL,-79.5,-1.0324675324675325,14232.0,14195.75,14296.0,14176.5,383.2715938487459
725,2022-04-18,2022-04-18 09:35:00-04:00,L,13912.0,13849.0,63.0,,2022-04-18 09:53:00-04:00,13848.75,SL,-128.5,-1.0198412698412698,13931.75,13849.0,13894.5,13729.25,385.8950514309783
726,2022-04-19,2022-04-19 09:35:00-04:00,L,13906.0,13853.0,53.0,,2022-04-19 09:39:00-04:00,13852.75,SL,-108.5,-1.0235849056603774,13924.75,13853.0,14019.5,13828.0,377.8311191859084
727,2022-04-20,2022-04-20 09:35:00-04:00,S,14215.0,14269.75,54.75,,2022-04-20 15:59:00-04:00,14003.75,time,420.5,3.8401826484018264,14269.75,14206.25,14298.0,14044.25,380.3253249583435
728,2022-04-21,2022-04-21 09:35:00-04:00,L,14259.25,14163.5,95.75,,2022-04-21 10:07:00-04:00,14163.25,SL,-194.0,-1.0130548302872062,14266.25,14163.5,14193.75,14054.5,377.427087461319
729,2022-04-22,2022-04-22 09:35:00-04:00,L,13749.5,13706.0,43.5,,2022-04-22 09:35:00-04:00,13705.75,SL,-89.5,-1.028735632183908,13777.5,13706.0,13779.0,13612.25,394.45015264265334
730,2022-04-25,2022-04-25 09:35:00-04:00,L,13297.5,13257.25,40.25,,2022-04-25 09:45:00-04:00,13257.0,SL,-83.0,-1.031055900621118,13321.0,13261.75,13360.0,13183.75,400.79299888246385
731,2022-04-26,2022-04-26 09:35:00-04:00,S,13373.75,13450.75,77.0,,2022-04-26 15:59:00-04:00,13010.0,time,725.5,4.711038961038961,13450.75,13367.0,13584.5,13427.25,398.3256418194307
732,2022-04-27,2022-04-27 09:35:00-04:00,L,13095.75,13009.25,86.5,,2022-04-27 10:14:00-04:00,13009.0,SL,-175.5,-1.0144508670520231,13117.75,13009.25,13184.0,12860.0,425.69523883232847
733,2022-04-28,2022-04-28 09:35:00-04:00,L,13215.25,13172.5,42.75,,2022-04-28 09:40:00-04:00,13172.25,SL,-88.0,-1.0292397660818713,13280.5,13196.25,13347.25,13133.0,426.8420074871621
734,2022-04-29,2022-04-29 09:35:00-04:00,L,13335.5,13226.0,109.5,,2022-04-29 10:28:00-04:00,13225.75,SL,-221.5,-1.0114155251141552,13353.25,13226.0,13420.75,13117.0,432.6925783809362
735,2022-05-02,2022-05-02 09:35:00-04:00,S,12819.5,12890.0,70.5,,2022-05-02 09:42:00-04:00,12890.25,SL,-143.5,-1.0177304964539007,12890.0,12808.0,12980.25,12768.75,444.7681084965836
736,2022-05-03,2022-05-03 09:35:00-04:00,S,13058.0,13102.0,44.0,,2022-05-03 09:59:00-04:00,13102.25,SL,-90.5,-1.0284090909090908,13080.5,13003.0,13171.5,13002.5,439.784672175399
737,2022-05-04,2022-05-04 09:35:00-04:00,S,13072.75,13115.25,42.5,,2022-05-04 13:01:00-04:00,13115.5,SL,-87.5,-1.0294117647058822,13114.25,13064.5,13154.5,13080.75,423.80005273429913
738,2022-05-05,2022-05-05 09:35:00-04:00,S,13299.0,13346.5,47.5,,2022-05-05 15:59:00-04:00,12860.0,time,876.0,9.221052631578948,13346.5,13272.0,13547.75,13332.75,441.6179061104206
739,2022-05-06,2022-05-06 09:35:00-04:00,S,12683.75,12792.5,108.75,,2022-05-06 10:18:00-04:00,12792.75,SL,-220.0,-1.0114942528735633,12792.5,12682.5,12894.5,12707.75,470.34162710253344
740,2022-05-09,2022-05-09 09:35:00-04:00,L,12474.25,12419.25,55.0,,2022-05-09 10:00:00-04:00,12419.0,SL,-112.5,-1.0227272727272727,12502.0,12419.25,12636.75,12342.75,466.0315108809239
741,2022-05-10,2022-05-10 09:35:00-04:00,S,12477.25,12547.25,70.0,,2022-05-10 15:59:00-04:00,12343.25,time,266.0,1.9,12547.25,12473.5,12518.5,12101.75,470.74354581800077
742,2022-05-11,2022-05-11 09:35:00-04:00,S,12200.25,12321.0,120.75,,2022-05-11 09:44:00-04:00,12321.25,SL,-244.0,-1.010351966873706,12321.0,12180.75,12553.75,12100.25,468.9404354024293
743,2022-05-12,2022-05-12 09:35:00-04:00,S,11739.5,11874.75,135.25,,2022-05-12 09:47:00-04:00,11875.0,SL,-273.0,-1.009242144177449,11874.75,11735.75,12072.25,11756.75,479.39111858797
744,2022-05-13,2022-05-13 09:35:00-04:00,S,12091.75,12165.0,73.25,,2022-05-13 09:41:00-04:00,12165.25,SL,-149.0,-1.0170648464163823,12165.0,12090.5,12208.0,11890.0,476.8274672602579
745,2022-05-16,2022-05-16 09:35:00-04:00,S,12277.25,12334.75,57.5,,2022-05-16 09:40:00-04:00,12335.0,SL,-117.5,-1.0217391304347827,12334.75,12257.25,12499.0,12230.75,482.6076481702395
746,2022-05-17,2022-05-17 09:35:00-04:00,L,12504.75,12457.0,47.75,,2022-05-17 09:48:00-04:00,12456.75,SL,-98.0,-1.0261780104712042,12518.5,12457.0,12544.0,12230.0,470.2249590152224
747,2022-05-18,2022-05-18 09:35:00-04:00,L,12376.0,12329.75,46.25,,2022-05-18 09:41:00-04:00,12329.5,SL,-95.0,-1.027027027027027,12397.0,12350.25,12593.5,12357.5,461.5481762284208
748,2022-05-19,2022-05-19 09:35:00-04:00,L,11919.25,11864.5,54.75,,2022-05-19 09:45:00-04:00,11864.25,SL,-112.0,-1.0228310502283104,11938.5,11864.5,11953.0,11704.25,480.74116364067646
749,2022-05-20,2022-05-20 09:35:00-04:00,S,11999.25,12053.25,54.0,,2022-05-20 15:59:00-04:00,11834.75,time,327.0,3.0277777777777777,12053.25,11990.25,12096.5,11883.0,473.02750909491385
750,2022-05-23,2022-05-23 09:35:00-04:00,L,11887.0,11838.75,48.25,,2022-05-23 09:37:00-04:00,11838.5,SL,-99.0,-1.0259067357512954,11903.25,11846.25,12045.75,11857.0,482.47197273099147
751,2022-05-24,2022-05-24 09:35:00-04:00,S,11795.0,11847.75,52.75,,2022-05-24 15:59:00-04:00,11782.25,time,23.5,0.22274881516587677,11847.75,11784.25,11936.0,11753.75,468.8489746787778
752,2022-05-25,2022-05-25 09:35:00-04:00,L,11780.75,11708.0,72.75,,2022-05-25 15:59:00-04:00,11949.5,time,335.5,2.3058419243986252,11795.75,11708.0,11892.0,11671.0,469.5383336302936
753,2022-05-26,2022-05-26 09:35:00-04:00,L,11981.25,11899.0,82.25,,2022-05-26 15:59:00-04:00,12274.0,time,583.5,3.547112462006079,11984.5,11899.0,12020.5,11848.5,461.87488122812977
754,2022-05-27,2022-05-27 09:35:00-04:00,L,12446.25,12399.75,46.5,,2022-05-27 15:59:00-04:00,12681.0,time,467.5,5.026881720430108,12470.5,12401.75,12437.0,12222.0,464.2409611404062
755,2022-05-30,2022-05-30 09:35:00-04:00,L,12764.5,12717.75,46.75,,2022-05-30 12:49:00-04:00,12815.0,early,99.0,1.0588235294117647,12774.75,12755.5,12882.5,12673.0,466.9201782018058
756,2022-05-31,2022-05-31 09:35:00-04:00,S,12580.25,12688.75,108.5,,2022-05-31 11:51:00-04:00,12689.0,SL,-219.5,-1.0115207373271888,12688.75,12580.0,12825.5,12595.0,448.5330226159626
757,2022-06-01,2022-06-01 09:35:00-04:00,L,12788.75,12731.0,57.75,,2022-06-01 10:06:00-04:00,12730.75,SL,-118.0,-1.0216450216450217,12798.5,12731.0,12742.25,12581.75,441.1735210005367
758,2022-06-02,2022-06-02 09:35:00-04:00,L,12508.75,12442.25,66.5,,2022-06-02 15:59:00-04:00,12893.5,time,767.5,5.7706766917293235,12523.25,12442.25,12655.5,12487.25,435.9825552147841
759,2022-06-03,2022-06-03 09:35:00-04:00,L,12707.0,12642.25,64.75,,2022-06-03 09:37:00-04:00,12642.0,SL,-132.0,-1.0193050193050193,12716.75,12642.25,12945.0,12670.25,437.8052298422995
760,2022-06-06,2022-06-06 09:35:00-04:00,L,12742.25,12698.25,44.0,,2022-06-06 09:39:00-04:00,12698.0,SL,-90.5,-1.0284090909090908,12785.25,12736.5,12766.0,12527.0,438.10485628213524
761,2022-06-07,2022-06-07 09:35:00-04:00,L,12481.75,12412.0,69.75,,2022-06-07 15:59:00-04:00,12710.75,time,456.0,3.2688172043010755,12484.25,12412.0,12614.5,12425.75,427.0616522619827
762,2022-06-08,2022-06-08 09:35:00-04:00,S,12662.25,12704.5,42.25,,2022-06-08 09:39:00-04:00,12704.75,SL,-87.0,-1.029585798816568,12688.0,12627.5,12722.5,12624.25,420.0215342432697
763,2022-06-09,2022-06-09 09:35:00-04:00,L,12587.5,12519.5,68.0,,2022-06-09 09:41:00-04:00,12519.25,SL,-138.5,-1.0183823529411764,12598.5,12519.5,12726.0,12528.0,404.627138940179
764,2022-06-10,2022-06-10 09:35:00-04:00,S,11983.25,12090.0,106.75,,2022-06-10 15:59:00-04:00,11837.5,time,289.5,1.3559718969555035,12090.0,11975.75,12339.5,12000.0,409.3323433015948
765,2022-06-13,2022-06-13 09:35:00-04:00,L,11528.0,11463.75,64.25,,2022-06-13 10:10:00-04:00,11463.5,SL,-131.0,-1.0194552529182879,11553.5,11463.75,11803.75,11434.0,417.00503306576655
766,2022-06-14,2022-06-14 09:35:00-04:00,S,11362.75,11412.75,50.0,,2022-06-14 13:22:00-04:00,11413.0,SL,-102.5,-1.025,11412.75,11355.5,11505.25,11315.0,430.5939592753547
767,2022-06-15,2022-06-15 09:35:00-04:00,L,11495.0,11452.75,42.25,,2022-06-15 14:04:00-04:00,11452.5,SL,-87.0,-1.029585798816568,11519.0,11466.5,11516.5,11325.5,421.3015336128293
768,2022-06-16,2022-06-16 09:35:00-04:00,S,11285.5,11350.0,64.5,,2022-06-16 15:59:00-04:00,11166.25,time,236.5,1.8333333333333333,11350.0,11276.5,11774.0,11268.0,424.6907097833415
769,2022-06-17,2022-06-17 09:35:00-04:00,L,11266.5,11184.75,81.75,,2022-06-17 10:22:00-04:00,11184.5,SL,-166.0,-1.0152905198776758,11281.5,11184.75,11321.75,11161.5,444.7306590845314
770,2022-06-20,2022-06-20 09:35:00-04:00,S,11361.25,11404.75,43.5,,2022-06-20 11:49:00-04:00,11405.0,SL,-89.5,-1.028735632183908,11376.0,11339.75,11437.5,11274.0,432.678469149922
771,2022-06-21,2022-06-21 09:35:00-04:00,L,11527.5,11475.75,51.75,,2022-06-21 15:59:00-04:00,11579.0,time,101.0,0.9758454106280193,11529.0,11475.75,11546.75,11398.5,413.4514356392133
772,2022-06-22,2022-06-22 09:35:00-04:00,L,11502.5,11446.5,56.0,,2022-06-22 15:59:00-04:00,11558.25,time,109.5,0.9776785714285714,11527.0,11446.5,11580.5,11320.5,403.91919023641236
773,2022-06-23,2022-06-23 09:35:00-04:00,S,11626.75,11683.75,57.0,,2022-06-23 10:06:00-04:00,11684.0,SL,-116.5,-1.0219298245614035,11683.75,11619.0,11706.5,11460.5,405.4963909338115
774,2022-06-24,2022-06-24 09:35:00-04:00,L,11904.5,11838.5,66.0,,2022-06-24 15:59:00-04:00,12147.0,time,483.0,3.659090909090909,11907.0,11838.5,11875.0,11684.25,398.4430772956821
775,2022-06-27,2022-06-27 09:35:00-04:00,S,12114.5,12213.5,99.0,,2022-06-27 15:59:00-04:00,12045.25,time,136.5,0.6893939393939394,12213.5,12113.75,12262.75,12072.0,403.17928606027624
776,2022-06-28,2022-06-28 09:35:00-04:00,L,12145.5,12047.25,98.25,,2022-06-28 10:05:00-04:00,12047.0,SL,-199.0,-1.0127226463104326,12170.75,12047.25,12158.5,11970.0,393.5593370559708
777,2022-06-29,2022-06-29 09:35:00-04:00,S,11591.0,11690.5,99.5,,2022-06-29 09:51:00-04:00,11690.75,SL,-201.5,-1.0125628140703518,11690.5,11579.5,11723.5,11616.0,402.0729558376871
778,2022-06-30,2022-06-30 09:35:00-04:00,S,11523.25,11588.0,64.75,,2022-06-30 11:26:00-04:00,11588.25,SL,-132.0,-1.0193050193050193,11588.0,11504.0,11697.0,11461.5,386.56774470642375
779,2022-07-01,2022-07-01 09:35:00-04:00,S,11465.75,11535.5,69.75,,2022-07-01 09:46:00-04:00,11535.75,SL,-142.0,-1.017921146953405,11535.5,11457.25,11556.25,11381.75,383.68790579882204
780,2022-07-04,2022-07-04 09:35:00-04:00,S,11560.25,11597.75,37.5,,2022-07-04 12:49:00-04:00,11557.25,early,4.0,0.05333333333333334,11571.0,11558.75,11648.75,11501.0,373.9959125274776
781,2022-07-05,2022-07-05 09:35:00-04:00,S,11412.25,11466.0,53.75,,2022-07-05 09:47:00-04:00,11466.25,SL,-110.0,-1.0232558139534884,11466.0,11388.75,11748.75,11431.75,357.8354902040864
782,2022-07-06,2022-07-06 09:35:00-04:00,L,11845.0,11803.25,41.75,,2022-07-06 09:36:00-04:00,11803.0,SL,-86.0,-1.029940119760479,11883.75,11803.25,11874.0,11728.25,362.86509804665167
783,2022-07-07,2022-07-07 09:35:00-04:00,L,11990.5,11918.25,72.25,,2022-07-07 15:59:00-04:00,12136.0,time,289.0,2.0,11993.5,11918.25,11963.5,11837.25,354.4997339004623
784,2022-07-08,2022-07-08 09:35:00-04:00,L,12036.5,11987.75,48.75,,2022-07-08 09:51:00-04:00,11987.5,SL,-100.0,-1.0256410256410255,12047.75,11987.75,12130.5,11952.75,352.856895764715
785,2022-07-11,2022-07-11 09:35:00-04:00,S,12011.0,12062.5,51.5,,2022-07-11 15:59:00-04:00,11891.0,time,238.0,2.3106796116504853,12062.5,12010.0,12155.0,11996.5,346.09926035294967
786,2022-07-12,2022-07-12 09:35:00-04:00,L,11951.25,11916.75,34.5,,2022-07-12 09:49:00-04:00,11916.5,SL,-71.5,-1.036231884057971,11984.75,11928.5,11953.25,11759.25,343.39574175631043
787,2022-07-13,2022-07-13 09:35:00-04:00,L,11579.0,11522.5,56.5,,2022-07-13 15:59:00-04:00,11755.5,time,351.0,3.106194690265487,11619.5,11522.5,11998.0,11478.0,341.2603316308597
788,2022-07-14,2022-07-14 09:35:00-04:00,S,11595.5,11684.25,88.75,,2022-07-14 11:41:00-04:00,11684.5,SL,-180.0,-1.0140845070422535,11684.25,11584.5,11765.25,11601.25,354.027450800084
789,2022-07-15,2022-07-15 09:35:00-04:00,L,11954.75,11919.5,35.25,,2022-07-15 09:42:00-04:00,11919.25,SL,-73.0,-1.0354609929078014,11977.5,11922.5,11932.5,11741.0,351.8647757429352
790,2022-07-18,2022-07-18 09:35:00-04:00,L,12137.75,12090.0,47.75,,2022-07-18 13:33:00-04:00,12089.75,SL,-98.0,-1.0261780104712042,12158.0,12090.0,12180.5,12028.5,346.7851489041541
791,2022-07-19,2022-07-19 09:35:00-04:00,S,12042.5,12080.75,38.25,,2022-07-19 10:27:00-04:00,12081.0,SL,-79.0,-1.0326797385620916,12080.75,12041.25,12064.0,11889.5,345.51478112528594
792,2022-07-20,2022-07-20 09:35:00-04:00,L,12295.5,12256.0,39.5,,2022-07-20 15:59:00-04:00,12465.75,time,338.5,4.284810126582278,12303.75,12256.0,12405.0,12236.0,352.2101539020513
793,2022-07-21,2022-07-21 09:35:00-04:00,S,12444.5,12513.25,68.75,,2022-07-21 09:54:00-04:00,12513.5,SL,-140.0,-1.018181818181818,12513.25,12443.5,12560.25,12395.25,347.1594286233333
794,2022-07-22,2022-07-22 09:35:00-04:00,S,12589.25,12623.75,34.5,,2022-07-22 09:37:00-04:00,12624.0,SL,-71.5,-1.036231884057971,12613.75,12573.5,12619.25,12523.0,342.50518372166664
795,2022-07-25,2022-07-25 09:35:00-04:00,S,12415.25,12449.75,34.5,,2022-07-25 15:59:00-04:00,12355.5,time,117.5,1.7028985507246377,12444.25,12408.0,12498.75,12385.0,343.219099170119
796,2022-07-26,2022-07-26 09:35:00-04:00,S,12232.25,12291.25,59.0,,2022-07-26 15:59:00-04:00,12110.75,time,241.0,2.042372881355932,12291.25,12227.75,12334.0,12250.75,335.2927349436819
797,2022-07-27,2022-07-27 09:35:00-04:00,S,12290.25,12326.75,36.5,,2022-07-27 09:37:00-04:00,12327.0,SL,-75.5,-1.0342465753424657,12326.75,12276.25,12331.25,12190.25,330.2003967334189
798,2022-07-28,2022-07-28 09:35:00-04:00,L,12618.75,12584.5,34.25,,2022-07-28 09:39:00-04:00,12584.25,SL,-71.0,-1.0364963503649636,12654.25,12592.0,12626.0,12479.75,342.3110826810319
799,2022-07-29,2022-07-29 09:35:00-04:00,S,12774.0,12821.25,47.25,,2022-07-29 09:40:00-04:00,12821.5,SL,-97.0,-1.0264550264550265,12821.25,12772.5,12939.5,12791.0,353.4852910609582
800,2022-08-01,2022-08-01 09:35:00-04:00,S,12882.75,12917.5,34.75,,2022-08-01 09:36:00-04:00,12917.75,SL,-72.0,-1.0359712230215827,12910.25,12851.25,12997.75,12878.75,347.3970559851755
801,2022-08-02,2022-08-02 09:35:00-04:00,L,12906.25,12853.0,53.25,,2022-08-02 10:09:00-04:00,12852.75,SL,-109.0,-1.0234741784037558,12917.25,12853.0,12976.5,12816.25,340.9579805576629
802,2022-08-03,2022-08-03 09:35:00-04:00,L,13040.5,12989.25,51.25,,2022-08-03 15:59:00-04:00,13271.5,time,460.0,4.487804878048781,13058.25,12989.25,13016.5,12867.25,336.6574105178298
803,2022-08-04,2022-08-04 09:35:00-04:00,L,13283.5,13245.0,38.5,,2022-08-04 10:17:00-04:00,13244.75,SL,-79.5,-1.0324675324675325,13291.5,13245.0,13356.0,13227.75,344.2711669094134
804,2022-08-05,2022-08-05 09:35:00-04:00,L,13180.5,13114.25,66.25,,2022-08-05 11:26:00-04:00,13114.0,SL,-135.0,-1.0188679245283019,13184.25,13114.25,13385.0,13107.5,331.93036927302677
805,2022-08-08,2022-08-08 09:35:00-04:00,L,13308.25,13231.75,76.5,,2022-08-08 11:42:00-04:00,13231.5,SL,-155.5,-1.0163398692810457,13320.25,13231.75,13349.0,13168.0,329.61391432495344
806,2022-08-09,2022-08-09 09:35:00-04:00,S,13043.5,13112.25,68.75,,2022-08-09 15:59:00-04:00,13032.5,time,20.0,0.14545454545454545,13112.25,13037.25,13233.5,13076.5,327.4272061588853
807,2022-08-10,2022-08-10 09:35:00-04:00,S,13303.25,13355.0,51.75,,2022-08-10 11:01:00-04:00,13355.25,SL,-106.0,-1.0241545893719808,13355.0,13297.0,13373.5,12981.75,323.34312000467924
808,2022-08-11,2022-08-11 09:35:00-04:00,S,13459.5,13504.0,44.5,,2022-08-11 09:42:00-04:00,13504.25,SL,-91.5,-1.0280898876404494,13504.0,13456.0,13510.5,13370.0,330.69361143291644
809,2022-08-12,2022-08-12 09:35:00-04:00,S,13386.5,13419.5,33.0,,2022-08-12 09:40:00-04:00,13419.75,SL,-68.5,-1.0378787878787878,13416.25,13370.75,13417.5,13312.25,327.8583534734224
810,2022-08-15,2022-08-15 09:35:00-04:00,L,13599.75,13534.75,65.0,,2022-08-15 15:59:00-04:00,13685.0,time,168.5,1.2961538461538462,13601.25,13534.75,13577.0,13495.75,323.77918536817793
811,2022-08-16,2022-08-16 09:35:00-04:00,S,13640.25,13672.0,31.75,,2022-08-16 11:54:00-04:00,13672.25,SL,-66.0,-1.0393700787401574,13659.75,13626.75,13688.0,13626.5,315.65210069902236
812,2022-08-17,2022-08-17 09:35:00-04:00,L,13520.25,13489.25,31.0,,2022-08-17 09:41:00-04:00,13489.0,SL,-64.5,-1.0403225806451613,13542.0,13512.25,13673.25,13500.0,308.659093506235
813,2022-08-18,2022-08-18 09:35:00-04:00,S,13445.0,13498.0,53.0,,2022-08-18 09:45:00-04:00,13498.25,SL,-108.5,-1.0235849056603774,13498.0,13438.75,13557.75,13411.25,305.6834439700754
814,2022-08-19,2022-08-19 09:35:00-04:00,S,13395.5,13425.25,29.75,,2022-08-19 15:59:00-04:00,13263.5,time,262.0,4.4033613445378155,13425.25,13388.0,13535.0,13358.0,295.58105511507
815,2022-08-22,2022-08-22 09:35:00-04:00,S,13037.5,13092.0,54.5,,2022-08-22 15:59:00-04:00,12916.25,time,240.5,2.206422018348624,13092.0,13035.5,13229.0,13046.25,296.7716940354221
816,2022-08-23,2022-08-23 09:35:00-04:00,L,12934.75,12893.25,41.5,,2022-08-23 09:43:00-04:00,12893.0,SL,-85.5,-1.0301204819277108,12943.5,12893.25,12965.75,12823.5,302.3058587471777
817,2022-08-24,2022-08-24 09:35:00-04:00,S,12857.0,12907.0,50.0,,2022-08-24 09:51:00-04:00,12907.25,SL,-102.5,-1.025,12907.0,12857.0,12938.0,12825.75,294.67686883666505
818,2022-08-25,2022-08-25 09:35:00-04:00,S,12973.75,13014.25,40.5,,2022-08-25 09:55:00-04:00,13014.5,SL,-83.5,-1.0308641975308641,13014.25,12973.25,13085.75,12925.0,286.93209249118894
819,2022-08-26,2022-08-26 09:35:00-04:00,L,13155.75,13116.25,39.5,,2022-08-26 09:43:00-04:00,13116.0,SL,-81.5,-1.0316455696202531,13157.5,13116.25,13220.0,13068.5,283.3298001703897
820,2022-08-29,2022-08-29 09:35:00-04:00,L,12568.0,12479.0,89.0,,2022-08-29 10:52:00-04:00,12478.75,SL,-180.5,-1.0140449438202248,12568.5,12479.0,12533.75,12401.5,310.57410015821904
821,2022-08-30,2022-08-30 09:35:00-04:00,S,12562.5,12593.0,30.5,,2022-08-30 15:59:00-04:00,12354.0,time,415.0,6.80327868852459,12587.25,12538.75,12659.0,12483.5,303.2830930040605
822,2022-08-31,2022-08-31 09:35:00-04:00,S,12411.75,12477.5,65.75,,2022-08-31 09:44:00-04:00,12477.75,SL,-134.0,-1.0190114068441065,12477.5,12410.5,12498.25,12347.5,311.0128720751991
823,2022-09-01,2022-09-01 09:35:00-04:00,S,12150.5,12192.5,42.0,,2022-09-01 09:40:00-04:00,12192.75,SL,-86.5,-1.0297619047619047,12192.5,12140.25,12293.5,12113.0,305.70838121268486
824,2022-09-02,2022-09-02 09:35:00-04:00,S,12320.25,12415.5,95.25,,2022-09-02 10:30:00-04:00,12415.75,SL,-193.0,-1.0131233595800524,12415.5,12318.25,12421.0,12240.5,304.40778255463596
825,2022-09-05,2022-09-05 09:35:00-04:00,S,12107.75,12139.25,31.5,,2022-09-05 09:38:00-04:00,12139.5,SL,-65.5,-1.0396825396825398,12114.75,12104.75,12149.25,12053.75,312.77151237216196
826,2022-09-06,2022-09-06 09:35:00-04:00,S,12105.25,12169.0,63.75,,2022-09-06 15:59:00-04:00,12021.75,time,165.0,1.2941176470588236,12169.0,12098.0,12244.75,12112.5,298.5378329170075
827,2022-09-07,2022-09-07 09:35:00-04:00,L,12081.0,12035.75,45.25,,2022-09-07 10:15:00-04:00,12035.5,SL,-93.0,-1.0276243093922652,12083.5,12035.75,12077.75,11922.25,299.695844851507
828,2022-09-08,2022-09-08 09:35:00-04:00,S,12128.5,12177.5,49.0,,2022-09-08 09:41:00-04:00,12177.75,SL,-100.5,-1.0255102040816326,12177.5,12118.5,12332.75,12152.5,305.7175702192565
829,2022-09-09,2022-09-09 09:35:00-04:00,L,12467.25,12415.75,51.5,,2022-09-09 15:59:00-04:00,12590.0,time,243.5,2.3640776699029127,12469.5,12415.75,12481.75,12329.25,302.63060091788105
830,2022-09-12,2022-09-12 09:35:00-04:00,L,12677.75,12641.0,36.75,,2022-09-12 12:10:00-04:00,12640.75,SL,-76.0,-1.034013605442177,12684.0,12641.0,12697.0,12573.25,301.37127228088957
831,2022-09-13,2022-09-13 09:35:00-04:00,L,12385.5,12356.0,29.5,,2022-09-13 09:35:00-04:00,12355.75,SL,-61.5,-1.0423728813559323,12426.25,12361.75,12889.0,12347.25,294.1840385465403
832,2022-09-14,2022-09-14 09:35:00-04:00,S,12103.25,12180.0,76.75,,2022-09-14 09:44:00-04:00,12180.25,SL,-156.0,-1.01628664495114,12180.0,12100.5,12219.75,12029.0,336.4744643646446
833,2022-09-15,2022-09-15 09:35:00-04:00,L,12144.5,12110.5,34.0,,2022-09-15 10:29:00-04:00,12110.25,SL,-70.5,-1.036764705882353,12150.25,12110.5,12267.75,12126.0,328.42271691002713
834,2022-09-16,2022-09-16 09:35:00-04:00,S,11825.75,11871.5,45.75,,2022-09-16 10:13:00-04:00,11871.75,SL,-94.0,-1.0273224043715847,11871.5,11805.5,11966.0,11825.25,328.5532371307395
835,2022-09-19,2022-09-19 09:35:00-04:00,L,11878.75,11815.5,63.25,,2022-09-19 15:59:00-04:00,12027.0,time,294.5,2.3280632411067192,11883.0,11815.5,11950.5,11792.25,319.01372019282957
836,2022-09-20,2022-09-20 09:35:00-04:00,L,11939.75,11908.0,31.75,,2022-09-20 09:38:00-04:00,11907.75,SL,-66.0,-1.0393700787401574,11947.25,11910.0,12092.5,11911.75,315.8163116076275
837,2022-09-21,2022-09-21 09:35:00-04:00,S,11940.5,11977.0,36.5,,2022-09-21 09:47:00-04:00,11977.25,SL,-75.5,-1.0342465753424657,11977.0,11940.25,11989.25,11862.5,312.11514649279695
838,2022-09-22,2022-09-22 09:35:00-04:00,L,11652.5,11620.0,32.5,,2022-09-22 09:41:00-04:00,11619.75,SL,-67.5,-1.0384615384615385,11682.25,11632.25,11795.75,11550.25,324.96406460045426
839,2022-09-23,2022-09-23 09:35:00-04:00,L,11465.25,11426.75,38.5,,2022-09-23 09:37:00-04:00,11426.5,SL,-79.5,-1.0324675324675325,11471.25,11426.75,11600.0,11378.25,322.1630599861361
840,2022-09-26,2022-09-26 09:35:00-04:00,L,11420.0,11342.5,77.5,,2022-09-26 12:25:00-04:00,11342.25,SL,-157.5,-1.0161290322580645,11433.0,11342.5,11422.25,11256.5,325.66926998712637
841,2022-09-27,2022-09-27 09:35:00-04:00,L,11530.0,11461.0,69.0,,2022-09-27 10:00:00-04:00,11460.75,SL,-140.5,-1.0181159420289856,11532.25,11461.0,11524.5,11297.75,322.4964649880459
842,2022-09-28,2022-09-28 09:35:00-04:00,S,11281.75,11340.0,58.25,,2022-09-28 09:44:00-04:00,11340.25,SL,-119.0,-1.0214592274678111,11340.0,11266.0,11393.0,11141.75,323.3538603460426
843,2022-09-29,2022-09-29 09:35:00-04:00,S,11371.5,11405.0,33.5,,2022-09-29 15:59:00-04:00,11231.25,time,278.5,4.156716417910448,11401.75,11363.0,11566.25,11333.5,333.882156035611
844,2022-09-30,2022-09-30 09:35:00-04:00,L,11229.25,11173.25,56.0,,2022-09-30 09:37:00-04:00,11173.0,SL,-114.5,-1.0223214285714286,11245.5,11173.25,11350.25,11163.0,343.9441448902102
845,2022-10-03,2022-10-03 09:35:00-04:00,S,11081.25,11127.5,46.25,,2022-10-03 09:47:00-04:00,11127.75,SL,-95.0,-1.027027027027027,11127.5,11061.25,11135.75,10890.5,343.12670596948095
846,2022-10-04,2022-10-04 09:35:00-04:00,L,11555.0,11514.25,40.75,,2022-10-04 15:59:00-04:00,11643.5,time,175.0,2.147239263803681,11562.5,11514.25,11552.75,11282.75,351.9926555430894
847,2022-10-05,2022-10-05 09:35:00-04:00,L,11528.0,11478.5,49.5,,2022-10-05 09:40:00-04:00,11478.25,SL,-101.5,-1.0252525252525253,11539.0,11478.5,11645.5,11477.0,354.9574658614402
848,2022-10-06,2022-10-06 09:35:00-04:00,L,11651.75,11589.25,62.5,,2022-10-06 10:01:00-04:00,11589.0,SL,-127.5,-1.02,11657.0,11589.25,11730.0,11523.5,354.1033611570516
849,2022-10-07,2022-10-07 09:35:00-04:00,S,11329.25,11363.75,34.5,,2022-10-07 15:59:00-04:00,11099.25,time,458.0,6.63768115942029,11348.25,11296.25,11577.0,11300.25,344.8459782172622
850,2022-10-10,2022-10-10 09:35:00-04:00,S,11063.5,11125.75,62.25,,2022-10-10 15:59:00-04:00,10981.0,time,163.0,1.3092369477911647,11125.75,11052.0,11136.5,10985.5,358.3391226303149
851,2022-10-11,2022-10-11 09:35:00-04:00,S,10895.5,10944.5,49.0,,2022-10-11 11:36:00-04:00,10944.75,SL,-100.5,-1.0255102040816326,10944.5,10892.75,11031.5,10853.5,351.2970424424352
852,2022-10-12,2022-10-12 09:35:00-04:00,S,10831.25,10874.25,43.0,,2022-10-12 09:35:00-04:00,10874.5,SL,-88.5,-1.0290697674418605,10874.25,10805.75,10976.75,10836.0,345.6686822679755
853,2022-10-13,2022-10-13 09:35:00-04:00,L,10540.75,10484.5,56.25,,2022-10-13 15:59:00-04:00,11081.5,time,1079.5,9.595555555555556,10541.5,10484.5,11035.0,10498.0,333.19234782026297
854,2022-10-14,2022-10-14 09:35:00-04:00,S,11126.0,11207.75,81.75,,2022-10-14 15:59:00-04:00,10747.75,time,754.5,4.614678899082569,11207.75,11105.0,11253.75,10988.0,356.37503726167273
855,2022-10-17,2022-10-17 09:35:00-04:00,L,11039.0,10999.0,40.0,,2022-10-17 15:59:00-04:00,11110.5,time,141.0,1.7625,11055.0,10999.0,11005.0,10705.0,368.5625346001247
856,2022-10-18,2022-10-18 09:35:00-04:00,S,11376.75,11431.75,55.0,,2022-10-18 15:59:00-04:00,11203.25,time,345.0,3.1363636363636362,11431.75,11376.5,11409.5,11159.25,373.9509249858301
857,2022-10-19,2022-10-19 09:35:00-04:00,L,11190.75,11118.5,72.25,,2022-10-19 09:42:00-04:00,11118.25,SL,-147.0,-1.0173010380622838,11192.75,11118.5,11382.5,11104.75,372.2580017725565
858,2022-10-20,2022-10-20 09:35:00-04:00,L,11143.5,11102.75,40.75,,2022-10-20 09:36:00-04:00,11102.5,SL,-84.0,-1.030674846625767,11161.25,11102.75,11219.25,11008.0,369.40028736023106
859,2022-10-21,2022-10-21 09:35:00-04:00,S,11030.0,11085.25,55.25,,2022-10-21 09:44:00-04:00,11085.5,SL,-113.0,-1.0226244343891402,11085.25,10994.75,11102.0,10937.0,365.94312397735746
860,2022-10-24,2022-10-24 09:35:00-04:00,S,11320.5,11372.5,52.0,,2022-10-24 09:37:00-04:00,11372.75,SL,-106.5,-1.0240384615384615,11372.5,11300.25,11530.75,11260.75,371.8936151218319
861,2022-10-25,2022-10-25 09:35:00-04:00,L,11553.5,11514.75,38.75,,2022-10-25 15:59:00-04:00,11712.75,time,316.5,4.083870967741936,11571.75,11514.75,11526.5,11430.5,368.40121404170105
862,2022-10-26,2022-10-26 09:35:00-04:00,L,11479.0,11433.0,46.0,,2022-10-26 15:59:00-04:00,11453.0,time,-54.0,-0.5869565217391305,11493.5,11433.0,11568.75,11436.75,363.67612732443666
863,2022-10-27,2022-10-27 09:35:00-04:00,L,11435.75,11399.75,36.0,,2022-10-27 09:36:00-04:00,11399.5,SL,-74.5,-1.0347222222222223,11464.5,11400.25,11537.75,11345.0,358.4135468012626
864,2022-10-28,2022-10-28 09:35:00-04:00,L,11286.0,11206.25,79.75,,2022-10-28 15:59:00-04:00,11584.0,time,594.0,3.7241379310344827,11306.5,11206.25,11223.75,11062.0,376.6161506011725
865,2022-10-31,2022-10-31 09:35:00-04:00,S,11485.5,11524.75,39.25,,2022-10-31 15:59:00-04:00,11448.5,time,72.0,0.9171974522292994,11522.75,11453.5,11600.0,11484.25,390.0721398439459
866,2022-11-01,2022-11-01 09:35:00-04:00,L,11598.25,11560.0,38.25,,2022-11-01 09:45:00-04:00,11559.75,SL,-79.0,-1.0326797385620916,11619.0,11576.25,11614.25,11446.5,380.7634155693783
867,2022-11-02,2022-11-02 09:35:00-04:00,S,11287.25,11340.75,53.5,,2022-11-02 14:00:00-04:00,11341.0,SL,-109.5,-1.0233644859813085,11340.75,11271.25,11390.25,11295.5,377.15531445727987
868,2022-11-03,2022-11-03 09:35:00-04:00,S,10827.75,10866.75,39.0,,2022-11-03 10:47:00-04:00,10867.0,SL,-80.5,-1.0320512820512822,10848.25,10791.0,10995.75,10797.0,389.60850628175984
869,2022-11-04,2022-11-04 09:35:00-04:00,S,10864.25,10963.75,99.5,,2022-11-04 10:41:00-04:00,10964.0,SL,-201.5,-1.0125628140703518,10963.75,10863.25,10939.25,10636.0,382.3328986902056
870,2022-11-07,2022-11-07 09:35:00-05:00,S,10910.5,10969.0,58.5,,2022-11-07 14:14:00-05:00,10969.25,SL,-119.5,-1.0213675213675213,10969.0,10894.0,10972.25,10775.75,379.18412021233377
871,2022-11-08,2022-11-08 09:35:00-05:00,S,11046.5,11083.75,37.25,,2022-11-08 09:54:00-05:00,11084.0,SL,-77.0,-1.0335570469798658,11083.0,11031.25,11104.75,10954.75,370.8673973400242
872,2022-11-09,2022-11-09 09:35:00-05:00,S,10984.25,11021.0,36.75,,2022-11-09 09:45:00-05:00,11021.25,SL,-76.0,-1.034013605442177,11018.75,10969.0,11164.75,11005.5,366.03758324430817
873,2022-11-10,2022-11-10 09:35:00-05:00,S,11338.5,11394.5,56.0,,2022-11-10 09:51:00-05:00,11394.75,SL,-114.5,-1.0223214285714286,11394.5,11331.0,11362.75,10809.0,364.3741844411433
874,2022-11-11,2022-11-11 09:35:00-05:00,S,11587.5,11644.75,57.25,,2022-11-11 09:45:00-05:00,11645.0,SL,-117.0,-1.0218340611353711,11644.75,11584.0,11777.25,11614.25,400.3474569810616
875,2022-11-14,2022-11-14 09:35:00-05:00,S,11743.5,11785.5,42.0,,2022-11-14 10:07:00-05:00,11785.75,SL,-86.5,-1.0297619047619047,11785.5,11738.25,11825.5,11745.5,393.69763862527145
876,2022-11-15,2022-11-15 09:35:00-05:00,S,12020.0,12063.0,43.0,,2022-11-15 15:59:00-05:00,11906.5,time,225.0,2.616279069767442,12063.0,12017.75,12118.5,11761.5,379.6120930091806
877,2022-11-16,2022-11-16 09:35:00-05:00,L,11831.75,11793.75,38.0,,2022-11-16 09:46:00-05:00,11793.5,SL,-78.5,-1.0328947368421053,11836.75,11794.5,11962.25,11813.5,377.99694350852485
878,2022-11-17,2022-11-17 09:35:00-05:00,L,11581.75,11543.5,38.25,,2022-11-17 15:59:00-05:00,11711.75,time,258.0,3.372549019607843,11587.5,11543.5,11828.25,11528.0,369.3007332579159
879,2022-11-18,2022-11-18 09:35:00-05:00,S,11770.25,11842.75,72.5,,2022-11-18 15:59:00-05:00,11708.0,time,122.5,0.8448275862068966,11842.75,11762.0,11844.0,11672.0,364.36853802520767
880,2022-11-21,2022-11-21 09:35:00-05:00,S,11639.25,11694.25,55.0,,2022-11-21 09:51:00-05:00,11694.5,SL,-112.5,-1.0227272727272727,11694.25,11632.0,11755.25,11595.25,355.3064995948357
881,2022-11-22,2022-11-22 09:35:00-05:00,S,11593.0,11628.75,35.75,,2022-11-22 10:47:00-05:00,11629.0,SL,-74.0,-1.034965034965035,11628.75,11588.0,11641.75,11525.5,344.3560353380617
882,2022-11-23,2022-11-23 09:35:00-05:00,L,11769.0,11735.25,33.75,,2022-11-23 15:59:00-05:00,11868.0,time,196.0,2.903703703703704,11776.25,11744.75,11793.25,11720.25,336.4556042424859
883,2022-11-24,2022-11-24 09:35:00-05:00,L,11914.75,11882.25,32.5,,2022-11-24 12:49:00-05:00,11921.75,early,12.0,0.18461538461538463,11918.75,11912.25,11932.75,11872.0,324.7444896537369
884,2022-11-25,2022-11-25 09:35:00-05:00,S,11770.0,11805.75,35.75,,2022-11-25 09:37:00-05:00,11806.0,SL,-74.0,-1.034965034965035,11805.75,11766.25,11923.75,11790.0,305.8877403927557
885,2022-11-28,2022-11-28 09:35:00-05:00,L,11748.25,11693.75,54.5,,2022-11-28 10:25:00-05:00,11693.5,SL,-111.5,-1.0229357798165137,11754.25,11693.75,11748.0,11642.75,295.28861607898745
886,2022-11-29,2022-11-29 09:35:00-05:00,S,11619.5,11648.5,29.0,,2022-11-29 15:59:00-05:00,11523.5,time,190.0,3.2758620689655173,11628.0,11598.0,11704.25,11611.5,289.44657207334546
887,2022-11-30,2022-11-30 09:35:00-05:00,L,11566.5,11518.75,47.75,,2022-11-30 11:04:00-05:00,11518.5,SL,-98.0,-1.0261780104712042,11569.25,11518.75,11597.5,11497.75,285.8611026395351
888,2022-12-01,2022-12-01 09:35:00-05:00,L,12076.75,12031.5,45.25,,2022-12-01 10:12:00-05:00,12031.25,SL,-93.0,-1.0276243093922652,12080.75,12031.5,12133.0,11992.5,306.87102387956827
889,2022-12-02,2022-12-02 09:35:00-05:00,L,11902.25,11844.25,58.0,,2022-12-02 09:54:00-05:00,11844.0,SL,-118.5,-1.021551724137931,11915.75,11844.25,12068.0,11740.25,299.3088078881705
890,2022-12-05,2022-12-05 09:35:00-05:00,L,11944.5,11911.5,33.0,,2022-12-05 10:00:00-05:00,11911.25,SL,-68.5,-1.0378787878787878,11947.5,11911.5,12015.0,11918.5,301.34032161044405
891,2022-12-06,2022-12-06 09:35:00-05:00,S,11770.5,11805.75,35.25,,2022-12-06 15:59:00-05:00,11562.75,time,413.5,5.865248226950355,11805.75,11768.75,11846.0,11781.25,299.0838700668409
892,2022-12-07,2022-12-07 09:35:00-05:00,L,11555.0,11495.5,59.5,,2022-12-07 09:47:00-05:00,11495.25,SL,-121.5,-1.0210084033613445,11558.0,11495.5,11596.0,11423.25,302.29216506206654
893,2022-12-08,2022-12-08 09:35:00-05:00,S,11516.75,11572.75,56.0,,2022-12-08 09:56:00-05:00,11573.0,SL,-114.5,-1.0223214285714286,11572.75,11514.25,11598.25,11434.25,293.03915327191896
894,2022-12-09,2022-12-09 09:35:00-05:00,S,11592.5,11621.75,29.25,,2022-12-09 09:36:00-05:00,11622.0,SL,-61.0,-1.0427350427350428,11618.5,11550.0,11748.0,11516.5,290.0542137524962
895,2022-12-12,2022-12-12 09:35:00-05:00,L,11579.5,11550.75,28.75,,2022-12-12 09:38:00-05:00,11550.5,SL,-60.0,-1.0434782608695652,11598.0,11569.25,11616.5,11523.0,285.87176991303215
896,2022-12-13,2022-12-13 09:35:00-05:00,S,12095.75,12175.75,80.0,,2022-12-13 09:48:00-05:00,12176.0,SL,-162.5,-1.015625,12175.75,12094.75,12228.25,11675.5,279.327357776387
897,2022-12-14,2022-12-14 09:35:00-05:00,L,11988.0,11930.0,58.0,,2022-12-14 14:00:00-05:00,11929.75,SL,-118.5,-1.021551724137931,11988.0,11930.0,12013.75,11831.5,298.85754650664506
898,2022-12-15,2022-12-15 09:35:00-05:00,S,11642.0,11715.5,73.5,,2022-12-15 15:59:00-05:00,11460.75,time,360.5,2.4523809523809526,11715.5,11630.75,11898.25,11644.25,301.8498646133133
899,2022-12-16,2022-12-16 09:35:00-05:00,L,11438.25,11406.5,31.75,,2022-12-16 09:40:00-05:00,11406.25,SL,-66.0,-1.0393700787401574,11457.75,11407.0,11487.5,11312.0,315.5927314266481
900,2022-12-19,2022-12-19 09:35:00-05:00,S,11296.0,11359.25,63.25,,2022-12-19 15:59:00-05:00,11188.25,time,213.5,1.6877470355731226,11359.25,11287.5,11411.0,11322.25,308.47896489617324
901,2022-12-20,2022-12-20 09:35:00-05:00,S,11129.5,11160.25,30.75,,2022-12-20 09:57:00-05:00,11160.5,SL,-64.0,-1.0406504065040652,11151.5,11105.75,11227.75,11042.75,306.4090388321609
902,2022-12-21,2022-12-21 09:35:00-05:00,S,11186.75,11230.25,43.5,,2022-12-21 09:39:00-05:00,11230.5,SL,-89.5,-1.028735632183908,11230.25,11183.5,11263.25,11186.75,299.1298217727208
903,2022-12-22,2022-12-22 09:35:00-05:00,S,11142.5,11208.0,65.5,,2022-12-22 15:59:00-05:00,11055.5,time,172.0,1.3129770992366412,11208.0,11137.0,11384.25,11187.5,292.6741202175264
904,2022-12-23,2022-12-23 09:35:00-05:00,S,10988.75,11050.75,62.0,,2022-12-23 10:25:00-05:00,11051.0,SL,-126.5,-1.0201612903225807,11050.75,10980.0,11143.25,10979.25,308.46525448770313
905,2022-12-27,2022-12-27 09:35:00-05:00,S,11018.5,11056.0,37.5,,2022-12-27 15:59:00-05:00,10919.0,time,197.0,2.6266666666666665,11056.0,11011.25,11184.0,11040.25,302.6820220242958
906,2022-12-28,2022-12-28 09:35:00-05:00,L,10976.0,10861.5,114.5,,2022-12-28 10:55:00-05:00,10861.25,SL,-231.5,-1.0109170305676856,10977.0,10861.5,10954.25,10891.5,301.6511633082747
907,2022-12-29,2022-12-29 09:35:00-05:00,L,10895.75,10856.5,39.25,,2022-12-29 15:59:00-05:00,11032.0,time,270.5,3.445859872611465,10913.5,10856.5,10904.0,10777.5,297.122508786255
908,2022-12-30,2022-12-30 09:35:00-05:00,L,10939.5,10884.5,55.0,,2022-12-30 09:48:00-05:00,10884.25,SL,-112.5,-1.0227272727272727,10947.75,10884.5,11036.25,10904.0,296.8994724443797
