sig_time,entry_time,exit_time,side,entry,exit,stop,risk_pts,pnl,R,reason,parts,tag
2019-06-21 10:34:00-04:00,2019-06-21 10:34:00-04:00,2019-06-21 10:40:00-04:00,L,7768.25,7769.75,7733.5,34.75,1.0,0.014388489208633094,TP,1,L
2019-06-25 10:39:00-04:00,2019-06-25 10:39:00-04:00,2019-06-25 10:50:00-04:00,S,7692.25,7687.75,7769.5,77.25,7.0,0.045307443365695796,TP,1,S
2019-06-26 13:29:00-04:00,2019-06-26 13:29:00-04:00,2019-06-26 14:43:00-04:00,S,7664.0,7648.5,7736.25,72.25,29.0,0.20069204152249134,TP,1,S
2019-06-27 11:24:00-04:00,2019-06-27 11:24:00-04:00,2019-06-27 11:30:00-04:00,S,7667.75,7664.5,7706.25,38.5,4.5,0.05844155844155844,TP,1,S
2019-07-01 10:34:00-04:00,2019-07-01 10:34:00-04:00,2019-07-01 12:25:00-04:00,S,7799.0,7786.25,7856.75,57.75,23.5,0.20346320346320346,TP,1,S
2019-07-02 10:34:00-04:00,2019-07-02 10:34:00-04:00,2019-07-02 15:12:00-04:00,L,7804.0,7808.25,7768.75,35.25,6.5,0.09219858156028368,TP,1,L
2019-07-03 10:34:00-04:00,2019-07-03 10:34:00-04:00,2019-07-03 11:01:00-04:00,L,7859.75,7869.75,7826.0,33.75,18.0,0.26666666666666666,TP,1,L
2019-07-04 10:54:00-04:00,2019-07-04 10:54:00-04:00,2019-07-04 10:55:00-04:00,L,7902.75,7902.75,7892.0,10.75,-2.0,-0.09302325581395349,TP,1,L
2019-07-05 10:34:00-04:00,2019-07-05 10:34:00-04:00,2019-07-05 12:43:00-04:00,S,7801.75,7849.25,7849.0,47.25,-97.0,-1.0264550264550265,SL,1,S
2019-07-09 10:34:00-04:00,2019-07-09 10:34:00-04:00,2019-07-09 12:06:00-04:00,L,7818.75,7835.75,7749.5,69.25,32.0,0.23104693140794225,TP,1,L
2019-07-10 11:19:00-04:00,2019-07-10 11:19:00-04:00,2019-07-10 15:59:00-04:00,S,7884.5,7928.0,7972.25,87.75,-89.0,-0.5071225071225072,time,1,S
2019-07-11 10:34:00-04:00,2019-07-11 10:34:00-04:00,2019-07-11 10:35:00-04:00,S,7923.25,7923.25,7952.5,29.25,-2.0,-0.03418803418803419,TP,1,S
2019-07-12 10:44:00-04:00,2019-07-12 10:44:00-04:00,2019-07-12 12:06:00-04:00,S,7921.5,7955.0,7954.75,33.25,-69.0,-1.037593984962406,SL,1,S
2019-07-16 11:19:00-04:00,2019-07-16 11:19:00-04:00,2019-07-16 11:26:00-04:00,S,7966.0,7963.75,7993.25,27.25,2.5,0.045871559633027525,TP,1,S
2019-07-17 10:44:00-04:00,2019-07-17 10:44:00-04:00,2019-07-17 10:45:00-04:00,S,7929.5,7930.0,7970.5,41.0,-3.0,-0.036585365853658534,TP,1,S
2019-07-18 11:24:00-04:00,2019-07-18 11:24:00-04:00,2019-07-18 11:32:00-04:00,S,7856.75,7855.5,7917.25,60.5,0.5,0.004132231404958678,TP,1,S
2019-07-19 10:49:00-04:00,2019-07-19 10:49:00-04:00,2019-07-19 11:40:00-04:00,S,7921.0,7912.75,7995.25,74.25,14.5,0.09764309764309764,TP,1,S
2019-07-22 14:59:00-04:00,2019-07-22 14:59:00-04:00,2019-07-22 15:03:00-04:00,L,7920.0,7932.75,7859.0,61.0,23.5,0.19262295081967212,TP,1,L
2019-07-24 10:34:00-04:00,2019-07-24 10:34:00-04:00,2019-07-24 10:39:00-04:00,L,7985.25,7995.25,7921.5,63.75,18.0,0.1411764705882353,TP,1,L
2019-07-25 12:44:00-04:00,2019-07-25 12:44:00-04:00,2019-07-25 15:59:00-04:00,S,7938.0,7946.75,8021.5,83.5,-19.5,-0.11676646706586827,time,1,S
2019-07-26 14:59:00-04:00,2019-07-26 14:59:00-04:00,2019-07-26 15:59:00-04:00,L,8036.0,8028.0,7982.0,54.0,-18.0,-0.16666666666666666,time,1,L
2019-07-30 14:04:00-04:00,2019-07-30 14:04:00-04:00,2019-07-30 14:05:00-04:00,L,7994.0,7993.75,7923.5,70.5,-2.5,-0.01773049645390071,TP,1,L
2019-07-31 13:54:00-04:00,2019-07-31 13:54:00-04:00,2019-07-31 13:56:00-04:00,S,7966.25,7963.75,7999.5,33.25,3.0,0.045112781954887216,TP,1,S
2019-08-01 10:44:00-04:00,2019-08-01 10:44:00-04:00,2019-08-01 14:10:00-04:00,L,7978.0,7822.25,7822.5,155.5,-313.5,-1.0080385852090032,SL,1,L
2019-08-02 10:34:00-04:00,2019-08-02 10:34:00-04:00,2019-08-02 10:41:00-04:00,S,7670.75,7657.75,7796.0,125.25,24.0,0.09580838323353294,TP,1,S
2019-08-05 10:39:00-04:00,2019-08-05 10:39:00-04:00,2019-08-05 10:46:00-04:00,S,7472.5,7462.75,7565.25,92.75,17.5,0.09433962264150944,TP,1,S
2019-08-06 11:14:00-04:00,2019-08-06 11:14:00-04:00,2019-08-06 11:37:00-04:00,S,7459.25,7440.75,7553.0,93.75,35.0,0.18666666666666668,TP,1,S
2019-08-07 10:39:00-04:00,2019-08-07 10:39:00-04:00,2019-08-07 10:40:00-04:00,L,7515.0,7514.5,7371.0,144.0,-3.0,-0.010416666666666666,TP,1,L
2019-08-08 10:34:00-04:00,2019-08-08 10:34:00-04:00,2019-08-08 10:53:00-04:00,L,7645.25,7660.5,7568.75,76.5,28.5,0.18627450980392157,TP,1,L
2019-08-09 10:34:00-04:00,2019-08-09 10:34:00-04:00,2019-08-09 11:29:00-04:00,S,7627.75,7612.5,7748.25,120.5,28.5,0.11825726141078838,TP,1,S
2019-08-12 11:14:00-04:00,2019-08-12 11:14:00-04:00,2019-08-12 14:22:00-04:00,S,7580.5,7572.5,7641.25,60.75,14.0,0.11522633744855967,TP,1,S
2019-08-14 10:39:00-04:00,2019-08-14 10:39:00-04:00,2019-08-14 11:00:00-04:00,S,7577.75,7557.75,7658.25,80.5,38.0,0.2360248447204969,TP,1,S
2019-08-15 13:54:00-04:00,2019-08-15 13:54:00-04:00,2019-08-15 13:55:00-04:00,S,7444.0,7444.5,7536.5,92.5,-3.0,-0.016216216216216217,TP,1,S
2019-08-16 10:49:00-04:00,2019-08-16 10:49:00-04:00,2019-08-16 10:55:00-04:00,L,7608.75,7614.25,7537.5,71.25,9.0,0.06315789473684211,TP,1,L
2019-08-19 13:19:00-04:00,2019-08-19 13:19:00-04:00,2019-08-19 15:59:00-04:00,L,7747.0,7728.0,7679.0,68.0,-40.0,-0.29411764705882354,time,1,L
2019-08-20 10:59:00-04:00,2019-08-20 10:59:00-04:00,2019-08-20 11:03:00-04:00,L,7726.5,7729.25,7675.75,50.75,3.5,0.034482758620689655,TP,1,L
2019-08-21 14:49:00-04:00,2019-08-21 14:49:00-04:00,2019-08-21 14:50:00-04:00,S,7725.25,7724.75,7772.25,47.0,-1.0,-0.010638297872340425,TP,1,S
2019-08-22 10:34:00-04:00,2019-08-22 10:34:00-04:00,2019-08-22 10:35:00-04:00,S,7678.75,7678.25,7798.5,119.75,-1.0,-0.0041753653444676405,TP,1,S
2019-08-23 10:39:00-04:00,2019-08-23 10:39:00-04:00,2019-08-23 10:40:00-04:00,L,7726.25,7725.5,7612.0,114.25,-3.5,-0.015317286652078774,TP,1,L
2019-08-26 12:24:00-04:00,2019-08-26 12:24:00-04:00,2019-08-26 12:25:00-04:00,L,7576.5,7576.5,7498.0,78.5,-2.0,-0.012738853503184714,TP,1,L
2019-08-27 10:59:00-04:00,2019-08-27 10:59:00-04:00,2019-08-27 11:08:00-04:00,S,7605.0,7601.25,7653.75,48.75,5.5,0.05641025641025641,TP,1,S
2019-08-28 10:44:00-04:00,2019-08-28 10:44:00-04:00,2019-08-28 11:30:00-04:00,L,7577.5,7593.0,7492.25,85.25,29.0,0.17008797653958943,TP,1,L
2019-08-29 10:39:00-04:00,2019-08-29 10:39:00-04:00,2019-08-29 10:47:00-04:00,S,7675.0,7667.75,7742.0,67.0,12.5,0.09328358208955224,TP,1,S
2019-08-30 11:04:00-04:00,2019-08-30 11:04:00-04:00,2019-08-30 11:05:00-04:00,S,7678.25,7678.75,7770.5,92.25,-3.0,-0.016260162601626018,TP,1,S
2019-09-02 11:49:00-04:00,2019-09-02 11:49:00-04:00,2019-09-02 11:50:00-04:00,S,7607.0,7605.0,7677.75,70.75,2.0,0.014134275618374558,TP,1,S
2019-09-03 13:49:00-04:00,2019-09-03 13:49:00-04:00,2019-09-03 15:59:00-04:00,S,7596.0,7615.0,7709.5,113.5,-40.0,-0.1762114537444934,time,1,S
2019-09-04 12:49:00-04:00,2019-09-04 12:49:00-04:00,2019-09-04 12:50:00-04:00,L,7713.25,7713.25,7657.75,55.5,-2.0,-0.018018018018018018,TP,1,L
2019-09-09 12:14:00-04:00,2019-09-09 12:14:00-04:00,2019-09-09 12:15:00-04:00,S,7841.25,7838.5,7893.25,52.0,3.5,0.03365384615384615,TP,1,S
2019-09-10 12:24:00-04:00,2019-09-10 12:24:00-04:00,2019-09-10 15:59:00-04:00,L,7803.5,7819.0,7722.5,81.0,29.0,0.17901234567901234,time,1,L
2019-09-11 11:34:00-04:00,2019-09-11 11:34:00-04:00,2019-09-11 12:05:00-04:00,L,7874.75,7886.25,7801.5,73.25,21.0,0.14334470989761092,TP,1,L
2019-09-13 11:09:00-04:00,2019-09-13 11:09:00-04:00,2019-09-13 15:59:00-04:00,L,7923.5,7893.0,7876.0,47.5,-63.0,-0.6631578947368421,time,1,L
2019-09-18 12:59:00-04:00,2019-09-18 12:59:00-04:00,2019-09-18 13:00:00-04:00,S,7878.75,7879.25,7908.0,29.25,-3.0,-0.05128205128205128,TP,1,S
2019-09-19 10:54:00-04:00,2019-09-19 10:54:00-04:00,2019-09-19 15:59:00-04:00,L,7973.5,7923.0,7905.5,68.0,-103.0,-0.7573529411764706,time,1,L
2019-09-20 10:39:00-04:00,2019-09-20 10:39:00-04:00,2019-09-20 10:40:00-04:00,S,7918.5,7919.25,7947.25,28.75,-3.5,-0.06086956521739131,TP,1,S
2019-09-23 11:44:00-04:00,2019-09-23 11:44:00-04:00,2019-09-23 13:47:00-04:00,L,7848.75,7860.75,7798.25,50.5,22.0,0.21782178217821782,TP,1,L
2019-09-24 10:49:00-04:00,2019-09-24 10:49:00-04:00,2019-09-24 11:04:00-04:00,S,7839.75,7831.25,7908.0,68.25,15.0,0.10989010989010989,TP,1,S
2019-09-25 10:54:00-04:00,2019-09-25 10:54:00-04:00,2019-09-25 11:05:00-04:00,L,7741.5,7755.25,7671.5,70.0,25.5,0.18214285714285713,TP,1,L
2019-09-26 11:04:00-04:00,2019-09-26 11:04:00-04:00,2019-09-26 11:19:00-04:00,S,7757.0,7738.25,7839.0,82.0,35.5,0.21646341463414634,TP,1,S
2019-09-27 11:39:00-04:00,2019-09-27 11:39:00-04:00,2019-09-27 12:47:00-04:00,S,7735.5,7719.75,7834.0,98.5,29.5,0.14974619289340102,TP,1,S
2019-09-30 11:29:00-04:00,2019-09-30 11:29:00-04:00,2019-09-30 12:01:00-04:00,L,7755.25,7757.75,7700.5,54.75,3.0,0.0273972602739726,TP,1,L
2019-10-01 10:59:00-04:00,2019-10-01 10:59:00-04:00,2019-10-01 11:49:00-04:00,S,7746.25,7731.25,7875.5,129.25,28.0,0.10831721470019343,TP,1,S
2019-10-02 10:34:00-04:00,2019-10-02 10:34:00-04:00,2019-10-02 10:41:00-04:00,S,7579.25,7567.75,7680.25,101.0,21.0,0.10396039603960396,TP,1,S
2019-10-03 11:09:00-04:00,2019-10-03 11:09:00-04:00,2019-10-03 12:32:00-04:00,L,7598.5,7625.0,7443.25,155.25,51.0,0.1642512077294686,TP,1,L
2019-10-04 11:34:00-04:00,2019-10-04 11:34:00-04:00,2019-10-04 11:38:00-04:00,L,7731.5,7738.75,7671.25,60.25,12.5,0.1037344398340249,TP,1,L
2019-10-07 10:59:00-04:00,2019-10-07 10:59:00-04:00,2019-10-07 11:00:00-04:00,L,7771.25,7774.75,7718.5,52.75,5.0,0.04739336492890995,TP,1,L
2019-10-08 13:49:00-04:00,2019-10-08 13:49:00-04:00,2019-10-08 14:48:00-04:00,L,7694.75,7714.75,7608.0,86.75,38.0,0.21902017291066284,TP,1,L
2019-10-09 11:49:00-04:00,2019-10-09 11:49:00-04:00,2019-10-09 11:50:00-04:00,L,7701.75,7701.5,7658.5,43.25,-2.5,-0.028901734104046242,TP,1,L
2019-10-10 10:54:00-04:00,2019-10-10 10:54:00-04:00,2019-10-10 15:59:00-04:00,L,7764.75,7754.0,7666.5,98.25,-23.5,-0.11959287531806616,time,1,L
2019-10-11 11:19:00-04:00,2019-10-11 11:19:00-04:00,2019-10-11 15:39:00-04:00,L,7896.25,7916.25,7818.5,77.75,38.0,0.24437299035369775,TP,1,L
2019-10-14 10:59:00-04:00,2019-10-14 10:59:00-04:00,2019-10-14 15:59:00-04:00,L,7875.75,7853.75,7824.0,51.75,-46.0,-0.4444444444444444,time,1,L
2019-10-15 10:34:00-04:00,2019-10-15 10:34:00-04:00,2019-10-15 10:41:00-04:00,L,7928.5,7945.0,7852.25,76.25,31.0,0.20327868852459016,TP,1,L
2019-10-16 10:39:00-04:00,2019-10-16 10:39:00-04:00,2019-10-16 10:57:00-04:00,L,7939.0,7947.75,7898.5,40.5,15.5,0.19135802469135801,TP,1,L
2019-10-17 10:39:00-04:00,2019-10-17 10:39:00-04:00,2019-10-17 10:40:00-04:00,S,7955.5,7955.25,7999.0,43.5,-1.5,-0.017241379310344827,TP,1,S
2019-10-18 10:34:00-04:00,2019-10-18 10:34:00-04:00,2019-10-18 10:35:00-04:00,S,7913.5,7912.75,7967.5,54.0,-0.5,-0.004629629629629629,TP,1,S
2019-10-21 12:29:00-04:00,2019-10-21 12:29:00-04:00,2019-10-21 12:50:00-04:00,L,7938.25,7942.25,7888.75,49.5,6.0,0.06060606060606061,TP,1,L
2019-10-22 11:04:00-04:00,2019-10-22 11:04:00-04:00,2019-10-22 11:11:00-04:00,S,7954.5,7949.5,7996.25,41.75,8.0,0.09580838323353294,TP,1,S
2019-10-23 10:54:00-04:00,2019-10-23 10:54:00-04:00,2019-10-23 11:16:00-04:00,L,7888.75,7893.75,7844.5,44.25,8.0,0.0903954802259887,TP,1,L
2019-10-24 11:29:00-04:00,2019-10-24 11:29:00-04:00,2019-10-24 11:32:00-04:00,L,7963.5,7970.75,7905.0,58.5,12.5,0.10683760683760683,TP,1,L
2019-10-25 10:49:00-04:00,2019-10-25 10:49:00-04:00,2019-10-25 11:20:00-04:00,L,8003.5,8027.25,7897.5,106.0,45.5,0.21462264150943397,TP,1,L
2019-10-28 11:44:00-04:00,2019-10-28 11:44:00-04:00,2019-10-28 15:13:00-04:00,L,8113.5,8123.5,8057.75,55.75,18.0,0.16143497757847533,TP,1,L
2019-10-29 11:19:00-04:00,2019-10-29 11:19:00-04:00,2019-10-29 11:59:00-04:00,S,8072.25,8062.25,8120.0,47.75,18.0,0.18848167539267016,TP,1,S
2019-10-30 14:54:00-04:00,2019-10-30 14:54:00-04:00,2019-10-30 14:55:00-04:00,L,8075.0,8080.5,8029.75,45.25,9.0,0.09944751381215469,TP,1,L
2019-10-31 10:34:00-04:00,2019-10-31 10:34:00-04:00,2019-10-31 15:59:00-04:00,S,8051.25,8091.0,8139.5,88.25,-81.5,-0.46175637393767704,time,1,S
2019-11-04 11:59:00-05:00,2019-11-04 11:59:00-05:00,2019-11-04 15:59:00-05:00,S,8202.5,8214.0,8235.75,33.25,-25.0,-0.37593984962406013,time,1,S
2019-11-06 10:54:00-05:00,2019-11-06 10:54:00-05:00,2019-11-06 11:45:00-05:00,S,8183.75,8174.75,8222.25,38.5,16.0,0.2077922077922078,TP,1,S
2019-11-07 10:39:00-05:00,2019-11-07 10:39:00-05:00,2019-11-07 11:59:00-05:00,L,8268.75,8276.75,8225.5,43.25,14.0,0.16184971098265896,TP,1,L
2019-11-08 10:44:00-05:00,2019-11-08 10:44:00-05:00,2019-11-08 11:03:00-05:00,L,8236.0,8244.5,8191.75,44.25,15.0,0.1694915254237288,TP,1,L
2019-11-11 10:44:00-05:00,2019-11-11 10:44:00-05:00,2019-11-11 13:35:00-05:00,L,8240.0,8249.25,8195.0,45.0,16.5,0.18333333333333332,TP,1,L
2019-11-12 10:39:00-05:00,2019-11-12 10:39:00-05:00,2019-11-12 11:21:00-05:00,L,8289.25,8299.75,8240.25,49.0,19.0,0.19387755102040816,TP,1,L
2019-11-13 10:39:00-05:00,2019-11-13 10:39:00-05:00,2019-11-13 10:40:00-05:00,L,8272.0,8274.25,8233.0,39.0,2.5,0.03205128205128205,TP,1,L
2019-11-14 10:59:00-05:00,2019-11-14 10:59:00-05:00,2019-11-14 11:00:00-05:00,S,8231.75,8231.75,8274.25,42.5,-2.0,-0.023529411764705882,TP,1,S
2019-11-15 11:09:00-05:00,2019-11-15 11:09:00-05:00,2019-11-15 15:59:00-05:00,L,8319.5,8318.5,8277.75,41.75,-4.0,-0.04790419161676647,time,1,L
2019-11-18 11:34:00-05:00,2019-11-18 11:34:00-05:00,2019-11-18 13:37:00-05:00,L,8319.5,8329.75,8264.25,55.25,18.5,0.167420814479638,TP,1,L
2019-11-19 10:49:00-05:00,2019-11-19 10:49:00-05:00,2019-11-19 10:52:00-05:00,S,8326.25,8319.25,8379.0,52.75,12.0,0.11374407582938388,TP,1,S
2019-11-20 10:34:00-05:00,2019-11-20 10:34:00-05:00,2019-11-20 10:35:00-05:00,L,8341.0,8341.25,8313.0,28.0,-1.5,-0.026785714285714284,TP,1,L
2019-11-21 10:34:00-05:00,2019-11-21 10:34:00-05:00,2019-11-21 15:59:00-05:00,S,8252.0,8272.75,8296.25,44.25,-43.5,-0.4915254237288136,time,1,S
2019-11-22 10:34:00-05:00,2019-11-22 10:34:00-05:00,2019-11-22 10:35:00-05:00,S,8250.75,8246.25,8308.5,57.75,7.0,0.06060606060606061,TP,1,S
2019-11-25 10:34:00-05:00,2019-11-25 10:34:00-05:00,2019-11-25 15:59:00-05:00,L,8365.25,8376.75,8288.0,77.25,21.0,0.13592233009708737,time,1,L
2019-11-26 11:14:00-05:00,2019-11-26 11:14:00-05:00,2019-11-26 11:15:00-05:00,L,8395.25,8394.75,8367.25,28.0,-3.0,-0.05357142857142857,TP,1,L
2019-11-27 10:34:00-05:00,2019-11-27 10:34:00-05:00,2019-11-27 11:00:00-05:00,L,8425.75,8430.25,8401.5,24.25,7.0,0.14432989690721648,TP,1,L
2019-11-28 10:59:00-05:00,2019-11-28 10:59:00-05:00,2019-11-28 11:00:00-05:00,S,8436.75,8437.25,8443.5,6.75,-3.0,-0.2222222222222222,TP,1,S
2019-11-29 12:19:00-05:00,2019-11-29 12:19:00-05:00,2019-11-29 12:20:00-05:00,S,8416.75,8417.0,8444.0,27.25,-2.5,-0.045871559633027525,TP,1,S
2019-12-02 10:39:00-05:00,2019-12-02 10:39:00-05:00,2019-12-02 15:59:00-05:00,S,8292.25,8316.0,8464.5,172.25,-49.5,-0.14368650217706821,time,1,S
2019-12-03 13:29:00-05:00,2019-12-03 13:29:00-05:00,2019-12-03 15:20:00-05:00,L,8230.75,8239.75,8154.0,76.75,16.0,0.10423452768729642,TP,1,L
2019-12-06 11:29:00-05:00,2019-12-06 11:29:00-05:00,2019-12-06 12:24:00-05:00,L,8394.75,8396.5,8361.75,33.0,1.5,0.022727272727272728,TP,1,L
2019-12-09 12:49:00-05:00,2019-12-09 12:49:00-05:00,2019-12-09 15:55:00-05:00,S,8386.25,8370.75,8441.0,54.75,29.0,0.2648401826484018,TP,1,S
2019-12-11 14:19:00-05:00,2019-12-11 14:19:00-05:00,2019-12-11 14:53:00-05:00,L,8396.75,8405.25,8356.75,40.0,15.0,0.1875,TP,1,L
2019-12-18 11:19:00-05:00,2019-12-18 11:19:00-05:00,2019-12-18 11:20:00-05:00,L,8635.0,8634.5,8606.0,29.0,-3.0,-0.05172413793103448,TP,1,L
2019-12-19 11:09:00-05:00,2019-12-19 11:09:00-05:00,2019-12-19 11:22:00-05:00,L,8641.75,8647.5,8609.75,32.0,9.5,0.1484375,TP,1,L
2019-12-20 13:09:00-05:00,2019-12-20 13:09:00-05:00,2019-12-20 15:59:00-05:00,L,8714.5,8704.0,8676.25,38.25,-23.0,-0.3006535947712418,time,1,L
2019-12-23 11:44:00-05:00,2019-12-23 11:44:00-05:00,2019-12-23 15:53:00-05:00,L,8736.0,8716.25,8716.5,19.5,-41.5,-1.064102564102564,SL,1,L
2019-12-26 10:54:00-05:00,2019-12-26 10:54:00-05:00,2019-12-26 11:03:00-05:00,L,8767.75,8774.5,8728.75,39.0,11.5,0.14743589743589744,TP,1,L
2020-01-02 14:19:00-05:00,2020-01-02 14:19:00-05:00,2020-01-02 15:13:00-05:00,L,8852.75,8867.25,8790.0,62.75,27.0,0.2151394422310757,TP,1,L
2020-01-03 12:04:00-05:00,2020-01-03 12:04:00-05:00,2020-01-03 15:59:00-05:00,L,8847.0,8809.5,8739.25,107.75,-77.0,-0.35730858468677495,time,1,L
2020-01-06 10:44:00-05:00,2020-01-06 10:44:00-05:00,2020-01-06 15:47:00-05:00,L,8825.0,8855.75,8700.0,125.0,59.5,0.238,TP,1,L
2020-01-07 11:04:00-05:00,2020-01-07 11:04:00-05:00,2020-01-07 15:59:00-05:00,L,8882.5,8862.0,8819.75,62.75,-43.0,-0.3426294820717131,time,1,L
2020-01-08 11:39:00-05:00,2020-01-08 11:39:00-05:00,2020-01-08 11:40:00-05:00,L,8915.5,8915.25,8845.0,70.5,-2.5,-0.01773049645390071,TP,1,L
2020-01-09 12:24:00-05:00,2020-01-09 12:24:00-05:00,2020-01-09 12:25:00-05:00,S,8983.5,8984.25,9025.25,41.75,-3.5,-0.041916167664670656,TP,1,S
2020-01-10 12:09:00-05:00,2020-01-10 12:09:00-05:00,2020-01-10 12:10:00-05:00,S,8994.25,8994.75,9052.25,58.0,-3.0,-0.02586206896551724,TP,1,S
2020-01-13 11:19:00-05:00,2020-01-13 11:19:00-05:00,2020-01-13 11:20:00-05:00,L,9041.0,9041.0,9009.25,31.75,-2.0,-0.031496062992125984,TP,1,L
2020-01-14 12:39:00-05:00,2020-01-14 12:39:00-05:00,2020-01-14 13:31:00-05:00,L,9088.25,9093.75,9023.5,64.75,9.0,0.0694980694980695,TP,1,L
2020-01-15 10:59:00-05:00,2020-01-15 10:59:00-05:00,2020-01-15 15:27:00-05:00,L,9095.0,9036.5,9036.75,58.25,-119.0,-1.0214592274678111,SL,1,L
2020-01-16 11:14:00-05:00,2020-01-16 11:14:00-05:00,2020-01-16 11:15:00-05:00,S,9085.5,9085.5,9127.25,41.75,-2.0,-0.023952095808383235,TP,1,S
2020-01-17 11:14:00-05:00,2020-01-17 11:14:00-05:00,2020-01-17 11:19:00-05:00,S,9130.75,9130.75,9190.5,59.75,-2.0,-0.016736401673640166,TP,1,S
2020-01-20 11:34:00-05:00,2020-01-20 11:34:00-05:00,2020-01-20 11:35:00-05:00,L,9173.75,9173.5,9164.75,9.0,-2.5,-0.1388888888888889,TP,1,L
2020-01-21 11:14:00-05:00,2020-01-21 11:14:00-05:00,2020-01-21 11:32:00-05:00,L,9185.25,9193.0,9140.25,45.0,13.5,0.15,TP,1,L
2020-01-22 10:39:00-05:00,2020-01-22 10:39:00-05:00,2020-01-22 10:43:00-05:00,L,9248.5,9253.5,9210.75,37.75,8.0,0.10596026490066225,TP,1,L
2020-01-23 10:34:00-05:00,2020-01-23 10:34:00-05:00,2020-01-23 14:59:00-05:00,L,9209.25,9226.25,9141.0,68.25,32.0,0.23443223443223443,TP,1,L
2020-01-24 11:24:00-05:00,2020-01-24 11:24:00-05:00,2020-01-24 11:42:00-05:00,S,9221.25,9213.75,9292.5,71.25,13.0,0.0912280701754386,TP,1,S
2020-01-27 12:19:00-05:00,2020-01-27 12:19:00-05:00,2020-01-27 12:47:00-05:00,L,8994.75,9010.25,8926.0,68.75,29.0,0.2109090909090909,TP,1,L
2020-01-28 10:34:00-05:00,2020-01-28 10:34:00-05:00,2020-01-28 10:43:00-05:00,L,9062.0,9071.25,8985.75,76.25,16.5,0.10819672131147541,TP,1,L
2020-01-30 10:54:00-05:00,2020-01-30 10:54:00-05:00,2020-01-30 15:56:00-05:00,S,9033.5,9141.75,9141.5,108.0,-218.5,-1.0115740740740742,SL,1,S
2020-01-31 10:44:00-05:00,2020-01-31 10:44:00-05:00,2020-01-31 13:32:00-05:00,S,9062.25,9014.0,9237.75,175.5,94.5,0.2692307692307692,TP,1,S
2020-02-04 10:39:00-05:00,2020-02-04 10:39:00-05:00,2020-02-04 11:23:00-05:00,L,9288.75,9305.25,9203.0,85.75,31.0,0.18075801749271136,TP,1,L
2020-02-05 10:39:00-05:00,2020-02-05 10:39:00-05:00,2020-02-05 15:59:00-05:00,S,9330.25,9375.75,9509.0,178.75,-93.0,-0.2601398601398601,time,1,S
2020-02-06 11:04:00-05:00,2020-02-06 11:04:00-05:00,2020-02-06 11:11:00-05:00,L,9423.5,9434.25,9353.5,70.0,19.5,0.1392857142857143,TP,1,L
2020-02-07 10:39:00-05:00,2020-02-07 10:39:00-05:00,2020-02-07 10:43:00-05:00,L,9427.0,9435.0,9375.25,51.75,14.0,0.13526570048309178,TP,1,L
2020-02-10 10:34:00-05:00,2020-02-10 10:34:00-05:00,2020-02-10 15:10:00-05:00,L,9465.25,9502.0,9339.25,126.0,71.5,0.2837301587301587,TP,1,L
2020-02-11 10:39:00-05:00,2020-02-11 10:39:00-05:00,2020-02-11 15:09:00-05:00,L,9599.0,9515.75,9516.0,83.0,-168.5,-1.0150602409638554,SL,1,L
2020-02-12 11:29:00-05:00,2020-02-12 11:29:00-05:00,2020-02-12 12:32:00-05:00,L,9605.75,9614.5,9549.75,56.0,15.5,0.13839285714285715,TP,1,L
2020-02-13 10:44:00-05:00,2020-02-13 10:44:00-05:00,2020-02-13 11:01:00-05:00,L,9594.75,9610.75,9529.25,65.5,30.0,0.22900763358778625,TP,1,L
2020-02-14 14:19:00-05:00,2020-02-14 14:19:00-05:00,2020-02-14 15:59:00-05:00,S,9592.5,9630.25,9657.5,65.0,-77.5,-0.5961538461538461,time,1,S
2020-02-17 11:09:00-05:00,2020-02-17 11:09:00-05:00,2020-02-17 11:40:00-05:00,L,9665.25,9667.25,9652.75,12.5,2.0,0.08,TP,1,L
2020-02-18 14:24:00-05:00,2020-02-18 14:24:00-05:00,2020-02-18 14:51:00-05:00,L,9634.0,9646.25,9562.75,71.25,22.5,0.15789473684210525,TP,1,L
2020-02-19 11:04:00-05:00,2020-02-19 11:04:00-05:00,2020-02-19 11:38:00-05:00,L,9728.5,9737.75,9674.25,54.25,16.5,0.15207373271889402,TP,1,L
2020-02-20 11:14:00-05:00,2020-02-20 11:14:00-05:00,2020-02-20 11:15:00-05:00,S,9661.5,9662.25,9730.5,69.0,-3.5,-0.025362318840579712,TP,1,S
2020-02-21 12:54:00-05:00,2020-02-21 12:54:00-05:00,2020-02-21 13:51:00-05:00,S,9477.5,9430.25,9643.0,165.5,92.5,0.2794561933534743,TP,1,S
2020-02-25 10:54:00-05:00,2020-02-25 10:54:00-05:00,2020-02-25 11:06:00-05:00,S,9012.5,8996.5,9217.25,204.75,30.0,0.07326007326007326,TP,1,S
2020-02-26 10:44:00-05:00,2020-02-26 10:44:00-05:00,2020-02-26 13:40:00-05:00,L,9029.25,8836.25,8836.5,192.75,-388.0,-1.006485084306096,SL,1,L
2020-02-27 10:34:00-05:00,2020-02-27 10:34:00-05:00,2020-02-27 10:35:00-05:00,S,8524.5,8522.25,8776.5,252.0,2.5,0.00496031746031746,TP,1,S
2020-02-28 11:29:00-05:00,2020-02-28 11:29:00-05:00,2020-02-28 11:32:00-05:00,L,8340.25,8370.5,8065.75,274.5,58.5,0.10655737704918032,TP,1,L
2020-03-02 11:14:00-05:00,2020-03-02 11:14:00-05:00,2020-03-02 11:15:00-05:00,L,8636.5,8636.5,8407.25,229.25,-2.0,-0.004362050163576881,TP,1,L
2020-03-03 11:24:00-05:00,2020-03-03 11:24:00-05:00,2020-03-03 13:26:00-05:00,S,8737.25,8659.25,9083.5,346.25,154.0,0.2223826714801444,TP,1,S
2020-03-04 12:59:00-05:00,2020-03-04 12:59:00-05:00,2020-03-04 13:19:00-05:00,L,8818.0,8846.75,8614.0,204.0,55.5,0.13602941176470587,TP,1,L
2020-03-05 10:54:00-05:00,2020-03-05 10:54:00-05:00,2020-03-05 11:12:00-05:00,L,8822.5,8844.0,8674.25,148.25,41.0,0.13827993254637436,TP,1,L
2020-03-06 10:44:00-05:00,2020-03-06 10:44:00-05:00,2020-03-06 15:05:00-05:00,L,8526.75,8321.75,8322.0,204.75,-412.0,-1.006105006105006,SL,1,L
2020-03-09 11:44:00-04:00,2020-03-09 11:44:00-04:00,2020-03-09 15:59:00-04:00,L,8195.25,7932.5,7661.75,533.5,-527.5,-0.4943767572633552,time,1,L
2020-03-10 10:49:00-04:00,2020-03-10 10:49:00-04:00,2020-03-10 10:50:00-04:00,S,8111.25,8110.25,8289.5,178.25,0.0,0.0,TP,1,S
2020-03-11 10:39:00-04:00,2020-03-11 10:39:00-04:00,2020-03-11 10:51:00-04:00,S,8125.25,8096.75,8248.25,123.0,55.0,0.22357723577235772,TP,1,S
2020-03-12 10:54:00-04:00,2020-03-12 10:54:00-04:00,2020-03-12 12:59:00-04:00,L,7609.25,7644.5,7322.75,286.5,68.5,0.11954624781849912,TP,1,L
2020-03-13 10:59:00-04:00,2020-03-13 10:59:00-04:00,2020-03-13 11:32:00-04:00,S,7446.0,7364.75,7807.0,361.0,160.5,0.22229916897506924,TP,1,S
2020-03-17 11:09:00-04:00,2020-03-17 11:09:00-04:00,2020-03-17 11:10:00-04:00,L,7302.75,7303.5,6845.25,457.5,-0.5,-0.000546448087431694,TP,1,L
2020-03-18 13:34:00-04:00,2020-03-18 13:34:00-04:00,2020-03-18 15:59:00-04:00,S,6873.25,7207.5,7463.75,590.5,-670.5,-0.5677392040643523,time,1,S
2020-03-19 11:29:00-04:00,2020-03-19 11:29:00-04:00,2020-03-19 15:59:00-04:00,L,7426.0,7270.5,6887.75,538.25,-313.0,-0.2907570831398049,time,1,L
2020-03-20 12:04:00-04:00,2020-03-20 12:04:00-04:00,2020-03-20 12:06:00-04:00,S,7278.25,7256.75,7489.25,211.0,41.0,0.0971563981042654,TP,1,S
2020-03-23 11:29:00-04:00,2020-03-23 11:29:00-04:00,2020-03-23 15:59:00-04:00,S,6825.5,6994.0,7167.0,341.5,-339.0,-0.49633967789165445,time,1,S
2020-03-24 12:24:00-04:00,2020-03-24 12:24:00-04:00,2020-03-24 12:26:00-04:00,L,7469.0,7479.25,7287.5,181.5,18.5,0.05096418732782369,TP,1,L
2020-03-25 13:09:00-04:00,2020-03-25 13:09:00-04:00,2020-03-25 15:59:00-04:00,L,7671.0,7461.5,7257.25,413.75,-421.0,-0.508761329305136,time,1,L
2020-03-26 10:34:00-04:00,2020-03-26 10:34:00-04:00,2020-03-26 12:52:00-04:00,L,7711.25,7772.75,7447.0,264.25,121.0,0.22894985808893092,TP,1,L
2020-03-27 13:39:00-04:00,2020-03-27 13:39:00-04:00,2020-03-27 13:40:00-04:00,L,7703.5,7703.0,7569.75,133.75,-3.0,-0.011214953271028037,TP,1,L
2020-03-30 10:39:00-04:00,2020-03-30 10:39:00-04:00,2020-03-30 11:12:00-04:00,L,7778.0,7805.25,7611.0,167.0,52.5,0.15718562874251496,TP,1,L
2020-03-31 10:39:00-04:00,2020-03-31 10:39:00-04:00,2020-03-31 15:59:00-04:00,L,7982.75,7799.25,7724.75,258.0,-369.0,-0.7151162790697675,time,1,L
2020-04-01 10:34:00-04:00,2020-04-01 10:34:00-04:00,2020-04-01 10:46:00-04:00,L,7638.25,7649.0,7535.25,103.0,19.5,0.09466019417475728,TP,1,L
2020-04-02 10:34:00-04:00,2020-04-02 10:34:00-04:00,2020-04-02 10:35:00-04:00,L,7558.0,7569.5,7379.75,178.25,21.0,0.05890603085553997,TP,1,L
2020-04-03 10:34:00-04:00,2020-04-03 10:34:00-04:00,2020-04-03 11:15:00-04:00,S,7556.0,7530.25,7681.0,125.0,49.5,0.198,TP,1,S
2020-04-06 10:39:00-04:00,2020-04-06 10:39:00-04:00,2020-04-06 12:20:00-04:00,L,7877.75,7916.0,7713.25,164.5,74.5,0.22644376899696048,TP,1,L
2020-04-07 10:44:00-04:00,2020-04-07 10:44:00-04:00,2020-04-07 14:54:00-04:00,S,8120.0,8054.75,8358.5,238.5,128.5,0.2693920335429769,TP,1,S
2020-04-08 11:29:00-04:00,2020-04-08 11:29:00-04:00,2020-04-08 11:34:00-04:00,L,8166.25,8177.25,8010.75,155.5,20.0,0.06430868167202572,TP,1,L
2020-04-13 11:09:00-04:00,2020-04-13 11:09:00-04:00,2020-04-13 15:19:00-04:00,S,8147.75,8272.5,8272.25,124.5,-251.5,-1.0100401606425702,SL,1,S
2020-04-14 12:04:00-04:00,2020-04-14 12:04:00-04:00,2020-04-14 13:34:00-04:00,L,8611.5,8667.25,8426.5,185.0,109.5,0.2959459459459459,TP,1,L
2020-04-15 10:54:00-04:00,2020-04-15 10:54:00-04:00,2020-04-15 13:18:00-04:00,L,8570.5,8589.25,8471.0,99.5,35.5,0.17839195979899497,TP,1,L
2020-04-16 10:49:00-04:00,2020-04-16 10:49:00-04:00,2020-04-16 11:06:00-04:00,L,8699.75,8715.5,8566.75,133.0,29.5,0.11090225563909774,TP,1,L
2020-04-17 10:49:00-04:00,2020-04-17 10:49:00-04:00,2020-04-17 10:50:00-04:00,S,8742.5,8743.0,8880.0,137.5,-3.0,-0.01090909090909091,TP,1,S
2020-04-20 10:44:00-04:00,2020-04-20 10:44:00-04:00,2020-04-20 10:46:00-04:00,L,8803.5,8813.75,8711.0,92.5,18.5,0.1,TP,1,L
2020-04-21 10:34:00-04:00,2020-04-21 10:34:00-04:00,2020-04-21 10:47:00-04:00,S,8511.25,8468.0,8685.75,174.5,84.5,0.24212034383954154,TP,1,S
2020-04-22 11:44:00-04:00,2020-04-22 11:44:00-04:00,2020-04-22 12:02:00-04:00,L,8601.75,8606.75,8518.0,83.75,8.0,0.04776119402985075,TP,1,L
2020-04-23 10:34:00-04:00,2020-04-23 10:34:00-04:00,2020-04-23 12:45:00-04:00,L,8777.25,8637.5,8637.75,139.5,-281.5,-1.0089605734767024,SL,1,L
2020-04-24 12:29:00-04:00,2020-04-24 12:29:00-04:00,2020-04-24 12:30:00-04:00,L,8678.0,8677.75,8559.75,118.25,-2.5,-0.010570824524312896,TP,1,L
2020-04-27 10:59:00-04:00,2020-04-27 10:59:00-04:00,2020-04-27 11:01:00-04:00,S,8816.75,8813.0,8888.75,72.0,5.5,0.03819444444444445,TP,1,S
2020-04-28 10:44:00-04:00,2020-04-28 10:44:00-04:00,2020-04-28 12:17:00-04:00,S,8743.0,8688.25,8975.5,232.5,107.5,0.23118279569892472,TP,1,S
2020-04-29 12:09:00-04:00,2020-04-29 12:09:00-04:00,2020-04-29 13:57:00-04:00,L,8940.0,8977.75,8787.0,153.0,73.5,0.24019607843137256,TP,1,L
2020-04-30 12:04:00-04:00,2020-04-30 12:04:00-04:00,2020-04-30 12:05:00-04:00,S,8928.0,8928.0,9044.25,116.25,-2.0,-0.008602150537634409,TP,1,S
2020-05-01 11:34:00-04:00,2020-05-01 11:34:00-04:00,2020-05-01 11:45:00-04:00,S,8767.75,8755.75,8895.5,127.75,22.0,0.08610567514677103,TP,1,S
2020-05-04 11:24:00-04:00,2020-05-04 11:24:00-04:00,2020-05-04 15:34:00-04:00,L,8770.75,8806.5,8623.75,147.0,69.5,0.23639455782312926,TP,1,L
2020-05-05 11:24:00-04:00,2020-05-05 11:24:00-04:00,2020-05-05 12:00:00-04:00,L,8976.75,8991.25,8879.0,97.75,27.0,0.13810741687979539,TP,1,L
2020-05-06 10:49:00-04:00,2020-05-06 10:49:00-04:00,2020-05-06 13:38:00-04:00,L,9035.5,9046.25,8911.5,124.0,19.5,0.07862903225806452,TP,1,L
2020-05-07 10:49:00-04:00,2020-05-07 10:49:00-04:00,2020-05-07 10:56:00-04:00,S,9034.5,9031.0,9113.75,79.25,5.0,0.031545741324921134,TP,1,S
2020-05-08 10:39:00-04:00,2020-05-08 10:39:00-04:00,2020-05-08 11:58:00-04:00,L,9190.5,9206.25,9110.75,79.75,29.5,0.18495297805642633,TP,1,L
2020-05-11 10:49:00-04:00,2020-05-11 10:49:00-04:00,2020-05-11 12:28:00-04:00,L,9251.5,9276.5,9117.75,133.75,48.0,0.17943925233644858,TP,1,L
2020-05-13 10:34:00-04:00,2020-05-13 10:34:00-04:00,2020-05-13 11:46:00-04:00,L,9196.0,9020.0,9020.25,175.75,-354.0,-1.0071123755334281,SL,1,L
2020-05-14 12:59:00-04:00,2020-05-14 12:59:00-04:00,2020-05-14 13:25:00-04:00,L,8979.25,8987.5,8806.75,172.5,14.5,0.042028985507246375,TP,1,L
2020-05-15 12:54:00-04:00,2020-05-15 12:54:00-04:00,2020-05-15 13:11:00-04:00,L,9057.75,9091.5,8917.75,140.0,65.5,0.23392857142857143,TP,1,L
2020-05-18 10:39:00-04:00,2020-05-18 10:39:00-04:00,2020-05-18 10:40:00-04:00,L,9312.75,9313.25,9221.0,91.75,-1.0,-0.005449591280653951,TP,1,L
2020-05-19 11:19:00-04:00,2020-05-19 11:19:00-04:00,2020-05-19 15:59:00-04:00,L,9400.0,9293.5,9293.75,106.25,-215.0,-1.011764705882353,SL,1,L
2020-05-20 11:19:00-04:00,2020-05-20 11:19:00-04:00,2020-05-20 15:59:00-04:00,L,9475.0,9480.0,9368.25,106.75,8.0,0.03747072599531616,time,1,L
2020-05-21 10:34:00-04:00,2020-05-21 10:34:00-04:00,2020-05-21 10:35:00-04:00,S,9418.0,9406.75,9539.5,121.5,20.5,0.08436213991769548,TP,1,S
2020-05-22 13:24:00-04:00,2020-05-22 13:24:00-04:00,2020-05-22 15:59:00-04:00,L,9404.25,9405.75,9283.0,121.25,1.0,0.004123711340206186,time,1,L
2020-05-25 11:19:00-04:00,2020-05-25 11:19:00-04:00,2020-05-25 11:20:00-04:00,L,9528.75,9528.25,9511.75,17.0,-3.0,-0.08823529411764706,TP,1,L
2020-05-26 11:24:00-04:00,2020-05-26 11:24:00-04:00,2020-05-26 11:25:00-04:00,S,9479.75,9467.25,9589.5,109.75,23.0,0.10478359908883828,TP,1,S
2020-05-27 10:39:00-04:00,2020-05-27 10:39:00-04:00,2020-05-27 10:40:00-04:00,S,9241.25,9231.5,9404.25,163.0,17.5,0.05368098159509203,TP,1,S
2020-05-28 10:39:00-04:00,2020-05-28 10:39:00-04:00,2020-05-28 11:59:00-04:00,L,9479.75,9516.75,9338.0,141.75,72.0,0.25396825396825395,TP,1,L
2020-05-29 11:04:00-04:00,2020-05-29 11:04:00-04:00,2020-05-29 15:00:00-04:00,S,9379.5,9512.25,9512.0,132.5,-267.5,-1.009433962264151,SL,1,S
2020-06-01 12:49:00-04:00,2020-06-01 12:49:00-04:00,2020-06-01 13:25:00-04:00,L,9590.75,9600.75,9491.0,99.75,18.0,0.09022556390977443,TP,1,L
2020-06-02 10:49:00-04:00,2020-06-02 10:49:00-04:00,2020-06-02 10:50:00-04:00,S,9541.75,9542.75,9630.25,88.5,-4.0,-0.022598870056497175,TP,1,S
2020-06-03 12:14:00-04:00,2020-06-03 12:14:00-04:00,2020-06-03 12:17:00-04:00,S,9650.25,9641.75,9716.0,65.75,15.0,0.11406844106463879,TP,1,S
2020-06-04 11:14:00-04:00,2020-06-04 11:14:00-04:00,2020-06-04 11:16:00-04:00,S,9665.0,9655.25,9760.0,95.0,17.5,0.09210526315789473,TP,1,S
2020-06-05 11:04:00-04:00,2020-06-05 11:04:00-04:00,2020-06-05 12:24:00-04:00,L,9792.5,9827.75,9618.0,174.5,68.5,0.19627507163323782,TP,1,L
2020-06-08 13:34:00-04:00,2020-06-08 13:34:00-04:00,2020-06-08 13:35:00-04:00,L,9842.25,9842.75,9720.0,122.25,-1.0,-0.00408997955010225,TP,1,L
2020-06-09 10:34:00-04:00,2020-06-09 10:34:00-04:00,2020-06-09 10:45:00-04:00,L,9916.75,9939.75,9830.25,86.5,44.0,0.2543352601156069,TP,1,L
2020-06-10 14:04:00-04:00,2020-06-10 14:04:00-04:00,2020-06-10 14:05:00-04:00,L,10103.25,10103.0,10003.25,100.0,-2.5,-0.0125,TP,1,L
2020-06-11 10:34:00-04:00,2020-06-11 10:34:00-04:00,2020-06-11 11:46:00-04:00,L,9972.0,9853.25,9853.5,118.5,-239.5,-1.010548523206751,SL,1,L
2020-06-12 10:39:00-04:00,2020-06-12 10:39:00-04:00,2020-06-12 10:50:00-04:00,S,9721.25,9712.75,9883.25,162.0,15.0,0.046296296296296294,TP,1,S
2020-06-15 12:04:00-04:00,2020-06-15 12:04:00-04:00,2020-06-15 13:10:00-04:00,L,9659.25,9697.25,9432.75,226.5,74.0,0.16335540838852097,TP,1,L
2020-06-16 10:44:00-04:00,2020-06-16 10:44:00-04:00,2020-06-16 10:45:00-04:00,S,9945.5,9939.75,10017.5,72.0,9.5,0.06597222222222222,TP,1,S
2020-06-18 10:59:00-04:00,2020-06-18 10:59:00-04:00,2020-06-18 15:59:00-04:00,L,9993.75,9998.75,9931.5,62.25,8.0,0.0642570281124498,time,1,L
2020-06-19 11:19:00-04:00,2020-06-19 11:19:00-04:00,2020-06-19 11:20:00-04:00,S,10071.25,10072.0,10117.5,46.25,-3.5,-0.03783783783783784,TP,1,S
2020-06-22 11:39:00-04:00,2020-06-22 11:39:00-04:00,2020-06-22 12:15:00-04:00,L,10055.75,10084.75,9940.25,115.5,56.0,0.24242424242424243,TP,1,L
2020-06-23 10:39:00-04:00,2020-06-23 10:39:00-04:00,2020-06-23 11:22:00-04:00,L,10219.75,10242.25,10139.5,80.25,43.0,0.26791277258566976,TP,1,L
2020-06-24 10:39:00-04:00,2020-06-24 10:39:00-04:00,2020-06-24 11:15:00-04:00,S,10069.75,10008.25,10276.75,207.0,121.0,0.2922705314009662,TP,1,S
2020-06-25 12:19:00-04:00,2020-06-25 12:19:00-04:00,2020-06-25 15:23:00-04:00,L,10032.75,10057.5,9834.75,198.0,47.5,0.11994949494949494,TP,1,L
2020-06-26 10:34:00-04:00,2020-06-26 10:34:00-04:00,2020-06-26 10:50:00-04:00,S,9889.25,9851.25,10146.75,257.5,74.0,0.1436893203883495,TP,1,S
2020-06-29 10:39:00-04:00,2020-06-29 10:39:00-04:00,2020-06-29 10:50:00-04:00,L,9868.5,9884.0,9711.25,157.25,29.0,0.09220985691573927,TP,1,L
2020-06-30 10:54:00-04:00,2020-06-30 10:54:00-04:00,2020-06-30 11:21:00-04:00,L,10050.75,10085.0,9905.25,145.5,66.5,0.22852233676975944,TP,1,L
2020-07-01 10:34:00-04:00,2020-07-01 10:34:00-04:00,2020-07-01 12:06:00-04:00,L,10214.5,10241.75,10097.25,117.25,52.5,0.22388059701492538,TP,1,L
2020-07-02 11:04:00-04:00,2020-07-02 11:04:00-04:00,2020-07-02 11:15:00-04:00,S,10348.75,10339.75,10438.0,89.25,16.0,0.0896358543417367,TP,1,S
2020-07-03 10:34:00-04:00,2020-07-03 10:34:00-04:00,2020-07-03 10:35:00-04:00,S,10315.0,10315.25,10361.25,46.25,-2.5,-0.02702702702702703,TP,1,S
2020-07-06 10:34:00-04:00,2020-07-06 10:34:00-04:00,2020-07-06 11:00:00-04:00,L,10550.0,10575.5,10434.75,115.25,49.0,0.21258134490238612,TP,1,L
2020-07-07 11:09:00-04:00,2020-07-07 11:09:00-04:00,2020-07-07 15:59:00-04:00,L,10679.75,10510.5,10510.75,169.0,-340.5,-1.007396449704142,SL,1,L
2020-07-08 11:19:00-04:00,2020-07-08 11:19:00-04:00,2020-07-08 11:20:00-04:00,S,10546.75,10543.75,10663.25,116.5,4.0,0.017167381974248927,TP,1,S
2020-07-09 10:44:00-04:00,2020-07-09 10:44:00-04:00,2020-07-09 10:45:00-04:00,S,10648.25,10649.0,10769.25,121.0,-3.5,-0.014462809917355372,TP,1,S
2020-07-10 13:09:00-04:00,2020-07-10 13:09:00-04:00,2020-07-10 14:47:00-04:00,L,10751.5,10782.75,10589.25,162.25,60.5,0.1864406779661017,TP,1,L
2020-07-13 10:44:00-04:00,2020-07-13 10:44:00-04:00,2020-07-13 11:01:00-04:00,L,11006.25,11029.25,10906.75,99.5,44.0,0.22110552763819097,TP,1,L
2020-07-14 14:24:00-04:00,2020-07-14 14:24:00-04:00,2020-07-14 15:59:00-04:00,L,10630.25,10672.75,10248.0,382.25,83.0,0.10856769130150425,time,1,L
2020-07-15 11:04:00-04:00,2020-07-15 11:04:00-04:00,2020-07-15 11:05:00-04:00,S,10651.5,10652.0,10799.5,148.0,-3.0,-0.010135135135135136,TP,1,S
2020-07-16 11:04:00-04:00,2020-07-16 11:04:00-04:00,2020-07-16 11:06:00-04:00,S,10491.25,10484.0,10629.75,138.5,12.5,0.04512635379061372,TP,1,S
2020-07-17 14:54:00-04:00,2020-07-17 14:54:00-04:00,2020-07-17 15:59:00-04:00,L,10655.0,10629.75,10508.0,147.0,-52.5,-0.17857142857142858,time,1,L
2020-07-20 11:14:00-04:00,2020-07-20 11:14:00-04:00,2020-07-20 12:59:00-04:00,L,10770.25,10832.25,10560.0,210.25,122.0,0.2901307966706302,TP,1,L
2020-07-21 10:44:00-04:00,2020-07-21 10:44:00-04:00,2020-07-21 11:49:00-04:00,S,10865.75,10850.75,11051.5,185.75,28.0,0.07537012113055182,TP,1,S
2020-07-22 10:49:00-04:00,2020-07-22 10:49:00-04:00,2020-07-22 10:50:00-04:00,S,10806.5,10807.0,10920.0,113.5,-3.0,-0.013215859030837005,TP,1,S
2020-07-23 12:04:00-04:00,2020-07-23 12:04:00-04:00,2020-07-23 12:10:00-04:00,S,10754.25,10727.75,10906.0,151.75,51.0,0.16803953871499178,TP,1,S
2020-07-24 10:54:00-04:00,2020-07-24 10:54:00-04:00,2020-07-24 11:24:00-04:00,L,10463.75,10510.0,10277.25,186.5,90.5,0.24262734584450402,TP,1,L
2020-07-27 14:24:00-04:00,2020-07-27 14:24:00-04:00,2020-07-27 15:03:00-04:00,L,10646.5,10657.5,10509.75,136.75,20.0,0.07312614259597806,TP,1,L
2020-07-29 10:39:00-04:00,2020-07-29 10:39:00-04:00,2020-07-29 14:31:00-04:00,L,10641.0,10652.25,10547.75,93.25,20.5,0.10991957104557641,TP,1,L
2020-07-30 11:34:00-04:00,2020-07-30 11:34:00-04:00,2020-07-30 11:35:00-04:00,L,10638.25,10638.5,10507.5,130.75,-1.5,-0.0057361376673040155,TP,1,L
2020-07-31 12:39:00-04:00,2020-07-31 12:39:00-04:00,2020-07-31 15:59:00-04:00,S,10707.5,10897.75,10977.25,269.75,-382.5,-0.7089898053753475,time,1,S
2020-08-03 14:39:00-04:00,2020-08-03 14:39:00-04:00,2020-08-03 15:59:00-04:00,L,11069.0,11037.75,10955.25,113.75,-64.5,-0.2835164835164835,time,1,L
2020-08-04 14:34:00-04:00,2020-08-04 14:34:00-04:00,2020-08-04 15:59:00-04:00,S,10996.5,11084.5,11113.25,116.75,-178.0,-0.7623126338329764,time,1,S
2020-08-06 12:14:00-04:00,2020-08-06 12:14:00-04:00,2020-08-06 12:59:00-04:00,L,11149.75,11172.0,11058.25,91.5,42.5,0.23224043715846995,TP,1,L
2020-08-07 10:54:00-04:00,2020-08-07 10:54:00-04:00,2020-08-07 10:55:00-04:00,L,11265.5,11264.75,11202.5,63.0,-3.5,-0.027777777777777776,TP,1,L
2020-08-10 10:39:00-04:00,2020-08-10 10:39:00-04:00,2020-08-10 10:45:00-04:00,S,11038.0,11006.75,11186.25,148.25,60.5,0.20404721753794267,TP,1,S
2020-08-11 11:09:00-04:00,2020-08-11 11:09:00-04:00,2020-08-11 11:27:00-04:00,L,11048.25,11066.75,10919.25,129.0,35.0,0.13565891472868216,TP,1,L
2020-08-12 10:54:00-04:00,2020-08-12 10:54:00-04:00,2020-08-12 12:24:00-04:00,L,11107.75,11160.75,10890.0,217.75,104.0,0.23880597014925373,TP,1,L
2020-08-13 10:34:00-04:00,2020-08-13 10:34:00-04:00,2020-08-13 11:05:00-04:00,L,11238.25,11251.75,11147.25,91.0,25.0,0.13736263736263737,TP,1,L
2020-08-17 13:04:00-04:00,2020-08-17 13:04:00-04:00,2020-08-17 14:35:00-04:00,L,11277.25,11291.75,11207.5,69.75,27.0,0.1935483870967742,TP,1,L
2020-08-18 13:39:00-04:00,2020-08-18 13:39:00-04:00,2020-08-18 15:59:00-04:00,L,11384.5,11393.75,11232.0,152.5,16.5,0.054098360655737705,time,1,L
2020-08-19 11:34:00-04:00,2020-08-19 11:34:00-04:00,2020-08-19 11:57:00-04:00,L,11418.0,11428.0,11316.25,101.75,18.0,0.08845208845208845,TP,1,L
2020-08-20 10:54:00-04:00,2020-08-20 10:54:00-04:00,2020-08-20 11:36:00-04:00,L,11390.5,11411.5,11241.75,148.75,40.0,0.13445378151260504,TP,1,L
2020-08-21 10:34:00-04:00,2020-08-21 10:34:00-04:00,2020-08-21 10:55:00-04:00,L,11540.0,11553.5,11433.75,106.25,25.0,0.11764705882352941,TP,1,L
2020-08-24 10:49:00-04:00,2020-08-24 10:49:00-04:00,2020-08-24 10:53:00-04:00,S,11584.75,11551.75,11768.25,183.5,64.0,0.17438692098092642,TP,1,S
2020-08-25 11:04:00-04:00,2020-08-25 11:04:00-04:00,2020-08-25 11:10:00-04:00,L,11652.5,11664.25,11560.75,91.75,21.5,0.11716621253405994,TP,1,L
2020-08-26 10:34:00-04:00,2020-08-26 10:34:00-04:00,2020-08-26 10:40:00-04:00,L,11818.25,11824.0,11750.25,68.0,9.5,0.06985294117647059,TP,1,L
2020-08-27 11:04:00-04:00,2020-08-27 11:04:00-04:00,2020-08-27 12:51:00-04:00,L,12026.5,11873.25,11873.5,153.0,-308.5,-1.0081699346405228,SL,1,L
2020-08-28 13:14:00-04:00,2020-08-28 13:14:00-04:00,2020-08-28 13:15:00-04:00,S,11936.75,11937.5,12026.75,90.0,-3.5,-0.019444444444444445,TP,1,S
2020-08-31 10:49:00-04:00,2020-08-31 10:49:00-04:00,2020-08-31 11:06:00-04:00,L,12077.0,12095.75,11967.0,110.0,35.5,0.16136363636363638,TP,1,L
2020-09-01 13:44:00-04:00,2020-09-01 13:44:00-04:00,2020-09-01 15:59:00-04:00,L,12281.25,12293.75,12082.0,199.25,23.0,0.05771643663739021,time,1,L
2020-09-02 11:39:00-04:00,2020-09-02 11:39:00-04:00,2020-09-02 15:59:00-04:00,S,12174.0,12411.0,12522.75,348.75,-476.0,-0.6824372759856631,time,1,S
2020-09-03 10:39:00-04:00,2020-09-03 10:39:00-04:00,2020-09-03 10:45:00-04:00,S,11992.25,11959.75,12313.0,320.75,63.0,0.09820732657833203,TP,1,S
2020-09-04 10:34:00-04:00,2020-09-04 10:34:00-04:00,2020-09-04 15:59:00-04:00,S,11326.5,11620.0,12029.75,703.25,-589.0,-0.41876999644507645,time,1,S
2020-09-07 10:54:00-04:00,2020-09-07 10:54:00-04:00,2020-09-07 10:55:00-04:00,L,11504.25,11503.75,11442.0,62.25,-3.0,-0.024096385542168676,TP,1,L
2020-09-08 14:44:00-04:00,2020-09-08 14:44:00-04:00,2020-09-08 15:59:00-04:00,S,11110.0,11068.75,11481.0,371.0,80.5,0.10849056603773585,time,1,S
2020-09-09 10:39:00-04:00,2020-09-09 10:39:00-04:00,2020-09-09 12:13:00-04:00,L,11368.0,11409.5,11157.75,210.25,81.0,0.19262782401902498,TP,1,L
2020-09-10 10:49:00-04:00,2020-09-10 10:49:00-04:00,2020-09-10 10:50:00-04:00,S,11444.5,11445.0,11591.0,146.5,-3.0,-0.010238907849829351,TP,1,S
2020-09-11 12:34:00-04:00,2020-09-11 12:34:00-04:00,2020-09-11 12:35:00-04:00,S,11077.0,11077.0,11324.25,247.25,-2.0,-0.004044489383215369,TP,1,S
2020-09-15 10:44:00-04:00,2020-09-15 10:44:00-04:00,2020-09-15 15:37:00-04:00,S,11388.25,11377.25,11516.5,128.25,20.0,0.07797270955165692,TP,1,S
2020-09-17 10:49:00-04:00,2020-09-17 10:49:00-04:00,2020-09-17 15:59:00-04:00,L,11114.25,11066.25,10880.5,233.75,-98.0,-0.20962566844919786,time,1,L
2020-09-18 10:34:00-04:00,2020-09-18 10:34:00-04:00,2020-09-18 10:35:00-04:00,S,11012.25,11003.25,11153.5,141.25,16.0,0.05663716814159292,TP,1,S
2020-09-21 10:39:00-04:00,2020-09-21 10:39:00-04:00,2020-09-21 15:38:00-04:00,S,10665.0,10896.5,10896.25,231.25,-465.0,-1.0054054054054054,SL,1,S
2020-09-22 10:59:00-04:00,2020-09-22 10:59:00-04:00,2020-09-22 14:00:00-04:00,S,10945.75,11117.25,11117.0,171.25,-345.0,-1.0072992700729928,SL,1,S
2020-09-23 11:34:00-04:00,2020-09-23 11:34:00-04:00,2020-09-23 12:21:00-04:00,S,11028.0,10978.5,11211.25,183.25,97.0,0.2646657571623465,TP,1,S
2020-09-24 11:44:00-04:00,2020-09-24 11:44:00-04:00,2020-09-24 15:59:00-04:00,L,10948.0,10877.5,10616.25,331.75,-143.0,-0.2155237377543331,time,1,L
2020-09-25 10:34:00-04:00,2020-09-25 10:34:00-04:00,2020-09-25 10:40:00-04:00,L,10955.25,10982.25,10803.0,152.25,52.0,0.17077175697865354,TP,1,L
2020-09-28 10:54:00-04:00,2020-09-28 10:54:00-04:00,2020-09-28 15:59:00-04:00,S,11239.5,11360.25,11387.0,147.5,-243.5,-0.8254237288135593,time,1,S
2020-09-29 10:34:00-04:00,2020-09-29 10:34:00-04:00,2020-09-29 10:35:00-04:00,S,11322.5,11323.0,11389.0,66.5,-3.0,-0.022556390977443608,TP,1,S
2020-09-30 11:49:00-04:00,2020-09-30 11:49:00-04:00,2020-09-30 15:59:00-04:00,L,11495.25,11402.75,11244.75,250.5,-187.0,-0.37325349301397204,time,1,L
2020-10-01 13:54:00-04:00,2020-10-01 13:54:00-04:00,2020-10-01 15:04:00-04:00,L,11578.0,11598.25,11472.0,106.0,38.5,0.18160377358490565,TP,1,L
2020-10-02 11:54:00-04:00,2020-10-02 11:54:00-04:00,2020-10-02 12:01:00-04:00,S,11294.5,11243.0,11538.75,244.25,101.0,0.2067553735926305,TP,1,S
2020-10-05 10:34:00-04:00,2020-10-05 10:34:00-04:00,2020-10-05 13:15:00-04:00,L,11426.5,11452.5,11282.75,143.75,50.0,0.17391304347826086,TP,1,L
2020-10-06 11:19:00-04:00,2020-10-06 11:19:00-04:00,2020-10-06 11:24:00-04:00,S,11411.0,11388.75,11532.0,121.0,42.5,0.1756198347107438,TP,1,S
2020-10-07 12:14:00-04:00,2020-10-07 12:14:00-04:00,2020-10-07 12:59:00-04:00,L,11448.5,11458.0,11348.25,100.25,17.0,0.08478802992518704,TP,1,L
2020-10-09 10:44:00-04:00,2020-10-09 10:44:00-04:00,2020-10-09 11:04:00-04:00,L,11646.25,11663.25,11581.75,64.5,32.0,0.24806201550387597,TP,1,L
2020-10-12 10:54:00-04:00,2020-10-12 10:54:00-04:00,2020-10-12 10:55:00-04:00,L,11954.25,11953.75,11854.75,99.5,-3.0,-0.01507537688442211,TP,1,L
2020-10-13 11:24:00-04:00,2020-10-13 11:24:00-04:00,2020-10-13 15:59:00-04:00,L,12167.0,12074.0,11989.25,177.75,-188.0,-0.5288326300984529,time,1,L
2020-10-14 10:34:00-04:00,2020-10-14 10:34:00-04:00,2020-10-14 11:47:00-04:00,S,12031.25,12010.75,12182.5,151.25,39.0,0.12892561983471074,TP,1,S
2020-10-16 11:19:00-04:00,2020-10-16 11:19:00-04:00,2020-10-16 11:23:00-04:00,S,11916.5,11896.5,12059.25,142.75,38.0,0.1330998248686515,TP,1,S
2020-10-19 10:39:00-04:00,2020-10-19 10:39:00-04:00,2020-10-19 10:45:00-04:00,S,11784.5,11768.75,11999.5,215.0,29.5,0.0686046511627907,TP,1,S
2020-10-20 11:04:00-04:00,2020-10-20 11:04:00-04:00,2020-10-20 11:05:00-04:00,S,11613.0,11609.75,11762.0,149.0,4.5,0.015100671140939598,TP,1,S
2020-10-21 11:19:00-04:00,2020-10-21 11:19:00-04:00,2020-10-21 15:59:00-04:00,S,11645.75,11652.75,11826.0,180.25,-16.0,-0.044382801664355064,time,1,S
2020-10-22 10:34:00-04:00,2020-10-22 10:34:00-04:00,2020-10-22 10:43:00-04:00,S,11555.5,11532.75,11764.5,209.0,43.5,0.10406698564593302,TP,1,S
2020-10-23 11:49:00-04:00,2020-10-23 11:49:00-04:00,2020-10-23 15:59:00-04:00,S,11556.0,11680.25,11728.0,172.0,-250.5,-0.7281976744186046,time,1,S
2020-10-26 10:54:00-04:00,2020-10-26 10:54:00-04:00,2020-10-26 11:00:00-04:00,S,11555.5,11520.75,11744.0,188.5,67.5,0.17904509283819628,TP,1,S
2020-10-27 11:14:00-04:00,2020-10-27 11:14:00-04:00,2020-10-27 11:15:00-04:00,L,11587.5,11590.25,11463.75,123.75,3.5,0.014141414141414142,TP,1,L
2020-10-28 11:34:00-04:00,2020-10-28 11:34:00-04:00,2020-10-28 15:55:00-04:00,S,11202.25,11145.25,11485.75,283.5,112.0,0.19753086419753085,TP,1,S
2020-10-29 11:14:00-04:00,2020-10-29 11:14:00-04:00,2020-10-29 13:27:00-04:00,L,11309.0,11351.75,11135.25,173.75,83.5,0.24028776978417266,TP,1,L
2020-10-30 10:44:00-04:00,2020-10-30 10:44:00-04:00,2020-10-30 13:36:00-04:00,S,11031.25,10970.75,11341.0,309.75,119.0,0.192090395480226,TP,1,S
2020-11-02 11:14:00-05:00,2020-11-02 11:14:00-05:00,2020-11-02 11:16:00-05:00,S,11107.25,11088.25,11242.5,135.25,36.0,0.133086876155268,TP,1,S
2020-11-03 10:59:00-05:00,2020-11-03 10:59:00-05:00,2020-11-03 15:59:00-05:00,L,11333.0,11256.75,11004.5,328.5,-154.5,-0.23515981735159816,time,1,L
2020-11-04 11:59:00-05:00,2020-11-04 11:59:00-05:00,2020-11-04 15:59:00-05:00,L,11800.25,11759.75,11477.5,322.75,-83.0,-0.12858249419054996,time,1,L
2020-11-06 11:39:00-05:00,2020-11-06 11:39:00-05:00,2020-11-06 15:45:00-05:00,L,12050.0,12102.5,11831.75,218.25,103.0,0.23596792668957617,TP,1,L
2020-11-09 14:14:00-05:00,2020-11-09 14:14:00-05:00,2020-11-09 14:23:00-05:00,S,12042.0,12012.5,12335.25,293.25,57.0,0.09718670076726342,TP,1,S
2020-11-10 10:34:00-05:00,2020-11-10 10:34:00-05:00,2020-11-10 15:59:00-05:00,S,11558.75,11620.0,11808.5,249.75,-124.5,-0.24924924924924924,time,1,S
2020-11-11 10:34:00-05:00,2020-11-11 10:34:00-05:00,2020-11-11 12:09:00-05:00,L,11831.0,11876.5,11666.75,164.25,89.0,0.2709284627092846,TP,1,L
2020-11-12 11:44:00-05:00,2020-11-12 11:44:00-05:00,2020-11-12 11:45:00-05:00,S,11860.75,11859.25,11986.75,126.0,1.0,0.003968253968253968,TP,1,S
2020-11-13 10:39:00-05:00,2020-11-13 10:39:00-05:00,2020-11-13 10:56:00-05:00,S,11828.75,11816.5,11943.25,114.5,22.5,0.0982532751091703,TP,1,S
2020-11-16 10:59:00-05:00,2020-11-16 10:59:00-05:00,2020-11-16 15:59:00-05:00,L,12015.25,12013.25,11854.5,160.75,-6.0,-0.01866251944012442,time,1,L
2020-11-18 11:59:00-05:00,2020-11-18 11:59:00-05:00,2020-11-18 12:00:00-05:00,L,11997.75,12005.0,11895.25,102.5,12.5,0.06097560975609756,TP,1,L
2020-11-19 10:39:00-05:00,2020-11-19 10:39:00-05:00,2020-11-19 10:52:00-05:00,L,11937.0,11950.5,11823.75,113.25,25.0,0.11037527593818984,TP,1,L
2020-11-20 10:39:00-05:00,2020-11-20 10:39:00-05:00,2020-11-20 10:40:00-05:00,L,12002.25,12002.25,11940.75,61.5,-2.0,-0.016260162601626018,TP,1,L
2020-11-23 11:09:00-05:00,2020-11-23 11:09:00-05:00,2020-11-23 11:11:00-05:00,S,11859.25,11829.25,12049.5,190.25,58.0,0.15243101182654403,TP,1,S
2020-11-24 10:44:00-05:00,2020-11-24 10:44:00-05:00,2020-11-24 10:50:00-05:00,L,11970.75,11978.25,11861.75,109.0,13.0,0.05963302752293578,TP,1,L
2020-11-25 13:04:00-05:00,2020-11-25 13:04:00-05:00,2020-11-25 15:12:00-05:00,L,12146.75,12162.0,12069.25,77.5,28.5,0.18387096774193548,TP,1,L
2020-11-26 12:14:00-05:00,2020-11-26 12:14:00-05:00,2020-11-26 12:15:00-05:00,S,12176.75,12176.75,12210.25,33.5,-2.0,-0.029850746268656716,TP,1,S
2020-11-27 10:34:00-05:00,2020-11-27 10:34:00-05:00,2020-11-27 13:04:00-05:00,L,12303.75,12262.5,12194.25,109.5,-84.5,-0.3858447488584475,time,1,L
2020-11-30 10:34:00-05:00,2020-11-30 10:34:00-05:00,2020-11-30 10:37:00-05:00,S,12193.25,12170.75,12319.25,126.0,43.0,0.17063492063492064,TP,1,S
2020-12-01 11:34:00-05:00,2020-12-01 11:34:00-05:00,2020-12-01 12:04:00-05:00,L,12433.5,12465.25,12304.75,128.75,61.5,0.23883495145631067,TP,1,L
2020-12-02 10:44:00-05:00,2020-12-02 10:44:00-05:00,2020-12-02 12:02:00-05:00,L,12436.0,12464.75,12273.5,162.5,55.5,0.17076923076923076,TP,1,L
2020-12-03 11:09:00-05:00,2020-12-03 11:09:00-05:00,2020-12-03 15:59:00-05:00,S,12461.75,12472.75,12571.25,109.5,-24.0,-0.1095890410958904,time,1,S
2020-12-04 11:39:00-05:00,2020-12-04 11:39:00-05:00,2020-12-04 15:59:00-05:00,L,12525.0,12529.0,12431.75,93.25,6.0,0.032171581769437,time,1,L
2020-12-07 11:09:00-05:00,2020-12-07 11:09:00-05:00,2020-12-07 15:59:00-05:00,L,12607.5,12597.0,12502.0,105.5,-23.0,-0.10900473933649289,time,1,L
2020-12-08 12:04:00-05:00,2020-12-08 12:04:00-05:00,2020-12-08 13:08:00-05:00,L,12597.25,12612.0,12470.25,127.0,27.5,0.10826771653543307,TP,1,L
2020-12-09 12:14:00-05:00,2020-12-09 12:14:00-05:00,2020-12-09 12:16:00-05:00,S,12564.0,12550.0,12664.75,100.75,26.0,0.12903225806451613,TP,1,S
2020-12-10 10:39:00-05:00,2020-12-10 10:39:00-05:00,2020-12-10 15:59:00-05:00,L,12424.5,12398.0,12135.75,288.75,-55.0,-0.09523809523809523,time,1,L
2020-12-11 11:39:00-05:00,2020-12-11 11:39:00-05:00,2020-12-11 12:35:00-05:00,S,12269.5,12240.0,12390.75,121.25,57.0,0.23505154639175257,TP,1,S
2020-12-15 10:39:00-05:00,2020-12-15 10:39:00-05:00,2020-12-15 10:40:00-05:00,S,12534.5,12535.25,12590.5,56.0,-3.5,-0.03125,TP,1,S
2020-12-16 10:44:00-05:00,2020-12-16 10:44:00-05:00,2020-12-16 11:04:00-05:00,L,12630.25,12635.0,12565.25,65.0,7.5,0.057692307692307696,TP,1,L
2020-12-17 10:59:00-05:00,2020-12-17 10:59:00-05:00,2020-12-17 11:50:00-05:00,S,12703.5,12694.75,12777.25,73.75,15.5,0.10508474576271186,TP,1,S
2020-12-18 11:14:00-05:00,2020-12-18 11:14:00-05:00,2020-12-18 15:04:00-05:00,S,12678.25,12649.0,12816.75,138.5,56.5,0.20397111913357402,TP,1,S
2020-12-21 10:49:00-05:00,2020-12-21 10:49:00-05:00,2020-12-21 15:59:00-05:00,S,12473.0,12685.0,12718.25,245.25,-426.0,-0.8685015290519877,time,1,S
2020-12-22 11:34:00-05:00,2020-12-22 11:34:00-05:00,2020-12-22 11:35:00-05:00,S,12639.75,12640.0,12781.0,141.25,-2.5,-0.008849557522123894,TP,1,S
2020-12-23 13:09:00-05:00,2020-12-23 13:09:00-05:00,2020-12-23 15:59:00-05:00,L,12726.25,12652.25,12652.5,73.75,-150.0,-1.0169491525423728,SL,1,L
2020-12-28 11:29:00-05:00,2020-12-28 11:29:00-05:00,2020-12-28 14:37:00-05:00,L,12821.75,12850.25,12712.5,109.25,55.0,0.2517162471395881,TP,1,L
2020-12-30 10:39:00-05:00,2020-12-30 10:39:00-05:00,2020-12-30 15:59:00-05:00,S,12823.25,12843.5,12924.0,100.75,-42.5,-0.2109181141439206,time,1,S
2020-12-31 11:54:00-05:00,2020-12-31 11:54:00-05:00,2020-12-31 11:55:00-05:00,S,12815.5,12816.5,12863.75,48.25,-4.0,-0.04145077720207254,TP,1,S
2021-01-04 10:49:00-05:00,2021-01-04 10:49:00-05:00,2021-01-04 10:50:00-05:00,S,12819.0,12819.25,12972.0,153.0,-2.5,-0.008169934640522876,TP,1,S
2021-01-05 14:09:00-05:00,2021-01-05 14:09:00-05:00,2021-01-05 15:59:00-05:00,L,12785.0,12791.25,12589.25,195.75,10.5,0.02681992337164751,time,1,L
2021-01-06 10:34:00-05:00,2021-01-06 10:34:00-05:00,2021-01-06 11:16:00-05:00,L,12716.5,12773.5,12485.75,230.75,112.0,0.24268689057421453,TP,1,L
2021-01-07 10:49:00-05:00,2021-01-07 10:49:00-05:00,2021-01-07 15:50:00-05:00,L,12902.0,12951.25,12652.75,249.25,96.5,0.19358074222668004,TP,1,L
2021-01-08 12:14:00-05:00,2021-01-08 12:14:00-05:00,2021-01-08 15:54:00-05:00,L,13056.25,13099.0,12912.25,144.0,83.5,0.2899305555555556,TP,1,L
2021-01-11 10:34:00-05:00,2021-01-11 10:34:00-05:00,2021-01-11 15:29:00-05:00,L,13002.0,12874.5,12874.75,127.25,-257.0,-1.0098231827111985,SL,1,L
2021-01-12 12:04:00-05:00,2021-01-12 12:04:00-05:00,2021-01-12 12:05:00-05:00,S,12838.75,12839.0,12965.5,126.75,-2.5,-0.009861932938856016,TP,1,S
2021-01-13 10:39:00-05:00,2021-01-13 10:39:00-05:00,2021-01-13 10:47:00-05:00,L,12959.25,12969.25,12834.5,124.75,18.0,0.07214428857715431,TP,1,L
2021-01-14 10:49:00-05:00,2021-01-14 10:49:00-05:00,2021-01-14 10:50:00-05:00,L,13021.25,13022.25,12966.5,54.75,0.0,0.0,TP,1,L
2021-01-19 12:39:00-05:00,2021-01-19 12:39:00-05:00,2021-01-19 12:44:00-05:00,L,12931.5,12940.25,12840.0,91.5,15.5,0.08469945355191257,TP,1,L
2021-01-20 10:34:00-05:00,2021-01-20 10:34:00-05:00,2021-01-20 13:04:00-05:00,L,13240.5,13277.25,13089.75,150.75,71.5,0.23714759535655058,TP,1,L
2021-01-21 10:54:00-05:00,2021-01-21 10:54:00-05:00,2021-01-21 15:04:00-05:00,L,13379.25,13407.0,13263.25,116.0,53.5,0.23060344827586207,TP,1,L
2021-01-25 10:44:00-05:00,2021-01-25 10:44:00-05:00,2021-01-25 10:49:00-05:00,S,13495.25,13473.25,13571.75,76.5,42.0,0.27450980392156865,TP,1,S
2021-01-26 10:49:00-05:00,2021-01-26 10:49:00-05:00,2021-01-26 11:06:00-05:00,L,13514.25,13532.75,13409.5,104.75,35.0,0.16706443914081145,TP,1,L
2021-01-27 14:49:00-05:00,2021-01-27 14:49:00-05:00,2021-01-27 14:52:00-05:00,S,13150.0,13119.25,13480.0,330.0,59.5,0.09015151515151515,TP,1,S
2021-01-28 11:04:00-05:00,2021-01-28 11:04:00-05:00,2021-01-28 12:05:00-05:00,L,13291.5,13331.75,13072.0,219.5,78.5,0.1788154897494305,TP,1,L
2021-01-29 11:29:00-05:00,2021-01-29 11:29:00-05:00,2021-01-29 12:20:00-05:00,S,12993.5,12949.25,13213.5,220.0,86.5,0.1965909090909091,TP,1,S
2021-02-01 10:44:00-05:00,2021-02-01 10:44:00-05:00,2021-02-01 11:24:00-05:00,L,13116.0,13143.25,12919.75,196.25,52.5,0.1337579617834395,TP,1,L
2021-02-02 11:44:00-05:00,2021-02-02 11:44:00-05:00,2021-02-02 13:40:00-05:00,L,13440.25,13475.25,13311.0,129.25,68.0,0.26305609284332687,TP,1,L
2021-02-04 13:04:00-05:00,2021-02-04 13:04:00-05:00,2021-02-04 13:12:00-05:00,L,13487.0,13491.25,13360.75,126.25,6.5,0.02574257425742574,TP,1,L
2021-02-05 12:19:00-05:00,2021-02-05 12:19:00-05:00,2021-02-05 12:43:00-05:00,L,13596.0,13621.25,13496.75,99.25,48.5,0.24433249370277077,TP,1,L
2021-02-08 11:34:00-05:00,2021-02-08 11:34:00-05:00,2021-02-08 11:35:00-05:00,S,13612.25,13612.25,13709.25,97.0,-2.0,-0.010309278350515464,TP,1,S
2021-02-09 10:39:00-05:00,2021-02-09 10:39:00-05:00,2021-02-09 15:59:00-05:00,L,13730.25,13680.25,13605.5,124.75,-102.0,-0.4088176352705411,time,1,L
2021-02-10 10:44:00-05:00,2021-02-10 10:44:00-05:00,2021-02-10 15:59:00-05:00,S,13530.0,13650.75,13830.0,300.0,-243.5,-0.4058333333333333,time,1,S
2021-02-11 12:19:00-05:00,2021-02-11 12:19:00-05:00,2021-02-11 12:25:00-05:00,S,13677.75,13669.25,13742.5,64.75,15.0,0.11583011583011583,TP,1,S
2021-02-12 10:44:00-05:00,2021-02-12 10:44:00-05:00,2021-02-12 10:49:00-05:00,L,13717.75,13727.25,13645.5,72.25,17.0,0.11764705882352941,TP,1,L
2021-02-15 10:59:00-05:00,2021-02-15 10:59:00-05:00,2021-02-15 12:29:00-05:00,L,13863.0,13863.25,13843.5,19.5,-1.5,-0.038461538461538464,TP,1,L
2021-02-16 10:39:00-05:00,2021-02-16 10:39:00-05:00,2021-02-16 11:08:00-05:00,L,13871.25,13807.25,13807.5,63.75,-130.0,-1.0196078431372548,SL,1,L
2021-02-17 11:19:00-05:00,2021-02-17 11:19:00-05:00,2021-02-17 11:20:00-05:00,S,13557.0,13557.75,13727.0,170.0,-3.5,-0.010294117647058823,TP,1,S
2021-02-18 13:24:00-05:00,2021-02-18 13:24:00-05:00,2021-02-18 13:32:00-05:00,L,13596.0,13610.25,13440.5,155.5,26.5,0.08520900321543408,TP,1,L
2021-02-19 12:24:00-05:00,2021-02-19 12:24:00-05:00,2021-02-19 12:25:00-05:00,S,13612.5,13612.75,13724.0,111.5,-2.5,-0.011210762331838564,TP,1,S
2021-02-22 10:34:00-05:00,2021-02-22 10:34:00-05:00,2021-02-22 10:54:00-05:00,S,13330.5,13302.75,13481.25,150.75,53.5,0.17744610281923714,TP,1,S
2021-02-23 10:44:00-05:00,2021-02-23 10:44:00-05:00,2021-02-23 15:07:00-05:00,L,13037.75,13151.0,12647.25,390.5,224.5,0.2874519846350832,TP,1,L
2021-02-24 11:14:00-05:00,2021-02-24 11:14:00-05:00,2021-02-24 11:15:00-05:00,L,13143.0,13142.75,12922.5,220.5,-2.5,-0.005668934240362812,TP,1,L
2021-02-25 10:39:00-05:00,2021-02-25 10:39:00-05:00,2021-02-25 10:50:00-05:00,S,13106.75,13069.5,13348.25,241.5,72.5,0.15010351966873706,TP,1,S
2021-02-26 12:09:00-05:00,2021-02-26 12:09:00-05:00,2021-02-26 15:59:00-05:00,L,13053.0,12893.5,12641.0,412.0,-321.0,-0.3895631067961165,time,1,L
2021-03-01 10:39:00-05:00,2021-03-01 10:39:00-05:00,2021-03-01 10:52:00-05:00,L,13151.75,13180.5,13008.75,143.0,55.5,0.19405594405594406,TP,1,L
2021-03-02 10:39:00-05:00,2021-03-02 10:39:00-05:00,2021-03-02 15:49:00-05:00,S,13149.25,13087.0,13367.75,218.5,122.5,0.2803203661327231,TP,1,S
2021-03-03 12:59:00-05:00,2021-03-03 12:59:00-05:00,2021-03-03 14:03:00-05:00,S,12816.0,12748.25,13122.75,306.75,133.5,0.2176039119804401,TP,1,S
2021-03-04 11:44:00-05:00,2021-03-04 11:44:00-05:00,2021-03-04 13:48:00-05:00,L,12783.25,12390.75,12391.0,392.25,-787.0,-1.0031867431485022,SL,1,L
2021-03-05 10:34:00-05:00,2021-03-05 10:34:00-05:00,2021-03-05 11:18:00-05:00,S,12340.75,12241.75,12697.0,356.25,196.0,0.2750877192982456,TP,1,S
2021-03-08 10:34:00-05:00,2021-03-08 10:34:00-05:00,2021-03-08 13:49:00-05:00,L,12707.75,12470.0,12470.25,237.5,-477.5,-1.0052631578947369,SL,1,L
2021-03-09 12:09:00-05:00,2021-03-09 12:09:00-05:00,2021-03-09 13:05:00-05:00,L,12778.5,12824.25,12528.75,249.75,89.5,0.17917917917917917,TP,1,L
2021-03-10 10:39:00-05:00,2021-03-10 10:39:00-05:00,2021-03-10 15:59:00-05:00,S,12767.25,12752.5,13055.0,287.75,27.5,0.04778453518679409,time,1,S
2021-03-11 10:49:00-05:00,2021-03-11 10:49:00-05:00,2021-03-11 11:00:00-05:00,L,13009.5,13032.75,12886.25,123.25,44.5,0.18052738336713997,TP,1,L
2021-03-12 12:34:00-05:00,2021-03-12 12:34:00-05:00,2021-03-12 15:36:00-05:00,L,12921.75,12933.75,12762.25,159.5,22.0,0.06896551724137931,TP,1,L
2021-03-15 14:09:00-04:00,2021-03-15 14:09:00-04:00,2021-03-15 14:26:00-04:00,L,12997.0,13023.75,12877.0,120.0,51.5,0.21458333333333332,TP,1,L
2021-03-16 10:34:00-04:00,2021-03-16 10:34:00-04:00,2021-03-16 14:27:00-04:00,L,13277.5,13119.25,13119.5,158.0,-318.5,-1.0079113924050633,SL,1,L
2021-03-18 12:59:00-04:00,2021-03-18 12:59:00-04:00,2021-03-18 13:00:00-04:00,S,12899.5,12900.5,13032.5,133.0,-4.0,-0.015037593984962405,TP,1,S
2021-03-19 11:04:00-04:00,2021-03-19 11:04:00-04:00,2021-03-19 12:01:00-04:00,L,12841.5,12861.25,12659.0,182.5,37.5,0.10273972602739725,TP,1,L
2021-03-22 10:44:00-04:00,2021-03-22 10:44:00-04:00,2021-03-22 10:52:00-04:00,L,13040.25,13063.5,12883.75,156.5,44.5,0.14217252396166133,TP,1,L
2021-03-23 11:09:00-04:00,2021-03-23 11:09:00-04:00,2021-03-23 11:10:00-04:00,L,13161.75,13161.0,13038.5,123.25,-3.5,-0.014198782961460446,TP,1,L
2021-03-24 13:09:00-04:00,2021-03-24 13:09:00-04:00,2021-03-24 15:34:00-04:00,S,12909.0,12839.5,13148.25,239.25,137.0,0.28631138975966564,TP,1,S
2021-03-25 10:49:00-04:00,2021-03-25 10:49:00-04:00,2021-03-25 10:51:00-04:00,S,12675.25,12663.75,12876.5,201.25,21.0,0.05217391304347826,TP,1,S
2021-03-26 10:44:00-04:00,2021-03-26 10:44:00-04:00,2021-03-26 14:15:00-04:00,L,12857.75,12720.25,12720.5,137.25,-277.0,-1.0091074681238617,SL,1,L
2021-03-29 13:04:00-04:00,2021-03-29 13:04:00-04:00,2021-03-29 15:59:00-04:00,L,12986.25,12955.75,12759.75,226.5,-63.0,-0.1390728476821192,time,1,L
2021-03-30 11:34:00-04:00,2021-03-30 11:34:00-04:00,2021-03-30 11:40:00-04:00,L,12895.5,12914.25,12750.5,145.0,35.5,0.12241379310344827,TP,1,L
2021-03-31 10:44:00-04:00,2021-03-31 10:44:00-04:00,2021-03-31 12:38:00-04:00,L,13116.25,13143.75,12909.5,206.75,53.0,0.12817412333736397,TP,1,L
2021-04-05 10:34:00-04:00,2021-04-05 10:34:00-04:00,2021-04-05 12:19:00-04:00,L,13523.75,13560.75,13372.5,151.25,72.0,0.23801652892561984,TP,1,L
2021-04-06 11:09:00-04:00,2021-04-06 11:09:00-04:00,2021-04-06 11:13:00-04:00,L,13615.0,13631.25,13525.0,90.0,30.5,0.16944444444444445,TP,1,L
2021-04-07 11:09:00-04:00,2021-04-07 11:09:00-04:00,2021-04-07 15:59:00-04:00,L,13624.0,13604.25,13473.5,150.5,-41.5,-0.1378737541528239,time,1,L
2021-04-09 11:54:00-04:00,2021-04-09 11:54:00-04:00,2021-04-09 11:55:00-04:00,L,13764.25,13770.5,13641.75,122.5,10.5,0.04285714285714286,TP,1,L
2021-04-12 12:34:00-04:00,2021-04-12 12:34:00-04:00,2021-04-12 13:02:00-04:00,L,13814.0,13822.75,13733.5,80.5,15.5,0.09627329192546584,TP,1,L
2021-04-13 14:34:00-04:00,2021-04-13 14:34:00-04:00,2021-04-13 15:09:00-04:00,L,13953.75,13976.0,13844.25,109.5,42.5,0.19406392694063926,TP,1,L
2021-04-14 10:59:00-04:00,2021-04-14 10:59:00-04:00,2021-04-14 11:12:00-04:00,S,13915.75,13891.25,14014.0,98.25,47.0,0.23918575063613232,TP,1,S
2021-04-15 10:34:00-04:00,2021-04-15 10:34:00-04:00,2021-04-15 13:31:00-04:00,L,13995.5,14018.25,13899.0,96.5,43.5,0.22538860103626943,TP,1,L
2021-04-19 10:49:00-04:00,2021-04-19 10:49:00-04:00,2021-04-19 11:45:00-04:00,S,13877.0,13860.5,14053.25,176.25,31.0,0.08794326241134752,TP,1,S
2021-04-20 10:44:00-04:00,2021-04-20 10:44:00-04:00,2021-04-20 10:45:00-04:00,S,13824.75,13825.0,13947.0,122.25,-2.5,-0.010224948875255624,TP,1,S
2021-04-21 11:14:00-04:00,2021-04-21 11:14:00-04:00,2021-04-21 11:55:00-04:00,L,13827.5,13868.25,13658.75,168.75,79.5,0.23555555555555555,TP,1,L
2021-04-22 10:34:00-04:00,2021-04-22 10:34:00-04:00,2021-04-22 10:47:00-04:00,L,13931.5,13934.75,13839.0,92.5,4.5,0.024324324324324326,TP,1,L
2021-04-23 10:34:00-04:00,2021-04-23 10:34:00-04:00,2021-04-23 11:15:00-04:00,L,13861.0,13888.75,13738.5,122.5,53.5,0.21836734693877552,TP,1,L
2021-04-26 10:49:00-04:00,2021-04-26 10:49:00-04:00,2021-04-26 11:03:00-04:00,L,13967.75,13981.25,13890.0,77.75,25.0,0.1607717041800643,TP,1,L
2021-04-29 10:34:00-04:00,2021-04-29 10:34:00-04:00,2021-04-29 11:56:00-04:00,S,13916.75,13871.25,14099.5,182.75,89.0,0.24350205198358413,TP,1,S
2021-04-30 13:54:00-04:00,2021-04-30 13:54:00-04:00,2021-04-30 15:59:00-04:00,S,13839.5,13861.0,13992.5,153.0,-45.0,-0.14705882352941177,time,1,S
2021-05-03 10:54:00-04:00,2021-05-03 10:54:00-04:00,2021-05-03 11:11:00-04:00,S,13849.5,13823.75,13980.5,131.0,49.5,0.18893129770992367,TP,1,S
2021-05-04 10:49:00-04:00,2021-05-04 10:49:00-04:00,2021-05-04 11:14:00-04:00,S,13489.0,13440.25,13763.5,274.5,95.5,0.17395264116575593,TP,1,S
2021-05-06 11:34:00-04:00,2021-05-06 11:34:00-04:00,2021-05-06 11:50:00-04:00,L,13523.75,13561.25,13345.0,178.75,73.0,0.2041958041958042,TP,1,L
2021-05-10 10:34:00-04:00,2021-05-10 10:34:00-04:00,2021-05-10 14:03:00-04:00,S,13498.0,13447.75,13717.5,219.5,98.5,0.224373576309795,TP,1,S
2021-05-11 11:24:00-04:00,2021-05-11 11:24:00-04:00,2021-05-11 13:28:00-04:00,L,13282.75,13352.25,13026.5,256.25,137.0,0.2673170731707317,TP,1,L
2021-05-12 10:34:00-04:00,2021-05-12 10:34:00-04:00,2021-05-12 10:43:00-04:00,S,13088.5,13056.5,13255.25,166.75,62.0,0.18590704647676162,TP,1,S
2021-05-13 11:44:00-04:00,2021-05-13 11:44:00-04:00,2021-05-13 13:25:00-04:00,S,13064.0,13034.75,13257.0,193.0,56.5,0.14637305699481865,TP,1,S
2021-05-14 10:34:00-04:00,2021-05-14 10:34:00-04:00,2021-05-14 11:12:00-04:00,L,13311.25,13331.25,13182.75,128.5,38.0,0.14785992217898833,TP,1,L
2021-05-17 12:09:00-04:00,2021-05-17 12:09:00-04:00,2021-05-17 13:17:00-04:00,S,13232.0,13211.25,13357.5,125.5,39.5,0.15737051792828685,TP,1,S
2021-05-18 10:34:00-04:00,2021-05-18 10:34:00-04:00,2021-05-18 14:34:00-04:00,L,13389.0,13289.75,13290.0,99.0,-200.5,-1.0126262626262625,SL,1,L
2021-05-19 10:54:00-04:00,2021-05-19 10:54:00-04:00,2021-05-19 11:22:00-04:00,L,13109.5,13145.75,12930.25,179.25,70.5,0.19665271966527198,TP,1,L
2021-05-20 10:34:00-04:00,2021-05-20 10:34:00-04:00,2021-05-20 11:40:00-04:00,L,13431.5,13484.5,13227.75,203.75,104.0,0.2552147239263804,TP,1,L
2021-05-21 10:39:00-04:00,2021-05-21 10:39:00-04:00,2021-05-21 10:54:00-04:00,S,13475.0,13445.75,13587.5,112.5,56.5,0.2511111111111111,TP,1,S
2021-05-24 10:39:00-04:00,2021-05-24 10:39:00-04:00,2021-05-24 15:59:00-04:00,L,13645.75,13637.5,13445.75,200.0,-18.5,-0.04625,time,1,L
2021-05-25 10:34:00-04:00,2021-05-25 10:34:00-04:00,2021-05-25 11:28:00-04:00,S,13638.75,13627.0,13725.75,87.0,21.5,0.1235632183908046,TP,1,S
2021-05-26 11:09:00-04:00,2021-05-26 11:09:00-04:00,2021-05-26 11:14:00-04:00,L,13711.75,13714.25,13643.75,68.0,3.0,0.022058823529411766,TP,1,L
2021-05-27 10:34:00-04:00,2021-05-27 10:34:00-04:00,2021-05-27 15:59:00-04:00,L,13714.25,13652.0,13627.25,87.0,-126.5,-0.7270114942528736,time,1,L
2021-05-28 11:44:00-04:00,2021-05-28 11:44:00-04:00,2021-05-28 11:45:00-04:00,L,13745.5,13745.0,13683.25,62.25,-3.0,-0.024096385542168676,TP,1,L
2021-05-31 10:54:00-04:00,2021-05-31 10:54:00-04:00,2021-05-31 12:29:00-04:00,S,13662.75,13660.0,13683.75,21.0,3.5,0.08333333333333333,TP,1,S
2021-06-01 10:54:00-04:00,2021-06-01 10:54:00-04:00,2021-06-01 10:56:00-04:00,S,13612.5,13595.75,13806.25,193.75,31.5,0.08129032258064516,TP,1,S
2021-06-02 13:24:00-04:00,2021-06-02 13:24:00-04:00,2021-06-02 13:25:00-04:00,S,13627.75,13628.25,13720.75,93.0,-3.0,-0.016129032258064516,TP,1,S
2021-06-03 10:59:00-04:00,2021-06-03 10:59:00-04:00,2021-06-03 11:06:00-04:00,L,13579.0,13605.5,13420.75,158.25,51.0,0.16113744075829384,TP,1,L
2021-06-04 11:19:00-04:00,2021-06-04 11:19:00-04:00,2021-06-04 15:59:00-04:00,L,13759.5,13766.25,13547.0,212.5,11.5,0.027058823529411764,time,1,L
2021-06-07 14:54:00-04:00,2021-06-07 14:54:00-04:00,2021-06-07 14:57:00-04:00,L,13767.0,13776.25,13694.5,72.5,16.5,0.11379310344827587,TP,1,L
2021-06-08 10:34:00-04:00,2021-06-08 10:34:00-04:00,2021-06-08 11:17:00-04:00,S,13818.25,13786.75,13951.5,133.25,61.0,0.22889305816135083,TP,1,S
2021-06-11 11:04:00-04:00,2021-06-11 11:04:00-04:00,2021-06-11 11:05:00-04:00,S,13937.5,13936.25,14000.75,63.25,0.5,0.003952569169960474,TP,1,S
2021-06-15 11:29:00-04:00,2021-06-15 11:29:00-04:00,2021-06-15 11:38:00-04:00,S,14049.5,14032.75,14141.25,91.75,31.5,0.17166212534059946,TP,1,S
2021-06-16 11:34:00-04:00,2021-06-16 11:34:00-04:00,2021-06-16 11:36:00-04:00,S,14038.5,14031.25,14108.75,70.25,12.5,0.08896797153024912,TP,1,S
2021-06-17 10:34:00-04:00,2021-06-17 10:34:00-04:00,2021-06-17 11:32:00-04:00,L,14113.25,14169.25,13856.5,256.75,110.0,0.21421616358325218,TP,1,L
2021-06-18 11:14:00-04:00,2021-06-18 11:14:00-04:00,2021-06-18 11:15:00-04:00,S,14029.0,14029.75,14142.0,113.0,-3.5,-0.015486725663716814,TP,1,S
2021-06-21 10:39:00-04:00,2021-06-21 10:39:00-04:00,2021-06-21 11:03:00-04:00,L,14081.75,14115.25,13932.5,149.25,65.0,0.21775544388609716,TP,1,L
2021-06-22 11:09:00-04:00,2021-06-22 11:09:00-04:00,2021-06-22 11:10:00-04:00,L,14187.5,14190.25,14096.5,91.0,3.5,0.019230769230769232,TP,1,L
2021-06-23 11:04:00-04:00,2021-06-23 11:04:00-04:00,2021-06-23 12:39:00-04:00,S,14252.5,14233.0,14334.75,82.25,37.0,0.22492401215805471,TP,1,S
2021-06-24 10:34:00-04:00,2021-06-24 10:34:00-04:00,2021-06-24 15:59:00-04:00,L,14405.5,14354.0,14323.0,82.5,-105.0,-0.6363636363636364,time,1,L
2021-06-28 12:24:00-04:00,2021-06-28 12:24:00-04:00,2021-06-28 15:03:00-04:00,L,14488.0,14508.25,14355.5,132.5,38.5,0.14528301886792452,TP,1,L
2021-06-29 12:19:00-04:00,2021-06-29 12:19:00-04:00,2021-06-29 12:20:00-04:00,L,14534.0,14534.75,14478.5,55.5,-0.5,-0.0045045045045045045,TP,1,L
2021-07-01 11:14:00-04:00,2021-07-01 11:14:00-04:00,2021-07-01 11:15:00-04:00,S,14497.25,14496.75,14575.0,77.75,-1.0,-0.006430868167202572,TP,1,S
2021-07-02 11:54:00-04:00,2021-07-02 11:54:00-04:00,2021-07-02 12:54:00-04:00,L,14670.5,14681.75,14612.0,58.5,20.5,0.1752136752136752,TP,1,L
2021-07-06 10:34:00-04:00,2021-07-06 10:34:00-04:00,2021-07-06 10:35:00-04:00,S,14727.25,14717.75,14809.0,81.75,17.0,0.10397553516819572,TP,1,S
2021-07-07 10:34:00-04:00,2021-07-07 10:34:00-04:00,2021-07-07 10:42:00-04:00,S,14784.5,14750.0,14911.75,127.25,67.0,0.2632612966601179,TP,1,S
2021-07-08 11:39:00-04:00,2021-07-08 11:39:00-04:00,2021-07-08 12:29:00-04:00,L,14661.25,14694.75,14491.5,169.75,65.0,0.19145802650957292,TP,1,L
2021-07-09 10:44:00-04:00,2021-07-09 10:44:00-04:00,2021-07-09 10:51:00-04:00,L,14738.5,14749.5,14662.75,75.75,20.0,0.132013201320132,TP,1,L
2021-07-13 10:34:00-04:00,2021-07-13 10:34:00-04:00,2021-07-13 15:59:00-04:00,L,14961.75,14865.25,14798.75,163.0,-195.0,-0.598159509202454,time,1,L
2021-07-14 11:29:00-04:00,2021-07-14 11:29:00-04:00,2021-07-14 11:30:00-04:00,S,14918.5,14914.0,15018.75,100.25,7.0,0.034912718204488775,TP,1,S
2021-07-15 10:49:00-04:00,2021-07-15 10:49:00-04:00,2021-07-15 10:50:00-04:00,S,14766.5,14760.5,14937.25,170.75,10.0,0.029282576866764276,TP,1,S
2021-07-16 11:04:00-04:00,2021-07-16 11:04:00-04:00,2021-07-16 15:29:00-04:00,S,14735.5,14682.25,14925.5,190.0,104.5,0.275,TP,1,S
2021-07-19 13:34:00-04:00,2021-07-19 13:34:00-04:00,2021-07-19 15:59:00-04:00,S,14455.0,14554.0,14615.5,160.5,-200.0,-0.6230529595015576,time,1,S
2021-07-20 10:44:00-04:00,2021-07-20 10:44:00-04:00,2021-07-20 10:50:00-04:00,L,14631.25,14648.75,14485.5,145.75,33.0,0.11320754716981132,TP,1,L
2021-07-21 11:04:00-04:00,2021-07-21 11:04:00-04:00,2021-07-21 15:00:00-04:00,L,14776.5,14790.75,14672.25,104.25,26.5,0.12709832134292565,TP,1,L
2021-07-22 10:39:00-04:00,2021-07-22 10:39:00-04:00,2021-07-22 15:59:00-04:00,L,14915.0,14928.5,14807.25,107.75,25.0,0.11600928074245939,time,1,L
2021-07-23 10:39:00-04:00,2021-07-23 10:39:00-04:00,2021-07-23 11:02:00-04:00,L,15010.5,15021.25,14925.5,85.0,19.5,0.11470588235294117,TP,1,L
2021-07-26 10:39:00-04:00,2021-07-26 10:39:00-04:00,2021-07-26 15:59:00-04:00,L,15119.75,15116.5,15014.75,105.0,-8.5,-0.04047619047619048,time,1,L
2021-07-27 10:34:00-04:00,2021-07-27 10:34:00-04:00,2021-07-27 10:37:00-04:00,S,14934.5,14905.75,15172.0,237.5,55.5,0.1168421052631579,TP,1,S
2021-08-02 11:24:00-04:00,2021-08-02 11:24:00-04:00,2021-08-02 15:59:00-04:00,L,15045.5,14954.75,14918.75,126.75,-183.5,-0.7238658777120316,time,1,L
2021-08-03 11:59:00-04:00,2021-08-03 11:59:00-04:00,2021-08-03 15:34:00-04:00,L,15011.0,15045.25,14807.5,203.5,66.5,0.16339066339066338,TP,1,L
2021-08-04 13:04:00-04:00,2021-08-04 13:04:00-04:00,2021-08-04 13:05:00-04:00,L,15075.0,15075.25,14999.75,75.25,-1.5,-0.009966777408637873,TP,1,L
2021-08-05 10:54:00-04:00,2021-08-05 10:54:00-04:00,2021-08-05 10:55:00-04:00,L,15148.5,15147.75,15084.25,64.25,-3.5,-0.027237354085603113,TP,1,L
2021-08-06 10:49:00-04:00,2021-08-06 10:49:00-04:00,2021-08-06 10:50:00-04:00,S,15088.5,15084.25,15162.0,73.5,6.5,0.04421768707482993,TP,1,S
2021-08-09 14:34:00-04:00,2021-08-09 14:34:00-04:00,2021-08-09 14:35:00-04:00,L,15144.25,15145.0,15049.25,95.0,-0.5,-0.002631578947368421,TP,1,L
2021-08-10 10:34:00-04:00,2021-08-10 10:34:00-04:00,2021-08-10 10:35:00-04:00,S,15057.25,15058.0,15173.5,116.25,-3.5,-0.015053763440860216,TP,1,S
2021-08-11 10:34:00-04:00,2021-08-11 10:34:00-04:00,2021-08-11 11:00:00-04:00,S,15031.25,15005.75,15145.0,113.75,49.0,0.2153846153846154,TP,1,S
2021-08-12 10:34:00-04:00,2021-08-12 10:34:00-04:00,2021-08-12 10:50:00-04:00,L,15030.25,15050.75,14922.0,108.25,39.0,0.18013856812933027,TP,1,L
2021-08-16 10:54:00-04:00,2021-08-16 10:54:00-04:00,2021-08-16 15:59:00-04:00,S,14936.0,15134.5,15181.75,245.75,-399.0,-0.8118006103763988,time,1,S
2021-08-17 10:44:00-04:00,2021-08-17 10:44:00-04:00,2021-08-17 11:59:00-04:00,L,15050.5,14939.5,14939.75,110.75,-224.0,-1.0112866817155757,SL,1,L
2021-08-18 14:14:00-04:00,2021-08-18 14:14:00-04:00,2021-08-18 14:15:00-04:00,S,14952.0,14952.0,15059.75,107.75,-2.0,-0.009280742459396751,TP,1,S
2021-08-19 10:59:00-04:00,2021-08-19 10:59:00-04:00,2021-08-19 11:05:00-04:00,L,14897.25,14913.75,14728.0,169.25,31.0,0.0915805022156573,TP,1,L
2021-08-23 10:34:00-04:00,2021-08-23 10:34:00-04:00,2021-08-23 11:56:00-04:00,L,15256.5,15310.0,15066.25,190.25,105.0,0.2759526938239159,TP,1,L
2021-08-24 10:34:00-04:00,2021-08-24 10:34:00-04:00,2021-08-24 15:59:00-04:00,L,15371.5,15356.0,15301.25,70.25,-33.0,-0.23487544483985764,time,1,L
2021-08-25 10:34:00-04:00,2021-08-25 10:34:00-04:00,2021-08-25 10:40:00-04:00,S,15353.0,15341.75,15404.25,51.25,20.5,0.2,TP,1,S
2021-08-27 13:24:00-04:00,2021-08-27 13:24:00-04:00,2021-08-27 15:59:00-04:00,L,15435.75,15424.25,15224.0,211.75,-25.0,-0.0590318772136954,time,1,L
2021-08-30 10:34:00-04:00,2021-08-30 10:34:00-04:00,2021-08-30 15:59:00-04:00,L,15582.0,15599.0,15398.75,183.25,32.0,0.08731241473396999,time,1,L
2021-09-02 12:19:00-04:00,2021-09-02 12:19:00-04:00,2021-09-02 13:24:00-04:00,S,15609.0,15596.25,15698.75,89.75,23.5,0.1309192200557103,TP,1,S
2021-09-07 10:54:00-04:00,2021-09-07 10:54:00-04:00,2021-09-07 10:55:00-04:00,L,15673.5,15675.25,15596.5,77.0,1.5,0.00974025974025974,TP,1,L
2021-09-08 10:34:00-04:00,2021-09-08 10:34:00-04:00,2021-09-08 10:35:00-04:00,S,15592.75,15593.25,15690.0,97.25,-3.0,-0.015424164524421594,TP,1,S
2021-09-09 11:29:00-04:00,2021-09-09 11:29:00-04:00,2021-09-09 13:20:00-04:00,S,15614.5,15610.5,15690.25,75.75,6.0,0.039603960396039604,TP,1,S
2021-09-10 10:34:00-04:00,2021-09-10 10:34:00-04:00,2021-09-10 10:35:00-04:00,S,15585.25,15583.5,15688.25,103.0,1.5,0.007281553398058253,TP,1,S
2021-09-14 10:39:00-04:00,2021-09-14 10:39:00-04:00,2021-09-14 14:20:00-04:00,S,15397.75,15373.25,15533.5,135.75,47.0,0.1731123388581952,TP,1,S
2021-09-15 12:59:00-04:00,2021-09-15 12:59:00-04:00,2021-09-15 13:06:00-04:00,L,15439.0,15448.25,15275.0,164.0,16.5,0.05030487804878049,TP,1,L
2021-09-16 14:14:00-04:00,2021-09-16 14:14:00-04:00,2021-09-16 15:05:00-04:00,L,15478.5,15505.25,15337.5,141.0,51.5,0.18262411347517732,TP,1,L
2021-09-17 10:39:00-04:00,2021-09-17 10:39:00-04:00,2021-09-17 11:10:00-04:00,S,15354.75,15318.75,15539.5,184.75,70.0,0.18944519621109607,TP,1,S
2021-09-20 10:44:00-04:00,2021-09-20 10:44:00-04:00,2021-09-20 11:55:00-04:00,S,15003.5,14961.75,15200.0,196.5,81.5,0.20737913486005088,TP,1,S
2021-09-21 10:49:00-04:00,2021-09-21 10:49:00-04:00,2021-09-21 15:59:00-04:00,S,14995.0,15018.75,15178.25,183.25,-49.5,-0.13506139154160982,time,1,S
2021-09-22 11:04:00-04:00,2021-09-22 11:04:00-04:00,2021-09-22 11:38:00-04:00,L,15135.75,15166.75,14973.0,162.75,60.0,0.18433179723502305,TP,1,L
2021-09-23 13:34:00-04:00,2021-09-23 13:34:00-04:00,2021-09-23 15:59:00-04:00,L,15341.5,15299.25,15127.0,214.5,-86.5,-0.20163170163170163,time,1,L
2021-09-24 12:14:00-04:00,2021-09-24 12:14:00-04:00,2021-09-24 12:41:00-04:00,L,15266.75,15283.75,15175.5,91.25,32.0,0.17534246575342466,TP,1,L
2021-09-27 11:04:00-04:00,2021-09-27 11:04:00-04:00,2021-09-27 15:59:00-04:00,L,15222.0,15194.0,15064.25,157.75,-58.0,-0.1838351822503962,time,1,L
2021-09-28 11:04:00-04:00,2021-09-28 11:04:00-04:00,2021-09-28 11:17:00-04:00,S,14814.0,14773.5,15077.25,263.25,79.0,0.15004748338081672,TP,1,S
2021-09-29 11:39:00-04:00,2021-09-29 11:39:00-04:00,2021-09-29 12:23:00-04:00,S,14762.5,14745.0,14946.75,184.25,33.0,0.08955223880597014,TP,1,S
2021-09-30 10:54:00-04:00,2021-09-30 10:54:00-04:00,2021-09-30 10:55:00-04:00,S,14801.0,14781.25,14897.0,96.0,37.5,0.1953125,TP,1,S
2021-10-01 10:39:00-04:00,2021-10-01 10:39:00-04:00,2021-10-01 14:55:00-04:00,S,14539.5,14789.75,14789.5,250.0,-502.5,-1.005,SL,1,S
2021-10-04 10:34:00-04:00,2021-10-04 10:34:00-04:00,2021-10-04 10:53:00-04:00,S,14462.0,14415.25,14801.0,339.0,91.5,0.13495575221238937,TP,1,S
2021-10-05 10:44:00-04:00,2021-10-05 10:44:00-04:00,2021-10-05 11:04:00-04:00,L,14642.5,14692.0,14445.25,197.25,97.0,0.2458808618504436,TP,1,L
2021-10-06 10:49:00-04:00,2021-10-06 10:49:00-04:00,2021-10-06 14:31:00-04:00,L,14684.0,14740.0,14414.25,269.75,110.0,0.20389249304911955,TP,1,L
2021-10-07 11:59:00-04:00,2021-10-07 11:59:00-04:00,2021-10-07 15:59:00-04:00,L,14999.0,14886.0,14832.25,166.75,-228.0,-0.6836581709145427,time,1,L
2021-10-08 10:44:00-04:00,2021-10-08 10:44:00-04:00,2021-10-08 13:15:00-04:00,S,14826.75,14807.75,14974.5,147.75,36.0,0.1218274111675127,TP,1,S
2021-10-12 10:54:00-04:00,2021-10-12 10:54:00-04:00,2021-10-12 15:59:00-04:00,S,14646.75,14650.5,14817.5,170.75,-9.5,-0.027818448023426062,time,1,S
2021-10-14 11:39:00-04:00,2021-10-14 11:39:00-04:00,2021-10-14 12:11:00-04:00,L,14998.0,15031.5,14854.75,143.25,65.0,0.2268760907504363,TP,1,L
2021-10-15 10:59:00-04:00,2021-10-15 10:59:00-04:00,2021-10-15 11:00:00-04:00,L,15110.75,15110.25,15031.5,79.25,-3.0,-0.01892744479495268,TP,1,L
2021-10-18 10:54:00-04:00,2021-10-18 10:54:00-04:00,2021-10-18 11:46:00-04:00,L,15169.0,15208.25,15012.0,157.0,76.5,0.24363057324840764,TP,1,L
2021-10-19 10:59:00-04:00,2021-10-19 10:59:00-04:00,2021-10-19 11:02:00-04:00,L,15375.75,15381.25,15292.0,83.75,9.0,0.05373134328358209,TP,1,L
2021-10-20 10:34:00-04:00,2021-10-20 10:34:00-04:00,2021-10-20 13:06:00-04:00,L,15445.25,15367.25,15367.5,77.75,-158.0,-1.0160771704180065,SL,1,L
2021-10-21 10:44:00-04:00,2021-10-21 10:44:00-04:00,2021-10-21 15:23:00-04:00,L,15435.25,15468.25,15306.5,128.75,64.0,0.24854368932038834,TP,1,L
2021-10-22 11:19:00-04:00,2021-10-22 11:19:00-04:00,2021-10-22 11:20:00-04:00,S,15356.75,15357.75,15493.0,136.25,-4.0,-0.014678899082568808,TP,1,S
2021-10-25 11:59:00-04:00,2021-10-25 11:59:00-04:00,2021-10-25 12:06:00-04:00,L,15436.5,15457.75,15321.5,115.0,40.5,0.17608695652173914,TP,1,L
2021-10-26 12:04:00-04:00,2021-10-26 12:04:00-04:00,2021-10-26 12:41:00-04:00,S,15569.75,15551.25,15739.0,169.25,35.0,0.103397341211226,TP,1,S
2021-10-27 10:54:00-04:00,2021-10-27 10:54:00-04:00,2021-10-27 12:16:00-04:00,L,15648.75,15677.75,15534.5,114.25,56.0,0.24507658643326038,TP,1,L
2021-10-28 10:39:00-04:00,2021-10-28 10:39:00-04:00,2021-10-28 10:44:00-04:00,L,15714.5,15722.75,15626.0,88.5,14.5,0.08192090395480225,TP,1,L
2021-10-29 11:09:00-04:00,2021-10-29 11:09:00-04:00,2021-10-29 11:20:00-04:00,L,15708.25,15731.75,15598.0,110.25,45.0,0.20408163265306123,TP,1,L
2021-11-02 11:44:00-04:00,2021-11-02 11:44:00-04:00,2021-11-02 15:59:00-04:00,L,15972.0,15961.75,15818.0,154.0,-22.5,-0.07305194805194805,time,1,L
2021-11-03 14:04:00-04:00,2021-11-03 14:04:00-04:00,2021-11-03 14:05:00-04:00,L,16038.25,16038.25,15918.25,120.0,-2.0,-0.008333333333333333,TP,1,L
2021-11-04 10:34:00-04:00,2021-11-04 10:34:00-04:00,2021-11-04 14:24:00-04:00,L,16310.0,16355.25,16111.0,199.0,88.5,0.22236180904522612,TP,1,L
2021-11-05 13:09:00-04:00,2021-11-05 13:09:00-04:00,2021-11-05 13:10:00-04:00,S,16358.75,16354.25,16469.5,110.75,7.0,0.03160270880361174,TP,1,S
2021-11-08 10:44:00-05:00,2021-11-08 10:44:00-05:00,2021-11-08 15:59:00-05:00,S,16315.75,16329.5,16397.75,82.0,-29.5,-0.1798780487804878,time,1,S
2021-11-09 13:39:00-05:00,2021-11-09 13:39:00-05:00,2021-11-09 15:59:00-05:00,S,16183.25,16217.5,16462.25,279.0,-70.5,-0.12634408602150538,time,1,S
2021-11-10 13:24:00-05:00,2021-11-10 13:24:00-05:00,2021-11-10 14:16:00-05:00,S,16041.0,15993.75,16275.5,234.5,92.5,0.19722814498933902,TP,1,S
2021-11-11 12:19:00-05:00,2021-11-11 12:19:00-05:00,2021-11-11 15:10:00-05:00,S,16033.5,16020.75,16134.25,100.75,23.5,0.11662531017369727,TP,1,S
2021-11-12 10:49:00-05:00,2021-11-12 10:49:00-05:00,2021-11-12 10:59:00-05:00,L,16087.0,16100.0,15978.25,108.75,24.0,0.1103448275862069,TP,1,L
2021-11-15 11:44:00-05:00,2021-11-15 11:44:00-05:00,2021-11-15 11:45:00-05:00,S,16105.0,16105.25,16290.75,185.75,-2.5,-0.006729475100942127,TP,1,S
2021-11-16 11:14:00-05:00,2021-11-16 11:14:00-05:00,2021-11-16 11:16:00-05:00,L,16281.75,16291.75,16112.0,169.75,18.0,0.053019145802650956,TP,1,L
2021-11-17 10:39:00-05:00,2021-11-17 10:39:00-05:00,2021-11-17 10:40:00-05:00,L,16344.75,16344.5,16263.25,81.5,-2.5,-0.015337423312883436,TP,1,L
2021-11-18 11:34:00-05:00,2021-11-18 11:34:00-05:00,2021-11-18 11:43:00-05:00,L,16430.75,16458.75,16272.0,158.75,54.0,0.1700787401574803,TP,1,L
2021-11-19 11:39:00-05:00,2021-11-19 11:39:00-05:00,2021-11-19 15:59:00-05:00,L,16618.75,16571.75,16488.5,130.25,-96.0,-0.3685220729366603,time,1,L
2021-11-22 11:24:00-05:00,2021-11-22 11:24:00-05:00,2021-11-22 11:44:00-05:00,S,16631.75,16580.5,16813.25,181.5,100.5,0.2768595041322314,TP,1,S
2021-11-23 10:44:00-05:00,2021-11-23 10:44:00-05:00,2021-11-23 11:01:00-05:00,S,16216.75,16162.0,16487.75,271.0,107.5,0.19833948339483395,TP,1,S
2021-11-24 10:39:00-05:00,2021-11-24 10:39:00-05:00,2021-11-24 11:22:00-05:00,L,16264.25,16309.0,16069.25,195.0,87.5,0.22435897435897437,TP,1,L
2021-11-26 11:04:00-05:00,2021-11-26 11:04:00-05:00,2021-11-26 11:14:00-05:00,S,16092.25,16063.75,16373.5,281.25,55.0,0.09777777777777778,TP,1,S
2021-11-29 11:34:00-05:00,2021-11-29 11:34:00-05:00,2021-11-29 11:39:00-05:00,L,16317.5,16335.5,16194.75,122.75,34.0,0.1384928716904277,TP,1,L
2021-11-30 10:49:00-05:00,2021-11-30 10:49:00-05:00,2021-11-30 10:50:00-05:00,S,16268.0,16268.75,16495.25,227.25,-3.5,-0.007700770077007701,TP,1,S
2021-12-01 11:14:00-05:00,2021-12-01 11:14:00-05:00,2021-12-01 11:17:00-05:00,L,16411.5,16413.75,16243.5,168.0,2.5,0.00744047619047619,TP,1,L
2021-12-02 10:44:00-05:00,2021-12-02 10:44:00-05:00,2021-12-02 15:59:00-05:00,S,15774.25,15991.75,16116.5,342.25,-437.0,-0.6384222059897735,time,1,S
2021-12-03 10:44:00-05:00,2021-12-03 10:44:00-05:00,2021-12-03 11:58:00-05:00,S,15684.25,15585.25,16210.0,525.75,196.0,0.1864003804089396,TP,1,S
2021-12-06 12:34:00-05:00,2021-12-06 12:34:00-05:00,2021-12-06 13:26:00-05:00,L,15795.5,15859.75,15484.0,311.5,126.5,0.2030497592295345,TP,1,L
2021-12-07 10:39:00-05:00,2021-12-07 10:39:00-05:00,2021-12-07 12:58:00-05:00,L,16276.0,16335.25,16047.0,229.0,116.5,0.25436681222707425,TP,1,L
2021-12-08 13:44:00-05:00,2021-12-08 13:44:00-05:00,2021-12-08 15:50:00-05:00,L,16369.0,16384.0,16211.25,157.75,28.0,0.08874801901743265,TP,1,L
2021-12-09 10:39:00-05:00,2021-12-09 10:39:00-05:00,2021-12-09 13:50:00-05:00,S,16266.0,16206.75,16467.0,201.0,116.5,0.2898009950248756,TP,1,S
2021-12-10 10:49:00-05:00,2021-12-10 10:49:00-05:00,2021-12-10 10:50:00-05:00,S,16166.0,16164.75,16363.25,197.25,0.5,0.0012674271229404308,TP,1,S
2021-12-14 10:49:00-05:00,2021-12-14 10:49:00-05:00,2021-12-14 10:55:00-05:00,S,15840.75,15807.0,16052.75,212.0,65.5,0.1544811320754717,TP,1,S
2021-12-15 11:34:00-05:00,2021-12-15 11:34:00-05:00,2021-12-15 11:35:00-05:00,S,15781.5,15782.0,15946.5,165.0,-3.0,-0.00909090909090909,TP,1,S
2021-12-16 11:04:00-05:00,2021-12-16 11:04:00-05:00,2021-12-16 11:57:00-05:00,S,16046.75,15982.0,16435.75,389.0,127.5,0.16388174807197944,TP,1,S
2021-12-17 10:49:00-05:00,2021-12-17 10:49:00-05:00,2021-12-17 10:50:00-05:00,L,15882.25,15881.5,15599.25,283.0,-3.5,-0.006183745583038869,TP,1,L
2021-12-20 11:04:00-05:00,2021-12-20 11:04:00-05:00,2021-12-20 11:05:00-05:00,S,15517.75,15518.0,15663.0,145.25,-2.5,-0.008605851979345954,TP,1,S
2021-12-21 10:34:00-05:00,2021-12-21 10:34:00-05:00,2021-12-21 12:28:00-05:00,S,15609.25,15830.0,15829.75,220.5,-443.5,-1.0056689342403629,SL,1,S
2021-12-22 10:39:00-05:00,2021-12-22 10:39:00-05:00,2021-12-22 10:41:00-05:00,L,16065.75,16074.75,15906.25,159.5,16.0,0.050156739811912224,TP,1,L
2021-12-23 10:49:00-05:00,2021-12-23 10:49:00-05:00,2021-12-23 11:12:00-05:00,L,16277.75,16311.25,16140.75,137.0,65.0,0.23722627737226276,TP,1,L
2021-12-27 10:34:00-05:00,2021-12-27 10:34:00-05:00,2021-12-27 15:59:00-05:00,L,16523.75,16560.0,16267.25,256.5,70.5,0.13742690058479531,time,1,L
2021-12-28 12:34:00-05:00,2021-12-28 12:34:00-05:00,2021-12-28 15:59:00-05:00,S,16468.0,16494.75,16655.25,187.25,-55.5,-0.14819759679572764,time,1,S
2021-12-31 12:19:00-05:00,2021-12-31 12:19:00-05:00,2021-12-31 15:54:00-05:00,S,16353.0,16317.75,16502.25,149.25,68.5,0.22948073701842547,TP,1,S
2022-01-03 14:44:00-05:00,2022-01-03 14:44:00-05:00,2022-01-03 15:59:00-05:00,L,16490.0,16489.25,16234.75,255.25,-3.5,-0.0068560235063663075,time,1,L
2022-01-04 10:34:00-05:00,2022-01-04 10:34:00-05:00,2022-01-04 10:43:00-05:00,S,16361.75,16304.75,16578.25,216.5,112.0,0.2586605080831409,TP,1,S
2022-01-05 12:39:00-05:00,2022-01-05 12:39:00-05:00,2022-01-05 12:43:00-05:00,S,16068.75,16066.0,16262.75,194.0,3.5,0.00902061855670103,TP,1,S
2022-01-06 11:14:00-05:00,2022-01-06 11:14:00-05:00,2022-01-06 15:59:00-05:00,L,15861.25,15758.0,15519.25,342.0,-208.5,-0.3048245614035088,time,1,L
2022-01-07 10:39:00-05:00,2022-01-07 10:39:00-05:00,2022-01-07 10:43:00-05:00,S,15613.5,15585.25,15873.5,260.0,54.5,0.10480769230769231,TP,1,S
2022-01-10 10:39:00-05:00,2022-01-10 10:39:00-05:00,2022-01-10 14:07:00-05:00,S,15181.5,15467.25,15467.0,285.5,-573.5,-1.0043782837127846,SL,1,S
2022-01-11 11:14:00-05:00,2022-01-11 11:14:00-05:00,2022-01-11 11:15:00-05:00,L,15703.0,15702.25,15434.0,269.0,-3.5,-0.006505576208178439,TP,1,L
2022-01-12 10:49:00-05:00,2022-01-12 10:49:00-05:00,2022-01-12 10:50:00-05:00,S,15871.5,15867.0,16048.75,177.25,7.0,0.019746121297602257,TP,1,S
2022-01-13 10:34:00-05:00,2022-01-13 10:34:00-05:00,2022-01-13 10:50:00-05:00,S,15820.5,15789.25,16024.5,204.0,60.5,0.1482843137254902,TP,1,S
2022-01-18 11:34:00-05:00,2022-01-18 11:34:00-05:00,2022-01-18 13:21:00-05:00,S,15266.0,15227.25,15486.0,220.0,75.5,0.1715909090909091,TP,1,S
2022-01-19 10:39:00-05:00,2022-01-19 10:39:00-05:00,2022-01-19 10:40:00-05:00,S,15213.25,15213.5,15409.0,195.75,-2.5,-0.006385696040868455,TP,1,S
2022-01-20 10:34:00-05:00,2022-01-20 10:34:00-05:00,2022-01-20 11:02:00-05:00,L,15303.0,15335.25,15113.0,190.0,62.5,0.16447368421052633,TP,1,L
2022-01-21 11:24:00-05:00,2022-01-21 11:24:00-05:00,2022-01-21 15:07:00-05:00,L,14844.75,14470.75,14471.0,373.75,-750.0,-1.0033444816053512,SL,1,L
2022-01-24 11:39:00-05:00,2022-01-24 11:39:00-05:00,2022-01-24 11:49:00-05:00,S,13949.5,13848.75,14375.0,425.5,199.5,0.2344300822561692,TP,1,S
2022-01-25 11:39:00-05:00,2022-01-25 11:39:00-05:00,2022-01-25 14:48:00-05:00,S,14035.75,14363.25,14363.0,327.25,-657.0,-1.0038197097020627,SL,1,S
2022-01-26 10:44:00-05:00,2022-01-26 10:44:00-05:00,2022-01-26 14:00:00-05:00,S,14347.25,14574.0,14573.75,226.5,-455.5,-1.0055187637969094,SL,1,S
2022-01-27 10:39:00-05:00,2022-01-27 10:39:00-05:00,2022-01-27 12:16:00-05:00,S,14192.5,14176.75,14476.0,283.5,29.5,0.05202821869488536,TP,1,S
2022-01-28 10:54:00-05:00,2022-01-28 10:54:00-05:00,2022-01-28 11:10:00-05:00,L,14109.0,14154.25,13807.5,301.5,88.5,0.14676616915422885,TP,1,L
2022-01-31 11:04:00-05:00,2022-01-31 11:04:00-05:00,2022-01-31 14:27:00-05:00,L,14732.75,14814.75,14378.5,354.25,162.0,0.22865208186309105,TP,1,L
2022-02-02 11:04:00-05:00,2022-02-02 11:04:00-05:00,2022-02-02 11:13:00-05:00,S,15021.75,14963.25,15235.75,214.0,115.0,0.26869158878504673,TP,1,S
2022-02-03 11:59:00-05:00,2022-02-03 11:59:00-05:00,2022-02-03 12:02:00-05:00,S,14666.25,14645.75,14881.25,215.0,39.0,0.09069767441860466,TP,1,S
2022-02-04 13:04:00-05:00,2022-02-04 13:04:00-05:00,2022-02-04 13:43:00-05:00,L,14698.5,14735.75,14365.25,333.25,72.5,0.10877719429857464,TP,1,L
2022-02-07 11:24:00-05:00,2022-02-07 11:24:00-05:00,2022-02-07 11:38:00-05:00,S,14659.25,14618.75,14860.25,201.0,79.0,0.19651741293532338,TP,1,S
2022-02-08 10:49:00-05:00,2022-02-08 10:49:00-05:00,2022-02-08 10:53:00-05:00,L,14593.25,14609.25,14436.0,157.25,30.0,0.09538950715421304,TP,1,L
2022-02-09 11:04:00-05:00,2022-02-09 11:04:00-05:00,2022-02-09 12:38:00-05:00,L,14964.25,14973.75,14821.0,143.25,17.0,0.059336823734729496,TP,1,L
2022-02-10 10:39:00-05:00,2022-02-10 10:39:00-05:00,2022-02-10 15:59:00-05:00,L,15009.75,14702.0,14621.25,388.5,-617.5,-0.7947232947232947,time,1,L
2022-02-11 11:14:00-05:00,2022-02-11 11:14:00-05:00,2022-02-11 11:16:00-05:00,S,14585.5,14560.0,14804.75,219.25,49.0,0.11174458380843785,TP,1,S
2022-02-14 11:19:00-05:00,2022-02-14 11:19:00-05:00,2022-02-14 12:32:00-05:00,L,14338.25,14393.5,14146.75,191.5,108.5,0.283289817232376,TP,1,L
2022-02-15 10:44:00-05:00,2022-02-15 10:44:00-05:00,2022-02-15 10:45:00-05:00,L,14540.0,14539.75,14438.75,101.25,-2.5,-0.012345679012345678,TP,1,L
2022-02-16 14:24:00-05:00,2022-02-16 14:24:00-05:00,2022-02-16 14:30:00-05:00,L,14557.25,14571.5,14340.75,216.5,26.5,0.061200923787528866,TP,1,L
2022-02-17 12:09:00-05:00,2022-02-17 12:09:00-05:00,2022-02-17 14:24:00-05:00,S,14332.5,14269.75,14562.0,229.5,123.5,0.2690631808278867,TP,1,S
2022-02-18 10:34:00-05:00,2022-02-18 10:34:00-05:00,2022-02-18 10:40:00-05:00,S,14065.75,14042.75,14261.0,195.25,44.0,0.11267605633802817,TP,1,S
2022-02-21 10:49:00-05:00,2022-02-21 10:49:00-05:00,2022-02-21 10:50:00-05:00,S,13801.75,13797.25,13887.5,85.75,7.0,0.04081632653061224,TP,1,S
2022-02-22 11:54:00-05:00,2022-02-22 11:54:00-05:00,2022-02-22 13:50:00-05:00,S,13852.75,13769.0,14216.75,364.0,165.5,0.22733516483516483,TP,1,S
2022-02-23 10:44:00-05:00,2022-02-23 10:44:00-05:00,2022-02-23 13:12:00-05:00,S,13780.5,13698.75,14122.5,342.0,161.5,0.2361111111111111,TP,1,S
2022-02-24 11:09:00-05:00,2022-02-24 11:09:00-05:00,2022-02-24 13:49:00-05:00,L,13488.25,13627.25,12889.0,599.25,276.0,0.23028785982478098,TP,1,L
2022-02-25 10:44:00-05:00,2022-02-25 10:44:00-05:00,2022-02-25 10:47:00-05:00,L,14038.25,14068.75,13773.5,264.75,59.0,0.11142587346553352,TP,1,L
2022-02-28 10:39:00-05:00,2022-02-28 10:39:00-05:00,2022-02-28 10:41:00-05:00,L,14180.75,14194.75,13992.0,188.75,26.0,0.06887417218543046,TP,1,L
2022-03-01 11:29:00-05:00,2022-03-01 11:29:00-05:00,2022-03-01 11:30:00-05:00,S,14144.75,14137.75,14288.5,143.75,12.0,0.04173913043478261,TP,1,S
2022-03-02 11:09:00-05:00,2022-03-02 11:09:00-05:00,2022-03-02 11:15:00-05:00,L,14158.0,14184.25,13900.5,257.5,50.5,0.09805825242718447,TP,1,L
2022-03-03 10:39:00-05:00,2022-03-03 10:39:00-05:00,2022-03-03 11:15:00-05:00,S,14105.0,14039.0,14455.75,350.75,130.0,0.18531717747683535,TP,1,S
2022-03-04 10:59:00-05:00,2022-03-04 10:59:00-05:00,2022-03-04 11:11:00-05:00,S,13781.5,13744.75,14022.25,240.75,71.5,0.14849428868120457,TP,1,S
2022-03-07 10:44:00-05:00,2022-03-07 10:44:00-05:00,2022-03-07 14:06:00-05:00,S,13565.0,13448.25,13965.75,400.75,231.5,0.288833437305053,TP,1,S
2022-03-08 10:34:00-05:00,2022-03-08 10:34:00-05:00,2022-03-08 12:14:00-05:00,S,13135.0,13443.0,13442.75,307.75,-618.0,-1.0040617384240456,SL,1,S
2022-03-09 10:59:00-05:00,2022-03-09 10:59:00-05:00,2022-03-09 12:34:00-05:00,L,13665.75,13703.25,13452.75,213.0,73.0,0.17136150234741784,TP,1,L
2022-03-10 10:34:00-05:00,2022-03-10 10:34:00-05:00,2022-03-10 10:58:00-05:00,S,13475.0,13437.5,13661.25,186.25,73.0,0.1959731543624161,TP,1,S
2022-03-11 11:14:00-05:00,2022-03-11 11:14:00-05:00,2022-03-11 11:33:00-05:00,S,13490.5,13432.25,13804.75,314.25,114.5,0.18217979315831345,TP,1,S
2022-03-14 11:44:00-04:00,2022-03-14 11:44:00-04:00,2022-03-14 12:04:00-04:00,S,13200.25,13162.0,13444.75,244.5,74.5,0.1523517382413088,TP,1,S
2022-03-15 10:34:00-04:00,2022-03-15 10:34:00-04:00,2022-03-15 11:25:00-04:00,L,13277.5,13339.75,13037.0,240.5,122.5,0.25467775467775466,TP,1,L
2022-03-17 13:29:00-04:00,2022-03-17 13:29:00-04:00,2022-03-17 13:42:00-04:00,L,14034.25,14064.0,13808.25,226.0,57.5,0.12721238938053098,TP,1,L
2022-03-18 11:19:00-04:00,2022-03-18 11:19:00-04:00,2022-03-18 14:41:00-04:00,L,14247.5,14330.0,13906.25,341.25,163.0,0.23882783882783884,TP,1,L
2022-03-21 13:19:00-04:00,2022-03-21 13:19:00-04:00,2022-03-21 15:59:00-04:00,S,14190.75,14372.0,14545.0,354.25,-364.5,-0.5144671841919548,time,1,S
2022-03-22 10:34:00-04:00,2022-03-22 10:34:00-04:00,2022-03-22 11:26:00-04:00,L,14616.25,14683.25,14292.5,323.75,132.0,0.20386100386100386,TP,1,L
2022-03-23 11:04:00-04:00,2022-03-23 11:04:00-04:00,2022-03-23 11:45:00-04:00,L,14603.5,14642.75,14412.0,191.5,76.5,0.19973890339425587,TP,1,L
2022-03-24 11:14:00-04:00,2022-03-24 11:14:00-04:00,2022-03-24 11:19:00-04:00,L,14563.5,14577.25,14410.75,152.75,25.5,0.08346972176759411,TP,1,L
2022-03-25 10:44:00-04:00,2022-03-25 10:44:00-04:00,2022-03-25 10:46:00-04:00,L,14793.0,14794.75,14685.25,107.75,1.5,0.0069605568445475635,TP,1,L
2022-03-28 11:49:00-04:00,2022-03-28 11:49:00-04:00,2022-03-28 15:31:00-04:00,S,14730.25,14955.5,14955.25,225.0,-452.5,-1.0055555555555555,SL,1,S
2022-03-29 14:54:00-04:00,2022-03-29 14:54:00-04:00,2022-03-29 15:59:00-04:00,L,15222.0,15240.5,14973.5,248.5,35.0,0.07042253521126761,time,1,L
2022-03-30 11:09:00-04:00,2022-03-30 11:09:00-04:00,2022-03-30 11:10:00-04:00,S,15111.75,15112.25,15254.5,142.75,-3.0,-0.010507880910683012,TP,1,S
2022-04-01 11:39:00-04:00,2022-04-01 11:39:00-04:00,2022-04-01 11:40:00-04:00,S,14787.75,14777.0,14939.75,152.0,19.5,0.06414473684210527,TP,1,S
2022-04-04 11:04:00-04:00,2022-04-04 11:04:00-04:00,2022-04-04 12:30:00-04:00,L,15091.5,15124.25,14819.5,272.0,63.5,0.11672794117647059,TP,1,L
2022-04-05 10:39:00-04:00,2022-04-05 10:39:00-04:00,2022-04-05 12:22:00-04:00,S,14921.75,14864.25,15199.0,277.25,113.0,0.2037871956717764,TP,1,S
2022-04-06 11:09:00-04:00,2022-04-06 11:09:00-04:00,2022-04-06 15:59:00-04:00,S,14454.5,14506.0,14673.0,218.5,-105.0,-0.2402745995423341,time,1,S
2022-04-07 10:44:00-04:00,2022-04-07 10:44:00-04:00,2022-04-07 11:28:00-04:00,S,14448.25,14420.75,14606.5,158.25,53.0,0.1674565560821485,TP,1,S
2022-04-08 11:04:00-04:00,2022-04-08 11:04:00-04:00,2022-04-08 15:59:00-04:00,L,14477.5,14336.0,14250.5,227.0,-285.0,-0.6277533039647577,time,1,L
2022-04-11 10:44:00-04:00,2022-04-11 10:44:00-04:00,2022-04-11 15:32:00-04:00,S,14047.25,14032.5,14222.25,175.0,27.5,0.07857142857142857,TP,1,S
2022-04-12 10:49:00-04:00,2022-04-12 10:49:00-04:00,2022-04-12 10:50:00-04:00,S,14107.75,14105.75,14314.25,206.5,2.0,0.004842615012106538,TP,1,S
2022-04-13 11:04:00-04:00,2022-04-13 11:04:00-04:00,2022-04-13 11:25:00-04:00,L,14127.0,14168.0,13876.25,250.75,80.0,0.15952143569292124,TP,1,L
2022-04-14 11:44:00-04:00,2022-04-14 11:44:00-04:00,2022-04-14 14:54:00-04:00,S,14017.5,13956.75,14317.5,300.0,119.5,0.19916666666666666,TP,1,S
2022-04-18 12:14:00-04:00,2022-04-18 12:14:00-04:00,2022-04-18 15:59:00-04:00,S,13819.0,13917.0,14064.25,245.25,-198.0,-0.4036697247706422,time,1,S
2022-04-19 10:39:00-04:00,2022-04-19 10:39:00-04:00,2022-04-19 15:14:00-04:00,L,14119.25,14205.75,13729.0,390.25,171.0,0.2190903267136451,TP,1,L
2022-04-20 11:19:00-04:00,2022-04-20 11:19:00-04:00,2022-04-20 14:54:00-04:00,S,14033.25,13968.5,14345.25,312.0,127.5,0.20432692307692307,TP,1,S
2022-04-21 10:49:00-04:00,2022-04-21 10:49:00-04:00,2022-04-21 11:32:00-04:00,S,14091.5,14064.0,14335.75,244.25,53.0,0.10849539406345957,TP,1,S
2022-04-22 11:39:00-04:00,2022-04-22 11:39:00-04:00,2022-04-22 12:00:00-04:00,S,13572.0,13511.0,13828.75,256.75,120.0,0.23369036027263876,TP,1,S
2022-04-25 10:34:00-04:00,2022-04-25 10:34:00-04:00,2022-04-25 10:37:00-04:00,L,13447.0,13463.25,13178.5,268.5,30.5,0.056797020484171325,TP,1,L
2022-04-26 10:39:00-04:00,2022-04-26 10:39:00-04:00,2022-04-26 15:18:00-04:00,S,13160.25,13065.75,13570.25,410.0,187.0,0.2280487804878049,TP,1,S
2022-04-28 10:34:00-04:00,2022-04-28 10:34:00-04:00,2022-04-28 12:35:00-04:00,S,13046.0,13290.75,13290.5,244.5,-491.5,-1.0051124744376279,SL,1,S
2022-04-29 10:44:00-04:00,2022-04-29 10:44:00-04:00,2022-04-29 12:03:00-04:00,S,13209.0,13134.75,13520.0,311.0,146.5,0.23553054662379422,TP,1,S
2022-05-02 10:34:00-04:00,2022-05-02 10:34:00-04:00,2022-05-02 14:43:00-04:00,L,13015.5,12720.5,12720.75,294.75,-592.0,-1.0042408821034776,SL,1,L
2022-05-03 13:39:00-04:00,2022-05-03 13:39:00-04:00,2022-05-03 15:59:00-04:00,L,13163.25,13090.0,12926.5,236.75,-148.5,-0.3136219640971489,time,1,L
2022-05-04 11:04:00-04:00,2022-05-04 11:04:00-04:00,2022-05-04 14:00:00-04:00,S,12907.5,13188.25,13188.0,280.5,-563.5,-1.0044563279857397,SL,1,S
2022-05-05 10:34:00-04:00,2022-05-05 10:34:00-04:00,2022-05-05 11:53:00-04:00,S,12986.0,12849.25,13507.0,521.0,271.5,0.2605566218809981,TP,1,S
2022-05-06 10:59:00-04:00,2022-05-06 10:59:00-04:00,2022-05-06 11:22:00-04:00,L,12841.25,12909.5,12418.75,422.5,134.5,0.1591715976331361,TP,1,L
2022-05-09 10:34:00-04:00,2022-05-09 10:34:00-04:00,2022-05-09 11:30:00-04:00,S,12333.25,12263.75,12596.5,263.25,137.0,0.26020892687559355,TP,1,S
2022-05-10 10:49:00-04:00,2022-05-10 10:49:00-04:00,2022-05-10 10:50:00-04:00,S,12286.0,12270.25,12584.0,298.0,29.5,0.04949664429530201,TP,1,S
2022-05-11 12:59:00-04:00,2022-05-11 12:59:00-04:00,2022-05-11 13:39:00-04:00,S,12135.5,12064.25,12556.5,421.0,140.5,0.1668646080760095,TP,1,S
2022-05-12 10:59:00-04:00,2022-05-12 10:59:00-04:00,2022-05-12 15:59:00-04:00,L,12075.75,11947.75,11548.0,527.75,-258.0,-0.2444339175746092,time,1,L
2022-05-13 11:29:00-04:00,2022-05-13 11:29:00-04:00,2022-05-13 15:59:00-04:00,L,12352.75,12384.5,11974.5,378.25,61.5,0.08129543952412426,time,1,L
2022-05-16 14:29:00-04:00,2022-05-16 14:29:00-04:00,2022-05-16 15:59:00-04:00,L,12382.0,12247.0,12162.25,219.75,-272.0,-0.6188850967007964,time,1,L
2022-05-17 10:39:00-04:00,2022-05-17 10:39:00-04:00,2022-05-17 10:42:00-04:00,S,12367.25,12351.75,12570.25,203.0,29.0,0.07142857142857142,TP,1,S
2022-05-18 10:34:00-04:00,2022-05-18 10:34:00-04:00,2022-05-18 11:06:00-04:00,S,12285.5,12258.25,12415.75,130.25,52.5,0.20153550863723607,TP,1,S
2022-05-19 11:39:00-04:00,2022-05-19 11:39:00-04:00,2022-05-19 11:41:00-04:00,L,12032.0,12058.75,11731.5,300.5,51.5,0.08569051580698835,TP,1,L
2022-05-20 10:54:00-04:00,2022-05-20 10:54:00-04:00,2022-05-20 10:55:00-04:00,S,11833.75,11834.0,12096.5,262.75,-2.5,-0.004757373929590866,TP,1,S
2022-05-23 11:34:00-04:00,2022-05-23 11:34:00-04:00,2022-05-23 12:03:00-04:00,L,12001.25,12025.0,11731.25,270.0,45.5,0.08425925925925926,TP,1,L
2022-05-25 10:34:00-04:00,2022-05-25 10:34:00-04:00,2022-05-25 14:54:00-04:00,L,11920.5,11975.25,11631.0,289.5,107.5,0.18566493955094993,TP,1,L
2022-05-26 11:04:00-04:00,2022-05-26 11:04:00-04:00,2022-05-26 12:57:00-04:00,L,12226.75,12317.5,11778.75,448.0,179.5,0.20033482142857142,TP,1,L
2022-05-27 11:49:00-04:00,2022-05-27 11:49:00-04:00,2022-05-27 15:23:00-04:00,L,12589.75,12654.25,12325.5,264.25,127.0,0.2403027436140019,TP,1,L
2022-05-30 10:49:00-04:00,2022-05-30 10:49:00-04:00,2022-05-30 10:50:00-04:00,L,12792.25,12791.75,12739.75,52.5,-3.0,-0.02857142857142857,TP,1,L
2022-05-31 11:54:00-04:00,2022-05-31 11:54:00-04:00,2022-05-31 15:59:00-04:00,L,12698.25,12645.0,12383.25,315.0,-108.5,-0.17222222222222222,time,1,L
2022-06-01 10:34:00-04:00,2022-06-01 10:34:00-04:00,2022-06-01 11:44:00-04:00,S,12587.0,12511.25,12917.0,330.0,149.5,0.2265151515151515,TP,1,S
2022-06-02 11:04:00-04:00,2022-06-02 11:04:00-04:00,2022-06-02 11:11:00-04:00,L,12635.75,12675.25,12444.75,191.0,77.0,0.20157068062827224,TP,1,L
2022-06-03 10:39:00-04:00,2022-06-03 10:39:00-04:00,2022-06-03 10:40:00-04:00,S,12580.25,12580.5,12748.75,168.5,-2.5,-0.00741839762611276,TP,1,S
2022-06-06 11:19:00-04:00,2022-06-06 11:19:00-04:00,2022-06-06 11:20:00-04:00,S,12638.25,12638.25,12837.5,199.25,-2.0,-0.005018820577164366,TP,1,S
2022-06-07 10:34:00-04:00,2022-06-07 10:34:00-04:00,2022-06-07 10:37:00-04:00,L,12629.0,12657.0,12391.25,237.75,54.0,0.11356466876971609,TP,1,L
2022-06-08 12:39:00-04:00,2022-06-08 12:39:00-04:00,2022-06-08 12:45:00-04:00,S,12626.75,12610.25,12820.5,193.75,31.0,0.08,TP,1,S
2022-06-09 10:39:00-04:00,2022-06-09 10:39:00-04:00,2022-06-09 14:40:00-04:00,L,12660.0,12470.25,12470.5,189.5,-381.5,-1.0065963060686016,SL,1,L
2022-06-10 11:14:00-04:00,2022-06-10 11:14:00-04:00,2022-06-10 15:59:00-04:00,S,11848.25,11837.5,12142.25,294.0,19.5,0.03316326530612245,time,1,S
2022-06-13 10:44:00-04:00,2022-06-13 10:44:00-04:00,2022-06-13 15:15:00-04:00,S,11357.25,11315.0,11598.75,241.5,82.5,0.17080745341614906,TP,1,S
2022-06-14 10:44:00-04:00,2022-06-14 10:44:00-04:00,2022-06-14 15:59:00-04:00,S,11261.0,11318.5,11446.25,185.25,-117.0,-0.3157894736842105,time,1,S
2022-06-16 10:39:00-04:00,2022-06-16 10:39:00-04:00,2022-06-16 10:48:00-04:00,S,11189.0,11145.25,11391.75,202.75,85.5,0.21085080147965474,TP,1,S
2022-06-17 10:34:00-04:00,2022-06-17 10:34:00-04:00,2022-06-17 15:59:00-04:00,S,11153.75,11292.75,11400.0,246.25,-280.0,-0.5685279187817259,time,1,S
2022-06-20 11:14:00-04:00,2022-06-20 11:14:00-04:00,2022-06-20 11:26:00-04:00,L,11387.0,11396.75,11317.5,69.5,17.5,0.12589928057553956,TP,1,L
2022-06-21 10:54:00-04:00,2022-06-21 10:54:00-04:00,2022-06-21 15:59:00-04:00,L,11668.75,11579.0,11392.75,276.0,-181.5,-0.328804347826087,time,1,L
2022-06-22 10:39:00-04:00,2022-06-22 10:39:00-04:00,2022-06-22 15:59:00-04:00,L,11740.5,11558.25,11351.75,388.75,-366.5,-0.47138263665594854,time,1,L
2022-06-23 10:44:00-04:00,2022-06-23 10:44:00-04:00,2022-06-23 10:47:00-04:00,L,11703.0,11717.0,11507.25,195.75,26.0,0.06641123882503193,TP,1,L
2022-06-28 10:34:00-04:00,2022-06-28 10:34:00-04:00,2022-06-28 10:52:00-04:00,S,11965.0,11941.0,12228.75,263.75,46.0,0.08720379146919431,TP,1,S
2022-06-30 11:54:00-04:00,2022-06-30 11:54:00-04:00,2022-06-30 12:25:00-04:00,L,11592.75,11653.25,11262.75,330.0,119.0,0.1803030303030303,TP,1,L
2022-07-01 10:39:00-04:00,2022-07-01 10:39:00-04:00,2022-07-01 15:59:00-04:00,S,11414.5,11613.0,11640.5,226.0,-399.0,-0.8827433628318584,time,1,S
2022-07-05 10:39:00-04:00,2022-07-05 10:39:00-04:00,2022-07-05 10:40:00-04:00,L,11589.5,11588.5,11340.0,249.5,-4.0,-0.008016032064128256,TP,1,L
2022-07-06 14:34:00-04:00,2022-07-06 14:34:00-04:00,2022-07-06 14:40:00-04:00,L,11899.25,11923.25,11715.0,184.25,46.0,0.1248303934871099,TP,1,L
2022-07-07 10:54:00-04:00,2022-07-07 10:54:00-04:00,2022-07-07 12:35:00-04:00,L,12065.0,12103.75,11857.25,207.75,75.5,0.18170878459687123,TP,1,L
2022-07-08 10:34:00-04:00,2022-07-08 10:34:00-04:00,2022-07-08 11:09:00-04:00,L,12128.25,12180.25,11927.75,200.5,102.0,0.2543640897755611,TP,1,L
2022-07-13 10:34:00-04:00,2022-07-13 10:34:00-04:00,2022-07-13 10:43:00-04:00,L,11709.75,11772.75,11468.25,241.5,124.0,0.2567287784679089,TP,1,L
2022-07-14 11:44:00-04:00,2022-07-14 11:44:00-04:00,2022-07-14 11:57:00-04:00,L,11697.25,11702.75,11461.25,236.0,9.0,0.019067796610169493,TP,1,L
2022-07-15 11:24:00-04:00,2022-07-15 11:24:00-04:00,2022-07-15 15:59:00-04:00,L,11991.75,12007.75,11814.75,177.0,30.0,0.0847457627118644,time,1,L
2022-07-18 13:34:00-04:00,2022-07-18 13:34:00-04:00,2022-07-18 13:35:00-04:00,S,12072.75,12073.25,12196.75,124.0,-3.0,-0.012096774193548387,TP,1,S
2022-07-19 10:44:00-04:00,2022-07-19 10:44:00-04:00,2022-07-19 10:48:00-04:00,L,12103.0,12123.75,11970.25,132.75,39.5,0.1487758945386064,TP,1,L
2022-07-20 10:34:00-04:00,2022-07-20 10:34:00-04:00,2022-07-20 10:47:00-04:00,L,12418.75,12443.0,12233.25,185.5,46.5,0.12533692722371967,TP,1,L
2022-07-21 12:04:00-04:00,2022-07-21 12:04:00-04:00,2022-07-21 12:06:00-04:00,L,12562.5,12571.25,12337.75,224.75,15.5,0.034482758620689655,TP,1,L
2022-07-22 11:04:00-04:00,2022-07-22 11:04:00-04:00,2022-07-22 11:23:00-04:00,S,12531.5,12508.5,12707.25,175.75,44.0,0.1251778093883357,TP,1,S
2022-07-26 10:34:00-04:00,2022-07-26 10:34:00-04:00,2022-07-26 11:30:00-04:00,S,12169.75,12140.0,12324.75,155.0,57.5,0.18548387096774194,TP,1,S
2022-07-27 11:04:00-04:00,2022-07-27 11:04:00-04:00,2022-07-27 14:35:00-04:00,L,12435.0,12496.25,12221.75,213.25,120.5,0.2825322391559203,TP,1,L
2022-07-28 11:29:00-04:00,2022-07-28 11:29:00-04:00,2022-07-28 11:53:00-04:00,L,12665.75,12693.75,12392.25,273.5,54.0,0.09872029250457039,TP,1,L
2022-07-29 13:54:00-04:00,2022-07-29 13:54:00-04:00,2022-07-29 15:29:00-04:00,L,12931.0,12987.25,12702.75,228.25,110.5,0.2420591456736035,TP,1,L
2022-08-01 10:49:00-04:00,2022-08-01 10:49:00-04:00,2022-08-01 15:59:00-04:00,L,13070.75,12962.25,12795.25,275.5,-219.0,-0.397459165154265,time,1,L
2022-08-02 10:54:00-04:00,2022-08-02 10:54:00-04:00,2022-08-02 10:55:00-04:00,L,12997.5,12997.5,12815.25,182.25,-2.0,-0.0054869684499314125,TP,1,L
2022-08-03 11:14:00-04:00,2022-08-03 11:14:00-04:00,2022-08-03 12:42:00-04:00,L,13175.75,13245.0,12909.25,266.5,136.5,0.25609756097560976,TP,1,L
2022-08-04 10:34:00-04:00,2022-08-04 10:34:00-04:00,2022-08-04 10:35:00-04:00,S,13205.5,13197.75,13368.25,162.75,13.5,0.041474654377880185,TP,1,S
2022-08-05 11:29:00-04:00,2022-08-05 11:29:00-04:00,2022-08-05 15:59:00-04:00,S,13091.0,13226.75,13394.0,303.0,-273.5,-0.4513201320132013,time,1,S
2022-08-08 11:44:00-04:00,2022-08-08 11:44:00-04:00,2022-08-08 12:13:00-04:00,S,13207.0,13198.0,13465.75,258.75,16.0,0.030917874396135265,TP,1,S
2022-08-09 12:29:00-04:00,2022-08-09 12:29:00-04:00,2022-08-09 15:59:00-04:00,S,12966.25,13032.5,13164.0,197.75,-134.5,-0.34007585335018964,time,1,S
2022-08-10 11:04:00-04:00,2022-08-10 11:04:00-04:00,2022-08-10 12:00:00-04:00,L,13368.75,13383.75,13215.5,153.25,28.0,0.09135399673735727,TP,1,L
2022-08-11 11:09:00-04:00,2022-08-11 11:09:00-04:00,2022-08-11 11:11:00-04:00,S,13416.5,13404.25,13626.75,210.25,22.5,0.0535077288941736,TP,1,S
2022-08-12 11:19:00-04:00,2022-08-12 11:19:00-04:00,2022-08-12 12:21:00-04:00,L,13471.75,13494.75,13349.25,122.5,44.0,0.17959183673469387,TP,1,L
2022-08-15 11:44:00-04:00,2022-08-15 11:44:00-04:00,2022-08-15 11:50:00-04:00,L,13637.0,13658.75,13494.25,142.75,41.5,0.14535901926444833,TP,1,L
2022-08-16 10:34:00-04:00,2022-08-16 10:34:00-04:00,2022-08-16 10:35:00-04:00,S,13525.5,13526.0,13680.5,155.0,-3.0,-0.00967741935483871,TP,1,S
2022-08-17 10:39:00-04:00,2022-08-17 10:39:00-04:00,2022-08-17 10:40:00-04:00,S,13451.0,13451.25,13563.0,112.0,-2.5,-0.011160714285714286,TP,1,S
2022-08-18 10:44:00-04:00,2022-08-18 10:44:00-04:00,2022-08-18 10:48:00-04:00,L,13507.0,13521.75,13419.5,87.5,27.5,0.15714285714285714,TP,1,L
2022-08-19 10:54:00-04:00,2022-08-19 10:54:00-04:00,2022-08-19 13:31:00-04:00,S,13279.75,13236.25,13454.0,174.25,85.0,0.24390243902439024,TP,1,S
2022-08-22 10:59:00-04:00,2022-08-22 10:59:00-04:00,2022-08-22 14:31:00-04:00,S,12951.0,12912.75,13136.25,185.25,74.5,0.20107962213225372,TP,1,S
2022-08-24 11:14:00-04:00,2022-08-24 11:14:00-04:00,2022-08-24 11:18:00-04:00,L,12969.25,12983.0,12815.25,154.0,25.5,0.08279220779220779,TP,1,L
2022-08-25 10:39:00-04:00,2022-08-25 10:39:00-04:00,2022-08-25 15:57:00-04:00,L,13106.25,13155.5,12907.75,198.5,96.5,0.24307304785894207,TP,1,L
2022-08-26 10:34:00-04:00,2022-08-26 10:34:00-04:00,2022-08-26 10:38:00-04:00,S,12934.0,12891.75,13273.0,339.0,82.5,0.12168141592920353,TP,1,S
2022-08-29 10:54:00-04:00,2022-08-29 10:54:00-04:00,2022-08-29 11:11:00-04:00,S,12471.5,12455.25,12645.75,174.25,30.5,0.08751793400286945,TP,1,S
2022-08-30 10:34:00-04:00,2022-08-30 10:34:00-04:00,2022-08-30 10:43:00-04:00,S,12332.25,12308.75,12648.25,316.0,45.0,0.07120253164556962,TP,1,S
2022-08-31 10:39:00-04:00,2022-08-31 10:39:00-04:00,2022-08-31 11:01:00-04:00,S,12363.0,12328.0,12555.75,192.75,68.0,0.17639429312581065,TP,1,S
2022-09-01 10:44:00-04:00,2022-09-01 10:44:00-04:00,2022-09-01 10:47:00-04:00,S,12079.5,12070.5,12239.25,159.75,16.0,0.050078247261345854,TP,1,S
2022-09-02 10:34:00-04:00,2022-09-02 10:34:00-04:00,2022-09-02 12:51:00-04:00,L,12431.75,12222.75,12223.0,208.75,-420.0,-1.0059880239520957,SL,1,L
2022-09-05 10:34:00-04:00,2022-09-05 10:34:00-04:00,2022-09-05 10:37:00-04:00,L,12154.25,12160.25,12090.5,63.75,10.0,0.0784313725490196,TP,1,L
2022-09-07 11:14:00-04:00,2022-09-07 11:14:00-04:00,2022-09-07 11:52:00-04:00,L,12140.25,12153.25,12001.5,138.75,24.0,0.08648648648648649,TP,1,L
2022-09-08 10:39:00-04:00,2022-09-08 10:39:00-04:00,2022-09-08 10:58:00-04:00,L,12300.25,12340.25,12058.0,242.25,78.0,0.1609907120743034,TP,1,L
2022-09-09 10:39:00-04:00,2022-09-09 10:39:00-04:00,2022-09-09 13:32:00-04:00,L,12547.75,12597.25,12356.75,191.0,97.0,0.25392670157068065,TP,1,L
2022-09-13 10:39:00-04:00,2022-09-13 10:39:00-04:00,2022-09-13 10:49:00-04:00,S,12256.0,12230.25,12437.0,181.0,49.5,0.13674033149171272,TP,1,S
2022-09-15 10:34:00-04:00,2022-09-15 10:34:00-04:00,2022-09-15 10:50:00-04:00,S,12104.75,12065.0,12252.75,148.0,77.5,0.26182432432432434,TP,1,S
2022-09-16 10:34:00-04:00,2022-09-16 10:34:00-04:00,2022-09-16 10:35:00-04:00,L,11898.75,11906.75,11753.5,145.25,14.0,0.04819277108433735,TP,1,L
2022-09-19 10:39:00-04:00,2022-09-19 10:39:00-04:00,2022-09-19 10:42:00-04:00,L,11946.25,11965.75,11770.5,175.75,37.0,0.10526315789473684,TP,1,L
2022-09-20 10:54:00-04:00,2022-09-20 10:54:00-04:00,2022-09-20 10:59:00-04:00,L,11953.5,11959.25,11879.75,73.75,9.5,0.06440677966101695,TP,1,L
2022-09-21 12:34:00-04:00,2022-09-21 12:34:00-04:00,2022-09-21 13:57:00-04:00,L,12004.5,12024.25,11912.75,91.75,37.5,0.20435967302452315,TP,1,L
2022-09-22 10:54:00-04:00,2022-09-22 10:54:00-04:00,2022-09-22 10:59:00-04:00,S,11555.75,11543.25,11688.75,133.0,23.0,0.08646616541353383,TP,1,S
2022-09-23 12:09:00-04:00,2022-09-23 12:09:00-04:00,2022-09-23 12:31:00-04:00,S,11335.0,11298.25,11520.75,185.75,71.5,0.19246298788694483,TP,1,S
2022-09-26 12:29:00-04:00,2022-09-26 12:29:00-04:00,2022-09-26 15:59:00-04:00,S,11328.25,11320.0,11613.5,285.25,14.5,0.025416301489921123,time,1,S
2022-09-27 11:29:00-04:00,2022-09-27 11:29:00-04:00,2022-09-27 11:55:00-04:00,S,11379.5,11351.25,11617.75,238.25,54.5,0.11437565582371459,TP,1,S
2022-09-28 10:49:00-04:00,2022-09-28 10:49:00-04:00,2022-09-28 11:55:00-04:00,L,11421.0,11473.25,11204.75,216.25,102.5,0.23699421965317918,TP,1,L
2022-09-29 13:54:00-04:00,2022-09-29 13:54:00-04:00,2022-09-29 15:59:00-04:00,S,11141.25,11231.25,11491.75,350.5,-182.0,-0.25962910128388017,time,1,S
2022-09-30 10:34:00-04:00,2022-09-30 10:34:00-04:00,2022-09-30 10:37:00-04:00,L,11299.25,11306.0,11120.25,179.0,11.5,0.03212290502793296,TP,1,L
2022-10-03 10:44:00-04:00,2022-10-03 10:44:00-04:00,2022-10-03 13:46:00-04:00,L,11218.5,11277.25,10988.75,229.75,115.5,0.2513601741022851,TP,1,L
2022-10-04 10:59:00-04:00,2022-10-04 10:59:00-04:00,2022-10-04 15:59:00-04:00,L,11670.0,11643.5,11447.0,223.0,-55.0,-0.12331838565022421,time,1,L
2022-10-05 10:34:00-04:00,2022-10-05 10:34:00-04:00,2022-10-05 13:16:00-04:00,S,11374.75,11599.5,11599.25,224.5,-451.5,-1.0055679287305122,SL,1,S
2022-10-07 11:19:00-04:00,2022-10-07 11:19:00-04:00,2022-10-07 12:25:00-04:00,S,11196.75,11146.75,11412.25,215.5,98.0,0.2273781902552204,TP,1,S
2022-10-10 10:39:00-04:00,2022-10-10 10:39:00-04:00,2022-10-10 12:23:00-04:00,S,10954.0,10925.5,11170.25,216.25,55.0,0.12716763005780346,TP,1,S
2022-10-11 11:44:00-04:00,2022-10-11 11:44:00-04:00,2022-10-11 11:46:00-04:00,L,10972.0,10976.75,10748.25,223.75,7.5,0.01675977653631285,TP,1,L
2022-10-13 11:09:00-04:00,2022-10-13 11:09:00-04:00,2022-10-13 11:13:00-04:00,L,10769.75,10780.75,10426.5,343.25,20.0,0.029133284777858703,TP,1,L
2022-10-14 10:44:00-04:00,2022-10-14 10:44:00-04:00,2022-10-14 15:59:00-04:00,S,10859.5,10747.75,11346.0,486.5,221.5,0.2276464542651593,time,1,S
2022-10-18 10:34:00-04:00,2022-10-18 10:34:00-04:00,2022-10-18 11:12:00-04:00,S,11255.0,11189.25,11475.0,220.0,129.5,0.2943181818181818,TP,1,S
2022-10-19 13:04:00-04:00,2022-10-19 13:04:00-04:00,2022-10-19 15:59:00-04:00,S,11065.0,11155.0,11350.0,285.0,-182.0,-0.3192982456140351,time,1,S
2022-10-20 13:49:00-04:00,2022-10-20 13:49:00-04:00,2022-10-20 15:59:00-04:00,S,11088.75,11087.5,11417.0,328.25,0.5,0.0007616146230007616,time,1,S
2022-10-21 12:04:00-04:00,2022-10-21 12:04:00-04:00,2022-10-21 13:50:00-04:00,L,11240.25,11281.75,10945.25,295.0,81.0,0.13728813559322034,TP,1,L
2022-10-24 12:19:00-04:00,2022-10-24 12:19:00-04:00,2022-10-24 14:43:00-04:00,L,11442.25,11461.0,11142.25,300.0,35.5,0.059166666666666666,TP,1,L
2022-10-25 11:09:00-04:00,2022-10-25 11:09:00-04:00,2022-10-25 15:30:00-04:00,L,11671.0,11718.0,11448.25,222.75,92.0,0.20650953984287318,TP,1,L
2022-10-26 10:39:00-04:00,2022-10-26 10:39:00-04:00,2022-10-26 10:43:00-04:00,L,11611.5,11633.25,11412.75,198.75,41.5,0.10440251572327044,TP,1,L
2022-10-27 12:29:00-04:00,2022-10-27 12:29:00-04:00,2022-10-27 15:59:00-04:00,S,11249.5,11241.5,11511.75,262.25,14.0,0.02669208770257388,time,1,S
2022-10-28 10:39:00-04:00,2022-10-28 10:39:00-04:00,2022-10-28 10:47:00-04:00,L,11413.5,11464.75,11128.5,285.0,100.5,0.1763157894736842,TP,1,L
2022-10-31 10:34:00-04:00,2022-10-31 10:34:00-04:00,2022-10-31 15:59:00-04:00,S,11386.0,11448.5,11535.0,149.0,-127.0,-0.4261744966442953,time,1,S
2022-11-01 10:44:00-04:00,2022-11-01 10:44:00-04:00,2022-11-01 15:59:00-04:00,S,11372.0,11331.0,11697.25,325.25,80.0,0.12298232129131437,time,1,S
2022-11-02 11:14:00-04:00,2022-11-02 11:14:00-04:00,2022-11-02 11:15:00-04:00,S,11238.25,11234.75,11362.0,123.75,5.0,0.020202020202020204,TP,1,S
2022-11-03 10:49:00-04:00,2022-11-03 10:49:00-04:00,2022-11-03 15:59:00-04:00,L,10873.5,10724.25,10669.5,204.0,-300.5,-0.7365196078431373,time,1,L
2022-11-04 11:54:00-04:00,2022-11-04 11:54:00-04:00,2022-11-04 15:59:00-04:00,S,10721.0,10893.5,11032.5,311.5,-347.0,-0.5569823434991974,time,1,S
2022-11-07 14:19:00-05:00,2022-11-07 14:19:00-05:00,2022-11-07 14:20:00-05:00,L,10992.25,10991.75,10821.25,171.0,-3.0,-0.008771929824561403,TP,1,L
2022-11-08 10:39:00-05:00,2022-11-08 10:39:00-05:00,2022-11-08 10:44:00-05:00,L,11114.25,11122.0,11006.25,108.0,13.5,0.0625,TP,1,L
2022-11-09 10:54:00-05:00,2022-11-09 10:54:00-05:00,2022-11-09 10:56:00-05:00,S,10954.25,10947.0,11066.75,112.5,12.5,0.05555555555555555,TP,1,S
2022-11-10 11:34:00-05:00,2022-11-10 11:34:00-05:00,2022-11-10 14:53:00-05:00,L,11474.75,11520.25,11242.75,232.0,89.0,0.19181034482758622,TP,1,L
2022-11-11 10:49:00-05:00,2022-11-11 10:49:00-05:00,2022-11-11 13:31:00-05:00,L,11774.25,11833.75,11504.5,269.75,117.0,0.21686746987951808,TP,1,L
2022-11-14 11:49:00-05:00,2022-11-14 11:49:00-05:00,2022-11-14 12:16:00-05:00,L,11818.25,11837.75,11686.25,132.0,37.0,0.14015151515151514,TP,1,L
2022-11-15 13:19:00-05:00,2022-11-15 13:19:00-05:00,2022-11-15 13:20:00-05:00,S,11921.0,11921.25,12085.25,164.25,-2.5,-0.0076103500761035,TP,1,S
2022-11-16 10:54:00-05:00,2022-11-16 10:54:00-05:00,2022-11-16 15:59:00-05:00,S,11710.0,11740.5,11881.25,171.25,-63.0,-0.18394160583941604,time,1,S
2022-11-17 11:59:00-05:00,2022-11-17 11:59:00-05:00,2022-11-17 12:00:00-05:00,L,11709.0,11715.75,11496.0,213.0,11.5,0.02699530516431925,TP,1,L
2022-11-18 10:59:00-05:00,2022-11-18 10:59:00-05:00,2022-11-18 12:20:00-05:00,S,11672.25,11615.25,11911.75,239.5,112.0,0.23382045929018788,TP,1,S
2022-11-21 10:49:00-05:00,2022-11-21 10:49:00-05:00,2022-11-21 12:21:00-05:00,S,11582.0,11564.75,11723.25,141.25,32.5,0.11504424778761062,TP,1,S
2022-11-22 10:49:00-05:00,2022-11-22 10:49:00-05:00,2022-11-22 12:04:00-05:00,L,11642.25,11656.75,11498.0,144.25,27.0,0.09358752166377816,TP,1,L
2022-11-23 10:34:00-05:00,2022-11-23 10:34:00-05:00,2022-11-23 15:59:00-05:00,L,11875.0,11868.0,11694.0,181.0,-16.0,-0.04419889502762431,time,1,L
2022-11-24 10:59:00-05:00,2022-11-24 10:59:00-05:00,2022-11-24 11:00:00-05:00,L,11920.5,11919.75,11898.0,22.5,-3.5,-0.07777777777777778,TP,1,L
2022-11-28 12:09:00-05:00,2022-11-28 12:09:00-05:00,2022-11-28 13:12:00-05:00,S,11675.25,11660.5,11816.25,141.0,27.5,0.0975177304964539,TP,1,S
2022-11-29 11:04:00-05:00,2022-11-29 11:04:00-05:00,2022-11-29 11:05:00-05:00,S,11543.25,11541.75,11653.5,110.25,1.0,0.0045351473922902496,TP,1,S
2022-11-30 11:04:00-05:00,2022-11-30 11:04:00-05:00,2022-11-30 11:05:00-05:00,S,11514.5,11514.5,11595.25,80.75,-2.0,-0.01238390092879257,TP,1,S
2022-12-02 11:44:00-05:00,2022-12-02 11:44:00-05:00,2022-12-02 15:00:00-05:00,L,11960.0,11991.25,11797.0,163.0,60.5,0.18558282208588958,TP,1,L
2022-12-05 11:59:00-05:00,2022-12-05 11:59:00-05:00,2022-12-05 12:02:00-05:00,S,11847.0,11841.25,12009.0,162.0,9.5,0.029320987654320986,TP,1,S
2022-12-06 11:04:00-05:00,2022-12-06 11:04:00-05:00,2022-12-06 13:33:00-05:00,S,11605.0,11546.25,11883.5,278.5,115.5,0.2073608617594255,TP,1,S
2022-12-08 13:39:00-05:00,2022-12-08 13:39:00-05:00,2022-12-08 15:59:00-05:00,L,11672.5,11645.5,11409.0,263.5,-56.0,-0.1062618595825427,time,1,L
2022-12-09 10:39:00-05:00,2022-12-09 10:39:00-05:00,2022-12-09 10:40:00-05:00,L,11669.0,11668.5,11568.25,100.75,-3.0,-0.01488833746898263,TP,1,L
2022-12-12 10:49:00-05:00,2022-12-12 10:49:00-05:00,2022-12-12 13:01:00-05:00,S,11540.25,11620.5,11620.25,80.0,-162.5,-1.015625,SL,1,S
2022-12-13 10:39:00-05:00,2022-12-13 10:39:00-05:00,2022-12-13 11:48:00-05:00,S,11923.75,11911.75,12255.0,331.25,22.0,0.03320754716981132,TP,1,S
2022-12-15 10:59:00-05:00,2022-12-15 10:59:00-05:00,2022-12-15 12:56:00-05:00,S,11516.75,11451.75,11764.0,247.25,128.0,0.25884732052578363,TP,1,S
2022-12-16 10:34:00-05:00,2022-12-16 10:34:00-05:00,2022-12-16 15:59:00-05:00,S,11326.5,11342.25,11561.25,234.75,-33.5,-0.07135250266240682,time,1,S
2022-12-19 11:04:00-05:00,2022-12-19 11:04:00-05:00,2022-12-19 11:40:00-05:00,S,11217.0,11189.5,11409.25,192.25,53.0,0.1378413524057217,TP,1,S
2022-12-20 10:34:00-05:00,2022-12-20 10:34:00-05:00,2022-12-20 15:59:00-05:00,L,11226.75,11175.25,11019.5,207.25,-105.0,-0.25331724969843183,time,1,L
2022-12-21 10:34:00-05:00,2022-12-21 10:34:00-05:00,2022-12-21 10:43:00-05:00,L,11323.5,11349.25,11132.75,190.75,49.5,0.12975098296199214,TP,1,L
2022-12-22 10:34:00-05:00,2022-12-22 10:34:00-05:00,2022-12-22 12:25:00-05:00,S,11001.5,10937.0,11291.75,290.25,127.0,0.21877691645133507,TP,1,S
2022-12-23 10:34:00-05:00,2022-12-23 10:34:00-05:00,2022-12-23 10:39:00-05:00,L,11071.0,11097.75,10878.0,193.0,51.5,0.133419689119171,TP,1,L
2022-12-28 10:59:00-05:00,2022-12-28 10:59:00-05:00,2022-12-28 11:00:00-05:00,S,10827.75,10828.75,11019.0,191.25,-4.0,-0.01045751633986928,TP,1,S
2022-12-29 10:39:00-05:00,2022-12-29 10:39:00-05:00,2022-12-29 15:59:00-05:00,L,11023.5,11032.0,10822.75,200.75,15.0,0.037359900373599,time,1,L
2022-12-30 10:49:00-05:00,2022-12-30 10:49:00-05:00,2022-12-30 15:47:00-05:00,L,10966.25,10981.5,10825.75,140.5,28.5,0.10142348754448399,TP,1,L
