sig_time,entry_time,exit_time,side,entry,exit,stop,risk_pts,pnl,R,reason,parts,tag
2019-06-21 15:29:00-04:00,2019-06-21 15:29:00-04:00,2019-06-21 15:59:00-04:00,L,7770.75,7755.5,7751.5,19.25,-32.5,-0.8441558441558441,time,1,L
2019-06-24 15:29:00-04:00,2019-06-24 15:29:00-04:00,2019-06-24 15:59:00-04:00,S,7753.75,7753.25,7769.25,15.5,-1.0,-0.03225806451612903,time,1,S
2019-06-25 15:29:00-04:00,2019-06-25 15:29:00-04:00,2019-06-25 15:59:00-04:00,S,7624.0,7622.0,7749.25,125.25,2.0,0.007984031936127744,time,1,S
2019-06-26 15:29:00-04:00,2019-06-26 15:29:00-04:00,2019-06-26 15:59:00-04:00,S,7655.75,7655.75,7670.5,14.75,-2.0,-0.06779661016949153,time,1,S
2019-06-27 15:29:00-04:00,2019-06-27 15:29:00-04:00,2019-06-27 15:59:00-04:00,L,7688.75,7683.25,7681.75,7.0,-13.0,-0.9285714285714286,time,1,L
2019-06-28 15:29:00-04:00,2019-06-28 15:29:00-04:00,2019-06-28 15:58:00-04:00,S,7671.25,7701.5,7701.25,30.0,-62.5,-1.0416666666666667,SL,1,S
2019-07-01 15:29:00-04:00,2019-07-01 15:29:00-04:00,2019-07-01 15:59:00-04:00,S,7785.75,7793.25,7838.25,52.5,-17.0,-0.1619047619047619,time,1,S
2019-07-02 15:29:00-04:00,2019-07-02 15:29:00-04:00,2019-07-02 15:59:00-04:00,L,7806.75,7825.0,7790.0,16.75,34.5,1.0298507462686568,time,1,L
2019-07-05 15:29:00-04:00,2019-07-05 15:29:00-04:00,2019-07-05 15:59:00-04:00,L,7871.0,7868.25,7829.0,42.0,-7.5,-0.08928571428571429,time,1,L
2019-07-09 15:29:00-04:00,2019-07-09 15:29:00-04:00,2019-07-09 15:59:00-04:00,L,7835.25,7850.0,7771.0,64.25,27.5,0.2140077821011673,time,1,L
2019-07-10 15:29:00-04:00,2019-07-10 15:29:00-04:00,2019-07-10 15:59:00-04:00,L,7917.25,7927.5,7894.25,23.0,18.5,0.40217391304347827,time,1,L
2019-07-11 15:29:00-04:00,2019-07-11 15:29:00-04:00,2019-07-11 15:59:00-04:00,S,7908.0,7919.75,7940.0,32.0,-25.5,-0.3984375,time,1,S
2019-07-12 15:29:00-04:00,2019-07-12 15:29:00-04:00,2019-07-12 15:59:00-04:00,L,7953.25,7965.25,7926.75,26.5,22.0,0.41509433962264153,time,1,L
2019-07-15 15:29:00-04:00,2019-07-15 15:29:00-04:00,2019-07-15 15:55:00-04:00,L,7985.0,7983.0,7983.25,1.75,-6.0,-1.7142857142857142,SL,1,L
2019-07-16 15:29:00-04:00,2019-07-16 15:29:00-04:00,2019-07-16 15:59:00-04:00,S,7950.0,7948.75,7978.25,28.25,0.5,0.008849557522123894,time,1,S
2019-07-17 15:29:00-04:00,2019-07-17 15:29:00-04:00,2019-07-17 15:59:00-04:00,S,7929.25,7909.25,7950.0,20.75,38.0,0.9156626506024096,time,1,S
2019-07-18 15:29:00-04:00,2019-07-18 15:29:00-04:00,2019-07-18 15:59:00-04:00,L,7912.5,7920.5,7870.5,42.0,14.0,0.16666666666666666,time,1,L
2019-07-19 15:29:00-04:00,2019-07-19 15:29:00-04:00,2019-07-19 15:59:00-04:00,S,7872.25,7853.5,7974.75,102.5,35.5,0.17317073170731706,time,1,S
2019-07-22 15:29:00-04:00,2019-07-22 15:29:00-04:00,2019-07-22 15:59:00-04:00,L,7921.0,7921.0,7877.25,43.75,-2.0,-0.022857142857142857,time,1,L
2019-07-24 15:29:00-04:00,2019-07-24 15:29:00-04:00,2019-07-24 15:59:00-04:00,L,8023.5,8025.25,7939.75,83.75,1.5,0.008955223880597015,time,1,L
2019-07-25 15:29:00-04:00,2019-07-25 15:29:00-04:00,2019-07-25 15:59:00-04:00,S,7952.0,7946.75,7998.0,46.0,8.5,0.09239130434782608,time,1,S
2019-07-26 15:29:00-04:00,2019-07-26 15:29:00-04:00,2019-07-26 15:59:00-04:00,L,8036.5,8028.0,7997.5,39.0,-19.0,-0.24358974358974358,time,1,L
2019-07-30 15:29:00-04:00,2019-07-30 15:29:00-04:00,2019-07-30 15:59:00-04:00,L,7966.25,7966.5,7939.75,26.5,-1.5,-0.02830188679245283,time,1,L
2019-08-01 15:29:00-04:00,2019-08-01 15:29:00-04:00,2019-08-01 15:59:00-04:00,S,7826.75,7812.75,7871.5,44.75,26.0,0.2905027932960894,time,1,S
2019-08-02 15:29:00-04:00,2019-08-02 15:29:00-04:00,2019-08-02 15:59:00-04:00,S,7700.25,7701.5,7758.75,58.5,-4.5,-0.038461538461538464,time,1,S
2019-08-05 15:29:00-04:00,2019-08-05 15:29:00-04:00,2019-08-05 15:59:00-04:00,S,7397.5,7423.25,7539.75,142.25,-53.5,-0.18804920913884007,time,1,S
2019-08-06 15:29:00-04:00,2019-08-06 15:29:00-04:00,2019-08-06 15:59:00-04:00,L,7521.5,7527.0,7490.75,30.75,9.0,0.14634146341463414,time,1,L
2019-08-07 15:29:00-04:00,2019-08-07 15:29:00-04:00,2019-08-07 15:59:00-04:00,L,7561.75,7558.75,7446.25,115.5,-8.0,-0.03463203463203463,time,1,L
2019-08-08 15:29:00-04:00,2019-08-08 15:29:00-04:00,2019-08-08 15:59:00-04:00,L,7705.0,7732.0,7601.25,103.75,52.0,0.25060240963855424,time,1,L
2019-08-12 15:29:00-04:00,2019-08-12 15:29:00-04:00,2019-08-12 15:59:00-04:00,S,7563.25,7570.5,7611.0,47.75,-16.5,-0.17277486910994763,time,1,S
2019-08-13 15:29:00-04:00,2019-08-13 15:29:00-04:00,2019-08-13 15:59:00-04:00,L,7742.75,7738.25,7566.5,176.25,-11.0,-0.031205673758865248,time,1,L
2019-08-14 15:29:00-04:00,2019-08-14 15:29:00-04:00,2019-08-14 15:59:00-04:00,S,7514.5,7500.75,7608.0,93.5,25.5,0.13636363636363635,time,1,S
2019-08-16 15:29:00-04:00,2019-08-16 15:29:00-04:00,2019-08-16 15:59:00-04:00,L,7612.75,7612.25,7556.5,56.25,-3.0,-0.02666666666666667,time,1,L
2019-08-19 15:29:00-04:00,2019-08-19 15:29:00-04:00,2019-08-19 15:59:00-04:00,L,7734.0,7728.0,7716.75,17.25,-14.0,-0.4057971014492754,time,1,L
2019-08-20 15:29:00-04:00,2019-08-20 15:29:00-04:00,2019-08-20 15:59:00-04:00,S,7698.25,7674.25,7716.25,18.0,46.0,1.2777777777777777,time,1,S
2019-08-21 15:29:00-04:00,2019-08-21 15:29:00-04:00,2019-08-21 15:55:00-04:00,S,7734.75,7742.75,7742.5,7.75,-18.0,-1.1612903225806452,SL,1,S
2019-08-23 15:29:00-04:00,2019-08-23 15:29:00-04:00,2019-08-23 15:59:00-04:00,S,7482.0,7474.25,7663.5,181.5,13.5,0.0371900826446281,time,1,S
2019-08-27 15:29:00-04:00,2019-08-27 15:29:00-04:00,2019-08-27 15:59:00-04:00,S,7571.25,7571.0,7634.0,62.75,-1.5,-0.01195219123505976,time,1,S
2019-08-28 15:29:00-04:00,2019-08-28 15:29:00-04:00,2019-08-28 15:59:00-04:00,L,7591.0,7593.5,7541.25,49.75,3.0,0.03015075376884422,time,1,L
2019-08-29 15:29:00-04:00,2019-08-29 15:29:00-04:00,2019-08-29 15:59:00-04:00,L,7700.0,7707.25,7685.75,14.25,12.5,0.43859649122807015,time,1,L
2019-08-30 15:29:00-04:00,2019-08-30 15:29:00-04:00,2019-08-30 15:59:00-04:00,S,7674.0,7691.5,7749.75,75.75,-37.0,-0.24422442244224424,time,1,S
2019-09-03 15:29:00-04:00,2019-09-03 15:29:00-04:00,2019-09-03 15:59:00-04:00,S,7608.75,7615.0,7638.75,30.0,-14.5,-0.24166666666666667,time,1,S
2019-09-04 15:29:00-04:00,2019-09-04 15:29:00-04:00,2019-09-04 15:59:00-04:00,L,7720.5,7723.5,7684.75,35.75,4.0,0.055944055944055944,time,1,L
2019-09-05 15:29:00-04:00,2019-09-05 15:29:00-04:00,2019-09-05 15:59:00-04:00,L,7869.75,7865.25,7807.0,62.75,-11.0,-0.08764940239043825,time,1,L
2019-09-06 15:29:00-04:00,2019-09-06 15:29:00-04:00,2019-09-06 15:35:00-04:00,L,7876.0,7873.5,7873.75,2.25,-7.0,-1.5555555555555556,SL,1,L
2019-09-09 15:29:00-04:00,2019-09-09 15:29:00-04:00,2019-09-09 15:59:00-04:00,S,7824.0,7837.5,7879.75,55.75,-29.0,-0.2600896860986547,time,1,S
2019-09-10 15:29:00-04:00,2019-09-10 15:29:00-04:00,2019-09-10 15:55:00-04:00,S,7770.75,7797.0,7796.75,26.0,-54.5,-1.0480769230769231,SL,1,S
2019-09-11 15:29:00-04:00,2019-09-11 15:29:00-04:00,2019-09-11 15:59:00-04:00,L,7873.5,7889.5,7828.25,45.25,30.0,0.3314917127071823,time,1,L
2019-09-13 15:29:00-04:00,2019-09-13 15:29:00-04:00,2019-09-13 15:59:00-04:00,S,7890.0,7893.5,7909.25,19.25,-9.0,-0.23376623376623376,time,1,S
2019-09-17 15:29:00-04:00,2019-09-17 15:29:00-04:00,2019-09-17 15:59:00-04:00,L,7895.75,7914.5,7879.0,16.75,35.5,1.0597014925373134,time,1,L
2019-09-20 15:29:00-04:00,2019-09-20 15:29:00-04:00,2019-09-20 15:59:00-04:00,S,7855.5,7839.25,7935.0,79.5,30.5,0.1918238993710692,time,1,S
2019-09-23 15:29:00-04:00,2019-09-23 15:29:00-04:00,2019-09-23 15:59:00-04:00,L,7858.5,7839.5,7833.5,25.0,-40.0,-0.8,time,1,L
2019-09-24 15:29:00-04:00,2019-09-24 15:29:00-04:00,2019-09-24 15:59:00-04:00,S,7722.75,7733.25,7877.25,154.5,-23.0,-0.0744336569579288,time,1,S
2019-09-25 15:29:00-04:00,2019-09-25 15:29:00-04:00,2019-09-25 15:59:00-04:00,L,7828.25,7822.75,7727.25,101.0,-13.0,-0.06435643564356436,time,1,L
2019-09-27 15:29:00-04:00,2019-09-27 15:29:00-04:00,2019-09-27 15:59:00-04:00,S,7668.75,7699.0,7805.5,136.75,-62.5,-0.22851919561243145,time,1,S
2019-09-30 15:29:00-04:00,2019-09-30 15:29:00-04:00,2019-09-30 15:59:00-04:00,L,7762.5,7767.5,7722.75,39.75,8.0,0.10062893081761007,time,1,L
2019-10-01 15:29:00-04:00,2019-10-01 15:29:00-04:00,2019-10-01 15:59:00-04:00,S,7722.75,7701.75,7798.0,75.25,40.0,0.26578073089701,time,1,S
2019-10-02 15:29:00-04:00,2019-10-02 15:29:00-04:00,2019-10-02 15:59:00-04:00,S,7573.25,7566.25,7652.25,79.0,12.0,0.0759493670886076,time,1,S
2019-10-03 15:29:00-04:00,2019-10-03 15:29:00-04:00,2019-10-03 15:59:00-04:00,L,7632.75,7652.0,7567.25,65.5,36.5,0.2786259541984733,time,1,L
2019-10-04 15:29:00-04:00,2019-10-04 15:29:00-04:00,2019-10-04 15:59:00-04:00,L,7752.0,7765.25,7688.0,64.0,24.5,0.19140625,time,1,L
2019-10-08 15:29:00-04:00,2019-10-08 15:29:00-04:00,2019-10-08 15:59:00-04:00,S,7668.5,7616.5,7685.75,17.25,102.0,2.9565217391304346,time,1,S
2019-10-09 15:29:00-04:00,2019-10-09 15:29:00-04:00,2019-10-09 15:59:00-04:00,L,7725.5,7701.0,7684.25,41.25,-51.0,-0.6181818181818182,time,1,L
2019-10-10 15:29:00-04:00,2019-10-10 15:29:00-04:00,2019-10-10 15:59:00-04:00,L,7754.25,7754.0,7696.5,57.75,-2.5,-0.021645021645021644,time,1,L
2019-10-11 15:29:00-04:00,2019-10-11 15:29:00-04:00,2019-10-11 15:59:00-04:00,L,7908.25,7851.75,7842.75,65.5,-115.0,-0.8778625954198473,time,1,L
2019-10-14 15:29:00-04:00,2019-10-14 15:29:00-04:00,2019-10-14 15:59:00-04:00,L,7866.5,7853.75,7843.0,23.5,-27.5,-0.5851063829787234,time,1,L
2019-10-15 15:29:00-04:00,2019-10-15 15:29:00-04:00,2019-10-15 15:59:00-04:00,L,7963.25,7952.75,7875.25,88.0,-23.0,-0.13068181818181818,time,1,L
2019-10-16 15:29:00-04:00,2019-10-16 15:29:00-04:00,2019-10-16 15:31:00-04:00,S,7923.5,7926.75,7926.5,3.0,-8.5,-1.4166666666666667,SL,1,S
2019-10-17 15:29:00-04:00,2019-10-17 15:29:00-04:00,2019-10-17 15:59:00-04:00,S,7953.0,7953.75,7979.5,26.5,-3.5,-0.0660377358490566,time,1,S
2019-10-21 15:29:00-04:00,2019-10-21 15:29:00-04:00,2019-10-21 15:59:00-04:00,L,7941.25,7946.25,7913.75,27.5,8.0,0.14545454545454545,time,1,L
2019-10-22 15:29:00-04:00,2019-10-22 15:29:00-04:00,2019-10-22 15:59:00-04:00,S,7904.5,7884.75,7973.25,68.75,37.5,0.2727272727272727,time,1,S
2019-10-23 15:29:00-04:00,2019-10-23 15:29:00-04:00,2019-10-23 15:59:00-04:00,L,7883.75,7896.25,7864.25,19.5,23.0,0.5897435897435898,time,1,L
2019-10-24 15:29:00-04:00,2019-10-24 15:29:00-04:00,2019-10-24 15:59:00-04:00,L,7964.5,7972.5,7953.75,10.75,14.0,0.6511627906976745,time,1,L
2019-10-25 15:29:00-04:00,2019-10-25 15:29:00-04:00,2019-10-25 15:59:00-04:00,L,8029.0,8035.75,7929.75,99.25,11.5,0.05793450881612091,time,1,L
2019-10-28 15:29:00-04:00,2019-10-28 15:29:00-04:00,2019-10-28 15:59:00-04:00,L,8125.25,8116.25,8074.0,51.25,-20.0,-0.1951219512195122,time,1,L
2019-10-29 15:29:00-04:00,2019-10-29 15:29:00-04:00,2019-10-29 15:59:00-04:00,S,8062.75,8054.5,8102.0,39.25,14.5,0.18471337579617833,time,1,S
2019-10-30 15:29:00-04:00,2019-10-30 15:29:00-04:00,2019-10-30 15:59:00-04:00,L,8093.5,8088.75,8067.75,25.75,-11.5,-0.22330097087378642,time,1,L
2019-10-31 15:29:00-04:00,2019-10-31 15:29:00-04:00,2019-10-31 15:59:00-04:00,S,8070.0,8091.0,8113.25,43.25,-44.0,-0.5086705202312138,time,1,S
2019-11-01 15:29:00-04:00,2019-11-01 15:29:00-04:00,2019-11-01 15:59:00-04:00,L,8145.0,8165.0,8127.25,17.75,38.0,1.0704225352112675,time,1,L
2019-11-04 15:29:00-05:00,2019-11-04 15:29:00-05:00,2019-11-04 15:52:00-05:00,S,8210.75,8220.0,8219.75,9.0,-20.5,-1.1388888888888888,SL,1,S
2019-11-05 15:29:00-05:00,2019-11-05 15:29:00-05:00,2019-11-05 15:31:00-05:00,L,8224.5,8223.25,8223.5,1.0,-4.5,-2.25,SL,1,L
2019-11-07 15:29:00-05:00,2019-11-07 15:29:00-05:00,2019-11-07 15:59:00-05:00,S,8217.25,8227.75,8241.75,24.5,-23.0,-0.46938775510204084,time,1,S
2019-11-08 15:29:00-05:00,2019-11-08 15:29:00-05:00,2019-11-08 15:59:00-05:00,L,8250.25,8261.75,8211.0,39.25,21.0,0.267515923566879,time,1,L
2019-11-11 15:29:00-05:00,2019-11-11 15:29:00-05:00,2019-11-11 15:59:00-05:00,L,8246.0,8248.5,8218.75,27.25,3.0,0.05504587155963303,time,1,L
2019-11-13 15:29:00-05:00,2019-11-13 15:29:00-05:00,2019-11-13 15:59:00-05:00,L,8268.0,8265.25,8243.25,24.75,-7.5,-0.15151515151515152,time,1,L
2019-11-14 15:29:00-05:00,2019-11-14 15:29:00-05:00,2019-11-14 15:59:00-05:00,L,8266.75,8265.75,8242.0,24.75,-4.0,-0.08080808080808081,time,1,L
2019-11-15 15:29:00-05:00,2019-11-15 15:29:00-05:00,2019-11-15 15:54:00-05:00,S,8300.0,8314.75,8314.5,14.5,-31.5,-1.0862068965517242,SL,1,S
2019-11-18 15:29:00-05:00,2019-11-18 15:29:00-05:00,2019-11-18 15:59:00-05:00,L,8333.25,8333.25,8313.25,20.0,-2.0,-0.05,time,1,L
2019-11-20 15:29:00-05:00,2019-11-20 15:29:00-05:00,2019-11-20 15:59:00-05:00,S,8266.75,8292.75,8323.75,57.0,-54.0,-0.47368421052631576,time,1,S
2019-11-25 15:29:00-05:00,2019-11-25 15:29:00-05:00,2019-11-25 15:59:00-05:00,L,8371.75,8376.75,8311.75,60.0,8.0,0.06666666666666667,time,1,L
2019-11-26 15:29:00-05:00,2019-11-26 15:29:00-05:00,2019-11-26 15:59:00-05:00,L,8388.25,8391.75,8379.75,8.5,5.0,0.29411764705882354,time,1,L
2019-11-27 15:29:00-05:00,2019-11-27 15:29:00-05:00,2019-11-27 15:59:00-05:00,L,8445.0,8448.75,8412.0,33.0,5.5,0.08333333333333333,time,1,L
2019-12-02 15:29:00-05:00,2019-12-02 15:29:00-05:00,2019-12-02 15:59:00-05:00,S,8316.0,8316.0,8411.0,95.0,-2.0,-0.010526315789473684,time,1,S
2019-12-03 15:29:00-05:00,2019-12-03 15:29:00-05:00,2019-12-03 15:59:00-05:00,L,8254.0,8257.5,8212.25,41.75,5.0,0.059880239520958084,time,1,L
2019-12-04 15:29:00-05:00,2019-12-04 15:29:00-05:00,2019-12-04 15:32:00-05:00,L,8304.0,8300.5,8300.75,3.25,-9.0,-1.3846153846153846,SL,1,L
2019-12-06 15:29:00-05:00,2019-12-06 15:29:00-05:00,2019-12-06 15:59:00-05:00,L,8400.0,8399.5,8370.25,29.75,-3.0,-0.05042016806722689,time,1,L
2019-12-09 15:29:00-05:00,2019-12-09 15:29:00-05:00,2019-12-09 15:59:00-05:00,S,8382.75,8365.5,8388.25,5.5,32.5,2.9545454545454546,time,1,S
2019-12-10 15:29:00-05:00,2019-12-10 15:29:00-05:00,2019-12-10 15:59:00-05:00,S,8362.25,8358.75,8368.75,6.5,5.0,0.38461538461538464,time,1,S
2019-12-11 15:29:00-05:00,2019-12-11 15:29:00-05:00,2019-12-11 15:59:00-05:00,L,8405.5,8404.25,8376.25,29.25,-4.5,-0.07692307692307693,time,1,L
2019-12-12 15:29:00-05:00,2019-12-12 15:29:00-05:00,2019-12-12 15:59:00-05:00,L,8458.5,8466.5,8392.0,66.5,14.0,0.10526315789473684,time,1,L
2019-12-13 15:29:00-05:00,2019-12-13 15:29:00-05:00,2019-12-13 15:59:00-05:00,L,8493.0,8492.0,8455.5,37.5,-4.0,-0.05333333333333334,time,1,L
2019-12-17 15:29:00-05:00,2019-12-17 15:29:00-05:00,2019-12-17 15:59:00-05:00,S,8608.5,8605.75,8616.25,7.75,3.5,0.22580645161290322,time,1,S
2019-12-18 15:29:00-05:00,2019-12-18 15:29:00-05:00,2019-12-18 15:54:00-05:00,L,8629.5,8617.5,8617.75,11.75,-26.0,-1.1063829787234043,SL,1,L
2019-12-19 15:29:00-05:00,2019-12-19 15:29:00-05:00,2019-12-19 15:59:00-05:00,L,8659.25,8671.0,8619.0,40.25,21.5,0.2670807453416149,time,1,L
2019-12-23 15:29:00-05:00,2019-12-23 15:29:00-05:00,2019-12-23 15:59:00-05:00,S,8726.75,8722.0,8733.25,6.5,7.5,0.5769230769230769,time,1,S
2019-12-26 15:29:00-05:00,2019-12-26 15:29:00-05:00,2019-12-26 15:59:00-05:00,L,8783.5,8801.0,8740.0,43.5,33.0,0.3793103448275862,time,1,L
2019-12-27 15:29:00-05:00,2019-12-27 15:29:00-05:00,2019-12-27 15:59:00-05:00,S,8796.0,8792.75,8832.25,36.25,4.5,0.06206896551724138,time,1,S
2019-12-30 15:29:00-05:00,2019-12-30 15:29:00-05:00,2019-12-30 15:59:00-05:00,S,8739.75,8731.75,8787.5,47.75,14.0,0.14659685863874344,time,1,S
2019-12-31 15:29:00-05:00,2019-12-31 15:29:00-05:00,2019-12-31 15:59:00-05:00,L,8738.75,8747.75,8708.75,30.0,16.0,0.26666666666666666,time,1,L
2020-01-02 15:29:00-05:00,2020-01-02 15:29:00-05:00,2020-01-02 15:59:00-05:00,L,8865.5,8888.5,8820.75,44.75,44.0,0.49162011173184356,time,1,L
2020-01-03 15:29:00-05:00,2020-01-03 15:29:00-05:00,2020-01-03 15:59:00-05:00,L,8828.5,8809.5,8771.75,56.75,-40.0,-0.3524229074889868,time,1,L
2020-01-06 15:29:00-05:00,2020-01-06 15:29:00-05:00,2020-01-06 15:59:00-05:00,L,8843.75,8863.5,8738.75,105.0,37.5,0.17857142857142858,time,1,L
2020-01-07 15:29:00-05:00,2020-01-07 15:29:00-05:00,2020-01-07 15:50:00-05:00,L,8880.0,8866.25,8866.5,13.5,-29.5,-1.0925925925925926,SL,1,L
2020-01-08 15:29:00-05:00,2020-01-08 15:29:00-05:00,2020-01-08 15:59:00-05:00,L,8970.25,8929.5,8860.75,109.5,-83.5,-0.3812785388127854,time,1,L
2020-01-10 15:29:00-05:00,2020-01-10 15:29:00-05:00,2020-01-10 15:59:00-05:00,S,8986.25,8983.0,9038.5,52.25,4.5,0.0430622009569378,time,1,S
2020-01-13 15:29:00-05:00,2020-01-13 15:29:00-05:00,2020-01-13 15:59:00-05:00,L,9067.0,9084.75,9017.0,50.0,33.5,0.335,time,1,L
2020-01-14 15:29:00-05:00,2020-01-14 15:29:00-05:00,2020-01-14 15:59:00-05:00,S,9044.25,9050.75,9076.75,32.5,-15.0,-0.23076923076923078,time,1,S
2020-01-15 15:29:00-05:00,2020-01-15 15:29:00-05:00,2020-01-15 15:59:00-05:00,S,9038.5,9052.75,9054.25,15.75,-30.5,-0.9682539682539683,time,1,S
2020-01-16 15:29:00-05:00,2020-01-16 15:29:00-05:00,2020-01-16 15:59:00-05:00,L,9110.0,9137.75,9095.5,14.5,53.5,1.8448275862068966,time,1,L
2020-01-21 15:29:00-05:00,2020-01-21 15:29:00-05:00,2020-01-21 15:59:00-05:00,L,9185.5,9179.5,9153.25,32.25,-14.0,-0.21705426356589147,time,1,L
2020-01-22 15:29:00-05:00,2020-01-22 15:29:00-05:00,2020-01-22 15:59:00-05:00,S,9199.5,9200.75,9223.75,24.25,-4.5,-0.09278350515463918,time,1,S
2020-01-23 15:29:00-05:00,2020-01-23 15:29:00-05:00,2020-01-23 15:59:00-05:00,L,9227.0,9227.25,9193.0,34.0,-1.5,-0.022058823529411766,time,1,L
2020-01-24 15:29:00-05:00,2020-01-24 15:29:00-05:00,2020-01-24 15:59:00-05:00,S,9160.25,9151.75,9273.0,112.75,15.0,0.06651884700665188,time,1,S
2020-01-27 15:29:00-05:00,2020-01-27 15:29:00-05:00,2020-01-27 15:59:00-05:00,L,8977.5,8961.0,8947.0,30.5,-35.0,-0.5737704918032787,time,1,L
2020-01-28 15:29:00-05:00,2020-01-28 15:29:00-05:00,2020-01-28 15:59:00-05:00,L,9118.5,9098.0,9023.5,95.0,-43.0,-0.22631578947368422,time,1,L
2020-01-30 15:29:00-05:00,2020-01-30 15:29:00-05:00,2020-01-30 15:59:00-05:00,L,9114.0,9143.75,9051.5,62.5,57.5,0.46,time,1,L
2020-01-31 15:29:00-05:00,2020-01-31 15:29:00-05:00,2020-01-31 15:59:00-05:00,S,8992.0,8995.0,9182.0,190.0,-8.0,-0.021052631578947368,time,1,S
2020-02-03 15:29:00-05:00,2020-02-03 15:29:00-05:00,2020-02-03 15:59:00-05:00,L,9144.0,9131.0,9041.25,102.75,-28.0,-0.1362530413625304,time,1,L
2020-02-04 15:29:00-05:00,2020-02-04 15:29:00-05:00,2020-02-04 15:59:00-05:00,L,9356.5,9340.5,9257.75,98.75,-34.0,-0.17215189873417722,time,1,L
2020-02-05 15:29:00-05:00,2020-02-05 15:29:00-05:00,2020-02-05 15:59:00-05:00,S,9378.25,9375.75,9457.25,79.0,3.0,0.0189873417721519,time,1,S
2020-02-06 15:29:00-05:00,2020-02-06 15:29:00-05:00,2020-02-06 15:59:00-05:00,L,9429.75,9452.75,9395.75,34.0,44.0,0.6470588235294118,time,1,L
2020-02-07 15:29:00-05:00,2020-02-07 15:29:00-05:00,2020-02-07 15:33:00-05:00,S,9402.5,9411.75,9411.5,9.0,-20.5,-1.1388888888888888,SL,1,S
2020-02-10 15:29:00-05:00,2020-02-10 15:29:00-05:00,2020-02-10 15:59:00-05:00,L,9508.75,9525.0,9379.75,129.0,30.5,0.1182170542635659,time,1,L
2020-02-11 15:29:00-05:00,2020-02-11 15:29:00-05:00,2020-02-11 15:59:00-05:00,S,9521.75,9525.5,9577.0,55.25,-9.5,-0.08597285067873303,time,1,S
2020-02-12 15:29:00-05:00,2020-02-12 15:29:00-05:00,2020-02-12 15:59:00-05:00,L,9608.75,9620.25,9580.25,28.5,21.0,0.3684210526315789,time,1,L
2020-02-13 15:29:00-05:00,2020-02-13 15:29:00-05:00,2020-02-13 15:59:00-05:00,L,9615.25,9604.25,9549.5,65.75,-24.0,-0.18250950570342206,time,1,L
2020-02-14 15:29:00-05:00,2020-02-14 15:29:00-05:00,2020-02-14 15:50:00-05:00,S,9605.5,9619.25,9619.0,13.5,-29.5,-1.0925925925925926,SL,1,S
2020-02-18 15:29:00-05:00,2020-02-18 15:29:00-05:00,2020-02-18 15:59:00-05:00,L,9643.5,9635.75,9583.5,60.0,-17.5,-0.14583333333333334,time,1,L
2020-02-19 15:29:00-05:00,2020-02-19 15:29:00-05:00,2020-02-19 15:59:00-05:00,L,9733.5,9728.0,9690.0,43.5,-13.0,-0.14942528735632185,time,1,L
2020-02-21 15:29:00-05:00,2020-02-21 15:29:00-05:00,2020-02-21 15:59:00-05:00,S,9426.0,9452.25,9590.0,164.0,-54.5,-0.16615853658536586,time,1,S
2020-02-24 15:29:00-05:00,2020-02-24 15:29:00-05:00,2020-02-24 15:54:00-05:00,L,9143.25,9103.75,9104.0,39.25,-81.0,-1.0318471337579618,SL,1,L
2020-02-25 15:29:00-05:00,2020-02-25 15:29:00-05:00,2020-02-25 15:59:00-05:00,S,8859.25,8839.5,9159.5,300.25,37.5,0.06244796003330558,time,1,S
2020-02-27 15:29:00-05:00,2020-02-27 15:29:00-05:00,2020-02-27 15:59:00-05:00,S,8560.5,8432.5,8657.75,97.25,254.0,1.3059125964010283,time,1,S
2020-03-02 15:29:00-05:00,2020-03-02 15:29:00-05:00,2020-03-02 15:59:00-05:00,L,8704.0,8876.25,8563.75,140.25,342.5,1.2210338680926915,time,1,L
2020-03-03 15:29:00-05:00,2020-03-03 15:29:00-05:00,2020-03-03 15:59:00-05:00,S,8699.25,8596.25,8901.5,202.25,204.0,0.5043263288009888,time,1,S
2020-03-04 15:29:00-05:00,2020-03-04 15:29:00-05:00,2020-03-04 15:59:00-05:00,L,8885.5,8943.0,8745.25,140.25,113.0,0.4028520499108734,time,1,L
2020-03-05 15:29:00-05:00,2020-03-05 15:29:00-05:00,2020-03-05 15:59:00-05:00,S,8624.75,8671.75,8717.0,92.25,-96.0,-0.5203252032520326,time,1,S
2020-03-06 15:29:00-05:00,2020-03-06 15:29:00-05:00,2020-03-06 15:30:00-05:00,S,8372.75,8385.25,8385.0,12.25,-27.0,-1.1020408163265305,SL,1,S
2020-03-09 15:29:00-04:00,2020-03-09 15:29:00-04:00,2020-03-09 15:32:00-04:00,L,8053.5,8021.5,8021.75,31.75,-66.0,-1.0393700787401574,SL,1,L
2020-03-11 15:29:00-04:00,2020-03-11 15:29:00-04:00,2020-03-11 15:59:00-04:00,S,7952.0,7998.75,8164.0,212.0,-95.5,-0.22523584905660377,time,1,S
2020-03-12 15:29:00-04:00,2020-03-12 15:29:00-04:00,2020-03-12 15:59:00-04:00,S,7344.5,7261.25,7525.0,180.5,164.5,0.4556786703601108,time,1,S
2020-03-17 15:29:00-04:00,2020-03-17 15:29:00-04:00,2020-03-17 15:59:00-04:00,L,7327.0,7437.75,7165.5,161.5,219.5,0.6795665634674922,time,1,L
2020-03-18 15:29:00-04:00,2020-03-18 15:29:00-04:00,2020-03-18 15:31:00-04:00,S,6906.0,6945.5,6945.25,39.25,-81.0,-1.0318471337579618,SL,1,S
2020-03-19 15:29:00-04:00,2020-03-19 15:29:00-04:00,2020-03-19 15:59:00-04:00,L,7420.25,7270.5,7177.5,242.75,-301.5,-0.6210092687950567,time,1,L
2020-03-20 15:29:00-04:00,2020-03-20 15:29:00-04:00,2020-03-20 15:59:00-04:00,S,7134.25,6976.75,7429.0,294.75,313.0,0.5309584393553859,time,1,S
2020-03-23 15:29:00-04:00,2020-03-23 15:29:00-04:00,2020-03-23 15:52:00-04:00,S,6877.25,6998.25,6998.0,120.75,-244.0,-1.010351966873706,SL,1,S
2020-03-24 15:29:00-04:00,2020-03-24 15:29:00-04:00,2020-03-24 15:59:00-04:00,L,7485.25,7532.25,7365.5,119.75,92.0,0.38413361169102295,time,1,L
2020-03-25 15:29:00-04:00,2020-03-25 15:29:00-04:00,2020-03-25 15:49:00-04:00,L,7660.25,7553.25,7553.5,106.75,-216.0,-1.0117096018735363,SL,1,L
2020-03-26 15:29:00-04:00,2020-03-26 15:29:00-04:00,2020-03-26 15:59:00-04:00,L,7767.5,7867.75,7528.25,239.25,198.5,0.4148380355276907,time,1,L
2020-03-27 15:29:00-04:00,2020-03-27 15:29:00-04:00,2020-03-27 15:41:00-04:00,L,7772.5,7654.5,7654.75,117.75,-238.0,-1.010615711252654,SL,1,L
2020-03-30 15:29:00-04:00,2020-03-30 15:29:00-04:00,2020-03-30 15:59:00-04:00,L,7824.5,7865.25,7659.5,165.0,79.5,0.2409090909090909,time,1,L
2020-03-31 15:29:00-04:00,2020-03-31 15:29:00-04:00,2020-03-31 15:59:00-04:00,S,7758.5,7799.75,7844.75,86.25,-84.5,-0.48985507246376814,time,1,S
2020-04-01 15:29:00-04:00,2020-04-01 15:29:00-04:00,2020-04-01 15:59:00-04:00,S,7435.5,7467.0,7564.0,128.5,-65.0,-0.2529182879377432,time,1,S
2020-04-02 15:29:00-04:00,2020-04-02 15:29:00-04:00,2020-04-02 15:59:00-04:00,L,7555.25,7617.5,7431.75,123.5,122.5,0.4959514170040486,time,1,L
2020-04-03 15:29:00-04:00,2020-04-03 15:29:00-04:00,2020-04-03 15:59:00-04:00,S,7475.5,7514.75,7593.0,117.5,-80.5,-0.3425531914893617,time,1,S
2020-04-06 15:29:00-04:00,2020-04-06 15:29:00-04:00,2020-04-06 15:59:00-04:00,L,7978.25,8052.25,7797.0,181.25,146.0,0.4027586206896552,time,1,L
2020-04-07 15:29:00-04:00,2020-04-07 15:29:00-04:00,2020-04-07 15:59:00-04:00,S,8056.25,8040.75,8282.75,226.5,29.0,0.0640176600441501,time,1,S
2020-04-08 15:29:00-04:00,2020-04-08 15:29:00-04:00,2020-04-08 15:59:00-04:00,L,8209.0,8211.75,8115.5,93.5,3.5,0.01871657754010695,time,1,L
2020-04-09 15:29:00-04:00,2020-04-09 15:29:00-04:00,2020-04-09 15:59:00-04:00,S,8201.25,8226.25,8284.75,83.5,-52.0,-0.31137724550898205,time,1,S
2020-04-13 15:29:00-04:00,2020-04-13 15:29:00-04:00,2020-04-13 15:59:00-04:00,L,8280.75,8316.5,8189.0,91.75,69.5,0.3787465940054496,time,1,L
2020-04-14 15:29:00-04:00,2020-04-14 15:29:00-04:00,2020-04-14 15:59:00-04:00,L,8675.0,8681.25,8486.5,188.5,10.5,0.027851458885941646,time,1,L
2020-04-15 15:29:00-04:00,2020-04-15 15:29:00-04:00,2020-04-15 15:59:00-04:00,L,8604.75,8581.75,8543.0,61.75,-48.0,-0.38866396761133604,time,1,L
2020-04-16 15:29:00-04:00,2020-04-16 15:29:00-04:00,2020-04-16 15:59:00-04:00,L,8709.0,8743.25,8678.25,30.75,66.5,1.08130081300813,time,1,L
2020-04-17 15:29:00-04:00,2020-04-17 15:29:00-04:00,2020-04-17 15:59:00-04:00,S,8759.0,8816.0,8848.25,89.25,-116.0,-0.6498599439775911,time,1,S
2020-04-21 15:29:00-04:00,2020-04-21 15:29:00-04:00,2020-04-21 15:59:00-04:00,S,8445.75,8391.25,8631.5,185.75,107.0,0.288021534320323,time,1,S
2020-04-22 15:29:00-04:00,2020-04-22 15:29:00-04:00,2020-04-22 15:59:00-04:00,L,8669.0,8648.25,8568.0,101.0,-43.5,-0.21534653465346534,time,1,L
2020-04-23 15:29:00-04:00,2020-04-23 15:29:00-04:00,2020-04-23 15:59:00-04:00,S,8648.75,8628.25,8676.75,28.0,39.0,0.6964285714285714,time,1,S
2020-04-24 15:29:00-04:00,2020-04-24 15:29:00-04:00,2020-04-24 15:59:00-04:00,L,8752.75,8770.75,8644.0,108.75,34.0,0.15632183908045977,time,1,L
2020-04-27 15:29:00-04:00,2020-04-27 15:29:00-04:00,2020-04-27 15:59:00-04:00,S,8825.0,8824.25,8859.0,34.0,-0.5,-0.007352941176470588,time,1,S
2020-04-28 15:29:00-04:00,2020-04-28 15:29:00-04:00,2020-04-28 15:59:00-04:00,S,8724.25,8666.75,8903.75,179.5,113.0,0.3147632311977716,time,1,S
2020-04-29 15:29:00-04:00,2020-04-29 15:29:00-04:00,2020-04-29 15:59:00-04:00,L,9006.75,8962.75,8859.75,147.0,-90.0,-0.30612244897959184,time,1,L
2020-05-01 15:29:00-04:00,2020-05-01 15:29:00-04:00,2020-05-01 15:59:00-04:00,S,8722.0,8711.75,8790.75,68.75,18.5,0.13454545454545455,time,1,S
2020-05-04 15:29:00-04:00,2020-05-04 15:29:00-04:00,2020-05-04 15:59:00-04:00,L,8800.0,8817.75,8670.25,129.75,33.5,0.12909441233140656,time,1,L
2020-05-06 15:29:00-04:00,2020-05-06 15:29:00-04:00,2020-05-06 15:36:00-04:00,L,9022.75,8987.0,8987.25,35.5,-73.5,-1.0352112676056338,SL,1,L
2020-05-07 15:29:00-04:00,2020-05-07 15:29:00-04:00,2020-05-07 15:30:00-04:00,L,9088.25,9086.25,9086.5,1.75,-6.0,-1.7142857142857142,SL,1,L
2020-05-08 15:29:00-04:00,2020-05-08 15:29:00-04:00,2020-05-08 15:59:00-04:00,L,9193.75,9209.25,9158.75,35.0,29.0,0.4142857142857143,time,1,L
2020-05-11 15:29:00-04:00,2020-05-11 15:29:00-04:00,2020-05-11 15:59:00-04:00,L,9316.25,9286.5,9157.25,159.0,-61.5,-0.19339622641509435,time,1,L
2020-05-12 15:29:00-04:00,2020-05-12 15:29:00-04:00,2020-05-12 15:59:00-04:00,S,9214.25,9102.5,9320.25,106.0,221.5,1.044811320754717,time,1,S
2020-05-13 15:29:00-04:00,2020-05-13 15:29:00-04:00,2020-05-13 15:59:00-04:00,S,8917.25,8991.0,9122.5,205.25,-149.5,-0.364190012180268,time,1,S
2020-05-14 15:29:00-04:00,2020-05-14 15:29:00-04:00,2020-05-14 15:59:00-04:00,L,9037.5,9086.5,8934.0,103.5,96.0,0.463768115942029,time,1,L
2020-05-15 15:29:00-04:00,2020-05-15 15:29:00-04:00,2020-05-15 15:59:00-04:00,L,9117.0,9145.75,8961.0,156.0,55.5,0.1778846153846154,time,1,L
2020-05-18 15:29:00-04:00,2020-05-18 15:29:00-04:00,2020-05-18 15:59:00-04:00,L,9332.75,9319.75,9268.5,64.25,-28.0,-0.2178988326848249,time,1,L
2020-05-19 15:29:00-04:00,2020-05-19 15:29:00-04:00,2020-05-19 15:50:00-04:00,L,9376.25,9326.25,9326.5,49.75,-102.0,-1.0251256281407035,SL,1,L
2020-05-20 15:29:00-04:00,2020-05-20 15:29:00-04:00,2020-05-20 15:59:00-04:00,L,9479.25,9480.0,9402.0,77.25,-0.5,-0.003236245954692557,time,1,L
2020-05-21 15:29:00-04:00,2020-05-21 15:29:00-04:00,2020-05-21 15:59:00-04:00,S,9399.5,9378.25,9483.75,84.25,40.5,0.2403560830860534,time,1,S
2020-05-22 15:29:00-04:00,2020-05-22 15:29:00-04:00,2020-05-22 15:59:00-04:00,L,9386.5,9405.75,9358.0,28.5,36.5,0.6403508771929824,time,1,L
2020-05-26 15:29:00-04:00,2020-05-26 15:29:00-04:00,2020-05-26 15:59:00-04:00,S,9424.0,9388.25,9559.0,135.0,69.5,0.2574074074074074,time,1,S
2020-05-27 15:29:00-04:00,2020-05-27 15:29:00-04:00,2020-05-27 15:59:00-04:00,L,9404.5,9434.25,9360.75,43.75,57.5,0.6571428571428571,time,1,L
2020-05-29 15:29:00-04:00,2020-05-29 15:29:00-04:00,2020-05-29 15:59:00-04:00,L,9513.5,9542.25,9441.25,72.25,55.5,0.38408304498269896,time,1,L
2020-06-01 15:29:00-04:00,2020-06-01 15:29:00-04:00,2020-06-01 15:59:00-04:00,L,9596.0,9593.75,9520.5,75.5,-6.5,-0.04304635761589404,time,1,L
2020-06-03 15:29:00-04:00,2020-06-03 15:29:00-04:00,2020-06-03 15:59:00-04:00,L,9712.25,9696.75,9677.0,35.25,-33.0,-0.46808510638297873,time,1,L
2020-06-04 15:29:00-04:00,2020-06-04 15:29:00-04:00,2020-06-04 15:59:00-04:00,S,9601.0,9627.75,9681.5,80.5,-55.5,-0.3447204968944099,time,1,S
2020-06-05 15:29:00-04:00,2020-06-05 15:29:00-04:00,2020-06-05 15:59:00-04:00,L,9841.0,9815.75,9670.25,170.75,-52.5,-0.15373352855051245,time,1,L
2020-06-08 15:29:00-04:00,2020-06-08 15:29:00-04:00,2020-06-08 15:59:00-04:00,L,9860.75,9896.25,9809.75,51.0,69.0,0.6764705882352942,time,1,L
2020-06-09 15:29:00-04:00,2020-06-09 15:29:00-04:00,2020-06-09 15:59:00-04:00,L,9995.25,9963.5,9857.5,137.75,-65.5,-0.23774954627949182,time,1,L
2020-06-10 15:29:00-04:00,2020-06-10 15:29:00-04:00,2020-06-10 15:59:00-04:00,L,10151.0,10089.0,10038.0,113.0,-126.0,-0.5575221238938053,time,1,L
2020-06-11 15:29:00-04:00,2020-06-11 15:29:00-04:00,2020-06-11 15:59:00-04:00,S,9613.0,9592.75,9927.0,314.0,38.5,0.06130573248407643,time,1,S
2020-06-12 15:29:00-04:00,2020-06-12 15:29:00-04:00,2020-06-12 15:59:00-04:00,S,9581.25,9660.25,9796.0,214.75,-160.0,-0.37252619324796277,time,1,S
2020-06-15 15:29:00-04:00,2020-06-15 15:29:00-04:00,2020-06-15 15:59:00-04:00,L,9754.75,9778.0,9522.5,232.25,44.5,0.09580193756727665,time,1,L
2020-06-19 15:29:00-04:00,2020-06-19 15:29:00-04:00,2020-06-19 15:59:00-04:00,S,10003.75,9990.75,10098.75,95.0,24.0,0.12631578947368421,time,1,S
2020-06-22 15:29:00-04:00,2020-06-22 15:29:00-04:00,2020-06-22 15:59:00-04:00,L,10078.5,10114.75,9990.25,88.25,70.5,0.39943342776203966,time,1,L
2020-06-24 15:29:00-04:00,2020-06-24 15:29:00-04:00,2020-06-24 15:59:00-04:00,S,10007.75,9993.75,10167.5,159.75,26.0,0.081377151799687,time,1,S
2020-06-25 15:29:00-04:00,2020-06-25 15:29:00-04:00,2020-06-25 15:59:00-04:00,L,10062.25,10087.0,9996.75,65.5,47.5,0.36259541984732824,time,1,L
2020-06-26 15:29:00-04:00,2020-06-26 15:29:00-04:00,2020-06-26 15:59:00-04:00,S,9878.5,9841.25,10073.0,194.5,72.5,0.18637532133676094,time,1,S
2020-06-29 15:29:00-04:00,2020-06-29 15:29:00-04:00,2020-06-29 15:59:00-04:00,L,9895.25,9950.5,9836.75,58.5,108.5,0.9273504273504274,time,1,L
2020-06-30 15:29:00-04:00,2020-06-30 15:29:00-04:00,2020-06-30 15:59:00-04:00,L,10105.25,10148.25,9950.0,155.25,84.0,0.27053140096618356,time,1,L
2020-07-01 15:29:00-04:00,2020-07-01 15:29:00-04:00,2020-07-01 15:59:00-04:00,L,10289.75,10264.25,10148.5,141.25,-53.0,-0.18761061946902655,time,1,L
2020-07-06 15:29:00-04:00,2020-07-06 15:29:00-04:00,2020-07-06 15:59:00-04:00,L,10567.25,10591.25,10469.75,97.5,46.0,0.2358974358974359,time,1,L
2020-07-07 15:29:00-04:00,2020-07-07 15:29:00-04:00,2020-07-07 15:33:00-04:00,S,10567.75,10580.0,10579.75,12.0,-26.5,-1.1041666666666667,SL,1,S
2020-07-08 15:29:00-04:00,2020-07-08 15:29:00-04:00,2020-07-08 15:59:00-04:00,L,10631.25,10654.0,10573.25,58.0,43.5,0.375,time,1,L
2020-07-10 15:29:00-04:00,2020-07-10 15:29:00-04:00,2020-07-10 15:59:00-04:00,L,10806.75,10820.75,10734.25,72.5,26.0,0.1793103448275862,time,1,L
2020-07-13 15:29:00-04:00,2020-07-13 15:29:00-04:00,2020-07-13 15:59:00-04:00,S,10703.25,10599.25,10937.75,234.5,206.0,0.43923240938166314,time,1,S
2020-07-14 15:29:00-04:00,2020-07-14 15:29:00-04:00,2020-07-14 15:59:00-04:00,L,10602.0,10672.75,10492.5,109.5,139.5,0.636986301369863,time,1,L
2020-07-16 15:29:00-04:00,2020-07-16 15:29:00-04:00,2020-07-16 15:59:00-04:00,L,10624.25,10613.25,10571.0,53.25,-24.0,-0.22535211267605634,time,1,L
2020-07-17 15:29:00-04:00,2020-07-17 15:29:00-04:00,2020-07-17 15:43:00-04:00,L,10651.75,10642.5,10642.75,9.0,-20.5,-1.1388888888888888,SL,1,L
2020-07-20 15:29:00-04:00,2020-07-20 15:29:00-04:00,2020-07-20 15:59:00-04:00,L,10927.25,10936.25,10659.5,267.75,16.0,0.029878618113912233,time,1,L
2020-07-21 15:29:00-04:00,2020-07-21 15:29:00-04:00,2020-07-21 15:59:00-04:00,S,10831.25,10823.75,11001.5,170.25,13.0,0.0381791483113069,time,1,S
2020-07-22 15:29:00-04:00,2020-07-22 15:29:00-04:00,2020-07-22 15:36:00-04:00,S,10823.0,10838.25,10838.0,15.0,-32.5,-1.0833333333333333,SL,1,S
2020-07-23 15:29:00-04:00,2020-07-23 15:29:00-04:00,2020-07-23 15:59:00-04:00,S,10560.75,10572.5,10843.0,282.25,-25.5,-0.045172719220549155,time,1,S
2020-07-24 15:29:00-04:00,2020-07-24 15:29:00-04:00,2020-07-24 15:59:00-04:00,L,10447.0,10469.25,10414.75,32.25,42.5,0.6589147286821705,time,1,L
2020-07-27 15:29:00-04:00,2020-07-27 15:29:00-04:00,2020-07-27 15:59:00-04:00,L,10673.5,10660.5,10546.5,127.0,-28.0,-0.11023622047244094,time,1,L
2020-07-28 15:29:00-04:00,2020-07-28 15:29:00-04:00,2020-07-28 15:59:00-04:00,S,10557.75,10525.75,10631.5,73.75,62.0,0.42033898305084744,time,1,S
2020-07-29 15:29:00-04:00,2020-07-29 15:29:00-04:00,2020-07-29 15:59:00-04:00,L,10652.0,10650.0,10589.0,63.0,-6.0,-0.047619047619047616,time,1,L
2020-07-30 15:29:00-04:00,2020-07-30 15:29:00-04:00,2020-07-30 15:59:00-04:00,L,10725.25,10704.5,10566.25,159.0,-43.5,-0.13679245283018868,time,1,L
2020-08-03 15:29:00-04:00,2020-08-03 15:29:00-04:00,2020-08-03 15:59:00-04:00,L,11039.75,11037.75,10986.75,53.0,-6.0,-0.05660377358490566,time,1,L
2020-08-04 15:29:00-04:00,2020-08-04 15:29:00-04:00,2020-08-04 15:59:00-04:00,L,11035.5,11084.0,11014.75,20.75,95.0,2.289156626506024,time,1,L
2020-08-05 15:29:00-04:00,2020-08-05 15:29:00-04:00,2020-08-05 15:30:00-04:00,L,11102.75,11100.5,11100.75,2.0,-6.5,-1.625,SL,1,L
2020-08-06 15:29:00-04:00,2020-08-06 15:29:00-04:00,2020-08-06 15:59:00-04:00,L,11256.5,11254.0,11098.5,158.0,-7.0,-0.022151898734177215,time,1,L
2020-08-07 15:29:00-04:00,2020-08-07 15:29:00-04:00,2020-08-07 15:59:00-04:00,S,11085.0,11128.25,11233.5,148.5,-88.5,-0.29797979797979796,time,1,S
2020-08-11 15:29:00-04:00,2020-08-11 15:29:00-04:00,2020-08-11 15:59:00-04:00,S,10947.25,10869.0,11027.5,80.25,154.5,0.9626168224299065,time,1,S
2020-08-12 15:29:00-04:00,2020-08-12 15:29:00-04:00,2020-08-12 15:59:00-04:00,L,11156.5,11146.25,10957.5,199.0,-22.5,-0.056532663316582916,time,1,L
2020-08-14 15:29:00-04:00,2020-08-14 15:29:00-04:00,2020-08-14 15:59:00-04:00,S,11129.0,11159.75,11191.5,62.5,-63.5,-0.508,time,1,S
2020-08-17 15:29:00-04:00,2020-08-17 15:29:00-04:00,2020-08-17 15:59:00-04:00,L,11293.0,11284.0,11228.5,64.5,-20.0,-0.15503875968992248,time,1,L
2020-08-18 15:29:00-04:00,2020-08-18 15:29:00-04:00,2020-08-18 15:59:00-04:00,L,11401.75,11393.75,11329.75,72.0,-18.0,-0.125,time,1,L
2020-08-19 15:29:00-04:00,2020-08-19 15:29:00-04:00,2020-08-19 15:59:00-04:00,S,11341.25,11319.5,11393.25,52.0,41.5,0.39903846153846156,time,1,S
2020-08-20 15:29:00-04:00,2020-08-20 15:29:00-04:00,2020-08-20 15:59:00-04:00,L,11464.5,11473.25,11284.0,180.5,15.5,0.04293628808864266,time,1,L
2020-08-21 15:29:00-04:00,2020-08-21 15:29:00-04:00,2020-08-21 15:59:00-04:00,L,11559.75,11554.0,11481.0,78.75,-13.5,-0.08571428571428572,time,1,L
2020-08-24 15:29:00-04:00,2020-08-24 15:29:00-04:00,2020-08-24 15:59:00-04:00,S,11592.0,11626.5,11687.5,95.5,-71.0,-0.3717277486910995,time,1,S
2020-08-25 15:29:00-04:00,2020-08-25 15:29:00-04:00,2020-08-25 15:59:00-04:00,L,11710.75,11715.25,11590.75,120.0,7.0,0.029166666666666667,time,1,L
2020-08-26 15:29:00-04:00,2020-08-26 15:29:00-04:00,2020-08-26 15:59:00-04:00,L,11951.0,11964.75,11768.5,182.5,25.5,0.06986301369863014,time,1,L
2020-08-28 15:29:00-04:00,2020-08-28 15:29:00-04:00,2020-08-28 15:59:00-04:00,L,11982.25,11990.75,11979.25,3.0,15.0,2.5,time,1,L
2020-08-31 15:29:00-04:00,2020-08-31 15:29:00-04:00,2020-08-31 15:59:00-04:00,L,12137.75,12092.25,12017.25,120.5,-93.0,-0.38589211618257263,time,1,L
2020-09-01 15:29:00-04:00,2020-09-01 15:29:00-04:00,2020-09-01 15:59:00-04:00,L,12268.0,12293.75,12198.5,69.5,49.5,0.35611510791366907,time,1,L
2020-09-03 15:29:00-04:00,2020-09-03 15:29:00-04:00,2020-09-03 15:59:00-04:00,S,11662.0,11773.75,12224.75,562.75,-225.5,-0.2003553976010662,time,1,S
2020-09-04 15:29:00-04:00,2020-09-04 15:29:00-04:00,2020-09-04 15:30:00-04:00,L,11734.5,11713.5,11713.75,20.75,-44.0,-1.0602409638554218,SL,1,L
2020-09-08 15:29:00-04:00,2020-09-08 15:29:00-04:00,2020-09-08 15:30:00-04:00,S,11157.5,11158.5,11158.25,0.75,-4.0,-2.6666666666666665,SL,1,S
2020-09-09 15:29:00-04:00,2020-09-09 15:29:00-04:00,2020-09-09 15:59:00-04:00,L,11462.25,11386.0,11293.25,169.0,-154.5,-0.45710059171597633,time,1,L
2020-09-10 15:29:00-04:00,2020-09-10 15:29:00-04:00,2020-09-10 15:59:00-04:00,S,11141.25,11157.0,11518.25,377.0,-33.5,-0.04442970822281167,time,1,S
2020-09-11 15:29:00-04:00,2020-09-11 15:29:00-04:00,2020-09-11 15:59:00-04:00,S,11099.25,11084.25,11245.0,145.75,28.0,0.09605488850771869,time,1,S
2020-09-15 15:29:00-04:00,2020-09-15 15:29:00-04:00,2020-09-15 15:54:00-04:00,S,11423.5,11432.25,11432.0,8.5,-19.5,-1.1470588235294117,SL,1,S
2020-09-18 15:29:00-04:00,2020-09-18 15:29:00-04:00,2020-09-18 15:59:00-04:00,S,10919.25,10917.5,11116.0,196.75,1.5,0.0038119440914866584,time,1,S
2020-09-21 15:29:00-04:00,2020-09-21 15:29:00-04:00,2020-09-21 15:59:00-04:00,L,10869.25,10963.5,10757.75,111.5,186.5,0.8363228699551569,time,1,L
2020-09-22 15:29:00-04:00,2020-09-22 15:29:00-04:00,2020-09-22 15:59:00-04:00,L,11152.5,11164.5,11067.0,85.5,22.0,0.1286549707602339,time,1,L
2020-09-23 15:29:00-04:00,2020-09-23 15:29:00-04:00,2020-09-23 15:59:00-04:00,S,10849.5,10821.0,11153.25,303.75,55.0,0.09053497942386832,time,1,S
2020-09-25 15:29:00-04:00,2020-09-25 15:29:00-04:00,2020-09-25 15:59:00-04:00,L,11145.25,11133.25,10894.75,250.5,-26.0,-0.05189620758483034,time,1,L
2020-09-28 15:29:00-04:00,2020-09-28 15:29:00-04:00,2020-09-28 15:30:00-04:00,L,11346.0,11341.0,11341.25,4.75,-12.0,-1.263157894736842,SL,1,L
2020-09-29 15:29:00-04:00,2020-09-29 15:29:00-04:00,2020-09-29 15:59:00-04:00,S,11323.0,11310.25,11346.25,23.25,23.5,0.5053763440860215,time,1,S
2020-10-02 15:29:00-04:00,2020-10-02 15:29:00-04:00,2020-10-02 15:37:00-04:00,S,11283.5,11317.25,11317.0,33.5,-69.5,-1.037313432835821,SL,1,S
2020-10-05 15:29:00-04:00,2020-10-05 15:29:00-04:00,2020-10-05 15:59:00-04:00,L,11488.0,11489.25,11325.0,163.0,0.5,0.0015337423312883436,time,1,L
2020-10-06 15:29:00-04:00,2020-10-06 15:29:00-04:00,2020-10-06 15:59:00-04:00,S,11325.25,11275.75,11447.25,122.0,97.0,0.3975409836065574,time,1,S
2020-10-07 15:29:00-04:00,2020-10-07 15:29:00-04:00,2020-10-07 15:59:00-04:00,L,11489.0,11479.5,11385.25,103.75,-21.0,-0.10120481927710843,time,1,L
2020-10-08 15:29:00-04:00,2020-10-08 15:29:00-04:00,2020-10-08 15:59:00-04:00,S,11530.75,11536.5,11572.0,41.25,-13.5,-0.16363636363636364,time,1,S
2020-10-09 15:29:00-04:00,2020-10-09 15:29:00-04:00,2020-10-09 15:59:00-04:00,L,11698.75,11711.25,11602.0,96.75,23.0,0.11886304909560723,time,1,L
2020-10-12 15:29:00-04:00,2020-10-12 15:29:00-04:00,2020-10-12 15:59:00-04:00,L,12116.25,12074.75,11912.25,204.0,-85.0,-0.20833333333333334,time,1,L
2020-10-14 15:29:00-04:00,2020-10-14 15:29:00-04:00,2020-10-14 15:59:00-04:00,S,12000.75,11977.5,12111.25,110.5,44.5,0.20135746606334842,time,1,S
2020-10-15 15:29:00-04:00,2020-10-15 15:29:00-04:00,2020-10-15 15:59:00-04:00,L,11903.75,11890.0,11775.25,128.5,-29.5,-0.11478599221789883,time,1,L
2020-10-16 15:29:00-04:00,2020-10-16 15:29:00-04:00,2020-10-16 15:59:00-04:00,S,11904.0,11826.5,11961.5,57.5,153.0,1.3304347826086957,time,1,S
2020-10-19 15:29:00-04:00,2020-10-19 15:29:00-04:00,2020-10-19 15:59:00-04:00,S,11621.25,11629.5,11909.75,288.5,-18.5,-0.032062391681109186,time,1,S
2020-10-21 15:29:00-04:00,2020-10-21 15:29:00-04:00,2020-10-21 15:46:00-04:00,L,11735.5,11669.0,11669.25,66.25,-135.0,-1.0188679245283019,SL,1,L
2020-10-26 15:29:00-04:00,2020-10-26 15:29:00-04:00,2020-10-26 15:59:00-04:00,S,11458.0,11495.25,11576.5,118.5,-76.5,-0.3227848101265823,time,1,S
2020-10-27 15:29:00-04:00,2020-10-27 15:29:00-04:00,2020-10-27 15:59:00-04:00,L,11589.25,11585.5,11534.5,54.75,-9.5,-0.0867579908675799,time,1,L
2020-10-28 15:29:00-04:00,2020-10-28 15:29:00-04:00,2020-10-28 15:59:00-04:00,S,11239.5,11137.25,11400.75,161.25,202.5,0.627906976744186,time,1,S
2020-10-29 15:29:00-04:00,2020-10-29 15:29:00-04:00,2020-10-29 15:59:00-04:00,L,11418.5,11324.75,11189.25,229.25,-189.5,-0.4133042529989095,time,1,L
2020-10-30 15:29:00-04:00,2020-10-30 15:29:00-04:00,2020-10-30 15:59:00-04:00,S,10973.75,11055.25,11246.5,272.75,-165.0,-0.30247479376718606,time,1,S
2020-11-02 15:29:00-05:00,2020-11-02 15:29:00-05:00,2020-11-02 15:59:00-05:00,S,11035.75,11069.25,11140.25,104.5,-69.0,-0.33014354066985646,time,1,S
2020-11-03 15:29:00-05:00,2020-11-03 15:29:00-05:00,2020-11-03 15:59:00-05:00,L,11294.25,11256.75,11143.5,150.75,-77.0,-0.25538971807628524,time,1,L
2020-11-04 15:29:00-05:00,2020-11-04 15:29:00-05:00,2020-11-04 15:59:00-05:00,L,11742.0,11759.75,11627.75,114.25,33.5,0.14660831509846828,time,1,L
2020-11-05 15:29:00-05:00,2020-11-05 15:29:00-05:00,2020-11-05 15:45:00-05:00,L,12083.25,12029.5,12029.75,53.5,-109.5,-1.0233644859813085,SL,1,L
2020-11-06 15:29:00-05:00,2020-11-06 15:29:00-05:00,2020-11-06 15:59:00-05:00,L,12059.0,12080.25,12034.75,24.25,40.5,0.8350515463917526,time,1,L
2020-11-09 15:29:00-05:00,2020-11-09 15:29:00-05:00,2020-11-09 15:59:00-05:00,S,11963.75,11825.75,12191.5,227.75,274.0,0.601536772777168,time,1,S
2020-11-11 15:29:00-05:00,2020-11-11 15:29:00-05:00,2020-11-11 15:59:00-05:00,L,11851.0,11880.25,11719.0,132.0,56.5,0.21401515151515152,time,1,L
2020-11-12 15:29:00-05:00,2020-11-12 15:29:00-05:00,2020-11-12 15:59:00-05:00,S,11801.5,11825.0,11918.5,117.0,-49.0,-0.2094017094017094,time,1,S
2020-11-13 15:29:00-05:00,2020-11-13 15:29:00-05:00,2020-11-13 15:59:00-05:00,L,11915.25,11932.75,11890.0,25.25,33.0,0.6534653465346535,time,1,L
2020-11-16 15:29:00-05:00,2020-11-16 15:29:00-05:00,2020-11-16 15:59:00-05:00,L,11974.25,12013.25,11914.75,59.5,76.0,0.6386554621848739,time,1,L
2020-11-17 15:29:00-05:00,2020-11-17 15:29:00-05:00,2020-11-17 15:59:00-05:00,S,11976.25,11977.5,12027.75,51.5,-4.5,-0.043689320388349516,time,1,S
2020-11-18 15:29:00-05:00,2020-11-18 15:29:00-05:00,2020-11-18 15:37:00-05:00,L,11991.5,11958.75,11959.0,32.5,-67.5,-1.0384615384615385,SL,1,L
2020-11-19 15:29:00-05:00,2020-11-19 15:29:00-05:00,2020-11-19 15:59:00-05:00,L,11980.5,11981.0,11869.75,110.75,-1.0,-0.004514672686230248,time,1,L
2020-11-20 15:29:00-05:00,2020-11-20 15:29:00-05:00,2020-11-20 15:59:00-05:00,S,11943.0,11905.0,11984.0,41.0,74.0,0.9024390243902439,time,1,S
2020-11-24 15:29:00-05:00,2020-11-24 15:29:00-05:00,2020-11-24 15:59:00-05:00,L,12079.0,12075.25,11949.0,130.0,-9.5,-0.03653846153846154,time,1,L
2020-11-25 15:29:00-05:00,2020-11-25 15:29:00-05:00,2020-11-25 15:59:00-05:00,L,12164.25,12153.5,12112.5,51.75,-23.5,-0.22705314009661837,time,1,L
2020-12-01 15:29:00-05:00,2020-12-01 15:29:00-05:00,2020-12-01 15:59:00-05:00,L,12448.0,12450.25,12375.75,72.25,2.5,0.01730103806228374,time,1,L
2020-12-02 15:29:00-05:00,2020-12-02 15:29:00-05:00,2020-12-02 15:59:00-05:00,L,12437.0,12457.25,12390.0,47.0,38.5,0.4095744680851064,time,1,L
2020-12-03 15:29:00-05:00,2020-12-03 15:29:00-05:00,2020-12-03 15:41:00-05:00,L,12506.75,12464.25,12464.5,42.25,-87.0,-1.029585798816568,SL,1,L
2020-12-04 15:29:00-05:00,2020-12-04 15:29:00-05:00,2020-12-04 15:59:00-05:00,L,12508.75,12529.0,12474.75,34.0,38.5,0.5661764705882353,time,1,L
2020-12-07 15:29:00-05:00,2020-12-07 15:29:00-05:00,2020-12-07 15:59:00-05:00,L,12585.0,12597.0,12532.5,52.5,22.0,0.20952380952380953,time,1,L
2020-12-08 15:29:00-05:00,2020-12-08 15:29:00-05:00,2020-12-08 15:59:00-05:00,L,12641.25,12636.75,12576.5,64.75,-11.0,-0.08494208494208494,time,1,L
2020-12-09 15:29:00-05:00,2020-12-09 15:29:00-05:00,2020-12-09 15:59:00-05:00,S,12308.75,12355.5,12631.5,322.75,-95.5,-0.14794732765298219,time,1,S
2020-12-10 15:29:00-05:00,2020-12-10 15:29:00-05:00,2020-12-10 15:59:00-05:00,L,12401.75,12398.0,12264.5,137.25,-9.5,-0.03460837887067395,time,1,L
2020-12-11 15:29:00-05:00,2020-12-11 15:29:00-05:00,2020-12-11 15:59:00-05:00,L,12359.0,12375.75,12329.75,29.25,31.5,0.5384615384615384,time,1,L
2020-12-15 15:29:00-05:00,2020-12-15 15:29:00-05:00,2020-12-15 15:59:00-05:00,L,12585.75,12597.25,12564.25,21.5,21.0,0.4883720930232558,time,1,L
2020-12-16 15:29:00-05:00,2020-12-16 15:29:00-05:00,2020-12-16 15:59:00-05:00,L,12691.5,12672.5,12617.5,74.0,-40.0,-0.2702702702702703,time,1,L
2020-12-17 15:29:00-05:00,2020-12-17 15:29:00-05:00,2020-12-17 15:50:00-05:00,S,12715.0,12737.75,12737.5,22.5,-47.5,-1.0555555555555556,SL,1,S
2020-12-18 15:29:00-05:00,2020-12-18 15:29:00-05:00,2020-12-18 15:59:00-05:00,S,12635.75,12703.25,12775.0,139.25,-137.0,-0.4919210053859964,time,1,S
2020-12-21 15:29:00-05:00,2020-12-21 15:29:00-05:00,2020-12-21 15:59:00-05:00,L,12666.75,12684.5,12581.25,85.5,33.5,0.195906432748538,time,1,L
2020-12-28 15:29:00-05:00,2020-12-28 15:29:00-05:00,2020-12-28 15:59:00-05:00,L,12841.25,12833.25,12815.75,25.5,-18.0,-0.35294117647058826,time,1,L
2020-12-29 15:29:00-05:00,2020-12-29 15:29:00-05:00,2020-12-29 15:59:00-05:00,S,12858.25,12847.0,12892.0,33.75,20.5,0.3037037037037037,time,1,S
2020-12-30 15:29:00-05:00,2020-12-30 15:29:00-05:00,2020-12-30 15:59:00-05:00,S,12836.75,12843.5,12897.0,60.25,-15.5,-0.12863070539419086,time,1,S
2020-12-31 15:29:00-05:00,2020-12-31 15:29:00-05:00,2020-12-31 15:30:00-05:00,L,12842.25,12841.0,12841.25,1.0,-4.5,-2.25,SL,1,L
2021-01-04 15:29:00-05:00,2021-01-04 15:29:00-05:00,2021-01-04 15:59:00-05:00,S,12649.75,12688.5,12934.0,284.25,-79.5,-0.13984168865435356,time,1,S
2021-01-05 15:29:00-05:00,2021-01-05 15:29:00-05:00,2021-01-05 15:59:00-05:00,L,12759.25,12791.25,12650.25,109.0,62.0,0.28440366972477066,time,1,L
2021-01-07 15:29:00-05:00,2021-01-07 15:29:00-05:00,2021-01-07 15:59:00-05:00,L,12947.0,12925.5,12727.25,219.75,-45.0,-0.10238907849829351,time,1,L
2021-01-08 15:29:00-05:00,2021-01-08 15:29:00-05:00,2021-01-08 15:59:00-05:00,L,13056.25,13091.25,13018.5,37.75,68.0,0.9006622516556292,time,1,L
2021-01-11 15:29:00-05:00,2021-01-11 15:29:00-05:00,2021-01-11 15:59:00-05:00,S,12874.0,12896.5,12964.75,90.75,-47.0,-0.25895316804407714,time,1,S
2021-01-13 15:29:00-05:00,2021-01-13 15:29:00-05:00,2021-01-13 15:59:00-05:00,L,12963.75,12967.75,12889.25,74.5,6.0,0.040268456375838924,time,1,L
2021-01-14 15:29:00-05:00,2021-01-14 15:29:00-05:00,2021-01-14 15:59:00-05:00,S,12913.0,12897.75,12986.0,73.0,28.5,0.1952054794520548,time,1,S
2021-01-15 15:29:00-05:00,2021-01-15 15:29:00-05:00,2021-01-15 15:59:00-05:00,S,12823.75,12799.5,12890.0,66.25,46.5,0.35094339622641507,time,1,S
2021-01-19 15:29:00-05:00,2021-01-19 15:29:00-05:00,2021-01-19 15:59:00-05:00,L,12989.0,12984.5,12896.0,93.0,-11.0,-0.05913978494623656,time,1,L
2021-01-20 15:29:00-05:00,2021-01-20 15:29:00-05:00,2021-01-20 15:59:00-05:00,L,13310.75,13285.75,13136.5,174.25,-52.0,-0.1492109038737446,time,1,L
2021-01-21 15:29:00-05:00,2021-01-21 15:29:00-05:00,2021-01-21 15:59:00-05:00,L,13402.75,13397.25,13339.5,63.25,-13.0,-0.10276679841897234,time,1,L
2021-01-22 15:29:00-05:00,2021-01-22 15:29:00-05:00,2021-01-22 15:59:00-05:00,L,13387.25,13355.25,13347.75,39.5,-66.0,-0.8354430379746836,time,1,L
2021-01-26 15:29:00-05:00,2021-01-26 15:29:00-05:00,2021-01-26 15:33:00-05:00,L,13504.0,13493.0,13493.25,10.75,-24.0,-1.1162790697674418,SL,1,L
2021-01-27 15:29:00-05:00,2021-01-27 15:29:00-05:00,2021-01-27 15:59:00-05:00,S,13073.5,13120.5,13390.0,316.5,-96.0,-0.15165876777251186,time,1,S
2021-01-29 15:29:00-05:00,2021-01-29 15:29:00-05:00,2021-01-29 15:59:00-05:00,S,12975.5,12914.5,13110.75,135.25,120.0,0.4436229205175601,time,1,S
2021-02-01 15:29:00-05:00,2021-02-01 15:29:00-05:00,2021-02-01 15:59:00-05:00,L,13249.0,13230.25,13051.25,197.75,-39.5,-0.09987357774968394,time,1,L
2021-02-02 15:29:00-05:00,2021-02-02 15:29:00-05:00,2021-02-02 15:59:00-05:00,L,13481.25,13448.25,13352.0,129.25,-68.0,-0.26305609284332687,time,1,L
2021-02-03 15:29:00-05:00,2021-02-03 15:29:00-05:00,2021-02-03 15:59:00-05:00,S,13414.0,13389.0,13531.5,117.5,48.0,0.20425531914893616,time,1,S
2021-02-04 15:29:00-05:00,2021-02-04 15:29:00-05:00,2021-02-04 15:59:00-05:00,L,13516.0,13549.75,13448.75,67.25,65.5,0.48698884758364314,time,1,L
2021-02-05 15:29:00-05:00,2021-02-05 15:29:00-05:00,2021-02-05 15:35:00-05:00,S,13570.75,13590.75,13590.5,19.75,-42.0,-1.0632911392405062,SL,1,S
2021-02-09 15:29:00-05:00,2021-02-09 15:29:00-05:00,2021-02-09 15:59:00-05:00,L,13691.5,13680.25,13645.25,46.25,-24.5,-0.2648648648648649,time,1,L
2021-02-12 15:29:00-05:00,2021-02-12 15:29:00-05:00,2021-02-12 15:59:00-05:00,L,13749.25,13803.5,13693.25,56.0,106.5,0.9508928571428571,time,1,L
2021-02-16 15:29:00-05:00,2021-02-16 15:29:00-05:00,2021-02-16 15:59:00-05:00,S,13768.5,13764.75,13836.25,67.75,5.5,0.04059040590405904,time,1,S
2021-02-17 15:29:00-05:00,2021-02-17 15:29:00-05:00,2021-02-17 15:59:00-05:00,L,13685.5,13699.25,13637.75,47.75,25.5,0.2670157068062827,time,1,L
2021-02-18 15:29:00-05:00,2021-02-18 15:29:00-05:00,2021-02-18 15:59:00-05:00,L,13653.25,13637.75,13543.5,109.75,-33.0,-0.15034168564920272,time,1,L
2021-02-19 15:29:00-05:00,2021-02-19 15:29:00-05:00,2021-02-19 15:59:00-05:00,S,13596.0,13578.25,13696.25,100.25,33.5,0.16708229426433915,time,1,S
2021-02-22 15:29:00-05:00,2021-02-22 15:29:00-05:00,2021-02-22 15:59:00-05:00,S,13253.75,13227.0,13391.5,137.75,51.5,0.1869328493647913,time,1,S
2021-02-23 15:29:00-05:00,2021-02-23 15:29:00-05:00,2021-02-23 15:59:00-05:00,L,13249.25,13188.0,13000.75,248.5,-124.5,-0.2505030181086519,time,1,L
2021-02-24 15:29:00-05:00,2021-02-24 15:29:00-05:00,2021-02-24 15:59:00-05:00,L,13274.25,13294.25,13074.25,200.0,38.0,0.095,time,1,L
2021-02-25 15:29:00-05:00,2021-02-25 15:29:00-05:00,2021-02-25 15:59:00-05:00,S,12826.25,12826.5,13181.25,355.0,-2.5,-0.0035211267605633804,time,1,S
2021-02-26 15:29:00-05:00,2021-02-26 15:29:00-05:00,2021-02-26 15:30:00-05:00,L,12962.5,12951.5,12951.75,10.75,-24.0,-1.1162790697674418,SL,1,L
2021-03-01 15:29:00-05:00,2021-03-01 15:29:00-05:00,2021-03-01 15:59:00-05:00,L,13272.25,13274.25,13098.25,174.0,2.0,0.005747126436781609,time,1,L
2021-03-02 15:29:00-05:00,2021-03-02 15:29:00-05:00,2021-03-02 15:59:00-05:00,S,13112.25,13058.25,13297.75,185.5,106.0,0.2857142857142857,time,1,S
2021-03-03 15:29:00-05:00,2021-03-03 15:29:00-05:00,2021-03-03 15:59:00-05:00,S,12716.75,12680.5,13013.0,296.25,70.5,0.1189873417721519,time,1,S
2021-03-04 15:29:00-05:00,2021-03-04 15:29:00-05:00,2021-03-04 15:59:00-05:00,S,12461.0,12471.75,12664.5,203.5,-23.5,-0.05773955773955774,time,1,S
2021-03-05 15:29:00-05:00,2021-03-05 15:29:00-05:00,2021-03-05 15:59:00-05:00,L,12656.25,12661.25,12582.75,73.5,8.0,0.05442176870748299,time,1,L
2021-03-08 15:29:00-05:00,2021-03-08 15:29:00-05:00,2021-03-08 15:59:00-05:00,S,12341.0,12300.75,12635.75,294.75,78.5,0.13316369804919423,time,1,S
2021-03-09 15:29:00-05:00,2021-03-09 15:29:00-05:00,2021-03-09 15:59:00-05:00,L,12849.0,12786.5,12608.5,240.5,-127.0,-0.26403326403326405,time,1,L
2021-03-10 15:29:00-05:00,2021-03-10 15:29:00-05:00,2021-03-10 15:59:00-05:00,S,12774.25,12752.5,12968.0,193.75,41.5,0.10709677419354839,time,1,S
2021-03-11 15:29:00-05:00,2021-03-11 15:29:00-05:00,2021-03-11 15:59:00-05:00,L,13085.25,13046.0,12951.0,134.25,-80.5,-0.29981378026070765,time,1,L
2021-03-12 15:29:00-05:00,2021-03-12 15:29:00-05:00,2021-03-12 15:59:00-05:00,L,12908.5,12937.0,12870.0,38.5,55.0,0.7142857142857143,time,1,L
2021-03-15 15:29:00-04:00,2021-03-15 15:29:00-04:00,2021-03-15 15:59:00-04:00,L,13007.0,13077.5,12950.25,56.75,139.0,1.224669603524229,time,1,L
2021-03-16 15:29:00-04:00,2021-03-16 15:29:00-04:00,2021-03-16 15:30:00-04:00,S,13161.5,13169.75,13169.5,8.0,-18.5,-1.15625,SL,1,S
2021-03-18 15:29:00-04:00,2021-03-18 15:29:00-04:00,2021-03-18 15:59:00-04:00,S,12843.5,12782.25,12979.25,135.75,120.5,0.4438305709023941,time,1,S
2021-03-19 15:29:00-04:00,2021-03-19 15:29:00-04:00,2021-03-19 15:59:00-04:00,L,12844.0,12836.75,12775.5,68.5,-16.5,-0.12043795620437957,time,1,L
2021-03-22 15:29:00-04:00,2021-03-22 15:29:00-04:00,2021-03-22 15:59:00-04:00,L,13099.5,13070.5,12928.5,171.0,-60.0,-0.17543859649122806,time,1,L
2021-03-23 15:29:00-04:00,2021-03-23 15:29:00-04:00,2021-03-23 15:59:00-04:00,S,13010.25,13005.75,13113.75,103.5,7.0,0.033816425120772944,time,1,S
2021-03-24 15:29:00-04:00,2021-03-24 15:29:00-04:00,2021-03-24 15:59:00-04:00,S,12861.0,12790.5,13071.25,210.25,139.0,0.33055885850178357,time,1,S
2021-03-25 15:29:00-04:00,2021-03-25 15:29:00-04:00,2021-03-25 15:59:00-04:00,L,12775.0,12772.25,12716.5,58.5,-7.5,-0.0641025641025641,time,1,L
2021-03-26 15:29:00-04:00,2021-03-26 15:29:00-04:00,2021-03-26 15:59:00-04:00,L,12846.5,12961.75,12763.5,83.0,228.5,1.3765060240963856,time,1,L
2021-03-29 15:29:00-04:00,2021-03-29 15:29:00-04:00,2021-03-29 15:44:00-04:00,L,12956.0,12940.75,12941.0,15.0,-32.5,-1.0833333333333333,SL,1,L
2021-03-30 15:29:00-04:00,2021-03-30 15:29:00-04:00,2021-03-30 15:50:00-04:00,L,12896.75,12873.0,12873.25,23.5,-49.5,-1.053191489361702,SL,1,L
2021-03-31 15:29:00-04:00,2021-03-31 15:29:00-04:00,2021-03-31 15:59:00-04:00,L,13127.0,13084.5,12968.0,159.0,-87.0,-0.27358490566037735,time,1,L
2021-04-01 15:29:00-04:00,2021-04-01 15:29:00-04:00,2021-04-01 15:59:00-04:00,L,13287.0,13314.0,13252.75,34.25,52.0,0.7591240875912408,time,1,L
2021-04-05 15:29:00-04:00,2021-04-05 15:29:00-04:00,2021-04-05 15:59:00-04:00,L,13578.75,13581.75,13419.5,159.25,4.0,0.012558869701726845,time,1,L
2021-04-06 15:29:00-04:00,2021-04-06 15:29:00-04:00,2021-04-06 15:45:00-04:00,L,13599.5,13567.5,13567.75,31.75,-66.0,-1.0393700787401574,SL,1,L
2021-04-07 15:29:00-04:00,2021-04-07 15:29:00-04:00,2021-04-07 15:59:00-04:00,L,13588.0,13604.25,13552.5,35.5,30.5,0.4295774647887324,time,1,L
2021-04-08 15:29:00-04:00,2021-04-08 15:29:00-04:00,2021-04-08 15:59:00-04:00,L,13729.0,13749.25,13726.5,2.5,38.5,7.7,time,1,L
2021-04-09 15:29:00-04:00,2021-04-09 15:29:00-04:00,2021-04-09 15:59:00-04:00,L,13798.25,13829.0,13689.0,109.25,59.5,0.2723112128146453,time,1,L
2021-04-12 15:29:00-04:00,2021-04-12 15:29:00-04:00,2021-04-12 15:32:00-04:00,L,13790.5,13784.0,13784.25,6.25,-15.0,-1.2,SL,1,L
2021-04-13 15:29:00-04:00,2021-04-13 15:29:00-04:00,2021-04-13 15:59:00-04:00,L,13992.0,13975.0,13877.0,115.0,-36.0,-0.1565217391304348,time,1,L
2021-04-14 15:29:00-04:00,2021-04-14 15:29:00-04:00,2021-04-14 15:59:00-04:00,S,13829.75,13808.75,13983.5,153.75,40.0,0.13008130081300814,time,1,S
2021-04-15 15:29:00-04:00,2021-04-15 15:29:00-04:00,2021-04-15 15:59:00-04:00,L,13986.5,14015.75,13928.75,57.75,56.5,0.48917748917748916,time,1,L
2021-04-19 15:29:00-04:00,2021-04-19 15:29:00-04:00,2021-04-19 15:59:00-04:00,S,13862.75,13904.25,13965.5,102.75,-85.0,-0.41362530413625304,time,1,S
2021-04-20 15:29:00-04:00,2021-04-20 15:29:00-04:00,2021-04-20 15:59:00-04:00,S,13785.5,13799.5,13874.0,88.5,-30.0,-0.1694915254237288,time,1,S
2021-04-21 15:29:00-04:00,2021-04-21 15:29:00-04:00,2021-04-21 15:59:00-04:00,L,13872.75,13918.25,13746.75,126.0,89.0,0.3531746031746032,time,1,L
2021-04-22 15:29:00-04:00,2021-04-22 15:29:00-04:00,2021-04-22 15:59:00-04:00,S,13735.5,13750.75,13901.0,165.5,-32.5,-0.09818731117824774,time,1,S
2021-04-23 15:29:00-04:00,2021-04-23 15:29:00-04:00,2021-04-23 15:59:00-04:00,L,13964.75,13924.25,13776.0,188.75,-83.0,-0.21986754966887417,time,1,L
2021-04-26 15:29:00-04:00,2021-04-26 15:29:00-04:00,2021-04-26 15:59:00-04:00,L,13995.25,14013.25,13933.0,62.25,34.0,0.27309236947791166,time,1,L
2021-04-27 15:29:00-04:00,2021-04-27 15:29:00-04:00,2021-04-27 15:59:00-04:00,S,13961.75,13951.75,14024.75,63.0,18.0,0.14285714285714285,time,1,S
2021-05-03 15:29:00-04:00,2021-05-03 15:29:00-04:00,2021-05-03 15:59:00-04:00,S,13798.25,13790.5,13915.25,117.0,13.5,0.057692307692307696,time,1,S
2021-05-04 15:29:00-04:00,2021-05-04 15:29:00-04:00,2021-05-04 15:59:00-04:00,S,13470.75,13543.5,13682.75,212.0,-147.5,-0.34787735849056606,time,1,S
2021-05-05 15:29:00-04:00,2021-05-05 15:29:00-04:00,2021-05-05 15:59:00-04:00,S,13478.0,13494.25,13628.75,150.75,-34.5,-0.11442786069651742,time,1,S
2021-05-06 15:29:00-04:00,2021-05-06 15:29:00-04:00,2021-05-06 15:59:00-04:00,L,13525.0,13596.25,13484.5,40.5,140.5,1.7345679012345678,time,1,L
2021-05-10 15:29:00-04:00,2021-05-10 15:29:00-04:00,2021-05-10 15:59:00-04:00,S,13393.5,13356.5,13650.25,256.75,72.0,0.14021421616358326,time,1,S
2021-05-11 15:29:00-04:00,2021-05-11 15:29:00-04:00,2021-05-11 15:59:00-04:00,L,13357.0,13343.75,13113.5,243.5,-28.5,-0.058521560574948665,time,1,L
2021-05-12 15:29:00-04:00,2021-05-12 15:29:00-04:00,2021-05-12 15:59:00-04:00,S,13002.5,12998.5,13133.25,130.75,6.0,0.022944550669216062,time,1,S
2021-05-13 15:29:00-04:00,2021-05-13 15:29:00-04:00,2021-05-13 15:54:00-04:00,L,13137.25,13120.75,13121.0,16.25,-35.0,-1.0769230769230769,SL,1,L
2021-05-14 15:29:00-04:00,2021-05-14 15:29:00-04:00,2021-05-14 15:59:00-04:00,L,13403.5,13384.25,13231.25,172.25,-40.5,-0.11756168359941944,time,1,L
2021-05-17 15:29:00-04:00,2021-05-17 15:29:00-04:00,2021-05-17 15:59:00-04:00,S,13253.0,13306.0,13313.75,60.75,-108.0,-0.8888888888888888,time,1,S
2021-05-18 15:29:00-04:00,2021-05-18 15:29:00-04:00,2021-05-18 15:59:00-04:00,S,13292.75,13212.75,13345.75,53.0,158.0,1.490566037735849,time,1,S
2021-05-19 15:29:00-04:00,2021-05-19 15:29:00-04:00,2021-05-19 15:59:00-04:00,L,13211.5,13230.5,12984.0,227.5,36.0,0.07912087912087912,time,1,L
2021-05-20 15:29:00-04:00,2021-05-20 15:29:00-04:00,2021-05-20 15:59:00-04:00,L,13522.5,13486.75,13291.75,230.75,-73.5,-0.15926327193932827,time,1,L
2021-05-21 15:29:00-04:00,2021-05-21 15:29:00-04:00,2021-05-21 15:59:00-04:00,S,13447.25,13409.25,13552.25,105.0,74.0,0.3523809523809524,time,1,S
2021-05-24 15:29:00-04:00,2021-05-24 15:29:00-04:00,2021-05-24 15:59:00-04:00,L,13670.5,13637.5,13508.75,161.75,-68.0,-0.21020092735703247,time,1,L
2021-05-25 15:29:00-04:00,2021-05-25 15:29:00-04:00,2021-05-25 15:59:00-04:00,S,13651.0,13656.75,13701.25,50.25,-13.5,-0.13432835820895522,time,1,S
2021-05-26 15:29:00-04:00,2021-05-26 15:29:00-04:00,2021-05-26 15:40:00-04:00,L,13702.25,13685.5,13685.75,16.5,-35.5,-1.0757575757575757,SL,1,L
2021-05-27 15:29:00-04:00,2021-05-27 15:29:00-04:00,2021-05-27 15:59:00-04:00,S,13657.0,13652.5,13685.75,28.75,7.0,0.12173913043478261,time,1,S
2021-06-01 15:29:00-04:00,2021-06-01 15:29:00-04:00,2021-06-01 15:59:00-04:00,S,13669.5,13651.25,13752.25,82.75,34.5,0.2084592145015106,time,1,S
2021-06-02 15:29:00-04:00,2021-06-02 15:29:00-04:00,2021-06-02 15:50:00-04:00,S,13640.25,13667.75,13667.5,27.25,-57.0,-1.0458715596330275,SL,1,S
2021-06-04 15:29:00-04:00,2021-06-04 15:29:00-04:00,2021-06-04 15:59:00-04:00,L,13767.5,13766.25,13609.75,157.75,-4.5,-0.014263074484944533,time,1,L
2021-06-07 15:29:00-04:00,2021-06-07 15:29:00-04:00,2021-06-07 15:59:00-04:00,L,13801.25,13801.75,13738.5,62.75,-1.0,-0.00796812749003984,time,1,L
2021-06-08 15:29:00-04:00,2021-06-08 15:29:00-04:00,2021-06-08 15:59:00-04:00,S,13819.25,13809.25,13879.25,60.0,18.0,0.15,time,1,S
2021-06-09 15:29:00-04:00,2021-06-09 15:29:00-04:00,2021-06-09 15:59:00-04:00,S,13820.75,13816.0,13871.5,50.75,7.5,0.07389162561576355,time,1,S
2021-06-10 15:29:00-04:00,2021-06-10 15:29:00-04:00,2021-06-10 15:59:00-04:00,L,13946.75,13959.75,13830.5,116.25,24.0,0.1032258064516129,time,1,L
2021-06-11 15:29:00-04:00,2021-06-11 15:29:00-04:00,2021-06-11 15:59:00-04:00,L,13970.0,13994.5,13960.0,10.0,47.0,2.35,time,1,L
2021-06-15 15:29:00-04:00,2021-06-15 15:29:00-04:00,2021-06-15 15:59:00-04:00,S,14014.75,14027.5,14110.25,95.5,-27.5,-0.14397905759162305,time,1,S
2021-06-17 15:29:00-04:00,2021-06-17 15:29:00-04:00,2021-06-17 15:59:00-04:00,L,14185.5,14156.0,13934.5,251.0,-61.0,-0.12151394422310757,time,1,L
2021-06-21 15:29:00-04:00,2021-06-21 15:29:00-04:00,2021-06-21 15:59:00-04:00,L,14110.75,14128.0,14051.25,59.5,32.5,0.27310924369747897,time,1,L
2021-06-22 15:29:00-04:00,2021-06-22 15:29:00-04:00,2021-06-22 15:59:00-04:00,L,14274.75,14257.75,14119.75,155.0,-36.0,-0.11612903225806452,time,1,L
2021-06-23 15:29:00-04:00,2021-06-23 15:29:00-04:00,2021-06-23 15:49:00-04:00,L,14292.25,14257.75,14258.0,34.25,-71.0,-1.0364963503649636,SL,1,L
2021-06-24 15:29:00-04:00,2021-06-24 15:29:00-04:00,2021-06-24 15:44:00-04:00,S,14344.75,14350.25,14350.0,5.25,-13.0,-1.2380952380952381,SL,1,S
2021-06-25 15:29:00-04:00,2021-06-25 15:29:00-04:00,2021-06-25 15:59:00-04:00,S,14341.5,14339.5,14380.25,38.75,2.0,0.025806451612903226,time,1,S
2021-06-28 15:29:00-04:00,2021-06-28 15:29:00-04:00,2021-06-28 15:59:00-04:00,L,14510.75,14511.0,14393.5,117.25,-1.5,-0.006396588486140725,time,1,L
2021-06-29 15:29:00-04:00,2021-06-29 15:29:00-04:00,2021-06-29 15:59:00-04:00,L,14556.25,14563.75,14505.5,50.75,13.0,0.12807881773399016,time,1,L
2021-07-01 15:29:00-04:00,2021-07-01 15:29:00-04:00,2021-07-01 15:59:00-04:00,L,14535.75,14547.5,14527.5,8.25,21.5,1.303030303030303,time,1,L
2021-07-02 15:29:00-04:00,2021-07-02 15:29:00-04:00,2021-07-02 15:59:00-04:00,L,14706.0,14714.5,14629.25,76.75,15.0,0.09771986970684039,time,1,L
2021-07-06 15:29:00-04:00,2021-07-06 15:29:00-04:00,2021-07-06 15:59:00-04:00,L,14774.75,14776.0,14740.0,34.75,0.5,0.007194244604316547,time,1,L
2021-07-07 15:29:00-04:00,2021-07-07 15:29:00-04:00,2021-07-07 15:59:00-04:00,S,14800.5,14802.25,14871.5,71.0,-5.5,-0.03873239436619718,time,1,S
2021-07-08 15:29:00-04:00,2021-07-08 15:29:00-04:00,2021-07-08 15:59:00-04:00,L,14693.5,14723.25,14594.0,99.5,57.5,0.2889447236180904,time,1,L
2021-07-09 15:29:00-04:00,2021-07-09 15:29:00-04:00,2021-07-09 15:59:00-04:00,L,14815.25,14810.0,14693.5,121.75,-12.5,-0.0513347022587269,time,1,L
2021-07-14 15:29:00-04:00,2021-07-14 15:29:00-04:00,2021-07-14 15:59:00-04:00,S,14905.5,14894.75,14969.5,64.0,19.5,0.15234375,time,1,S
2021-07-15 15:29:00-04:00,2021-07-15 15:29:00-04:00,2021-07-15 15:59:00-04:00,S,14769.25,14790.5,14893.25,124.0,-44.5,-0.17943548387096775,time,1,S
2021-07-16 15:29:00-04:00,2021-07-16 15:29:00-04:00,2021-07-16 15:59:00-04:00,S,14683.75,14673.5,14829.75,146.0,18.5,0.06335616438356165,time,1,S
2021-07-19 15:29:00-04:00,2021-07-19 15:29:00-04:00,2021-07-19 15:58:00-04:00,S,14463.25,14529.0,14528.75,65.5,-133.5,-1.0190839694656488,SL,1,S
2021-07-20 15:29:00-04:00,2021-07-20 15:29:00-04:00,2021-07-20 15:59:00-04:00,L,14775.25,14718.0,14591.0,184.25,-116.5,-0.31614654002713705,time,1,L
2021-07-21 15:29:00-04:00,2021-07-21 15:29:00-04:00,2021-07-21 15:59:00-04:00,L,14793.75,14828.0,14701.75,92.0,66.5,0.36141304347826086,time,1,L
2021-07-22 15:29:00-04:00,2021-07-22 15:29:00-04:00,2021-07-22 15:59:00-04:00,L,14928.5,14928.5,14839.5,89.0,-2.0,-0.011235955056179775,time,1,L
2021-07-23 15:29:00-04:00,2021-07-23 15:29:00-04:00,2021-07-23 15:59:00-04:00,L,15095.0,15098.5,14985.25,109.75,5.0,0.022779043280182234,time,1,L
2021-07-26 15:29:00-04:00,2021-07-26 15:29:00-04:00,2021-07-26 15:59:00-04:00,L,15122.75,15116.5,15074.75,48.0,-14.5,-0.15104166666666666,time,1,L
2021-07-27 15:29:00-04:00,2021-07-27 15:29:00-04:00,2021-07-27 15:59:00-04:00,S,14911.0,14950.25,15105.5,194.5,-80.5,-0.2069408740359897,time,1,S
2021-07-28 15:29:00-04:00,2021-07-28 15:29:00-04:00,2021-07-28 15:59:00-04:00,L,15030.0,15005.75,14998.0,32.0,-50.5,-0.7890625,time,1,L
2021-07-29 15:29:00-04:00,2021-07-29 15:29:00-04:00,2021-07-29 15:59:00-04:00,L,15033.75,15034.75,14983.0,50.75,0.0,0.0,time,1,L
2021-07-30 15:29:00-04:00,2021-07-30 15:29:00-04:00,2021-07-30 15:59:00-04:00,L,14949.0,14954.75,14868.5,80.5,9.5,0.059006211180124224,time,1,L
2021-08-02 15:29:00-04:00,2021-08-02 15:29:00-04:00,2021-08-02 15:59:00-04:00,S,14957.75,14955.25,15027.75,70.0,3.0,0.02142857142857143,time,1,S
2021-08-03 15:29:00-04:00,2021-08-03 15:29:00-04:00,2021-08-03 15:59:00-04:00,L,15038.25,15043.5,14985.75,52.5,8.5,0.08095238095238096,time,1,L
2021-08-04 15:29:00-04:00,2021-08-04 15:29:00-04:00,2021-08-04 15:59:00-04:00,L,15074.0,15068.25,15044.5,29.5,-13.5,-0.2288135593220339,time,1,L
2021-08-05 15:29:00-04:00,2021-08-05 15:29:00-04:00,2021-08-05 15:59:00-04:00,L,15142.75,15166.25,15101.0,41.75,45.0,0.5389221556886228,time,1,L
2021-08-06 15:29:00-04:00,2021-08-06 15:29:00-04:00,2021-08-06 15:59:00-04:00,S,15092.25,15096.0,15109.25,17.0,-9.5,-0.27941176470588236,time,1,S
2021-08-09 15:29:00-04:00,2021-08-09 15:29:00-04:00,2021-08-09 15:59:00-04:00,L,15128.25,15122.5,15115.25,13.0,-13.5,-0.5192307692307693,time,1,L
2021-08-10 15:29:00-04:00,2021-08-10 15:29:00-04:00,2021-08-10 15:59:00-04:00,S,15049.75,15046.5,15144.5,94.75,4.5,0.023746701846965697,time,1,S
2021-08-11 15:29:00-04:00,2021-08-11 15:29:00-04:00,2021-08-11 15:59:00-04:00,S,15020.0,15022.5,15098.75,78.75,-7.0,-0.044444444444444446,time,1,S
2021-08-12 15:29:00-04:00,2021-08-12 15:29:00-04:00,2021-08-12 15:59:00-04:00,L,15082.5,15076.0,14999.5,83.0,-15.0,-0.09036144578313253,time,1,L
2021-08-13 15:29:00-04:00,2021-08-13 15:29:00-04:00,2021-08-13 15:59:00-04:00,L,15111.25,15126.0,15088.5,22.75,27.5,0.6043956043956044,time,1,L
2021-08-16 15:29:00-04:00,2021-08-16 15:29:00-04:00,2021-08-16 15:59:00-04:00,L,15117.75,15134.0,15079.25,38.5,30.5,0.3961038961038961,time,1,L
2021-08-17 15:29:00-04:00,2021-08-17 15:29:00-04:00,2021-08-17 15:59:00-04:00,S,14974.75,15000.0,15017.25,42.5,-52.5,-0.6176470588235294,time,1,S
2021-08-18 15:29:00-04:00,2021-08-18 15:29:00-04:00,2021-08-18 15:59:00-04:00,S,14947.75,14856.25,14979.0,31.25,181.0,2.896,time,1,S
2021-08-19 15:29:00-04:00,2021-08-19 15:29:00-04:00,2021-08-19 15:59:00-04:00,L,14971.75,14928.5,14774.25,197.5,-88.5,-0.2240506329113924,time,1,L
2021-08-20 15:29:00-04:00,2021-08-20 15:29:00-04:00,2021-08-20 15:59:00-04:00,L,15082.75,15083.0,14973.25,109.5,-1.5,-0.00684931506849315,time,1,L
2021-08-23 15:29:00-04:00,2021-08-23 15:29:00-04:00,2021-08-23 15:59:00-04:00,L,15320.75,15306.25,15127.0,193.75,-31.0,-0.08,time,1,L
2021-08-24 15:29:00-04:00,2021-08-24 15:29:00-04:00,2021-08-24 15:59:00-04:00,L,15369.75,15356.0,15332.75,37.0,-29.5,-0.39864864864864863,time,1,L
2021-08-25 15:29:00-04:00,2021-08-25 15:29:00-04:00,2021-08-25 15:57:00-04:00,L,15366.0,15365.0,15365.25,0.75,-4.0,-2.6666666666666665,SL,1,L
2021-08-26 15:29:00-04:00,2021-08-26 15:29:00-04:00,2021-08-26 15:59:00-04:00,S,15287.25,15274.0,15335.5,48.25,24.5,0.2538860103626943,time,1,S
2021-08-27 15:29:00-04:00,2021-08-27 15:29:00-04:00,2021-08-27 15:59:00-04:00,L,15437.75,15424.25,15300.75,137.0,-29.0,-0.10583941605839416,time,1,L
2021-08-30 15:29:00-04:00,2021-08-30 15:29:00-04:00,2021-08-30 15:59:00-04:00,L,15610.5,15599.0,15455.5,155.0,-25.0,-0.08064516129032258,time,1,L
2021-09-02 15:29:00-04:00,2021-09-02 15:29:00-04:00,2021-09-02 15:59:00-04:00,S,15585.75,15605.5,15668.75,83.0,-41.5,-0.25,time,1,S
2021-09-03 15:29:00-04:00,2021-09-03 15:29:00-04:00,2021-09-03 15:59:00-04:00,L,15654.75,15652.25,15555.5,99.25,-7.0,-0.03526448362720403,time,1,L
2021-09-07 15:29:00-04:00,2021-09-07 15:29:00-04:00,2021-09-07 15:59:00-04:00,L,15680.0,15673.5,15655.0,25.0,-15.0,-0.3,time,1,L
2021-09-09 15:29:00-04:00,2021-09-09 15:29:00-04:00,2021-09-09 15:59:00-04:00,S,15587.0,15564.5,15630.5,43.5,43.0,0.4942528735632184,time,1,S
2021-09-10 15:29:00-04:00,2021-09-10 15:29:00-04:00,2021-09-10 15:59:00-04:00,S,15482.25,15446.5,15637.75,155.5,69.5,0.22347266881028938,time,1,S
2021-09-14 15:29:00-04:00,2021-09-14 15:29:00-04:00,2021-09-14 15:59:00-04:00,S,15350.0,15383.0,15493.5,143.5,-68.0,-0.23693379790940766,time,1,S
2021-09-15 15:29:00-04:00,2021-09-15 15:29:00-04:00,2021-09-15 15:59:00-04:00,L,15499.5,15497.0,15405.0,94.5,-7.0,-0.037037037037037035,time,1,L
2021-09-16 15:29:00-04:00,2021-09-16 15:29:00-04:00,2021-09-16 15:59:00-04:00,L,15498.0,15510.0,15441.5,56.5,22.0,0.19469026548672566,time,1,L
2021-09-17 15:29:00-04:00,2021-09-17 15:29:00-04:00,2021-09-17 15:59:00-04:00,S,15299.25,15322.25,15484.5,185.25,-48.0,-0.12955465587044535,time,1,S
2021-09-20 15:29:00-04:00,2021-09-20 15:29:00-04:00,2021-09-20 15:59:00-04:00,S,14875.0,15005.0,15076.0,201.0,-262.0,-0.6517412935323383,time,1,S
2021-09-21 15:29:00-04:00,2021-09-21 15:29:00-04:00,2021-09-21 15:30:00-04:00,L,15084.25,15081.25,15081.5,2.75,-8.0,-1.4545454545454546,SL,1,L
2021-09-22 15:29:00-04:00,2021-09-22 15:29:00-04:00,2021-09-22 15:59:00-04:00,L,15193.5,15161.5,15061.5,132.0,-66.0,-0.25,time,1,L
2021-09-23 15:29:00-04:00,2021-09-23 15:29:00-04:00,2021-09-23 15:59:00-04:00,L,15319.25,15299.25,15210.75,108.5,-42.0,-0.1935483870967742,time,1,L
2021-09-24 15:29:00-04:00,2021-09-24 15:29:00-04:00,2021-09-24 15:59:00-04:00,L,15307.25,15315.0,15206.0,101.25,13.5,0.06666666666666667,time,1,L
2021-09-27 15:29:00-04:00,2021-09-27 15:29:00-04:00,2021-09-27 15:54:00-04:00,L,15213.75,15184.5,15184.75,29.0,-60.5,-1.043103448275862,SL,1,L
2021-09-28 15:29:00-04:00,2021-09-28 15:29:00-04:00,2021-09-28 15:59:00-04:00,S,14802.5,14764.75,15001.5,199.0,73.5,0.18467336683417085,time,1,S
2021-09-30 15:29:00-04:00,2021-09-30 15:29:00-04:00,2021-09-30 15:59:00-04:00,S,14775.0,14676.5,14810.25,35.25,195.0,2.765957446808511,time,1,S
2021-10-01 15:29:00-04:00,2021-10-01 15:29:00-04:00,2021-10-01 15:59:00-04:00,L,14780.75,14770.5,14709.5,71.25,-22.5,-0.15789473684210525,time,1,L
2021-10-04 15:29:00-04:00,2021-10-04 15:29:00-04:00,2021-10-04 15:59:00-04:00,S,14407.75,14467.5,14704.75,297.0,-121.5,-0.20454545454545456,time,1,S
2021-10-05 15:29:00-04:00,2021-10-05 15:29:00-04:00,2021-10-05 15:59:00-04:00,L,14706.25,14657.75,14506.75,199.5,-99.0,-0.24812030075187969,time,1,L
2021-10-06 15:29:00-04:00,2021-10-06 15:29:00-04:00,2021-10-06 15:59:00-04:00,L,14718.5,14753.25,14521.5,197.0,67.5,0.1713197969543147,time,1,L
2021-10-07 15:29:00-04:00,2021-10-07 15:29:00-04:00,2021-10-07 15:55:00-04:00,L,14935.0,14881.5,14881.75,53.25,-109.0,-1.0234741784037558,SL,1,L
2021-10-08 15:29:00-04:00,2021-10-08 15:29:00-04:00,2021-10-08 15:59:00-04:00,S,14848.75,14811.75,14933.0,84.25,72.0,0.42729970326409494,time,1,S
2021-10-12 15:29:00-04:00,2021-10-12 15:29:00-04:00,2021-10-12 15:59:00-04:00,S,14667.5,14650.5,14760.0,92.5,32.0,0.17297297297297298,time,1,S
2021-10-14 15:29:00-04:00,2021-10-14 15:29:00-04:00,2021-10-14 15:59:00-04:00,L,15032.0,15036.5,14919.5,112.5,7.0,0.03111111111111111,time,1,L
2021-10-15 15:29:00-04:00,2021-10-15 15:29:00-04:00,2021-10-15 15:59:00-04:00,L,15119.0,15135.25,15088.75,30.25,30.5,0.5041322314049587,time,1,L
2021-10-18 15:29:00-04:00,2021-10-18 15:29:00-04:00,2021-10-18 15:59:00-04:00,L,15280.25,15286.0,15076.75,203.5,9.5,0.02334152334152334,time,1,L
2021-10-19 15:29:00-04:00,2021-10-19 15:29:00-04:00,2021-10-19 15:59:00-04:00,L,15394.25,15400.0,15330.0,64.25,9.5,0.07392996108949416,time,1,L
2021-10-20 15:29:00-04:00,2021-10-20 15:29:00-04:00,2021-10-20 15:59:00-04:00,S,15367.75,15383.0,15419.25,51.5,-32.5,-0.3155339805825243,time,1,S
2021-10-21 15:29:00-04:00,2021-10-21 15:29:00-04:00,2021-10-21 15:59:00-04:00,L,15469.75,15475.0,15346.75,123.0,8.5,0.034552845528455285,time,1,L
2021-10-22 15:29:00-04:00,2021-10-22 15:29:00-04:00,2021-10-22 15:59:00-04:00,S,15335.25,15342.25,15422.75,87.5,-16.0,-0.09142857142857143,time,1,S
2021-10-25 15:29:00-04:00,2021-10-25 15:29:00-04:00,2021-10-25 15:59:00-04:00,L,15515.5,15501.0,15405.0,110.5,-31.0,-0.14027149321266968,time,1,L
2021-10-26 15:29:00-04:00,2021-10-26 15:29:00-04:00,2021-10-26 15:59:00-04:00,S,15555.0,15545.25,15598.25,43.25,17.5,0.2023121387283237,time,1,S
2021-10-27 15:29:00-04:00,2021-10-27 15:29:00-04:00,2021-10-27 15:59:00-04:00,L,15641.5,15584.75,15570.25,71.25,-115.5,-0.8105263157894737,time,1,L
2021-10-28 15:29:00-04:00,2021-10-28 15:29:00-04:00,2021-10-28 15:59:00-04:00,L,15739.0,15761.25,15668.75,70.25,42.5,0.302491103202847,time,1,L
2021-10-29 15:29:00-04:00,2021-10-29 15:29:00-04:00,2021-10-29 15:59:00-04:00,L,15785.75,15839.5,15631.25,154.5,105.5,0.3414239482200647,time,1,L
2021-11-02 15:29:00-04:00,2021-11-02 15:29:00-04:00,2021-11-02 15:59:00-04:00,L,15954.75,15961.75,15865.5,89.25,12.0,0.06722689075630252,time,1,L
2021-11-03 15:29:00-04:00,2021-11-03 15:29:00-04:00,2021-11-03 15:59:00-04:00,L,16099.75,16129.5,15980.0,119.75,57.5,0.24008350730688935,time,1,L
2021-11-04 15:29:00-04:00,2021-11-04 15:29:00-04:00,2021-11-04 15:59:00-04:00,L,16330.5,16334.5,16179.5,151.0,6.0,0.019867549668874173,time,1,L
2021-11-05 15:29:00-04:00,2021-11-05 15:29:00-04:00,2021-11-05 15:59:00-04:00,S,16344.25,16351.5,16410.75,66.5,-16.5,-0.12406015037593984,time,1,S
2021-11-08 15:29:00-05:00,2021-11-08 15:29:00-05:00,2021-11-08 15:32:00-05:00,L,16353.5,16349.5,16349.75,3.75,-10.0,-1.3333333333333333,SL,1,L
2021-11-09 15:29:00-05:00,2021-11-09 15:29:00-05:00,2021-11-09 15:59:00-05:00,S,16195.25,16217.5,16376.25,181.0,-46.5,-0.12845303867403315,time,1,S
2021-11-10 15:29:00-05:00,2021-11-10 15:29:00-05:00,2021-11-10 15:59:00-05:00,S,15978.75,15978.5,16101.75,123.0,-1.5,-0.006097560975609756,time,1,S
2021-11-11 15:29:00-05:00,2021-11-11 15:29:00-05:00,2021-11-11 15:59:00-05:00,S,16029.0,16023.0,16102.5,73.5,10.0,0.06802721088435375,time,1,S
2021-11-12 15:29:00-05:00,2021-11-12 15:29:00-05:00,2021-11-12 15:59:00-05:00,L,16197.75,16189.5,16069.5,128.25,-18.5,-0.07212475633528265,time,1,L
2021-11-16 15:29:00-05:00,2021-11-16 15:29:00-05:00,2021-11-16 15:59:00-05:00,L,16303.5,16304.5,16156.75,146.75,0.0,0.0,time,1,L
2021-11-17 15:29:00-05:00,2021-11-17 15:29:00-05:00,2021-11-17 15:30:00-05:00,S,16314.5,16315.75,16315.5,1.0,-4.5,-2.25,SL,1,S
2021-11-18 15:29:00-05:00,2021-11-18 15:29:00-05:00,2021-11-18 15:59:00-05:00,L,16475.75,16481.0,16397.75,78.0,8.5,0.05448717948717949,time,1,L
2021-11-19 15:29:00-05:00,2021-11-19 15:29:00-05:00,2021-11-19 15:59:00-05:00,L,16577.5,16571.75,16549.5,28.0,-13.5,-0.24107142857142858,time,1,L
2021-11-22 15:29:00-05:00,2021-11-22 15:29:00-05:00,2021-11-22 15:59:00-05:00,S,16548.75,16384.0,16638.75,90.0,327.5,1.8194444444444444,time,1,S
2021-11-23 15:29:00-05:00,2021-11-23 15:29:00-05:00,2021-11-23 15:59:00-05:00,S,16244.5,16305.75,16331.0,86.5,-124.5,-0.7196531791907514,time,1,S
2021-11-24 15:29:00-05:00,2021-11-24 15:29:00-05:00,2021-11-24 15:59:00-05:00,L,16354.5,16362.0,16198.0,156.5,13.0,0.04153354632587859,time,1,L
2021-11-29 15:29:00-05:00,2021-11-29 15:29:00-05:00,2021-11-29 15:59:00-05:00,L,16413.25,16390.5,16239.0,174.25,-47.5,-0.13629842180774748,time,1,L
2021-11-30 15:29:00-05:00,2021-11-30 15:29:00-05:00,2021-11-30 15:59:00-05:00,S,16120.25,16150.25,16355.75,235.5,-62.0,-0.1316348195329087,time,1,S
2021-12-01 15:29:00-05:00,2021-12-01 15:29:00-05:00,2021-12-01 15:59:00-05:00,S,15979.0,15875.75,16338.75,359.75,204.5,0.28422515635858236,time,1,S
2021-12-02 15:29:00-05:00,2021-12-02 15:29:00-05:00,2021-12-02 15:59:00-05:00,L,15991.25,15991.25,15824.0,167.25,-2.0,-0.005979073243647235,time,1,L
2021-12-03 15:29:00-05:00,2021-12-03 15:29:00-05:00,2021-12-03 15:59:00-05:00,S,15606.25,15717.0,16047.25,441.0,-223.5,-0.2534013605442177,time,1,S
2021-12-06 15:29:00-05:00,2021-12-06 15:29:00-05:00,2021-12-06 15:59:00-05:00,L,15856.0,15842.75,15734.0,122.0,-28.5,-0.1168032786885246,time,1,L
2021-12-07 15:29:00-05:00,2021-12-07 15:29:00-05:00,2021-12-07 15:59:00-05:00,L,16265.25,16320.75,16119.0,146.25,109.0,0.37264957264957266,time,1,L
2021-12-08 15:29:00-05:00,2021-12-08 15:29:00-05:00,2021-12-08 15:59:00-05:00,L,16368.0,16388.0,16330.0,38.0,38.0,0.5,time,1,L
2021-12-09 15:29:00-05:00,2021-12-09 15:29:00-05:00,2021-12-09 15:59:00-05:00,S,16169.5,16148.5,16336.75,167.25,40.0,0.11958146487294469,time,1,S
2021-12-10 15:29:00-05:00,2021-12-10 15:29:00-05:00,2021-12-10 15:59:00-05:00,L,16272.25,16325.5,16264.75,7.5,104.5,6.966666666666667,time,1,L
2021-12-14 15:29:00-05:00,2021-12-14 15:29:00-05:00,2021-12-14 15:54:00-05:00,L,15937.5,15882.25,15882.5,55.0,-112.5,-1.0227272727272727,SL,1,L
2021-12-15 15:29:00-05:00,2021-12-15 15:29:00-05:00,2021-12-15 15:59:00-05:00,L,16206.5,16281.5,15907.75,298.75,148.0,0.24769874476987447,time,1,L
2021-12-16 15:29:00-05:00,2021-12-16 15:29:00-05:00,2021-12-16 15:59:00-05:00,S,15883.0,15863.25,16322.5,439.5,37.5,0.042662116040955635,time,1,S
2021-12-17 15:29:00-05:00,2021-12-17 15:29:00-05:00,2021-12-17 15:59:00-05:00,L,15837.25,15779.75,15712.5,124.75,-117.0,-0.46893787575150303,time,1,L
2021-12-20 15:29:00-05:00,2021-12-20 15:29:00-05:00,2021-12-20 15:35:00-05:00,L,15616.5,15576.5,15576.75,39.75,-82.0,-1.0314465408805031,SL,1,L
2021-12-21 15:29:00-05:00,2021-12-21 15:29:00-05:00,2021-12-21 15:59:00-05:00,L,15941.0,15973.25,15761.5,179.5,62.5,0.17409470752089137,time,1,L
2021-12-22 15:29:00-05:00,2021-12-22 15:29:00-05:00,2021-12-22 15:59:00-05:00,L,16120.75,16167.75,15962.0,158.75,92.0,0.28976377952755905,time,1,L
2021-12-23 15:29:00-05:00,2021-12-23 15:29:00-05:00,2021-12-23 15:59:00-05:00,L,16314.75,16294.0,16183.25,131.5,-43.5,-0.16539923954372623,time,1,L
2021-12-27 15:29:00-05:00,2021-12-27 15:29:00-05:00,2021-12-27 15:59:00-05:00,L,16538.0,16560.0,16346.75,191.25,42.0,0.10980392156862745,time,1,L
2021-12-28 15:29:00-05:00,2021-12-28 15:29:00-05:00,2021-12-28 15:59:00-05:00,S,16497.75,16494.75,16601.0,103.25,4.0,0.01937046004842615,time,1,S
2021-12-31 15:29:00-05:00,2021-12-31 15:29:00-05:00,2021-12-31 15:59:00-05:00,S,16381.0,16325.0,16408.75,27.75,110.0,1.981981981981982,time,1,S
2022-01-03 15:29:00-05:00,2022-01-03 15:29:00-05:00,2022-01-03 15:59:00-05:00,L,16481.75,16489.25,16382.5,99.25,13.0,0.0654911838790932,time,1,L
2022-01-04 15:29:00-05:00,2022-01-04 15:29:00-05:00,2022-01-04 15:59:00-05:00,S,16285.25,16273.25,16510.0,224.75,22.0,0.048943270300333706,time,1,S
2022-01-05 15:29:00-05:00,2022-01-05 15:29:00-05:00,2022-01-05 15:59:00-05:00,S,15833.75,15764.25,16200.5,366.75,137.0,0.18677573278800272,time,1,S
2022-01-06 15:29:00-05:00,2022-01-06 15:29:00-05:00,2022-01-06 15:59:00-05:00,L,15803.5,15758.0,15691.25,112.25,-93.0,-0.4142538975501114,time,1,L
2022-01-07 15:29:00-05:00,2022-01-07 15:29:00-05:00,2022-01-07 15:59:00-05:00,S,15613.25,15585.25,15757.75,144.5,54.0,0.18685121107266436,time,1,S
2022-01-10 15:29:00-05:00,2022-01-10 15:29:00-05:00,2022-01-10 15:59:00-05:00,L,15474.0,15604.0,15377.25,96.75,258.0,1.3333333333333333,time,1,L
2022-01-11 15:29:00-05:00,2022-01-11 15:29:00-05:00,2022-01-11 15:59:00-05:00,L,15819.25,15831.75,15564.75,254.5,23.0,0.04518664047151277,time,1,L
2022-01-12 15:29:00-05:00,2022-01-12 15:29:00-05:00,2022-01-12 15:59:00-05:00,S,15873.25,15895.75,15939.25,66.0,-47.0,-0.3560606060606061,time,1,S
2022-01-13 15:29:00-05:00,2022-01-13 15:29:00-05:00,2022-01-13 15:59:00-05:00,S,15582.25,15497.5,15950.25,368.0,167.5,0.22758152173913043,time,1,S
2022-01-14 15:29:00-05:00,2022-01-14 15:29:00-05:00,2022-01-14 15:59:00-05:00,L,15563.0,15592.5,15389.0,174.0,57.0,0.16379310344827586,time,1,L
2022-01-18 15:29:00-05:00,2022-01-18 15:29:00-05:00,2022-01-18 15:59:00-05:00,S,15245.5,15214.25,15347.75,102.25,60.5,0.29584352078239606,time,1,S
2022-01-19 15:29:00-05:00,2022-01-19 15:29:00-05:00,2022-01-19 15:59:00-05:00,S,15134.25,15037.75,15267.5,133.25,191.0,0.7166979362101313,time,1,S
2022-01-20 15:29:00-05:00,2022-01-20 15:29:00-05:00,2022-01-20 15:59:00-05:00,S,14970.25,14837.0,15169.0,198.75,264.5,0.6654088050314465,time,1,S
2022-01-21 15:29:00-05:00,2022-01-21 15:29:00-05:00,2022-01-21 15:59:00-05:00,S,14464.25,14414.5,14746.25,282.0,97.5,0.17287234042553193,time,1,S
2022-01-24 15:29:00-05:00,2022-01-24 15:29:00-05:00,2022-01-24 15:59:00-05:00,L,14262.25,14506.0,14190.75,71.5,485.5,3.395104895104895,time,1,L
2022-01-26 15:29:00-05:00,2022-01-26 15:29:00-05:00,2022-01-26 15:59:00-05:00,S,14164.75,14148.5,14476.0,311.25,30.5,0.04899598393574297,time,1,S
2022-01-27 15:29:00-05:00,2022-01-27 15:29:00-05:00,2022-01-27 15:59:00-05:00,S,13998.0,13987.75,14333.5,335.5,18.5,0.027570789865871834,time,1,S
2022-01-28 15:29:00-05:00,2022-01-28 15:29:00-05:00,2022-01-28 15:59:00-05:00,L,14254.0,14433.75,14067.5,186.5,357.5,0.9584450402144772,time,1,L
2022-01-31 15:29:00-05:00,2022-01-31 15:29:00-05:00,2022-01-31 15:59:00-05:00,L,14769.25,14898.0,14487.5,281.75,255.5,0.453416149068323,time,1,L
2022-02-01 15:29:00-05:00,2022-02-01 15:29:00-05:00,2022-02-01 15:38:00-05:00,L,14945.0,14943.0,14943.25,1.75,-6.0,-1.7142857142857142,SL,1,L
2022-02-03 15:29:00-05:00,2022-02-03 15:29:00-05:00,2022-02-03 15:59:00-05:00,S,14596.5,14503.75,14704.75,108.25,183.5,0.8475750577367206,time,1,S
2022-02-04 15:29:00-05:00,2022-02-04 15:29:00-05:00,2022-02-04 15:59:00-05:00,L,14777.0,14680.25,14518.0,259.0,-195.5,-0.37741312741312744,time,1,L
2022-02-07 15:29:00-05:00,2022-02-07 15:29:00-05:00,2022-02-07 15:59:00-05:00,S,14640.0,14566.25,14707.5,67.5,145.5,1.0777777777777777,time,1,S
2022-02-08 15:29:00-05:00,2022-02-08 15:29:00-05:00,2022-02-08 15:59:00-05:00,L,14699.5,14733.0,14515.25,184.25,65.0,0.17639077340569878,time,1,L
2022-02-09 15:29:00-05:00,2022-02-09 15:29:00-05:00,2022-02-09 15:59:00-05:00,L,15006.0,15042.5,14918.75,87.25,71.0,0.4068767908309456,time,1,L
2022-02-10 15:29:00-05:00,2022-02-10 15:29:00-05:00,2022-02-10 15:59:00-05:00,S,14722.0,14702.5,14743.0,21.0,37.0,0.8809523809523809,time,1,S
2022-02-11 15:29:00-05:00,2022-02-11 15:29:00-05:00,2022-02-11 15:59:00-05:00,S,14259.75,14238.25,14700.5,440.75,41.0,0.046511627906976744,time,1,S
2022-02-15 15:29:00-05:00,2022-02-15 15:29:00-05:00,2022-02-15 15:59:00-05:00,L,14582.5,14607.75,14471.75,110.75,48.5,0.21896162528216703,time,1,L
2022-02-16 15:29:00-05:00,2022-02-16 15:29:00-05:00,2022-02-16 15:59:00-05:00,L,14635.75,14601.0,14513.75,122.0,-71.5,-0.2930327868852459,time,1,L
2022-02-17 15:29:00-05:00,2022-02-17 15:29:00-05:00,2022-02-17 15:59:00-05:00,S,14197.25,14165.5,14463.0,265.75,61.5,0.11571025399811853,time,1,S
2022-02-18 15:29:00-05:00,2022-02-18 15:29:00-05:00,2022-02-18 15:59:00-05:00,S,14014.0,14005.5,14204.75,190.75,15.0,0.039318479685452164,time,1,S
2022-02-22 15:29:00-05:00,2022-02-22 15:29:00-05:00,2022-02-22 15:46:00-05:00,L,13962.25,13880.25,13880.5,81.75,-166.0,-1.0152905198776758,SL,1,L
2022-02-23 15:29:00-05:00,2022-02-23 15:29:00-05:00,2022-02-23 15:59:00-05:00,S,13579.5,13507.75,13995.25,415.75,141.5,0.17017438364401682,time,1,S
2022-02-24 15:29:00-05:00,2022-02-24 15:29:00-05:00,2022-02-24 15:59:00-05:00,L,13812.75,13966.25,13073.5,739.25,305.0,0.20629015894487657,time,1,L
2022-02-25 15:29:00-05:00,2022-02-25 15:29:00-05:00,2022-02-25 15:59:00-05:00,L,14134.75,14181.75,13995.0,139.75,92.0,0.3291592128801431,time,1,L
2022-03-01 15:29:00-05:00,2022-03-01 15:29:00-05:00,2022-03-01 15:59:00-05:00,S,13980.0,14004.5,14175.5,195.5,-51.0,-0.13043478260869565,time,1,S
2022-03-02 15:29:00-05:00,2022-03-02 15:29:00-05:00,2022-03-02 15:59:00-05:00,L,14263.25,14236.75,14067.0,196.25,-55.0,-0.14012738853503184,time,1,L
2022-03-03 15:29:00-05:00,2022-03-03 15:29:00-05:00,2022-03-03 15:59:00-05:00,S,14042.75,14035.5,14351.75,309.0,12.5,0.020226537216828478,time,1,S
2022-03-04 15:29:00-05:00,2022-03-04 15:29:00-05:00,2022-03-04 15:59:00-05:00,S,13789.0,13834.25,13934.5,145.5,-92.5,-0.3178694158075601,time,1,S
2022-03-07 15:29:00-05:00,2022-03-07 15:29:00-05:00,2022-03-07 15:59:00-05:00,S,13414.25,13320.75,13831.25,417.0,185.0,0.22182254196642687,time,1,S
2022-03-09 15:29:00-05:00,2022-03-09 15:29:00-05:00,2022-03-09 15:59:00-05:00,L,13770.75,13740.25,13603.5,167.25,-63.0,-0.18834080717488788,time,1,L
2022-03-10 15:29:00-05:00,2022-03-10 15:29:00-05:00,2022-03-10 15:38:00-05:00,L,13584.25,13564.0,13564.25,20.0,-42.5,-1.0625,SL,1,L
2022-03-11 15:29:00-05:00,2022-03-11 15:29:00-05:00,2022-03-11 15:59:00-05:00,S,13370.25,13300.75,13711.75,341.5,137.0,0.2005856515373353,time,1,S
2022-03-14 15:29:00-04:00,2022-03-14 15:29:00-04:00,2022-03-14 15:59:00-04:00,S,13075.25,13049.75,13250.25,175.0,49.0,0.14,time,1,S
2022-03-15 15:29:00-04:00,2022-03-15 15:29:00-04:00,2022-03-15 15:59:00-04:00,L,13437.75,13457.0,13157.0,280.75,36.5,0.06500445235975066,time,1,L
2022-03-17 15:29:00-04:00,2022-03-17 15:29:00-04:00,2022-03-17 15:59:00-04:00,L,14053.0,14118.5,13872.0,181.0,129.0,0.356353591160221,time,1,L
2022-03-18 15:29:00-04:00,2022-03-18 15:29:00-04:00,2022-03-18 15:59:00-04:00,L,14391.25,14408.75,14046.25,345.0,33.0,0.04782608695652174,time,1,L
2022-03-21 15:29:00-04:00,2022-03-21 15:29:00-04:00,2022-03-21 15:59:00-04:00,S,14318.0,14372.0,14371.75,53.75,-110.0,-1.0232558139534884,SL,1,S
2022-03-22 15:29:00-04:00,2022-03-22 15:29:00-04:00,2022-03-22 15:59:00-04:00,L,14641.25,14654.75,14390.0,251.25,25.0,0.04975124378109453,time,1,L
2022-03-23 15:29:00-04:00,2022-03-23 15:29:00-04:00,2022-03-23 15:59:00-04:00,S,14500.75,14444.5,14531.75,31.0,110.5,1.782258064516129,time,1,S
2022-03-24 15:29:00-04:00,2022-03-24 15:29:00-04:00,2022-03-24 15:59:00-04:00,L,14725.75,14766.5,14523.0,202.75,79.5,0.1960542540073983,time,1,L
2022-03-25 15:29:00-04:00,2022-03-25 15:29:00-04:00,2022-03-25 15:59:00-04:00,S,14645.75,14755.5,14763.25,117.5,-221.5,-0.9425531914893617,time,1,S
2022-03-28 15:29:00-04:00,2022-03-28 15:29:00-04:00,2022-03-28 15:59:00-04:00,L,14946.75,14986.75,14753.25,193.5,78.0,0.20155038759689922,time,1,L
2022-03-29 15:29:00-04:00,2022-03-29 15:29:00-04:00,2022-03-29 15:59:00-04:00,L,15257.25,15240.5,15147.75,109.5,-35.5,-0.16210045662100456,time,1,L
2022-03-30 15:29:00-04:00,2022-03-30 15:29:00-04:00,2022-03-30 15:59:00-04:00,S,15035.75,15080.25,15166.0,130.25,-91.0,-0.3493282149712092,time,1,S
2022-03-31 15:29:00-04:00,2022-03-31 15:29:00-04:00,2022-03-31 15:59:00-04:00,S,14988.5,14870.75,15080.5,92.0,233.5,1.2690217391304348,time,1,S
2022-04-01 15:29:00-04:00,2022-04-01 15:29:00-04:00,2022-04-01 15:59:00-04:00,S,14777.75,14861.25,14899.25,121.5,-169.0,-0.6954732510288066,time,1,S
2022-04-04 15:29:00-04:00,2022-04-04 15:29:00-04:00,2022-04-04 15:59:00-04:00,L,15142.0,15163.75,14895.5,246.5,41.5,0.08417849898580122,time,1,L
2022-04-05 15:29:00-04:00,2022-04-05 15:29:00-04:00,2022-04-05 15:59:00-04:00,S,14822.5,14831.5,15105.5,283.0,-20.0,-0.0353356890459364,time,1,S
2022-04-06 15:29:00-04:00,2022-04-06 15:29:00-04:00,2022-04-06 15:59:00-04:00,S,14490.5,14506.0,14602.25,111.75,-33.0,-0.1476510067114094,time,1,S
2022-04-07 15:29:00-04:00,2022-04-07 15:29:00-04:00,2022-04-07 15:59:00-04:00,L,14576.0,14543.0,14466.75,109.25,-68.0,-0.3112128146453089,time,1,L
2022-04-08 15:29:00-04:00,2022-04-08 15:29:00-04:00,2022-04-08 15:59:00-04:00,S,14385.25,14336.5,14468.25,83.0,95.5,0.5753012048192772,time,1,S
2022-04-11 15:29:00-04:00,2022-04-11 15:29:00-04:00,2022-04-11 15:59:00-04:00,S,14044.25,14001.0,14158.25,114.0,84.5,0.3706140350877193,time,1,S
2022-04-12 15:29:00-04:00,2022-04-12 15:29:00-04:00,2022-04-12 15:59:00-04:00,S,13901.25,13942.0,14199.75,298.5,-83.5,-0.13986599664991625,time,1,S
2022-04-13 15:29:00-04:00,2022-04-13 15:29:00-04:00,2022-04-13 15:59:00-04:00,L,14244.75,14221.5,13953.0,291.75,-48.5,-0.0831191088260497,time,1,L
2022-04-14 15:29:00-04:00,2022-04-14 15:29:00-04:00,2022-04-14 15:59:00-04:00,S,13932.25,13894.0,14224.25,292.0,74.5,0.12756849315068494,time,1,S
2022-04-19 15:29:00-04:00,2022-04-19 15:29:00-04:00,2022-04-19 15:59:00-04:00,L,14218.0,14212.0,13874.75,343.25,-14.0,-0.02039329934450109,time,1,L
2022-04-20 15:29:00-04:00,2022-04-20 15:29:00-04:00,2022-04-20 15:59:00-04:00,S,14029.75,14003.75,14251.25,221.5,50.0,0.11286681715575621,time,1,S
2022-04-21 15:29:00-04:00,2022-04-21 15:29:00-04:00,2022-04-21 15:59:00-04:00,S,13762.75,13721.5,14173.25,410.5,80.5,0.09805115712545676,time,1,S
2022-04-22 15:29:00-04:00,2022-04-22 15:29:00-04:00,2022-04-22 15:59:00-04:00,S,13435.0,13358.5,13725.75,290.75,151.0,0.2596732588134136,time,1,S
2022-04-25 15:29:00-04:00,2022-04-25 15:29:00-04:00,2022-04-25 15:59:00-04:00,L,13476.25,13531.25,13288.5,187.75,108.0,0.28761651131824234,time,1,L
2022-04-26 15:29:00-04:00,2022-04-26 15:29:00-04:00,2022-04-26 15:59:00-04:00,S,13076.0,13010.0,13444.25,368.25,130.0,0.17651052274270196,time,1,S
2022-04-28 15:29:00-04:00,2022-04-28 15:29:00-04:00,2022-04-28 15:59:00-04:00,L,13504.0,13462.75,13211.75,292.25,-84.5,-0.14456800684345594,time,1,L
2022-04-29 15:29:00-04:00,2022-04-29 15:29:00-04:00,2022-04-29 15:59:00-04:00,S,12936.25,12857.0,13287.75,351.5,156.5,0.22261735419630158,time,1,S
2022-05-02 15:29:00-04:00,2022-05-02 15:29:00-04:00,2022-05-02 15:59:00-04:00,L,12969.0,13070.5,12840.25,128.75,201.0,0.7805825242718447,time,1,L
2022-05-03 15:29:00-04:00,2022-05-03 15:29:00-04:00,2022-05-03 15:33:00-04:00,L,13090.0,13072.25,13072.5,17.5,-37.5,-1.0714285714285714,SL,1,L
2022-05-04 15:29:00-04:00,2022-05-04 15:29:00-04:00,2022-05-04 15:59:00-04:00,L,13465.0,13532.75,13106.75,358.25,133.5,0.18632240055826937,time,1,L
2022-05-05 15:29:00-04:00,2022-05-05 15:29:00-04:00,2022-05-05 15:59:00-04:00,S,12721.75,12860.0,13342.75,621.0,-278.5,-0.22423510466988728,time,1,S
2022-05-06 15:29:00-04:00,2022-05-06 15:29:00-04:00,2022-05-06 15:59:00-04:00,S,12611.25,12693.25,12759.75,148.5,-166.0,-0.5589225589225589,time,1,S
2022-05-09 15:29:00-04:00,2022-05-09 15:29:00-04:00,2022-05-09 15:59:00-04:00,S,12235.75,12197.0,12449.0,213.25,75.5,0.17702227432590856,time,1,S
2022-05-11 15:29:00-04:00,2022-05-11 15:29:00-04:00,2022-05-11 15:59:00-04:00,S,12017.0,11974.75,12247.5,230.5,82.5,0.1789587852494577,time,1,S
2022-05-13 15:29:00-04:00,2022-05-13 15:29:00-04:00,2022-05-13 15:59:00-04:00,L,12422.75,12384.5,12132.25,290.5,-78.5,-0.1351118760757315,time,1,L
2022-05-16 15:29:00-04:00,2022-05-16 15:29:00-04:00,2022-05-16 15:59:00-04:00,S,12280.5,12247.5,12311.5,31.0,64.0,1.032258064516129,time,1,S
2022-05-17 15:29:00-04:00,2022-05-17 15:29:00-04:00,2022-05-17 15:59:00-04:00,L,12563.5,12563.25,12490.5,73.0,-2.5,-0.017123287671232876,time,1,L
2022-05-18 15:29:00-04:00,2022-05-18 15:29:00-04:00,2022-05-18 15:59:00-04:00,S,11915.0,11940.75,12368.5,453.5,-53.5,-0.05898566703417861,time,1,S
2022-05-20 15:29:00-04:00,2022-05-20 15:29:00-04:00,2022-05-20 15:59:00-04:00,S,11675.5,11834.75,12026.0,350.5,-320.5,-0.4572039942938659,time,1,S
2022-05-23 15:29:00-04:00,2022-05-23 15:29:00-04:00,2022-05-23 15:59:00-04:00,L,11987.0,12034.5,11885.0,102.0,93.0,0.45588235294117646,time,1,L
2022-05-25 15:29:00-04:00,2022-05-25 15:29:00-04:00,2022-05-25 15:59:00-04:00,L,11991.5,11949.5,11717.0,274.5,-86.0,-0.15664845173041894,time,1,L
2022-05-26 15:29:00-04:00,2022-05-26 15:29:00-04:00,2022-05-26 15:59:00-04:00,L,12255.75,12274.0,11913.25,342.5,34.5,0.050364963503649635,time,1,L
2022-05-27 15:29:00-04:00,2022-05-27 15:29:00-04:00,2022-05-27 15:59:00-04:00,L,12653.5,12681.0,12407.5,246.0,53.0,0.10772357723577236,time,1,L
2022-05-31 15:29:00-04:00,2022-05-31 15:29:00-04:00,2022-05-31 15:49:00-04:00,L,12709.75,12677.25,12677.5,32.25,-67.0,-1.0387596899224807,SL,1,L
2022-06-01 15:29:00-04:00,2022-06-01 15:29:00-04:00,2022-06-01 15:59:00-04:00,S,12621.75,12549.75,12733.25,111.5,142.0,0.6367713004484304,time,1,S
2022-06-02 15:29:00-04:00,2022-06-02 15:29:00-04:00,2022-06-02 15:59:00-04:00,L,12820.75,12893.5,12502.25,318.5,143.5,0.22527472527472528,time,1,L
2022-06-03 15:29:00-04:00,2022-06-03 15:29:00-04:00,2022-06-03 15:59:00-04:00,S,12551.25,12554.0,12673.25,122.0,-7.5,-0.030737704918032786,time,1,S
2022-06-06 15:29:00-04:00,2022-06-06 15:29:00-04:00,2022-06-06 15:59:00-04:00,S,12564.25,12600.5,12741.75,177.5,-74.5,-0.20985915492957746,time,1,S
2022-06-07 15:29:00-04:00,2022-06-07 15:29:00-04:00,2022-06-07 15:59:00-04:00,L,12691.25,12710.75,12457.5,233.75,37.0,0.07914438502673797,time,1,L
2022-06-08 15:29:00-04:00,2022-06-08 15:29:00-04:00,2022-06-08 15:59:00-04:00,S,12635.5,12619.25,12673.5,38.0,30.5,0.40131578947368424,time,1,S
2022-06-09 15:29:00-04:00,2022-06-09 15:29:00-04:00,2022-06-09 15:59:00-04:00,S,12365.5,12271.75,12542.75,177.25,185.5,0.5232722143864598,time,1,S
2022-06-10 15:29:00-04:00,2022-06-10 15:29:00-04:00,2022-06-10 15:59:00-04:00,S,11946.25,11837.5,12042.0,95.75,215.5,1.1253263707571801,time,1,S
2022-06-13 15:29:00-04:00,2022-06-13 15:29:00-04:00,2022-06-13 15:59:00-04:00,S,11300.5,11296.0,11466.75,166.25,7.0,0.021052631578947368,time,1,S
2022-06-14 15:29:00-04:00,2022-06-14 15:29:00-04:00,2022-06-14 15:59:00-04:00,S,11274.25,11318.5,11385.75,111.5,-90.5,-0.40582959641255606,time,1,S
2022-06-16 15:29:00-04:00,2022-06-16 15:29:00-04:00,2022-06-16 15:59:00-04:00,S,11163.25,11166.25,11330.25,167.0,-8.0,-0.023952095808383235,time,1,S
2022-06-17 15:29:00-04:00,2022-06-17 15:29:00-04:00,2022-06-17 15:59:00-04:00,L,11349.5,11292.25,11189.75,159.75,-116.5,-0.3646322378716745,time,1,L
2022-06-21 15:29:00-04:00,2022-06-21 15:29:00-04:00,2022-06-21 15:59:00-04:00,L,11611.5,11579.0,11480.5,131.0,-67.0,-0.25572519083969464,time,1,L
2022-06-22 15:29:00-04:00,2022-06-22 15:29:00-04:00,2022-06-22 15:59:00-04:00,L,11601.0,11558.25,11470.25,130.75,-87.5,-0.33460803059273425,time,1,L
2022-06-23 15:29:00-04:00,2022-06-23 15:29:00-04:00,2022-06-23 15:59:00-04:00,L,11693.5,11733.5,11661.5,32.0,78.0,1.21875,time,1,L
2022-06-24 15:29:00-04:00,2022-06-24 15:29:00-04:00,2022-06-24 15:59:00-04:00,L,12054.75,12147.0,11848.75,206.0,182.5,0.4429611650485437,time,1,L
2022-06-27 15:29:00-04:00,2022-06-27 15:29:00-04:00,2022-06-27 15:59:00-04:00,S,12046.0,12045.25,12188.75,142.75,-0.5,-0.0017513134851138354,time,1,S
2022-06-28 15:29:00-04:00,2022-06-28 15:29:00-04:00,2022-06-28 15:59:00-04:00,S,11708.25,11674.0,12063.5,355.25,66.5,0.09359605911330049,time,1,S
2022-06-29 15:29:00-04:00,2022-06-29 15:29:00-04:00,2022-06-29 15:37:00-04:00,L,11719.25,11668.25,11668.5,50.75,-104.0,-1.0246305418719213,SL,1,L
2022-07-01 15:29:00-04:00,2022-07-01 15:29:00-04:00,2022-07-01 15:59:00-04:00,L,11576.25,11612.5,11479.75,96.5,70.5,0.36528497409326427,time,1,L
2022-07-05 15:29:00-04:00,2022-07-05 15:29:00-04:00,2022-07-05 15:59:00-04:00,L,11791.5,11812.25,11453.75,337.75,39.5,0.05847520355292376,time,1,L
2022-07-06 15:29:00-04:00,2022-07-06 15:29:00-04:00,2022-07-06 15:59:00-04:00,L,11956.0,11886.0,11825.5,130.5,-142.0,-0.5440613026819924,time,1,L
2022-07-07 15:29:00-04:00,2022-07-07 15:29:00-04:00,2022-07-07 15:59:00-04:00,L,12142.25,12136.0,11918.75,223.5,-14.5,-0.03243847874720358,time,1,L
2022-07-08 15:29:00-04:00,2022-07-08 15:29:00-04:00,2022-07-08 15:59:00-04:00,L,12157.0,12155.0,12017.0,140.0,-6.0,-0.02142857142857143,time,1,L
2022-07-11 15:29:00-04:00,2022-07-11 15:29:00-04:00,2022-07-11 15:59:00-04:00,S,11897.75,11891.0,12050.75,153.0,11.5,0.03758169934640523,time,1,S
2022-07-12 15:29:00-04:00,2022-07-12 15:29:00-04:00,2022-07-12 15:59:00-04:00,S,11750.5,11779.0,11943.5,193.0,-59.0,-0.15284974093264247,time,1,S
2022-07-13 15:29:00-04:00,2022-07-13 15:29:00-04:00,2022-07-13 15:59:00-04:00,L,11792.0,11755.5,11544.25,247.75,-75.0,-0.15136226034308778,time,1,L
2022-07-14 15:29:00-04:00,2022-07-14 15:29:00-04:00,2022-07-14 15:59:00-04:00,L,11825.5,11799.75,11642.25,183.25,-53.5,-0.14597544338335608,time,1,L
2022-07-15 15:29:00-04:00,2022-07-15 15:29:00-04:00,2022-07-15 15:59:00-04:00,L,11977.0,12007.75,11922.75,54.25,59.5,0.5483870967741935,time,1,L
2022-07-18 15:29:00-04:00,2022-07-18 15:29:00-04:00,2022-07-18 15:59:00-04:00,S,11918.75,11907.0,12124.75,206.0,21.5,0.05218446601941747,time,1,S
2022-07-19 15:29:00-04:00,2022-07-19 15:29:00-04:00,2022-07-19 15:59:00-04:00,L,12261.0,12268.5,12060.25,200.75,13.0,0.0323785803237858,time,1,L
2022-07-20 15:29:00-04:00,2022-07-20 15:29:00-04:00,2022-07-20 15:59:00-04:00,L,12497.25,12465.75,12288.5,208.75,-65.0,-0.15568862275449102,time,1,L
2022-07-21 15:29:00-04:00,2022-07-21 15:29:00-04:00,2022-07-21 15:59:00-04:00,L,12610.5,12645.0,12483.25,127.25,67.0,0.2632612966601179,time,1,L
2022-07-22 15:29:00-04:00,2022-07-22 15:29:00-04:00,2022-07-22 15:59:00-04:00,S,12426.5,12424.0,12607.25,180.75,3.0,0.008298755186721992,time,1,S
2022-07-25 15:29:00-04:00,2022-07-25 15:29:00-04:00,2022-07-25 15:59:00-04:00,S,12278.25,12355.5,12425.0,146.75,-156.5,-0.5332197614991482,time,1,S
2022-07-26 15:29:00-04:00,2022-07-26 15:29:00-04:00,2022-07-26 15:59:00-04:00,S,12098.5,12110.75,12278.75,180.25,-26.5,-0.07350901525658807,time,1,S
2022-07-27 15:29:00-04:00,2022-07-27 15:29:00-04:00,2022-07-27 15:59:00-04:00,L,12686.0,12615.25,12302.25,383.75,-143.5,-0.18697068403908795,time,1,L
2022-07-28 15:29:00-04:00,2022-07-28 15:29:00-04:00,2022-07-28 15:59:00-04:00,L,12748.5,12738.25,12606.5,142.0,-22.5,-0.07922535211267606,time,1,L
2022-07-29 15:29:00-04:00,2022-07-29 15:29:00-04:00,2022-07-29 15:59:00-04:00,L,12991.0,12971.5,12802.75,188.25,-41.0,-0.10889774236387782,time,1,L
2022-08-02 15:29:00-04:00,2022-08-02 15:29:00-04:00,2022-08-02 15:59:00-04:00,L,12960.5,12921.75,12864.0,96.5,-79.5,-0.4119170984455959,time,1,L
2022-08-03 15:29:00-04:00,2022-08-03 15:29:00-04:00,2022-08-03 15:59:00-04:00,L,13272.75,13271.5,12993.0,279.75,-4.5,-0.00804289544235925,time,1,L
2022-08-04 15:29:00-04:00,2022-08-04 15:29:00-04:00,2022-08-04 15:59:00-04:00,L,13332.75,13330.5,13274.5,58.25,-6.5,-0.055793991416309016,time,1,L
2022-08-08 15:29:00-04:00,2022-08-08 15:29:00-04:00,2022-08-08 15:59:00-04:00,S,13160.0,13181.75,13265.0,105.0,-45.5,-0.21666666666666667,time,1,S
2022-08-10 15:29:00-04:00,2022-08-10 15:29:00-04:00,2022-08-10 15:59:00-04:00,L,13378.75,13393.5,13340.25,38.5,27.5,0.35714285714285715,time,1,L
2022-08-11 15:29:00-04:00,2022-08-11 15:29:00-04:00,2022-08-11 15:59:00-04:00,S,13319.25,13317.5,13490.0,170.75,1.5,0.004392386530014641,time,1,S
2022-08-12 15:29:00-04:00,2022-08-12 15:29:00-04:00,2022-08-12 15:59:00-04:00,L,13562.25,13579.25,13402.5,159.75,32.0,0.10015649452269171,time,1,L
2022-08-15 15:29:00-04:00,2022-08-15 15:29:00-04:00,2022-08-15 15:59:00-04:00,L,13701.25,13685.0,13535.25,166.0,-34.5,-0.10391566265060241,time,1,L
2022-08-16 15:29:00-04:00,2022-08-16 15:29:00-04:00,2022-08-16 15:59:00-04:00,L,13644.5,13653.5,13641.75,2.75,16.0,2.909090909090909,time,1,L
2022-08-17 15:29:00-04:00,2022-08-17 15:29:00-04:00,2022-08-17 15:30:00-04:00,L,13520.75,13517.0,13517.25,3.5,-9.5,-1.3571428571428572,SL,1,L
2022-08-18 15:29:00-04:00,2022-08-18 15:29:00-04:00,2022-08-18 15:59:00-04:00,L,13563.75,13528.25,13491.0,72.75,-73.0,-0.5017182130584192,time,1,L
2022-08-19 15:29:00-04:00,2022-08-19 15:29:00-04:00,2022-08-19 15:59:00-04:00,S,13271.25,13263.5,13399.75,128.5,13.5,0.05252918287937743,time,1,S
2022-08-22 15:29:00-04:00,2022-08-22 15:29:00-04:00,2022-08-22 15:59:00-04:00,S,12905.5,12916.25,13080.5,175.0,-23.5,-0.06714285714285714,time,1,S
2022-08-24 15:29:00-04:00,2022-08-24 15:29:00-04:00,2022-08-24 15:59:00-04:00,L,12953.5,12933.75,12876.5,77.0,-41.5,-0.2694805194805195,time,1,L
2022-08-25 15:29:00-04:00,2022-08-25 15:29:00-04:00,2022-08-25 15:59:00-04:00,L,13087.75,13158.25,13007.5,80.25,139.0,0.8660436137071651,time,1,L
2022-08-26 15:29:00-04:00,2022-08-26 15:29:00-04:00,2022-08-26 15:59:00-04:00,S,12683.25,12619.5,13146.75,463.5,125.5,0.1353829557713053,time,1,S
2022-08-29 15:29:00-04:00,2022-08-29 15:29:00-04:00,2022-08-29 15:59:00-04:00,L,12553.25,12502.25,12502.5,50.75,-104.0,-1.0246305418719213,SL,1,L
2022-08-30 15:29:00-04:00,2022-08-30 15:29:00-04:00,2022-08-30 15:59:00-04:00,S,12351.75,12354.0,12563.5,211.75,-6.5,-0.015348288075560802,time,1,S
2022-08-31 15:29:00-04:00,2022-08-31 15:29:00-04:00,2022-08-31 15:59:00-04:00,S,12335.5,12282.0,12477.25,141.75,105.0,0.37037037037037035,time,1,S
2022-09-01 15:29:00-04:00,2022-09-01 15:29:00-04:00,2022-09-01 15:59:00-04:00,L,12195.25,12285.5,12172.75,22.5,178.5,3.966666666666667,time,1,L
2022-09-02 15:29:00-04:00,2022-09-02 15:29:00-04:00,2022-09-02 15:59:00-04:00,S,12110.25,12110.5,12405.25,295.0,-2.5,-0.00423728813559322,time,1,S
2022-09-06 15:29:00-04:00,2022-09-06 15:29:00-04:00,2022-09-06 15:59:00-04:00,S,12033.25,12021.75,12128.0,94.75,21.0,0.11081794195250659,time,1,S
2022-09-07 15:29:00-04:00,2022-09-07 15:29:00-04:00,2022-09-07 15:59:00-04:00,L,12303.25,12261.75,12039.25,264.0,-85.0,-0.16098484848484848,time,1,L
2022-09-08 15:29:00-04:00,2022-09-08 15:29:00-04:00,2022-09-08 15:59:00-04:00,L,12277.5,12326.0,12176.25,101.25,95.0,0.4691358024691358,time,1,L
2022-09-09 15:29:00-04:00,2022-09-09 15:29:00-04:00,2022-09-09 15:59:00-04:00,L,12594.25,12590.0,12416.75,177.5,-10.5,-0.029577464788732393,time,1,L
2022-09-12 15:29:00-04:00,2022-09-12 15:29:00-04:00,2022-09-12 15:59:00-04:00,L,12714.75,12742.5,12649.75,65.0,53.5,0.4115384615384615,time,1,L
2022-09-13 15:29:00-04:00,2022-09-13 15:29:00-04:00,2022-09-13 15:59:00-04:00,S,12074.75,12040.5,12375.25,300.5,66.5,0.11064891846921797,time,1,S
2022-09-15 15:29:00-04:00,2022-09-15 15:29:00-04:00,2022-09-15 15:59:00-04:00,S,11946.5,12004.5,12131.75,185.25,-118.0,-0.3184885290148448,time,1,S
2022-09-16 15:29:00-04:00,2022-09-16 15:29:00-04:00,2022-09-16 15:59:00-04:00,L,11897.25,11926.5,11865.5,31.75,56.5,0.889763779527559,time,1,L
2022-09-19 15:29:00-04:00,2022-09-19 15:29:00-04:00,2022-09-19 15:59:00-04:00,L,12010.25,12027.0,11819.25,191.0,31.5,0.0824607329842932,time,1,L
2022-09-20 15:29:00-04:00,2022-09-20 15:29:00-04:00,2022-09-20 15:30:00-04:00,L,11929.0,11916.25,11916.5,12.5,-27.5,-1.1,SL,1,L
2022-09-21 15:29:00-04:00,2022-09-21 15:29:00-04:00,2022-09-21 15:59:00-04:00,S,11852.0,11704.0,11963.0,111.0,294.0,1.3243243243243243,time,1,S
2022-09-23 15:29:00-04:00,2022-09-23 15:29:00-04:00,2022-09-23 15:59:00-04:00,S,11319.0,11374.25,11461.25,142.25,-112.5,-0.3954305799648506,time,1,S
2022-09-27 15:29:00-04:00,2022-09-27 15:29:00-04:00,2022-09-27 15:59:00-04:00,S,11310.75,11333.0,11470.5,159.75,-46.5,-0.14553990610328638,time,1,S
2022-09-28 15:29:00-04:00,2022-09-28 15:29:00-04:00,2022-09-28 15:59:00-04:00,L,11562.5,11553.75,11330.75,231.75,-19.5,-0.042071197411003236,time,1,L
2022-09-29 15:29:00-04:00,2022-09-29 15:29:00-04:00,2022-09-29 15:59:00-04:00,S,11158.75,11231.25,11386.5,227.75,-147.0,-0.3227222832052689,time,1,S
2022-09-30 15:29:00-04:00,2022-09-30 15:29:00-04:00,2022-09-30 15:59:00-04:00,S,11128.25,11029.0,11187.5,59.25,196.5,1.6582278481012658,time,1,S
2022-10-03 15:29:00-04:00,2022-10-03 15:29:00-04:00,2022-10-03 15:59:00-04:00,L,11344.5,11290.5,11104.75,239.75,-110.0,-0.22940563086548488,time,1,L
2022-10-04 15:29:00-04:00,2022-10-04 15:29:00-04:00,2022-10-04 15:59:00-04:00,L,11614.5,11643.5,11516.0,98.5,56.0,0.28426395939086296,time,1,L
2022-10-05 15:29:00-04:00,2022-10-05 15:29:00-04:00,2022-10-05 15:59:00-04:00,L,11670.75,11636.0,11486.0,184.75,-71.5,-0.19350473612990526,time,1,L
2022-10-06 15:29:00-04:00,2022-10-06 15:29:00-04:00,2022-10-06 15:59:00-04:00,S,11583.0,11542.75,11590.75,7.75,78.5,5.064516129032258,time,1,S
2022-10-07 15:29:00-04:00,2022-10-07 15:29:00-04:00,2022-10-07 15:59:00-04:00,S,11071.0,11099.25,11346.0,275.0,-58.5,-0.10636363636363637,time,1,S
2022-10-11 15:29:00-04:00,2022-10-11 15:29:00-04:00,2022-10-11 15:59:00-04:00,S,10813.75,10844.25,10920.0,106.25,-63.0,-0.2964705882352941,time,1,S
2022-10-12 15:29:00-04:00,2022-10-12 15:29:00-04:00,2022-10-12 15:30:00-04:00,S,10861.5,10866.25,10866.0,4.5,-11.5,-1.2777777777777777,SL,1,S
2022-10-13 15:29:00-04:00,2022-10-13 15:29:00-04:00,2022-10-13 15:59:00-04:00,L,11091.75,11081.5,10523.0,568.75,-22.5,-0.01978021978021978,time,1,L
2022-10-14 15:29:00-04:00,2022-10-14 15:29:00-04:00,2022-10-14 15:59:00-04:00,S,10788.0,10747.75,11180.5,392.5,78.5,0.1,time,1,S
2022-10-17 15:29:00-04:00,2022-10-17 15:29:00-04:00,2022-10-17 15:59:00-04:00,L,11120.75,11110.5,11000.75,120.0,-22.5,-0.09375,time,1,L
2022-10-18 15:29:00-04:00,2022-10-18 15:29:00-04:00,2022-10-18 15:59:00-04:00,S,11152.0,11203.25,11403.75,251.75,-104.5,-0.20754716981132076,time,1,S
2022-10-19 15:29:00-04:00,2022-10-19 15:29:00-04:00,2022-10-19 15:41:00-04:00,S,11116.25,11130.25,11130.0,13.75,-30.0,-1.0909090909090908,SL,1,S
2022-10-20 15:29:00-04:00,2022-10-20 15:29:00-04:00,2022-10-20 15:53:00-04:00,S,11082.0,11111.5,11111.25,29.25,-61.0,-1.0427350427350428,SL,1,S
2022-10-21 15:29:00-04:00,2022-10-21 15:29:00-04:00,2022-10-21 15:59:00-04:00,L,11362.25,11353.75,11043.75,318.5,-19.0,-0.029827315541601257,time,1,L
2022-10-24 15:29:00-04:00,2022-10-24 15:29:00-04:00,2022-10-24 15:59:00-04:00,L,11501.75,11479.75,11359.0,142.75,-46.0,-0.16112084063047286,time,1,L
2022-10-25 15:29:00-04:00,2022-10-25 15:29:00-04:00,2022-10-25 15:59:00-04:00,L,11712.75,11712.75,11515.5,197.25,-2.0,-0.005069708491761723,time,1,L
2022-10-26 15:29:00-04:00,2022-10-26 15:29:00-04:00,2022-10-26 15:32:00-04:00,S,11467.5,11475.0,11474.75,7.25,-17.0,-1.1724137931034482,SL,1,S
2022-10-27 15:29:00-04:00,2022-10-27 15:29:00-04:00,2022-10-27 15:59:00-04:00,S,11268.5,11241.5,11401.0,132.5,52.0,0.19622641509433963,time,1,S
2022-10-28 15:29:00-04:00,2022-10-28 15:29:00-04:00,2022-10-28 15:59:00-04:00,L,11585.0,11584.0,11212.5,372.5,-4.0,-0.005369127516778523,time,1,L
2022-11-01 15:29:00-04:00,2022-11-01 15:29:00-04:00,2022-11-01 15:59:00-04:00,S,11337.5,11331.0,11595.5,258.0,11.0,0.02131782945736434,time,1,S
2022-11-02 15:29:00-04:00,2022-11-02 15:29:00-04:00,2022-11-02 15:59:00-04:00,S,11020.5,10939.0,11330.25,309.75,161.0,0.2598870056497175,time,1,S
2022-11-03 15:29:00-04:00,2022-11-03 15:29:00-04:00,2022-11-03 15:59:00-04:00,S,10794.5,10724.75,10829.5,35.0,137.5,1.9642857142857142,time,1,S
2022-11-07 15:29:00-05:00,2022-11-07 15:29:00-05:00,2022-11-07 15:59:00-05:00,L,11025.0,11013.75,10938.75,86.25,-24.5,-0.14202898550724638,time,1,L
2022-11-08 15:29:00-05:00,2022-11-08 15:29:00-05:00,2022-11-08 15:59:00-05:00,L,11113.0,11093.5,11076.25,36.75,-41.0,-0.5578231292517006,time,1,L
2022-11-09 15:29:00-05:00,2022-11-09 15:29:00-05:00,2022-11-09 15:59:00-05:00,S,10873.0,10831.5,11018.25,145.25,81.0,0.27882960413080893,time,1,S
2022-11-10 15:29:00-05:00,2022-11-10 15:29:00-05:00,2022-11-10 15:59:00-05:00,L,11577.5,11628.0,11356.5,221.0,99.0,0.2239819004524887,time,1,L
2022-11-11 15:29:00-05:00,2022-11-11 15:29:00-05:00,2022-11-11 15:59:00-05:00,L,11836.5,11847.75,11624.25,212.25,20.5,0.048292108362779744,time,1,L
2022-11-14 15:29:00-05:00,2022-11-14 15:29:00-05:00,2022-11-14 15:54:00-05:00,L,11824.5,11759.75,11760.0,64.5,-131.5,-1.0193798449612403,SL,1,L
2022-11-16 15:29:00-05:00,2022-11-16 15:29:00-05:00,2022-11-16 15:59:00-05:00,S,11726.5,11740.5,11824.25,97.75,-30.0,-0.1534526854219949,time,1,S
2022-11-18 15:29:00-05:00,2022-11-18 15:29:00-05:00,2022-11-18 15:59:00-05:00,S,11708.5,11708.0,11837.75,129.25,-1.0,-0.0038684719535783366,time,1,S
2022-11-21 15:29:00-05:00,2022-11-21 15:29:00-05:00,2022-11-21 15:59:00-05:00,S,11585.75,11587.5,11649.5,63.75,-5.5,-0.043137254901960784,time,1,S
2022-11-22 15:29:00-05:00,2022-11-22 15:29:00-05:00,2022-11-22 15:59:00-05:00,L,11728.0,11751.5,11617.0,111.0,45.0,0.20270270270270271,time,1,L
2022-11-23 15:29:00-05:00,2022-11-23 15:29:00-05:00,2022-11-23 15:59:00-05:00,L,11871.75,11868.0,11749.5,122.25,-9.5,-0.03885480572597137,time,1,L
2022-11-28 15:29:00-05:00,2022-11-28 15:29:00-05:00,2022-11-28 15:59:00-05:00,S,11581.0,11611.25,11703.75,122.75,-62.5,-0.2545824847250509,time,1,S
2022-11-29 15:29:00-05:00,2022-11-29 15:29:00-05:00,2022-11-29 15:59:00-05:00,S,11514.0,11523.5,11622.5,108.5,-21.0,-0.0967741935483871,time,1,S
2022-11-30 15:29:00-05:00,2022-11-30 15:29:00-05:00,2022-11-30 15:59:00-05:00,L,11973.0,12051.75,11534.25,438.75,155.5,0.1772079772079772,time,1,L
2022-12-01 15:29:00-05:00,2022-12-01 15:29:00-05:00,2022-12-01 15:59:00-05:00,L,12062.0,12059.5,12056.5,5.5,-7.0,-0.6363636363636364,time,1,L
2022-12-02 15:29:00-05:00,2022-12-02 15:29:00-05:00,2022-12-02 15:59:00-05:00,L,12012.25,12012.75,11845.5,166.75,-1.0,-0.0029985007496251873,time,1,L
2022-12-05 15:29:00-05:00,2022-12-05 15:29:00-05:00,2022-12-05 15:59:00-05:00,S,11759.0,11802.5,11921.0,162.0,-89.0,-0.27469135802469136,time,1,S
2022-12-06 15:29:00-05:00,2022-12-06 15:29:00-05:00,2022-12-06 15:59:00-05:00,S,11510.5,11562.75,11799.25,288.75,-106.5,-0.18441558441558442,time,1,S
2022-12-07 15:29:00-05:00,2022-12-07 15:29:00-05:00,2022-12-07 15:33:00-05:00,S,11494.5,11509.75,11509.5,15.0,-32.5,-1.0833333333333333,SL,1,S
2022-12-08 15:29:00-05:00,2022-12-08 15:29:00-05:00,2022-12-08 15:59:00-05:00,L,11657.5,11645.5,11565.25,92.25,-26.0,-0.14092140921409213,time,1,L
2022-12-09 15:29:00-05:00,2022-12-09 15:29:00-05:00,2022-12-09 15:44:00-05:00,L,11643.25,11601.0,11601.25,42.0,-86.5,-1.0297619047619047,SL,1,L
2022-12-12 15:29:00-05:00,2022-12-12 15:29:00-05:00,2022-12-12 15:59:00-05:00,L,11681.0,11714.5,11576.75,104.25,65.0,0.3117505995203837,time,1,L
2022-12-13 15:29:00-05:00,2022-12-13 15:29:00-05:00,2022-12-13 15:59:00-05:00,S,11830.25,11840.5,12169.25,339.0,-22.5,-0.033185840707964605,time,1,S
2022-12-15 15:29:00-05:00,2022-12-15 15:29:00-05:00,2022-12-15 15:59:00-05:00,S,11489.5,11460.75,11686.0,196.5,55.5,0.14122137404580154,time,1,S
2022-12-16 15:29:00-05:00,2022-12-16 15:29:00-05:00,2022-12-16 15:59:00-05:00,S,11365.5,11342.25,11429.25,63.75,44.5,0.34901960784313724,time,1,S
2022-12-19 15:29:00-05:00,2022-12-19 15:29:00-05:00,2022-12-19 15:59:00-05:00,S,11150.25,11188.25,11354.5,204.25,-78.0,-0.1909424724602203,time,1,S
2022-12-20 15:29:00-05:00,2022-12-20 15:29:00-05:00,2022-12-20 15:59:00-05:00,L,11191.75,11175.25,11133.25,58.5,-35.0,-0.29914529914529914,time,1,L
2022-12-21 15:29:00-05:00,2022-12-21 15:29:00-05:00,2022-12-21 15:59:00-05:00,L,11324.75,11336.0,11217.0,107.75,20.5,0.0951276102088167,time,1,L
2022-12-23 15:29:00-05:00,2022-12-23 15:29:00-05:00,2022-12-23 15:59:00-05:00,L,11053.75,11079.25,10997.0,56.75,49.0,0.43171806167400884,time,1,L
2022-12-27 15:29:00-05:00,2022-12-27 15:29:00-05:00,2022-12-27 15:59:00-05:00,S,10940.0,10919.0,11052.25,112.25,40.0,0.17817371937639198,time,1,S
2022-12-28 15:29:00-05:00,2022-12-28 15:29:00-05:00,2022-12-28 15:59:00-05:00,S,10773.0,10771.0,10900.75,127.75,2.0,0.007827788649706457,time,1,S
2022-12-29 15:29:00-05:00,2022-12-29 15:29:00-05:00,2022-12-29 15:59:00-05:00,L,11047.75,11032.0,10885.5,162.25,-33.5,-0.10323574730354391,time,1,L
2022-12-30 15:29:00-05:00,2022-12-30 15:29:00-05:00,2022-12-30 15:59:00-05:00,L,10943.0,11022.75,10911.25,31.75,157.5,2.4803149606299213,time,1,L
