sig_time,entry_time,exit_time,side,entry,exit,stop,risk_pts,pnl,R,reason,parts,tag
2019-06-21 09:30:00-04:00,2019-06-21 10:44:00-04:00,2019-06-21 15:59:00-04:00,L,7780.75,7755.5,7732.5,48.25,-52.5,-0.5440414507772021,time,1,L
2019-06-25 09:30:00-04:00,2019-06-25 09:32:00-04:00,2019-06-25 09:37:00-04:00,S,7740.5,7727.25,7754.5,14.0,24.5,0.875,TP,1,S
2019-06-26 09:30:00-04:00,2019-06-26 09:39:00-04:00,2019-06-26 15:59:00-04:00,L,7713.75,7655.25,7641.75,72.0,-119.0,-0.8263888888888888,time,1,L
2019-06-28 09:30:00-04:00,2019-06-28 09:36:00-04:00,2019-06-28 09:51:00-04:00,S,7689.0,7670.0,7708.75,19.75,36.0,0.9113924050632911,TP,1,S
2019-07-01 09:30:00-04:00,2019-07-01 09:46:00-04:00,2019-07-01 10:34:00-04:00,S,7823.75,7801.25,7847.0,23.25,43.0,0.9247311827956989,TP,1,S
2019-07-03 09:30:00-04:00,2019-07-03 10:30:00-04:00,2019-07-03 13:00:00-04:00,L,7860.25,7888.25,7831.5,28.75,54.0,0.9391304347826087,TP,1,L
2019-07-05 09:30:00-04:00,2019-07-05 09:31:00-04:00,2019-07-05 09:31:00-04:00,L,7836.75,7839.75,7826.5,10.25,4.0,0.1951219512195122,TP,1,L
2019-07-08 09:30:00-04:00,2019-07-08 09:37:00-04:00,2019-07-08 15:59:00-04:00,S,7792.25,7811.0,7834.25,42.0,-39.5,-0.47023809523809523,time,1,S
2019-07-09 09:30:00-04:00,2019-07-09 09:32:00-04:00,2019-07-09 10:00:00-04:00,L,7783.75,7803.25,7763.25,20.5,37.0,0.9024390243902439,TP,1,L
2019-07-10 09:30:00-04:00,2019-07-10 09:35:00-04:00,2019-07-10 15:59:00-04:00,L,7922.75,7927.5,7876.0,46.75,7.5,0.08021390374331551,time,1,L
2019-07-11 09:30:00-04:00,2019-07-11 13:34:00-04:00,2019-07-11 15:59:00-04:00,S,7919.0,7919.75,7953.25,34.25,-3.5,-0.051094890510948905,time,1,S
2019-07-12 09:30:00-04:00,2019-07-12 09:46:00-04:00,2019-07-12 15:59:00-04:00,L,7946.5,7965.25,7914.5,32.0,35.5,0.5546875,time,1,L
2019-07-15 09:30:00-04:00,2019-07-15 09:37:00-04:00,2019-07-15 15:59:00-04:00,S,7969.25,7988.25,7992.75,23.5,-40.0,-0.851063829787234,time,1,S
2019-07-16 09:30:00-04:00,2019-07-16 09:49:00-04:00,2019-07-16 10:18:00-04:00,L,7987.5,7971.5,7971.75,15.75,-34.0,-1.0793650793650793,SL,1,L
2019-07-17 09:30:00-04:00,2019-07-17 10:44:00-04:00,2019-07-17 15:59:00-04:00,S,7930.5,7909.25,7962.5,32.0,40.5,0.6328125,time,1,S
2019-07-18 09:30:00-04:00,2019-07-18 09:35:00-04:00,2019-07-18 11:22:00-04:00,L,7887.25,7859.75,7860.0,27.25,-57.0,-1.0458715596330275,SL,1,L
2019-07-19 09:30:00-04:00,2019-07-19 09:45:00-04:00,2019-07-19 11:40:00-04:00,S,7948.0,7905.0,7991.75,43.75,84.0,0.96,TP,1,S
2019-07-22 09:30:00-04:00,2019-07-22 09:56:00-04:00,2019-07-22 15:59:00-04:00,L,7915.75,7921.0,7852.5,63.25,8.5,0.06719367588932806,time,1,L
2019-07-23 09:30:00-04:00,2019-07-23 09:38:00-04:00,2019-07-23 12:03:00-04:00,S,7943.25,7913.25,7974.0,30.75,58.0,0.943089430894309,TP,1,S
2019-07-24 09:30:00-04:00,2019-07-24 09:37:00-04:00,2019-07-24 10:37:00-04:00,L,7959.0,7989.75,7927.5,31.5,59.5,0.9444444444444444,TP,1,L
2019-07-25 09:30:00-04:00,2019-07-25 09:39:00-04:00,2019-07-25 15:59:00-04:00,S,7971.0,7946.75,8015.5,44.5,46.5,0.5224719101123596,time,1,S
2019-07-26 09:30:00-04:00,2019-07-26 09:34:00-04:00,2019-07-26 15:59:00-04:00,L,8018.25,8028.0,7984.5,33.75,17.5,0.25925925925925924,time,1,L
2019-07-29 09:30:00-04:00,2019-07-29 09:32:00-04:00,2019-07-29 09:43:00-04:00,S,8010.25,7987.75,8033.5,23.25,43.0,0.9247311827956989,TP,1,S
2019-07-30 09:30:00-04:00,2019-07-30 09:36:00-04:00,2019-07-30 15:59:00-04:00,L,7962.25,7966.5,7925.5,36.75,6.5,0.08843537414965986,time,1,L
2019-07-31 09:30:00-04:00,2019-07-31 09:32:00-04:00,2019-07-31 14:38:00-04:00,S,7967.75,7936.0,8000.25,32.5,61.5,0.9461538461538461,TP,1,S
2019-08-01 09:30:00-04:00,2019-08-01 09:50:00-04:00,2019-08-01 13:54:00-04:00,L,7934.75,7828.75,7829.0,105.75,-214.0,-1.011820330969267,SL,1,L
2019-08-02 09:30:00-04:00,2019-08-02 10:31:00-04:00,2019-08-02 15:59:00-04:00,S,7687.0,7701.5,7806.0,119.0,-31.0,-0.13025210084033614,time,1,S
2019-08-05 09:30:00-04:00,2019-08-05 09:42:00-04:00,2019-08-05 12:43:00-04:00,S,7504.25,7446.75,7562.5,58.25,113.0,0.9699570815450643,TP,1,S
2019-08-06 09:30:00-04:00,2019-08-06 14:32:00-04:00,2019-08-06 15:59:00-04:00,L,7545.25,7527.0,7455.0,90.25,-38.5,-0.21329639889196675,time,1,L
2019-08-07 09:30:00-04:00,2019-08-07 09:45:00-04:00,2019-08-07 10:11:00-04:00,S,7412.75,7469.0,7468.75,56.0,-114.5,-1.0223214285714286,SL,1,S
2019-08-08 09:30:00-04:00,2019-08-08 10:53:00-04:00,2019-08-08 15:59:00-04:00,L,7658.75,7732.0,7563.75,95.0,144.5,0.7605263157894737,time,1,L
2019-08-09 09:30:00-04:00,2019-08-09 10:23:00-04:00,2019-08-09 15:59:00-04:00,S,7645.25,7656.5,7723.25,78.0,-24.5,-0.15705128205128205,time,1,S
2019-08-12 09:30:00-04:00,2019-08-12 14:22:00-04:00,2019-08-12 15:59:00-04:00,S,7573.5,7570.5,7635.5,62.0,4.0,0.03225806451612903,time,1,S
2019-08-13 09:30:00-04:00,2019-08-13 09:36:00-04:00,2019-08-13 09:45:00-04:00,L,7596.75,7645.75,7547.0,49.75,96.0,0.964824120603015,TP,1,L
2019-08-14 09:30:00-04:00,2019-08-14 11:15:00-04:00,2019-08-14 15:59:00-04:00,S,7537.25,7500.75,7654.5,117.25,71.0,0.302771855010661,time,1,S
2019-08-15 09:30:00-04:00,2019-08-15 09:40:00-04:00,2019-08-15 15:59:00-04:00,S,7472.0,7494.0,7544.75,72.75,-46.0,-0.3161512027491409,time,1,S
2019-08-16 09:30:00-04:00,2019-08-16 10:20:00-04:00,2019-08-16 15:59:00-04:00,L,7587.0,7612.25,7536.75,50.25,48.5,0.48258706467661694,time,1,L
2019-08-19 09:30:00-04:00,2019-08-19 09:37:00-04:00,2019-08-19 10:10:00-04:00,L,7740.25,7701.5,7701.75,38.5,-79.5,-1.0324675324675325,SL,1,L
2019-08-20 09:30:00-04:00,2019-08-20 09:33:00-04:00,2019-08-20 10:59:00-04:00,S,7699.0,7727.25,7727.0,28.0,-58.5,-1.0446428571428572,SL,1,S
2019-08-21 09:30:00-04:00,2019-08-21 09:42:00-04:00,2019-08-21 14:00:00-04:00,L,7763.5,7728.25,7728.5,35.0,-72.5,-1.0357142857142858,SL,1,L
2019-08-22 09:30:00-04:00,2019-08-22 09:43:00-04:00,2019-08-22 10:08:00-04:00,L,7772.0,7741.25,7741.5,30.5,-63.5,-1.040983606557377,SL,1,L
2019-08-23 09:30:00-04:00,2019-08-23 10:34:00-04:00,2019-08-23 11:02:00-04:00,L,7699.5,7639.0,7639.25,60.25,-123.0,-1.020746887966805,SL,1,L
2019-08-27 09:30:00-04:00,2019-08-27 10:23:00-04:00,2019-08-27 11:16:00-04:00,S,7611.5,7575.5,7648.25,36.75,70.0,0.9523809523809523,TP,1,S
2019-08-28 09:30:00-04:00,2019-08-28 09:39:00-04:00,2019-08-28 10:08:00-04:00,S,7507.5,7564.0,7563.75,56.25,-115.0,-1.0222222222222221,SL,1,S
2019-08-29 09:30:00-04:00,2019-08-29 09:33:00-04:00,2019-08-29 10:37:00-04:00,L,7717.0,7665.5,7665.75,51.25,-105.0,-1.024390243902439,SL,1,L
2019-08-30 09:30:00-04:00,2019-08-30 09:56:00-04:00,2019-08-30 11:01:00-04:00,S,7725.75,7687.25,7765.25,39.5,75.0,0.9493670886075949,TP,1,S
2019-09-02 09:30:00-04:00,2019-09-02 11:49:00-04:00,2019-09-02 12:49:00-04:00,S,7630.25,7626.75,7682.75,52.5,5.0,0.047619047619047616,time,1,S
2019-09-03 09:30:00-04:00,2019-09-03 09:36:00-04:00,2019-09-03 10:04:00-04:00,L,7666.0,7620.25,7620.5,45.5,-93.5,-1.0274725274725274,SL,1,L
2019-09-04 09:30:00-04:00,2019-09-04 12:49:00-04:00,2019-09-04 15:59:00-04:00,L,7712.25,7723.5,7667.25,45.0,20.5,0.22777777777777777,time,1,L
2019-09-05 09:30:00-04:00,2019-09-05 09:37:00-04:00,2019-09-05 10:02:00-04:00,L,7827.25,7859.25,7794.25,33.0,62.0,0.9393939393939394,TP,1,L
2019-09-06 09:30:00-04:00,2019-09-06 09:35:00-04:00,2019-09-06 15:59:00-04:00,S,7849.0,7856.5,7890.5,41.5,-17.0,-0.20481927710843373,time,1,S
2019-09-09 09:30:00-04:00,2019-09-09 09:35:00-04:00,2019-09-09 10:21:00-04:00,S,7866.75,7846.75,7887.75,21.0,38.0,0.9047619047619048,TP,1,S
2019-09-10 09:30:00-04:00,2019-09-10 09:37:00-04:00,2019-09-10 15:59:00-04:00,S,7770.75,7813.75,7813.5,42.75,-88.0,-1.0292397660818713,SL,1,S
2019-09-11 09:30:00-04:00,2019-09-11 09:48:00-04:00,2019-09-11 12:05:00-04:00,L,7851.25,7888.25,7813.5,37.75,72.0,0.9536423841059603,TP,1,L
2019-09-12 09:30:00-04:00,2019-09-12 09:51:00-04:00,2019-09-12 10:10:00-04:00,S,7911.5,7953.75,7953.5,42.0,-86.5,-1.0297619047619047,SL,1,S
2019-09-13 09:30:00-04:00,2019-09-13 09:39:00-04:00,2019-09-13 11:06:00-04:00,S,7887.0,7923.75,7923.5,36.5,-75.5,-1.0342465753424657,SL,1,S
2019-09-17 09:30:00-04:00,2019-09-17 09:36:00-04:00,2019-09-17 09:41:00-04:00,S,7864.75,7889.0,7888.75,24.0,-50.5,-1.0520833333333333,SL,1,S
2019-09-18 09:30:00-04:00,2019-09-18 09:45:00-04:00,2019-09-18 14:00:00-04:00,S,7884.25,7857.25,7912.25,28.0,52.0,0.9285714285714286,TP,1,S
2019-09-19 09:30:00-04:00,2019-09-19 09:36:00-04:00,2019-09-19 15:59:00-04:00,L,7956.0,7923.0,7904.25,51.75,-68.0,-0.6570048309178744,time,1,L
2019-09-20 09:30:00-04:00,2019-09-20 10:53:00-04:00,2019-09-20 12:36:00-04:00,S,7914.5,7882.0,7947.75,33.25,63.0,0.9473684210526315,TP,1,S
2019-09-24 09:30:00-04:00,2019-09-24 10:15:00-04:00,2019-09-24 11:04:00-04:00,S,7859.5,7831.25,7888.5,29.0,54.5,0.9396551724137931,TP,1,S
2019-09-25 09:30:00-04:00,2019-09-25 10:01:00-04:00,2019-09-25 11:15:00-04:00,S,7669.5,7766.25,7766.0,96.5,-195.5,-1.0129533678756477,SL,1,S
2019-09-26 09:30:00-04:00,2019-09-26 10:15:00-04:00,2019-09-26 15:59:00-04:00,S,7759.25,7792.75,7849.75,90.5,-69.0,-0.3812154696132597,time,1,S
2019-09-27 09:30:00-04:00,2019-09-27 09:47:00-04:00,2019-09-27 11:37:00-04:00,S,7780.0,7738.75,7822.0,42.0,80.5,0.9583333333333334,TP,1,S
2019-09-30 09:30:00-04:00,2019-09-30 12:30:00-04:00,2019-09-30 15:59:00-04:00,L,7775.0,7767.5,7688.75,86.25,-17.0,-0.09855072463768116,time,1,L
2019-10-01 09:30:00-04:00,2019-10-01 09:34:00-04:00,2019-10-01 10:05:00-04:00,L,7819.5,7783.25,7783.5,36.0,-74.5,-1.0347222222222223,SL,1,L
2019-10-02 09:30:00-04:00,2019-10-02 09:39:00-04:00,2019-10-02 12:46:00-04:00,S,7606.5,7531.75,7682.0,75.5,147.5,0.9768211920529801,TP,1,S
2019-10-03 09:30:00-04:00,2019-10-03 10:00:00-04:00,2019-10-03 11:07:00-04:00,S,7529.0,7593.0,7592.75,63.75,-130.0,-1.0196078431372548,SL,1,S
2019-10-04 09:30:00-04:00,2019-10-04 11:50:00-04:00,2019-10-04 15:59:00-04:00,L,7742.5,7765.25,7652.25,90.25,43.5,0.2409972299168975,time,1,L
2019-10-07 09:30:00-04:00,2019-10-07 10:55:00-04:00,2019-10-07 15:59:00-04:00,L,7766.0,7736.25,7720.0,46.0,-61.5,-0.6684782608695652,time,1,L
2019-10-08 09:30:00-04:00,2019-10-08 09:39:00-04:00,2019-10-08 14:36:00-04:00,S,7662.5,7700.75,7700.5,38.0,-78.5,-1.0328947368421053,SL,1,S
2019-10-09 09:30:00-04:00,2019-10-09 13:00:00-04:00,2019-10-09 15:59:00-04:00,L,7717.25,7701.0,7663.0,54.25,-34.5,-0.31797235023041476,time,1,L
2019-10-10 09:30:00-04:00,2019-10-10 09:48:00-04:00,2019-10-10 09:55:00-04:00,L,7718.0,7752.5,7682.75,35.25,67.0,0.950354609929078,TP,1,L
2019-10-11 09:30:00-04:00,2019-10-11 09:45:00-04:00,2019-10-11 15:59:00-04:00,L,7872.0,7851.75,7824.0,48.0,-42.5,-0.4427083333333333,time,1,L
2019-10-14 09:30:00-04:00,2019-10-14 10:08:00-04:00,2019-10-14 15:59:00-04:00,L,7868.0,7853.75,7827.25,40.75,-30.5,-0.37423312883435583,time,1,L
2019-10-15 09:30:00-04:00,2019-10-15 09:33:00-04:00,2019-10-15 10:11:00-04:00,L,7888.75,7909.75,7867.0,21.75,40.0,0.9195402298850575,TP,1,L
2019-10-17 09:30:00-04:00,2019-10-17 10:27:00-04:00,2019-10-17 10:49:00-04:00,S,7965.5,7943.5,7988.25,22.75,42.0,0.9230769230769231,TP,1,S
2019-10-18 09:30:00-04:00,2019-10-18 10:31:00-04:00,2019-10-18 11:50:00-04:00,S,7921.5,7887.25,7956.5,35.0,66.5,0.95,TP,1,S
2019-10-22 09:30:00-04:00,2019-10-22 11:00:00-04:00,2019-10-22 11:57:00-04:00,S,7955.25,7926.75,7984.5,29.25,55.0,0.9401709401709402,TP,1,S
2019-10-23 09:30:00-04:00,2019-10-23 11:16:00-04:00,2019-10-23 15:59:00-04:00,L,7897.25,7896.25,7843.0,54.25,-4.0,-0.03686635944700461,time,1,L
2019-10-24 09:30:00-04:00,2019-10-24 09:53:00-04:00,2019-10-24 10:04:00-04:00,S,7939.75,7917.25,7963.0,23.25,43.0,0.9247311827956989,TP,1,S
2019-10-25 09:30:00-04:00,2019-10-25 09:32:00-04:00,2019-10-25 10:11:00-04:00,L,7948.5,7978.25,7917.75,30.75,57.5,0.9349593495934959,TP,1,L
2019-10-28 09:30:00-04:00,2019-10-28 10:23:00-04:00,2019-10-28 15:59:00-04:00,L,8108.25,8116.25,8051.75,56.5,14.0,0.12389380530973451,time,1,L
2019-10-29 09:30:00-04:00,2019-10-29 09:48:00-04:00,2019-10-29 11:59:00-04:00,S,8085.75,8060.0,8112.25,26.5,49.5,0.9339622641509434,TP,1,S
2019-10-30 09:30:00-04:00,2019-10-30 09:35:00-04:00,2019-10-30 14:52:00-04:00,S,8049.0,8080.75,8080.5,31.5,-65.5,-1.0396825396825398,SL,1,S
2019-10-31 09:30:00-04:00,2019-10-31 09:45:00-04:00,2019-10-31 15:59:00-04:00,S,8087.25,8091.0,8129.75,42.5,-9.5,-0.11176470588235295,time,1,S
2019-11-01 09:30:00-04:00,2019-11-01 10:02:00-04:00,2019-11-01 15:59:00-04:00,L,8149.5,8165.0,8113.0,36.5,29.0,0.3972602739726027,time,1,L
2019-11-04 09:30:00-05:00,2019-11-04 10:55:00-05:00,2019-11-04 15:59:00-05:00,S,8203.75,8214.0,8229.5,25.75,-22.5,-0.4368932038834951,time,1,S
2019-11-05 09:30:00-05:00,2019-11-05 09:36:00-05:00,2019-11-05 10:01:00-05:00,S,8213.75,8230.5,8230.25,16.5,-35.5,-1.0757575757575757,SL,1,S
2019-11-06 09:30:00-05:00,2019-11-06 09:32:00-05:00,2019-11-06 11:44:00-05:00,S,8197.25,8176.75,8218.5,21.25,39.0,0.9176470588235294,TP,1,S
2019-11-07 09:30:00-05:00,2019-11-07 09:41:00-05:00,2019-11-07 11:59:00-05:00,L,8256.75,8281.25,8231.5,25.25,47.0,0.9306930693069307,TP,1,L
2019-11-08 09:30:00-05:00,2019-11-08 10:44:00-05:00,2019-11-08 15:59:00-05:00,L,8235.0,8261.75,8195.5,39.5,51.5,0.6518987341772152,time,1,L
2019-11-11 09:30:00-05:00,2019-11-11 10:45:00-05:00,2019-11-11 15:59:00-05:00,L,8241.0,8248.5,8204.75,36.25,13.0,0.1793103448275862,time,1,L
2019-11-12 09:30:00-05:00,2019-11-12 09:41:00-05:00,2019-11-12 10:40:00-05:00,L,8269.25,8291.5,8246.25,23.0,42.5,0.9239130434782609,TP,1,L
2019-11-13 09:30:00-05:00,2019-11-13 09:36:00-05:00,2019-11-13 15:59:00-05:00,L,8261.0,8265.25,8232.0,29.0,6.5,0.11206896551724138,time,1,L
2019-11-14 09:30:00-05:00,2019-11-14 09:37:00-05:00,2019-11-14 10:58:00-05:00,L,8256.0,8233.25,8233.5,22.5,-47.5,-1.0555555555555556,SL,1,L
2019-11-15 09:30:00-05:00,2019-11-15 09:35:00-05:00,2019-11-15 15:59:00-05:00,S,8297.25,8319.0,8325.25,28.0,-45.5,-0.8125,time,1,S
2019-11-18 09:30:00-05:00,2019-11-18 09:33:00-05:00,2019-11-18 09:40:00-05:00,S,8303.25,8287.25,8320.25,17.0,30.0,0.8823529411764706,TP,1,S
2019-11-19 09:30:00-05:00,2019-11-19 09:51:00-05:00,2019-11-19 15:59:00-05:00,S,8343.75,8344.25,8377.25,33.5,-3.0,-0.04477611940298507,time,1,S
2019-11-20 09:30:00-05:00,2019-11-20 10:34:00-05:00,2019-11-20 12:52:00-05:00,L,8339.5,8313.0,8313.25,26.25,-55.0,-1.0476190476190477,SL,1,L
2019-11-21 09:30:00-05:00,2019-11-21 12:01:00-05:00,2019-11-21 15:59:00-05:00,S,8247.5,8272.75,8306.5,59.0,-52.5,-0.4449152542372881,time,1,S
2019-11-22 09:30:00-05:00,2019-11-22 09:32:00-05:00,2019-11-22 10:30:00-05:00,S,8279.5,8258.75,8301.0,21.5,39.5,0.9186046511627907,TP,1,S
2019-11-25 09:30:00-05:00,2019-11-25 09:32:00-05:00,2019-11-25 10:30:00-05:00,L,8332.0,8364.25,8299.0,33.0,62.5,0.946969696969697,TP,1,L
2019-11-26 09:30:00-05:00,2019-11-26 12:29:00-05:00,2019-11-26 15:59:00-05:00,L,8400.0,8391.75,8366.75,33.25,-18.5,-0.2781954887218045,time,1,L
2019-11-27 09:30:00-05:00,2019-11-27 10:25:00-05:00,2019-11-27 12:05:00-05:00,L,8422.75,8439.25,8405.5,17.25,31.0,0.8985507246376812,TP,1,L
2019-11-29 09:30:00-05:00,2019-11-29 09:32:00-05:00,2019-11-29 09:39:00-05:00,S,8425.0,8431.5,8431.25,6.25,-15.0,-1.2,SL,1,S
2019-12-02 09:30:00-05:00,2019-12-02 09:31:00-05:00,2019-12-02 09:38:00-05:00,S,8400.0,8383.25,8417.5,17.5,31.5,0.9,TP,1,S
2019-12-03 09:30:00-05:00,2019-12-03 09:50:00-05:00,2019-12-03 15:20:00-05:00,S,8171.0,8240.25,8240.0,69.0,-140.5,-1.0181159420289856,SL,1,S
2019-12-05 09:30:00-05:00,2019-12-05 09:31:00-05:00,2019-12-05 09:59:00-05:00,S,8312.0,8301.75,8333.5,21.5,18.5,0.43023255813953487,TP,1,S
2019-12-06 09:30:00-05:00,2019-12-06 09:45:00-05:00,2019-12-06 15:59:00-05:00,L,8387.0,8399.5,8359.75,27.25,23.0,0.42201834862385323,time,1,L
2019-12-09 09:30:00-05:00,2019-12-09 09:35:00-05:00,2019-12-09 09:41:00-05:00,L,8400.75,8421.0,8379.75,21.0,38.5,0.9166666666666666,TP,1,L
2019-12-10 09:30:00-05:00,2019-12-10 09:38:00-05:00,2019-12-10 10:21:00-05:00,S,8348.75,8381.75,8381.5,32.75,-68.0,-1.0381679389312977,SL,1,S
2019-12-11 09:30:00-05:00,2019-12-11 10:02:00-05:00,2019-12-11 15:59:00-05:00,L,8394.75,8404.25,8364.75,30.0,17.0,0.2833333333333333,time,1,L
2019-12-12 09:30:00-05:00,2019-12-12 09:35:00-05:00,2019-12-12 09:38:00-05:00,L,8407.0,8430.25,8382.75,24.25,44.5,0.9175257731958762,TP,1,L
2019-12-13 09:30:00-05:00,2019-12-13 10:01:00-05:00,2019-12-13 15:59:00-05:00,L,8491.0,8492.0,8432.75,58.25,0.0,0.0,time,1,L
2019-12-17 09:30:00-05:00,2019-12-17 09:44:00-05:00,2019-12-17 15:59:00-05:00,S,8601.75,8605.75,8625.25,23.5,-10.0,-0.2127659574468085,time,1,S
2019-12-18 09:30:00-05:00,2019-12-18 09:44:00-05:00,2019-12-18 09:58:00-05:00,L,8627.25,8612.0,8612.25,15.0,-32.5,-1.0833333333333333,SL,1,L
2019-12-19 09:30:00-05:00,2019-12-19 09:31:00-05:00,2019-12-19 11:20:00-05:00,L,8629.5,8645.75,8612.5,17.0,30.5,0.8970588235294118,TP,1,L
2019-12-20 09:30:00-05:00,2019-12-20 09:41:00-05:00,2019-12-20 13:23:00-05:00,S,8689.5,8717.5,8717.25,27.75,-58.0,-1.045045045045045,SL,1,S
2019-12-23 09:30:00-05:00,2019-12-23 09:31:00-05:00,2019-12-23 15:59:00-05:00,S,8723.25,8722.0,8739.25,16.0,0.5,0.015625,time,1,S
2019-12-24 09:30:00-05:00,2019-12-24 09:34:00-05:00,2019-12-24 09:46:00-05:00,S,8723.0,8712.25,8734.5,11.5,19.5,0.8478260869565217,TP,1,S
2019-12-26 09:30:00-05:00,2019-12-26 09:39:00-05:00,2019-12-26 10:01:00-05:00,L,8748.75,8761.75,8734.75,14.0,24.0,0.8571428571428571,TP,1,L
2019-12-27 09:30:00-05:00,2019-12-27 09:49:00-05:00,2019-12-27 09:59:00-05:00,S,8812.75,8781.75,8844.5,31.75,60.0,0.9448818897637795,TP,1,S
2019-12-30 09:30:00-05:00,2019-12-30 09:34:00-05:00,2019-12-30 09:39:00-05:00,S,8768.0,8737.25,8799.75,31.75,59.5,0.937007874015748,TP,1,S
2019-12-31 09:30:00-05:00,2019-12-31 09:36:00-05:00,2019-12-31 15:59:00-05:00,L,8739.75,8747.75,8688.75,51.0,14.0,0.13725490196078433,time,1,L
2020-01-02 09:30:00-05:00,2020-01-02 09:35:00-05:00,2020-01-02 10:15:00-05:00,L,8840.5,8808.25,8808.5,32.0,-66.5,-1.0390625,SL,1,L
2020-01-03 09:30:00-05:00,2020-01-03 09:31:00-05:00,2020-01-03 12:01:00-05:00,L,8798.5,8841.5,8754.75,43.75,84.0,0.96,TP,1,L
2020-01-06 09:30:00-05:00,2020-01-06 09:36:00-05:00,2020-01-06 10:19:00-05:00,L,8766.5,8811.25,8720.75,45.75,87.5,0.9562841530054644,TP,1,L
2020-01-08 09:30:00-05:00,2020-01-08 09:33:00-05:00,2020-01-08 11:29:00-05:00,L,8877.5,8904.0,8850.25,27.25,51.0,0.9357798165137615,TP,1,L
2020-01-09 09:30:00-05:00,2020-01-09 12:34:00-05:00,2020-01-09 15:59:00-05:00,S,8964.25,9006.5,9026.75,62.5,-86.5,-0.692,time,1,S
2020-01-10 09:30:00-05:00,2020-01-10 09:34:00-05:00,2020-01-10 15:21:00-05:00,S,9017.0,8982.5,9052.25,35.25,67.0,0.950354609929078,TP,1,S
2020-01-13 09:30:00-05:00,2020-01-13 11:16:00-05:00,2020-01-13 15:50:00-05:00,L,9040.5,9078.0,9002.25,38.25,73.0,0.954248366013072,TP,1,L
2020-01-14 09:30:00-05:00,2020-01-14 09:51:00-05:00,2020-01-14 13:31:00-05:00,S,9051.25,9093.25,9093.0,41.75,-86.0,-1.029940119760479,SL,1,S
2020-01-15 09:30:00-05:00,2020-01-15 09:33:00-05:00,2020-01-15 15:23:00-05:00,L,9072.25,9041.75,9042.0,30.25,-63.0,-1.0413223140495869,SL,1,L
2020-01-16 09:30:00-05:00,2020-01-16 09:45:00-05:00,2020-01-16 11:16:00-05:00,L,9118.0,9081.0,9081.25,36.75,-76.0,-1.034013605442177,SL,1,L
2020-01-17 09:30:00-05:00,2020-01-17 09:34:00-05:00,2020-01-17 15:57:00-05:00,S,9156.5,9188.25,9188.0,31.5,-65.5,-1.0396825396825398,SL,1,S
2020-01-21 09:30:00-05:00,2020-01-21 09:31:00-05:00,2020-01-21 09:32:00-05:00,L,9159.0,9165.75,9150.25,8.75,11.5,0.6571428571428571,TP,1,L
2020-01-22 09:30:00-05:00,2020-01-22 09:40:00-05:00,2020-01-22 15:06:00-05:00,L,9238.25,9213.75,9214.0,24.25,-51.0,-1.0515463917525774,SL,1,L
2020-01-23 09:30:00-05:00,2020-01-23 09:32:00-05:00,2020-01-23 10:29:00-05:00,S,9173.5,9206.5,9206.25,32.75,-68.0,-1.0381679389312977,SL,1,S
2020-01-24 09:30:00-05:00,2020-01-24 10:19:00-05:00,2020-01-24 11:58:00-05:00,S,9247.75,9207.25,9289.0,41.25,79.0,0.9575757575757575,TP,1,S
2020-01-27 09:30:00-05:00,2020-01-27 12:16:00-05:00,2020-01-27 15:59:00-05:00,L,9000.0,8961.0,8912.5,87.5,-80.0,-0.45714285714285713,time,1,L
2020-01-28 09:30:00-05:00,2020-01-28 10:24:00-05:00,2020-01-28 11:32:00-05:00,L,9049.5,9091.5,9006.75,42.75,82.0,0.9590643274853801,TP,1,L
2020-01-29 09:30:00-05:00,2020-01-29 09:55:00-05:00,2020-01-29 15:59:00-05:00,S,9113.0,9109.75,9172.5,59.5,4.5,0.037815126050420166,time,1,S
2020-01-30 09:30:00-05:00,2020-01-30 09:33:00-05:00,2020-01-30 10:54:00-05:00,L,9078.0,9034.25,9034.5,43.5,-89.5,-1.028735632183908,SL,1,L
2020-01-31 09:30:00-05:00,2020-01-31 09:33:00-05:00,2020-01-31 10:17:00-05:00,S,9144.25,9082.75,9206.5,62.25,121.0,0.9718875502008032,TP,1,S
2020-02-03 09:30:00-05:00,2020-02-03 09:45:00-05:00,2020-02-03 15:59:00-05:00,L,9107.5,9131.0,8997.75,109.75,45.0,0.20501138952164008,time,1,L
2020-02-04 09:30:00-05:00,2020-02-04 10:41:00-05:00,2020-02-04 15:25:00-05:00,L,9294.25,9353.75,9234.0,60.25,117.0,0.970954356846473,TP,1,L
2020-02-05 09:30:00-05:00,2020-02-05 09:36:00-05:00,2020-02-05 10:27:00-05:00,S,9417.0,9351.25,9483.5,66.5,129.5,0.9736842105263158,TP,1,S
2020-02-06 09:30:00-05:00,2020-02-06 11:19:00-05:00,2020-02-06 15:59:00-05:00,L,9438.25,9452.75,9368.25,70.0,27.0,0.19285714285714287,time,1,L
2020-02-07 09:30:00-05:00,2020-02-07 10:57:00-05:00,2020-02-07 14:13:00-05:00,L,9439.5,9392.5,9392.75,46.75,-96.0,-1.0267379679144386,SL,1,L
2020-02-10 09:30:00-05:00,2020-02-10 09:32:00-05:00,2020-02-10 09:57:00-05:00,L,9404.0,9442.75,9364.5,39.5,75.5,0.9556962025316456,TP,1,L
2020-02-11 09:30:00-05:00,2020-02-11 14:07:00-05:00,2020-02-11 15:59:00-05:00,S,9532.0,9525.5,9606.25,74.25,11.0,0.07407407407407407,time,1,S
2020-02-12 09:30:00-05:00,2020-02-12 12:32:00-05:00,2020-02-12 15:59:00-05:00,L,9613.25,9620.25,9559.0,54.25,12.0,0.11059907834101383,time,1,L
2020-02-13 09:30:00-05:00,2020-02-13 09:31:00-05:00,2020-02-13 10:49:00-05:00,L,9569.5,9601.5,9536.75,32.75,62.0,0.9465648854961832,TP,1,L
2020-02-18 09:30:00-05:00,2020-02-18 09:31:00-05:00,2020-02-18 09:31:00-05:00,L,9588.5,9595.25,9581.0,7.5,11.5,0.7666666666666667,TP,1,L
2020-02-19 09:30:00-05:00,2020-02-19 09:53:00-05:00,2020-02-19 15:59:00-05:00,L,9714.5,9728.0,9674.5,40.0,25.0,0.3125,time,1,L
2020-02-20 09:30:00-05:00,2020-02-20 10:06:00-05:00,2020-02-20 11:03:00-05:00,L,9725.5,9691.25,9691.5,34.0,-70.5,-1.036764705882353,SL,1,L
2020-02-21 09:30:00-05:00,2020-02-21 09:42:00-05:00,2020-02-21 13:52:00-05:00,S,9526.5,9422.25,9631.5,105.0,206.5,0.9833333333333333,TP,1,S
2020-02-24 09:30:00-05:00,2020-02-24 09:37:00-05:00,2020-02-24 13:03:00-05:00,L,9162.5,9065.25,9065.5,97.0,-196.5,-1.0128865979381443,SL,1,L
2020-02-25 09:30:00-05:00,2020-02-25 09:45:00-05:00,2020-02-25 10:32:00-05:00,S,9110.5,9030.25,9191.5,81.0,158.5,0.9783950617283951,TP,1,S
2020-02-26 09:30:00-05:00,2020-02-26 09:43:00-05:00,2020-02-26 15:59:00-05:00,L,9004.75,8879.5,8814.0,190.75,-252.5,-0.6618610747051114,time,1,L
2020-02-27 09:30:00-05:00,2020-02-27 10:25:00-05:00,2020-02-27 11:07:00-05:00,S,8590.75,8702.0,8701.75,111.0,-224.5,-1.0112612612612613,SL,1,S
2020-02-28 09:30:00-05:00,2020-02-28 09:33:00-05:00,2020-02-28 11:42:00-05:00,L,8270.75,8451.75,8088.75,182.0,360.0,0.989010989010989,TP,1,L
2020-03-02 09:30:00-05:00,2020-03-02 10:08:00-05:00,2020-03-02 11:14:00-05:00,S,8452.0,8638.75,8638.5,186.5,-375.5,-1.0067024128686326,SL,1,S
2020-03-03 09:30:00-05:00,2020-03-03 09:53:00-05:00,2020-03-03 10:01:00-05:00,S,8770.0,8988.5,8988.25,218.25,-439.0,-1.0057273768613975,SL,1,S
2020-03-05 09:30:00-05:00,2020-03-05 10:22:00-05:00,2020-03-05 13:10:00-05:00,L,8802.5,8659.75,8660.0,142.5,-287.5,-1.0087719298245614,SL,1,L
2020-03-06 09:30:00-05:00,2020-03-06 10:16:00-05:00,2020-03-06 14:49:00-05:00,L,8462.5,8333.0,8333.25,129.25,-261.0,-1.009671179883946,SL,1,L
2020-03-09 09:30:00-04:00,2020-03-09 09:31:00-04:00,2020-03-09 09:34:00-04:00,S,7922.75,7818.75,8072.75,150.0,206.0,0.6866666666666666,TP,1,S
2020-03-10 09:30:00-04:00,2020-03-10 10:50:00-04:00,2020-03-10 15:54:00-04:00,S,8104.75,8325.0,8324.75,220.0,-442.5,-1.0056818181818181,SL,1,S
2020-03-11 09:30:00-04:00,2020-03-11 13:01:00-04:00,2020-03-11 15:59:00-04:00,S,8032.5,7998.75,8250.75,218.25,65.5,0.15005727376861397,time,1,S
2020-03-12 09:30:00-04:00,2020-03-12 09:50:00-04:00,2020-03-12 10:26:00-04:00,S,7425.5,7590.75,7590.5,165.0,-332.5,-1.0075757575757576,SL,1,S
2020-03-13 09:30:00-04:00,2020-03-13 09:41:00-04:00,2020-03-13 15:54:00-04:00,S,7526.5,7809.5,7809.25,282.75,-568.0,-1.004420866489832,SL,1,S
2020-03-17 09:30:00-04:00,2020-03-17 09:54:00-04:00,2020-03-17 11:09:00-04:00,S,6974.75,7293.25,7293.0,318.25,-639.0,-1.0039277297721916,SL,1,S
2020-03-18 09:30:00-04:00,2020-03-18 09:31:00-04:00,2020-03-18 14:22:00-04:00,L,7127.0,6823.5,6823.75,303.25,-609.0,-1.0041220115416323,SL,1,L
2020-03-19 09:30:00-04:00,2020-03-19 09:41:00-04:00,2020-03-19 10:09:00-04:00,S,7023.0,7281.0,7280.75,257.75,-518.0,-1.0048496605237633,SL,1,S
2020-03-20 09:30:00-04:00,2020-03-20 12:04:00-04:00,2020-03-20 15:49:00-04:00,S,7281.0,7035.75,7527.0,246.0,488.5,0.9928861788617886,TP,1,S
2020-03-23 09:30:00-04:00,2020-03-23 09:39:00-04:00,2020-03-23 12:58:00-04:00,S,6839.5,7103.0,7102.75,263.25,-529.0,-1.0047483380816715,SL,1,S
2020-03-24 09:30:00-04:00,2020-03-24 12:27:00-04:00,2020-03-24 15:59:00-04:00,L,7480.75,7532.25,7289.5,191.25,101.0,0.26405228758169935,time,1,L
2020-03-25 09:30:00-04:00,2020-03-25 09:35:00-04:00,2020-03-25 09:53:00-04:00,L,7627.25,7504.75,7505.0,122.25,-247.0,-1.0102249488752557,SL,1,L
2020-03-26 09:30:00-04:00,2020-03-26 10:00:00-04:00,2020-03-26 15:53:00-04:00,L,7645.75,7840.25,7450.5,195.25,387.0,0.9910371318822023,TP,1,L
2020-03-30 09:30:00-04:00,2020-03-30 10:07:00-04:00,2020-03-30 14:44:00-04:00,L,7732.25,7852.0,7611.75,120.5,237.5,0.9854771784232366,TP,1,L
2020-03-31 09:30:00-04:00,2020-03-31 10:13:00-04:00,2020-03-31 15:14:00-04:00,L,7921.25,7793.25,7793.5,127.75,-258.0,-1.009784735812133,SL,1,L
2020-04-01 09:30:00-04:00,2020-04-01 10:33:00-04:00,2020-04-01 12:42:00-04:00,L,7638.5,7514.0,7514.25,124.25,-251.0,-1.0100603621730382,SL,1,L
2020-04-02 09:30:00-04:00,2020-04-02 09:35:00-04:00,2020-04-02 15:59:00-04:00,L,7516.25,7617.5,7376.25,140.0,200.5,0.7160714285714286,time,1,L
2020-04-03 09:30:00-04:00,2020-04-03 09:41:00-04:00,2020-04-03 10:31:00-04:00,L,7657.75,7549.25,7549.5,108.25,-219.0,-1.0115473441108545,SL,1,L
2020-04-06 09:30:00-04:00,2020-04-06 10:25:00-04:00,2020-04-06 15:33:00-04:00,L,7868.75,7986.75,7750.0,118.75,234.0,0.9852631578947368,TP,1,L
2020-04-07 09:30:00-04:00,2020-04-07 10:09:00-04:00,2020-04-07 15:59:00-04:00,S,8177.5,8040.75,8352.25,174.75,271.5,0.776824034334764,time,1,S
2020-04-08 09:30:00-04:00,2020-04-08 14:31:00-04:00,2020-04-08 15:59:00-04:00,L,8196.5,8211.75,8062.25,134.25,28.5,0.10614525139664804,time,1,L
2020-04-09 09:30:00-04:00,2020-04-09 10:09:00-04:00,2020-04-09 15:59:00-04:00,S,8225.0,8226.25,8324.0,99.0,-4.5,-0.022727272727272728,time,1,S
2020-04-13 09:30:00-04:00,2020-04-13 09:38:00-04:00,2020-04-13 11:02:00-04:00,L,8242.0,8154.0,8154.25,87.75,-178.0,-1.0142450142450143,SL,1,L
2020-04-14 09:30:00-04:00,2020-04-14 09:45:00-04:00,2020-04-14 12:21:00-04:00,L,8545.25,8641.5,8448.25,97.0,190.5,0.9819587628865979,TP,1,L
2020-04-15 09:30:00-04:00,2020-04-15 14:21:00-04:00,2020-04-15 15:59:00-04:00,L,8619.0,8581.75,8493.0,126.0,-76.5,-0.30357142857142855,time,1,L
2020-04-16 09:30:00-04:00,2020-04-16 10:02:00-04:00,2020-04-16 10:58:00-04:00,S,8627.25,8712.75,8712.5,85.25,-173.0,-1.0146627565982405,SL,1,S
2020-04-17 09:30:00-04:00,2020-04-17 09:38:00-04:00,2020-04-17 14:36:00-04:00,S,8789.75,8693.75,8886.5,96.75,190.0,0.9819121447028424,TP,1,S
2020-04-20 09:30:00-04:00,2020-04-20 10:25:00-04:00,2020-04-20 15:59:00-04:00,L,8791.75,8712.5,8700.25,91.5,-160.5,-0.8770491803278688,time,1,L
2020-04-21 09:30:00-04:00,2020-04-21 09:35:00-04:00,2020-04-21 10:19:00-04:00,S,8590.0,8522.5,8658.25,68.25,133.0,0.9743589743589743,TP,1,S
2020-04-22 09:30:00-04:00,2020-04-22 14:23:00-04:00,2020-04-22 15:59:00-04:00,L,8661.5,8648.25,8506.25,155.25,-28.5,-0.09178743961352658,time,1,L
2020-04-23 09:30:00-04:00,2020-04-23 09:35:00-04:00,2020-04-23 12:45:00-04:00,L,8726.25,8643.25,8643.5,82.75,-168.0,-1.0151057401812689,SL,1,L
2020-04-24 09:30:00-04:00,2020-04-24 09:49:00-04:00,2020-04-24 12:29:00-04:00,S,8590.0,8680.25,8680.0,90.0,-182.5,-1.0138888888888888,SL,1,S
2020-04-27 09:30:00-04:00,2020-04-27 13:35:00-04:00,2020-04-27 15:59:00-04:00,S,8792.0,8824.25,8903.0,111.0,-66.5,-0.29954954954954954,time,1,S
2020-04-28 09:30:00-04:00,2020-04-28 09:31:00-04:00,2020-04-28 09:58:00-04:00,S,8876.5,8832.75,8921.0,44.5,85.5,0.9606741573033708,TP,1,S
2020-04-29 09:30:00-04:00,2020-04-29 10:30:00-04:00,2020-04-29 15:59:00-04:00,L,8935.5,8962.75,8809.75,125.75,52.5,0.20874751491053678,time,1,L
2020-04-30 09:30:00-04:00,2020-04-30 09:36:00-04:00,2020-04-30 15:59:00-04:00,S,8955.0,8982.5,9056.25,101.25,-57.0,-0.2814814814814815,time,1,S
2020-05-01 09:30:00-04:00,2020-05-01 09:32:00-04:00,2020-05-01 11:32:00-04:00,L,8824.5,8768.0,8768.25,56.25,-115.0,-1.0222222222222221,SL,1,L
2020-05-04 09:30:00-04:00,2020-05-04 10:00:00-04:00,2020-05-04 15:59:00-04:00,L,8733.0,8817.75,8629.25,103.75,167.5,0.8072289156626506,time,1,L
2020-05-05 09:30:00-04:00,2020-05-05 10:00:00-04:00,2020-05-05 15:59:00-04:00,L,8960.75,8918.0,8872.0,88.75,-87.5,-0.49295774647887325,time,1,L
2020-05-06 09:30:00-04:00,2020-05-06 09:36:00-04:00,2020-05-06 10:08:00-04:00,L,9028.25,8960.25,8960.5,67.75,-138.0,-1.018450184501845,SL,1,L
2020-05-07 09:30:00-04:00,2020-05-07 10:12:00-04:00,2020-05-07 12:25:00-04:00,S,9050.0,9111.0,9110.75,60.75,-124.0,-1.0205761316872428,SL,1,S
2020-05-08 09:30:00-04:00,2020-05-08 09:33:00-04:00,2020-05-08 10:19:00-04:00,S,9130.0,9178.25,9178.0,48.0,-98.5,-1.0260416666666667,SL,1,S
2020-05-11 09:30:00-04:00,2020-05-11 09:37:00-04:00,2020-05-11 10:06:00-04:00,L,9189.0,9240.5,9136.75,52.25,101.0,0.9665071770334929,TP,1,L
2020-05-12 09:30:00-04:00,2020-05-12 09:51:00-04:00,2020-05-12 15:42:00-04:00,S,9262.25,9167.25,9358.25,96.0,188.0,0.9791666666666666,TP,1,S
2020-05-13 09:30:00-04:00,2020-05-13 09:36:00-04:00,2020-05-13 10:28:00-04:00,S,9048.25,9171.5,9171.25,123.0,-248.5,-1.0101626016260163,SL,1,S
2020-05-15 09:30:00-04:00,2020-05-15 10:10:00-04:00,2020-05-15 15:59:00-04:00,L,9034.25,9145.75,8912.75,121.5,221.0,0.9094650205761317,time,1,L
2020-05-18 09:30:00-04:00,2020-05-18 10:58:00-04:00,2020-05-18 15:59:00-04:00,L,9330.75,9319.75,9227.75,103.0,-24.0,-0.11650485436893204,time,1,L
2020-05-19 09:30:00-04:00,2020-05-19 09:40:00-04:00,2020-05-19 15:57:00-04:00,L,9364.5,9301.5,9301.75,62.75,-128.0,-1.0199203187250996,SL,1,L
2020-05-20 09:30:00-04:00,2020-05-20 09:42:00-04:00,2020-05-20 15:59:00-04:00,L,9441.25,9480.0,9376.5,64.75,75.5,0.583011583011583,time,1,L
2020-05-21 09:30:00-04:00,2020-05-21 10:02:00-04:00,2020-05-21 10:35:00-04:00,S,9454.75,9407.75,9502.5,47.75,92.0,0.9633507853403142,TP,1,S
2020-05-22 09:30:00-04:00,2020-05-22 13:23:00-04:00,2020-05-22 15:59:00-04:00,L,9405.25,9405.75,9327.25,78.0,-1.0,-0.00641025641025641,time,1,L
2020-05-26 09:30:00-04:00,2020-05-26 09:31:00-04:00,2020-05-26 09:31:00-04:00,S,9551.5,9540.25,9563.5,12.0,20.5,0.8541666666666666,TP,1,S
2020-05-27 09:30:00-04:00,2020-05-27 09:48:00-04:00,2020-05-27 10:46:00-04:00,S,9301.5,9203.75,9400.25,98.75,193.5,0.979746835443038,TP,1,S
2020-05-28 09:30:00-04:00,2020-05-28 10:08:00-04:00,2020-05-28 15:59:00-04:00,L,9463.25,9414.75,9329.5,133.75,-99.0,-0.37009345794392523,time,1,L
2020-05-29 09:30:00-04:00,2020-05-29 10:22:00-04:00,2020-05-29 14:09:00-04:00,S,9386.25,9478.5,9478.25,92.0,-186.5,-1.013586956521739,SL,1,S
2020-06-01 09:30:00-04:00,2020-06-01 10:06:00-04:00,2020-06-01 15:59:00-04:00,L,9580.75,9593.75,9481.0,99.75,24.0,0.12030075187969924,time,1,L
2020-06-02 09:30:00-04:00,2020-06-02 09:33:00-04:00,2020-06-02 11:03:00-04:00,S,9573.75,9524.0,9624.25,50.5,97.5,0.9653465346534653,TP,1,S
2020-06-04 09:30:00-04:00,2020-06-04 09:45:00-04:00,2020-06-04 11:13:00-04:00,L,9707.75,9663.5,9663.75,44.0,-90.5,-1.0284090909090908,SL,1,L
2020-06-05 09:30:00-04:00,2020-06-05 09:36:00-04:00,2020-06-05 11:24:00-04:00,L,9721.75,9806.25,9636.5,85.25,167.0,0.9794721407624634,TP,1,L
2020-06-08 09:30:00-04:00,2020-06-08 10:07:00-04:00,2020-06-08 13:38:00-04:00,S,9751.5,9848.75,9848.5,97.0,-196.5,-1.0128865979381443,SL,1,S
2020-06-09 09:30:00-04:00,2020-06-09 09:46:00-04:00,2020-06-09 12:45:00-04:00,L,9904.5,9981.25,9827.0,77.5,151.5,0.9774193548387097,TP,1,L
2020-06-10 09:30:00-04:00,2020-06-10 14:00:00-04:00,2020-06-10 15:59:00-04:00,L,10085.25,10089.0,10007.0,78.25,5.5,0.03514376996805112,time,1,L
2020-06-11 09:30:00-04:00,2020-06-11 09:38:00-04:00,2020-06-11 10:12:00-04:00,S,9885.25,9954.5,9954.25,69.0,-140.5,-1.0181159420289856,SL,1,S
2020-06-12 09:30:00-04:00,2020-06-12 10:53:00-04:00,2020-06-12 15:59:00-04:00,S,9676.5,9660.25,9875.0,198.5,30.5,0.07682619647355164,time,1,S
2020-06-15 09:30:00-04:00,2020-06-15 10:09:00-04:00,2020-06-15 14:18:00-04:00,L,9629.25,9805.75,9452.0,177.25,351.0,0.9901269393511989,TP,1,L
2020-06-16 09:30:00-04:00,2020-06-16 10:54:00-04:00,2020-06-16 15:59:00-04:00,S,9888.5,9953.5,10052.25,163.75,-132.0,-0.4030534351145038,time,1,S
2020-06-18 09:30:00-04:00,2020-06-18 10:09:00-04:00,2020-06-18 10:33:00-04:00,L,9989.25,9933.25,9933.5,55.75,-114.0,-1.0224215246636772,SL,1,L
2020-06-19 09:30:00-04:00,2020-06-19 10:46:00-04:00,2020-06-19 12:05:00-04:00,S,10072.5,10030.25,10115.75,43.25,82.5,0.953757225433526,TP,1,S
2020-06-22 09:30:00-04:00,2020-06-22 10:13:00-04:00,2020-06-22 15:59:00-04:00,L,10047.0,10114.75,9953.0,94.0,133.5,0.7101063829787234,time,1,L
2020-06-23 09:30:00-04:00,2020-06-23 10:40:00-04:00,2020-06-23 15:59:00-04:00,L,10225.0,10197.5,10152.25,72.75,-57.0,-0.3917525773195876,time,1,L
2020-06-24 09:30:00-04:00,2020-06-24 09:37:00-04:00,2020-06-24 09:52:00-04:00,L,10208.75,10139.5,10139.75,69.0,-140.5,-1.0181159420289856,SL,1,L
2020-06-25 09:30:00-04:00,2020-06-25 09:46:00-04:00,2020-06-25 15:23:00-04:00,S,9908.5,10056.0,10055.75,147.25,-297.0,-1.0084889643463497,SL,1,S
2020-06-26 09:30:00-04:00,2020-06-26 09:44:00-04:00,2020-06-26 10:23:00-04:00,S,10008.75,9903.0,10115.25,106.5,209.5,0.9835680751173709,TP,1,S
2020-06-29 09:30:00-04:00,2020-06-29 09:41:00-04:00,2020-06-29 11:28:00-04:00,S,9759.0,9888.75,9888.5,129.5,-261.5,-1.0096525096525097,SL,1,S
2020-06-30 09:30:00-04:00,2020-06-30 09:46:00-04:00,2020-06-30 15:49:00-04:00,L,10017.75,10129.0,9905.75,112.0,220.5,0.984375,TP,1,L
2020-07-01 09:30:00-04:00,2020-07-01 10:32:00-04:00,2020-07-01 15:59:00-04:00,L,10217.75,10264.25,10103.25,114.5,91.0,0.39737991266375544,time,1,L
2020-07-03 09:30:00-04:00,2020-07-03 10:34:00-04:00,2020-07-03 12:49:00-04:00,S,10322.75,10347.5,10375.5,52.75,-51.5,-0.4881516587677725,time,1,S
2020-07-06 09:30:00-04:00,2020-07-06 09:32:00-04:00,2020-07-06 09:55:00-04:00,L,10485.0,10508.75,10460.25,24.75,45.5,0.9191919191919192,TP,1,L
2020-07-07 09:30:00-04:00,2020-07-07 09:47:00-04:00,2020-07-07 15:12:00-04:00,L,10623.25,10550.5,10550.75,72.5,-147.5,-1.0172413793103448,SL,1,L
2020-07-08 09:30:00-04:00,2020-07-08 09:58:00-04:00,2020-07-08 11:20:00-04:00,L,10630.5,10535.75,10536.0,94.5,-191.5,-1.0132275132275133,SL,1,L
2020-07-09 09:30:00-04:00,2020-07-09 09:37:00-04:00,2020-07-09 10:58:00-04:00,S,10690.0,10617.75,10763.0,73.0,142.5,0.976027397260274,TP,1,S
2020-07-10 09:30:00-04:00,2020-07-10 09:37:00-04:00,2020-07-10 14:45:00-04:00,S,10670.0,10777.5,10777.25,107.25,-217.0,-1.0116550116550116,SL,1,S
2020-07-13 09:30:00-04:00,2020-07-13 10:28:00-04:00,2020-07-13 14:07:00-04:00,L,10999.25,10896.5,10896.75,102.5,-207.5,-1.0121951219512195,SL,1,L
2020-07-15 09:30:00-04:00,2020-07-15 11:07:00-04:00,2020-07-15 15:59:00-04:00,S,10625.25,10687.5,10790.75,165.5,-126.5,-0.3821752265861027,time,1,S
2020-07-16 09:30:00-04:00,2020-07-16 10:09:00-04:00,2020-07-16 14:10:00-04:00,S,10506.5,10614.5,10614.25,107.75,-218.0,-1.011600928074246,SL,1,S
2020-07-17 09:30:00-04:00,2020-07-17 09:44:00-04:00,2020-07-17 15:59:00-04:00,S,10591.5,10630.25,10677.0,85.5,-79.5,-0.4649122807017544,time,1,S
2020-07-20 09:30:00-04:00,2020-07-20 09:36:00-04:00,2020-07-20 09:54:00-04:00,S,10620.0,10686.0,10685.75,65.75,-134.0,-1.0190114068441065,SL,1,S
2020-07-21 09:30:00-04:00,2020-07-21 10:27:00-04:00,2020-07-21 15:59:00-04:00,S,10893.5,10823.75,11073.0,179.5,137.5,0.383008356545961,time,1,S
2020-07-22 09:30:00-04:00,2020-07-22 11:13:00-04:00,2020-07-22 15:59:00-04:00,S,10771.75,10859.25,10881.25,109.5,-177.0,-0.8082191780821918,time,1,S
2020-07-23 09:30:00-04:00,2020-07-23 09:34:00-04:00,2020-07-23 09:50:00-04:00,S,10801.25,10870.5,10870.25,69.0,-140.5,-1.0181159420289856,SL,1,S
2020-07-24 09:30:00-04:00,2020-07-24 09:40:00-04:00,2020-07-24 10:57:00-04:00,S,10307.5,10486.5,10486.25,178.75,-360.0,-1.006993006993007,SL,1,S
2020-07-27 09:30:00-04:00,2020-07-27 09:49:00-04:00,2020-07-27 15:59:00-04:00,L,10616.0,10660.5,10500.75,115.25,87.0,0.3774403470715835,time,1,L
2020-07-28 09:30:00-04:00,2020-07-28 09:38:00-04:00,2020-07-28 15:59:00-04:00,S,10580.5,10525.75,10664.75,84.25,107.5,0.6379821958456974,time,1,S
2020-07-29 09:30:00-04:00,2020-07-29 10:05:00-04:00,2020-07-29 15:59:00-04:00,L,10631.0,10650.0,10561.75,69.25,36.0,0.259927797833935,time,1,L
2020-07-30 09:30:00-04:00,2020-07-30 09:33:00-04:00,2020-07-30 09:56:00-04:00,L,10601.0,10543.5,10543.75,57.25,-117.0,-1.0218340611353711,SL,1,L
2020-07-31 09:30:00-04:00,2020-07-31 09:33:00-04:00,2020-07-31 10:18:00-04:00,S,10831.5,10725.75,10938.0,106.5,209.5,0.9835680751173709,TP,1,S
2020-08-03 09:30:00-04:00,2020-08-03 10:00:00-04:00,2020-08-03 15:59:00-04:00,L,11050.5,11037.75,10945.0,105.5,-27.5,-0.13033175355450238,time,1,L
2020-08-04 09:30:00-04:00,2020-08-04 09:34:00-04:00,2020-08-04 14:32:00-04:00,L,11043.0,10996.25,10996.5,46.5,-95.5,-1.0268817204301075,SL,1,L
2020-08-05 09:30:00-04:00,2020-08-05 09:31:00-04:00,2020-08-05 10:11:00-04:00,S,11071.5,11120.5,11120.25,48.75,-100.0,-1.0256410256410255,SL,1,S
2020-08-06 09:30:00-04:00,2020-08-06 09:32:00-04:00,2020-08-06 09:36:00-04:00,L,11118.5,11085.75,11086.0,32.5,-67.5,-1.0384615384615385,SL,1,L
2020-08-07 09:30:00-04:00,2020-08-07 11:59:00-04:00,2020-08-07 13:50:00-04:00,S,11173.5,11075.0,11272.75,99.25,195.0,0.982367758186398,TP,1,S
2020-08-10 09:30:00-04:00,2020-08-10 09:57:00-04:00,2020-08-10 10:58:00-04:00,S,11067.75,10952.0,11184.25,116.5,229.5,0.9849785407725322,TP,1,S
2020-08-11 09:30:00-04:00,2020-08-11 09:36:00-04:00,2020-08-11 11:27:00-04:00,S,10961.5,11071.0,11070.75,109.25,-221.0,-1.011441647597254,SL,1,S
2020-08-12 09:30:00-04:00,2020-08-12 09:49:00-04:00,2020-08-12 12:06:00-04:00,L,11029.75,11148.75,10910.0,119.75,236.0,0.9853862212943633,TP,1,L
2020-08-13 09:30:00-04:00,2020-08-13 10:34:00-04:00,2020-08-13 15:59:00-04:00,L,11242.0,11169.75,11128.25,113.75,-146.5,-0.643956043956044,time,1,L
2020-08-14 09:30:00-04:00,2020-08-14 09:49:00-04:00,2020-08-14 15:59:00-04:00,S,11149.75,11159.75,11218.5,68.75,-22.0,-0.16,time,1,S
2020-08-17 09:30:00-04:00,2020-08-17 09:57:00-04:00,2020-08-17 15:59:00-04:00,L,11262.25,11284.0,11206.5,55.75,41.5,0.3721973094170404,time,1,L
2020-08-18 09:30:00-04:00,2020-08-18 09:35:00-04:00,2020-08-18 10:08:00-04:00,L,11354.0,11314.0,11314.25,39.75,-82.0,-1.0314465408805031,SL,1,L
2020-08-19 09:30:00-04:00,2020-08-19 09:46:00-04:00,2020-08-19 11:37:00-04:00,S,11348.75,11422.5,11422.25,73.5,-149.5,-1.0170068027210883,SL,1,S
2020-08-20 09:30:00-04:00,2020-08-20 09:37:00-04:00,2020-08-20 10:55:00-04:00,L,11326.25,11395.25,11256.5,69.75,136.0,0.974910394265233,TP,1,L
2020-08-21 09:30:00-04:00,2020-08-21 10:55:00-04:00,2020-08-21 15:59:00-04:00,L,11550.5,11554.0,11435.25,115.25,5.0,0.021691973969631236,time,1,L
2020-08-24 09:30:00-04:00,2020-08-24 09:54:00-04:00,2020-08-24 10:07:00-04:00,S,11651.25,11592.5,11710.75,59.5,115.5,0.9705882352941176,TP,1,S
2020-08-25 09:30:00-04:00,2020-08-25 11:01:00-04:00,2020-08-25 15:59:00-04:00,L,11649.75,11715.25,11552.25,97.5,129.0,0.6615384615384615,time,1,L
2020-08-26 09:30:00-04:00,2020-08-26 10:31:00-04:00,2020-08-26 11:41:00-04:00,L,11812.5,11884.5,11739.75,72.75,142.0,0.9759450171821306,TP,1,L
2020-08-27 09:30:00-04:00,2020-08-27 09:33:00-04:00,2020-08-27 12:53:00-04:00,S,11949.5,11844.25,12055.75,106.25,208.5,0.9811764705882353,TP,1,S
2020-08-31 09:30:00-04:00,2020-08-31 09:49:00-04:00,2020-08-31 11:00:00-04:00,L,12045.5,12091.25,11999.0,46.5,89.5,0.9623655913978495,TP,1,L
2020-09-01 09:30:00-04:00,2020-09-01 09:33:00-04:00,2020-09-01 10:02:00-04:00,S,12146.75,12233.25,12233.0,86.25,-175.0,-1.0144927536231885,SL,1,S
2020-09-02 09:30:00-04:00,2020-09-02 09:35:00-04:00,2020-09-02 09:56:00-04:00,S,12379.25,12292.0,12467.25,88.0,172.5,0.9801136363636364,TP,1,S
2020-09-03 09:30:00-04:00,2020-09-03 09:43:00-04:00,2020-09-03 10:38:00-04:00,S,12145.0,12013.75,12277.0,132.0,260.5,0.9867424242424242,TP,1,S
2020-09-04 09:30:00-04:00,2020-09-04 09:54:00-04:00,2020-09-04 10:37:00-04:00,S,11538.25,11246.75,11830.75,292.5,581.0,0.9931623931623932,TP,1,S
2020-09-08 09:30:00-04:00,2020-09-08 09:31:00-04:00,2020-09-08 09:31:00-04:00,L,11183.0,11223.75,11141.5,41.5,79.5,0.9578313253012049,TP,1,L
2020-09-09 09:30:00-04:00,2020-09-09 09:51:00-04:00,2020-09-09 10:37:00-04:00,S,11187.5,11364.25,11364.0,176.5,-355.5,-1.0070821529745042,SL,1,S
2020-09-10 09:30:00-04:00,2020-09-10 10:57:00-04:00,2020-09-10 14:15:00-04:00,S,11429.75,11283.75,11576.75,147.0,290.0,0.9863945578231292,TP,1,S
2020-09-11 09:30:00-04:00,2020-09-11 10:11:00-04:00,2020-09-11 15:59:00-04:00,S,11100.5,11084.25,11340.5,240.0,30.5,0.06354166666666666,time,1,S
2020-09-14 09:30:00-04:00,2020-09-14 10:16:00-04:00,2020-09-14 15:59:00-04:00,L,11346.5,11274.75,11174.75,171.75,-145.5,-0.42358078602620086,time,1,L
2020-09-15 09:30:00-04:00,2020-09-15 10:00:00-04:00,2020-09-15 10:41:00-04:00,L,11484.5,11396.5,11396.75,87.75,-178.0,-1.0142450142450143,SL,1,L
2020-09-17 09:30:00-04:00,2020-09-17 09:37:00-04:00,2020-09-17 15:59:00-04:00,L,11026.0,11066.25,10899.75,126.25,78.5,0.3108910891089109,time,1,L
2020-09-18 09:30:00-04:00,2020-09-18 09:47:00-04:00,2020-09-18 11:02:00-04:00,S,11044.5,10926.75,11163.0,118.5,233.5,0.9852320675105485,TP,1,S
2020-09-21 09:30:00-04:00,2020-09-21 13:31:00-04:00,2020-09-21 15:59:00-04:00,L,10876.25,10963.5,10679.5,196.75,172.5,0.4383735705209657,time,1,L
2020-09-22 09:30:00-04:00,2020-09-22 09:46:00-04:00,2020-09-22 14:06:00-04:00,S,10973.5,11129.5,11129.25,155.75,-314.0,-1.0080256821829856,SL,1,S
2020-09-23 09:30:00-04:00,2020-09-23 10:05:00-04:00,2020-09-23 14:02:00-04:00,S,11071.5,10936.75,11207.0,135.5,267.5,0.9870848708487084,TP,1,S
2020-09-24 09:30:00-04:00,2020-09-24 09:48:00-04:00,2020-09-24 15:59:00-04:00,L,10832.25,10877.5,10644.5,187.75,88.5,0.23568575233022637,time,1,L
2020-09-25 09:30:00-04:00,2020-09-25 10:54:00-04:00,2020-09-25 15:09:00-04:00,L,10987.75,11141.25,10833.5,154.25,305.0,0.9886547811993517,TP,1,L
2020-09-28 09:30:00-04:00,2020-09-28 10:51:00-04:00,2020-09-28 15:59:00-04:00,S,11239.5,11360.25,11409.25,169.75,-243.5,-0.7172312223858616,time,1,S
2020-09-29 09:30:00-04:00,2020-09-29 10:12:00-04:00,2020-09-29 10:34:00-04:00,L,11386.75,11318.75,11319.0,67.75,-138.0,-1.018450184501845,SL,1,L
2020-09-30 09:30:00-04:00,2020-09-30 09:32:00-04:00,2020-09-30 09:57:00-04:00,L,11349.5,11397.25,11300.75,48.75,93.5,0.958974358974359,TP,1,L
2020-10-01 09:30:00-04:00,2020-10-01 10:11:00-04:00,2020-10-01 15:59:00-04:00,S,11491.25,11573.0,11599.0,107.75,-165.5,-0.7679814385150812,time,1,S
2020-10-02 09:30:00-04:00,2020-10-02 09:31:00-04:00,2020-10-02 09:39:00-04:00,L,11354.5,11416.25,11291.75,62.75,121.5,0.9681274900398407,TP,1,L
2020-10-05 09:30:00-04:00,2020-10-05 10:13:00-04:00,2020-10-05 15:59:00-04:00,L,11404.75,11489.25,11272.5,132.25,167.0,0.6313799621928167,time,1,L
2020-10-06 09:30:00-04:00,2020-10-06 11:23:00-04:00,2020-10-06 14:25:00-04:00,S,11394.0,11482.25,11482.0,88.0,-178.5,-1.0142045454545454,SL,1,S
2020-10-07 09:30:00-04:00,2020-10-07 13:16:00-04:00,2020-10-07 15:59:00-04:00,L,11471.5,11479.5,11328.25,143.25,14.0,0.04886561954624782,time,1,L
2020-10-08 09:30:00-04:00,2020-10-08 09:46:00-04:00,2020-10-08 15:59:00-04:00,S,11528.0,11536.5,11600.75,72.75,-19.0,-0.13058419243986255,time,1,S
2020-10-09 09:30:00-04:00,2020-10-09 09:49:00-04:00,2020-10-09 11:44:00-04:00,L,11629.5,11673.75,11584.5,45.0,86.5,0.9611111111111111,TP,1,L
2020-10-12 09:30:00-04:00,2020-10-12 09:52:00-04:00,2020-10-12 10:45:00-04:00,S,11874.25,11938.0,11937.75,63.5,-129.5,-1.0196850393700787,SL,1,S
2020-10-13 09:30:00-04:00,2020-10-13 09:39:00-04:00,2020-10-13 15:59:00-04:00,S,12052.0,12074.5,12217.25,165.25,-47.0,-0.1422087745839637,time,1,S
2020-10-14 09:30:00-04:00,2020-10-14 10:25:00-04:00,2020-10-14 11:54:00-04:00,S,12061.5,11980.25,12143.5,82.0,160.5,0.9786585365853658,TP,1,S
2020-10-15 09:30:00-04:00,2020-10-15 09:44:00-04:00,2020-10-15 15:59:00-04:00,L,11851.25,11890.0,11725.25,126.0,75.5,0.2996031746031746,time,1,L
2020-10-16 09:30:00-04:00,2020-10-16 10:19:00-04:00,2020-10-16 11:10:00-04:00,L,12013.0,11926.75,11927.0,86.0,-174.5,-1.0145348837209303,SL,1,L
2020-10-19 09:30:00-04:00,2020-10-19 10:07:00-04:00,2020-10-19 13:47:00-04:00,S,11846.75,11743.25,11951.25,104.5,205.0,0.9808612440191388,TP,1,S
2020-10-20 09:30:00-04:00,2020-10-20 13:31:00-04:00,2020-10-20 15:59:00-04:00,L,11774.5,11663.0,11594.75,179.75,-225.0,-0.6258692628650904,time,1,L
2020-10-21 09:30:00-04:00,2020-10-21 09:40:00-04:00,2020-10-21 11:22:00-04:00,L,11727.75,11630.5,11630.75,97.0,-196.5,-1.0128865979381443,SL,1,L
2020-10-22 09:30:00-04:00,2020-10-22 10:08:00-04:00,2020-10-22 10:31:00-04:00,S,11641.75,11567.75,11716.5,74.75,146.0,0.9765886287625418,TP,1,S
2020-10-23 09:30:00-04:00,2020-10-23 09:35:00-04:00,2020-10-23 15:59:00-04:00,S,11613.5,11680.25,11720.25,106.75,-135.5,-0.6346604215456675,time,1,S
2020-10-26 09:30:00-04:00,2020-10-26 09:33:00-04:00,2020-10-26 10:00:00-04:00,L,11615.75,11680.25,11550.25,65.5,127.0,0.9694656488549618,TP,1,L
2020-10-28 09:30:00-04:00,2020-10-28 09:35:00-04:00,2020-10-28 09:52:00-04:00,S,11359.0,11291.25,11427.75,68.75,133.5,0.9709090909090909,TP,1,S
2020-10-29 09:30:00-04:00,2020-10-29 10:03:00-04:00,2020-10-29 14:19:00-04:00,L,11279.5,11428.5,11129.75,149.75,296.0,0.988313856427379,TP,1,L
2020-10-30 09:30:00-04:00,2020-10-30 09:47:00-04:00,2020-10-30 10:47:00-04:00,S,11159.75,11016.5,11303.75,144.0,284.5,0.9878472222222222,TP,1,S
2020-11-02 09:30:00-05:00,2020-11-02 12:38:00-05:00,2020-11-02 15:59:00-05:00,S,11038.5,11069.25,11207.25,168.75,-63.5,-0.18814814814814815,time,1,S
2020-11-03 09:30:00-05:00,2020-11-03 10:03:00-05:00,2020-11-03 15:59:00-05:00,L,11225.0,11256.75,11089.75,135.25,61.5,0.22735674676524953,time,1,L
2020-11-04 09:30:00-05:00,2020-11-04 10:05:00-05:00,2020-11-04 12:24:00-05:00,L,11702.25,11824.75,11579.0,123.25,243.0,0.9858012170385395,TP,1,L
2020-11-06 09:30:00-05:00,2020-11-06 09:32:00-05:00,2020-11-06 09:39:00-05:00,S,11992.75,11923.75,12062.75,70.0,136.0,0.9714285714285714,TP,1,S
2020-11-09 09:30:00-05:00,2020-11-09 09:33:00-05:00,2020-11-09 10:15:00-05:00,S,12123.25,12236.75,12236.5,113.25,-229.0,-1.011037527593819,SL,1,S
2020-11-10 09:30:00-05:00,2020-11-10 10:34:00-05:00,2020-11-10 15:59:00-05:00,S,11557.25,11620.0,11781.5,224.25,-127.5,-0.2842809364548495,time,1,S
2020-11-11 09:30:00-05:00,2020-11-11 09:42:00-05:00,2020-11-11 15:59:00-05:00,L,11793.5,11880.25,11670.0,123.5,171.5,0.694331983805668,time,1,L
2020-11-12 09:30:00-05:00,2020-11-12 11:42:00-05:00,2020-11-12 15:59:00-05:00,S,11858.75,11825.0,11957.5,98.75,65.5,0.33164556962025316,time,1,S
2020-11-13 09:30:00-05:00,2020-11-13 10:38:00-05:00,2020-11-13 15:31:00-05:00,S,11830.0,11930.25,11930.0,100.0,-202.5,-1.0125,SL,1,S
2020-11-16 09:30:00-05:00,2020-11-16 09:38:00-05:00,2020-11-16 15:59:00-05:00,L,11960.75,12013.25,11885.0,75.75,103.0,0.6798679867986799,time,1,L
2020-11-17 09:30:00-05:00,2020-11-17 09:45:00-05:00,2020-11-17 15:59:00-05:00,S,11983.25,11977.5,12056.5,73.25,9.5,0.06484641638225255,time,1,S
2020-11-18 09:30:00-05:00,2020-11-18 09:42:00-05:00,2020-11-18 09:52:00-05:00,L,11986.0,11941.25,11941.5,44.5,-91.5,-1.0280898876404494,SL,1,L
2020-11-19 09:30:00-05:00,2020-11-19 09:55:00-05:00,2020-11-19 14:40:00-05:00,L,11911.5,11979.75,11842.5,69.0,134.5,0.9746376811594203,TP,1,L
2020-11-23 09:30:00-05:00,2020-11-23 09:37:00-05:00,2020-11-23 10:10:00-05:00,L,11980.5,11923.25,11923.5,57.0,-116.5,-1.0219298245614035,SL,1,L
2020-11-24 09:30:00-05:00,2020-11-24 09:38:00-05:00,2020-11-24 11:00:00-05:00,S,11890.75,11988.0,11987.75,97.0,-196.5,-1.0128865979381443,SL,1,S
2020-11-26 09:30:00-05:00,2020-11-26 12:18:00-05:00,2020-11-26 12:49:00-05:00,S,12170.0,12141.25,12218.5,48.5,55.5,0.5721649484536082,time,1,S
2020-11-27 09:30:00-05:00,2020-11-27 09:35:00-05:00,2020-11-27 10:31:00-05:00,L,12254.5,12298.25,12210.0,44.5,85.5,0.9606741573033708,TP,1,L
2020-11-30 09:30:00-05:00,2020-11-30 09:33:00-05:00,2020-11-30 09:42:00-05:00,L,12299.0,12251.75,12252.0,47.0,-96.5,-1.0265957446808511,SL,1,L
2020-12-01 09:30:00-05:00,2020-12-01 11:32:00-05:00,2020-12-01 15:59:00-05:00,L,12440.5,12450.25,12333.25,107.25,17.5,0.08158508158508158,time,1,L
2020-12-02 09:30:00-05:00,2020-12-02 09:40:00-05:00,2020-12-02 10:28:00-05:00,S,12336.25,12426.0,12425.75,89.5,-181.5,-1.0139664804469273,SL,1,S
2020-12-03 09:30:00-05:00,2020-12-03 10:03:00-05:00,2020-12-03 15:59:00-05:00,L,12512.5,12472.25,12433.25,79.25,-82.5,-0.5205047318611987,time,1,L
2020-12-04 09:30:00-05:00,2020-12-04 09:52:00-05:00,2020-12-04 15:59:00-05:00,L,12504.5,12529.0,12455.75,48.75,47.0,0.48205128205128206,time,1,L
2020-12-07 09:30:00-05:00,2020-12-07 09:35:00-05:00,2020-12-07 10:24:00-05:00,L,12558.5,12600.25,12516.0,42.5,81.5,0.9588235294117647,TP,1,L
2020-12-08 09:30:00-05:00,2020-12-08 09:39:00-05:00,2020-12-08 10:22:00-05:00,S,12550.5,12507.75,12594.0,43.5,83.5,0.9597701149425287,TP,1,S
2020-12-09 09:30:00-05:00,2020-12-09 10:11:00-05:00,2020-12-09 12:39:00-05:00,S,12586.0,12511.75,12661.25,75.25,146.5,0.973421926910299,TP,1,S
2020-12-10 09:30:00-05:00,2020-12-10 09:51:00-05:00,2020-12-10 15:59:00-05:00,L,12365.5,12398.0,12197.75,167.75,63.0,0.18777943368107303,time,1,L
2020-12-11 09:30:00-05:00,2020-12-11 11:45:00-05:00,2020-12-11 15:17:00-05:00,S,12260.25,12376.25,12376.0,115.75,-234.0,-1.0107991360691144,SL,1,S
2020-12-15 09:30:00-05:00,2020-12-15 10:51:00-05:00,2020-12-15 15:01:00-05:00,S,12525.5,12590.25,12590.0,64.5,-131.5,-1.0193798449612403,SL,1,S
2020-12-16 09:30:00-05:00,2020-12-16 09:38:00-05:00,2020-12-16 11:34:00-05:00,S,12579.5,12643.0,12642.75,63.25,-129.0,-1.0197628458498025,SL,1,S
2020-12-17 09:30:00-05:00,2020-12-17 11:50:00-05:00,2020-12-17 15:59:00-05:00,S,12696.75,12750.75,12763.75,67.0,-110.0,-0.8208955223880597,time,1,S
2020-12-18 09:30:00-05:00,2020-12-18 09:35:00-05:00,2020-12-18 10:00:00-05:00,S,12750.75,12711.75,12790.5,39.75,76.0,0.9559748427672956,TP,1,S
2020-12-21 09:30:00-05:00,2020-12-21 09:34:00-05:00,2020-12-21 10:04:00-05:00,L,12635.25,12545.75,12546.0,89.25,-181.0,-1.0140056022408963,SL,1,L
2020-12-22 09:30:00-05:00,2020-12-22 11:32:00-05:00,2020-12-22 15:59:00-05:00,S,12646.0,12714.0,12767.25,121.25,-138.0,-0.5690721649484536,time,1,S
2020-12-23 09:30:00-05:00,2020-12-23 09:45:00-05:00,2020-12-23 15:59:00-05:00,S,12665.5,12650.0,12746.0,80.5,29.0,0.18012422360248448,time,1,S
2020-12-24 09:30:00-05:00,2020-12-24 09:34:00-05:00,2020-12-24 13:04:00-05:00,L,12686.5,12703.0,12642.0,44.5,31.0,0.34831460674157305,time,1,L
2020-12-28 09:30:00-05:00,2020-12-28 09:33:00-05:00,2020-12-28 10:08:00-05:00,S,12795.25,12761.75,12829.5,34.25,65.0,0.948905109489051,TP,1,S
2020-12-29 09:30:00-05:00,2020-12-29 09:56:00-05:00,2020-12-29 15:59:00-05:00,S,12857.0,12847.0,12914.75,57.75,18.0,0.15584415584415584,time,1,S
2020-12-30 09:30:00-05:00,2020-12-30 09:40:00-05:00,2020-12-30 15:59:00-05:00,S,12863.25,12843.5,12918.75,55.5,37.5,0.33783783783783783,time,1,S
2020-12-31 09:30:00-05:00,2020-12-31 11:52:00-05:00,2020-12-31 15:12:00-05:00,S,12814.25,12859.5,12859.25,45.0,-92.5,-1.0277777777777777,SL,1,S
2021-01-04 09:30:00-05:00,2021-01-04 09:33:00-05:00,2021-01-04 10:11:00-05:00,S,12903.5,12854.25,12953.5,50.0,96.5,0.965,TP,1,S
2021-01-05 09:30:00-05:00,2021-01-05 10:05:00-05:00,2021-01-05 15:59:00-05:00,L,12776.75,12791.25,12566.75,210.0,27.0,0.06428571428571428,time,1,L
2021-01-06 09:30:00-05:00,2021-01-06 09:33:00-05:00,2021-01-06 09:47:00-05:00,S,12552.25,12628.5,12628.25,76.0,-154.5,-1.0164473684210527,SL,1,S
2021-01-07 09:30:00-05:00,2021-01-07 09:37:00-05:00,2021-01-07 15:01:00-05:00,L,12801.25,12922.75,12678.75,122.5,241.0,0.9836734693877551,TP,1,L
2021-01-08 09:30:00-05:00,2021-01-08 13:37:00-05:00,2021-01-08 15:34:00-05:00,S,12948.75,13065.5,13065.25,116.5,-235.5,-1.0107296137339057,SL,1,S
2021-01-11 09:30:00-05:00,2021-01-11 09:36:00-05:00,2021-01-11 10:32:00-05:00,S,12911.0,13000.0,12999.75,88.75,-180.0,-1.0140845070422535,SL,1,S
2021-01-12 09:30:00-05:00,2021-01-12 09:36:00-05:00,2021-01-12 09:50:00-05:00,L,12945.5,12874.5,12874.75,70.75,-144.0,-1.017667844522968,SL,1,L
2021-01-13 09:30:00-05:00,2021-01-13 09:52:00-05:00,2021-01-13 15:59:00-05:00,L,12944.0,12967.75,12853.5,90.5,45.5,0.2513812154696133,time,1,L
2021-01-14 09:30:00-05:00,2021-01-14 10:51:00-05:00,2021-01-14 12:10:00-05:00,L,13027.75,12957.75,12958.0,69.75,-142.0,-1.017921146953405,SL,1,L
2021-01-15 09:30:00-05:00,2021-01-15 10:05:00-05:00,2021-01-15 10:20:00-05:00,S,12845.0,12771.5,12919.25,74.25,145.0,0.9764309764309764,TP,1,S
2021-01-19 09:30:00-05:00,2021-01-19 09:31:00-05:00,2021-01-19 09:31:00-05:00,L,12911.25,12890.0,12890.25,21.0,-44.5,-1.0595238095238095,SL,1,L
2021-01-20 09:30:00-05:00,2021-01-20 09:40:00-05:00,2021-01-20 12:37:00-05:00,L,13184.25,13262.25,13105.5,78.75,154.0,0.9777777777777777,TP,1,L
2021-01-21 09:30:00-05:00,2021-01-21 14:35:00-05:00,2021-01-21 15:59:00-05:00,L,13402.0,13397.25,13298.5,103.5,-11.5,-0.05555555555555555,time,1,L
2021-01-22 09:30:00-05:00,2021-01-22 10:00:00-05:00,2021-01-22 15:59:00-05:00,L,13390.5,13355.25,13319.75,70.75,-72.5,-0.5123674911660777,time,1,L
2021-01-25 09:30:00-05:00,2021-01-25 09:31:00-05:00,2021-01-25 10:48:00-05:00,L,13520.0,13483.0,13483.25,36.75,-76.0,-1.034013605442177,SL,1,L
2021-01-27 09:30:00-05:00,2021-01-27 09:31:00-05:00,2021-01-27 09:32:00-05:00,S,13320.75,13304.75,13411.0,90.25,30.0,0.16620498614958448,TP,1,S
2021-01-28 09:30:00-05:00,2021-01-28 10:18:00-05:00,2021-01-28 15:59:00-05:00,L,13266.0,13185.0,13081.25,184.75,-164.0,-0.4438430311231394,time,1,L
2021-01-29 09:30:00-05:00,2021-01-29 09:40:00-05:00,2021-01-29 12:38:00-05:00,S,13030.5,12898.25,13163.75,133.25,262.5,0.9849906191369606,TP,1,S
2021-02-01 09:30:00-05:00,2021-02-01 11:25:00-05:00,2021-02-01 15:59:00-05:00,L,13150.0,13230.25,12986.25,163.75,158.5,0.48396946564885496,time,1,L
2021-02-02 09:30:00-05:00,2021-02-02 11:45:00-05:00,2021-02-02 15:59:00-05:00,L,13443.0,13448.25,13292.0,151.0,8.5,0.028145695364238412,time,1,L
2021-02-03 09:30:00-05:00,2021-02-03 09:32:00-05:00,2021-02-03 10:26:00-05:00,S,13486.25,13412.5,13560.75,74.5,145.5,0.9765100671140939,TP,1,S
2021-02-04 09:30:00-05:00,2021-02-04 10:02:00-05:00,2021-02-04 12:37:00-05:00,S,13400.25,13481.25,13481.0,80.75,-164.0,-1.0154798761609907,SL,1,S
2021-02-05 09:30:00-05:00,2021-02-05 09:55:00-05:00,2021-02-05 12:43:00-05:00,S,13541.75,13622.5,13622.25,80.5,-163.5,-1.015527950310559,SL,1,S
2021-02-08 09:30:00-05:00,2021-02-08 11:31:00-05:00,2021-02-08 15:59:00-05:00,S,13630.5,13685.25,13690.5,60.0,-111.5,-0.9291666666666667,time,1,S
2021-02-09 09:30:00-05:00,2021-02-09 09:35:00-05:00,2021-02-09 10:13:00-05:00,L,13674.75,13722.5,13626.25,48.5,93.5,0.9639175257731959,TP,1,L
2021-02-10 09:30:00-05:00,2021-02-10 09:41:00-05:00,2021-02-10 10:20:00-05:00,S,13715.25,13670.75,13760.75,45.5,87.0,0.9560439560439561,TP,1,S
2021-02-11 09:30:00-05:00,2021-02-11 12:45:00-05:00,2021-02-11 15:59:00-05:00,S,13643.5,13726.5,13766.25,122.75,-168.0,-0.6843177189409368,time,1,S
2021-02-12 09:30:00-05:00,2021-02-12 09:35:00-05:00,2021-02-12 10:44:00-05:00,S,13657.25,13717.5,13717.25,60.0,-122.5,-1.0208333333333333,SL,1,S
2021-02-16 09:30:00-05:00,2021-02-16 09:31:00-05:00,2021-02-16 09:32:00-05:00,L,13845.75,13829.75,13830.0,15.75,-34.0,-1.0793650793650793,SL,1,L
2021-02-17 09:30:00-05:00,2021-02-17 09:51:00-05:00,2021-02-17 10:21:00-05:00,L,13686.25,13605.75,13606.0,80.25,-163.0,-1.0155763239875388,SL,1,L
2021-02-18 09:30:00-05:00,2021-02-18 10:19:00-05:00,2021-02-18 13:17:00-05:00,S,13493.0,13577.5,13577.25,84.25,-171.0,-1.0148367952522255,SL,1,S
2021-02-19 09:30:00-05:00,2021-02-19 10:11:00-05:00,2021-02-19 13:10:00-05:00,S,13635.25,13535.25,13736.0,100.75,198.0,0.9826302729528535,TP,1,S
2021-02-22 09:30:00-05:00,2021-02-22 10:00:00-05:00,2021-02-22 10:22:00-05:00,L,13441.5,13357.75,13358.0,83.5,-169.5,-1.0149700598802396,SL,1,L
2021-02-23 09:30:00-05:00,2021-02-23 09:35:00-05:00,2021-02-23 09:45:00-05:00,S,12932.25,12818.75,13046.5,114.25,225.0,0.9846827133479212,TP,1,S
2021-02-24 09:30:00-05:00,2021-02-24 12:19:00-05:00,2021-02-24 15:59:00-05:00,L,13224.75,13294.25,12974.75,250.0,137.0,0.274,time,1,L
2021-02-25 09:30:00-05:00,2021-02-25 09:38:00-05:00,2021-02-25 10:36:00-05:00,L,13286.5,13110.75,13111.0,175.5,-353.5,-1.0071225071225072,SL,1,L
2021-02-26 09:30:00-05:00,2021-02-26 10:28:00-05:00,2021-02-26 12:10:00-05:00,S,12793.75,13057.25,13057.0,263.25,-529.0,-1.0047483380816715,SL,1,S
2021-03-01 09:30:00-05:00,2021-03-01 11:11:00-05:00,2021-03-01 15:59:00-05:00,L,13200.25,13274.25,13030.75,169.5,146.0,0.4306784660766962,time,1,L
2021-03-02 09:30:00-05:00,2021-03-02 09:40:00-05:00,2021-03-02 11:42:00-05:00,S,13223.25,13100.5,13346.75,123.5,243.5,0.9858299595141701,TP,1,S
2021-03-03 09:30:00-05:00,2021-03-03 09:43:00-05:00,2021-03-03 13:03:00-05:00,S,12935.75,12808.75,13063.75,128.0,252.0,0.984375,TP,1,S
2021-03-04 09:30:00-05:00,2021-03-04 10:04:00-05:00,2021-03-04 10:47:00-05:00,S,12551.0,12739.75,12739.5,188.5,-379.5,-1.006631299734748,SL,1,S
2021-03-05 09:30:00-05:00,2021-03-05 09:50:00-05:00,2021-03-05 15:00:00-05:00,S,12435.5,12681.5,12681.25,245.75,-494.0,-1.005086469989827,SL,1,S
2021-03-08 09:30:00-05:00,2021-03-08 12:15:00-05:00,2021-03-08 15:59:00-05:00,S,12488.0,12300.75,12733.5,245.5,372.5,0.7586558044806517,time,1,S
2021-03-09 09:30:00-05:00,2021-03-09 10:05:00-05:00,2021-03-09 15:59:00-05:00,L,12738.75,12786.5,12522.5,216.25,93.5,0.2161849710982659,time,1,L
2021-03-10 09:30:00-05:00,2021-03-10 09:40:00-05:00,2021-03-10 12:39:00-05:00,S,12883.25,12743.75,13023.75,140.5,277.0,0.9857651245551602,TP,1,S
2021-03-11 09:30:00-05:00,2021-03-11 11:00:00-05:00,2021-03-11 15:59:00-05:00,L,13029.5,13046.0,12899.5,130.0,31.0,0.11923076923076924,time,1,L
2021-03-12 09:30:00-05:00,2021-03-12 09:37:00-05:00,2021-03-12 12:30:00-05:00,S,12807.75,12911.75,12911.5,103.75,-210.0,-1.0120481927710843,SL,1,S
2021-03-15 09:30:00-04:00,2021-03-15 09:41:00-04:00,2021-03-15 10:03:00-04:00,S,12897.0,12986.25,12986.0,89.0,-180.5,-1.0140449438202248,SL,1,S
2021-03-16 09:30:00-04:00,2021-03-16 09:56:00-04:00,2021-03-16 14:26:00-04:00,L,13230.25,13128.5,13128.75,101.5,-205.5,-1.0123152709359606,SL,1,L
2021-03-18 09:30:00-04:00,2021-03-18 14:33:00-04:00,2021-03-18 15:59:00-04:00,S,12877.5,12782.25,13046.25,168.75,188.5,0.5585185185185185,time,1,S
2021-03-19 09:30:00-04:00,2021-03-19 10:07:00-04:00,2021-03-19 10:44:00-04:00,S,12697.5,12828.0,12827.75,130.25,-263.0,-1.0095969289827256,SL,1,S
2021-03-22 09:30:00-04:00,2021-03-22 09:36:00-04:00,2021-03-22 12:04:00-04:00,L,12992.0,13096.25,12887.0,105.0,206.5,0.9833333333333333,TP,1,L
2021-03-23 09:30:00-04:00,2021-03-23 14:59:00-04:00,2021-03-23 15:59:00-04:00,S,13044.25,13005.75,13159.25,115.0,75.0,0.32608695652173914,time,1,S
2021-03-24 09:30:00-04:00,2021-03-24 09:38:00-04:00,2021-03-24 10:17:00-04:00,S,13012.75,12916.75,13109.75,97.0,190.0,0.979381443298969,TP,1,S
2021-03-25 09:30:00-04:00,2021-03-25 09:41:00-04:00,2021-03-25 10:51:00-04:00,L,12802.5,12659.5,12659.75,142.75,-288.0,-1.0087565674255692,SL,1,L
2021-03-26 09:30:00-04:00,2021-03-26 10:02:00-04:00,2021-03-26 14:15:00-04:00,L,12832.25,12718.0,12718.25,114.0,-230.5,-1.0109649122807018,SL,1,L
2021-03-29 09:30:00-04:00,2021-03-29 09:57:00-04:00,2021-03-29 13:12:00-04:00,S,12858.5,12996.5,12996.25,137.75,-278.0,-1.0090744101633393,SL,1,S
2021-03-30 09:30:00-04:00,2021-03-30 09:42:00-04:00,2021-03-30 11:38:00-04:00,S,12817.25,12911.0,12910.75,93.5,-189.5,-1.0133689839572193,SL,1,S
2021-03-31 09:30:00-04:00,2021-03-31 09:41:00-04:00,2021-03-31 10:06:00-04:00,L,13010.5,13079.75,12940.5,70.0,136.5,0.975,TP,1,L
2021-04-01 09:30:00-04:00,2021-04-01 10:13:00-04:00,2021-04-01 15:59:00-04:00,L,13315.0,13314.0,13212.0,103.0,-4.0,-0.019417475728155338,time,1,L
2021-04-05 09:30:00-04:00,2021-04-05 09:37:00-04:00,2021-04-05 09:50:00-04:00,L,13444.0,13483.5,13403.75,40.25,77.0,0.9565217391304348,TP,1,L
2021-04-06 09:30:00-04:00,2021-04-06 11:12:00-04:00,2021-04-06 15:59:00-04:00,L,13630.0,13571.75,13527.0,103.0,-118.5,-0.5752427184466019,time,1,L
2021-04-07 09:30:00-04:00,2021-04-07 09:34:00-04:00,2021-04-07 09:51:00-04:00,S,13517.75,13576.0,13575.75,58.0,-118.5,-1.021551724137931,SL,1,S
2021-04-09 09:30:00-04:00,2021-04-09 09:38:00-04:00,2021-04-09 09:44:00-04:00,S,13669.75,13702.0,13701.75,32.0,-66.5,-1.0390625,SL,1,S
2021-04-13 09:30:00-04:00,2021-04-13 09:36:00-04:00,2021-04-13 14:34:00-04:00,L,13906.75,13954.75,13858.0,48.75,94.0,0.9641025641025641,TP,1,L
2021-04-14 09:30:00-04:00,2021-04-14 09:33:00-04:00,2021-04-14 11:19:00-04:00,S,13944.75,13881.75,14008.75,64.0,124.0,0.96875,TP,1,S
2021-04-15 09:30:00-04:00,2021-04-15 10:31:00-04:00,2021-04-15 15:59:00-04:00,L,13994.0,14015.75,13885.75,108.25,41.5,0.19168591224018475,time,1,L
2021-04-16 09:30:00-04:00,2021-04-16 09:31:00-04:00,2021-04-16 15:59:00-04:00,S,14005.0,14031.25,14060.75,55.75,-54.5,-0.48878923766816146,time,1,S
2021-04-19 09:30:00-04:00,2021-04-19 09:32:00-04:00,2021-04-19 10:06:00-04:00,L,13991.75,13947.5,13947.75,44.0,-90.5,-1.0284090909090908,SL,1,L
2021-04-20 09:30:00-04:00,2021-04-20 10:45:00-04:00,2021-04-20 11:35:00-04:00,S,13815.75,13720.25,13912.25,96.5,189.0,0.9792746113989638,TP,1,S
2021-04-21 09:30:00-04:00,2021-04-21 10:25:00-04:00,2021-04-21 15:50:00-04:00,L,13810.5,13915.25,13704.75,105.75,207.5,0.9810874704491725,TP,1,L
2021-04-22 09:30:00-04:00,2021-04-22 13:11:00-04:00,2021-04-22 13:56:00-04:00,S,13832.5,13719.75,13946.0,113.5,223.5,0.9845814977973568,TP,1,S
2021-04-23 09:30:00-04:00,2021-04-23 10:12:00-04:00,2021-04-23 15:31:00-04:00,L,13849.25,13969.75,13727.75,121.5,239.0,0.9835390946502057,TP,1,L
2021-04-26 09:30:00-04:00,2021-04-26 13:48:00-04:00,2021-04-26 15:59:00-04:00,L,13995.25,14013.25,13892.25,103.0,34.0,0.1650485436893204,time,1,L
2021-04-27 09:30:00-04:00,2021-04-27 09:44:00-04:00,2021-04-27 10:01:00-04:00,S,13987.0,13925.5,14049.25,62.25,121.0,0.9718875502008032,TP,1,S
2021-04-28 09:30:00-04:00,2021-04-28 09:34:00-04:00,2021-04-28 09:56:00-04:00,S,13902.75,13964.25,13964.0,61.25,-125.0,-1.0204081632653061,SL,1,S
2021-04-29 09:30:00-04:00,2021-04-29 09:45:00-04:00,2021-04-29 09:55:00-04:00,S,14010.75,13959.25,14063.0,52.25,101.0,0.9665071770334929,TP,1,S
2021-04-30 09:30:00-04:00,2021-04-30 10:24:00-04:00,2021-04-30 15:59:00-04:00,L,13925.75,13860.5,13804.0,121.75,-132.5,-0.5441478439425051,time,1,L
2021-05-03 09:30:00-04:00,2021-05-03 09:36:00-04:00,2021-05-03 10:15:00-04:00,S,13875.0,13941.5,13941.25,66.25,-135.0,-1.0188679245283019,SL,1,S
2021-05-04 09:30:00-04:00,2021-05-04 09:33:00-04:00,2021-05-04 09:57:00-04:00,S,13629.25,13541.75,13717.5,88.25,173.0,0.9801699716713881,TP,1,S
2021-05-05 09:30:00-04:00,2021-05-05 10:10:00-04:00,2021-05-05 15:59:00-04:00,S,13533.5,13494.25,13691.75,158.25,76.5,0.24170616113744076,time,1,S
2021-05-06 09:30:00-04:00,2021-05-06 10:00:00-04:00,2021-05-06 11:34:00-04:00,S,13423.5,13525.5,13525.25,101.75,-206.0,-1.0122850122850122,SL,1,S
2021-05-07 09:30:00-04:00,2021-05-07 10:13:00-04:00,2021-05-07 14:00:00-04:00,L,13779.0,13671.5,13671.75,107.25,-217.0,-1.0116550116550116,SL,1,L
2021-05-10 09:30:00-04:00,2021-05-10 09:31:00-04:00,2021-05-10 09:53:00-04:00,S,13605.0,13531.25,13679.75,74.75,145.5,0.9732441471571907,TP,1,S
2021-05-11 09:30:00-04:00,2021-05-11 09:43:00-04:00,2021-05-11 13:28:00-04:00,L,13205.75,13358.0,13052.75,153.0,302.5,0.988562091503268,TP,1,L
2021-05-12 09:30:00-04:00,2021-05-12 09:46:00-04:00,2021-05-12 10:41:00-04:00,L,13221.0,13074.5,13074.75,146.25,-295.0,-1.0085470085470085,SL,1,L
2021-05-13 09:30:00-04:00,2021-05-13 10:13:00-04:00,2021-05-13 11:44:00-04:00,L,13203.0,13066.75,13067.0,136.0,-274.5,-1.0091911764705883,SL,1,L
2021-05-14 09:30:00-04:00,2021-05-14 10:20:00-04:00,2021-05-14 14:47:00-04:00,L,13300.25,13413.75,13185.75,114.5,225.0,0.982532751091703,TP,1,L
2021-05-17 09:30:00-04:00,2021-05-17 10:02:00-04:00,2021-05-17 15:59:00-04:00,S,13247.75,13306.0,13357.0,109.25,-118.5,-0.5423340961098398,time,1,S
2021-05-18 09:30:00-04:00,2021-05-18 10:50:00-04:00,2021-05-18 14:23:00-04:00,L,13394.0,13313.25,13313.5,80.5,-163.5,-1.015527950310559,SL,1,L
2021-05-19 09:30:00-04:00,2021-05-19 09:36:00-04:00,2021-05-19 11:14:00-04:00,L,13042.5,13138.25,12945.75,96.75,189.5,0.979328165374677,TP,1,L
2021-05-20 09:30:00-04:00,2021-05-20 09:41:00-04:00,2021-05-20 14:56:00-04:00,L,13374.25,13510.25,13237.25,137.0,270.0,0.9854014598540146,TP,1,L
2021-05-21 09:30:00-04:00,2021-05-21 10:18:00-04:00,2021-05-21 15:59:00-04:00,S,13479.0,13409.25,13600.5,121.5,137.5,0.565843621399177,time,1,S
2021-05-24 09:30:00-04:00,2021-05-24 09:38:00-04:00,2021-05-24 10:40:00-04:00,L,13561.75,13648.25,13474.25,87.5,171.0,0.9771428571428571,TP,1,L
2021-05-25 09:30:00-04:00,2021-05-25 10:33:00-04:00,2021-05-25 15:59:00-04:00,S,13642.75,13656.75,13739.75,97.0,-30.0,-0.15463917525773196,time,1,S
2021-05-26 09:30:00-04:00,2021-05-26 12:12:00-04:00,2021-05-26 15:59:00-04:00,L,13724.0,13701.5,13660.75,63.25,-47.0,-0.3715415019762846,time,1,L
2021-05-27 09:30:00-04:00,2021-05-27 09:32:00-04:00,2021-05-27 10:18:00-04:00,S,13664.5,13699.5,13699.25,34.75,-72.0,-1.0359712230215827,SL,1,S
2021-05-28 09:30:00-04:00,2021-05-28 09:40:00-04:00,2021-05-28 15:54:00-04:00,L,13727.0,13688.0,13688.25,38.75,-80.0,-1.032258064516129,SL,1,L
2021-05-31 09:30:00-04:00,2021-05-31 12:29:00-04:00,2021-05-31 12:49:00-04:00,S,13653.25,13658.5,13694.0,40.75,-12.5,-0.15337423312883436,time,1,S
2021-06-01 09:30:00-04:00,2021-06-01 09:32:00-04:00,2021-06-01 09:40:00-04:00,S,13743.0,13758.0,13757.75,14.75,-32.0,-1.0847457627118644,SL,1,S
2021-06-02 09:30:00-04:00,2021-06-02 14:13:00-04:00,2021-06-02 15:59:00-04:00,S,13612.75,13674.5,13703.25,90.5,-125.5,-0.6933701657458563,time,1,S
2021-06-03 09:30:00-04:00,2021-06-03 09:38:00-04:00,2021-06-03 09:49:00-04:00,S,13522.25,13468.0,13577.25,55.0,106.5,0.9681818181818181,TP,1,S
2021-06-04 09:30:00-04:00,2021-06-04 09:35:00-04:00,2021-06-04 10:02:00-04:00,L,13654.5,13727.75,13580.5,74.0,144.5,0.9763513513513513,TP,1,L
2021-06-08 09:30:00-04:00,2021-06-08 09:40:00-04:00,2021-06-08 09:52:00-04:00,L,13908.0,13859.75,13860.0,48.0,-98.5,-1.0260416666666667,SL,1,L
2021-06-09 09:30:00-04:00,2021-06-09 11:56:00-04:00,2021-06-09 15:59:00-04:00,S,13818.5,13816.0,13906.25,87.75,3.0,0.017094017094017096,time,1,S
2021-06-10 09:30:00-04:00,2021-06-10 09:34:00-04:00,2021-06-10 09:39:00-04:00,L,13860.25,13908.5,13811.25,49.0,94.5,0.9642857142857143,TP,1,L
2021-06-15 09:30:00-04:00,2021-06-15 10:26:00-04:00,2021-06-15 15:59:00-04:00,S,14059.75,14027.5,14143.25,83.5,62.5,0.37425149700598803,time,1,S
2021-06-16 09:30:00-04:00,2021-06-16 09:56:00-04:00,2021-06-16 11:56:00-04:00,L,14087.25,14026.0,14026.25,61.0,-124.5,-1.0204918032786885,SL,1,L
2021-06-17 09:30:00-04:00,2021-06-17 09:41:00-04:00,2021-06-17 11:17:00-04:00,L,14014.75,14147.0,13881.75,133.0,262.5,0.9868421052631579,TP,1,L
2021-06-21 09:30:00-04:00,2021-06-21 09:32:00-04:00,2021-06-21 10:08:00-04:00,S,14014.5,14076.0,14075.75,61.25,-125.0,-1.0204081632653061,SL,1,S
2021-06-22 09:30:00-04:00,2021-06-22 09:38:00-04:00,2021-06-22 15:21:00-04:00,L,14176.0,14268.25,14083.0,93.0,182.5,0.9811827956989247,TP,1,L
2021-06-23 09:30:00-04:00,2021-06-23 09:59:00-04:00,2021-06-23 15:59:00-04:00,L,14310.25,14263.0,14224.0,86.25,-96.5,-0.5594202898550724,time,1,L
2021-06-24 09:30:00-04:00,2021-06-24 09:35:00-04:00,2021-06-24 12:13:00-04:00,L,14375.5,14417.5,14332.75,42.75,82.0,0.9590643274853801,TP,1,L
2021-06-25 09:30:00-04:00,2021-06-25 09:55:00-04:00,2021-06-25 15:59:00-04:00,S,14351.25,14339.5,14398.75,47.5,21.5,0.22631578947368422,time,1,S
2021-06-28 09:30:00-04:00,2021-06-28 09:31:00-04:00,2021-06-28 09:38:00-04:00,L,14417.75,14455.5,14378.25,39.5,73.5,0.930379746835443,TP,1,L
2021-06-29 09:30:00-04:00,2021-06-29 12:27:00-04:00,2021-06-29 15:59:00-04:00,L,14544.75,14563.75,14480.25,64.5,36.0,0.27906976744186046,time,1,L
2021-06-30 09:30:00-04:00,2021-06-30 09:35:00-04:00,2021-06-30 15:59:00-04:00,S,14529.5,14544.0,14578.25,48.75,-31.0,-0.31794871794871793,time,1,S
2021-07-01 09:30:00-04:00,2021-07-01 09:32:00-04:00,2021-07-01 10:19:00-04:00,L,14545.5,14515.75,14516.0,29.5,-61.5,-1.0423728813559323,SL,1,L
2021-07-02 09:30:00-04:00,2021-07-02 09:38:00-04:00,2021-07-02 15:31:00-04:00,L,14659.75,14708.75,14609.75,50.0,96.0,0.96,TP,1,L
2021-07-06 09:30:00-04:00,2021-07-06 09:31:00-04:00,2021-07-06 09:31:00-04:00,L,14762.5,14752.5,14737.25,25.25,-22.0,-0.43564356435643564,TP,1,L
2021-07-07 09:30:00-04:00,2021-07-07 09:35:00-04:00,2021-07-07 10:43:00-04:00,S,14821.5,14739.75,14904.0,82.5,161.5,0.9787878787878788,TP,1,S
2021-07-08 09:30:00-04:00,2021-07-08 09:40:00-04:00,2021-07-08 09:48:00-04:00,L,14641.75,14562.5,14562.75,79.0,-160.5,-1.0158227848101267,SL,1,L
2021-07-09 09:30:00-04:00,2021-07-09 10:53:00-04:00,2021-07-09 15:59:00-04:00,L,14759.0,14810.0,14650.5,108.5,100.0,0.4608294930875576,time,1,L
2021-07-12 09:30:00-04:00,2021-07-12 09:50:00-04:00,2021-07-12 15:59:00-04:00,S,14821.0,14868.75,14903.25,82.25,-97.5,-0.5927051671732523,time,1,S
2021-07-13 09:30:00-04:00,2021-07-13 09:32:00-04:00,2021-07-13 10:00:00-04:00,L,14879.5,14922.25,14836.0,43.5,83.5,0.9597701149425287,TP,1,L
2021-07-14 09:30:00-04:00,2021-07-14 11:28:00-04:00,2021-07-14 15:59:00-04:00,S,14920.75,14894.75,15001.5,80.75,50.0,0.30959752321981426,time,1,S
2021-07-15 09:30:00-04:00,2021-07-15 09:33:00-04:00,2021-07-15 10:29:00-04:00,S,14852.5,14786.0,14919.75,67.25,131.0,0.9739776951672863,TP,1,S
2021-07-16 09:30:00-04:00,2021-07-16 10:21:00-04:00,2021-07-16 15:32:00-04:00,S,14771.0,14674.75,14868.25,97.25,190.5,0.9794344473007712,TP,1,S
2021-07-19 09:30:00-04:00,2021-07-19 10:01:00-04:00,2021-07-19 11:32:00-04:00,S,14464.5,14571.25,14571.0,106.5,-215.5,-1.011737089201878,SL,1,S
2021-07-20 09:30:00-04:00,2021-07-20 09:32:00-04:00,2021-07-20 10:41:00-04:00,S,14551.75,14617.75,14617.5,65.75,-134.0,-1.0190114068441065,SL,1,S
2021-07-21 09:30:00-04:00,2021-07-21 11:09:00-04:00,2021-07-21 15:59:00-04:00,L,14782.0,14828.0,14649.0,133.0,90.0,0.3383458646616541,time,1,L
2021-07-22 09:30:00-04:00,2021-07-22 09:42:00-04:00,2021-07-22 15:59:00-04:00,L,14882.0,14928.5,14811.75,70.25,91.0,0.6476868327402135,time,1,L
2021-07-23 09:30:00-04:00,2021-07-23 09:31:00-04:00,2021-07-23 10:20:00-04:00,S,14957.75,15003.75,15003.5,45.75,-94.0,-1.0273224043715847,SL,1,S
2021-07-26 09:30:00-04:00,2021-07-26 12:00:00-04:00,2021-07-26 15:59:00-04:00,L,15130.25,15116.5,15038.25,92.0,-29.5,-0.16032608695652173,time,1,L
2021-07-27 09:30:00-04:00,2021-07-27 09:33:00-04:00,2021-07-27 10:00:00-04:00,S,15076.75,15030.25,15124.0,47.25,91.0,0.9629629629629629,TP,1,S
2021-07-29 09:30:00-04:00,2021-07-29 09:35:00-04:00,2021-07-29 15:59:00-04:00,L,15035.5,15034.75,14948.5,87.0,-3.5,-0.020114942528735632,time,1,L
2021-07-30 09:30:00-04:00,2021-07-30 09:31:00-04:00,2021-07-30 09:59:00-04:00,L,14899.75,14950.25,14848.5,51.25,99.0,0.9658536585365853,TP,1,L
2021-08-02 09:30:00-04:00,2021-08-02 09:36:00-04:00,2021-08-02 09:51:00-04:00,S,14993.0,14936.75,15050.25,57.25,110.5,0.9650655021834061,TP,1,S
2021-08-03 09:30:00-04:00,2021-08-03 09:52:00-04:00,2021-08-03 10:07:00-04:00,S,14950.0,14891.25,15009.75,59.75,115.5,0.9665271966527197,TP,1,S
2021-08-04 09:30:00-04:00,2021-08-04 14:35:00-04:00,2021-08-04 15:59:00-04:00,L,15105.5,15068.25,15004.5,101.0,-76.5,-0.3787128712871287,time,1,L
2021-08-05 09:30:00-04:00,2021-08-05 10:31:00-04:00,2021-08-05 15:59:00-04:00,L,15135.0,15166.25,15079.0,56.0,60.5,0.5401785714285714,time,1,L
2021-08-06 09:30:00-04:00,2021-08-06 09:34:00-04:00,2021-08-06 10:48:00-04:00,L,15139.25,15089.0,15089.25,50.0,-102.5,-1.025,SL,1,L
2021-08-09 09:30:00-04:00,2021-08-09 09:36:00-04:00,2021-08-09 10:36:00-04:00,S,15084.5,15136.25,15136.0,51.5,-105.5,-1.0242718446601942,SL,1,S
2021-08-10 09:30:00-04:00,2021-08-10 09:34:00-04:00,2021-08-10 10:30:00-04:00,S,15120.75,15082.75,15159.5,38.75,74.0,0.9548387096774194,TP,1,S
2021-08-11 09:30:00-04:00,2021-08-11 09:46:00-04:00,2021-08-11 11:16:00-04:00,S,15049.5,14968.75,15131.0,81.5,159.5,0.9785276073619632,TP,1,S
2021-08-12 09:30:00-04:00,2021-08-12 09:37:00-04:00,2021-08-12 10:33:00-04:00,S,14952.5,15031.0,15030.75,78.25,-159.0,-1.0159744408945688,SL,1,S
2021-08-13 09:30:00-04:00,2021-08-13 10:18:00-04:00,2021-08-13 15:59:00-04:00,L,15134.0,15126.0,15059.0,75.0,-18.0,-0.12,time,1,L
2021-08-16 09:30:00-04:00,2021-08-16 09:32:00-04:00,2021-08-16 09:50:00-04:00,L,15102.0,15064.75,15065.0,37.0,-76.5,-1.0337837837837838,SL,1,L
2021-08-17 09:30:00-04:00,2021-08-17 10:00:00-04:00,2021-08-17 15:59:00-04:00,S,14950.75,15000.0,15060.75,110.0,-100.5,-0.45681818181818185,time,1,S
2021-08-18 09:30:00-04:00,2021-08-18 09:55:00-04:00,2021-08-18 14:13:00-04:00,L,15027.25,14946.25,14946.5,80.75,-164.0,-1.0154798761609907,SL,1,L
2021-08-19 09:30:00-04:00,2021-08-19 09:35:00-04:00,2021-08-19 11:19:00-04:00,L,14833.25,14930.25,14735.5,97.75,192.0,0.9820971867007673,TP,1,L
2021-08-20 09:30:00-04:00,2021-08-20 09:55:00-04:00,2021-08-20 15:59:00-04:00,L,15044.5,15083.0,14926.5,118.0,75.0,0.3177966101694915,time,1,L
2021-08-23 09:30:00-04:00,2021-08-23 09:36:00-04:00,2021-08-23 10:20:00-04:00,L,15169.75,15239.75,15099.0,70.75,138.0,0.9752650176678446,TP,1,L
2021-08-25 09:30:00-04:00,2021-08-25 09:32:00-04:00,2021-08-25 10:32:00-04:00,L,15386.0,15351.75,15352.0,34.0,-70.5,-1.036764705882353,SL,1,L
2021-08-26 09:30:00-04:00,2021-08-26 09:31:00-04:00,2021-08-26 10:24:00-04:00,L,15354.75,15322.25,15322.5,32.25,-67.0,-1.0387596899224807,SL,1,L
2021-08-27 09:30:00-04:00,2021-08-27 10:00:00-04:00,2021-08-27 10:00:00-04:00,L,15334.25,15279.0,15279.25,55.0,-112.5,-1.0227272727272727,SL,1,L
2021-08-30 09:30:00-04:00,2021-08-30 09:38:00-04:00,2021-08-30 11:46:00-04:00,L,15506.0,15588.75,15422.5,83.5,163.5,0.9790419161676647,TP,1,L
2021-08-31 09:30:00-04:00,2021-08-31 09:31:00-04:00,2021-08-31 15:59:00-04:00,S,15558.25,15584.5,15639.75,81.5,-54.5,-0.3343558282208589,time,1,S
2021-09-01 09:30:00-04:00,2021-09-01 09:32:00-04:00,2021-09-01 15:54:00-04:00,L,15658.75,15610.75,15611.0,47.75,-98.0,-1.0261780104712042,SL,1,L
2021-09-02 09:30:00-04:00,2021-09-02 10:03:00-04:00,2021-09-02 13:25:00-04:00,S,15639.5,15592.25,15687.5,48.0,92.5,0.9635416666666666,TP,1,S
2021-09-03 09:30:00-04:00,2021-09-03 09:31:00-04:00,2021-09-03 10:03:00-04:00,L,15595.5,15660.5,15529.75,65.75,128.0,0.973384030418251,TP,1,L
2021-09-07 09:30:00-04:00,2021-09-07 09:31:00-04:00,2021-09-07 09:32:00-04:00,L,15662.75,15651.0,15651.25,11.5,-25.5,-1.108695652173913,SL,1,L
2021-09-08 09:30:00-04:00,2021-09-08 09:34:00-04:00,2021-09-08 10:34:00-04:00,S,15637.25,15590.5,15684.75,47.5,91.5,0.9631578947368421,TP,1,S
2021-09-09 09:30:00-04:00,2021-09-09 09:45:00-04:00,2021-09-09 13:20:00-04:00,L,15673.75,15601.5,15601.75,72.0,-146.5,-1.0173611111111112,SL,1,L
2021-09-10 09:30:00-04:00,2021-09-10 10:23:00-04:00,2021-09-10 11:30:00-04:00,S,15600.75,15540.75,15661.75,61.0,118.0,0.9672131147540983,TP,1,S
2021-09-14 09:30:00-04:00,2021-09-14 09:58:00-04:00,2021-09-14 15:59:00-04:00,S,15428.5,15383.0,15536.0,107.5,89.0,0.413953488372093,time,1,S
2021-09-15 09:30:00-04:00,2021-09-15 09:39:00-04:00,2021-09-15 12:56:00-04:00,S,15351.0,15441.25,15441.0,90.0,-182.5,-1.0138888888888888,SL,1,S
2021-09-16 09:30:00-04:00,2021-09-16 10:04:00-04:00,2021-09-16 14:10:00-04:00,S,15379.5,15483.25,15483.0,103.5,-209.5,-1.0120772946859904,SL,1,S
2021-09-17 09:30:00-04:00,2021-09-17 09:35:00-04:00,2021-09-17 10:41:00-04:00,S,15431.75,15345.25,15519.0,87.25,171.0,0.9799426934097422,TP,1,S
2021-09-20 09:30:00-04:00,2021-09-20 09:32:00-04:00,2021-09-20 10:18:00-04:00,L,15138.75,15033.75,15034.0,104.75,-212.0,-1.0119331742243436,SL,1,L
2021-09-21 09:30:00-04:00,2021-09-21 10:52:00-04:00,2021-09-21 15:59:00-04:00,S,14978.25,15018.75,15150.5,172.25,-83.0,-0.2409288824383164,time,1,S
2021-09-22 09:30:00-04:00,2021-09-22 10:06:00-04:00,2021-09-22 11:50:00-04:00,L,15109.25,15187.25,15030.25,79.0,154.0,0.9746835443037974,TP,1,L
2021-09-23 09:30:00-04:00,2021-09-23 09:48:00-04:00,2021-09-23 15:59:00-04:00,L,15275.0,15299.25,15168.5,106.5,46.5,0.21830985915492956,time,1,L
2021-09-24 09:30:00-04:00,2021-09-24 10:00:00-04:00,2021-09-24 15:59:00-04:00,L,15256.0,15315.0,15173.25,82.75,116.0,0.7009063444108762,time,1,L
2021-09-27 09:30:00-04:00,2021-09-27 09:35:00-04:00,2021-09-27 11:04:00-04:00,S,15141.25,15214.0,15213.75,72.5,-147.5,-1.0172413793103448,SL,1,S
2021-09-28 09:30:00-04:00,2021-09-28 09:40:00-04:00,2021-09-28 10:08:00-04:00,S,14956.75,14883.75,15030.5,73.75,144.0,0.976271186440678,TP,1,S
2021-09-29 09:30:00-04:00,2021-09-29 10:00:00-04:00,2021-09-29 11:39:00-04:00,L,14905.25,14759.5,14759.75,145.5,-293.5,-1.0085910652920962,SL,1,L
2021-09-30 09:30:00-04:00,2021-09-30 09:36:00-04:00,2021-09-30 11:38:00-04:00,L,14869.0,14770.5,14770.75,98.25,-199.0,-1.0127226463104326,SL,1,L
2021-10-01 09:30:00-04:00,2021-10-01 09:40:00-04:00,2021-10-01 10:23:00-04:00,S,14646.75,14542.75,14751.5,104.75,206.0,0.9832935560859188,TP,1,S
2021-10-04 09:30:00-04:00,2021-10-04 09:42:00-04:00,2021-10-04 10:33:00-04:00,S,14619.75,14479.75,14760.5,140.75,278.0,0.9875666074600356,TP,1,S
2021-10-05 09:30:00-04:00,2021-10-05 10:03:00-04:00,2021-10-05 15:59:00-04:00,L,14613.0,14657.75,14436.5,176.5,87.5,0.24787535410764872,time,1,L
2021-10-06 09:30:00-04:00,2021-10-06 09:38:00-04:00,2021-10-06 14:11:00-04:00,L,14599.5,14728.0,14470.25,129.25,255.0,0.9864603481624759,TP,1,L
2021-10-07 09:30:00-04:00,2021-10-07 10:01:00-04:00,2021-10-07 15:59:00-04:00,L,14966.75,14886.0,14825.75,141.0,-163.5,-0.5797872340425532,time,1,L
2021-10-08 09:30:00-04:00,2021-10-08 09:34:00-04:00,2021-10-08 10:42:00-04:00,S,14889.75,14819.25,14961.0,71.25,139.0,0.9754385964912281,TP,1,S
2021-10-11 09:30:00-04:00,2021-10-11 09:35:00-04:00,2021-10-11 10:00:00-04:00,L,14794.5,14870.25,14718.0,76.5,149.5,0.9771241830065359,TP,1,L
2021-10-12 09:30:00-04:00,2021-10-12 09:44:00-04:00,2021-10-12 15:59:00-04:00,S,14699.25,14650.5,14799.75,100.5,95.5,0.47512437810945274,time,1,S
2021-10-13 09:30:00-04:00,2021-10-13 09:54:00-04:00,2021-10-13 14:01:00-04:00,S,14699.0,14778.5,14778.25,79.25,-161.0,-1.0157728706624605,SL,1,S
2021-10-14 09:30:00-04:00,2021-10-14 10:01:00-04:00,2021-10-14 12:06:00-04:00,L,14960.5,15027.25,14892.75,67.75,131.5,0.9704797047970479,TP,1,L
2021-10-18 09:30:00-04:00,2021-10-18 09:41:00-04:00,2021-10-18 10:06:00-04:00,L,15105.5,15152.0,15058.25,47.25,91.0,0.9629629629629629,TP,1,L
2021-10-20 09:30:00-04:00,2021-10-20 10:01:00-04:00,2021-10-20 10:30:00-04:00,S,15388.25,15439.5,15439.25,51.0,-104.5,-1.0245098039215685,SL,1,S
2021-10-21 09:30:00-04:00,2021-10-21 09:50:00-04:00,2021-10-21 15:01:00-04:00,L,15385.5,15448.75,15321.5,64.0,124.5,0.97265625,TP,1,L
2021-10-22 09:30:00-04:00,2021-10-22 11:16:00-04:00,2021-10-22 11:37:00-04:00,S,15377.25,15303.0,15452.25,75.0,146.5,0.9766666666666667,TP,1,S
2021-10-25 09:30:00-04:00,2021-10-25 09:40:00-04:00,2021-10-25 12:02:00-04:00,S,15348.0,15443.5,15443.25,95.25,-193.0,-1.0131233595800524,SL,1,S
2021-10-26 09:30:00-04:00,2021-10-26 10:07:00-04:00,2021-10-26 12:40:00-04:00,L,15664.5,15553.75,15554.0,110.5,-223.5,-1.01131221719457,SL,1,L
2021-10-27 09:30:00-04:00,2021-10-27 09:45:00-04:00,2021-10-27 15:59:00-04:00,L,15630.25,15584.75,15530.75,99.5,-93.0,-0.46733668341708545,time,1,L
2021-10-28 09:30:00-04:00,2021-10-28 10:41:00-04:00,2021-10-28 15:59:00-04:00,L,15717.0,15761.25,15637.25,79.75,86.5,0.542319749216301,time,1,L
2021-10-29 09:30:00-04:00,2021-10-29 09:38:00-04:00,2021-10-29 11:32:00-04:00,L,15672.75,15740.25,15604.25,68.5,133.0,0.9708029197080292,TP,1,L
2021-11-01 09:30:00-04:00,2021-11-01 10:00:00-04:00,2021-11-01 15:59:00-04:00,S,15788.25,15894.0,15904.0,115.75,-213.5,-0.9222462203023758,time,1,S
2021-11-02 09:30:00-04:00,2021-11-02 09:36:00-04:00,2021-11-02 11:44:00-04:00,L,15905.0,15969.5,15839.75,65.25,127.0,0.9731800766283525,TP,1,L
2021-11-03 09:30:00-04:00,2021-11-03 09:36:00-04:00,2021-11-03 14:00:00-04:00,S,15945.0,16003.5,16003.25,58.25,-119.0,-1.0214592274678111,SL,1,S
2021-11-04 09:30:00-04:00,2021-11-04 09:54:00-04:00,2021-11-04 13:56:00-04:00,L,16243.5,16348.5,16137.75,105.75,208.0,0.983451536643026,TP,1,L
2021-11-05 09:30:00-04:00,2021-11-05 13:13:00-04:00,2021-11-05 15:59:00-04:00,S,16343.75,16351.5,16454.75,111.0,-17.5,-0.07882882882882883,time,1,S
2021-11-08 09:30:00-05:00,2021-11-08 10:41:00-05:00,2021-11-08 14:17:00-05:00,S,16302.75,16381.5,16381.25,78.5,-159.5,-1.015923566878981,SL,1,S
2021-11-09 09:30:00-05:00,2021-11-09 09:48:00-05:00,2021-11-09 09:53:00-05:00,S,16348.0,16302.75,16394.25,46.25,88.5,0.9567567567567568,TP,1,S
2021-11-10 09:30:00-05:00,2021-11-10 09:59:00-05:00,2021-11-10 13:06:00-05:00,L,16171.5,16055.0,16055.25,116.25,-235.0,-1.010752688172043,SL,1,L
2021-11-12 09:30:00-05:00,2021-11-12 09:36:00-05:00,2021-11-12 10:47:00-05:00,S,16038.0,16090.75,16090.5,52.5,-107.5,-1.0238095238095237,SL,1,S
2021-11-15 09:30:00-05:00,2021-11-15 10:10:00-05:00,2021-11-15 15:59:00-05:00,S,16177.0,16188.75,16283.25,106.25,-25.5,-0.12,time,1,S
2021-11-16 09:30:00-05:00,2021-11-16 09:35:00-05:00,2021-11-16 11:17:00-05:00,L,16208.75,16293.75,16123.0,85.75,168.0,0.9795918367346939,TP,1,L
2021-11-17 09:30:00-05:00,2021-11-17 11:42:00-05:00,2021-11-17 15:59:00-05:00,L,16368.0,16313.0,16280.25,87.75,-112.0,-0.6381766381766382,time,1,L
2021-11-18 09:30:00-05:00,2021-11-18 09:32:00-05:00,2021-11-18 11:34:00-05:00,S,16359.0,16424.0,16423.75,64.75,-132.0,-1.0193050193050193,SL,1,S
2021-11-19 09:30:00-05:00,2021-11-19 09:58:00-05:00,2021-11-19 15:59:00-05:00,L,16610.0,16571.75,16509.75,100.25,-78.5,-0.3915211970074813,time,1,L
2021-11-22 09:30:00-05:00,2021-11-22 09:31:00-05:00,2021-11-22 09:49:00-05:00,L,16672.5,16728.25,16616.0,56.5,109.5,0.9690265486725663,TP,1,L
2021-11-23 09:30:00-05:00,2021-11-23 10:43:00-05:00,2021-11-23 15:59:00-05:00,S,16213.0,16305.75,16408.75,195.75,-187.5,-0.4789272030651341,time,1,S
2021-11-24 09:30:00-05:00,2021-11-24 09:46:00-05:00,2021-11-24 10:30:00-05:00,S,16107.75,16258.5,16258.25,150.5,-303.5,-1.0083056478405317,SL,1,S
2021-11-26 09:30:00-05:00,2021-11-26 09:31:00-05:00,2021-11-26 09:31:00-05:00,L,16263.5,16281.0,16242.75,20.75,33.0,0.7951807228915663,TP,1,L
2021-11-29 09:30:00-05:00,2021-11-29 11:39:00-05:00,2021-11-29 15:59:00-05:00,L,16335.5,16390.5,16175.5,160.0,108.0,0.3375,time,1,L
2021-11-30 09:30:00-05:00,2021-11-30 10:00:00-05:00,2021-11-30 10:47:00-05:00,L,16424.75,16309.25,16309.5,115.25,-233.0,-1.0108459869848156,SL,1,L
2021-12-01 09:30:00-05:00,2021-12-01 13:07:00-05:00,2021-12-01 15:16:00-05:00,S,16221.75,16028.25,16416.25,194.5,385.0,0.9897172236503856,TP,1,S
2021-12-02 09:30:00-05:00,2021-12-02 09:54:00-05:00,2021-12-02 15:59:00-05:00,L,15995.5,15991.25,15710.25,285.25,-10.5,-0.018404907975460124,time,1,L
2021-12-03 09:30:00-05:00,2021-12-03 09:43:00-05:00,2021-12-03 10:01:00-05:00,S,15955.75,15804.75,16107.75,152.0,300.0,0.9868421052631579,TP,1,S
2021-12-06 09:30:00-05:00,2021-12-06 09:37:00-05:00,2021-12-06 13:25:00-05:00,S,15568.0,15845.0,15844.75,276.75,-556.0,-1.004516711833785,SL,1,S
2021-12-07 09:30:00-05:00,2021-12-07 09:54:00-05:00,2021-12-07 15:59:00-05:00,L,16221.0,16320.75,16051.75,169.25,197.5,0.5834564254062038,time,1,L
2021-12-08 09:30:00-05:00,2021-12-08 09:31:00-05:00,2021-12-08 13:47:00-05:00,S,16262.25,16375.5,16375.25,113.0,-228.5,-1.011061946902655,SL,1,S
2021-12-09 09:30:00-05:00,2021-12-09 09:33:00-05:00,2021-12-09 10:24:00-05:00,L,16380.75,16307.25,16307.5,73.25,-149.0,-1.0170648464163823,SL,1,L
2021-12-10 09:30:00-05:00,2021-12-10 10:46:00-05:00,2021-12-10 15:50:00-05:00,S,16182.25,16320.25,16320.0,137.75,-278.0,-1.0090744101633393,SL,1,S
2021-12-14 09:30:00-05:00,2021-12-14 09:40:00-05:00,2021-12-14 10:49:00-05:00,L,15963.25,15829.0,15829.25,134.0,-270.5,-1.0093283582089552,SL,1,L
2021-12-15 09:30:00-05:00,2021-12-15 09:50:00-05:00,2021-12-15 14:11:00-05:00,S,15828.25,15961.0,15960.75,132.5,-267.5,-1.009433962264151,SL,1,S
2021-12-16 09:30:00-05:00,2021-12-16 10:00:00-05:00,2021-12-16 14:16:00-05:00,S,16154.75,15876.75,16433.75,279.0,554.0,0.992831541218638,TP,1,S
2021-12-17 09:30:00-05:00,2021-12-17 10:49:00-05:00,2021-12-17 15:59:00-05:00,L,15878.0,15779.75,15603.0,275.0,-198.5,-0.3609090909090909,time,1,L
2021-12-21 09:30:00-05:00,2021-12-21 09:44:00-05:00,2021-12-21 10:26:00-05:00,S,15711.25,15628.25,15795.0,83.75,164.0,0.9791044776119403,TP,1,S
2021-12-22 09:30:00-05:00,2021-12-22 10:50:00-05:00,2021-12-22 15:59:00-05:00,L,16077.25,16167.75,15886.0,191.25,179.0,0.46797385620915033,time,1,L
2021-12-23 09:30:00-05:00,2021-12-23 10:14:00-05:00,2021-12-23 15:59:00-05:00,L,16257.0,16294.0,16134.75,122.25,72.0,0.294478527607362,time,1,L
2021-12-27 09:30:00-05:00,2021-12-27 09:32:00-05:00,2021-12-27 10:23:00-05:00,L,16401.25,16490.25,16311.25,90.0,176.0,0.9777777777777777,TP,1,L
2021-12-28 09:30:00-05:00,2021-12-28 09:36:00-05:00,2021-12-28 15:59:00-05:00,S,16534.75,16494.75,16644.5,109.75,78.0,0.3553530751708428,time,1,S
2021-12-29 09:30:00-05:00,2021-12-29 09:31:00-05:00,2021-12-29 10:11:00-05:00,L,16544.0,16464.25,16464.5,79.5,-161.5,-1.0157232704402517,SL,1,L
2021-12-30 09:30:00-05:00,2021-12-30 10:05:00-05:00,2021-12-30 15:50:00-05:00,L,16524.25,16443.0,16443.25,81.0,-164.5,-1.0154320987654322,SL,1,L
2021-12-31 09:30:00-05:00,2021-12-31 09:32:00-05:00,2021-12-31 10:01:00-05:00,L,16455.75,16377.0,16377.25,78.5,-159.5,-1.015923566878981,SL,1,L
2022-01-03 09:30:00-05:00,2022-01-03 09:31:00-05:00,2022-01-03 09:48:00-05:00,L,16428.25,16352.25,16352.5,75.75,-154.0,-1.0165016501650166,SL,1,L
2022-01-04 09:30:00-05:00,2022-01-04 09:54:00-05:00,2022-01-04 10:36:00-05:00,S,16447.5,16344.75,16551.0,103.5,203.5,0.9830917874396136,TP,1,S
2022-01-05 09:30:00-05:00,2022-01-05 12:36:00-05:00,2022-01-05 14:43:00-05:00,S,16088.25,15902.5,16274.75,186.5,369.5,0.9906166219839142,TP,1,S
2022-01-06 09:30:00-05:00,2022-01-06 09:37:00-05:00,2022-01-06 15:59:00-05:00,L,15838.5,15758.0,15594.0,244.5,-163.0,-0.3333333333333333,time,1,L
2022-01-07 09:30:00-05:00,2022-01-07 10:20:00-05:00,2022-01-07 10:52:00-05:00,S,15668.0,15519.75,15817.0,149.0,294.5,0.988255033557047,TP,1,S
2022-01-10 09:30:00-05:00,2022-01-10 09:48:00-05:00,2022-01-10 14:02:00-05:00,S,15281.75,15441.25,15441.0,159.25,-321.0,-1.0078492935635792,SL,1,S
2022-01-11 09:30:00-05:00,2022-01-11 11:14:00-05:00,2022-01-11 15:59:00-05:00,L,15704.75,15831.75,15472.25,232.5,252.0,0.5419354838709678,time,1,L
2022-01-12 09:30:00-05:00,2022-01-12 11:06:00-05:00,2022-01-12 15:59:00-05:00,S,15829.0,15895.75,16012.0,183.0,-135.5,-0.3702185792349727,time,1,S
2022-01-13 09:30:00-05:00,2022-01-13 10:10:00-05:00,2022-01-13 10:50:00-05:00,S,15886.0,15780.25,15992.5,106.5,209.5,0.9835680751173709,TP,1,S
2022-01-14 09:30:00-05:00,2022-01-14 09:45:00-05:00,2022-01-14 15:59:00-05:00,L,15546.0,15592.5,15285.25,260.75,91.0,0.174496644295302,time,1,L
2022-01-18 09:30:00-05:00,2022-01-18 09:31:00-05:00,2022-01-18 09:34:00-05:00,S,15326.75,15293.25,15361.0,34.25,65.0,0.948905109489051,TP,1,S
2022-01-19 09:30:00-05:00,2022-01-19 09:46:00-05:00,2022-01-19 10:39:00-05:00,L,15347.0,15214.25,15214.5,132.5,-267.5,-1.009433962264151,SL,1,L
2022-01-20 09:30:00-05:00,2022-01-20 09:56:00-05:00,2022-01-20 14:40:00-05:00,L,15273.25,15099.0,15099.25,174.0,-350.5,-1.007183908045977,SL,1,L
2022-01-21 09:30:00-05:00,2022-01-21 10:12:00-05:00,2022-01-21 11:23:00-05:00,S,14588.5,14850.75,14850.5,262.0,-526.5,-1.0047709923664123,SL,1,S
2022-01-24 09:30:00-05:00,2022-01-24 09:51:00-05:00,2022-01-24 11:49:00-05:00,S,14057.25,13835.75,14279.75,222.5,441.0,0.9910112359550561,TP,1,S
2022-01-26 09:30:00-05:00,2022-01-26 09:44:00-05:00,2022-01-26 14:00:00-05:00,S,14359.5,14553.25,14553.0,193.5,-389.5,-1.0064599483204135,SL,1,S
2022-01-27 09:30:00-05:00,2022-01-27 12:31:00-05:00,2022-01-27 15:59:00-05:00,S,14133.25,13987.75,14466.25,333.0,289.0,0.4339339339339339,time,1,S
2022-01-28 09:30:00-05:00,2022-01-28 09:35:00-05:00,2022-01-28 11:10:00-05:00,S,13928.75,14160.5,14160.25,231.5,-465.5,-1.0053995680345573,SL,1,S
2022-01-31 09:30:00-05:00,2022-01-31 10:02:00-05:00,2022-01-31 15:59:00-05:00,L,14661.25,14898.0,14372.25,289.0,471.5,0.8157439446366782,time,1,L
2022-02-01 09:30:00-05:00,2022-02-01 09:43:00-05:00,2022-02-01 15:59:00-05:00,S,14793.75,14991.5,15043.25,249.5,-397.5,-0.7965931863727455,time,1,S
2022-02-02 09:30:00-05:00,2022-02-02 09:43:00-05:00,2022-02-02 15:59:00-05:00,S,15079.75,15114.5,15225.75,146.0,-71.5,-0.24486301369863014,time,1,S
2022-02-03 09:30:00-05:00,2022-02-03 09:38:00-05:00,2022-02-03 12:02:00-05:00,L,14776.0,14657.0,14657.25,118.75,-240.0,-1.0105263157894737,SL,1,L
2022-02-04 09:30:00-05:00,2022-02-04 10:15:00-05:00,2022-02-04 15:59:00-05:00,L,14634.5,14680.25,14441.0,193.5,89.5,0.23126614987080105,time,1,L
2022-02-07 09:30:00-05:00,2022-02-07 11:43:00-05:00,2022-02-07 15:59:00-05:00,S,14590.75,14566.25,14784.5,193.75,47.0,0.12129032258064516,time,1,S
2022-02-08 09:30:00-05:00,2022-02-08 10:51:00-05:00,2022-02-08 12:39:00-05:00,L,14604.5,14751.75,14456.5,148.0,292.5,0.9881756756756757,TP,1,L
2022-02-09 09:30:00-05:00,2022-02-09 14:09:00-05:00,2022-02-09 15:59:00-05:00,L,15011.75,15042.5,14857.5,154.25,59.5,0.19286871961102106,time,1,L
2022-02-10 09:30:00-05:00,2022-02-10 09:35:00-05:00,2022-02-10 09:51:00-05:00,L,14800.5,14895.5,14704.75,95.75,188.0,0.9817232375979112,TP,1,L
2022-02-11 09:30:00-05:00,2022-02-11 11:15:00-05:00,2022-02-11 13:39:00-05:00,S,14577.75,14374.75,14781.5,203.75,404.0,0.9914110429447853,TP,1,S
2022-02-14 09:30:00-05:00,2022-02-14 12:30:00-05:00,2022-02-14 15:59:00-05:00,L,14384.5,14256.5,14091.25,293.25,-258.0,-0.4398976982097187,time,1,L
2022-02-15 09:30:00-05:00,2022-02-15 11:57:00-05:00,2022-02-15 15:59:00-05:00,L,14560.0,14607.75,14413.75,146.25,93.5,0.31965811965811963,time,1,L
2022-02-16 09:30:00-05:00,2022-02-16 09:36:00-05:00,2022-02-16 14:24:00-05:00,S,14457.5,14551.5,14551.25,93.75,-190.0,-1.0133333333333334,SL,1,S
2022-02-17 09:30:00-05:00,2022-02-17 09:53:00-05:00,2022-02-17 14:39:00-05:00,S,14383.25,14251.75,14515.5,132.25,261.0,0.9867674858223062,TP,1,S
2022-02-18 09:30:00-05:00,2022-02-18 09:41:00-05:00,2022-02-18 13:14:00-05:00,S,14098.25,13922.25,14275.0,176.75,350.0,0.9900990099009901,TP,1,S
2022-02-21 09:30:00-05:00,2022-02-21 11:58:00-05:00,2022-02-21 12:49:00-05:00,S,13767.5,13752.5,13925.5,158.0,28.0,0.08860759493670886,time,1,S
2022-02-22 09:30:00-05:00,2022-02-22 09:31:00-05:00,2022-02-22 09:47:00-05:00,L,13931.0,14013.75,13847.5,83.5,163.5,0.9790419161676647,TP,1,L
2022-02-23 09:30:00-05:00,2022-02-23 10:00:00-05:00,2022-02-23 13:15:00-05:00,S,13875.25,13676.75,14074.75,199.5,395.0,0.9899749373433584,TP,1,S
2022-02-24 09:30:00-05:00,2022-02-24 09:36:00-05:00,2022-02-24 11:12:00-05:00,L,13235.0,13502.75,12966.5,268.5,533.5,0.9934823091247672,TP,1,L
2022-02-28 09:30:00-05:00,2022-02-28 10:00:00-05:00,2022-02-28 15:59:00-05:00,L,14149.5,14233.75,13972.0,177.5,166.5,0.46901408450704224,time,1,L
2022-03-01 09:30:00-05:00,2022-03-01 10:22:00-05:00,2022-03-01 11:30:00-05:00,L,14264.75,14115.5,14115.75,149.0,-300.5,-1.0083892617449663,SL,1,L
2022-03-02 09:30:00-05:00,2022-03-02 10:27:00-05:00,2022-03-02 11:05:00-05:00,S,13955.0,14142.0,14141.75,186.75,-376.0,-1.0066934404283803,SL,1,S
2022-03-03 09:30:00-05:00,2022-03-03 09:49:00-05:00,2022-03-03 10:45:00-05:00,S,14248.5,14077.75,14420.0,171.5,339.5,0.9897959183673469,TP,1,S
2022-03-04 09:30:00-05:00,2022-03-04 10:13:00-05:00,2022-03-04 15:59:00-05:00,S,13814.0,13834.25,14014.0,200.0,-42.5,-0.10625,time,1,S
2022-03-07 09:30:00-05:00,2022-03-07 09:44:00-05:00,2022-03-07 10:14:00-05:00,S,13752.0,13621.5,13883.25,131.25,259.0,0.9866666666666667,TP,1,S
2022-03-08 09:30:00-05:00,2022-03-08 12:14:00-05:00,2022-03-08 15:59:00-05:00,L,13457.25,13254.75,13174.0,283.25,-407.0,-0.7184466019417476,time,1,L
2022-03-10 09:30:00-05:00,2022-03-10 10:34:00-05:00,2022-03-10 14:49:00-05:00,S,13474.25,13624.5,13624.25,150.0,-302.5,-1.0083333333333333,SL,1,S
2022-03-11 09:30:00-05:00,2022-03-11 09:39:00-05:00,2022-03-11 10:09:00-05:00,S,13639.25,13520.25,13759.25,120.0,236.0,0.9833333333333333,TP,1,S
2022-03-14 09:30:00-04:00,2022-03-14 10:14:00-04:00,2022-03-14 12:04:00-04:00,L,13383.0,13161.5,13161.75,221.25,-445.0,-1.0056497175141244,SL,1,L
2022-03-15 09:30:00-04:00,2022-03-15 10:30:00-04:00,2022-03-15 15:31:00-04:00,L,13271.5,13461.0,13081.25,190.25,377.0,0.9908015768725361,TP,1,L
2022-03-17 09:30:00-04:00,2022-03-17 13:27:00-04:00,2022-03-17 15:59:00-04:00,L,14020.75,14118.5,13773.5,247.25,193.5,0.391304347826087,time,1,L
2022-03-18 09:30:00-04:00,2022-03-18 09:59:00-04:00,2022-03-18 12:35:00-04:00,L,14138.0,14289.25,13985.75,152.25,300.5,0.986863711001642,TP,1,L
2022-03-21 09:30:00-04:00,2022-03-21 10:21:00-04:00,2022-03-21 15:59:00-04:00,S,14242.5,14372.0,14457.0,214.5,-261.0,-0.6083916083916084,time,1,S
2022-03-22 09:30:00-04:00,2022-03-22 09:38:00-04:00,2022-03-22 10:34:00-04:00,L,14475.5,14616.5,14333.75,141.75,280.0,0.9876543209876543,TP,1,L
2022-03-23 09:30:00-04:00,2022-03-23 11:21:00-04:00,2022-03-23 14:15:00-04:00,L,14627.0,14467.75,14468.0,159.0,-320.5,-1.0078616352201257,SL,1,L
2022-03-24 09:30:00-04:00,2022-03-24 10:19:00-04:00,2022-03-24 11:01:00-04:00,S,14450.5,14571.75,14571.5,121.0,-244.5,-1.0103305785123966,SL,1,S
2022-03-25 09:30:00-04:00,2022-03-25 11:09:00-04:00,2022-03-25 15:59:00-04:00,S,14662.25,14755.5,14830.0,167.75,-188.5,-0.5618479880774963,time,1,S
2022-03-28 09:30:00-04:00,2022-03-28 09:35:00-04:00,2022-03-28 12:17:00-04:00,L,14824.25,14706.25,14706.5,117.75,-238.0,-1.010615711252654,SL,1,L
2022-03-29 09:30:00-04:00,2022-03-29 10:13:00-04:00,2022-03-29 14:36:00-04:00,S,15061.5,15205.5,15205.25,143.75,-290.0,-1.008695652173913,SL,1,S
2022-03-30 09:30:00-04:00,2022-03-30 14:28:00-04:00,2022-03-30 15:59:00-04:00,S,15094.5,15080.25,15212.75,118.25,26.5,0.11205073995771671,time,1,S
2022-03-31 09:30:00-04:00,2022-03-31 09:38:00-04:00,2022-03-31 15:54:00-04:00,S,15013.0,14902.0,15124.75,111.75,220.0,0.9843400447427293,TP,1,S
2022-04-01 09:30:00-04:00,2022-04-01 09:52:00-04:00,2022-04-01 15:59:00-04:00,S,14826.5,14861.25,14947.0,120.5,-71.5,-0.2966804979253112,time,1,S
2022-04-04 09:30:00-04:00,2022-04-04 09:38:00-04:00,2022-04-04 10:00:00-04:00,L,14958.0,15060.75,14854.5,103.5,203.5,0.9830917874396136,TP,1,L
2022-04-05 09:30:00-04:00,2022-04-05 10:06:00-04:00,2022-04-05 12:18:00-04:00,S,15020.0,14879.0,15161.75,141.75,280.0,0.9876543209876543,TP,1,S
2022-04-06 09:30:00-04:00,2022-04-06 10:00:00-04:00,2022-04-06 15:59:00-04:00,S,14495.0,14506.0,14673.0,178.0,-24.0,-0.06741573033707865,time,1,S
2022-04-07 09:30:00-04:00,2022-04-07 09:35:00-04:00,2022-04-07 11:28:00-04:00,L,14544.5,14415.5,14415.75,128.75,-260.0,-1.0097087378640777,SL,1,L
2022-04-08 09:30:00-04:00,2022-04-08 09:40:00-04:00,2022-04-08 15:59:00-04:00,S,14373.0,14336.5,14531.25,158.25,71.0,0.22432859399684044,time,1,S
2022-04-11 09:30:00-04:00,2022-04-11 09:40:00-04:00,2022-04-11 09:49:00-04:00,S,14101.5,14195.75,14195.5,94.0,-190.5,-1.0132978723404256,SL,1,S
2022-04-12 09:30:00-04:00,2022-04-12 09:36:00-04:00,2022-04-12 09:51:00-04:00,S,14135.5,14242.25,14242.0,106.5,-215.5,-1.011737089201878,SL,1,S
2022-04-13 09:30:00-04:00,2022-04-13 09:48:00-04:00,2022-04-13 15:59:00-04:00,L,14073.0,14221.5,13873.75,199.25,295.0,0.740276035131744,time,1,L
2022-04-14 09:30:00-04:00,2022-04-14 09:48:00-04:00,2022-04-14 14:54:00-04:00,S,14120.0,13947.75,14293.0,173.0,342.5,0.9898843930635838,TP,1,S
2022-04-18 09:30:00-04:00,2022-04-18 10:16:00-04:00,2022-04-18 15:59:00-04:00,L,13958.75,13916.5,13777.75,181.0,-86.5,-0.23895027624309392,time,1,L
2022-04-19 09:30:00-04:00,2022-04-19 09:47:00-04:00,2022-04-19 10:07:00-04:00,L,13940.25,14047.75,13831.75,108.5,213.0,0.9815668202764977,TP,1,L
2022-04-20 09:30:00-04:00,2022-04-20 09:44:00-04:00,2022-04-20 15:59:00-04:00,S,14128.5,14003.75,14332.25,203.75,247.5,0.6073619631901841,time,1,S
2022-04-21 09:30:00-04:00,2022-04-21 09:35:00-04:00,2022-04-21 10:47:00-04:00,L,14266.75,14110.5,14110.75,156.0,-314.5,-1.0080128205128205,SL,1,L
2022-04-22 09:30:00-04:00,2022-04-22 11:43:00-04:00,2022-04-22 15:59:00-04:00,S,13544.25,13358.5,13846.0,301.75,369.5,0.6122618061309031,time,1,S
2022-04-25 09:30:00-04:00,2022-04-25 10:31:00-04:00,2022-04-25 15:59:00-04:00,L,13420.25,13531.25,13201.25,219.0,220.0,0.502283105022831,time,1,L
2022-04-26 09:30:00-04:00,2022-04-26 09:36:00-04:00,2022-04-26 10:16:00-04:00,S,13351.25,13197.75,13505.5,154.25,305.0,0.9886547811993517,TP,1,S
2022-04-27 09:30:00-04:00,2022-04-27 09:42:00-04:00,2022-04-27 10:32:00-04:00,L,13155.25,12932.75,12933.0,222.25,-447.0,-1.0056242969628797,SL,1,L
2022-04-28 09:30:00-04:00,2022-04-28 09:49:00-04:00,2022-04-28 12:34:00-04:00,S,13114.25,13277.0,13276.75,162.5,-327.5,-1.0076923076923077,SL,1,S
2022-04-29 09:30:00-04:00,2022-04-29 12:03:00-04:00,2022-04-29 15:50:00-04:00,S,13134.5,12880.75,13389.25,254.75,505.5,0.9921491658488715,TP,1,S
2022-05-02 09:30:00-04:00,2022-05-02 10:31:00-04:00,2022-05-02 14:43:00-04:00,L,13021.5,12720.0,12720.25,301.25,-605.0,-1.004149377593361,SL,1,L
2022-05-04 09:30:00-04:00,2022-05-04 09:54:00-04:00,2022-05-04 10:21:00-04:00,S,13041.75,12934.25,13150.0,108.25,213.0,0.9838337182448037,TP,1,S
2022-05-05 09:30:00-04:00,2022-05-05 10:02:00-04:00,2022-05-05 12:01:00-04:00,S,13140.25,12804.25,13477.25,337.0,670.0,0.9940652818991098,TP,1,S
2022-05-06 09:30:00-04:00,2022-05-06 09:47:00-04:00,2022-05-06 11:21:00-04:00,S,12566.5,12888.25,12888.0,321.5,-645.5,-1.0038880248833593,SL,1,S
2022-05-09 09:30:00-04:00,2022-05-09 10:32:00-04:00,2022-05-09 15:59:00-04:00,S,12325.5,12197.0,12530.75,205.25,255.0,0.6211936662606578,time,1,S
2022-05-10 09:30:00-04:00,2022-05-10 09:45:00-04:00,2022-05-10 15:59:00-04:00,S,12370.0,12343.25,12582.25,212.25,51.5,0.12131919905771496,time,1,S
2022-05-11 09:30:00-04:00,2022-05-11 09:48:00-04:00,2022-05-11 12:53:00-04:00,L,12360.75,12171.5,12171.75,189.0,-380.5,-1.0066137566137565,SL,1,L
2022-05-12 09:30:00-04:00,2022-05-12 10:11:00-04:00,2022-05-12 15:59:00-04:00,L,11953.0,11947.75,11682.75,270.25,-12.5,-0.02312673450508788,time,1,L
2022-05-13 09:30:00-04:00,2022-05-13 09:53:00-04:00,2022-05-13 15:59:00-04:00,L,12266.0,12384.5,12044.0,222.0,235.0,0.5292792792792793,time,1,L
2022-05-16 09:30:00-04:00,2022-05-16 11:00:00-04:00,2022-05-16 14:30:00-04:00,S,12200.75,12385.0,12384.75,184.0,-370.5,-1.0067934782608696,SL,1,S
2022-05-17 09:30:00-04:00,2022-05-17 10:09:00-04:00,2022-05-17 14:08:00-04:00,S,12427.0,12533.0,12532.75,105.75,-214.0,-1.011820330969267,SL,1,S
2022-05-18 09:30:00-04:00,2022-05-18 09:57:00-04:00,2022-05-18 11:24:00-04:00,S,12293.75,12170.75,12417.5,123.75,244.0,0.9858585858585859,TP,1,S
2022-05-19 09:30:00-04:00,2022-05-19 11:37:00-04:00,2022-05-19 15:59:00-04:00,L,12019.0,11877.0,11762.75,256.25,-286.0,-0.5580487804878049,time,1,L
2022-05-20 09:30:00-04:00,2022-05-20 10:07:00-04:00,2022-05-20 10:59:00-04:00,S,11941.0,11800.75,12082.0,141.0,278.5,0.9875886524822695,TP,1,S
2022-05-23 09:30:00-04:00,2022-05-23 14:45:00-04:00,2022-05-23 15:59:00-04:00,L,12054.25,12034.5,11773.0,281.25,-41.5,-0.07377777777777778,time,1,L
2022-05-24 09:30:00-04:00,2022-05-24 09:45:00-04:00,2022-05-24 10:14:00-04:00,S,11735.25,11600.75,11870.75,135.5,267.0,0.985239852398524,TP,1,S
2022-05-25 09:30:00-04:00,2022-05-25 09:35:00-04:00,2022-05-25 14:27:00-04:00,L,11799.0,11934.25,11663.0,136.0,268.5,0.9871323529411765,TP,1,L
2022-05-26 09:30:00-04:00,2022-05-26 09:37:00-04:00,2022-05-26 10:16:00-04:00,L,12011.5,12173.75,11848.5,163.0,322.5,0.9892638036809815,TP,1,L
2022-05-27 09:30:00-04:00,2022-05-27 10:03:00-04:00,2022-05-27 15:59:00-04:00,L,12541.5,12681.0,12319.0,222.5,277.0,0.6224719101123596,time,1,L
2022-05-31 09:30:00-04:00,2022-05-31 09:32:00-04:00,2022-05-31 09:33:00-04:00,S,12647.5,12598.25,12697.75,50.25,96.5,0.9601990049751243,TP,1,S
2022-06-01 09:30:00-04:00,2022-06-01 09:55:00-04:00,2022-06-01 10:15:00-04:00,L,12819.75,12675.0,12675.25,144.5,-291.5,-1.008650519031142,SL,1,L
2022-06-02 09:30:00-04:00,2022-06-02 10:13:00-04:00,2022-06-02 12:54:00-04:00,L,12613.5,12797.25,12429.0,184.5,365.5,0.9905149051490515,TP,1,L
2022-06-03 09:30:00-04:00,2022-06-03 11:05:00-04:00,2022-06-03 15:59:00-04:00,S,12535.5,12554.0,12764.5,229.0,-39.0,-0.0851528384279476,time,1,S
2022-06-06 09:30:00-04:00,2022-06-06 10:06:00-04:00,2022-06-06 11:12:00-04:00,L,12810.5,12695.75,12696.0,114.5,-231.5,-1.0109170305676856,SL,1,L
2022-06-07 09:30:00-04:00,2022-06-07 09:50:00-04:00,2022-06-07 10:42:00-04:00,L,12541.25,12679.5,12402.25,139.0,274.5,0.987410071942446,TP,1,L
2022-06-08 09:30:00-04:00,2022-06-08 09:55:00-04:00,2022-06-08 12:45:00-04:00,L,12772.25,12607.5,12607.75,164.5,-331.5,-1.0075987841945289,SL,1,L
2022-06-09 09:30:00-04:00,2022-06-09 09:51:00-04:00,2022-06-09 14:22:00-04:00,L,12604.25,12501.5,12501.75,102.5,-207.5,-1.0121951219512195,SL,1,L
2022-06-10 09:30:00-04:00,2022-06-10 10:00:00-04:00,2022-06-10 15:59:00-04:00,S,11920.5,11837.5,12122.25,201.75,164.0,0.40644361833952913,time,1,S
2022-06-13 09:30:00-04:00,2022-06-13 09:33:00-04:00,2022-06-13 10:18:00-04:00,L,11547.0,11412.75,11413.0,134.0,-270.5,-1.0093283582089552,SL,1,L
2022-06-14 09:30:00-04:00,2022-06-14 09:43:00-04:00,2022-06-14 15:59:00-04:00,S,11289.0,11318.5,11449.5,160.5,-61.0,-0.19003115264797507,time,1,S
2022-06-16 09:30:00-04:00,2022-06-16 10:15:00-04:00,2022-06-16 15:59:00-04:00,S,11203.25,11166.25,11414.25,211.0,72.0,0.17061611374407584,time,1,S
2022-06-17 09:30:00-04:00,2022-06-17 09:33:00-04:00,2022-06-17 10:35:00-04:00,L,11274.75,11133.5,11133.75,141.0,-284.5,-1.0088652482269505,SL,1,L
2022-06-21 09:30:00-04:00,2022-06-21 09:33:00-04:00,2022-06-21 09:35:00-04:00,L,11511.0,11560.5,11460.75,50.25,97.0,0.9651741293532339,TP,1,L
2022-06-22 09:30:00-04:00,2022-06-22 09:45:00-04:00,2022-06-22 10:14:00-04:00,L,11531.75,11632.75,11430.0,101.75,200.0,0.9828009828009828,TP,1,L
2022-06-23 09:30:00-04:00,2022-06-23 09:38:00-04:00,2022-06-23 10:42:00-04:00,S,11571.5,11722.0,11721.75,150.25,-303.0,-1.0083194675540765,SL,1,S
2022-06-24 09:30:00-04:00,2022-06-24 09:35:00-04:00,2022-06-24 10:02:00-04:00,L,11916.75,12028.25,11804.25,112.5,221.0,0.9822222222222222,TP,1,L
2022-06-27 09:30:00-04:00,2022-06-27 09:36:00-04:00,2022-06-27 15:59:00-04:00,S,12095.0,12045.25,12250.5,155.5,97.5,0.3135048231511254,time,1,S
2022-06-28 09:30:00-04:00,2022-06-28 09:32:00-04:00,2022-06-28 10:07:00-04:00,L,12129.5,12019.25,12019.5,110.0,-222.5,-1.0113636363636365,SL,1,L
2022-06-30 09:30:00-04:00,2022-06-30 09:36:00-04:00,2022-06-30 09:53:00-04:00,S,11500.0,11408.0,11592.75,92.75,182.0,0.9811320754716981,TP,1,S
2022-07-01 09:30:00-04:00,2022-07-01 09:53:00-04:00,2022-07-01 10:37:00-04:00,L,11580.75,11413.0,11413.25,167.5,-337.5,-1.007462686567164,SL,1,L
2022-07-05 09:30:00-04:00,2022-07-05 09:31:00-04:00,2022-07-05 09:31:00-04:00,S,11431.75,11419.25,11462.5,30.75,23.0,0.37398373983739835,TP,1,S
2022-07-07 09:30:00-04:00,2022-07-07 09:34:00-04:00,2022-07-07 12:29:00-04:00,L,11985.5,12095.25,11874.75,110.75,217.5,0.981941309255079,TP,1,L
2022-07-08 09:30:00-04:00,2022-07-08 10:25:00-04:00,2022-07-08 15:59:00-04:00,L,12092.75,12155.0,11967.25,125.5,122.5,0.48804780876494025,time,1,L
2022-07-11 09:30:00-04:00,2022-07-11 09:35:00-04:00,2022-07-11 09:51:00-04:00,S,11980.5,11864.75,12097.0,116.5,229.5,0.9849785407725322,TP,1,S
2022-07-12 09:30:00-04:00,2022-07-12 09:37:00-04:00,2022-07-12 09:55:00-04:00,L,12006.5,11901.25,11901.5,105.0,-212.5,-1.0119047619047619,SL,1,L
2022-07-13 09:30:00-04:00,2022-07-13 09:39:00-04:00,2022-07-13 10:44:00-04:00,L,11639.0,11795.25,11482.0,157.0,310.5,0.9888535031847133,TP,1,L
2022-07-14 09:30:00-04:00,2022-07-14 10:01:00-04:00,2022-07-14 11:43:00-04:00,S,11542.5,11709.0,11708.75,166.25,-335.0,-1.0075187969924813,SL,1,S
2022-07-18 09:30:00-04:00,2022-07-18 09:50:00-04:00,2022-07-18 13:32:00-04:00,L,12172.75,12092.25,12092.5,80.25,-163.0,-1.0155763239875388,SL,1,L
2022-07-19 09:30:00-04:00,2022-07-19 11:02:00-04:00,2022-07-19 15:59:00-04:00,L,12159.5,12268.5,11994.75,164.75,216.0,0.6555386949924128,time,1,L
2022-07-20 09:30:00-04:00,2022-07-20 10:26:00-04:00,2022-07-20 15:59:00-04:00,L,12377.0,12465.75,12230.25,146.75,175.5,0.5979557069846678,time,1,L
2022-07-21 09:30:00-04:00,2022-07-21 10:25:00-04:00,2022-07-21 11:34:00-04:00,S,12404.75,12536.0,12535.75,131.0,-264.5,-1.0095419847328244,SL,1,S
2022-07-22 09:30:00-04:00,2022-07-22 09:51:00-04:00,2022-07-22 10:01:00-04:00,L,12689.0,12552.25,12552.5,136.5,-275.5,-1.0091575091575091,SL,1,L
2022-07-25 09:30:00-04:00,2022-07-25 10:25:00-04:00,2022-07-25 15:59:00-04:00,S,12318.75,12355.5,12495.25,176.5,-75.5,-0.21388101983002833,time,1,S
2022-07-26 09:30:00-04:00,2022-07-26 09:35:00-04:00,2022-07-26 11:33:00-04:00,S,12224.75,12136.25,12314.0,89.25,175.0,0.9803921568627451,TP,1,S
2022-07-27 09:30:00-04:00,2022-07-27 09:44:00-04:00,2022-07-27 12:26:00-04:00,L,12367.75,12475.5,12259.25,108.5,213.5,0.9838709677419355,TP,1,L
2022-07-28 09:30:00-04:00,2022-07-28 09:47:00-04:00,2022-07-28 11:53:00-04:00,S,12482.25,12689.75,12689.5,207.25,-417.0,-1.006031363088058,SL,1,S
2022-07-29 09:30:00-04:00,2022-07-29 10:02:00-04:00,2022-07-29 15:59:00-04:00,L,12898.0,12971.5,12740.0,158.0,145.0,0.4588607594936709,time,1,L
2022-08-01 09:30:00-04:00,2022-08-01 09:52:00-04:00,2022-08-01 15:59:00-04:00,L,12978.5,12962.25,12844.0,134.5,-34.5,-0.12825278810408922,time,1,L
2022-08-02 09:30:00-04:00,2022-08-02 09:42:00-04:00,2022-08-02 12:21:00-04:00,L,12941.75,13069.75,12812.75,129.0,254.0,0.9844961240310077,TP,1,L
2022-08-03 09:30:00-04:00,2022-08-03 09:38:00-04:00,2022-08-03 11:43:00-04:00,L,13076.75,13214.75,12938.0,138.75,274.0,0.9873873873873874,TP,1,L
2022-08-05 09:30:00-04:00,2022-08-05 09:34:00-04:00,2022-08-05 10:10:00-04:00,L,13167.25,13248.0,13085.75,81.5,159.5,0.9785276073619632,TP,1,L
2022-08-08 09:30:00-04:00,2022-08-08 09:39:00-04:00,2022-08-08 11:43:00-04:00,L,13332.5,13219.75,13220.0,112.5,-227.5,-1.011111111111111,SL,1,L
2022-08-09 09:30:00-04:00,2022-08-09 09:55:00-04:00,2022-08-09 15:59:00-04:00,S,13011.5,13032.5,13161.25,149.75,-44.0,-0.14691151919866444,time,1,S
2022-08-10 09:30:00-04:00,2022-08-10 09:35:00-04:00,2022-08-10 11:05:00-04:00,S,13295.5,13370.5,13370.25,74.75,-152.0,-1.0167224080267558,SL,1,S
2022-08-11 09:30:00-04:00,2022-08-11 10:05:00-04:00,2022-08-11 11:05:00-04:00,L,13541.25,13455.5,13455.75,85.5,-173.5,-1.0146198830409356,SL,1,L
2022-08-12 09:30:00-04:00,2022-08-12 12:13:00-04:00,2022-08-12 15:59:00-04:00,L,13490.5,13579.25,13344.75,145.75,175.5,0.6020583190394511,time,1,L
2022-08-15 09:30:00-04:00,2022-08-15 09:35:00-04:00,2022-08-15 15:59:00-04:00,L,13603.0,13685.0,13490.75,112.25,162.0,0.7216035634743875,time,1,L
2022-08-16 09:30:00-04:00,2022-08-16 09:51:00-04:00,2022-08-16 11:56:00-04:00,S,13590.25,13676.25,13676.0,85.75,-174.0,-1.0145772594752187,SL,1,S
2022-08-17 09:30:00-04:00,2022-08-17 10:37:00-04:00,2022-08-17 14:03:00-04:00,S,13451.75,13561.25,13561.0,109.25,-221.0,-1.011441647597254,SL,1,S
2022-08-18 09:30:00-04:00,2022-08-18 10:00:00-04:00,2022-08-18 10:50:00-04:00,S,13428.0,13533.5,13533.25,105.25,-213.0,-1.01187648456057,SL,1,S
2022-08-19 09:30:00-04:00,2022-08-19 09:41:00-04:00,2022-08-19 10:42:00-04:00,S,13353.25,13277.25,13430.0,76.75,150.0,0.9771986970684039,TP,1,S
2022-08-22 09:30:00-04:00,2022-08-22 09:49:00-04:00,2022-08-22 13:58:00-04:00,S,13020.5,12921.75,13120.0,99.5,195.5,0.9824120603015075,TP,1,S
2022-08-23 09:30:00-04:00,2022-08-23 09:50:00-04:00,2022-08-23 15:59:00-04:00,L,12963.75,12898.5,12855.25,108.5,-132.5,-0.6105990783410138,time,1,L
2022-08-24 09:30:00-04:00,2022-08-24 10:00:00-04:00,2022-08-24 11:53:00-04:00,L,12923.0,12999.0,12846.25,76.75,150.0,0.9771986970684039,TP,1,L
2022-08-25 09:30:00-04:00,2022-08-25 10:00:00-04:00,2022-08-25 15:53:00-04:00,L,13056.0,13135.25,12975.75,80.25,156.5,0.9750778816199377,TP,1,L
2022-08-26 09:30:00-04:00,2022-08-26 09:51:00-04:00,2022-08-26 10:10:00-04:00,S,13086.25,13186.5,13186.25,100.0,-202.5,-1.0125,SL,1,S
2022-08-30 09:30:00-04:00,2022-08-30 09:44:00-04:00,2022-08-30 10:07:00-04:00,S,12514.25,12433.75,12595.5,81.25,159.0,0.9784615384615385,TP,1,S
2022-08-31 09:30:00-04:00,2022-08-31 10:29:00-04:00,2022-08-31 15:59:00-04:00,S,12374.75,12282.0,12545.0,170.25,183.5,0.5389133627019089,time,1,S
2022-09-01 09:30:00-04:00,2022-09-01 10:16:00-04:00,2022-09-01 14:35:00-04:00,S,12101.5,12220.5,12220.25,118.75,-240.0,-1.0105263157894737,SL,1,S
2022-09-02 09:30:00-04:00,2022-09-02 09:34:00-04:00,2022-09-02 10:41:00-04:00,S,12320.0,12461.5,12461.25,141.25,-285.0,-1.008849557522124,SL,1,S
2022-09-06 09:30:00-04:00,2022-09-06 09:31:00-04:00,2022-09-06 09:32:00-04:00,L,12160.0,12115.0,12115.25,44.75,-92.0,-1.0279329608938548,SL,1,L
2022-09-07 09:30:00-04:00,2022-09-07 09:36:00-04:00,2022-09-07 14:02:00-04:00,L,12111.5,12230.5,11991.75,119.75,236.0,0.9853862212943633,TP,1,L
2022-09-08 09:30:00-04:00,2022-09-08 09:55:00-04:00,2022-09-08 15:59:00-04:00,L,12260.0,12326.0,12121.25,138.75,130.0,0.46846846846846846,time,1,L
2022-09-09 09:30:00-04:00,2022-09-09 09:57:00-04:00,2022-09-09 15:59:00-04:00,L,12496.0,12590.0,12364.5,131.5,186.0,0.7072243346007605,time,1,L
2022-09-12 09:30:00-04:00,2022-09-12 09:54:00-04:00,2022-09-12 15:59:00-04:00,L,12710.0,12742.5,12610.5,99.5,63.0,0.3165829145728643,time,1,L
2022-09-13 09:30:00-04:00,2022-09-13 09:31:00-04:00,2022-09-13 09:35:00-04:00,L,12411.0,12351.25,12351.5,59.5,-121.5,-1.0210084033613445,SL,1,L
2022-09-15 09:30:00-04:00,2022-09-15 09:45:00-04:00,2022-09-15 10:32:00-04:00,L,12179.75,12099.25,12099.5,80.25,-163.0,-1.0155763239875388,SL,1,L
2022-09-19 09:30:00-04:00,2022-09-19 09:32:00-04:00,2022-09-19 10:40:00-04:00,L,11870.75,11955.25,11785.5,85.25,167.0,0.9794721407624634,TP,1,L
2022-09-20 09:30:00-04:00,2022-09-20 11:08:00-04:00,2022-09-20 13:30:00-04:00,L,11981.75,11873.25,11873.5,108.25,-219.0,-1.0115473441108545,SL,1,L
2022-09-21 09:30:00-04:00,2022-09-21 13:57:00-04:00,2022-09-21 14:00:00-04:00,L,12021.5,11923.75,11924.0,97.5,-197.5,-1.0128205128205128,SL,1,L
2022-09-22 09:30:00-04:00,2022-09-22 11:22:00-04:00,2022-09-22 15:59:00-04:00,S,11510.75,11563.0,11729.0,218.25,-106.5,-0.24398625429553264,time,1,S
2022-09-23 09:30:00-04:00,2022-09-23 09:38:00-04:00,2022-09-23 12:24:00-04:00,S,11408.25,11321.25,11496.0,87.75,172.0,0.98005698005698,TP,1,S
2022-09-26 09:30:00-04:00,2022-09-26 09:33:00-04:00,2022-09-26 13:25:00-04:00,L,11425.5,11303.75,11304.0,121.5,-245.5,-1.0102880658436213,SL,1,L
2022-09-27 09:30:00-04:00,2022-09-27 09:37:00-04:00,2022-09-27 10:03:00-04:00,L,11544.0,11421.25,11421.5,122.5,-247.5,-1.010204081632653,SL,1,L
2022-09-28 09:30:00-04:00,2022-09-28 10:46:00-04:00,2022-09-28 15:48:00-04:00,L,11431.75,11598.5,11264.25,167.5,331.5,0.9895522388059701,TP,1,L
2022-09-29 09:30:00-04:00,2022-09-29 09:44:00-04:00,2022-09-29 14:03:00-04:00,S,11282.0,11109.25,11455.5,173.5,343.5,0.9899135446685879,TP,1,S
2022-09-30 09:30:00-04:00,2022-09-30 10:32:00-04:00,2022-09-30 14:47:00-04:00,L,11280.75,11125.0,11125.25,155.5,-313.5,-1.0080385852090032,SL,1,L
2022-10-03 09:30:00-04:00,2022-10-03 10:27:00-04:00,2022-10-03 15:59:00-04:00,L,11205.0,11290.5,11038.5,166.5,169.0,0.5075075075075075,time,1,L
2022-10-04 09:30:00-04:00,2022-10-04 09:59:00-04:00,2022-10-04 15:59:00-04:00,L,11612.0,11643.5,11452.75,159.25,61.0,0.19152276295133439,time,1,L
2022-10-05 09:30:00-04:00,2022-10-05 09:33:00-04:00,2022-10-05 10:00:00-04:00,L,11535.25,11453.75,11454.0,81.25,-165.0,-1.0153846153846153,SL,1,L
2022-10-06 09:30:00-04:00,2022-10-06 09:40:00-04:00,2022-10-06 15:59:00-04:00,L,11693.75,11542.25,11522.0,171.75,-305.0,-0.8879184861717613,time,1,L
2022-10-07 09:30:00-04:00,2022-10-07 09:44:00-04:00,2022-10-07 11:21:00-04:00,S,11286.75,11189.75,11384.75,98.0,192.0,0.9795918367346939,TP,1,S
2022-10-10 09:30:00-04:00,2022-10-10 09:53:00-04:00,2022-10-10 15:59:00-04:00,S,11016.5,10981.0,11170.5,154.0,69.0,0.22402597402597402,time,1,S
2022-10-11 09:30:00-04:00,2022-10-11 09:48:00-04:00,2022-10-11 11:44:00-04:00,S,10844.75,10969.75,10969.5,124.75,-252.0,-1.0100200400801602,SL,1,S
2022-10-13 09:30:00-04:00,2022-10-13 09:47:00-04:00,2022-10-13 10:04:00-04:00,L,10565.5,10634.75,10495.25,70.25,136.5,0.9715302491103203,TP,1,L
2022-10-14 09:30:00-04:00,2022-10-14 10:00:00-04:00,2022-10-14 15:59:00-04:00,S,10982.5,10747.75,11311.75,329.25,467.5,0.7099468488990129,time,1,S
2022-10-17 09:30:00-04:00,2022-10-17 14:01:00-04:00,2022-10-17 15:59:00-04:00,L,11145.75,11110.5,10905.0,240.75,-72.5,-0.1505711318795431,time,1,L
2022-10-18 09:30:00-04:00,2022-10-18 09:39:00-04:00,2022-10-18 10:24:00-04:00,S,11359.25,11286.5,11432.75,73.5,143.5,0.9761904761904762,TP,1,S
2022-10-19 09:30:00-04:00,2022-10-19 10:15:00-04:00,2022-10-19 13:05:00-04:00,L,11235.25,11059.5,11059.75,175.5,-353.5,-1.0071225071225072,SL,1,L
2022-10-20 09:30:00-04:00,2022-10-20 09:45:00-04:00,2022-10-20 10:19:00-04:00,L,11181.75,11298.25,11064.25,117.5,231.0,0.9829787234042553,TP,1,L
2022-10-21 09:30:00-04:00,2022-10-21 09:47:00-04:00,2022-10-21 13:49:00-04:00,L,11130.75,11274.25,10986.5,144.25,285.0,0.9878682842287695,TP,1,L
2022-10-24 09:30:00-04:00,2022-10-24 10:09:00-04:00,2022-10-24 12:18:00-04:00,S,11244.75,11435.5,11435.25,190.5,-383.5,-1.0065616797900263,SL,1,S
2022-10-25 09:30:00-04:00,2022-10-25 09:47:00-04:00,2022-10-25 15:59:00-04:00,L,11608.5,11712.75,11454.25,154.25,206.5,0.6693679092382496,time,1,L
2022-10-26 09:30:00-04:00,2022-10-26 10:00:00-04:00,2022-10-26 10:46:00-04:00,L,11538.75,11644.75,11432.0,106.75,210.0,0.9836065573770492,TP,1,L
2022-10-27 09:30:00-04:00,2022-10-27 09:50:00-04:00,2022-10-27 15:59:00-04:00,S,11319.25,11241.5,11454.75,135.5,153.5,0.566420664206642,time,1,S
2022-10-28 09:30:00-04:00,2022-10-28 09:33:00-04:00,2022-10-28 10:30:00-04:00,L,11286.5,11408.25,11164.0,122.5,241.5,0.9857142857142858,TP,1,L
2022-10-31 09:30:00-04:00,2022-10-31 10:36:00-04:00,2022-10-31 15:59:00-04:00,S,11368.25,11448.5,11568.0,199.75,-162.5,-0.4067584480600751,time,1,S
2022-11-01 09:30:00-04:00,2022-11-01 09:45:00-04:00,2022-11-01 10:00:00-04:00,S,11548.25,11470.75,11626.5,78.25,153.0,0.9776357827476039,TP,1,S
2022-11-02 09:30:00-04:00,2022-11-02 11:13:00-04:00,2022-11-02 14:01:00-04:00,S,11238.5,11390.75,11390.5,152.0,-306.5,-1.0082236842105263,SL,1,S
2022-11-04 09:30:00-04:00,2022-11-04 09:32:00-04:00,2022-11-04 09:43:00-04:00,S,10877.75,10788.0,10968.25,90.5,177.5,0.9806629834254144,TP,1,S
2022-11-08 09:30:00-05:00,2022-11-08 09:41:00-05:00,2022-11-08 10:34:00-05:00,S,11018.75,11114.75,11114.5,95.75,-194.0,-1.0130548302872062,SL,1,S
2022-11-09 09:30:00-05:00,2022-11-09 13:11:00-05:00,2022-11-09 15:59:00-05:00,S,10926.75,10831.5,11078.75,152.0,188.5,0.6200657894736842,time,1,S
2022-11-10 09:30:00-05:00,2022-11-10 09:41:00-05:00,2022-11-10 09:55:00-05:00,S,11288.25,11402.5,11402.25,114.0,-230.5,-1.0109649122807018,SL,1,S
2022-11-11 09:30:00-05:00,2022-11-11 10:17:00-05:00,2022-11-11 15:59:00-05:00,L,11737.75,11847.75,11549.5,188.25,218.0,0.5790172642762285,time,1,L
2022-11-14 09:30:00-05:00,2022-11-14 12:47:00-05:00,2022-11-14 15:59:00-05:00,L,11852.75,11742.0,11698.75,154.0,-223.5,-0.7256493506493507,time,1,L
2022-11-15 09:30:00-05:00,2022-11-15 10:50:00-05:00,2022-11-15 13:23:00-05:00,S,11962.25,11864.5,12060.75,98.5,193.5,0.9822335025380711,TP,1,S
2022-11-16 09:30:00-05:00,2022-11-16 10:16:00-05:00,2022-11-16 15:59:00-05:00,S,11734.0,11740.5,11883.75,149.75,-15.0,-0.05008347245409015,time,1,S
2022-11-17 09:30:00-05:00,2022-11-17 09:35:00-05:00,2022-11-17 10:19:00-05:00,L,11590.5,11655.25,11524.75,65.75,127.5,0.9695817490494296,TP,1,L
2022-11-18 09:30:00-05:00,2022-11-18 09:32:00-05:00,2022-11-18 11:03:00-05:00,S,11767.75,11652.5,11883.75,116.0,228.5,0.9849137931034483,TP,1,S
2022-11-21 09:30:00-05:00,2022-11-21 10:45:00-05:00,2022-11-21 15:59:00-05:00,S,11578.0,11587.5,11696.5,118.5,-21.0,-0.08860759493670886,time,1,S
2022-11-22 09:30:00-05:00,2022-11-22 09:38:00-05:00,2022-11-22 10:49:00-05:00,S,11573.0,11646.75,11646.5,73.5,-149.5,-1.0170068027210883,SL,1,S
2022-11-23 09:30:00-05:00,2022-11-23 09:45:00-05:00,2022-11-23 15:59:00-05:00,L,11819.75,11868.0,11703.5,116.25,94.5,0.4064516129032258,time,1,L
2022-11-25 09:30:00-05:00,2022-11-25 09:31:00-05:00,2022-11-25 09:32:00-05:00,S,11790.0,11803.75,11803.5,13.5,-29.5,-1.0925925925925926,SL,1,S
2022-11-28 09:30:00-05:00,2022-11-28 09:31:00-05:00,2022-11-28 09:34:00-05:00,L,11722.5,11752.75,11691.25,31.25,58.5,0.936,TP,1,L
2022-11-29 09:30:00-05:00,2022-11-29 11:03:00-05:00,2022-11-29 15:59:00-05:00,S,11557.75,11523.5,11664.75,107.0,66.5,0.3107476635514019,time,1,S
2022-11-30 09:30:00-05:00,2022-11-30 13:30:00-05:00,2022-11-30 13:38:00-05:00,L,11587.0,11673.25,11499.75,87.25,170.5,0.9770773638968482,TP,1,L
2022-12-02 09:30:00-05:00,2022-12-02 09:33:00-05:00,2022-12-02 15:03:00-05:00,L,11906.5,12006.5,11805.75,100.75,198.0,0.9826302729528535,TP,1,L
2022-12-05 09:30:00-05:00,2022-12-05 11:35:00-05:00,2022-12-05 14:42:00-05:00,S,11857.25,11752.5,11962.75,105.5,207.5,0.9834123222748815,TP,1,S
2022-12-06 09:30:00-05:00,2022-12-06 09:44:00-05:00,2022-12-06 10:07:00-05:00,S,11730.5,11617.5,11844.25,113.75,224.0,0.9846153846153847,TP,1,S
2022-12-08 09:30:00-05:00,2022-12-08 09:33:00-05:00,2022-12-08 09:59:00-05:00,S,11518.5,11597.0,11596.75,78.25,-159.0,-1.0159744408945688,SL,1,S
2022-12-09 09:30:00-05:00,2022-12-09 10:31:00-05:00,2022-12-09 15:59:00-05:00,L,11664.5,11570.25,11560.0,104.5,-190.5,-0.9114832535885168,time,1,L
2022-12-12 09:30:00-05:00,2022-12-12 14:51:00-05:00,2022-12-12 15:59:00-05:00,L,11628.0,11711.75,11543.5,84.5,165.5,0.9792899408284024,TP,1,L
2022-12-13 09:30:00-05:00,2022-12-13 09:32:00-05:00,2022-12-13 10:22:00-05:00,S,12113.25,12021.25,12206.0,92.75,182.0,0.9811320754716981,TP,1,S
2022-12-15 09:30:00-05:00,2022-12-15 09:57:00-05:00,2022-12-15 13:32:00-05:00,S,11583.25,11413.25,11754.0,170.75,338.0,0.9897510980966325,TP,1,S
2022-12-16 09:30:00-05:00,2022-12-16 10:33:00-05:00,2022-12-16 15:59:00-05:00,S,11335.25,11342.25,11491.25,156.0,-16.0,-0.05128205128205128,time,1,S
2022-12-19 09:30:00-05:00,2022-12-19 09:34:00-05:00,2022-12-19 11:41:00-05:00,S,11289.0,11181.5,11397.25,108.25,213.0,0.9838337182448037,TP,1,S
2022-12-20 09:30:00-05:00,2022-12-20 10:06:00-05:00,2022-12-20 15:59:00-05:00,L,11202.25,11175.25,11088.0,114.25,-56.0,-0.24507658643326038,time,1,L
2022-12-21 09:30:00-05:00,2022-12-21 09:49:00-05:00,2022-12-21 11:01:00-05:00,L,11272.0,11362.0,11181.25,90.75,178.0,0.9807162534435262,TP,1,L
2022-12-22 09:30:00-05:00,2022-12-22 09:33:00-05:00,2022-12-22 10:12:00-05:00,S,11140.0,11036.25,11244.75,104.75,205.5,0.9809069212410502,TP,1,S
2022-12-23 09:30:00-05:00,2022-12-23 10:39:00-05:00,2022-12-23 15:59:00-05:00,L,11098.75,11079.25,10929.75,169.0,-41.0,-0.12130177514792899,time,1,L
2022-12-27 09:30:00-05:00,2022-12-27 09:35:00-05:00,2022-12-27 10:02:00-05:00,S,10995.5,10902.25,11089.5,94.0,184.5,0.9813829787234043,TP,1,S
2022-12-28 09:30:00-05:00,2022-12-28 09:33:00-05:00,2022-12-28 10:51:00-05:00,L,10949.0,10868.25,10868.5,80.5,-163.5,-1.015527950310559,SL,1,L
2022-12-29 09:30:00-05:00,2022-12-29 09:43:00-05:00,2022-12-29 15:59:00-05:00,L,10957.5,11032.0,10838.0,119.5,147.0,0.6150627615062761,time,1,L
