sig_time,entry_time,exit_time,side,entry,exit,stop,risk_pts,pnl,R,reason,parts,tag
2019-06-24 09:44:00-04:00,2019-06-24 09:48:00-04:00,2019-06-24 09:48:00-04:00,L,7762.25,7756.0,7756.25,6.0,-14.5,-1.2083333333333333,SL,1,L
2019-06-25 09:44:00-04:00,2019-06-25 09:48:00-04:00,2019-06-25 10:12:00-04:00,L,7723.5,7711.75,7712.0,11.5,-25.5,-1.108695652173913,SL,1,L
2019-06-27 09:44:00-04:00,2019-06-27 09:54:00-04:00,2019-06-27 10:01:00-04:00,S,7698.25,7689.5,7707.75,9.5,15.5,0.8157894736842105,TP,1,S
2019-06-28 09:44:00-04:00,2019-06-28 09:46:00-04:00,2019-06-28 09:51:00-04:00,L,7681.75,7670.25,7670.5,11.25,-25.0,-1.1111111111111112,SL,1,L
2019-07-01 09:44:00-04:00,2019-07-01 09:45:00-04:00,2019-07-01 09:46:00-04:00,L,7830.75,7822.75,7823.0,7.75,-18.0,-1.1612903225806452,SL,1,L
2019-07-02 09:44:00-04:00,2019-07-02 10:28:00-04:00,2019-07-02 10:31:00-04:00,S,7797.0,7805.0,7804.75,7.75,-18.0,-1.1612903225806452,SL,1,S
2019-07-03 09:44:00-04:00,2019-07-03 09:45:00-04:00,2019-07-03 09:49:00-04:00,S,7848.75,7844.0,7854.25,5.5,7.5,0.6818181818181818,TP,1,S
2019-07-05 09:44:00-04:00,2019-07-05 09:45:00-04:00,2019-07-05 09:45:00-04:00,L,7824.75,7830.75,7818.0,6.75,10.0,0.7407407407407407,TP,1,L
2019-07-08 09:44:00-04:00,2019-07-08 09:47:00-04:00,2019-07-08 10:14:00-04:00,L,7781.0,7794.75,7766.5,14.5,25.5,0.8793103448275862,TP,1,L
2019-07-09 09:44:00-04:00,2019-07-09 09:45:00-04:00,2019-07-09 10:07:00-04:00,S,7799.25,7812.75,7812.5,13.25,-29.0,-1.0943396226415094,SL,1,S
2019-07-10 09:44:00-04:00,2019-07-10 09:48:00-04:00,2019-07-10 09:52:00-04:00,S,7930.75,7947.75,7947.5,16.75,-36.0,-1.0746268656716418,SL,1,S
2019-07-11 09:44:00-04:00,2019-07-11 10:00:00-04:00,2019-07-11 10:04:00-04:00,S,7949.25,7942.25,7957.0,7.75,12.0,0.7741935483870968,TP,1,S
2019-07-12 09:44:00-04:00,2019-07-12 09:45:00-04:00,2019-07-12 10:09:00-04:00,S,7942.25,7949.5,7949.25,7.0,-16.5,-1.1785714285714286,SL,1,S
2019-07-15 09:44:00-04:00,2019-07-15 09:46:00-04:00,2019-07-15 10:02:00-04:00,L,7967.25,7973.5,7960.25,7.0,10.5,0.75,TP,1,L
2019-07-16 09:44:00-04:00,2019-07-16 09:45:00-04:00,2019-07-16 10:04:00-04:00,S,7984.25,7980.0,7989.25,5.0,6.5,0.65,TP,1,S
2019-07-17 09:44:00-04:00,2019-07-17 09:52:00-04:00,2019-07-17 09:58:00-04:00,S,7962.0,7956.0,7968.75,6.75,10.0,0.7407407407407407,TP,1,S
2019-07-18 09:44:00-04:00,2019-07-18 10:21:00-04:00,2019-07-18 10:36:00-04:00,S,7901.5,7887.5,7916.25,14.75,26.0,0.8813559322033898,TP,1,S
2019-07-19 09:44:00-04:00,2019-07-19 09:45:00-04:00,2019-07-19 10:07:00-04:00,L,7949.5,7939.25,7939.5,10.0,-22.5,-1.125,SL,1,L
2019-07-22 09:44:00-04:00,2019-07-22 09:47:00-04:00,2019-07-22 09:54:00-04:00,S,7900.25,7910.25,7910.0,9.75,-22.0,-1.1282051282051282,SL,1,S
2019-07-23 09:44:00-04:00,2019-07-23 09:46:00-04:00,2019-07-23 09:58:00-04:00,L,7940.25,7931.25,7931.5,8.75,-20.0,-1.1428571428571428,SL,1,L
2019-07-24 09:44:00-04:00,2019-07-24 09:46:00-04:00,2019-07-24 09:53:00-04:00,S,7967.25,7978.75,7978.5,11.25,-25.0,-1.1111111111111112,SL,1,S
2019-07-25 09:44:00-04:00,2019-07-25 09:45:00-04:00,2019-07-25 09:53:00-04:00,L,7962.5,7948.0,7948.25,14.25,-31.0,-1.087719298245614,SL,1,L
2019-07-29 09:44:00-04:00,2019-07-29 09:50:00-04:00,2019-07-29 09:57:00-04:00,L,7986.0,7970.75,7971.0,15.0,-32.5,-1.0833333333333333,SL,1,L
2019-07-30 09:44:00-04:00,2019-07-30 09:45:00-04:00,2019-07-30 09:50:00-04:00,S,7968.75,7955.75,7982.5,13.75,24.0,0.8727272727272727,TP,1,S
2019-07-31 09:44:00-04:00,2019-07-31 10:36:00-04:00,2019-07-31 10:51:00-04:00,L,7967.25,7975.25,7958.5,8.75,14.0,0.8,TP,1,L
2019-08-01 09:44:00-04:00,2019-08-01 09:48:00-04:00,2019-08-01 10:18:00-04:00,S,7927.0,7950.25,7950.0,23.0,-48.5,-1.0543478260869565,SL,1,S
2019-08-02 09:44:00-04:00,2019-08-02 09:48:00-04:00,2019-08-02 09:53:00-04:00,L,7725.75,7740.75,7710.0,15.75,28.0,0.8888888888888888,TP,1,L
2019-08-05 09:44:00-04:00,2019-08-05 09:45:00-04:00,2019-08-05 09:56:00-04:00,L,7492.0,7510.25,7473.0,19.0,34.5,0.9078947368421053,TP,1,L
2019-08-06 09:44:00-04:00,2019-08-06 10:03:00-04:00,2019-08-06 10:09:00-04:00,S,7528.25,7514.0,7543.25,15.0,26.5,0.8833333333333333,TP,1,S
2019-08-07 09:44:00-04:00,2019-08-07 09:45:00-04:00,2019-08-07 09:45:00-04:00,L,7417.75,7399.75,7400.0,17.75,-38.0,-1.0704225352112675,SL,1,L
2019-08-08 09:44:00-04:00,2019-08-08 09:51:00-04:00,2019-08-08 09:52:00-04:00,L,7583.75,7596.25,7570.5,13.25,23.0,0.8679245283018868,TP,1,L
2019-08-12 09:44:00-04:00,2019-08-12 11:12:00-04:00,2019-08-12 11:24:00-04:00,L,7581.25,7599.0,7562.75,18.5,33.5,0.9054054054054054,TP,1,L
2019-08-13 09:44:00-04:00,2019-08-13 09:45:00-04:00,2019-08-13 09:46:00-04:00,S,7630.75,7660.25,7660.0,29.25,-61.0,-1.0427350427350428,SL,1,S
2019-08-15 09:44:00-04:00,2019-08-15 11:20:00-04:00,2019-08-15 11:29:00-04:00,L,7461.25,7489.25,7432.5,28.75,54.0,0.9391304347826087,TP,1,L
2019-08-16 09:44:00-04:00,2019-08-16 10:20:00-04:00,2019-08-16 10:21:00-04:00,S,7582.5,7593.25,7593.0,10.5,-23.5,-1.119047619047619,SL,1,S
2019-08-19 09:44:00-04:00,2019-08-19 11:42:00-04:00,2019-08-19 11:52:00-04:00,S,7744.75,7734.5,7755.75,11.0,18.5,0.8409090909090909,TP,1,S
2019-08-20 09:44:00-04:00,2019-08-20 09:51:00-04:00,2019-08-20 09:55:00-04:00,L,7685.25,7698.75,7671.0,14.25,25.0,0.8771929824561403,TP,1,L
2019-08-23 09:44:00-04:00,2019-08-23 10:02:00-04:00,2019-08-23 10:02:00-04:00,S,7674.25,7681.75,7681.5,7.25,-17.0,-1.1724137931034482,SL,1,S
2019-08-26 09:44:00-04:00,2019-08-26 09:47:00-04:00,2019-08-26 09:58:00-04:00,L,7533.75,7545.75,7521.0,12.75,22.0,0.8627450980392157,TP,1,L
2019-08-27 09:44:00-04:00,2019-08-27 10:23:00-04:00,2019-08-27 10:52:00-04:00,L,7618.25,7608.5,7608.75,9.5,-21.5,-1.131578947368421,SL,1,L
2019-08-29 09:44:00-04:00,2019-08-29 09:46:00-04:00,2019-08-29 10:03:00-04:00,S,7717.0,7704.5,7730.25,13.25,23.0,0.8679245283018868,TP,1,S
2019-08-30 09:44:00-04:00,2019-08-30 09:45:00-04:00,2019-08-30 09:51:00-04:00,L,7730.5,7737.75,7722.5,8.0,12.5,0.78125,TP,1,L
2019-09-02 09:44:00-04:00,2019-09-02 11:49:00-04:00,2019-09-02 11:49:00-04:00,L,7641.0,7631.25,7631.5,9.5,-21.5,-1.131578947368421,SL,1,L
2019-09-03 09:44:00-04:00,2019-09-03 09:51:00-04:00,2019-09-03 10:00:00-04:00,S,7668.75,7653.5,7684.75,16.0,28.5,0.890625,TP,1,S
2019-09-04 09:44:00-04:00,2019-09-04 09:45:00-04:00,2019-09-04 09:46:00-04:00,S,7697.75,7705.0,7704.75,7.0,-16.5,-1.1785714285714286,SL,1,S
2019-09-05 09:44:00-04:00,2019-09-05 09:45:00-04:00,2019-09-05 09:45:00-04:00,S,7831.0,7842.0,7841.75,10.75,-24.0,-1.1162790697674418,SL,1,S
2019-09-09 09:44:00-04:00,2019-09-09 09:55:00-04:00,2019-09-09 10:02:00-04:00,L,7859.25,7849.5,7849.75,9.5,-21.5,-1.131578947368421,SL,1,L
2019-09-10 09:44:00-04:00,2019-09-10 09:53:00-04:00,2019-09-10 10:16:00-04:00,L,7751.75,7769.75,7733.0,18.75,34.0,0.9066666666666666,TP,1,L
2019-09-11 09:44:00-04:00,2019-09-11 09:48:00-04:00,2019-09-11 10:13:00-04:00,S,7848.0,7862.75,7862.5,14.5,-31.5,-1.0862068965517242,SL,1,S
2019-09-12 09:44:00-04:00,2019-09-12 09:45:00-04:00,2019-09-12 09:51:00-04:00,L,7924.75,7911.75,7912.0,12.75,-28.0,-1.0980392156862746,SL,1,L
2019-09-13 09:44:00-04:00,2019-09-13 10:13:00-04:00,2019-09-13 10:16:00-04:00,L,7887.25,7896.5,7877.25,10.0,16.5,0.825,TP,1,L
2019-09-18 09:44:00-04:00,2019-09-18 09:45:00-04:00,2019-09-18 09:55:00-04:00,L,7886.0,7892.25,7879.0,7.0,10.5,0.75,TP,1,L
2019-09-19 09:44:00-04:00,2019-09-19 10:02:00-04:00,2019-09-19 11:50:00-04:00,S,7963.25,7948.75,7978.5,15.25,27.0,0.8852459016393442,TP,1,S
2019-09-23 09:44:00-04:00,2019-09-23 09:50:00-04:00,2019-09-23 10:00:00-04:00,S,7843.75,7834.5,7853.75,10.0,16.5,0.825,TP,1,S
2019-09-24 09:44:00-04:00,2019-09-24 09:49:00-04:00,2019-09-24 10:00:00-04:00,S,7888.5,7880.5,7897.25,8.75,14.0,0.8,TP,1,S
2019-09-25 09:44:00-04:00,2019-09-25 09:45:00-04:00,2019-09-25 09:49:00-04:00,L,7714.5,7704.25,7704.5,10.0,-22.5,-1.125,SL,1,L
2019-09-26 09:44:00-04:00,2019-09-26 09:55:00-04:00,2019-09-26 10:04:00-04:00,L,7772.0,7787.75,7755.5,16.5,29.5,0.8939393939393939,TP,1,L
2019-09-27 09:44:00-04:00,2019-09-27 09:46:00-04:00,2019-09-27 09:52:00-04:00,L,7783.25,7771.5,7771.75,11.5,-25.5,-1.108695652173913,SL,1,L
2019-10-01 09:44:00-04:00,2019-10-01 09:46:00-04:00,2019-10-01 10:00:00-04:00,S,7837.75,7821.5,7854.75,17.0,30.5,0.8970588235294118,TP,1,S
2019-10-02 09:44:00-04:00,2019-10-02 09:50:00-04:00,2019-10-02 10:01:00-04:00,L,7604.75,7586.0,7586.25,18.5,-39.5,-1.0675675675675675,SL,1,L
2019-10-03 09:44:00-04:00,2019-10-03 10:00:00-04:00,2019-10-03 10:00:00-04:00,L,7549.25,7534.5,7534.75,14.5,-31.5,-1.0862068965517242,SL,1,L
2019-10-04 09:44:00-04:00,2019-10-04 09:58:00-04:00,2019-10-04 10:00:00-04:00,S,7712.25,7724.25,7724.0,11.75,-26.0,-1.1063829787234043,SL,1,S
2019-10-07 09:44:00-04:00,2019-10-07 09:45:00-04:00,2019-10-07 09:51:00-04:00,L,7728.0,7738.5,7716.75,11.25,19.0,0.8444444444444444,TP,1,L
2019-10-08 09:44:00-04:00,2019-10-08 09:50:00-04:00,2019-10-08 09:58:00-04:00,L,7657.0,7642.25,7642.5,14.5,-31.5,-1.0862068965517242,SL,1,L
2019-10-09 09:44:00-04:00,2019-10-09 11:45:00-04:00,2019-10-09 12:35:00-04:00,S,7697.25,7708.25,7708.0,10.75,-24.0,-1.1162790697674418,SL,1,S
2019-10-10 09:44:00-04:00,2019-10-10 09:48:00-04:00,2019-10-10 09:49:00-04:00,S,7714.5,7724.25,7724.0,9.5,-21.5,-1.131578947368421,SL,1,S
2019-10-11 09:44:00-04:00,2019-10-11 09:45:00-04:00,2019-10-11 09:49:00-04:00,S,7866.75,7876.5,7876.25,9.5,-21.5,-1.131578947368421,SL,1,S
2019-10-15 09:44:00-04:00,2019-10-15 09:48:00-04:00,2019-10-15 09:56:00-04:00,S,7900.5,7890.0,7911.75,11.25,19.0,0.8444444444444444,TP,1,S
2019-10-16 09:44:00-04:00,2019-10-16 10:26:00-04:00,2019-10-16 10:51:00-04:00,S,7935.0,7942.75,7942.5,7.5,-17.5,-1.1666666666666667,SL,1,S
2019-10-18 09:44:00-04:00,2019-10-18 09:48:00-04:00,2019-10-18 09:56:00-04:00,S,7953.5,7948.75,7959.0,5.5,7.5,0.6818181818181818,TP,1,S
2019-10-21 09:44:00-04:00,2019-10-21 11:13:00-04:00,2019-10-21 11:36:00-04:00,S,7936.0,7926.5,7946.25,10.25,17.0,0.8292682926829268,TP,1,S
2019-10-22 09:44:00-04:00,2019-10-22 09:45:00-04:00,2019-10-22 09:46:00-04:00,S,7986.75,7980.75,7993.5,6.75,10.0,0.7407407407407407,TP,1,S
2019-10-23 09:44:00-04:00,2019-10-23 09:45:00-04:00,2019-10-23 09:57:00-04:00,S,7884.25,7872.75,7896.5,12.25,21.0,0.8571428571428571,TP,1,S
2019-10-25 09:44:00-04:00,2019-10-25 09:49:00-04:00,2019-10-25 09:58:00-04:00,S,7957.75,7969.25,7969.0,11.25,-25.0,-1.1111111111111112,SL,1,S
2019-10-28 09:44:00-04:00,2019-10-28 10:16:00-04:00,2019-10-28 10:22:00-04:00,S,8098.0,8107.75,8107.5,9.5,-21.5,-1.131578947368421,SL,1,S
2019-10-29 09:44:00-04:00,2019-10-29 09:48:00-04:00,2019-10-29 09:52:00-04:00,L,8088.0,8097.5,8077.75,10.25,17.0,0.8292682926829268,TP,1,L
2019-10-30 09:44:00-04:00,2019-10-30 10:03:00-04:00,2019-10-30 10:04:00-04:00,L,8039.5,8028.0,8028.25,11.25,-25.0,-1.1111111111111112,SL,1,L
2019-10-31 09:44:00-04:00,2019-10-31 09:45:00-04:00,2019-10-31 09:48:00-04:00,L,8091.0,8101.0,8080.25,10.75,18.0,0.8372093023255814,TP,1,L
2019-11-01 09:44:00-04:00,2019-11-01 09:53:00-04:00,2019-11-01 09:54:00-04:00,S,8135.25,8142.75,8142.5,7.25,-17.0,-1.1724137931034482,SL,1,S
2019-11-05 09:44:00-05:00,2019-11-05 09:46:00-05:00,2019-11-05 09:49:00-05:00,L,8208.75,8217.0,8199.75,9.0,14.5,0.8055555555555556,TP,1,L
2019-11-06 09:44:00-05:00,2019-11-06 10:28:00-05:00,2019-11-06 10:58:00-05:00,L,8189.25,8180.25,8180.5,8.75,-20.0,-1.1428571428571428,SL,1,L
2019-11-07 09:44:00-05:00,2019-11-07 10:15:00-05:00,2019-11-07 10:40:00-05:00,S,8260.5,8271.25,8271.0,10.5,-23.5,-1.119047619047619,SL,1,S
2019-11-08 09:44:00-05:00,2019-11-08 09:45:00-05:00,2019-11-08 09:58:00-05:00,S,8232.5,8222.75,8243.0,10.5,17.5,0.8333333333333334,TP,1,S
2019-11-12 09:44:00-05:00,2019-11-12 09:51:00-05:00,2019-11-12 10:12:00-05:00,S,8271.75,8280.0,8279.75,8.0,-18.5,-1.15625,SL,1,S
2019-11-13 09:44:00-05:00,2019-11-13 10:16:00-05:00,2019-11-13 10:39:00-05:00,S,8263.5,8274.0,8273.75,10.25,-23.0,-1.1219512195121952,SL,1,S
2019-11-14 09:44:00-05:00,2019-11-14 10:03:00-05:00,2019-11-14 10:27:00-05:00,S,8257.5,8250.25,8265.5,8.0,12.5,0.78125,TP,1,S
2019-11-15 09:44:00-05:00,2019-11-15 09:57:00-05:00,2019-11-15 10:15:00-05:00,L,8294.25,8302.75,8285.0,9.25,15.0,0.8108108108108109,TP,1,L
2019-11-19 09:44:00-05:00,2019-11-19 09:45:00-05:00,2019-11-19 09:50:00-05:00,L,8349.25,8354.75,8343.0,6.25,9.0,0.72,TP,1,L
2019-11-21 09:44:00-05:00,2019-11-21 09:45:00-05:00,2019-11-21 09:45:00-05:00,L,8262.75,8271.25,8253.5,9.25,15.0,0.8108108108108109,TP,1,L
2019-11-22 09:44:00-05:00,2019-11-22 09:54:00-05:00,2019-11-22 09:58:00-05:00,L,8280.0,8286.75,8272.5,7.5,11.5,0.7666666666666667,TP,1,L
2019-11-25 09:44:00-05:00,2019-11-25 09:50:00-05:00,2019-11-25 10:30:00-05:00,S,8347.25,8361.5,8361.25,14.0,-30.5,-1.0892857142857142,SL,1,S
2019-11-26 09:44:00-05:00,2019-11-26 09:46:00-05:00,2019-11-26 09:47:00-05:00,L,8370.5,8376.25,8364.0,6.5,9.5,0.7307692307692307,TP,1,L
2019-11-29 09:44:00-05:00,2019-11-29 11:45:00-05:00,2019-11-29 11:53:00-05:00,L,8421.75,8425.75,8417.0,4.75,6.0,0.631578947368421,TP,1,L
2019-12-02 09:44:00-05:00,2019-12-02 09:50:00-05:00,2019-12-02 10:00:00-05:00,L,8356.5,8334.25,8334.5,22.0,-46.5,-1.0568181818181819,SL,1,L
2019-12-03 09:44:00-05:00,2019-12-03 09:48:00-05:00,2019-12-03 09:50:00-05:00,L,8185.0,8169.5,8169.75,15.25,-33.0,-1.0819672131147542,SL,1,L
2019-12-05 09:44:00-05:00,2019-12-05 09:58:00-05:00,2019-12-05 10:06:00-05:00,L,8303.75,8294.25,8294.5,9.25,-21.0,-1.135135135135135,SL,1,L
2019-12-06 09:44:00-05:00,2019-12-06 09:45:00-05:00,2019-12-06 09:46:00-05:00,S,8384.5,8391.5,8391.25,6.75,-16.0,-1.1851851851851851,SL,1,S
2019-12-09 09:44:00-05:00,2019-12-09 09:45:00-05:00,2019-12-09 10:41:00-05:00,S,8426.0,8412.0,8440.75,14.75,26.0,0.8813559322033898,TP,1,S
2019-12-12 09:44:00-05:00,2019-12-12 09:59:00-05:00,2019-12-12 10:20:00-05:00,S,8463.75,8496.0,8495.75,32.0,-66.5,-1.0390625,SL,1,S
2019-12-13 09:44:00-05:00,2019-12-13 09:52:00-05:00,2019-12-13 10:00:00-05:00,S,8474.25,8461.5,8487.75,13.5,23.5,0.8703703703703703,TP,1,S
2019-12-18 09:44:00-05:00,2019-12-18 11:16:00-05:00,2019-12-18 11:16:00-05:00,S,8628.25,8634.0,8633.75,5.5,-13.5,-1.2272727272727273,SL,1,S
2019-12-19 09:44:00-05:00,2019-12-19 10:29:00-05:00,2019-12-19 11:10:00-05:00,S,8636.0,8643.5,8643.25,7.25,-17.0,-1.1724137931034482,SL,1,S
2019-12-20 09:44:00-05:00,2019-12-20 09:58:00-05:00,2019-12-20 10:04:00-05:00,L,8690.0,8698.25,8681.0,9.0,14.5,0.8055555555555556,TP,1,L
2019-12-23 09:44:00-05:00,2019-12-23 10:05:00-05:00,2019-12-23 10:18:00-05:00,L,8723.0,8727.25,8718.0,5.0,6.5,0.65,TP,1,L
2019-12-24 09:44:00-05:00,2019-12-24 09:45:00-05:00,2019-12-24 10:05:00-05:00,L,8714.75,8722.0,8706.75,8.0,12.5,0.78125,TP,1,L
2019-12-26 09:44:00-05:00,2019-12-26 09:45:00-05:00,2019-12-26 10:01:00-05:00,S,8755.5,8762.5,8762.25,6.75,-16.0,-1.1851851851851851,SL,1,S
2019-12-27 09:44:00-05:00,2019-12-27 09:49:00-05:00,2019-12-27 09:51:00-05:00,L,8813.75,8806.0,8806.25,7.5,-17.5,-1.1666666666666667,SL,1,L
2019-12-30 09:44:00-05:00,2019-12-30 09:45:00-05:00,2019-12-30 10:14:00-05:00,L,8726.0,8700.0,8700.25,25.75,-54.0,-1.0485436893203883,SL,1,L
2019-12-31 09:44:00-05:00,2019-12-31 09:49:00-05:00,2019-12-31 10:02:00-05:00,S,8745.0,8725.25,8765.5,20.5,37.5,0.9146341463414634,TP,1,S
2020-01-06 09:44:00-05:00,2020-01-06 09:45:00-05:00,2020-01-06 09:51:00-05:00,S,8775.25,8793.75,8793.5,18.25,-39.0,-1.0684931506849316,SL,1,S
2020-01-07 09:44:00-05:00,2020-01-07 09:45:00-05:00,2020-01-07 09:52:00-05:00,L,8835.25,8851.0,8818.75,16.5,29.5,0.8939393939393939,TP,1,L
2020-01-08 09:44:00-05:00,2020-01-08 09:54:00-05:00,2020-01-08 10:48:00-05:00,S,8886.0,8872.0,8900.75,14.75,26.0,0.8813559322033898,TP,1,S
2020-01-13 09:44:00-05:00,2020-01-13 09:57:00-05:00,2020-01-13 10:40:00-05:00,S,9030.0,9020.5,9040.25,10.25,17.0,0.8292682926829268,TP,1,S
2020-01-14 09:44:00-05:00,2020-01-14 09:51:00-05:00,2020-01-14 09:58:00-05:00,L,9052.25,9038.75,9039.0,13.25,-29.0,-1.0943396226415094,SL,1,L
2020-01-15 09:44:00-05:00,2020-01-15 09:53:00-05:00,2020-01-15 10:10:00-05:00,S,9079.0,9090.25,9090.0,11.0,-24.5,-1.1136363636363635,SL,1,S
2020-01-16 09:44:00-05:00,2020-01-16 09:45:00-05:00,2020-01-16 09:48:00-05:00,S,9115.25,9105.25,9126.0,10.75,18.0,0.8372093023255814,TP,1,S
2020-01-17 09:44:00-05:00,2020-01-17 11:12:00-05:00,2020-01-17 12:18:00-05:00,L,9140.25,9154.75,9125.0,15.25,27.0,0.8852459016393442,TP,1,L
2020-01-20 09:44:00-05:00,2020-01-20 09:52:00-05:00,2020-01-20 09:56:00-05:00,S,9171.75,9169.0,9175.25,3.5,3.5,0.5,TP,1,S
2020-01-21 09:44:00-05:00,2020-01-21 09:49:00-05:00,2020-01-21 10:02:00-05:00,S,9171.5,9179.5,9179.25,7.75,-18.0,-1.1612903225806452,SL,1,S
2020-01-22 09:44:00-05:00,2020-01-22 09:59:00-05:00,2020-01-22 10:06:00-05:00,S,9241.25,9230.5,9252.75,11.5,19.5,0.8478260869565217,TP,1,S
2020-01-24 09:44:00-05:00,2020-01-24 09:47:00-05:00,2020-01-24 10:17:00-05:00,L,9262.25,9253.25,9253.5,8.75,-20.0,-1.1428571428571428,SL,1,L
2020-01-27 09:44:00-05:00,2020-01-27 09:45:00-05:00,2020-01-27 10:06:00-05:00,S,8981.5,8960.75,9003.0,21.5,39.5,0.9186046511627907,TP,1,S
2020-01-29 09:44:00-05:00,2020-01-29 09:45:00-05:00,2020-01-29 09:48:00-05:00,L,9136.75,9127.75,9128.0,8.75,-20.0,-1.1428571428571428,SL,1,L
2020-01-31 09:44:00-05:00,2020-01-31 09:45:00-05:00,2020-01-31 10:04:00-05:00,L,9123.25,9099.5,9099.75,23.5,-49.5,-1.053191489361702,SL,1,L
2020-02-03 09:44:00-05:00,2020-02-03 09:45:00-05:00,2020-02-03 09:54:00-05:00,S,9094.25,9117.25,9117.0,22.75,-48.0,-1.054945054945055,SL,1,S
2020-02-05 09:44:00-05:00,2020-02-05 10:13:00-05:00,2020-02-05 10:31:00-05:00,L,9372.0,9338.75,9339.0,33.0,-68.5,-1.0378787878787878,SL,1,L
2020-02-10 09:44:00-05:00,2020-02-10 09:45:00-05:00,2020-02-10 10:19:00-05:00,S,9436.75,9460.0,9459.75,23.0,-48.5,-1.0543478260869565,SL,1,S
2020-02-12 09:44:00-05:00,2020-02-12 11:25:00-05:00,2020-02-12 11:45:00-05:00,S,9603.5,9594.5,9613.25,9.75,16.0,0.8205128205128205,TP,1,S
2020-02-13 09:44:00-05:00,2020-02-13 09:45:00-05:00,2020-02-13 10:01:00-05:00,S,9578.25,9563.75,9593.5,15.25,27.0,0.8852459016393442,TP,1,S
2020-02-14 09:44:00-05:00,2020-02-14 09:50:00-05:00,2020-02-14 10:12:00-05:00,L,9608.5,9595.75,9596.0,12.5,-27.5,-1.1,SL,1,L
2020-02-18 09:44:00-05:00,2020-02-18 09:53:00-05:00,2020-02-18 10:29:00-05:00,S,9616.0,9600.75,9632.0,16.0,28.5,0.890625,TP,1,S
2020-02-19 09:44:00-05:00,2020-02-19 09:52:00-05:00,2020-02-19 10:24:00-05:00,S,9711.25,9723.25,9723.0,11.75,-26.0,-1.1063829787234043,SL,1,S
2020-02-20 09:44:00-05:00,2020-02-20 11:07:00-05:00,2020-02-20 11:11:00-05:00,L,9686.5,9673.5,9673.75,12.75,-28.0,-1.0980392156862746,SL,1,L
2020-02-21 09:44:00-05:00,2020-02-21 09:45:00-05:00,2020-02-21 09:49:00-05:00,L,9526.75,9496.25,9496.5,30.25,-63.0,-1.0413223140495869,SL,1,L
2020-02-24 09:44:00-05:00,2020-02-24 09:46:00-05:00,2020-02-24 10:32:00-05:00,S,9180.0,9127.25,9233.5,53.5,103.5,0.9672897196261683,TP,1,S
2020-02-25 09:44:00-05:00,2020-02-25 09:45:00-05:00,2020-02-25 10:00:00-05:00,L,9120.25,9146.75,9093.0,27.25,51.0,0.9357798165137615,TP,1,L
2020-02-26 09:44:00-05:00,2020-02-26 10:35:00-05:00,2020-02-26 11:53:00-05:00,S,9015.25,8964.0,9067.25,52.0,100.5,0.9663461538461539,TP,1,S
2020-02-27 09:44:00-05:00,2020-02-27 11:18:00-05:00,2020-02-27 11:24:00-05:00,S,8722.25,8688.0,8757.25,35.0,66.5,0.95,TP,1,S
2020-02-28 09:44:00-05:00,2020-02-28 11:21:00-05:00,2020-02-28 11:39:00-05:00,S,8322.5,8398.75,8398.5,76.0,-154.5,-1.0164473684210527,SL,1,S
2020-03-02 09:44:00-05:00,2020-03-02 10:05:00-05:00,2020-03-02 10:40:00-05:00,L,8485.0,8527.25,8442.0,43.0,82.5,0.9593023255813954,TP,1,L
2020-03-03 09:44:00-05:00,2020-03-03 09:50:00-05:00,2020-03-03 09:54:00-05:00,L,8801.25,8761.25,8761.5,39.75,-82.0,-1.0314465408805031,SL,1,L
2020-03-04 09:44:00-05:00,2020-03-04 09:53:00-05:00,2020-03-04 10:08:00-05:00,L,8687.5,8723.5,8650.75,36.75,70.0,0.9523809523809523,TP,1,L
2020-03-05 09:44:00-05:00,2020-03-05 10:18:00-05:00,2020-03-05 10:22:00-05:00,S,8782.0,8813.25,8813.0,31.0,-64.5,-1.0403225806451613,SL,1,S
2020-03-06 09:44:00-05:00,2020-03-06 10:16:00-05:00,2020-03-06 10:27:00-05:00,S,8461.75,8494.5,8494.25,32.5,-67.5,-1.0384615384615385,SL,1,S
2020-03-10 09:44:00-04:00,2020-03-10 09:48:00-04:00,2020-03-10 09:54:00-04:00,L,8138.5,8178.75,8097.5,41.0,78.5,0.9573170731707317,TP,1,L
2020-03-11 09:44:00-04:00,2020-03-11 10:30:00-04:00,2020-03-11 10:53:00-04:00,L,8127.25,8092.25,8092.5,34.75,-72.0,-1.0359712230215827,SL,1,L
2020-03-12 09:36:00-04:00,2020-03-12 09:50:00-04:00,2020-03-12 09:51:00-04:00,L,7433.75,7409.5,7409.75,24.0,-50.5,-1.0520833333333333,SL,1,L
2020-03-13 09:44:00-04:00,2020-03-13 09:51:00-04:00,2020-03-13 10:18:00-04:00,L,7500.25,7594.0,7405.75,94.5,185.5,0.9814814814814815,TP,1,L
2020-03-18 09:44:00-04:00,2020-03-18 09:53:00-04:00,2020-03-18 10:03:00-04:00,S,7183.25,7275.25,7275.0,91.75,-186.0,-1.013623978201635,SL,1,S
2020-03-20 09:44:00-04:00,2020-03-20 09:45:00-04:00,2020-03-20 09:55:00-04:00,L,7310.5,7371.0,7249.25,61.25,119.0,0.9714285714285714,TP,1,L
2020-03-23 09:44:00-04:00,2020-03-23 11:26:00-04:00,2020-03-23 11:44:00-04:00,L,6834.5,6766.75,6767.0,67.5,-137.5,-1.0185185185185186,SL,1,L
2020-03-24 09:44:00-04:00,2020-03-24 09:46:00-04:00,2020-03-24 09:47:00-04:00,L,7327.75,7369.0,7285.75,42.0,80.5,0.9583333333333334,TP,1,L
2020-03-26 09:44:00-04:00,2020-03-26 09:59:00-04:00,2020-03-26 10:18:00-04:00,S,7637.75,7685.5,7685.25,47.5,-97.5,-1.0263157894736843,SL,1,S
2020-03-27 09:44:00-04:00,2020-03-27 09:47:00-04:00,2020-03-27 09:52:00-04:00,L,7587.0,7627.0,7546.25,40.75,78.0,0.9570552147239264,TP,1,L
2020-03-30 09:44:00-04:00,2020-03-30 10:03:00-04:00,2020-03-30 10:15:00-04:00,S,7712.25,7744.25,7744.0,31.75,-66.0,-1.0393700787401574,SL,1,S
2020-03-31 09:44:00-04:00,2020-03-31 10:06:00-04:00,2020-03-31 10:10:00-04:00,S,7875.0,7897.25,7897.0,22.0,-46.5,-1.0568181818181819,SL,1,S
2020-04-01 09:44:00-04:00,2020-04-01 10:16:00-04:00,2020-04-01 10:24:00-04:00,S,7631.5,7604.25,7659.5,28.0,52.5,0.9375,TP,1,S
2020-04-02 09:44:00-04:00,2020-04-02 10:12:00-04:00,2020-04-02 10:31:00-04:00,S,7520.75,7561.0,7560.75,40.0,-82.5,-1.03125,SL,1,S
2020-04-07 09:44:00-04:00,2020-04-07 10:06:00-04:00,2020-04-07 10:12:00-04:00,L,8201.75,8164.0,8164.25,37.5,-77.5,-1.0333333333333334,SL,1,L
2020-04-08 09:44:00-04:00,2020-04-08 11:20:00-04:00,2020-04-08 11:30:00-04:00,S,8154.5,8175.75,8175.5,21.0,-44.5,-1.0595238095238095,SL,1,S
2020-04-14 09:44:00-04:00,2020-04-14 09:45:00-04:00,2020-04-14 09:54:00-04:00,S,8538.75,8570.5,8570.25,31.5,-65.5,-1.0396825396825398,SL,1,S
2020-04-15 09:44:00-04:00,2020-04-15 09:45:00-04:00,2020-04-15 10:06:00-04:00,L,8499.25,8524.5,8473.25,26.0,48.5,0.9326923076923077,TP,1,L
2020-04-16 09:44:00-04:00,2020-04-16 09:54:00-04:00,2020-04-16 10:02:00-04:00,L,8646.75,8626.75,8627.0,19.75,-42.0,-1.0632911392405062,SL,1,L
2020-04-17 09:44:00-04:00,2020-04-17 10:38:00-04:00,2020-04-17 11:27:00-04:00,L,8764.25,8722.75,8723.0,41.25,-85.0,-1.0303030303030303,SL,1,L
2020-04-20 09:44:00-04:00,2020-04-20 10:24:00-04:00,2020-04-20 10:31:00-04:00,S,8784.25,8805.75,8805.5,21.25,-45.0,-1.0588235294117647,SL,1,S
2020-04-21 09:44:00-04:00,2020-04-21 09:45:00-04:00,2020-04-21 09:46:00-04:00,L,8538.5,8581.25,8495.0,43.5,83.5,0.9597701149425287,TP,1,L
2020-04-22 09:44:00-04:00,2020-04-22 09:48:00-04:00,2020-04-22 09:55:00-04:00,L,8541.75,8562.75,8520.0,21.75,40.0,0.9195402298850575,TP,1,L
2020-04-23 09:44:00-04:00,2020-04-23 10:18:00-04:00,2020-04-23 10:34:00-04:00,S,8743.75,8775.75,8775.5,31.75,-66.0,-1.0393700787401574,SL,1,S
2020-04-24 09:44:00-04:00,2020-04-24 09:46:00-04:00,2020-04-24 09:48:00-04:00,L,8616.25,8596.25,8596.5,19.75,-42.0,-1.0632911392405062,SL,1,L
2020-04-27 09:44:00-04:00,2020-04-27 10:59:00-04:00,2020-04-27 11:13:00-04:00,L,8819.75,8834.5,8804.25,15.5,27.5,0.8870967741935484,TP,1,L
2020-04-28 09:44:00-04:00,2020-04-28 09:48:00-04:00,2020-04-28 09:59:00-04:00,L,8850.5,8829.0,8829.25,21.25,-45.0,-1.0588235294117647,SL,1,L
2020-04-29 09:44:00-04:00,2020-04-29 09:45:00-04:00,2020-04-29 09:51:00-04:00,S,8868.75,8889.5,8889.25,20.5,-43.5,-1.0609756097560976,SL,1,S
2020-05-01 09:44:00-04:00,2020-05-01 10:00:00-04:00,2020-05-01 10:02:00-04:00,S,8842.5,8867.0,8866.75,24.25,-51.0,-1.0515463917525774,SL,1,S
2020-05-04 09:44:00-04:00,2020-05-04 09:48:00-04:00,2020-05-04 09:51:00-04:00,S,8687.0,8701.5,8701.25,14.25,-31.0,-1.087719298245614,SL,1,S
2020-05-05 09:44:00-04:00,2020-05-05 09:48:00-04:00,2020-05-05 10:00:00-04:00,S,8942.5,8961.25,8961.0,18.5,-39.5,-1.0675675675675675,SL,1,S
2020-05-06 09:44:00-04:00,2020-05-06 10:45:00-04:00,2020-05-06 11:21:00-04:00,S,9029.25,9008.0,9051.25,22.0,40.5,0.9204545454545454,TP,1,S
2020-05-07 09:44:00-04:00,2020-05-07 11:46:00-04:00,2020-05-07 14:23:00-04:00,S,9107.25,9088.75,9126.5,19.25,35.0,0.9090909090909091,TP,1,S
2020-05-11 09:44:00-04:00,2020-05-11 09:45:00-04:00,2020-05-11 10:05:00-04:00,S,9211.75,9237.0,9236.75,25.0,-52.5,-1.05,SL,1,S
2020-05-12 09:44:00-04:00,2020-05-12 09:50:00-04:00,2020-05-12 10:25:00-04:00,L,9265.0,9295.5,9233.75,31.25,59.0,0.944,TP,1,L
2020-05-13 09:44:00-04:00,2020-05-13 11:38:00-04:00,2020-05-13 11:47:00-04:00,L,9042.75,9004.5,9004.75,38.0,-78.5,-1.0328947368421053,SL,1,L
2020-05-14 09:44:00-04:00,2020-05-14 09:47:00-04:00,2020-05-14 09:51:00-04:00,L,8912.75,8888.0,8888.25,24.5,-51.5,-1.0510204081632653,SL,1,L
2020-05-15 09:44:00-04:00,2020-05-15 09:53:00-04:00,2020-05-15 10:10:00-04:00,S,9011.75,9038.5,9038.25,26.5,-55.5,-1.0471698113207548,SL,1,S
2020-05-18 09:44:00-04:00,2020-05-18 09:45:00-04:00,2020-05-18 09:49:00-04:00,S,9288.5,9272.75,9305.0,16.5,29.5,0.8939393939393939,TP,1,S
2020-05-19 09:44:00-04:00,2020-05-19 09:56:00-04:00,2020-05-19 10:06:00-04:00,S,9368.5,9390.0,9389.75,21.25,-45.0,-1.0588235294117647,SL,1,S
2020-05-20 09:44:00-04:00,2020-05-20 09:46:00-04:00,2020-05-20 09:58:00-04:00,S,9441.75,9457.75,9457.5,15.75,-34.0,-1.0793650793650793,SL,1,S
2020-05-26 09:44:00-04:00,2020-05-26 09:49:00-04:00,2020-05-26 09:56:00-04:00,L,9519.75,9500.0,9500.25,19.5,-41.5,-1.064102564102564,SL,1,L
2020-05-27 09:44:00-04:00,2020-05-27 09:46:00-04:00,2020-05-27 09:48:00-04:00,L,9324.5,9300.75,9301.0,23.5,-49.5,-1.053191489361702,SL,1,L
2020-05-28 09:44:00-04:00,2020-05-28 10:08:00-04:00,2020-05-28 10:44:00-04:00,S,9462.5,9493.75,9493.5,31.0,-64.5,-1.0403225806451613,SL,1,S
2020-05-29 09:44:00-04:00,2020-05-29 09:46:00-04:00,2020-05-29 09:52:00-04:00,S,9464.5,9482.0,9481.75,17.25,-37.0,-1.0724637681159421,SL,1,S
2020-06-01 09:44:00-04:00,2020-06-01 09:45:00-04:00,2020-06-01 10:06:00-04:00,S,9558.75,9579.75,9579.5,20.75,-44.0,-1.0602409638554218,SL,1,S
2020-06-02 09:44:00-04:00,2020-06-02 09:48:00-04:00,2020-06-02 09:58:00-04:00,L,9570.75,9583.5,9557.25,13.5,23.5,0.8703703703703703,TP,1,L
2020-06-03 09:44:00-04:00,2020-06-03 09:59:00-04:00,2020-06-03 10:11:00-04:00,S,9697.25,9680.0,9715.25,18.0,32.5,0.9027777777777778,TP,1,S
2020-06-04 09:44:00-04:00,2020-06-04 09:45:00-04:00,2020-06-04 09:49:00-04:00,S,9707.0,9721.75,9721.5,14.5,-31.5,-1.0862068965517242,SL,1,S
2020-06-05 09:44:00-04:00,2020-06-05 09:45:00-04:00,2020-06-05 11:24:00-04:00,S,9762.5,9804.75,9804.5,42.0,-86.5,-1.0297619047619047,SL,1,S
2020-06-08 09:44:00-04:00,2020-06-08 09:45:00-04:00,2020-06-08 09:47:00-04:00,L,9792.25,9777.5,9777.75,14.5,-31.5,-1.0862068965517242,SL,1,L
2020-06-09 09:44:00-04:00,2020-06-09 09:45:00-04:00,2020-06-09 10:00:00-04:00,S,9899.75,9881.75,9918.5,18.75,34.0,0.9066666666666666,TP,1,S
2020-06-10 09:44:00-04:00,2020-06-10 10:00:00-04:00,2020-06-10 10:15:00-04:00,S,10065.75,10049.75,10082.5,16.75,30.0,0.8955223880597015,TP,1,S
2020-06-11 09:44:00-04:00,2020-06-11 11:01:00-04:00,2020-06-11 11:18:00-04:00,L,9876.75,9906.25,9846.5,30.25,57.0,0.9421487603305785,TP,1,L
2020-06-12 09:44:00-04:00,2020-06-12 09:45:00-04:00,2020-06-12 09:49:00-04:00,S,9847.0,9820.5,9874.25,27.25,51.0,0.9357798165137615,TP,1,S
2020-06-15 09:44:00-04:00,2020-06-15 09:55:00-04:00,2020-06-15 10:04:00-04:00,S,9570.75,9604.5,9604.25,33.5,-69.5,-1.037313432835821,SL,1,S
2020-06-16 09:44:00-04:00,2020-06-16 09:45:00-04:00,2020-06-16 09:49:00-04:00,S,9995.75,9979.25,10013.0,17.25,31.0,0.8985507246376812,TP,1,S
2020-06-19 09:44:00-04:00,2020-06-19 10:46:00-04:00,2020-06-19 10:51:00-04:00,L,10075.75,10065.25,10065.5,10.25,-23.0,-1.1219512195121952,SL,1,L
2020-06-23 09:44:00-04:00,2020-06-23 09:46:00-04:00,2020-06-23 09:50:00-04:00,S,10199.25,10184.25,10215.0,15.75,28.0,0.8888888888888888,TP,1,S
2020-06-25 09:44:00-04:00,2020-06-25 09:46:00-04:00,2020-06-25 10:00:00-04:00,L,9911.25,9951.5,9870.25,41.0,78.5,0.9573170731707317,TP,1,L
2020-06-26 09:44:00-04:00,2020-06-26 09:45:00-04:00,2020-06-26 10:10:00-04:00,L,10004.75,9974.5,9974.75,30.0,-62.5,-1.0416666666666667,SL,1,L
2020-06-29 09:44:00-04:00,2020-06-29 09:46:00-04:00,2020-06-29 09:58:00-04:00,L,9743.75,9784.0,9702.75,41.0,78.5,0.9573170731707317,TP,1,L
2020-06-30 09:44:00-04:00,2020-06-30 09:45:00-04:00,2020-06-30 10:01:00-04:00,S,10011.75,10038.5,10038.25,26.5,-55.5,-1.0471698113207548,SL,1,S
2020-07-01 09:44:00-04:00,2020-07-01 10:17:00-04:00,2020-07-01 10:31:00-04:00,S,10193.25,10217.5,10217.25,24.0,-50.5,-1.0520833333333333,SL,1,S
2020-07-02 09:44:00-04:00,2020-07-02 09:48:00-04:00,2020-07-02 09:48:00-04:00,S,10410.5,10394.0,10427.75,17.25,31.0,0.8985507246376812,TP,1,S
2020-07-06 09:44:00-04:00,2020-07-06 09:55:00-04:00,2020-07-06 09:56:00-04:00,S,10500.25,10512.5,10512.25,12.0,-26.5,-1.1041666666666667,SL,1,S
2020-07-07 09:44:00-04:00,2020-07-07 09:46:00-04:00,2020-07-07 10:12:00-04:00,S,10616.25,10639.5,10639.25,23.0,-48.5,-1.0543478260869565,SL,1,S
2020-07-08 09:44:00-04:00,2020-07-08 09:47:00-04:00,2020-07-08 10:12:00-04:00,S,10615.75,10635.25,10635.0,19.25,-41.0,-1.0649350649350648,SL,1,S
2020-07-09 09:44:00-04:00,2020-07-09 10:17:00-04:00,2020-07-09 10:22:00-04:00,L,10689.25,10711.0,10666.75,22.5,41.5,0.9222222222222223,TP,1,L
2020-07-10 09:44:00-04:00,2020-07-10 10:00:00-04:00,2020-07-10 10:14:00-04:00,L,10657.25,10692.0,10621.75,35.5,67.5,0.9507042253521126,TP,1,L
2020-07-13 09:44:00-04:00,2020-07-13 10:28:00-04:00,2020-07-13 10:57:00-04:00,S,10996.5,11022.75,11022.5,26.0,-54.5,-1.0480769230769231,SL,1,S
2020-07-17 09:44:00-04:00,2020-07-17 09:46:00-04:00,2020-07-17 09:57:00-04:00,L,10582.25,10607.75,10556.0,26.25,49.0,0.9333333333333333,TP,1,L
2020-07-21 09:44:00-04:00,2020-07-21 10:10:00-04:00,2020-07-21 10:19:00-04:00,L,10906.0,10942.75,10868.5,37.5,71.5,0.9533333333333334,TP,1,L
2020-07-22 09:44:00-04:00,2020-07-22 10:47:00-04:00,2020-07-22 10:49:00-04:00,L,10820.75,10799.75,10800.0,20.75,-44.0,-1.0602409638554218,SL,1,L
2020-07-23 09:44:00-04:00,2020-07-23 10:12:00-04:00,2020-07-23 10:14:00-04:00,L,10799.0,10780.75,10781.0,18.0,-38.5,-1.0694444444444444,SL,1,L
2020-07-27 09:44:00-04:00,2020-07-27 09:49:00-04:00,2020-07-27 10:29:00-04:00,S,10610.25,10573.75,10647.5,37.25,71.0,0.9530201342281879,TP,1,S
2020-07-28 09:44:00-04:00,2020-07-28 09:51:00-04:00,2020-07-28 10:04:00-04:00,L,10579.25,10604.75,10553.0,26.25,49.0,0.9333333333333333,TP,1,L
2020-07-29 09:44:00-04:00,2020-07-29 09:49:00-04:00,2020-07-29 09:55:00-04:00,L,10576.25,10589.25,10562.5,13.75,24.0,0.8727272727272727,TP,1,L
2020-07-30 09:44:00-04:00,2020-07-30 09:47:00-04:00,2020-07-30 09:50:00-04:00,S,10617.5,10592.75,10643.0,25.5,47.5,0.9313725490196079,TP,1,S
2020-07-31 09:44:00-04:00,2020-07-31 10:03:00-04:00,2020-07-31 10:17:00-04:00,L,10780.25,10733.5,10733.75,46.5,-95.5,-1.0268817204301075,SL,1,L
2020-08-03 09:44:00-04:00,2020-08-03 09:45:00-04:00,2020-08-03 09:54:00-04:00,S,11042.25,11019.0,11066.25,24.0,44.5,0.9270833333333334,TP,1,S
2020-08-04 09:44:00-04:00,2020-08-04 09:45:00-04:00,2020-08-04 10:00:00-04:00,S,11049.75,11067.0,11066.75,17.0,-36.5,-1.0735294117647058,SL,1,S
2020-08-06 09:44:00-04:00,2020-08-06 09:50:00-04:00,2020-08-06 09:54:00-04:00,L,11081.25,11095.75,11066.0,15.25,27.0,0.8852459016393442,TP,1,L
2020-08-07 09:44:00-04:00,2020-08-07 10:21:00-04:00,2020-08-07 10:25:00-04:00,L,11208.0,11220.0,11195.25,12.75,22.0,0.8627450980392157,TP,1,L
2020-08-11 09:44:00-04:00,2020-08-11 10:07:00-04:00,2020-08-11 10:18:00-04:00,L,10956.25,10984.0,10927.75,28.5,53.5,0.9385964912280702,TP,1,L
2020-08-12 09:44:00-04:00,2020-08-12 09:48:00-04:00,2020-08-12 09:48:00-04:00,S,11006.0,11025.0,11024.75,18.75,-40.0,-1.0666666666666667,SL,1,S
2020-08-13 09:44:00-04:00,2020-08-13 10:30:00-04:00,2020-08-13 11:07:00-04:00,S,11229.75,11255.5,11255.25,25.5,-53.5,-1.0490196078431373,SL,1,S
2020-08-17 09:44:00-04:00,2020-08-17 09:46:00-04:00,2020-08-17 09:58:00-04:00,S,11251.75,11263.75,11263.5,11.75,-26.0,-1.1063829787234043,SL,1,S
2020-08-19 09:44:00-04:00,2020-08-19 09:45:00-04:00,2020-08-19 09:46:00-04:00,L,11367.0,11348.0,11348.25,18.75,-40.0,-1.0666666666666667,SL,1,L
2020-08-20 09:44:00-04:00,2020-08-20 09:45:00-04:00,2020-08-20 09:57:00-04:00,S,11340.25,11369.0,11368.75,28.5,-59.5,-1.043859649122807,SL,1,S
2020-08-21 09:44:00-04:00,2020-08-21 09:45:00-04:00,2020-08-21 09:45:00-04:00,S,11490.25,11504.25,11504.0,13.75,-30.0,-1.0909090909090908,SL,1,S
2020-08-25 09:44:00-04:00,2020-08-25 10:16:00-04:00,2020-08-25 10:27:00-04:00,S,11631.75,11610.5,11653.75,22.0,40.5,0.9204545454545454,TP,1,S
2020-08-26 09:44:00-04:00,2020-08-26 10:24:00-04:00,2020-08-26 10:30:00-04:00,S,11796.5,11810.0,11809.75,13.25,-29.0,-1.0943396226415094,SL,1,S
2020-08-27 09:44:00-04:00,2020-08-27 10:06:00-04:00,2020-08-27 10:18:00-04:00,L,11912.75,11951.75,11873.0,39.75,76.0,0.9559748427672956,TP,1,L
2020-08-28 09:44:00-04:00,2020-08-28 09:59:00-04:00,2020-08-28 10:06:00-04:00,S,12004.5,12017.25,12017.0,12.5,-27.5,-1.1,SL,1,S
2020-08-31 09:44:00-04:00,2020-08-31 09:45:00-04:00,2020-08-31 09:45:00-04:00,S,12041.0,12023.0,12059.75,18.75,34.0,0.9066666666666666,TP,1,S
2020-09-02 09:44:00-04:00,2020-09-02 09:51:00-04:00,2020-09-02 09:52:00-04:00,L,12358.75,12329.0,12329.25,29.5,-61.5,-1.0423728813559323,SL,1,L
2020-09-03 09:44:00-04:00,2020-09-03 10:12:00-04:00,2020-09-03 10:19:00-04:00,L,12132.5,12090.0,12090.25,42.25,-87.0,-1.029585798816568,SL,1,L
2020-09-04 09:44:00-04:00,2020-09-04 09:45:00-04:00,2020-09-04 09:47:00-04:00,L,11681.0,11618.5,11618.75,62.25,-127.0,-1.0200803212851406,SL,1,L
2020-09-08 09:44:00-04:00,2020-09-08 09:56:00-04:00,2020-09-08 10:08:00-04:00,S,11270.0,11329.25,11329.0,59.0,-120.5,-1.021186440677966,SL,1,S
2020-09-09 09:44:00-04:00,2020-09-09 09:51:00-04:00,2020-09-09 09:55:00-04:00,L,11206.5,11244.0,11168.25,38.25,73.0,0.954248366013072,TP,1,L
2020-09-10 09:44:00-04:00,2020-09-10 09:50:00-04:00,2020-09-10 09:51:00-04:00,L,11482.75,11458.0,11458.25,24.5,-51.5,-1.0510204081632653,SL,1,L
2020-09-11 09:44:00-04:00,2020-09-11 09:56:00-04:00,2020-09-11 10:10:00-04:00,L,11166.5,11122.25,11122.5,44.0,-90.5,-1.0284090909090908,SL,1,L
2020-09-14 09:44:00-04:00,2020-09-14 09:45:00-04:00,2020-09-14 09:48:00-04:00,S,11284.25,11314.0,11313.75,29.5,-61.5,-1.0423728813559323,SL,1,S
2020-09-15 09:44:00-04:00,2020-09-15 09:49:00-04:00,2020-09-15 09:59:00-04:00,S,11462.25,11481.0,11480.75,18.5,-39.5,-1.0675675675675675,SL,1,S
2020-09-18 09:44:00-04:00,2020-09-18 09:45:00-04:00,2020-09-18 09:47:00-04:00,L,11068.25,11042.25,11042.5,25.75,-54.0,-1.0485436893203883,SL,1,L
2020-09-21 09:44:00-04:00,2020-09-21 09:46:00-04:00,2020-09-21 10:02:00-04:00,S,10812.0,10770.5,10854.25,42.25,81.0,0.9585798816568047,TP,1,S
2020-09-22 09:44:00-04:00,2020-09-22 09:45:00-04:00,2020-09-22 09:51:00-04:00,L,10987.0,10953.0,10953.25,33.75,-70.0,-1.037037037037037,SL,1,L
2020-09-23 09:44:00-04:00,2020-09-23 09:52:00-04:00,2020-09-23 09:58:00-04:00,L,11102.0,11078.75,11079.0,23.0,-48.5,-1.0543478260869565,SL,1,L
2020-09-24 09:44:00-04:00,2020-09-24 09:46:00-04:00,2020-09-24 09:47:00-04:00,S,10783.25,10814.0,10813.75,30.5,-63.5,-1.040983606557377,SL,1,S
2020-09-25 09:44:00-04:00,2020-09-25 09:47:00-04:00,2020-09-25 09:52:00-04:00,L,10846.5,10871.5,10820.75,25.75,48.0,0.9320388349514563,TP,1,L
2020-09-28 09:44:00-04:00,2020-09-28 09:45:00-04:00,2020-09-28 09:46:00-04:00,L,11282.25,11305.25,11258.5,23.75,44.0,0.9263157894736842,TP,1,L
2020-09-29 09:44:00-04:00,2020-09-29 10:34:00-04:00,2020-09-29 10:37:00-04:00,L,11328.5,11308.25,11308.5,20.0,-42.5,-1.0625,SL,1,L
2020-09-30 09:44:00-04:00,2020-09-30 09:51:00-04:00,2020-09-30 09:52:00-04:00,S,11364.25,11385.5,11385.25,21.0,-44.5,-1.0595238095238095,SL,1,S
2020-10-01 09:44:00-04:00,2020-10-01 09:46:00-04:00,2020-10-01 09:50:00-04:00,L,11532.5,11546.0,11518.25,14.25,25.0,0.8771929824561403,TP,1,L
2020-10-02 09:44:00-04:00,2020-10-02 09:47:00-04:00,2020-10-02 09:52:00-04:00,S,11421.0,11375.5,11467.25,46.25,89.0,0.9621621621621622,TP,1,S
2020-10-05 09:44:00-04:00,2020-10-05 10:00:00-04:00,2020-10-05 10:03:00-04:00,S,11371.75,11391.75,11391.5,19.75,-42.0,-1.0632911392405062,SL,1,S
2020-10-06 09:44:00-04:00,2020-10-06 10:03:00-04:00,2020-10-06 10:18:00-04:00,S,11478.75,11495.5,11495.25,16.5,-35.5,-1.0757575757575757,SL,1,S
2020-10-07 09:44:00-04:00,2020-10-07 09:55:00-04:00,2020-10-07 09:58:00-04:00,S,11433.75,11415.5,11452.75,19.0,34.5,0.9078947368421053,TP,1,S
2020-10-08 09:44:00-04:00,2020-10-08 09:46:00-04:00,2020-10-08 09:57:00-04:00,L,11528.75,11546.75,11510.0,18.75,34.0,0.9066666666666666,TP,1,L
2020-10-09 09:44:00-04:00,2020-10-09 09:49:00-04:00,2020-10-09 10:03:00-04:00,S,11628.5,11644.5,11644.25,15.75,-34.0,-1.0793650793650793,SL,1,S
2020-10-12 09:44:00-04:00,2020-10-12 09:52:00-04:00,2020-10-12 10:06:00-04:00,L,11876.0,11902.25,11849.0,27.0,50.5,0.9351851851851852,TP,1,L
2020-10-13 09:44:00-04:00,2020-10-13 09:45:00-04:00,2020-10-13 09:50:00-04:00,L,12041.25,12083.75,11998.0,43.25,83.0,0.9595375722543352,TP,1,L
2020-10-14 09:44:00-04:00,2020-10-14 09:47:00-04:00,2020-10-14 09:56:00-04:00,S,12147.75,12119.0,12177.25,29.5,55.5,0.940677966101695,TP,1,S
2020-10-15 09:44:00-04:00,2020-10-15 09:46:00-04:00,2020-10-15 10:09:00-04:00,S,11855.75,11817.25,11895.0,39.25,75.0,0.9554140127388535,TP,1,S
2020-10-16 09:44:00-04:00,2020-10-16 11:10:00-04:00,2020-10-16 11:18:00-04:00,L,11926.75,11910.0,11910.25,16.5,-35.5,-1.0757575757575757,SL,1,L
2020-10-19 09:44:00-04:00,2020-10-19 09:45:00-04:00,2020-10-19 09:49:00-04:00,S,11945.25,11927.0,11964.25,19.0,34.5,0.9078947368421053,TP,1,S
2020-10-20 09:44:00-04:00,2020-10-20 09:59:00-04:00,2020-10-20 10:07:00-04:00,S,11701.75,11729.0,11728.75,27.0,-56.5,-1.0462962962962963,SL,1,S
2020-10-21 09:44:00-04:00,2020-10-21 09:45:00-04:00,2020-10-21 09:58:00-04:00,S,11739.5,11772.25,11772.0,32.5,-67.5,-1.0384615384615385,SL,1,S
2020-10-23 09:44:00-04:00,2020-10-23 09:50:00-04:00,2020-10-23 09:55:00-04:00,L,11596.5,11627.5,11564.75,31.75,60.0,0.9448818897637795,TP,1,L
2020-10-26 09:44:00-04:00,2020-10-26 09:52:00-04:00,2020-10-26 10:28:00-04:00,S,11661.25,11625.5,11697.75,36.5,69.5,0.952054794520548,TP,1,S
2020-10-27 09:44:00-04:00,2020-10-27 09:45:00-04:00,2020-10-27 09:48:00-04:00,S,11559.25,11536.25,11583.0,23.75,44.0,0.9263157894736842,TP,1,S
2020-10-28 09:44:00-04:00,2020-10-28 09:50:00-04:00,2020-10-28 09:52:00-04:00,L,11329.5,11293.25,11293.5,36.0,-74.5,-1.0347222222222223,SL,1,L
2020-10-29 09:44:00-04:00,2020-10-29 09:54:00-04:00,2020-10-29 10:02:00-04:00,S,11244.5,11273.5,11273.25,28.75,-60.0,-1.0434782608695652,SL,1,S
2020-10-30 09:44:00-04:00,2020-10-30 09:45:00-04:00,2020-10-30 09:53:00-04:00,L,11173.75,11132.0,11132.25,41.5,-85.5,-1.0301204819277108,SL,1,L
2020-11-02 09:44:00-05:00,2020-11-02 09:51:00-05:00,2020-11-02 10:06:00-05:00,S,11184.25,11155.75,11213.5,29.25,55.0,0.9401709401709402,TP,1,S
2020-11-05 09:44:00-05:00,2020-11-05 09:45:00-05:00,2020-11-05 09:56:00-05:00,S,12054.5,12086.25,12086.0,31.5,-65.5,-1.0396825396825398,SL,1,S
2020-11-06 09:44:00-05:00,2020-11-06 09:52:00-05:00,2020-11-06 10:13:00-05:00,L,11912.0,11964.0,11859.25,52.75,102.0,0.966824644549763,TP,1,L
2020-11-10 09:44:00-05:00,2020-11-10 09:45:00-05:00,2020-11-10 09:51:00-05:00,L,11631.0,11675.75,11585.5,45.5,87.5,0.9615384615384616,TP,1,L
2020-11-11 09:44:00-05:00,2020-11-11 09:45:00-05:00,2020-11-11 09:56:00-05:00,S,11823.25,11777.5,11869.75,46.5,89.5,0.9623655913978495,TP,1,S
2020-11-12 09:44:00-05:00,2020-11-12 10:41:00-05:00,2020-11-12 10:54:00-05:00,S,11963.75,11932.5,11995.75,32.0,60.5,0.9453125,TP,1,S
2020-11-16 09:44:00-05:00,2020-11-16 09:45:00-05:00,2020-11-16 09:54:00-05:00,S,11981.0,11945.75,12017.0,36.0,68.5,0.9513888888888888,TP,1,S
2020-11-17 09:44:00-05:00,2020-11-17 09:45:00-05:00,2020-11-17 09:59:00-05:00,L,11988.0,11966.75,11967.0,21.0,-44.5,-1.0595238095238095,SL,1,L
2020-11-18 09:44:00-05:00,2020-11-18 11:55:00-05:00,2020-11-18 12:00:00-05:00,S,11988.25,12006.25,12006.0,17.75,-38.0,-1.0704225352112675,SL,1,S
2020-11-19 09:44:00-05:00,2020-11-19 09:46:00-05:00,2020-11-19 09:56:00-05:00,S,11894.5,11915.25,11915.0,20.5,-43.5,-1.0609756097560976,SL,1,S
2020-11-20 09:44:00-05:00,2020-11-20 09:55:00-05:00,2020-11-20 09:59:00-05:00,L,11952.5,11964.5,11939.75,12.75,22.0,0.8627450980392157,TP,1,L
2020-11-23 09:44:00-05:00,2020-11-23 09:45:00-05:00,2020-11-23 09:45:00-05:00,S,11981.5,11995.75,11995.5,14.0,-30.5,-1.0892857142857142,SL,1,S
2020-11-24 09:44:00-05:00,2020-11-24 09:47:00-05:00,2020-11-24 09:52:00-05:00,L,11878.75,11908.0,11848.75,30.0,56.5,0.9416666666666667,TP,1,L
2020-11-25 09:44:00-05:00,2020-11-25 09:55:00-05:00,2020-11-25 09:56:00-05:00,S,12142.25,12126.25,12159.0,16.75,30.0,0.8955223880597015,TP,1,S
2020-11-26 09:44:00-05:00,2020-11-26 10:12:00-05:00,2020-11-26 10:54:00-05:00,L,12189.25,12178.75,12179.0,10.25,-23.0,-1.1219512195121952,SL,1,L
2020-11-27 09:44:00-05:00,2020-11-27 10:00:00-05:00,2020-11-27 10:17:00-05:00,S,12254.0,12269.75,12269.5,15.5,-33.5,-1.0806451612903225,SL,1,S
2020-11-30 09:44:00-05:00,2020-11-30 09:45:00-05:00,2020-11-30 09:55:00-05:00,L,12240.75,12263.0,12217.75,23.0,42.5,0.9239130434782609,TP,1,L
2020-12-02 09:44:00-05:00,2020-12-02 09:50:00-05:00,2020-12-02 09:52:00-05:00,L,12316.75,12347.25,12285.5,31.25,59.0,0.944,TP,1,L
2020-12-03 09:44:00-05:00,2020-12-03 10:03:00-05:00,2020-12-03 10:07:00-05:00,S,12503.5,12519.5,12519.25,15.75,-34.0,-1.0793650793650793,SL,1,S
2020-12-04 09:44:00-05:00,2020-12-04 09:46:00-05:00,2020-12-04 09:51:00-05:00,S,12486.75,12502.0,12501.75,15.0,-32.5,-1.0833333333333333,SL,1,S
2020-12-07 09:44:00-05:00,2020-12-07 09:47:00-05:00,2020-12-07 11:05:00-05:00,S,12582.5,12604.75,12604.5,22.0,-46.5,-1.0568181818181819,SL,1,S
2020-12-08 09:44:00-05:00,2020-12-08 09:47:00-05:00,2020-12-08 10:05:00-05:00,L,12536.75,12555.75,12517.0,19.75,36.0,0.9113924050632911,TP,1,L
2020-12-09 09:44:00-05:00,2020-12-09 10:11:00-05:00,2020-12-09 10:12:00-05:00,L,12588.25,12571.0,12571.25,17.0,-36.5,-1.0735294117647058,SL,1,L
2020-12-10 09:44:00-05:00,2020-12-10 09:45:00-05:00,2020-12-10 09:57:00-05:00,S,12328.75,12371.75,12371.5,42.75,-88.0,-1.0292397660818713,SL,1,S
2020-12-11 09:44:00-05:00,2020-12-11 09:45:00-05:00,2020-12-11 09:48:00-05:00,L,12276.5,12306.0,12246.25,30.25,57.0,0.9421487603305785,TP,1,L
2020-12-18 09:44:00-05:00,2020-12-18 09:45:00-05:00,2020-12-18 09:52:00-05:00,L,12742.75,12724.75,12725.0,17.75,-38.0,-1.0704225352112675,SL,1,L
2020-12-22 09:44:00-05:00,2020-12-22 11:01:00-05:00,2020-12-22 11:03:00-05:00,L,12679.0,12663.0,12663.25,15.75,-34.0,-1.0793650793650793,SL,1,L
2020-12-23 09:44:00-05:00,2020-12-23 09:45:00-05:00,2020-12-23 09:57:00-05:00,L,12669.0,12689.5,12647.75,21.25,39.0,0.9176470588235294,TP,1,L
2020-12-24 09:44:00-05:00,2020-12-24 09:45:00-05:00,2020-12-24 10:05:00-05:00,S,12715.75,12693.25,12739.0,23.25,43.0,0.9247311827956989,TP,1,S
2020-12-28 09:44:00-05:00,2020-12-28 09:50:00-05:00,2020-12-28 09:55:00-05:00,L,12789.0,12800.5,12776.75,12.25,21.0,0.8571428571428571,TP,1,L
2020-12-30 09:44:00-05:00,2020-12-30 09:45:00-05:00,2020-12-30 10:14:00-05:00,L,12860.75,12841.5,12841.75,19.0,-40.5,-1.0657894736842106,SL,1,L
2021-01-04 09:44:00-05:00,2021-01-04 10:11:00-05:00,2021-01-04 10:46:00-05:00,L,12858.75,12826.75,12827.0,31.75,-66.0,-1.0393700787401574,SL,1,L
2021-01-05 09:44:00-05:00,2021-01-05 09:45:00-05:00,2021-01-05 10:59:00-05:00,S,12752.75,12714.0,12792.25,39.5,75.5,0.9556962025316456,TP,1,S
2021-01-06 09:44:00-05:00,2021-01-06 09:47:00-05:00,2021-01-06 09:48:00-05:00,S,12625.75,12654.5,12654.25,28.5,-59.5,-1.043859649122807,SL,1,S
2021-01-07 09:44:00-05:00,2021-01-07 09:55:00-05:00,2021-01-07 10:01:00-05:00,S,12810.5,12843.25,12843.0,32.5,-67.5,-1.0384615384615385,SL,1,S
2021-01-08 09:44:00-05:00,2021-01-08 10:05:00-05:00,2021-01-08 10:21:00-05:00,S,13052.25,13027.25,13078.0,25.75,48.0,0.9320388349514563,TP,1,S
2021-01-14 09:44:00-05:00,2021-01-14 10:41:00-05:00,2021-01-14 11:19:00-05:00,S,13014.75,12998.75,13031.5,16.75,30.0,0.8955223880597015,TP,1,S
2021-01-19 09:44:00-05:00,2021-01-19 09:47:00-05:00,2021-01-19 09:52:00-05:00,L,12888.75,12872.25,12872.5,16.25,-35.0,-1.0769230769230769,SL,1,L
2021-01-20 09:44:00-05:00,2021-01-20 09:50:00-05:00,2021-01-20 09:52:00-05:00,S,13191.0,13164.75,13218.0,27.0,50.5,0.9351851851851852,TP,1,S
2021-01-22 09:44:00-05:00,2021-01-22 09:45:00-05:00,2021-01-22 09:46:00-05:00,S,13362.0,13375.75,13375.5,13.5,-29.5,-1.0925925925925926,SL,1,S
2021-01-26 09:44:00-05:00,2021-01-26 09:45:00-05:00,2021-01-26 09:54:00-05:00,L,13434.75,13462.75,13406.0,28.75,54.0,0.9391304347826087,TP,1,L
2021-01-27 09:44:00-05:00,2021-01-27 09:45:00-05:00,2021-01-27 09:59:00-05:00,L,13219.25,13284.0,13153.75,65.5,127.5,0.9732824427480916,TP,1,L
2021-01-28 09:44:00-05:00,2021-01-28 10:15:00-05:00,2021-01-28 11:02:00-05:00,S,13248.5,13295.0,13294.75,46.25,-95.0,-1.027027027027027,SL,1,S
2021-01-29 09:44:00-05:00,2021-01-29 11:22:00-05:00,2021-01-29 12:20:00-05:00,L,12998.5,12945.75,12946.0,52.5,-107.5,-1.0238095238095237,SL,1,L
2021-02-01 09:44:00-05:00,2021-02-01 10:35:00-05:00,2021-02-01 10:40:00-05:00,S,13102.5,13081.75,13124.0,21.5,39.5,0.9186046511627907,TP,1,S
2021-02-02 09:44:00-05:00,2021-02-02 09:45:00-05:00,2021-02-02 09:52:00-05:00,S,13404.0,13381.75,13427.0,23.0,42.5,0.9239130434782609,TP,1,S
2021-02-03 09:44:00-05:00,2021-02-03 10:10:00-05:00,2021-02-03 10:20:00-05:00,L,13462.0,13428.5,13428.75,33.25,-69.0,-1.037593984962406,SL,1,L
2021-02-04 09:44:00-05:00,2021-02-04 10:02:00-05:00,2021-02-04 10:15:00-05:00,L,13412.25,13437.75,13386.0,26.25,49.0,0.9333333333333333,TP,1,L
2021-02-05 09:44:00-05:00,2021-02-05 09:55:00-05:00,2021-02-05 10:13:00-05:00,L,13546.0,13563.5,13527.75,18.25,33.0,0.9041095890410958,TP,1,L
2021-02-08 09:44:00-05:00,2021-02-08 11:29:00-05:00,2021-02-08 11:31:00-05:00,L,13632.75,13616.5,13616.75,16.0,-34.5,-1.078125,SL,1,L
2021-02-09 09:44:00-05:00,2021-02-09 09:45:00-05:00,2021-02-09 09:57:00-05:00,S,13683.75,13699.25,13699.0,15.25,-33.0,-1.0819672131147542,SL,1,S
2021-02-10 09:44:00-05:00,2021-02-10 10:12:00-05:00,2021-02-10 10:15:00-05:00,L,13714.25,13695.5,13695.75,18.5,-39.5,-1.0675675675675675,SL,1,L
2021-02-11 09:44:00-05:00,2021-02-11 09:50:00-05:00,2021-02-11 09:51:00-05:00,L,13702.75,13688.5,13688.75,14.0,-30.5,-1.0892857142857142,SL,1,L
2021-02-12 09:44:00-05:00,2021-02-12 09:45:00-05:00,2021-02-12 10:31:00-05:00,S,13695.75,13677.25,13715.0,19.25,35.0,0.9090909090909091,TP,1,S
2021-02-16 09:44:00-05:00,2021-02-16 09:45:00-05:00,2021-02-16 10:01:00-05:00,S,13859.0,13841.25,13877.5,18.5,33.5,0.9054054054054054,TP,1,S
2021-02-17 09:44:00-05:00,2021-02-17 09:46:00-05:00,2021-02-17 10:05:00-05:00,S,13670.25,13647.75,13693.5,23.25,43.0,0.9247311827956989,TP,1,S
2021-02-18 09:44:00-05:00,2021-02-18 09:46:00-05:00,2021-02-18 09:50:00-05:00,S,13569.5,13552.25,13587.5,18.0,32.5,0.9027777777777778,TP,1,S
2021-02-19 09:44:00-05:00,2021-02-19 09:46:00-05:00,2021-02-19 09:56:00-05:00,L,13648.25,13668.0,13627.75,20.5,37.5,0.9146341463414634,TP,1,L
2021-02-22 09:44:00-05:00,2021-02-22 09:47:00-05:00,2021-02-22 10:15:00-05:00,S,13424.25,13399.5,13449.75,25.5,47.5,0.9313725490196079,TP,1,S
2021-02-23 09:44:00-05:00,2021-02-23 09:45:00-05:00,2021-02-23 10:01:00-05:00,L,12825.0,12897.75,12751.5,73.5,143.5,0.9761904761904762,TP,1,L
2021-02-24 09:44:00-05:00,2021-02-24 10:01:00-05:00,2021-02-24 10:23:00-05:00,L,13002.0,13046.75,12956.5,45.5,87.5,0.9615384615384616,TP,1,L
2021-03-02 09:44:00-05:00,2021-03-02 09:47:00-05:00,2021-03-02 10:09:00-05:00,L,13207.75,13243.75,13171.0,36.75,70.0,0.9523809523809523,TP,1,L
2021-03-03 09:44:00-05:00,2021-03-03 09:46:00-05:00,2021-03-03 09:50:00-05:00,L,12929.5,12976.0,12882.25,47.25,91.0,0.9629629629629629,TP,1,L
2021-03-04 09:44:00-05:00,2021-03-04 11:02:00-05:00,2021-03-04 11:07:00-05:00,S,12764.75,12721.25,12809.0,44.25,85.0,0.96045197740113,TP,1,S
2021-03-05 09:44:00-05:00,2021-03-05 09:49:00-05:00,2021-03-05 09:57:00-05:00,L,12446.5,12385.0,12385.25,61.25,-125.0,-1.0204081632653061,SL,1,L
2021-03-08 09:44:00-05:00,2021-03-08 09:45:00-05:00,2021-03-08 09:49:00-05:00,S,12685.75,12625.25,12747.0,61.25,119.0,0.9714285714285714,TP,1,S
2021-03-10 09:44:00-05:00,2021-03-10 10:21:00-05:00,2021-03-10 10:25:00-05:00,L,12870.5,12832.25,12832.5,38.0,-78.5,-1.0328947368421053,SL,1,L
2021-03-11 09:44:00-05:00,2021-03-11 10:18:00-05:00,2021-03-11 10:26:00-05:00,L,12932.0,12960.25,12903.0,29.0,54.5,0.9396551724137931,TP,1,L
2021-03-12 09:44:00-05:00,2021-03-12 10:27:00-05:00,2021-03-12 10:32:00-05:00,L,12798.25,12826.75,12769.0,29.25,55.0,0.9401709401709402,TP,1,L
2021-03-15 09:44:00-04:00,2021-03-15 11:34:00-04:00,2021-03-15 11:44:00-04:00,L,12896.75,12917.0,12875.75,21.0,38.5,0.9166666666666666,TP,1,L
2021-03-16 09:44:00-04:00,2021-03-16 09:45:00-04:00,2021-03-16 09:48:00-04:00,S,13199.25,13221.5,13221.25,22.0,-46.5,-1.0568181818181819,SL,1,S
2021-03-19 09:44:00-04:00,2021-03-19 10:04:00-04:00,2021-03-19 10:08:00-04:00,L,12725.25,12682.0,12682.25,43.0,-88.5,-1.0290697674418605,SL,1,L
2021-03-22 09:44:00-04:00,2021-03-22 09:50:00-04:00,2021-03-22 09:55:00-04:00,S,12992.25,13017.5,13017.25,25.0,-52.5,-1.05,SL,1,S
2021-03-23 09:44:00-04:00,2021-03-23 09:48:00-04:00,2021-03-23 10:01:00-04:00,L,13067.0,13086.75,13046.5,20.5,37.5,0.9146341463414634,TP,1,L
2021-03-24 09:44:00-04:00,2021-03-24 09:48:00-04:00,2021-03-24 09:51:00-04:00,L,12988.75,12956.25,12956.5,32.25,-67.0,-1.0387596899224807,SL,1,L
2021-03-25 09:44:00-04:00,2021-03-25 10:01:00-04:00,2021-03-25 10:26:00-04:00,S,12802.75,12759.5,12846.75,44.0,84.5,0.9602272727272727,TP,1,S
2021-03-26 09:44:00-04:00,2021-03-26 09:47:00-04:00,2021-03-26 10:01:00-04:00,S,12820.5,12795.5,12846.25,25.75,48.0,0.9320388349514563,TP,1,S
2021-03-29 09:44:00-04:00,2021-03-29 09:46:00-04:00,2021-03-29 09:48:00-04:00,L,12915.75,12939.0,12891.75,24.0,44.5,0.9270833333333334,TP,1,L
2021-03-30 09:44:00-04:00,2021-03-30 09:45:00-04:00,2021-03-30 09:53:00-04:00,L,12814.0,12841.75,12785.5,28.5,53.5,0.9385964912280702,TP,1,L
2021-03-31 09:44:00-04:00,2021-03-31 09:45:00-04:00,2021-03-31 09:50:00-04:00,S,13015.25,13039.75,13039.5,24.25,-51.0,-1.0515463917525774,SL,1,S
2021-04-01 09:44:00-04:00,2021-04-01 09:46:00-04:00,2021-04-01 10:02:00-04:00,S,13293.75,13274.25,13314.0,20.25,37.0,0.9135802469135802,TP,1,S
2021-04-05 09:44:00-04:00,2021-04-05 09:45:00-04:00,2021-04-05 09:46:00-04:00,S,13445.75,13460.25,13460.0,14.25,-31.0,-1.087719298245614,SL,1,S
2021-04-06 09:44:00-04:00,2021-04-06 09:45:00-04:00,2021-04-06 09:49:00-04:00,S,13585.75,13568.25,13604.0,18.25,33.0,0.9041095890410958,TP,1,S
2021-04-07 09:44:00-04:00,2021-04-07 09:45:00-04:00,2021-04-07 09:51:00-04:00,S,13560.25,13579.0,13578.75,18.5,-39.5,-1.0675675675675675,SL,1,S
2021-04-09 09:44:00-04:00,2021-04-09 09:45:00-04:00,2021-04-09 09:56:00-04:00,S,13702.75,13720.25,13720.0,17.25,-37.0,-1.0724637681159421,SL,1,S
2021-04-13 09:44:00-04:00,2021-04-13 09:48:00-04:00,2021-04-13 10:20:00-04:00,S,13938.75,13911.5,13966.75,28.0,52.5,0.9375,TP,1,S
2021-04-14 09:44:00-04:00,2021-04-14 10:02:00-04:00,2021-04-14 10:05:00-04:00,L,13943.5,13960.25,13926.0,17.5,31.5,0.9,TP,1,L
2021-04-15 09:44:00-04:00,2021-04-15 10:15:00-04:00,2021-04-15 10:33:00-04:00,S,13977.5,13998.75,13998.5,21.0,-44.5,-1.0595238095238095,SL,1,S
2021-04-16 09:44:00-04:00,2021-04-16 09:45:00-04:00,2021-04-16 10:07:00-04:00,L,13973.5,13998.0,13948.25,25.25,47.0,0.9306930693069307,TP,1,L
2021-04-20 09:44:00-04:00,2021-04-20 09:45:00-04:00,2021-04-20 09:53:00-04:00,S,13905.75,13927.0,13926.75,21.0,-44.5,-1.0595238095238095,SL,1,S
2021-04-22 09:44:00-04:00,2021-04-22 09:47:00-04:00,2021-04-22 09:51:00-04:00,L,13871.5,13855.5,13855.75,15.75,-34.0,-1.0793650793650793,SL,1,L
2021-04-23 09:44:00-04:00,2021-04-23 09:50:00-04:00,2021-04-23 10:03:00-04:00,S,13821.75,13840.0,13839.75,18.0,-38.5,-1.0694444444444444,SL,1,S
2021-04-26 09:44:00-04:00,2021-04-26 10:04:00-04:00,2021-04-26 10:16:00-04:00,S,13950.5,13963.25,13963.0,12.5,-27.5,-1.1,SL,1,S
2021-04-27 09:44:00-04:00,2021-04-27 09:45:00-04:00,2021-04-27 09:47:00-04:00,L,13987.5,13968.75,13969.0,18.5,-39.5,-1.0675675675675675,SL,1,L
2021-04-29 09:44:00-04:00,2021-04-29 09:45:00-04:00,2021-04-29 09:52:00-04:00,L,14011.75,13992.25,13992.5,19.25,-41.0,-1.0649350649350648,SL,1,L
2021-04-30 09:44:00-04:00,2021-04-30 09:48:00-04:00,2021-04-30 09:53:00-04:00,S,13892.5,13873.0,13912.75,20.25,37.0,0.9135802469135802,TP,1,S
2021-05-03 09:44:00-04:00,2021-05-03 09:46:00-04:00,2021-05-03 09:50:00-04:00,L,13855.0,13878.0,13831.25,23.75,44.0,0.9263157894736842,TP,1,L
2021-05-04 09:44:00-04:00,2021-05-04 09:45:00-04:00,2021-05-04 09:55:00-04:00,L,13594.25,13554.5,13554.75,39.5,-81.5,-1.0316455696202531,SL,1,L
2021-05-06 09:44:00-04:00,2021-05-06 10:00:00-04:00,2021-05-06 10:21:00-04:00,L,13424.5,13391.75,13392.0,32.5,-67.5,-1.0384615384615385,SL,1,L
2021-05-10 09:44:00-04:00,2021-05-10 09:53:00-04:00,2021-05-10 10:46:00-04:00,L,13536.25,13489.25,13489.5,46.75,-96.0,-1.0267379679144386,SL,1,L
2021-05-11 09:44:00-04:00,2021-05-11 09:51:00-04:00,2021-05-11 10:28:00-04:00,S,13226.75,13172.5,13281.75,55.0,106.5,0.9681818181818181,TP,1,S
2021-05-12 09:44:00-04:00,2021-05-12 09:46:00-04:00,2021-05-12 09:50:00-04:00,S,13217.5,13180.75,13255.0,37.5,71.5,0.9533333333333334,TP,1,S
2021-05-13 09:44:00-04:00,2021-05-13 09:46:00-04:00,2021-05-13 09:49:00-04:00,L,13110.5,13087.75,13088.0,22.5,-47.5,-1.0555555555555556,SL,1,L
2021-05-17 09:44:00-04:00,2021-05-17 10:01:00-04:00,2021-05-17 10:18:00-04:00,L,13263.5,13293.0,13233.25,30.25,57.0,0.9421487603305785,TP,1,L
2021-05-18 09:44:00-04:00,2021-05-18 09:46:00-04:00,2021-05-18 09:47:00-04:00,L,13313.75,13331.75,13295.0,18.75,34.0,0.9066666666666666,TP,1,L
2021-05-19 09:44:00-04:00,2021-05-19 09:45:00-04:00,2021-05-19 09:47:00-04:00,S,13064.75,13028.75,13101.5,36.75,70.0,0.9523809523809523,TP,1,S
2021-05-20 09:44:00-04:00,2021-05-20 09:47:00-04:00,2021-05-20 10:34:00-04:00,S,13392.75,13435.75,13435.5,42.75,-88.0,-1.0292397660818713,SL,1,S
2021-05-21 09:44:00-04:00,2021-05-21 09:45:00-04:00,2021-05-21 09:56:00-04:00,L,13499.0,13525.5,13471.75,27.25,51.0,0.9357798165137615,TP,1,L
2021-05-24 09:44:00-04:00,2021-05-24 10:00:00-04:00,2021-05-24 10:15:00-04:00,S,13583.25,13618.25,13618.0,34.75,-72.0,-1.0359712230215827,SL,1,S
2021-05-25 09:44:00-04:00,2021-05-25 09:51:00-04:00,2021-05-25 10:02:00-04:00,L,13670.75,13646.75,13647.0,23.75,-50.0,-1.0526315789473684,SL,1,L
2021-05-26 09:44:00-04:00,2021-05-26 09:45:00-04:00,2021-05-26 10:01:00-04:00,L,13672.25,13657.75,13658.0,14.25,-31.0,-1.087719298245614,SL,1,L
2021-05-27 09:44:00-04:00,2021-05-27 09:47:00-04:00,2021-05-27 09:51:00-04:00,L,13653.25,13669.0,13636.75,16.5,29.5,0.8939393939393939,TP,1,L
2021-05-28 09:44:00-04:00,2021-05-28 11:41:00-04:00,2021-05-28 12:04:00-04:00,S,13739.5,13756.75,13756.5,17.0,-36.5,-1.0735294117647058,SL,1,S
2021-06-02 09:44:00-04:00,2021-06-02 09:45:00-04:00,2021-06-02 09:47:00-04:00,S,13687.5,13702.0,13701.75,14.25,-31.0,-1.087719298245614,SL,1,S
2021-06-03 09:44:00-04:00,2021-06-03 09:45:00-04:00,2021-06-03 10:05:00-04:00,L,13488.75,13519.75,13457.0,31.75,60.0,0.9448818897637795,TP,1,L
2021-06-04 09:44:00-04:00,2021-06-04 09:45:00-04:00,2021-06-04 10:01:00-04:00,S,13682.75,13712.75,13712.5,29.75,-62.0,-1.0420168067226891,SL,1,S
2021-06-09 09:44:00-04:00,2021-06-09 09:45:00-04:00,2021-06-09 09:46:00-04:00,S,13890.75,13903.75,13903.5,12.75,-28.0,-1.0980392156862746,SL,1,S
2021-06-10 09:44:00-04:00,2021-06-10 09:45:00-04:00,2021-06-10 09:56:00-04:00,S,13922.0,13965.0,13964.75,42.75,-88.0,-1.0292397660818713,SL,1,S
2021-06-11 09:44:00-04:00,2021-06-11 09:48:00-04:00,2021-06-11 09:55:00-04:00,S,13973.0,13985.75,13985.5,12.5,-27.5,-1.1,SL,1,S
2021-06-16 09:44:00-04:00,2021-06-16 09:45:00-04:00,2021-06-16 09:56:00-04:00,S,14073.75,14086.25,14086.0,12.25,-27.0,-1.1020408163265305,SL,1,S
2021-06-17 09:44:00-04:00,2021-06-17 09:51:00-04:00,2021-06-17 10:17:00-04:00,S,14019.0,14052.75,14052.5,33.5,-69.5,-1.037313432835821,SL,1,S
2021-06-22 09:44:00-04:00,2021-06-22 10:31:00-04:00,2021-06-22 10:42:00-04:00,S,14176.5,14150.5,14203.25,26.75,50.0,0.9345794392523364,TP,1,S
2021-06-23 09:44:00-04:00,2021-06-23 09:45:00-04:00,2021-06-23 09:50:00-04:00,S,14299.5,14282.5,14317.25,17.75,32.0,0.9014084507042254,TP,1,S
2021-06-24 09:44:00-04:00,2021-06-24 10:05:00-04:00,2021-06-24 10:29:00-04:00,S,14386.0,14402.75,14402.5,16.5,-35.5,-1.0757575757575757,SL,1,S
2021-06-28 09:44:00-04:00,2021-06-28 10:00:00-04:00,2021-06-28 10:38:00-04:00,S,14458.25,14484.5,14484.25,26.0,-54.5,-1.0480769230769231,SL,1,S
2021-06-29 09:44:00-04:00,2021-06-29 09:45:00-04:00,2021-06-29 10:00:00-04:00,S,14525.0,14504.5,14546.25,21.25,39.0,0.9176470588235294,TP,1,S
2021-06-30 09:44:00-04:00,2021-06-30 09:58:00-04:00,2021-06-30 10:02:00-04:00,L,14525.0,14541.25,14508.0,17.0,30.5,0.8970588235294118,TP,1,L
2021-07-01 09:44:00-04:00,2021-07-01 09:45:00-04:00,2021-07-01 09:53:00-04:00,S,14564.25,14546.0,14583.25,19.0,34.5,0.9078947368421053,TP,1,S
2021-07-02 09:44:00-04:00,2021-07-02 09:49:00-04:00,2021-07-02 10:03:00-04:00,S,14660.5,14645.25,14676.5,16.0,28.5,0.890625,TP,1,S
2021-07-06 09:44:00-04:00,2021-07-06 10:05:00-04:00,2021-07-06 10:09:00-04:00,S,14773.5,14787.25,14787.0,13.5,-29.5,-1.0925925925925926,SL,1,S
2021-07-07 09:44:00-04:00,2021-07-07 10:03:00-04:00,2021-07-07 10:15:00-04:00,L,14817.25,14842.25,14791.5,25.75,48.0,0.9320388349514563,TP,1,L
2021-07-08 09:44:00-04:00,2021-07-08 09:47:00-04:00,2021-07-08 09:51:00-04:00,L,14568.25,14596.0,14539.75,28.5,53.5,0.9385964912280702,TP,1,L
2021-07-09 09:44:00-04:00,2021-07-09 09:49:00-04:00,2021-07-09 09:52:00-04:00,S,14722.25,14702.0,14743.25,21.0,38.5,0.9166666666666666,TP,1,S
2021-07-12 09:44:00-04:00,2021-07-12 09:50:00-04:00,2021-07-12 10:51:00-04:00,L,14824.25,14848.5,14799.25,25.0,46.5,0.93,TP,1,L
2021-07-13 09:44:00-04:00,2021-07-13 09:46:00-04:00,2021-07-13 09:49:00-04:00,S,14881.0,14896.5,14896.25,15.25,-33.0,-1.0819672131147542,SL,1,S
2021-07-14 09:44:00-04:00,2021-07-14 09:49:00-04:00,2021-07-14 09:53:00-04:00,L,14936.5,14957.0,14915.25,21.25,39.0,0.9176470588235294,TP,1,L
2021-07-15 09:44:00-04:00,2021-07-15 10:28:00-04:00,2021-07-15 10:39:00-04:00,L,14796.25,14836.25,14755.5,40.75,78.0,0.9570552147239264,TP,1,L
2021-07-19 09:44:00-04:00,2021-07-19 09:46:00-04:00,2021-07-19 09:49:00-04:00,S,14570.75,14540.0,14602.25,31.5,59.5,0.9444444444444444,TP,1,S
2021-07-21 09:44:00-04:00,2021-07-21 09:57:00-04:00,2021-07-21 10:15:00-04:00,S,14747.0,14726.5,14768.25,21.25,39.0,0.9176470588235294,TP,1,S
2021-07-22 09:44:00-04:00,2021-07-22 10:00:00-04:00,2021-07-22 10:07:00-04:00,S,14894.5,14874.0,14915.75,21.25,39.0,0.9176470588235294,TP,1,S
2021-07-26 09:44:00-04:00,2021-07-26 09:46:00-04:00,2021-07-26 10:00:00-04:00,S,15090.25,15110.0,15109.75,19.5,-41.5,-1.064102564102564,SL,1,S
2021-07-27 09:44:00-04:00,2021-07-27 09:58:00-04:00,2021-07-27 10:00:00-04:00,L,15050.25,15028.0,15028.25,22.0,-46.5,-1.0568181818181819,SL,1,L
2021-07-29 09:44:00-04:00,2021-07-29 09:46:00-04:00,2021-07-29 10:03:00-04:00,S,15069.5,15036.5,15103.25,33.75,64.0,0.9481481481481482,TP,1,S
2021-07-30 09:44:00-04:00,2021-07-30 09:45:00-04:00,2021-07-30 09:52:00-04:00,S,14921.25,14943.0,14942.75,21.5,-45.5,-1.058139534883721,SL,1,S
2021-08-02 09:44:00-04:00,2021-08-02 09:45:00-04:00,2021-08-02 10:11:00-04:00,L,14951.0,14986.25,14915.0,36.0,68.5,0.9513888888888888,TP,1,L
2021-08-03 09:44:00-04:00,2021-08-03 09:52:00-04:00,2021-08-03 09:54:00-04:00,L,14952.25,14934.0,14934.25,18.0,-38.5,-1.0694444444444444,SL,1,L
2021-08-04 09:44:00-04:00,2021-08-04 09:45:00-04:00,2021-08-04 09:47:00-04:00,S,15066.5,15054.0,15079.75,13.25,23.0,0.8679245283018868,TP,1,S
2021-08-05 09:44:00-04:00,2021-08-05 09:46:00-04:00,2021-08-05 10:00:00-04:00,S,15114.5,15131.0,15130.75,16.25,-35.0,-1.0769230769230769,SL,1,S
2021-08-10 09:44:00-04:00,2021-08-10 10:18:00-04:00,2021-08-10 10:29:00-04:00,L,15117.25,15102.75,15103.0,14.25,-31.0,-1.087719298245614,SL,1,L
2021-08-11 09:44:00-04:00,2021-08-11 09:45:00-04:00,2021-08-11 10:12:00-04:00,L,15061.75,15039.25,15039.5,22.25,-47.0,-1.0561797752808988,SL,1,L
2021-08-12 09:44:00-04:00,2021-08-12 09:45:00-04:00,2021-08-12 09:47:00-04:00,L,14952.5,14972.25,14932.0,20.5,37.5,0.9146341463414634,TP,1,L
2021-08-17 09:44:00-04:00,2021-08-17 09:46:00-04:00,2021-08-17 09:50:00-04:00,S,15039.75,15014.0,15066.25,26.5,49.5,0.9339622641509434,TP,1,S
2021-08-18 09:44:00-04:00,2021-08-18 09:51:00-04:00,2021-08-18 09:56:00-04:00,S,15010.75,15029.0,15028.75,18.0,-38.5,-1.0694444444444444,SL,1,S
2021-08-19 09:44:00-04:00,2021-08-19 10:01:00-04:00,2021-08-19 10:12:00-04:00,S,14835.5,14863.5,14863.25,27.75,-58.0,-1.045045045045045,SL,1,S
2021-08-20 09:44:00-04:00,2021-08-20 09:45:00-04:00,2021-08-20 09:45:00-04:00,S,14995.75,15010.25,15010.0,14.25,-31.0,-1.087719298245614,SL,1,S
2021-08-23 09:44:00-04:00,2021-08-23 09:46:00-04:00,2021-08-23 10:02:00-04:00,S,15193.75,15220.75,15220.5,26.75,-56.0,-1.0467289719626167,SL,1,S
2021-08-24 09:44:00-04:00,2021-08-24 10:08:00-04:00,2021-08-24 10:27:00-04:00,S,15353.25,15369.25,15369.0,15.75,-34.0,-1.0793650793650793,SL,1,S
2021-08-26 09:44:00-04:00,2021-08-26 09:45:00-04:00,2021-08-26 09:47:00-04:00,S,15359.75,15350.75,15369.5,9.75,16.0,0.8205128205128205,TP,1,S
2021-08-27 09:44:00-04:00,2021-08-27 10:00:00-04:00,2021-08-27 10:00:00-04:00,S,15332.0,15314.25,15350.5,18.5,33.5,0.9054054054054054,TP,1,S
2021-08-30 09:44:00-04:00,2021-08-30 09:53:00-04:00,2021-08-30 10:03:00-04:00,S,15516.25,15540.25,15540.0,23.75,-50.0,-1.0526315789473684,SL,1,S
2021-08-31 09:44:00-04:00,2021-08-31 09:54:00-04:00,2021-08-31 10:39:00-04:00,L,15531.5,15560.75,15501.5,30.0,56.5,0.9416666666666667,TP,1,L
2021-09-01 09:44:00-04:00,2021-09-01 09:45:00-04:00,2021-09-01 09:47:00-04:00,S,15672.5,15692.5,15692.25,19.75,-42.0,-1.0632911392405062,SL,1,S
2021-09-02 09:44:00-04:00,2021-09-02 09:56:00-04:00,2021-09-02 10:03:00-04:00,L,15652.0,15640.5,15640.75,11.25,-25.0,-1.1111111111111112,SL,1,L
2021-09-03 09:44:00-04:00,2021-09-03 09:57:00-04:00,2021-09-03 09:59:00-04:00,S,15609.75,15631.5,15631.25,21.5,-45.5,-1.058139534883721,SL,1,S
2021-09-07 09:44:00-04:00,2021-09-07 09:51:00-04:00,2021-09-07 09:59:00-04:00,L,15626.0,15642.0,15609.25,16.75,30.0,0.8955223880597015,TP,1,L
2021-09-08 09:44:00-04:00,2021-09-08 09:57:00-04:00,2021-09-08 09:59:00-04:00,L,15614.5,15634.25,15594.0,20.5,37.5,0.9146341463414634,TP,1,L
2021-09-09 09:44:00-04:00,2021-09-09 09:45:00-04:00,2021-09-09 09:47:00-04:00,S,15670.25,15652.25,15689.0,18.75,34.0,0.9066666666666666,TP,1,S
2021-09-15 09:44:00-04:00,2021-09-15 10:12:00-04:00,2021-09-15 10:35:00-04:00,L,15331.25,15369.75,15292.0,39.25,75.0,0.9554140127388535,TP,1,L
2021-09-16 09:44:00-04:00,2021-09-16 09:46:00-04:00,2021-09-16 09:54:00-04:00,L,15413.25,15390.0,15390.25,23.0,-48.5,-1.0543478260869565,SL,1,L
2021-09-17 09:44:00-04:00,2021-09-17 09:49:00-04:00,2021-09-17 10:05:00-04:00,L,15408.25,15378.5,15378.75,29.5,-61.5,-1.0423728813559323,SL,1,L
2021-09-20 09:44:00-04:00,2021-09-20 09:45:00-04:00,2021-09-20 09:50:00-04:00,S,15142.25,15101.75,15183.5,41.25,79.0,0.9575757575757575,TP,1,S
2021-09-21 09:44:00-04:00,2021-09-21 10:06:00-04:00,2021-09-21 10:20:00-04:00,L,15028.25,15054.5,15001.25,27.0,50.5,0.9351851851851852,TP,1,L
2021-09-23 09:44:00-04:00,2021-09-23 09:46:00-04:00,2021-09-23 10:02:00-04:00,S,15267.75,15301.0,15300.75,33.0,-68.5,-1.0378787878787878,SL,1,S
2021-09-24 09:44:00-04:00,2021-09-24 09:59:00-04:00,2021-09-24 10:12:00-04:00,S,15242.5,15222.75,15263.0,20.5,37.5,0.9146341463414634,TP,1,S
2021-09-28 09:44:00-04:00,2021-09-28 09:45:00-04:00,2021-09-28 10:06:00-04:00,L,14928.75,14889.0,14889.25,39.5,-81.5,-1.0316455696202531,SL,1,L
2021-09-29 09:44:00-04:00,2021-09-29 11:35:00-04:00,2021-09-29 11:39:00-04:00,L,14788.0,14762.75,14763.0,25.0,-52.5,-1.05,SL,1,L
2021-09-30 09:44:00-04:00,2021-09-30 09:50:00-04:00,2021-09-30 09:57:00-04:00,S,14871.75,14847.25,14897.0,25.25,47.0,0.9306930693069307,TP,1,S
2021-10-01 09:44:00-04:00,2021-10-01 09:45:00-04:00,2021-10-01 10:15:00-04:00,L,14631.0,14590.5,14590.75,40.25,-83.0,-1.031055900621118,SL,1,L
2021-10-04 09:44:00-04:00,2021-10-04 09:45:00-04:00,2021-10-04 10:18:00-04:00,L,14590.25,14540.0,14540.25,50.0,-102.5,-1.025,SL,1,L
2021-10-05 09:44:00-04:00,2021-10-05 09:49:00-04:00,2021-10-05 10:02:00-04:00,S,14573.25,14603.25,14603.0,29.75,-62.0,-1.0420168067226891,SL,1,S
2021-10-06 09:44:00-04:00,2021-10-06 10:22:00-04:00,2021-10-06 10:50:00-04:00,S,14638.75,14688.0,14687.75,49.0,-100.5,-1.0255102040816326,SL,1,S
2021-10-07 09:44:00-04:00,2021-10-07 09:59:00-04:00,2021-10-07 10:15:00-04:00,S,14948.75,14983.5,14983.25,34.5,-71.5,-1.036231884057971,SL,1,S
2021-10-08 09:44:00-04:00,2021-10-08 09:59:00-04:00,2021-10-08 10:01:00-04:00,L,14848.0,14884.0,14811.25,36.75,70.0,0.9523809523809523,TP,1,L
2021-10-11 09:44:00-04:00,2021-10-11 09:45:00-04:00,2021-10-11 10:00:00-04:00,S,14826.75,14867.5,14867.25,40.5,-83.5,-1.0308641975308641,SL,1,S
2021-10-12 09:44:00-04:00,2021-10-12 09:45:00-04:00,2021-10-12 09:52:00-04:00,L,14689.25,14723.0,14654.75,34.5,65.5,0.9492753623188406,TP,1,L
2021-10-14 09:44:00-04:00,2021-10-14 09:47:00-04:00,2021-10-14 10:04:00-04:00,S,14950.75,14974.25,14974.0,23.25,-49.0,-1.053763440860215,SL,1,S
2021-10-15 09:44:00-04:00,2021-10-15 10:29:00-04:00,2021-10-15 10:34:00-04:00,L,15049.5,15068.5,15029.75,19.75,36.0,0.9113924050632911,TP,1,L
2021-10-18 09:44:00-04:00,2021-10-18 09:45:00-04:00,2021-10-18 09:50:00-04:00,S,15117.5,15143.25,15143.0,25.5,-53.5,-1.0490196078431373,SL,1,S
2021-10-20 09:44:00-04:00,2021-10-20 09:53:00-04:00,2021-10-20 09:56:00-04:00,L,15402.25,15414.5,15389.25,13.0,22.5,0.8653846153846154,TP,1,L
2021-10-21 09:44:00-04:00,2021-10-21 09:45:00-04:00,2021-10-21 10:08:00-04:00,S,15378.75,15396.25,15396.0,17.25,-37.0,-1.0724637681159421,SL,1,S
2021-10-22 09:44:00-04:00,2021-10-22 10:29:00-04:00,2021-10-22 10:31:00-04:00,S,15458.0,15438.0,15478.75,20.75,38.0,0.9156626506024096,TP,1,S
2021-10-26 09:44:00-04:00,2021-10-26 10:01:00-04:00,2021-10-26 10:17:00-04:00,S,15658.0,15688.25,15688.0,30.0,-62.5,-1.0416666666666667,SL,1,S
2021-10-27 09:44:00-04:00,2021-10-27 09:45:00-04:00,2021-10-27 10:04:00-04:00,S,15625.75,15600.25,15652.0,26.25,49.0,0.9333333333333333,TP,1,S
2021-10-29 09:44:00-04:00,2021-10-29 09:45:00-04:00,2021-10-29 11:08:00-04:00,S,15683.0,15709.25,15709.0,26.0,-54.5,-1.0480769230769231,SL,1,S
2021-11-01 09:44:00-04:00,2021-11-01 09:49:00-04:00,2021-11-01 09:51:00-04:00,L,15805.0,15828.75,15780.5,24.5,45.5,0.9285714285714286,TP,1,L
2021-11-02 09:44:00-04:00,2021-11-02 09:45:00-04:00,2021-11-02 10:11:00-04:00,S,15949.75,15917.5,15982.75,33.0,62.5,0.946969696969697,TP,1,S
2021-11-03 09:44:00-04:00,2021-11-03 10:04:00-04:00,2021-11-03 10:13:00-04:00,L,15943.5,15963.75,15922.5,21.0,38.5,0.9166666666666666,TP,1,L
2021-11-04 09:44:00-04:00,2021-11-04 09:45:00-04:00,2021-11-04 09:47:00-04:00,S,16205.25,16224.25,16224.0,18.75,-40.0,-1.0666666666666667,SL,1,S
2021-11-08 09:44:00-05:00,2021-11-08 09:53:00-05:00,2021-11-08 10:06:00-05:00,L,16332.5,16355.75,16308.5,24.0,44.5,0.9270833333333334,TP,1,L
2021-11-09 09:44:00-05:00,2021-11-09 09:47:00-05:00,2021-11-09 09:49:00-05:00,L,16354.25,16339.25,16339.5,14.75,-32.0,-1.0847457627118644,SL,1,L
2021-11-10 09:44:00-05:00,2021-11-10 09:45:00-05:00,2021-11-10 09:55:00-05:00,S,16125.75,16158.5,16158.25,32.5,-67.5,-1.0384615384615385,SL,1,S
2021-11-11 09:44:00-05:00,2021-11-11 10:16:00-05:00,2021-11-11 10:42:00-05:00,L,16053.75,16075.0,16031.75,22.0,40.5,0.9204545454545454,TP,1,L
2021-11-12 09:44:00-05:00,2021-11-12 09:48:00-05:00,2021-11-12 09:55:00-05:00,L,16007.25,16033.75,15980.0,27.25,51.0,0.9357798165137615,TP,1,L
2021-11-15 09:44:00-05:00,2021-11-15 09:50:00-05:00,2021-11-15 09:51:00-05:00,L,16211.5,16194.75,16195.0,16.5,-35.5,-1.0757575757575757,SL,1,L
2021-11-16 09:44:00-05:00,2021-11-16 10:16:00-05:00,2021-11-16 10:25:00-05:00,S,16251.75,16213.0,16291.25,39.5,75.5,0.9556962025316456,TP,1,S
2021-11-17 09:44:00-05:00,2021-11-17 09:51:00-05:00,2021-11-17 09:51:00-05:00,L,16292.75,16280.75,16281.0,11.75,-26.0,-1.1063829787234043,SL,1,L
2021-11-18 09:44:00-05:00,2021-11-18 10:10:00-05:00,2021-11-18 10:12:00-05:00,L,16353.75,16334.5,16334.75,19.0,-40.5,-1.0657894736842106,SL,1,L
2021-11-19 09:44:00-05:00,2021-11-19 09:45:00-05:00,2021-11-19 09:49:00-05:00,S,16563.75,16582.5,16582.25,18.5,-39.5,-1.0675675675675675,SL,1,S
2021-11-22 09:44:00-05:00,2021-11-22 09:45:00-05:00,2021-11-22 09:56:00-05:00,S,16711.25,16739.75,16739.5,28.25,-59.0,-1.0442477876106195,SL,1,S
2021-11-23 09:44:00-05:00,2021-11-23 09:46:00-05:00,2021-11-23 09:53:00-05:00,S,16377.75,16414.75,16414.5,36.75,-76.0,-1.034013605442177,SL,1,S
2021-11-24 09:44:00-05:00,2021-11-24 09:46:00-05:00,2021-11-24 09:51:00-05:00,L,16114.25,16149.75,16078.0,36.25,69.0,0.9517241379310345,TP,1,L
2021-11-26 09:44:00-05:00,2021-11-26 09:45:00-05:00,2021-11-26 09:57:00-05:00,L,16202.75,16242.25,16162.5,40.25,77.0,0.9565217391304348,TP,1,L
2021-11-29 09:44:00-05:00,2021-11-29 09:52:00-05:00,2021-11-29 10:02:00-05:00,S,16280.75,16308.25,16308.0,27.25,-57.0,-1.0458715596330275,SL,1,S
2021-11-30 09:44:00-05:00,2021-11-30 09:45:00-05:00,2021-11-30 09:49:00-05:00,S,16372.0,16352.0,16392.75,20.75,38.0,0.9156626506024096,TP,1,S
2021-12-02 09:44:00-05:00,2021-12-02 09:48:00-05:00,2021-12-02 10:10:00-05:00,S,15978.25,15905.5,16051.75,73.5,143.5,0.9761904761904762,TP,1,S
2021-12-03 09:44:00-05:00,2021-12-03 09:49:00-05:00,2021-12-03 09:53:00-05:00,L,15932.5,15871.5,15871.75,60.75,-124.0,-1.0205761316872428,SL,1,L
2021-12-07 09:44:00-05:00,2021-12-07 09:45:00-05:00,2021-12-07 09:52:00-05:00,S,16179.0,16202.5,16202.25,23.25,-49.0,-1.053763440860215,SL,1,S
2021-12-09 09:44:00-05:00,2021-12-09 09:45:00-05:00,2021-12-09 09:49:00-05:00,S,16413.25,16383.75,16443.5,30.25,57.0,0.9421487603305785,TP,1,S
2021-12-10 09:44:00-05:00,2021-12-10 09:45:00-05:00,2021-12-10 09:47:00-05:00,L,16240.75,16206.5,16206.75,34.0,-70.5,-1.036764705882353,SL,1,L
2021-12-15 09:44:00-05:00,2021-12-15 09:47:00-05:00,2021-12-15 09:49:00-05:00,L,15860.0,15833.5,15833.75,26.25,-55.0,-1.0476190476190477,SL,1,L
2021-12-16 09:44:00-05:00,2021-12-16 09:52:00-05:00,2021-12-16 10:00:00-05:00,L,16212.75,16162.75,16163.0,49.75,-102.0,-1.0251256281407035,SL,1,L
2021-12-17 09:44:00-05:00,2021-12-17 10:22:00-05:00,2021-12-17 10:26:00-05:00,L,15657.0,15708.0,15605.25,51.75,100.0,0.966183574879227,TP,1,L
2021-12-20 09:44:00-05:00,2021-12-20 09:55:00-05:00,2021-12-20 10:02:00-05:00,S,15642.25,15604.75,15680.5,38.25,73.0,0.954248366013072,TP,1,S
2021-12-21 09:44:00-05:00,2021-12-21 09:45:00-05:00,2021-12-21 09:50:00-05:00,L,15707.75,15672.5,15672.75,35.0,-72.5,-1.0357142857142858,SL,1,L
2021-12-22 09:44:00-05:00,2021-12-22 09:45:00-05:00,2021-12-22 09:55:00-05:00,S,16012.0,16042.5,16042.25,30.25,-63.0,-1.0413223140495869,SL,1,S
2021-12-23 09:44:00-05:00,2021-12-23 09:59:00-05:00,2021-12-23 10:14:00-05:00,S,16236.75,16260.25,16260.0,23.25,-49.0,-1.053763440860215,SL,1,S
2021-12-27 09:44:00-05:00,2021-12-27 10:01:00-05:00,2021-12-27 10:22:00-05:00,S,16448.0,16488.25,16488.0,40.0,-82.5,-1.03125,SL,1,S
2021-12-28 09:44:00-05:00,2021-12-28 10:09:00-05:00,2021-12-28 10:31:00-05:00,L,16521.0,16555.25,16486.0,35.0,66.5,0.95,TP,1,L
2022-01-04 09:44:00-05:00,2022-01-04 09:50:00-05:00,2022-01-04 09:50:00-05:00,L,16467.5,16449.75,16450.0,17.5,-37.5,-1.0714285714285714,SL,1,L
2022-01-06 09:44:00-05:00,2022-01-06 10:57:00-05:00,2022-01-06 11:32:00-05:00,S,15850.25,15782.5,15918.75,68.5,133.5,0.9744525547445255,TP,1,S
2022-01-07 09:44:00-05:00,2022-01-07 09:45:00-05:00,2022-01-07 10:04:00-05:00,S,15812.25,15759.75,15865.5,53.25,103.0,0.9671361502347418,TP,1,S
2022-01-10 09:44:00-05:00,2022-01-10 09:45:00-05:00,2022-01-10 09:50:00-05:00,L,15290.0,15337.25,15242.0,48.0,92.5,0.9635416666666666,TP,1,L
2022-01-12 09:44:00-05:00,2022-01-12 09:47:00-05:00,2022-01-12 09:52:00-05:00,L,15894.75,15931.75,15857.0,37.75,72.0,0.9536423841059603,TP,1,L
2022-01-14 09:44:00-05:00,2022-01-14 09:45:00-05:00,2022-01-14 10:19:00-05:00,S,15535.75,15596.0,15595.75,60.0,-122.5,-1.0208333333333333,SL,1,S
2022-01-17 09:44:00-05:00,2022-01-17 09:45:00-05:00,2022-01-17 09:49:00-05:00,L,15572.75,15557.5,15557.75,15.0,-32.5,-1.0833333333333333,SL,1,L
2022-01-18 09:44:00-05:00,2022-01-18 10:06:00-05:00,2022-01-18 10:09:00-05:00,S,15374.0,15413.25,15413.0,39.0,-80.5,-1.0320512820512822,SL,1,S
2022-01-19 09:44:00-05:00,2022-01-19 09:46:00-05:00,2022-01-19 09:50:00-05:00,S,15339.75,15306.5,15373.75,34.0,64.5,0.9485294117647058,TP,1,S
2022-01-20 09:44:00-05:00,2022-01-20 09:45:00-05:00,2022-01-20 10:19:00-05:00,S,15258.25,15221.25,15296.0,37.75,72.0,0.9536423841059603,TP,1,S
2022-01-21 09:44:00-05:00,2022-01-21 09:53:00-05:00,2022-01-21 10:01:00-05:00,L,14667.75,14609.5,14609.75,58.0,-118.5,-1.021551724137931,SL,1,L
2022-01-24 09:44:00-05:00,2022-01-24 09:45:00-05:00,2022-01-24 09:46:00-05:00,L,14117.0,14172.75,14060.5,56.5,109.5,0.9690265486725663,TP,1,L
2022-01-25 09:44:00-05:00,2022-01-25 09:45:00-05:00,2022-01-25 09:46:00-05:00,L,14184.25,14137.5,14137.75,46.5,-95.5,-1.0268817204301075,SL,1,L
2022-01-26 09:44:00-05:00,2022-01-26 10:44:00-05:00,2022-01-26 11:09:00-05:00,L,14350.25,14407.0,14292.75,57.5,111.5,0.9695652173913043,TP,1,L
2022-01-27 09:44:00-05:00,2022-01-27 09:45:00-05:00,2022-01-27 09:57:00-05:00,S,14353.75,14307.5,14400.75,47.0,90.5,0.9627659574468085,TP,1,S
2022-01-28 09:44:00-05:00,2022-01-28 09:45:00-05:00,2022-01-28 10:15:00-05:00,L,13893.25,13972.75,13813.0,80.25,157.0,0.9781931464174455,TP,1,L
2022-01-31 09:44:00-05:00,2022-01-31 09:52:00-05:00,2022-01-31 10:01:00-05:00,S,14583.75,14648.25,14648.0,64.25,-131.0,-1.0194552529182879,SL,1,S
2022-02-01 09:44:00-05:00,2022-02-01 10:00:00-05:00,2022-02-01 10:25:00-05:00,L,14787.25,14849.75,14724.0,63.25,123.0,0.9723320158102767,TP,1,L
2022-02-02 09:44:00-05:00,2022-02-02 09:46:00-05:00,2022-02-02 09:55:00-05:00,L,15063.25,15106.75,15019.0,44.25,85.0,0.96045197740113,TP,1,L
2022-02-03 09:44:00-05:00,2022-02-03 10:19:00-05:00,2022-02-03 10:46:00-05:00,S,14799.0,14753.0,14845.75,46.75,90.0,0.9625668449197861,TP,1,S
2022-02-04 09:44:00-05:00,2022-02-04 09:45:00-05:00,2022-02-04 09:50:00-05:00,S,14579.5,14524.0,14635.75,56.25,109.0,0.9688888888888889,TP,1,S
2022-02-07 09:44:00-05:00,2022-02-07 09:51:00-05:00,2022-02-07 10:03:00-05:00,S,14782.0,14739.75,14825.0,43.0,82.5,0.9593023255813954,TP,1,S
2022-02-08 09:44:00-05:00,2022-02-08 10:46:00-05:00,2022-02-08 10:53:00-05:00,S,14588.0,14621.75,14621.5,33.5,-69.5,-1.037313432835821,SL,1,S
2022-02-09 09:44:00-05:00,2022-02-09 09:48:00-05:00,2022-02-09 09:57:00-05:00,L,14888.75,14864.25,14864.5,24.25,-51.0,-1.0515463917525774,SL,1,L
2022-02-10 09:44:00-05:00,2022-02-10 09:50:00-05:00,2022-02-10 09:52:00-05:00,S,14855.0,14901.25,14901.0,46.0,-94.5,-1.0271739130434783,SL,1,S
2022-02-11 09:44:00-05:00,2022-02-11 09:57:00-05:00,2022-02-11 10:05:00-05:00,L,14656.5,14692.0,14620.25,36.25,69.0,0.9517241379310345,TP,1,L
2022-02-14 09:44:00-05:00,2022-02-14 09:49:00-05:00,2022-02-14 09:53:00-05:00,S,14288.0,14329.0,14328.75,40.75,-84.0,-1.030674846625767,SL,1,S
2022-02-15 09:44:00-05:00,2022-02-15 10:41:00-05:00,2022-02-15 11:37:00-05:00,S,14522.0,14551.5,14551.25,29.25,-61.0,-1.0427350427350428,SL,1,S
2022-02-16 09:44:00-05:00,2022-02-16 09:45:00-05:00,2022-02-16 09:50:00-05:00,L,14430.75,14397.5,14397.75,33.0,-68.5,-1.0378787878787878,SL,1,L
2022-02-18 09:44:00-05:00,2022-02-18 10:26:00-05:00,2022-02-18 10:40:00-05:00,L,14088.25,14038.0,14038.25,50.0,-102.5,-1.025,SL,1,L
2022-02-21 09:44:00-05:00,2022-02-21 09:46:00-05:00,2022-02-21 09:52:00-05:00,L,13812.5,13839.5,13784.75,27.75,52.0,0.9369369369369369,TP,1,L
2022-02-22 09:44:00-05:00,2022-02-22 09:45:00-05:00,2022-02-22 09:49:00-05:00,S,13986.75,14035.0,14034.75,48.0,-98.5,-1.0260416666666667,SL,1,S
2022-02-23 09:44:00-05:00,2022-02-23 09:50:00-05:00,2022-02-23 09:53:00-05:00,L,13941.75,13907.0,13907.25,34.5,-71.5,-1.036231884057971,SL,1,L
2022-02-24 09:44:00-05:00,2022-02-24 09:49:00-05:00,2022-02-24 10:15:00-05:00,S,13304.25,13398.75,13398.5,94.25,-191.0,-1.013262599469496,SL,1,S
2022-02-25 09:44:00-05:00,2022-02-25 09:59:00-05:00,2022-02-25 10:08:00-05:00,L,13871.75,13926.0,13816.75,55.0,106.5,0.9681818181818181,TP,1,L
2022-02-28 09:44:00-05:00,2022-02-28 09:54:00-05:00,2022-02-28 09:59:00-05:00,S,14113.0,14146.5,14146.25,33.25,-69.0,-1.037593984962406,SL,1,S
2022-03-01 09:44:00-05:00,2022-03-01 10:00:00-05:00,2022-03-01 10:01:00-05:00,S,14253.25,14215.5,14291.75,38.5,73.5,0.9545454545454546,TP,1,S
2022-03-02 09:44:00-05:00,2022-03-02 09:47:00-05:00,2022-03-02 09:56:00-05:00,S,14111.25,14073.25,14150.0,38.75,74.0,0.9548387096774194,TP,1,S
2022-03-03 09:44:00-05:00,2022-03-03 09:48:00-05:00,2022-03-03 09:49:00-05:00,L,14272.25,14240.25,14240.5,31.75,-66.0,-1.0393700787401574,SL,1,L
2022-03-04 09:44:00-05:00,2022-03-04 09:45:00-05:00,2022-03-04 09:47:00-05:00,L,13889.75,13848.75,13849.0,40.75,-84.0,-1.030674846625767,SL,1,L
2022-03-07 09:44:00-05:00,2022-03-07 09:46:00-05:00,2022-03-07 09:59:00-05:00,L,13744.5,13692.25,13692.5,52.0,-106.5,-1.0240384615384615,SL,1,L
2022-03-09 09:44:00-05:00,2022-03-09 09:52:00-05:00,2022-03-09 09:57:00-05:00,L,13524.75,13561.25,13487.5,37.25,71.0,0.9530201342281879,TP,1,L
2022-03-10 09:44:00-05:00,2022-03-10 10:33:00-05:00,2022-03-10 10:51:00-05:00,L,13487.5,13452.0,13452.25,35.25,-73.0,-1.0354609929078014,SL,1,L
2022-03-11 09:44:00-05:00,2022-03-11 09:54:00-05:00,2022-03-11 10:00:00-05:00,L,13606.0,13560.25,13560.5,45.5,-93.5,-1.0274725274725274,SL,1,L
2022-03-14 09:44:00-04:00,2022-03-14 09:48:00-04:00,2022-03-14 09:56:00-04:00,S,13328.75,13282.0,13376.25,47.5,91.5,0.9631578947368421,TP,1,S
2022-03-15 09:44:00-04:00,2022-03-15 09:46:00-04:00,2022-03-15 09:51:00-04:00,L,13094.0,13139.25,13048.0,46.0,88.5,0.9619565217391305,TP,1,L
2022-03-18 09:44:00-04:00,2022-03-18 09:45:00-04:00,2022-03-18 09:49:00-04:00,S,14078.5,14111.0,14110.75,32.25,-67.0,-1.0387596899224807,SL,1,S
2022-03-22 09:44:00-04:00,2022-03-22 10:00:00-04:00,2022-03-22 10:05:00-04:00,S,14488.75,14533.0,14532.75,44.0,-90.5,-1.0284090909090908,SL,1,S
2022-03-23 09:44:00-04:00,2022-03-23 09:45:00-04:00,2022-03-23 09:54:00-04:00,L,14471.0,14499.5,14441.75,29.25,55.0,0.9401709401709402,TP,1,L
2022-03-24 09:44:00-04:00,2022-03-24 10:05:00-04:00,2022-03-24 10:07:00-04:00,S,14551.25,14521.5,14581.75,30.5,57.5,0.9426229508196722,TP,1,S
2022-03-25 09:44:00-04:00,2022-03-25 09:57:00-04:00,2022-03-25 10:09:00-04:00,L,14714.0,14742.0,14685.25,28.75,54.0,0.9391304347826087,TP,1,L
2022-03-28 09:44:00-04:00,2022-03-28 09:55:00-04:00,2022-03-28 10:03:00-04:00,S,14884.25,14833.25,14936.0,51.75,100.0,0.966183574879227,TP,1,S
2022-03-30 09:44:00-04:00,2022-03-30 09:48:00-04:00,2022-03-30 09:52:00-04:00,S,15197.5,15176.5,15219.25,21.75,40.0,0.9195402298850575,TP,1,S
2022-03-31 09:44:00-04:00,2022-03-31 09:46:00-04:00,2022-03-31 09:51:00-04:00,L,14987.5,15026.25,14948.0,39.5,75.5,0.9556962025316456,TP,1,L
2022-04-01 09:44:00-04:00,2022-04-01 09:50:00-04:00,2022-04-01 09:52:00-04:00,L,14856.75,14827.5,14827.75,29.0,-60.5,-1.043103448275862,SL,1,L
2022-04-04 09:44:00-04:00,2022-04-04 09:45:00-04:00,2022-04-04 09:55:00-04:00,S,14995.0,15038.0,15037.75,42.75,-88.0,-1.0292397660818713,SL,1,S
2022-04-05 09:44:00-04:00,2022-04-05 09:51:00-04:00,2022-04-05 09:53:00-04:00,L,15079.75,15057.75,15058.0,21.75,-46.0,-1.0574712643678161,SL,1,L
2022-04-06 09:44:00-04:00,2022-04-06 09:45:00-04:00,2022-04-06 10:00:00-04:00,L,14534.25,14492.0,14492.25,42.0,-86.5,-1.0297619047619047,SL,1,L
2022-04-07 09:44:00-04:00,2022-04-07 10:00:00-04:00,2022-04-07 10:06:00-04:00,S,14577.5,14532.75,14623.0,45.5,87.5,0.9615384615384616,TP,1,S
2022-04-08 09:44:00-04:00,2022-04-08 09:45:00-04:00,2022-04-08 09:58:00-04:00,L,14364.0,14320.25,14320.5,43.5,-89.5,-1.028735632183908,SL,1,L
2022-04-11 09:44:00-04:00,2022-04-11 09:46:00-04:00,2022-04-11 09:51:00-04:00,S,14177.75,14148.25,14208.0,30.25,57.0,0.9421487603305785,TP,1,S
2022-04-12 09:44:00-04:00,2022-04-12 10:48:00-04:00,2022-04-12 11:19:00-04:00,L,14113.25,14146.75,14079.0,34.25,65.0,0.948905109489051,TP,1,L
2022-04-13 09:44:00-04:00,2022-04-13 09:45:00-04:00,2022-04-13 09:48:00-04:00,S,14029.5,14071.25,14071.0,41.5,-85.5,-1.0301204819277108,SL,1,S
2022-04-14 09:44:00-04:00,2022-04-14 09:45:00-04:00,2022-04-14 10:06:00-04:00,L,14134.0,14090.25,14090.5,43.5,-89.5,-1.028735632183908,SL,1,L
2022-04-18 09:44:00-04:00,2022-04-18 10:07:00-04:00,2022-04-18 10:09:00-04:00,S,13932.5,13901.0,13964.75,32.25,61.0,0.9457364341085271,TP,1,S
2022-04-19 09:44:00-04:00,2022-04-19 09:47:00-04:00,2022-04-19 09:52:00-04:00,S,13928.25,13965.0,13964.75,36.5,-75.5,-1.0342465753424657,SL,1,S
2022-04-20 09:44:00-04:00,2022-04-20 09:45:00-04:00,2022-04-20 09:57:00-04:00,L,14124.0,14067.75,14068.0,56.0,-114.5,-1.0223214285714286,SL,1,L
2022-04-22 09:44:00-04:00,2022-04-22 10:20:00-04:00,2022-04-22 11:42:00-04:00,L,13615.75,13553.25,13553.5,62.25,-127.0,-1.0200803212851406,SL,1,L
2022-04-25 09:44:00-04:00,2022-04-25 09:45:00-04:00,2022-04-25 09:49:00-04:00,L,13262.0,13301.25,13222.0,40.0,76.5,0.95625,TP,1,L
2022-04-26 09:44:00-04:00,2022-04-26 09:45:00-04:00,2022-04-26 09:57:00-04:00,L,13318.0,13266.75,13267.0,51.0,-104.5,-1.0245098039215685,SL,1,L
2022-04-27 09:44:00-04:00,2022-04-27 09:45:00-04:00,2022-04-27 10:03:00-04:00,S,13204.25,13130.25,13279.0,74.75,146.0,0.9765886287625418,TP,1,S
2022-04-28 09:44:00-04:00,2022-04-28 09:48:00-04:00,2022-04-28 10:22:00-04:00,L,13117.0,13179.0,13054.25,62.75,122.0,0.9721115537848606,TP,1,L
2022-04-29 09:44:00-04:00,2022-04-29 10:28:00-04:00,2022-04-29 10:52:00-04:00,L,13226.25,13169.0,13169.25,57.0,-116.5,-1.0219298245614035,SL,1,L
2022-05-02 09:44:00-04:00,2022-05-02 09:48:00-04:00,2022-05-02 09:50:00-04:00,S,12935.75,12862.25,13010.0,74.25,145.0,0.9764309764309764,TP,1,S
2022-05-03 09:44:00-04:00,2022-05-03 09:45:00-04:00,2022-05-03 09:50:00-04:00,L,12989.75,13024.0,12954.75,35.0,66.5,0.95,TP,1,L
2022-05-04 09:44:00-04:00,2022-05-04 09:48:00-04:00,2022-05-04 09:49:00-04:00,L,13057.75,13079.0,13035.75,22.0,40.5,0.9204545454545454,TP,1,L
2022-05-05 09:44:00-04:00,2022-05-05 09:45:00-04:00,2022-05-05 09:50:00-04:00,L,13247.5,13209.0,13209.25,38.25,-79.0,-1.0326797385620916,SL,1,L
2022-05-06 09:44:00-04:00,2022-05-06 09:46:00-04:00,2022-05-06 10:06:00-04:00,L,12583.0,12662.5,12502.75,80.25,157.0,0.9781931464174455,TP,1,L
2022-05-10 09:44:00-04:00,2022-05-10 09:45:00-04:00,2022-05-10 09:58:00-04:00,L,12394.25,12452.25,12335.5,58.75,114.0,0.9702127659574468,TP,1,L
2022-05-11 09:44:00-04:00,2022-05-11 09:45:00-04:00,2022-05-11 09:49:00-04:00,S,12345.5,12422.25,12422.0,76.5,-155.5,-1.0163398692810457,SL,1,S
2022-05-12 09:44:00-04:00,2022-05-12 09:47:00-04:00,2022-05-12 09:50:00-04:00,S,11874.5,11805.5,11944.25,69.75,136.0,0.974910394265233,TP,1,S
2022-05-13 09:44:00-04:00,2022-05-13 09:45:00-04:00,2022-05-13 09:53:00-04:00,S,12197.5,12248.75,12248.5,51.0,-104.5,-1.0245098039215685,SL,1,S
2022-05-16 09:44:00-04:00,2022-05-16 09:46:00-04:00,2022-05-16 09:52:00-04:00,L,12237.25,12283.25,12190.5,46.75,90.0,0.9625668449197861,TP,1,L
2022-05-18 09:44:00-04:00,2022-05-18 09:50:00-04:00,2022-05-18 09:52:00-04:00,L,12308.25,12342.75,12273.0,35.25,67.0,0.950354609929078,TP,1,L
2022-05-19 09:44:00-04:00,2022-05-19 10:03:00-04:00,2022-05-19 10:08:00-04:00,S,11978.5,11935.25,12022.5,44.0,84.5,0.9602272727272727,TP,1,S
2022-05-23 09:44:00-04:00,2022-05-23 09:45:00-04:00,2022-05-23 09:48:00-04:00,S,11929.0,11972.0,11971.75,42.75,-88.0,-1.0292397660818713,SL,1,S
2022-05-24 09:44:00-04:00,2022-05-24 09:45:00-04:00,2022-05-24 09:56:00-04:00,L,11742.5,11701.75,11702.0,40.5,-83.5,-1.0308641975308641,SL,1,L
2022-05-25 09:44:00-04:00,2022-05-25 09:45:00-04:00,2022-05-25 09:47:00-04:00,S,11844.5,11792.75,11897.0,52.5,101.5,0.9666666666666667,TP,1,S
2022-05-26 09:44:00-04:00,2022-05-26 09:47:00-04:00,2022-05-26 09:57:00-04:00,S,12059.0,12120.75,12120.5,61.5,-125.5,-1.0203252032520325,SL,1,S
2022-05-27 09:44:00-04:00,2022-05-27 09:54:00-04:00,2022-05-27 10:11:00-04:00,S,12513.75,12557.25,12557.0,43.25,-89.0,-1.0289017341040463,SL,1,S
2022-05-30 09:44:00-04:00,2022-05-30 09:58:00-04:00,2022-05-30 10:00:00-04:00,S,12774.5,12764.0,12785.75,11.25,19.0,0.8444444444444444,TP,1,S
2022-05-31 09:44:00-04:00,2022-05-31 10:01:00-04:00,2022-05-31 10:21:00-04:00,L,12520.5,12584.25,12456.0,64.5,125.5,0.9728682170542635,TP,1,L
2022-06-01 09:44:00-04:00,2022-06-01 09:53:00-04:00,2022-06-01 10:00:00-04:00,S,12814.0,12782.75,12846.0,32.0,60.5,0.9453125,TP,1,S
2022-06-02 09:44:00-04:00,2022-06-02 09:45:00-04:00,2022-06-02 09:56:00-04:00,S,12547.5,12507.75,12588.0,40.5,77.5,0.9567901234567902,TP,1,S
2022-06-03 09:44:00-04:00,2022-06-03 09:45:00-04:00,2022-06-03 09:49:00-04:00,L,12619.75,12656.5,12582.25,37.5,71.5,0.9533333333333334,TP,1,L
2022-06-06 09:44:00-04:00,2022-06-06 09:48:00-04:00,2022-06-06 09:59:00-04:00,L,12692.75,12727.75,12657.0,35.75,68.0,0.951048951048951,TP,1,L
2022-06-07 09:44:00-04:00,2022-06-07 09:45:00-04:00,2022-06-07 09:51:00-04:00,S,12526.25,12570.5,12570.25,44.0,-90.5,-1.0284090909090908,SL,1,S
2022-06-08 09:44:00-04:00,2022-06-08 09:48:00-04:00,2022-06-08 09:49:00-04:00,S,12723.0,12760.0,12759.75,36.75,-76.0,-1.034013605442177,SL,1,S
2022-06-14 09:44:00-04:00,2022-06-14 10:20:00-04:00,2022-06-14 10:47:00-04:00,L,11264.0,11320.5,11206.75,57.25,111.0,0.9694323144104804,TP,1,L
2022-06-17 09:44:00-04:00,2022-06-17 09:50:00-04:00,2022-06-17 10:03:00-04:00,S,11325.75,11272.25,11380.0,54.25,105.0,0.967741935483871,TP,1,S
2022-06-21 09:44:00-04:00,2022-06-21 09:56:00-04:00,2022-06-21 10:17:00-04:00,S,11602.25,11651.25,11651.0,48.75,-100.0,-1.0256410256410255,SL,1,S
2022-06-22 09:44:00-04:00,2022-06-22 09:45:00-04:00,2022-06-22 09:53:00-04:00,S,11526.75,11558.0,11557.75,31.0,-64.5,-1.0403225806451613,SL,1,S
2022-06-23 09:44:00-04:00,2022-06-23 09:52:00-04:00,2022-06-23 09:57:00-04:00,L,11561.0,11607.5,11513.75,47.25,91.0,0.9629629629629629,TP,1,L
2022-06-24 09:44:00-04:00,2022-06-24 09:45:00-04:00,2022-06-24 10:00:00-04:00,S,11959.25,12006.0,12005.75,46.5,-95.5,-1.0268817204301075,SL,1,S
2022-06-27 09:44:00-04:00,2022-06-27 09:45:00-04:00,2022-06-27 10:04:00-04:00,L,12048.0,12110.75,11984.5,63.5,123.5,0.9724409448818898,TP,1,L
2022-06-29 09:44:00-04:00,2022-06-29 09:45:00-04:00,2022-06-29 09:47:00-04:00,L,11573.75,11618.0,11528.75,45.0,86.5,0.9611111111111111,TP,1,L
2022-06-30 09:44:00-04:00,2022-06-30 09:46:00-04:00,2022-06-30 10:02:00-04:00,L,11435.5,11376.75,11377.0,58.5,-119.5,-1.0213675213675213,SL,1,L
2022-07-01 09:44:00-04:00,2022-07-01 10:34:00-04:00,2022-07-01 10:47:00-04:00,L,11417.5,11462.25,11372.0,45.5,87.5,0.9615384615384616,TP,1,L
2022-07-06 09:44:00-04:00,2022-07-06 09:46:00-04:00,2022-07-06 09:55:00-04:00,L,11766.75,11811.0,11721.75,45.0,86.5,0.9611111111111111,TP,1,L
2022-07-07 09:44:00-04:00,2022-07-07 09:45:00-04:00,2022-07-07 10:52:00-04:00,S,12022.75,12063.25,12063.0,40.25,-83.0,-1.031055900621118,SL,1,S
2022-07-08 09:44:00-04:00,2022-07-08 10:25:00-04:00,2022-07-08 10:31:00-04:00,S,12090.5,12130.25,12130.0,39.5,-81.5,-1.0316455696202531,SL,1,S
2022-07-11 09:44:00-04:00,2022-07-11 09:49:00-04:00,2022-07-11 10:41:00-04:00,L,11890.5,11955.75,11824.5,66.0,128.5,0.9734848484848485,TP,1,L
2022-07-13 09:44:00-04:00,2022-07-13 09:48:00-04:00,2022-07-13 10:19:00-04:00,S,11660.25,11608.0,11713.25,53.0,102.5,0.9669811320754716,TP,1,S
2022-07-14 09:44:00-04:00,2022-07-14 10:01:00-04:00,2022-07-14 10:52:00-04:00,L,11548.0,11599.75,11495.5,52.5,101.5,0.9666666666666667,TP,1,L
2022-07-15 09:44:00-04:00,2022-07-15 10:00:00-04:00,2022-07-15 10:01:00-04:00,S,11984.75,11958.5,12011.75,27.0,50.5,0.9351851851851852,TP,1,S
2022-07-18 09:44:00-04:00,2022-07-18 09:46:00-04:00,2022-07-18 09:55:00-04:00,S,12157.75,12184.25,12184.0,26.25,-55.0,-1.0476190476190477,SL,1,S
2022-07-19 09:44:00-04:00,2022-07-19 09:46:00-04:00,2022-07-19 09:54:00-04:00,L,12000.75,12031.0,11969.75,31.0,58.5,0.9435483870967742,TP,1,L
2022-07-20 09:44:00-04:00,2022-07-20 09:45:00-04:00,2022-07-20 09:55:00-04:00,S,12332.5,12303.75,12362.0,29.5,55.5,0.940677966101695,TP,1,S
2022-07-21 09:44:00-04:00,2022-07-21 10:14:00-04:00,2022-07-21 10:17:00-04:00,L,12411.0,12449.75,12371.5,39.5,75.5,0.9556962025316456,TP,1,L
2022-07-22 09:44:00-04:00,2022-07-22 09:49:00-04:00,2022-07-22 09:50:00-04:00,S,12648.75,12681.0,12680.75,32.0,-66.5,-1.0390625,SL,1,S
2022-07-25 09:44:00-04:00,2022-07-25 10:06:00-04:00,2022-07-25 10:16:00-04:00,L,12357.25,12323.5,12323.75,33.5,-69.5,-1.037313432835821,SL,1,L
2022-07-26 09:44:00-04:00,2022-07-26 09:45:00-04:00,2022-07-26 09:56:00-04:00,L,12216.75,12244.75,12188.0,28.75,54.0,0.9391304347826087,TP,1,L
2022-07-27 09:44:00-04:00,2022-07-27 09:45:00-04:00,2022-07-27 10:05:00-04:00,S,12374.75,12413.0,12412.75,38.0,-78.5,-1.0328947368421053,SL,1,S
2022-07-28 09:44:00-04:00,2022-07-28 09:45:00-04:00,2022-07-28 09:54:00-04:00,L,12515.0,12461.25,12461.5,53.5,-109.5,-1.0233644859813085,SL,1,L
2022-07-29 09:44:00-04:00,2022-07-29 09:45:00-04:00,2022-07-29 10:06:00-04:00,S,12864.5,12911.0,12910.75,46.25,-95.0,-1.027027027027027,SL,1,S
2022-08-01 09:44:00-04:00,2022-08-01 09:49:00-04:00,2022-08-01 09:53:00-04:00,S,12963.5,13007.0,13006.75,43.25,-89.0,-1.0289017341040463,SL,1,S
2022-08-02 09:44:00-04:00,2022-08-02 09:45:00-04:00,2022-08-02 09:51:00-04:00,S,12942.75,12908.75,12977.5,34.75,66.0,0.9496402877697842,TP,1,S
2022-08-03 09:44:00-04:00,2022-08-03 09:51:00-04:00,2022-08-03 10:03:00-04:00,S,13089.75,13128.75,13128.5,38.75,-80.0,-1.032258064516129,SL,1,S
2022-08-04 09:44:00-04:00,2022-08-04 09:45:00-04:00,2022-08-04 09:52:00-04:00,S,13328.25,13296.75,13360.5,32.25,61.0,0.9457364341085271,TP,1,S
2022-08-05 09:44:00-04:00,2022-08-05 10:02:00-04:00,2022-08-05 10:10:00-04:00,S,13211.0,13248.5,13248.25,37.25,-77.0,-1.0335570469798658,SL,1,S
2022-08-08 09:44:00-04:00,2022-08-08 09:45:00-04:00,2022-08-08 10:48:00-04:00,S,13375.75,13321.25,13431.0,55.25,107.0,0.9683257918552036,TP,1,S
2022-08-09 09:44:00-04:00,2022-08-09 09:53:00-04:00,2022-08-09 09:55:00-04:00,L,13037.25,13008.0,13008.25,29.0,-60.5,-1.043103448275862,SL,1,L
2022-08-10 09:44:00-04:00,2022-08-10 10:19:00-04:00,2022-08-10 10:36:00-04:00,L,13268.5,13301.25,13235.0,33.5,63.5,0.9477611940298507,TP,1,L
2022-08-11 09:44:00-04:00,2022-08-11 11:05:00-04:00,2022-08-11 11:06:00-04:00,L,13456.25,13433.75,13434.0,22.25,-47.0,-1.0561797752808988,SL,1,L
2022-08-12 09:44:00-04:00,2022-08-12 09:45:00-04:00,2022-08-12 09:48:00-04:00,S,13432.0,13404.5,13460.25,28.25,53.0,0.9380530973451328,TP,1,S
2022-08-15 09:44:00-04:00,2022-08-15 09:54:00-04:00,2022-08-15 09:59:00-04:00,S,13606.25,13634.25,13634.0,27.75,-58.0,-1.045045045045045,SL,1,S
2022-08-16 09:44:00-04:00,2022-08-16 09:48:00-04:00,2022-08-16 09:51:00-04:00,L,13608.25,13588.0,13588.25,20.0,-42.5,-1.0625,SL,1,L
2022-08-17 09:44:00-04:00,2022-08-17 10:14:00-04:00,2022-08-17 10:36:00-04:00,L,13484.75,13453.0,13453.25,31.5,-65.5,-1.0396825396825398,SL,1,L
2022-08-18 09:44:00-04:00,2022-08-18 09:45:00-04:00,2022-08-18 09:46:00-04:00,S,13497.75,13474.5,13521.75,24.0,44.5,0.9270833333333334,TP,1,S
2022-08-19 09:44:00-04:00,2022-08-19 09:45:00-04:00,2022-08-19 09:54:00-04:00,L,13341.0,13308.25,13308.5,32.5,-67.5,-1.0384615384615385,SL,1,L
2022-08-22 09:44:00-04:00,2022-08-22 09:49:00-04:00,2022-08-22 09:55:00-04:00,L,13021.75,13048.25,12994.5,27.25,51.0,0.9357798165137615,TP,1,L
2022-08-24 09:44:00-04:00,2022-08-24 09:51:00-04:00,2022-08-24 09:54:00-04:00,S,12906.75,12886.25,12928.0,21.25,39.0,0.9176470588235294,TP,1,S
2022-08-25 09:44:00-04:00,2022-08-25 09:50:00-04:00,2022-08-25 09:52:00-04:00,L,12966.75,12984.5,12948.25,18.5,33.5,0.9054054054054054,TP,1,L
2022-08-26 09:44:00-04:00,2022-08-26 09:46:00-04:00,2022-08-26 09:50:00-04:00,L,13116.5,13098.75,13099.0,17.5,-37.5,-1.0714285714285714,SL,1,L
2022-08-29 09:44:00-04:00,2022-08-29 10:17:00-04:00,2022-08-29 10:33:00-04:00,S,12605.5,12557.5,12654.25,48.75,94.0,0.9641025641025641,TP,1,S
2022-08-30 09:44:00-04:00,2022-08-30 09:45:00-04:00,2022-08-30 09:59:00-04:00,L,12501.0,12467.5,12467.75,33.25,-69.0,-1.037593984962406,SL,1,L
2022-08-31 09:44:00-04:00,2022-08-31 09:45:00-04:00,2022-08-31 09:59:00-04:00,S,12491.5,12453.25,12530.5,39.0,74.5,0.9551282051282052,TP,1,S
2022-09-02 09:44:00-04:00,2022-09-02 10:00:00-04:00,2022-09-02 10:11:00-04:00,L,12291.5,12338.5,12243.75,47.75,92.0,0.9633507853403142,TP,1,L
2022-09-05 09:44:00-04:00,2022-09-05 10:10:00-04:00,2022-09-05 10:37:00-04:00,S,12143.75,12159.25,12159.0,15.25,-33.0,-1.0819672131147542,SL,1,S
2022-09-06 09:44:00-04:00,2022-09-06 09:46:00-04:00,2022-09-06 09:53:00-04:00,L,12077.0,12041.25,12041.5,35.5,-73.5,-1.0352112676056338,SL,1,L
2022-09-07 09:44:00-04:00,2022-09-07 09:48:00-04:00,2022-09-07 09:52:00-04:00,S,12125.25,12091.5,12159.75,34.5,65.5,0.9492753623188406,TP,1,S
2022-09-08 09:44:00-04:00,2022-09-08 09:45:00-04:00,2022-09-08 09:55:00-04:00,S,12222.75,12263.75,12263.5,40.75,-84.0,-1.030674846625767,SL,1,S
2022-09-09 09:44:00-04:00,2022-09-09 09:47:00-04:00,2022-09-09 09:55:00-04:00,S,12480.75,12456.25,12506.0,25.25,47.0,0.9306930693069307,TP,1,S
2022-09-12 09:44:00-04:00,2022-09-12 09:48:00-04:00,2022-09-12 09:55:00-04:00,S,12699.0,12721.75,12721.5,22.5,-47.5,-1.0555555555555556,SL,1,S
2022-09-13 09:44:00-04:00,2022-09-13 09:56:00-04:00,2022-09-13 10:02:00-04:00,L,12321.75,12281.25,12281.5,40.25,-83.0,-1.031055900621118,SL,1,L
2022-09-16 09:44:00-04:00,2022-09-16 09:49:00-04:00,2022-09-16 09:50:00-04:00,L,11802.5,11828.5,11775.75,26.75,50.0,0.9345794392523364,TP,1,L
2022-09-19 09:44:00-04:00,2022-09-19 09:45:00-04:00,2022-09-19 10:22:00-04:00,S,11905.0,11871.25,11939.5,34.5,65.5,0.9492753623188406,TP,1,S
2022-09-22 09:44:00-04:00,2022-09-22 09:51:00-04:00,2022-09-22 10:13:00-04:00,L,11584.0,11621.25,11546.0,38.0,72.5,0.9539473684210527,TP,1,L
2022-09-23 09:44:00-04:00,2022-09-23 09:45:00-04:00,2022-09-23 09:47:00-04:00,L,11384.75,11417.5,11351.25,33.5,63.5,0.9477611940298507,TP,1,L
2022-09-26 09:44:00-04:00,2022-09-26 09:50:00-04:00,2022-09-26 10:00:00-04:00,S,11461.25,11507.25,11507.0,45.75,-94.0,-1.0273224043715847,SL,1,S
2022-09-28 09:44:00-04:00,2022-09-28 09:49:00-04:00,2022-09-28 09:50:00-04:00,S,11343.5,11314.25,11373.5,30.0,56.5,0.9416666666666667,TP,1,S
2022-09-29 09:44:00-04:00,2022-09-29 09:45:00-04:00,2022-09-29 10:02:00-04:00,L,11264.0,11210.75,11211.0,53.0,-108.5,-1.0235849056603774,SL,1,L
2022-09-30 09:44:00-04:00,2022-09-30 09:53:00-04:00,2022-09-30 10:01:00-04:00,S,11245.25,11206.5,11284.75,39.5,75.5,0.9556962025316456,TP,1,S
2022-10-04 09:44:00-04:00,2022-10-04 09:46:00-04:00,2022-10-04 09:51:00-04:00,S,11574.25,11597.75,11597.5,23.25,-49.0,-1.053763440860215,SL,1,S
2022-10-05 09:44:00-04:00,2022-10-05 10:00:00-04:00,2022-10-05 10:02:00-04:00,L,11464.5,11435.5,11435.75,28.75,-60.0,-1.0434782608695652,SL,1,L
2022-10-07 09:44:00-04:00,2022-10-07 09:45:00-04:00,2022-10-07 09:56:00-04:00,L,11266.0,11233.25,11233.5,32.5,-67.5,-1.0384615384615385,SL,1,L
2022-10-10 09:44:00-04:00,2022-10-10 09:53:00-04:00,2022-10-10 10:27:00-04:00,L,11021.25,11060.75,10981.0,40.25,77.0,0.9565217391304348,TP,1,L
2022-10-11 09:44:00-04:00,2022-10-11 09:47:00-04:00,2022-10-11 09:58:00-04:00,L,10859.75,10826.75,10827.0,32.75,-68.0,-1.0381679389312977,SL,1,L
2022-10-12 09:44:00-04:00,2022-10-12 09:45:00-04:00,2022-10-12 09:50:00-04:00,S,10931.75,10884.0,10980.25,48.5,93.5,0.9639175257731959,TP,1,S
2022-10-13 09:44:00-04:00,2022-10-13 09:46:00-04:00,2022-10-13 09:49:00-04:00,S,10554.0,10581.25,10581.0,27.0,-56.5,-1.0462962962962963,SL,1,S
2022-10-14 09:44:00-04:00,2022-10-14 09:45:00-04:00,2022-10-14 09:46:00-04:00,L,11099.5,11057.5,11057.75,41.75,-86.0,-1.029940119760479,SL,1,L
2022-10-17 09:44:00-04:00,2022-10-17 09:51:00-04:00,2022-10-17 09:56:00-04:00,S,11114.0,11070.5,11158.25,44.25,85.0,0.96045197740113,TP,1,S
2022-10-18 09:44:00-04:00,2022-10-18 09:45:00-04:00,2022-10-18 09:54:00-04:00,L,11347.0,11314.0,11314.25,32.75,-68.0,-1.0381679389312977,SL,1,L
2022-10-19 09:44:00-04:00,2022-10-19 10:14:00-04:00,2022-10-19 10:21:00-04:00,S,11213.0,11252.75,11252.5,39.5,-81.5,-1.0316455696202531,SL,1,S
2022-10-20 09:44:00-04:00,2022-10-20 09:45:00-04:00,2022-10-20 09:46:00-04:00,S,11164.75,11193.25,11193.0,28.25,-59.0,-1.0442477876106195,SL,1,S
2022-10-21 09:44:00-04:00,2022-10-21 09:45:00-04:00,2022-10-21 09:45:00-04:00,S,11088.0,11124.25,11124.0,36.0,-74.5,-1.0347222222222223,SL,1,S
2022-10-24 09:44:00-04:00,2022-10-24 10:02:00-04:00,2022-10-24 10:08:00-04:00,L,11300.5,11262.5,11262.75,37.75,-78.0,-1.033112582781457,SL,1,L
2022-10-25 09:44:00-04:00,2022-10-25 09:45:00-04:00,2022-10-25 09:46:00-04:00,S,11571.5,11593.75,11593.5,22.0,-46.5,-1.0568181818181819,SL,1,S
2022-10-28 09:44:00-04:00,2022-10-28 10:25:00-04:00,2022-10-28 10:40:00-04:00,S,11364.0,11424.75,11424.5,60.5,-123.5,-1.0206611570247934,SL,1,S
2022-10-31 09:44:00-04:00,2022-10-31 09:45:00-04:00,2022-10-31 09:50:00-04:00,L,11450.25,11422.0,11422.25,28.0,-58.5,-1.0446428571428572,SL,1,L
2022-11-01 09:44:00-04:00,2022-11-01 09:45:00-04:00,2022-11-01 09:45:00-04:00,L,11565.75,11544.75,11545.0,20.75,-44.0,-1.0602409638554218,SL,1,L
2022-11-02 09:44:00-04:00,2022-11-02 10:14:00-04:00,2022-11-02 11:13:00-04:00,L,11271.5,11244.5,11244.75,26.75,-56.0,-1.0467289719626167,SL,1,L
2022-11-03 09:44:00-04:00,2022-11-03 09:45:00-04:00,2022-11-03 09:46:00-04:00,L,10783.25,10757.75,10758.0,25.25,-53.0,-1.0495049504950495,SL,1,L
2022-11-04 09:44:00-04:00,2022-11-04 09:45:00-04:00,2022-11-04 09:57:00-04:00,L,10739.75,10825.0,10653.75,86.0,168.5,0.9796511627906976,TP,1,L
2022-11-07 09:44:00-05:00,2022-11-07 09:48:00-05:00,2022-11-07 10:01:00-05:00,L,10865.0,10904.25,10825.0,40.0,76.5,0.95625,TP,1,L
2022-11-08 09:44:00-05:00,2022-11-08 09:45:00-05:00,2022-11-08 09:49:00-05:00,L,11014.75,11040.5,10988.25,26.5,49.5,0.9339622641509434,TP,1,L
2022-11-09 09:44:00-05:00,2022-11-09 09:57:00-05:00,2022-11-09 09:58:00-05:00,L,10969.25,10987.75,10950.0,19.25,35.0,0.9090909090909091,TP,1,L
2022-11-14 09:44:00-05:00,2022-11-14 09:45:00-05:00,2022-11-14 09:50:00-05:00,L,11719.25,11744.25,11693.5,25.75,48.0,0.9320388349514563,TP,1,L
2022-11-15 09:44:00-05:00,2022-11-15 09:45:00-05:00,2022-11-15 09:48:00-05:00,L,12003.5,11980.25,11980.5,23.0,-48.5,-1.0543478260869565,SL,1,L
2022-11-16 09:44:00-05:00,2022-11-16 09:46:00-05:00,2022-11-16 09:46:00-05:00,L,11794.75,11778.0,11778.25,16.5,-35.5,-1.0757575757575757,SL,1,L
2022-11-17 09:44:00-05:00,2022-11-17 09:45:00-05:00,2022-11-17 09:56:00-05:00,S,11613.75,11587.25,11641.0,27.25,51.0,0.9357798165137615,TP,1,S
2022-11-18 09:44:00-05:00,2022-11-18 09:48:00-05:00,2022-11-18 09:56:00-05:00,L,11747.75,11783.75,11711.0,36.75,70.0,0.9523809523809523,TP,1,L
2022-11-21 09:44:00-05:00,2022-11-21 09:51:00-05:00,2022-11-21 09:55:00-05:00,S,11694.0,11669.25,11719.5,25.5,47.5,0.9313725490196079,TP,1,S
2022-11-23 09:44:00-05:00,2022-11-23 09:45:00-05:00,2022-11-23 09:45:00-05:00,S,11801.75,11824.0,11823.75,22.0,-46.5,-1.0568181818181819,SL,1,S
2022-11-28 09:44:00-05:00,2022-11-28 09:45:00-05:00,2022-11-28 09:55:00-05:00,S,11780.5,11747.75,11814.0,33.5,63.5,0.9477611940298507,TP,1,S
2022-11-29 09:44:00-05:00,2022-11-29 09:45:00-05:00,2022-11-29 10:00:00-05:00,L,11579.25,11597.5,11560.25,19.0,34.5,0.9078947368421053,TP,1,L
2022-12-01 09:44:00-05:00,2022-12-01 09:45:00-05:00,2022-12-01 09:56:00-05:00,S,12103.25,12131.25,12131.0,27.75,-58.0,-1.045045045045045,SL,1,S
2022-12-02 09:44:00-05:00,2022-12-02 10:12:00-05:00,2022-12-02 10:13:00-05:00,S,11915.5,11943.25,11943.0,27.5,-57.5,-1.0454545454545454,SL,1,S
2022-12-06 09:44:00-05:00,2022-12-06 09:45:00-05:00,2022-12-06 09:56:00-05:00,L,11722.75,11690.5,11690.75,32.0,-66.5,-1.0390625,SL,1,L
2022-12-08 09:44:00-05:00,2022-12-08 09:45:00-05:00,2022-12-08 09:47:00-05:00,L,11489.0,11520.5,11456.75,32.25,61.0,0.9457364341085271,TP,1,L
2022-12-09 09:44:00-05:00,2022-12-09 09:45:00-05:00,2022-12-09 09:50:00-05:00,S,11642.5,11607.5,11678.25,35.75,68.0,0.951048951048951,TP,1,S
2022-12-12 09:44:00-05:00,2022-12-12 10:49:00-05:00,2022-12-12 11:00:00-05:00,L,11543.25,11563.75,11522.0,21.25,39.0,0.9176470588235294,TP,1,L
2022-12-13 09:44:00-05:00,2022-12-13 10:06:00-05:00,2022-12-13 10:22:00-05:00,L,12062.25,12018.25,12018.5,43.75,-90.0,-1.0285714285714285,SL,1,L
2022-12-16 09:44:00-05:00,2022-12-16 09:45:00-05:00,2022-12-16 09:45:00-05:00,S,11457.5,11438.5,11477.25,19.75,36.0,0.9113924050632911,TP,1,S
2022-12-19 09:44:00-05:00,2022-12-19 09:47:00-05:00,2022-12-19 09:51:00-05:00,L,11285.5,11256.75,11257.0,28.5,-59.5,-1.043859649122807,SL,1,L
2022-12-20 09:44:00-05:00,2022-12-20 09:45:00-05:00,2022-12-20 09:52:00-05:00,L,11083.5,11109.0,11057.25,26.25,49.0,0.9333333333333333,TP,1,L
2022-12-21 09:44:00-05:00,2022-12-21 09:46:00-05:00,2022-12-21 09:48:00-05:00,S,11238.5,11261.0,11260.75,22.25,-47.0,-1.0561797752808988,SL,1,S
2022-12-22 09:44:00-05:00,2022-12-22 09:45:00-05:00,2022-12-22 10:05:00-05:00,L,11104.5,11064.25,11064.5,40.0,-82.5,-1.03125,SL,1,L
2022-12-23 09:44:00-05:00,2022-12-23 09:55:00-05:00,2022-12-23 10:00:00-05:00,L,10926.0,10973.25,10878.0,48.0,92.5,0.9635416666666666,TP,1,L
2022-12-27 09:44:00-05:00,2022-12-27 09:45:00-05:00,2022-12-27 10:21:00-05:00,L,10939.25,10983.5,10894.25,45.0,86.5,0.9611111111111111,TP,1,L
2022-12-29 09:44:00-05:00,2022-12-29 09:50:00-05:00,2022-12-29 10:19:00-05:00,S,10968.25,11011.5,11011.25,43.0,-88.5,-1.0290697674418605,SL,1,S
2022-12-30 09:44:00-05:00,2022-12-30 10:47:00-05:00,2022-12-30 10:58:00-05:00,S,10947.5,10923.75,10972.0,24.5,45.5,0.9285714285714286,TP,1,S
