sig_time,entry_time,exit_time,side,entry,exit,stop,risk_pts,pnl,R,reason,parts,tag
2019-06-21 09:59:00-04:00,2019-06-21 10:44:00-04:00,2019-06-21 11:01:00-04:00,S,7776.75,7787.5,7787.25,10.5,-23.5,-1.119047619047619,SL,1,em1u.1000|R|2019-06-21|em1u
2019-06-24 09:59:00-04:00,2019-06-24 10:12:00-04:00,2019-06-24 15:59:00-04:00,S,7773.0,7753.25,7783.0,10.0,37.5,1.875,time,1,em1u.1000|R|2019-06-24|em1u
2019-06-26 09:29:00-04:00,2019-06-26 09:36:00-04:00,2019-06-26 09:38:00-04:00,S,7698.5,7709.0,7708.75,10.25,-23.0,-1.1219512195121952,SL,1,em1u.0800|R|2019-06-26|em1u
2019-06-27 09:29:00-04:00,2019-06-27 09:33:00-04:00,2019-06-27 09:56:00-04:00,S,7690.0,7700.25,7700.0,10.0,-22.5,-1.125,SL,1,em1u.0800|R|2019-06-27|em1u
2019-06-27 11:59:00-04:00,2019-06-27 12:33:00-04:00,2019-06-27 15:59:00-04:00,S,7694.0,7683.75,7704.0,10.0,18.5,0.925,time,1,em1u.1200|R|2019-06-27|em1u
2019-06-28 09:59:00-04:00,2019-06-28 11:56:00-04:00,2019-06-28 12:20:00-04:00,S,7690.75,7700.75,7700.5,9.75,-22.0,-1.1282051282051282,SL,1,em1u.1000|R|2019-06-28|em1u
2019-06-28 11:59:00-04:00,2019-06-28 12:25:00-04:00,2019-06-28 13:45:00-04:00,S,7707.5,7679.5,7717.25,9.75,54.0,2.769230769230769,TP,1,em1u.1200|R|2019-06-28|em1u
2019-07-02 09:59:00-04:00,2019-07-02 10:32:00-04:00,2019-07-02 11:40:00-04:00,S,7807.25,7780.0,7816.75,9.5,52.5,2.763157894736842,TP,1,em1u.1000|R|2019-07-02|em1u
2019-07-03 09:59:00-04:00,2019-07-03 10:41:00-04:00,2019-07-03 12:19:00-04:00,S,7866.5,7876.0,7875.75,9.25,-21.0,-1.135135135135135,SL,1,em1u.1000|R|2019-07-03|em1u
2019-07-03 11:59:00-04:00,2019-07-03 13:00:00-04:00,2019-07-03 13:04:00-04:00,S,7889.25,7887.0,7898.5,9.25,2.5,0.13513513513513514,time,1,em1u.1200|R|2019-07-03|em1u
2019-07-05 09:59:00-04:00,2019-07-05 11:29:00-04:00,2019-07-05 12:17:00-04:00,S,7827.0,7835.75,7835.5,8.5,-19.5,-1.1470588235294117,SL,1,em1u.1000|R|2019-07-05|em1u
2019-07-05 11:59:00-04:00,2019-07-05 12:39:00-04:00,2019-07-05 13:22:00-04:00,S,7846.25,7855.0,7854.75,8.5,-19.5,-1.1470588235294117,SL,1,em1u.1200|R|2019-07-05|em1u
2019-07-05 13:59:00-04:00,2019-07-05 14:58:00-04:00,2019-07-05 15:55:00-04:00,S,7879.0,7854.75,7887.5,8.5,46.5,2.735294117647059,TP,1,em1u.1400|R|2019-07-05|em1u
2019-07-08 09:59:00-04:00,2019-07-08 10:14:00-04:00,2019-07-08 11:12:00-04:00,S,7797.5,7806.25,7806.0,8.5,-19.5,-1.1470588235294117,SL,1,em1u.1000|R|2019-07-08|em1u
2019-07-09 09:29:00-04:00,2019-07-09 09:35:00-04:00,2019-07-09 09:37:00-04:00,S,7790.5,7799.25,7799.0,8.5,-19.5,-1.1470588235294117,SL,1,em1u.0800|R|2019-07-09|em1u
2019-07-09 09:59:00-04:00,2019-07-09 10:33:00-04:00,2019-07-09 10:39:00-04:00,S,7815.75,7824.5,7824.25,8.5,-19.5,-1.1470588235294117,SL,1,em1u.1000|R|2019-07-09|em1u
2019-07-16 13:59:00-04:00,2019-07-16 14:50:00-04:00,2019-07-16 15:59:00-04:00,S,7952.25,7948.75,7960.25,8.0,5.0,0.3125,time,1,em1u.1400|R|2019-07-16|em1u
2019-07-18 09:29:00-04:00,2019-07-18 09:35:00-04:00,2019-07-18 09:36:00-04:00,S,7887.5,7895.75,7895.5,8.0,-18.5,-1.15625,SL,1,em1u.0800|R|2019-07-18|em1u
2019-07-18 09:59:00-04:00,2019-07-18 10:21:00-04:00,2019-07-18 10:53:00-04:00,S,7904.25,7881.5,7912.25,8.0,43.5,2.71875,TP,1,em1u.1000|R|2019-07-18|em1u
2019-07-18 11:59:00-04:00,2019-07-18 12:20:00-04:00,2019-07-18 13:15:00-04:00,S,7864.25,7872.5,7872.25,8.0,-18.5,-1.15625,SL,1,em1u.1200|R|2019-07-18|em1u
2019-07-18 13:59:00-04:00,2019-07-18 14:10:00-04:00,2019-07-18 14:19:00-04:00,S,7889.25,7897.5,7897.25,8.0,-18.5,-1.15625,SL,1,em1u.1400|R|2019-07-18|em1u
2019-07-19 11:59:00-04:00,2019-07-19 12:27:00-04:00,2019-07-19 12:51:00-04:00,S,7928.5,7936.75,7936.5,8.0,-18.5,-1.15625,SL,1,em1u.1200|R|2019-07-19|em1u
2019-07-22 09:29:00-04:00,2019-07-22 09:39:00-04:00,2019-07-22 09:41:00-04:00,S,7889.75,7898.5,7898.25,8.5,-19.5,-1.1470588235294117,SL,1,em1u.0800|R|2019-07-22|em1u
2019-07-23 11:59:00-04:00,2019-07-23 13:40:00-04:00,2019-07-23 13:42:00-04:00,S,7937.0,7945.75,7945.5,8.5,-19.5,-1.1470588235294117,SL,1,em1u.1200|R|2019-07-23|em1u
2019-07-24 09:29:00-04:00,2019-07-24 09:46:00-04:00,2019-07-24 09:53:00-04:00,S,7969.25,7977.75,7977.5,8.25,-19.0,-1.1515151515151516,SL,1,em1u.0800|R|2019-07-24|em1u
2019-07-24 09:59:00-04:00,2019-07-24 10:33:00-04:00,2019-07-24 10:39:00-04:00,S,7986.25,7994.75,7994.5,8.25,-19.0,-1.1515151515151516,SL,1,em1u.1000|R|2019-07-24|em1u
2019-07-24 13:59:00-04:00,2019-07-24 14:56:00-04:00,2019-07-24 15:10:00-04:00,S,8006.25,8014.75,8014.5,8.25,-19.0,-1.1515151515151516,SL,1,em1u.1400|R|2019-07-24|em1u
2019-07-25 09:59:00-04:00,2019-07-25 10:39:00-04:00,2019-07-25 11:52:00-04:00,S,7978.75,7954.5,7987.25,8.5,46.5,2.735294117647059,TP,1,em1u.1000|R|2019-07-25|em1u
2019-07-25 13:59:00-04:00,2019-07-25 14:11:00-04:00,2019-07-25 15:59:00-04:00,S,7957.0,7946.75,7965.5,8.5,18.5,1.088235294117647,time,1,em1u.1400|R|2019-07-25|em1u
2019-07-26 09:29:00-04:00,2019-07-26 09:35:00-04:00,2019-07-26 10:31:00-04:00,S,8030.0,8005.75,8038.5,8.5,46.5,2.735294117647059,TP,1,em1u.0800|R|2019-07-26|em1u
2019-07-29 09:59:00-04:00,2019-07-29 11:38:00-04:00,2019-07-29 13:00:00-04:00,S,7986.75,7995.25,7995.0,8.25,-19.0,-1.1515151515151516,SL,1,em1u.1000|R|2019-07-29|em1u
2019-07-30 09:29:00-04:00,2019-07-30 09:36:00-04:00,2019-07-30 09:45:00-04:00,S,7962.25,7970.75,7970.5,8.25,-19.0,-1.1515151515151516,SL,1,em1u.0800|R|2019-07-30|em1u
2019-07-30 09:59:00-04:00,2019-07-30 10:02:00-04:00,2019-07-30 14:01:00-04:00,S,7976.25,7984.75,7984.5,8.25,-19.0,-1.1515151515151516,SL,1,em1u.1000|R|2019-07-30|em1u
2019-07-30 11:59:00-04:00,2019-07-30 13:51:00-04:00,2019-07-30 14:01:00-04:00,S,7975.25,7983.75,7983.5,8.25,-19.0,-1.1515151515151516,SL,1,em1u.1200|R|2019-07-30|em1u
2019-07-30 13:59:00-04:00,2019-07-30 14:03:00-04:00,2019-07-30 15:22:00-04:00,S,7992.5,7969.0,8000.75,8.25,45.0,2.727272727272727,TP,1,em1u.1400|R|2019-07-30|em1u
2019-08-01 09:29:00-04:00,2019-08-01 09:31:00-04:00,2019-08-01 09:33:00-04:00,S,7897.75,7906.75,7906.5,8.75,-20.0,-1.1428571428571428,SL,1,em1u.0800|R|2019-08-01|em1u
2019-08-01 09:59:00-04:00,2019-08-01 10:09:00-04:00,2019-08-01 10:20:00-04:00,S,7948.0,7957.0,7956.75,8.75,-20.0,-1.1428571428571428,SL,1,em1u.1000|R|2019-08-01|em1u
2019-08-02 11:59:00-04:00,2019-08-02 12:28:00-04:00,2019-08-02 12:51:00-04:00,S,7704.5,7677.25,7714.0,9.5,52.5,2.763157894736842,TP,1,em1u.1200|R|2019-08-02|em1u
2019-08-02 13:59:00-04:00,2019-08-02 14:14:00-04:00,2019-08-02 14:46:00-04:00,S,7685.25,7695.0,7694.75,9.5,-21.5,-1.131578947368421,SL,1,em1u.1400|R|2019-08-02|em1u
2019-08-06 09:29:00-04:00,2019-08-06 09:30:00-04:00,2019-08-06 09:31:00-04:00,S,7500.5,7512.0,7511.75,11.25,-25.0,-1.1111111111111112,SL,1,em1u.0800|R|2019-08-06|em1u
2019-08-06 11:59:00-04:00,2019-08-06 13:39:00-04:00,2019-08-06 14:15:00-04:00,S,7507.5,7519.0,7518.75,11.25,-25.0,-1.1111111111111112,SL,1,em1u.1200|R|2019-08-06|em1u
2019-08-06 13:59:00-04:00,2019-08-06 14:27:00-04:00,2019-08-06 14:33:00-04:00,S,7537.5,7549.0,7548.75,11.25,-25.0,-1.1111111111111112,SL,1,em1u.1400|R|2019-08-06|em1u
2019-08-07 09:59:00-04:00,2019-08-07 10:10:00-04:00,2019-08-07 10:11:00-04:00,S,7464.5,7477.0,7476.75,12.25,-27.0,-1.1020408163265305,SL,1,em1u.1000|R|2019-08-07|em1u
2019-08-07 11:59:00-04:00,2019-08-07 13:30:00-04:00,2019-08-07 13:32:00-04:00,S,7510.0,7522.5,7522.25,12.25,-27.0,-1.1020408163265305,SL,1,em1u.1200|R|2019-08-07|em1u
2019-08-07 13:59:00-04:00,2019-08-07 14:46:00-04:00,2019-08-07 15:36:00-04:00,S,7559.0,7571.5,7571.25,12.25,-27.0,-1.1020408163265305,SL,1,em1u.1400|R|2019-08-07|em1u
2019-08-08 09:29:00-04:00,2019-08-08 09:30:00-04:00,2019-08-08 09:58:00-04:00,S,7613.25,7626.0,7625.75,12.5,-27.5,-1.1,SL,1,em1u.0800|R|2019-08-08|em1u
2019-08-08 09:59:00-04:00,2019-08-08 10:45:00-04:00,2019-08-08 10:56:00-04:00,S,7653.5,7666.25,7666.0,12.5,-27.5,-1.1,SL,1,em1u.1000|R|2019-08-08|em1u
2019-08-09 09:29:00-04:00,2019-08-09 09:31:00-04:00,2019-08-09 09:35:00-04:00,S,7700.5,7713.5,7713.25,12.75,-28.0,-1.0980392156862746,SL,1,em1u.0800|R|2019-08-09|em1u
2019-08-09 11:59:00-04:00,2019-08-09 12:53:00-04:00,2019-08-09 12:54:00-04:00,S,7638.75,7651.75,7651.5,12.75,-28.0,-1.0980392156862746,SL,1,em1u.1200|R|2019-08-09|em1u
2019-08-12 09:59:00-04:00,2019-08-12 10:32:00-04:00,2019-08-12 11:10:00-04:00,S,7631.75,7594.75,7644.5,12.75,72.0,2.823529411764706,TP,1,em1u.1000|R|2019-08-12|em1u
2019-08-13 09:29:00-04:00,2019-08-13 09:35:00-04:00,2019-08-13 09:36:00-04:00,S,7580.5,7593.5,7593.25,12.75,-28.0,-1.0980392156862746,SL,1,em1u.0800|R|2019-08-13|em1u
2019-08-15 13:59:00-04:00,2019-08-15 14:46:00-04:00,2019-08-15 15:00:00-04:00,S,7484.5,7499.0,7498.75,14.25,-31.0,-1.087719298245614,SL,1,em1u.1400|R|2019-08-15|em1u
2019-08-16 09:59:00-04:00,2019-08-16 10:46:00-04:00,2019-08-16 10:58:00-04:00,S,7608.5,7623.0,7622.75,14.25,-31.0,-1.087719298245614,SL,1,em1u.1000|R|2019-08-16|em1u
2019-08-20 09:59:00-04:00,2019-08-20 11:03:00-04:00,2019-08-20 14:07:00-04:00,S,7730.5,7690.5,7744.25,13.75,78.0,2.8363636363636364,TP,1,em1u.1000|R|2019-08-20|em1u
2019-08-21 09:29:00-04:00,2019-08-21 09:41:00-04:00,2019-08-21 14:00:00-04:00,S,7759.5,7721.0,7772.75,13.25,75.0,2.830188679245283,TP,1,em1u.0800|R|2019-08-21|em1u
2019-08-22 11:59:00-04:00,2019-08-22 13:20:00-04:00,2019-08-22 13:24:00-04:00,S,7715.0,7728.25,7728.0,13.0,-28.5,-1.0961538461538463,SL,1,em1u.1200|R|2019-08-22|em1u
2019-08-23 09:59:00-04:00,2019-08-23 10:02:00-04:00,2019-08-23 10:10:00-04:00,S,7685.5,7647.75,7698.5,13.0,73.5,2.826923076923077,TP,1,em1u.1000|R|2019-08-23|em1u
2019-08-27 09:29:00-04:00,2019-08-27 09:48:00-04:00,2019-08-27 11:09:00-04:00,S,7642.5,7600.25,7657.0,14.5,82.5,2.8448275862068964,TP,1,em1u.0800|R|2019-08-27|em1u
2019-08-28 09:59:00-04:00,2019-08-28 11:23:00-04:00,2019-08-28 11:53:00-04:00,S,7584.0,7598.5,7598.25,14.25,-31.0,-1.087719298245614,SL,1,em1u.1000|R|2019-08-28|em1u
2019-08-29 09:29:00-04:00,2019-08-29 09:54:00-04:00,2019-08-29 10:37:00-04:00,S,7724.25,7684.25,7738.0,13.75,78.0,2.8363636363636364,TP,1,em1u.0800|R|2019-08-29|em1u
2019-09-03 09:29:00-04:00,2019-09-03 09:35:00-04:00,2019-09-03 09:51:00-04:00,S,7659.5,7673.0,7672.75,13.25,-29.0,-1.0943396226415094,SL,1,em1u.0800|R|2019-09-03|em1u
2019-09-05 09:29:00-04:00,2019-09-05 09:45:00-04:00,2019-09-05 10:00:00-04:00,S,7837.75,7850.75,7850.5,12.75,-28.0,-1.0980392156862746,SL,1,em1u.0800|R|2019-09-05|em1u
2019-09-05 09:59:00-04:00,2019-09-05 10:18:00-04:00,2019-09-05 13:07:00-04:00,S,7878.0,7841.0,7890.75,12.75,72.0,2.823529411764706,TP,1,em1u.1000|R|2019-09-05|em1u
2019-09-10 09:59:00-04:00,2019-09-10 11:51:00-04:00,2019-09-10 12:22:00-04:00,S,7787.75,7799.75,7799.5,11.75,-26.0,-1.1063829787234043,SL,1,em1u.1000|R|2019-09-10|em1u
2019-09-10 11:59:00-04:00,2019-09-10 12:49:00-04:00,2019-09-10 14:06:00-04:00,S,7807.5,7773.5,7819.25,11.75,66.0,2.8085106382978724,TP,1,em1u.1200|R|2019-09-10|em1u
2019-09-11 09:59:00-04:00,2019-09-11 11:31:00-04:00,2019-09-11 12:04:00-04:00,S,7872.75,7884.75,7884.5,11.75,-26.0,-1.1063829787234043,SL,1,em1u.1000|R|2019-09-11|em1u
2019-09-12 09:59:00-04:00,2019-09-12 10:10:00-04:00,2019-09-12 10:10:00-04:00,S,7956.5,7968.25,7968.0,11.5,-25.5,-1.108695652173913,SL,1,em1u.1000|R|2019-09-12|em1u
2019-09-20 13:59:00-04:00,2019-09-20 14:31:00-04:00,2019-09-20 15:59:00-04:00,S,7866.25,7839.25,7876.5,10.25,52.0,2.5365853658536586,time,1,em1u.1400|R|2019-09-20|em1u
2019-09-24 13:59:00-04:00,2019-09-24 14:12:00-04:00,2019-09-24 14:13:00-04:00,S,7741.75,7752.25,7752.0,10.25,-23.0,-1.1219512195121952,SL,1,em1u.1400|R|2019-09-24|em1u
2019-09-25 09:59:00-04:00,2019-09-25 10:30:00-04:00,2019-09-25 10:31:00-04:00,S,7719.5,7730.25,7730.0,10.5,-23.5,-1.119047619047619,SL,1,em1u.1000|R|2019-09-25|em1u
2019-09-25 11:59:00-04:00,2019-09-25 12:56:00-04:00,2019-09-25 13:54:00-04:00,S,7773.25,7784.0,7783.75,10.5,-23.5,-1.119047619047619,SL,1,em1u.1200|R|2019-09-25|em1u
2019-09-25 13:59:00-04:00,2019-09-25 14:40:00-04:00,2019-09-25 14:48:00-04:00,S,7802.75,7813.5,7813.25,10.5,-23.5,-1.119047619047619,SL,1,em1u.1400|R|2019-09-25|em1u
2019-09-26 09:59:00-04:00,2019-09-26 10:49:00-04:00,2019-09-26 11:00:00-04:00,S,7795.25,7763.5,7806.25,11.0,61.5,2.7954545454545454,TP,1,em1u.1000|R|2019-09-26|em1u
2019-09-26 11:59:00-04:00,2019-09-26 12:26:00-04:00,2019-09-26 14:00:00-04:00,S,7775.0,7786.25,7786.0,11.0,-24.5,-1.1136363636363635,SL,1,em1u.1200|R|2019-09-26|em1u
2019-09-27 09:59:00-04:00,2019-09-27 10:48:00-04:00,2019-09-27 11:15:00-04:00,S,7782.75,7793.75,7793.5,10.75,-24.0,-1.1162790697674418,SL,1,em1u.1000|R|2019-09-27|em1u
2019-09-30 09:59:00-04:00,2019-09-30 11:30:00-04:00,2019-09-30 12:24:00-04:00,S,7755.5,7766.75,7766.5,11.0,-24.5,-1.1136363636363635,SL,1,em1u.1000|R|2019-09-30|em1u
2019-09-30 11:59:00-04:00,2019-09-30 12:31:00-04:00,2019-09-30 15:59:00-04:00,S,7775.75,7768.0,7786.75,11.0,13.5,0.6136363636363636,time,1,em1u.1200|R|2019-09-30|em1u
2019-10-01 09:29:00-04:00,2019-10-01 09:32:00-04:00,2019-10-01 09:36:00-04:00,S,7814.0,7825.0,7824.75,10.75,-24.0,-1.1162790697674418,SL,1,em1u.0800|R|2019-10-01|em1u
2019-10-01 13:59:00-04:00,2019-10-01 14:32:00-04:00,2019-10-01 14:46:00-04:00,S,7720.25,7731.25,7731.0,10.75,-24.0,-1.1162790697674418,SL,1,em1u.1400|R|2019-10-01|em1u
2019-10-02 13:59:00-04:00,2019-10-02 14:23:00-04:00,2019-10-02 14:46:00-04:00,S,7564.0,7575.0,7574.75,10.75,-24.0,-1.1162790697674418,SL,1,em1u.1400|R|2019-10-02|em1u
2019-10-03 09:29:00-04:00,2019-10-03 09:32:00-04:00,2019-10-03 09:36:00-04:00,S,7574.5,7586.0,7585.75,11.25,-25.0,-1.1111111111111112,SL,1,em1u.0800|R|2019-10-03|em1u
2019-10-03 09:59:00-04:00,2019-10-03 11:07:00-04:00,2019-10-03 11:08:00-04:00,S,7591.75,7603.25,7603.0,11.25,-25.0,-1.1111111111111112,SL,1,em1u.1000|R|2019-10-03|em1u
2019-10-03 11:59:00-04:00,2019-10-03 12:14:00-04:00,2019-10-03 12:29:00-04:00,S,7610.25,7621.75,7621.5,11.25,-25.0,-1.1111111111111112,SL,1,em1u.1200|R|2019-10-03|em1u
2019-10-04 09:59:00-04:00,2019-10-04 11:51:00-04:00,2019-10-04 14:36:00-04:00,S,7744.5,7756.25,7756.0,11.5,-25.5,-1.108695652173913,SL,1,em1u.1000|R|2019-10-04|em1u
2019-10-07 09:59:00-04:00,2019-10-07 10:55:00-04:00,2019-10-07 11:00:00-04:00,S,7766.25,7778.25,7778.0,11.75,-26.0,-1.1063829787234043,SL,1,em1u.1000|R|2019-10-07|em1u
2019-10-08 09:59:00-04:00,2019-10-08 11:16:00-04:00,2019-10-08 11:33:00-04:00,S,7671.75,7638.5,7683.25,11.5,64.5,2.8043478260869565,TP,1,em1u.1000|R|2019-10-08|em1u
2019-10-08 11:59:00-04:00,2019-10-08 12:45:00-04:00,2019-10-08 12:45:00-04:00,S,7680.0,7691.75,7691.5,11.5,-25.5,-1.108695652173913,SL,1,em1u.1200|R|2019-10-08|em1u
2019-10-08 13:59:00-04:00,2019-10-08 14:37:00-04:00,2019-10-08 14:49:00-04:00,S,7708.75,7720.5,7720.25,11.5,-25.5,-1.108695652173913,SL,1,em1u.1400|R|2019-10-08|em1u
2019-10-09 09:59:00-04:00,2019-10-09 11:46:00-04:00,2019-10-09 13:00:00-04:00,S,7699.5,7711.25,7711.0,11.5,-25.5,-1.108695652173913,SL,1,em1u.1000|R|2019-10-09|em1u
2019-10-10 09:29:00-04:00,2019-10-10 09:35:00-04:00,2019-10-10 09:49:00-04:00,S,7713.0,7724.75,7724.5,11.5,-25.5,-1.108695652173913,SL,1,em1u.0800|R|2019-10-10|em1u
2019-10-10 09:59:00-04:00,2019-10-10 11:19:00-04:00,2019-10-10 12:25:00-04:00,S,7785.25,7752.0,7796.75,11.5,64.5,2.8043478260869565,TP,1,em1u.1000|R|2019-10-10|em1u
2019-10-11 09:29:00-04:00,2019-10-11 09:49:00-04:00,2019-10-11 10:14:00-04:00,S,7875.5,7887.75,7887.5,12.0,-26.5,-1.1041666666666667,SL,1,em1u.0800|R|2019-10-11|em1u
2019-10-11 09:59:00-04:00,2019-10-11 11:31:00-04:00,2019-10-11 12:32:00-04:00,S,7902.25,7867.5,7914.25,12.0,67.5,2.8125,TP,1,em1u.1000|R|2019-10-11|em1u
2019-10-15 09:59:00-04:00,2019-10-15 10:27:00-04:00,2019-10-15 10:35:00-04:00,S,7923.0,7934.75,7934.5,11.5,-25.5,-1.108695652173913,SL,1,em1u.1000|R|2019-10-15|em1u
2019-10-16 09:59:00-04:00,2019-10-16 11:01:00-04:00,2019-10-16 13:14:00-04:00,S,7948.0,7914.75,7959.5,11.5,64.5,2.8043478260869565,TP,1,em1u.1000|R|2019-10-16|em1u
2019-10-18 11:59:00-04:00,2019-10-18 13:46:00-04:00,2019-10-18 15:06:00-04:00,S,7890.25,7901.0,7900.75,10.5,-23.5,-1.119047619047619,SL,1,em1u.1200|R|2019-10-18|em1u
2019-10-21 09:29:00-04:00,2019-10-21 09:36:00-04:00,2019-10-21 10:05:00-04:00,S,7930.75,7900.5,7941.25,10.5,58.5,2.7857142857142856,TP,1,em1u.0800|R|2019-10-21|em1u
2019-10-21 09:59:00-04:00,2019-10-21 10:40:00-04:00,2019-10-21 12:50:00-04:00,S,7931.75,7942.5,7942.25,10.5,-23.5,-1.119047619047619,SL,1,em1u.1000|R|2019-10-21|em1u
2019-10-23 09:29:00-04:00,2019-10-23 09:30:00-04:00,2019-10-23 09:44:00-04:00,S,7871.75,7882.5,7882.25,10.5,-23.5,-1.119047619047619,SL,1,em1u.0800|R|2019-10-23|em1u
2019-10-24 09:59:00-04:00,2019-10-24 11:05:00-04:00,2019-10-24 11:29:00-04:00,S,7949.75,7960.25,7960.0,10.25,-23.0,-1.1219512195121952,SL,1,em1u.1000|R|2019-10-24|em1u
2019-10-25 09:29:00-04:00,2019-10-25 09:35:00-04:00,2019-10-25 09:50:00-04:00,S,7953.5,7963.75,7963.5,10.0,-22.5,-1.125,SL,1,em1u.0800|R|2019-10-25|em1u
2019-10-25 09:59:00-04:00,2019-10-25 10:21:00-04:00,2019-10-25 10:24:00-04:00,S,7982.25,7992.5,7992.25,10.0,-22.5,-1.125,SL,1,em1u.1000|R|2019-10-25|em1u
2019-10-28 09:29:00-04:00,2019-10-28 09:30:00-04:00,2019-10-28 09:33:00-04:00,S,8081.5,8091.75,8091.5,10.0,-22.5,-1.125,SL,1,em1u.0800|R|2019-10-28|em1u
2019-10-28 09:59:00-04:00,2019-10-28 10:33:00-04:00,2019-10-28 12:29:00-04:00,S,8109.25,8119.5,8119.25,10.0,-22.5,-1.125,SL,1,em1u.1000|R|2019-10-28|em1u
2019-10-29 09:29:00-04:00,2019-10-29 09:30:00-04:00,2019-10-29 10:05:00-04:00,S,8109.25,8081.25,8119.0,9.75,54.0,2.769230769230769,TP,1,em1u.0800|R|2019-10-29|em1u
2019-10-29 11:59:00-04:00,2019-10-29 12:17:00-04:00,2019-10-29 12:30:00-04:00,S,8077.5,8087.5,8087.25,9.75,-22.0,-1.1282051282051282,SL,1,em1u.1200|R|2019-10-29|em1u
2019-10-30 13:59:00-04:00,2019-10-30 14:10:00-04:00,2019-10-30 14:15:00-04:00,S,8051.75,8061.5,8061.25,9.5,-21.5,-1.131578947368421,SL,1,em1u.1400|R|2019-10-30|em1u
2019-11-01 09:59:00-04:00,2019-11-01 10:03:00-04:00,2019-11-01 12:06:00-04:00,S,8157.0,8129.75,8166.5,9.5,52.5,2.763157894736842,TP,1,em1u.1000|R|2019-11-01|em1u
2019-11-04 11:59:00-05:00,2019-11-04 13:27:00-05:00,2019-11-04 15:59:00-05:00,S,8220.5,8214.0,8229.75,9.25,11.0,0.5945945945945946,time,1,em1u.1200|R|2019-11-04|em1u
2019-11-06 11:59:00-05:00,2019-11-06 13:17:00-05:00,2019-11-06 13:57:00-05:00,S,8188.25,8197.25,8197.0,8.75,-20.0,-1.1428571428571428,SL,1,em1u.1200|R|2019-11-06|em1u
2019-11-07 09:59:00-05:00,2019-11-07 10:40:00-05:00,2019-11-07 11:59:00-05:00,S,8270.5,8279.25,8279.0,8.5,-19.5,-1.1470588235294117,SL,1,em1u.1000|R|2019-11-07|em1u
2019-11-08 09:29:00-05:00,2019-11-08 09:43:00-05:00,2019-11-08 09:59:00-05:00,S,8232.25,8208.0,8240.75,8.5,46.5,2.735294117647059,TP,1,em1u.0800|R|2019-11-08|em1u
2019-11-08 09:59:00-05:00,2019-11-08 10:25:00-05:00,2019-11-08 10:43:00-05:00,S,8222.5,8231.25,8231.0,8.5,-19.5,-1.1470588235294117,SL,1,em1u.1000|R|2019-11-08|em1u
2019-11-12 09:59:00-05:00,2019-11-12 10:37:00-05:00,2019-11-12 11:19:00-05:00,S,8288.0,8296.25,8296.0,8.0,-18.5,-1.15625,SL,1,em1u.1000|R|2019-11-12|em1u
2019-11-13 09:29:00-05:00,2019-11-13 09:35:00-05:00,2019-11-13 09:36:00-05:00,S,8255.25,8263.25,8263.0,7.75,-18.0,-1.1612903225806452,SL,1,em1u.0800|R|2019-11-13|em1u
2019-11-13 09:59:00-05:00,2019-11-13 10:39:00-05:00,2019-11-13 11:51:00-05:00,S,8270.5,8278.5,8278.25,7.75,-18.0,-1.1612903225806452,SL,1,em1u.1000|R|2019-11-13|em1u
2019-11-14 11:59:00-05:00,2019-11-14 12:31:00-05:00,2019-11-14 12:42:00-05:00,S,8239.5,8247.5,8247.25,7.75,-18.0,-1.1612903225806452,SL,1,em1u.1200|R|2019-11-14|em1u
2019-11-15 09:59:00-05:00,2019-11-15 10:16:00-05:00,2019-11-15 10:22:00-05:00,S,8305.0,8312.75,8312.5,7.5,-17.5,-1.1666666666666667,SL,1,em1u.1000|R|2019-11-15|em1u
2019-11-18 09:59:00-05:00,2019-11-18 10:50:00-05:00,2019-11-18 11:34:00-05:00,S,8310.75,8318.25,8318.0,7.25,-17.0,-1.1724137931034482,SL,1,em1u.1000|R|2019-11-18|em1u
2019-11-19 09:59:00-05:00,2019-11-19 11:39:00-05:00,2019-11-19 14:28:00-05:00,S,8355.5,8363.0,8362.75,7.25,-17.0,-1.1724137931034482,SL,1,em1u.1000|R|2019-11-19|em1u
2019-11-19 13:59:00-05:00,2019-11-19 14:27:00-05:00,2019-11-19 15:50:00-05:00,S,8362.25,8341.75,8369.5,7.25,39.0,2.689655172413793,TP,1,em1u.1400|R|2019-11-19|em1u
2019-11-20 09:59:00-05:00,2019-11-20 10:53:00-05:00,2019-11-20 11:32:00-05:00,S,8347.25,8326.75,8354.5,7.25,39.0,2.689655172413793,TP,1,em1u.1000|R|2019-11-20|em1u
2019-11-20 13:59:00-05:00,2019-11-20 14:33:00-05:00,2019-11-20 15:55:00-05:00,S,8281.75,8289.25,8289.0,7.25,-17.0,-1.1724137931034482,SL,1,em1u.1400|R|2019-11-20|em1u
2019-11-21 11:59:00-05:00,2019-11-21 12:33:00-05:00,2019-11-21 13:03:00-05:00,S,8266.25,8274.0,8273.75,7.5,-17.5,-1.1666666666666667,SL,1,em1u.1200|R|2019-11-21|em1u
2019-11-21 13:59:00-05:00,2019-11-21 14:34:00-05:00,2019-11-21 15:50:00-05:00,S,8285.75,8264.5,8293.25,7.5,40.5,2.7,TP,1,em1u.1400|R|2019-11-21|em1u
2019-11-22 11:59:00-05:00,2019-11-22 13:09:00-05:00,2019-11-22 15:59:00-05:00,S,8275.5,8278.0,8282.75,7.25,-7.0,-0.4827586206896552,time,1,em1u.1200|R|2019-11-22|em1u
2019-11-25 09:29:00-05:00,2019-11-25 09:30:00-05:00,2019-11-25 09:31:00-05:00,S,8321.0,8328.5,8328.25,7.25,-17.0,-1.1724137931034482,SL,1,em1u.0800|R|2019-11-25|em1u
2019-11-25 09:59:00-05:00,2019-11-25 10:39:00-05:00,2019-11-25 15:54:00-05:00,S,8367.25,8374.75,8374.5,7.25,-17.0,-1.1724137931034482,SL,1,em1u.1000|R|2019-11-25|em1u
2019-11-27 09:59:00-05:00,2019-11-27 11:00:00-05:00,2019-11-27 12:05:00-05:00,S,8432.0,8439.25,8439.0,7.0,-16.5,-1.1785714285714286,SL,1,em1u.1000|R|2019-11-27|em1u
2019-12-03 09:59:00-05:00,2019-12-03 10:19:00-05:00,2019-12-03 10:48:00-05:00,S,8218.75,8199.0,8225.75,7.0,37.5,2.6785714285714284,TP,1,em1u.1000|R|2019-12-03|em1u
2019-12-03 11:59:00-05:00,2019-12-03 13:03:00-05:00,2019-12-03 13:28:00-05:00,S,8221.25,8228.5,8228.25,7.0,-16.5,-1.1785714285714286,SL,1,em1u.1200|R|2019-12-03|em1u
2019-12-09 09:29:00-05:00,2019-12-09 09:37:00-05:00,2019-12-09 09:40:00-05:00,S,8409.5,8417.25,8417.0,7.5,-17.5,-1.1666666666666667,SL,1,em1u.0800|R|2019-12-09|em1u
2019-12-10 09:59:00-05:00,2019-12-10 10:14:00-05:00,2019-12-10 10:23:00-05:00,S,8380.0,8387.75,8387.5,7.5,-17.5,-1.1666666666666667,SL,1,em1u.1000|R|2019-12-10|em1u
2019-12-11 13:59:00-05:00,2019-12-11 14:23:00-05:00,2019-12-11 14:59:00-05:00,S,8400.0,8407.75,8407.5,7.5,-17.5,-1.1666666666666667,SL,1,em1u.1400|R|2019-12-11|em1u
2019-12-12 09:29:00-05:00,2019-12-12 09:36:00-05:00,2019-12-12 09:37:00-05:00,S,8420.5,8428.25,8428.0,7.5,-17.5,-1.1666666666666667,SL,1,em1u.0800|R|2019-12-12|em1u
2019-12-12 09:59:00-05:00,2019-12-12 10:03:00-05:00,2019-12-12 10:05:00-05:00,S,8482.75,8490.5,8490.25,7.5,-17.5,-1.1666666666666667,SL,1,em1u.1000|R|2019-12-12|em1u
2019-12-12 13:59:00-05:00,2019-12-12 14:30:00-05:00,2019-12-12 14:31:00-05:00,S,8458.75,8466.5,8466.25,7.5,-17.5,-1.1666666666666667,SL,1,em1u.1400|R|2019-12-12|em1u
2019-12-13 09:59:00-05:00,2019-12-13 10:02:00-05:00,2019-12-13 10:02:00-05:00,S,8500.25,8508.0,8507.75,7.5,-17.5,-1.1666666666666667,SL,1,em1u.1000|R|2019-12-13|em1u
2019-12-18 09:59:00-05:00,2019-12-18 11:16:00-05:00,2019-12-18 11:42:00-05:00,S,8631.75,8639.5,8639.25,7.5,-17.5,-1.1666666666666667,SL,1,em1u.1000|R|2019-12-18|em1u
2019-12-19 09:29:00-05:00,2019-12-19 09:31:00-05:00,2019-12-19 10:29:00-05:00,S,8631.0,8638.5,8638.25,7.25,-17.0,-1.1724137931034482,SL,1,em1u.0800|R|2019-12-19|em1u
2019-12-19 09:59:00-05:00,2019-12-19 11:23:00-05:00,2019-12-19 11:33:00-05:00,S,8648.75,8656.25,8656.0,7.25,-17.0,-1.1724137931034482,SL,1,em1u.1000|R|2019-12-19|em1u
2019-12-20 09:59:00-05:00,2019-12-20 11:09:00-05:00,2019-12-20 12:43:00-05:00,S,8704.75,8712.0,8711.75,7.0,-16.5,-1.1785714285714286,SL,1,em1u.1000|R|2019-12-20|em1u
2019-12-26 09:29:00-05:00,2019-12-26 09:45:00-05:00,2019-12-26 10:06:00-05:00,S,8756.25,8762.75,8762.5,6.25,-15.0,-1.2,SL,1,em1u.0800|R|2019-12-26|em1u
2019-12-26 09:59:00-05:00,2019-12-26 11:02:00-05:00,2019-12-26 11:57:00-05:00,S,8772.5,8779.0,8778.75,6.25,-15.0,-1.2,SL,1,em1u.1000|R|2019-12-26|em1u
2019-12-27 09:59:00-05:00,2019-12-27 10:12:00-05:00,2019-12-27 10:19:00-05:00,S,8797.5,8804.25,8804.0,6.5,-15.5,-1.1923076923076923,SL,1,em1u.1000|R|2019-12-27|em1u
2019-12-30 09:59:00-05:00,2019-12-30 11:17:00-05:00,2019-12-30 11:22:00-05:00,S,8727.75,8734.25,8734.0,6.25,-15.0,-1.2,SL,1,em1u.1000|R|2019-12-30|em1u
2019-12-30 11:59:00-05:00,2019-12-30 12:31:00-05:00,2019-12-30 14:25:00-05:00,S,8750.0,8732.5,8756.25,6.25,33.0,2.64,TP,1,em1u.1200|R|2019-12-30|em1u
2019-12-31 09:29:00-05:00,2019-12-31 09:35:00-05:00,2019-12-31 09:36:00-05:00,S,8731.5,8738.25,8738.0,6.5,-15.5,-1.1923076923076923,SL,1,em1u.0800|R|2019-12-31|em1u
2020-01-02 09:29:00-05:00,2020-01-02 09:33:00-05:00,2020-01-02 09:34:00-05:00,S,8830.25,8837.0,8836.75,6.5,-15.5,-1.1923076923076923,SL,1,em1u.0800|R|2020-01-02|em1u
2020-01-02 11:59:00-05:00,2020-01-02 12:39:00-05:00,2020-01-02 14:04:00-05:00,S,8842.0,8848.75,8848.5,6.5,-15.5,-1.1923076923076923,SL,1,em1u.1200|R|2020-01-02|em1u
2020-01-02 13:59:00-05:00,2020-01-02 14:22:00-05:00,2020-01-02 14:51:00-05:00,S,8856.5,8863.25,8863.0,6.5,-15.5,-1.1923076923076923,SL,1,em1u.1400|R|2020-01-02|em1u
2020-01-03 09:29:00-05:00,2020-01-03 09:30:00-05:00,2020-01-03 09:31:00-05:00,S,8789.5,8796.75,8796.5,7.0,-16.5,-1.1785714285714286,SL,1,em1u.0800|R|2020-01-03|em1u
2020-01-03 11:59:00-05:00,2020-01-03 12:05:00-05:00,2020-01-03 12:41:00-05:00,S,8849.0,8856.25,8856.0,7.0,-16.5,-1.1785714285714286,SL,1,em1u.1200|R|2020-01-03|em1u
2020-01-06 09:29:00-05:00,2020-01-06 09:46:00-05:00,2020-01-06 09:47:00-05:00,S,8777.25,8785.0,8784.75,7.5,-17.5,-1.1666666666666667,SL,1,em1u.0800|R|2020-01-06|em1u
2020-01-06 09:59:00-05:00,2020-01-06 10:21:00-05:00,2020-01-06 10:42:00-05:00,S,8813.75,8821.5,8821.25,7.5,-17.5,-1.1666666666666667,SL,1,em1u.1000|R|2020-01-06|em1u
2020-01-07 09:59:00-05:00,2020-01-07 10:21:00-05:00,2020-01-07 10:31:00-05:00,S,8874.25,8852.25,8882.0,7.75,42.0,2.7096774193548385,TP,1,em1u.1000|R|2020-01-07|em1u
2020-01-08 09:29:00-05:00,2020-01-08 09:55:00-05:00,2020-01-08 10:44:00-05:00,S,8895.5,8874.25,8903.0,7.5,40.5,2.7,TP,1,em1u.0800|R|2020-01-08|em1u
2020-01-08 09:59:00-05:00,2020-01-08 11:38:00-05:00,2020-01-08 11:38:00-05:00,S,8911.0,8918.75,8918.5,7.5,-17.5,-1.1666666666666667,SL,1,em1u.1000|R|2020-01-08|em1u
2020-01-13 09:29:00-05:00,2020-01-13 09:58:00-05:00,2020-01-13 11:28:00-05:00,S,9035.25,9044.0,9043.75,8.5,-19.5,-1.1470588235294117,SL,1,em1u.0800|R|2020-01-13|em1u
2020-01-13 09:59:00-05:00,2020-01-13 11:59:00-05:00,2020-01-13 12:04:00-05:00,S,9056.0,9064.75,9064.5,8.5,-19.5,-1.1470588235294117,SL,1,em1u.1000|R|2020-01-13|em1u
2020-01-14 09:59:00-05:00,2020-01-14 10:08:00-05:00,2020-01-14 10:31:00-05:00,S,9064.0,9073.0,9072.75,8.75,-20.0,-1.1428571428571428,SL,1,em1u.1000|R|2020-01-14|em1u
2020-01-16 09:29:00-05:00,2020-01-16 09:42:00-05:00,2020-01-16 10:56:00-05:00,S,9114.5,9091.0,9122.75,8.25,45.0,2.727272727272727,TP,1,em1u.0800|R|2020-01-16|em1u
2020-01-21 09:29:00-05:00,2020-01-21 09:30:00-05:00,2020-01-21 09:32:00-05:00,S,9160.5,9168.25,9168.0,7.5,-17.5,-1.1666666666666667,SL,1,em1u.0800|R|2020-01-21|em1u
2020-01-21 09:59:00-05:00,2020-01-21 11:17:00-05:00,2020-01-21 11:40:00-05:00,S,9190.0,9197.75,9197.5,7.5,-17.5,-1.1666666666666667,SL,1,em1u.1000|R|2020-01-21|em1u
2020-01-23 09:59:00-05:00,2020-01-23 10:29:00-05:00,2020-01-23 10:31:00-05:00,S,9206.25,9214.0,9213.75,7.5,-17.5,-1.1666666666666667,SL,1,em1u.1000|R|2020-01-23|em1u
2020-01-23 11:59:00-05:00,2020-01-23 13:25:00-05:00,2020-01-23 14:02:00-05:00,S,9209.25,9217.0,9216.75,7.5,-17.5,-1.1666666666666667,SL,1,em1u.1200|R|2020-01-23|em1u
2020-01-27 11:59:00-05:00,2020-01-27 12:16:00-05:00,2020-01-27 12:21:00-05:00,S,8997.0,9005.25,9005.0,8.0,-18.5,-1.15625,SL,1,em1u.1200|R|2020-01-27|em1u
2020-01-28 09:59:00-05:00,2020-01-28 10:24:00-05:00,2020-01-28 10:24:00-05:00,S,9039.5,9048.5,9048.25,8.75,-20.0,-1.1428571428571428,SL,1,em1u.1000|R|2020-01-28|em1u
2020-01-29 09:59:00-05:00,2020-01-29 11:59:00-05:00,2020-01-29 12:51:00-05:00,S,9127.75,9137.25,9137.0,9.25,-21.0,-1.135135135135135,SL,1,em1u.1000|R|2020-01-29|em1u
2020-01-30 09:29:00-05:00,2020-01-30 09:31:00-05:00,2020-01-30 09:31:00-05:00,S,9059.5,9068.75,9068.5,9.0,-20.5,-1.1388888888888888,SL,1,em1u.0800|R|2020-01-30|em1u
2020-01-30 09:59:00-05:00,2020-01-30 10:11:00-05:00,2020-01-30 10:17:00-05:00,S,9108.75,9083.0,9117.75,9.0,49.5,2.75,TP,1,em1u.1000|R|2020-01-30|em1u
2020-01-30 13:59:00-05:00,2020-01-30 14:19:00-05:00,2020-01-30 14:42:00-05:00,S,9081.5,9090.75,9090.5,9.0,-20.5,-1.1388888888888888,SL,1,em1u.1400|R|2020-01-30|em1u
2020-02-03 09:29:00-05:00,2020-02-03 09:35:00-05:00,2020-02-03 09:35:00-05:00,S,9071.0,9082.0,9081.75,10.75,-24.0,-1.1162790697674418,SL,1,em1u.0800|R|2020-02-03|em1u
2020-02-03 09:59:00-05:00,2020-02-03 10:30:00-05:00,2020-02-03 10:54:00-05:00,S,9154.75,9123.75,9165.5,10.75,60.0,2.7906976744186047,TP,1,em1u.1000|R|2020-02-03|em1u
2020-02-04 09:59:00-05:00,2020-02-04 11:11:00-05:00,2020-02-04 11:24:00-05:00,S,9296.25,9307.5,9307.25,11.0,-24.5,-1.1136363636363635,SL,1,em1u.1000|R|2020-02-04|em1u
2020-02-05 13:59:00-05:00,2020-02-05 15:00:00-05:00,2020-02-05 15:04:00-05:00,S,9387.5,9399.75,9399.5,12.0,-26.5,-1.1041666666666667,SL,1,em1u.1400|R|2020-02-05|em1u
2020-02-07 09:59:00-05:00,2020-02-07 10:43:00-05:00,2020-02-07 11:20:00-05:00,S,9432.0,9444.0,9443.75,11.75,-26.0,-1.1063829787234043,SL,1,em1u.1000|R|2020-02-07|em1u
2020-02-10 09:29:00-05:00,2020-02-10 09:56:00-05:00,2020-02-10 10:09:00-05:00,S,9442.25,9453.75,9453.5,11.25,-25.0,-1.1111111111111112,SL,1,em1u.0800|R|2020-02-10|em1u
2020-02-10 09:59:00-05:00,2020-02-10 11:46:00-05:00,2020-02-10 14:59:00-05:00,S,9479.5,9491.0,9490.75,11.25,-25.0,-1.1111111111111112,SL,1,em1u.1000|R|2020-02-10|em1u
2020-02-11 09:59:00-05:00,2020-02-11 10:15:00-05:00,2020-02-11 10:30:00-05:00,S,9589.0,9601.0,9600.75,11.75,-26.0,-1.1063829787234043,SL,1,em1u.1000|R|2020-02-11|em1u
2020-02-11 11:59:00-05:00,2020-02-11 13:08:00-05:00,2020-02-11 13:53:00-05:00,S,9591.25,9557.25,9603.0,11.75,66.0,2.8085106382978724,TP,1,em1u.1200|R|2020-02-11|em1u
2020-02-12 09:29:00-05:00,2020-02-12 09:34:00-05:00,2020-02-12 09:52:00-05:00,S,9600.5,9567.25,9612.0,11.5,64.5,2.8043478260869565,TP,1,em1u.0800|R|2020-02-12|em1u
2020-02-13 09:29:00-05:00,2020-02-13 09:32:00-05:00,2020-02-13 09:54:00-05:00,S,9576.0,9587.5,9587.25,11.25,-25.0,-1.1111111111111112,SL,1,em1u.0800|R|2020-02-13|em1u
2020-02-13 09:59:00-05:00,2020-02-13 10:49:00-05:00,2020-02-13 11:01:00-05:00,S,9601.5,9613.0,9612.75,11.25,-25.0,-1.1111111111111112,SL,1,em1u.1000|R|2020-02-13|em1u
2020-02-14 09:59:00-05:00,2020-02-14 11:06:00-05:00,2020-02-14 12:21:00-05:00,S,9638.75,9606.25,9650.0,11.25,63.0,2.8,TP,1,em1u.1000|R|2020-02-14|em1u
2020-02-18 09:29:00-05:00,2020-02-18 09:31:00-05:00,2020-02-18 09:33:00-05:00,S,9596.25,9607.0,9606.75,10.5,-23.5,-1.119047619047619,SL,1,em1u.0800|R|2020-02-18|em1u
2020-02-18 11:59:00-05:00,2020-02-18 12:34:00-05:00,2020-02-18 13:04:00-05:00,S,9607.5,9618.25,9618.0,10.5,-23.5,-1.119047619047619,SL,1,em1u.1200|R|2020-02-18|em1u
2020-02-18 13:59:00-05:00,2020-02-18 14:42:00-05:00,2020-02-18 15:11:00-05:00,S,9641.75,9652.5,9652.25,10.5,-23.5,-1.119047619047619,SL,1,em1u.1400|R|2020-02-18|em1u
2020-02-19 09:29:00-05:00,2020-02-19 09:41:00-05:00,2020-02-19 10:20:00-05:00,S,9710.0,9720.75,9720.5,10.5,-23.5,-1.119047619047619,SL,1,em1u.0800|R|2020-02-19|em1u
2020-02-19 09:59:00-05:00,2020-02-19 11:23:00-05:00,2020-02-19 14:44:00-05:00,S,9736.5,9747.25,9747.0,10.5,-23.5,-1.119047619047619,SL,1,em1u.1000|R|2020-02-19|em1u
2020-02-20 11:59:00-05:00,2020-02-20 13:12:00-05:00,2020-02-20 14:10:00-05:00,S,9608.0,9618.5,9618.25,10.25,-23.0,-1.1219512195121952,SL,1,em1u.1200|R|2020-02-20|em1u
2020-02-20 13:59:00-05:00,2020-02-20 14:05:00-05:00,2020-02-20 14:10:00-05:00,S,9613.5,9624.0,9623.75,10.25,-23.0,-1.1219512195121952,SL,1,em1u.1400|R|2020-02-20|em1u
2020-02-24 13:59:00-05:00,2020-02-24 14:39:00-05:00,2020-02-24 14:46:00-05:00,S,9133.75,9145.5,9145.25,11.5,-25.5,-1.108695652173913,SL,1,em1u.1400|R|2020-02-24|em1u
2020-02-26 09:29:00-05:00,2020-02-26 09:30:00-05:00,2020-02-26 09:30:00-05:00,S,8905.5,8920.25,8920.0,14.5,-31.5,-1.0862068965517242,SL,1,em1u.0800|R|2020-02-26|em1u
2020-02-26 09:59:00-05:00,2020-02-26 10:20:00-05:00,2020-02-26 10:27:00-05:00,S,8993.75,9008.5,9008.25,14.5,-31.5,-1.0862068965517242,SL,1,em1u.1000|R|2020-02-26|em1u
2020-02-26 13:59:00-05:00,2020-02-26 14:06:00-05:00,2020-02-26 14:14:00-05:00,S,8882.25,8897.0,8896.75,14.5,-31.5,-1.0862068965517242,SL,1,em1u.1400|R|2020-02-26|em1u
2020-02-27 09:59:00-05:00,2020-02-27 11:08:00-05:00,2020-02-27 11:18:00-05:00,S,8713.75,8729.25,8729.0,15.25,-33.0,-1.0819672131147542,SL,1,em1u.1000|R|2020-02-27|em1u
2020-02-27 11:59:00-05:00,2020-02-27 12:14:00-05:00,2020-02-27 12:22:00-05:00,S,8745.75,8701.25,8761.0,15.25,87.0,2.8524590163934427,TP,1,em1u.1200|R|2020-02-27|em1u
2020-02-28 09:59:00-05:00,2020-02-28 10:16:00-05:00,2020-02-28 10:17:00-05:00,S,8238.25,8256.0,8255.75,17.5,-37.5,-1.0714285714285714,SL,1,em1u.1000|R|2020-02-28|em1u
2020-02-28 11:59:00-05:00,2020-02-28 12:33:00-05:00,2020-02-28 12:38:00-05:00,S,8409.25,8427.0,8426.75,17.5,-37.5,-1.0714285714285714,SL,1,em1u.1200|R|2020-02-28|em1u
2020-02-28 13:59:00-05:00,2020-02-28 14:30:00-05:00,2020-02-28 14:30:00-05:00,S,8336.25,8354.0,8353.75,17.5,-37.5,-1.0714285714285714,SL,1,em1u.1400|R|2020-02-28|em1u
2020-03-02 09:59:00-05:00,2020-03-02 10:52:00-05:00,2020-03-02 11:11:00-05:00,S,8587.25,8606.25,8606.0,18.75,-40.0,-1.0666666666666667,SL,1,em1u.1000|R|2020-03-02|em1u
2020-03-03 09:59:00-05:00,2020-03-03 10:00:00-05:00,2020-03-03 10:00:00-05:00,S,8858.75,8880.0,8879.75,21.0,-44.5,-1.0595238095238095,SL,1,em1u.1000|R|2020-03-03|em1u
2020-03-04 09:59:00-05:00,2020-03-04 10:22:00-05:00,2020-03-04 10:55:00-05:00,S,8782.25,8716.0,8804.75,22.5,130.5,2.9,TP,1,em1u.1000|R|2020-03-04|em1u
2020-03-04 11:59:00-05:00,2020-03-04 12:59:00-05:00,2020-03-04 13:04:00-05:00,S,8808.0,8830.75,8830.5,22.5,-47.5,-1.0555555555555556,SL,1,em1u.1200|R|2020-03-04|em1u
2020-03-05 09:59:00-05:00,2020-03-05 11:11:00-05:00,2020-03-05 11:13:00-05:00,S,8829.25,8852.75,8852.5,23.25,-49.0,-1.053763440860215,SL,1,em1u.1000|R|2020-03-05|em1u
2020-03-06 09:29:00-05:00,2020-03-06 09:38:00-05:00,2020-03-06 09:50:00-05:00,S,8457.75,8389.25,8481.0,23.25,135.0,2.903225806451613,TP,1,em1u.0800|R|2020-03-06|em1u
2020-03-06 09:59:00-05:00,2020-03-06 10:27:00-05:00,2020-03-06 10:30:00-05:00,S,8506.25,8529.75,8529.5,23.25,-49.0,-1.053763440860215,SL,1,em1u.1000|R|2020-03-06|em1u
2020-03-09 09:59:00-04:00,2020-03-09 10:16:00-04:00,2020-03-09 10:22:00-04:00,S,8163.5,8092.75,8187.5,24.0,139.5,2.90625,TP,1,em1u.1000|R|2020-03-09|em1u
2020-03-10 11:59:00-04:00,2020-03-10 12:11:00-04:00,2020-03-10 12:15:00-04:00,S,8101.5,8128.0,8127.75,26.25,-55.0,-1.0476190476190477,SL,1,em1u.1200|R|2020-03-10|em1u
2020-03-10 13:59:00-04:00,2020-03-10 14:41:00-04:00,2020-03-10 14:46:00-04:00,S,8153.75,8180.25,8180.0,26.25,-55.0,-1.0476190476190477,SL,1,em1u.1400|R|2020-03-10|em1u
2020-03-12 11:59:00-04:00,2020-03-12 12:54:00-04:00,2020-03-12 12:54:00-04:00,S,7502.0,7530.75,7530.5,28.5,-59.5,-1.043859649122807,SL,1,em1u.1200|R|2020-03-12|em1u
2020-03-13 09:24:00-04:00,2020-03-13 09:31:00-04:00,2020-03-13 09:34:00-04:00,S,7732.5,7637.75,7764.5,32.0,187.5,2.9296875,TP,1,em1u.0800|R|2020-03-13|em1u
2020-03-13 09:59:00-04:00,2020-03-13 10:19:00-04:00,2020-03-13 10:42:00-04:00,S,7618.25,7523.5,7650.25,32.0,187.5,2.9296875,TP,1,em1u.1000|R|2020-03-13|em1u
2020-03-13 11:59:00-04:00,2020-03-13 12:45:00-04:00,2020-03-13 13:28:00-04:00,S,7519.0,7551.25,7551.0,32.0,-66.5,-1.0390625,SL,1,em1u.1200|R|2020-03-13|em1u
2020-03-18 09:24:00-04:00,2020-03-18 09:53:00-04:00,2020-03-18 09:54:00-04:00,S,7183.75,7223.5,7223.25,39.5,-81.5,-1.0316455696202531,SL,1,em1u.0800|R|2020-03-18|em1u
2020-03-18 13:59:00-04:00,2020-03-18 14:56:00-04:00,2020-03-18 15:30:00-04:00,S,7011.0,6893.75,7050.5,39.5,232.5,2.9430379746835444,TP,1,em1u.1400|R|2020-03-18|em1u
2020-03-19 09:29:00-04:00,2020-03-19 09:59:00-04:00,2020-03-19 10:05:00-04:00,S,7210.5,7250.75,7250.5,40.0,-82.5,-1.03125,SL,1,em1u.0800|R|2020-03-19|em1u
2020-03-19 09:59:00-04:00,2020-03-19 10:14:00-04:00,2020-03-19 10:41:00-04:00,S,7355.25,7236.5,7395.25,40.0,235.5,2.94375,TP,1,em1u.1000|R|2020-03-19|em1u
2020-03-19 11:59:00-04:00,2020-03-19 13:55:00-04:00,2020-03-19 14:43:00-04:00,S,7452.75,7493.0,7492.75,40.0,-82.5,-1.03125,SL,1,em1u.1200|R|2020-03-19|em1u
2020-03-23 11:59:00-04:00,2020-03-23 12:41:00-04:00,2020-03-23 12:46:00-04:00,S,6986.25,7028.5,7028.25,42.0,-86.5,-1.0297619047619047,SL,1,em1u.1200|R|2020-03-23|em1u
2020-03-25 09:29:00-04:00,2020-03-25 09:35:00-04:00,2020-03-25 09:54:00-04:00,S,7624.75,7495.5,7668.25,43.5,256.5,2.9482758620689653,TP,1,em1u.0800|R|2020-03-25|em1u
2020-03-25 11:59:00-04:00,2020-03-25 13:07:00-04:00,2020-03-25 13:23:00-04:00,S,7647.5,7691.25,7691.0,43.5,-89.5,-1.028735632183908,SL,1,em1u.1200|R|2020-03-25|em1u
2020-03-31 09:59:00-04:00,2020-03-31 10:18:00-04:00,2020-03-31 12:38:00-04:00,S,7954.75,7830.75,7996.5,41.75,246.0,2.946107784431138,TP,1,em1u.1000|R|2020-03-31|em1u
2020-04-02 09:59:00-04:00,2020-04-02 10:35:00-04:00,2020-04-02 12:06:00-04:00,S,7579.25,7619.0,7618.75,39.5,-81.5,-1.0316455696202531,SL,1,em1u.1000|R|2020-04-02|em1u
2020-04-08 09:59:00-04:00,2020-04-08 11:20:00-04:00,2020-04-08 11:39:00-04:00,S,8151.75,8189.0,8188.75,37.0,-76.5,-1.0337837837837838,SL,1,em1u.1000|R|2020-04-08|em1u
2020-04-08 13:59:00-04:00,2020-04-08 14:40:00-04:00,2020-04-08 15:54:00-04:00,S,8204.0,8241.25,8241.0,37.0,-76.5,-1.0337837837837838,SL,1,em1u.1400|R|2020-04-08|em1u
2020-04-14 09:29:00-04:00,2020-04-14 09:43:00-04:00,2020-04-14 09:50:00-04:00,S,8531.0,8565.0,8564.75,33.75,-70.0,-1.037037037037037,SL,1,em1u.0800|R|2020-04-14|em1u
2020-04-14 11:59:00-04:00,2020-04-14 12:47:00-04:00,2020-04-14 13:52:00-04:00,S,8652.75,8686.75,8686.5,33.75,-70.0,-1.037037037037037,SL,1,em1u.1200|R|2020-04-14|em1u
2020-04-15 13:59:00-04:00,2020-04-15 14:57:00-04:00,2020-04-15 15:59:00-04:00,S,8640.0,8582.25,8673.5,33.5,113.5,1.6940298507462686,time,1,em1u.1400|R|2020-04-15|em1u
2020-04-16 09:59:00-04:00,2020-04-16 10:58:00-04:00,2020-04-16 11:19:00-04:00,S,8708.5,8741.25,8741.0,32.5,-67.5,-1.0384615384615385,SL,1,em1u.1000|R|2020-04-16|em1u
2020-04-20 09:29:00-04:00,2020-04-20 09:37:00-04:00,2020-04-20 10:45:00-04:00,S,8777.5,8809.25,8809.0,31.5,-65.5,-1.0396825396825398,SL,1,em1u.0800|R|2020-04-20|em1u
2020-04-20 09:59:00-04:00,2020-04-20 10:31:00-04:00,2020-04-20 11:06:00-04:00,S,8804.0,8835.75,8835.5,31.5,-65.5,-1.0396825396825398,SL,1,em1u.1000|R|2020-04-20|em1u
2020-04-21 11:59:00-04:00,2020-04-21 13:37:00-04:00,2020-04-21 14:14:00-04:00,S,8462.25,8492.5,8492.25,30.0,-62.5,-1.0416666666666667,SL,1,em1u.1200|R|2020-04-21|em1u
2020-04-21 13:59:00-04:00,2020-04-21 14:26:00-04:00,2020-04-21 14:45:00-04:00,S,8514.25,8425.5,8544.25,30.0,175.5,2.925,TP,1,em1u.1400|R|2020-04-21|em1u
2020-04-22 09:29:00-04:00,2020-04-22 09:40:00-04:00,2020-04-22 13:21:00-04:00,S,8597.0,8627.5,8627.25,30.25,-63.0,-1.0413223140495869,SL,1,em1u.0800|R|2020-04-22|em1u
2020-04-23 09:29:00-04:00,2020-04-23 09:32:00-04:00,2020-04-23 09:35:00-04:00,S,8699.75,8730.0,8729.75,30.0,-62.5,-1.0416666666666667,SL,1,em1u.0800|R|2020-04-23|em1u
2020-04-23 09:59:00-04:00,2020-04-23 10:34:00-04:00,2020-04-23 12:45:00-04:00,S,8777.75,8689.0,8807.75,30.0,175.5,2.925,TP,1,em1u.1000|R|2020-04-23|em1u
2020-04-23 13:59:00-04:00,2020-04-23 14:51:00-04:00,2020-04-23 15:59:00-04:00,S,8694.5,8628.25,8724.5,30.0,130.5,2.175,time,1,em1u.1400|R|2020-04-23|em1u
2020-04-24 09:59:00-04:00,2020-04-24 10:19:00-04:00,2020-04-24 12:28:00-04:00,S,8642.25,8671.5,8671.25,29.0,-60.5,-1.043103448275862,SL,1,em1u.1000|R|2020-04-24|em1u
2020-04-24 11:59:00-04:00,2020-04-24 13:50:00-04:00,2020-04-24 14:17:00-04:00,S,8701.0,8730.25,8730.0,29.0,-60.5,-1.043103448275862,SL,1,em1u.1200|R|2020-04-24|em1u
2020-04-29 11:59:00-04:00,2020-04-29 13:57:00-04:00,2020-04-29 15:20:00-04:00,S,8967.0,8994.5,8994.25,27.25,-57.0,-1.0458715596330275,SL,1,em1u.1200|R|2020-04-29|em1u
2020-05-01 09:29:00-04:00,2020-05-01 09:32:00-04:00,2020-05-01 10:01:00-04:00,S,8829.25,8857.0,8856.75,27.5,-57.5,-1.0454545454545454,SL,1,em1u.0800|R|2020-05-01|em1u
2020-05-01 09:59:00-04:00,2020-05-01 10:06:00-04:00,2020-05-01 11:18:00-04:00,S,8877.5,8796.25,8905.0,27.5,160.5,2.918181818181818,TP,1,em1u.1000|R|2020-05-01|em1u
2020-05-04 09:29:00-04:00,2020-05-04 09:52:00-04:00,2020-05-04 10:02:00-04:00,S,8711.25,8738.25,8738.0,26.75,-56.0,-1.0467289719626167,SL,1,em1u.0800|R|2020-05-04|em1u
2020-05-04 09:59:00-04:00,2020-05-04 10:17:00-04:00,2020-05-04 15:12:00-04:00,S,8766.5,8793.5,8793.25,26.75,-56.0,-1.0467289719626167,SL,1,em1u.1000|R|2020-05-04|em1u
2020-05-05 09:29:00-04:00,2020-05-05 09:53:00-04:00,2020-05-05 11:42:00-04:00,S,8953.5,8980.0,8979.75,26.25,-55.0,-1.0476190476190477,SL,1,em1u.0800|R|2020-05-05|em1u
2020-05-06 09:29:00-04:00,2020-05-06 09:41:00-04:00,2020-05-06 10:08:00-04:00,S,9029.0,8953.0,9054.75,25.75,150.0,2.912621359223301,TP,1,em1u.0800|R|2020-05-06|em1u
2020-05-06 09:59:00-04:00,2020-05-06 10:45:00-04:00,2020-05-06 15:59:00-04:00,S,9032.75,8972.25,9058.5,25.75,119.0,2.3106796116504853,time,1,em1u.1000|R|2020-05-06|em1u
2020-05-08 09:59:00-04:00,2020-05-08 10:31:00-04:00,2020-05-08 12:09:00-04:00,S,9187.0,9211.5,9211.25,24.25,-51.0,-1.0515463917525774,SL,1,em1u.1000|R|2020-05-08|em1u
2020-05-11 09:29:00-04:00,2020-05-11 09:37:00-04:00,2020-05-11 09:46:00-04:00,S,9192.75,9216.5,9216.25,23.5,-49.5,-1.053191489361702,SL,1,em1u.0800|R|2020-05-11|em1u
2020-05-11 09:59:00-04:00,2020-05-11 10:46:00-04:00,2020-05-11 12:20:00-04:00,S,9247.75,9271.5,9271.25,23.5,-49.5,-1.053191489361702,SL,1,em1u.1000|R|2020-05-11|em1u
2020-05-11 11:59:00-04:00,2020-05-11 13:27:00-04:00,2020-05-11 15:01:00-04:00,S,9308.75,9332.5,9332.25,23.5,-49.5,-1.053191489361702,SL,1,em1u.1200|R|2020-05-11|em1u
2020-05-12 09:59:00-04:00,2020-05-12 10:42:00-04:00,2020-05-12 15:13:00-04:00,S,9313.75,9246.0,9336.75,23.0,133.5,2.902173913043478,TP,1,em1u.1000|R|2020-05-12|em1u
2020-05-13 09:59:00-04:00,2020-05-13 10:05:00-04:00,2020-05-13 10:28:00-04:00,S,9156.25,9179.5,9179.25,23.0,-48.5,-1.0543478260869565,SL,1,em1u.1000|R|2020-05-13|em1u
2020-05-13 13:59:00-04:00,2020-05-13 14:16:00-04:00,2020-05-13 14:59:00-04:00,S,8973.0,8905.25,8996.0,23.0,133.5,2.902173913043478,TP,1,em1u.1400|R|2020-05-13|em1u
2020-05-14 09:59:00-04:00,2020-05-14 10:10:00-04:00,2020-05-14 10:30:00-04:00,S,8917.25,8848.75,8940.5,23.25,135.0,2.903225806451613,TP,1,em1u.1000|R|2020-05-14|em1u
2020-05-14 11:59:00-04:00,2020-05-14 12:23:00-04:00,2020-05-14 12:55:00-04:00,S,8948.5,8972.0,8971.75,23.25,-49.0,-1.053763440860215,SL,1,em1u.1200|R|2020-05-14|em1u
2020-05-15 09:29:00-04:00,2020-05-15 09:33:00-04:00,2020-05-15 09:54:00-04:00,S,8994.25,9017.75,9017.5,23.25,-49.0,-1.053763440860215,SL,1,em1u.0800|R|2020-05-15|em1u
2020-05-15 11:59:00-04:00,2020-05-15 12:20:00-04:00,2020-05-15 12:42:00-04:00,S,9039.5,9063.0,9062.75,23.25,-49.0,-1.053763440860215,SL,1,em1u.1200|R|2020-05-15|em1u
2020-05-18 09:59:00-04:00,2020-05-18 10:32:00-04:00,2020-05-18 10:51:00-04:00,S,9306.25,9329.25,9329.0,22.75,-48.0,-1.054945054945055,SL,1,em1u.1000|R|2020-05-18|em1u
2020-05-19 09:29:00-04:00,2020-05-19 09:56:00-04:00,2020-05-19 10:12:00-04:00,S,9372.5,9395.25,9395.0,22.5,-47.5,-1.0555555555555556,SL,1,em1u.0800|R|2020-05-19|em1u
2020-05-20 09:29:00-04:00,2020-05-20 09:42:00-04:00,2020-05-20 10:00:00-04:00,S,9441.0,9463.0,9462.75,21.75,-46.0,-1.0574712643678161,SL,1,em1u.0800|R|2020-05-20|em1u
2020-05-21 09:29:00-04:00,2020-05-21 09:38:00-04:00,2020-05-21 10:06:00-04:00,S,9494.75,9431.5,9516.25,21.5,124.5,2.895348837209302,TP,1,em1u.0800|R|2020-05-21|em1u
2020-05-27 11:59:00-04:00,2020-05-27 12:45:00-04:00,2020-05-27 12:54:00-04:00,S,9318.0,9338.0,9337.75,19.75,-42.0,-1.0632911392405062,SL,1,em1u.1200|R|2020-05-27|em1u
2020-05-27 13:59:00-04:00,2020-05-27 14:16:00-04:00,2020-05-27 14:59:00-04:00,S,9381.25,9401.25,9401.0,19.75,-42.0,-1.0632911392405062,SL,1,em1u.1400|R|2020-05-27|em1u
2020-05-28 09:29:00-04:00,2020-05-28 09:36:00-04:00,2020-05-28 09:42:00-04:00,S,9421.75,9442.25,9442.0,20.25,-43.0,-1.0617283950617284,SL,1,em1u.0800|R|2020-05-28|em1u
2020-05-28 09:59:00-04:00,2020-05-28 10:13:00-04:00,2020-05-28 10:43:00-04:00,S,9471.75,9492.25,9492.0,20.25,-43.0,-1.0617283950617284,SL,1,em1u.1000|R|2020-05-28|em1u
2020-05-28 11:59:00-04:00,2020-05-28 13:22:00-04:00,2020-05-28 15:18:00-04:00,S,9558.25,9498.75,9578.5,20.25,117.0,2.888888888888889,TP,1,em1u.1200|R|2020-05-28|em1u
2020-05-29 13:59:00-04:00,2020-05-29 14:09:00-04:00,2020-05-29 14:50:00-04:00,S,9478.25,9418.75,9498.5,20.25,117.0,2.888888888888889,TP,1,em1u.1400|R|2020-05-29|em1u
2020-06-01 11:59:00-04:00,2020-06-01 13:38:00-04:00,2020-06-01 15:59:00-04:00,S,9605.5,9594.25,9625.5,20.0,20.5,0.5125,time,1,em1u.1200|R|2020-06-01|em1u
2020-06-02 11:59:00-04:00,2020-06-02 13:01:00-04:00,2020-06-02 13:32:00-04:00,S,9577.5,9597.25,9597.0,19.5,-41.5,-1.064102564102564,SL,1,em1u.1200|R|2020-06-02|em1u
2020-06-04 09:29:00-04:00,2020-06-04 09:45:00-04:00,2020-06-04 09:50:00-04:00,S,9714.75,9733.25,9733.0,18.25,-39.0,-1.0684931506849316,SL,1,em1u.0800|R|2020-06-04|em1u
2020-06-05 09:29:00-04:00,2020-06-05 09:34:00-04:00,2020-06-05 09:35:00-04:00,S,9686.5,9704.75,9704.5,18.0,-38.5,-1.0694444444444444,SL,1,em1u.0800|R|2020-06-05|em1u
2020-06-05 09:59:00-04:00,2020-06-05 11:23:00-04:00,2020-06-05 11:24:00-04:00,S,9798.5,9816.75,9816.5,18.0,-38.5,-1.0694444444444444,SL,1,em1u.1000|R|2020-06-05|em1u
2020-06-08 11:59:00-04:00,2020-06-08 13:49:00-04:00,2020-06-08 14:27:00-04:00,S,9852.5,9870.75,9870.5,18.0,-38.5,-1.0694444444444444,SL,1,em1u.1200|R|2020-06-08|em1u
2020-06-09 09:29:00-04:00,2020-06-09 09:38:00-04:00,2020-06-09 09:54:00-04:00,S,9887.75,9905.75,9905.5,17.75,-38.0,-1.0704225352112675,SL,1,em1u.0800|R|2020-06-09|em1u
2020-06-09 09:59:00-04:00,2020-06-09 10:45:00-04:00,2020-06-09 10:54:00-04:00,S,9938.0,9956.0,9955.75,17.75,-38.0,-1.0704225352112675,SL,1,em1u.1000|R|2020-06-09|em1u
2020-06-09 11:59:00-04:00,2020-06-09 13:24:00-04:00,2020-06-09 15:59:00-04:00,S,9990.75,9964.0,10008.5,17.75,51.5,1.4507042253521127,time,1,em1u.1200|R|2020-06-09|em1u
2020-06-10 13:59:00-04:00,2020-06-10 14:02:00-04:00,2020-06-10 14:03:00-04:00,S,10096.0,10113.75,10113.5,17.5,-37.5,-1.0714285714285714,SL,1,em1u.1400|R|2020-06-10|em1u
2020-06-11 09:59:00-04:00,2020-06-11 10:34:00-04:00,2020-06-11 10:51:00-04:00,S,9976.0,9924.75,9993.5,17.5,100.5,2.8714285714285714,TP,1,em1u.1000|R|2020-06-11|em1u
2020-06-12 13:59:00-04:00,2020-06-12 14:01:00-04:00,2020-06-12 14:12:00-04:00,S,9547.25,9566.75,9566.5,19.25,-41.0,-1.0649350649350648,SL,1,em1u.1400|R|2020-06-12|em1u
2020-06-15 09:29:00-04:00,2020-06-15 09:39:00-04:00,2020-06-15 09:58:00-04:00,S,9570.0,9590.25,9590.0,20.0,-42.5,-1.0625,SL,1,em1u.0800|R|2020-06-15|em1u
2020-06-15 11:59:00-04:00,2020-06-15 12:18:00-04:00,2020-06-15 12:59:00-04:00,S,9669.5,9689.75,9689.5,20.0,-42.5,-1.0625,SL,1,em1u.1200|R|2020-06-15|em1u
2020-06-15 13:59:00-04:00,2020-06-15 14:01:00-04:00,2020-06-15 14:04:00-04:00,S,9750.75,9771.0,9770.75,20.0,-42.5,-1.0625,SL,1,em1u.1400|R|2020-06-15|em1u
2020-06-23 09:59:00-04:00,2020-06-23 11:17:00-04:00,2020-06-23 11:59:00-04:00,S,10239.25,10259.25,10259.0,19.75,-42.0,-1.0632911392405062,SL,1,em1u.1000|R|2020-06-23|em1u
2020-06-24 09:29:00-04:00,2020-06-24 09:38:00-04:00,2020-06-24 09:51:00-04:00,S,10210.75,10152.0,10230.75,20.0,115.5,2.8875,TP,1,em1u.0800|R|2020-06-24|em1u
2020-06-24 11:59:00-04:00,2020-06-24 12:59:00-04:00,2020-06-24 13:46:00-04:00,S,10024.75,9966.0,10044.75,20.0,115.5,2.8875,TP,1,em1u.1200|R|2020-06-24|em1u
2020-06-25 09:59:00-04:00,2020-06-25 10:28:00-04:00,2020-06-25 12:05:00-04:00,S,10002.25,10023.0,10022.75,20.5,-43.5,-1.0609756097560976,SL,1,em1u.1000|R|2020-06-25|em1u
2020-06-29 09:59:00-04:00,2020-06-29 10:19:00-04:00,2020-06-29 10:38:00-04:00,S,9840.5,9861.25,9861.0,20.5,-43.5,-1.0609756097560976,SL,1,em1u.1000|R|2020-06-29|em1u
2020-06-30 09:29:00-04:00,2020-06-30 09:46:00-04:00,2020-06-30 10:01:00-04:00,S,10017.5,10038.5,10038.25,20.75,-44.0,-1.0602409638554218,SL,1,em1u.0800|R|2020-06-30|em1u
2020-06-30 09:59:00-04:00,2020-06-30 11:16:00-04:00,2020-06-30 12:17:00-04:00,S,10076.0,10097.0,10096.75,20.75,-44.0,-1.0602409638554218,SL,1,em1u.1000|R|2020-06-30|em1u
2020-07-01 09:59:00-04:00,2020-07-01 10:17:00-04:00,2020-07-01 10:31:00-04:00,S,10195.25,10216.0,10215.75,20.5,-43.5,-1.0609756097560976,SL,1,em1u.1000|R|2020-07-01|em1u
2020-07-02 09:29:00-04:00,2020-07-02 09:31:00-04:00,2020-07-02 09:35:00-04:00,S,10382.0,10402.75,10402.5,20.5,-43.5,-1.0609756097560976,SL,1,em1u.0800|R|2020-07-02|em1u
2020-07-06 09:59:00-04:00,2020-07-06 10:49:00-04:00,2020-07-06 11:04:00-04:00,S,10563.0,10582.25,10582.0,19.0,-40.5,-1.0657894736842106,SL,1,em1u.1000|R|2020-07-06|em1u
2020-07-07 09:29:00-04:00,2020-07-07 09:33:00-04:00,2020-07-07 09:47:00-04:00,S,10607.75,10627.25,10627.0,19.25,-41.0,-1.0649350649350648,SL,1,em1u.0800|R|2020-07-07|em1u
2020-07-07 09:59:00-04:00,2020-07-07 10:16:00-04:00,2020-07-07 10:20:00-04:00,S,10651.0,10670.5,10670.25,19.25,-41.0,-1.0649350649350648,SL,1,em1u.1000|R|2020-07-07|em1u
2020-07-08 09:29:00-04:00,2020-07-08 09:56:00-04:00,2020-07-08 11:18:00-04:00,S,10623.75,10568.0,10642.75,19.0,109.5,2.8815789473684212,TP,1,em1u.0800|R|2020-07-08|em1u
2020-07-09 11:59:00-04:00,2020-07-09 12:19:00-04:00,2020-07-09 12:47:00-04:00,S,10666.0,10685.0,10684.75,18.75,-40.0,-1.0666666666666667,SL,1,em1u.1200|R|2020-07-09|em1u
2020-07-09 13:59:00-04:00,2020-07-09 14:19:00-04:00,2020-07-09 14:56:00-04:00,S,10723.25,10742.25,10742.0,18.75,-40.0,-1.0666666666666667,SL,1,em1u.1400|R|2020-07-09|em1u
2020-07-10 09:59:00-04:00,2020-07-10 10:26:00-04:00,2020-07-10 10:43:00-04:00,S,10714.75,10733.5,10733.25,18.5,-39.5,-1.0675675675675675,SL,1,em1u.1000|R|2020-07-10|em1u
2020-07-13 09:29:00-04:00,2020-07-13 09:39:00-04:00,2020-07-13 10:28:00-04:00,S,10979.0,10997.75,10997.5,18.5,-39.5,-1.0675675675675675,SL,1,em1u.0800|R|2020-07-13|em1u
2020-07-13 09:59:00-04:00,2020-07-13 10:41:00-04:00,2020-07-13 10:57:00-04:00,S,11003.75,11022.5,11022.25,18.5,-39.5,-1.0675675675675675,SL,1,em1u.1000|R|2020-07-13|em1u
2020-07-14 09:59:00-04:00,2020-07-14 10:33:00-04:00,2020-07-14 10:45:00-04:00,S,10517.25,10537.5,10537.25,20.0,-42.5,-1.0625,SL,1,em1u.1000|R|2020-07-14|em1u
2020-07-14 11:59:00-04:00,2020-07-14 12:22:00-04:00,2020-07-14 12:54:00-04:00,S,10606.25,10547.5,10626.25,20.0,115.5,2.8875,TP,1,em1u.1200|R|2020-07-14|em1u
2020-07-15 09:29:00-04:00,2020-07-15 09:44:00-04:00,2020-07-15 09:54:00-04:00,S,10766.0,10705.75,10786.5,20.5,118.5,2.8902439024390243,TP,1,em1u.0800|R|2020-07-15|em1u
2020-07-15 09:59:00-04:00,2020-07-15 10:49:00-04:00,2020-07-15 11:00:00-04:00,S,10757.5,10697.25,10778.0,20.5,118.5,2.8902439024390243,TP,1,em1u.1000|R|2020-07-15|em1u
2020-07-15 11:59:00-04:00,2020-07-15 12:46:00-04:00,2020-07-15 12:56:00-04:00,S,10624.0,10644.75,10644.5,20.5,-43.5,-1.0609756097560976,SL,1,em1u.1200|R|2020-07-15|em1u
2020-07-15 13:59:00-04:00,2020-07-15 14:03:00-04:00,2020-07-15 15:10:00-04:00,S,10696.25,10636.0,10716.75,20.5,118.5,2.8902439024390243,TP,1,em1u.1400|R|2020-07-15|em1u
2020-07-16 09:29:00-04:00,2020-07-16 09:30:00-04:00,2020-07-16 10:01:00-04:00,S,10596.25,10536.75,10616.5,20.25,117.0,2.888888888888889,TP,1,em1u.0800|R|2020-07-16|em1u
2020-07-16 11:59:00-04:00,2020-07-16 13:12:00-04:00,2020-07-16 14:10:00-04:00,S,10594.25,10614.75,10614.5,20.25,-43.0,-1.0617283950617284,SL,1,em1u.1200|R|2020-07-16|em1u
2020-07-17 13:59:00-04:00,2020-07-17 14:53:00-04:00,2020-07-17 15:59:00-04:00,S,10658.0,10630.25,10678.25,20.25,53.5,1.3209876543209877,time,1,em1u.1400|R|2020-07-17|em1u
2020-07-20 09:59:00-04:00,2020-07-20 10:19:00-04:00,2020-07-20 10:24:00-04:00,S,10736.25,10756.0,10755.75,19.5,-41.5,-1.064102564102564,SL,1,em1u.1000|R|2020-07-20|em1u
2020-07-20 11:59:00-04:00,2020-07-20 13:50:00-04:00,2020-07-20 14:33:00-04:00,S,10859.75,10879.5,10879.25,19.5,-41.5,-1.064102564102564,SL,1,em1u.1200|R|2020-07-20|em1u
2020-07-21 11:59:00-04:00,2020-07-21 13:53:00-04:00,2020-07-21 14:09:00-04:00,S,10905.0,10925.75,10925.5,20.5,-43.5,-1.0609756097560976,SL,1,em1u.1200|R|2020-07-21|em1u
2020-07-24 09:59:00-04:00,2020-07-24 10:20:00-04:00,2020-07-24 10:23:00-04:00,S,10436.5,10457.75,10457.5,21.0,-44.5,-1.0595238095238095,SL,1,em1u.1000|R|2020-07-24|em1u
2020-07-28 09:59:00-04:00,2020-07-28 11:39:00-04:00,2020-07-28 15:05:00-04:00,S,10642.25,10579.0,10663.75,21.5,124.5,2.895348837209302,TP,1,em1u.1000|R|2020-07-28|em1u
2020-07-29 13:59:00-04:00,2020-07-29 14:36:00-04:00,2020-07-29 15:59:00-04:00,S,10664.0,10650.5,10685.25,21.25,25.0,0.5882352941176471,time,1,em1u.1400|R|2020-07-29|em1u
2020-07-30 09:59:00-04:00,2020-07-30 10:39:00-04:00,2020-07-30 11:18:00-04:00,S,10589.75,10611.0,10610.75,21.0,-44.5,-1.0595238095238095,SL,1,em1u.1000|R|2020-07-30|em1u
2020-07-30 11:59:00-04:00,2020-07-30 12:16:00-04:00,2020-07-30 15:20:00-04:00,S,10702.5,10723.75,10723.5,21.0,-44.5,-1.0595238095238095,SL,1,em1u.1200|R|2020-07-30|em1u
2020-07-31 13:59:00-04:00,2020-07-31 14:54:00-04:00,2020-07-31 15:03:00-04:00,S,10795.75,10817.75,10817.5,21.75,-46.0,-1.0574712643678161,SL,1,em1u.1400|R|2020-07-31|em1u
2020-08-03 09:29:00-04:00,2020-08-03 09:45:00-04:00,2020-08-03 10:02:00-04:00,S,11044.75,11066.5,11066.25,21.5,-45.5,-1.058139534883721,SL,1,em1u.0800|R|2020-08-03|em1u
2020-08-04 09:29:00-04:00,2020-08-04 09:44:00-04:00,2020-08-04 10:00:00-04:00,S,11046.0,11067.5,11067.25,21.25,-45.0,-1.0588235294117647,SL,1,em1u.0800|R|2020-08-04|em1u
2020-08-06 11:59:00-04:00,2020-08-06 13:21:00-04:00,2020-08-06 13:50:00-04:00,S,11174.0,11193.75,11193.5,19.5,-41.5,-1.064102564102564,SL,1,em1u.1200|R|2020-08-06|em1u
2020-08-06 13:59:00-04:00,2020-08-06 14:33:00-04:00,2020-08-06 15:17:00-04:00,S,11242.25,11262.0,11261.75,19.5,-41.5,-1.064102564102564,SL,1,em1u.1400|R|2020-08-06|em1u
2020-08-10 11:59:00-04:00,2020-08-10 12:53:00-04:00,2020-08-10 13:07:00-04:00,S,11073.25,11092.75,11092.5,19.25,-41.0,-1.0649350649350648,SL,1,em1u.1200|R|2020-08-10|em1u
2020-08-11 09:59:00-04:00,2020-08-11 11:10:00-04:00,2020-08-11 11:27:00-04:00,S,11049.0,11068.5,11068.25,19.25,-41.0,-1.0649350649350648,SL,1,em1u.1000|R|2020-08-11|em1u
2020-08-11 11:59:00-04:00,2020-08-11 12:22:00-04:00,2020-08-11 14:14:00-04:00,S,11068.75,11012.25,11088.0,19.25,111.0,2.883116883116883,TP,1,em1u.1200|R|2020-08-11|em1u
2020-08-12 09:29:00-04:00,2020-08-12 09:48:00-04:00,2020-08-12 09:48:00-04:00,S,11006.25,11026.25,11026.0,19.75,-42.0,-1.0632911392405062,SL,1,em1u.0800|R|2020-08-12|em1u
2020-08-12 09:59:00-04:00,2020-08-12 10:51:00-04:00,2020-08-12 11:20:00-04:00,S,11105.0,11125.0,11124.75,19.75,-42.0,-1.0632911392405062,SL,1,em1u.1000|R|2020-08-12|em1u
2020-08-12 11:59:00-04:00,2020-08-12 13:59:00-04:00,2020-08-12 15:59:00-04:00,S,11176.25,11146.75,11196.0,19.75,57.0,1.4430379746835442,time,1,em1u.1200|R|2020-08-12|em1u
2020-08-13 09:29:00-04:00,2020-08-13 09:31:00-04:00,2020-08-13 09:38:00-04:00,S,11186.0,11206.25,11206.0,20.0,-42.5,-1.0625,SL,1,em1u.0800|R|2020-08-13|em1u
2020-08-17 09:29:00-04:00,2020-08-17 09:32:00-04:00,2020-08-17 09:57:00-04:00,S,11243.5,11262.75,11262.5,19.0,-40.5,-1.0657894736842106,SL,1,em1u.0800|R|2020-08-17|em1u
2020-08-18 09:29:00-04:00,2020-08-18 09:37:00-04:00,2020-08-18 09:38:00-04:00,S,11356.0,11374.75,11374.5,18.5,-39.5,-1.0675675675675675,SL,1,em1u.0800|R|2020-08-18|em1u
2020-08-19 09:59:00-04:00,2020-08-19 10:19:00-04:00,2020-08-19 10:37:00-04:00,S,11392.0,11410.5,11410.25,18.25,-39.0,-1.0684931506849316,SL,1,em1u.1000|R|2020-08-19|em1u
2020-08-20 09:29:00-04:00,2020-08-20 09:54:00-04:00,2020-08-20 10:07:00-04:00,S,11362.0,11380.0,11379.75,17.75,-38.0,-1.0704225352112675,SL,1,em1u.0800|R|2020-08-20|em1u
2020-08-20 09:59:00-04:00,2020-08-20 11:36:00-04:00,2020-08-20 13:57:00-04:00,S,11408.25,11426.25,11426.0,17.75,-38.0,-1.0704225352112675,SL,1,em1u.1000|R|2020-08-20|em1u
2020-08-20 13:59:00-04:00,2020-08-20 14:48:00-04:00,2020-08-20 15:10:00-04:00,S,11462.0,11480.0,11479.75,17.75,-38.0,-1.0704225352112675,SL,1,em1u.1400|R|2020-08-20|em1u
2020-08-21 09:59:00-04:00,2020-08-21 10:32:00-04:00,2020-08-21 10:55:00-04:00,S,11534.25,11552.5,11552.25,18.0,-38.5,-1.0694444444444444,SL,1,em1u.1000|R|2020-08-21|em1u
2020-08-21 11:59:00-04:00,2020-08-21 12:14:00-04:00,2020-08-21 14:35:00-04:00,S,11531.75,11550.0,11549.75,18.0,-38.5,-1.0694444444444444,SL,1,em1u.1200|R|2020-08-21|em1u
2020-08-25 09:59:00-04:00,2020-08-25 11:03:00-04:00,2020-08-25 11:13:00-04:00,S,11661.0,11678.75,11678.5,17.5,-37.5,-1.0714285714285714,SL,1,em1u.1000|R|2020-08-25|em1u
2020-08-26 09:59:00-04:00,2020-08-26 10:39:00-04:00,2020-08-26 10:50:00-04:00,S,11822.0,11839.5,11839.25,17.25,-37.0,-1.0724637681159421,SL,1,em1u.1000|R|2020-08-26|em1u
2020-08-26 11:59:00-04:00,2020-08-26 12:17:00-04:00,2020-08-26 12:26:00-04:00,S,11927.5,11945.0,11944.75,17.25,-37.0,-1.0724637681159421,SL,1,em1u.1200|R|2020-08-26|em1u
2020-08-27 09:59:00-04:00,2020-08-27 11:01:00-04:00,2020-08-27 11:43:00-04:00,S,12014.75,12032.75,12032.5,17.75,-38.0,-1.0704225352112675,SL,1,em1u.1000|R|2020-08-27|em1u
2020-08-27 13:59:00-04:00,2020-08-27 14:31:00-04:00,2020-08-27 15:54:00-04:00,S,11982.5,11930.5,12000.25,17.75,102.0,2.8732394366197185,TP,1,em1u.1400|R|2020-08-27|em1u
2020-08-31 09:59:00-04:00,2020-08-31 10:48:00-04:00,2020-08-31 10:57:00-04:00,S,12072.75,12090.0,12089.75,17.0,-36.5,-1.0735294117647058,SL,1,em1u.1000|R|2020-08-31|em1u
2020-08-31 11:59:00-04:00,2020-08-31 12:53:00-04:00,2020-08-31 13:16:00-04:00,S,12104.25,12121.5,12121.25,17.0,-36.5,-1.0735294117647058,SL,1,em1u.1200|R|2020-08-31|em1u
2020-09-01 09:59:00-04:00,2020-09-01 10:02:00-04:00,2020-09-01 10:26:00-04:00,S,12238.5,12255.5,12255.25,16.75,-36.0,-1.0746268656716418,SL,1,em1u.1000|R|2020-09-01|em1u
2020-09-01 11:59:00-04:00,2020-09-01 13:36:00-04:00,2020-09-01 13:41:00-04:00,S,12262.25,12279.25,12279.0,16.75,-36.0,-1.0746268656716418,SL,1,em1u.1200|R|2020-09-01|em1u
2020-09-02 09:59:00-04:00,2020-09-02 10:01:00-04:00,2020-09-02 10:04:00-04:00,S,12293.0,12310.25,12310.0,17.0,-36.5,-1.0735294117647058,SL,1,em1u.1000|R|2020-09-02|em1u
2020-09-02 11:59:00-04:00,2020-09-02 12:15:00-04:00,2020-09-02 12:24:00-04:00,S,12306.25,12323.5,12323.25,17.0,-36.5,-1.0735294117647058,SL,1,em1u.1200|R|2020-09-02|em1u
2020-09-03 13:59:00-04:00,2020-09-03 14:38:00-04:00,2020-09-03 14:44:00-04:00,S,11834.5,11783.25,11852.0,17.5,100.5,2.8714285714285714,TP,1,em1u.1400|R|2020-09-03|em1u
2020-09-04 09:59:00-04:00,2020-09-04 10:02:00-04:00,2020-09-04 10:11:00-04:00,S,11595.75,11534.75,11616.5,20.75,120.0,2.891566265060241,TP,1,em1u.1000|R|2020-09-04|em1u
2020-09-04 11:59:00-04:00,2020-09-04 12:34:00-04:00,2020-09-04 12:37:00-04:00,S,11551.25,11572.25,11572.0,20.75,-44.0,-1.0602409638554218,SL,1,em1u.1200|R|2020-09-04|em1u
2020-09-04 13:59:00-04:00,2020-09-04 14:35:00-04:00,2020-09-04 14:37:00-04:00,S,11541.25,11562.25,11562.0,20.75,-44.0,-1.0602409638554218,SL,1,em1u.1400|R|2020-09-04|em1u
2020-09-07 09:59:00-04:00,2020-09-07 11:55:00-04:00,2020-09-07 12:49:00-04:00,S,11528.0,11497.25,11551.25,23.25,59.5,1.2795698924731183,time,1,em1u.1000|R|2020-09-07|em1u
2020-09-08 09:29:00-04:00,2020-09-08 09:57:00-04:00,2020-09-08 10:08:00-04:00,S,11287.5,11310.75,11310.5,23.0,-48.5,-1.0543478260869565,SL,1,em1u.0800|R|2020-09-08|em1u
2020-09-08 09:59:00-04:00,2020-09-08 10:16:00-04:00,2020-09-08 10:25:00-04:00,S,11363.5,11386.75,11386.5,23.0,-48.5,-1.0543478260869565,SL,1,em1u.1000|R|2020-09-08|em1u
2020-09-09 09:59:00-04:00,2020-09-09 10:26:00-04:00,2020-09-09 10:29:00-04:00,S,11333.75,11358.5,11358.25,24.5,-51.5,-1.0510204081632653,SL,1,em1u.1000|R|2020-09-09|em1u
2020-09-09 11:59:00-04:00,2020-09-09 13:00:00-04:00,2020-09-09 13:59:00-04:00,S,11458.0,11385.75,11482.5,24.5,142.5,2.9081632653061225,TP,1,em1u.1200|R|2020-09-09|em1u
2020-09-11 09:59:00-04:00,2020-09-11 10:23:00-04:00,2020-09-11 10:49:00-04:00,S,11218.75,11245.75,11245.5,26.75,-56.0,-1.0467289719626167,SL,1,em1u.1000|R|2020-09-11|em1u
2020-09-11 13:59:00-04:00,2020-09-11 14:13:00-04:00,2020-09-11 14:38:00-04:00,S,11049.5,11076.5,11076.25,26.75,-56.0,-1.0467289719626167,SL,1,em1u.1400|R|2020-09-11|em1u
2020-09-14 09:29:00-04:00,2020-09-14 09:45:00-04:00,2020-09-14 09:48:00-04:00,S,11286.75,11314.25,11314.0,27.25,-57.0,-1.0458715596330275,SL,1,em1u.0800|R|2020-09-14|em1u
2020-09-21 11:59:00-04:00,2020-09-21 13:31:00-04:00,2020-09-21 14:18:00-04:00,S,10872.0,10791.5,10899.25,27.25,159.0,2.9174311926605503,TP,1,em1u.1200|R|2020-09-21|em1u
2020-09-22 11:59:00-04:00,2020-09-22 13:49:00-04:00,2020-09-22 14:00:00-04:00,S,11089.0,11116.5,11116.25,27.25,-57.0,-1.0458715596330275,SL,1,em1u.1200|R|2020-09-22|em1u
2020-09-24 09:29:00-04:00,2020-09-24 09:48:00-04:00,2020-09-24 09:50:00-04:00,S,10823.25,10851.25,10851.0,27.75,-58.0,-1.045045045045045,SL,1,em1u.0800|R|2020-09-24|em1u
2020-09-24 09:59:00-04:00,2020-09-24 10:02:00-04:00,2020-09-24 10:17:00-04:00,S,10901.75,10929.75,10929.5,27.75,-58.0,-1.045045045045045,SL,1,em1u.1000|R|2020-09-24|em1u
2020-09-25 09:59:00-04:00,2020-09-25 10:39:00-04:00,2020-09-25 11:12:00-04:00,S,10968.75,10996.75,10996.5,27.75,-58.0,-1.045045045045045,SL,1,em1u.1000|R|2020-09-25|em1u
2020-09-25 11:59:00-04:00,2020-09-25 12:15:00-04:00,2020-09-25 13:50:00-04:00,S,11032.5,11060.5,11060.25,27.75,-58.0,-1.045045045045045,SL,1,em1u.1200|R|2020-09-25|em1u
2020-09-28 11:59:00-04:00,2020-09-28 13:41:00-04:00,2020-09-28 15:59:00-04:00,S,11330.25,11358.25,11358.0,27.75,-58.0,-1.045045045045045,SL,1,em1u.1200|R|2020-09-28|em1u
2020-09-30 09:59:00-04:00,2020-09-30 11:46:00-04:00,2020-09-30 14:05:00-04:00,S,11484.0,11510.5,11510.25,26.25,-55.0,-1.0476190476190477,SL,1,em1u.1000|R|2020-09-30|em1u
2020-10-02 09:29:00-04:00,2020-10-02 09:31:00-04:00,2020-10-02 09:34:00-04:00,S,11352.5,11378.75,11378.5,26.0,-54.5,-1.0480769230769231,SL,1,em1u.0800|R|2020-10-02|em1u
2020-10-02 11:59:00-04:00,2020-10-02 12:18:00-04:00,2020-10-02 14:40:00-04:00,S,11336.0,11259.25,11362.0,26.0,151.5,2.9134615384615383,TP,1,em1u.1200|R|2020-10-02|em1u
2020-10-05 09:59:00-04:00,2020-10-05 10:32:00-04:00,2020-10-05 14:59:00-04:00,S,11428.5,11455.25,11455.0,26.5,-55.5,-1.0471698113207548,SL,1,em1u.1000|R|2020-10-05|em1u
2020-10-06 11:59:00-04:00,2020-10-06 12:48:00-04:00,2020-10-06 13:42:00-04:00,S,11439.5,11465.75,11465.5,26.0,-54.5,-1.0480769230769231,SL,1,em1u.1200|R|2020-10-06|em1u
2020-10-06 13:59:00-04:00,2020-10-06 14:44:00-04:00,2020-10-06 14:50:00-04:00,S,11513.75,11437.0,11539.75,26.0,151.5,2.9134615384615383,TP,1,em1u.1400|R|2020-10-06|em1u
2020-10-07 09:29:00-04:00,2020-10-07 09:33:00-04:00,2020-10-07 12:10:00-04:00,S,11418.25,11444.5,11444.25,26.0,-54.5,-1.0480769230769231,SL,1,em1u.0800|R|2020-10-07|em1u
2020-10-07 11:59:00-04:00,2020-10-07 13:44:00-04:00,2020-10-07 15:59:00-04:00,S,11489.5,11480.0,11515.5,26.0,17.0,0.3269230769230769,time,1,em1u.1200|R|2020-10-07|em1u
2020-10-09 09:29:00-04:00,2020-10-09 09:52:00-04:00,2020-10-09 11:03:00-04:00,S,11635.75,11660.75,11660.5,24.75,-52.0,-1.0505050505050506,SL,1,em1u.0800|R|2020-10-09|em1u
2020-10-09 09:59:00-04:00,2020-10-09 11:47:00-04:00,2020-10-09 15:59:00-04:00,S,11684.75,11709.75,11709.5,24.75,-52.0,-1.0505050505050506,SL,1,em1u.1000|R|2020-10-09|em1u
2020-10-12 09:59:00-04:00,2020-10-12 10:50:00-04:00,2020-10-12 10:55:00-04:00,S,11939.25,11963.5,11963.25,24.0,-50.5,-1.0520833333333333,SL,1,em1u.1000|R|2020-10-12|em1u
2020-10-12 11:59:00-04:00,2020-10-12 12:20:00-04:00,2020-10-12 12:30:00-04:00,S,12068.0,12092.25,12092.0,24.0,-50.5,-1.0520833333333333,SL,1,em1u.1200|R|2020-10-12|em1u
2020-10-12 13:59:00-04:00,2020-10-12 14:23:00-04:00,2020-10-12 15:13:00-04:00,S,12184.5,12113.75,12208.5,24.0,139.5,2.90625,TP,1,em1u.1400|R|2020-10-12|em1u
2020-10-13 09:59:00-04:00,2020-10-13 11:20:00-04:00,2020-10-13 11:25:00-04:00,S,12146.75,12172.25,12172.0,25.25,-53.0,-1.0495049504950495,SL,1,em1u.1000|R|2020-10-13|em1u
2020-10-15 09:29:00-04:00,2020-10-15 09:44:00-04:00,2020-10-15 09:53:00-04:00,S,11852.75,11877.5,11877.25,24.5,-51.5,-1.0510204081632653,SL,1,em1u.0800|R|2020-10-15|em1u
2020-10-16 09:59:00-04:00,2020-10-16 10:19:00-04:00,2020-10-16 11:08:00-04:00,S,12012.75,11941.25,12037.0,24.25,141.0,2.9072164948453607,TP,1,em1u.1000|R|2020-10-16|em1u
2020-10-20 11:59:00-04:00,2020-10-20 12:34:00-04:00,2020-10-20 13:14:00-04:00,S,11731.5,11756.0,11755.75,24.25,-51.0,-1.0515463917525774,SL,1,em1u.1200|R|2020-10-20|em1u
2020-10-21 11:59:00-04:00,2020-10-21 12:21:00-04:00,2020-10-21 12:22:00-04:00,S,11711.0,11734.75,11734.5,23.5,-49.5,-1.053191489361702,SL,1,em1u.1200|R|2020-10-21|em1u
2020-10-21 13:59:00-04:00,2020-10-21 14:42:00-04:00,2020-10-21 15:46:00-04:00,S,11735.5,11666.25,11759.0,23.5,136.5,2.904255319148936,TP,1,em1u.1400|R|2020-10-21|em1u
2020-10-22 11:59:00-04:00,2020-10-22 13:10:00-04:00,2020-10-22 13:44:00-04:00,S,11631.75,11655.0,11654.75,23.0,-48.5,-1.0543478260869565,SL,1,em1u.1200|R|2020-10-22|em1u
2020-10-26 09:29:00-04:00,2020-10-26 09:36:00-04:00,2020-10-26 09:38:00-04:00,S,11622.5,11644.5,11644.25,21.75,-46.0,-1.0574712643678161,SL,1,em1u.0800|R|2020-10-26|em1u
2020-10-27 09:59:00-04:00,2020-10-27 11:58:00-04:00,2020-10-27 15:59:00-04:00,S,11603.0,11586.0,11625.25,22.25,32.0,0.7191011235955056,time,1,em1u.1000|R|2020-10-27|em1u
2020-10-29 09:59:00-04:00,2020-10-29 11:15:00-04:00,2020-10-29 11:27:00-04:00,S,11312.25,11335.0,11334.75,22.5,-47.5,-1.0555555555555556,SL,1,em1u.1000|R|2020-10-29|em1u
2020-10-29 11:59:00-04:00,2020-10-29 13:22:00-04:00,2020-10-29 13:28:00-04:00,S,11335.25,11358.0,11357.75,22.5,-47.5,-1.0555555555555556,SL,1,em1u.1200|R|2020-10-29|em1u
2020-10-29 13:59:00-04:00,2020-10-29 14:24:00-04:00,2020-10-29 14:34:00-04:00,S,11433.75,11456.5,11456.25,22.5,-47.5,-1.0555555555555556,SL,1,em1u.1400|R|2020-10-29|em1u
2020-10-30 11:59:00-04:00,2020-10-30 12:14:00-04:00,2020-10-30 12:19:00-04:00,S,11057.75,11080.75,11080.5,22.75,-48.0,-1.054945054945055,SL,1,em1u.1200|R|2020-10-30|em1u
2020-11-02 09:29:00-05:00,2020-11-02 09:41:00-05:00,2020-11-02 09:55:00-05:00,S,11183.5,11206.75,11206.5,23.0,-48.5,-1.0543478260869565,SL,1,em1u.0800|R|2020-11-02|em1u
2020-11-02 13:59:00-05:00,2020-11-02 14:30:00-05:00,2020-11-02 14:45:00-05:00,S,11002.75,11026.0,11025.75,23.0,-48.5,-1.0543478260869565,SL,1,em1u.1400|R|2020-11-02|em1u
2020-11-03 09:29:00-05:00,2020-11-03 09:51:00-05:00,2020-11-03 10:00:00-05:00,S,11181.5,11204.75,11204.5,23.0,-48.5,-1.0543478260869565,SL,1,em1u.0800|R|2020-11-03|em1u
2020-11-03 09:59:00-05:00,2020-11-03 10:13:00-05:00,2020-11-03 10:16:00-05:00,S,11254.25,11277.5,11277.25,23.0,-48.5,-1.0543478260869565,SL,1,em1u.1000|R|2020-11-03|em1u
2020-11-03 13:59:00-05:00,2020-11-03 14:44:00-05:00,2020-11-03 15:34:00-05:00,S,11281.25,11304.5,11304.25,23.0,-48.5,-1.0543478260869565,SL,1,em1u.1400|R|2020-11-03|em1u
2020-11-04 09:59:00-05:00,2020-11-04 10:06:00-05:00,2020-11-04 10:12:00-05:00,S,11709.25,11732.5,11732.25,23.0,-48.5,-1.0543478260869565,SL,1,em1u.1000|R|2020-11-04|em1u
2020-11-06 09:59:00-05:00,2020-11-06 10:14:00-05:00,2020-11-06 10:27:00-05:00,S,11968.5,11993.75,11993.5,25.0,-52.5,-1.05,SL,1,em1u.1000|R|2020-11-06|em1u
2020-11-09 09:59:00-05:00,2020-11-09 10:03:00-05:00,2020-11-09 10:04:00-05:00,S,12186.75,12211.75,12211.5,24.75,-52.0,-1.0505050505050506,SL,1,em1u.1000|R|2020-11-09|em1u
2020-11-10 11:59:00-05:00,2020-11-10 12:11:00-05:00,2020-11-10 13:17:00-05:00,S,11736.5,11659.0,11762.75,26.25,153.0,2.914285714285714,TP,1,em1u.1200|R|2020-11-10|em1u
2020-11-18 09:59:00-05:00,2020-11-18 11:59:00-05:00,2020-11-18 12:01:00-05:00,S,11994.25,12018.0,12017.75,23.5,-49.5,-1.053191489361702,SL,1,em1u.1000|R|2020-11-18|em1u
2020-11-23 11:59:00-05:00,2020-11-23 13:06:00-05:00,2020-11-23 14:54:00-05:00,S,11901.0,11923.0,11922.75,21.75,-46.0,-1.0574712643678161,SL,1,em1u.1200|R|2020-11-23|em1u
2020-11-24 09:59:00-05:00,2020-11-24 10:42:00-05:00,2020-11-24 11:00:00-05:00,S,11968.5,11990.0,11989.75,21.25,-45.0,-1.0588235294117647,SL,1,em1u.1000|R|2020-11-24|em1u
2020-11-24 11:59:00-05:00,2020-11-24 13:37:00-05:00,2020-11-24 13:41:00-05:00,S,12064.0,12085.5,12085.25,21.25,-45.0,-1.0588235294117647,SL,1,em1u.1200|R|2020-11-24|em1u
2020-11-25 09:29:00-05:00,2020-11-25 09:40:00-05:00,2020-11-25 15:11:00-05:00,S,12138.5,12159.75,12159.5,21.0,-44.5,-1.0595238095238095,SL,1,em1u.0800|R|2020-11-25|em1u
2020-11-25 11:59:00-05:00,2020-11-25 12:57:00-05:00,2020-11-25 15:11:00-05:00,S,12140.25,12161.5,12161.25,21.0,-44.5,-1.0595238095238095,SL,1,em1u.1200|R|2020-11-25|em1u
2020-11-27 09:29:00-05:00,2020-11-27 09:33:00-05:00,2020-11-27 10:00:00-05:00,S,12237.75,12257.25,12257.0,19.25,-41.0,-1.0649350649350648,SL,1,em1u.0800|R|2020-11-27|em1u
2020-11-27 09:59:00-05:00,2020-11-27 10:22:00-05:00,2020-11-27 10:32:00-05:00,S,12284.25,12303.75,12303.5,19.25,-41.0,-1.0649350649350648,SL,1,em1u.1000|R|2020-11-27|em1u
2020-11-30 11:59:00-05:00,2020-11-30 13:07:00-05:00,2020-11-30 13:50:00-05:00,S,12228.5,12247.5,12247.25,18.75,-40.0,-1.0666666666666667,SL,1,em1u.1200|R|2020-11-30|em1u
2020-11-30 13:59:00-05:00,2020-11-30 14:47:00-05:00,2020-11-30 14:59:00-05:00,S,12272.0,12291.0,12290.75,18.75,-40.0,-1.0666666666666667,SL,1,em1u.1400|R|2020-11-30|em1u
2020-12-01 09:59:00-05:00,2020-12-01 10:09:00-05:00,2020-12-01 10:37:00-05:00,S,12421.25,12365.5,12440.25,19.0,109.5,2.8815789473684212,TP,1,em1u.1000|R|2020-12-01|em1u
2020-12-01 11:59:00-05:00,2020-12-01 12:12:00-05:00,2020-12-01 13:48:00-05:00,S,12482.25,12501.5,12501.25,19.0,-40.5,-1.0657894736842106,SL,1,em1u.1200|R|2020-12-01|em1u
2020-12-02 09:59:00-05:00,2020-12-02 10:17:00-05:00,2020-12-02 10:28:00-05:00,S,12409.5,12428.5,12428.25,18.75,-40.0,-1.0666666666666667,SL,1,em1u.1000|R|2020-12-02|em1u
2020-12-02 13:59:00-05:00,2020-12-02 14:59:00-05:00,2020-12-02 15:59:00-05:00,S,12458.75,12457.75,12477.5,18.75,0.0,0.0,time,1,em1u.1400|R|2020-12-02|em1u
2020-12-03 09:59:00-05:00,2020-12-03 10:13:00-05:00,2020-12-03 11:08:00-05:00,S,12528.25,12474.0,12546.75,18.5,106.5,2.8783783783783785,TP,1,em1u.1000|R|2020-12-03|em1u
2020-12-03 13:59:00-05:00,2020-12-03 14:58:00-05:00,2020-12-03 15:54:00-05:00,S,12502.25,12448.0,12520.75,18.5,106.5,2.8783783783783785,TP,1,em1u.1400|R|2020-12-03|em1u
2020-12-07 09:29:00-05:00,2020-12-07 09:34:00-05:00,2020-12-07 09:40:00-05:00,S,12553.25,12570.5,12570.25,17.0,-36.5,-1.0735294117647058,SL,1,em1u.0800|R|2020-12-07|em1u
2020-12-08 09:29:00-05:00,2020-12-08 09:31:00-05:00,2020-12-08 09:41:00-05:00,S,12585.0,12536.75,12601.5,16.5,94.5,2.8636363636363638,TP,1,em1u.0800|R|2020-12-08|em1u
2020-12-08 09:59:00-05:00,2020-12-08 11:59:00-05:00,2020-12-08 12:05:00-05:00,S,12583.5,12600.25,12600.0,16.5,-35.5,-1.0757575757575757,SL,1,em1u.1000|R|2020-12-08|em1u
2020-12-08 11:59:00-05:00,2020-12-08 13:09:00-05:00,2020-12-08 13:44:00-05:00,S,12617.25,12634.0,12633.75,16.5,-35.5,-1.0757575757575757,SL,1,em1u.1200|R|2020-12-08|em1u
2020-12-09 13:59:00-05:00,2020-12-09 14:04:00-05:00,2020-12-09 14:23:00-05:00,S,12371.5,12388.0,12387.75,16.25,-35.0,-1.0769230769230769,SL,1,em1u.1400|R|2020-12-09|em1u
2020-12-10 09:29:00-05:00,2020-12-10 09:45:00-05:00,2020-12-10 09:50:00-05:00,S,12330.5,12348.0,12347.75,17.25,-37.0,-1.0724637681159421,SL,1,em1u.0800|R|2020-12-10|em1u
2020-12-10 09:59:00-05:00,2020-12-10 10:20:00-05:00,2020-12-10 10:40:00-05:00,S,12409.25,12426.75,12426.5,17.25,-37.0,-1.0724637681159421,SL,1,em1u.1000|R|2020-12-10|em1u
2020-12-11 09:29:00-05:00,2020-12-11 09:31:00-05:00,2020-12-11 09:33:00-05:00,S,12351.5,12301.0,12368.75,17.25,99.0,2.869565217391304,TP,1,em1u.0800|R|2020-12-11|em1u
2020-12-11 09:59:00-05:00,2020-12-11 10:12:00-05:00,2020-12-11 10:52:00-05:00,S,12352.25,12301.75,12369.5,17.25,99.0,2.869565217391304,TP,1,em1u.1000|R|2020-12-11|em1u
2020-12-11 11:59:00-05:00,2020-12-11 13:37:00-05:00,2020-12-11 13:52:00-05:00,S,12316.0,12333.5,12333.25,17.25,-37.0,-1.0724637681159421,SL,1,em1u.1200|R|2020-12-11|em1u
2020-12-16 09:59:00-05:00,2020-12-16 11:04:00-05:00,2020-12-16 11:52:00-05:00,S,12637.25,12654.25,12654.0,16.75,-36.0,-1.0746268656716418,SL,1,em1u.1000|R|2020-12-16|em1u
2020-12-16 13:59:00-05:00,2020-12-16 14:57:00-05:00,2020-12-16 15:31:00-05:00,S,12682.75,12699.75,12699.5,16.75,-36.0,-1.0746268656716418,SL,1,em1u.1400|R|2020-12-16|em1u
2020-12-18 09:29:00-05:00,2020-12-18 09:30:00-05:00,2020-12-18 09:45:00-05:00,S,12787.0,12741.0,12802.75,15.75,90.0,2.857142857142857,TP,1,em1u.0800|R|2020-12-18|em1u
2020-12-21 09:29:00-05:00,2020-12-21 09:31:00-05:00,2020-12-21 09:33:00-05:00,S,12616.0,12632.0,12631.75,15.75,-34.0,-1.0793650793650793,SL,1,em1u.0800|R|2020-12-21|em1u
2020-12-21 11:59:00-05:00,2020-12-21 12:26:00-05:00,2020-12-21 12:38:00-05:00,S,12620.0,12636.0,12635.75,15.75,-34.0,-1.0793650793650793,SL,1,em1u.1200|R|2020-12-21|em1u
2020-12-22 11:59:00-05:00,2020-12-22 13:18:00-05:00,2020-12-22 13:39:00-05:00,S,12695.0,12711.75,12711.5,16.5,-35.5,-1.0757575757575757,SL,1,em1u.1200|R|2020-12-22|em1u
2020-12-24 09:29:00-05:00,2020-12-24 09:39:00-05:00,2020-12-24 09:45:00-05:00,S,12702.0,12718.0,12717.75,15.75,-34.0,-1.0793650793650793,SL,1,em1u.0800|R|2020-12-24|em1u
2020-12-31 13:59:00-05:00,2020-12-31 14:34:00-05:00,2020-12-31 15:13:00-05:00,S,12847.75,12862.25,12862.0,14.25,-31.0,-1.087719298245614,SL,1,em1u.1400|R|2020-12-31|em1u
2021-01-04 11:59:00-05:00,2021-01-04 13:53:00-05:00,2021-01-04 14:11:00-05:00,S,12669.5,12629.5,12683.25,13.75,78.0,2.8363636363636364,TP,1,em1u.1200|R|2021-01-04|em1u
2021-01-05 09:29:00-05:00,2021-01-05 09:37:00-05:00,2021-01-05 09:40:00-05:00,S,12716.75,12732.5,12732.25,15.5,-33.5,-1.0806451612903225,SL,1,em1u.0800|R|2021-01-05|em1u
2021-01-05 13:59:00-05:00,2021-01-05 14:08:00-05:00,2021-01-05 15:59:00-05:00,S,12789.0,12791.75,12804.5,15.5,-7.5,-0.24193548387096775,time,1,em1u.1400|R|2021-01-05|em1u
2021-01-06 09:29:00-05:00,2021-01-06 09:47:00-05:00,2021-01-06 09:47:00-05:00,S,12628.75,12644.5,12644.25,15.5,-33.5,-1.0806451612903225,SL,1,em1u.0800|R|2021-01-06|em1u
2021-01-06 09:59:00-05:00,2021-01-06 10:10:00-05:00,2021-01-06 10:19:00-05:00,S,12675.25,12691.0,12690.75,15.5,-33.5,-1.0806451612903225,SL,1,em1u.1000|R|2021-01-06|em1u
2021-01-06 11:59:00-05:00,2021-01-06 12:05:00-05:00,2021-01-06 13:25:00-05:00,S,12792.25,12747.0,12807.75,15.5,88.5,2.8548387096774195,TP,1,em1u.1200|R|2021-01-06|em1u
2021-01-07 09:29:00-05:00,2021-01-07 09:32:00-05:00,2021-01-07 09:33:00-05:00,S,12755.5,12772.0,12771.75,16.25,-35.0,-1.0769230769230769,SL,1,em1u.0800|R|2021-01-07|em1u
2021-01-07 09:59:00-05:00,2021-01-07 10:14:00-05:00,2021-01-07 10:48:00-05:00,S,12879.0,12895.5,12895.25,16.25,-35.0,-1.0769230769230769,SL,1,em1u.1000|R|2021-01-07|em1u
2021-01-08 09:29:00-05:00,2021-01-08 09:31:00-05:00,2021-01-08 09:41:00-05:00,S,13033.0,13050.25,13050.0,17.0,-36.5,-1.0735294117647058,SL,1,em1u.0800|R|2021-01-08|em1u
2021-01-08 13:59:00-05:00,2021-01-08 14:50:00-05:00,2021-01-08 14:58:00-05:00,S,13030.0,13047.25,13047.0,17.0,-36.5,-1.0735294117647058,SL,1,em1u.1400|R|2021-01-08|em1u
2021-01-11 09:59:00-05:00,2021-01-11 10:35:00-05:00,2021-01-11 10:50:00-05:00,S,13002.0,12952.25,13019.0,17.0,97.5,2.8676470588235294,TP,1,em1u.1000|R|2021-01-11|em1u
2021-01-13 09:59:00-05:00,2021-01-13 10:40:00-05:00,2021-01-13 11:00:00-05:00,S,12959.75,12977.0,12976.75,17.0,-36.5,-1.0735294117647058,SL,1,em1u.1000|R|2021-01-13|em1u
2021-01-15 11:59:00-05:00,2021-01-15 13:21:00-05:00,2021-01-15 14:27:00-05:00,S,12886.0,12837.75,12902.5,16.5,94.5,2.8636363636363638,TP,1,em1u.1200|R|2021-01-15|em1u
2021-01-19 11:59:00-05:00,2021-01-19 12:45:00-05:00,2021-01-19 13:04:00-05:00,S,12945.75,12961.75,12961.5,15.75,-34.0,-1.0793650793650793,SL,1,em1u.1200|R|2021-01-19|em1u
2021-01-20 09:29:00-05:00,2021-01-20 09:35:00-05:00,2021-01-20 09:36:00-05:00,S,13151.5,13167.75,13167.5,16.0,-34.5,-1.078125,SL,1,em1u.0800|R|2021-01-20|em1u
2021-01-20 09:59:00-05:00,2021-01-20 10:10:00-05:00,2021-01-20 10:11:00-05:00,S,13207.75,13224.0,13223.75,16.0,-34.5,-1.078125,SL,1,em1u.1000|R|2021-01-20|em1u
2021-01-20 11:59:00-05:00,2021-01-20 13:34:00-05:00,2021-01-20 14:43:00-05:00,S,13292.75,13309.0,13308.75,16.0,-34.5,-1.078125,SL,1,em1u.1200|R|2021-01-20|em1u
2021-01-21 09:59:00-05:00,2021-01-21 10:12:00-05:00,2021-01-21 10:17:00-05:00,S,13357.0,13374.0,13373.75,16.75,-36.0,-1.0746268656716418,SL,1,em1u.1000|R|2021-01-21|em1u
2021-01-21 13:59:00-05:00,2021-01-21 14:59:00-05:00,2021-01-21 15:48:00-05:00,S,13405.25,13422.25,13422.0,16.75,-36.0,-1.0746268656716418,SL,1,em1u.1400|R|2021-01-21|em1u
2021-01-22 09:29:00-05:00,2021-01-22 09:31:00-05:00,2021-01-22 09:46:00-05:00,S,13358.75,13375.25,13375.0,16.25,-35.0,-1.0769230769230769,SL,1,em1u.0800|R|2021-01-22|em1u
2021-01-25 09:29:00-05:00,2021-01-25 09:31:00-05:00,2021-01-25 09:34:00-05:00,S,13513.0,13529.0,13528.75,15.75,-34.0,-1.0793650793650793,SL,1,em1u.0800|R|2021-01-25|em1u
2021-01-25 11:59:00-05:00,2021-01-25 13:10:00-05:00,2021-01-25 15:13:00-05:00,S,13440.0,13394.0,13455.75,15.75,90.0,2.857142857142857,TP,1,em1u.1200|R|2021-01-25|em1u
2021-01-26 09:29:00-05:00,2021-01-26 09:31:00-05:00,2021-01-26 09:43:00-05:00,S,13507.75,13458.75,13524.5,16.75,96.0,2.8656716417910446,TP,1,em1u.0800|R|2021-01-26|em1u
2021-01-26 09:59:00-05:00,2021-01-26 10:49:00-05:00,2021-01-26 11:44:00-05:00,S,13519.25,13470.25,13536.0,16.75,96.0,2.8656716417910446,TP,1,em1u.1000|R|2021-01-26|em1u
2021-01-26 11:59:00-05:00,2021-01-26 13:26:00-05:00,2021-01-26 15:59:00-05:00,S,13500.5,13485.25,13517.25,16.75,28.5,0.8507462686567164,time,1,em1u.1200|R|2021-01-26|em1u
2021-01-27 09:59:00-05:00,2021-01-27 10:04:00-05:00,2021-01-27 10:06:00-05:00,S,13324.25,13341.25,13341.0,16.75,-36.0,-1.0746268656716418,SL,1,em1u.1000|R|2021-01-27|em1u
2021-01-27 11:59:00-05:00,2021-01-27 12:13:00-05:00,2021-01-27 12:15:00-05:00,S,13261.5,13278.5,13278.25,16.75,-36.0,-1.0746268656716418,SL,1,em1u.1200|R|2021-01-27|em1u
2021-01-28 09:59:00-05:00,2021-01-28 10:05:00-05:00,2021-01-28 10:15:00-05:00,S,13241.0,13260.75,13260.5,19.5,-41.5,-1.064102564102564,SL,1,em1u.1000|R|2021-01-28|em1u
2021-01-28 11:59:00-05:00,2021-01-28 12:24:00-05:00,2021-01-28 12:48:00-05:00,S,13361.0,13380.75,13380.5,19.5,-41.5,-1.064102564102564,SL,1,em1u.1200|R|2021-01-28|em1u
2021-01-29 09:59:00-05:00,2021-01-29 10:23:00-05:00,2021-01-29 10:43:00-05:00,S,13139.25,13077.5,13160.25,21.0,121.5,2.892857142857143,TP,1,em1u.1000|R|2021-01-29|em1u
2021-01-29 13:59:00-05:00,2021-01-29 14:07:00-05:00,2021-01-29 14:33:00-05:00,S,12946.0,12884.25,12967.0,21.0,121.5,2.892857142857143,TP,1,em1u.1400|R|2021-01-29|em1u
2021-02-01 09:59:00-05:00,2021-02-01 10:27:00-05:00,2021-02-01 10:34:00-05:00,S,13077.25,13099.0,13098.75,21.5,-45.5,-1.058139534883721,SL,1,em1u.1000|R|2021-02-01|em1u
2021-02-01 11:59:00-05:00,2021-02-01 12:23:00-05:00,2021-02-01 13:02:00-05:00,S,13237.5,13259.25,13259.0,21.5,-45.5,-1.058139534883721,SL,1,em1u.1200|R|2021-02-01|em1u
2021-02-02 09:29:00-05:00,2021-02-02 09:38:00-05:00,2021-02-02 10:18:00-05:00,S,13401.0,13424.5,13424.25,23.25,-49.0,-1.053763440860215,SL,1,em1u.0800|R|2021-02-02|em1u
2021-02-02 09:59:00-05:00,2021-02-02 11:50:00-05:00,2021-02-02 12:14:00-05:00,S,13445.0,13468.5,13468.25,23.25,-49.0,-1.053763440860215,SL,1,em1u.1000|R|2021-02-02|em1u
2021-02-05 11:59:00-05:00,2021-02-05 12:56:00-05:00,2021-02-05 15:59:00-05:00,S,13630.25,13597.0,13652.5,22.25,64.5,1.449438202247191,time,1,em1u.1200|R|2021-02-05|em1u
2021-02-10 13:59:00-05:00,2021-02-10 14:34:00-05:00,2021-02-10 15:44:00-05:00,S,13683.5,13626.25,13703.0,19.5,112.5,2.8846153846153846,TP,1,em1u.1400|R|2021-02-10|em1u
2021-02-11 09:59:00-05:00,2021-02-11 10:50:00-05:00,2021-02-11 12:19:00-05:00,S,13741.75,13683.75,13761.5,19.75,114.0,2.8860759493670884,TP,1,em1u.1000|R|2021-02-11|em1u
2021-02-12 09:59:00-05:00,2021-02-12 11:12:00-05:00,2021-02-12 15:36:00-05:00,S,13742.25,13761.5,13761.25,19.0,-40.5,-1.0657894736842106,SL,1,em1u.1000|R|2021-02-12|em1u
2021-02-16 11:59:00-05:00,2021-02-16 12:55:00-05:00,2021-02-16 15:59:00-05:00,S,13785.75,13764.75,13803.5,17.75,40.0,1.1267605633802817,time,1,em1u.1200|R|2021-02-16|em1u
2021-02-16 13:59:00-05:00,2021-02-16 14:27:00-05:00,2021-02-16 15:59:00-05:00,S,13790.5,13764.75,13808.25,17.75,49.5,1.3943661971830985,time,1,em1u.1400|R|2021-02-16|em1u
2021-02-17 11:59:00-05:00,2021-02-17 12:44:00-05:00,2021-02-17 13:07:00-05:00,S,13635.0,13652.75,13652.5,17.5,-37.5,-1.0714285714285714,SL,1,em1u.1200|R|2021-02-17|em1u
2021-02-18 11:59:00-05:00,2021-02-18 12:47:00-05:00,2021-02-18 13:21:00-05:00,S,13567.5,13585.5,13585.25,17.75,-38.0,-1.0704225352112675,SL,1,em1u.1200|R|2021-02-18|em1u
2021-02-18 13:59:00-05:00,2021-02-18 14:58:00-05:00,2021-02-18 15:03:00-05:00,S,13636.0,13654.0,13653.75,17.75,-38.0,-1.0704225352112675,SL,1,em1u.1400|R|2021-02-18|em1u
2021-02-22 09:29:00-05:00,2021-02-22 09:47:00-05:00,2021-02-22 10:18:00-05:00,S,13428.75,13376.75,13446.5,17.75,102.0,2.8732394366197185,TP,1,em1u.0800|R|2021-02-22|em1u
2021-02-22 11:59:00-05:00,2021-02-22 13:29:00-05:00,2021-02-22 13:55:00-05:00,S,13360.75,13378.75,13378.5,17.75,-38.0,-1.0704225352112675,SL,1,em1u.1200|R|2021-02-22|em1u
2021-02-23 09:59:00-05:00,2021-02-23 10:04:00-05:00,2021-02-23 10:08:00-05:00,S,12926.5,12945.5,12945.25,18.75,-40.0,-1.0666666666666667,SL,1,em1u.1000|R|2021-02-23|em1u
2021-02-23 11:59:00-05:00,2021-02-23 13:23:00-05:00,2021-02-23 13:27:00-05:00,S,13019.75,13038.75,13038.5,18.75,-40.0,-1.0666666666666667,SL,1,em1u.1200|R|2021-02-23|em1u
2021-02-23 13:59:00-05:00,2021-02-23 14:51:00-05:00,2021-02-23 14:54:00-05:00,S,13092.0,13111.0,13110.75,18.75,-40.0,-1.0666666666666667,SL,1,em1u.1400|R|2021-02-23|em1u
2021-02-24 09:59:00-05:00,2021-02-24 10:27:00-05:00,2021-02-24 10:56:00-05:00,S,13083.5,13104.5,13104.25,20.75,-44.0,-1.0602409638554218,SL,1,em1u.1000|R|2021-02-24|em1u
2021-02-24 11:59:00-05:00,2021-02-24 12:32:00-05:00,2021-02-24 13:04:00-05:00,S,13235.75,13174.75,13256.5,20.75,120.0,2.891566265060241,TP,1,em1u.1200|R|2021-02-24|em1u
2021-02-25 09:29:00-05:00,2021-02-25 09:32:00-05:00,2021-02-25 09:34:00-05:00,S,13228.75,13250.5,13250.25,21.5,-45.5,-1.058139534883721,SL,1,em1u.0800|R|2021-02-25|em1u
2021-02-25 13:59:00-05:00,2021-02-25 14:05:00-05:00,2021-02-25 14:09:00-05:00,S,12962.0,12983.75,12983.5,21.5,-45.5,-1.058139534883721,SL,1,em1u.1400|R|2021-02-25|em1u
2021-02-26 09:59:00-05:00,2021-02-26 10:46:00-05:00,2021-02-26 10:53:00-05:00,S,12936.75,12960.25,12960.0,23.25,-49.0,-1.053763440860215,SL,1,em1u.1000|R|2021-02-26|em1u
2021-02-26 11:59:00-05:00,2021-02-26 12:14:00-05:00,2021-02-26 12:56:00-05:00,S,13076.5,13008.0,13099.75,23.25,135.0,2.903225806451613,TP,1,em1u.1200|R|2021-02-26|em1u
2021-03-01 09:59:00-05:00,2021-03-01 10:42:00-05:00,2021-03-01 10:57:00-05:00,S,13166.75,13191.25,13191.0,24.25,-51.0,-1.0515463917525774,SL,1,em1u.1000|R|2021-03-01|em1u
2021-03-01 13:59:00-05:00,2021-03-01 14:53:00-05:00,2021-03-01 15:59:00-05:00,S,13276.0,13274.75,13300.25,24.25,0.5,0.010309278350515464,time,1,em1u.1400|R|2021-03-01|em1u
2021-03-02 11:59:00-05:00,2021-03-02 13:39:00-05:00,2021-03-02 14:28:00-05:00,S,13208.75,13135.75,13233.5,24.75,144.0,2.909090909090909,TP,1,em1u.1200|R|2021-03-02|em1u
2021-03-04 09:29:00-05:00,2021-03-04 09:32:00-05:00,2021-03-04 09:35:00-05:00,S,12726.75,12753.0,12752.75,26.0,-54.5,-1.0480769230769231,SL,1,em1u.0800|R|2021-03-04|em1u
2021-03-04 09:59:00-05:00,2021-03-04 10:37:00-05:00,2021-03-04 10:41:00-05:00,S,12661.25,12687.5,12687.25,26.0,-54.5,-1.0480769230769231,SL,1,em1u.1000|R|2021-03-04|em1u
2021-03-04 13:59:00-05:00,2021-03-04 14:08:00-05:00,2021-03-04 14:20:00-05:00,S,12383.0,12409.25,12409.0,26.0,-54.5,-1.0480769230769231,SL,1,em1u.1400|R|2021-03-04|em1u
2021-03-05 11:59:00-05:00,2021-03-05 12:25:00-05:00,2021-03-05 12:38:00-05:00,S,12438.25,12465.25,12465.0,26.75,-56.0,-1.0467289719626167,SL,1,em1u.1200|R|2021-03-05|em1u
2021-03-05 13:59:00-05:00,2021-03-05 14:58:00-05:00,2021-03-05 15:39:00-05:00,S,12670.5,12697.5,12697.25,26.75,-56.0,-1.0467289719626167,SL,1,em1u.1400|R|2021-03-05|em1u
2021-03-08 09:59:00-05:00,2021-03-08 10:18:00-05:00,2021-03-08 10:20:00-05:00,S,12664.75,12692.75,12692.5,27.75,-58.0,-1.045045045045045,SL,1,em1u.1000|R|2021-03-08|em1u
2021-03-09 09:29:00-05:00,2021-03-09 09:30:00-05:00,2021-03-09 09:49:00-05:00,S,12629.25,12658.0,12657.75,28.5,-59.5,-1.043859649122807,SL,1,em1u.0800|R|2021-03-09|em1u
2021-03-09 11:59:00-05:00,2021-03-09 13:16:00-05:00,2021-03-09 15:11:00-05:00,S,12837.0,12865.75,12865.5,28.5,-59.5,-1.043859649122807,SL,1,em1u.1200|R|2021-03-09|em1u
2021-03-11 09:59:00-05:00,2021-03-11 11:23:00-05:00,2021-03-11 11:43:00-05:00,S,13054.25,13083.75,13083.5,29.25,-61.0,-1.0427350427350428,SL,1,em1u.1000|R|2021-03-11|em1u
2021-03-16 09:29:00-04:00,2021-03-16 09:59:00-04:00,2021-03-16 10:29:00-04:00,S,13234.5,13263.0,13262.75,28.25,-59.0,-1.0442477876106195,SL,1,em1u.0800|R|2021-03-16|em1u
2021-03-19 09:59:00-04:00,2021-03-19 11:02:00-04:00,2021-03-19 11:25:00-04:00,S,12845.5,12761.25,12874.0,28.5,166.5,2.9210526315789473,TP,1,em1u.1000|R|2021-03-19|em1u
2021-03-22 09:29:00-04:00,2021-03-22 09:55:00-04:00,2021-03-22 10:45:00-04:00,S,13017.25,13045.25,13045.0,27.75,-58.0,-1.045045045045045,SL,1,em1u.0800|R|2021-03-22|em1u
2021-03-22 09:59:00-04:00,2021-03-22 11:11:00-04:00,2021-03-22 12:05:00-04:00,S,13072.5,13100.5,13100.25,27.75,-58.0,-1.045045045045045,SL,1,em1u.1000|R|2021-03-22|em1u
2021-03-22 11:59:00-04:00,2021-03-22 12:43:00-04:00,2021-03-22 15:59:00-04:00,S,13141.75,13071.0,13169.5,27.75,139.5,2.5135135135135136,time,1,em1u.1200|R|2021-03-22|em1u
2021-03-23 09:59:00-04:00,2021-03-23 11:06:00-04:00,2021-03-23 11:18:00-04:00,S,13138.0,13166.25,13166.0,28.0,-58.5,-1.0446428571428572,SL,1,em1u.1000|R|2021-03-23|em1u
2021-03-24 09:59:00-04:00,2021-03-24 11:00:00-04:00,2021-03-24 11:25:00-04:00,S,13014.0,13041.25,13041.0,27.0,-56.5,-1.0462962962962963,SL,1,em1u.1000|R|2021-03-24|em1u
2021-03-25 09:29:00-04:00,2021-03-25 09:40:00-04:00,2021-03-25 10:02:00-04:00,S,12793.25,12820.75,12820.5,27.25,-57.0,-1.0458715596330275,SL,1,em1u.0800|R|2021-03-25|em1u
2021-03-25 11:59:00-04:00,2021-03-25 12:25:00-04:00,2021-03-25 13:15:00-04:00,S,12755.25,12782.75,12782.5,27.25,-57.0,-1.0458715596330275,SL,1,em1u.1200|R|2021-03-25|em1u
2021-03-25 13:59:00-04:00,2021-03-25 14:52:00-04:00,2021-03-25 14:58:00-04:00,S,12755.25,12782.75,12782.5,27.25,-57.0,-1.0458715596330275,SL,1,em1u.1400|R|2021-03-25|em1u
2021-03-26 09:29:00-04:00,2021-03-26 09:32:00-04:00,2021-03-26 09:40:00-04:00,S,12790.75,12817.75,12817.5,26.75,-56.0,-1.0467289719626167,SL,1,em1u.0800|R|2021-03-26|em1u
2021-03-26 09:59:00-04:00,2021-03-26 10:45:00-04:00,2021-03-26 11:12:00-04:00,S,12861.25,12782.25,12888.0,26.75,156.0,2.9158878504672896,TP,1,em1u.1000|R|2021-03-26|em1u
2021-03-29 09:59:00-04:00,2021-03-29 11:54:00-04:00,2021-03-29 12:42:00-04:00,S,12910.0,12936.75,12936.5,26.5,-55.5,-1.0471698113207548,SL,1,em1u.1000|R|2021-03-29|em1u
2021-03-29 11:59:00-04:00,2021-03-29 12:54:00-04:00,2021-03-29 13:02:00-04:00,S,12955.25,12982.0,12981.75,26.5,-55.5,-1.0471698113207548,SL,1,em1u.1200|R|2021-03-29|em1u
2021-03-30 09:59:00-04:00,2021-03-30 11:32:00-04:00,2021-03-30 11:40:00-04:00,S,12887.25,12913.25,12913.0,25.75,-54.0,-1.0485436893203883,SL,1,em1u.1000|R|2021-03-30|em1u
2021-03-31 09:29:00-04:00,2021-03-31 09:40:00-04:00,2021-03-31 09:50:00-04:00,S,13008.75,13034.25,13034.0,25.25,-53.0,-1.0495049504950495,SL,1,em1u.0800|R|2021-03-31|em1u
2021-03-31 09:59:00-04:00,2021-03-31 10:40:00-04:00,2021-03-31 12:02:00-04:00,S,13108.75,13134.25,13134.0,25.25,-53.0,-1.0495049504950495,SL,1,em1u.1000|R|2021-03-31|em1u
2021-04-01 09:29:00-04:00,2021-04-01 09:33:00-04:00,2021-04-01 09:51:00-04:00,S,13273.75,13299.25,13299.0,25.25,-53.0,-1.0495049504950495,SL,1,em1u.0800|R|2021-04-01|em1u
2021-04-05 09:29:00-04:00,2021-04-05 09:33:00-04:00,2021-04-05 09:45:00-04:00,S,13432.0,13455.75,13455.5,23.5,-49.5,-1.053191489361702,SL,1,em1u.0800|R|2021-04-05|em1u
2021-04-05 09:59:00-04:00,2021-04-05 10:31:00-04:00,2021-04-05 11:35:00-04:00,S,13524.5,13548.25,13548.0,23.5,-49.5,-1.053191489361702,SL,1,em1u.1000|R|2021-04-05|em1u
2021-04-05 11:59:00-04:00,2021-04-05 13:51:00-04:00,2021-04-05 14:40:00-04:00,S,13589.5,13613.25,13613.0,23.5,-49.5,-1.053191489361702,SL,1,em1u.1200|R|2021-04-05|em1u
2021-04-06 09:59:00-04:00,2021-04-06 11:16:00-04:00,2021-04-06 13:12:00-04:00,S,13645.25,13576.0,13668.75,23.5,136.5,2.904255319148936,TP,1,em1u.1000|R|2021-04-06|em1u
2021-04-07 09:59:00-04:00,2021-04-07 11:02:00-04:00,2021-04-07 15:59:00-04:00,S,13623.0,13604.75,13645.5,22.5,34.5,0.7666666666666667,time,1,em1u.1000|R|2021-04-07|em1u
2021-04-09 09:59:00-04:00,2021-04-09 11:54:00-04:00,2021-04-09 13:33:00-04:00,S,13762.0,13783.5,13783.25,21.25,-45.0,-1.0588235294117647,SL,1,em1u.1000|R|2021-04-09|em1u
2021-04-12 09:59:00-04:00,2021-04-12 10:22:00-04:00,2021-04-12 10:42:00-04:00,S,13805.25,13744.25,13826.0,20.75,120.0,2.891566265060241,TP,1,em1u.1000|R|2021-04-12|em1u
2021-04-12 11:59:00-04:00,2021-04-12 13:00:00-04:00,2021-04-12 15:59:00-04:00,S,13819.5,13812.0,13840.25,20.75,13.0,0.3132530120481928,time,1,em1u.1200|R|2021-04-12|em1u
2021-04-13 11:59:00-04:00,2021-04-13 13:36:00-04:00,2021-04-13 14:35:00-04:00,S,13939.75,13960.0,13959.75,20.0,-42.5,-1.0625,SL,1,em1u.1200|R|2021-04-13|em1u
2021-04-13 13:59:00-04:00,2021-04-13 14:59:00-04:00,2021-04-13 15:20:00-04:00,S,13970.0,13990.25,13990.0,20.0,-42.5,-1.0625,SL,1,em1u.1400|R|2021-04-13|em1u
2021-04-15 09:29:00-04:00,2021-04-15 09:31:00-04:00,2021-04-15 09:33:00-04:00,S,13946.75,13966.75,13966.5,19.75,-42.0,-1.0632911392405062,SL,1,em1u.0800|R|2021-04-15|em1u
2021-04-15 09:59:00-04:00,2021-04-15 10:29:00-04:00,2021-04-15 11:05:00-04:00,S,13988.75,14008.75,14008.5,19.75,-42.0,-1.0632911392405062,SL,1,em1u.1000|R|2021-04-15|em1u
2021-04-15 11:59:00-04:00,2021-04-15 12:36:00-04:00,2021-04-15 13:01:00-04:00,S,13994.0,14014.0,14013.75,19.75,-42.0,-1.0632911392405062,SL,1,em1u.1200|R|2021-04-15|em1u
2021-04-16 09:59:00-04:00,2021-04-16 10:07:00-04:00,2021-04-16 10:10:00-04:00,S,13997.25,14017.25,14017.0,19.75,-42.0,-1.0632911392405062,SL,1,em1u.1000|R|2021-04-16|em1u
2021-04-16 13:59:00-04:00,2021-04-16 14:46:00-04:00,2021-04-16 15:59:00-04:00,S,14032.5,14031.25,14052.25,19.75,0.5,0.012658227848101266,time,1,em1u.1400|R|2021-04-16|em1u
2021-04-20 09:29:00-04:00,2021-04-20 09:30:00-04:00,2021-04-20 09:45:00-04:00,S,13894.75,13914.0,13913.75,19.0,-40.5,-1.0657894736842106,SL,1,em1u.0800|R|2021-04-20|em1u
2021-04-20 11:59:00-04:00,2021-04-20 12:21:00-04:00,2021-04-20 13:24:00-04:00,S,13803.5,13747.75,13822.5,19.0,109.5,2.8815789473684212,TP,1,em1u.1200|R|2021-04-20|em1u
2021-04-21 09:29:00-04:00,2021-04-21 09:59:00-04:00,2021-04-21 10:27:00-04:00,S,13798.75,13818.0,13817.75,19.0,-40.5,-1.0657894736842106,SL,1,em1u.0800|R|2021-04-21|em1u
2021-04-21 09:59:00-04:00,2021-04-21 11:17:00-04:00,2021-04-21 11:32:00-04:00,S,13838.5,13857.75,13857.5,19.0,-40.5,-1.0657894736842106,SL,1,em1u.1000|R|2021-04-21|em1u
2021-04-22 09:59:00-04:00,2021-04-22 10:29:00-04:00,2021-04-22 10:47:00-04:00,S,13917.75,13936.75,13936.5,18.75,-40.0,-1.0666666666666667,SL,1,em1u.1000|R|2021-04-22|em1u
2021-04-22 13:59:00-04:00,2021-04-22 14:28:00-04:00,2021-04-22 14:44:00-04:00,S,13769.75,13788.75,13788.5,18.75,-40.0,-1.0666666666666667,SL,1,em1u.1400|R|2021-04-22|em1u
2021-04-23 09:29:00-04:00,2021-04-23 09:31:00-04:00,2021-04-23 09:51:00-04:00,S,13809.5,13828.75,13828.5,19.0,-40.5,-1.0657894736842106,SL,1,em1u.0800|R|2021-04-23|em1u
2021-04-23 09:59:00-04:00,2021-04-23 10:47:00-04:00,2021-04-23 11:15:00-04:00,S,13866.25,13885.5,13885.25,19.0,-40.5,-1.0657894736842106,SL,1,em1u.1000|R|2021-04-23|em1u
2021-04-23 11:59:00-04:00,2021-04-23 13:37:00-04:00,2021-04-23 15:59:00-04:00,S,13963.0,13924.75,13982.0,19.0,74.5,1.9605263157894737,time,1,em1u.1200|R|2021-04-23|em1u
2021-04-26 09:59:00-04:00,2021-04-26 10:49:00-04:00,2021-04-26 11:15:00-04:00,S,13970.25,13989.5,13989.25,19.0,-40.5,-1.0657894736842106,SL,1,em1u.1000|R|2021-04-26|em1u
2021-04-28 09:29:00-04:00,2021-04-28 09:56:00-04:00,2021-04-28 10:35:00-04:00,S,13963.5,13910.75,13981.5,18.0,103.5,2.875,TP,1,em1u.0800|R|2021-04-28|em1u
2021-04-28 13:59:00-04:00,2021-04-28 14:03:00-04:00,2021-04-28 14:38:00-04:00,S,13944.0,13962.25,13962.0,18.0,-38.5,-1.0694444444444444,SL,1,em1u.1400|R|2021-04-28|em1u
2021-04-29 11:59:00-04:00,2021-04-29 13:11:00-04:00,2021-04-29 13:44:00-04:00,S,13898.75,13916.5,13916.25,17.5,-37.5,-1.0714285714285714,SL,1,em1u.1200|R|2021-04-29|em1u
2021-04-29 13:59:00-04:00,2021-04-29 14:42:00-04:00,2021-04-29 15:07:00-04:00,S,13961.25,13979.0,13978.75,17.5,-37.5,-1.0714285714285714,SL,1,em1u.1400|R|2021-04-29|em1u
2021-04-30 09:29:00-04:00,2021-04-30 09:59:00-04:00,2021-04-30 10:23:00-04:00,S,13906.25,13924.25,13924.0,17.75,-38.0,-1.0704225352112675,SL,1,em1u.0800|R|2021-04-30|em1u
2021-04-30 09:59:00-04:00,2021-04-30 10:29:00-04:00,2021-04-30 11:00:00-04:00,S,13944.25,13892.25,13962.0,17.75,102.0,2.8732394366197185,TP,1,em1u.1000|R|2021-04-30|em1u
2021-04-30 13:59:00-04:00,2021-04-30 15:00:00-04:00,2021-04-30 15:59:00-04:00,S,13875.75,13861.0,13893.5,17.75,27.5,0.7746478873239436,time,1,em1u.1400|R|2021-04-30|em1u
2021-05-03 09:59:00-04:00,2021-05-03 10:07:00-04:00,2021-05-03 10:14:00-04:00,S,13911.5,13929.0,13928.75,17.25,-37.0,-1.0724637681159421,SL,1,em1u.1000|R|2021-05-03|em1u
2021-05-04 11:59:00-04:00,2021-05-04 12:10:00-04:00,2021-05-04 13:15:00-04:00,S,13438.75,13456.0,13455.75,17.0,-36.5,-1.0735294117647058,SL,1,em1u.1200|R|2021-05-04|em1u
2021-05-04 13:59:00-04:00,2021-05-04 14:14:00-04:00,2021-05-04 14:50:00-04:00,S,13471.75,13489.0,13488.75,17.0,-36.5,-1.0735294117647058,SL,1,em1u.1400|R|2021-05-04|em1u
2021-05-05 09:29:00-04:00,2021-05-05 09:32:00-04:00,2021-05-05 09:57:00-04:00,S,13656.25,13602.75,13674.5,18.25,105.0,2.8767123287671232,TP,1,em1u.0800|R|2021-05-05|em1u
2021-05-06 09:59:00-04:00,2021-05-06 10:37:00-04:00,2021-05-06 10:41:00-04:00,S,13466.25,13484.5,13484.25,18.0,-38.5,-1.0694444444444444,SL,1,em1u.1000|R|2021-05-06|em1u
2021-05-06 11:59:00-04:00,2021-05-06 12:32:00-04:00,2021-05-06 13:14:00-04:00,S,13586.5,13533.75,13604.5,18.0,103.5,2.875,TP,1,em1u.1200|R|2021-05-06|em1u
2021-05-07 09:59:00-04:00,2021-05-07 10:08:00-04:00,2021-05-07 10:15:00-04:00,S,13765.0,13783.25,13783.0,18.0,-38.5,-1.0694444444444444,SL,1,em1u.1000|R|2021-05-07|em1u
2021-05-07 13:59:00-04:00,2021-05-07 14:58:00-04:00,2021-05-07 15:17:00-04:00,S,13723.0,13741.25,13741.0,18.0,-38.5,-1.0694444444444444,SL,1,em1u.1400|R|2021-05-07|em1u
2021-05-11 09:29:00-04:00,2021-05-11 09:36:00-04:00,2021-05-11 09:40:00-04:00,S,13163.75,13183.25,13183.0,19.25,-41.0,-1.0649350649350648,SL,1,em1u.0800|R|2021-05-11|em1u
2021-05-11 09:59:00-04:00,2021-05-11 11:30:00-04:00,2021-05-11 12:08:00-04:00,S,13316.25,13335.75,13335.5,19.25,-41.0,-1.0649350649350648,SL,1,em1u.1000|R|2021-05-11|em1u
2021-05-11 11:59:00-04:00,2021-05-11 13:28:00-04:00,2021-05-11 14:29:00-04:00,S,13354.0,13373.5,13373.25,19.25,-41.0,-1.0649350649350648,SL,1,em1u.1200|R|2021-05-11|em1u
2021-05-12 11:59:00-04:00,2021-05-12 13:01:00-04:00,2021-05-12 13:04:00-04:00,S,13064.25,13084.25,13084.0,19.75,-42.0,-1.0632911392405062,SL,1,em1u.1200|R|2021-05-12|em1u
2021-05-12 13:59:00-04:00,2021-05-12 14:51:00-04:00,2021-05-12 15:04:00-04:00,S,13071.75,13013.75,13091.5,19.75,114.0,2.8860759493670884,TP,1,em1u.1400|R|2021-05-12|em1u
2021-05-13 09:59:00-04:00,2021-05-13 10:13:00-04:00,2021-05-13 11:06:00-04:00,S,13211.75,13150.75,13232.5,20.75,120.0,2.891566265060241,TP,1,em1u.1000|R|2021-05-13|em1u
2021-05-13 11:59:00-04:00,2021-05-13 12:15:00-04:00,2021-05-13 12:56:00-04:00,S,13133.0,13072.0,13153.75,20.75,120.0,2.891566265060241,TP,1,em1u.1200|R|2021-05-13|em1u
2021-05-13 13:59:00-04:00,2021-05-13 14:06:00-04:00,2021-05-13 14:07:00-04:00,S,13093.75,13114.75,13114.5,20.75,-44.0,-1.0602409638554218,SL,1,em1u.1400|R|2021-05-13|em1u
2021-05-14 09:59:00-04:00,2021-05-14 10:57:00-04:00,2021-05-14 11:35:00-04:00,S,13322.75,13344.0,13343.75,21.0,-44.5,-1.0595238095238095,SL,1,em1u.1000|R|2021-05-14|em1u
2021-05-14 13:59:00-04:00,2021-05-14 14:54:00-04:00,2021-05-14 15:59:00-04:00,S,13424.5,13384.75,13445.5,21.0,77.5,1.8452380952380953,time,1,em1u.1400|R|2021-05-14|em1u
2021-05-18 09:59:00-04:00,2021-05-18 10:30:00-04:00,2021-05-18 14:04:00-04:00,S,13383.5,13320.25,13405.0,21.5,124.5,2.895348837209302,TP,1,em1u.1000|R|2021-05-18|em1u
2021-05-19 09:29:00-04:00,2021-05-19 09:43:00-04:00,2021-05-19 10:25:00-04:00,S,13060.75,13082.5,13082.25,21.5,-45.5,-1.058139534883721,SL,1,em1u.0800|R|2021-05-19|em1u
2021-05-19 09:59:00-04:00,2021-05-19 10:27:00-04:00,2021-05-19 11:08:00-04:00,S,13097.75,13119.5,13119.25,21.5,-45.5,-1.058139534883721,SL,1,em1u.1000|R|2021-05-19|em1u
2021-05-19 11:59:00-04:00,2021-05-19 13:07:00-04:00,2021-05-19 14:05:00-04:00,S,13189.0,13125.75,13210.5,21.5,124.5,2.895348837209302,TP,1,em1u.1200|R|2021-05-19|em1u
2021-05-19 13:59:00-04:00,2021-05-19 14:23:00-04:00,2021-05-19 14:30:00-04:00,S,13220.5,13242.25,13242.0,21.5,-45.5,-1.058139534883721,SL,1,em1u.1400|R|2021-05-19|em1u
2021-05-20 09:59:00-04:00,2021-05-20 10:45:00-04:00,2021-05-20 11:28:00-04:00,S,13442.75,13464.5,13464.25,21.5,-45.5,-1.058139534883721,SL,1,em1u.1000|R|2021-05-20|em1u
2021-05-24 09:29:00-04:00,2021-05-24 09:37:00-04:00,2021-05-24 09:40:00-04:00,S,13551.0,13573.0,13572.75,21.75,-46.0,-1.0574712643678161,SL,1,em1u.0800|R|2021-05-24|em1u
2021-05-24 09:59:00-04:00,2021-05-24 10:22:00-04:00,2021-05-24 11:44:00-04:00,S,13635.25,13657.25,13657.0,21.75,-46.0,-1.0574712643678161,SL,1,em1u.1000|R|2021-05-24|em1u
2021-05-27 09:59:00-04:00,2021-05-27 10:18:00-04:00,2021-05-27 10:44:00-04:00,S,13700.5,13720.75,13720.5,20.0,-42.5,-1.0625,SL,1,em1u.1000|R|2021-05-27|em1u
2021-06-02 09:29:00-04:00,2021-06-02 09:45:00-04:00,2021-06-02 09:55:00-04:00,S,13689.5,13707.0,13706.75,17.25,-37.0,-1.0724637681159421,SL,1,em1u.0800|R|2021-06-02|em1u
2021-06-03 09:29:00-04:00,2021-06-03 09:30:00-04:00,2021-06-03 09:39:00-04:00,S,13564.0,13515.0,13580.75,16.75,96.0,2.8656716417910446,TP,1,em1u.0800|R|2021-06-03|em1u
2021-06-03 09:59:00-04:00,2021-06-03 10:09:00-04:00,2021-06-03 10:10:00-04:00,S,13527.75,13544.75,13544.5,16.75,-36.0,-1.0746268656716418,SL,1,em1u.1000|R|2021-06-03|em1u
2021-06-03 11:59:00-04:00,2021-06-03 13:10:00-04:00,2021-06-03 14:59:00-04:00,S,13582.25,13533.25,13599.0,16.75,96.0,2.8656716417910446,TP,1,em1u.1200|R|2021-06-03|em1u
2021-06-04 09:59:00-04:00,2021-06-04 10:02:00-04:00,2021-06-04 10:16:00-04:00,S,13731.0,13748.25,13748.0,17.0,-36.5,-1.0735294117647058,SL,1,em1u.1000|R|2021-06-04|em1u
2021-06-07 13:59:00-04:00,2021-06-07 14:56:00-04:00,2021-06-07 15:09:00-04:00,S,13769.5,13787.25,13787.0,17.5,-37.5,-1.0714285714285714,SL,1,em1u.1400|R|2021-06-07|em1u
2021-06-08 09:29:00-04:00,2021-06-08 09:40:00-04:00,2021-06-08 09:52:00-04:00,S,13906.25,13855.75,13923.5,17.25,99.0,2.869565217391304,TP,1,em1u.0800|R|2021-06-08|em1u
2021-06-08 11:59:00-04:00,2021-06-08 12:50:00-04:00,2021-06-08 14:57:00-04:00,S,13814.75,13832.25,13832.0,17.25,-37.0,-1.0724637681159421,SL,1,em1u.1200|R|2021-06-08|em1u
2021-06-08 13:59:00-04:00,2021-06-08 14:57:00-04:00,2021-06-08 15:59:00-04:00,S,13832.0,13809.25,13849.25,17.25,43.5,1.2608695652173914,time,1,em1u.1400|R|2021-06-08|em1u
2021-06-09 09:29:00-04:00,2021-06-09 09:37:00-04:00,2021-06-09 10:11:00-04:00,S,13888.25,13838.5,13905.25,17.0,97.5,2.8676470588235294,TP,1,em1u.0800|R|2021-06-09|em1u
2021-06-09 11:59:00-04:00,2021-06-09 12:31:00-04:00,2021-06-09 15:44:00-04:00,S,13860.75,13811.0,13877.75,17.0,97.5,2.8676470588235294,TP,1,em1u.1200|R|2021-06-09|em1u
2021-06-10 11:59:00-04:00,2021-06-10 13:56:00-04:00,2021-06-10 15:59:00-04:00,S,13953.25,13960.25,13969.5,16.25,-16.0,-0.49230769230769234,time,1,em1u.1200|R|2021-06-10|em1u
2021-06-16 09:29:00-04:00,2021-06-16 09:31:00-04:00,2021-06-16 09:50:00-04:00,S,14063.0,14078.75,14078.5,15.5,-33.5,-1.0806451612903225,SL,1,em1u.0800|R|2021-06-16|em1u
2021-06-17 09:59:00-04:00,2021-06-17 10:19:00-04:00,2021-06-17 10:22:00-04:00,S,14060.5,14076.5,14076.25,15.75,-34.0,-1.0793650793650793,SL,1,em1u.1000|R|2021-06-17|em1u
2021-06-17 11:59:00-04:00,2021-06-17 13:41:00-04:00,2021-06-17 15:13:00-04:00,S,14178.25,14194.25,14194.0,15.75,-34.0,-1.0793650793650793,SL,1,em1u.1200|R|2021-06-17|em1u
2021-06-18 11:59:00-04:00,2021-06-18 12:29:00-04:00,2021-06-18 13:11:00-04:00,S,14087.75,14104.75,14104.5,16.75,-36.0,-1.0746268656716418,SL,1,em1u.1200|R|2021-06-18|em1u
2021-06-21 09:59:00-04:00,2021-06-21 10:45:00-04:00,2021-06-21 10:56:00-04:00,S,14094.75,14111.75,14111.5,16.75,-36.0,-1.0746268656716418,SL,1,em1u.1000|R|2021-06-21|em1u
2021-06-22 09:59:00-04:00,2021-06-22 10:31:00-04:00,2021-06-22 11:20:00-04:00,S,14181.0,14197.75,14197.5,16.5,-35.5,-1.0757575757575757,SL,1,em1u.1000|R|2021-06-22|em1u
2021-06-23 09:29:00-04:00,2021-06-23 09:45:00-04:00,2021-06-23 11:05:00-04:00,S,14300.25,14251.25,14317.0,16.75,96.0,2.8656716417910446,TP,1,em1u.0800|R|2021-06-23|em1u
2021-06-24 09:29:00-04:00,2021-06-24 09:37:00-04:00,2021-06-24 10:29:00-04:00,S,14384.25,14400.5,14400.25,16.0,-34.5,-1.078125,SL,1,em1u.0800|R|2021-06-24|em1u
2021-06-28 09:29:00-04:00,2021-06-28 09:31:00-04:00,2021-06-28 09:31:00-04:00,S,14419.75,14435.0,14434.75,15.0,-32.5,-1.0833333333333333,SL,1,em1u.0800|R|2021-06-28|em1u
2021-06-28 13:59:00-04:00,2021-06-28 14:53:00-04:00,2021-06-28 15:05:00-04:00,S,14499.75,14515.0,14514.75,15.0,-32.5,-1.0833333333333333,SL,1,em1u.1400|R|2021-06-28|em1u
2021-06-29 09:29:00-04:00,2021-06-29 09:45:00-04:00,2021-06-29 10:16:00-04:00,S,14526.5,14482.75,14541.5,15.0,85.5,2.85,TP,1,em1u.0800|R|2021-06-29|em1u
2021-06-30 09:59:00-04:00,2021-06-30 10:56:00-04:00,2021-06-30 12:26:00-04:00,S,14571.0,14528.0,14585.75,14.75,84.0,2.847457627118644,TP,1,em1u.1000|R|2021-06-30|em1u
2021-07-01 13:59:00-04:00,2021-07-01 14:35:00-04:00,2021-07-01 15:59:00-04:00,S,14545.5,14548.0,14559.75,14.25,-7.0,-0.24561403508771928,time,1,em1u.1400|R|2021-07-01|em1u
2021-07-06 09:29:00-04:00,2021-07-06 09:30:00-04:00,2021-07-06 09:32:00-04:00,S,14757.5,14771.25,14771.0,13.5,-29.5,-1.0925925925925926,SL,1,em1u.0800|R|2021-07-06|em1u
2021-07-06 09:59:00-04:00,2021-07-06 10:07:00-04:00,2021-07-06 10:33:00-04:00,S,14779.25,14740.0,14792.75,13.5,76.5,2.8333333333333335,TP,1,em1u.1000|R|2021-07-06|em1u
2021-07-07 13:59:00-04:00,2021-07-07 14:04:00-04:00,2021-07-07 15:59:00-04:00,S,14821.0,14802.25,14834.5,13.5,35.5,1.3148148148148149,time,1,em1u.1400|R|2021-07-07|em1u
2021-07-08 09:29:00-04:00,2021-07-08 09:31:00-04:00,2021-07-08 09:38:00-04:00,S,14613.0,14626.75,14626.5,13.5,-29.5,-1.0925925925925926,SL,1,em1u.0800|R|2021-07-08|em1u
2021-07-08 09:59:00-04:00,2021-07-08 11:48:00-04:00,2021-07-08 11:51:00-04:00,S,14667.0,14680.75,14680.5,13.5,-29.5,-1.0925925925925926,SL,1,em1u.1000|R|2021-07-08|em1u
2021-07-08 11:59:00-04:00,2021-07-08 12:32:00-04:00,2021-07-08 13:03:00-04:00,S,14710.25,14724.0,14723.75,13.5,-29.5,-1.0925925925925926,SL,1,em1u.1200|R|2021-07-08|em1u
2021-07-09 09:59:00-04:00,2021-07-09 10:49:00-04:00,2021-07-09 10:53:00-04:00,S,14744.0,14758.25,14758.0,14.0,-30.5,-1.0892857142857142,SL,1,em1u.1000|R|2021-07-09|em1u
2021-07-09 11:59:00-04:00,2021-07-09 12:47:00-04:00,2021-07-09 15:59:00-04:00,S,14829.75,14810.5,14843.75,14.0,36.5,1.3035714285714286,time,1,em1u.1200|R|2021-07-09|em1u
2021-07-13 09:59:00-04:00,2021-07-13 10:24:00-04:00,2021-07-13 10:32:00-04:00,S,14947.25,14961.25,14961.0,13.75,-30.0,-1.0909090909090908,SL,1,em1u.1000|R|2021-07-13|em1u
2021-07-14 09:59:00-04:00,2021-07-14 10:03:00-04:00,2021-07-14 10:04:00-04:00,S,14980.0,14994.25,14994.0,14.0,-30.5,-1.0892857142857142,SL,1,em1u.1000|R|2021-07-14|em1u
2021-07-14 11:59:00-04:00,2021-07-14 12:05:00-04:00,2021-07-14 12:13:00-04:00,S,14900.0,14914.25,14914.0,14.0,-30.5,-1.0892857142857142,SL,1,em1u.1200|R|2021-07-14|em1u
2021-07-15 13:59:00-04:00,2021-07-15 14:18:00-04:00,2021-07-15 14:50:00-04:00,S,14748.0,14762.0,14761.75,13.75,-30.0,-1.0909090909090908,SL,1,em1u.1400|R|2021-07-15|em1u
2021-07-16 09:29:00-04:00,2021-07-16 09:31:00-04:00,2021-07-16 09:34:00-04:00,S,14852.5,14867.0,14866.75,14.25,-31.0,-1.087719298245614,SL,1,em1u.0800|R|2021-07-16|em1u
2021-07-16 11:59:00-04:00,2021-07-16 12:18:00-04:00,2021-07-16 13:17:00-04:00,S,14765.25,14779.75,14779.5,14.25,-31.0,-1.087719298245614,SL,1,em1u.1200|R|2021-07-16|em1u
2021-07-19 09:59:00-04:00,2021-07-19 11:00:00-04:00,2021-07-19 11:03:00-04:00,S,14523.0,14537.75,14537.5,14.5,-31.5,-1.0862068965517242,SL,1,em1u.1000|R|2021-07-19|em1u
2021-07-19 13:59:00-04:00,2021-07-19 14:16:00-04:00,2021-07-19 14:23:00-04:00,S,14504.75,14519.5,14519.25,14.5,-31.5,-1.0862068965517242,SL,1,em1u.1400|R|2021-07-19|em1u
2021-07-20 09:59:00-04:00,2021-07-20 10:44:00-04:00,2021-07-20 10:47:00-04:00,S,14628.75,14644.0,14643.75,15.0,-32.5,-1.0833333333333333,SL,1,em1u.1000|R|2021-07-20|em1u
2021-07-20 13:59:00-04:00,2021-07-20 14:30:00-04:00,2021-07-20 15:15:00-04:00,S,14766.5,14781.75,14781.5,15.0,-32.5,-1.0833333333333333,SL,1,em1u.1400|R|2021-07-20|em1u
2021-07-21 09:29:00-04:00,2021-07-21 09:34:00-04:00,2021-07-21 09:35:00-04:00,S,14723.75,14739.25,14739.0,15.25,-33.0,-1.0819672131147542,SL,1,em1u.0800|R|2021-07-21|em1u
2021-07-22 09:29:00-04:00,2021-07-22 09:43:00-04:00,2021-07-22 10:28:00-04:00,S,14892.25,14907.75,14907.5,15.25,-33.0,-1.0819672131147542,SL,1,em1u.0800|R|2021-07-22|em1u
2021-07-22 09:59:00-04:00,2021-07-22 10:41:00-04:00,2021-07-22 12:06:00-04:00,S,14919.25,14874.75,14934.5,15.25,87.0,2.8524590163934427,TP,1,em1u.1000|R|2021-07-22|em1u
2021-07-23 09:59:00-04:00,2021-07-23 10:38:00-04:00,2021-07-23 11:16:00-04:00,S,15015.75,15031.0,15030.75,15.0,-32.5,-1.0833333333333333,SL,1,em1u.1000|R|2021-07-23|em1u
2021-07-23 11:59:00-04:00,2021-07-23 13:24:00-04:00,2021-07-23 15:59:00-04:00,S,15109.0,15099.0,15124.0,15.0,18.0,0.6,time,1,em1u.1200|R|2021-07-23|em1u
2021-07-27 13:59:00-04:00,2021-07-27 14:14:00-04:00,2021-07-27 14:15:00-04:00,S,14848.5,14863.25,14863.0,14.5,-31.5,-1.0862068965517242,SL,1,em1u.1400|R|2021-07-27|em1u
2021-07-28 09:59:00-04:00,2021-07-28 10:10:00-04:00,2021-07-28 10:17:00-04:00,S,15020.25,15036.0,15035.75,15.5,-33.5,-1.0806451612903225,SL,1,em1u.1000|R|2021-07-28|em1u
2021-07-28 13:59:00-04:00,2021-07-28 14:15:00-04:00,2021-07-28 14:36:00-04:00,S,15014.75,14969.5,15030.25,15.5,88.5,2.8548387096774195,TP,1,em1u.1400|R|2021-07-28|em1u
2021-07-29 09:29:00-04:00,2021-07-29 09:35:00-04:00,2021-07-29 09:37:00-04:00,S,15038.75,15054.75,15054.5,15.75,-34.0,-1.0793650793650793,SL,1,em1u.0800|R|2021-07-29|em1u
2021-07-30 09:29:00-04:00,2021-07-30 09:31:00-04:00,2021-07-30 09:45:00-04:00,S,14911.75,14927.5,14927.25,15.5,-33.5,-1.0806451612903225,SL,1,em1u.0800|R|2021-07-30|em1u
2021-07-30 11:59:00-04:00,2021-07-30 12:56:00-04:00,2021-07-30 14:39:00-04:00,S,14975.0,14929.75,14990.5,15.5,88.5,2.8548387096774195,TP,1,em1u.1200|R|2021-07-30|em1u
2021-08-02 09:59:00-04:00,2021-08-02 10:19:00-04:00,2021-08-02 11:05:00-04:00,S,15015.5,15031.25,15031.0,15.5,-33.5,-1.0806451612903225,SL,1,em1u.1000|R|2021-08-02|em1u
2021-08-03 09:59:00-04:00,2021-08-03 11:42:00-04:00,2021-08-03 11:43:00-04:00,S,14941.5,14956.75,14956.5,15.0,-32.5,-1.0833333333333333,SL,1,em1u.1000|R|2021-08-03|em1u
2021-08-04 11:59:00-04:00,2021-08-04 13:17:00-04:00,2021-08-04 15:59:00-04:00,S,15093.5,15068.75,15108.75,15.25,47.5,1.5573770491803278,time,1,em1u.1200|R|2021-08-04|em1u
2021-08-05 09:59:00-04:00,2021-08-05 11:03:00-04:00,2021-08-05 15:59:00-04:00,S,15162.5,15166.75,15177.25,14.75,-10.5,-0.3559322033898305,time,1,em1u.1000|R|2021-08-05|em1u
2021-08-10 11:59:00-04:00,2021-08-10 12:19:00-04:00,2021-08-10 13:45:00-04:00,S,15081.5,15041.5,15095.25,13.75,78.0,2.8363636363636364,TP,1,em1u.1200|R|2021-08-10|em1u
2021-08-11 11:59:00-04:00,2021-08-11 13:02:00-04:00,2021-08-11 13:03:00-04:00,S,15015.0,15029.0,15028.75,13.75,-30.0,-1.0909090909090908,SL,1,em1u.1200|R|2021-08-11|em1u
2021-08-12 09:59:00-04:00,2021-08-12 10:19:00-04:00,2021-08-12 10:29:00-04:00,S,15006.25,15020.25,15020.0,13.75,-30.0,-1.0909090909090908,SL,1,em1u.1000|R|2021-08-12|em1u
2021-08-13 09:59:00-04:00,2021-08-13 10:17:00-04:00,2021-08-13 15:59:00-04:00,S,15129.0,15126.5,15142.5,13.5,3.0,0.1111111111111111,time,1,em1u.1000|R|2021-08-13|em1u
2021-08-16 09:29:00-04:00,2021-08-16 09:35:00-04:00,2021-08-16 09:50:00-04:00,S,15104.75,15066.25,15118.0,13.25,75.0,2.830188679245283,TP,1,em1u.0800|R|2021-08-16|em1u
2021-08-16 11:59:00-04:00,2021-08-16 12:18:00-04:00,2021-08-16 13:23:00-04:00,S,15018.75,15032.25,15032.0,13.25,-29.0,-1.0943396226415094,SL,1,em1u.1200|R|2021-08-16|em1u
2021-08-17 09:59:00-04:00,2021-08-17 10:28:00-04:00,2021-08-17 10:29:00-04:00,S,15005.75,15019.5,15019.25,13.5,-29.5,-1.0925925925925926,SL,1,em1u.1000|R|2021-08-17|em1u
2021-08-17 11:59:00-04:00,2021-08-17 12:28:00-04:00,2021-08-17 12:40:00-04:00,S,14967.75,14928.5,14981.25,13.5,76.5,2.8333333333333335,TP,1,em1u.1200|R|2021-08-17|em1u
2021-08-17 13:59:00-04:00,2021-08-17 14:15:00-04:00,2021-08-17 14:58:00-04:00,S,14968.5,14982.25,14982.0,13.5,-29.5,-1.0925925925925926,SL,1,em1u.1400|R|2021-08-17|em1u
2021-08-18 09:29:00-04:00,2021-08-18 09:56:00-04:00,2021-08-18 10:43:00-04:00,S,15032.0,14991.25,15046.0,14.0,79.5,2.8392857142857144,TP,1,em1u.0800|R|2021-08-18|em1u
2021-08-18 13:59:00-04:00,2021-08-18 14:02:00-04:00,2021-08-18 14:04:00-04:00,S,15007.25,15021.5,15021.25,14.0,-30.5,-1.0892857142857142,SL,1,em1u.1400|R|2021-08-18|em1u
2021-08-19 09:59:00-04:00,2021-08-19 10:01:00-04:00,2021-08-19 10:01:00-04:00,S,14833.5,14848.0,14847.75,14.25,-31.0,-1.087719298245614,SL,1,em1u.1000|R|2021-08-19|em1u
2021-08-20 09:59:00-04:00,2021-08-20 10:18:00-04:00,2021-08-20 10:20:00-04:00,S,15075.0,15090.25,15090.0,15.0,-32.5,-1.0833333333333333,SL,1,em1u.1000|R|2021-08-20|em1u
2021-08-20 11:59:00-04:00,2021-08-20 12:29:00-04:00,2021-08-20 12:36:00-04:00,S,15050.25,15065.5,15065.25,15.0,-32.5,-1.0833333333333333,SL,1,em1u.1200|R|2021-08-20|em1u
2021-08-23 09:29:00-04:00,2021-08-23 09:36:00-04:00,2021-08-23 09:37:00-04:00,S,15165.25,15180.75,15180.5,15.25,-33.0,-1.0819672131147542,SL,1,em1u.0800|R|2021-08-23|em1u
2021-08-23 09:59:00-04:00,2021-08-23 10:18:00-04:00,2021-08-23 10:25:00-04:00,S,15238.0,15253.5,15253.25,15.25,-33.0,-1.0819672131147542,SL,1,em1u.1000|R|2021-08-23|em1u
2021-08-24 09:59:00-04:00,2021-08-24 10:22:00-04:00,2021-08-24 15:59:00-04:00,S,15367.0,15356.5,15382.75,15.75,19.0,0.6031746031746031,time,1,em1u.1000|R|2021-08-24|em1u
2021-08-25 09:29:00-04:00,2021-08-25 09:32:00-04:00,2021-08-25 10:33:00-04:00,S,15385.0,15341.25,15400.0,15.0,85.5,2.85,TP,1,em1u.0800|R|2021-08-25|em1u
2021-08-27 09:59:00-04:00,2021-08-27 10:02:00-04:00,2021-08-27 10:02:00-04:00,S,15340.0,15354.25,15354.0,14.0,-30.5,-1.0892857142857142,SL,1,em1u.1000|R|2021-08-27|em1u
2021-08-30 09:29:00-04:00,2021-08-30 09:31:00-04:00,2021-08-30 09:33:00-04:00,S,15478.0,15492.25,15492.0,14.0,-30.5,-1.0892857142857142,SL,1,em1u.0800|R|2021-08-30|em1u
2021-08-30 09:59:00-04:00,2021-08-30 10:22:00-04:00,2021-08-30 10:31:00-04:00,S,15562.75,15577.0,15576.75,14.0,-30.5,-1.0892857142857142,SL,1,em1u.1000|R|2021-08-30|em1u
2021-08-31 09:59:00-04:00,2021-08-31 10:24:00-04:00,2021-08-31 11:18:00-04:00,S,15558.0,15572.25,15572.0,14.0,-30.5,-1.0892857142857142,SL,1,em1u.1000|R|2021-08-31|em1u
2021-09-01 09:29:00-04:00,2021-09-01 09:33:00-04:00,2021-09-01 09:45:00-04:00,S,15659.25,15673.5,15673.25,14.0,-30.5,-1.0892857142857142,SL,1,em1u.0800|R|2021-09-01|em1u
2021-09-02 09:29:00-04:00,2021-09-02 09:31:00-04:00,2021-09-02 10:03:00-04:00,S,15679.5,15639.5,15693.25,13.75,78.0,2.8363636363636364,TP,1,em1u.0800|R|2021-09-02|em1u
2021-09-03 09:59:00-04:00,2021-09-03 10:03:00-04:00,2021-09-03 10:18:00-04:00,S,15667.0,15627.75,15680.5,13.5,76.5,2.8333333333333335,TP,1,em1u.1000|R|2021-09-03|em1u
2021-09-03 11:59:00-04:00,2021-09-03 13:04:00-04:00,2021-09-03 15:59:00-04:00,S,15658.5,15652.75,15672.0,13.5,9.5,0.35185185185185186,time,1,em1u.1200|R|2021-09-03|em1u
2021-09-07 09:59:00-04:00,2021-09-07 10:49:00-04:00,2021-09-07 12:15:00-04:00,S,15668.75,15681.75,15681.5,12.75,-28.0,-1.0980392156862746,SL,1,em1u.1000|R|2021-09-07|em1u
2021-09-07 11:59:00-04:00,2021-09-07 12:45:00-04:00,2021-09-07 15:59:00-04:00,S,15694.75,15674.0,15707.5,12.75,39.5,1.5490196078431373,time,1,em1u.1200|R|2021-09-07|em1u
2021-09-08 11:59:00-04:00,2021-09-08 12:09:00-04:00,2021-09-08 12:14:00-04:00,S,15569.75,15582.5,15582.25,12.5,-27.5,-1.1,SL,1,em1u.1200|R|2021-09-08|em1u
2021-09-08 13:59:00-04:00,2021-09-08 14:03:00-04:00,2021-09-08 15:59:00-04:00,S,15619.75,15623.0,15632.25,12.5,-8.5,-0.34,time,1,em1u.1400|R|2021-09-08|em1u
2021-09-09 09:29:00-04:00,2021-09-09 09:35:00-04:00,2021-09-09 09:38:00-04:00,S,15651.5,15664.25,15664.0,12.5,-27.5,-1.1,SL,1,em1u.0800|R|2021-09-09|em1u
2021-09-10 09:29:00-04:00,2021-09-10 09:30:00-04:00,2021-09-10 10:05:00-04:00,S,15656.25,15620.0,15668.75,12.5,70.5,2.82,TP,1,em1u.0800|R|2021-09-10|em1u
2021-09-10 11:59:00-04:00,2021-09-10 12:07:00-04:00,2021-09-10 12:09:00-04:00,S,15572.25,15585.0,15584.75,12.5,-27.5,-1.1,SL,1,em1u.1200|R|2021-09-10|em1u
2021-09-15 11:59:00-04:00,2021-09-15 12:26:00-04:00,2021-09-15 12:34:00-04:00,S,15391.25,15404.75,15404.5,13.25,-29.0,-1.0943396226415094,SL,1,em1u.1200|R|2021-09-15|em1u
2021-09-16 11:59:00-04:00,2021-09-16 13:20:00-04:00,2021-09-16 13:52:00-04:00,S,15437.25,15451.0,15450.75,13.5,-29.5,-1.0925925925925926,SL,1,em1u.1200|R|2021-09-16|em1u
2021-09-17 11:59:00-04:00,2021-09-17 12:06:00-04:00,2021-09-17 12:32:00-04:00,S,15344.0,15357.75,15357.5,13.5,-29.5,-1.0925925925925926,SL,1,em1u.1200|R|2021-09-17|em1u
2021-09-20 09:29:00-04:00,2021-09-20 09:32:00-04:00,2021-09-20 09:34:00-04:00,S,15131.75,15091.0,15145.75,14.0,79.5,2.8392857142857144,TP,1,em1u.0800|R|2021-09-20|em1u
2021-09-21 09:59:00-04:00,2021-09-21 11:45:00-04:00,2021-09-21 12:52:00-04:00,S,15106.25,15059.5,15122.25,16.0,91.5,2.859375,TP,1,em1u.1000|R|2021-09-21|em1u
2021-09-21 13:59:00-04:00,2021-09-21 14:50:00-04:00,2021-09-21 14:50:00-04:00,S,15060.75,15077.0,15076.75,16.0,-34.5,-1.078125,SL,1,em1u.1400|R|2021-09-21|em1u
2021-09-22 09:59:00-04:00,2021-09-22 10:26:00-04:00,2021-09-22 10:32:00-04:00,S,15119.5,15135.75,15135.5,16.0,-34.5,-1.078125,SL,1,em1u.1000|R|2021-09-22|em1u
2021-09-22 13:59:00-04:00,2021-09-22 14:04:00-04:00,2021-09-22 14:13:00-04:00,S,15176.0,15192.25,15192.0,16.0,-34.5,-1.078125,SL,1,em1u.1400|R|2021-09-22|em1u
2021-09-23 09:29:00-04:00,2021-09-23 09:50:00-04:00,2021-09-23 10:02:00-04:00,S,15284.25,15301.25,15301.0,16.75,-36.0,-1.0746268656716418,SL,1,em1u.0800|R|2021-09-23|em1u
2021-09-23 09:59:00-04:00,2021-09-23 10:03:00-04:00,2021-09-23 10:25:00-04:00,S,15319.0,15336.0,15335.75,16.75,-36.0,-1.0746268656716418,SL,1,em1u.1000|R|2021-09-23|em1u
2021-09-24 09:29:00-04:00,2021-09-24 09:59:00-04:00,2021-09-24 12:13:00-04:00,S,15247.0,15263.75,15263.5,16.5,-35.5,-1.0757575757575757,SL,1,em1u.0800|R|2021-09-24|em1u
2021-09-27 09:59:00-04:00,2021-09-27 10:20:00-04:00,2021-09-27 10:27:00-04:00,S,15167.75,15184.25,15184.0,16.25,-35.0,-1.0769230769230769,SL,1,em1u.1000|R|2021-09-27|em1u
2021-09-27 11:59:00-04:00,2021-09-27 13:19:00-04:00,2021-09-27 14:07:00-04:00,S,15194.5,15211.0,15210.75,16.25,-35.0,-1.0769230769230769,SL,1,em1u.1200|R|2021-09-27|em1u
2021-09-28 09:29:00-04:00,2021-09-28 09:31:00-04:00,2021-09-28 09:33:00-04:00,S,15029.25,14979.5,15046.25,17.0,97.5,2.8676470588235294,TP,1,em1u.0800|R|2021-09-28|em1u
2021-09-28 13:59:00-04:00,2021-09-28 14:24:00-04:00,2021-09-28 14:44:00-04:00,S,14815.25,14832.5,14832.25,17.0,-36.5,-1.0735294117647058,SL,1,em1u.1400|R|2021-09-28|em1u
2021-09-29 13:59:00-04:00,2021-09-29 14:10:00-04:00,2021-09-29 14:13:00-04:00,S,14810.25,14828.75,14828.5,18.25,-39.0,-1.0684931506849316,SL,1,em1u.1400|R|2021-09-29|em1u
2021-09-30 09:29:00-04:00,2021-09-30 09:32:00-04:00,2021-09-30 09:50:00-04:00,S,14856.5,14875.0,14874.75,18.25,-39.0,-1.0684931506849316,SL,1,em1u.0800|R|2021-09-30|em1u
2021-09-30 13:59:00-04:00,2021-09-30 14:09:00-04:00,2021-09-30 15:41:00-04:00,S,14810.5,14757.0,14828.75,18.25,105.0,2.8767123287671232,TP,1,em1u.1400|R|2021-09-30|em1u
2021-10-01 09:59:00-04:00,2021-10-01 11:32:00-04:00,2021-10-01 11:43:00-04:00,S,14681.75,14700.25,14700.0,18.25,-39.0,-1.0684931506849316,SL,1,em1u.1000|R|2021-10-01|em1u
2021-10-01 13:59:00-04:00,2021-10-01 14:52:00-04:00,2021-10-01 14:55:00-04:00,S,14770.75,14789.25,14789.0,18.25,-39.0,-1.0684931506849316,SL,1,em1u.1400|R|2021-10-01|em1u
2021-10-04 13:59:00-04:00,2021-10-04 14:22:00-04:00,2021-10-04 15:01:00-04:00,S,14452.75,14471.5,14471.25,18.5,-39.5,-1.0675675675675675,SL,1,em1u.1400|R|2021-10-04|em1u
2021-10-05 09:29:00-04:00,2021-10-05 09:49:00-04:00,2021-10-05 09:55:00-04:00,S,14575.0,14595.0,14594.75,19.75,-42.0,-1.0632911392405062,SL,1,em1u.0800|R|2021-10-05|em1u
2021-10-05 09:59:00-04:00,2021-10-05 10:26:00-04:00,2021-10-05 10:45:00-04:00,S,14634.0,14654.0,14653.75,19.75,-42.0,-1.0632911392405062,SL,1,em1u.1000|R|2021-10-05|em1u
2021-10-06 09:29:00-04:00,2021-10-06 09:31:00-04:00,2021-10-06 09:33:00-04:00,S,14541.0,14561.75,14561.5,20.5,-43.5,-1.0609756097560976,SL,1,em1u.0800|R|2021-10-06|em1u
2021-10-06 09:59:00-04:00,2021-10-06 10:20:00-04:00,2021-10-06 10:21:00-04:00,S,14591.75,14612.5,14612.25,20.5,-43.5,-1.0609756097560976,SL,1,em1u.1000|R|2021-10-06|em1u
2021-10-06 13:59:00-04:00,2021-10-06 14:43:00-04:00,2021-10-06 15:38:00-04:00,S,14747.75,14687.5,14768.25,20.5,118.5,2.8902439024390243,TP,1,em1u.1400|R|2021-10-06|em1u
2021-10-08 09:59:00-04:00,2021-10-08 10:17:00-04:00,2021-10-08 10:40:00-04:00,S,14906.25,14845.25,14927.0,20.75,120.0,2.891566265060241,TP,1,em1u.1000|R|2021-10-08|em1u
2021-10-12 09:59:00-04:00,2021-10-12 10:15:00-04:00,2021-10-12 10:17:00-04:00,S,14717.25,14657.75,14737.5,20.25,117.0,2.888888888888889,TP,1,em1u.1000|R|2021-10-12|em1u
2021-10-12 13:59:00-04:00,2021-10-12 14:18:00-04:00,2021-10-12 15:03:00-04:00,S,14714.25,14654.75,14734.5,20.25,117.0,2.888888888888889,TP,1,em1u.1400|R|2021-10-12|em1u
2021-10-13 09:29:00-04:00,2021-10-13 09:35:00-04:00,2021-10-13 09:51:00-04:00,S,14769.0,14710.25,14789.0,20.0,115.5,2.8875,TP,1,em1u.0800|R|2021-10-13|em1u
2021-10-14 09:59:00-04:00,2021-10-14 11:40:00-04:00,2021-10-14 12:03:00-04:00,S,15000.25,15020.25,15020.0,19.75,-42.0,-1.0632911392405062,SL,1,em1u.1000|R|2021-10-14|em1u
2021-10-18 09:59:00-04:00,2021-10-18 11:06:00-04:00,2021-10-18 11:46:00-04:00,S,15188.75,15208.5,15208.25,19.5,-41.5,-1.064102564102564,SL,1,em1u.1000|R|2021-10-18|em1u
2021-10-19 09:59:00-04:00,2021-10-19 10:56:00-04:00,2021-10-19 12:56:00-04:00,S,15370.25,15390.0,15389.75,19.5,-41.5,-1.064102564102564,SL,1,em1u.1000|R|2021-10-19|em1u
2021-10-20 09:29:00-04:00,2021-10-20 09:50:00-04:00,2021-10-20 12:44:00-04:00,S,15435.25,15379.5,15454.25,19.0,109.5,2.8815789473684212,TP,1,em1u.0800|R|2021-10-20|em1u
2021-10-21 09:29:00-04:00,2021-10-21 09:30:00-04:00,2021-10-21 09:42:00-04:00,S,15358.75,15377.5,15377.25,18.5,-39.5,-1.0675675675675675,SL,1,em1u.0800|R|2021-10-21|em1u
2021-10-21 09:59:00-04:00,2021-10-21 10:27:00-04:00,2021-10-21 10:49:00-04:00,S,15421.0,15439.75,15439.5,18.5,-39.5,-1.0675675675675675,SL,1,em1u.1000|R|2021-10-21|em1u
2021-10-22 11:59:00-04:00,2021-10-22 12:42:00-04:00,2021-10-22 12:47:00-04:00,S,15354.5,15373.0,15372.75,18.25,-39.0,-1.0684931506849316,SL,1,em1u.1200|R|2021-10-22|em1u
2021-10-22 13:59:00-04:00,2021-10-22 14:20:00-04:00,2021-10-22 14:32:00-04:00,S,15352.0,15370.5,15370.25,18.25,-39.0,-1.0684931506849316,SL,1,em1u.1400|R|2021-10-22|em1u
2021-10-25 09:29:00-04:00,2021-10-25 09:33:00-04:00,2021-10-25 09:37:00-04:00,S,15428.25,15375.5,15446.25,18.0,103.5,2.875,TP,1,em1u.0800|R|2021-10-25|em1u
2021-10-25 09:59:00-04:00,2021-10-25 11:12:00-04:00,2021-10-25 12:02:00-04:00,S,15430.0,15448.25,15448.0,18.0,-38.5,-1.0694444444444444,SL,1,em1u.1000|R|2021-10-25|em1u
2021-10-25 11:59:00-04:00,2021-10-25 12:31:00-04:00,2021-10-25 12:39:00-04:00,S,15475.0,15493.25,15493.0,18.0,-38.5,-1.0694444444444444,SL,1,em1u.1200|R|2021-10-25|em1u
2021-10-25 13:59:00-04:00,2021-10-25 14:32:00-04:00,2021-10-25 15:59:00-04:00,S,15529.25,15501.5,15547.25,18.0,53.5,1.4861111111111112,time,1,em1u.1400|R|2021-10-25|em1u
2021-10-26 09:29:00-04:00,2021-10-26 09:33:00-04:00,2021-10-26 09:37:00-04:00,S,15624.75,15643.25,15643.0,18.25,-39.0,-1.0684931506849316,SL,1,em1u.0800|R|2021-10-26|em1u
2021-10-26 09:59:00-04:00,2021-10-26 10:14:00-04:00,2021-10-26 10:21:00-04:00,S,15677.0,15695.5,15695.25,18.25,-39.0,-1.0684931506849316,SL,1,em1u.1000|R|2021-10-26|em1u
2021-10-27 11:59:00-04:00,2021-10-27 13:02:00-04:00,2021-10-27 13:25:00-04:00,S,15690.75,15709.0,15708.75,18.0,-38.5,-1.0694444444444444,SL,1,em1u.1200|R|2021-10-27|em1u
2021-10-28 09:59:00-04:00,2021-10-28 10:25:00-04:00,2021-10-28 10:41:00-04:00,S,15699.75,15718.0,15717.75,18.0,-38.5,-1.0694444444444444,SL,1,em1u.1000|R|2021-10-28|em1u
2021-10-29 09:29:00-04:00,2021-10-29 09:37:00-04:00,2021-10-29 09:48:00-04:00,S,15671.0,15689.0,15688.75,17.75,-38.0,-1.0704225352112675,SL,1,em1u.0800|R|2021-10-29|em1u
2021-10-29 09:59:00-04:00,2021-10-29 11:14:00-04:00,2021-10-29 11:23:00-04:00,S,15719.25,15737.25,15737.0,17.75,-38.0,-1.0704225352112675,SL,1,em1u.1000|R|2021-10-29|em1u
2021-10-29 11:59:00-04:00,2021-10-29 12:22:00-04:00,2021-10-29 12:24:00-04:00,S,15773.5,15791.5,15791.25,17.75,-38.0,-1.0704225352112675,SL,1,em1u.1200|R|2021-10-29|em1u
2021-11-01 09:59:00-04:00,2021-11-01 11:21:00-04:00,2021-11-01 11:58:00-04:00,S,15840.75,15859.0,15858.75,18.0,-38.5,-1.0694444444444444,SL,1,em1u.1000|R|2021-11-01|em1u
2021-11-02 09:29:00-04:00,2021-11-02 09:36:00-04:00,2021-11-02 09:38:00-04:00,S,15902.5,15920.5,15920.25,17.75,-38.0,-1.0704225352112675,SL,1,em1u.0800|R|2021-11-02|em1u
2021-11-03 13:59:00-04:00,2021-11-03 14:00:00-04:00,2021-11-03 14:01:00-04:00,S,16003.25,16020.75,16020.5,17.25,-37.0,-1.0724637681159421,SL,1,em1u.1400|R|2021-11-03|em1u
2021-11-04 09:29:00-04:00,2021-11-04 09:48:00-04:00,2021-11-04 09:54:00-04:00,S,16227.75,16245.25,16245.0,17.25,-37.0,-1.0724637681159421,SL,1,em1u.0800|R|2021-11-04|em1u
2021-11-04 09:59:00-04:00,2021-11-04 10:17:00-04:00,2021-11-04 10:30:00-04:00,S,16284.0,16301.5,16301.25,17.25,-37.0,-1.0724637681159421,SL,1,em1u.1000|R|2021-11-04|em1u
2021-11-04 11:59:00-04:00,2021-11-04 13:43:00-04:00,2021-11-04 13:57:00-04:00,S,16335.0,16352.5,16352.25,17.25,-37.0,-1.0724637681159421,SL,1,em1u.1200|R|2021-11-04|em1u
2021-11-08 09:29:00-05:00,2021-11-08 09:35:00-05:00,2021-11-08 09:53:00-05:00,S,16380.75,16331.0,16397.75,17.0,97.5,2.8676470588235294,TP,1,em1u.0800|R|2021-11-08|em1u
2021-11-09 09:59:00-05:00,2021-11-09 10:32:00-05:00,2021-11-09 10:41:00-05:00,S,16264.75,16281.5,16281.25,16.5,-35.5,-1.0757575757575757,SL,1,em1u.1000|R|2021-11-09|em1u
2021-11-09 13:59:00-05:00,2021-11-09 14:15:00-05:00,2021-11-09 14:22:00-05:00,S,16208.0,16224.75,16224.5,16.5,-35.5,-1.0757575757575757,SL,1,em1u.1400|R|2021-11-09|em1u
2021-11-10 09:29:00-05:00,2021-11-10 09:59:00-05:00,2021-11-10 10:05:00-05:00,S,16171.5,16188.5,16188.25,16.75,-36.0,-1.0746268656716418,SL,1,em1u.0800|R|2021-11-10|em1u
2021-11-10 09:59:00-05:00,2021-11-10 10:15:00-05:00,2021-11-10 11:27:00-05:00,S,16211.75,16162.75,16228.5,16.75,96.0,2.8656716417910446,TP,1,em1u.1000|R|2021-11-10|em1u
2021-11-12 09:59:00-05:00,2021-11-12 10:19:00-05:00,2021-11-12 10:46:00-05:00,S,16061.75,16079.0,16078.75,17.0,-36.5,-1.0735294117647058,SL,1,em1u.1000|R|2021-11-12|em1u
2021-11-15 13:59:00-05:00,2021-11-15 14:45:00-05:00,2021-11-15 15:17:00-05:00,S,16170.25,16187.5,16187.25,17.0,-36.5,-1.0735294117647058,SL,1,em1u.1400|R|2021-11-15|em1u
2021-11-16 09:29:00-05:00,2021-11-16 09:35:00-05:00,2021-11-16 09:36:00-05:00,S,16225.5,16242.75,16242.5,17.0,-36.5,-1.0735294117647058,SL,1,em1u.0800|R|2021-11-16|em1u
2021-11-16 09:59:00-05:00,2021-11-16 11:11:00-05:00,2021-11-16 11:14:00-05:00,S,16264.5,16281.75,16281.5,17.0,-36.5,-1.0735294117647058,SL,1,em1u.1000|R|2021-11-16|em1u
2021-11-17 09:59:00-05:00,2021-11-17 10:12:00-05:00,2021-11-17 10:39:00-05:00,S,16324.5,16341.5,16341.25,16.75,-36.0,-1.0746268656716418,SL,1,em1u.1000|R|2021-11-17|em1u
2021-11-18 09:59:00-05:00,2021-11-18 11:37:00-05:00,2021-11-18 11:43:00-05:00,S,16436.75,16453.5,16453.25,16.5,-35.5,-1.0757575757575757,SL,1,em1u.1000|R|2021-11-18|em1u
2021-11-19 09:29:00-05:00,2021-11-19 09:56:00-05:00,2021-11-19 09:57:00-05:00,S,16590.5,16607.25,16607.0,16.5,-35.5,-1.0757575757575757,SL,1,em1u.0800|R|2021-11-19|em1u
2021-11-22 09:29:00-05:00,2021-11-22 09:31:00-05:00,2021-11-22 09:35:00-05:00,S,16674.75,16691.0,16690.75,16.0,-34.5,-1.078125,SL,1,em1u.0800|R|2021-11-22|em1u
2021-11-22 09:59:00-05:00,2021-11-22 10:16:00-05:00,2021-11-22 10:56:00-05:00,S,16761.75,16715.0,16777.75,16.0,91.5,2.859375,TP,1,em1u.1000|R|2021-11-22|em1u
2021-11-22 11:59:00-05:00,2021-11-22 12:40:00-05:00,2021-11-22 13:04:00-05:00,S,16546.0,16499.25,16562.0,16.0,91.5,2.859375,TP,1,em1u.1200|R|2021-11-22|em1u
2021-11-22 13:59:00-05:00,2021-11-22 14:31:00-05:00,2021-11-22 14:47:00-05:00,S,16552.5,16568.75,16568.5,16.0,-34.5,-1.078125,SL,1,em1u.1400|R|2021-11-22|em1u
2021-11-23 09:29:00-05:00,2021-11-23 09:42:00-05:00,2021-11-23 09:47:00-05:00,S,16374.75,16392.25,16392.0,17.25,-37.0,-1.0724637681159421,SL,1,em1u.0800|R|2021-11-23|em1u
2021-11-23 13:59:00-05:00,2021-11-23 14:49:00-05:00,2021-11-23 14:54:00-05:00,S,16230.25,16247.75,16247.5,17.25,-37.0,-1.0724637681159421,SL,1,em1u.1400|R|2021-11-23|em1u
2021-11-24 09:59:00-05:00,2021-11-24 10:02:00-05:00,2021-11-24 10:13:00-05:00,S,16224.25,16172.25,16242.0,17.75,102.0,2.8732394366197185,TP,1,em1u.1000|R|2021-11-24|em1u
2021-11-26 11:59:00-05:00,2021-11-26 12:30:00-05:00,2021-11-26 12:48:00-05:00,S,16123.75,16073.25,16141.0,17.25,99.0,2.869565217391304,TP,1,em1u.1200|R|2021-11-26|em1u
2021-11-29 09:29:00-05:00,2021-11-29 09:30:00-05:00,2021-11-29 09:30:00-05:00,S,16252.5,16271.25,16271.0,18.5,-39.5,-1.0675675675675675,SL,1,em1u.0800|R|2021-11-29|em1u
2021-11-29 09:59:00-05:00,2021-11-29 11:41:00-05:00,2021-11-29 12:03:00-05:00,S,16346.75,16365.5,16365.25,18.5,-39.5,-1.0675675675675675,SL,1,em1u.1000|R|2021-11-29|em1u
2021-11-29 11:59:00-05:00,2021-11-29 12:35:00-05:00,2021-11-29 13:11:00-05:00,S,16403.25,16422.0,16421.75,18.5,-39.5,-1.0675675675675675,SL,1,em1u.1200|R|2021-11-29|em1u
2021-11-30 11:59:00-05:00,2021-11-30 13:36:00-05:00,2021-11-30 13:54:00-05:00,S,16174.5,16194.25,16194.0,19.5,-41.5,-1.064102564102564,SL,1,em1u.1200|R|2021-11-30|em1u
2021-12-01 09:59:00-05:00,2021-12-01 11:10:00-05:00,2021-12-01 11:11:00-05:00,S,16383.75,16404.25,16404.0,20.25,-43.0,-1.0617283950617284,SL,1,em1u.1000|R|2021-12-01|em1u
2021-12-02 09:29:00-05:00,2021-12-02 09:36:00-05:00,2021-12-02 09:39:00-05:00,S,15918.75,15941.25,15941.0,22.25,-47.0,-1.0561797752808988,SL,1,em1u.0800|R|2021-12-02|em1u
2021-12-02 11:59:00-05:00,2021-12-02 12:20:00-05:00,2021-12-02 12:21:00-05:00,S,16022.0,16044.5,16044.25,22.25,-47.0,-1.0561797752808988,SL,1,em1u.1200|R|2021-12-02|em1u
2021-12-03 09:29:00-05:00,2021-12-03 09:32:00-05:00,2021-12-03 09:35:00-05:00,S,16084.25,16018.0,16106.75,22.5,130.5,2.9,TP,1,em1u.0800|R|2021-12-03|em1u
2021-12-03 11:59:00-05:00,2021-12-03 12:29:00-05:00,2021-12-03 12:37:00-05:00,S,15652.5,15675.25,15675.0,22.5,-47.5,-1.0555555555555556,SL,1,em1u.1200|R|2021-12-03|em1u
2021-12-06 09:59:00-05:00,2021-12-06 10:14:00-05:00,2021-12-06 10:15:00-05:00,S,15737.5,15762.0,15761.75,24.25,-51.0,-1.0515463917525774,SL,1,em1u.1000|R|2021-12-06|em1u
2021-12-06 11:59:00-05:00,2021-12-06 12:22:00-05:00,2021-12-06 12:55:00-05:00,S,15789.5,15814.0,15813.75,24.25,-51.0,-1.0515463917525774,SL,1,em1u.1200|R|2021-12-06|em1u
2021-12-07 09:29:00-05:00,2021-12-07 09:52:00-05:00,2021-12-07 10:00:00-05:00,S,16204.25,16229.0,16228.75,24.5,-51.5,-1.0510204081632653,SL,1,em1u.0800|R|2021-12-07|em1u
2021-12-07 09:59:00-05:00,2021-12-07 10:47:00-05:00,2021-12-07 12:56:00-05:00,S,16303.25,16328.0,16327.75,24.5,-51.5,-1.0510204081632653,SL,1,em1u.1000|R|2021-12-07|em1u
2021-12-09 09:29:00-05:00,2021-12-09 09:38:00-05:00,2021-12-09 09:56:00-05:00,S,16409.25,16335.5,16434.25,25.0,145.5,2.91,TP,1,em1u.0800|R|2021-12-09|em1u
2021-12-10 09:59:00-05:00,2021-12-10 10:17:00-05:00,2021-12-10 10:35:00-05:00,S,16287.75,16214.0,16312.75,25.0,145.5,2.91,TP,1,em1u.1000|R|2021-12-10|em1u
2021-12-15 11:59:00-05:00,2021-12-15 13:59:00-05:00,2021-12-15 14:00:00-05:00,S,15843.75,15769.25,15869.0,25.25,147.0,2.910891089108911,TP,1,em1u.1200|R|2021-12-15|em1u
2021-12-15 13:59:00-05:00,2021-12-15 14:04:00-05:00,2021-12-15 14:05:00-05:00,S,15910.25,15935.75,15935.5,25.25,-53.0,-1.0495049504950495,SL,1,em1u.1400|R|2021-12-15|em1u
2021-12-17 09:29:00-05:00,2021-12-17 09:33:00-05:00,2021-12-17 09:33:00-05:00,S,15760.25,15789.0,15788.75,28.5,-59.5,-1.043859649122807,SL,1,em1u.0800|R|2021-12-17|em1u
2021-12-17 09:59:00-05:00,2021-12-17 10:45:00-05:00,2021-12-17 10:49:00-05:00,S,15850.5,15879.25,15879.0,28.5,-59.5,-1.043859649122807,SL,1,em1u.1000|R|2021-12-17|em1u
2021-12-17 11:59:00-05:00,2021-12-17 13:30:00-05:00,2021-12-17 14:11:00-05:00,S,15884.0,15912.75,15912.5,28.5,-59.5,-1.043859649122807,SL,1,em1u.1200|R|2021-12-17|em1u
2021-12-20 09:29:00-05:00,2021-12-20 09:39:00-05:00,2021-12-20 10:58:00-05:00,S,15631.25,15547.75,15659.5,28.25,165.0,2.920353982300885,TP,1,em1u.0800|R|2021-12-20|em1u
2021-12-21 09:59:00-05:00,2021-12-21 11:09:00-05:00,2021-12-21 11:37:00-05:00,S,15731.0,15759.5,15759.25,28.25,-59.0,-1.0442477876106195,SL,1,em1u.1000|R|2021-12-21|em1u
2021-12-21 11:59:00-05:00,2021-12-21 12:34:00-05:00,2021-12-21 13:20:00-05:00,S,15848.75,15877.25,15877.0,28.25,-59.0,-1.0442477876106195,SL,1,em1u.1200|R|2021-12-21|em1u
2021-12-22 09:29:00-05:00,2021-12-22 09:47:00-05:00,2021-12-22 10:38:00-05:00,S,16024.5,16053.25,16053.0,28.5,-59.5,-1.043859649122807,SL,1,em1u.0800|R|2021-12-22|em1u
2021-12-22 09:59:00-05:00,2021-12-22 10:41:00-05:00,2021-12-22 11:02:00-05:00,S,16073.25,16102.0,16101.75,28.5,-59.5,-1.043859649122807,SL,1,em1u.1000|R|2021-12-22|em1u
2021-12-23 09:59:00-05:00,2021-12-23 11:01:00-05:00,2021-12-23 13:28:00-05:00,S,16298.5,16327.0,16326.75,28.25,-59.0,-1.0442477876106195,SL,1,em1u.1000|R|2021-12-23|em1u
2021-12-27 09:29:00-05:00,2021-12-27 09:37:00-05:00,2021-12-27 10:07:00-05:00,S,16436.25,16464.0,16463.75,27.5,-57.5,-1.0454545454545454,SL,1,em1u.0800|R|2021-12-27|em1u
2021-12-27 09:59:00-05:00,2021-12-27 10:29:00-05:00,2021-12-27 11:13:00-05:00,S,16503.5,16531.25,16531.0,27.5,-57.5,-1.0454545454545454,SL,1,em1u.1000|R|2021-12-27|em1u
2021-12-30 09:59:00-05:00,2021-12-30 10:27:00-05:00,2021-12-30 15:35:00-05:00,S,16563.75,16488.5,16589.25,25.5,148.5,2.911764705882353,TP,1,em1u.1000|R|2021-12-30|em1u
2022-01-03 09:59:00-05:00,2022-01-03 10:03:00-05:00,2022-01-03 10:18:00-05:00,S,16370.5,16394.5,16394.25,23.75,-50.0,-1.0526315789473684,SL,1,em1u.1000|R|2022-01-03|em1u
2022-01-03 11:59:00-05:00,2022-01-03 13:41:00-05:00,2022-01-03 13:55:00-05:00,S,16442.0,16466.0,16465.75,23.75,-50.0,-1.0526315789473684,SL,1,em1u.1200|R|2022-01-03|em1u
2022-01-04 13:59:00-05:00,2022-01-04 14:31:00-05:00,2022-01-04 14:41:00-05:00,S,16190.25,16213.75,16213.5,23.25,-49.0,-1.053763440860215,SL,1,em1u.1400|R|2022-01-04|em1u
2022-01-05 13:59:00-05:00,2022-01-05 14:02:00-05:00,2022-01-05 14:04:00-05:00,S,16112.75,16042.0,16136.75,24.0,139.5,2.90625,TP,1,em1u.1400|R|2022-01-05|em1u
2022-01-06 09:29:00-05:00,2022-01-06 09:31:00-05:00,2022-01-06 09:32:00-05:00,S,15724.75,15750.25,15750.0,25.25,-53.0,-1.0495049504950495,SL,1,em1u.0800|R|2022-01-06|em1u
2022-01-06 09:59:00-05:00,2022-01-06 10:25:00-05:00,2022-01-06 10:27:00-05:00,S,15765.25,15790.75,15790.5,25.25,-53.0,-1.0495049504950495,SL,1,em1u.1000|R|2022-01-06|em1u
2022-01-06 11:59:00-05:00,2022-01-06 12:45:00-05:00,2022-01-06 13:00:00-05:00,S,15882.75,15808.25,15908.0,25.25,147.0,2.910891089108911,TP,1,em1u.1200|R|2022-01-06|em1u
2022-01-07 09:29:00-05:00,2022-01-07 09:45:00-05:00,2022-01-07 10:04:00-05:00,S,15824.75,15750.25,15850.0,25.25,147.0,2.910891089108911,TP,1,em1u.0800|R|2022-01-07|em1u
2022-01-10 09:59:00-05:00,2022-01-10 11:26:00-05:00,2022-01-10 12:05:00-05:00,S,15312.5,15237.25,15338.0,25.5,148.5,2.911764705882353,TP,1,em1u.1000|R|2022-01-10|em1u
2022-01-10 11:59:00-05:00,2022-01-10 13:23:00-05:00,2022-01-10 13:31:00-05:00,S,15354.5,15380.25,15380.0,25.5,-53.5,-1.0490196078431373,SL,1,em1u.1200|R|2022-01-10|em1u
2022-01-10 13:59:00-05:00,2022-01-10 14:07:00-05:00,2022-01-10 14:34:00-05:00,S,15465.0,15490.75,15490.5,25.5,-53.5,-1.0490196078431373,SL,1,em1u.1400|R|2022-01-10|em1u
2022-01-11 09:59:00-05:00,2022-01-11 10:04:00-05:00,2022-01-11 10:05:00-05:00,S,15607.25,15634.0,15633.75,26.5,-55.5,-1.0471698113207548,SL,1,em1u.1000|R|2022-01-11|em1u
2022-01-13 09:29:00-05:00,2022-01-13 09:33:00-05:00,2022-01-13 10:10:00-05:00,S,15966.5,15889.0,15992.75,26.25,153.0,2.914285714285714,TP,1,em1u.0800|R|2022-01-13|em1u
2022-01-18 09:59:00-05:00,2022-01-18 10:08:00-05:00,2022-01-18 10:10:00-05:00,S,15400.0,15426.25,15426.0,26.0,-54.5,-1.0480769230769231,SL,1,em1u.1000|R|2022-01-18|em1u
2022-01-19 09:29:00-05:00,2022-01-19 09:37:00-05:00,2022-01-19 09:55:00-05:00,S,15333.0,15360.0,15359.75,26.75,-56.0,-1.0467289719626167,SL,1,em1u.0800|R|2022-01-19|em1u
2022-01-19 11:59:00-05:00,2022-01-19 12:12:00-05:00,2022-01-19 12:24:00-05:00,S,15265.25,15292.25,15292.0,26.75,-56.0,-1.0467289719626167,SL,1,em1u.1200|R|2022-01-19|em1u
2022-01-20 09:29:00-05:00,2022-01-20 09:31:00-05:00,2022-01-20 09:42:00-05:00,S,15215.0,15242.25,15242.0,27.0,-56.5,-1.0462962962962963,SL,1,em1u.0800|R|2022-01-20|em1u
2022-01-21 09:29:00-05:00,2022-01-21 09:31:00-05:00,2022-01-21 09:33:00-05:00,S,14776.75,14806.0,14805.75,29.0,-60.5,-1.043103448275862,SL,1,em1u.0800|R|2022-01-21|em1u
2022-01-21 09:59:00-05:00,2022-01-21 10:33:00-05:00,2022-01-21 10:36:00-05:00,S,14720.5,14749.75,14749.5,29.0,-60.5,-1.043103448275862,SL,1,em1u.1000|R|2022-01-21|em1u
2022-01-24 11:59:00-05:00,2022-01-24 13:07:00-05:00,2022-01-24 13:08:00-05:00,S,14008.25,14038.0,14037.75,29.5,-61.5,-1.0423728813559323,SL,1,em1u.1200|R|2022-01-24|em1u
2022-01-25 09:29:00-05:00,2022-01-25 09:37:00-05:00,2022-01-25 09:45:00-05:00,S,14297.0,14200.75,14329.5,32.5,190.5,2.9307692307692306,TP,1,em1u.0800|R|2022-01-25|em1u
2022-01-25 09:59:00-05:00,2022-01-25 10:28:00-05:00,2022-01-25 10:35:00-05:00,S,14182.25,14215.0,14214.75,32.5,-67.5,-1.0384615384615385,SL,1,em1u.1000|R|2022-01-25|em1u
2022-01-25 11:59:00-05:00,2022-01-25 12:05:00-05:00,2022-01-25 13:26:00-05:00,S,14117.75,14150.5,14150.25,32.5,-67.5,-1.0384615384615385,SL,1,em1u.1200|R|2022-01-25|em1u
2022-01-25 13:59:00-05:00,2022-01-25 14:45:00-05:00,2022-01-25 14:57:00-05:00,S,14360.25,14393.0,14392.75,32.5,-67.5,-1.0384615384615385,SL,1,em1u.1400|R|2022-01-25|em1u
2022-01-26 11:59:00-05:00,2022-01-26 12:44:00-05:00,2022-01-26 14:00:00-05:00,S,14541.75,14575.5,14575.25,33.5,-69.5,-1.037313432835821,SL,1,em1u.1200|R|2022-01-26|em1u
2022-01-26 13:59:00-05:00,2022-01-26 14:00:00-05:00,2022-01-26 14:02:00-05:00,S,14577.75,14611.5,14611.25,33.5,-69.5,-1.037313432835821,SL,1,em1u.1400|R|2022-01-26|em1u
2022-01-28 09:59:00-05:00,2022-01-28 10:18:00-05:00,2022-01-28 10:19:00-05:00,S,14007.25,14043.5,14043.25,36.0,-74.5,-1.0347222222222223,SL,1,em1u.1000|R|2022-01-28|em1u
2022-01-31 09:29:00-05:00,2022-01-31 09:40:00-05:00,2022-01-31 09:53:00-05:00,S,14565.25,14602.5,14602.25,37.0,-76.5,-1.0337837837837838,SL,1,em1u.0800|R|2022-01-31|em1u
2022-01-31 09:59:00-05:00,2022-01-31 11:50:00-05:00,2022-01-31 12:56:00-05:00,S,14744.25,14781.5,14781.25,37.0,-76.5,-1.0337837837837838,SL,1,em1u.1000|R|2022-01-31|em1u
2022-02-03 09:59:00-05:00,2022-02-03 10:20:00-05:00,2022-02-03 11:03:00-05:00,S,14830.5,14720.75,14867.5,37.0,217.5,2.939189189189189,TP,1,em1u.1000|R|2022-02-03|em1u
2022-02-04 11:59:00-05:00,2022-02-04 13:04:00-05:00,2022-02-04 13:43:00-05:00,S,14700.25,14737.25,14737.0,36.75,-76.0,-1.034013605442177,SL,1,em1u.1200|R|2022-02-04|em1u
2022-02-08 09:59:00-05:00,2022-02-08 11:00:00-05:00,2022-02-08 11:13:00-05:00,S,14627.5,14663.75,14663.5,36.0,-74.5,-1.0347222222222223,SL,1,em1u.1000|R|2022-02-08|em1u
2022-02-10 09:59:00-05:00,2022-02-10 10:39:00-05:00,2022-02-10 11:00:00-05:00,S,14999.75,14897.5,15034.25,34.5,202.5,2.9347826086956523,TP,1,em1u.1000|R|2022-02-10|em1u
2022-02-11 09:29:00-05:00,2022-02-11 09:46:00-05:00,2022-02-11 09:58:00-05:00,S,14753.75,14651.5,14788.25,34.5,202.5,2.9347826086956523,TP,1,em1u.0800|R|2022-02-11|em1u
2022-02-11 09:59:00-05:00,2022-02-11 10:07:00-05:00,2022-02-11 10:12:00-05:00,S,14723.25,14621.0,14757.75,34.5,202.5,2.9347826086956523,TP,1,em1u.1000|R|2022-02-11|em1u
2022-02-14 09:29:00-05:00,2022-02-14 09:51:00-05:00,2022-02-14 10:02:00-05:00,S,14315.0,14209.75,14350.5,35.5,208.5,2.936619718309859,TP,1,em1u.0800|R|2022-02-14|em1u
2022-02-14 09:59:00-05:00,2022-02-14 11:28:00-05:00,2022-02-14 13:32:00-05:00,S,14369.5,14264.25,14405.0,35.5,208.5,2.936619718309859,TP,1,em1u.1000|R|2022-02-14|em1u
2022-02-14 13:59:00-05:00,2022-02-14 14:29:00-05:00,2022-02-14 14:51:00-05:00,S,14222.5,14258.25,14258.0,35.5,-73.5,-1.0352112676056338,SL,1,em1u.1400|R|2022-02-14|em1u
2022-02-16 13:59:00-05:00,2022-02-16 14:08:00-05:00,2022-02-16 14:23:00-05:00,S,14506.0,14541.0,14540.75,34.75,-72.0,-1.0359712230215827,SL,1,em1u.1400|R|2022-02-16|em1u
2022-02-18 11:59:00-05:00,2022-02-18 12:17:00-05:00,2022-02-18 12:45:00-05:00,S,14046.0,13944.5,14080.25,34.25,201.0,2.934306569343066,TP,1,em1u.1200|R|2022-02-18|em1u
2022-02-18 13:59:00-05:00,2022-02-18 14:24:00-05:00,2022-02-18 14:30:00-05:00,S,14058.75,14093.25,14093.0,34.25,-71.0,-1.0364963503649636,SL,1,em1u.1400|R|2022-02-18|em1u
2022-02-22 09:29:00-05:00,2022-02-22 09:47:00-05:00,2022-02-22 09:53:00-05:00,S,14012.75,14047.25,14047.0,34.25,-71.0,-1.0364963503649636,SL,1,em1u.0800|R|2022-02-22|em1u
2022-02-22 09:59:00-05:00,2022-02-22 10:29:00-05:00,2022-02-22 10:43:00-05:00,S,14097.0,13995.5,14131.25,34.25,201.0,2.934306569343066,TP,1,em1u.1000|R|2022-02-22|em1u
2022-02-22 13:59:00-05:00,2022-02-22 14:31:00-05:00,2022-02-22 14:49:00-05:00,S,13838.5,13873.0,13872.75,34.25,-71.0,-1.0364963503649636,SL,1,em1u.1400|R|2022-02-22|em1u
2022-02-24 09:29:00-05:00,2022-02-24 09:31:00-05:00,2022-02-24 09:32:00-05:00,S,13161.25,13197.25,13197.0,35.75,-74.0,-1.034965034965035,SL,1,em1u.0800|R|2022-02-24|em1u
2022-02-24 09:59:00-05:00,2022-02-24 10:18:00-05:00,2022-02-24 10:20:00-05:00,S,13422.0,13458.0,13457.75,35.75,-74.0,-1.034965034965035,SL,1,em1u.1000|R|2022-02-24|em1u
2022-02-24 11:59:00-05:00,2022-02-24 13:49:00-05:00,2022-02-24 13:49:00-05:00,S,13628.5,13664.5,13664.25,35.75,-74.0,-1.034965034965035,SL,1,em1u.1200|R|2022-02-24|em1u
2022-02-24 13:59:00-05:00,2022-02-24 14:30:00-05:00,2022-02-24 14:32:00-05:00,S,13688.75,13724.75,13724.5,35.75,-74.0,-1.034965034965035,SL,1,em1u.1400|R|2022-02-24|em1u
2022-02-25 09:59:00-05:00,2022-02-25 10:21:00-05:00,2022-02-25 10:25:00-05:00,S,13959.5,13998.5,13998.25,38.75,-80.0,-1.032258064516129,SL,1,em1u.1000|R|2022-02-25|em1u
2022-02-28 09:29:00-05:00,2022-02-28 09:35:00-05:00,2022-02-28 10:00:00-05:00,S,14111.5,14150.25,14150.0,38.5,-79.5,-1.0324675324675325,SL,1,em1u.0800|R|2022-02-28|em1u
2022-02-28 09:59:00-05:00,2022-02-28 11:19:00-05:00,2022-02-28 11:32:00-05:00,S,14245.0,14283.75,14283.5,38.5,-79.5,-1.0324675324675325,SL,1,em1u.1000|R|2022-02-28|em1u
2022-03-01 09:29:00-05:00,2022-03-01 09:34:00-05:00,2022-03-01 10:00:00-05:00,S,14219.25,14258.75,14258.5,39.25,-81.0,-1.0318471337579618,SL,1,em1u.0800|R|2022-03-01|em1u
2022-03-02 09:59:00-05:00,2022-03-02 11:14:00-05:00,2022-03-02 11:32:00-05:00,S,14178.5,14217.5,14217.25,38.75,-80.0,-1.032258064516129,SL,1,em1u.1000|R|2022-03-02|em1u
2022-03-04 11:59:00-05:00,2022-03-04 13:00:00-05:00,2022-03-04 13:07:00-05:00,S,13893.5,13931.75,13931.5,38.0,-78.5,-1.0328947368421053,SL,1,em1u.1200|R|2022-03-04|em1u
2022-03-08 11:59:00-05:00,2022-03-08 12:06:00-05:00,2022-03-08 12:08:00-05:00,S,13327.25,13365.75,13365.5,38.25,-79.0,-1.0326797385620916,SL,1,em1u.1200|R|2022-03-08|em1u
2022-03-08 13:59:00-05:00,2022-03-08 14:47:00-05:00,2022-03-08 15:04:00-05:00,S,13461.25,13499.75,13499.5,38.25,-79.0,-1.0326797385620916,SL,1,em1u.1400|R|2022-03-08|em1u
2022-03-09 09:59:00-05:00,2022-03-09 10:58:00-05:00,2022-03-09 12:35:00-05:00,S,13678.25,13717.25,13717.0,38.75,-80.0,-1.032258064516129,SL,1,em1u.1000|R|2022-03-09|em1u
2022-03-10 13:59:00-05:00,2022-03-10 14:50:00-05:00,2022-03-10 15:59:00-05:00,S,13630.0,13591.5,13669.5,39.5,75.0,0.9493670886075949,time,1,em1u.1400|R|2022-03-10|em1u
2022-03-14 09:29:00-04:00,2022-03-14 09:44:00-04:00,2022-03-14 10:12:00-04:00,S,13326.5,13366.25,13366.0,39.5,-81.5,-1.0316455696202531,SL,1,em1u.0800|R|2022-03-14|em1u
2022-03-14 09:59:00-04:00,2022-03-14 10:11:00-04:00,2022-03-14 11:31:00-04:00,S,13365.5,13248.25,13405.0,39.5,232.5,2.9430379746835444,TP,1,em1u.1000|R|2022-03-14|em1u
2022-03-15 09:59:00-04:00,2022-03-15 10:30:00-04:00,2022-03-15 10:40:00-04:00,S,13274.75,13314.25,13314.0,39.25,-81.0,-1.0318471337579618,SL,1,em1u.1000|R|2022-03-15|em1u
2022-03-18 09:29:00-04:00,2022-03-18 09:45:00-04:00,2022-03-18 09:56:00-04:00,S,14085.25,14124.75,14124.5,39.25,-81.0,-1.0318471337579618,SL,1,em1u.0800|R|2022-03-18|em1u
2022-03-18 09:59:00-04:00,2022-03-18 11:06:00-04:00,2022-03-18 12:35:00-04:00,S,14246.25,14285.75,14285.5,39.25,-81.0,-1.0318471337579618,SL,1,em1u.1000|R|2022-03-18|em1u
2022-03-21 09:59:00-04:00,2022-03-21 11:17:00-04:00,2022-03-21 11:27:00-04:00,S,14394.25,14433.75,14433.5,39.25,-81.0,-1.0318471337579618,SL,1,em1u.1000|R|2022-03-21|em1u
2022-03-22 09:29:00-04:00,2022-03-22 09:38:00-04:00,2022-03-22 10:00:00-04:00,S,14476.25,14514.5,14514.25,38.0,-78.5,-1.0328947368421053,SL,1,em1u.0800|R|2022-03-22|em1u
2022-03-22 09:59:00-04:00,2022-03-22 10:18:00-04:00,2022-03-22 10:30:00-04:00,S,14558.0,14596.25,14596.0,38.0,-78.5,-1.0328947368421053,SL,1,em1u.1000|R|2022-03-22|em1u
2022-03-23 09:59:00-04:00,2022-03-23 10:15:00-04:00,2022-03-23 11:02:00-04:00,S,14571.75,14609.5,14609.25,37.5,-77.5,-1.0333333333333334,SL,1,em1u.1000|R|2022-03-23|em1u
2022-03-24 09:59:00-04:00,2022-03-24 11:01:00-04:00,2022-03-24 11:25:00-04:00,S,14559.25,14595.75,14595.5,36.25,-75.0,-1.0344827586206897,SL,1,em1u.1000|R|2022-03-24|em1u
2022-03-25 09:59:00-04:00,2022-03-25 10:42:00-04:00,2022-03-25 11:08:00-04:00,S,14796.5,14690.5,14832.25,35.75,210.0,2.937062937062937,TP,1,em1u.1000|R|2022-03-25|em1u
2022-03-25 11:59:00-04:00,2022-03-25 13:18:00-04:00,2022-03-25 13:58:00-04:00,S,14679.25,14715.25,14715.0,35.75,-74.0,-1.034965034965035,SL,1,em1u.1200|R|2022-03-25|em1u
2022-03-28 09:29:00-04:00,2022-03-28 09:42:00-04:00,2022-03-28 11:33:00-04:00,S,14879.25,14776.25,14914.0,34.75,204.0,2.935251798561151,TP,1,em1u.0800|R|2022-03-28|em1u
2022-03-28 11:59:00-04:00,2022-03-28 13:16:00-04:00,2022-03-28 13:27:00-04:00,S,14806.5,14841.5,14841.25,34.75,-72.0,-1.0359712230215827,SL,1,em1u.1200|R|2022-03-28|em1u
2022-03-28 13:59:00-04:00,2022-03-28 14:55:00-04:00,2022-03-28 15:24:00-04:00,S,14916.25,14951.25,14951.0,34.75,-72.0,-1.0359712230215827,SL,1,em1u.1400|R|2022-03-28|em1u
2022-03-31 09:59:00-04:00,2022-03-31 10:57:00-04:00,2022-03-31 12:27:00-04:00,S,15088.0,14991.75,15120.5,32.5,190.5,2.9307692307692306,TP,1,em1u.1000|R|2022-03-31|em1u
2022-04-01 09:59:00-04:00,2022-04-01 10:59:00-04:00,2022-04-01 11:35:00-04:00,S,14898.25,14803.5,14930.25,32.0,187.5,2.9296875,TP,1,em1u.1000|R|2022-04-01|em1u
2022-04-01 13:59:00-04:00,2022-04-01 14:29:00-04:00,2022-04-01 14:45:00-04:00,S,14824.25,14856.5,14856.25,32.0,-66.5,-1.0390625,SL,1,em1u.1400|R|2022-04-01|em1u
2022-04-04 09:29:00-04:00,2022-04-04 09:40:00-04:00,2022-04-04 09:50:00-04:00,S,14985.0,15016.5,15016.25,31.25,-65.0,-1.04,SL,1,em1u.0800|R|2022-04-04|em1u
2022-04-04 09:59:00-04:00,2022-04-04 11:32:00-04:00,2022-04-04 14:45:00-04:00,S,15107.25,15138.75,15138.5,31.25,-65.0,-1.04,SL,1,em1u.1000|R|2022-04-04|em1u
2022-04-06 11:59:00-04:00,2022-04-06 13:49:00-04:00,2022-04-06 14:01:00-04:00,S,14550.25,14581.75,14581.5,31.25,-65.0,-1.04,SL,1,em1u.1200|R|2022-04-06|em1u
2022-04-06 13:59:00-04:00,2022-04-06 14:01:00-04:00,2022-04-06 14:02:00-04:00,S,14576.0,14607.5,14607.25,31.25,-65.0,-1.04,SL,1,em1u.1400|R|2022-04-06|em1u
2022-04-07 11:59:00-04:00,2022-04-07 13:12:00-04:00,2022-04-07 13:28:00-04:00,S,14434.75,14466.75,14466.5,31.75,-66.0,-1.0393700787401574,SL,1,em1u.1200|R|2022-04-07|em1u
2022-04-07 13:59:00-04:00,2022-04-07 14:59:00-04:00,2022-04-07 15:01:00-04:00,S,14556.0,14588.0,14587.75,31.75,-66.0,-1.0393700787401574,SL,1,em1u.1400|R|2022-04-07|em1u
2022-04-08 09:59:00-04:00,2022-04-08 10:08:00-04:00,2022-04-08 10:28:00-04:00,S,14381.0,14412.5,14412.25,31.25,-65.0,-1.04,SL,1,em1u.1000|R|2022-04-08|em1u
2022-04-11 11:59:00-04:00,2022-04-11 13:11:00-04:00,2022-04-11 15:28:00-04:00,S,14131.25,14039.5,14162.25,31.0,181.5,2.9274193548387095,TP,1,em1u.1200|R|2022-04-11|em1u
2022-04-13 09:29:00-04:00,2022-04-13 09:46:00-04:00,2022-04-13 09:48:00-04:00,S,14040.75,14072.25,14072.0,31.25,-65.0,-1.04,SL,1,em1u.0800|R|2022-04-13|em1u
2022-04-13 09:59:00-04:00,2022-04-13 10:16:00-04:00,2022-04-13 10:30:00-04:00,S,14075.0,14106.5,14106.25,31.25,-65.0,-1.04,SL,1,em1u.1000|R|2022-04-13|em1u
2022-04-18 09:29:00-04:00,2022-04-18 09:31:00-04:00,2022-04-18 09:34:00-04:00,S,13900.0,13931.25,13931.0,31.0,-64.5,-1.0403225806451613,SL,1,em1u.0800|R|2022-04-18|em1u
2022-04-18 09:59:00-04:00,2022-04-18 10:06:00-04:00,2022-04-18 10:16:00-04:00,S,13927.5,13958.75,13958.5,31.0,-64.5,-1.0403225806451613,SL,1,em1u.1000|R|2022-04-18|em1u
2022-04-18 11:59:00-04:00,2022-04-18 13:36:00-04:00,2022-04-18 13:55:00-04:00,S,13936.75,13968.0,13967.75,31.0,-64.5,-1.0403225806451613,SL,1,em1u.1200|R|2022-04-18|em1u
2022-04-19 09:29:00-04:00,2022-04-19 09:55:00-04:00,2022-04-19 09:59:00-04:00,S,13984.75,14015.5,14015.25,30.5,-63.5,-1.040983606557377,SL,1,em1u.0800|R|2022-04-19|em1u
2022-04-19 09:59:00-04:00,2022-04-19 10:11:00-04:00,2022-04-19 10:38:00-04:00,S,14078.5,14109.25,14109.0,30.5,-63.5,-1.040983606557377,SL,1,em1u.1000|R|2022-04-19|em1u
2022-04-20 11:59:00-04:00,2022-04-20 13:47:00-04:00,2022-04-20 14:35:00-04:00,S,14111.0,14020.0,14141.75,30.75,180.0,2.926829268292683,TP,1,em1u.1200|R|2022-04-20|em1u
2022-04-21 09:29:00-04:00,2022-04-21 09:33:00-04:00,2022-04-21 09:36:00-04:00,S,14250.0,14280.75,14280.5,30.5,-63.5,-1.040983606557377,SL,1,em1u.0800|R|2022-04-21|em1u
2022-04-22 09:59:00-04:00,2022-04-22 10:01:00-04:00,2022-04-22 10:17:00-04:00,S,13732.25,13638.25,13764.0,31.75,186.0,2.9291338582677167,TP,1,em1u.1000|R|2022-04-22|em1u
2022-04-25 09:29:00-04:00,2022-04-25 09:32:00-04:00,2022-04-25 09:35:00-04:00,S,13314.25,13346.75,13346.5,32.25,-67.0,-1.0387596899224807,SL,1,em1u.0800|R|2022-04-25|em1u
2022-04-25 09:59:00-04:00,2022-04-25 10:07:00-04:00,2022-04-25 10:24:00-04:00,S,13315.5,13348.0,13347.75,32.25,-67.0,-1.0387596899224807,SL,1,em1u.1000|R|2022-04-25|em1u
2022-04-25 11:59:00-04:00,2022-04-25 12:08:00-04:00,2022-04-25 12:25:00-04:00,S,13333.75,13366.25,13366.0,32.25,-67.0,-1.0387596899224807,SL,1,em1u.1200|R|2022-04-25|em1u
2022-04-25 13:59:00-04:00,2022-04-25 14:21:00-04:00,2022-04-25 14:33:00-04:00,S,13419.75,13452.25,13452.0,32.25,-67.0,-1.0387596899224807,SL,1,em1u.1400|R|2022-04-25|em1u
2022-04-26 11:59:00-04:00,2022-04-26 12:17:00-04:00,2022-04-26 12:27:00-04:00,S,13170.25,13202.5,13202.25,32.0,-66.5,-1.0390625,SL,1,em1u.1200|R|2022-04-26|em1u
2022-04-26 13:59:00-04:00,2022-04-26 14:35:00-04:00,2022-04-26 15:15:00-04:00,S,13192.0,13097.25,13224.0,32.0,187.5,2.9296875,TP,1,em1u.1400|R|2022-04-26|em1u
2022-04-27 09:29:00-04:00,2022-04-27 09:34:00-04:00,2022-04-27 09:40:00-04:00,S,13112.25,13146.75,13146.5,34.25,-71.0,-1.0364963503649636,SL,1,em1u.0800|R|2022-04-27|em1u
2022-04-27 11:59:00-04:00,2022-04-27 12:22:00-04:00,2022-04-27 12:23:00-04:00,S,13160.25,13194.75,13194.5,34.25,-71.0,-1.0364963503649636,SL,1,em1u.1200|R|2022-04-27|em1u
2022-04-28 09:59:00-04:00,2022-04-28 11:19:00-04:00,2022-04-28 12:25:00-04:00,S,13210.75,13245.5,13245.25,34.5,-71.5,-1.036231884057971,SL,1,em1u.1000|R|2022-04-28|em1u
2022-04-28 11:59:00-04:00,2022-04-28 12:18:00-04:00,2022-04-28 12:25:00-04:00,S,13213.25,13248.0,13247.75,34.5,-71.5,-1.036231884057971,SL,1,em1u.1200|R|2022-04-28|em1u
2022-04-29 09:29:00-04:00,2022-04-29 09:34:00-04:00,2022-04-29 09:56:00-04:00,S,13345.75,13380.75,13380.5,34.75,-72.0,-1.0359712230215827,SL,1,em1u.0800|R|2022-04-29|em1u
2022-05-02 09:29:00-04:00,2022-05-02 09:30:00-04:00,2022-05-02 09:38:00-04:00,S,12863.25,12757.25,12899.0,35.75,210.0,2.937062937062937,TP,1,em1u.0800|R|2022-05-02|em1u
2022-05-02 09:59:00-04:00,2022-05-02 10:30:00-04:00,2022-05-02 10:57:00-04:00,S,13010.75,12904.75,13046.5,35.75,210.0,2.937062937062937,TP,1,em1u.1000|R|2022-05-02|em1u
2022-05-04 11:59:00-04:00,2022-05-04 12:26:00-04:00,2022-05-04 12:39:00-04:00,S,13044.25,13078.75,13078.5,34.25,-71.0,-1.0364963503649636,SL,1,em1u.1200|R|2022-05-04|em1u
2022-05-04 13:59:00-04:00,2022-05-04 14:01:00-04:00,2022-05-04 14:02:00-04:00,S,13228.25,13126.75,13262.5,34.25,201.0,2.934306569343066,TP,1,em1u.1400|R|2022-05-04|em1u
2022-05-05 11:59:00-04:00,2022-05-05 12:28:00-04:00,2022-05-05 13:08:00-04:00,S,12930.0,12965.75,12965.5,35.5,-73.5,-1.0352112676056338,SL,1,em1u.1200|R|2022-05-05|em1u
2022-05-06 09:59:00-04:00,2022-05-06 10:05:00-04:00,2022-05-06 10:07:00-04:00,S,12640.25,12678.5,12678.25,38.0,-78.5,-1.0328947368421053,SL,1,em1u.1000|R|2022-05-06|em1u
2022-05-06 11:59:00-04:00,2022-05-06 12:06:00-04:00,2022-05-06 12:07:00-04:00,S,12803.75,12842.0,12841.75,38.0,-78.5,-1.0328947368421053,SL,1,em1u.1200|R|2022-05-06|em1u
2022-05-09 09:29:00-04:00,2022-05-09 09:35:00-04:00,2022-05-09 09:39:00-04:00,S,12503.5,12541.25,12541.0,37.5,-77.5,-1.0333333333333334,SL,1,em1u.0800|R|2022-05-09|em1u
2022-05-09 11:59:00-04:00,2022-05-09 12:15:00-04:00,2022-05-09 12:48:00-04:00,S,12415.5,12304.25,12453.0,37.5,220.5,2.94,TP,1,em1u.1200|R|2022-05-09|em1u
2022-05-10 11:59:00-04:00,2022-05-10 13:30:00-04:00,2022-05-10 13:35:00-04:00,S,12362.5,12400.75,12400.5,38.0,-78.5,-1.0328947368421053,SL,1,em1u.1200|R|2022-05-10|em1u
2022-05-11 13:59:00-04:00,2022-05-11 14:25:00-04:00,2022-05-11 14:44:00-04:00,S,12101.75,12139.75,12139.5,37.75,-78.0,-1.033112582781457,SL,1,em1u.1400|R|2022-05-11|em1u
2022-05-12 09:29:00-04:00,2022-05-12 09:31:00-04:00,2022-05-12 09:34:00-04:00,S,11859.75,11745.5,11898.25,38.5,226.5,2.9415584415584415,TP,1,em1u.0800|R|2022-05-12|em1u
2022-05-12 09:59:00-04:00,2022-05-12 10:09:00-04:00,2022-05-12 10:10:00-04:00,S,11888.75,11927.5,11927.25,38.5,-79.5,-1.0324675324675325,SL,1,em1u.1000|R|2022-05-12|em1u
2022-05-12 11:59:00-04:00,2022-05-12 12:31:00-04:00,2022-05-12 12:45:00-04:00,S,11942.75,11981.5,11981.25,38.5,-79.5,-1.0324675324675325,SL,1,em1u.1200|R|2022-05-12|em1u
2022-05-13 09:59:00-04:00,2022-05-13 10:56:00-04:00,2022-05-13 12:04:00-04:00,S,12343.25,12382.0,12381.75,38.5,-79.5,-1.0324675324675325,SL,1,em1u.1000|R|2022-05-13|em1u
2022-05-16 09:59:00-04:00,2022-05-16 10:16:00-04:00,2022-05-16 10:51:00-04:00,S,12351.0,12236.0,12389.75,38.75,228.0,2.9419354838709677,TP,1,em1u.1000|R|2022-05-16|em1u
2022-05-19 09:29:00-04:00,2022-05-19 09:33:00-04:00,2022-05-19 09:37:00-04:00,S,11935.75,11974.75,11974.5,38.75,-80.0,-1.032258064516129,SL,1,em1u.0800|R|2022-05-19|em1u
2022-05-19 09:59:00-04:00,2022-05-19 10:03:00-04:00,2022-05-19 10:49:00-04:00,S,11987.5,11872.5,12026.25,38.75,228.0,2.9419354838709677,TP,1,em1u.1000|R|2022-05-19|em1u
2022-05-23 09:59:00-04:00,2022-05-23 11:04:00-04:00,2022-05-23 11:33:00-04:00,S,11944.75,11983.75,11983.5,38.75,-80.0,-1.032258064516129,SL,1,em1u.1000|R|2022-05-23|em1u
2022-05-24 11:59:00-04:00,2022-05-24 12:15:00-04:00,2022-05-24 12:36:00-04:00,S,11796.0,11684.0,11833.75,37.75,222.0,2.9403973509933774,TP,1,em1u.1200|R|2022-05-24|em1u
2022-05-25 09:29:00-04:00,2022-05-25 09:33:00-04:00,2022-05-25 09:36:00-04:00,S,11790.25,11828.25,11828.0,37.75,-78.0,-1.033112582781457,SL,1,em1u.0800|R|2022-05-25|em1u
2022-05-25 09:59:00-04:00,2022-05-25 10:30:00-04:00,2022-05-25 14:07:00-04:00,S,11893.5,11781.5,11931.25,37.75,222.0,2.9403973509933774,TP,1,em1u.1000|R|2022-05-25|em1u
2022-05-25 13:59:00-04:00,2022-05-25 14:27:00-04:00,2022-05-25 14:54:00-04:00,S,11937.5,11975.5,11975.25,37.75,-78.0,-1.033112582781457,SL,1,em1u.1400|R|2022-05-25|em1u
2022-05-26 09:29:00-04:00,2022-05-26 09:47:00-04:00,2022-05-26 09:52:00-04:00,S,12063.5,12101.0,12100.75,37.25,-77.0,-1.0335570469798658,SL,1,em1u.0800|R|2022-05-26|em1u
2022-05-26 09:59:00-04:00,2022-05-26 11:00:00-04:00,2022-05-26 11:21:00-04:00,S,12200.0,12237.5,12237.25,37.25,-77.0,-1.0335570469798658,SL,1,em1u.1000|R|2022-05-26|em1u
2022-05-26 11:59:00-04:00,2022-05-26 12:56:00-04:00,2022-05-26 15:59:00-04:00,S,12313.25,12274.5,12350.5,37.25,75.5,1.0134228187919463,time,1,em1u.1200|R|2022-05-26|em1u
2022-05-31 09:59:00-04:00,2022-05-31 10:43:00-04:00,2022-05-31 11:49:00-04:00,S,12632.0,12668.5,12668.25,36.25,-75.0,-1.0344827586206897,SL,1,em1u.1000|R|2022-05-31|em1u
2022-06-01 09:29:00-04:00,2022-06-01 09:31:00-04:00,2022-06-01 09:36:00-04:00,S,12764.0,12799.75,12799.5,35.5,-73.5,-1.0352112676056338,SL,1,em1u.0800|R|2022-06-01|em1u
2022-06-01 13:59:00-04:00,2022-06-01 14:25:00-04:00,2022-06-01 15:59:00-04:00,S,12630.0,12549.75,12665.5,35.5,158.5,2.232394366197183,time,1,em1u.1400|R|2022-06-01|em1u
2022-06-02 09:59:00-04:00,2022-06-02 10:13:00-04:00,2022-06-02 10:27:00-04:00,S,12610.75,12506.25,12646.0,35.25,207.0,2.9361702127659575,TP,1,em1u.1000|R|2022-06-02|em1u
2022-06-02 11:59:00-04:00,2022-06-02 12:32:00-04:00,2022-06-02 13:33:00-04:00,S,12774.25,12809.75,12809.5,35.25,-73.0,-1.0354609929078014,SL,1,em1u.1200|R|2022-06-02|em1u
2022-06-03 11:59:00-04:00,2022-06-03 13:02:00-04:00,2022-06-03 15:15:00-04:00,S,12624.0,12519.5,12659.25,35.25,207.0,2.9361702127659575,TP,1,em1u.1200|R|2022-06-03|em1u
2022-06-07 09:29:00-04:00,2022-06-07 09:50:00-04:00,2022-06-07 09:51:00-04:00,S,12536.0,12570.75,12570.5,34.5,-71.5,-1.036231884057971,SL,1,em1u.0800|R|2022-06-07|em1u
2022-06-07 09:59:00-04:00,2022-06-07 10:29:00-04:00,2022-06-07 10:34:00-04:00,S,12596.25,12631.0,12630.75,34.5,-71.5,-1.036231884057971,SL,1,em1u.1000|R|2022-06-07|em1u
2022-06-08 09:29:00-04:00,2022-06-08 09:49:00-04:00,2022-06-08 09:56:00-04:00,S,12749.75,12783.75,12783.5,33.75,-70.0,-1.037037037037037,SL,1,em1u.0800|R|2022-06-08|em1u
2022-06-10 11:59:00-04:00,2022-06-10 13:50:00-04:00,2022-06-10 15:26:00-04:00,S,11930.25,11963.5,11963.25,33.0,-68.5,-1.0378787878787878,SL,1,em1u.1200|R|2022-06-10|em1u
2022-06-13 09:29:00-04:00,2022-06-13 09:32:00-04:00,2022-06-13 09:37:00-04:00,S,11530.75,11564.5,11564.25,33.5,-69.5,-1.037313432835821,SL,1,em1u.0800|R|2022-06-13|em1u
2022-06-13 11:59:00-04:00,2022-06-13 12:33:00-04:00,2022-06-13 12:38:00-04:00,S,11475.25,11509.0,11508.75,33.5,-69.5,-1.037313432835821,SL,1,em1u.1200|R|2022-06-13|em1u
2022-06-14 11:59:00-04:00,2022-06-14 13:22:00-04:00,2022-06-14 13:43:00-04:00,S,11416.5,11313.5,11451.25,34.75,204.0,2.935251798561151,TP,1,em1u.1200|R|2022-06-14|em1u
2022-06-17 11:59:00-04:00,2022-06-17 12:49:00-04:00,2022-06-17 13:08:00-04:00,S,11309.75,11345.75,11345.5,35.75,-74.0,-1.034965034965035,SL,1,em1u.1200|R|2022-06-17|em1u
2022-06-21 09:29:00-04:00,2022-06-21 09:35:00-04:00,2022-06-21 09:36:00-04:00,S,11533.75,11567.25,11567.0,33.25,-69.0,-1.037593984962406,SL,1,em1u.0800|R|2022-06-21|em1u
2022-06-22 09:59:00-04:00,2022-06-22 10:18:00-04:00,2022-06-22 10:24:00-04:00,S,11668.5,11701.25,11701.0,32.5,-67.5,-1.0384615384615385,SL,1,em1u.1000|R|2022-06-22|em1u
2022-06-22 11:59:00-04:00,2022-06-22 13:18:00-04:00,2022-06-22 14:08:00-04:00,S,11665.25,11698.0,11697.75,32.5,-67.5,-1.0384615384615385,SL,1,em1u.1200|R|2022-06-22|em1u
2022-06-23 09:59:00-04:00,2022-06-23 10:57:00-04:00,2022-06-23 12:01:00-04:00,S,11724.75,11627.75,11757.5,32.75,192.0,2.931297709923664,TP,1,em1u.1000|R|2022-06-23|em1u
2022-06-24 09:29:00-04:00,2022-06-24 09:32:00-04:00,2022-06-24 09:41:00-04:00,S,11902.25,11934.75,11934.5,32.25,-67.0,-1.0387596899224807,SL,1,em1u.0800|R|2022-06-24|em1u
2022-06-24 09:59:00-04:00,2022-06-24 10:02:00-04:00,2022-06-24 10:08:00-04:00,S,12036.5,12069.0,12068.75,32.25,-67.0,-1.0387596899224807,SL,1,em1u.1000|R|2022-06-24|em1u
2022-06-27 09:59:00-04:00,2022-06-27 10:56:00-04:00,2022-06-27 12:31:00-04:00,S,12140.5,12044.25,12173.0,32.5,190.5,2.9307692307692306,TP,1,em1u.1000|R|2022-06-27|em1u
2022-06-28 09:29:00-04:00,2022-06-28 09:39:00-04:00,2022-06-28 10:03:00-04:00,S,12174.0,12080.0,12205.75,31.75,186.0,2.9291338582677167,TP,1,em1u.0800|R|2022-06-28|em1u
2022-06-30 09:59:00-04:00,2022-06-30 10:53:00-04:00,2022-06-30 10:59:00-04:00,S,11461.5,11493.0,11492.75,31.25,-65.0,-1.04,SL,1,em1u.1000|R|2022-06-30|em1u
2022-06-30 11:59:00-04:00,2022-06-30 12:32:00-04:00,2022-06-30 13:12:00-04:00,S,11678.0,11585.5,11709.25,31.25,183.0,2.928,TP,1,em1u.1200|R|2022-06-30|em1u
2022-07-01 09:29:00-04:00,2022-07-01 09:30:00-04:00,2022-07-01 09:36:00-04:00,S,11512.0,11420.25,11543.0,31.0,181.5,2.9274193548387095,TP,1,em1u.0800|R|2022-07-01|em1u
2022-07-01 11:59:00-04:00,2022-07-01 13:49:00-04:00,2022-07-01 14:23:00-04:00,S,11519.0,11550.25,11550.0,31.0,-64.5,-1.0403225806451613,SL,1,em1u.1200|R|2022-07-01|em1u
2022-07-05 09:59:00-04:00,2022-07-05 10:27:00-04:00,2022-07-05 10:36:00-04:00,S,11511.25,11540.5,11540.25,29.0,-60.5,-1.043103448275862,SL,1,em1u.1000|R|2022-07-05|em1u
2022-07-05 11:59:00-04:00,2022-07-05 12:24:00-04:00,2022-07-05 13:22:00-04:00,S,11636.75,11666.0,11665.75,29.0,-60.5,-1.043103448275862,SL,1,em1u.1200|R|2022-07-05|em1u
2022-07-05 13:59:00-04:00,2022-07-05 14:33:00-04:00,2022-07-05 14:38:00-04:00,S,11740.5,11769.75,11769.5,29.0,-60.5,-1.043103448275862,SL,1,em1u.1400|R|2022-07-05|em1u
2022-07-06 13:59:00-04:00,2022-07-06 14:40:00-04:00,2022-07-06 15:11:00-04:00,S,11919.5,11949.0,11948.75,29.25,-61.0,-1.0427350427350428,SL,1,em1u.1400|R|2022-07-06|em1u
2022-07-07 09:29:00-04:00,2022-07-07 09:42:00-04:00,2022-07-07 09:54:00-04:00,S,12012.25,12041.0,12040.75,28.5,-59.5,-1.043859649122807,SL,1,em1u.0800|R|2022-07-07|em1u
2022-07-08 09:59:00-04:00,2022-07-08 10:24:00-04:00,2022-07-08 10:26:00-04:00,S,12073.25,12102.0,12101.75,28.5,-59.5,-1.043859649122807,SL,1,em1u.1000|R|2022-07-08|em1u
2022-07-11 09:59:00-04:00,2022-07-11 10:38:00-04:00,2022-07-11 13:24:00-04:00,S,11950.75,11979.0,11978.75,28.0,-58.5,-1.0446428571428572,SL,1,em1u.1000|R|2022-07-11|em1u
2022-07-11 11:59:00-04:00,2022-07-11 13:30:00-04:00,2022-07-11 15:02:00-04:00,S,11983.25,11900.5,12011.25,28.0,163.5,2.919642857142857,TP,1,em1u.1200|R|2022-07-11|em1u
2022-07-12 09:59:00-04:00,2022-07-12 11:11:00-04:00,2022-07-12 14:56:00-04:00,S,11921.5,11839.5,11949.25,27.75,162.0,2.918918918918919,TP,1,em1u.1000|R|2022-07-12|em1u
2022-07-13 09:59:00-04:00,2022-07-13 10:42:00-04:00,2022-07-13 10:44:00-04:00,S,11756.25,11784.0,11783.75,27.5,-57.5,-1.0454545454545454,SL,1,em1u.1000|R|2022-07-13|em1u
2022-07-13 11:59:00-04:00,2022-07-13 13:02:00-04:00,2022-07-13 13:02:00-04:00,S,11825.0,11852.75,11852.5,27.5,-57.5,-1.0454545454545454,SL,1,em1u.1200|R|2022-07-13|em1u
2022-07-14 09:59:00-04:00,2022-07-14 11:10:00-04:00,2022-07-14 11:41:00-04:00,S,11643.75,11672.5,11672.25,28.5,-59.5,-1.043859649122807,SL,1,em1u.1000|R|2022-07-14|em1u
2022-07-14 13:59:00-04:00,2022-07-14 14:29:00-04:00,2022-07-14 15:31:00-04:00,S,11804.5,11833.25,11833.0,28.5,-59.5,-1.043859649122807,SL,1,em1u.1400|R|2022-07-14|em1u
2022-07-15 09:59:00-04:00,2022-07-15 10:00:00-04:00,2022-07-15 10:21:00-04:00,S,11978.0,11893.75,12006.5,28.5,166.5,2.9210526315789473,TP,1,em1u.1000|R|2022-07-15|em1u
2022-07-19 09:59:00-04:00,2022-07-19 10:53:00-04:00,2022-07-19 11:08:00-04:00,S,12142.0,12170.25,12170.0,28.0,-58.5,-1.0446428571428572,SL,1,em1u.1000|R|2022-07-19|em1u
2022-07-20 09:29:00-04:00,2022-07-20 09:44:00-04:00,2022-07-20 10:25:00-04:00,S,12331.25,12360.0,12359.75,28.5,-59.5,-1.043859649122807,SL,1,em1u.0800|R|2022-07-20|em1u
2022-07-20 09:59:00-04:00,2022-07-20 10:25:00-04:00,2022-07-20 10:28:00-04:00,S,12360.0,12388.75,12388.5,28.5,-59.5,-1.043859649122807,SL,1,em1u.1000|R|2022-07-20|em1u
2022-07-20 13:59:00-04:00,2022-07-20 14:27:00-04:00,2022-07-20 15:04:00-04:00,S,12452.75,12481.5,12481.25,28.5,-59.5,-1.043859649122807,SL,1,em1u.1400|R|2022-07-20|em1u
2022-07-21 11:59:00-04:00,2022-07-21 12:28:00-04:00,2022-07-21 15:08:00-04:00,S,12602.75,12631.0,12630.75,28.0,-58.5,-1.0446428571428572,SL,1,em1u.1200|R|2022-07-21|em1u
2022-07-22 09:29:00-04:00,2022-07-22 09:51:00-04:00,2022-07-22 09:53:00-04:00,S,12691.5,12609.5,12719.25,27.75,162.0,2.918918918918919,TP,1,em1u.0800|R|2022-07-22|em1u
2022-07-27 09:29:00-04:00,2022-07-27 09:39:00-04:00,2022-07-27 09:44:00-04:00,S,12342.25,12369.25,12369.0,26.75,-56.0,-1.0467289719626167,SL,1,em1u.0800|R|2022-07-27|em1u
2022-07-27 09:59:00-04:00,2022-07-27 11:01:00-04:00,2022-07-27 12:26:00-04:00,S,12442.5,12469.5,12469.25,26.75,-56.0,-1.0467289719626167,SL,1,em1u.1000|R|2022-07-27|em1u
2022-07-27 13:59:00-04:00,2022-07-27 14:35:00-04:00,2022-07-27 14:36:00-04:00,S,12491.0,12518.0,12517.75,26.75,-56.0,-1.0467289719626167,SL,1,em1u.1400|R|2022-07-27|em1u
2022-07-28 09:59:00-04:00,2022-07-28 10:52:00-04:00,2022-07-28 10:59:00-04:00,S,12545.5,12573.5,12573.25,27.75,-58.0,-1.045045045045045,SL,1,em1u.1000|R|2022-07-28|em1u
2022-07-28 11:59:00-04:00,2022-07-28 13:38:00-04:00,2022-07-28 15:03:00-04:00,S,12720.0,12748.0,12747.75,27.75,-58.0,-1.045045045045045,SL,1,em1u.1200|R|2022-07-28|em1u
2022-07-29 09:59:00-04:00,2022-07-29 10:27:00-04:00,2022-07-29 11:11:00-04:00,S,12920.0,12835.75,12948.5,28.5,166.5,2.9210526315789473,TP,1,em1u.1000|R|2022-07-29|em1u
2022-07-29 11:59:00-04:00,2022-07-29 13:41:00-04:00,2022-07-29 14:19:00-04:00,S,12916.0,12944.75,12944.5,28.5,-59.5,-1.043859649122807,SL,1,em1u.1200|R|2022-07-29|em1u
2022-08-01 09:29:00-04:00,2022-08-01 09:57:00-04:00,2022-08-01 10:06:00-04:00,S,13022.0,13050.25,13050.0,28.0,-58.5,-1.0446428571428572,SL,1,em1u.0800|R|2022-08-01|em1u
2022-08-01 09:59:00-04:00,2022-08-01 10:06:00-04:00,2022-08-01 10:49:00-04:00,S,13046.25,13074.5,13074.25,28.0,-58.5,-1.0446428571428572,SL,1,em1u.1000|R|2022-08-01|em1u
2022-08-01 13:59:00-04:00,2022-08-01 14:57:00-04:00,2022-08-01 15:59:00-04:00,S,12990.25,12962.75,13018.25,28.0,53.0,0.9464285714285714,time,1,em1u.1400|R|2022-08-01|em1u
2022-08-02 09:29:00-04:00,2022-08-02 09:34:00-04:00,2022-08-02 09:45:00-04:00,S,12917.0,12944.75,12944.5,27.5,-57.5,-1.0454545454545454,SL,1,em1u.0800|R|2022-08-02|em1u
2022-08-02 09:59:00-04:00,2022-08-02 10:52:00-04:00,2022-08-02 10:54:00-04:00,S,12969.0,12996.75,12996.5,27.5,-57.5,-1.0454545454545454,SL,1,em1u.1000|R|2022-08-02|em1u
2022-08-02 11:59:00-04:00,2022-08-02 12:17:00-04:00,2022-08-02 12:21:00-04:00,S,13038.5,13066.25,13066.0,27.5,-57.5,-1.0454545454545454,SL,1,em1u.1200|R|2022-08-02|em1u
2022-08-02 13:59:00-04:00,2022-08-02 14:32:00-04:00,2022-08-02 15:59:00-04:00,S,12989.25,12922.25,13016.75,27.5,132.0,2.4,time,1,em1u.1400|R|2022-08-02|em1u
2022-08-03 09:29:00-04:00,2022-08-03 09:33:00-04:00,2022-08-03 09:36:00-04:00,S,13041.5,13069.0,13068.75,27.25,-57.0,-1.0458715596330275,SL,1,em1u.0800|R|2022-08-03|em1u
2022-08-03 09:59:00-04:00,2022-08-03 11:12:00-04:00,2022-08-03 11:38:00-04:00,S,13174.0,13201.5,13201.25,27.25,-57.0,-1.0458715596330275,SL,1,em1u.1000|R|2022-08-03|em1u
2022-08-04 09:29:00-04:00,2022-08-04 09:45:00-04:00,2022-08-04 10:17:00-04:00,S,13331.25,13249.25,13359.0,27.75,162.0,2.918918918918919,TP,1,em1u.0800|R|2022-08-04|em1u
2022-08-05 09:59:00-04:00,2022-08-05 10:09:00-04:00,2022-08-05 10:13:00-04:00,S,13240.0,13267.0,13266.75,26.75,-56.0,-1.0467289719626167,SL,1,em1u.1000|R|2022-08-05|em1u
2022-08-05 11:59:00-04:00,2022-08-05 12:46:00-04:00,2022-08-05 13:04:00-04:00,S,13181.25,13208.25,13208.0,26.75,-56.0,-1.0467289719626167,SL,1,em1u.1200|R|2022-08-05|em1u
2022-08-08 09:29:00-04:00,2022-08-08 09:50:00-04:00,2022-08-08 09:55:00-04:00,S,13379.75,13406.5,13406.25,26.5,-55.5,-1.0471698113207548,SL,1,em1u.0800|R|2022-08-08|em1u
2022-08-09 09:59:00-04:00,2022-08-09 10:50:00-04:00,2022-08-09 12:23:00-04:00,S,13059.75,12981.5,13086.25,26.5,154.5,2.9150943396226414,TP,1,em1u.1000|R|2022-08-09|em1u
2022-08-10 09:59:00-04:00,2022-08-10 11:06:00-04:00,2022-08-10 15:54:00-04:00,S,13381.5,13407.75,13407.5,26.0,-54.5,-1.0480769230769231,SL,1,em1u.1000|R|2022-08-10|em1u
2022-08-11 09:29:00-04:00,2022-08-11 09:42:00-04:00,2022-08-11 10:05:00-04:00,S,13512.0,13539.0,13538.75,26.75,-56.0,-1.0467289719626167,SL,1,em1u.0800|R|2022-08-11|em1u
2022-08-11 09:59:00-04:00,2022-08-11 10:13:00-04:00,2022-08-11 10:48:00-04:00,S,13555.0,13476.0,13581.75,26.75,156.0,2.9158878504672896,TP,1,em1u.1000|R|2022-08-11|em1u
2022-08-12 09:29:00-04:00,2022-08-12 09:40:00-04:00,2022-08-12 10:18:00-04:00,S,13424.0,13450.75,13450.5,26.5,-55.5,-1.0471698113207548,SL,1,em1u.0800|R|2022-08-12|em1u
2022-08-12 09:59:00-04:00,2022-08-12 11:17:00-04:00,2022-08-12 12:23:00-04:00,S,13469.75,13496.5,13496.25,26.5,-55.5,-1.0471698113207548,SL,1,em1u.1000|R|2022-08-12|em1u
2022-08-15 09:29:00-04:00,2022-08-15 09:33:00-04:00,2022-08-15 09:54:00-04:00,S,13584.5,13611.0,13610.75,26.25,-55.0,-1.0476190476190477,SL,1,em1u.0800|R|2022-08-15|em1u
2022-08-16 09:59:00-04:00,2022-08-16 11:54:00-04:00,2022-08-16 13:37:00-04:00,S,13670.0,13695.75,13695.5,25.5,-53.5,-1.0490196078431373,SL,1,em1u.1000|R|2022-08-16|em1u
2022-08-17 11:59:00-04:00,2022-08-17 12:37:00-04:00,2022-08-17 13:30:00-04:00,S,13479.5,13504.75,13504.5,25.0,-52.5,-1.05,SL,1,em1u.1200|R|2022-08-17|em1u
2022-08-17 13:59:00-04:00,2022-08-17 14:03:00-04:00,2022-08-17 14:09:00-04:00,S,13540.0,13565.25,13565.0,25.0,-52.5,-1.05,SL,1,em1u.1400|R|2022-08-17|em1u
2022-08-18 09:59:00-04:00,2022-08-18 10:40:00-04:00,2022-08-18 10:50:00-04:00,S,13508.5,13533.5,13533.25,24.75,-52.0,-1.0505050505050506,SL,1,em1u.1000|R|2022-08-18|em1u
2022-08-23 09:59:00-04:00,2022-08-23 10:10:00-04:00,2022-08-23 10:54:00-04:00,S,12998.75,12926.5,13023.25,24.5,142.5,2.9081632653061225,TP,1,em1u.1000|R|2022-08-23|em1u
2022-08-24 09:59:00-04:00,2022-08-24 10:28:00-04:00,2022-08-24 11:15:00-04:00,S,12948.0,12972.0,12971.75,23.75,-50.0,-1.0526315789473684,SL,1,em1u.1000|R|2022-08-24|em1u
2022-08-25 09:59:00-04:00,2022-08-25 10:24:00-04:00,2022-08-25 10:41:00-04:00,S,13089.25,13112.75,13112.5,23.25,-49.0,-1.053763440860215,SL,1,em1u.1000|R|2022-08-25|em1u
2022-08-25 11:59:00-04:00,2022-08-25 13:46:00-04:00,2022-08-25 15:42:00-04:00,S,13090.5,13114.0,13113.75,23.25,-49.0,-1.053763440860215,SL,1,em1u.1200|R|2022-08-25|em1u
2022-08-26 09:59:00-04:00,2022-08-26 10:10:00-04:00,2022-08-26 10:15:00-04:00,S,13180.75,13113.0,13203.75,23.0,133.5,2.902173913043478,TP,1,em1u.1000|R|2022-08-26|em1u
2022-08-29 09:29:00-04:00,2022-08-29 09:31:00-04:00,2022-08-29 09:34:00-04:00,S,12529.5,12554.75,12554.5,25.0,-52.5,-1.05,SL,1,em1u.0800|R|2022-08-29|em1u
2022-08-29 09:59:00-04:00,2022-08-29 10:16:00-04:00,2022-08-29 10:17:00-04:00,S,12584.75,12610.0,12609.75,25.0,-52.5,-1.05,SL,1,em1u.1000|R|2022-08-29|em1u
2022-08-29 11:59:00-04:00,2022-08-29 12:19:00-04:00,2022-08-29 13:09:00-04:00,S,12564.0,12589.25,12589.0,25.0,-52.5,-1.05,SL,1,em1u.1200|R|2022-08-29|em1u
2022-08-31 09:29:00-04:00,2022-08-31 09:44:00-04:00,2022-08-31 10:15:00-04:00,S,12489.5,12415.0,12514.75,25.25,147.0,2.910891089108911,TP,1,em1u.0800|R|2022-08-31|em1u
2022-09-01 11:59:00-04:00,2022-09-01 13:24:00-04:00,2022-09-01 13:29:00-04:00,S,12098.5,12123.5,12123.25,24.75,-52.0,-1.0505050505050506,SL,1,em1u.1200|R|2022-09-01|em1u
2022-09-01 13:59:00-04:00,2022-09-01 14:21:00-04:00,2022-09-01 14:25:00-04:00,S,12141.0,12166.0,12165.75,24.75,-52.0,-1.0505050505050506,SL,1,em1u.1400|R|2022-09-01|em1u
2022-09-02 09:59:00-04:00,2022-09-02 10:12:00-04:00,2022-09-02 10:26:00-04:00,S,12368.75,12393.5,12393.25,24.5,-51.5,-1.0510204081632653,SL,1,em1u.1000|R|2022-09-02|em1u
2022-09-02 13:59:00-04:00,2022-09-02 14:28:00-04:00,2022-09-02 15:35:00-04:00,S,12146.5,12074.25,12171.0,24.5,142.5,2.9081632653061225,TP,1,em1u.1400|R|2022-09-02|em1u
2022-09-05 09:29:00-04:00,2022-09-05 09:36:00-04:00,2022-09-05 10:30:00-04:00,S,12132.0,12157.5,12157.25,25.25,-53.0,-1.0495049504950495,SL,1,em1u.0800|R|2022-09-05|em1u
2022-09-06 09:59:00-04:00,2022-09-06 10:53:00-04:00,2022-09-06 11:08:00-04:00,S,12105.75,12130.25,12130.0,24.25,-51.0,-1.0515463917525774,SL,1,em1u.1000|R|2022-09-06|em1u
2022-09-07 09:29:00-04:00,2022-09-07 09:31:00-04:00,2022-09-07 09:35:00-04:00,S,12070.5,12095.0,12094.75,24.25,-51.0,-1.0515463917525774,SL,1,em1u.0800|R|2022-09-07|em1u
2022-09-07 09:59:00-04:00,2022-09-07 11:13:00-04:00,2022-09-07 12:41:00-04:00,S,12140.75,12165.25,12165.0,24.25,-51.0,-1.0515463917525774,SL,1,em1u.1000|R|2022-09-07|em1u
2022-09-07 11:59:00-04:00,2022-09-07 13:44:00-04:00,2022-09-07 14:02:00-04:00,S,12207.5,12232.0,12231.75,24.25,-51.0,-1.0515463917525774,SL,1,em1u.1200|R|2022-09-07|em1u
2022-09-07 13:59:00-04:00,2022-09-07 14:54:00-04:00,2022-09-07 15:16:00-04:00,S,12273.75,12298.25,12298.0,24.25,-51.0,-1.0515463917525774,SL,1,em1u.1400|R|2022-09-07|em1u
2022-09-08 09:59:00-04:00,2022-09-08 10:43:00-04:00,2022-09-08 10:58:00-04:00,S,12310.75,12335.75,12335.5,24.75,-52.0,-1.0505050505050506,SL,1,em1u.1000|R|2022-09-08|em1u
2022-09-09 09:59:00-04:00,2022-09-09 11:33:00-04:00,2022-09-09 13:16:00-04:00,S,12570.0,12594.75,12594.5,24.5,-51.5,-1.0510204081632653,SL,1,em1u.1000|R|2022-09-09|em1u
2022-09-12 11:59:00-04:00,2022-09-12 13:12:00-04:00,2022-09-12 15:59:00-04:00,S,12725.25,12743.0,12749.5,24.25,-37.5,-0.7731958762886598,time,1,em1u.1200|R|2022-09-12|em1u
2022-09-16 09:59:00-04:00,2022-09-16 10:12:00-04:00,2022-09-16 10:13:00-04:00,S,11856.5,11883.25,11883.0,26.5,-55.5,-1.0471698113207548,SL,1,em1u.1000|R|2022-09-16|em1u
2022-09-16 13:59:00-04:00,2022-09-16 14:28:00-04:00,2022-09-16 14:55:00-04:00,S,11878.75,11905.5,11905.25,26.5,-55.5,-1.0471698113207548,SL,1,em1u.1400|R|2022-09-16|em1u
2022-09-19 09:29:00-04:00,2022-09-19 09:32:00-04:00,2022-09-19 09:42:00-04:00,S,11868.0,11894.0,11893.75,25.75,-54.0,-1.0485436893203883,SL,1,em1u.0800|R|2022-09-19|em1u
2022-09-19 09:59:00-04:00,2022-09-19 11:18:00-04:00,2022-09-19 11:30:00-04:00,S,11977.5,11901.5,12003.25,25.75,150.0,2.912621359223301,TP,1,em1u.1000|R|2022-09-19|em1u
2022-09-19 11:59:00-04:00,2022-09-19 12:53:00-04:00,2022-09-19 15:01:00-04:00,S,11939.5,11965.5,11965.25,25.75,-54.0,-1.0485436893203883,SL,1,em1u.1200|R|2022-09-19|em1u
2022-09-20 09:59:00-04:00,2022-09-20 11:12:00-04:00,2022-09-20 11:55:00-04:00,S,11984.25,12010.0,12009.75,25.5,-53.5,-1.0490196078431373,SL,1,em1u.1000|R|2022-09-20|em1u
2022-09-20 13:59:00-04:00,2022-09-20 14:46:00-04:00,2022-09-20 15:01:00-04:00,S,11897.75,11923.5,11923.25,25.5,-53.5,-1.0490196078431373,SL,1,em1u.1400|R|2022-09-20|em1u
2022-09-21 11:59:00-04:00,2022-09-21 13:59:00-04:00,2022-09-21 13:59:00-04:00,S,12029.5,12055.0,12054.75,25.25,-53.0,-1.0495049504950495,SL,1,em1u.1200|R|2022-09-21|em1u
2022-09-21 13:59:00-04:00,2022-09-21 14:44:00-04:00,2022-09-21 14:45:00-04:00,S,12094.25,12119.75,12119.5,25.25,-53.0,-1.0495049504950495,SL,1,em1u.1400|R|2022-09-21|em1u
2022-09-23 09:59:00-04:00,2022-09-23 11:24:00-04:00,2022-09-23 11:46:00-04:00,S,11420.75,11344.0,11446.75,26.0,151.5,2.9134615384615383,TP,1,em1u.1000|R|2022-09-23|em1u
2022-09-26 09:29:00-04:00,2022-09-26 09:31:00-04:00,2022-09-26 09:33:00-04:00,S,11385.25,11411.75,11411.5,26.25,-55.0,-1.0476190476190477,SL,1,em1u.0800|R|2022-09-26|em1u
2022-09-26 13:59:00-04:00,2022-09-26 14:08:00-04:00,2022-09-26 14:52:00-04:00,S,11368.25,11394.75,11394.5,26.25,-55.0,-1.0476190476190477,SL,1,em1u.1400|R|2022-09-26|em1u
2022-09-27 13:59:00-04:00,2022-09-27 14:40:00-04:00,2022-09-27 15:59:00-04:00,S,11338.5,11333.0,11364.5,26.0,9.0,0.17307692307692307,time,1,em1u.1400|R|2022-09-27|em1u
2022-09-28 09:59:00-04:00,2022-09-28 10:27:00-04:00,2022-09-28 10:29:00-04:00,S,11380.25,11406.5,11406.25,26.0,-54.5,-1.0480769230769231,SL,1,em1u.1000|R|2022-09-28|em1u
2022-09-30 09:59:00-04:00,2022-09-30 10:33:00-04:00,2022-09-30 11:07:00-04:00,S,11301.25,11329.25,11329.0,27.75,-58.0,-1.045045045045045,SL,1,em1u.1000|R|2022-09-30|em1u
2022-10-03 09:59:00-04:00,2022-10-03 10:02:00-04:00,2022-10-03 10:24:00-04:00,S,11162.0,11190.0,11189.75,27.75,-58.0,-1.045045045045045,SL,1,em1u.1000|R|2022-10-03|em1u
2022-10-03 11:59:00-04:00,2022-10-03 13:23:00-04:00,2022-10-03 13:37:00-04:00,S,11247.75,11275.75,11275.5,27.75,-58.0,-1.045045045045045,SL,1,em1u.1200|R|2022-10-03|em1u
2022-10-03 13:59:00-04:00,2022-10-03 14:44:00-04:00,2022-10-03 15:59:00-04:00,S,11336.25,11291.0,11364.0,27.75,88.5,1.5945945945945945,time,1,em1u.1400|R|2022-10-03|em1u
2022-10-04 09:29:00-04:00,2022-10-04 09:49:00-04:00,2022-10-04 10:00:00-04:00,S,11593.5,11622.25,11622.0,28.5,-59.5,-1.043859649122807,SL,1,em1u.0800|R|2022-10-04|em1u
2022-10-05 11:59:00-04:00,2022-10-05 12:17:00-04:00,2022-10-05 12:49:00-04:00,S,11528.0,11557.0,11556.75,28.75,-60.0,-1.0434782608695652,SL,1,em1u.1200|R|2022-10-05|em1u
2022-10-05 13:59:00-04:00,2022-10-05 14:59:00-04:00,2022-10-05 15:02:00-04:00,S,11641.25,11670.25,11670.0,28.75,-60.0,-1.0434782608695652,SL,1,em1u.1400|R|2022-10-05|em1u
2022-10-06 09:29:00-04:00,2022-10-06 09:33:00-04:00,2022-10-06 09:39:00-04:00,S,11647.75,11676.5,11676.25,28.5,-59.5,-1.043859649122807,SL,1,em1u.0800|R|2022-10-06|em1u
2022-10-10 11:59:00-04:00,2022-10-10 13:52:00-04:00,2022-10-10 15:59:00-04:00,S,11052.75,10981.0,11081.75,29.0,141.5,2.439655172413793,time,1,em1u.1200|R|2022-10-10|em1u
2022-10-11 09:59:00-04:00,2022-10-11 10:40:00-04:00,2022-10-11 11:03:00-04:00,S,10886.75,10915.25,10915.0,28.25,-59.0,-1.0442477876106195,SL,1,em1u.1000|R|2022-10-11|em1u
2022-10-11 11:59:00-04:00,2022-10-11 12:45:00-04:00,2022-10-11 13:32:00-04:00,S,11025.5,10942.0,11053.75,28.25,165.0,2.920353982300885,TP,1,em1u.1200|R|2022-10-11|em1u
2022-10-12 13:59:00-04:00,2022-10-12 14:11:00-04:00,2022-10-12 15:59:00-04:00,S,10911.25,10837.0,10939.25,28.0,146.5,2.6160714285714284,time,1,em1u.1400|R|2022-10-12|em1u
2022-10-13 09:59:00-04:00,2022-10-13 10:13:00-04:00,2022-10-13 10:27:00-04:00,S,10683.25,10603.5,10710.25,27.0,157.5,2.9166666666666665,TP,1,em1u.1000|R|2022-10-13|em1u
2022-10-13 11:59:00-04:00,2022-10-13 13:27:00-04:00,2022-10-13 13:34:00-04:00,S,11077.0,11104.25,11104.0,27.0,-56.5,-1.0462962962962963,SL,1,em1u.1200|R|2022-10-13|em1u
2022-10-18 11:59:00-04:00,2022-10-18 12:38:00-04:00,2022-10-18 14:43:00-04:00,S,11233.5,11144.0,11263.75,30.25,177.0,2.925619834710744,TP,1,em1u.1200|R|2022-10-18|em1u
2022-10-19 09:59:00-04:00,2022-10-19 10:14:00-04:00,2022-10-19 10:21:00-04:00,S,11215.0,11245.25,11245.0,30.0,-62.5,-1.0416666666666667,SL,1,em1u.1000|R|2022-10-19|em1u
2022-10-20 09:59:00-04:00,2022-10-20 10:09:00-04:00,2022-10-20 10:19:00-04:00,S,11281.75,11311.75,11311.5,29.75,-62.0,-1.0420168067226891,SL,1,em1u.1000|R|2022-10-20|em1u
2022-10-21 09:29:00-04:00,2022-10-21 09:32:00-04:00,2022-10-21 09:45:00-04:00,S,11060.75,11090.5,11090.25,29.5,-61.5,-1.0423728813559323,SL,1,em1u.0800|R|2022-10-21|em1u
2022-10-24 13:59:00-04:00,2022-10-24 14:57:00-04:00,2022-10-24 15:16:00-04:00,S,11477.75,11508.0,11507.75,30.0,-62.5,-1.0416666666666667,SL,1,em1u.1400|R|2022-10-24|em1u
2022-10-25 09:29:00-04:00,2022-10-25 09:31:00-04:00,2022-10-25 09:45:00-04:00,S,11548.75,11578.75,11578.5,29.75,-62.0,-1.0420168067226891,SL,1,em1u.0800|R|2022-10-25|em1u
2022-10-26 09:59:00-04:00,2022-10-26 10:19:00-04:00,2022-10-26 10:37:00-04:00,S,11565.75,11595.25,11595.0,29.25,-61.0,-1.0427350427350428,SL,1,em1u.1000|R|2022-10-26|em1u
2022-10-27 09:29:00-04:00,2022-10-27 09:32:00-04:00,2022-10-27 09:40:00-04:00,S,11459.75,11374.0,11488.75,29.0,169.5,2.9224137931034484,TP,1,em1u.0800|R|2022-10-27|em1u
2022-10-27 09:59:00-04:00,2022-10-27 10:12:00-04:00,2022-10-27 10:13:00-04:00,S,11366.5,11395.75,11395.5,29.0,-60.5,-1.043103448275862,SL,1,em1u.1000|R|2022-10-27|em1u
2022-10-28 09:59:00-04:00,2022-10-28 10:27:00-04:00,2022-10-28 10:40:00-04:00,S,11395.0,11425.75,11425.5,30.5,-63.5,-1.040983606557377,SL,1,em1u.1000|R|2022-10-28|em1u
2022-10-28 11:59:00-04:00,2022-10-28 13:07:00-04:00,2022-10-28 14:35:00-04:00,S,11533.0,11563.75,11563.5,30.5,-63.5,-1.040983606557377,SL,1,em1u.1200|R|2022-10-28|em1u
2022-10-31 09:59:00-04:00,2022-10-31 11:51:00-04:00,2022-10-31 15:59:00-04:00,S,11494.75,11448.5,11526.25,31.5,90.5,1.4365079365079365,time,1,em1u.1000|R|2022-10-31|em1u
2022-11-02 13:59:00-04:00,2022-11-02 14:00:00-04:00,2022-11-02 14:00:00-04:00,S,11316.75,11347.5,11347.25,30.5,-63.5,-1.040983606557377,SL,1,em1u.1400|R|2022-11-02|em1u
2022-11-03 09:59:00-04:00,2022-11-03 10:14:00-04:00,2022-11-03 10:25:00-04:00,S,10792.0,10823.75,10823.5,31.5,-65.5,-1.0396825396825398,SL,1,em1u.1000|R|2022-11-03|em1u
2022-11-03 11:59:00-04:00,2022-11-03 12:44:00-04:00,2022-11-03 15:53:00-04:00,S,10833.5,10740.25,10865.0,31.5,184.5,2.9285714285714284,TP,1,em1u.1200|R|2022-11-03|em1u
2022-11-04 09:59:00-04:00,2022-11-04 10:22:00-04:00,2022-11-04 10:23:00-04:00,S,10910.75,10941.75,10941.5,30.75,-64.0,-1.0406504065040652,SL,1,em1u.1000|R|2022-11-04|em1u
2022-11-04 11:59:00-04:00,2022-11-04 12:17:00-04:00,2022-11-04 13:09:00-04:00,S,10771.25,10680.25,10802.0,30.75,180.0,2.926829268292683,TP,1,em1u.1200|R|2022-11-04|em1u
2022-11-04 13:59:00-04:00,2022-11-04 14:28:00-04:00,2022-11-04 14:43:00-04:00,S,10754.25,10785.25,10785.0,30.75,-64.0,-1.0406504065040652,SL,1,em1u.1400|R|2022-11-04|em1u
2022-11-07 09:59:00-05:00,2022-11-07 10:16:00-05:00,2022-11-07 12:00:00-05:00,S,10950.25,10860.0,10980.75,30.5,178.5,2.9262295081967213,TP,1,em1u.1000|R|2022-11-07|em1u
2022-11-07 11:59:00-05:00,2022-11-07 13:12:00-05:00,2022-11-07 14:12:00-05:00,S,10933.0,10963.75,10963.5,30.5,-63.5,-1.040983606557377,SL,1,em1u.1200|R|2022-11-07|em1u
2022-11-07 13:59:00-05:00,2022-11-07 14:28:00-05:00,2022-11-07 15:17:00-05:00,S,10998.25,11029.0,11028.75,30.5,-63.5,-1.040983606557377,SL,1,em1u.1400|R|2022-11-07|em1u
2022-11-08 09:59:00-05:00,2022-11-08 10:39:00-05:00,2022-11-08 11:13:00-05:00,S,11125.5,11155.75,11155.5,30.0,-62.5,-1.0416666666666667,SL,1,em1u.1000|R|2022-11-08|em1u
2022-11-09 09:59:00-05:00,2022-11-09 10:16:00-05:00,2022-11-09 10:34:00-05:00,S,11041.75,10954.5,11071.25,29.5,172.5,2.9237288135593222,TP,1,em1u.1000|R|2022-11-09|em1u
2022-11-11 09:59:00-05:00,2022-11-11 10:06:00-05:00,2022-11-11 10:14:00-05:00,S,11691.5,11724.0,11723.75,32.25,-67.0,-1.0387596899224807,SL,1,em1u.1000|R|2022-11-11|em1u
2022-11-11 11:59:00-05:00,2022-11-11 13:02:00-05:00,2022-11-11 13:19:00-05:00,S,11779.75,11812.25,11812.0,32.25,-67.0,-1.0387596899224807,SL,1,em1u.1200|R|2022-11-11|em1u
2022-11-14 09:59:00-05:00,2022-11-14 11:46:00-05:00,2022-11-14 12:39:00-05:00,S,11817.75,11849.75,11849.5,31.75,-66.0,-1.0393700787401574,SL,1,em1u.1000|R|2022-11-14|em1u
2022-11-14 11:59:00-05:00,2022-11-14 13:28:00-05:00,2022-11-14 15:47:00-05:00,S,11876.0,11782.0,11907.75,31.75,186.0,2.9291338582677167,TP,1,em1u.1200|R|2022-11-14|em1u
2022-11-15 13:59:00-05:00,2022-11-15 14:20:00-05:00,2022-11-15 15:24:00-05:00,S,11919.25,11950.0,11949.75,30.5,-63.5,-1.040983606557377,SL,1,em1u.1400|R|2022-11-15|em1u
2022-11-17 09:59:00-05:00,2022-11-17 10:19:00-05:00,2022-11-17 11:55:00-05:00,S,11659.0,11689.0,11688.75,29.75,-62.0,-1.0420168067226891,SL,1,em1u.1000|R|2022-11-17|em1u
2022-11-21 09:29:00-05:00,2022-11-21 09:31:00-05:00,2022-11-21 10:22:00-05:00,S,11688.25,11603.25,11717.0,28.75,168.0,2.9217391304347826,TP,1,em1u.0800|R|2022-11-21|em1u
2022-11-22 09:59:00-05:00,2022-11-22 10:14:00-05:00,2022-11-22 10:49:00-05:00,S,11610.25,11638.25,11638.0,27.75,-58.0,-1.045045045045045,SL,1,em1u.1000|R|2022-11-22|em1u
2022-11-23 09:29:00-05:00,2022-11-23 09:53:00-05:00,2022-11-23 10:32:00-05:00,S,11845.5,11873.0,11872.75,27.25,-57.0,-1.0458715596330275,SL,1,em1u.0800|R|2022-11-23|em1u
2022-11-23 13:59:00-05:00,2022-11-23 14:03:00-05:00,2022-11-23 15:59:00-05:00,S,11876.0,11868.5,11903.25,27.25,13.0,0.23853211009174313,time,1,em1u.1400|R|2022-11-23|em1u
2022-11-28 09:29:00-05:00,2022-11-28 09:34:00-05:00,2022-11-28 09:41:00-05:00,S,11750.25,11774.25,11774.0,23.75,-50.0,-1.0526315789473684,SL,1,em1u.0800|R|2022-11-28|em1u
2022-11-29 09:59:00-05:00,2022-11-29 10:29:00-05:00,2022-11-29 11:03:00-05:00,S,11625.75,11556.5,11649.25,23.5,136.5,2.904255319148936,TP,1,em1u.1000|R|2022-11-29|em1u
2022-11-30 11:59:00-05:00,2022-11-30 13:30:00-05:00,2022-11-30 13:30:00-05:00,S,11601.25,11624.5,11624.25,23.0,-48.5,-1.0543478260869565,SL,1,em1u.1200|R|2022-11-30|em1u
2022-11-30 13:59:00-05:00,2022-11-30 14:04:00-05:00,2022-11-30 14:05:00-05:00,S,11797.5,11820.75,11820.5,23.0,-48.5,-1.0543478260869565,SL,1,em1u.1400|R|2022-11-30|em1u
2022-12-01 09:29:00-05:00,2022-12-01 09:44:00-05:00,2022-12-01 09:50:00-05:00,S,12096.25,12121.25,12121.0,24.75,-52.0,-1.0505050505050506,SL,1,em1u.0800|R|2022-12-01|em1u
2022-12-02 09:59:00-05:00,2022-12-02 10:12:00-05:00,2022-12-02 10:14:00-05:00,S,11924.0,11948.5,11948.25,24.25,-51.0,-1.0515463917525774,SL,1,em1u.1000|R|2022-12-02|em1u
2022-12-02 13:59:00-05:00,2022-12-02 14:57:00-05:00,2022-12-02 15:04:00-05:00,S,11987.5,12012.0,12011.75,24.25,-51.0,-1.0515463917525774,SL,1,em1u.1400|R|2022-12-02|em1u
2022-12-07 09:59:00-05:00,2022-12-07 10:05:00-05:00,2022-12-07 10:50:00-05:00,S,11520.5,11545.25,11545.0,24.5,-51.5,-1.0510204081632653,SL,1,em1u.1000|R|2022-12-07|em1u
2022-12-07 11:59:00-05:00,2022-12-07 13:19:00-05:00,2022-12-07 14:03:00-05:00,S,11555.5,11483.25,11580.0,24.5,142.5,2.9081632653061225,TP,1,em1u.1200|R|2022-12-07|em1u
2022-12-08 09:59:00-05:00,2022-12-08 10:26:00-05:00,2022-12-08 13:40:00-05:00,S,11651.25,11675.25,11675.0,23.75,-50.0,-1.0526315789473684,SL,1,em1u.1000|R|2022-12-08|em1u
2022-12-09 09:59:00-05:00,2022-12-09 10:31:00-05:00,2022-12-09 10:59:00-05:00,S,11666.25,11690.0,11689.75,23.5,-49.5,-1.053191489361702,SL,1,em1u.1000|R|2022-12-09|em1u
2022-12-13 13:59:00-05:00,2022-12-13 14:43:00-05:00,2022-12-13 14:56:00-05:00,S,11879.25,11813.0,11901.75,22.5,130.5,2.9,TP,1,em1u.1400|R|2022-12-13|em1u
2022-12-16 09:29:00-05:00,2022-12-16 09:49:00-05:00,2022-12-16 10:04:00-05:00,S,11484.25,11409.0,11509.75,25.5,148.5,2.911764705882353,TP,1,em1u.0800|R|2022-12-16|em1u
2022-12-20 09:59:00-05:00,2022-12-20 10:31:00-05:00,2022-12-20 11:12:00-05:00,S,11227.75,11154.75,11252.5,24.75,144.0,2.909090909090909,TP,1,em1u.1000|R|2022-12-20|em1u
2022-12-21 09:59:00-05:00,2022-12-21 10:09:00-05:00,2022-12-21 10:32:00-05:00,S,11285.75,11310.25,11310.0,24.25,-51.0,-1.0515463917525774,SL,1,em1u.1000|R|2022-12-21|em1u
2022-12-22 13:59:00-05:00,2022-12-22 14:32:00-05:00,2022-12-22 14:58:00-05:00,S,10960.0,10984.0,10983.75,23.75,-50.0,-1.0526315789473684,SL,1,em1u.1400|R|2022-12-22|em1u
2022-12-23 09:59:00-05:00,2022-12-23 10:00:00-05:00,2022-12-23 10:03:00-05:00,S,10998.75,10925.0,11023.75,25.0,145.5,2.91,TP,1,em1u.1000|R|2022-12-23|em1u
2022-12-27 09:59:00-05:00,2022-12-27 10:21:00-05:00,2022-12-27 10:46:00-05:00,S,10989.75,11014.5,11014.25,24.5,-51.5,-1.0510204081632653,SL,1,em1u.1000|R|2022-12-27|em1u
2022-12-28 11:59:00-05:00,2022-12-28 12:59:00-05:00,2022-12-28 13:04:00-05:00,S,10849.25,10874.0,10873.75,24.5,-51.5,-1.0510204081632653,SL,1,em1u.1200|R|2022-12-28|em1u
2022-12-29 09:59:00-05:00,2022-12-29 10:35:00-05:00,2022-12-29 11:32:00-05:00,S,11017.0,11041.25,11041.0,24.0,-50.5,-1.0520833333333333,SL,1,em1u.1000|R|2022-12-29|em1u
2022-12-30 09:59:00-05:00,2022-12-30 10:49:00-05:00,2022-12-30 13:22:00-05:00,S,10963.0,10892.25,10987.0,24.0,139.5,2.90625,TP,1,em1u.1000|R|2022-12-30|em1u
