sig_time,entry_time,exit_time,side,entry,exit,stop,risk_pts,pnl,R,reason,parts,tag
2019-06-20 23:29:00-04:00,2019-06-20 23:29:00-04:00,2019-06-21 03:29:00-04:00,L,7738.25,7752.75,,12.689285714285715,27.0,1.063889670700816,time,1,L
2019-06-23 23:29:00-04:00,2019-06-23 23:29:00-04:00,2019-06-24 03:29:00-04:00,L,7780.25,7784.75,,12.33826530612245,7.0,0.2836703469379316,time,1,L
2019-06-24 23:29:00-04:00,2019-06-24 23:29:00-04:00,2019-06-25 03:29:00-04:00,L,7727.5,7737.25,,12.008746355685131,17.5,0.7286355911629036,time,1,L
2019-06-25 23:29:00-04:00,2019-06-25 23:29:00-04:00,2019-06-26 03:29:00-04:00,L,7642.25,7632.75,,12.367050187421908,-21.0,-0.8490302732562031,time,1,L
2019-06-26 23:29:00-04:00,2019-06-26 23:29:00-04:00,2019-06-27 03:29:00-04:00,L,7682.25,7697.75,,12.219403745463199,29.0,1.1866372780573307,time,1,L
2019-06-27 23:29:00-04:00,2019-06-27 23:29:00-04:00,2019-06-28 03:29:00-04:00,L,7680.5,7693.75,,11.880517763644399,24.5,1.031099842928248,time,1,L
2019-06-30 23:29:00-04:00,2019-06-30 23:29:00-04:00,2019-07-01 03:29:00-04:00,L,7787.5,7821.75,,11.472980780526942,66.5,2.898113457701867,time,1,L
2019-07-01 23:29:00-04:00,2019-07-01 23:29:00-04:00,2019-07-02 03:29:00-04:00,L,7792.5,7782.25,,11.55526786763216,-22.5,-0.973581930671875,time,1,L
2019-07-02 23:29:00-04:00,2019-07-02 23:29:00-04:00,2019-07-03 03:29:00-04:00,L,7830.75,7849.0,,11.304891591372723,34.5,1.5258881397115085,time,1,L
2019-07-03 23:29:00-04:00,2019-07-03 23:29:00-04:00,2019-07-04 03:29:00-04:00,L,7884.75,7887.0,,10.9848993348461,2.5,0.11379257669069143,time,1,L
2019-07-04 23:29:00-04:00,2019-07-04 23:29:00-04:00,2019-07-05 03:29:00-04:00,L,7903.75,7892.0,,10.380620810928521,-25.5,-1.228250239771502,time,1,L
2019-07-07 23:29:00-04:00,2019-07-07 23:29:00-04:00,2019-07-08 03:29:00-04:00,L,7832.75,7832.0,,10.440933610147912,-3.5,-0.16760953237928006,time,1,L
2019-07-08 23:29:00-04:00,2019-07-08 23:29:00-04:00,2019-07-09 03:29:00-04:00,L,7754.75,7759.75,,10.313009780851633,8.0,0.3878596147001507,time,1,L
2019-07-09 23:29:00-04:00,2019-07-09 23:29:00-04:00,2019-07-10 03:29:00-04:00,L,7854.0,7823.5,,10.401366225076517,-63.0,-3.0284483132664883,time,1,L
2019-07-10 23:29:00-04:00,2019-07-10 23:29:00-04:00,2019-07-11 03:29:00-04:00,L,7950.25,7951.75,,10.644125780428194,1.0,0.04697426639953572,time,1,L
2019-07-11 23:29:00-04:00,2019-07-11 23:29:00-04:00,2019-07-12 03:29:00-04:00,L,7937.5,7929.5,,10.376688224683322,-18.0,-0.8673287473927804,time,1,L
2019-07-14 23:29:00-04:00,2019-07-14 23:29:00-04:00,2019-07-15 03:29:00-04:00,L,7965.5,7979.75,,10.033710494348801,26.5,1.320548366176469,time,1,L
2019-07-15 23:29:00-04:00,2019-07-15 23:29:00-04:00,2019-07-16 03:29:00-04:00,L,7998.0,7989.25,,9.679516887609601,-19.5,-1.00728167667961,time,1,L
2019-07-16 23:29:00-04:00,2019-07-16 23:29:00-04:00,2019-07-17 03:29:00-04:00,L,7947.75,7955.25,,9.541694252780342,13.0,0.6812207379319426,time,1,L
2019-07-17 23:29:00-04:00,2019-07-17 23:29:00-04:00,2019-07-18 03:29:00-04:00,L,7857.5,7852.0,,9.561930377581746,-13.0,-0.679779055413273,time,1,L
2019-07-18 23:29:00-04:00,2019-07-18 23:29:00-04:00,2019-07-19 03:29:00-04:00,L,7970.25,7962.25,,9.748578207754479,-18.0,-0.923211550258783,time,1,L
2019-07-21 23:29:00-04:00,2019-07-21 23:29:00-04:00,2019-07-22 03:29:00-04:00,L,7839.25,7862.75,,10.23439405005773,45.0,2.198469190256856,time,1,L
2019-07-22 23:29:00-04:00,2019-07-22 23:29:00-04:00,2019-07-23 03:29:00-04:00,L,7931.75,7935.0,,10.340865903625037,4.5,0.2175833262871393,time,1,L
2019-07-23 23:29:00-04:00,2019-07-23 23:29:00-04:00,2019-07-24 03:29:00-04:00,L,7966.75,7946.25,,10.155804053366104,-43.0,-2.1170160321155373,time,1,L
2019-07-24 23:29:00-04:00,2019-07-24 23:29:00-04:00,2019-07-25 03:29:00-04:00,L,8015.5,8013.75,,10.330389478125667,-5.5,-0.2662048711544762,time,1,L
2019-07-25 23:29:00-04:00,2019-07-25 23:29:00-04:00,2019-07-26 03:29:00-04:00,L,8014.5,8011.75,,10.428218801116692,-7.5,-0.3596012005040052,time,1,L
2019-07-28 23:29:00-04:00,2019-07-28 23:29:00-04:00,2019-07-29 03:29:00-04:00,L,8007.0,8013.75,,10.1012031724655,11.5,0.5692391195212977,time,1,L
2019-07-29 23:29:00-04:00,2019-07-29 23:29:00-04:00,2019-07-30 03:29:00-04:00,L,8018.25,7993.75,,9.95290294586082,-51.0,-2.5620665788371677,time,1,L
2019-07-30 23:29:00-04:00,2019-07-30 23:29:00-04:00,2019-07-31 03:29:00-04:00,L,7995.25,7988.25,,9.895552735442191,-16.0,-0.8084439761860875,time,1,L
2019-07-31 23:29:00-04:00,2019-07-31 23:29:00-04:00,2019-08-01 03:29:00-04:00,L,7875.0,7863.5,,10.758370397196321,-25.0,-1.1618860048969457,time,1,L
2019-08-01 23:29:00-04:00,2019-08-01 23:29:00-04:00,2019-08-02 03:29:00-04:00,L,7775.5,7775.75,,11.686343940253726,-1.5,-0.0641774710580456,time,1,L
2019-08-04 23:29:00-04:00,2019-08-04 23:29:00-04:00,2019-08-05 03:29:00-04:00,L,7576.0,7599.0,,11.962319373092747,44.0,1.8391082292523764,time,1,L
2019-08-05 23:29:00-04:00,2019-08-05 23:29:00-04:00,2019-08-06 03:29:00-04:00,L,7359.0,7447.0,,13.597153703586123,174.0,6.39839792184261,time,1,L
2019-08-06 23:29:00-04:00,2019-08-06 23:29:00-04:00,2019-08-07 03:29:00-04:00,L,7458.75,7497.25,,14.938428439044259,75.0,2.510304223300159,time,1,L
2019-08-07 23:29:00-04:00,2019-08-07 23:29:00-04:00,2019-08-08 03:29:00-04:00,L,7591.25,7578.75,,15.224969264826814,-27.0,-0.8867012974001931,time,1,L
2019-08-08 23:29:00-04:00,2019-08-08 23:29:00-04:00,2019-08-09 03:29:00-04:00,L,7683.75,7684.75,,15.653542888767758,0.0,0.0,time,1,L
2019-08-11 23:29:00-04:00,2019-08-11 23:29:00-04:00,2019-08-12 03:29:00-04:00,L,7689.5,7704.5,,15.478289825284348,28.0,0.9044926899566444,time,1,L
2019-08-12 23:29:00-04:00,2019-08-12 23:29:00-04:00,2019-08-13 03:29:00-04:00,L,7579.75,7548.5,,15.622697694906897,-64.5,-2.064304170112292,time,1,L
2019-08-13 23:29:00-04:00,2019-08-13 23:29:00-04:00,2019-08-14 03:29:00-04:00,L,7734.75,7722.0,,16.474647859556406,-27.5,-0.8346157148375146,time,1,L
2019-08-14 23:29:00-04:00,2019-08-14 23:29:00-04:00,2019-08-15 03:29:00-04:00,L,7527.5,7519.75,,17.371101583873806,-17.5,-0.5037101393801604,time,1,L
2019-08-15 23:29:00-04:00,2019-08-15 23:29:00-04:00,2019-08-16 03:29:00-04:00,L,7550.25,7560.75,,17.449951470739965,19.0,0.5444141214908005,time,1,L
2019-08-18 23:29:00-04:00,2019-08-18 23:29:00-04:00,2019-08-19 03:29:00-04:00,L,7658.25,7688.0,,17.132097794258538,57.5,1.6781365799601586,time,1,L
2019-08-19 23:29:00-04:00,2019-08-19 23:29:00-04:00,2019-08-20 03:29:00-04:00,L,7732.5,7741.5,,16.890519380382926,16.0,0.4736384843968387,time,1,L
2019-08-20 23:29:00-04:00,2019-08-20 23:29:00-04:00,2019-08-21 03:29:00-04:00,L,7692.25,7718.5,,16.376910853212717,50.5,1.5418048144926317,time,1,L
2019-08-21 23:29:00-04:00,2019-08-21 23:29:00-04:00,2019-08-22 03:29:00-04:00,L,7736.5,7750.25,,16.023202935126097,25.5,0.7957210584938311,time,1,L
2019-08-22 23:29:00-04:00,2019-08-22 23:29:00-04:00,2019-08-23 03:29:00-04:00,L,7748.25,7756.75,,15.796545582617092,15.0,0.4747873489665478,time,1,L
2019-08-25 23:29:00-04:00,2019-08-25 23:29:00-04:00,2019-08-26 03:29:00-04:00,L,7465.0,7533.5,,16.911078041001584,135.0,3.9914664125104,time,1,L
2019-08-26 23:29:00-04:00,2019-08-26 23:29:00-04:00,2019-08-27 03:29:00-04:00,L,7598.25,7554.75,,17.947786752358617,-89.0,-2.47941434863282,time,1,L
2019-08-27 23:29:00-04:00,2019-08-27 23:29:00-04:00,2019-08-28 03:29:00-04:00,L,7589.0,7578.25,,17.465801984333,-23.5,-0.6727432276250394,time,1,L
2019-08-28 23:29:00-04:00,2019-08-28 23:29:00-04:00,2019-08-29 03:29:00-04:00,L,7561.25,7633.5,,16.946816128309216,142.5,4.2043295602280555,time,1,L
2019-08-29 23:29:00-04:00,2019-08-29 23:29:00-04:00,2019-08-30 03:29:00-04:00,L,7724.5,7728.5,,17.0345435477157,6.0,0.17611273184964762,time,1,L
2019-09-01 23:29:00-04:00,2019-09-01 23:29:00-04:00,2019-09-02 03:29:00-04:00,L,7634.25,7664.5,,16.705290437164578,58.5,1.7509423203398469,time,1,L
2019-09-02 23:29:00-04:00,2019-09-02 23:29:00-04:00,2019-09-03 03:29:00-04:00,L,7644.0,7616.25,,16.32812683450997,-57.5,-1.760765352412381,time,1,L
2019-09-03 23:29:00-04:00,2019-09-03 23:29:00-04:00,2019-09-04 03:29:00-04:00,L,7652.25,7713.5,,15.7993320606164,120.5,3.813452351583108,time,1,L
2019-09-04 23:29:00-04:00,2019-09-04 23:29:00-04:00,2019-09-05 03:29:00-04:00,L,7825.0,7777.5,,15.538665484858084,-97.0,-3.1212461615356637,time,1,L
2019-09-05 23:29:00-04:00,2019-09-05 23:29:00-04:00,2019-09-06 03:29:00-04:00,L,7872.75,7879.0,,15.634117950225367,10.5,0.3358040419494418,time,1,L
2019-09-08 23:29:00-04:00,2019-09-08 23:29:00-04:00,2019-09-09 03:29:00-04:00,L,7873.75,7873.0,,14.92453809663784,-3.5,-0.11725656021436505,time,1,L
2019-09-09 23:29:00-04:00,2019-09-09 23:29:00-04:00,2019-09-10 03:29:00-04:00,L,7828.25,7807.75,,14.492428232592278,-43.0,-1.48353330821734,time,1,L
2019-09-10 23:29:00-04:00,2019-09-10 23:29:00-04:00,2019-09-11 03:29:00-04:00,L,7813.75,7821.25,,14.267969073121401,13.0,0.45556588794721825,time,1,L
2019-09-11 23:29:00-04:00,2019-09-11 23:29:00-04:00,2019-09-12 03:29:00-04:00,L,7936.75,7918.75,,14.057756996469875,-38.0,-1.3515669679573492,time,1,L
2019-09-16 23:29:00-04:00,2019-09-16 23:29:00-04:00,2019-09-17 03:29:00-04:00,L,7866.0,7868.0,,13.0509902045351,2.0,0.0766225385451986,time,1,L
2019-09-17 23:29:00-04:00,2019-09-17 23:29:00-04:00,2019-09-18 03:29:00-04:00,L,7903.0,7905.0,,12.625919475639737,2.0,0.0792021525188233,time,1,L
2019-09-18 23:29:00-04:00,2019-09-18 23:29:00-04:00,2019-09-19 03:29:00-04:00,L,7884.0,7874.25,,12.550853798808326,-21.5,-0.8565154349117418,time,1,L
2019-09-19 23:29:00-04:00,2019-09-19 23:29:00-04:00,2019-09-20 03:29:00-04:00,L,7935.5,7932.0,,12.520435670322017,-9.0,-0.35941241331295165,time,1,L
2019-09-22 23:29:00-04:00,2019-09-22 23:29:00-04:00,2019-09-23 03:29:00-04:00,L,7865.75,7860.0,,12.633261693870445,-13.5,-0.5343038214173181,time,1,L
2019-09-23 23:29:00-04:00,2019-09-23 23:29:00-04:00,2019-09-24 03:29:00-04:00,L,7878.5,7867.0,,12.368385858593983,-25.0,-1.010641173626918,time,1,L
2019-09-24 23:29:00-04:00,2019-09-24 23:29:00-04:00,2019-09-25 03:29:00-04:00,L,7753.5,7730.25,,12.93135829726584,-48.5,-1.8752863730585312,time,1,L
2019-09-25 23:29:00-04:00,2019-09-25 23:29:00-04:00,2019-09-26 03:29:00-04:00,L,7808.5,7808.5,,13.296975561746851,-2.0,-0.07520507166132055,time,1,L
2019-09-26 23:29:00-04:00,2019-09-26 23:29:00-04:00,2019-09-27 03:29:00-04:00,L,7761.5,7784.75,,13.11504873590779,44.5,1.6965243856914964,time,1,L
2019-09-29 23:29:00-04:00,2019-09-29 23:29:00-04:00,2019-09-30 03:29:00-04:00,L,7743.5,7738.0,,13.472902397628662,-13.0,-0.48244986923857264,time,1,L
2019-09-30 23:29:00-04:00,2019-09-30 23:29:00-04:00,2019-10-01 03:29:00-04:00,L,7808.25,7812.5,,13.105195083512328,6.5,0.24799325605528996,time,1,L
2019-10-01 23:29:00-04:00,2019-10-01 23:29:00-04:00,2019-10-02 03:29:00-04:00,L,7713.25,7669.75,,13.244109720404305,-89.0,-3.3599842450294606,time,1,L
2019-10-02 23:29:00-04:00,2019-10-02 23:29:00-04:00,2019-10-03 03:29:00-04:00,L,7567.25,7572.0,,13.762387597518282,7.5,0.272481789473523,time,1,L
2019-10-03 23:29:00-04:00,2019-10-03 23:29:00-04:00,2019-10-04 03:29:00-04:00,L,7645.75,7647.75,,14.102574197695546,2.0,0.07090904014980517,time,1,L
2019-10-06 23:29:00-04:00,2019-10-06 23:29:00-04:00,2019-10-07 03:29:00-04:00,L,7730.0,7742.0,,14.22024746928872,22.0,0.7735449065676637,time,1,L
2019-10-07 23:29:00-04:00,2019-10-07 23:29:00-04:00,2019-10-08 03:29:00-04:00,L,7780.25,7760.0,,13.925944078625239,-42.5,-1.525928861987631,time,1,L
2019-10-08 23:29:00-04:00,2019-10-08 23:29:00-04:00,2019-10-09 03:29:00-04:00,L,7643.5,7651.0,,14.15444807300915,13.0,0.45921960124992284,time,1,L
2019-10-09 23:29:00-04:00,2019-10-09 23:29:00-04:00,2019-10-10 03:29:00-04:00,L,7691.5,7689.5,,14.048773210651355,-6.0,-0.2135417772795628,time,1,L
2019-10-10 23:29:00-04:00,2019-10-10 23:29:00-04:00,2019-10-11 03:29:00-04:00,L,7793.0,7807.25,,14.582789409890545,26.5,0.9086053173759335,time,1,L
2019-10-13 23:29:00-04:00,2019-10-13 23:29:00-04:00,2019-10-14 03:29:00-04:00,L,7878.25,7852.25,,14.621518737755506,-54.0,-1.846593400060483,time,1,L
2019-10-14 23:29:00-04:00,2019-10-14 23:29:00-04:00,2019-10-15 03:29:00-04:00,L,7871.0,7904.0,,14.20212454220154,64.0,2.2531840151740794,time,1,L
2019-10-15 23:29:00-04:00,2019-10-15 23:29:00-04:00,2019-10-16 03:29:00-04:00,L,7940.5,7937.0,,13.99482993204429,-9.0,-0.32154731581955454,time,1,L
2019-10-16 23:29:00-04:00,2019-10-16 23:29:00-04:00,2019-10-17 03:29:00-04:00,L,7947.25,7942.75,,13.377342079755412,-11.0,-0.4111429585345971,time,1,L
2019-10-17 23:29:00-04:00,2019-10-17 23:29:00-04:00,2019-10-18 03:29:00-04:00,L,7938.0,7932.5,,12.936103359772885,-13.0,-0.5024697019825078,time,1,L
2019-10-20 23:29:00-04:00,2019-10-20 23:29:00-04:00,2019-10-21 03:29:00-04:00,L,7904.75,7901.0,,12.888881691217676,-9.5,-0.3685346885631351,time,1,L
2019-10-21 23:29:00-04:00,2019-10-21 23:29:00-04:00,2019-10-22 03:29:00-04:00,L,7966.0,7953.0,,12.584318713273557,-28.0,-1.112495663768689,time,1,L
2019-10-22 23:29:00-04:00,2019-10-22 23:29:00-04:00,2019-10-23 03:29:00-04:00,L,7832.5,7843.0,,12.764010233754018,19.0,0.7442801929817914,time,1,L
2019-10-23 23:29:00-04:00,2019-10-23 23:29:00-04:00,2019-10-24 03:29:00-04:00,L,7918.0,7938.25,,12.620152359914446,38.5,1.525338161617131,time,1,L
2019-10-24 23:29:00-04:00,2019-10-24 23:29:00-04:00,2019-10-25 03:29:00-04:00,L,7933.75,7940.75,,12.234784334206271,12.0,0.4904050481073926,time,1,L
2019-10-28 23:29:00-04:00,2019-10-28 23:29:00-04:00,2019-10-29 03:29:00-04:00,L,8108.0,8109.5,,11.997212002453367,1.0,0.041676349463338036,time,1,L
2019-10-29 23:29:00-04:00,2019-10-29 23:29:00-04:00,2019-10-30 03:29:00-04:00,L,8053.25,8051.75,,11.629554002278125,-5.0,-0.21496955081082839,time,1,L
2019-10-30 23:29:00-04:00,2019-10-30 23:29:00-04:00,2019-10-31 03:29:00-04:00,L,8119.25,8128.0,,11.6649430021154,15.5,0.6643838721367573,time,1,L
2019-10-31 23:29:00-04:00,2019-10-31 23:29:00-04:00,2019-11-01 03:29:00-04:00,L,8118.75,8112.5,,11.4960185019643,-14.5,-0.6306531255809311,time,1,L
2019-11-03 23:29:00-05:00,2019-11-03 23:29:00-05:00,2019-11-04 03:29:00-05:00,L,8188.75,8191.25,,11.267731466109707,3.0,0.13312351332755798,time,1,L
2019-11-04 23:29:00-05:00,2019-11-04 23:29:00-05:00,2019-11-05 03:29:00-05:00,L,8237.25,8233.25,,10.96825064710187,-10.0,-0.45586120894503307,time,1,L
2019-11-05 23:29:00-05:00,2019-11-05 23:29:00-05:00,2019-11-06 03:29:00-05:00,L,8210.5,8222.75,,10.577661315166022,22.5,1.063562130115661,time,1,L
2019-11-06 23:29:00-05:00,2019-11-06 23:29:00-05:00,2019-11-07 03:29:00-05:00,L,8197.0,8243.5,,10.298899792654163,91.0,4.417947636742084,time,1,L
2019-11-07 23:29:00-05:00,2019-11-07 23:29:00-05:00,2019-11-08 03:29:00-05:00,L,8209.0,8219.0,,10.220406950321724,18.0,0.8805911588204121,time,1,L
2019-11-10 23:29:00-05:00,2019-11-10 23:29:00-05:00,2019-11-11 03:29:00-05:00,L,8236.75,8231.5,,10.018949311013031,-12.5,-0.6238179080444967,time,1,L
2019-11-11 23:29:00-05:00,2019-11-11 23:29:00-05:00,2019-11-12 03:29:00-05:00,L,8236.25,8254.25,,9.699738645940672,34.0,1.7526245418080908,time,1,L
2019-11-12 23:29:00-05:00,2019-11-12 23:29:00-05:00,2019-11-13 03:29:00-05:00,L,8246.0,8254.5,,9.515828742659195,15.0,0.7881604642985753,time,1,L
2019-11-13 23:29:00-05:00,2019-11-13 23:29:00-05:00,2019-11-14 03:29:00-05:00,L,8255.75,8255.75,,9.27719811818354,-2.0,-0.10779116574431832,time,1,L
2019-11-14 23:29:00-05:00,2019-11-14 23:29:00-05:00,2019-11-15 03:29:00-05:00,L,8296.25,8288.75,,9.105612538313286,-17.0,-0.9334901923659636,time,1,L
2019-11-17 23:29:00-05:00,2019-11-17 23:29:00-05:00,2019-11-18 03:29:00-05:00,L,8316.0,8339.5,,8.899854499862338,45.0,2.5281312183640785,time,1,L
2019-11-18 23:29:00-05:00,2019-11-18 23:29:00-05:00,2019-11-19 03:29:00-05:00,L,8344.5,8357.25,,8.883793464157884,23.5,1.322633180004237,time,1,L
2019-11-19 23:29:00-05:00,2019-11-19 23:29:00-05:00,2019-11-20 03:29:00-05:00,L,8311.5,8303.75,,8.727808216718037,-17.5,-1.0025426524885659,time,1,L
2019-11-20 23:29:00-05:00,2019-11-20 23:29:00-05:00,2019-11-21 03:29:00-05:00,L,8269.75,8269.25,,8.94189334409532,-3.0,-0.16774970828638974,time,1,L
2019-11-21 23:29:00-05:00,2019-11-21 23:29:00-05:00,2019-11-22 03:29:00-05:00,L,8294.0,8307.5,,8.79068667665994,25.0,1.4219594509253322,time,1,L
2019-11-24 23:29:00-05:00,2019-11-24 23:29:00-05:00,2019-11-25 03:29:00-05:00,L,8307.5,8306.0,,8.734209056898514,-5.0,-0.28623084056196624,time,1,L
2019-11-25 23:29:00-05:00,2019-11-25 23:29:00-05:00,2019-11-26 03:29:00-05:00,L,8387.5,8380.25,,8.80855126712005,-16.5,-0.9365898829237708,time,1,L
2019-11-26 23:29:00-05:00,2019-11-26 23:29:00-05:00,2019-11-27 03:29:00-05:00,L,8413.25,8413.0,,8.568654748040045,-2.5,-0.1458805421336318,time,1,L
2019-11-27 23:29:00-05:00,2019-11-27 23:29:00-05:00,2019-11-28 03:29:00-05:00,L,8428.0,8427.25,,8.395893694608615,-3.5,-0.20843522603481204,time,1,L
2019-11-28 23:29:00-05:00,2019-11-28 23:29:00-05:00,2019-11-29 03:29:00-05:00,L,8423.25,8420.25,,8.114044144993713,-8.0,-0.4929724226935543,time,1,L
2019-12-01 23:29:00-05:00,2019-12-01 23:29:00-05:00,2019-12-02 03:29:00-05:00,L,8451.5,8449.5,,7.8505409917798765,-6.0,-0.38213926952820604,time,1,L
2019-12-02 23:29:00-05:00,2019-12-02 23:29:00-05:00,2019-12-03 03:29:00-05:00,L,8332.25,8326.0,,8.580859492367027,-14.5,-0.8449037076587872,time,1,L
2019-12-03 23:29:00-05:00,2019-12-03 23:29:00-05:00,2019-12-04 03:29:00-05:00,L,8258.75,8239.75,,9.173298100055097,-40.0,-2.180240932089613,time,1,L
2019-12-04 23:29:00-05:00,2019-12-04 23:29:00-05:00,2019-12-05 03:29:00-05:00,L,8295.0,8308.5,,9.223419664336875,25.0,1.3552457174134986,time,1,L
2019-12-05 23:29:00-05:00,2019-12-05 23:29:00-05:00,2019-12-06 03:29:00-05:00,L,8324.5,8330.75,,9.041389688312812,10.5,0.580662949058187,time,1,L
2019-12-08 23:29:00-05:00,2019-12-08 23:29:00-05:00,2019-12-09 03:29:00-05:00,L,8387.25,8394.5,,9.122361853433326,12.5,0.685129586001648,time,1,L
2019-12-09 23:29:00-05:00,2019-12-09 23:29:00-05:00,2019-12-10 03:29:00-05:00,L,8364.0,8355.25,,9.049336006759516,-19.5,-1.0774271164997204,time,1,L
2019-12-10 23:29:00-05:00,2019-12-10 23:29:00-05:00,2019-12-11 03:29:00-05:00,L,8365.0,8379.5,,9.126169149133837,27.0,1.4792625229043976,time,1,L
2019-12-11 23:29:00-05:00,2019-12-11 23:29:00-05:00,2019-12-12 03:29:00-05:00,L,8414.5,8417.75,,8.943942781338562,4.5,0.25156690455294506,time,1,L
2019-12-12 23:29:00-05:00,2019-12-12 23:29:00-05:00,2019-12-13 03:29:00-05:00,L,8509.0,8511.25,,9.133661154100094,2.5,0.13685640171125418,time,1,L
2019-12-17 23:29:00-05:00,2019-12-17 23:29:00-05:00,2019-12-18 03:29:00-05:00,L,8605.0,8607.25,,8.910478701005067,2.5,0.140284270008861,time,1,L
2019-12-18 23:29:00-05:00,2019-12-18 23:29:00-05:00,2019-12-19 03:29:00-05:00,L,8616.5,8619.25,,8.600801650933276,3.5,0.20346940564663607,time,1,L
2019-12-19 23:29:00-05:00,2019-12-19 23:29:00-05:00,2019-12-20 03:29:00-05:00,L,8673.0,8667.75,,8.516815818723755,-12.5,-0.7338423341572934,time,1,L
2019-12-22 23:29:00-05:00,2019-12-22 23:29:00-05:00,2019-12-23 03:29:00-05:00,L,8720.25,8716.0,,8.331686117386345,-10.5,-0.6301245541457013,time,1,L
2019-12-23 23:29:00-05:00,2019-12-23 23:29:00-05:00,2019-12-24 03:29:00-05:00,L,8722.75,8725.25,,8.011565680430179,3.0,0.18722932068871934,time,1,L
2019-12-25 23:29:00-05:00,2019-12-25 23:29:00-05:00,2019-12-26 03:29:00-05:00,L,8736.25,8736.25,,7.642882417542308,-2.0,-0.13084068880933616,time,1,L
2019-12-26 23:29:00-05:00,2019-12-26 23:29:00-05:00,2019-12-27 03:29:00-05:00,L,8831.5,8828.0,,7.6666051020035715,-9.0,-0.5869612351396554,time,1,L
2019-12-29 23:29:00-05:00,2019-12-29 23:29:00-05:00,2019-12-30 03:29:00-05:00,L,8807.0,8802.5,,7.64399045186046,-11.0,-0.7195194754150122,time,1,L
2019-12-30 23:29:00-05:00,2019-12-30 23:29:00-05:00,2019-12-31 03:29:00-05:00,L,8748.25,8739.25,,7.946205419584714,-20.0,-1.2584623064681133,time,1,L
2020-01-01 23:29:00-05:00,2020-01-01 23:29:00-05:00,2020-01-02 03:29:00-05:00,L,8789.25,8796.0,,7.948262175328662,11.5,0.7234285776138526,time,1,L
2020-01-02 23:29:00-05:00,2020-01-02 23:29:00-05:00,2020-01-03 03:29:00-05:00,L,8828.75,8800.25,,8.325172019948045,-59.0,-3.543470324614878,time,1,L
2020-01-05 23:29:00-05:00,2020-01-05 23:29:00-05:00,2020-01-06 03:29:00-05:00,L,8791.75,8758.75,,8.9626597328089,-68.0,-3.7935167699760917,time,1,L
2020-01-06 23:29:00-05:00,2020-01-06 23:29:00-05:00,2020-01-07 03:29:00-05:00,L,8883.5,8879.5,,9.39032689475112,-10.0,-0.5324628264852882,time,1,L
2020-01-07 23:29:00-05:00,2020-01-07 23:29:00-05:00,2020-01-08 03:29:00-05:00,L,8815.25,8826.0,,9.216017830840325,19.5,1.0579406614614792,time,1,L
2020-01-08 23:29:00-05:00,2020-01-08 23:29:00-05:00,2020-01-09 03:29:00-05:00,L,8948.25,8980.75,,10.659516557208875,63.0,2.955105874730971,time,1,L
2020-01-09 23:29:00-05:00,2020-01-09 23:29:00-05:00,2020-01-10 03:29:00-05:00,L,9038.75,9030.75,,10.539193945979669,-18.0,-0.8539552499110411,time,1,L
2020-01-12 23:29:00-05:00,2020-01-12 23:29:00-05:00,2020-01-13 03:29:00-05:00,L,9011.0,9016.0,,10.420322949838265,8.0,0.38386526207060445,time,1,L
2020-01-13 23:29:00-05:00,2020-01-13 23:29:00-05:00,2020-01-14 03:29:00-05:00,L,9088.75,9042.75,,10.520657024849816,-94.0,-4.467401597541474,time,1,L
2020-01-14 23:29:00-05:00,2020-01-14 23:29:00-05:00,2020-01-15 03:29:00-05:00,L,9036.25,9051.0,,10.338824380217686,27.5,1.32993844312795,time,1,L
2020-01-15 23:29:00-05:00,2020-01-15 23:29:00-05:00,2020-01-16 03:29:00-05:00,L,9073.0,9091.5,,10.12176549591642,35.0,1.7289473864080622,time,1,L
2020-01-16 23:29:00-05:00,2020-01-16 23:29:00-05:00,2020-01-17 03:29:00-05:00,L,9139.75,9149.0,,9.968425103350963,16.5,0.8276131800625857,time,1,L
2020-01-19 23:29:00-05:00,2020-01-19 23:29:00-05:00,2020-01-20 03:29:00-05:00,L,9181.0,9163.5,,9.67960902454018,-37.0,-1.911234219594817,time,1,L
2020-01-20 23:29:00-05:00,2020-01-20 23:29:00-05:00,2020-01-21 03:29:00-05:00,L,9125.5,9126.25,,9.18106552278731,-0.5,-0.02722995488699025,time,1,L
2020-01-21 23:29:00-05:00,2020-01-21 23:29:00-05:00,2020-01-22 03:29:00-05:00,L,9227.0,9233.25,,9.134203699731074,10.5,0.5747627458926243,time,1,L
2020-01-22 23:29:00-05:00,2020-01-22 23:29:00-05:00,2020-01-23 03:29:00-05:00,L,9193.5,9193.75,,9.049617721178855,-1.5,-0.08287642893961943,time,1,L
2020-01-23 23:29:00-05:00,2020-01-23 23:29:00-05:00,2020-01-24 03:29:00-05:00,L,9268.25,9273.25,,9.131787883951793,8.0,0.438030323396977,time,1,L
2020-01-26 23:29:00-05:00,2020-01-26 23:29:00-05:00,2020-01-27 03:29:00-05:00,L,9035.25,9048.0,,9.749160177955238,23.5,1.20523201850443,time,1,L
2020-01-27 23:29:00-05:00,2020-01-27 23:29:00-05:00,2020-01-28 03:29:00-05:00,L,9003.5,9018.25,,10.56172016524415,27.5,1.301871265747756,time,1,L
2020-01-28 23:29:00-05:00,2020-01-28 23:29:00-05:00,2020-01-29 03:29:00-05:00,L,9141.0,9138.75,,11.118025867726711,-6.5,-0.2923180822446246,time,1,L
2020-01-29 23:29:00-05:00,2020-01-29 23:29:00-05:00,2020-01-30 03:29:00-05:00,L,9057.5,9026.75,,10.941738305746233,-63.5,-2.9017327149312253,time,1,L
2020-01-30 23:29:00-05:00,2020-01-30 23:29:00-05:00,2020-01-31 03:29:00-05:00,L,9232.0,9188.75,,11.847685569621502,-88.5,-3.73490668198191,time,1,L
2020-02-02 23:29:00-05:00,2020-02-02 23:29:00-05:00,2020-02-03 03:29:00-05:00,L,9072.25,9043.5,,13.029993743219965,-59.5,-2.2831937287368334,time,1,L
2020-02-03 23:29:00-05:00,2020-02-03 23:29:00-05:00,2020-02-04 03:29:00-05:00,L,9178.25,9224.75,,13.390351332989969,91.0,3.397969094948323,time,1,L
2020-02-04 23:29:00-05:00,2020-02-04 23:29:00-05:00,2020-02-05 03:29:00-05:00,L,9340.0,9361.25,,14.546397666347827,40.5,1.3920972370257068,time,1,L
2020-02-05 23:29:00-05:00,2020-02-05 23:29:00-05:00,2020-02-06 03:29:00-05:00,L,9435.75,9437.0,,14.550226404465839,0.5,0.017181863226765227,time,1,L
2020-02-06 23:29:00-05:00,2020-02-06 23:29:00-05:00,2020-02-07 03:29:00-05:00,L,9441.5,9438.0,,14.228781661289709,-9.0,-0.31626038736981477,time,1,L
2020-02-09 23:29:00-05:00,2020-02-09 23:29:00-05:00,2020-02-10 03:29:00-05:00,L,9418.75,9404.5,,13.869582971197586,-30.5,-1.0995283731074734,time,1,L
2020-02-10 23:29:00-05:00,2020-02-10 23:29:00-05:00,2020-02-11 03:29:00-05:00,L,9566.25,9562.0,,14.314612758969185,-10.5,-0.3667580875850434,time,1,L
2020-02-11 23:29:00-05:00,2020-02-11 23:29:00-05:00,2020-02-12 03:29:00-05:00,L,9553.75,9573.25,,14.063568990471385,37.0,1.3154555584385776,time,1,L
2020-02-12 23:29:00-05:00,2020-02-12 23:29:00-05:00,2020-02-13 03:29:00-05:00,L,9583.75,9570.75,,13.800099776866288,-28.0,-1.0144854186829007,time,1,L
2020-02-13 23:29:00-05:00,2020-02-13 23:29:00-05:00,2020-02-14 03:29:00-05:00,L,9645.25,9636.0,,13.76794979280441,-20.5,-0.7444826683895225,time,1,L
2020-02-16 23:29:00-05:00,2020-02-16 23:29:00-05:00,2020-02-17 03:29:00-05:00,L,9671.75,9672.75,,13.291667664746953,0.0,0.0,time,1,L
2020-02-17 23:29:00-05:00,2020-02-17 23:29:00-05:00,2020-02-18 03:29:00-05:00,L,9573.5,9543.75,,12.745834260122171,-61.5,-2.41255294651111,time,1,L
2020-02-18 23:29:00-05:00,2020-02-18 23:29:00-05:00,2020-02-19 03:29:00-05:00,L,9674.0,9655.25,,12.778274670113445,-39.5,-1.545592070124492,time,1,L
2020-02-19 23:29:00-05:00,2020-02-19 23:29:00-05:00,2020-02-20 03:29:00-05:00,L,9705.25,9713.75,,12.638755050819626,15.0,0.5934128772844303,time,1,L
2020-02-20 23:29:00-05:00,2020-02-20 23:29:00-05:00,2020-02-21 03:29:00-05:00,L,9579.5,9558.5,,13.49848683290394,-44.0,-1.6298123095081112,time,1,L
2020-02-23 23:29:00-05:00,2020-02-23 23:29:00-05:00,2020-02-24 03:29:00-05:00,L,9291.25,9204.75,,14.048594916267943,-175.0,-6.228380882324186,time,1,L
2020-02-24 23:29:00-05:00,2020-02-24 23:29:00-05:00,2020-02-25 03:29:00-05:00,L,9192.25,9173.5,,16.01119527939166,-39.5,-1.2335119055989925,time,1,L
2020-02-25 23:29:00-05:00,2020-02-25 23:29:00-05:00,2020-02-26 03:29:00-05:00,L,8913.0,8876.75,,17.828252759435113,-74.5,-2.089380294447893,time,1,L
2020-02-26 23:29:00-05:00,2020-02-26 23:29:00-05:00,2020-02-27 03:29:00-05:00,L,8722.25,8782.75,,18.901234705189747,119.0,3.147942498362976,time,1,L
2020-02-27 23:29:00-05:00,2020-02-27 23:29:00-05:00,2020-02-28 03:29:00-05:00,L,8295.75,8316.0,,21.43864651196191,38.5,0.8979111619410893,time,1,L
2020-03-01 23:29:00-05:00,2020-03-01 23:29:00-05:00,2020-03-02 03:29:00-05:00,L,8507.0,8611.25,,23.1269574753932,206.5,4.4644869568276215,time,1,L
2020-03-02 23:29:00-05:00,2020-03-02 23:29:00-05:00,2020-03-03 03:29:00-05:00,L,8786.25,8855.25,,26.0071747985794,136.0,2.614663089191618,time,1,L
2020-03-03 23:29:00-05:00,2020-03-03 23:29:00-05:00,2020-03-04 03:29:00-05:00,L,8676.25,8707.25,,27.665590884395158,60.0,1.0843795140815724,time,1,L
2020-03-04 23:29:00-05:00,2020-03-04 23:29:00-05:00,2020-03-05 03:29:00-05:00,L,8829.25,8800.25,,28.851977249795507,-60.0,-1.0397900892637308,time,1,L
2020-03-05 23:29:00-05:00,2020-03-05 23:29:00-05:00,2020-03-06 03:29:00-05:00,L,8547.25,8566.75,,28.855407446238686,37.0,0.6411276650474566,time,1,L
2020-03-09 23:29:00-04:00,2020-03-09 23:29:00-04:00,2020-03-10 03:29:00-04:00,L,8172.75,8180.75,,32.645989073542545,14.0,0.21442144038677774,time,1,L
2020-03-10 23:29:00-04:00,2020-03-10 23:29:00-04:00,2020-03-11 03:29:00-04:00,L,8175.25,8126.0,,34.34627556828951,-100.5,-1.4630407276646247,time,1,L
2020-03-11 23:29:00-04:00,2020-03-11 23:29:00-04:00,2020-03-12 03:29:00-04:00,L,7636.25,7656.5,,35.20547017055454,38.5,0.5467900274230816,time,1,L
2020-03-12 23:29:00-04:00,2020-03-12 23:29:00-04:00,2020-03-13 03:29:00-04:00,L,6960.5,7507.75,,39.66579372980064,1092.5,13.771311466020308,time,1,L
2020-03-18 23:29:00-04:00,2020-03-18 23:29:00-04:00,2020-03-19 03:29:00-04:00,L,6971.5,7235.75,,49.646780891212934,526.5,5.302458593978911,time,1,L
2020-03-19 23:29:00-04:00,2020-03-19 23:29:00-04:00,2020-03-20 03:29:00-04:00,L,7285.25,7529.5,,50.580939398983446,486.5,4.809123810082672,time,1,L
2020-03-22 23:29:00-04:00,2020-03-22 23:29:00-04:00,2020-03-23 03:29:00-04:00,L,6779.5,6796.75,,52.24301515619891,32.5,0.31104636574697875,time,1,L
2020-03-23 23:29:00-04:00,2020-03-23 23:29:00-04:00,2020-03-24 03:29:00-04:00,L,7212.75,7292.0,,53.44351407361327,156.5,1.4641627025539188,time,1,L
2020-03-24 23:29:00-04:00,2020-03-24 23:29:00-04:00,2020-03-25 03:29:00-04:00,L,7421.25,7562.75,,53.9118344969266,281.0,2.6061068281401107,time,1,L
2020-03-25 23:29:00-04:00,2020-03-25 23:29:00-04:00,2020-03-26 03:29:00-04:00,L,7444.75,7370.5,,52.844917747146134,-150.5,-1.423977994630597,time,1,L
2020-03-26 23:29:00-04:00,2020-03-26 23:29:00-04:00,2020-03-27 03:29:00-04:00,L,7771.5,7735.0,,53.23813790806427,-75.0,-0.7043822619182868,time,1,L
2020-03-29 23:29:00-04:00,2020-03-29 23:29:00-04:00,2020-03-30 03:29:00-04:00,L,7537.75,7534.5,,51.930056628916816,-8.5,-0.08184085048028665,time,1,L
2020-03-30 23:29:00-04:00,2020-03-30 23:29:00-04:00,2020-03-31 03:29:00-04:00,L,7883.25,7917.25,,51.745766869708476,66.0,0.6377333257634629,time,1,L
2020-03-31 23:29:00-04:00,2020-03-31 23:29:00-04:00,2020-04-01 03:29:00-04:00,L,7713.25,7585.5,,49.81928352187216,-257.5,-2.5843406588429736,time,1,L
2020-04-01 23:29:00-04:00,2020-04-01 23:29:00-04:00,2020-04-02 03:29:00-04:00,L,7534.0,7570.25,,48.93933469888129,70.5,0.7202795096600646,time,1,L
2020-04-02 23:29:00-04:00,2020-04-02 23:29:00-04:00,2020-04-03 03:29:00-04:00,L,7576.5,7539.25,,47.45081079181834,-76.5,-0.806097922495251,time,1,L
2020-04-05 23:29:00-04:00,2020-04-05 23:29:00-04:00,2020-04-06 03:29:00-04:00,L,7785.25,7847.25,,45.75432430668846,122.0,1.3332073180913064,time,1,L
2020-04-06 23:29:00-04:00,2020-04-06 23:29:00-04:00,2020-04-07 03:29:00-04:00,L,7986.75,8131.0,,46.593301141925,286.5,3.0744762978621103,time,1,L
2020-04-07 23:29:00-04:00,2020-04-07 23:29:00-04:00,2020-04-08 03:29:00-04:00,L,8028.0,8045.75,,45.80806534607322,33.5,0.3656561322434424,time,1,L
2020-04-08 23:29:00-04:00,2020-04-08 23:29:00-04:00,2020-04-09 03:29:00-04:00,L,8162.75,8253.75,,44.60034639278228,180.0,2.0179215472318575,time,1,L
2020-04-12 23:29:00-04:00,2020-04-12 23:29:00-04:00,2020-04-13 03:29:00-04:00,L,8127.5,8112.75,,43.021750221869254,-31.5,-0.3660938924793859,time,1,L
2020-04-13 23:29:00-04:00,2020-04-13 23:29:00-04:00,2020-04-14 03:29:00-04:00,L,8445.25,8443.75,,41.825553777450025,-5.0,-0.0597720717172634,time,1,L
2020-04-14 23:29:00-04:00,2020-04-14 23:29:00-04:00,2020-04-15 03:29:00-04:00,L,8652.5,8625.25,,41.62015707906074,-56.5,-0.6787576497209493,time,1,L
2020-04-15 23:29:00-04:00,2020-04-15 23:29:00-04:00,2020-04-16 03:29:00-04:00,L,8535.5,8667.5,,40.21514585912783,262.0,3.257479171128414,time,1,L
2020-04-16 23:29:00-04:00,2020-04-16 23:29:00-04:00,2020-04-17 03:29:00-04:00,L,8910.75,8941.0,,39.78727829776156,58.5,0.7351596100918923,time,1,L
2020-04-19 23:29:00-04:00,2020-04-19 23:29:00-04:00,2020-04-20 03:29:00-04:00,L,8801.25,8756.5,,38.93640127649288,-91.5,-1.1749930270936648,time,1,L
2020-04-20 23:29:00-04:00,2020-04-20 23:29:00-04:00,2020-04-21 03:29:00-04:00,L,8644.25,8671.25,,37.29630118531482,52.0,0.6971200675051749,time,1,L
2020-04-21 23:29:00-04:00,2020-04-21 23:29:00-04:00,2020-04-22 03:29:00-04:00,L,8456.5,8514.0,,37.639422529220894,113.0,1.5010857288295785,time,1,L
2020-04-22 23:29:00-04:00,2020-04-22 23:29:00-04:00,2020-04-23 03:29:00-04:00,L,8600.75,8632.75,,37.09196377713369,62.0,0.8357605487340295,time,1,L
2020-04-23 23:29:00-04:00,2020-04-23 23:29:00-04:00,2020-04-24 03:29:00-04:00,L,8539.75,8556.5,,35.90503779305271,31.5,0.43865710686001497,time,1,L
2020-04-26 23:29:00-04:00,2020-04-26 23:29:00-04:00,2020-04-27 03:29:00-04:00,L,8829.75,8852.75,,35.52610652212038,44.0,0.6192629070202689,time,1,L
2020-04-27 23:29:00-04:00,2020-04-27 23:29:00-04:00,2020-04-28 03:29:00-04:00,L,8797.5,8836.0,,34.19745605625464,75.0,1.096572795891972,time,1,L
2020-04-28 23:29:00-04:00,2020-04-28 23:29:00-04:00,2020-04-29 03:29:00-04:00,L,8827.5,8799.0,,33.83870919509359,-59.0,-0.8717826625690948,time,1,L
2020-04-29 23:29:00-04:00,2020-04-29 23:29:00-04:00,2020-04-30 03:29:00-04:00,L,9092.5,9069.0,,34.42165853830119,-49.0,-0.7117611713200485,time,1,L
2020-04-30 23:29:00-04:00,2020-04-30 23:29:00-04:00,2020-05-01 03:29:00-04:00,L,8814.0,8747.5,,34.02546864270825,-135.0,-1.9838080911918736,time,1,L
2020-05-03 23:29:00-04:00,2020-05-03 23:29:00-04:00,2020-05-04 03:29:00-04:00,L,8647.0,8651.0,,33.07186373965765,6.0,0.09071154935857434,time,1,L
2020-05-04 23:29:00-04:00,2020-05-04 23:29:00-04:00,2020-05-05 03:29:00-04:00,L,8850.0,8882.25,,32.64351632968211,62.5,0.9573110839038192,time,1,L
2020-05-05 23:29:00-04:00,2020-05-05 23:29:00-04:00,2020-05-06 03:29:00-04:00,L,8932.25,8988.5,,31.904693734704814,110.5,1.7317201180308142,time,1,L
2020-05-06 23:29:00-04:00,2020-05-06 23:29:00-04:00,2020-05-07 03:29:00-04:00,L,9014.5,9074.0,,30.90257275365447,117.0,1.8930462672588293,time,1,L
2020-05-07 23:29:00-04:00,2020-05-07 23:29:00-04:00,2020-05-08 03:29:00-04:00,L,9203.25,9193.5,,30.09524612839344,-21.5,-0.3571992717433829,time,1,L
2020-05-10 23:29:00-04:00,2020-05-10 23:29:00-04:00,2020-05-11 03:29:00-04:00,L,9269.25,9263.0,,28.911657119222482,-14.5,-0.25076390364285606,time,1,L
2020-05-11 23:29:00-04:00,2020-05-11 23:29:00-04:00,2020-05-12 03:29:00-04:00,L,9229.0,9279.25,,28.417967324992304,98.5,1.733058506147513,time,1,L
2020-05-12 23:29:00-04:00,2020-05-12 23:29:00-04:00,2020-05-13 03:29:00-04:00,L,9077.25,9089.0,,28.570255373207143,21.5,0.3762654501884931,time,1,L
2020-05-13 23:29:00-04:00,2020-05-13 23:29:00-04:00,2020-05-14 03:29:00-04:00,L,9003.25,9010.5,,28.845594275120916,12.5,0.21667086974840288,time,1,L
2020-05-14 23:29:00-04:00,2020-05-14 23:29:00-04:00,2020-05-15 03:29:00-04:00,L,9086.25,9119.75,,28.63162325546942,65.0,1.135108537508142,time,1,L
2020-05-17 23:29:00-04:00,2020-05-17 23:29:00-04:00,2020-05-18 03:29:00-04:00,L,9203.5,9211.75,,28.182935880078748,14.5,0.2572478619988168,time,1,L
2020-05-18 23:29:00-04:00,2020-05-18 23:29:00-04:00,2020-05-19 03:29:00-04:00,L,9307.0,9365.25,,27.96629760293027,114.5,2.0471068717369807,time,1,L
2020-05-19 23:29:00-04:00,2020-05-19 23:29:00-04:00,2020-05-20 03:29:00-04:00,L,9341.0,9348.75,,26.927633488435248,13.5,0.2506718610418906,time,1,L
2020-05-20 23:29:00-04:00,2020-05-20 23:29:00-04:00,2020-05-21 03:29:00-04:00,L,9447.75,9433.75,,26.607802524975586,-30.0,-0.5637444124113652,time,1,L
2020-05-21 23:29:00-04:00,2020-05-21 23:29:00-04:00,2020-05-22 03:29:00-04:00,L,9305.0,9267.0,,25.83760234462019,-78.0,-1.5094279832865543,time,1,L
2020-05-24 23:29:00-04:00,2020-05-24 23:29:00-04:00,2020-05-25 03:29:00-04:00,L,9442.0,9454.0,,25.288487891433036,22.0,0.4349805353022496,time,1,L
2020-05-25 23:29:00-04:00,2020-05-25 23:29:00-04:00,2020-05-26 03:29:00-04:00,L,9552.25,9574.5,,24.526810184902104,42.5,0.8663988443585215,time,1,L
2020-05-26 23:29:00-04:00,2020-05-26 23:29:00-04:00,2020-05-27 03:29:00-04:00,L,9467.0,9471.5,,24.42489517169481,7.0,0.14329641848600572,time,1,L
2020-05-27 23:29:00-04:00,2020-05-27 23:29:00-04:00,2020-05-28 03:29:00-04:00,L,9426.0,9396.75,,25.071331230859467,-60.5,-1.206557391047759,time,1,L
2020-05-28 23:29:00-04:00,2020-05-28 23:29:00-04:00,2020-05-29 03:29:00-04:00,L,9439.5,9433.25,,25.03052185722665,-14.5,-0.2896463781839541,time,1,L
2020-05-31 23:29:00-04:00,2020-05-31 23:29:00-04:00,2020-06-01 03:29:00-04:00,L,9552.0,9575.0,,24.803341724567602,44.0,0.886977256706063,time,1,L
2020-06-01 23:29:00-04:00,2020-06-01 23:29:00-04:00,2020-06-02 03:29:00-04:00,L,9572.5,9611.75,,24.145960172812778,76.5,1.5841159235849196,time,1,L
2020-06-02 23:29:00-04:00,2020-06-02 23:29:00-04:00,2020-06-03 03:29:00-04:00,L,9672.75,9677.75,,23.59803444618329,8.0,0.16950564290098974,time,1,L
2020-06-03 23:29:00-04:00,2020-06-03 23:29:00-04:00,2020-06-04 03:29:00-04:00,L,9660.0,9675.5,,22.576746271455914,29.0,0.6422537519648058,time,1,L
2020-06-04 23:29:00-04:00,2020-06-04 23:29:00-04:00,2020-06-05 03:29:00-04:00,L,9649.25,9694.75,,22.178407252066204,89.0,2.006456076590182,time,1,L
2020-06-07 23:29:00-04:00,2020-06-07 23:29:00-04:00,2020-06-08 03:29:00-04:00,L,9843.5,9806.0,,22.342449591204332,-77.0,-1.7231772121869975,time,1,L
2020-06-08 23:29:00-04:00,2020-06-08 23:29:00-04:00,2020-06-09 03:29:00-04:00,L,9887.75,9869.25,,21.84834604897545,-39.0,-0.8925160722138245,time,1,L
2020-06-09 23:29:00-04:00,2020-06-09 23:29:00-04:00,2020-06-10 03:29:00-04:00,L,10002.75,10005.5,,21.687749902620062,3.5,0.08069071286129989,time,1,L
2020-06-10 23:29:00-04:00,2020-06-10 23:29:00-04:00,2020-06-11 03:29:00-04:00,L,10057.5,9972.75,,21.552910623861486,-171.5,-3.978580967392179,time,1,L
2020-06-11 23:29:00-04:00,2020-06-11 23:29:00-04:00,2020-06-12 03:29:00-04:00,L,9702.0,9719.5,,23.745559865014236,33.0,0.69486674956485,time,1,L
2020-06-14 23:29:00-04:00,2020-06-14 23:29:00-04:00,2020-06-15 03:29:00-04:00,L,9575.75,9434.75,,24.57801987465608,-284.0,-5.777519943599078,time,1,L
2020-06-15 23:29:00-04:00,2020-06-15 23:29:00-04:00,2020-06-16 03:29:00-04:00,L,9932.5,9896.0,,25.93673274075207,-75.0,-1.4458259016209702,time,1,L
2020-06-17 23:29:00-04:00,2020-06-17 23:29:00-04:00,2020-06-18 03:29:00-04:00,L,9927.5,9981.25,,24.75947874075051,105.5,2.130497194724102,time,1,L
2020-06-18 23:29:00-04:00,2020-06-18 23:29:00-04:00,2020-06-19 03:29:00-04:00,L,9999.75,10054.0,,24.149873116411186,106.5,2.204980529020405,time,1,L
2020-06-21 23:29:00-04:00,2020-06-21 23:29:00-04:00,2020-06-22 03:29:00-04:00,L,9980.5,10005.0,,23.851667893810387,47.0,0.9852560460184151,time,1,L
2020-06-22 23:29:00-04:00,2020-06-22 23:29:00-04:00,2020-06-23 03:29:00-04:00,L,10112.25,10172.0,,24.242620187109647,117.5,2.423417912195758,time,1,L
2020-06-23 23:29:00-04:00,2020-06-23 23:29:00-04:00,2020-06-24 03:29:00-04:00,L,10211.5,10212.0,,24.821718745173243,-1.0,-0.02014364940369927,time,1,L
2020-06-24 23:29:00-04:00,2020-06-24 23:29:00-04:00,2020-06-25 03:29:00-04:00,L,9977.5,9928.5,,25.295167406232295,-100.0,-1.976662150402723,time,1,L
2020-06-25 23:29:00-04:00,2020-06-25 23:29:00-04:00,2020-06-26 03:29:00-04:00,L,10092.0,10056.0,,25.072298305787132,-74.0,-1.475732282247924,time,1,L
2020-06-28 23:29:00-04:00,2020-06-28 23:29:00-04:00,2020-06-29 03:29:00-04:00,L,9846.0,9868.75,,25.39927699823091,43.5,0.856323587538138,time,1,L
2020-06-29 23:29:00-04:00,2020-06-29 23:29:00-04:00,2020-06-30 03:29:00-04:00,L,10011.75,9971.0,,25.501114355500132,-83.5,-1.6371833566949703,time,1,L
2020-06-30 23:29:00-04:00,2020-06-30 23:29:00-04:00,2020-07-01 03:29:00-04:00,L,10136.25,10148.0,,25.33317761582155,21.5,0.42434471360143183,time,1,L
2020-07-01 23:29:00-04:00,2020-07-01 23:29:00-04:00,2020-07-02 03:29:00-04:00,L,10297.5,10300.25,,25.189736357548583,3.5,0.06947273981593616,time,1,L
2020-07-02 23:29:00-04:00,2020-07-02 23:29:00-04:00,2020-07-03 03:29:00-04:00,L,10351.0,10378.25,,24.638683760580825,52.5,1.0653978213721427,time,1,L
2020-07-05 23:29:00-04:00,2020-07-05 23:29:00-04:00,2020-07-06 03:29:00-04:00,L,10472.25,10488.75,,23.455563491967908,31.0,0.660824030311947,time,1,L
2020-07-06 23:29:00-04:00,2020-07-06 23:29:00-04:00,2020-07-07 03:29:00-04:00,L,10611.0,10547.5,,23.844451813970203,-129.0,-2.705031782790249,time,1,L
2020-07-07 23:29:00-04:00,2020-07-07 23:29:00-04:00,2020-07-08 03:29:00-04:00,L,10549.75,10567.0,,23.487705255829475,32.5,0.6918513248954735,time,1,L
2020-07-08 23:29:00-04:00,2020-07-08 23:29:00-04:00,2020-07-09 03:29:00-04:00,L,10661.0,10662.75,,23.010012023270228,1.5,0.03259450708854556,time,1,L
2020-07-09 23:29:00-04:00,2020-07-09 23:29:00-04:00,2020-07-10 03:29:00-04:00,L,10690.5,10676.5,,22.89501116446521,-30.0,-0.6551645636793196,time,1,L
2020-07-12 23:29:00-04:00,2020-07-12 23:29:00-04:00,2020-07-13 03:29:00-04:00,L,10880.5,10888.25,,22.84358179557484,13.5,0.2954878118679086,time,1,L
2020-07-13 23:29:00-04:00,2020-07-13 23:29:00-04:00,2020-07-14 03:29:00-04:00,L,10634.0,10647.5,,24.756540238748066,25.0,0.5049170796667072,time,1,L
2020-07-14 23:29:00-04:00,2020-07-14 23:29:00-04:00,2020-07-15 03:29:00-04:00,L,10673.0,10698.5,,25.375715935980345,49.0,0.9654900008263939,time,1,L
2020-07-15 23:29:00-04:00,2020-07-15 23:29:00-04:00,2020-07-16 03:29:00-04:00,L,10588.0,10581.5,,25.09887908341032,-15.0,-0.29881812550574405,time,1,L
2020-07-16 23:29:00-04:00,2020-07-16 23:29:00-04:00,2020-07-17 03:29:00-04:00,L,10589.25,10596.25,,24.89895914888101,12.0,0.2409739284330545,time,1,L
2020-07-19 23:29:00-04:00,2020-07-19 23:29:00-04:00,2020-07-20 03:29:00-04:00,L,10578.0,10558.0,,24.159747781103793,-42.0,-0.869214372197414,time,1,L
2020-07-20 23:29:00-04:00,2020-07-20 23:29:00-04:00,2020-07-21 03:29:00-04:00,L,10997.25,11028.25,,25.423337225310664,60.0,1.1800181751958574,time,1,L
2020-07-21 23:29:00-04:00,2020-07-21 23:29:00-04:00,2020-07-22 03:29:00-04:00,L,10901.0,10863.75,,25.557384566359904,-76.5,-1.496632016499327,time,1,L
2020-07-22 23:29:00-04:00,2020-07-22 23:29:00-04:00,2020-07-23 03:29:00-04:00,L,10835.0,10899.75,,24.835428525905627,127.5,2.5668975243774397,time,1,L
2020-07-23 23:29:00-04:00,2020-07-23 23:29:00-04:00,2020-07-24 03:29:00-04:00,L,10522.5,10409.25,,26.090040774055225,-228.5,-4.379065597843522,time,1,L
2020-07-26 23:29:00-04:00,2020-07-26 23:29:00-04:00,2020-07-27 03:29:00-04:00,L,10527.25,10505.25,,26.34432357590842,-46.0,-0.8730533518436296,time,1,L
2020-07-27 23:29:00-04:00,2020-07-27 23:29:00-04:00,2020-07-28 03:29:00-04:00,L,10710.75,10702.25,,26.48937189191496,-19.0,-0.3586344001950297,time,1,L
2020-07-28 23:29:00-04:00,2020-07-28 23:29:00-04:00,2020-07-29 03:29:00-04:00,L,10551.75,10576.0,,26.345488185349605,46.5,0.8825040491346459,time,1,L
2020-07-29 23:29:00-04:00,2020-07-29 23:29:00-04:00,2020-07-30 03:29:00-04:00,L,10674.0,10591.5,,25.804739029253206,-167.0,-3.2358397387914413,time,1,L
2020-07-30 23:29:00-04:00,2020-07-30 23:29:00-04:00,2020-07-31 03:29:00-04:00,L,10907.5,10895.25,,26.77404338430655,-26.5,-0.49488229363841285,time,1,L
2020-08-02 23:29:00-04:00,2020-08-02 23:29:00-04:00,2020-08-03 03:29:00-04:00,L,10928.75,10902.75,,26.634825999713225,-54.0,-1.0137103955659672,time,1,L
2020-08-03 23:29:00-04:00,2020-08-03 23:29:00-04:00,2020-08-04 03:29:00-04:00,L,11046.0,11063.25,,26.13769557116228,32.5,0.6217074476117407,time,1,L
2020-08-04 23:29:00-04:00,2020-08-04 23:29:00-04:00,2020-08-05 03:29:00-04:00,L,11093.0,11117.5,,25.070717316079257,47.0,0.9373485291116155,time,1,L
2020-08-05 23:29:00-04:00,2020-08-05 23:29:00-04:00,2020-08-06 03:29:00-04:00,L,11085.0,11112.5,,23.90673750778788,53.0,1.108474127486753,time,1,L
2020-08-06 23:29:00-04:00,2020-08-06 23:29:00-04:00,2020-08-07 03:29:00-04:00,L,11212.5,11221.5,,23.770541971517318,16.0,0.33655101383829933,time,1,L
2020-08-09 23:29:00-04:00,2020-08-09 23:29:00-04:00,2020-08-10 03:29:00-04:00,L,11112.5,11125.5,,23.844074687837512,24.0,0.5032696867922919,time,1,L
2020-08-10 23:29:00-04:00,2020-08-10 23:29:00-04:00,2020-08-11 03:29:00-04:00,L,11116.5,11116.0,,23.789140781563404,-3.0,-0.06305397970331492,time,1,L
2020-08-11 23:29:00-04:00,2020-08-11 23:29:00-04:00,2020-08-12 03:29:00-04:00,L,10898.0,10954.25,,24.320273582880304,110.5,2.271767207375988,time,1,L
2020-08-12 23:29:00-04:00,2020-08-12 23:29:00-04:00,2020-08-13 03:29:00-04:00,L,11116.5,11127.25,,24.770611184103142,19.5,0.3936116039905058,time,1,L
2020-08-13 23:29:00-04:00,2020-08-13 23:29:00-04:00,2020-08-14 03:29:00-04:00,L,11199.5,11195.75,,24.22628181381006,-9.5,-0.19606805685271472,time,1,L
2020-08-16 23:29:00-04:00,2020-08-16 23:29:00-04:00,2020-08-17 03:29:00-04:00,L,11184.0,11194.5,,23.504761684252202,19.0,0.4041734235648448,time,1,L
2020-08-17 23:29:00-04:00,2020-08-17 23:29:00-04:00,2020-08-18 03:29:00-04:00,L,11292.5,11281.75,,22.936564421091333,-23.5,-0.5122824754519592,time,1,L
2020-08-18 23:29:00-04:00,2020-08-18 23:29:00-04:00,2020-08-19 03:29:00-04:00,L,11425.5,11407.0,,22.34466696244195,-39.0,-0.8726914584485234,time,1,L
2020-08-19 23:29:00-04:00,2020-08-19 23:29:00-04:00,2020-08-20 03:29:00-04:00,L,11251.0,11289.75,,21.79147646512467,75.5,1.7323286955987371,time,1,L
2020-08-20 23:29:00-04:00,2020-08-20 23:29:00-04:00,2020-08-21 03:29:00-04:00,L,11509.5,11477.5,,22.199228146187195,-66.0,-1.4865381707277008,time,1,L
2020-08-23 23:29:00-04:00,2020-08-23 23:29:00-04:00,2020-08-24 03:29:00-04:00,L,11604.0,11636.75,,21.802854707173825,63.5,1.4562313250453964,time,1,L
2020-08-24 23:29:00-04:00,2020-08-24 23:29:00-04:00,2020-08-25 03:29:00-04:00,L,11675.5,11677.75,,21.633007942375695,2.5,0.057782070959787546,time,1,L
2020-08-25 23:29:00-04:00,2020-08-25 23:29:00-04:00,2020-08-26 03:29:00-04:00,L,11735.25,11737.0,,21.298507375063146,1.5,0.03521373525349104,time,1,L
2020-08-26 23:29:00-04:00,2020-08-26 23:29:00-04:00,2020-08-27 03:29:00-04:00,L,11958.25,11969.0,,21.745042562558638,19.5,0.4483780600543816,time,1,L
2020-08-27 23:29:00-04:00,2020-08-27 23:29:00-04:00,2020-08-28 03:29:00-04:00,L,12004.5,11951.25,,21.70432523666159,-108.5,-2.4995018001464655,time,1,L
2020-08-30 23:29:00-04:00,2020-08-30 23:29:00-04:00,2020-08-31 03:29:00-04:00,L,12083.0,12057.75,,20.852230576900048,-52.5,-1.2588581304620505,time,1,L
2020-08-31 23:29:00-04:00,2020-08-31 23:29:00-04:00,2020-09-01 03:29:00-04:00,L,12161.25,12216.25,,20.625285535692903,108.0,2.6181455721692086,time,1,L
2020-09-01 23:29:00-04:00,2020-09-01 23:29:00-04:00,2020-09-02 03:29:00-04:00,L,12382.5,12420.0,,20.844907997429125,73.0,1.7510271575437835,time,1,L
2020-09-02 23:29:00-04:00,2020-09-02 23:29:00-04:00,2020-09-03 03:29:00-04:00,L,12390.75,12395.75,,21.454200283327047,8.0,0.18644367756315608,time,1,L
2020-09-03 23:29:00-04:00,2020-09-03 23:29:00-04:00,2020-09-04 03:29:00-04:00,L,11642.25,11736.0,,25.494971691660833,185.5,3.637972268482167,time,1,L
2020-09-06 23:29:00-04:00,2020-09-06 23:29:00-04:00,2020-09-07 03:29:00-04:00,L,11454.0,11429.75,,28.688187999399346,-50.5,-0.8801531836213798,time,1,L
2020-09-07 23:29:00-04:00,2020-09-07 23:29:00-04:00,2020-09-08 03:29:00-04:00,L,11482.75,11524.0,,28.35688885658511,80.5,1.4194081799157965,time,1,L
2020-09-08 23:29:00-04:00,2020-09-08 23:29:00-04:00,2020-09-09 03:29:00-04:00,L,11134.25,11139.5,,30.217111081114748,8.5,0.14064878633140374,time,1,L
2020-09-09 23:29:00-04:00,2020-09-09 23:29:00-04:00,2020-09-10 03:29:00-04:00,L,11375.25,11381.5,,31.942674575320833,10.5,0.1643569322168217,time,1,L
2020-09-10 23:29:00-04:00,2020-09-10 23:29:00-04:00,2020-09-11 03:29:00-04:00,L,11240.75,11327.0,,33.0842692485122,170.5,2.576753301082317,time,1,L
2020-09-13 23:29:00-04:00,2020-09-13 23:29:00-04:00,2020-09-14 03:29:00-04:00,L,11232.25,11261.0,,33.71575001647562,55.5,0.823057472737211,time,1,L
2020-09-14 23:29:00-04:00,2020-09-14 23:29:00-04:00,2020-09-15 03:29:00-04:00,L,11307.75,11326.25,,33.373553586727354,35.0,0.524367294436387,time,1,L
2020-09-16 23:29:00-04:00,2020-09-16 23:29:00-04:00,2020-09-17 03:29:00-04:00,L,11088.75,11072.75,,32.660359980392464,-34.0,-0.5205086536157559,time,1,L
2020-09-17 23:29:00-04:00,2020-09-17 23:29:00-04:00,2020-09-18 03:29:00-04:00,L,11100.25,11114.0,,33.084619981793004,25.5,0.3853754405224098,time,1,L
2020-09-20 23:29:00-04:00,2020-09-20 23:29:00-04:00,2020-09-21 03:29:00-04:00,L,10905.5,10833.25,,33.72500426880779,-146.5,-2.171978968961876,time,1,L
2020-09-21 23:29:00-04:00,2020-09-21 23:29:00-04:00,2020-09-22 03:29:00-04:00,L,10981.0,10921.75,,33.83928967817866,-120.5,-1.7804747254742863,time,1,L
2020-09-22 23:29:00-04:00,2020-09-22 23:29:00-04:00,2020-09-23 03:29:00-04:00,L,11112.5,11135.5,,33.52934041545162,44.0,0.6561417471207261,time,1,L
2020-09-23 23:29:00-04:00,2020-09-23 23:29:00-04:00,2020-09-24 03:29:00-04:00,L,10800.25,10766.5,,34.252244671490786,-69.5,-1.0145320498928794,time,1,L
2020-09-24 23:29:00-04:00,2020-09-24 23:29:00-04:00,2020-09-25 03:29:00-04:00,L,10948.5,10912.75,,34.33422719495573,-73.5,-1.0703604828886082,time,1,L
2020-09-27 23:29:00-04:00,2020-09-27 23:29:00-04:00,2020-09-28 03:29:00-04:00,L,11170.0,11216.0,,34.41928239531604,90.0,1.3074066880059023,time,1,L
2020-09-28 23:29:00-04:00,2020-09-28 23:29:00-04:00,2020-09-29 03:29:00-04:00,L,11403.5,11370.75,,33.88040508136489,-67.5,-0.9961510176442189,time,1,L
2020-09-29 23:29:00-04:00,2020-09-29 23:29:00-04:00,2020-09-30 03:29:00-04:00,L,11298.75,11249.0,,32.59787614698168,-101.5,-1.5568498932621126,time,1,L
2020-09-30 23:29:00-04:00,2020-09-30 23:29:00-04:00,2020-10-01 03:29:00-04:00,L,11462.25,11504.5,,32.82481356505442,82.5,1.2566712654208372,time,1,L
2020-10-01 23:29:00-04:00,2020-10-01 23:29:00-04:00,2020-10-02 03:29:00-04:00,L,11528.5,11437.0,,32.20161259612196,-185.0,-2.8725269495087264,time,1,L
2020-10-04 23:29:00-04:00,2020-10-04 23:29:00-04:00,2020-10-05 03:29:00-04:00,L,11354.25,11296.0,,32.75685455354182,-118.5,-1.8087817285128684,time,1,L
2020-10-05 23:29:00-04:00,2020-10-05 23:29:00-04:00,2020-10-06 03:29:00-04:00,L,11454.75,11452.5,,32.149222085431695,-6.5,-0.10109109300883289,time,1,L
2020-10-06 23:29:00-04:00,2020-10-06 23:29:00-04:00,2020-10-07 03:29:00-04:00,L,11283.0,11346.75,,32.186777650758,125.5,1.949558314935022,time,1,L
2020-10-07 23:29:00-04:00,2020-10-07 23:29:00-04:00,2020-10-08 03:29:00-04:00,L,11506.75,11562.25,,32.02522210427529,109.0,1.7017836698382924,time,1,L
2020-10-08 23:29:00-04:00,2020-10-08 23:29:00-04:00,2020-10-09 03:29:00-04:00,L,11600.25,11570.25,,30.51092052539848,-62.0,-1.016029653192351,time,1,L
2020-10-11 23:29:00-04:00,2020-10-11 23:29:00-04:00,2020-10-12 03:29:00-04:00,L,11768.5,11780.25,,29.66728334501287,21.5,0.3623520183828054,time,1,L
2020-10-12 23:29:00-04:00,2020-10-12 23:29:00-04:00,2020-10-13 03:29:00-04:00,L,12055.5,12062.75,,31.157120248940515,12.5,0.20059620241098913,time,1,L
2020-10-13 23:29:00-04:00,2020-10-13 23:29:00-04:00,2020-10-14 03:29:00-04:00,L,12165.5,12142.25,,30.581611659730477,-48.5,-0.7929601706352228,time,1,L
2020-10-14 23:29:00-04:00,2020-10-14 23:29:00-04:00,2020-10-15 03:29:00-04:00,L,11881.75,11865.0,,30.368639398321154,-35.5,-0.5844845324542679,time,1,L
2020-10-15 23:29:00-04:00,2020-10-15 23:29:00-04:00,2020-10-16 03:29:00-04:00,L,11834.75,11879.75,,29.961950869869646,88.0,1.468529208631982,time,1,L
2020-10-18 23:29:00-04:00,2020-10-18 23:29:00-04:00,2020-10-19 03:29:00-04:00,L,11873.25,11926.25,,29.461097236307523,104.0,1.7650394886146938,time,1,L
2020-10-19 23:29:00-04:00,2020-10-19 23:29:00-04:00,2020-10-20 03:29:00-04:00,L,11691.25,11717.25,,29.919233147999844,50.0,0.8355829133833029,time,1,L
2020-10-20 23:29:00-04:00,2020-10-20 23:29:00-04:00,2020-10-21 03:29:00-04:00,L,11722.75,11689.75,,29.162502208856996,-68.0,-1.165880751812641,time,1,L
2020-10-21 23:29:00-04:00,2020-10-21 23:29:00-04:00,2020-10-22 03:29:00-04:00,L,11615.0,11624.0,,28.4937520510815,16.0,0.2807633050802923,time,1,L
2020-10-22 23:29:00-04:00,2020-10-22 23:29:00-04:00,2020-10-23 03:29:00-04:00,L,11665.5,11631.25,,27.97812690457568,-70.5,-1.2599127925978146,time,1,L
2020-10-25 23:29:00-04:00,2020-10-25 23:29:00-04:00,2020-10-26 03:29:00-04:00,L,11617.75,11559.75,,26.986832125677424,-118.0,-2.1862514179225467,time,1,L
2020-10-26 23:29:00-04:00,2020-10-26 23:29:00-04:00,2020-10-27 03:29:00-04:00,L,11504.75,11527.0,,27.57705840241475,42.5,0.7705680457252566,time,1,L
2020-10-27 23:29:00-04:00,2020-10-27 23:29:00-04:00,2020-10-28 03:29:00-04:00,L,11537.75,11509.75,,26.64298280224227,-58.0,-1.088466716180118,time,1,L
2020-10-28 23:29:00-04:00,2020-10-28 23:29:00-04:00,2020-10-29 03:29:00-04:00,L,11237.5,11250.0,,27.900626887796392,23.0,0.412177118680801,time,1,L
2020-10-29 23:29:00-04:00,2020-10-29 23:29:00-04:00,2020-10-30 03:29:00-04:00,L,11200.5,11073.75,,28.14165353866808,-255.5,-4.53953424678706,time,1,L
2020-11-01 23:29:00-05:00,2020-11-01 23:29:00-05:00,2020-11-02 03:29:00-05:00,L,11058.5,11074.75,,28.538678285906073,30.5,0.5343625183767275,time,1,L
2020-11-02 23:29:00-05:00,2020-11-02 23:29:00-05:00,2020-11-03 03:29:00-05:00,L,11077.25,11103.75,,28.426986979769925,51.0,0.8970349203081945,time,1,L
2020-11-03 23:29:00-05:00,2020-11-03 23:29:00-05:00,2020-11-04 03:29:00-05:00,L,11590.5,11544.75,,28.41255933835779,-93.5,-1.6453991153442529,time,1,L
2020-11-04 23:29:00-05:00,2020-11-04 23:29:00-05:00,2020-11-05 03:29:00-05:00,L,11920.5,12016.75,,30.777733671332232,190.5,3.094769777955423,time,1,L
2020-11-05 23:29:00-05:00,2020-11-05 23:29:00-05:00,2020-11-06 03:29:00-05:00,L,11942.75,12002.5,,31.059681266237074,117.5,1.891519732492015,time,1,L
2020-11-08 23:29:00-05:00,2020-11-08 23:29:00-05:00,2020-11-09 03:29:00-05:00,L,12383.5,12314.5,,30.551846890077286,-140.0,-2.291187182622822,time,1,L
2020-11-09 23:29:00-05:00,2020-11-09 23:29:00-05:00,2020-11-10 03:29:00-05:00,L,11745.0,11861.0,,32.621357826500336,230.0,3.525297769995902,time,1,L
2020-11-10 23:29:00-05:00,2020-11-10 23:29:00-05:00,2020-11-11 03:29:00-05:00,L,11650.0,11650.5,,33.13590369603603,-1.0,-0.01508937268126518,time,1,L
2020-11-11 23:29:00-05:00,2020-11-11 23:29:00-05:00,2020-11-12 03:29:00-05:00,L,11815.25,11836.75,,33.22976771774775,41.0,0.6169167408609696,time,1,L
2020-11-12 23:29:00-05:00,2020-11-12 23:29:00-05:00,2020-11-13 03:29:00-05:00,L,11846.0,11906.75,,32.27942716648005,119.5,1.851024173751331,time,1,L
2020-11-15 23:29:00-05:00,2020-11-15 23:29:00-05:00,2020-11-16 03:29:00-05:00,L,12043.0,12007.0,,31.05232522601719,-74.0,-1.1915371789613858,time,1,L
2020-11-16 23:29:00-05:00,2020-11-16 23:29:00-05:00,2020-11-17 03:29:00-05:00,L,12011.75,12034.75,,30.348587709873108,44.0,0.7249101740850658,time,1,L
2020-11-17 23:29:00-05:00,2020-11-17 23:29:00-05:00,2020-11-18 03:29:00-05:00,L,11976.0,11997.75,,29.1719028734536,41.5,0.7113008736527255,time,1,L
2020-11-18 23:29:00-05:00,2020-11-18 23:29:00-05:00,2020-11-19 03:29:00-05:00,L,11856.25,11871.25,,28.26855266820691,28.0,0.49524997492162115,time,1,L
2020-11-19 23:29:00-05:00,2020-11-19 23:29:00-05:00,2020-11-20 03:29:00-05:00,L,11989.0,11980.0,,27.64579890619213,-20.0,-0.36171861171138703,time,1,L
2020-11-22 23:29:00-05:00,2020-11-22 23:29:00-05:00,2020-11-23 03:29:00-05:00,L,11947.75,11951.5,,26.73002755574984,5.5,0.10288055237744989,time,1,L
2020-11-23 23:29:00-05:00,2020-11-23 23:29:00-05:00,2020-11-24 03:29:00-05:00,L,11971.0,11968.75,,26.202882730339134,-6.5,-0.12403215453225579,time,1,L
2020-11-24 23:29:00-05:00,2020-11-24 23:29:00-05:00,2020-11-25 03:29:00-05:00,L,12141.75,12116.0,,25.993748249600625,-53.5,-1.0290936013974434,time,1,L
2020-11-25 23:29:00-05:00,2020-11-25 23:29:00-05:00,2020-11-26 03:29:00-05:00,L,12192.75,12206.75,,24.845980517486293,26.0,0.5232234642883489,time,1,L
2020-11-26 23:29:00-05:00,2020-11-26 23:29:00-05:00,2020-11-27 03:29:00-05:00,L,12161.25,12193.0,,23.756981909094414,61.5,1.2943563335470905,time,1,L
2020-11-29 23:29:00-05:00,2020-11-29 23:29:00-05:00,2020-11-30 03:29:00-05:00,L,12244.25,12236.25,,23.27969748701624,-18.0,-0.3866029618735192,time,1,L
2020-11-30 23:29:00-05:00,2020-11-30 23:29:00-05:00,2020-12-01 03:29:00-05:00,L,12382.0,12375.0,,23.40971909508651,-16.0,-0.34173840222111546,time,1,L
2020-12-01 23:29:00-05:00,2020-12-01 23:29:00-05:00,2020-12-02 03:29:00-05:00,L,12428.75,12449.0,,23.16973915972319,38.5,0.8308250631264328,time,1,L
2020-12-02 23:29:00-05:00,2020-12-02 23:29:00-05:00,2020-12-03 03:29:00-05:00,L,12481.5,12478.5,,22.66654350545725,-8.0,-0.1764715471080516,time,1,L
2020-12-03 23:29:00-05:00,2020-12-03 23:29:00-05:00,2020-12-04 03:29:00-05:00,L,12492.75,12514.5,,21.738576112210303,41.5,0.9545243392618051,time,1,L
2020-12-06 23:29:00-05:00,2020-12-06 23:29:00-05:00,2020-12-07 03:29:00-05:00,L,12517.0,12498.0,,20.807249247052425,-40.0,-0.9612034614730834,time,1,L
2020-12-07 23:29:00-05:00,2020-12-07 23:29:00-05:00,2020-12-08 03:29:00-05:00,L,12565.75,12578.25,,20.301374300834393,23.0,0.5664641136894534,time,1,L
2020-12-08 23:29:00-05:00,2020-12-08 23:29:00-05:00,2020-12-09 03:29:00-05:00,L,12648.0,12642.5,,19.920918993631936,-13.0,-0.3262901677416507,time,1,L
2020-12-09 23:29:00-05:00,2020-12-09 23:29:00-05:00,2020-12-10 03:29:00-05:00,L,12337.25,12343.25,,21.128353351229656,10.0,0.2366488252483246,time,1,L
2020-12-10 23:29:00-05:00,2020-12-10 23:29:00-05:00,2020-12-11 03:29:00-05:00,L,12368.25,12337.0,,21.269185254713253,-64.5,-1.51627810909463,time,1,L
2020-12-14 23:29:00-05:00,2020-12-14 23:29:00-05:00,2020-12-15 03:29:00-05:00,L,12455.25,12506.25,,20.83121075533949,100.0,2.4002445459001422,time,1,L
2020-12-15 23:29:00-05:00,2020-12-15 23:29:00-05:00,2020-12-16 03:29:00-05:00,L,12610.25,12639.0,,20.6682671299581,55.5,1.3426379592209314,time,1,L
2020-12-16 23:29:00-05:00,2020-12-16 23:29:00-05:00,2020-12-17 03:29:00-05:00,L,12706.0,12743.75,,20.14553376353252,73.5,1.8242256785732287,time,1,L
2020-12-17 23:29:00-05:00,2020-12-17 23:29:00-05:00,2020-12-18 03:29:00-05:00,L,12720.5,12739.0,,19.383352780423053,35.0,0.9028365834457073,time,1,L
2020-12-20 23:29:00-05:00,2020-12-20 23:29:00-05:00,2020-12-21 03:29:00-05:00,L,12749.25,12713.75,,19.27918472467855,-73.0,-1.8932335843682093,time,1,L
2020-12-21 23:29:00-05:00,2020-12-21 23:29:00-05:00,2020-12-22 03:29:00-05:00,L,12692.0,12693.0,,20.205671530058655,0.0,0.0,time,1,L
2020-12-22 23:29:00-05:00,2020-12-22 23:29:00-05:00,2020-12-23 03:29:00-05:00,L,12697.25,12727.0,,19.949909277911612,57.5,1.4411093102980563,time,1,L
2020-12-23 23:29:00-05:00,2020-12-23 23:29:00-05:00,2020-12-24 03:29:00-05:00,L,12672.25,12668.75,,19.364201472346494,-9.0,-0.23238758419376762,time,1,L
2020-12-27 23:29:00-05:00,2020-12-27 23:29:00-05:00,2020-12-28 03:29:00-05:00,L,12775.5,12785.5,,18.64175851003603,18.0,0.48278707157131845,time,1,L
2020-12-28 23:29:00-05:00,2020-12-28 23:29:00-05:00,2020-12-29 03:29:00-05:00,L,12858.5,12892.25,,18.7673471878906,65.5,1.7450521734436466,time,1,L
2020-12-29 23:29:00-05:00,2020-12-29 23:29:00-05:00,2020-12-30 03:29:00-05:00,L,12880.0,12892.5,,18.21610810304127,23.0,0.6313093848010276,time,1,L
2020-12-30 23:29:00-05:00,2020-12-30 23:29:00-05:00,2020-12-31 03:29:00-05:00,L,12837.0,12844.75,,17.55245752425261,13.5,0.38456153451295233,time,1,L
2021-01-03 23:29:00-05:00,2021-01-03 23:29:00-05:00,2021-01-04 03:29:00-05:00,L,12875.0,12929.75,,17.007639129663136,107.5,3.1603445716492344,time,1,L
2021-01-04 23:29:00-05:00,2021-01-04 23:29:00-05:00,2021-01-05 03:29:00-05:00,L,12677.75,12701.25,,18.921379191830056,45.0,1.1891310761170695,time,1,L
2021-01-05 23:29:00-05:00,2021-01-05 23:29:00-05:00,2021-01-06 03:29:00-05:00,L,12645.75,12522.25,,18.97520924955648,-249.0,-6.561192467635634,time,1,L
2021-01-06 23:29:00-05:00,2021-01-06 23:29:00-05:00,2021-01-07 03:29:00-05:00,L,12712.75,12685.25,,20.143051446016734,-57.0,-1.4148799687266769,time,1,L
2021-01-07 23:29:00-05:00,2021-01-07 23:29:00-05:00,2021-01-08 03:29:00-05:00,L,12950.0,12977.5,,20.9364049141584,53.0,1.2657378431804773,time,1,L
2021-01-10 23:29:00-05:00,2021-01-10 23:29:00-05:00,2021-01-11 03:29:00-05:00,L,13038.25,13053.0,,20.91237599171851,27.5,0.6575053932391578,time,1,L
2021-01-11 23:29:00-05:00,2021-01-11 23:29:00-05:00,2021-01-12 03:29:00-05:00,L,12903.5,12921.75,,21.22756342088147,34.5,0.8126227046402906,time,1,L
2021-01-12 23:29:00-05:00,2021-01-12 23:29:00-05:00,2021-01-13 03:29:00-05:00,L,12923.0,12925.5,,21.08273746224708,3.0,0.07114825589827006,time,1,L
2021-01-13 23:29:00-05:00,2021-01-13 23:29:00-05:00,2021-01-14 03:29:00-05:00,L,12946.75,12963.0,,20.880399072086576,30.5,0.7303500257514987,time,1,L
2021-01-14 23:29:00-05:00,2021-01-14 23:29:00-05:00,2021-01-15 03:29:00-05:00,L,12883.5,12876.0,,20.446084852651822,-17.0,-0.41572751268796404,time,1,L
2021-01-17 23:29:00-05:00,2021-01-17 23:29:00-05:00,2021-01-18 03:29:00-05:00,L,12760.75,12780.75,,20.324935934605264,38.0,0.9348122946675849,time,1,L
2021-01-18 23:29:00-05:00,2021-01-18 23:29:00-05:00,2021-01-19 03:29:00-05:00,L,12929.25,12916.0,,19.514226224990605,-28.5,-0.730236486740681,time,1,L
2021-01-19 23:29:00-05:00,2021-01-19 23:29:00-05:00,2021-01-20 03:29:00-05:00,L,13027.75,13062.75,,19.702495780348414,68.0,1.7256697008869377,time,1,L
2021-01-20 23:29:00-05:00,2021-01-20 23:29:00-05:00,2021-01-21 03:29:00-05:00,L,13389.25,13351.25,,20.504103224609246,-78.0,-1.902058313537545,time,1,L
2021-01-21 23:29:00-05:00,2021-01-21 23:29:00-05:00,2021-01-22 03:29:00-05:00,L,13361.0,13329.0,,20.044881565708586,-66.0,-1.6463055614383946,time,1,L
2021-01-24 23:29:00-05:00,2021-01-24 23:29:00-05:00,2021-01-25 03:29:00-05:00,L,13458.75,13468.75,,19.33096145387226,18.0,0.46557435963420096,time,1,L
2021-01-25 23:29:00-05:00,2021-01-25 23:29:00-05:00,2021-01-26 03:29:00-05:00,L,13416.25,13414.5,,20.564464207167095,-5.5,-0.13372582783078657,time,1,L
2021-01-26 23:29:00-05:00,2021-01-26 23:29:00-05:00,2021-01-27 03:29:00-05:00,L,13546.75,13530.0,,20.659859620940875,-35.5,-0.8591539500108009,time,1,L
2021-01-27 23:29:00-05:00,2021-01-27 23:29:00-05:00,2021-01-28 03:29:00-05:00,L,13048.25,13017.0,,24.214512505159384,-64.5,-1.3318459330175858,time,1,L
2021-01-28 23:29:00-05:00,2021-01-28 23:29:00-05:00,2021-01-29 03:29:00-05:00,L,12986.0,13010.5,,25.968833040505146,47.0,0.9049309209753723,time,1,L
2021-01-31 23:29:00-05:00,2021-01-31 23:29:00-05:00,2021-02-01 03:29:00-05:00,L,12932.5,13001.5,,26.66570210904049,136.0,2.5500922391593774,time,1,L
2021-02-01 23:29:00-05:00,2021-02-01 23:29:00-05:00,2021-02-02 03:29:00-05:00,L,13342.25,13345.0,,28.653866244109025,3.5,0.06107378268228582,time,1,L
2021-02-02 23:29:00-05:00,2021-02-02 23:29:00-05:00,2021-02-03 03:29:00-05:00,L,13520.25,13563.0,,28.600018655244096,83.5,1.4597892575970304,time,1,L
2021-02-03 23:29:00-05:00,2021-02-03 23:29:00-05:00,2021-02-04 03:29:00-05:00,L,13376.5,13440.25,,27.966088751298088,125.5,2.2437889172860244,time,1,L
2021-02-04 23:29:00-05:00,2021-02-04 23:29:00-05:00,2021-02-05 03:29:00-05:00,L,13584.0,13593.5,,27.58458241191965,17.0,0.3081431458004251,time,1,L
2021-02-07 23:29:00-05:00,2021-02-07 23:29:00-05:00,2021-02-08 03:29:00-05:00,L,13671.75,13651.5,,26.466040811068247,-42.5,-0.8029157119380369,time,1,L
2021-02-08 23:29:00-05:00,2021-02-08 23:29:00-05:00,2021-02-09 03:29:00-05:00,L,13674.75,13669.25,,25.264895038849087,-13.0,-0.2572739760052492,time,1,L
2021-02-09 23:29:00-05:00,2021-02-09 23:29:00-05:00,2021-02-10 03:29:00-05:00,L,13735.5,13750.0,,24.18347396464558,27.0,0.5582324532751575,time,1,L
2021-02-10 23:29:00-05:00,2021-02-10 23:29:00-05:00,2021-02-11 03:29:00-05:00,L,13656.75,13682.0,,24.256082967170897,48.5,0.9997492188998888,time,1,L
2021-02-11 23:29:00-05:00,2021-02-11 23:29:00-05:00,2021-02-12 03:29:00-05:00,L,13710.5,13705.5,,23.455648469515832,-12.0,-0.25580192369432503,time,1,L
2021-02-14 23:29:00-05:00,2021-02-14 23:29:00-05:00,2021-02-15 03:29:00-05:00,L,13852.5,13838.5,,23.040959293121844,-30.0,-0.6510145610333933,time,1,L
2021-02-15 23:29:00-05:00,2021-02-15 23:29:00-05:00,2021-02-16 03:29:00-05:00,L,13894.0,13862.25,,21.825533629327424,-65.5,-1.5005360490243933,time,1,L
2021-02-16 23:29:00-05:00,2021-02-16 23:29:00-05:00,2021-02-17 03:29:00-05:00,L,13759.0,13755.5,,21.587995512946893,-9.0,-0.20844918173626775,time,1,L
2021-02-17 23:29:00-05:00,2021-02-17 23:29:00-05:00,2021-02-18 03:29:00-05:00,L,13629.25,13611.5,,21.778138690593547,-37.5,-0.8609551195529181,time,1,L
2021-02-18 23:29:00-05:00,2021-02-18 23:29:00-05:00,2021-02-19 03:29:00-05:00,L,13574.25,13634.0,,22.05112878412258,117.5,2.6642627039710374,time,1,L
2021-02-21 23:29:00-05:00,2021-02-21 23:29:00-05:00,2021-02-22 03:29:00-05:00,L,13559.25,13392.75,,21.86711958525668,-335.0,-7.659902318041576,time,1,L
2021-02-22 23:29:00-05:00,2021-02-22 23:29:00-05:00,2021-02-23 03:29:00-05:00,L,13309.75,13239.25,,23.26232532916692,-143.0,-3.073639414300143,time,1,L
2021-02-23 23:29:00-05:00,2021-02-23 23:29:00-05:00,2021-02-24 03:29:00-05:00,L,13172.0,13167.75,,25.731087805654994,-10.5,-0.20403334828487868,time,1,L
2021-02-24 23:29:00-05:00,2021-02-24 23:29:00-05:00,2021-02-25 03:29:00-05:00,L,13328.0,13266.0,,26.571724390965354,-126.0,-2.3709413462613145,time,1,L
2021-02-25 23:29:00-05:00,2021-02-25 23:29:00-05:00,2021-02-26 03:29:00-05:00,L,12787.5,12858.0,,28.8898155058964,139.0,2.4056920677051425,time,1,L
2021-02-28 23:29:00-05:00,2021-02-28 23:29:00-05:00,2021-03-01 03:29:00-05:00,L,13049.5,13118.75,,29.872685826903805,136.5,2.2846958052406854,time,1,L
2021-03-01 23:29:00-05:00,2021-03-01 23:29:00-05:00,2021-03-02 03:29:00-05:00,L,13240.5,13199.5,,30.638922553553535,-84.0,-1.3708053841184697,time,1,L
2021-03-02 23:29:00-05:00,2021-03-02 23:29:00-05:00,2021-03-03 03:29:00-05:00,L,13138.5,13178.75,,30.45042808544257,78.5,1.288980236660917,time,1,L
2021-03-03 23:29:00-05:00,2021-03-03 23:29:00-05:00,2021-03-04 03:29:00-05:00,L,12547.25,12673.25,,32.05039750791096,250.0,3.900107634207857,time,1,L
2021-03-04 23:29:00-05:00,2021-03-04 23:29:00-05:00,2021-03-05 03:29:00-05:00,L,12441.5,12383.75,,33.26644054306018,-117.5,-1.7660440684645484,time,1,L
2021-03-07 23:29:00-05:00,2021-03-07 23:29:00-05:00,2021-03-08 03:29:00-05:00,L,12564.0,12429.5,,34.392051932841596,-271.0,-3.9398637878482785,time,1,L
2021-03-08 23:29:00-05:00,2021-03-08 23:29:00-05:00,2021-03-09 03:29:00-05:00,L,12440.25,12509.25,,35.346191080495764,136.0,1.9238282236730961,time,1,L
2021-03-09 23:29:00-05:00,2021-03-09 23:29:00-05:00,2021-03-10 03:29:00-05:00,L,12730.25,12766.0,,36.6911060033175,69.5,0.9470960073228103,time,1,L
2021-03-10 23:29:00-05:00,2021-03-10 23:29:00-05:00,2021-03-11 03:29:00-05:00,L,12828.75,12931.0,,36.13281271736624,202.5,2.802162145305034,time,1,L
2021-03-11 23:29:00-05:00,2021-03-11 23:29:00-05:00,2021-03-12 03:29:00-05:00,L,13038.25,12884.25,,36.37511180898294,-310.0,-4.261155286998246,time,1,L
2021-03-14 23:29:00-04:00,2021-03-14 23:29:00-04:00,2021-03-15 03:29:00-04:00,L,12938.0,12888.5,,36.11438953691273,-101.0,-1.3983345876131632,time,1,L
2021-03-15 23:29:00-04:00,2021-03-15 23:29:00-04:00,2021-03-16 03:29:00-04:00,L,13128.0,13165.75,,35.15086171284754,73.5,1.0454935728237917,time,1,L
2021-03-17 23:29:00-04:00,2021-03-17 23:29:00-04:00,2021-03-18 03:29:00-04:00,L,13173.75,13102.75,,34.305845048322624,-144.0,-2.0987677143233765,time,1,L
2021-03-18 23:29:00-04:00,2021-03-18 23:29:00-04:00,2021-03-19 03:29:00-04:00,L,12792.0,12835.75,,35.46078468772816,85.5,1.2055570787973682,time,1,L
2021-03-21 23:29:00-04:00,2021-03-21 23:29:00-04:00,2021-03-22 03:29:00-04:00,L,12903.0,12919.0,,34.472514352890435,30.0,0.43512926984225875,time,1,L
2021-03-22 23:29:00-04:00,2021-03-22 23:29:00-04:00,2021-03-23 03:29:00-04:00,L,13035.5,13042.25,,34.63519189911255,11.5,0.16601611496044089,time,1,L
2021-03-23 23:29:00-04:00,2021-03-23 23:29:00-04:00,2021-03-24 03:29:00-04:00,L,13058.25,13023.0,,33.54160676346165,-72.5,-1.0807472717582725,time,1,L
2021-03-24 23:29:00-04:00,2021-03-24 23:29:00-04:00,2021-03-25 03:29:00-04:00,L,12802.0,12818.25,,33.72256342321439,30.5,0.4522194771676818,time,1,L
2021-03-25 23:29:00-04:00,2021-03-25 23:29:00-04:00,2021-03-26 03:29:00-04:00,L,12829.5,12847.25,,33.09773746441336,33.5,0.5060768887302214,time,1,L
2021-03-28 23:29:00-04:00,2021-03-28 23:29:00-04:00,2021-03-29 03:29:00-04:00,L,12888.0,12887.5,,32.96754193124098,-3.0,-0.04549929755541032,time,1,L
2021-03-29 23:29:00-04:00,2021-03-29 23:29:00-04:00,2021-03-30 03:29:00-04:00,L,12929.5,12917.25,,32.01093179329519,-26.5,-0.41392109687901246,time,1,L
2021-03-30 23:29:00-04:00,2021-03-30 23:29:00-04:00,2021-03-31 03:29:00-04:00,L,12894.5,12892.5,,31.204793808059822,-6.0,-0.0961390746067079,time,1,L
2021-03-31 23:29:00-04:00,2021-03-31 23:29:00-04:00,2021-04-01 03:29:00-04:00,L,13118.5,13187.75,,31.116951393198406,136.5,2.1933382591881476,time,1,L
2021-04-04 23:29:00-04:00,2021-04-04 23:29:00-04:00,2021-04-05 03:29:00-04:00,L,13327.5,13317.0,,28.93272849719658,-23.0,-0.39747374676793046,time,1,L
2021-04-05 23:29:00-04:00,2021-04-05 23:29:00-04:00,2021-04-06 03:29:00-04:00,L,13575.0,13544.25,,29.083962175968253,-63.5,-1.0916669402848647,time,1,L
2021-04-06 23:29:00-04:00,2021-04-06 23:29:00-04:00,2021-04-07 03:29:00-04:00,L,13555.25,13588.0,,27.93332202054195,63.5,1.1366353051975449,time,1,L
2021-04-07 23:29:00-04:00,2021-04-07 23:29:00-04:00,2021-04-08 03:29:00-04:00,L,13693.5,13710.0,,26.85415616193181,31.0,0.5771918471961762,time,1,L
2021-04-08 23:29:00-04:00,2021-04-08 23:29:00-04:00,2021-04-09 03:29:00-04:00,L,13796.0,13722.5,,26.18600215036525,-149.0,-2.845031462695456,time,1,L
2021-04-11 23:29:00-04:00,2021-04-11 23:29:00-04:00,2021-04-12 03:29:00-04:00,L,13792.75,13799.0,,25.69057342533916,10.5,0.20435511162323117,time,1,L
2021-04-12 23:29:00-04:00,2021-04-12 23:29:00-04:00,2021-04-13 03:29:00-04:00,L,13815.0,13795.75,,24.571603894957793,-40.5,-0.8241220266518863,time,1,L
2021-04-13 23:29:00-04:00,2021-04-13 23:29:00-04:00,2021-04-14 03:29:00-04:00,L,13967.5,13982.25,,24.39684647388938,27.5,0.5635974311153648,time,1,L
2021-04-14 23:29:00-04:00,2021-04-14 23:29:00-04:00,2021-04-15 03:29:00-04:00,L,13809.75,13876.0,,24.484571725754424,130.5,2.6649434889386248,time,1,L
2021-04-15 23:29:00-04:00,2021-04-15 23:29:00-04:00,2021-04-16 03:29:00-04:00,L,13975.25,13986.0,,24.48388803105768,19.5,0.39822106634502563,time,1,L
2021-04-18 23:29:00-04:00,2021-04-18 23:29:00-04:00,2021-04-19 03:29:00-04:00,L,14047.0,14034.25,,23.492181743124988,-27.5,-0.5853011078472502,time,1,L
2021-04-19 23:29:00-04:00,2021-04-19 23:29:00-04:00,2021-04-20 03:29:00-04:00,L,13927.5,13907.75,,23.467740190044633,-41.5,-0.8841925056253376,time,1,L
2021-04-20 23:29:00-04:00,2021-04-20 23:29:00-04:00,2021-04-21 03:29:00-04:00,L,13734.75,13749.0,,23.325401605041446,26.5,0.5680502408642861,time,1,L
2021-04-21 23:29:00-04:00,2021-04-21 23:29:00-04:00,2021-04-22 03:29:00-04:00,L,13904.5,13924.0,,23.27715863325277,37.0,0.7947705427230142,time,1,L
2021-04-22 23:29:00-04:00,2021-04-22 23:29:00-04:00,2021-04-23 03:29:00-04:00,L,13784.0,13761.5,,23.34486158802043,-47.0,-1.006645505752717,time,1,L
2021-04-25 23:29:00-04:00,2021-04-25 23:29:00-04:00,2021-04-26 03:29:00-04:00,L,13933.5,13923.25,,23.4148714745904,-22.5,-0.48046388006905766,time,1,L
2021-04-26 23:29:00-04:00,2021-04-26 23:29:00-04:00,2021-04-27 03:29:00-04:00,L,14017.75,14028.75,,22.972737797833943,20.0,0.4352985738139962,time,1,L
2021-04-27 23:29:00-04:00,2021-04-27 23:29:00-04:00,2021-04-28 03:29:00-04:00,L,13974.75,13913.75,,22.312185097988664,-124.0,-2.778750701812213,time,1,L
2021-04-28 23:29:00-04:00,2021-04-28 23:29:00-04:00,2021-04-29 03:29:00-04:00,L,14021.0,14002.0,,21.543457590989473,-40.0,-0.9283560874817502,time,1,L
2021-04-29 23:29:00-04:00,2021-04-29 23:29:00-04:00,2021-04-30 03:29:00-04:00,L,13891.5,13899.75,,21.759996334490225,14.5,0.33318020318360714,time,1,L
2021-05-02 23:29:00-04:00,2021-05-02 23:29:00-04:00,2021-05-03 03:29:00-04:00,L,13873.25,13906.0,,21.187853739169498,63.5,1.498500055307844,time,1,L
2021-05-03 23:29:00-04:00,2021-05-03 23:29:00-04:00,2021-05-04 03:29:00-04:00,L,13742.25,13751.75,,20.93157847208596,17.0,0.40608499790569896,time,1,L
2021-05-04 23:29:00-04:00,2021-05-04 23:29:00-04:00,2021-05-05 03:29:00-04:00,L,13577.5,13556.5,,22.377537152651243,-44.0,-0.9831287442368736,time,1,L
2021-05-05 23:29:00-04:00,2021-05-05 23:29:00-04:00,2021-05-06 03:29:00-04:00,L,13466.0,13560.75,,22.229141641747585,187.5,4.217436800345552,time,1,L
2021-05-06 23:29:00-04:00,2021-05-06 23:29:00-04:00,2021-05-07 03:29:00-04:00,L,13636.75,13606.25,,22.232417238765613,-63.0,-1.416849983593999,time,1,L
2021-05-09 23:29:00-04:00,2021-05-09 23:29:00-04:00,2021-05-10 03:29:00-04:00,L,13731.75,13651.25,,22.28545886456807,-163.0,-3.657093196747134,time,1,L
2021-05-10 23:29:00-04:00,2021-05-10 23:29:00-04:00,2021-05-11 03:29:00-04:00,L,13219.25,13195.25,,23.904354659956063,-50.0,-1.0458345500487127,time,1,L
2021-05-11 23:29:00-04:00,2021-05-11 23:29:00-04:00,2021-05-12 03:29:00-04:00,L,13276.5,13307.25,,24.412972184244914,59.5,1.2186144225076934,time,1,L
2021-05-12 23:29:00-04:00,2021-05-12 23:29:00-04:00,2021-05-13 03:29:00-04:00,L,13056.5,13030.25,,25.470974171084563,-54.5,-1.0698452213474836,time,1,L
2021-05-13 23:29:00-04:00,2021-05-13 23:29:00-04:00,2021-05-14 03:29:00-04:00,L,13186.5,13172.25,,25.86769030172138,-30.5,-0.589538525555379,time,1,L
2021-05-16 23:29:00-04:00,2021-05-16 23:29:00-04:00,2021-05-17 03:29:00-04:00,L,13350.75,13359.25,,26.555712423026996,15.0,0.2824251099170888,time,1,L
2021-05-17 23:29:00-04:00,2021-05-17 23:29:00-04:00,2021-05-18 03:29:00-04:00,L,13352.5,13424.75,,26.58744724995364,142.5,2.6798360643714765,time,1,L
2021-05-18 23:29:00-04:00,2021-05-18 23:29:00-04:00,2021-05-19 03:29:00-04:00,L,13159.0,13085.0,,26.509772446385526,-150.0,-2.8291453708885332,time,1,L
2021-05-19 23:29:00-04:00,2021-05-19 23:29:00-04:00,2021-05-20 03:29:00-04:00,L,13220.25,13215.5,,26.676931557357985,-11.5,-0.21554203067309086,time,1,L
2021-05-20 23:29:00-04:00,2021-05-20 23:29:00-04:00,2021-05-21 03:29:00-04:00,L,13502.75,13529.25,,27.43393644611813,51.0,0.9295056890608282,time,1,L
2021-05-23 23:29:00-04:00,2021-05-23 23:29:00-04:00,2021-05-24 03:29:00-04:00,L,13421.25,13463.75,,26.719012414252546,83.0,1.5532011197338615,time,1,L
2021-05-24 23:29:00-04:00,2021-05-24 23:29:00-04:00,2021-05-25 03:29:00-04:00,L,13676.0,13727.25,,27.16765438466308,100.5,1.8496260033537368,time,1,L
2021-05-25 23:29:00-04:00,2021-05-25 23:29:00-04:00,2021-05-26 03:29:00-04:00,L,13709.5,13683.0,,26.16996478575858,-55.0,-1.0508229653776688,time,1,L
2021-05-26 23:29:00-04:00,2021-05-26 23:29:00-04:00,2021-05-27 03:29:00-04:00,L,13673.25,13652.0,,24.81675301534725,-44.5,-0.8965717628829238,time,1,L
2021-05-27 23:29:00-04:00,2021-05-27 23:29:00-04:00,2021-05-28 03:29:00-04:00,L,13696.25,13678.0,,23.761984942822444,-38.5,-0.8101175068631908,time,1,L
2021-05-30 23:29:00-04:00,2021-05-30 23:29:00-04:00,2021-05-31 03:29:00-04:00,L,13692.25,13702.5,,22.784343161192268,18.5,0.4059805426278509,time,1,L
2021-05-31 23:29:00-04:00,2021-05-31 23:29:00-04:00,2021-06-01 03:29:00-04:00,L,13689.75,13704.25,,21.66046150682139,27.0,0.6232554184382697,time,1,L
2021-06-01 23:29:00-04:00,2021-06-01 23:29:00-04:00,2021-06-02 03:29:00-04:00,L,13640.75,13628.0,,21.40078568490558,-27.5,-0.642499775589929,time,1,L
2021-06-02 23:29:00-04:00,2021-06-02 23:29:00-04:00,2021-06-03 03:29:00-04:00,L,13684.25,13661.25,,20.65430099312661,-48.0,-1.1619855839220499,time,1,L
2021-06-03 23:29:00-04:00,2021-06-03 23:29:00-04:00,2021-06-04 03:29:00-04:00,L,13519.5,13528.0,,20.92720806504614,15.0,0.3583851212588144,time,1,L
2021-06-06 23:29:00-04:00,2021-06-06 23:29:00-04:00,2021-06-07 03:29:00-04:00,L,13747.75,13736.5,,21.691336060399987,-24.5,-0.5647416077040904,time,1,L
2021-06-07 23:29:00-04:00,2021-06-07 23:29:00-04:00,2021-06-08 03:29:00-04:00,L,13840.0,13810.25,,21.097312056085702,-61.5,-1.4575316475508024,time,1,L
2021-06-08 23:29:00-04:00,2021-06-08 23:29:00-04:00,2021-06-09 03:29:00-04:00,L,13822.5,13826.25,,20.83857548065101,5.5,0.13196679410996323,time,1,L
2021-06-09 23:29:00-04:00,2021-06-09 23:29:00-04:00,2021-06-10 03:29:00-04:00,L,13828.75,13788.5,,20.067962946318794,-82.5,-2.0555150570260934,time,1,L
2021-06-10 23:29:00-04:00,2021-06-10 23:29:00-04:00,2021-06-11 03:29:00-04:00,L,13975.0,13957.5,,20.420251307296024,-37.0,-0.9059633851513899,time,1,L
2021-06-14 23:29:00-04:00,2021-06-14 23:29:00-04:00,2021-06-15 03:29:00-04:00,L,14133.25,14140.25,,19.25534423945422,12.0,0.3116018039140528,time,1,L
2021-06-15 23:29:00-04:00,2021-06-15 23:29:00-04:00,2021-06-16 03:29:00-04:00,L,14030.25,14033.5,,18.985319650921777,4.5,0.11851262140275619,time,1,L
2021-06-16 23:29:00-04:00,2021-06-16 23:29:00-04:00,2021-06-17 03:29:00-04:00,L,13901.0,13903.75,,19.52565396157022,3.5,0.08962567929577647,time,1,L
2021-06-17 23:29:00-04:00,2021-06-17 23:29:00-04:00,2021-06-18 03:29:00-04:00,L,14193.25,14186.5,,20.68275010717235,-15.5,-0.37470839031761355,time,1,L
2021-06-20 23:29:00-04:00,2021-06-20 23:29:00-04:00,2021-06-21 03:29:00-04:00,L,14005.25,14043.75,,20.60362509951718,75.0,1.820068061754762,time,1,L
2021-06-21 23:29:00-04:00,2021-06-21 23:29:00-04:00,2021-06-22 03:29:00-04:00,L,14137.25,14113.25,,20.455151878123097,-50.0,-1.2221859876160412,time,1,L
2021-06-22 23:29:00-04:00,2021-06-22 23:29:00-04:00,2021-06-23 03:29:00-04:00,L,14296.5,14269.0,,20.515498172542877,-57.0,-1.3891936603393458,time,1,L
2021-06-23 23:29:00-04:00,2021-06-23 23:29:00-04:00,2021-06-24 03:29:00-04:00,L,14297.25,14303.0,,19.657248303075527,9.5,0.24164114563567,time,1,L
2021-06-24 23:29:00-04:00,2021-06-24 23:29:00-04:00,2021-06-25 03:29:00-04:00,L,14363.0,14351.5,,19.346016281427275,-25.0,-0.6461278548597292,time,1,L
2021-06-27 23:29:00-04:00,2021-06-27 23:29:00-04:00,2021-06-28 03:29:00-04:00,L,14349.25,14378.0,,18.54272940418247,55.5,1.496543437329175,time,1,L
2021-06-28 23:29:00-04:00,2021-06-28 23:29:00-04:00,2021-06-29 03:29:00-04:00,L,14480.25,14489.0,,18.562891589598006,15.5,0.41749961004689745,time,1,L
2021-06-29 23:29:00-04:00,2021-06-29 23:29:00-04:00,2021-06-30 03:29:00-04:00,L,14579.0,14585.25,,18.06732790462672,10.5,0.2905797707172608,time,1,L
2021-06-30 23:29:00-04:00,2021-06-30 23:29:00-04:00,2021-07-01 03:29:00-04:00,L,14562.75,14561.0,,17.355375911439097,-5.5,-0.15845234433599611,time,1,L
2021-07-01 23:29:00-04:00,2021-07-01 23:29:00-04:00,2021-07-02 03:29:00-04:00,L,14524.5,14578.75,,17.08534906062202,106.5,3.116705418839207,time,1,L
2021-07-04 23:29:00-04:00,2021-07-04 23:29:00-04:00,2021-07-05 03:29:00-04:00,L,14700.0,14684.5,,17.402466984863306,-33.0,-0.9481414338755377,time,1,L
2021-07-05 23:29:00-04:00,2021-07-05 23:29:00-04:00,2021-07-06 03:29:00-04:00,L,14686.25,14698.0,,16.49693362880164,21.5,0.6516362520384884,time,1,L
2021-07-06 23:29:00-04:00,2021-07-06 23:29:00-04:00,2021-07-07 03:29:00-04:00,L,14786.5,14813.75,,16.49358122674438,52.5,1.5915282217445637,time,1,L
2021-07-07 23:29:00-04:00,2021-07-07 23:29:00-04:00,2021-07-08 03:29:00-04:00,L,14784.0,14732.5,,16.440468281976923,-105.0,-3.1933396968718832,time,1,L
2021-07-08 23:29:00-04:00,2021-07-08 23:29:00-04:00,2021-07-09 03:29:00-04:00,L,14683.5,14717.75,,17.27864911897857,66.5,1.924340252009561,time,1,L
2021-07-11 23:29:00-04:00,2021-07-11 23:29:00-04:00,2021-07-12 03:29:00-04:00,L,14797.5,14815.5,,17.41231703905153,34.0,0.9763203806749667,time,1,L
2021-07-12 23:29:00-04:00,2021-07-12 23:29:00-04:00,2021-07-13 03:29:00-04:00,L,14881.0,14860.75,,16.907865821976422,-42.5,-1.2568114878448928,time,1,L
2021-07-13 23:29:00-04:00,2021-07-13 23:29:00-04:00,2021-07-14 03:29:00-04:00,L,14874.25,14873.25,,17.13051826326382,-4.0,-0.11675070008179349,time,1,L
2021-07-14 23:29:00-04:00,2021-07-14 23:29:00-04:00,2021-07-15 03:29:00-04:00,L,14909.0,14907.25,,17.01405267303069,-5.5,-0.16163109712003415,time,1,L
2021-07-15 23:29:00-04:00,2021-07-15 23:29:00-04:00,2021-07-16 03:29:00-04:00,L,14764.25,14790.0,,17.61483462495707,49.5,1.405065703252966,time,1,L
2021-07-18 23:29:00-04:00,2021-07-18 23:29:00-04:00,2021-07-19 03:29:00-04:00,L,14642.75,14654.25,,17.87270358031728,21.0,0.5874880626098093,time,1,L
2021-07-19 23:29:00-04:00,2021-07-19 23:29:00-04:00,2021-07-20 03:29:00-04:00,L,14605.25,14625.25,,18.30322475315176,38.0,1.0380684418317192,time,1,L
2021-07-20 23:29:00-04:00,2021-07-20 23:29:00-04:00,2021-07-21 03:29:00-04:00,L,14703.5,14718.75,,18.892280127926636,28.5,0.7542763448089889,time,1,L
2021-07-21 23:29:00-04:00,2021-07-21 23:29:00-04:00,2021-07-22 03:29:00-04:00,L,14844.25,14863.25,,18.792831547360446,36.0,0.957812022878915,time,1,L
2021-07-22 23:29:00-04:00,2021-07-22 23:29:00-04:00,2021-07-23 03:29:00-04:00,L,14970.5,14972.25,,18.589772151120414,1.5,0.040344765600303346,time,1,L
2021-07-25 23:29:00-04:00,2021-07-25 23:29:00-04:00,2021-07-26 03:29:00-04:00,L,15087.75,15099.0,,18.57085985461181,20.5,0.551939979098736,time,1,L
2021-07-26 23:29:00-04:00,2021-07-26 23:29:00-04:00,2021-07-27 03:29:00-04:00,L,15098.75,15059.75,,17.92651272213954,-80.0,-2.2313319171441153,time,1,L
2021-07-27 23:29:00-04:00,2021-07-27 23:29:00-04:00,2021-07-28 03:29:00-04:00,L,14942.0,14930.0,,19.196047527701005,-26.0,-0.677222745007286,time,1,L
2021-07-28 23:29:00-04:00,2021-07-28 23:29:00-04:00,2021-07-29 03:29:00-04:00,L,14963.5,15023.0,,19.312401275722365,117.0,3.0291416983728685,time,1,L
2021-07-29 23:29:00-04:00,2021-07-29 23:29:00-04:00,2021-07-30 03:29:00-04:00,L,14842.0,14833.5,,19.216872613170764,-19.0,-0.4943572344591043,time,1,L
2021-08-01 23:29:00-04:00,2021-08-01 23:29:00-04:00,2021-08-02 03:29:00-04:00,L,15031.0,15042.25,,19.046024569372854,20.5,0.5381700502729905,time,1,L
2021-08-02 23:29:00-04:00,2021-08-02 23:29:00-04:00,2021-08-03 03:29:00-04:00,L,14967.5,14983.0,,18.567737100131936,29.0,0.7809244563192878,time,1,L
2021-08-03 23:29:00-04:00,2021-08-03 23:29:00-04:00,2021-08-04 03:29:00-04:00,L,15046.75,15063.25,,18.678970164408227,31.0,0.8298102017173525,time,1,L
2021-08-04 23:29:00-04:00,2021-08-04 23:29:00-04:00,2021-08-05 03:29:00-04:00,L,15092.0,15092.25,,18.139400866950496,-1.5,-0.04134645931809578,time,1,L
2021-08-05 23:29:00-04:00,2021-08-05 23:29:00-04:00,2021-08-06 03:29:00-04:00,L,15163.75,15152.0,,17.577657947882603,-25.5,-0.7253526060072104,time,1,L
2021-08-08 23:29:00-04:00,2021-08-08 23:29:00-04:00,2021-08-09 03:29:00-04:00,L,15045.25,15084.5,,17.206039523033844,76.5,2.22305661618378,time,1,L
2021-08-09 23:29:00-04:00,2021-08-09 23:29:00-04:00,2021-08-10 03:29:00-04:00,L,15107.25,15132.75,,16.99489384281714,49.0,1.4416094755634425,time,1,L
2021-08-10 23:29:00-04:00,2021-08-10 23:29:00-04:00,2021-08-11 03:29:00-04:00,L,15044.75,15011.0,,16.941687139758773,-69.5,-2.0511534484926623,time,1,L
2021-08-11 23:29:00-04:00,2021-08-11 23:29:00-04:00,2021-08-12 03:29:00-04:00,L,15005.75,14990.0,,16.84585234406172,-33.5,-0.9943100329918595,time,1,L
2021-08-12 23:29:00-04:00,2021-08-12 23:29:00-04:00,2021-08-13 03:29:00-04:00,L,15070.0,15086.25,,16.71043431948588,30.5,0.9126034493440496,time,1,L
2021-08-15 23:29:00-04:00,2021-08-15 23:29:00-04:00,2021-08-16 03:29:00-04:00,L,15105.75,15114.0,,16.132903296665457,14.5,0.44939214391116555,time,1,L
2021-08-16 23:29:00-04:00,2021-08-16 23:29:00-04:00,2021-08-17 03:29:00-04:00,L,15109.5,15074.25,,16.56626734690364,-72.5,-2.188181516144335,time,1,L
2021-08-17 23:29:00-04:00,2021-08-17 23:29:00-04:00,2021-08-18 03:29:00-04:00,L,15017.0,15005.5,,17.08117682212481,-25.0,-0.7317996956631858,time,1,L
2021-08-18 23:29:00-04:00,2021-08-18 23:29:00-04:00,2021-08-19 03:29:00-04:00,L,14853.5,14759.75,,17.50752133483018,-189.5,-5.411959705084035,time,1,L
2021-08-19 23:29:00-04:00,2021-08-19 23:29:00-04:00,2021-08-20 03:29:00-04:00,L,14922.75,14863.0,,18.314126953770877,-121.5,-3.317111438254586,time,1,L
2021-08-22 23:29:00-04:00,2021-08-22 23:29:00-04:00,2021-08-23 03:29:00-04:00,L,15147.25,15131.75,,18.779189314215817,-33.0,-0.8786321775620807,time,1,L
2021-08-23 23:29:00-04:00,2021-08-23 23:29:00-04:00,2021-08-24 03:29:00-04:00,L,15324.75,15375.5,,19.2271043632004,99.5,2.5874931066176927,time,1,L
2021-08-24 23:29:00-04:00,2021-08-24 23:29:00-04:00,2021-08-25 03:29:00-04:00,L,15354.0,15366.25,,18.387668337257516,22.5,0.611823086737158,time,1,L
2021-08-25 23:29:00-04:00,2021-08-25 23:29:00-04:00,2021-08-26 03:29:00-04:00,L,15328.5,15328.0,,17.53140631316769,-3.0,-0.08556073444452444,time,1,L
2021-08-26 23:29:00-04:00,2021-08-26 23:29:00-04:00,2021-08-27 03:29:00-04:00,L,15321.75,15329.0,,17.086305862227142,12.5,0.36579001045608894,time,1,L
2021-08-29 23:29:00-04:00,2021-08-29 23:29:00-04:00,2021-08-30 03:29:00-04:00,L,15436.25,15434.75,,17.13906972921092,-5.0,-0.14586555977067606,time,1,L
2021-08-30 23:29:00-04:00,2021-08-30 23:29:00-04:00,2021-08-31 03:29:00-04:00,L,15604.5,15662.75,,17.327350462838712,114.5,3.3040250511918616,time,1,L
2021-08-31 23:29:00-04:00,2021-08-31 23:29:00-04:00,2021-09-01 03:29:00-04:00,L,15618.75,15633.25,,17.255754001207375,27.0,0.7823477316062464,time,1,L
2021-09-01 23:29:00-04:00,2021-09-01 23:29:00-04:00,2021-09-02 03:29:00-04:00,L,15611.5,15630.0,,16.882128715406846,35.0,1.0365991336169162,time,1,L
2021-09-02 23:29:00-04:00,2021-09-02 23:29:00-04:00,2021-09-03 03:29:00-04:00,L,15623.5,15611.5,,16.611976664306358,-26.0,-0.7825679184785216,time,1,L
2021-09-05 23:29:00-04:00,2021-09-05 23:29:00-04:00,2021-09-06 03:29:00-04:00,L,15657.5,15698.75,,16.321835473998757,80.5,2.466021671650816,time,1,L
2021-09-06 23:29:00-04:00,2021-09-06 23:29:00-04:00,2021-09-07 03:29:00-04:00,L,15678.5,15685.0,,15.63277579728456,11.0,0.3518249139705157,time,1,L
2021-09-07 23:29:00-04:00,2021-09-07 23:29:00-04:00,2021-09-08 03:29:00-04:00,L,15681.5,15617.75,,15.209006097478522,-129.5,-4.25734591629461,time,1,L
2021-09-08 23:29:00-04:00,2021-09-08 23:29:00-04:00,2021-09-09 03:29:00-04:00,L,15581.75,15580.5,,15.319077090515771,-4.5,-0.14687568883591576,time,1,L
2021-09-09 23:29:00-04:00,2021-09-09 23:29:00-04:00,2021-09-10 03:29:00-04:00,L,15582.5,15606.75,,15.158785869764642,46.5,1.5337639966518626,time,1,L
2021-09-13 23:29:00-04:00,2021-09-13 23:29:00-04:00,2021-09-14 03:29:00-04:00,L,15446.25,15406.5,,16.152983734644003,-81.5,-2.5227537320304303,time,1,L
2021-09-14 23:29:00-04:00,2021-09-14 23:29:00-04:00,2021-09-15 03:29:00-04:00,L,15394.0,15415.75,,16.28134203931229,41.5,1.274464964245445,time,1,L
2021-09-15 23:29:00-04:00,2021-09-15 23:29:00-04:00,2021-09-16 03:29:00-04:00,L,15489.75,15495.0,,16.59338903650427,8.5,0.2561260988126237,time,1,L
2021-09-16 23:29:00-04:00,2021-09-16 23:29:00-04:00,2021-09-17 03:29:00-04:00,L,15518.5,15507.25,,16.651004105325395,-24.5,-0.7356913686714036,time,1,L
2021-09-19 23:29:00-04:00,2021-09-19 23:29:00-04:00,2021-09-20 03:29:00-04:00,L,15235.0,15183.75,,17.263432383516438,-104.5,-3.026628705070819,time,1,L
2021-09-20 23:29:00-04:00,2021-09-20 23:29:00-04:00,2021-09-21 03:29:00-04:00,L,15052.5,15103.75,,19.819615784693838,100.5,2.535367009425417,time,1,L
2021-09-21 23:29:00-04:00,2021-09-21 23:29:00-04:00,2021-09-22 03:29:00-04:00,L,15046.0,15078.5,,19.830714657215708,63.0,1.5884450230107185,time,1,L
2021-09-22 23:29:00-04:00,2021-09-22 23:29:00-04:00,2021-09-23 03:29:00-04:00,L,15193.25,15212.0,,20.541020753128873,35.5,0.8641245346727117,time,1,L
2021-09-23 23:29:00-04:00,2021-09-23 23:29:00-04:00,2021-09-24 03:29:00-04:00,L,15301.5,15235.75,,20.304162127905382,-133.5,-3.2875033000382206,time,1,L
2021-09-26 23:29:00-04:00,2021-09-26 23:29:00-04:00,2021-09-27 03:29:00-04:00,L,15377.75,15358.0,,19.977079118769282,-41.5,-1.0386903849474434,time,1,L
2021-09-27 23:29:00-04:00,2021-09-27 23:29:00-04:00,2021-09-28 03:29:00-04:00,L,15177.25,15014.5,,20.80371632457148,-327.5,-7.871189812687132,time,1,L
2021-09-28 23:29:00-04:00,2021-09-28 23:29:00-04:00,2021-09-29 03:29:00-04:00,L,14851.0,14919.0,,22.542736587102084,134.0,2.972132497805715,time,1,L
2021-09-29 23:29:00-04:00,2021-09-29 23:29:00-04:00,2021-09-30 03:29:00-04:00,L,14826.5,14864.25,,22.470041116594796,73.5,1.6355110259615426,time,1,L
2021-09-30 23:29:00-04:00,2021-09-30 23:29:00-04:00,2021-10-01 03:29:00-04:00,L,14610.0,14627.5,,22.393609608266598,33.0,0.7368173460480899,time,1,L
2021-10-03 23:29:00-04:00,2021-10-03 23:29:00-04:00,2021-10-04 03:29:00-04:00,L,14726.5,14647.25,,22.80120892196184,-160.5,-3.5195502253700326,time,1,L
2021-10-04 23:29:00-04:00,2021-10-04 23:29:00-04:00,2021-10-05 03:29:00-04:00,L,14502.25,14523.75,,24.515408284678852,41.0,0.8362087941570885,time,1,L
2021-10-05 23:29:00-04:00,2021-10-05 23:29:00-04:00,2021-10-06 03:29:00-04:00,L,14584.5,14523.75,,25.225021978630362,-123.5,-2.4479661525096845,time,1,L
2021-10-06 23:29:00-04:00,2021-10-06 23:29:00-04:00,2021-10-07 03:29:00-04:00,L,14863.25,14888.0,,25.90716326587105,47.5,0.9167348719837343,time,1,L
2021-10-07 23:29:00-04:00,2021-10-07 23:29:00-04:00,2021-10-08 03:29:00-04:00,L,14890.0,14861.75,,25.74415160402312,-58.5,-1.1361803818553107,time,1,L
2021-10-10 23:29:00-04:00,2021-10-10 23:29:00-04:00,2021-10-11 03:29:00-04:00,L,14749.0,14749.0,,25.383855060878613,-2.0,-0.03939511936235374,time,1,L
2021-10-11 23:29:00-04:00,2021-10-11 23:29:00-04:00,2021-10-12 03:29:00-04:00,L,14630.5,14642.25,,25.142151127958712,21.5,0.42756882437341354,time,1,L
2021-10-12 23:29:00-04:00,2021-10-12 23:29:00-04:00,2021-10-13 03:29:00-04:00,L,14624.0,14625.5,,24.758783190247375,1.0,0.02019485352563501,time,1,L
2021-10-13 23:29:00-04:00,2021-10-13 23:29:00-04:00,2021-10-14 03:29:00-04:00,L,14817.0,14870.25,,24.459941533801135,104.5,2.136145743758048,time,1,L
2021-10-14 23:29:00-04:00,2021-10-14 23:29:00-04:00,2021-10-15 03:29:00-04:00,L,15080.5,15064.0,,24.889588567101057,-35.0,-0.7031052342557168,time,1,L
2021-10-17 23:29:00-04:00,2021-10-17 23:29:00-04:00,2021-10-18 03:29:00-04:00,L,15099.0,15065.0,,23.999260812308123,-70.0,-1.4583782506355405,time,1,L
2021-10-18 23:29:00-04:00,2021-10-18 23:29:00-04:00,2021-10-19 03:29:00-04:00,L,15288.5,15305.75,,24.152885040000402,32.5,0.6727974721482685,time,1,L
2021-10-19 23:29:00-04:00,2021-10-19 23:29:00-04:00,2021-10-20 03:29:00-04:00,L,15387.25,15404.5,,23.56339325142895,32.5,0.6896290286635417,time,1,L
2021-10-20 23:29:00-04:00,2021-10-20 23:29:00-04:00,2021-10-21 03:29:00-04:00,L,15344.5,15353.75,,22.791008019184023,16.5,0.36198486670952307,time,1,L
2021-10-21 23:29:00-04:00,2021-10-21 23:29:00-04:00,2021-10-22 03:29:00-04:00,L,15410.75,15423.5,,22.47022173209945,23.5,0.5229142880781964,time,1,L
2021-10-24 23:29:00-04:00,2021-10-24 23:29:00-04:00,2021-10-25 03:29:00-04:00,L,15349.0,15367.0,,22.222348751235202,34.0,0.7649956442635288,time,1,L
2021-10-25 23:29:00-04:00,2021-10-25 23:29:00-04:00,2021-10-26 03:29:00-04:00,L,15567.75,15576.5,,22.41539526900412,15.5,0.3457445165250624,time,1,L
2021-10-26 23:29:00-04:00,2021-10-26 23:29:00-04:00,2021-10-27 03:29:00-04:00,L,15536.5,15573.75,,22.230367035503825,72.5,1.6306523388527776,time,1,L
2021-10-27 23:29:00-04:00,2021-10-27 23:29:00-04:00,2021-10-28 03:29:00-04:00,L,15610.25,15628.25,,22.14248367582498,34.0,0.7677548846320473,time,1,L
2021-10-28 23:29:00-04:00,2021-10-28 23:29:00-04:00,2021-10-29 03:29:00-04:00,L,15674.75,15653.25,,21.893020556123197,-45.0,-1.0277247921236268,time,1,L
2021-10-31 23:29:00-04:00,2021-10-31 23:29:00-04:00,2021-11-01 03:29:00-04:00,L,15875.25,15872.75,,22.286376230685825,-7.0,-0.1570466173491631,time,1,L
2021-11-01 23:29:00-04:00,2021-11-01 23:29:00-04:00,2021-11-02 03:29:00-04:00,L,15856.25,15885.75,,21.73734935706541,57.0,1.3111074184735634,time,1,L
2021-11-02 23:29:00-04:00,2021-11-02 23:29:00-04:00,2021-11-03 03:29:00-04:00,L,15963.75,15963.5,,21.118610117275022,-2.5,-0.05918950125309146,time,1,L
2021-11-03 23:29:00-04:00,2021-11-03 23:29:00-04:00,2021-11-04 03:29:00-04:00,L,16160.0,16173.0,,21.117280823183947,24.0,0.5682549803867554,time,1,L
2021-11-04 23:29:00-04:00,2021-11-04 23:29:00-04:00,2021-11-05 03:29:00-04:00,L,16333.0,16319.25,,21.39818933581367,-29.5,-0.6893106593515955,time,1,L
2021-11-07 23:29:00-05:00,2021-11-07 23:29:00-05:00,2021-11-08 03:29:00-05:00,L,16293.25,16318.75,,20.985818668969834,49.0,1.1674550507875265,time,1,L
2021-11-08 23:29:00-05:00,2021-11-08 23:29:00-05:00,2021-11-09 03:29:00-05:00,L,16299.5,16324.0,,20.410045906900564,47.0,1.1513937845703097,time,1,L
2021-11-09 23:29:00-05:00,2021-11-09 23:29:00-05:00,2021-11-10 03:29:00-05:00,L,16148.75,16226.0,,20.60754262783624,152.5,3.700101529670165,time,1,L
2021-11-10 23:29:00-05:00,2021-11-10 23:29:00-05:00,2021-11-11 03:29:00-05:00,L,15983.5,16028.5,,21.60164672584793,88.0,2.0368817506561117,time,1,L
2021-11-11 23:29:00-05:00,2021-11-11 23:29:00-05:00,2021-11-12 03:29:00-05:00,L,16059.75,16059.75,,21.040814816858795,-2.0,-0.04752667654290448,time,1,L
2021-11-14 23:29:00-05:00,2021-11-14 23:29:00-05:00,2021-11-15 03:29:00-05:00,L,16217.75,16230.0,,21.05039947279745,22.5,0.5344316631395952,time,1,L
2021-11-15 23:29:00-05:00,2021-11-15 23:29:00-05:00,2021-11-16 03:29:00-05:00,L,16190.0,16183.25,,20.93072808188335,-15.5,-0.3702690116502939,time,1,L
2021-11-16 23:29:00-05:00,2021-11-16 23:29:00-05:00,2021-11-17 03:29:00-05:00,L,16287.0,16321.25,,20.730318933177394,66.5,1.6039309432324147,time,1,L
2021-11-17 23:29:00-05:00,2021-11-17 23:29:00-05:00,2021-11-18 03:29:00-05:00,L,16343.0,16380.5,,20.17101043795044,73.0,1.8095275946775395,time,1,L
2021-11-18 23:29:00-05:00,2021-11-18 23:29:00-05:00,2021-11-19 03:29:00-05:00,L,16574.0,16556.0,,20.196295406668266,-38.0,-0.9407665919625398,time,1,L
2021-11-21 23:29:00-05:00,2021-11-21 23:29:00-05:00,2021-11-22 03:29:00-05:00,L,16625.0,16623.0,,19.742988591906247,-6.0,-0.15195267859445896,time,1,L
2021-11-22 23:29:00-05:00,2021-11-22 23:29:00-05:00,2021-11-23 03:29:00-05:00,L,16346.75,16295.5,,21.209560835341517,-104.5,-2.4635116401342816,time,1,L
2021-11-23 23:29:00-05:00,2021-11-23 23:29:00-05:00,2021-11-24 03:29:00-05:00,L,16276.5,16300.0,,21.83923506138855,45.0,1.030255864582898,time,1,L
2021-11-24 23:29:00-05:00,2021-11-24 23:29:00-05:00,2021-11-25 03:29:00-05:00,L,16390.25,16422.0,,22.182861128432226,61.5,1.3862053150838642,time,1,L
2021-11-25 23:29:00-05:00,2021-11-25 23:29:00-05:00,2021-11-26 03:29:00-05:00,L,16286.5,16174.25,,21.194799619258497,-226.5,-5.343291846793221,time,1,L
2021-11-28 23:29:00-05:00,2021-11-28 23:29:00-05:00,2021-11-29 03:29:00-05:00,L,16246.75,16201.75,,22.720171075025746,-92.0,-2.0246326424259933,time,1,L
2021-11-29 23:29:00-05:00,2021-11-29 23:29:00-05:00,2021-11-30 03:29:00-05:00,L,16404.0,16335.0,,23.95980171252391,-140.0,-2.921560071317729,time,1,L
2021-11-30 23:29:00-05:00,2021-11-30 23:29:00-05:00,2021-12-01 03:29:00-05:00,L,16337.0,16339.5,,25.021601590200774,3.0,0.059948200941199785,time,1,L
2021-12-01 23:29:00-05:00,2021-12-01 23:29:00-05:00,2021-12-02 03:29:00-05:00,L,15949.5,15949.5,,27.528987190900718,-2.0,-0.03632534655435978,time,1,L
2021-12-02 23:29:00-05:00,2021-12-02 23:29:00-05:00,2021-12-03 03:29:00-05:00,L,15952.75,15960.25,,27.72870239155067,13.0,0.23441414272528824,time,1,L
2021-12-05 23:29:00-05:00,2021-12-05 23:29:00-05:00,2021-12-06 03:29:00-05:00,L,15740.75,15761.25,,29.917723649297052,39.0,0.6517875567200171,time,1,L
2021-12-06 23:29:00-05:00,2021-12-06 23:29:00-05:00,2021-12-07 03:29:00-05:00,L,15887.5,16070.0,,30.19324338863298,363.0,6.011278671317912,time,1,L
2021-12-07 23:29:00-05:00,2021-12-07 23:29:00-05:00,2021-12-08 03:29:00-05:00,L,16407.5,16385.0,,31.965154575159193,-47.0,-0.7351755470083775,time,1,L
2021-12-08 23:29:00-05:00,2021-12-08 23:29:00-05:00,2021-12-09 03:29:00-05:00,L,16367.5,16376.25,,30.99978639121925,15.5,0.2500017226633279,time,1,L
2021-12-09 23:29:00-05:00,2021-12-09 23:29:00-05:00,2021-12-10 03:29:00-05:00,L,16175.75,16170.75,,30.92658736327502,-12.0,-0.19400782664837227,time,1,L
2021-12-13 23:29:00-05:00,2021-12-13 23:29:00-05:00,2021-12-14 03:29:00-05:00,L,16095.25,16124.25,,30.550986042823872,56.0,0.9165006969251955,time,1,L
2021-12-14 23:29:00-05:00,2021-12-14 23:29:00-05:00,2021-12-15 03:29:00-05:00,L,15924.5,15936.0,,31.21520132547931,21.0,0.33637457245644636,time,1,L
2021-12-15 23:29:00-05:00,2021-12-15 23:29:00-05:00,2021-12-16 03:29:00-05:00,L,16325.5,16382.0,,32.983758373659356,111.0,1.6826463306959583,time,1,L
2021-12-16 23:29:00-05:00,2021-12-16 23:29:00-05:00,2021-12-17 03:29:00-05:00,L,15793.5,15839.25,,35.37241848982654,89.5,1.2651099899451472,time,1,L
2021-12-19 23:29:00-05:00,2021-12-19 23:29:00-05:00,2021-12-20 03:29:00-05:00,L,15630.5,15579.25,,35.02974574055322,-104.5,-1.4915894733289843,time,1,L
2021-12-20 23:29:00-05:00,2021-12-20 23:29:00-05:00,2021-12-21 03:29:00-05:00,L,15767.0,15747.0,,35.09904961622799,-42.0,-0.5983067983211342,time,1,L
2021-12-21 23:29:00-05:00,2021-12-21 23:29:00-05:00,2021-12-22 03:29:00-05:00,L,15928.5,15919.0,,35.31876035792598,-21.0,-0.297292427412268,time,1,L
2021-12-22 23:29:00-05:00,2021-12-22 23:29:00-05:00,2021-12-23 03:29:00-05:00,L,16173.75,16167.0,,34.945991760931264,-15.5,-0.22177078427244135,time,1,L
2021-12-26 23:29:00-05:00,2021-12-26 23:29:00-05:00,2021-12-27 03:29:00-05:00,L,16335.0,16323.0,,33.953420920864744,-26.0,-0.38287747294445257,time,1,L
2021-12-27 23:29:00-05:00,2021-12-27 23:29:00-05:00,2021-12-28 03:29:00-05:00,L,16553.25,16586.0,,33.515676569374406,63.5,0.9473178897129044,time,1,L
2021-12-28 23:29:00-05:00,2021-12-28 23:29:00-05:00,2021-12-29 03:29:00-05:00,L,16536.0,16543.5,,32.587771100133374,13.0,0.19946132492545332,time,1,L
2021-12-29 23:29:00-05:00,2021-12-29 23:29:00-05:00,2021-12-30 03:29:00-05:00,L,16482.5,16508.25,,31.519001735838135,49.5,0.7852406052523688,time,1,L
2021-12-30 23:29:00-05:00,2021-12-30 23:29:00-05:00,2021-12-31 03:29:00-05:00,L,16401.25,16423.5,,30.38371589756398,42.5,0.6993877928441176,time,1,L
2022-01-02 23:29:00-05:00,2022-01-02 23:29:00-05:00,2022-01-03 03:29:00-05:00,L,16405.5,16405.5,,29.290236190595124,-2.0,-0.03414106986003385,time,1,L
2022-01-03 23:29:00-05:00,2022-01-03 23:29:00-05:00,2022-01-04 03:29:00-05:00,L,16517.5,16515.5,,28.74271931983833,-6.0,-0.10437425793353482,time,1,L
2022-01-04 23:29:00-05:00,2022-01-04 23:29:00-05:00,2022-01-05 03:29:00-05:00,L,16211.5,16218.75,,29.72002508270702,12.5,0.21029591942157017,time,1,L
2022-01-05 23:29:00-05:00,2022-01-05 23:29:00-05:00,2022-01-06 03:29:00-05:00,L,15661.75,15710.0,,31.298951862513658,94.5,1.5096352174205139,time,1,L
2022-01-06 23:29:00-05:00,2022-01-06 23:29:00-05:00,2022-01-07 03:29:00-05:00,L,15784.0,15720.25,,31.18652672947697,-129.5,-2.0762170972633323,time,1,L
2022-01-09 23:29:00-05:00,2022-01-09 23:29:00-05:00,2022-01-10 03:29:00-05:00,L,15630.0,15586.5,,31.408917677371473,-89.0,-1.416795078935814,time,1,L
2022-01-10 23:29:00-05:00,2022-01-10 23:29:00-05:00,2022-01-11 03:29:00-05:00,L,15594.75,15612.5,,32.85292355755923,33.5,0.5098480800545357,time,1,L
2022-01-11 23:29:00-05:00,2022-01-11 23:29:00-05:00,2022-01-12 03:29:00-05:00,L,15830.75,15801.0,,33.117000446305006,-61.5,-0.928526122100255,time,1,L
2022-01-12 23:29:00-05:00,2022-01-12 23:29:00-05:00,2022-01-13 03:29:00-05:00,L,15851.0,15908.5,,32.51578612871179,113.0,1.7376175306464416,time,1,L
2022-01-13 23:29:00-05:00,2022-01-13 23:29:00-05:00,2022-01-14 03:29:00-05:00,L,15502.25,15526.75,,33.91465854808953,47.0,0.6929157186317536,time,1,L
2022-01-16 23:29:00-05:00,2022-01-16 23:29:00-05:00,2022-01-17 03:29:00-05:00,L,15544.5,15566.5,,33.69039722322599,42.0,0.6233230157797814,time,1,L
2022-01-17 23:29:00-05:00,2022-01-17 23:29:00-05:00,2022-01-18 03:29:00-05:00,L,15426.0,15327.5,,32.3285831358527,-199.0,-3.0777717533080984,time,1,L
2022-01-18 23:29:00-05:00,2022-01-18 23:29:00-05:00,2022-01-19 03:29:00-05:00,L,15108.5,15110.5,,33.10511291186323,2.0,0.030206814357115502,time,1,L
2022-01-19 23:29:00-05:00,2022-01-19 23:29:00-05:00,2022-01-20 03:29:00-05:00,L,15115.0,15079.75,,33.32081913244443,-72.5,-1.0879084291389294,time,1,L
2022-01-20 23:29:00-05:00,2022-01-20 23:29:00-05:00,2022-01-21 03:29:00-05:00,L,14655.75,14749.5,,35.896117765841254,185.5,2.583844877182259,time,1,L
2022-01-23 23:29:00-05:00,2022-01-23 23:29:00-05:00,2022-01-24 03:29:00-05:00,L,14541.0,14563.25,,36.54818078256688,42.5,0.5814242882955214,time,1,L
2022-01-24 23:29:00-05:00,2022-01-24 23:29:00-05:00,2022-01-25 03:29:00-05:00,L,14263.25,14175.0,,40.176882155240676,-178.5,-2.2214267313014537,time,1,L
2022-01-25 23:29:00-05:00,2022-01-25 23:29:00-05:00,2022-01-26 03:29:00-05:00,L,14223.5,14297.75,,41.683890572723485,146.5,1.7572735892347895,time,1,L
2022-01-26 23:29:00-05:00,2022-01-26 23:29:00-05:00,2022-01-27 03:29:00-05:00,L,13928.25,14080.75,,43.85468410324324,303.0,3.4545910681590324,time,1,L
2022-01-27 23:29:00-05:00,2022-01-27 23:29:00-05:00,2022-01-28 03:29:00-05:00,L,14114.0,14030.5,,44.75434952444015,-169.0,-1.8880846420045705,time,1,L
2022-01-30 23:29:00-05:00,2022-01-30 23:29:00-05:00,2022-01-31 03:29:00-05:00,L,14490.5,14468.75,,45.92725312983728,-45.5,-0.49534858824857836,time,1,L
2022-01-31 23:29:00-05:00,2022-01-31 23:29:00-05:00,2022-02-01 03:29:00-05:00,L,14871.25,14946.75,,46.65387790627748,149.0,1.596866184407271,time,1,L
2022-02-01 23:29:00-05:00,2022-02-01 23:29:00-05:00,2022-02-02 03:29:00-05:00,L,15144.75,15176.0,,46.241100912971945,60.5,0.6541799265751048,time,1,L
2022-02-02 23:29:00-05:00,2022-02-02 23:29:00-05:00,2022-02-03 03:29:00-05:00,L,14784.5,14821.0,,46.05423656204538,71.0,0.7708302786036534,time,1,L
2022-02-03 23:29:00-05:00,2022-02-03 23:29:00-05:00,2022-02-04 03:29:00-05:00,L,14762.25,14724.0,,45.71821966475642,-78.5,-0.8585198699296096,time,1,L
2022-02-06 23:29:00-05:00,2022-02-06 23:29:00-05:00,2022-02-07 03:29:00-05:00,L,14697.75,14627.0,,45.75620397441668,-143.5,-1.5680933680625482,time,1,L
2022-02-07 23:29:00-05:00,2022-02-07 23:29:00-05:00,2022-02-08 03:29:00-05:00,L,14576.75,14584.75,,44.59683226195834,14.0,0.15696182094016323,time,1,L
2022-02-08 23:29:00-05:00,2022-02-08 23:29:00-05:00,2022-02-09 03:29:00-05:00,L,14806.75,14798.25,,43.61134424324703,-19.0,-0.21783323043226352,time,1,L
2022-02-09 23:29:00-05:00,2022-02-09 23:29:00-05:00,2022-02-10 03:29:00-05:00,L,15000.25,14994.75,,42.83910536872939,-13.0,-0.15173052621086494,time,1,L
2022-02-10 23:29:00-05:00,2022-02-10 23:29:00-05:00,2022-02-11 03:29:00-05:00,L,14627.25,14634.5,,42.91845498524872,12.5,0.1456249998316145,time,1,L
2022-02-13 23:29:00-05:00,2022-02-13 23:29:00-05:00,2022-02-14 03:29:00-05:00,L,14277.75,14117.5,,44.036779629159525,-322.5,-3.66171189986895,time,1,L
2022-02-14 23:29:00-05:00,2022-02-14 23:29:00-05:00,2022-02-15 03:29:00-05:00,L,14272.5,14447.0,,43.4859382270767,347.0,3.9897954850142683,time,1,L
2022-02-15 23:29:00-05:00,2022-02-15 23:29:00-05:00,2022-02-16 03:29:00-05:00,L,14554.25,14640.25,,43.1780140679998,170.0,1.9685944764883345,time,1,L
2022-02-16 23:29:00-05:00,2022-02-16 23:29:00-05:00,2022-02-17 03:29:00-05:00,L,14487.75,14493.0,,42.147441634571244,8.5,0.10083648817521482,time,1,L
2022-02-17 23:29:00-05:00,2022-02-17 23:29:00-05:00,2022-02-18 03:29:00-05:00,L,14289.5,14259.25,,42.610124374959014,-62.5,-0.7333937757376016,time,1,L
2022-02-20 23:29:00-05:00,2022-02-20 23:29:00-05:00,2022-02-21 03:29:00-05:00,L,14035.5,14092.75,,42.3736869196048,112.5,1.32747476297549,time,1,L
2022-02-21 23:29:00-05:00,2022-02-21 23:29:00-05:00,2022-02-22 03:29:00-05:00,L,13697.5,13702.75,,42.48449499677589,8.5,0.10003649567501106,time,1,L
2022-02-22 23:29:00-05:00,2022-02-22 23:29:00-05:00,2022-02-23 03:29:00-05:00,L,13950.0,13998.25,,43.13917392557761,94.5,1.0952921834227578,time,1,L
2022-02-23 23:29:00-05:00,2022-02-23 23:29:00-05:00,2022-02-24 03:29:00-05:00,L,13137.0,13164.25,,44.32744721660779,52.5,0.592183887146227,time,1,L
2022-02-24 23:29:00-05:00,2022-02-24 23:29:00-05:00,2022-02-25 03:29:00-05:00,L,13895.25,13771.5,,48.002272415421515,-249.5,-2.5988352993039143,time,1,L
2022-02-27 23:29:00-05:00,2022-02-27 23:29:00-05:00,2022-02-28 03:29:00-05:00,L,13820.0,13978.5,,47.70746724289141,315.0,3.3013699762790925,time,1,L
2022-02-28 23:29:00-05:00,2022-02-28 23:29:00-05:00,2022-03-01 03:29:00-05:00,L,14199.0,14230.5,,48.59621958268488,61.0,0.6276208368040902,time,1,L
2022-03-01 23:29:00-05:00,2022-03-01 23:29:00-05:00,2022-03-02 03:29:00-05:00,L,14040.5,14035.75,,48.17863246963597,-11.5,-0.11934751372662708,time,1,L
2022-03-02 23:29:00-05:00,2022-03-02 23:29:00-05:00,2022-03-03 03:29:00-05:00,L,14233.0,14218.5,,47.46051586466197,-31.0,-0.3265872634886582,time,1,L
2022-03-03 23:29:00-05:00,2022-03-03 23:29:00-05:00,2022-03-04 03:29:00-05:00,L,13894.0,14019.75,,47.18655044575755,249.5,2.643761809700502,time,1,L
2022-03-06 23:29:00-05:00,2022-03-06 23:29:00-05:00,2022-03-07 03:29:00-05:00,L,13596.75,13573.0,,46.333939699632005,-49.5,-0.5341656712217064,time,1,L
2022-03-07 23:29:00-05:00,2022-03-07 23:29:00-05:00,2022-03-08 03:29:00-05:00,L,13285.25,13357.0,,47.41544400680115,141.5,1.4921298636337097,time,1,L
2022-03-08 23:29:00-05:00,2022-03-08 23:29:00-05:00,2022-03-09 03:29:00-05:00,L,13339.0,13366.0,,48.03576943488679,52.0,0.5412633191031403,time,1,L
2022-03-09 23:29:00-05:00,2022-03-09 23:29:00-05:00,2022-03-10 03:29:00-05:00,L,13705.0,13619.5,,49.10821447525201,-173.0,-1.761416107759151,time,1,L
2022-03-10 23:29:00-05:00,2022-03-10 23:29:00-05:00,2022-03-11 03:29:00-05:00,L,13501.75,13559.0,,48.341556298448296,112.5,1.1635951406431149,time,1,L
2022-03-13 23:29:00-04:00,2022-03-13 23:29:00-04:00,2022-03-14 03:29:00-04:00,L,13326.75,13379.75,,49.02787370570199,104.0,1.0606211542466373,time,1,L
2022-03-14 23:29:00-04:00,2022-03-14 23:29:00-04:00,2022-03-15 03:29:00-04:00,L,13117.0,12981.5,,48.62231129815186,-273.0,-2.807353175026634,time,1,L
2022-03-16 23:29:00-04:00,2022-03-16 23:29:00-04:00,2022-03-17 03:29:00-04:00,L,13938.75,13969.0,,50.07433984381461,58.5,0.5841315150880233,time,1,L
2022-03-17 23:29:00-04:00,2022-03-17 23:29:00-04:00,2022-03-18 03:29:00-04:00,L,13979.25,14005.0,,48.73688699782785,49.5,0.5078289058778637,time,1,L
2022-03-20 23:29:00-04:00,2022-03-20 23:29:00-04:00,2022-03-21 03:29:00-04:00,L,14363.0,14323.5,,48.64139506941157,-81.0,-0.8326241453849391,time,1,L
2022-03-21 23:29:00-04:00,2022-03-21 23:29:00-04:00,2022-03-22 03:29:00-04:00,L,14332.75,14368.0,,47.18843827873931,68.5,0.7258133824579504,time,1,L
2022-03-22 23:29:00-04:00,2022-03-22 23:29:00-04:00,2022-03-23 03:29:00-04:00,L,14655.25,14654.75,,46.671406973115076,-3.0,-0.032139592467483796,time,1,L
2022-03-23 23:29:00-04:00,2022-03-23 23:29:00-04:00,2022-03-24 03:29:00-04:00,L,14493.75,14519.75,,45.06094933217829,50.0,0.5548041124412653,time,1,L
2022-03-24 23:29:00-04:00,2022-03-24 23:29:00-04:00,2022-03-25 03:29:00-04:00,L,14751.0,14765.75,,44.247667237022696,27.5,0.31075084538005127,time,1,L
2022-03-27 23:29:00-04:00,2022-03-27 23:29:00-04:00,2022-03-28 03:29:00-04:00,L,14710.0,14723.25,,43.00676243437822,24.5,0.28483892547576994,time,1,L
2022-03-28 23:29:00-04:00,2022-03-28 23:29:00-04:00,2022-03-29 03:29:00-04:00,L,14969.0,15030.25,,42.347350831922626,120.5,1.4227572402139936,time,1,L
2022-03-29 23:29:00-04:00,2022-03-29 23:29:00-04:00,2022-03-30 03:29:00-04:00,L,15228.75,15185.5,,41.55646862964244,-88.5,-1.0648161756563754,time,1,L
2022-03-30 23:29:00-04:00,2022-03-30 23:29:00-04:00,2022-03-31 03:29:00-04:00,L,15157.75,15167.75,,40.37743515609655,18.0,0.2228967730418384,time,1,L
2022-03-31 23:29:00-04:00,2022-03-31 23:29:00-04:00,2022-04-01 03:29:00-04:00,L,14928.5,14930.0,,39.8183326449468,1.0,0.012557030060962465,time,1,L
2022-04-03 23:29:00-04:00,2022-04-03 23:29:00-04:00,2022-04-04 03:29:00-04:00,L,14844.75,14835.0,,38.643808884593454,-21.5,-0.27818168835540996,time,1,L
2022-04-04 23:29:00-04:00,2022-04-04 23:29:00-04:00,2022-04-05 03:29:00-04:00,L,15151.0,15173.25,,38.54067967855107,42.5,0.551365470905958,time,1,L
2022-04-05 23:29:00-04:00,2022-04-05 23:29:00-04:00,2022-04-06 03:29:00-04:00,L,14797.75,14819.25,,38.782416844368846,41.0,0.5285900587955897,time,1,L
2022-04-06 23:29:00-04:00,2022-04-06 23:29:00-04:00,2022-04-07 03:29:00-04:00,L,14459.75,14554.0,,39.35867278405679,186.5,2.3692363945202244,time,1,L
2022-04-07 23:29:00-04:00,2022-04-07 23:29:00-04:00,2022-04-08 03:29:00-04:00,L,14545.25,14603.5,,38.802696156624165,114.5,1.475412939578082,time,1,L
2022-04-10 23:29:00-04:00,2022-04-10 23:29:00-04:00,2022-04-11 03:29:00-04:00,L,14209.75,14299.0,,38.40250357400815,176.5,2.298027258299117,time,1,L
2022-04-11 23:29:00-04:00,2022-04-11 23:29:00-04:00,2022-04-12 03:29:00-04:00,L,13926.0,13956.75,,38.482681890150424,59.5,0.7730750181321032,time,1,L
2022-04-12 23:29:00-04:00,2022-04-12 23:29:00-04:00,2022-04-13 03:29:00-04:00,L,14047.75,14050.0,,38.6196331837111,2.5,0.03236695682876714,time,1,L
2022-04-13 23:29:00-04:00,2022-04-13 23:29:00-04:00,2022-04-14 03:29:00-04:00,L,14248.5,14252.0,,38.32715938487459,5.0,0.06522789687843651,time,1,L
2022-04-17 23:29:00-04:00,2022-04-17 23:29:00-04:00,2022-04-18 03:29:00-04:00,L,13756.0,13781.75,,38.58950514309783,49.5,0.6413660892572192,time,1,L
2022-04-18 23:29:00-04:00,2022-04-18 23:29:00-04:00,2022-04-19 03:29:00-04:00,L,13989.75,13929.25,,37.78311191859084,-123.0,-1.6277113471360065,time,1,L
2022-04-19 23:29:00-04:00,2022-04-19 23:29:00-04:00,2022-04-20 03:29:00-04:00,L,14100.5,14120.5,,38.03253249583435,38.0,0.4995723070000937,time,1,L
2022-04-20 23:29:00-04:00,2022-04-20 23:29:00-04:00,2022-04-21 03:29:00-04:00,L,14085.0,14108.75,,37.7427087461319,45.5,0.602765428232057,time,1,L
2022-04-21 23:29:00-04:00,2022-04-21 23:29:00-04:00,2022-04-22 03:29:00-04:00,L,13676.5,13666.25,,39.445015264265336,-22.5,-0.28520714023380744,time,1,L
2022-04-24 23:29:00-04:00,2022-04-24 23:29:00-04:00,2022-04-25 03:29:00-04:00,L,13293.5,13309.25,,40.07929988824639,29.5,0.36802040058403235,time,1,L
2022-04-25 23:29:00-04:00,2022-04-25 23:29:00-04:00,2022-04-26 03:29:00-04:00,L,13579.25,13438.75,,39.83256418194307,-283.0,-3.5523698487918307,time,1,L
2022-04-26 23:29:00-04:00,2022-04-26 23:29:00-04:00,2022-04-27 03:29:00-04:00,L,13045.5,12986.5,,42.56952388323285,-120.0,-1.4094590337580124,time,1,L
2022-04-27 23:29:00-04:00,2022-04-27 23:29:00-04:00,2022-04-28 03:29:00-04:00,L,13176.0,13300.5,,42.684200748716215,247.0,2.8933422164104696,time,1,L
2022-04-28 23:29:00-04:00,2022-04-28 23:29:00-04:00,2022-04-29 03:29:00-04:00,L,13319.0,13353.0,,43.26925783809362,66.0,0.7626661895491834,time,1,L
2022-05-01 23:29:00-04:00,2022-05-01 23:29:00-04:00,2022-05-02 03:29:00-04:00,L,12942.0,12958.75,,44.476810849658364,31.5,0.35411711629321957,time,1,L
2022-05-02 23:29:00-04:00,2022-05-02 23:29:00-04:00,2022-05-03 03:29:00-04:00,L,13138.75,13090.25,,43.9784672175399,-99.0,-1.1255508236598557,time,1,L
2022-05-03 23:29:00-04:00,2022-05-03 23:29:00-04:00,2022-05-04 03:29:00-04:00,L,13114.0,13095.5,,42.380005273429916,-39.0,-0.4601226421325034,time,1,L
2022-05-04 23:29:00-04:00,2022-05-04 23:29:00-04:00,2022-05-05 03:29:00-04:00,L,13522.5,13427.25,,44.161790611042065,-192.5,-2.179485901007238,time,1,L
2022-05-05 23:29:00-04:00,2022-05-05 23:29:00-04:00,2022-05-06 03:29:00-04:00,L,12827.5,12801.0,,47.03416271025335,-55.0,-0.5846813978471239,time,1,L
2022-05-08 23:29:00-04:00,2022-05-08 23:29:00-04:00,2022-05-09 03:29:00-04:00,L,12587.25,12563.25,,46.603151088092396,-50.0,-0.5364444123690977,time,1,L
2022-05-09 23:29:00-04:00,2022-05-09 23:29:00-04:00,2022-05-10 03:29:00-04:00,L,12280.5,12389.5,,47.07435458180008,216.0,2.294242819884673,time,1,L
2022-05-10 23:29:00-04:00,2022-05-10 23:29:00-04:00,2022-05-11 03:29:00-04:00,L,12446.75,12402.0,,46.89404354024293,-91.5,-0.9756036491231311,time,1,L
2022-05-11 23:29:00-04:00,2022-05-11 23:29:00-04:00,2022-05-12 03:29:00-04:00,L,12032.0,11890.75,,47.939111858797006,-284.5,-2.967305702679525,time,1,L
2022-05-12 23:29:00-04:00,2022-05-12 23:29:00-04:00,2022-05-13 03:29:00-04:00,L,12124.5,12130.5,,47.68274672602579,10.0,0.10485973110418453,time,1,L
2022-05-15 23:29:00-04:00,2022-05-15 23:29:00-04:00,2022-05-16 03:29:00-04:00,L,12259.75,12276.25,,48.260764817023954,31.0,0.321171868261242,time,1,L
2022-05-16 23:29:00-04:00,2022-05-16 23:29:00-04:00,2022-05-17 03:29:00-04:00,L,12310.75,12349.75,,47.02249590152224,76.0,0.8081238409713986,time,1,L
2022-05-17 23:29:00-04:00,2022-05-17 23:29:00-04:00,2022-05-18 03:29:00-04:00,L,12519.5,12501.0,,46.15481762284208,-39.0,-0.42249110719807986,time,1,L
2022-05-18 23:29:00-04:00,2022-05-18 23:29:00-04:00,2022-05-19 03:29:00-04:00,L,11932.25,11817.5,,48.07411636406765,-231.5,-2.4077405629969264,time,1,L
2022-05-19 23:29:00-04:00,2022-05-19 23:29:00-04:00,2022-05-20 03:29:00-04:00,L,11986.0,12011.5,,47.30275090949139,49.0,0.5179402789253855,time,1,L
2022-05-22 23:29:00-04:00,2022-05-22 23:29:00-04:00,2022-05-23 03:29:00-04:00,L,11952.25,11992.0,,48.24719727309915,77.5,0.8031554616666939,time,1,L
2022-05-23 23:29:00-04:00,2022-05-23 23:29:00-04:00,2022-05-24 03:29:00-04:00,L,11864.0,11795.75,,46.88489746787778,-138.5,-1.4770214661863175,time,1,L
2022-05-24 23:29:00-04:00,2022-05-24 23:29:00-04:00,2022-05-25 03:29:00-04:00,L,11850.75,11836.5,,46.95383336302936,-30.5,-0.3247871133777884,time,1,L
2022-05-25 23:29:00-04:00,2022-05-25 23:29:00-04:00,2022-05-26 03:29:00-04:00,L,11886.75,11915.0,,46.18748812281298,54.5,0.5899866199162419,time,1,L
2022-05-26 23:29:00-04:00,2022-05-26 23:29:00-04:00,2022-05-27 03:29:00-04:00,L,12268.5,12255.25,,46.42409611404062,-28.5,-0.30695266451704145,time,1,L
2022-05-29 23:29:00-04:00,2022-05-29 23:29:00-04:00,2022-05-30 03:29:00-04:00,L,12776.25,12846.0,,46.69201782018058,137.5,1.4724144127754064,time,1,L
2022-05-30 23:29:00-04:00,2022-05-30 23:29:00-04:00,2022-05-31 03:29:00-04:00,L,12736.25,12661.75,,44.85330226159626,-151.0,-1.6832651375290972,time,1,L
2022-05-31 23:29:00-04:00,2022-05-31 23:29:00-04:00,2022-06-01 03:29:00-04:00,L,12676.5,12659.75,,44.11735210005367,-35.5,-0.40233602324420564,time,1,L
2022-06-01 23:29:00-04:00,2022-06-01 23:29:00-04:00,2022-06-02 03:29:00-04:00,L,12553.25,12619.5,,43.598255521478414,130.5,1.4966195142338892,time,1,L
2022-06-02 23:29:00-04:00,2022-06-02 23:29:00-04:00,2022-06-03 03:29:00-04:00,L,12896.0,12841.0,,43.780522984229954,-112.0,-1.2791076072839875,time,1,L
2022-06-05 23:29:00-04:00,2022-06-05 23:29:00-04:00,2022-06-06 03:29:00-04:00,L,12629.5,12666.75,,43.81048562821353,72.5,0.8274274863699606,time,1,L
2022-06-06 23:29:00-04:00,2022-06-06 23:29:00-04:00,2022-06-07 03:29:00-04:00,L,12534.25,12527.25,,42.70616522619827,-16.0,-0.18732658288626597,time,1,L
2022-06-07 23:29:00-04:00,2022-06-07 23:29:00-04:00,2022-06-08 03:29:00-04:00,L,12660.5,12646.75,,42.00215342432697,-29.5,-0.3511724708728157,time,1,L
2022-06-08 23:29:00-04:00,2022-06-08 23:29:00-04:00,2022-06-09 03:29:00-04:00,L,12593.25,12614.75,,40.4627138940179,41.0,0.5066392742141492,time,1,L
2022-06-09 23:29:00-04:00,2022-06-09 23:29:00-04:00,2022-06-10 03:29:00-04:00,L,12330.75,12267.0,,40.93323433015948,-129.5,-1.581844216797997,time,1,L
2022-06-12 23:29:00-04:00,2022-06-12 23:29:00-04:00,2022-06-13 03:29:00-04:00,L,11627.0,11590.75,,41.70050330657666,-74.5,-0.8932745901444609,time,1,L
2022-06-13 23:29:00-04:00,2022-06-13 23:29:00-04:00,2022-06-14 03:29:00-04:00,L,11384.75,11424.25,,43.05939592753547,77.0,0.8941137972486083,time,1,L
2022-06-15 23:29:00-04:00,2022-06-15 23:29:00-04:00,2022-06-16 03:29:00-04:00,L,11720.5,11430.25,,42.46907097833415,-582.5,-6.857931979453539,time,1,L
2022-06-16 23:29:00-04:00,2022-06-16 23:29:00-04:00,2022-06-17 03:29:00-04:00,L,11247.0,11264.0,,44.473065908453144,32.0,0.3597683153424965,time,1,L
2022-06-19 23:29:00-04:00,2022-06-19 23:29:00-04:00,2022-06-20 03:29:00-04:00,L,11352.0,11362.0,,43.267846914992205,18.0,0.20800665255385106,time,1,L
2022-06-20 23:29:00-04:00,2022-06-20 23:29:00-04:00,2022-06-21 03:29:00-04:00,L,11492.25,11488.5,,41.34514356392133,-9.5,-0.11488652815188076,time,1,L
2022-06-21 23:29:00-04:00,2022-06-21 23:29:00-04:00,2022-06-22 03:29:00-04:00,L,11473.25,11352.5,,40.391919023641236,-243.5,-3.0142167775871256,time,1,L
2022-06-22 23:29:00-04:00,2022-06-22 23:29:00-04:00,2022-06-23 03:29:00-04:00,L,11537.5,11514.0,,40.54963909338115,-49.0,-0.6041977326500815,time,1,L
2022-06-23 23:29:00-04:00,2022-06-23 23:29:00-04:00,2022-06-24 03:29:00-04:00,L,11817.5,11830.75,,39.844307729568214,24.5,0.3074466767786092,time,1,L
2022-06-26 23:29:00-04:00,2022-06-26 23:29:00-04:00,2022-06-27 03:29:00-04:00,L,12199.25,12209.0,,40.31792860602763,17.5,0.21702503830248496,time,1,L
2022-06-27 23:29:00-04:00,2022-06-27 23:29:00-04:00,2022-06-28 03:29:00-04:00,L,12024.5,12089.5,,39.35593370559708,128.0,1.6261842617876479,time,1,L
2022-06-28 23:29:00-04:00,2022-06-28 23:29:00-04:00,2022-06-29 03:29:00-04:00,L,11697.0,11679.0,,40.20729558376871,-38.0,-0.47255105632297517,time,1,L
2022-06-29 23:29:00-04:00,2022-06-29 23:29:00-04:00,2022-06-30 03:29:00-04:00,L,11669.25,11507.75,,38.656774470642375,-325.0,-4.2036616408182095,time,1,L
2022-06-30 23:29:00-04:00,2022-06-30 23:29:00-04:00,2022-07-01 03:29:00-04:00,L,11428.0,11442.5,,38.36879057988221,27.0,0.3518484631902475,time,1,L
2022-07-03 23:29:00-04:00,2022-07-03 23:29:00-04:00,2022-07-04 03:29:00-04:00,L,11531.5,11550.5,,37.39959125274776,36.0,0.48128868249803486,time,1,L
2022-07-04 23:29:00-04:00,2022-07-04 23:29:00-04:00,2022-07-05 03:29:00-04:00,L,11666.5,11654.5,,35.78354902040864,-26.0,-0.36329543479842186,time,1,L
2022-07-05 23:29:00-04:00,2022-07-05 23:29:00-04:00,2022-07-06 03:29:00-04:00,L,11792.5,11848.0,,36.286509804665165,109.0,1.501935575876003,time,1,L
2022-07-06 23:29:00-04:00,2022-07-06 23:29:00-04:00,2022-07-07 03:29:00-04:00,L,11900.0,11916.5,,35.44997339004623,31.0,0.43723587122218105,time,1,L
2022-07-07 23:29:00-04:00,2022-07-07 23:29:00-04:00,2022-07-08 03:29:00-04:00,L,12085.75,12086.5,,35.2856895764715,-0.5,-0.007085025204288484,time,1,L
2022-07-10 23:29:00-04:00,2022-07-10 23:29:00-04:00,2022-07-11 03:29:00-04:00,L,12041.75,12041.25,,34.60992603529497,-3.0,-0.04334016774466117,time,1,L
2022-07-11 23:29:00-04:00,2022-07-11 23:29:00-04:00,2022-07-12 03:29:00-04:00,L,11800.75,11778.75,,34.33957417563104,-46.0,-0.6697811650885837,time,1,L
2022-07-12 23:29:00-04:00,2022-07-12 23:29:00-04:00,2022-07-13 03:29:00-04:00,L,11808.0,11809.75,,34.12603316308597,1.5,0.021977356595060477,time,1,L
2022-07-13 23:29:00-04:00,2022-07-13 23:29:00-04:00,2022-07-14 03:29:00-04:00,L,11756.25,11714.0,,35.4027450800084,-86.5,-1.221656679510507,time,1,L
2022-07-14 23:29:00-04:00,2022-07-14 23:29:00-04:00,2022-07-15 03:29:00-04:00,L,11839.5,11816.75,,35.18647757429352,-47.5,-0.6749752074459205,time,1,L
2022-07-17 23:29:00-04:00,2022-07-17 23:29:00-04:00,2022-07-18 03:29:00-04:00,L,12094.0,12141.5,,34.67851489041541,93.0,1.3408878709754628,time,1,L
2022-07-18 23:29:00-04:00,2022-07-18 23:29:00-04:00,2022-07-19 03:29:00-04:00,L,11941.75,11946.75,,34.55147811252859,8.0,0.1157692874085631,time,1,L
2022-07-19 23:29:00-04:00,2022-07-19 23:29:00-04:00,2022-07-20 03:29:00-04:00,L,12349.75,12317.75,,35.22101539020513,-66.0,-0.9369406200928895,time,1,L
2022-07-20 23:29:00-04:00,2022-07-20 23:29:00-04:00,2022-07-21 03:29:00-04:00,L,12429.25,12438.0,,34.715942862333335,15.5,0.22324037203116612,time,1,L
2022-07-21 23:29:00-04:00,2022-07-21 23:29:00-04:00,2022-07-22 03:29:00-04:00,L,12543.25,12552.75,,34.25051837216667,17.0,0.24817142641868561,time,1,L
2022-07-24 23:29:00-04:00,2022-07-24 23:29:00-04:00,2022-07-25 03:29:00-04:00,L,12401.5,12413.75,,34.3219099170119,22.5,0.3277789618119083,time,1,L
2022-07-25 23:29:00-04:00,2022-07-25 23:29:00-04:00,2022-07-26 03:29:00-04:00,L,12313.75,12317.5,,33.52927349436819,5.5,0.08201788208927072,time,1,L
2022-07-26 23:29:00-04:00,2022-07-26 23:29:00-04:00,2022-07-27 03:29:00-04:00,L,12276.75,12299.0,,33.02003967334189,42.5,0.6435485908018393,time,1,L
2022-07-27 23:29:00-04:00,2022-07-27 23:29:00-04:00,2022-07-28 03:29:00-04:00,L,12571.75,12553.0,,34.23110826810319,-39.5,-0.5769605776510368,time,1,L
2022-07-28 23:29:00-04:00,2022-07-28 23:29:00-04:00,2022-07-29 03:29:00-04:00,L,12904.0,12926.75,,35.348529106095825,43.5,0.6153014156464358,time,1,L
2022-07-31 23:29:00-04:00,2022-07-31 23:29:00-04:00,2022-08-01 03:29:00-04:00,L,12912.0,12941.0,,34.73970559851755,56.0,0.8059941648208684,time,1,L
2022-08-01 23:29:00-04:00,2022-08-01 23:29:00-04:00,2022-08-02 03:29:00-04:00,L,12910.75,12862.25,,34.09579805576629,-99.0,-1.4517917990668223,time,1,L
2022-08-02 23:29:00-04:00,2022-08-02 23:29:00-04:00,2022-08-03 03:29:00-04:00,L,12922.75,12924.75,,33.66574105178298,2.0,0.029703786958434966,time,1,L
2022-08-03 23:29:00-04:00,2022-08-03 23:29:00-04:00,2022-08-04 03:29:00-04:00,L,13246.0,13267.0,,34.42711669094134,40.0,0.5809374098779092,time,1,L
2022-08-04 23:29:00-04:00,2022-08-04 23:29:00-04:00,2022-08-05 03:29:00-04:00,L,13366.25,13353.0,,33.19303692730268,-28.5,-0.4293069064819065,time,1,L
2022-08-07 23:29:00-04:00,2022-08-07 23:29:00-04:00,2022-08-08 03:29:00-04:00,L,13217.25,13287.5,,32.96139143249535,138.5,2.1009428604318305,time,1,L
2022-08-08 23:29:00-04:00,2022-08-08 23:29:00-04:00,2022-08-09 03:29:00-04:00,L,13213.25,13186.5,,32.74272061588854,-55.5,-0.8475166228714116,time,1,L
2022-08-09 23:29:00-04:00,2022-08-09 23:29:00-04:00,2022-08-10 03:29:00-04:00,L,13017.75,13017.25,,32.334312000467925,-3.0,-0.0463903484316689,time,1,L
2022-08-10 23:29:00-04:00,2022-08-10 23:29:00-04:00,2022-08-11 03:29:00-04:00,L,13446.5,13453.0,,33.069361143291644,11.0,0.1663170926153714,time,1,L
2022-08-11 23:29:00-04:00,2022-08-11 23:29:00-04:00,2022-08-12 03:29:00-04:00,L,13341.0,13377.0,,32.78583534734224,70.0,1.0675341844793729,time,1,L
2022-08-14 23:29:00-04:00,2022-08-14 23:29:00-04:00,2022-08-15 03:29:00-04:00,L,13547.25,13518.5,,32.377918536817795,-59.5,-0.9188360878161603,time,1,L
2022-08-15 23:29:00-04:00,2022-08-15 23:29:00-04:00,2022-08-16 03:29:00-04:00,L,13665.5,13638.75,,31.565210069902236,-55.5,-0.8791324353155476,time,1,L
2022-08-16 23:29:00-04:00,2022-08-16 23:29:00-04:00,2022-08-17 03:29:00-04:00,L,13646.75,13632.5,,30.865909350623504,-30.5,-0.4940725972712009,time,1,L
2022-08-17 23:29:00-04:00,2022-08-17 23:29:00-04:00,2022-08-18 03:29:00-04:00,L,13479.75,13441.0,,30.568344397007543,-79.5,-1.300364831138558,time,1,L
2022-08-18 23:29:00-04:00,2022-08-18 23:29:00-04:00,2022-08-19 03:29:00-04:00,L,13513.25,13449.25,,29.558105511507,-130.0,-2.1990583927882468,time,1,L
2022-08-21 23:29:00-04:00,2022-08-21 23:29:00-04:00,2022-08-22 03:29:00-04:00,L,13213.5,13133.0,,29.677169403542212,-163.0,-2.746218781575318,time,1,L
2022-08-22 23:29:00-04:00,2022-08-22 23:29:00-04:00,2022-08-23 03:29:00-04:00,L,12941.75,12917.75,,30.23058587471777,-50.0,-0.8269770259698415,time,1,L
2022-08-23 23:29:00-04:00,2022-08-23 23:29:00-04:00,2022-08-24 03:29:00-04:00,L,12839.5,12855.0,,29.467686883666506,29.0,0.49206441134126244,time,1,L
2022-08-24 23:29:00-04:00,2022-08-24 23:29:00-04:00,2022-08-25 03:29:00-04:00,L,12972.0,13065.75,,28.693209249118894,185.5,3.2324721572526136,time,1,L
2022-08-25 23:29:00-04:00,2022-08-25 23:29:00-04:00,2022-08-26 03:29:00-04:00,L,13154.5,13139.75,,28.332980017038974,-31.5,-0.5558892848732543,time,1,L
2022-08-28 23:29:00-04:00,2022-08-28 23:29:00-04:00,2022-08-29 03:29:00-04:00,L,12467.75,12467.5,,31.057410015821905,-2.5,-0.040248043844068104,time,1,L
2022-08-29 23:29:00-04:00,2022-08-29 23:29:00-04:00,2022-08-30 03:29:00-04:00,L,12515.25,12574.0,,30.32830930040605,115.5,1.9041615352830372,time,1,L
2022-08-30 23:29:00-04:00,2022-08-30 23:29:00-04:00,2022-08-31 03:29:00-04:00,L,12444.5,12429.5,,31.10128720751991,-32.0,-0.5144481607221516,time,1,L
2022-08-31 23:29:00-04:00,2022-08-31 23:29:00-04:00,2022-09-01 03:29:00-04:00,L,12165.0,12137.25,,30.570838121268487,-57.5,-0.9404387241839566,time,1,L
2022-09-01 23:29:00-04:00,2022-09-01 23:29:00-04:00,2022-09-02 03:29:00-04:00,L,12278.0,12284.25,,30.4407782554636,10.5,0.17246602422386212,time,1,L
2022-09-04 23:29:00-04:00,2022-09-04 23:29:00-04:00,2022-09-05 03:29:00-04:00,L,12099.0,12100.0,,31.2771512372162,0.0,0.0,time,1,L
2022-09-05 23:29:00-04:00,2022-09-05 23:29:00-04:00,2022-09-06 03:29:00-04:00,L,12181.25,12238.5,,29.85378329170075,112.5,1.8841833026783346,time,1,L
2022-09-06 23:29:00-04:00,2022-09-06 23:29:00-04:00,2022-09-07 03:29:00-04:00,L,11958.75,11982.25,,29.9695844851507,45.0,0.7507611595732425,time,1,L
2022-09-07 23:29:00-04:00,2022-09-07 23:29:00-04:00,2022-09-08 03:29:00-04:00,L,12269.5,12258.75,,30.571757021925652,-23.5,-0.38434166513795914,time,1,L
2022-09-08 23:29:00-04:00,2022-09-08 23:29:00-04:00,2022-09-09 03:29:00-04:00,L,12387.25,12454.0,,30.263060091788105,131.5,2.172615717002171,time,1,L
2022-09-11 23:29:00-04:00,2022-09-11 23:29:00-04:00,2022-09-12 03:29:00-04:00,L,12587.25,12648.25,,30.137127228088957,120.0,1.9908997810540383,time,1,L
2022-09-12 23:29:00-04:00,2022-09-12 23:29:00-04:00,2022-09-13 03:29:00-04:00,L,12755.0,12782.75,,29.41840385465403,53.5,0.9092947439352022,time,1,L
2022-09-14 23:29:00-04:00,2022-09-14 23:29:00-04:00,2022-09-15 03:29:00-04:00,L,12239.75,12236.0,,32.842271691002715,-9.5,-0.14463067733835486,time,1,L
2022-09-15 23:29:00-04:00,2022-09-15 23:29:00-04:00,2022-09-16 03:29:00-04:00,L,11908.75,11893.0,,32.85532371307395,-33.5,-0.5098108345021345,time,1,L
2022-09-18 23:29:00-04:00,2022-09-18 23:29:00-04:00,2022-09-19 03:29:00-04:00,L,11885.5,11829.0,,31.90137201928296,-115.0,-1.8024303144467833,time,1,L
2022-09-19 23:29:00-04:00,2022-09-19 23:29:00-04:00,2022-09-20 03:29:00-04:00,L,12048.5,12067.25,,31.58163116076275,35.5,0.5620355677528376,time,1,L
2022-09-20 23:29:00-04:00,2022-09-20 23:29:00-04:00,2022-09-21 03:29:00-04:00,L,11932.25,11924.5,,31.211514649279696,-17.5,-0.28034525393345283,time,1,L
2022-09-21 23:29:00-04:00,2022-09-21 23:29:00-04:00,2022-09-22 03:29:00-04:00,L,11609.0,11644.5,,32.49640646004543,69.0,1.0616558493142312,time,1,L
2022-09-22 23:29:00-04:00,2022-09-22 23:29:00-04:00,2022-09-23 03:29:00-04:00,L,11546.75,11516.25,,32.21630599861361,-63.0,-0.9777657314701307,time,1,L
2022-09-25 23:29:00-04:00,2022-09-25 23:29:00-04:00,2022-09-26 03:29:00-04:00,L,11337.25,11393.5,,32.56692699871264,110.5,1.6965063974928927,time,1,L
2022-09-26 23:29:00-04:00,2022-09-26 23:29:00-04:00,2022-09-27 03:29:00-04:00,L,11388.75,11504.0,,32.24964649880459,228.5,3.542674491152483,time,1,L
2022-09-27 23:29:00-04:00,2022-09-27 23:29:00-04:00,2022-09-28 03:29:00-04:00,L,11240.25,11208.0,,32.33538603460426,-66.5,-1.02828523415236,time,1,L
2022-09-28 23:29:00-04:00,2022-09-28 23:29:00-04:00,2022-09-29 03:29:00-04:00,L,11524.25,11398.0,,33.3882156035611,-254.5,-3.811224939688836,time,1,L
2022-09-29 23:29:00-04:00,2022-09-29 23:29:00-04:00,2022-09-30 03:29:00-04:00,L,11211.75,11329.25,,34.394414489021024,233.0,3.387177881373377,time,1,L
2022-10-02 23:29:00-04:00,2022-10-02 23:29:00-04:00,2022-10-03 03:29:00-04:00,L,10977.75,11023.5,,34.312670596948095,89.5,1.3041829511218588,time,1,L
2022-10-03 23:29:00-04:00,2022-10-03 23:29:00-04:00,2022-10-04 03:29:00-04:00,L,11372.25,11465.5,,35.199265554308944,184.5,2.6207933190443273,time,1,L
2022-10-04 23:29:00-04:00,2022-10-04 23:29:00-04:00,2022-10-05 03:29:00-04:00,L,11587.75,11556.75,,35.49574658614402,-64.0,-0.9015164654260686,time,1,L
2022-10-05 23:29:00-04:00,2022-10-05 23:29:00-04:00,2022-10-06 03:29:00-04:00,L,11709.5,11658.25,,35.410336115705164,-104.5,-1.4755578661911126,time,1,L
2022-10-06 23:29:00-04:00,2022-10-06 23:29:00-04:00,2022-10-07 03:29:00-04:00,L,11535.25,11505.25,,34.48459782172622,-62.0,-0.8989520527471302,time,1,L
2022-10-09 23:29:00-04:00,2022-10-09 23:29:00-04:00,2022-10-10 03:29:00-04:00,L,11045.75,11064.0,,35.833912263031486,34.5,0.48138757145409944,time,1,L
2022-10-10 23:29:00-04:00,2022-10-10 23:29:00-04:00,2022-10-11 03:29:00-04:00,L,10945.5,10940.75,,35.12970424424352,-11.5,-0.1636791462866419,time,1,L
2022-10-11 23:29:00-04:00,2022-10-11 23:29:00-04:00,2022-10-12 03:29:00-04:00,L,10881.25,10897.0,,34.56686822679755,29.5,0.4267091801092133,time,1,L
2022-10-12 23:29:00-04:00,2022-10-12 23:29:00-04:00,2022-10-13 03:29:00-04:00,L,10851.0,10850.25,,33.3192347820263,-3.5,-0.05252221461412489,time,1,L
2022-10-13 23:29:00-04:00,2022-10-13 23:29:00-04:00,2022-10-14 03:29:00-04:00,L,11148.75,11100.5,,35.637503726167274,-98.5,-1.3819710936666303,time,1,L
2022-10-16 23:29:00-04:00,2022-10-16 23:29:00-04:00,2022-10-17 03:29:00-04:00,L,10790.25,10845.5,,36.856253460012475,108.5,1.4719347439603168,time,1,L
2022-10-17 23:29:00-04:00,2022-10-17 23:29:00-04:00,2022-10-18 03:29:00-04:00,L,11206.5,11294.25,,37.39509249858301,173.5,2.319823115915201,time,1,L
2022-10-18 23:29:00-04:00,2022-10-18 23:29:00-04:00,2022-10-19 03:29:00-04:00,L,11331.25,11230.5,,37.22580017725565,-203.5,-2.7333193515116854,time,1,L
2022-10-19 23:29:00-04:00,2022-10-19 23:29:00-04:00,2022-10-20 03:29:00-04:00,L,11038.5,11058.25,,36.94002873602311,37.5,0.5075794643796638,time,1,L
2022-10-20 23:29:00-04:00,2022-10-20 23:29:00-04:00,2022-10-21 03:29:00-04:00,L,11055.0,11068.25,,36.59431239773575,24.5,0.3347514735857685,time,1,L
2022-10-23 23:29:00-04:00,2022-10-23 23:29:00-04:00,2022-10-24 03:29:00-04:00,L,11376.25,11314.75,,37.18936151218319,-125.0,-1.6805881429162228,time,1,L
2022-10-24 23:29:00-04:00,2022-10-24 23:29:00-04:00,2022-10-25 03:29:00-04:00,L,11491.5,11474.25,,36.840121404170105,-36.5,-0.4953838180873692,time,1,L
2022-10-25 23:29:00-04:00,2022-10-25 23:29:00-04:00,2022-10-26 03:29:00-04:00,L,11497.5,11524.75,,36.36761273244367,52.5,0.7217960714969418,time,1,L
2022-10-26 23:29:00-04:00,2022-10-26 23:29:00-04:00,2022-10-27 03:29:00-04:00,L,11479.5,11440.25,,35.841354680126265,-80.5,-1.1230044276847129,time,1,L
2022-10-27 23:29:00-04:00,2022-10-27 23:29:00-04:00,2022-10-28 03:29:00-04:00,L,11152.25,11075.75,,37.66161506011725,-155.0,-2.057798102293033,time,1,L
2022-10-30 23:29:00-04:00,2022-10-30 23:29:00-04:00,2022-10-31 03:29:00-04:00,L,11557.5,11536.75,,39.00721398439459,-43.5,-0.5575891682164589,time,1,L
2022-10-31 23:29:00-04:00,2022-10-31 23:29:00-04:00,2022-11-01 03:29:00-04:00,L,11485.75,11508.5,,38.076341556937834,43.5,0.5712208450351229,time,1,L
2022-11-01 23:29:00-04:00,2022-11-01 23:29:00-04:00,2022-11-02 03:29:00-04:00,L,11377.5,11338.0,,37.71553144572799,-81.0,-1.0738281670053837,time,1,L
2022-11-02 23:29:00-04:00,2022-11-02 23:29:00-04:00,2022-11-03 03:29:00-04:00,L,10970.0,10927.75,,38.96085062817599,-86.5,-1.1100886993653611,time,1,L
2022-11-03 23:29:00-04:00,2022-11-03 23:29:00-04:00,2022-11-04 03:29:00-04:00,L,10744.5,10780.0,,38.23328986902056,69.0,0.9023549926828152,time,1,L
2022-11-06 23:29:00-05:00,2022-11-06 23:29:00-05:00,2022-11-07 03:29:00-05:00,L,10866.75,10877.5,,37.91841202123338,19.5,0.25713102106017094,time,1,L
2022-11-07 23:29:00-05:00,2022-11-07 23:29:00-05:00,2022-11-08 03:29:00-05:00,L,11003.75,10975.5,,37.08673973400242,-58.5,-0.7886915973145673,time,1,L
2022-11-08 23:29:00-05:00,2022-11-08 23:29:00-05:00,2022-11-09 03:29:00-05:00,L,11101.0,11125.25,,36.60375832443082,46.5,0.6351806771842337,time,1,L
2022-11-09 23:29:00-05:00,2022-11-09 23:29:00-05:00,2022-11-10 03:29:00-05:00,L,10870.0,10869.5,,36.437418444114336,-3.0,-0.041166472929486365,time,1,L
2022-11-10 23:29:00-05:00,2022-11-10 23:29:00-05:00,2022-11-11 03:29:00-05:00,L,11642.25,11743.0,,40.034745698106164,199.5,2.491585702884049,time,1,L
2022-11-13 23:29:00-05:00,2022-11-13 23:29:00-05:00,2022-11-14 03:29:00-05:00,L,11787.5,11790.5,,39.36976386252715,4.0,0.050800406296153476,time,1,L
2022-11-14 23:29:00-05:00,2022-11-14 23:29:00-05:00,2022-11-15 03:29:00-05:00,L,11804.75,11834.25,,37.961209300918064,57.0,0.7507663882380783,time,1,L
2022-11-15 23:29:00-05:00,2022-11-15 23:29:00-05:00,2022-11-16 03:29:00-05:00,L,11875.25,11941.25,,37.799694350852484,130.0,1.7195906241113317,time,1,L
2022-11-16 23:29:00-05:00,2022-11-16 23:29:00-05:00,2022-11-17 03:29:00-05:00,L,11758.75,11797.0,,36.93007332579159,74.5,1.0086630392359655,time,1,L
2022-11-17 23:29:00-05:00,2022-11-17 23:29:00-05:00,2022-11-18 03:29:00-05:00,L,11720.75,11691.0,,36.436853802520766,-61.5,-0.8439257726986478,time,1,L
2022-11-20 23:29:00-05:00,2022-11-20 23:29:00-05:00,2022-11-21 03:29:00-05:00,L,11682.25,11671.25,,35.530649959483576,-24.0,-0.3377365743008889,time,1,L
2022-11-21 23:29:00-05:00,2022-11-21 23:29:00-05:00,2022-11-22 03:29:00-05:00,L,11608.5,11562.75,,34.43560353380617,-93.5,-1.3576065235535808,time,1,L
2022-11-22 23:29:00-05:00,2022-11-22 23:29:00-05:00,2022-11-23 03:29:00-05:00,L,11726.5,11755.0,,33.64556042424859,55.0,0.817344090966027,time,1,L
2022-11-23 23:29:00-05:00,2022-11-23 23:29:00-05:00,2022-11-24 03:29:00-05:00,L,11890.5,11883.25,,32.47444896537369,-16.5,-0.2540458810801277,time,1,L
2022-11-24 23:29:00-05:00,2022-11-24 23:29:00-05:00,2022-11-25 03:29:00-05:00,L,11915.25,11893.75,,30.58877403927557,-45.0,-0.7355639677193438,time,1,L
2022-11-27 23:29:00-05:00,2022-11-27 23:29:00-05:00,2022-11-28 03:29:00-05:00,L,11689.0,11726.0,,29.528861607898747,72.0,1.2191462196554936,time,1,L
2022-11-28 23:29:00-05:00,2022-11-28 23:29:00-05:00,2022-11-29 03:29:00-05:00,L,11666.0,11684.25,,28.944657207334547,34.5,0.5959649090481841,time,1,L
2022-11-29 23:29:00-05:00,2022-11-29 23:29:00-05:00,2022-11-30 03:29:00-05:00,L,11543.0,11555.5,,28.58611026395351,23.0,0.4022932778826247,time,1,L
2022-11-30 23:29:00-05:00,2022-11-30 23:29:00-05:00,2022-12-01 03:29:00-05:00,L,12050.5,12022.75,,30.687102387956827,-57.5,-0.936875682706457,time,1,L
2022-12-01 23:29:00-05:00,2022-12-01 23:29:00-05:00,2022-12-02 03:29:00-05:00,L,12020.5,12030.0,,29.930880788817053,17.0,0.28398763337348293,time,1,L
2022-12-04 23:29:00-05:00,2022-12-04 23:29:00-05:00,2022-12-05 03:29:00-05:00,L,11990.25,11969.5,,30.134032161044406,-43.5,-0.7217752965737252,time,1,L
2022-12-05 23:29:00-05:00,2022-12-05 23:29:00-05:00,2022-12-06 03:29:00-05:00,L,11816.5,11801.25,,29.908387006684094,-32.5,-0.5433258569366632,time,1,L
2022-12-06 23:29:00-05:00,2022-12-06 23:29:00-05:00,2022-12-07 03:29:00-05:00,L,11590.75,11567.75,,30.229216506206654,-48.0,-0.793933908114103,time,1,L
2022-12-07 23:29:00-05:00,2022-12-07 23:29:00-05:00,2022-12-08 03:29:00-05:00,L,11490.75,11530.0,,29.3039153271919,76.5,1.305286326858404,time,1,L
2022-12-08 23:29:00-05:00,2022-12-08 23:29:00-05:00,2022-12-09 03:29:00-05:00,L,11685.75,11681.75,,29.00542137524962,-10.0,-0.17238156740817112,time,1,L
2022-12-11 23:29:00-05:00,2022-12-11 23:29:00-05:00,2022-12-12 03:29:00-05:00,L,11556.5,11563.5,,28.587176991303217,12.0,0.20988431288004822,time,1,L
2022-12-12 23:29:00-05:00,2022-12-12 23:29:00-05:00,2022-12-13 03:29:00-05:00,L,11683.0,11722.5,,27.932735777638698,77.0,1.3783111080304862,time,1,L
2022-12-14 23:29:00-05:00,2022-12-14 23:29:00-05:00,2022-12-15 03:29:00-05:00,L,11853.25,11729.0,,30.18498646133133,-250.5,-4.149413820690373,time,1,L
2022-12-15 23:29:00-05:00,2022-12-15 23:29:00-05:00,2022-12-16 03:29:00-05:00,L,11457.75,11340.75,,31.559273142664807,-236.0,-3.738996125372623,time,1,L
2022-12-18 23:29:00-05:00,2022-12-18 23:29:00-05:00,2022-12-19 03:29:00-05:00,L,11373.0,11396.25,,30.847896489617327,44.5,0.7212809472272712,time,1,L
2022-12-19 23:29:00-05:00,2022-12-19 23:29:00-05:00,2022-12-20 03:29:00-05:00,L,11068.25,11096.25,,30.64090388321609,54.0,0.8811750496299674,time,1,L
2022-12-20 23:29:00-05:00,2022-12-20 23:29:00-05:00,2022-12-21 03:29:00-05:00,L,11216.5,11216.0,,29.91298217727208,-3.0,-0.05014545160059975,time,1,L
2022-12-21 23:29:00-05:00,2022-12-21 23:29:00-05:00,2022-12-22 03:29:00-05:00,L,11373.75,11366.75,,29.267412021752644,-16.0,-0.27334155797766124,time,1,L
2022-12-22 23:29:00-05:00,2022-12-22 23:29:00-05:00,2022-12-23 03:29:00-05:00,L,11066.5,11042.75,,30.846525448770315,-49.5,-0.8023594113088885,time,1,L
2022-12-26 23:29:00-05:00,2022-12-26 23:29:00-05:00,2022-12-27 03:29:00-05:00,L,11162.0,11169.25,,30.26820220242958,12.5,0.20648732151981997,time,1,L
2022-12-27 23:29:00-05:00,2022-12-27 23:29:00-05:00,2022-12-28 03:29:00-05:00,L,10926.25,10942.25,,30.165116330827473,30.0,0.4972631245804491,time,1,L
2022-12-28 23:29:00-05:00,2022-12-28 23:29:00-05:00,2022-12-29 03:29:00-05:00,L,10792.75,10818.75,,29.712250878625504,50.0,0.8414037732154646,time,1,L
2022-12-29 23:29:00-05:00,2022-12-29 23:29:00-05:00,2022-12-30 03:29:00-05:00,L,11022.5,10964.25,,29.68994724443797,-118.5,-1.9956249673397357,time,1,L
