sig_time,entry_time,exit_time,side,entry,exit,stop,risk_pts,pnl,R,reason,parts,tag
2019-06-21 12:20:00-04:00,2019-06-21 12:20:00-04:00,2019-06-21 13:04:00-04:00,S,7753.75,7770.75,7770.5,16.75,-36.0,-1.0746268656716418,SL,1,S|swing
2019-06-24 13:08:00-04:00,2019-06-24 13:08:00-04:00,2019-06-24 13:44:00-04:00,S,7766.5,7759.5,7771.75,5.25,12.0,1.1428571428571428,TP,1,S|swing
2019-06-25 09:50:00-04:00,2019-06-25 09:50:00-04:00,2019-06-25 12:40:00-04:00,S,7718.5,7663.75,7755.5,37.0,107.5,1.4527027027027026,TP,1,S|swing
2019-06-26 09:44:00-04:00,2019-06-26 09:44:00-04:00,2019-06-26 13:28:00-04:00,L,7705.75,7665.25,7665.5,40.25,-83.0,-1.031055900621118,SL,1,L|swing
2019-06-27 11:26:00-04:00,2019-06-27 11:26:00-04:00,2019-06-27 12:33:00-04:00,S,7673.5,7695.0,7694.75,21.25,-45.0,-1.0588235294117647,SL,1,S|swing
2019-06-27 12:38:00-04:00,2019-06-27 12:38:00-04:00,2019-06-27 15:59:00-04:00,L,7692.0,7683.25,7679.25,12.75,-19.5,-0.7647058823529411,time,1,L|swing
2019-06-28 09:50:00-04:00,2019-06-28 09:50:00-04:00,2019-06-28 15:59:00-04:00,S,7674.75,7693.5,7710.5,35.75,-39.5,-0.5524475524475524,time,1,S|swing
2019-07-02 11:53:00-04:00,2019-07-02 11:53:00-04:00,2019-07-02 14:15:00-04:00,S,7783.25,7799.0,7798.75,15.5,-33.5,-1.0806451612903225,SL,1,S|swing
2019-07-03 10:41:00-04:00,2019-07-03 10:41:00-04:00,2019-07-03 13:04:00-04:00,L,7867.0,7886.5,7844.5,22.5,37.0,0.8222222222222222,time,1,L|swing
2019-07-04 10:56:00-04:00,2019-07-04 10:56:00-04:00,2019-07-04 12:49:00-04:00,L,7902.5,7902.75,7894.25,8.25,-1.5,-0.09090909090909091,time,1,L|swing
2019-07-10 12:17:00-04:00,2019-07-10 12:17:00-04:00,2019-07-10 12:24:00-04:00,L,7916.5,7909.5,7909.75,6.75,-16.0,-1.1851851851851851,SL,1,L|swing
2019-07-11 11:32:00-04:00,2019-07-11 11:32:00-04:00,2019-07-11 13:27:00-04:00,L,7949.5,7930.75,7931.0,18.5,-39.5,-1.0675675675675675,SL,1,L|swing
2019-07-12 09:59:00-04:00,2019-07-12 09:59:00-04:00,2019-07-12 10:44:00-04:00,L,7937.5,7924.25,7924.5,13.0,-28.5,-1.0961538461538463,SL,1,L|swing
2019-07-12 11:32:00-04:00,2019-07-12 11:32:00-04:00,2019-07-12 15:59:00-04:00,L,7945.5,7965.25,7928.25,17.25,37.5,1.0869565217391304,time,1,L|swing
2019-07-15 09:53:00-04:00,2019-07-15 09:53:00-04:00,2019-07-15 15:00:00-04:00,S,7966.75,7985.75,7985.5,18.75,-40.0,-1.0666666666666667,SL,1,S|swing
2019-07-16 13:56:00-04:00,2019-07-16 13:56:00-04:00,2019-07-16 15:59:00-04:00,S,7941.5,7948.75,7963.25,21.75,-16.5,-0.3793103448275862,time,1,S|swing
2019-07-17 09:53:00-04:00,2019-07-17 09:53:00-04:00,2019-07-17 10:14:00-04:00,L,7961.75,7944.5,7944.75,17.0,-36.5,-1.0735294117647058,SL,1,L|swing
2019-07-17 10:35:00-04:00,2019-07-17 10:35:00-04:00,2019-07-17 15:55:00-04:00,S,7944.25,7920.25,7960.75,16.5,46.0,1.393939393939394,TP,1,S|swing
2019-07-18 11:14:00-04:00,2019-07-18 11:14:00-04:00,2019-07-18 14:18:00-04:00,S,7866.5,7894.5,7894.25,27.75,-58.0,-1.045045045045045,SL,1,S|swing
2019-07-19 10:05:00-04:00,2019-07-19 10:05:00-04:00,2019-07-19 10:10:00-04:00,S,7949.5,7930.75,7962.5,13.0,35.5,1.3653846153846154,TP,1,S|swing
2019-07-19 13:17:00-04:00,2019-07-19 13:17:00-04:00,2019-07-19 14:10:00-04:00,S,7922.0,7900.0,7937.25,15.25,42.0,1.3770491803278688,TP,1,S|swing
2019-07-22 09:35:00-04:00,2019-07-22 09:35:00-04:00,2019-07-22 09:50:00-04:00,L,7884.25,7907.25,7868.25,16.0,44.0,1.375,TP,1,L|swing
2019-07-24 09:47:00-04:00,2019-07-24 09:47:00-04:00,2019-07-24 15:13:00-04:00,L,7971.0,8019.25,7938.25,32.75,94.5,1.4427480916030535,TP,1,L|swing
2019-07-26 09:47:00-04:00,2019-07-26 09:47:00-04:00,2019-07-26 15:59:00-04:00,L,8024.75,8028.0,7994.25,30.5,4.5,0.07377049180327869,time,1,L|swing
2019-07-29 09:38:00-04:00,2019-07-29 09:38:00-04:00,2019-07-29 09:57:00-04:00,S,8004.75,7970.75,8028.0,23.25,66.0,1.4193548387096775,TP,1,S|swing
2019-07-30 12:56:00-04:00,2019-07-30 12:56:00-04:00,2019-07-30 13:44:00-04:00,S,7960.5,7971.25,7971.0,10.5,-23.5,-1.119047619047619,SL,1,S|swing
2019-07-31 12:35:00-04:00,2019-07-31 12:35:00-04:00,2019-07-31 14:00:00-04:00,S,7975.25,7960.25,7985.75,10.5,28.0,1.3333333333333333,TP,1,S|swing
2019-08-01 09:41:00-04:00,2019-08-01 09:41:00-04:00,2019-08-01 11:02:00-04:00,L,7916.0,7999.5,7859.75,56.25,165.0,1.4666666666666666,TP,1,L|swing
2019-08-02 09:38:00-04:00,2019-08-02 09:38:00-04:00,2019-08-02 10:21:00-04:00,S,7745.0,7688.75,7783.0,38.0,110.5,1.4539473684210527,TP,1,S|swing
2019-08-02 13:11:00-04:00,2019-08-02 13:11:00-04:00,2019-08-02 15:26:00-04:00,S,7658.75,7700.25,7700.0,41.25,-85.0,-1.0303030303030303,SL,1,S|swing
2019-08-06 13:23:00-04:00,2019-08-06 13:23:00-04:00,2019-08-06 15:59:00-04:00,L,7494.0,7527.0,7454.25,39.75,64.0,0.8050314465408805,time,1,L|swing
2019-08-07 10:41:00-04:00,2019-08-07 10:41:00-04:00,2019-08-07 12:20:00-04:00,L,7507.75,7455.25,7455.5,52.25,-107.0,-1.0239234449760766,SL,1,L|swing
2019-08-07 13:11:00-04:00,2019-08-07 13:11:00-04:00,2019-08-07 13:42:00-04:00,L,7505.25,7543.25,7479.25,26.0,74.0,1.4230769230769231,TP,1,L|swing
2019-08-09 10:17:00-04:00,2019-08-09 10:17:00-04:00,2019-08-09 10:32:00-04:00,S,7667.25,7634.75,7689.5,22.25,63.0,1.4157303370786516,TP,1,S|swing
2019-08-12 09:41:00-04:00,2019-08-12 09:41:00-04:00,2019-08-12 10:25:00-04:00,S,7591.5,7629.25,7629.0,37.5,-77.5,-1.0333333333333334,SL,1,S|swing
2019-08-12 11:20:00-04:00,2019-08-12 11:20:00-04:00,2019-08-12 11:45:00-04:00,S,7594.5,7618.25,7618.0,23.5,-49.5,-1.053191489361702,SL,1,S|swing
2019-08-12 13:29:00-04:00,2019-08-12 13:29:00-04:00,2019-08-12 13:40:00-04:00,S,7606.75,7594.25,7615.75,9.0,23.0,1.2777777777777777,TP,1,S|swing
2019-08-14 14:41:00-04:00,2019-08-14 14:41:00-04:00,2019-08-14 15:04:00-04:00,S,7496.0,7540.75,7540.5,44.5,-91.5,-1.0280898876404494,SL,1,S|swing
2019-08-15 12:17:00-04:00,2019-08-15 12:17:00-04:00,2019-08-15 13:36:00-04:00,L,7509.75,7481.0,7481.25,28.5,-59.5,-1.043859649122807,SL,1,L|swing
2019-08-16 10:26:00-04:00,2019-08-16 10:26:00-04:00,2019-08-16 15:59:00-04:00,L,7596.0,7612.25,7561.25,34.75,30.5,0.43884892086330934,time,1,L|swing
2019-08-19 11:05:00-04:00,2019-08-19 11:05:00-04:00,2019-08-19 15:59:00-04:00,L,7731.0,7728.0,7708.25,22.75,-8.0,-0.17582417582417584,time,1,L|swing
2019-08-20 11:11:00-04:00,2019-08-20 11:11:00-04:00,2019-08-20 14:03:00-04:00,L,7738.25,7696.25,7696.5,41.75,-86.0,-1.029940119760479,SL,1,L|swing
2019-08-22 10:17:00-04:00,2019-08-22 10:17:00-04:00,2019-08-22 10:31:00-04:00,S,7736.75,7693.75,7766.0,29.25,84.0,1.435897435897436,TP,1,S|swing
2019-08-23 11:17:00-04:00,2019-08-23 11:17:00-04:00,2019-08-23 15:59:00-04:00,S,7589.0,7474.25,7724.25,135.25,227.5,0.8410351201478743,time,1,S|swing
2019-08-26 11:26:00-04:00,2019-08-26 11:26:00-04:00,2019-08-26 15:59:00-04:00,L,7558.0,7583.0,7531.0,27.0,48.0,0.8888888888888888,time,1,L|swing
2019-08-28 13:59:00-04:00,2019-08-28 13:59:00-04:00,2019-08-28 14:48:00-04:00,L,7581.75,7595.25,7572.25,9.5,25.0,1.3157894736842106,TP,1,L|swing
2019-08-29 09:41:00-04:00,2019-08-29 09:41:00-04:00,2019-08-29 10:37:00-04:00,L,7709.75,7681.0,7681.25,28.5,-59.5,-1.043859649122807,SL,1,L|swing
2019-08-29 11:35:00-04:00,2019-08-29 11:35:00-04:00,2019-08-29 15:59:00-04:00,L,7716.25,7707.25,7690.75,25.5,-20.0,-0.39215686274509803,time,1,L|swing
2019-09-02 10:50:00-04:00,2019-09-02 10:50:00-04:00,2019-09-02 11:05:00-04:00,L,7671.5,7662.0,7662.25,9.25,-21.0,-1.135135135135135,SL,1,L|swing
2019-09-02 11:29:00-04:00,2019-09-02 11:29:00-04:00,2019-09-02 11:49:00-04:00,S,7659.0,7643.25,7670.0,11.0,29.5,1.3409090909090908,TP,1,S|swing
2019-09-03 10:20:00-04:00,2019-09-03 10:20:00-04:00,2019-09-03 15:59:00-04:00,S,7612.0,7615.0,7677.0,65.0,-8.0,-0.06153846153846154,time,1,S|swing
2019-09-04 11:38:00-04:00,2019-09-04 11:38:00-04:00,2019-09-04 15:33:00-04:00,L,7698.5,7726.5,7679.25,19.25,54.0,1.4025974025974026,TP,1,L|swing
2019-09-05 14:41:00-04:00,2019-09-05 14:41:00-04:00,2019-09-05 15:01:00-04:00,L,7855.0,7866.5,7846.75,8.25,21.0,1.2727272727272727,TP,1,L|swing
2019-09-06 11:08:00-04:00,2019-09-06 11:08:00-04:00,2019-09-06 11:33:00-04:00,L,7872.25,7861.0,7861.25,11.0,-24.5,-1.1136363636363635,SL,1,L|swing
2019-09-06 12:08:00-04:00,2019-09-06 12:08:00-04:00,2019-09-06 12:49:00-04:00,S,7859.75,7847.5,7868.5,8.75,22.5,1.2857142857142858,TP,1,S|swing
2019-09-06 13:32:00-04:00,2019-09-06 13:32:00-04:00,2019-09-06 15:50:00-04:00,L,7873.5,7859.0,7859.25,14.25,-31.0,-1.087719298245614,SL,1,L|swing
2019-09-09 09:50:00-04:00,2019-09-09 09:50:00-04:00,2019-09-09 10:21:00-04:00,S,7868.75,7847.25,7883.75,15.0,41.0,1.3666666666666667,TP,1,S|swing
2019-09-09 11:29:00-04:00,2019-09-09 11:29:00-04:00,2019-09-09 11:42:00-04:00,L,7872.0,7863.75,7864.0,8.0,-18.5,-1.15625,SL,1,L|swing
2019-09-09 12:05:00-04:00,2019-09-09 12:05:00-04:00,2019-09-09 12:16:00-04:00,S,7858.25,7835.75,7873.75,15.5,43.0,1.3870967741935485,TP,1,S|swing
2019-09-10 14:14:00-04:00,2019-09-10 14:14:00-04:00,2019-09-10 15:55:00-04:00,S,7773.25,7802.5,7802.25,29.0,-60.5,-1.043103448275862,SL,1,S|swing
2019-09-12 10:11:00-04:00,2019-09-12 10:11:00-04:00,2019-09-12 15:59:00-04:00,L,7972.5,7920.5,7909.25,63.25,-106.0,-0.8379446640316206,time,1,L|swing
2019-09-13 11:47:00-04:00,2019-09-13 11:47:00-04:00,2019-09-13 15:59:00-04:00,S,7901.5,7893.5,7923.5,22.0,14.0,0.3181818181818182,time,1,S|swing
2019-09-18 09:47:00-04:00,2019-09-18 09:47:00-04:00,2019-09-18 14:01:00-04:00,S,7886.0,7855.25,7907.0,21.0,59.5,1.4166666666666667,TP,1,S|swing
2019-09-20 09:56:00-04:00,2019-09-20 09:56:00-04:00,2019-09-20 11:37:00-04:00,S,7927.75,7895.75,7949.75,22.0,62.0,1.4090909090909092,TP,1,S|swing
2019-09-23 11:35:00-04:00,2019-09-23 11:35:00-04:00,2019-09-23 15:59:00-04:00,L,7844.75,7839.5,7821.25,23.5,-12.5,-0.26595744680851063,time,1,L|swing
2019-09-24 09:53:00-04:00,2019-09-24 09:53:00-04:00,2019-09-24 10:06:00-04:00,L,7887.0,7865.75,7866.0,21.0,-44.5,-1.0595238095238095,SL,1,L|swing
2019-09-24 10:26:00-04:00,2019-09-24 10:26:00-04:00,2019-09-24 11:39:00-04:00,S,7854.25,7797.75,7892.5,38.25,111.0,1.4509803921568627,TP,1,S|swing
2019-09-25 10:02:00-04:00,2019-09-25 10:02:00-04:00,2019-09-25 10:54:00-04:00,S,7676.5,7740.0,7739.75,63.25,-129.0,-1.0197628458498025,SL,1,S|swing
2019-09-25 11:02:00-04:00,2019-09-25 11:02:00-04:00,2019-09-25 14:40:00-04:00,L,7744.75,7801.25,7706.5,38.25,111.0,1.4509803921568627,TP,1,L|swing
2019-09-26 13:38:00-04:00,2019-09-26 13:38:00-04:00,2019-09-26 13:44:00-04:00,S,7761.75,7772.5,7772.25,10.5,-23.5,-1.119047619047619,SL,1,S|swing
2019-09-27 11:44:00-04:00,2019-09-27 11:44:00-04:00,2019-09-27 15:59:00-04:00,S,7731.25,7699.0,7794.0,62.75,62.5,0.49800796812749004,time,1,S|swing
2019-09-30 10:05:00-04:00,2019-09-30 10:05:00-04:00,2019-09-30 12:30:00-04:00,L,7736.5,7775.25,7710.0,26.5,75.5,1.4245283018867925,TP,1,L|swing
2019-10-01 10:26:00-04:00,2019-10-01 10:26:00-04:00,2019-10-01 15:59:00-04:00,S,7768.0,7701.75,7840.25,72.25,130.5,0.903114186851211,time,1,S|swing
2019-10-03 10:08:00-04:00,2019-10-03 10:08:00-04:00,2019-10-03 11:03:00-04:00,S,7479.25,7584.75,7584.5,105.25,-213.0,-1.01187648456057,SL,1,S|swing
2019-10-03 11:17:00-04:00,2019-10-03 11:17:00-04:00,2019-10-03 15:59:00-04:00,L,7606.5,7652.0,7517.5,89.0,89.0,0.5,time,1,L|swing
2019-10-07 10:26:00-04:00,2019-10-07 10:26:00-04:00,2019-10-07 15:59:00-04:00,L,7760.5,7736.25,7730.5,30.0,-50.5,-0.8416666666666667,time,1,L|swing
2019-10-09 10:59:00-04:00,2019-10-09 10:59:00-04:00,2019-10-09 11:01:00-04:00,L,7691.75,7679.5,7679.75,12.0,-26.5,-1.1041666666666667,SL,1,L|swing
2019-10-09 11:47:00-04:00,2019-10-09 11:47:00-04:00,2019-10-09 15:59:00-04:00,L,7701.0,7701.0,7675.0,26.0,-2.0,-0.038461538461538464,time,1,L|swing
2019-10-11 09:47:00-04:00,2019-10-11 09:47:00-04:00,2019-10-11 15:59:00-04:00,L,7869.75,7851.75,7835.25,34.5,-38.0,-0.5507246376811594,time,1,L|swing
2019-10-14 14:08:00-04:00,2019-10-14 14:08:00-04:00,2019-10-14 15:59:00-04:00,L,7866.25,7853.75,7850.5,15.75,-27.0,-0.8571428571428571,time,1,L|swing
2019-10-15 09:35:00-04:00,2019-10-15 09:35:00-04:00,2019-10-15 10:27:00-04:00,L,7891.0,7919.25,7871.5,19.5,54.5,1.3974358974358974,TP,1,L|swing
2019-10-16 10:56:00-04:00,2019-10-16 10:56:00-04:00,2019-10-16 11:32:00-04:00,L,7946.25,7928.25,7928.5,17.75,-38.0,-1.0704225352112675,SL,1,L|swing
2019-10-16 12:11:00-04:00,2019-10-16 12:11:00-04:00,2019-10-16 15:59:00-04:00,S,7930.5,7933.75,7943.75,13.25,-8.5,-0.32075471698113206,time,1,S|swing
2019-10-17 09:53:00-04:00,2019-10-17 09:53:00-04:00,2019-10-17 10:27:00-04:00,L,7987.0,7965.5,7965.75,21.25,-45.0,-1.0588235294117647,SL,1,L|swing
2019-10-21 10:41:00-04:00,2019-10-21 10:41:00-04:00,2019-10-21 15:59:00-04:00,L,7929.0,7946.25,7904.75,24.25,32.5,0.6701030927835051,time,1,L|swing
2019-10-22 10:17:00-04:00,2019-10-22 10:17:00-04:00,2019-10-22 11:29:00-04:00,S,7959.75,7933.75,7977.75,18.0,50.0,1.3888888888888888,TP,1,S|swing
2019-10-24 10:05:00-04:00,2019-10-24 10:05:00-04:00,2019-10-24 11:22:00-04:00,S,7920.5,7958.0,7957.75,37.25,-77.0,-1.0335570469798658,SL,1,S|swing
2019-10-24 14:44:00-04:00,2019-10-24 14:44:00-04:00,2019-10-24 15:59:00-04:00,L,7963.25,7972.5,7952.5,10.75,16.5,0.7674418604651163,time,1,L|swing
2019-10-25 09:44:00-04:00,2019-10-25 09:44:00-04:00,2019-10-25 10:22:00-04:00,L,7953.0,7988.75,7928.5,24.5,69.5,1.4183673469387754,TP,1,L|swing
2019-10-29 10:05:00-04:00,2019-10-29 10:05:00-04:00,2019-10-29 10:47:00-04:00,S,8079.25,8102.5,8102.25,23.0,-48.5,-1.0543478260869565,SL,1,S|swing
2019-10-29 13:50:00-04:00,2019-10-29 13:50:00-04:00,2019-10-29 15:00:00-04:00,S,8071.75,8058.25,8081.25,9.5,25.0,1.3157894736842106,TP,1,S|swing
2019-10-30 09:44:00-04:00,2019-10-30 09:44:00-04:00,2019-10-30 14:51:00-04:00,S,8044.75,8073.75,8073.5,28.75,-60.0,-1.0434782608695652,SL,1,S|swing
2019-10-31 10:02:00-04:00,2019-10-31 10:02:00-04:00,2019-10-31 15:59:00-04:00,S,8081.25,8091.0,8118.75,37.5,-21.5,-0.2866666666666667,time,1,S|swing
2019-11-01 13:44:00-04:00,2019-11-01 13:44:00-04:00,2019-11-01 15:56:00-04:00,L,8143.25,8157.25,8133.25,10.0,26.0,1.3,TP,1,L|swing
2019-11-04 13:08:00-05:00,2019-11-04 13:08:00-05:00,2019-11-04 15:59:00-05:00,L,8214.0,8213.5,8203.5,10.5,-3.0,-0.14285714285714285,time,1,L|swing
2019-11-07 09:47:00-05:00,2019-11-07 09:47:00-05:00,2019-11-07 11:59:00-05:00,L,8252.25,8279.25,8233.75,18.5,52.0,1.4054054054054055,TP,1,L|swing
2019-11-08 09:53:00-05:00,2019-11-08 09:53:00-05:00,2019-11-08 09:59:00-05:00,L,8227.0,8205.5,8205.75,21.25,-45.0,-1.0588235294117647,SL,1,L|swing
2019-11-08 10:14:00-05:00,2019-11-08 10:14:00-05:00,2019-11-08 10:44:00-05:00,S,8214.5,8234.5,8234.25,19.75,-42.0,-1.0632911392405062,SL,1,S|swing
2019-11-11 09:41:00-05:00,2019-11-11 09:41:00-05:00,2019-11-11 09:49:00-05:00,S,8208.25,8225.75,8225.5,17.25,-37.0,-1.0724637681159421,SL,1,S|swing
2019-11-11 10:14:00-05:00,2019-11-11 10:14:00-05:00,2019-11-11 15:59:00-05:00,L,8230.0,8248.5,8207.25,22.75,35.0,0.7692307692307693,time,1,L|swing
2019-11-12 09:41:00-05:00,2019-11-12 09:41:00-05:00,2019-11-12 11:21:00-05:00,L,8271.0,8299.0,8251.75,19.25,54.0,1.4025974025974026,TP,1,L|swing
2019-11-12 13:23:00-05:00,2019-11-12 13:23:00-05:00,2019-11-12 14:01:00-05:00,L,8287.25,8281.25,8281.5,5.75,-14.0,-1.2173913043478262,SL,1,L|swing
2019-11-13 14:05:00-05:00,2019-11-13 14:05:00-05:00,2019-11-13 15:59:00-05:00,S,8252.0,8265.75,8280.25,28.25,-29.5,-0.5221238938053098,time,1,S|swing
2019-11-14 11:02:00-05:00,2019-11-14 11:02:00-05:00,2019-11-14 13:01:00-05:00,S,8233.5,8253.75,8253.5,20.0,-42.5,-1.0625,SL,1,S|swing
2019-11-15 10:05:00-05:00,2019-11-15 10:05:00-05:00,2019-11-15 10:15:00-05:00,S,8295.25,8304.25,8304.0,8.75,-20.0,-1.1428571428571428,SL,1,S|swing
2019-11-15 10:38:00-05:00,2019-11-15 10:38:00-05:00,2019-11-15 15:59:00-05:00,L,8304.75,8318.5,8291.5,13.25,25.5,0.9622641509433962,time,1,L|swing
2019-11-21 09:38:00-05:00,2019-11-21 09:38:00-05:00,2019-11-21 15:59:00-05:00,S,8274.5,8272.75,8294.25,19.75,1.5,0.0379746835443038,time,1,S|swing
2019-11-22 14:14:00-05:00,2019-11-22 14:14:00-05:00,2019-11-22 14:48:00-05:00,S,8261.5,8272.0,8271.75,10.25,-23.0,-1.1219512195121952,SL,1,S|swing
2019-11-26 09:47:00-05:00,2019-11-26 09:47:00-05:00,2019-11-26 09:56:00-05:00,S,8377.25,8387.25,8387.0,9.75,-22.0,-1.1282051282051282,SL,1,S|swing
2019-11-27 10:29:00-05:00,2019-11-27 10:29:00-05:00,2019-11-27 13:25:00-05:00,L,8423.5,8443.25,8409.75,13.75,37.5,1.3636363636363635,TP,1,L|swing
2019-11-28 09:50:00-05:00,2019-11-28 09:50:00-05:00,2019-11-28 10:59:00-05:00,L,8439.0,8436.5,8436.75,2.25,-7.0,-1.5555555555555556,SL,1,L|swing
2019-11-28 11:41:00-05:00,2019-11-28 11:41:00-05:00,2019-11-28 12:49:00-05:00,L,8443.0,8444.25,8436.75,6.25,0.5,0.04,time,1,L|swing
2019-11-29 10:17:00-05:00,2019-11-29 10:17:00-05:00,2019-11-29 11:45:00-05:00,L,8438.25,8421.25,8421.5,16.75,-36.0,-1.0746268656716418,SL,1,L|swing
2019-12-04 14:20:00-05:00,2019-12-04 14:20:00-05:00,2019-12-04 15:59:00-05:00,L,8308.75,8297.75,8298.0,10.75,-24.0,-1.1162790697674418,SL,1,L|swing
2019-12-09 09:44:00-05:00,2019-12-09 09:44:00-05:00,2019-12-09 14:05:00-05:00,L,8423.25,8382.0,8382.25,41.0,-84.5,-1.0304878048780488,SL,1,L|swing
2019-12-10 13:29:00-05:00,2019-12-10 13:29:00-05:00,2019-12-10 13:31:00-05:00,L,8378.75,8375.5,8375.75,3.0,-8.5,-1.4166666666666667,SL,1,L|swing
2019-12-11 10:05:00-05:00,2019-12-11 10:05:00-05:00,2019-12-11 15:59:00-05:00,L,8392.5,8404.25,8362.75,29.75,21.5,0.36134453781512604,time,1,L|swing
2019-12-12 09:44:00-05:00,2019-12-12 09:44:00-05:00,2019-12-12 15:59:00-05:00,L,8449.0,8466.5,8380.75,68.25,33.0,0.24175824175824176,time,1,L|swing
2019-12-13 10:23:00-05:00,2019-12-13 10:23:00-05:00,2019-12-13 11:21:00-05:00,L,8502.0,8459.75,8460.0,42.0,-86.5,-1.0297619047619047,SL,1,L|swing
2019-12-13 14:44:00-05:00,2019-12-13 14:44:00-05:00,2019-12-13 15:01:00-05:00,S,8490.75,8498.75,8498.5,7.75,-18.0,-1.1612903225806452,SL,1,S|swing
2019-12-18 14:32:00-05:00,2019-12-18 14:32:00-05:00,2019-12-18 15:30:00-05:00,L,8633.0,8627.75,8628.0,5.0,-12.5,-1.25,SL,1,L|swing
2019-12-20 14:59:00-05:00,2019-12-20 14:59:00-05:00,2019-12-20 15:24:00-05:00,L,8715.0,8706.5,8706.75,8.25,-19.0,-1.1515151515151516,SL,1,L|swing
2019-12-23 11:29:00-05:00,2019-12-23 11:29:00-05:00,2019-12-23 12:40:00-05:00,L,8733.25,8728.0,8728.25,5.0,-12.5,-1.25,SL,1,L|swing
2019-12-24 12:44:00-05:00,2019-12-24 12:44:00-05:00,2019-12-24 12:59:00-05:00,S,8721.0,8724.5,8724.25,3.25,-9.0,-1.3846153846153846,SL,1,S|swing
2019-12-27 12:20:00-05:00,2019-12-27 12:20:00-05:00,2019-12-27 12:29:00-05:00,S,8810.0,8800.75,8816.75,6.75,16.5,1.2222222222222223,TP,1,S|swing
2019-12-30 09:38:00-05:00,2019-12-30 09:38:00-05:00,2019-12-30 15:59:00-05:00,S,8738.75,8731.75,8794.0,55.25,12.0,0.1085972850678733,time,1,S|swing
2019-12-31 09:56:00-05:00,2019-12-31 09:56:00-05:00,2019-12-31 15:59:00-05:00,L,8737.0,8747.75,8692.0,45.0,19.5,0.21666666666666667,time,1,L|swing
2020-01-02 10:38:00-05:00,2020-01-02 10:38:00-05:00,2020-01-02 12:38:00-05:00,S,8808.5,8842.0,8841.75,33.25,-69.0,-1.037593984962406,SL,1,S|swing
2020-01-06 09:44:00-05:00,2020-01-06 09:44:00-05:00,2020-01-06 14:12:00-05:00,L,8774.5,8843.0,8728.25,46.25,135.0,1.4594594594594594,TP,1,L|swing
2020-01-07 10:59:00-05:00,2020-01-07 10:59:00-05:00,2020-01-07 15:59:00-05:00,L,8875.5,8862.0,8842.5,33.0,-29.0,-0.4393939393939394,time,1,L|swing
2020-01-08 09:53:00-05:00,2020-01-08 09:53:00-05:00,2020-01-08 11:51:00-05:00,L,8883.5,8936.25,8847.75,35.75,103.5,1.4475524475524475,TP,1,L|swing
2020-01-09 14:11:00-05:00,2020-01-09 14:11:00-05:00,2020-01-09 14:21:00-05:00,L,8990.25,8994.75,8986.75,3.5,7.0,1.0,TP,1,L|swing
2020-01-10 11:11:00-05:00,2020-01-10 11:11:00-05:00,2020-01-10 11:29:00-05:00,L,9040.0,9022.0,9022.25,17.75,-38.0,-1.0704225352112675,SL,1,L|swing
2020-01-10 11:35:00-05:00,2020-01-10 11:35:00-05:00,2020-01-10 14:46:00-05:00,S,9020.5,8989.25,9042.0,21.5,60.5,1.4069767441860466,TP,1,S|swing
2020-01-13 09:50:00-05:00,2020-01-13 09:50:00-05:00,2020-01-13 11:59:00-05:00,L,9024.25,9054.5,9003.5,20.75,58.5,1.4096385542168675,TP,1,L|swing
2020-01-14 09:41:00-05:00,2020-01-14 09:41:00-05:00,2020-01-14 13:07:00-05:00,S,9060.5,9089.75,9089.5,29.0,-60.5,-1.043103448275862,SL,1,S|swing
2020-01-14 14:02:00-05:00,2020-01-14 14:02:00-05:00,2020-01-14 15:59:00-05:00,S,9049.75,9050.75,9095.25,45.5,-4.0,-0.04395604395604396,time,1,S|swing
2020-01-15 09:53:00-05:00,2020-01-15 09:53:00-05:00,2020-01-15 13:54:00-05:00,L,9079.5,9049.25,9049.5,30.0,-62.5,-1.0416666666666667,SL,1,L|swing
2020-01-15 14:50:00-05:00,2020-01-15 14:50:00-05:00,2020-01-15 14:55:00-05:00,L,9067.5,9070.25,9065.0,2.5,3.5,0.7,TP,1,L|swing
2020-01-16 13:44:00-05:00,2020-01-16 13:44:00-05:00,2020-01-16 15:46:00-05:00,L,9103.25,9125.75,9087.75,15.5,43.0,1.3870967741935485,TP,1,L|swing
2020-01-17 09:44:00-05:00,2020-01-17 09:44:00-05:00,2020-01-17 15:56:00-05:00,S,9147.75,9186.5,9186.25,38.5,-79.5,-1.0324675324675325,SL,1,S|swing
2020-01-20 09:44:00-05:00,2020-01-20 09:44:00-05:00,2020-01-20 10:35:00-05:00,L,9170.75,9162.75,9163.0,7.75,-18.0,-1.1612903225806452,SL,1,L|swing
2020-01-20 10:56:00-05:00,2020-01-20 10:56:00-05:00,2020-01-20 11:27:00-05:00,S,9167.0,9171.25,9171.0,4.0,-10.5,-1.3125,SL,1,S|swing
2020-01-20 11:38:00-05:00,2020-01-20 11:38:00-05:00,2020-01-20 12:49:00-05:00,L,9173.25,9173.5,9164.5,8.75,-1.5,-0.08571428571428572,time,1,L|swing
2020-01-22 10:02:00-05:00,2020-01-22 10:02:00-05:00,2020-01-22 15:06:00-05:00,L,9240.75,9215.5,9215.75,25.0,-52.5,-1.05,SL,1,L|swing
2020-01-23 10:32:00-05:00,2020-01-23 10:32:00-05:00,2020-01-23 11:01:00-05:00,L,9213.25,9182.75,9183.0,30.25,-63.0,-1.0413223140495869,SL,1,L|swing
2020-01-23 11:29:00-05:00,2020-01-23 11:29:00-05:00,2020-01-23 11:38:00-05:00,S,9176.75,9194.25,9194.0,17.25,-37.0,-1.0724637681159421,SL,1,S|swing
2020-01-23 12:17:00-05:00,2020-01-23 12:17:00-05:00,2020-01-23 15:59:00-05:00,L,9202.25,9227.25,9178.0,24.25,48.0,0.9896907216494846,time,1,L|swing
2020-01-27 10:53:00-05:00,2020-01-27 10:53:00-05:00,2020-01-27 12:16:00-05:00,S,8954.75,8994.75,8994.5,39.75,-82.0,-1.0314465408805031,SL,1,S|swing
2020-01-27 14:56:00-05:00,2020-01-27 14:56:00-05:00,2020-01-27 15:59:00-05:00,S,8974.75,8961.5,9010.25,35.5,24.5,0.34507042253521125,time,1,S|swing
2020-01-28 09:41:00-05:00,2020-01-28 09:41:00-05:00,2020-01-28 10:24:00-05:00,S,9004.0,9040.25,9040.0,36.0,-74.5,-1.0347222222222223,SL,1,S|swing
2020-01-28 10:26:00-05:00,2020-01-28 10:26:00-05:00,2020-01-28 14:41:00-05:00,L,9053.25,9116.25,9010.75,42.5,124.0,1.4588235294117646,TP,1,L|swing
2020-01-30 10:56:00-05:00,2020-01-30 10:56:00-05:00,2020-01-30 11:50:00-05:00,S,9032.5,9085.75,9085.5,53.0,-108.5,-1.0235849056603774,SL,1,S|swing
2020-01-30 11:59:00-05:00,2020-01-30 11:59:00-05:00,2020-01-30 12:28:00-05:00,L,9074.75,9060.0,9060.25,14.5,-31.5,-1.0862068965517242,SL,1,L|swing
2020-01-30 12:44:00-05:00,2020-01-30 12:44:00-05:00,2020-01-30 14:19:00-05:00,S,9044.25,9080.75,9080.5,36.25,-75.0,-1.0344827586206897,SL,1,S|swing
2020-01-31 09:41:00-05:00,2020-01-31 09:41:00-05:00,2020-01-31 11:16:00-05:00,S,9128.5,9019.25,9202.0,73.5,216.5,1.4727891156462585,TP,1,S|swing
2020-02-03 12:41:00-05:00,2020-02-03 12:41:00-05:00,2020-02-03 13:13:00-05:00,L,9137.25,9111.5,9111.75,25.5,-53.5,-1.0490196078431373,SL,1,L|swing
2020-02-03 14:59:00-05:00,2020-02-03 14:59:00-05:00,2020-02-03 15:29:00-05:00,L,9126.0,9142.75,9114.25,11.75,31.5,1.3404255319148937,TP,1,L|swing
2020-02-05 09:44:00-05:00,2020-02-05 09:44:00-05:00,2020-02-05 15:59:00-05:00,S,9379.25,9375.75,9459.5,80.25,5.0,0.03115264797507788,time,1,S|swing
2020-02-07 10:44:00-05:00,2020-02-07 10:44:00-05:00,2020-02-07 14:08:00-05:00,L,9434.25,9401.25,9401.5,32.75,-68.0,-1.0381679389312977,SL,1,L|swing
2020-02-10 09:56:00-05:00,2020-02-10 09:56:00-05:00,2020-02-10 15:59:00-05:00,L,9441.5,9525.0,9377.5,64.0,165.0,1.2890625,time,1,L|swing
2020-02-11 10:17:00-05:00,2020-02-11 10:17:00-05:00,2020-02-11 11:41:00-05:00,L,9590.75,9556.0,9556.25,34.5,-71.5,-1.036231884057971,SL,1,L|swing
2020-02-11 11:53:00-05:00,2020-02-11 11:53:00-05:00,2020-02-11 15:09:00-05:00,S,9567.0,9519.75,9599.0,32.0,92.5,1.4453125,TP,1,S|swing
2020-02-12 11:17:00-05:00,2020-02-12 11:17:00-05:00,2020-02-12 15:59:00-05:00,L,9592.0,9620.25,9566.75,25.25,54.5,1.0792079207920793,time,1,L|swing
2020-02-13 13:44:00-05:00,2020-02-13 13:44:00-05:00,2020-02-13 15:42:00-05:00,L,9633.25,9599.25,9599.5,33.75,-70.0,-1.037037037037037,SL,1,L|swing
2020-02-14 11:05:00-05:00,2020-02-14 11:05:00-05:00,2020-02-14 12:11:00-05:00,L,9634.75,9616.25,9616.5,18.25,-39.0,-1.0684931506849316,SL,1,L|swing
2020-02-14 12:20:00-05:00,2020-02-14 12:20:00-05:00,2020-02-14 15:57:00-05:00,S,9608.0,9629.5,9629.25,21.25,-45.0,-1.0588235294117647,SL,1,S|swing
2020-02-18 11:41:00-05:00,2020-02-18 11:41:00-05:00,2020-02-18 12:57:00-05:00,S,9583.5,9615.25,9615.0,31.5,-65.5,-1.0396825396825398,SL,1,S|swing
2020-02-20 10:11:00-05:00,2020-02-20 10:11:00-05:00,2020-02-20 11:01:00-05:00,L,9722.0,9692.25,9692.5,29.5,-61.5,-1.0423728813559323,SL,1,L|swing
2020-02-20 11:08:00-05:00,2020-02-20 11:08:00-05:00,2020-02-20 11:16:00-05:00,S,9691.25,9651.25,9718.5,27.25,78.0,1.4311926605504588,TP,1,S|swing
2020-02-21 09:41:00-05:00,2020-02-21 09:41:00-05:00,2020-02-21 13:50:00-05:00,S,9536.0,9432.25,9605.75,69.75,205.5,1.4731182795698925,TP,1,S|swing
2020-02-24 10:32:00-05:00,2020-02-24 10:32:00-05:00,2020-02-24 15:59:00-05:00,S,9124.0,9085.25,9202.5,78.5,75.5,0.48089171974522293,time,1,S|swing
2020-02-25 09:47:00-05:00,2020-02-25 09:47:00-05:00,2020-02-25 11:08:00-05:00,S,9107.5,8983.25,9191.0,83.5,246.5,1.4760479041916168,TP,1,S|swing
2020-02-26 12:08:00-05:00,2020-02-26 12:08:00-05:00,2020-02-26 15:59:00-05:00,S,8885.25,8880.0,9022.25,137.0,8.5,0.03102189781021898,time,1,S|swing
2020-02-27 13:53:00-05:00,2020-02-27 13:53:00-05:00,2020-02-27 15:38:00-05:00,S,8665.75,8543.25,8748.0,82.25,243.0,1.4772036474164134,TP,1,S|swing
2020-02-28 13:50:00-05:00,2020-02-28 13:50:00-05:00,2020-02-28 14:44:00-05:00,S,8257.5,8401.0,8400.75,143.25,-289.0,-1.0087260034904013,SL,1,S|swing
2020-03-03 09:56:00-05:00,2020-03-03 09:56:00-05:00,2020-03-03 10:00:00-05:00,S,8747.25,8910.0,8909.75,162.5,-327.5,-1.0076923076923077,SL,1,S|swing
2020-03-03 10:11:00-05:00,2020-03-03 10:11:00-05:00,2020-03-03 11:24:00-05:00,L,8921.5,8744.25,8744.5,177.0,-356.5,-1.0070621468926553,SL,1,L|swing
2020-03-03 11:26:00-05:00,2020-03-03 11:26:00-05:00,2020-03-03 15:59:00-05:00,S,8736.0,8596.25,8938.0,202.0,277.5,0.6868811881188119,time,1,S|swing
2020-03-04 10:38:00-05:00,2020-03-04 10:38:00-05:00,2020-03-04 11:08:00-05:00,L,8745.5,8706.0,8706.25,39.25,-81.0,-1.0318471337579618,SL,1,L|swing
2020-03-04 12:29:00-05:00,2020-03-04 12:29:00-05:00,2020-03-04 13:17:00-05:00,L,8768.25,8839.25,8720.25,48.0,140.0,1.4583333333333333,TP,1,L|swing
2020-03-05 12:23:00-05:00,2020-03-05 12:23:00-05:00,2020-03-05 13:15:00-05:00,S,8749.75,8659.5,8810.5,60.75,178.5,1.4691358024691359,TP,1,S|swing
2020-03-06 12:05:00-05:00,2020-03-06 12:05:00-05:00,2020-03-06 13:23:00-05:00,S,8398.75,8482.75,8482.5,83.75,-170.0,-1.0149253731343284,SL,1,S|swing
2020-03-06 13:59:00-05:00,2020-03-06 13:59:00-05:00,2020-03-06 15:45:00-05:00,S,8396.5,8465.25,8465.0,68.5,-139.5,-1.0182481751824817,SL,1,S|swing
2020-03-09 13:08:00-04:00,2020-03-09 13:08:00-04:00,2020-03-09 13:34:00-04:00,S,8123.5,8061.0,8165.75,42.25,123.0,1.455621301775148,TP,1,S|swing
2020-03-10 14:08:00-04:00,2020-03-10 14:08:00-04:00,2020-03-10 14:35:00-04:00,S,8042.5,8123.0,8122.75,80.25,-163.0,-1.0155763239875388,SL,1,S|swing
2020-03-10 14:44:00-04:00,2020-03-10 14:44:00-04:00,2020-03-10 15:59:00-04:00,L,8174.75,8365.5,8033.75,141.0,379.5,1.3457446808510638,time,1,L|swing
2020-03-11 10:59:00-04:00,2020-03-11 10:59:00-04:00,2020-03-11 12:18:00-04:00,S,8115.75,8158.75,8158.5,42.75,-88.0,-1.0292397660818713,SL,1,S|swing
2020-03-11 12:41:00-04:00,2020-03-11 12:41:00-04:00,2020-03-11 15:59:00-04:00,S,8062.0,7998.75,8177.5,115.5,124.5,0.538961038961039,time,1,S|swing
2020-03-12 13:08:00-04:00,2020-03-12 13:08:00-04:00,2020-03-12 15:06:00-04:00,L,7686.25,7362.0,7362.25,324.0,-650.5,-1.003858024691358,SL,1,L|swing
2020-03-13 12:59:00-04:00,2020-03-13 12:59:00-04:00,2020-03-13 15:34:00-04:00,L,7468.0,7380.5,7380.75,87.25,-177.0,-1.0143266475644699,SL,1,L|swing
2020-03-18 09:41:00-04:00,2020-03-18 09:41:00-04:00,2020-03-18 13:29:00-04:00,L,7177.0,6943.5,6943.75,233.25,-469.0,-1.0053590568060022,SL,1,L|swing
2020-03-19 09:53:00-04:00,2020-03-19 09:53:00-04:00,2020-03-19 09:56:00-04:00,S,7121.5,7194.25,7194.0,72.5,-147.5,-1.0172413793103448,SL,1,S|swing
2020-03-19 10:02:00-04:00,2020-03-19 10:02:00-04:00,2020-03-19 15:59:00-04:00,L,7226.0,7270.5,7010.25,215.75,87.0,0.20162224797219003,time,1,L|swing
2020-03-20 11:29:00-04:00,2020-03-20 11:29:00-04:00,2020-03-20 14:39:00-04:00,S,7336.75,7125.75,7478.0,141.25,420.0,1.4867256637168142,TP,1,S|swing
2020-03-23 12:50:00-04:00,2020-03-23 12:50:00-04:00,2020-03-23 15:24:00-04:00,L,7061.0,6874.0,6874.25,186.75,-376.0,-1.0066934404283803,SL,1,L|swing
2020-03-25 10:17:00-04:00,2020-03-25 10:17:00-04:00,2020-03-25 12:22:00-04:00,S,7419.0,7581.5,7581.25,162.25,-327.0,-1.007704160246533,SL,1,S|swing
2020-03-26 14:38:00-04:00,2020-03-26 14:38:00-04:00,2020-03-26 15:59:00-04:00,L,7770.25,7867.75,7685.5,84.75,193.0,1.1386430678466077,time,1,L|swing
2020-03-27 12:08:00-04:00,2020-03-27 12:08:00-04:00,2020-03-27 12:44:00-04:00,S,7595.25,7654.25,7654.0,58.75,-120.0,-1.0212765957446808,SL,1,S|swing
2020-03-30 14:44:00-04:00,2020-03-30 14:44:00-04:00,2020-03-30 15:59:00-04:00,L,7850.75,7865.25,7785.25,65.5,27.0,0.20610687022900764,time,1,L|swing
2020-03-31 12:26:00-04:00,2020-03-31 12:26:00-04:00,2020-03-31 15:24:00-04:00,S,7866.5,7756.75,7940.25,73.75,217.5,1.4745762711864407,TP,1,S|swing
2020-04-01 12:05:00-04:00,2020-04-01 12:05:00-04:00,2020-04-01 14:31:00-04:00,S,7579.75,7496.25,7636.0,56.25,165.0,1.4666666666666666,TP,1,S|swing
2020-04-02 10:29:00-04:00,2020-04-02 10:29:00-04:00,2020-04-02 14:19:00-04:00,L,7522.5,7455.75,7456.0,66.5,-135.5,-1.018796992481203,SL,1,L|swing
2020-04-03 10:38:00-04:00,2020-04-03 10:38:00-04:00,2020-04-03 15:59:00-04:00,S,7542.0,7514.75,7644.5,102.5,52.5,0.25609756097560976,time,1,S|swing
2020-04-06 09:35:00-04:00,2020-04-06 09:35:00-04:00,2020-04-06 09:50:00-04:00,S,7764.75,7818.75,7818.5,53.75,-110.0,-1.0232558139534884,SL,1,S|swing
2020-04-06 10:02:00-04:00,2020-04-06 10:02:00-04:00,2020-04-06 15:50:00-04:00,L,7859.75,8023.5,7750.0,109.75,325.5,1.4829157175398633,TP,1,L|swing
2020-04-07 12:08:00-04:00,2020-04-07 12:08:00-04:00,2020-04-07 14:01:00-04:00,L,8230.25,8156.25,8156.5,73.75,-150.0,-1.0169491525423728,SL,1,L|swing
2020-04-08 10:11:00-04:00,2020-04-08 10:11:00-04:00,2020-04-08 10:59:00-04:00,S,8067.75,8138.0,8137.75,70.0,-142.5,-1.0178571428571428,SL,1,S|swing
2020-04-08 11:05:00-04:00,2020-04-08 11:05:00-04:00,2020-04-08 14:40:00-04:00,L,8129.5,8201.75,8080.75,48.75,142.5,1.4615384615384615,TP,1,L|swing
2020-04-09 12:08:00-04:00,2020-04-09 12:08:00-04:00,2020-04-09 12:35:00-04:00,L,8257.5,8222.25,8222.5,35.0,-72.5,-1.0357142857142858,SL,1,L|swing
2020-04-09 14:11:00-04:00,2020-04-09 14:11:00-04:00,2020-04-09 14:55:00-04:00,S,8218.75,8155.75,8261.25,42.5,124.0,1.4588235294117646,TP,1,S|swing
2020-04-13 11:56:00-04:00,2020-04-13 11:56:00-04:00,2020-04-13 15:18:00-04:00,L,8216.0,8264.75,8183.0,33.0,95.5,1.446969696969697,TP,1,L|swing
2020-04-15 12:14:00-04:00,2020-04-15 12:14:00-04:00,2020-04-15 12:25:00-04:00,S,8534.75,8550.5,8550.25,15.5,-33.5,-1.0806451612903225,SL,1,S|swing
2020-04-16 10:08:00-04:00,2020-04-16 10:08:00-04:00,2020-04-16 10:43:00-04:00,S,8628.5,8688.5,8688.25,59.75,-122.0,-1.0209205020920502,SL,1,S|swing
2020-04-16 10:59:00-04:00,2020-04-16 10:59:00-04:00,2020-04-16 12:31:00-04:00,L,8706.5,8641.5,8641.75,64.75,-132.0,-1.0193050193050193,SL,1,L|swing
2020-04-16 12:38:00-04:00,2020-04-16 12:38:00-04:00,2020-04-16 15:50:00-04:00,S,8621.5,8735.5,8735.25,113.75,-230.0,-1.010989010989011,SL,1,S|swing
2020-04-21 09:41:00-04:00,2020-04-21 09:41:00-04:00,2020-04-21 10:57:00-04:00,S,8555.75,8412.25,8652.0,96.25,285.0,1.4805194805194806,TP,1,S|swing
2020-04-23 12:41:00-04:00,2020-04-23 12:41:00-04:00,2020-04-23 12:44:00-04:00,L,8757.0,8735.5,8735.75,21.25,-45.0,-1.0588235294117647,SL,1,L|swing
2020-04-23 12:47:00-04:00,2020-04-23 12:47:00-04:00,2020-04-23 15:59:00-04:00,S,8681.0,8628.25,8765.0,84.0,103.5,0.6160714285714286,time,1,S|swing
2020-04-24 09:47:00-04:00,2020-04-24 09:47:00-04:00,2020-04-24 10:38:00-04:00,S,8602.0,8667.75,8667.5,65.5,-133.5,-1.0190839694656488,SL,1,S|swing
2020-04-24 10:50:00-04:00,2020-04-24 10:50:00-04:00,2020-04-24 11:02:00-04:00,L,8656.75,8627.25,8627.5,29.25,-61.0,-1.0427350427350428,SL,1,L|swing
2020-04-27 12:05:00-04:00,2020-04-27 12:05:00-04:00,2020-04-27 15:59:00-04:00,S,8819.25,8824.25,8864.0,44.75,-12.0,-0.1340782122905028,time,1,S|swing
2020-04-29 14:44:00-04:00,2020-04-29 14:44:00-04:00,2020-04-29 15:59:00-04:00,L,8967.25,8962.75,8925.5,41.75,-11.0,-0.1317365269461078,time,1,L|swing
2020-04-30 14:41:00-04:00,2020-04-30 14:41:00-04:00,2020-04-30 15:15:00-04:00,S,8920.5,8952.75,8952.5,32.0,-66.5,-1.0390625,SL,1,S|swing
2020-05-01 11:29:00-04:00,2020-05-01 11:29:00-04:00,2020-05-01 12:00:00-04:00,S,8783.75,8717.5,8828.5,44.75,130.5,1.458100558659218,TP,1,S|swing
2020-05-04 14:23:00-04:00,2020-05-04 14:23:00-04:00,2020-05-04 14:58:00-04:00,L,8747.75,8770.5,8732.0,15.75,43.5,1.380952380952381,TP,1,L|swing
2020-05-06 09:35:00-04:00,2020-05-06 09:35:00-04:00,2020-05-06 09:57:00-04:00,L,9022.25,8971.75,8972.0,50.25,-103.0,-1.0248756218905473,SL,1,L|swing
2020-05-06 10:20:00-04:00,2020-05-06 10:20:00-04:00,2020-05-06 10:45:00-04:00,S,8962.5,9027.25,9027.0,64.5,-131.5,-1.0193798449612403,SL,1,S|swing
2020-05-06 10:47:00-04:00,2020-05-06 10:47:00-04:00,2020-05-06 15:59:00-04:00,L,9037.5,8971.75,8956.0,81.5,-133.5,-0.8190184049079755,time,1,L|swing
2020-05-07 11:47:00-04:00,2020-05-07 11:47:00-04:00,2020-05-07 15:59:00-04:00,L,9105.5,9090.75,9063.5,42.0,-31.5,-0.375,time,1,L|swing
2020-05-08 13:47:00-04:00,2020-05-08 13:47:00-04:00,2020-05-08 15:03:00-04:00,S,9166.75,9204.25,9204.0,37.25,-77.0,-1.0335570469798658,SL,1,S|swing
2020-05-11 09:44:00-04:00,2020-05-11 09:44:00-04:00,2020-05-11 13:08:00-04:00,L,9202.75,9291.5,9143.0,59.75,175.5,1.4686192468619246,TP,1,L|swing
2020-05-12 09:50:00-04:00,2020-05-12 09:50:00-04:00,2020-05-12 15:50:00-04:00,S,9263.5,9140.75,9346.0,82.5,243.5,1.4757575757575758,TP,1,S|swing
2020-05-13 10:29:00-04:00,2020-05-13 10:29:00-04:00,2020-05-13 10:59:00-04:00,L,9179.25,9108.5,9108.75,70.5,-143.5,-1.0177304964539007,SL,1,L|swing
2020-05-13 11:26:00-04:00,2020-05-13 11:26:00-04:00,2020-05-13 12:08:00-04:00,S,9062.25,8934.5,9148.0,85.75,253.5,1.478134110787172,TP,1,S|swing
2020-05-14 11:17:00-04:00,2020-05-14 11:17:00-04:00,2020-05-14 15:59:00-04:00,L,8969.5,9086.5,8884.75,84.75,232.0,1.368731563421829,time,1,L|swing
2020-05-15 11:20:00-04:00,2020-05-15 11:20:00-04:00,2020-05-15 12:02:00-04:00,S,8979.5,9011.5,9011.25,31.75,-66.0,-1.0393700787401574,SL,1,S|swing
2020-05-19 12:50:00-04:00,2020-05-19 12:50:00-04:00,2020-05-19 14:57:00-04:00,L,9392.5,9372.0,9372.25,20.25,-43.0,-1.0617283950617284,SL,1,L|swing
2020-05-21 13:02:00-04:00,2020-05-21 13:02:00-04:00,2020-05-21 13:03:00-04:00,S,9402.25,9419.0,9418.75,16.5,-35.5,-1.0757575757575757,SL,1,S|swing
2020-05-21 14:44:00-04:00,2020-05-21 14:44:00-04:00,2020-05-21 15:59:00-04:00,S,9388.75,9378.25,9426.0,37.25,19.0,0.2550335570469799,time,1,S|swing
2020-05-22 12:02:00-04:00,2020-05-22 12:02:00-04:00,2020-05-22 13:03:00-04:00,L,9370.5,9397.25,9352.0,18.5,51.5,1.3918918918918919,TP,1,L|swing
2020-05-26 14:29:00-04:00,2020-05-26 14:29:00-04:00,2020-05-26 15:04:00-04:00,S,9457.75,9435.75,9473.0,15.25,42.0,1.3770491803278688,TP,1,S|swing
2020-05-28 09:41:00-04:00,2020-05-28 09:41:00-04:00,2020-05-28 12:53:00-04:00,L,9432.75,9552.25,9352.5,80.25,237.0,1.4766355140186915,TP,1,L|swing
2020-05-29 12:02:00-04:00,2020-05-29 12:02:00-04:00,2020-05-29 12:51:00-04:00,L,9453.0,9406.5,9406.75,46.25,-95.0,-1.027027027027027,SL,1,L|swing
2020-05-29 12:56:00-04:00,2020-05-29 12:56:00-04:00,2020-05-29 12:57:00-04:00,S,9420.75,9436.0,9435.75,15.0,-32.5,-1.0833333333333333,SL,1,S|swing
2020-05-29 13:05:00-04:00,2020-05-29 13:05:00-04:00,2020-05-29 15:00:00-04:00,L,9433.75,9517.25,9377.5,56.25,165.0,1.4666666666666666,TP,1,L|swing
2020-06-01 09:53:00-04:00,2020-06-01 09:53:00-04:00,2020-06-01 15:59:00-04:00,L,9550.5,9593.75,9505.25,45.25,84.5,0.9337016574585635,time,1,L|swing
2020-06-03 09:59:00-04:00,2020-06-03 09:59:00-04:00,2020-06-03 12:09:00-04:00,L,9697.5,9650.25,9650.5,47.0,-96.5,-1.0265957446808511,SL,1,L|swing
2020-06-03 13:32:00-04:00,2020-06-03 13:32:00-04:00,2020-06-03 15:23:00-04:00,L,9680.75,9708.25,9661.75,19.0,53.0,1.394736842105263,TP,1,L|swing
2020-06-04 11:23:00-04:00,2020-06-04 11:23:00-04:00,2020-06-04 15:17:00-04:00,S,9661.25,9575.5,9719.0,57.75,169.5,1.4675324675324675,TP,1,S|swing
2020-06-08 09:53:00-04:00,2020-06-08 09:53:00-04:00,2020-06-08 13:21:00-04:00,S,9790.0,9829.75,9829.5,39.5,-81.5,-1.0316455696202531,SL,1,S|swing
2020-06-11 11:11:00-04:00,2020-06-11 11:11:00-04:00,2020-06-11 12:25:00-04:00,S,9897.25,9779.75,9976.25,79.0,233.0,1.4746835443037976,TP,1,S|swing
2020-06-12 10:47:00-04:00,2020-06-12 10:47:00-04:00,2020-06-12 11:02:00-04:00,S,9732.0,9635.0,9797.25,65.25,192.0,1.471264367816092,TP,1,S|swing
2020-06-16 10:53:00-04:00,2020-06-16 10:53:00-04:00,2020-06-16 15:59:00-04:00,S,9894.5,9953.5,10009.75,115.25,-120.0,-0.5206073752711496,time,1,S|swing
2020-06-22 10:08:00-04:00,2020-06-22 10:08:00-04:00,2020-06-22 15:59:00-04:00,L,10040.75,10114.75,9975.0,65.75,146.0,1.1102661596958174,time,1,L|swing
2020-06-23 10:29:00-04:00,2020-06-23 10:29:00-04:00,2020-06-23 15:59:00-04:00,L,10217.0,10197.5,10163.5,53.5,-41.0,-0.38317757009345793,time,1,L|swing
2020-06-24 10:05:00-04:00,2020-06-24 10:05:00-04:00,2020-06-24 15:59:00-04:00,S,10089.25,9993.75,10221.5,132.25,189.0,0.7145557655954632,time,1,S|swing
2020-06-25 09:47:00-04:00,2020-06-25 09:47:00-04:00,2020-06-25 12:01:00-04:00,S,9909.0,10018.0,10017.75,108.75,-220.0,-1.0114942528735633,SL,1,S|swing
2020-06-25 14:29:00-04:00,2020-06-25 14:29:00-04:00,2020-06-25 15:05:00-04:00,S,9990.25,10018.0,10017.75,27.5,-57.5,-1.0454545454545454,SL,1,S|swing
2020-06-26 14:20:00-04:00,2020-06-26 14:20:00-04:00,2020-06-26 14:46:00-04:00,S,9909.25,9866.25,9938.5,29.25,84.0,1.435897435897436,TP,1,S|swing
2020-06-29 10:47:00-04:00,2020-06-29 10:47:00-04:00,2020-06-29 12:35:00-04:00,L,9867.25,9924.75,9828.25,39.0,113.0,1.4487179487179487,TP,1,L|swing
2020-06-30 09:47:00-04:00,2020-06-30 09:47:00-04:00,2020-06-30 15:50:00-04:00,L,10021.75,10139.25,9942.75,79.0,233.0,1.4746835443037976,TP,1,L|swing
2020-07-02 12:29:00-04:00,2020-07-02 12:29:00-04:00,2020-07-02 15:41:00-04:00,L,10389.5,10359.25,10359.5,30.0,-62.5,-1.0416666666666667,SL,1,L|swing
2020-07-03 10:29:00-04:00,2020-07-03 10:29:00-04:00,2020-07-03 10:34:00-04:00,S,10340.75,10321.0,10354.5,13.75,37.5,1.3636363636363635,TP,1,S|swing
2020-07-08 11:26:00-04:00,2020-07-08 11:26:00-04:00,2020-07-08 15:10:00-04:00,S,10529.5,10633.0,10632.75,103.25,-209.0,-1.0121065375302662,SL,1,S|swing
2020-07-10 09:59:00-04:00,2020-07-10 09:59:00-04:00,2020-07-10 13:07:00-04:00,S,10674.0,10749.75,10749.5,75.5,-153.5,-1.0165562913907285,SL,1,S|swing
2020-07-14 13:20:00-04:00,2020-07-14 13:20:00-04:00,2020-07-14 13:33:00-04:00,S,10541.25,10573.0,10572.75,31.5,-65.5,-1.0396825396825398,SL,1,S|swing
2020-07-14 13:47:00-04:00,2020-07-14 13:47:00-04:00,2020-07-14 15:54:00-04:00,L,10588.75,10683.75,10524.75,64.0,188.0,1.46875,TP,1,L|swing
2020-07-15 09:47:00-04:00,2020-07-15 09:47:00-04:00,2020-07-15 11:03:00-04:00,L,10739.25,10676.75,10677.0,62.25,-127.0,-1.0200803212851406,SL,1,L|swing
2020-07-15 11:11:00-04:00,2020-07-15 11:11:00-04:00,2020-07-15 15:59:00-04:00,S,10654.25,10687.5,10759.25,105.0,-68.5,-0.3261904761904762,time,1,S|swing
2020-07-16 10:20:00-04:00,2020-07-16 10:20:00-04:00,2020-07-16 13:12:00-04:00,S,10532.5,10594.75,10594.5,62.0,-126.5,-1.0201612903225807,SL,1,S|swing
2020-07-17 10:02:00-04:00,2020-07-17 10:02:00-04:00,2020-07-17 14:52:00-04:00,S,10594.75,10650.5,10650.25,55.5,-113.5,-1.0225225225225225,SL,1,S|swing
2020-07-22 10:11:00-04:00,2020-07-22 10:11:00-04:00,2020-07-22 10:43:00-04:00,L,10878.5,10833.5,10833.75,44.75,-92.0,-1.0279329608938548,SL,1,L|swing
2020-07-22 10:47:00-04:00,2020-07-22 10:47:00-04:00,2020-07-22 15:59:00-04:00,S,10817.75,10859.25,10886.75,69.0,-85.0,-0.6159420289855072,time,1,S|swing
2020-07-24 10:53:00-04:00,2020-07-24 10:53:00-04:00,2020-07-24 13:14:00-04:00,L,10458.0,10391.5,10391.75,66.25,-135.0,-1.0188679245283019,SL,1,L|swing
2020-07-24 14:08:00-04:00,2020-07-24 14:08:00-04:00,2020-07-24 15:31:00-04:00,L,10505.5,10428.75,10429.0,76.5,-155.5,-1.0163398692810457,SL,1,L|swing
2020-07-27 09:47:00-04:00,2020-07-27 09:47:00-04:00,2020-07-27 11:38:00-04:00,L,10599.0,10513.0,10513.25,85.75,-174.0,-1.0145772594752187,SL,1,L|swing
2020-07-27 12:53:00-04:00,2020-07-27 12:53:00-04:00,2020-07-27 14:06:00-04:00,L,10587.25,10631.25,10557.25,30.0,86.0,1.4333333333333333,TP,1,L|swing
2020-07-28 09:38:00-04:00,2020-07-28 09:38:00-04:00,2020-07-28 11:40:00-04:00,S,10590.75,10647.25,10647.0,56.25,-115.0,-1.0222222222222221,SL,1,S|swing
2020-07-28 14:38:00-04:00,2020-07-28 14:38:00-04:00,2020-07-28 15:09:00-04:00,S,10608.5,10571.75,10633.5,25.0,71.5,1.43,TP,1,S|swing
2020-07-29 10:11:00-04:00,2020-07-29 10:11:00-04:00,2020-07-29 15:59:00-04:00,L,10617.0,10650.0,10570.5,46.5,64.0,0.6881720430107527,time,1,L|swing
2020-07-30 09:47:00-04:00,2020-07-30 09:47:00-04:00,2020-07-30 09:55:00-04:00,L,10610.25,10550.0,10550.25,60.0,-122.5,-1.0208333333333333,SL,1,L|swing
2020-07-30 10:20:00-04:00,2020-07-30 10:20:00-04:00,2020-07-30 11:11:00-04:00,S,10525.0,10607.0,10606.75,81.75,-166.0,-1.0152905198776758,SL,1,S|swing
2020-07-31 12:14:00-04:00,2020-07-31 12:14:00-04:00,2020-07-31 15:04:00-04:00,S,10761.0,10826.25,10826.0,65.0,-132.5,-1.0192307692307692,SL,1,S|swing
2020-08-03 09:35:00-04:00,2020-08-03 09:35:00-04:00,2020-08-03 15:59:00-04:00,L,11020.5,11037.75,10971.25,49.25,32.5,0.3299492385786802,time,1,L|swing
2020-08-04 13:29:00-04:00,2020-08-04 13:29:00-04:00,2020-08-04 14:30:00-04:00,L,11048.5,11012.5,11012.75,35.75,-74.0,-1.034965034965035,SL,1,L|swing
2020-08-04 14:38:00-04:00,2020-08-04 14:38:00-04:00,2020-08-04 15:55:00-04:00,S,10994.25,11060.5,11060.25,66.0,-134.5,-1.018939393939394,SL,1,S|swing
2020-08-05 11:59:00-04:00,2020-08-05 11:59:00-04:00,2020-08-05 12:21:00-04:00,S,11090.25,11112.75,11112.5,22.25,-47.0,-1.0561797752808988,SL,1,S|swing
2020-08-05 13:20:00-04:00,2020-08-05 13:20:00-04:00,2020-08-05 15:43:00-04:00,L,11108.25,11092.75,11093.0,15.25,-33.0,-1.0819672131147542,SL,1,L|swing
2020-08-07 11:41:00-04:00,2020-08-07 11:41:00-04:00,2020-08-07 12:52:00-04:00,S,11211.25,11147.75,11254.25,43.0,125.0,1.4534883720930232,TP,1,S|swing
2020-08-10 09:59:00-04:00,2020-08-10 09:59:00-04:00,2020-08-10 10:47:00-04:00,S,11080.5,10982.0,11146.75,66.25,195.0,1.471698113207547,TP,1,S|swing
2020-08-11 13:56:00-04:00,2020-08-11 13:56:00-04:00,2020-08-11 14:16:00-04:00,S,11039.25,10997.0,11068.0,28.75,82.5,1.434782608695652,TP,1,S|swing
2020-08-12 09:47:00-04:00,2020-08-12 09:47:00-04:00,2020-08-12 10:28:00-04:00,L,11002.0,11100.5,10935.75,66.25,195.0,1.471698113207547,TP,1,L|swing
2020-08-14 14:17:00-04:00,2020-08-14 14:17:00-04:00,2020-08-14 15:59:00-04:00,S,11145.5,11159.75,11166.0,20.5,-30.5,-0.7439024390243902,time,1,S|swing
2020-08-17 12:47:00-04:00,2020-08-17 12:47:00-04:00,2020-08-17 15:59:00-04:00,L,11270.0,11284.0,11246.0,24.0,26.0,0.5416666666666666,time,1,L|swing
2020-08-18 10:29:00-04:00,2020-08-18 10:29:00-04:00,2020-08-18 11:08:00-04:00,S,11279.75,11348.0,11347.75,68.0,-138.5,-1.0183823529411764,SL,1,S|swing
2020-08-18 11:23:00-04:00,2020-08-18 11:23:00-04:00,2020-08-18 12:32:00-04:00,L,11350.0,11382.25,11328.0,22.0,62.5,1.4204545454545454,TP,1,L|swing
2020-08-19 10:41:00-04:00,2020-08-19 10:41:00-04:00,2020-08-19 14:17:00-04:00,L,11407.0,11368.5,11368.75,38.25,-79.0,-1.0326797385620916,SL,1,L|swing
2020-08-20 09:56:00-04:00,2020-08-20 09:56:00-04:00,2020-08-20 15:59:00-04:00,L,11362.75,11473.25,11266.25,96.5,219.0,1.1347150259067358,time,1,L|swing
2020-08-21 14:17:00-04:00,2020-08-21 14:17:00-04:00,2020-08-21 15:59:00-04:00,L,11538.5,11554.0,11513.25,25.25,29.0,0.5742574257425742,time,1,L|swing
2020-08-24 10:08:00-04:00,2020-08-24 10:08:00-04:00,2020-08-24 15:59:00-04:00,S,11602.75,11626.5,11722.75,120.0,-49.5,-0.20625,time,1,S|swing
2020-08-26 09:38:00-04:00,2020-08-26 09:38:00-04:00,2020-08-26 10:28:00-04:00,L,11776.75,11808.5,11755.0,21.75,61.5,1.4137931034482758,TP,1,L|swing
2020-08-27 10:11:00-04:00,2020-08-27 10:11:00-04:00,2020-08-27 10:34:00-04:00,S,11915.5,12007.0,12006.75,91.25,-185.0,-1.0136986301369864,SL,1,S|swing
2020-08-27 10:44:00-04:00,2020-08-27 10:44:00-04:00,2020-08-27 12:37:00-04:00,L,11998.0,11924.5,11924.75,73.25,-149.0,-1.0170648464163823,SL,1,L|swing
2020-08-27 14:26:00-04:00,2020-08-27 14:26:00-04:00,2020-08-27 15:57:00-04:00,L,11966.75,11922.0,11922.25,44.5,-91.5,-1.0280898876404494,SL,1,L|swing
2020-08-28 11:35:00-04:00,2020-08-28 11:35:00-04:00,2020-08-28 12:36:00-04:00,L,11993.75,11967.25,11967.5,26.25,-55.0,-1.0476190476190477,SL,1,L|swing
2020-08-28 12:44:00-04:00,2020-08-28 12:44:00-04:00,2020-08-28 15:39:00-04:00,S,11962.0,12000.0,11999.75,37.75,-78.0,-1.033112582781457,SL,1,S|swing
2020-09-01 10:20:00-04:00,2020-09-01 10:20:00-04:00,2020-09-01 15:26:00-04:00,L,12225.0,12284.25,12185.0,40.0,116.5,1.45625,TP,1,L|swing
2020-09-02 09:35:00-04:00,2020-09-02 09:35:00-04:00,2020-09-02 09:56:00-04:00,S,12383.75,12292.25,12445.25,61.5,181.0,1.4715447154471544,TP,1,S|swing
2020-09-04 10:02:00-04:00,2020-09-04 10:02:00-04:00,2020-09-04 10:42:00-04:00,S,11590.0,11210.75,11843.5,253.5,756.5,1.4921104536489151,TP,1,S|swing
2020-09-04 13:41:00-04:00,2020-09-04 13:41:00-04:00,2020-09-04 13:45:00-04:00,S,11436.5,11467.0,11466.75,30.25,-63.0,-1.0413223140495869,SL,1,S|swing
2020-09-07 10:08:00-04:00,2020-09-07 10:08:00-04:00,2020-09-07 10:35:00-04:00,L,11465.5,11494.75,11445.5,20.0,56.5,1.4125,TP,1,L|swing
2020-09-08 11:44:00-04:00,2020-09-08 11:44:00-04:00,2020-09-08 15:59:00-04:00,S,11220.5,11068.75,11334.25,113.75,301.5,1.3252747252747252,time,1,S|swing
2020-09-09 14:59:00-04:00,2020-09-09 14:59:00-04:00,2020-09-09 15:25:00-04:00,L,11424.0,11462.75,11397.5,26.5,75.5,1.4245283018867925,TP,1,L|swing
2020-09-10 11:05:00-04:00,2020-09-10 11:05:00-04:00,2020-09-10 14:23:00-04:00,S,11422.5,11227.25,11553.25,130.75,388.5,1.4856596558317399,TP,1,S|swing
2020-09-11 11:38:00-04:00,2020-09-11 11:38:00-04:00,2020-09-11 13:28:00-04:00,S,11144.5,10967.25,11263.25,118.75,352.5,1.4842105263157894,TP,1,S|swing
2020-09-15 11:20:00-04:00,2020-09-15 11:20:00-04:00,2020-09-15 15:08:00-04:00,L,11450.25,11397.5,11397.75,52.5,-107.5,-1.0238095238095237,SL,1,L|swing
2020-09-18 09:41:00-04:00,2020-09-18 09:41:00-04:00,2020-09-18 10:36:00-04:00,S,11092.0,10995.25,11157.0,65.0,191.5,1.4730769230769232,TP,1,S|swing
2020-09-21 10:35:00-04:00,2020-09-21 10:35:00-04:00,2020-09-21 11:58:00-04:00,S,10704.75,10801.0,10800.75,96.0,-194.5,-1.0130208333333333,SL,1,S|swing
2020-09-21 11:59:00-04:00,2020-09-21 11:59:00-04:00,2020-09-21 15:55:00-04:00,L,10801.75,10945.75,10705.25,96.5,286.0,1.4818652849740932,TP,1,L|swing
2020-09-22 09:50:00-04:00,2020-09-22 09:50:00-04:00,2020-09-22 13:42:00-04:00,S,10959.25,11075.0,11074.75,115.5,-233.5,-1.0108225108225108,SL,1,S|swing
2020-09-24 09:56:00-04:00,2020-09-24 09:56:00-04:00,2020-09-24 15:59:00-04:00,L,10829.75,10877.5,10703.75,126.0,93.5,0.37103174603174605,time,1,L|swing
2020-09-25 09:56:00-04:00,2020-09-25 09:56:00-04:00,2020-09-25 10:00:00-04:00,S,10857.0,10913.75,10913.5,56.5,-115.5,-1.0221238938053097,SL,1,S|swing
2020-09-25 10:35:00-04:00,2020-09-25 10:35:00-04:00,2020-09-25 15:09:00-04:00,L,10956.0,11139.75,10833.0,123.0,365.5,1.4857723577235773,TP,1,L|swing
2020-09-28 13:17:00-04:00,2020-09-28 13:17:00-04:00,2020-09-28 13:24:00-04:00,L,11281.5,11307.25,11263.75,17.75,49.5,1.3943661971830985,TP,1,L|swing
2020-09-29 10:35:00-04:00,2020-09-29 10:35:00-04:00,2020-09-29 15:59:00-04:00,S,11317.5,11310.25,11386.75,69.25,12.5,0.09025270758122744,time,1,S|swing
2020-09-30 14:02:00-04:00,2020-09-30 14:02:00-04:00,2020-09-30 14:26:00-04:00,L,11506.5,11453.0,11453.25,53.25,-109.0,-1.0234741784037558,SL,1,L|swing
2020-10-01 11:53:00-04:00,2020-10-01 11:53:00-04:00,2020-10-01 12:01:00-04:00,L,11534.5,11513.0,11513.25,21.25,-45.0,-1.0588235294117647,SL,1,L|swing
2020-10-01 12:41:00-04:00,2020-10-01 12:41:00-04:00,2020-10-01 14:08:00-04:00,L,11532.75,11497.5,11497.75,35.0,-72.5,-1.0357142857142858,SL,1,L|swing
2020-10-01 14:41:00-04:00,2020-10-01 14:41:00-04:00,2020-10-01 15:59:00-04:00,L,11563.5,11572.5,11496.25,67.25,16.0,0.11895910780669144,time,1,L|swing
2020-10-02 09:44:00-04:00,2020-10-02 09:44:00-04:00,2020-10-02 11:55:00-04:00,L,11401.5,11289.75,11290.0,111.5,-225.5,-1.0112107623318385,SL,1,L|swing
2020-10-05 09:44:00-04:00,2020-10-05 09:44:00-04:00,2020-10-05 10:13:00-04:00,L,11355.5,11409.0,11319.25,36.25,105.0,1.4482758620689655,TP,1,L|swing
2020-10-06 11:17:00-04:00,2020-10-06 11:17:00-04:00,2020-10-06 14:06:00-04:00,S,11417.75,11477.5,11477.25,59.5,-121.5,-1.0210084033613445,SL,1,S|swing
2020-10-08 12:14:00-04:00,2020-10-08 12:14:00-04:00,2020-10-08 13:48:00-04:00,L,11553.25,11512.75,11513.0,40.25,-83.0,-1.031055900621118,SL,1,L|swing
2020-10-12 10:53:00-04:00,2020-10-12 10:53:00-04:00,2020-10-12 11:33:00-04:00,L,11952.25,12023.0,11904.5,47.75,139.5,1.4607329842931938,TP,1,L|swing
2020-10-13 11:23:00-04:00,2020-10-13 11:23:00-04:00,2020-10-13 12:10:00-04:00,L,12164.0,12101.0,12101.25,62.75,-128.0,-1.0199203187250996,SL,1,L|swing
2020-10-13 12:32:00-04:00,2020-10-13 12:32:00-04:00,2020-10-13 13:05:00-04:00,S,12115.0,12085.5,12135.25,20.25,57.0,1.4074074074074074,TP,1,S|swing
2020-10-14 09:44:00-04:00,2020-10-14 09:44:00-04:00,2020-10-14 10:25:00-04:00,L,12139.5,12071.0,12071.25,68.25,-139.0,-1.0183150183150182,SL,1,L|swing
2020-10-15 09:44:00-04:00,2020-10-15 09:44:00-04:00,2020-10-15 10:43:00-04:00,L,11852.75,11753.25,11753.5,99.25,-201.0,-1.012594458438287,SL,1,L|swing
2020-10-15 10:47:00-04:00,2020-10-15 10:47:00-04:00,2020-10-15 11:40:00-04:00,S,11777.5,11849.5,11849.25,71.75,-146.0,-1.0174216027874565,SL,1,S|swing
2020-10-15 12:35:00-04:00,2020-10-15 12:35:00-04:00,2020-10-15 13:45:00-04:00,S,11792.5,11840.25,11840.0,47.5,-97.5,-1.0263157894736843,SL,1,S|swing
2020-10-15 13:53:00-04:00,2020-10-15 13:53:00-04:00,2020-10-15 15:41:00-04:00,L,11834.75,11911.75,11782.75,52.0,152.0,1.4615384615384615,TP,1,L|swing
2020-10-16 11:20:00-04:00,2020-10-16 11:20:00-04:00,2020-10-16 15:59:00-04:00,S,11900.75,11826.5,11978.0,77.25,146.5,0.948220064724919,time,1,S|swing
2020-10-19 09:44:00-04:00,2020-10-19 09:44:00-04:00,2020-10-19 09:54:00-04:00,L,11941.75,11895.75,11896.0,45.75,-94.0,-1.0273224043715847,SL,1,L|swing
2020-10-19 10:08:00-04:00,2020-10-19 10:08:00-04:00,2020-10-19 14:39:00-04:00,S,11846.25,11690.0,11951.0,104.75,310.5,1.4821002386634845,TP,1,S|swing
2020-10-20 10:17:00-04:00,2020-10-20 10:17:00-04:00,2020-10-20 10:55:00-04:00,L,11721.5,11637.75,11638.0,83.5,-169.5,-1.0149700598802396,SL,1,L|swing
2020-10-20 10:56:00-04:00,2020-10-20 10:56:00-04:00,2020-10-20 12:33:00-04:00,S,11646.5,11708.5,11708.25,61.75,-126.0,-1.0202429149797572,SL,1,S|swing
2020-10-21 11:20:00-04:00,2020-10-21 11:20:00-04:00,2020-10-21 12:21:00-04:00,S,11651.25,11721.75,11721.5,70.25,-143.0,-1.0177935943060499,SL,1,S|swing
2020-10-21 13:50:00-04:00,2020-10-21 13:50:00-04:00,2020-10-21 15:46:00-04:00,L,11713.25,11667.0,11667.25,46.0,-94.5,-1.0271739130434783,SL,1,L|swing
2020-10-22 10:17:00-04:00,2020-10-22 10:17:00-04:00,2020-10-22 10:43:00-04:00,S,11632.5,11531.25,11700.5,68.0,200.5,1.474264705882353,TP,1,S|swing
2020-10-22 13:17:00-04:00,2020-10-22 13:17:00-04:00,2020-10-22 15:59:00-04:00,L,11644.5,11653.75,11565.25,79.25,16.5,0.10410094637223975,time,1,L|swing
2020-10-23 09:38:00-04:00,2020-10-23 09:38:00-04:00,2020-10-23 15:59:00-04:00,S,11623.5,11680.25,11682.75,59.25,-115.5,-0.9746835443037974,time,1,S|swing
2020-10-26 09:35:00-04:00,2020-10-26 09:35:00-04:00,2020-10-26 10:03:00-04:00,L,11615.0,11694.25,11561.5,53.5,156.5,1.4626168224299065,TP,1,L|swing
2020-10-26 11:02:00-04:00,2020-10-26 11:02:00-04:00,2020-10-26 13:30:00-04:00,S,11506.75,11350.75,11611.25,104.5,310.0,1.4832535885167464,TP,1,S|swing
2020-10-27 11:05:00-04:00,2020-10-27 11:05:00-04:00,2020-10-27 15:59:00-04:00,L,11560.0,11585.5,11517.0,43.0,49.0,0.5697674418604651,time,1,L|swing
2020-10-28 14:56:00-04:00,2020-10-28 14:56:00-04:00,2020-10-28 15:24:00-04:00,S,11206.0,11248.0,11247.75,41.75,-86.0,-1.029940119760479,SL,1,S|swing
2020-10-30 09:56:00-04:00,2020-10-30 09:56:00-04:00,2020-10-30 13:36:00-04:00,S,11157.25,10971.75,11281.5,124.25,369.0,1.4849094567404426,TP,1,S|swing
2020-11-02 09:53:00-05:00,2020-11-02 09:53:00-05:00,2020-11-02 10:43:00-05:00,L,11202.25,11108.0,11108.25,94.0,-190.5,-1.0132978723404256,SL,1,L|swing
2020-11-02 10:59:00-05:00,2020-11-02 10:59:00-05:00,2020-11-02 12:37:00-05:00,S,11120.5,11046.25,11170.5,50.0,146.5,1.465,TP,1,S|swing
2020-11-03 09:53:00-05:00,2020-11-03 09:53:00-05:00,2020-11-03 10:20:00-05:00,L,11185.25,11310.75,11101.0,84.25,249.0,1.4777448071216617,TP,1,L|swing
2020-11-04 10:20:00-05:00,2020-11-04 10:20:00-05:00,2020-11-04 15:59:00-05:00,L,11767.25,11759.75,11565.75,201.5,-17.0,-0.04218362282878412,time,1,L|swing
2020-11-05 10:11:00-05:00,2020-11-05 10:11:00-05:00,2020-11-05 10:29:00-05:00,L,12094.25,12022.0,12022.25,72.0,-146.5,-1.0173611111111112,SL,1,L|swing
2020-11-05 13:29:00-05:00,2020-11-05 13:29:00-05:00,2020-11-05 14:26:00-05:00,L,12047.75,12077.25,12027.5,20.25,57.0,1.4074074074074074,TP,1,L|swing
2020-11-06 09:59:00-05:00,2020-11-06 09:59:00-05:00,2020-11-06 11:39:00-05:00,S,11899.5,12050.0,12049.75,150.25,-303.0,-1.0083194675540765,SL,1,S|swing
2020-11-09 09:47:00-05:00,2020-11-09 09:47:00-05:00,2020-11-09 09:51:00-05:00,S,12186.5,12141.25,12217.25,30.75,88.5,1.4390243902439024,TP,1,S|swing
2020-11-09 10:20:00-05:00,2020-11-09 10:20:00-05:00,2020-11-09 11:06:00-05:00,L,12258.5,12086.5,12086.75,171.75,-346.0,-1.007278020378457,SL,1,L|swing
2020-11-09 11:11:00-05:00,2020-11-09 11:11:00-05:00,2020-11-09 15:29:00-05:00,S,12102.75,11964.25,12195.75,93.0,275.0,1.478494623655914,TP,1,S|swing
2020-11-10 10:23:00-05:00,2020-11-10 10:23:00-05:00,2020-11-10 11:42:00-05:00,S,11595.25,11690.5,11690.25,95.0,-192.5,-1.013157894736842,SL,1,S|swing
2020-11-10 11:47:00-05:00,2020-11-10 11:47:00-05:00,2020-11-10 15:59:00-05:00,L,11702.0,11619.5,11563.5,138.5,-167.0,-0.6028880866425993,time,1,L|swing
2020-11-11 09:50:00-05:00,2020-11-11 09:50:00-05:00,2020-11-11 15:59:00-05:00,L,11806.5,11880.25,11702.0,104.5,145.5,0.6961722488038278,time,1,L|swing
2020-11-12 11:35:00-05:00,2020-11-12 11:35:00-05:00,2020-11-12 12:50:00-05:00,S,11899.0,11816.75,11954.5,55.5,162.5,1.4639639639639639,TP,1,S|swing
2020-11-13 14:02:00-05:00,2020-11-13 14:02:00-05:00,2020-11-13 14:06:00-05:00,S,11872.5,11879.75,11879.5,7.0,-16.5,-1.1785714285714286,SL,1,S|swing
2020-11-13 14:50:00-05:00,2020-11-13 14:50:00-05:00,2020-11-13 14:55:00-05:00,L,11884.25,11897.25,11875.0,9.25,24.0,1.2972972972972974,TP,1,L|swing
2020-11-16 09:41:00-05:00,2020-11-16 09:41:00-05:00,2020-11-16 15:59:00-05:00,L,11970.0,12013.25,11887.25,82.75,84.5,0.5105740181268882,time,1,L|swing
2020-11-17 11:05:00-05:00,2020-11-17 11:05:00-05:00,2020-11-17 11:20:00-05:00,L,12032.0,12000.5,12000.75,31.25,-65.0,-1.04,SL,1,L|swing
2020-11-17 11:32:00-05:00,2020-11-17 11:32:00-05:00,2020-11-17 13:07:00-05:00,S,11987.25,12033.0,12032.75,45.5,-93.5,-1.0274725274725274,SL,1,S|swing
2020-11-18 11:14:00-05:00,2020-11-18 11:14:00-05:00,2020-11-18 13:56:00-05:00,L,11982.0,11950.0,11950.25,31.75,-66.0,-1.0393700787401574,SL,1,L|swing
2020-11-19 09:35:00-05:00,2020-11-19 09:35:00-05:00,2020-11-19 09:44:00-05:00,S,11856.75,11884.5,11884.25,27.5,-57.5,-1.0454545454545454,SL,1,S|swing
2020-11-19 09:50:00-05:00,2020-11-19 09:50:00-05:00,2020-11-19 14:01:00-05:00,L,11892.25,11967.75,11841.25,51.0,149.0,1.4607843137254901,TP,1,L|swing
2020-11-20 10:53:00-05:00,2020-11-20 10:53:00-05:00,2020-11-20 11:48:00-05:00,L,11999.0,11977.0,11977.25,21.75,-46.0,-1.0574712643678161,SL,1,L|swing
2020-11-20 12:11:00-05:00,2020-11-20 12:11:00-05:00,2020-11-20 12:25:00-05:00,S,11981.25,11992.0,11991.75,10.5,-23.5,-1.119047619047619,SL,1,S|swing
2020-11-20 13:47:00-05:00,2020-11-20 13:47:00-05:00,2020-11-20 14:06:00-05:00,L,11995.25,11979.25,11979.5,15.75,-34.0,-1.0793650793650793,SL,1,L|swing
2020-11-23 09:35:00-05:00,2020-11-23 09:35:00-05:00,2020-11-23 09:45:00-05:00,L,11963.0,11995.75,11940.5,22.5,63.5,1.4111111111111112,TP,1,L|swing
2020-11-23 10:26:00-05:00,2020-11-23 10:26:00-05:00,2020-11-23 15:59:00-05:00,S,11884.5,11904.5,11982.75,98.25,-42.0,-0.21374045801526717,time,1,S|swing
2020-11-24 09:44:00-05:00,2020-11-24 09:44:00-05:00,2020-11-24 10:41:00-05:00,S,11890.75,11962.5,11962.25,71.5,-145.5,-1.0174825174825175,SL,1,S|swing
2020-11-24 10:56:00-05:00,2020-11-24 10:56:00-05:00,2020-11-24 13:40:00-05:00,L,11976.25,12081.5,11905.5,70.75,208.5,1.4734982332155477,TP,1,L|swing
2020-11-25 10:32:00-05:00,2020-11-25 10:32:00-05:00,2020-11-25 10:48:00-05:00,S,12098.25,12117.0,12116.75,18.5,-39.5,-1.0675675675675675,SL,1,S|swing
2020-11-25 11:08:00-05:00,2020-11-25 11:08:00-05:00,2020-11-25 11:41:00-05:00,L,12127.0,12096.0,12096.25,30.75,-64.0,-1.0406504065040652,SL,1,L|swing
2020-11-25 11:56:00-05:00,2020-11-25 11:56:00-05:00,2020-11-25 12:31:00-05:00,S,12096.5,12125.25,12125.0,28.5,-59.5,-1.043859649122807,SL,1,S|swing
2020-11-25 12:41:00-05:00,2020-11-25 12:41:00-05:00,2020-11-25 13:01:00-05:00,L,12117.5,12142.5,12100.25,17.25,48.0,1.391304347826087,TP,1,L|swing
2020-11-26 11:38:00-05:00,2020-11-26 11:38:00-05:00,2020-11-26 11:45:00-05:00,L,12195.75,12190.0,12190.25,5.5,-13.5,-1.2272727272727273,SL,1,L|swing
2020-11-26 12:02:00-05:00,2020-11-26 12:02:00-05:00,2020-11-26 12:18:00-05:00,S,12187.25,12169.0,12200.0,12.75,34.5,1.3529411764705883,TP,1,S|swing
2020-12-01 10:11:00-05:00,2020-12-01 10:11:00-05:00,2020-12-01 10:37:00-05:00,L,12413.0,12368.0,12368.25,44.75,-92.0,-1.0279329608938548,SL,1,L|swing
2020-12-02 10:38:00-05:00,2020-12-02 10:38:00-05:00,2020-12-02 15:59:00-05:00,L,12417.5,12457.25,12369.0,48.5,77.5,0.7989690721649485,time,1,L|swing
2020-12-03 09:53:00-05:00,2020-12-03 09:53:00-05:00,2020-12-03 10:09:00-05:00,L,12487.5,12523.25,12463.0,24.5,69.5,1.4183673469387754,TP,1,L|swing
2020-12-03 11:20:00-05:00,2020-12-03 11:20:00-05:00,2020-12-03 11:55:00-05:00,S,12478.5,12507.75,12507.5,29.0,-60.5,-1.043103448275862,SL,1,S|swing
2020-12-03 12:08:00-05:00,2020-12-03 12:08:00-05:00,2020-12-03 12:36:00-05:00,L,12506.75,12481.75,12482.0,24.75,-52.0,-1.0505050505050506,SL,1,L|swing
2020-12-03 12:47:00-05:00,2020-12-03 12:47:00-05:00,2020-12-03 15:00:00-05:00,S,12477.0,12505.5,12505.25,28.25,-59.0,-1.0442477876106195,SL,1,S|swing
2020-12-04 10:11:00-05:00,2020-12-04 10:11:00-05:00,2020-12-04 15:59:00-05:00,L,12510.0,12529.0,12466.25,43.75,36.0,0.4114285714285714,time,1,L|swing
2020-12-07 14:44:00-05:00,2020-12-07 14:44:00-05:00,2020-12-07 15:44:00-05:00,L,12586.0,12562.5,12562.75,23.25,-49.0,-1.053763440860215,SL,1,L|swing
2020-12-08 09:59:00-05:00,2020-12-08 09:59:00-05:00,2020-12-08 12:00:00-05:00,S,12551.0,12588.0,12587.75,36.75,-76.0,-1.034013605442177,SL,1,S|swing
2020-12-09 09:38:00-05:00,2020-12-09 09:38:00-05:00,2020-12-09 09:52:00-05:00,S,12598.5,12635.5,12635.25,36.75,-76.0,-1.034013605442177,SL,1,S|swing
2020-12-10 10:02:00-05:00,2020-12-10 10:02:00-05:00,2020-12-10 15:59:00-05:00,L,12367.25,12398.0,12217.75,149.5,59.5,0.19899665551839466,time,1,L|swing
2020-12-11 09:56:00-05:00,2020-12-11 09:56:00-05:00,2020-12-11 10:12:00-05:00,S,12320.0,12355.0,12354.75,34.75,-72.0,-1.0359712230215827,SL,1,S|swing
2020-12-11 10:14:00-05:00,2020-12-11 10:14:00-05:00,2020-12-11 11:37:00-05:00,L,12353.25,12274.0,12274.25,79.0,-160.5,-1.0158227848101267,SL,1,L|swing
2020-12-11 13:35:00-05:00,2020-12-11 13:35:00-05:00,2020-12-11 15:16:00-05:00,L,12314.25,12368.25,12277.75,36.5,106.0,1.452054794520548,TP,1,L|swing
2020-12-16 10:53:00-05:00,2020-12-16 10:53:00-05:00,2020-12-16 15:25:00-05:00,L,12627.0,12694.0,12581.75,45.25,132.0,1.4585635359116023,TP,1,L|swing
2020-12-17 10:20:00-05:00,2020-12-17 10:20:00-05:00,2020-12-17 15:54:00-05:00,S,12720.25,12753.5,12753.25,33.0,-68.5,-1.0378787878787878,SL,1,S|swing
2020-12-18 09:53:00-05:00,2020-12-18 09:53:00-05:00,2020-12-18 15:40:00-05:00,S,12718.25,12613.25,12788.75,70.5,208.0,1.475177304964539,TP,1,S|swing
2020-12-21 10:17:00-05:00,2020-12-21 10:17:00-05:00,2020-12-21 12:24:00-05:00,S,12497.25,12609.25,12609.0,111.75,-226.0,-1.0111856823266219,SL,1,S|swing
2020-12-23 09:35:00-05:00,2020-12-23 09:35:00-05:00,2020-12-23 09:46:00-05:00,S,12701.0,12662.5,12727.25,26.25,75.0,1.4285714285714286,TP,1,S|swing
2020-12-23 14:56:00-05:00,2020-12-23 14:56:00-05:00,2020-12-23 15:50:00-05:00,S,12703.75,12681.75,12719.0,15.25,42.0,1.3770491803278688,TP,1,S|swing
2020-12-24 09:38:00-05:00,2020-12-24 09:38:00-05:00,2020-12-24 13:04:00-05:00,L,12699.0,12703.0,12655.75,43.25,6.0,0.06936416184971098,time,1,L|swing
2020-12-28 11:14:00-05:00,2020-12-28 11:14:00-05:00,2020-12-28 13:37:00-05:00,L,12814.25,12845.75,12792.75,21.5,61.0,1.4186046511627908,TP,1,L|swing
2020-12-29 10:05:00-05:00,2020-12-29 10:05:00-05:00,2020-12-29 15:59:00-05:00,S,12856.75,12847.0,12918.5,61.75,17.5,0.1417004048582996,time,1,S|swing
2020-12-30 09:47:00-05:00,2020-12-30 09:47:00-05:00,2020-12-30 15:59:00-05:00,S,12863.5,12843.5,12910.0,46.5,38.0,0.40860215053763443,time,1,S|swing
2020-12-31 11:02:00-05:00,2020-12-31 11:02:00-05:00,2020-12-31 11:10:00-05:00,L,12849.0,12834.75,12835.0,14.0,-30.5,-1.0892857142857142,SL,1,L|swing
2020-12-31 11:20:00-05:00,2020-12-31 11:20:00-05:00,2020-12-31 11:52:00-05:00,S,12839.5,12816.0,12855.75,16.25,45.0,1.3846153846153846,TP,1,S|swing
2020-12-31 14:32:00-05:00,2020-12-31 14:32:00-05:00,2020-12-31 15:59:00-05:00,L,12839.0,12889.75,12804.5,34.5,99.5,1.4420289855072463,TP,1,L|swing
2021-01-05 09:47:00-05:00,2021-01-05 09:47:00-05:00,2021-01-05 15:59:00-05:00,L,12742.75,12791.25,12639.0,103.75,95.0,0.4578313253012048,time,1,L|swing
2021-01-06 09:53:00-05:00,2021-01-06 09:53:00-05:00,2021-01-06 15:59:00-05:00,L,12657.75,12618.0,12551.5,106.25,-81.5,-0.3835294117647059,time,1,L|swing
2021-01-08 10:53:00-05:00,2021-01-08 10:53:00-05:00,2021-01-08 13:23:00-05:00,L,13033.5,12953.0,12953.25,80.25,-163.0,-1.0155763239875388,SL,1,L|swing
2021-01-08 13:26:00-05:00,2021-01-08 13:26:00-05:00,2021-01-08 14:52:00-05:00,S,12984.75,13042.0,13041.75,57.0,-116.5,-1.0219298245614035,SL,1,S|swing
2021-01-08 14:53:00-05:00,2021-01-08 14:53:00-05:00,2021-01-08 15:59:00-05:00,L,13040.0,13091.25,12994.5,45.5,100.5,1.1043956043956045,time,1,L|swing
2021-01-11 11:17:00-05:00,2021-01-11 11:17:00-05:00,2021-01-11 11:26:00-05:00,S,12943.5,12982.5,12982.25,38.75,-80.0,-1.032258064516129,SL,1,S|swing
2021-01-11 13:47:00-05:00,2021-01-11 13:47:00-05:00,2021-01-11 15:59:00-05:00,S,12949.5,12896.5,13005.0,55.5,104.0,0.9369369369369369,time,1,S|swing
2021-01-12 11:50:00-05:00,2021-01-12 11:50:00-05:00,2021-01-12 12:10:00-05:00,S,12867.0,12788.0,12920.25,53.25,156.0,1.4647887323943662,TP,1,S|swing
2021-01-15 10:11:00-05:00,2021-01-15 10:11:00-05:00,2021-01-15 15:59:00-05:00,S,12833.25,12799.5,12925.75,92.5,65.5,0.35405405405405405,time,1,S|swing
2021-01-18 10:11:00-05:00,2021-01-18 10:11:00-05:00,2021-01-18 12:49:00-05:00,L,12809.0,12811.0,12790.5,18.5,2.0,0.05405405405405406,time,1,L|swing
2021-01-19 12:08:00-05:00,2021-01-19 12:08:00-05:00,2021-01-19 12:57:00-05:00,L,12904.5,12947.5,12875.25,29.25,84.0,1.435897435897436,TP,1,L|swing
2021-01-21 10:29:00-05:00,2021-01-21 10:29:00-05:00,2021-01-21 15:59:00-05:00,L,13363.75,13397.25,13308.0,55.75,65.0,0.5829596412556054,time,1,L|swing
2021-01-22 11:53:00-05:00,2021-01-22 11:53:00-05:00,2021-01-22 15:59:00-05:00,L,13372.0,13355.25,13337.0,35.0,-35.5,-0.5071428571428571,time,1,L|swing
2021-01-25 10:56:00-05:00,2021-01-25 10:56:00-05:00,2021-01-25 11:04:00-05:00,S,13421.0,13267.0,13524.25,103.25,306.0,1.4818401937046004,TP,1,S|swing
2021-01-26 10:32:00-05:00,2021-01-26 10:32:00-05:00,2021-01-26 15:59:00-05:00,L,13486.25,13484.75,13439.75,46.5,-5.0,-0.053763440860215055,time,1,L|swing
2021-01-27 11:32:00-05:00,2021-01-27 11:32:00-05:00,2021-01-27 14:51:00-05:00,S,13267.0,13129.5,13359.25,92.25,273.0,1.4796747967479675,TP,1,S|swing
2021-01-29 10:32:00-05:00,2021-01-29 10:32:00-05:00,2021-01-29 11:13:00-05:00,L,13130.75,13023.5,13023.75,107.0,-216.5,-1.0116822429906542,SL,1,L|swing
2021-01-29 14:41:00-05:00,2021-01-29 14:41:00-05:00,2021-01-29 15:01:00-05:00,S,12879.25,12958.0,12957.75,78.5,-159.5,-1.015923566878981,SL,1,S|swing
2021-02-01 09:41:00-05:00,2021-02-01 09:41:00-05:00,2021-02-01 09:47:00-05:00,L,13068.5,13034.0,13034.25,34.25,-71.0,-1.0364963503649636,SL,1,L|swing
2021-02-01 09:56:00-05:00,2021-02-01 09:56:00-05:00,2021-02-01 10:35:00-05:00,S,13006.5,13103.25,13103.0,96.5,-195.5,-1.0129533678756477,SL,1,S|swing
2021-02-01 10:38:00-05:00,2021-02-01 10:38:00-05:00,2021-02-01 12:14:00-05:00,L,13084.75,13222.25,12992.5,92.25,273.0,1.4796747967479675,TP,1,L|swing
2021-02-04 09:38:00-05:00,2021-02-04 09:38:00-05:00,2021-02-04 12:37:00-05:00,S,13435.5,13480.75,13480.5,45.0,-92.5,-1.0277777777777777,SL,1,S|swing
2021-02-05 11:50:00-05:00,2021-02-05 11:50:00-05:00,2021-02-05 15:59:00-05:00,L,13576.5,13596.5,13534.5,42.0,38.0,0.4523809523809524,time,1,L|swing
2021-02-08 11:26:00-05:00,2021-02-08 11:26:00-05:00,2021-02-08 15:56:00-05:00,S,13637.75,13677.25,13677.0,39.25,-81.0,-1.0318471337579618,SL,1,S|swing
2021-02-09 09:56:00-05:00,2021-02-09 09:56:00-05:00,2021-02-09 15:59:00-05:00,L,13697.25,13680.25,13636.75,60.5,-36.0,-0.2975206611570248,time,1,L|swing
2021-02-10 10:05:00-05:00,2021-02-10 10:05:00-05:00,2021-02-10 10:12:00-05:00,L,13746.25,13713.5,13713.75,32.5,-67.5,-1.0384615384615385,SL,1,L|swing
2021-02-10 10:14:00-05:00,2021-02-10 10:14:00-05:00,2021-02-10 10:21:00-05:00,S,13702.75,13627.5,13753.5,50.75,148.5,1.4630541871921183,TP,1,S|swing
2021-02-11 10:56:00-05:00,2021-02-11 10:56:00-05:00,2021-02-11 12:19:00-05:00,L,13728.25,13683.0,13683.25,45.0,-92.5,-1.0277777777777777,SL,1,L|swing
2021-02-11 12:29:00-05:00,2021-02-11 12:29:00-05:00,2021-02-11 15:59:00-05:00,S,13648.75,13735.75,13735.5,86.75,-176.0,-1.0144092219020173,SL,1,S|swing
2021-02-12 10:47:00-05:00,2021-02-12 10:47:00-05:00,2021-02-12 15:59:00-05:00,L,13723.25,13803.5,13664.0,59.25,158.5,1.3375527426160339,time,1,L|swing
2021-02-16 11:02:00-05:00,2021-02-16 11:02:00-05:00,2021-02-16 11:30:00-05:00,S,13834.0,13772.25,13875.75,41.75,121.5,1.4550898203592815,TP,1,S|swing
2021-02-16 13:53:00-05:00,2021-02-16 13:53:00-05:00,2021-02-16 14:34:00-05:00,S,13756.5,13796.25,13796.0,39.5,-81.5,-1.0316455696202531,SL,1,S|swing
2021-02-18 12:11:00-05:00,2021-02-18 12:11:00-05:00,2021-02-18 12:19:00-05:00,S,13510.25,13538.0,13537.75,27.5,-57.5,-1.0454545454545454,SL,1,S|swing
2021-02-19 09:38:00-05:00,2021-02-19 09:38:00-05:00,2021-02-19 12:40:00-05:00,S,13663.5,13580.0,13719.75,56.25,165.0,1.4666666666666666,TP,1,S|swing
2021-02-22 10:32:00-05:00,2021-02-22 10:32:00-05:00,2021-02-22 15:59:00-05:00,S,13338.5,13227.0,13445.75,107.25,221.0,1.0303030303030303,time,1,S|swing
2021-02-23 10:47:00-05:00,2021-02-23 10:47:00-05:00,2021-02-23 12:15:00-05:00,L,13082.75,12916.25,12916.5,166.25,-335.0,-1.0075187969924813,SL,1,L|swing
2021-02-23 13:38:00-05:00,2021-02-23 13:38:00-05:00,2021-02-23 15:13:00-05:00,L,13044.75,13190.5,12947.0,97.75,289.5,1.4808184143222507,TP,1,L|swing
2021-02-24 11:17:00-05:00,2021-02-24 11:17:00-05:00,2021-02-24 15:59:00-05:00,L,13155.0,13294.25,13040.25,114.75,276.5,1.2047930283224402,time,1,L|swing
2021-02-25 09:35:00-05:00,2021-02-25 09:35:00-05:00,2021-02-25 10:06:00-05:00,L,13272.75,13155.0,13155.25,117.5,-237.5,-1.0106382978723405,SL,1,L|swing
2021-02-25 10:26:00-05:00,2021-02-25 10:26:00-05:00,2021-02-25 11:48:00-05:00,S,13152.5,13019.5,13241.75,89.25,264.0,1.4789915966386555,TP,1,S|swing
2021-02-26 11:11:00-05:00,2021-02-26 11:11:00-05:00,2021-02-26 12:10:00-05:00,L,12948.75,13062.25,12872.5,76.25,225.0,1.4754098360655739,TP,1,L|swing
2021-03-02 09:50:00-05:00,2021-03-02 09:50:00-05:00,2021-03-02 15:59:00-05:00,S,13183.75,13058.25,13303.5,119.75,249.0,1.0396659707724425,time,1,S|swing
2021-03-03 12:11:00-05:00,2021-03-03 12:11:00-05:00,2021-03-03 13:46:00-05:00,S,12879.5,12786.25,12942.25,62.75,184.5,1.4701195219123506,TP,1,S|swing
2021-03-04 10:08:00-05:00,2021-03-04 10:08:00-05:00,2021-03-04 11:02:00-05:00,S,12551.75,12762.0,12761.75,210.0,-422.5,-1.005952380952381,SL,1,S|swing
2021-03-04 12:38:00-05:00,2021-03-04 12:38:00-05:00,2021-03-04 15:59:00-05:00,S,12572.0,12471.75,12772.0,200.0,198.5,0.49625,time,1,S|swing
2021-03-05 12:32:00-05:00,2021-03-05 12:32:00-05:00,2021-03-05 14:56:00-05:00,L,12456.0,12669.25,12313.25,142.75,424.5,1.4868651488616462,TP,1,L|swing
2021-03-10 10:41:00-05:00,2021-03-10 10:41:00-05:00,2021-03-10 15:59:00-05:00,S,12788.0,12752.5,12921.5,133.5,69.0,0.25842696629213485,time,1,S|swing
2021-03-11 10:47:00-05:00,2021-03-11 10:47:00-05:00,2021-03-11 13:05:00-05:00,L,12989.0,13103.25,12912.25,76.75,226.5,1.47557003257329,TP,1,L|swing
2021-03-15 09:59:00-04:00,2021-03-15 09:59:00-04:00,2021-03-15 11:34:00-04:00,L,12961.25,12896.0,12896.25,65.0,-132.5,-1.0192307692307692,SL,1,L|swing
2021-03-15 11:38:00-04:00,2021-03-15 11:38:00-04:00,2021-03-15 14:00:00-04:00,S,12887.75,12988.25,12988.0,100.25,-203.0,-1.0124688279301746,SL,1,S|swing
2021-03-19 11:08:00-04:00,2021-03-19 11:08:00-04:00,2021-03-19 11:24:00-04:00,L,12830.75,12798.0,12798.25,32.5,-67.5,-1.0384615384615385,SL,1,L|swing
2021-03-22 09:38:00-04:00,2021-03-22 09:38:00-04:00,2021-03-22 10:01:00-04:00,L,12966.25,13024.25,12927.0,39.25,114.0,1.4522292993630572,TP,1,L|swing
2021-03-23 11:05:00-04:00,2021-03-23 11:05:00-04:00,2021-03-23 14:59:00-04:00,L,13126.5,13050.5,13050.75,75.75,-154.0,-1.0165016501650166,SL,1,L|swing
2021-03-24 12:02:00-04:00,2021-03-24 12:02:00-04:00,2021-03-24 14:55:00-04:00,S,12964.0,12868.5,13028.25,64.25,189.0,1.4708171206225682,TP,1,S|swing
2021-03-25 10:05:00-04:00,2021-03-25 10:05:00-04:00,2021-03-25 10:36:00-04:00,L,12821.75,12720.25,12720.5,101.25,-205.0,-1.0123456790123457,SL,1,L|swing
2021-03-25 10:53:00-04:00,2021-03-25 10:53:00-04:00,2021-03-25 15:03:00-04:00,S,12642.75,12799.0,12798.75,156.0,-314.5,-1.0080128205128205,SL,1,S|swing
2021-03-26 11:59:00-04:00,2021-03-26 11:59:00-04:00,2021-03-26 14:07:00-04:00,L,12839.25,12758.5,12758.75,80.5,-163.5,-1.015527950310559,SL,1,L|swing
2021-03-29 14:38:00-04:00,2021-03-29 14:38:00-04:00,2021-03-29 15:12:00-04:00,S,12906.25,12945.25,12945.0,38.75,-80.0,-1.032258064516129,SL,1,S|swing
2021-03-30 09:47:00-04:00,2021-03-30 09:47:00-04:00,2021-03-30 11:32:00-04:00,S,12824.75,12888.5,12888.25,63.5,-129.5,-1.0196850393700787,SL,1,S|swing
2021-03-30 12:41:00-04:00,2021-03-30 12:41:00-04:00,2021-03-30 13:01:00-04:00,S,12856.5,12833.25,12872.5,16.0,44.5,1.390625,TP,1,S|swing
2021-03-30 14:29:00-04:00,2021-03-30 14:29:00-04:00,2021-03-30 14:31:00-04:00,S,12850.25,12868.5,12868.25,18.0,-38.5,-1.0694444444444444,SL,1,S|swing
2021-03-30 14:41:00-04:00,2021-03-30 14:41:00-04:00,2021-03-30 15:59:00-04:00,L,12870.25,12895.25,12834.5,35.75,48.0,0.6713286713286714,time,1,L|swing
2021-04-01 12:44:00-04:00,2021-04-01 12:44:00-04:00,2021-04-01 13:16:00-04:00,L,13297.0,13275.0,13275.25,21.75,-46.0,-1.0574712643678161,SL,1,L|swing
2021-04-01 14:29:00-04:00,2021-04-01 14:29:00-04:00,2021-04-01 15:59:00-04:00,L,13299.0,13314.0,13275.0,24.0,28.0,0.5833333333333334,time,1,L|swing
2021-04-06 10:02:00-04:00,2021-04-06 10:02:00-04:00,2021-04-06 15:59:00-04:00,L,13605.5,13571.75,13538.5,67.0,-69.5,-0.5186567164179104,time,1,L|swing
2021-04-07 10:05:00-04:00,2021-04-07 10:05:00-04:00,2021-04-07 15:59:00-04:00,L,13590.0,13604.25,13516.25,73.75,26.5,0.17966101694915254,time,1,L|swing
2021-04-08 09:41:00-04:00,2021-04-08 09:41:00-04:00,2021-04-08 09:47:00-04:00,L,13728.0,13708.75,13709.0,19.0,-40.5,-1.0657894736842106,SL,1,L|swing
2021-04-08 11:44:00-04:00,2021-04-08 11:44:00-04:00,2021-04-08 15:59:00-04:00,L,13723.75,13749.25,13696.0,27.75,49.0,0.8828828828828829,time,1,L|swing
2021-04-09 10:11:00-04:00,2021-04-09 10:11:00-04:00,2021-04-09 15:59:00-04:00,L,13741.75,13829.0,13672.25,69.5,172.5,1.2410071942446044,time,1,L|swing
2021-04-12 09:50:00-04:00,2021-04-12 09:50:00-04:00,2021-04-12 12:34:00-04:00,S,13752.25,13810.0,13809.75,57.5,-117.5,-1.0217391304347827,SL,1,S|swing
2021-04-13 12:47:00-04:00,2021-04-13 12:47:00-04:00,2021-04-13 12:49:00-04:00,L,13913.75,13918.5,13910.0,3.75,7.5,1.0,TP,1,L|swing
2021-04-15 12:44:00-04:00,2021-04-15 12:44:00-04:00,2021-04-15 15:59:00-04:00,L,14006.5,14015.75,13957.75,48.75,16.5,0.16923076923076924,time,1,L|swing
2021-04-16 09:38:00-04:00,2021-04-16 09:38:00-04:00,2021-04-16 15:59:00-04:00,S,13982.0,14031.25,14047.75,65.75,-100.5,-0.7642585551330798,time,1,S|swing
2021-04-19 10:17:00-04:00,2021-04-19 10:17:00-04:00,2021-04-19 15:59:00-04:00,S,13908.0,13904.25,14007.5,99.5,5.5,0.02763819095477387,time,1,S|swing
2021-04-20 10:50:00-04:00,2021-04-20 10:50:00-04:00,2021-04-20 15:59:00-04:00,S,13819.75,13799.5,13895.25,75.5,38.5,0.25496688741721857,time,1,S|swing
2021-04-21 10:02:00-04:00,2021-04-21 10:02:00-04:00,2021-04-21 15:55:00-04:00,L,13790.5,13925.25,13700.0,90.5,267.5,1.477900552486188,TP,1,L|swing
2021-04-22 09:47:00-04:00,2021-04-22 09:47:00-04:00,2021-04-22 10:28:00-04:00,S,13871.0,13914.75,13914.5,43.5,-89.5,-1.028735632183908,SL,1,S|swing
2021-04-22 10:44:00-04:00,2021-04-22 10:44:00-04:00,2021-04-22 13:07:00-04:00,L,13920.25,13869.75,13870.0,50.25,-103.0,-1.0248756218905473,SL,1,L|swing
2021-04-22 13:20:00-04:00,2021-04-22 13:20:00-04:00,2021-04-22 15:59:00-04:00,S,13794.0,13750.75,13942.25,148.25,84.5,0.28499156829679595,time,1,S|swing
2021-04-27 13:56:00-04:00,2021-04-27 13:56:00-04:00,2021-04-27 14:04:00-04:00,S,13958.25,13941.25,13970.25,12.0,32.0,1.3333333333333333,TP,1,S|swing
2021-04-28 10:02:00-04:00,2021-04-28 10:02:00-04:00,2021-04-28 12:00:00-04:00,L,13968.5,13885.0,13885.25,83.25,-169.0,-1.015015015015015,SL,1,L|swing
2021-04-29 09:41:00-04:00,2021-04-29 09:41:00-04:00,2021-04-29 09:58:00-04:00,S,14017.75,13953.25,14061.25,43.5,127.0,1.4597701149425288,TP,1,S|swing
2021-04-30 12:11:00-04:00,2021-04-30 12:11:00-04:00,2021-04-30 12:34:00-04:00,L,13910.25,13889.5,13889.75,20.5,-43.5,-1.0609756097560976,SL,1,L|swing
2021-05-03 09:50:00-04:00,2021-05-03 09:50:00-04:00,2021-05-03 10:07:00-04:00,S,13879.25,13916.75,13916.5,37.25,-77.0,-1.0335570469798658,SL,1,S|swing
2021-05-03 10:23:00-04:00,2021-05-03 10:23:00-04:00,2021-05-03 10:52:00-04:00,L,13924.75,13857.75,13858.0,66.75,-136.0,-1.0187265917602997,SL,1,L|swing
2021-05-03 11:02:00-04:00,2021-05-03 11:02:00-04:00,2021-05-03 15:59:00-04:00,S,13839.25,13790.5,13937.0,97.75,95.5,0.4884910485933504,time,1,S|swing
2021-05-05 10:05:00-04:00,2021-05-05 10:05:00-04:00,2021-05-05 15:59:00-04:00,S,13559.5,13494.25,13662.5,103.0,128.5,0.6237864077669902,time,1,S|swing
2021-05-06 11:38:00-04:00,2021-05-06 11:38:00-04:00,2021-05-06 15:59:00-04:00,L,13528.25,13596.25,13407.25,121.0,134.0,0.5537190082644629,time,1,L|swing
2021-05-10 13:05:00-04:00,2021-05-10 13:05:00-04:00,2021-05-10 13:23:00-04:00,S,13494.75,13512.5,13512.25,17.5,-37.5,-1.0714285714285714,SL,1,S|swing
2021-05-11 09:50:00-04:00,2021-05-11 09:50:00-04:00,2021-05-11 15:59:00-04:00,L,13203.5,13343.75,13083.5,120.0,278.5,1.1604166666666667,time,1,L|swing
2021-05-13 14:35:00-04:00,2021-05-13 14:35:00-04:00,2021-05-13 15:59:00-04:00,L,13127.0,13097.75,13070.25,56.75,-60.5,-0.5330396475770925,time,1,L|swing
2021-05-18 10:44:00-04:00,2021-05-18 10:44:00-04:00,2021-05-18 11:33:00-04:00,L,13373.75,13344.25,13344.5,29.25,-61.0,-1.0427350427350428,SL,1,L|swing
2021-05-18 11:56:00-04:00,2021-05-18 11:56:00-04:00,2021-05-18 14:34:00-04:00,S,13341.0,13281.25,13381.5,40.5,117.5,1.4506172839506173,TP,1,S|swing
2021-05-21 09:47:00-04:00,2021-05-21 09:47:00-04:00,2021-05-21 12:54:00-04:00,S,13502.75,13402.75,13570.0,67.25,198.0,1.4721189591078068,TP,1,S|swing
2021-05-25 14:23:00-04:00,2021-05-25 14:23:00-04:00,2021-05-25 14:43:00-04:00,S,13638.0,13653.25,13653.0,15.0,-32.5,-1.0833333333333333,SL,1,S|swing
2021-05-26 11:02:00-04:00,2021-05-26 11:02:00-04:00,2021-05-26 11:31:00-04:00,L,13709.0,13690.5,13690.75,18.25,-39.0,-1.0684931506849316,SL,1,L|swing
2021-05-26 13:38:00-04:00,2021-05-26 13:38:00-04:00,2021-05-26 14:45:00-04:00,S,13695.75,13710.25,13710.0,14.25,-31.0,-1.087719298245614,SL,1,S|swing
2021-05-28 09:50:00-04:00,2021-05-28 09:50:00-04:00,2021-05-28 10:06:00-04:00,L,13707.0,13730.25,13691.0,16.0,44.5,1.390625,TP,1,L|swing
2021-05-31 09:53:00-04:00,2021-05-31 09:53:00-04:00,2021-05-31 10:54:00-04:00,S,13673.25,13663.25,13680.5,7.25,18.0,1.2413793103448276,TP,1,S|swing
2021-05-31 12:38:00-04:00,2021-05-31 12:38:00-04:00,2021-05-31 12:49:00-04:00,S,13659.75,13658.5,13674.5,14.75,0.5,0.01694915254237288,time,1,S|swing
2021-06-01 10:02:00-04:00,2021-06-01 10:02:00-04:00,2021-06-01 10:51:00-04:00,S,13711.5,13619.75,13773.25,61.75,181.5,1.4696356275303644,TP,1,S|swing
2021-06-01 13:29:00-04:00,2021-06-01 13:29:00-04:00,2021-06-01 14:07:00-04:00,S,13651.0,13665.0,13664.75,13.75,-30.0,-1.0909090909090908,SL,1,S|swing
2021-06-02 12:32:00-04:00,2021-06-02 12:32:00-04:00,2021-06-02 15:59:00-04:00,S,13660.5,13674.5,13699.75,39.25,-30.0,-0.3821656050955414,time,1,S|swing
2021-06-03 09:41:00-04:00,2021-06-03 09:41:00-04:00,2021-06-03 10:59:00-04:00,S,13507.25,13571.25,13571.0,63.75,-130.0,-1.0196078431372548,SL,1,S|swing
2021-06-03 11:08:00-04:00,2021-06-03 11:08:00-04:00,2021-06-03 15:59:00-04:00,L,13601.0,13527.75,13479.75,121.25,-148.5,-0.6123711340206186,time,1,L|swing
2021-06-07 12:14:00-04:00,2021-06-07 12:14:00-04:00,2021-06-07 15:59:00-04:00,L,13759.25,13801.75,13723.0,36.25,83.0,1.1448275862068966,time,1,L|swing
2021-06-09 12:44:00-04:00,2021-06-09 12:44:00-04:00,2021-06-09 14:49:00-04:00,L,13863.25,13842.5,13842.75,20.5,-43.5,-1.0609756097560976,SL,1,L|swing
2021-06-10 11:38:00-04:00,2021-06-10 11:38:00-04:00,2021-06-10 15:59:00-04:00,L,13913.5,13959.75,13861.5,52.0,90.5,0.8701923076923077,time,1,L|swing
2021-06-11 10:32:00-04:00,2021-06-11 10:32:00-04:00,2021-06-11 10:39:00-04:00,L,13977.75,13958.0,13958.25,19.5,-41.5,-1.064102564102564,SL,1,L|swing
2021-06-11 10:44:00-04:00,2021-06-11 10:44:00-04:00,2021-06-11 15:54:00-04:00,S,13951.75,13985.5,13985.25,33.5,-69.5,-1.037313432835821,SL,1,S|swing
2021-06-16 14:02:00-04:00,2021-06-16 14:02:00-04:00,2021-06-16 15:59:00-04:00,S,13940.0,13976.0,14039.5,99.5,-74.0,-0.37185929648241206,time,1,S|swing
2021-06-17 13:26:00-04:00,2021-06-17 13:26:00-04:00,2021-06-17 15:59:00-04:00,L,14154.0,14156.0,14101.25,52.75,2.0,0.018957345971563982,time,1,L|swing
2021-06-18 11:02:00-04:00,2021-06-18 11:02:00-04:00,2021-06-18 11:13:00-04:00,S,14088.75,14034.75,14125.25,36.5,106.0,1.452054794520548,TP,1,S|swing
2021-06-18 14:44:00-04:00,2021-06-18 14:44:00-04:00,2021-06-18 15:44:00-04:00,S,14049.25,14093.0,14092.75,43.5,-89.5,-1.028735632183908,SL,1,S|swing
2021-06-21 10:47:00-04:00,2021-06-21 10:47:00-04:00,2021-06-21 15:59:00-04:00,L,14089.0,14128.0,14012.75,76.25,76.0,0.49836065573770494,time,1,L|swing
2021-06-22 10:17:00-04:00,2021-06-22 10:17:00-04:00,2021-06-22 11:27:00-04:00,L,14154.5,14214.0,14114.25,40.25,117.0,1.453416149068323,TP,1,L|swing
2021-06-23 11:11:00-04:00,2021-06-23 11:11:00-04:00,2021-06-23 12:08:00-04:00,S,14259.25,14289.5,14289.25,30.0,-62.5,-1.0416666666666667,SL,1,S|swing
2021-06-23 12:26:00-04:00,2021-06-23 12:26:00-04:00,2021-06-23 12:31:00-04:00,L,14278.0,14271.0,14271.25,6.75,-16.0,-1.1851851851851851,SL,1,L|swing
2021-06-23 12:32:00-04:00,2021-06-23 12:32:00-04:00,2021-06-23 12:40:00-04:00,S,14266.75,14232.0,14290.5,23.75,67.5,1.4210526315789473,TP,1,S|swing
2021-06-23 13:44:00-04:00,2021-06-23 13:44:00-04:00,2021-06-23 13:48:00-04:00,L,14275.5,14270.25,14270.5,5.0,-12.5,-1.25,SL,1,L|swing
2021-06-25 10:02:00-04:00,2021-06-25 10:02:00-04:00,2021-06-25 15:59:00-04:00,S,14334.0,14339.5,14391.0,57.0,-13.0,-0.11403508771929824,time,1,S|swing
2021-06-28 14:47:00-04:00,2021-06-28 14:47:00-04:00,2021-06-28 14:59:00-04:00,L,14480.0,14502.75,14464.25,15.75,43.5,1.380952380952381,TP,1,L|swing
2021-06-30 10:59:00-04:00,2021-06-30 10:59:00-04:00,2021-06-30 11:35:00-04:00,L,14569.25,14540.5,14540.75,28.5,-59.5,-1.043859649122807,SL,1,L|swing
2021-06-30 11:50:00-04:00,2021-06-30 11:50:00-04:00,2021-06-30 11:53:00-04:00,S,14550.5,14555.25,14555.0,4.5,-11.5,-1.2777777777777777,SL,1,S|swing
2021-06-30 14:11:00-04:00,2021-06-30 14:11:00-04:00,2021-06-30 15:24:00-04:00,S,14530.0,14556.5,14556.25,26.25,-55.0,-1.0476190476190477,SL,1,S|swing
2021-07-01 10:32:00-04:00,2021-07-01 10:32:00-04:00,2021-07-01 11:11:00-04:00,S,14529.75,14491.75,14555.75,26.0,74.0,1.4230769230769231,TP,1,S|swing
2021-07-02 11:47:00-04:00,2021-07-02 11:47:00-04:00,2021-07-02 15:31:00-04:00,L,14660.5,14707.75,14628.5,32.0,92.5,1.4453125,TP,1,L|swing
2021-07-05 09:47:00-04:00,2021-07-05 09:47:00-04:00,2021-07-05 12:49:00-04:00,S,14694.0,14696.0,14706.0,12.0,-6.0,-0.25,time,1,S|swing
2021-07-06 13:38:00-04:00,2021-07-06 13:38:00-04:00,2021-07-06 13:47:00-04:00,L,14719.0,14739.75,14704.5,14.5,39.5,1.3620689655172413,TP,1,L|swing
2021-07-07 12:14:00-04:00,2021-07-07 12:14:00-04:00,2021-07-07 12:29:00-04:00,L,14819.5,14795.25,14795.5,24.0,-50.5,-1.0520833333333333,SL,1,L|swing
2021-07-07 13:20:00-04:00,2021-07-07 13:20:00-04:00,2021-07-07 14:01:00-04:00,S,14789.25,14807.0,14806.75,17.5,-37.5,-1.0714285714285714,SL,1,S|swing
2021-07-07 14:14:00-04:00,2021-07-07 14:14:00-04:00,2021-07-07 15:59:00-04:00,L,14812.75,14801.75,14782.0,30.75,-24.0,-0.3902439024390244,time,1,L|swing
2021-07-09 10:23:00-04:00,2021-07-09 10:23:00-04:00,2021-07-09 11:00:00-04:00,L,14725.75,14778.5,14690.0,35.75,103.5,1.4475524475524475,TP,1,L|swing
2021-07-09 14:38:00-04:00,2021-07-09 14:38:00-04:00,2021-07-09 15:59:00-04:00,L,14814.5,14810.0,14796.25,18.25,-11.0,-0.3013698630136986,time,1,L|swing
2021-07-12 09:56:00-04:00,2021-07-12 09:56:00-04:00,2021-07-12 15:59:00-04:00,S,14828.75,14868.75,14889.0,60.25,-82.0,-0.6804979253112033,time,1,S|swing
2021-07-13 10:08:00-04:00,2021-07-13 10:08:00-04:00,2021-07-13 14:03:00-04:00,L,14922.0,14841.5,14841.75,80.25,-163.0,-1.0155763239875388,SL,1,L|swing
2021-07-14 11:32:00-04:00,2021-07-14 11:32:00-04:00,2021-07-14 15:59:00-04:00,S,14925.0,14894.75,14980.75,55.75,58.5,0.5246636771300448,time,1,S|swing
2021-07-16 10:08:00-04:00,2021-07-16 10:08:00-04:00,2021-07-16 11:46:00-04:00,S,14797.0,14700.25,14862.0,65.0,191.5,1.4730769230769232,TP,1,S|swing
2021-07-16 14:02:00-04:00,2021-07-16 14:02:00-04:00,2021-07-16 15:30:00-04:00,S,14725.75,14677.25,14758.75,33.0,95.0,1.4393939393939394,TP,1,S|swing
2021-07-19 12:38:00-04:00,2021-07-19 12:38:00-04:00,2021-07-19 15:59:00-04:00,S,14481.75,14537.5,14537.25,55.5,-113.5,-1.0225225225225225,SL,1,S|swing
2021-07-20 10:44:00-04:00,2021-07-20 10:44:00-04:00,2021-07-20 12:45:00-04:00,L,14631.25,14730.75,14564.25,67.0,197.0,1.4701492537313432,TP,1,L|swing
2021-07-21 13:02:00-04:00,2021-07-21 13:02:00-04:00,2021-07-21 13:24:00-04:00,S,14736.5,14772.75,14772.5,36.0,-74.5,-1.0347222222222223,SL,1,S|swing
2021-07-21 13:47:00-04:00,2021-07-21 13:47:00-04:00,2021-07-21 15:54:00-04:00,L,14780.5,14821.75,14752.5,28.0,80.5,1.4375,TP,1,L|swing
2021-07-22 09:44:00-04:00,2021-07-22 09:44:00-04:00,2021-07-22 15:59:00-04:00,L,14887.75,14928.5,14833.5,54.25,79.5,0.7327188940092166,time,1,L|swing
2021-07-23 10:23:00-04:00,2021-07-23 10:23:00-04:00,2021-07-23 10:56:00-04:00,L,14988.0,15018.75,14967.0,21.0,59.5,1.4166666666666667,TP,1,L|swing
2021-07-26 09:59:00-04:00,2021-07-26 09:59:00-04:00,2021-07-26 15:59:00-04:00,L,15099.25,15116.5,15040.0,59.25,32.5,0.2742616033755274,time,1,L|swing
2021-07-28 09:44:00-04:00,2021-07-28 09:44:00-04:00,2021-07-28 10:10:00-04:00,S,14908.75,15023.0,15022.75,114.0,-230.5,-1.0109649122807018,SL,1,S|swing
2021-07-28 10:29:00-04:00,2021-07-28 10:29:00-04:00,2021-07-28 13:15:00-04:00,L,15053.25,14973.0,14973.25,80.0,-162.5,-1.015625,SL,1,L|swing
2021-07-29 09:35:00-04:00,2021-07-29 09:35:00-04:00,2021-07-29 15:59:00-04:00,L,15038.5,15034.75,14982.0,56.5,-9.5,-0.084070796460177,time,1,L|swing
2021-07-30 09:44:00-04:00,2021-07-30 09:44:00-04:00,2021-07-30 15:59:00-04:00,L,14913.75,14954.75,14857.25,56.5,80.0,0.7079646017699115,time,1,L|swing
2021-08-02 09:41:00-04:00,2021-08-02 09:41:00-04:00,2021-08-02 11:19:00-04:00,S,14971.75,15044.75,15044.5,72.75,-148.0,-1.0171821305841924,SL,1,S|swing
2021-08-02 12:17:00-04:00,2021-08-02 12:17:00-04:00,2021-08-02 15:59:00-04:00,S,14986.75,14955.25,15042.0,55.25,61.0,0.5520361990950227,time,1,S|swing
2021-08-03 09:59:00-04:00,2021-08-03 09:59:00-04:00,2021-08-03 11:57:00-04:00,S,14907.0,15009.25,15009.0,102.0,-206.5,-1.0122549019607843,SL,1,S|swing
2021-08-03 11:59:00-04:00,2021-08-03 11:59:00-04:00,2021-08-03 15:59:00-04:00,L,15011.0,15043.5,14885.75,125.25,63.0,0.25149700598802394,time,1,L|swing
2021-08-04 10:29:00-04:00,2021-08-04 10:29:00-04:00,2021-08-04 12:12:00-04:00,S,15018.5,15063.5,15063.25,44.75,-92.0,-1.0279329608938548,SL,1,S|swing
2021-08-05 09:56:00-04:00,2021-08-05 09:56:00-04:00,2021-08-05 15:59:00-04:00,L,15111.75,15169.75,15072.5,39.25,114.0,1.4522292993630572,TP,1,L|swing
2021-08-06 14:38:00-04:00,2021-08-06 14:38:00-04:00,2021-08-06 15:59:00-04:00,S,15089.0,15096.0,15102.75,13.75,-16.0,-0.5818181818181818,time,1,S|swing
2021-08-09 10:32:00-04:00,2021-08-09 10:32:00-04:00,2021-08-09 15:59:00-04:00,L,15132.25,15122.5,15086.0,46.25,-21.5,-0.23243243243243245,time,1,L|swing
2021-08-10 13:32:00-04:00,2021-08-10 13:32:00-04:00,2021-08-10 14:04:00-04:00,S,15053.5,15035.75,15066.0,12.5,33.5,1.34,TP,1,S|swing
2021-08-11 13:11:00-04:00,2021-08-11 13:11:00-04:00,2021-08-11 13:43:00-04:00,L,15027.0,14992.25,14992.5,34.5,-71.5,-1.036231884057971,SL,1,L|swing
2021-08-11 14:23:00-04:00,2021-08-11 14:23:00-04:00,2021-08-11 14:40:00-04:00,S,14998.5,15018.0,15017.75,19.25,-41.0,-1.0649350649350648,SL,1,S|swing
2021-08-12 10:44:00-04:00,2021-08-12 10:44:00-04:00,2021-08-12 15:59:00-04:00,L,15026.0,15076.0,14975.25,50.75,98.0,0.9655172413793104,time,1,L|swing
2021-08-13 13:14:00-04:00,2021-08-13 13:14:00-04:00,2021-08-13 14:42:00-04:00,L,15117.5,15096.75,15097.0,20.5,-43.5,-1.0609756097560976,SL,1,L|swing
2021-08-16 10:02:00-04:00,2021-08-16 10:02:00-04:00,2021-08-16 10:30:00-04:00,S,15036.25,14923.25,15112.25,76.0,224.0,1.4736842105263157,TP,1,S|swing
2021-08-17 11:29:00-04:00,2021-08-17 11:29:00-04:00,2021-08-17 12:47:00-04:00,S,14982.75,14913.25,15029.75,47.0,137.0,1.4574468085106382,TP,1,S|swing
2021-08-18 10:05:00-04:00,2021-08-18 10:05:00-04:00,2021-08-18 11:13:00-04:00,L,15007.25,14974.5,14974.75,32.5,-67.5,-1.0384615384615385,SL,1,L|swing
2021-08-18 11:20:00-04:00,2021-08-18 11:20:00-04:00,2021-08-18 14:04:00-04:00,S,14983.0,15017.0,15016.75,33.75,-70.0,-1.037037037037037,SL,1,S|swing
2021-08-20 12:50:00-04:00,2021-08-20 12:50:00-04:00,2021-08-20 15:59:00-04:00,L,15066.25,15083.0,15032.0,34.25,31.5,0.45985401459854014,time,1,L|swing
2021-08-23 09:38:00-04:00,2021-08-23 09:38:00-04:00,2021-08-23 10:39:00-04:00,L,15178.0,15258.75,15123.5,54.5,159.5,1.463302752293578,TP,1,L|swing
2021-08-25 10:47:00-04:00,2021-08-25 10:47:00-04:00,2021-08-25 15:59:00-04:00,S,15349.0,15362.75,15386.0,37.0,-29.5,-0.39864864864864863,time,1,S|swing
2021-08-26 09:50:00-04:00,2021-08-26 09:50:00-04:00,2021-08-26 10:24:00-04:00,L,15351.25,15328.0,15328.25,23.0,-48.5,-1.0543478260869565,SL,1,L|swing
2021-08-26 10:35:00-04:00,2021-08-26 10:35:00-04:00,2021-08-26 15:59:00-04:00,S,15312.5,15274.0,15365.0,52.5,75.0,0.7142857142857143,time,1,S|swing
2021-08-27 10:14:00-04:00,2021-08-27 10:14:00-04:00,2021-08-27 15:59:00-04:00,L,15395.25,15424.25,15277.0,118.25,56.0,0.23678646934460887,time,1,L|swing
2021-08-31 13:50:00-04:00,2021-08-31 13:50:00-04:00,2021-08-31 13:51:00-04:00,S,15582.5,15584.0,15583.75,1.25,-5.0,-2.0,SL,1,S|swing
2021-09-02 10:17:00-04:00,2021-09-02 10:17:00-04:00,2021-09-02 15:59:00-04:00,S,15624.0,15605.5,15675.0,51.0,35.0,0.3431372549019608,time,1,S|swing
2021-09-03 10:17:00-04:00,2021-09-03 10:17:00-04:00,2021-09-03 15:59:00-04:00,L,15635.0,15652.25,15571.25,63.75,32.5,0.2549019607843137,time,1,L|swing
2021-09-06 10:02:00-04:00,2021-09-06 10:02:00-04:00,2021-09-06 12:49:00-04:00,L,15704.5,15699.5,15686.25,18.25,-12.0,-0.3287671232876712,time,1,L|swing
2021-09-07 10:56:00-04:00,2021-09-07 10:56:00-04:00,2021-09-07 15:59:00-04:00,L,15672.25,15673.5,15627.0,45.25,0.5,0.0055248618784530384,time,1,L|swing
2021-09-10 10:29:00-04:00,2021-09-10 10:29:00-04:00,2021-09-10 11:30:00-04:00,S,15609.25,15537.75,15657.5,48.25,141.0,1.461139896373057,TP,1,S|swing
2021-09-10 14:14:00-04:00,2021-09-10 14:14:00-04:00,2021-09-10 15:04:00-04:00,S,15566.25,15533.25,15588.75,22.5,64.0,1.4222222222222223,TP,1,S|swing
2021-09-15 09:35:00-04:00,2021-09-15 09:35:00-04:00,2021-09-15 10:13:00-04:00,S,15384.5,15311.75,15433.5,49.0,143.5,1.4642857142857142,TP,1,S|swing
2021-09-15 12:29:00-04:00,2021-09-15 12:29:00-04:00,2021-09-15 12:56:00-04:00,L,15388.25,15441.25,15352.25,36.0,104.0,1.4444444444444444,TP,1,L|swing
2021-09-17 09:41:00-04:00,2021-09-17 09:41:00-04:00,2021-09-17 11:12:00-04:00,S,15429.25,15314.75,15506.25,77.0,227.0,1.474025974025974,TP,1,S|swing
2021-09-17 13:20:00-04:00,2021-09-17 13:20:00-04:00,2021-09-17 15:59:00-04:00,S,15320.25,15322.25,15361.5,41.25,-6.0,-0.07272727272727272,time,1,S|swing
2021-09-20 10:20:00-04:00,2021-09-20 10:20:00-04:00,2021-09-20 14:14:00-04:00,S,15022.75,14877.25,15120.25,97.5,289.0,1.4820512820512821,TP,1,S|swing
2021-09-21 11:44:00-04:00,2021-09-21 11:44:00-04:00,2021-09-21 13:23:00-04:00,L,15100.75,15036.75,15037.0,63.75,-130.0,-1.0196078431372548,SL,1,L|swing
2021-09-22 09:38:00-04:00,2021-09-22 09:38:00-04:00,2021-09-22 10:01:00-04:00,S,15030.75,15098.25,15098.0,67.25,-137.0,-1.0185873605947955,SL,1,S|swing
2021-09-22 10:23:00-04:00,2021-09-22 10:23:00-04:00,2021-09-22 14:15:00-04:00,L,15111.25,15210.75,15044.25,67.0,197.0,1.4701492537313432,TP,1,L|swing
2021-09-22 14:23:00-04:00,2021-09-22 14:23:00-04:00,2021-09-22 14:50:00-04:00,L,15180.0,15092.5,15092.75,87.25,-177.0,-1.0143266475644699,SL,1,L|swing
2021-09-23 10:02:00-04:00,2021-09-23 10:02:00-04:00,2021-09-23 15:59:00-04:00,L,15303.75,15299.25,15181.75,122.0,-11.0,-0.045081967213114756,time,1,L|swing
2021-09-24 14:53:00-04:00,2021-09-24 14:53:00-04:00,2021-09-24 15:23:00-04:00,L,15284.5,15309.75,15267.0,17.5,48.5,1.3857142857142857,TP,1,L|swing
2021-09-27 11:53:00-04:00,2021-09-27 11:53:00-04:00,2021-09-27 13:17:00-04:00,S,15134.0,15190.75,15190.5,56.5,-115.5,-1.0221238938053097,SL,1,S|swing
2021-09-28 09:59:00-04:00,2021-09-28 09:59:00-04:00,2021-09-28 10:21:00-04:00,S,14951.0,14831.25,15031.5,80.5,237.5,1.4751552795031055,TP,1,S|swing
2021-09-29 11:29:00-04:00,2021-09-29 11:29:00-04:00,2021-09-29 15:59:00-04:00,S,14804.75,14742.75,14883.0,78.25,122.0,0.7795527156549521,time,1,S|swing
2021-09-30 09:41:00-04:00,2021-09-30 09:41:00-04:00,2021-09-30 10:55:00-04:00,L,14841.25,14780.25,14780.5,60.75,-124.0,-1.0205761316872428,SL,1,L|swing
2021-09-30 10:59:00-04:00,2021-09-30 10:59:00-04:00,2021-09-30 11:17:00-04:00,S,14784.25,14837.75,14837.5,53.25,-109.0,-1.0234741784037558,SL,1,S|swing
2021-10-01 09:47:00-04:00,2021-10-01 09:47:00-04:00,2021-10-01 13:48:00-04:00,S,14639.75,14735.75,14735.5,95.75,-194.0,-1.0130548302872062,SL,1,S|swing
2021-10-04 09:44:00-04:00,2021-10-04 09:44:00-04:00,2021-10-04 10:53:00-04:00,S,14596.25,14411.25,14720.25,124.0,368.0,1.4838709677419355,TP,1,S|swing
2021-10-05 09:47:00-04:00,2021-10-05 09:47:00-04:00,2021-10-05 10:30:00-04:00,L,14553.5,14640.25,14495.0,58.5,171.5,1.4658119658119657,TP,1,L|swing
2021-10-06 13:38:00-04:00,2021-10-06 13:38:00-04:00,2021-10-06 15:59:00-04:00,L,14684.75,14753.25,14574.5,110.25,135.0,0.6122448979591837,time,1,L|swing
2021-10-07 10:05:00-04:00,2021-10-07 10:05:00-04:00,2021-10-07 15:44:00-04:00,L,14964.0,14899.5,14899.75,64.25,-131.0,-1.0194552529182879,SL,1,L|swing
2021-10-08 09:53:00-04:00,2021-10-08 09:53:00-04:00,2021-10-08 15:59:00-04:00,S,14867.25,14811.75,14947.75,80.5,109.0,0.6770186335403726,time,1,S|swing
2021-10-12 09:50:00-04:00,2021-10-12 09:50:00-04:00,2021-10-12 15:59:00-04:00,S,14684.25,14650.5,14779.0,94.75,65.5,0.34564643799472294,time,1,S|swing
2021-10-13 09:35:00-04:00,2021-10-13 09:35:00-04:00,2021-10-13 10:13:00-04:00,L,14772.25,14674.0,14674.25,98.0,-198.5,-1.0127551020408163,SL,1,L|swing
2021-10-13 10:32:00-04:00,2021-10-13 10:32:00-04:00,2021-10-13 13:27:00-04:00,S,14684.5,14740.25,14740.0,55.5,-113.5,-1.0225225225225225,SL,1,S|swing
2021-10-15 11:02:00-04:00,2021-10-15 11:02:00-04:00,2021-10-15 11:51:00-04:00,L,15109.0,15062.0,15062.25,46.75,-96.0,-1.0267379679144386,SL,1,L|swing
2021-10-15 12:56:00-04:00,2021-10-15 12:56:00-04:00,2021-10-15 15:54:00-04:00,L,15096.75,15125.75,15076.75,20.0,56.0,1.4,TP,1,L|swing
2021-10-18 09:56:00-04:00,2021-10-18 09:56:00-04:00,2021-10-18 14:50:00-04:00,L,15139.0,15269.25,15051.5,87.5,258.5,1.477142857142857,TP,1,L|swing
2021-10-19 10:26:00-04:00,2021-10-19 10:26:00-04:00,2021-10-19 15:19:00-04:00,L,15347.75,15401.75,15311.25,36.5,106.0,1.452054794520548,TP,1,L|swing
2021-10-20 10:26:00-04:00,2021-10-20 10:26:00-04:00,2021-10-20 12:44:00-04:00,L,15425.0,15379.5,15379.75,45.25,-93.0,-1.0276243093922652,SL,1,L|swing
2021-10-22 13:59:00-04:00,2021-10-22 13:59:00-04:00,2021-10-22 14:29:00-04:00,S,15313.0,15355.5,15355.25,42.25,-87.0,-1.029585798816568,SL,1,S|swing
2021-10-25 10:26:00-04:00,2021-10-25 10:26:00-04:00,2021-10-25 10:31:00-04:00,L,15394.25,15419.75,15376.75,17.5,49.0,1.4,TP,1,L|swing
2021-10-28 10:20:00-04:00,2021-10-28 10:20:00-04:00,2021-10-28 10:45:00-04:00,L,15679.75,15725.0,15649.0,30.75,88.5,1.4390243902439024,TP,1,L|swing
2021-10-28 14:08:00-04:00,2021-10-28 14:08:00-04:00,2021-10-28 14:36:00-04:00,L,15738.0,15760.0,15722.75,15.25,42.0,1.3770491803278688,TP,1,L|swing
2021-10-29 09:38:00-04:00,2021-10-29 09:38:00-04:00,2021-10-29 12:08:00-04:00,L,15671.5,15754.25,15615.75,55.75,163.5,1.4663677130044843,TP,1,L|swing
2021-11-01 13:44:00-04:00,2021-11-01 13:44:00-04:00,2021-11-01 15:50:00-04:00,S,15813.5,15870.5,15870.25,56.75,-116.0,-1.0220264317180616,SL,1,S|swing
2021-11-02 13:05:00-04:00,2021-11-02 13:05:00-04:00,2021-11-02 13:30:00-04:00,L,15948.75,15932.25,15932.5,16.25,-35.0,-1.0769230769230769,SL,1,L|swing
2021-11-03 12:02:00-04:00,2021-11-03 12:02:00-04:00,2021-11-03 14:01:00-04:00,L,15977.0,16029.25,15941.5,35.5,102.5,1.443661971830986,TP,1,L|swing
2021-11-04 09:53:00-04:00,2021-11-04 09:53:00-04:00,2021-11-04 14:25:00-04:00,L,16238.5,16360.25,16156.75,81.75,241.5,1.4770642201834863,TP,1,L|swing
2021-11-08 11:44:00-05:00,2021-11-08 11:44:00-05:00,2021-11-08 12:06:00-05:00,L,16350.75,16315.25,16315.5,35.25,-73.0,-1.0354609929078014,SL,1,L|swing
2021-11-08 12:08:00-05:00,2021-11-08 12:08:00-05:00,2021-11-08 13:12:00-05:00,S,16325.5,16360.0,16359.75,34.25,-71.0,-1.0364963503649636,SL,1,S|swing
2021-11-08 13:17:00-05:00,2021-11-08 13:17:00-05:00,2021-11-08 15:44:00-05:00,L,16354.75,16326.5,16326.75,28.0,-58.5,-1.0446428571428572,SL,1,L|swing
2021-11-09 09:56:00-05:00,2021-11-09 09:56:00-05:00,2021-11-09 15:59:00-05:00,S,16270.0,16217.5,16392.0,122.0,103.0,0.42213114754098363,time,1,S|swing
2021-11-10 10:08:00-05:00,2021-11-10 10:08:00-05:00,2021-11-10 13:04:00-05:00,L,16194.5,16087.75,16088.0,106.5,-215.5,-1.011737089201878,SL,1,L|swing
2021-11-11 11:47:00-05:00,2021-11-11 11:47:00-05:00,2021-11-11 12:02:00-05:00,L,16081.0,16064.25,16064.5,16.5,-35.5,-1.0757575757575757,SL,1,L|swing
2021-11-11 12:14:00-05:00,2021-11-11 12:14:00-05:00,2021-11-11 15:59:00-05:00,S,16044.0,16023.0,16088.75,44.75,40.0,0.44692737430167595,time,1,S|swing
2021-11-12 09:47:00-05:00,2021-11-12 09:47:00-05:00,2021-11-12 10:47:00-05:00,S,16014.25,16088.75,16088.5,74.25,-151.0,-1.0168350168350169,SL,1,S|swing
2021-11-12 10:50:00-05:00,2021-11-12 10:50:00-05:00,2021-11-12 11:17:00-05:00,L,16091.25,16161.75,16043.75,47.5,139.0,1.4631578947368422,TP,1,L|swing
2021-11-15 09:47:00-05:00,2021-11-15 09:47:00-05:00,2021-11-15 10:10:00-05:00,S,16230.25,16187.75,16259.25,29.0,83.0,1.4310344827586208,TP,1,S|swing
2021-11-15 14:11:00-05:00,2021-11-15 14:11:00-05:00,2021-11-15 14:40:00-05:00,S,16136.0,16150.0,16149.75,13.75,-30.0,-1.0909090909090908,SL,1,S|swing
2021-11-16 09:50:00-05:00,2021-11-16 09:50:00-05:00,2021-11-16 15:59:00-05:00,L,16219.25,16304.5,16148.75,70.5,168.5,1.1950354609929077,time,1,L|swing
2021-11-17 10:38:00-05:00,2021-11-17 10:38:00-05:00,2021-11-17 10:39:00-05:00,L,16318.0,16344.75,16299.5,18.5,51.5,1.3918918918918919,TP,1,L|swing
2021-11-17 14:11:00-05:00,2021-11-17 14:11:00-05:00,2021-11-17 14:21:00-05:00,L,16336.25,16323.75,16324.0,12.25,-27.0,-1.1020408163265305,SL,1,L|swing
2021-11-18 09:38:00-05:00,2021-11-18 09:38:00-05:00,2021-11-18 09:47:00-05:00,S,16375.25,16408.5,16408.25,33.0,-68.5,-1.0378787878787878,SL,1,S|swing
2021-11-18 11:38:00-05:00,2021-11-18 11:38:00-05:00,2021-11-18 15:59:00-05:00,L,16441.5,16481.0,16344.75,96.75,77.0,0.3979328165374677,time,1,L|swing
2021-11-22 11:23:00-05:00,2021-11-22 11:23:00-05:00,2021-11-22 11:56:00-05:00,S,16632.25,16484.25,16731.5,99.25,294.0,1.4811083123425692,TP,1,S|swing
2021-11-23 09:35:00-05:00,2021-11-23 09:35:00-05:00,2021-11-23 09:39:00-05:00,S,16292.5,16358.0,16357.75,65.25,-133.0,-1.0191570881226053,SL,1,S|swing
2021-11-23 09:53:00-05:00,2021-11-23 09:53:00-05:00,2021-11-23 10:09:00-05:00,L,16416.5,16282.25,16282.5,134.0,-270.5,-1.0093283582089552,SL,1,L|swing
2021-11-23 10:20:00-05:00,2021-11-23 10:20:00-05:00,2021-11-23 15:59:00-05:00,S,16280.25,16305.75,16419.0,138.75,-53.0,-0.19099099099099098,time,1,S|swing
2021-11-24 10:38:00-05:00,2021-11-24 10:38:00-05:00,2021-11-24 15:59:00-05:00,L,16259.0,16362.0,16156.75,102.25,204.0,0.9975550122249389,time,1,L|swing
2021-11-25 10:02:00-05:00,2021-11-25 10:02:00-05:00,2021-11-25 12:49:00-05:00,L,16412.25,16409.5,16379.0,33.25,-7.5,-0.11278195488721804,time,1,L|swing
2021-11-26 10:17:00-05:00,2021-11-26 10:17:00-05:00,2021-11-26 13:04:00-05:00,S,16140.75,16051.75,16248.0,107.25,176.0,0.8205128205128205,time,1,S|swing
2021-11-30 10:59:00-05:00,2021-11-30 10:59:00-05:00,2021-11-30 15:59:00-05:00,S,16143.75,16150.25,16437.25,293.5,-15.0,-0.02555366269165247,time,1,S|swing
2021-12-01 11:05:00-05:00,2021-12-01 11:05:00-05:00,2021-12-01 12:55:00-05:00,L,16355.75,16275.25,16275.5,80.25,-163.0,-1.0155763239875388,SL,1,L|swing
2021-12-02 09:47:00-05:00,2021-12-02 09:47:00-05:00,2021-12-02 10:43:00-05:00,L,15960.25,15786.5,15786.75,173.5,-349.5,-1.0072046109510087,SL,1,L|swing
2021-12-02 10:53:00-05:00,2021-12-02 10:53:00-05:00,2021-12-02 11:07:00-05:00,S,15817.0,15928.0,15927.75,110.75,-224.0,-1.0112866817155757,SL,1,S|swing
2021-12-02 11:23:00-05:00,2021-12-02 11:23:00-05:00,2021-12-02 15:59:00-05:00,L,15957.25,15991.25,15796.75,160.5,66.0,0.205607476635514,time,1,L|swing
2021-12-03 09:50:00-05:00,2021-12-03 09:50:00-05:00,2021-12-03 11:05:00-05:00,S,15910.5,15640.75,16091.0,180.5,537.5,1.4889196675900278,TP,1,S|swing
2021-12-06 09:56:00-05:00,2021-12-06 09:56:00-05:00,2021-12-06 10:15:00-05:00,S,15672.0,15761.25,15761.0,89.0,-180.5,-1.0140449438202248,SL,1,S|swing
2021-12-06 10:26:00-05:00,2021-12-06 10:26:00-05:00,2021-12-06 15:59:00-05:00,L,15759.0,15842.75,15600.25,158.75,165.5,0.521259842519685,time,1,L|swing
2021-12-07 09:47:00-05:00,2021-12-07 09:47:00-05:00,2021-12-07 11:37:00-05:00,L,16183.5,16311.75,16097.5,86.0,254.5,1.4796511627906976,TP,1,L|swing
2021-12-09 10:32:00-05:00,2021-12-09 10:32:00-05:00,2021-12-09 15:10:00-05:00,S,16286.0,16166.75,16366.0,80.0,236.5,1.478125,TP,1,S|swing
2021-12-10 10:50:00-05:00,2021-12-10 10:50:00-05:00,2021-12-10 15:50:00-05:00,S,16178.75,16310.75,16310.5,131.75,-266.0,-1.0094876660341556,SL,1,S|swing
2021-12-15 09:44:00-05:00,2021-12-15 09:44:00-05:00,2021-12-15 11:20:00-05:00,S,15878.25,15804.5,15928.0,49.75,145.5,1.4623115577889447,TP,1,S|swing
2021-12-17 09:44:00-05:00,2021-12-17 09:44:00-05:00,2021-12-17 09:49:00-05:00,S,15677.0,15792.25,15792.0,115.0,-232.5,-1.0108695652173914,SL,1,S|swing
2021-12-17 09:50:00-05:00,2021-12-17 09:50:00-05:00,2021-12-17 10:22:00-05:00,L,15829.25,15656.25,15656.5,172.75,-348.0,-1.0072358900144718,SL,1,L|swing
2021-12-17 13:32:00-05:00,2021-12-17 13:32:00-05:00,2021-12-17 15:33:00-05:00,L,15879.0,15784.25,15784.5,94.5,-191.5,-1.0132275132275133,SL,1,L|swing
2021-12-20 11:05:00-05:00,2021-12-20 11:05:00-05:00,2021-12-20 15:17:00-05:00,S,15522.25,15632.5,15632.25,110.0,-222.5,-1.0113636363636365,SL,1,S|swing
2021-12-21 11:38:00-05:00,2021-12-21 11:38:00-05:00,2021-12-21 12:34:00-05:00,L,15764.25,15849.25,15707.0,57.25,168.0,1.4672489082969433,TP,1,L|swing
2021-12-22 09:47:00-05:00,2021-12-22 09:47:00-05:00,2021-12-22 15:59:00-05:00,L,16036.25,16167.75,15933.5,102.75,261.0,1.27007299270073,time,1,L|swing
2021-12-23 09:44:00-05:00,2021-12-23 09:44:00-05:00,2021-12-23 10:00:00-05:00,L,16207.25,16252.75,16176.25,31.0,89.0,1.435483870967742,TP,1,L|swing
2021-12-29 10:14:00-05:00,2021-12-29 10:14:00-05:00,2021-12-29 15:59:00-05:00,S,16422.25,16489.5,16531.75,109.5,-136.5,-0.6232876712328768,time,1,S|swing
2021-12-30 10:23:00-05:00,2021-12-30 10:23:00-05:00,2021-12-30 15:39:00-05:00,L,16553.5,16479.25,16479.5,74.0,-150.5,-1.0168918918918919,SL,1,L|swing
2021-12-31 10:05:00-05:00,2021-12-31 10:05:00-05:00,2021-12-31 15:59:00-05:00,S,16371.5,16325.0,16463.0,91.5,91.0,0.4972677595628415,time,1,S|swing
2022-01-03 10:59:00-05:00,2022-01-03 10:59:00-05:00,2022-01-03 11:20:00-05:00,L,16437.0,16386.25,16386.5,50.5,-103.5,-1.0247524752475248,SL,1,L|swing
2022-01-03 12:11:00-05:00,2022-01-03 12:11:00-05:00,2022-01-03 13:13:00-05:00,S,16385.25,16432.75,16432.5,47.25,-97.0,-1.0264550264550265,SL,1,S|swing
2022-01-07 09:59:00-05:00,2022-01-07 09:59:00-05:00,2022-01-07 10:20:00-05:00,L,15793.25,15673.25,15673.5,119.75,-242.0,-1.010438413361169,SL,1,L|swing
2022-01-07 10:26:00-05:00,2022-01-07 10:26:00-05:00,2022-01-07 15:59:00-05:00,S,15676.25,15585.25,15827.25,151.0,180.0,0.5960264900662252,time,1,S|swing
2022-01-10 12:29:00-05:00,2022-01-10 12:29:00-05:00,2022-01-10 12:53:00-05:00,S,15216.75,15302.75,15302.5,85.75,-174.0,-1.0145772594752187,SL,1,S|swing
2022-01-11 11:17:00-05:00,2022-01-11 11:17:00-05:00,2022-01-11 15:59:00-05:00,L,15745.25,15831.75,15513.25,232.0,171.0,0.36853448275862066,time,1,L|swing
2022-01-12 10:56:00-05:00,2022-01-12 10:56:00-05:00,2022-01-12 15:59:00-05:00,S,15848.25,15895.75,15998.25,150.0,-97.0,-0.3233333333333333,time,1,S|swing
2022-01-13 10:20:00-05:00,2022-01-13 10:20:00-05:00,2022-01-13 12:16:00-05:00,S,15854.25,15685.75,15967.25,113.0,335.0,1.4823008849557522,TP,1,S|swing
2022-01-14 09:41:00-05:00,2022-01-14 09:41:00-05:00,2022-01-14 15:59:00-05:00,L,15506.5,15592.5,15357.25,149.25,170.0,0.5695142378559463,time,1,L|swing
2022-01-18 09:41:00-05:00,2022-01-18 09:41:00-05:00,2022-01-18 10:06:00-05:00,S,15337.25,15382.25,15382.0,44.75,-92.0,-1.0279329608938548,SL,1,S|swing
2022-01-18 10:23:00-05:00,2022-01-18 10:23:00-05:00,2022-01-18 11:08:00-05:00,L,15406.75,15283.0,15283.25,123.5,-249.5,-1.0101214574898785,SL,1,L|swing
2022-01-19 10:44:00-05:00,2022-01-19 10:44:00-05:00,2022-01-19 15:59:00-05:00,S,15203.5,15037.75,15362.0,158.5,329.5,1.0394321766561514,time,1,S|swing
2022-01-21 09:38:00-05:00,2022-01-21 09:38:00-05:00,2022-01-21 09:44:00-05:00,L,14771.5,14672.5,14672.75,98.75,-200.0,-1.0126582278481013,SL,1,L|swing
2022-01-21 09:59:00-05:00,2022-01-21 09:59:00-05:00,2022-01-21 11:21:00-05:00,S,14649.5,14819.25,14819.0,169.5,-341.5,-1.0073746312684366,SL,1,S|swing
2022-01-21 12:17:00-05:00,2022-01-21 12:17:00-05:00,2022-01-21 15:07:00-05:00,S,14633.75,14470.75,14743.0,109.25,324.0,1.482837528604119,TP,1,S|swing
2022-01-25 09:38:00-05:00,2022-01-25 09:38:00-05:00,2022-01-25 09:45:00-05:00,L,14259.5,14183.5,14183.75,75.75,-154.0,-1.0165016501650166,SL,1,L|swing
2022-01-25 09:53:00-05:00,2022-01-25 09:53:00-05:00,2022-01-25 14:19:00-05:00,S,14075.25,14305.25,14305.0,229.75,-462.0,-1.0054406964091405,SL,1,S|swing
2022-01-26 10:14:00-05:00,2022-01-26 10:14:00-05:00,2022-01-26 10:28:00-05:00,L,14443.0,14368.5,14368.75,74.25,-151.0,-1.0168350168350169,SL,1,L|swing
2022-01-26 11:44:00-05:00,2022-01-26 11:44:00-05:00,2022-01-26 12:43:00-05:00,L,14462.0,14538.0,14410.75,51.25,150.0,1.4634146341463414,TP,1,L|swing
2022-01-28 10:02:00-05:00,2022-01-28 10:02:00-05:00,2022-01-28 10:19:00-05:00,S,13871.0,14024.0,14023.75,152.75,-308.0,-1.0081833060556464,SL,1,S|swing
2022-01-28 10:47:00-05:00,2022-01-28 10:47:00-05:00,2022-01-28 11:26:00-05:00,L,14055.5,14253.75,13922.75,132.75,394.5,1.4858757062146892,TP,1,L|swing
2022-02-01 09:44:00-05:00,2022-02-01 09:44:00-05:00,2022-02-01 15:30:00-05:00,S,14804.0,14957.0,14956.75,152.75,-308.0,-1.0081833060556464,SL,1,S|swing
2022-02-02 14:32:00-05:00,2022-02-02 14:32:00-05:00,2022-02-02 14:34:00-05:00,S,15065.5,15088.5,15088.25,22.75,-48.0,-1.054945054945055,SL,1,S|swing
2022-02-02 14:44:00-05:00,2022-02-02 14:44:00-05:00,2022-02-02 15:59:00-05:00,L,15103.75,15114.0,15011.0,92.75,18.5,0.09973045822102426,time,1,L|swing
2022-02-03 10:29:00-05:00,2022-02-03 10:29:00-05:00,2022-02-03 11:59:00-05:00,L,14822.5,14680.0,14680.25,142.25,-287.0,-1.0087873462214412,SL,1,L|swing
2022-02-04 11:14:00-05:00,2022-02-04 11:14:00-05:00,2022-02-04 11:26:00-05:00,S,14459.0,14542.0,14541.75,82.75,-168.0,-1.0151057401812689,SL,1,S|swing
2022-02-08 09:38:00-05:00,2022-02-08 09:38:00-05:00,2022-02-08 10:00:00-05:00,L,14573.5,14500.5,14500.75,72.75,-148.0,-1.0171821305841924,SL,1,L|swing
2022-02-08 10:17:00-05:00,2022-02-08 10:17:00-05:00,2022-02-08 10:27:00-05:00,S,14543.5,14505.25,14569.5,26.0,74.5,1.4326923076923077,TP,1,S|swing
2022-02-08 10:53:00-05:00,2022-02-08 10:53:00-05:00,2022-02-08 15:59:00-05:00,L,14620.25,14733.0,14472.25,148.0,223.5,0.7550675675675675,time,1,L|swing
2022-02-09 11:02:00-05:00,2022-02-09 11:02:00-05:00,2022-02-09 15:59:00-05:00,L,14955.25,15042.5,14894.75,60.5,172.5,1.4256198347107438,time,1,L|swing
2022-02-10 11:47:00-05:00,2022-02-10 11:47:00-05:00,2022-02-10 11:51:00-05:00,S,14934.5,14924.25,14942.0,7.5,18.5,1.2333333333333334,TP,1,S|swing
2022-02-10 12:59:00-05:00,2022-02-10 12:59:00-05:00,2022-02-10 14:59:00-05:00,S,14871.75,14712.5,14978.5,106.75,316.5,1.4824355971896956,TP,1,S|swing
2022-02-11 10:14:00-05:00,2022-02-11 10:14:00-05:00,2022-02-11 13:35:00-05:00,S,14629.0,14422.75,14767.0,138.0,410.5,1.4873188405797102,TP,1,S|swing
2022-02-15 10:50:00-05:00,2022-02-15 10:50:00-05:00,2022-02-15 12:47:00-05:00,L,14541.0,14450.75,14451.0,90.0,-182.5,-1.0138888888888888,SL,1,L|swing
2022-02-15 13:44:00-05:00,2022-02-15 13:44:00-05:00,2022-02-15 15:50:00-05:00,L,14528.25,14596.75,14482.0,46.25,135.0,1.4594594594594594,TP,1,L|swing
2022-02-16 12:35:00-05:00,2022-02-16 12:35:00-05:00,2022-02-16 14:00:00-05:00,S,14393.5,14469.75,14469.5,76.0,-154.5,-1.0164473684210527,SL,1,S|swing
2022-02-21 10:59:00-05:00,2022-02-21 10:59:00-05:00,2022-02-21 12:49:00-05:00,S,13819.25,13752.5,13867.25,48.0,131.5,1.3697916666666667,time,1,S|swing
2022-02-22 09:50:00-05:00,2022-02-22 09:50:00-05:00,2022-02-22 11:53:00-05:00,L,14037.0,13861.5,13861.75,175.25,-353.0,-1.007132667617689,SL,1,L|swing
2022-02-22 14:59:00-05:00,2022-02-22 14:59:00-05:00,2022-02-22 15:59:00-05:00,L,13926.0,13865.25,13768.75,157.25,-123.5,-0.39268680445151033,time,1,L|swing
2022-02-23 13:05:00-05:00,2022-02-23 13:05:00-05:00,2022-02-23 14:24:00-05:00,S,13744.0,13620.75,13826.75,82.75,244.5,1.4773413897280967,TP,1,S|swing
2022-02-25 10:56:00-05:00,2022-02-25 10:56:00-05:00,2022-02-25 15:59:00-05:00,L,14067.5,14181.75,13939.25,128.25,226.5,0.8830409356725146,time,1,L|swing
2022-03-01 11:11:00-05:00,2022-03-01 11:11:00-05:00,2022-03-01 11:14:00-05:00,S,14173.5,14197.0,14196.75,23.25,-49.0,-1.053763440860215,SL,1,S|swing
2022-03-02 09:53:00-05:00,2022-03-02 09:53:00-05:00,2022-03-02 10:08:00-05:00,L,14095.5,14010.25,14010.5,85.0,-172.5,-1.0147058823529411,SL,1,L|swing
2022-03-02 10:20:00-05:00,2022-03-02 10:20:00-05:00,2022-03-02 10:30:00-05:00,S,14003.5,14121.75,14121.5,118.0,-238.5,-1.0105932203389831,SL,1,S|swing
2022-03-02 11:05:00-05:00,2022-03-02 11:05:00-05:00,2022-03-02 15:50:00-05:00,L,14125.0,14292.75,14012.5,112.5,333.5,1.4822222222222223,TP,1,L|swing
2022-03-03 10:17:00-05:00,2022-03-03 10:17:00-05:00,2022-03-03 15:08:00-05:00,S,14179.0,14008.25,14293.5,114.5,339.5,1.482532751091703,TP,1,S|swing
2022-03-04 09:50:00-05:00,2022-03-04 09:50:00-05:00,2022-03-04 15:59:00-05:00,S,13857.0,13834.25,13995.75,138.75,43.5,0.15675675675675677,time,1,S|swing
2022-03-07 10:11:00-05:00,2022-03-07 10:11:00-05:00,2022-03-07 15:02:00-05:00,S,13643.5,13405.25,13803.0,159.5,474.5,1.4874608150470219,TP,1,S|swing
2022-03-08 12:11:00-05:00,2022-03-08 12:11:00-05:00,2022-03-08 15:59:00-05:00,L,13397.5,13254.75,13125.25,272.25,-287.5,-0.5280073461891643,time,1,L|swing
2022-03-10 10:38:00-05:00,2022-03-10 10:38:00-05:00,2022-03-10 14:05:00-05:00,S,13476.0,13612.0,13611.75,135.75,-274.0,-1.0092081031307552,SL,1,S|swing
2022-03-11 14:20:00-05:00,2022-03-11 14:20:00-05:00,2022-03-11 14:29:00-05:00,S,13434.75,13489.75,13489.5,54.75,-112.0,-1.0228310502283104,SL,1,S|swing
2022-03-14 10:11:00-04:00,2022-03-14 10:11:00-04:00,2022-03-14 11:36:00-04:00,L,13359.0,13236.0,13236.25,122.75,-248.0,-1.010183299389002,SL,1,L|swing
2022-03-14 11:38:00-04:00,2022-03-14 11:38:00-04:00,2022-03-14 13:34:00-04:00,S,13223.5,13032.75,13351.25,127.75,379.5,1.4853228962818004,TP,1,S|swing
2022-03-21 09:47:00-04:00,2022-03-21 09:47:00-04:00,2022-03-21 09:52:00-04:00,L,14406.75,14358.25,14358.5,48.25,-99.0,-1.0259067357512954,SL,1,L|swing
2022-03-21 10:02:00-04:00,2022-03-21 10:02:00-04:00,2022-03-21 15:59:00-04:00,S,14309.25,14372.0,14467.0,157.75,-127.5,-0.4041204437400951,time,1,S|swing
2022-03-22 09:35:00-04:00,2022-03-22 09:35:00-04:00,2022-03-22 10:06:00-04:00,L,14441.5,14541.5,14374.25,67.25,198.0,1.4721189591078068,TP,1,L|swing
2022-03-22 13:53:00-04:00,2022-03-22 13:53:00-04:00,2022-03-22 15:50:00-04:00,L,14629.25,14688.0,14589.5,39.75,115.5,1.4528301886792452,TP,1,L|swing
2022-03-23 10:35:00-04:00,2022-03-23 10:35:00-04:00,2022-03-23 14:09:00-04:00,L,14586.5,14482.75,14483.0,103.5,-209.5,-1.0120772946859904,SL,1,L|swing
2022-03-24 11:11:00-04:00,2022-03-24 11:11:00-04:00,2022-03-24 11:30:00-04:00,L,14550.25,14634.75,14493.25,57.0,167.0,1.4649122807017543,TP,1,L|swing
2022-03-28 09:41:00-04:00,2022-03-28 09:41:00-04:00,2022-03-28 11:36:00-04:00,L,14876.0,14742.75,14743.0,133.0,-268.5,-1.0093984962406015,SL,1,L|swing
2022-03-28 13:23:00-04:00,2022-03-28 13:23:00-04:00,2022-03-28 14:44:00-04:00,L,14816.75,14878.5,14775.0,41.75,121.5,1.4550898203592815,TP,1,L|swing
2022-03-29 11:38:00-04:00,2022-03-29 11:38:00-04:00,2022-03-29 12:35:00-04:00,L,15135.75,15084.5,15084.75,51.0,-104.5,-1.0245098039215685,SL,1,L|swing
2022-03-29 13:50:00-04:00,2022-03-29 13:50:00-04:00,2022-03-29 15:59:00-04:00,L,15173.0,15240.5,15089.75,83.25,133.0,0.7987987987987988,time,1,L|swing
2022-03-30 11:17:00-04:00,2022-03-30 11:17:00-04:00,2022-03-30 15:59:00-04:00,S,15123.5,15080.25,15220.0,96.5,84.5,0.4378238341968912,time,1,S|swing
2022-03-31 11:50:00-04:00,2022-03-31 11:50:00-04:00,2022-03-31 13:15:00-04:00,S,15031.5,14968.25,15074.25,42.75,124.5,1.456140350877193,TP,1,S|swing
2022-04-04 09:44:00-04:00,2022-04-04 09:44:00-04:00,2022-04-04 15:33:00-04:00,L,14991.0,15151.0,14883.75,107.25,318.0,1.4825174825174825,TP,1,L|swing
2022-04-07 10:08:00-04:00,2022-04-07 10:08:00-04:00,2022-04-07 10:40:00-04:00,L,14527.5,14461.75,14462.0,65.5,-133.5,-1.0190839694656488,SL,1,L|swing
2022-04-07 10:50:00-04:00,2022-04-07 10:50:00-04:00,2022-04-07 12:49:00-04:00,S,14463.0,14322.5,14557.25,94.25,279.0,1.4801061007957559,TP,1,S|swing
2022-04-08 13:35:00-04:00,2022-04-08 13:35:00-04:00,2022-04-08 15:59:00-04:00,S,14400.5,14336.5,14468.25,67.75,126.0,0.9298892988929889,time,1,S|swing
2022-04-11 14:29:00-04:00,2022-04-11 14:29:00-04:00,2022-04-11 15:02:00-04:00,S,14059.75,14118.5,14118.25,58.5,-119.5,-1.0213675213675213,SL,1,S|swing
2022-04-13 14:41:00-04:00,2022-04-13 14:41:00-04:00,2022-04-13 15:32:00-04:00,L,14192.25,14254.25,14150.25,42.0,122.0,1.4523809523809523,TP,1,L|swing
2022-04-14 14:53:00-04:00,2022-04-14 14:53:00-04:00,2022-04-14 15:59:00-04:00,S,13962.0,13894.0,14015.25,53.25,134.0,1.2582159624413145,time,1,S|swing
2022-04-18 13:41:00-04:00,2022-04-18 13:41:00-04:00,2022-04-18 15:50:00-04:00,L,13932.5,13827.0,13827.25,105.25,-213.0,-1.01187648456057,SL,1,L|swing
2022-04-19 09:59:00-04:00,2022-04-19 09:59:00-04:00,2022-04-19 15:59:00-04:00,L,14015.0,14212.0,13833.5,181.5,392.0,1.0798898071625345,time,1,L|swing
2022-04-20 09:44:00-04:00,2022-04-20 09:44:00-04:00,2022-04-20 15:59:00-04:00,S,14128.0,14003.75,14270.0,142.0,246.5,0.8679577464788732,time,1,S|swing
2022-04-25 11:47:00-04:00,2022-04-25 11:47:00-04:00,2022-04-25 12:25:00-04:00,S,13259.5,13374.5,13374.25,114.75,-232.0,-1.0108932461873639,SL,1,S|swing
2022-04-25 12:41:00-04:00,2022-04-25 12:41:00-04:00,2022-04-25 14:23:00-04:00,L,13354.0,13429.75,13303.0,51.0,149.5,1.4656862745098038,TP,1,L|swing
2022-04-26 13:23:00-04:00,2022-04-26 13:23:00-04:00,2022-04-26 15:59:00-04:00,S,13107.75,13010.0,13230.25,122.5,193.5,0.789795918367347,time,1,S|swing
2022-04-27 09:47:00-04:00,2022-04-27 09:47:00-04:00,2022-04-27 10:14:00-04:00,L,13211.75,13004.25,13004.5,207.25,-417.0,-1.006031363088058,SL,1,L|swing
2022-04-27 10:35:00-04:00,2022-04-27 10:35:00-04:00,2022-04-27 10:48:00-04:00,S,13008.25,13119.0,13118.75,110.5,-223.5,-1.01131221719457,SL,1,S|swing
2022-04-27 11:23:00-04:00,2022-04-27 11:23:00-04:00,2022-04-27 12:43:00-04:00,L,13112.0,13226.75,13035.0,77.0,227.5,1.4772727272727273,TP,1,L|swing
2022-04-27 14:26:00-04:00,2022-04-27 14:26:00-04:00,2022-04-27 15:20:00-04:00,S,13106.5,13001.75,13177.0,70.5,207.5,1.4716312056737588,TP,1,S|swing
2022-04-29 10:38:00-04:00,2022-04-29 10:38:00-04:00,2022-04-29 14:47:00-04:00,S,13221.5,12977.5,13384.75,163.25,486.0,1.4885145482388975,TP,1,S|swing
2022-05-02 11:41:00-04:00,2022-05-02 11:41:00-04:00,2022-05-02 12:20:00-04:00,S,12840.0,12938.0,12937.75,97.75,-198.0,-1.0127877237851663,SL,1,S|swing
2022-05-02 12:35:00-04:00,2022-05-02 12:35:00-04:00,2022-05-02 12:54:00-04:00,L,12909.75,12840.25,12840.5,69.25,-141.0,-1.0180505415162455,SL,1,L|swing
2022-05-02 12:56:00-04:00,2022-05-02 12:56:00-04:00,2022-05-02 15:21:00-04:00,S,12835.0,12946.75,12946.5,111.5,-225.5,-1.0112107623318385,SL,1,S|swing
2022-05-03 09:50:00-04:00,2022-05-03 09:50:00-04:00,2022-05-03 09:59:00-04:00,S,13015.0,13104.75,13104.5,89.5,-181.5,-1.0139664804469273,SL,1,S|swing
2022-05-03 11:26:00-04:00,2022-05-03 11:26:00-04:00,2022-05-03 14:42:00-04:00,L,13125.5,12999.5,12999.75,125.75,-254.0,-1.0099403578528827,SL,1,L|swing
2022-05-04 12:29:00-04:00,2022-05-04 12:29:00-04:00,2022-05-04 14:01:00-04:00,L,13058.25,13224.25,12947.0,111.25,330.0,1.4831460674157304,TP,1,L|swing
2022-05-06 10:56:00-04:00,2022-05-06 10:56:00-04:00,2022-05-06 14:09:00-04:00,L,12811.5,12635.0,12635.25,176.25,-355.0,-1.0070921985815602,SL,1,L|swing
2022-05-09 10:26:00-04:00,2022-05-09 10:26:00-04:00,2022-05-09 13:54:00-04:00,S,12377.75,12232.0,12475.5,97.75,289.5,1.4808184143222507,TP,1,S|swing
2022-05-10 10:47:00-04:00,2022-05-10 10:47:00-04:00,2022-05-10 13:59:00-04:00,S,12304.5,12514.25,12514.0,209.5,-421.5,-1.005966587112172,SL,1,S|swing
2022-05-11 11:17:00-04:00,2022-05-11 11:17:00-04:00,2022-05-11 11:37:00-04:00,S,12224.75,12357.75,12357.5,132.75,-268.0,-1.009416195856874,SL,1,S|swing
2022-05-12 10:11:00-04:00,2022-05-12 10:11:00-04:00,2022-05-12 13:49:00-04:00,L,11957.25,11735.5,11735.75,221.5,-445.5,-1.0056433408577878,SL,1,L|swing
2022-05-13 10:02:00-04:00,2022-05-13 10:02:00-04:00,2022-05-13 15:59:00-04:00,L,12304.5,12384.5,12064.5,240.0,158.0,0.32916666666666666,time,1,L|swing
2022-05-16 09:35:00-04:00,2022-05-16 09:35:00-04:00,2022-05-16 10:29:00-04:00,S,12252.5,12361.0,12360.75,108.25,-219.0,-1.0115473441108545,SL,1,S|swing
2022-05-16 12:56:00-04:00,2022-05-16 12:56:00-04:00,2022-05-16 13:23:00-04:00,S,12237.5,12302.25,12302.0,64.5,-131.5,-1.0193798449612403,SL,1,S|swing
2022-05-16 13:32:00-04:00,2022-05-16 13:32:00-04:00,2022-05-16 15:44:00-04:00,L,12333.5,12234.5,12234.75,98.75,-200.0,-1.0126582278481013,SL,1,L|swing
2022-05-17 09:41:00-04:00,2022-05-17 09:41:00-04:00,2022-05-17 09:48:00-04:00,L,12517.0,12456.5,12456.75,60.25,-123.0,-1.020746887966805,SL,1,L|swing
2022-05-17 10:11:00-04:00,2022-05-17 10:11:00-04:00,2022-05-17 14:08:00-04:00,S,12415.75,12535.75,12535.5,119.75,-242.0,-1.010438413361169,SL,1,S|swing
2022-05-17 14:29:00-04:00,2022-05-17 14:29:00-04:00,2022-05-17 14:49:00-04:00,S,12419.75,12536.0,12535.75,116.0,-234.5,-1.0107758620689655,SL,1,S|swing
2022-05-19 14:41:00-04:00,2022-05-19 14:41:00-04:00,2022-05-19 14:49:00-04:00,L,11948.0,11995.75,11915.5,32.5,93.5,1.4384615384615385,TP,1,L|swing
2022-05-23 11:11:00-04:00,2022-05-23 11:11:00-04:00,2022-05-23 12:08:00-04:00,L,11922.5,12050.75,11836.5,86.0,254.5,1.4796511627906976,TP,1,L|swing
2022-05-23 14:08:00-04:00,2022-05-23 14:08:00-04:00,2022-05-23 15:46:00-04:00,L,12005.0,11966.5,11966.75,38.25,-79.0,-1.0326797385620916,SL,1,L|swing
2022-05-24 13:20:00-04:00,2022-05-24 13:20:00-04:00,2022-05-24 13:40:00-04:00,S,11663.75,11723.5,11723.25,59.5,-121.5,-1.0210084033613445,SL,1,S|swing
2022-05-24 13:53:00-04:00,2022-05-24 13:53:00-04:00,2022-05-24 15:59:00-04:00,L,11747.5,11781.75,11648.25,99.25,66.5,0.3350125944584383,time,1,L|swing
2022-05-25 09:35:00-04:00,2022-05-25 09:35:00-04:00,2022-05-25 14:27:00-04:00,L,11798.5,11933.75,11707.75,90.75,268.5,1.4793388429752066,TP,1,L|swing
2022-05-26 09:50:00-04:00,2022-05-26 09:50:00-04:00,2022-05-26 13:09:00-04:00,L,12074.0,12336.0,11898.75,175.25,522.0,1.4893009985734664,TP,1,L|swing
2022-05-31 14:56:00-04:00,2022-05-31 14:56:00-04:00,2022-05-31 15:34:00-04:00,S,12619.75,12743.5,12743.25,123.5,-249.5,-1.0101214574898785,SL,1,S|swing
2022-06-01 10:32:00-04:00,2022-06-01 10:32:00-04:00,2022-06-01 15:59:00-04:00,S,12601.5,12549.75,12802.75,201.25,101.5,0.25217391304347825,time,1,S|swing
2022-06-02 10:56:00-04:00,2022-06-02 10:56:00-04:00,2022-06-02 11:53:00-04:00,L,12591.25,12731.25,12497.25,94.0,278.0,1.4787234042553192,TP,1,L|swing
2022-06-03 13:56:00-04:00,2022-06-03 13:56:00-04:00,2022-06-03 14:19:00-04:00,S,12547.0,12585.25,12585.0,38.0,-78.5,-1.0328947368421053,SL,1,S|swing
2022-06-06 09:47:00-04:00,2022-06-06 09:47:00-04:00,2022-06-06 10:01:00-04:00,S,12698.5,12785.75,12785.5,87.0,-176.5,-1.014367816091954,SL,1,S|swing
2022-06-06 10:14:00-04:00,2022-06-06 10:14:00-04:00,2022-06-06 11:16:00-04:00,L,12789.75,12672.75,12673.0,116.75,-236.0,-1.0107066381156318,SL,1,L|swing
2022-06-06 11:23:00-04:00,2022-06-06 11:23:00-04:00,2022-06-06 15:59:00-04:00,S,12653.25,12600.5,12793.75,140.5,103.5,0.3683274021352313,time,1,S|swing
2022-06-07 09:50:00-04:00,2022-06-07 09:50:00-04:00,2022-06-07 15:50:00-04:00,L,12542.25,12737.25,12411.75,130.5,388.0,1.4865900383141764,TP,1,L|swing
2022-06-08 09:53:00-04:00,2022-06-08 09:53:00-04:00,2022-06-08 12:39:00-04:00,L,12748.75,12627.0,12627.25,121.5,-245.5,-1.0102880658436213,SL,1,L|swing
2022-06-09 10:26:00-04:00,2022-06-09 10:26:00-04:00,2022-06-09 11:04:00-04:00,L,12620.5,12553.25,12553.5,67.0,-136.5,-1.0186567164179106,SL,1,L|swing
2022-06-09 11:20:00-04:00,2022-06-09 11:20:00-04:00,2022-06-09 11:43:00-04:00,S,12556.0,12603.5,12603.25,47.25,-97.0,-1.0264550264550265,SL,1,S|swing
2022-06-09 13:38:00-04:00,2022-06-09 13:38:00-04:00,2022-06-09 15:04:00-04:00,S,12530.5,12419.25,12605.25,74.75,220.5,1.4749163879598661,TP,1,S|swing
2022-06-13 10:11:00-04:00,2022-06-13 10:11:00-04:00,2022-06-13 15:33:00-04:00,S,11447.75,11286.25,11556.0,108.25,321.0,1.4826789838337182,TP,1,S|swing
2022-06-14 09:47:00-04:00,2022-06-14 09:47:00-04:00,2022-06-14 15:59:00-04:00,S,11315.25,11318.5,11425.5,110.25,-8.5,-0.03854875283446712,time,1,S|swing
2022-06-17 10:02:00-04:00,2022-06-17 10:02:00-04:00,2022-06-17 10:16:00-04:00,L,11280.0,11242.25,11242.5,37.5,-77.5,-1.0333333333333334,SL,1,L|swing
2022-06-17 10:32:00-04:00,2022-06-17 10:32:00-04:00,2022-06-17 11:19:00-04:00,S,11192.0,11294.75,11294.5,102.5,-207.5,-1.0121951219512195,SL,1,S|swing
2022-06-17 11:38:00-04:00,2022-06-17 11:38:00-04:00,2022-06-17 11:51:00-04:00,L,11262.5,11230.75,11231.0,31.5,-65.5,-1.0396825396825398,SL,1,L|swing
2022-06-20 10:38:00-04:00,2022-06-20 10:38:00-04:00,2022-06-20 11:21:00-04:00,L,11376.75,11392.25,11365.75,11.0,29.0,1.3181818181818181,TP,1,L|swing
2022-06-21 09:38:00-04:00,2022-06-21 09:38:00-04:00,2022-06-21 15:59:00-04:00,L,11563.25,11579.0,11471.5,91.75,29.5,0.16076294277929154,time,1,L|swing
2022-06-22 13:23:00-04:00,2022-06-22 13:23:00-04:00,2022-06-22 15:26:00-04:00,L,11668.75,11617.75,11618.0,50.75,-104.0,-1.0246305418719213,SL,1,L|swing
2022-06-23 10:41:00-04:00,2022-06-23 10:41:00-04:00,2022-06-23 12:37:00-04:00,L,11713.5,11592.5,11592.75,120.75,-244.0,-1.010351966873706,SL,1,L|swing
2022-06-23 14:29:00-04:00,2022-06-23 14:29:00-04:00,2022-06-23 15:28:00-04:00,L,11644.5,11703.25,11604.75,39.75,115.5,1.4528301886792452,TP,1,L|swing
2022-06-24 14:32:00-04:00,2022-06-24 14:32:00-04:00,2022-06-24 15:53:00-04:00,L,12039.5,12099.75,11998.75,40.75,118.5,1.4539877300613497,TP,1,L|swing
2022-06-27 12:26:00-04:00,2022-06-27 12:26:00-04:00,2022-06-27 15:59:00-04:00,S,12065.75,12045.25,12127.25,61.5,39.0,0.3170731707317073,time,1,S|swing
2022-06-28 09:41:00-04:00,2022-06-28 09:41:00-04:00,2022-06-28 10:06:00-04:00,L,12150.75,12046.75,12047.0,103.75,-210.0,-1.0120481927710843,SL,1,L|swing
2022-06-28 10:23:00-04:00,2022-06-28 10:23:00-04:00,2022-06-28 11:45:00-04:00,S,12013.75,11811.75,12149.0,135.25,402.0,1.4861367837338262,TP,1,S|swing
2022-06-29 09:38:00-04:00,2022-06-29 09:38:00-04:00,2022-06-29 09:51:00-04:00,S,11616.25,11694.5,11694.25,78.0,-158.5,-1.016025641025641,SL,1,S|swing
2022-06-29 10:11:00-04:00,2022-06-29 10:11:00-04:00,2022-06-29 15:59:00-04:00,L,11727.5,11689.0,11563.75,163.75,-79.0,-0.24122137404580152,time,1,L|swing
2022-06-30 09:53:00-04:00,2022-06-30 09:53:00-04:00,2022-06-30 11:26:00-04:00,S,11413.0,11588.5,11588.25,175.25,-353.0,-1.007132667617689,SL,1,S|swing
2022-07-01 10:38:00-04:00,2022-07-01 10:38:00-04:00,2022-07-01 14:39:00-04:00,S,11411.0,11570.0,11569.75,158.75,-320.0,-1.0078740157480315,SL,1,S|swing
2022-07-04 11:26:00-04:00,2022-07-04 11:26:00-04:00,2022-07-04 12:49:00-04:00,L,11559.5,11556.75,11543.0,16.5,-7.5,-0.22727272727272727,time,1,L|swing
2022-07-06 11:38:00-04:00,2022-07-06 11:38:00-04:00,2022-07-06 13:06:00-04:00,S,11779.0,11840.75,11840.5,61.5,-125.5,-1.0203252032520325,SL,1,S|swing
2022-07-07 09:35:00-04:00,2022-07-07 09:35:00-04:00,2022-07-07 13:45:00-04:00,L,11994.0,12115.25,11912.5,81.5,240.5,1.4754601226993864,TP,1,L|swing
2022-07-08 10:29:00-04:00,2022-07-08 10:29:00-04:00,2022-07-08 15:59:00-04:00,L,12117.5,12155.0,11984.0,133.5,73.0,0.27340823970037453,time,1,L|swing
2022-07-11 09:38:00-04:00,2022-07-11 09:38:00-04:00,2022-07-11 15:59:00-04:00,S,11929.25,11891.0,12071.0,141.75,74.5,0.26278659611992944,time,1,S|swing
2022-07-12 10:17:00-04:00,2022-07-12 10:17:00-04:00,2022-07-12 15:59:00-04:00,S,11825.0,11779.0,11955.5,130.5,90.0,0.3448275862068966,time,1,S|swing
2022-07-13 14:41:00-04:00,2022-07-13 14:41:00-04:00,2022-07-13 15:50:00-04:00,L,11825.75,11757.5,11757.75,68.0,-138.5,-1.0183823529411764,SL,1,L|swing
2022-07-14 09:35:00-04:00,2022-07-14 09:35:00-04:00,2022-07-14 11:41:00-04:00,S,11589.25,11684.75,11684.5,95.25,-193.0,-1.0131233595800524,SL,1,S|swing
2022-07-15 13:29:00-04:00,2022-07-15 13:29:00-04:00,2022-07-15 15:59:00-04:00,L,11976.0,12007.75,11948.0,28.0,61.5,1.0982142857142858,time,1,L|swing
2022-07-18 09:56:00-04:00,2022-07-18 09:56:00-04:00,2022-07-18 13:33:00-04:00,L,12173.0,12089.5,12089.75,83.25,-169.0,-1.015015015015015,SL,1,L|swing
2022-07-20 14:50:00-04:00,2022-07-20 14:50:00-04:00,2022-07-20 15:59:00-04:00,L,12451.5,12465.75,12415.25,36.25,26.5,0.36551724137931035,time,1,L|swing
2022-07-21 11:29:00-04:00,2022-07-21 11:29:00-04:00,2022-07-21 12:06:00-04:00,L,12507.0,12569.5,12464.75,42.25,123.0,1.455621301775148,TP,1,L|swing
2022-07-25 13:50:00-04:00,2022-07-25 13:50:00-04:00,2022-07-25 15:59:00-04:00,S,12333.25,12355.5,12383.75,50.5,-46.5,-0.4603960396039604,time,1,S|swing
2022-07-27 14:26:00-04:00,2022-07-27 14:26:00-04:00,2022-07-27 14:40:00-04:00,L,12461.25,12547.25,12403.25,58.0,170.0,1.4655172413793103,TP,1,L|swing
2022-07-28 10:02:00-04:00,2022-07-28 10:02:00-04:00,2022-07-28 11:24:00-04:00,S,12518.25,12638.5,12638.25,120.0,-242.5,-1.0104166666666667,SL,1,S|swing
2022-07-29 10:08:00-04:00,2022-07-29 10:08:00-04:00,2022-07-29 15:59:00-04:00,L,12897.0,12971.5,12772.25,124.75,147.0,0.5891783567134269,time,1,L|swing
2022-08-01 10:05:00-04:00,2022-08-01 10:05:00-04:00,2022-08-01 15:59:00-04:00,L,13027.25,12962.25,12887.25,140.0,-132.0,-0.4714285714285714,time,1,L|swing
2022-08-02 13:47:00-04:00,2022-08-02 13:47:00-04:00,2022-08-02 15:59:00-04:00,S,12919.25,12922.25,13062.0,142.75,-8.0,-0.028021015761821366,time,1,S|swing
2022-08-04 10:05:00-04:00,2022-08-04 10:05:00-04:00,2022-08-04 10:16:00-04:00,L,13325.5,13251.75,13252.0,73.5,-149.5,-1.0170068027210883,SL,1,L|swing
2022-08-04 10:20:00-04:00,2022-08-04 10:20:00-04:00,2022-08-04 15:13:00-04:00,S,13250.0,13334.0,13333.75,83.75,-170.0,-1.0149253731343284,SL,1,S|swing
2022-08-05 10:26:00-04:00,2022-08-05 10:26:00-04:00,2022-08-05 11:17:00-04:00,L,13292.75,13154.75,13155.0,137.75,-278.0,-1.0090744101633393,SL,1,L|swing
2022-08-05 11:26:00-04:00,2022-08-05 11:26:00-04:00,2022-08-05 13:35:00-04:00,S,13113.25,13240.75,13240.5,127.25,-257.0,-1.0098231827111985,SL,1,S|swing
2022-08-05 14:35:00-04:00,2022-08-05 14:35:00-04:00,2022-08-05 15:44:00-04:00,S,13171.5,13198.75,13198.5,27.0,-56.5,-1.0462962962962963,SL,1,S|swing
2022-08-08 09:56:00-04:00,2022-08-08 09:56:00-04:00,2022-08-08 11:42:00-04:00,L,13395.0,13231.25,13231.5,163.5,-329.5,-1.007645259938838,SL,1,L|swing
2022-08-10 13:35:00-04:00,2022-08-10 13:35:00-04:00,2022-08-10 15:44:00-04:00,L,13355.5,13398.75,13326.0,29.5,84.5,1.4322033898305084,TP,1,L|swing
2022-08-11 11:11:00-04:00,2022-08-11 11:11:00-04:00,2022-08-11 15:59:00-04:00,S,13406.0,13317.5,13512.5,106.5,175.0,0.8215962441314554,time,1,S|swing
2022-08-15 09:38:00-04:00,2022-08-15 09:38:00-04:00,2022-08-15 15:06:00-04:00,L,13586.25,13690.75,13516.0,70.25,207.0,1.4733096085409252,TP,1,L|swing
2022-08-16 11:41:00-04:00,2022-08-16 11:41:00-04:00,2022-08-16 14:09:00-04:00,L,13639.0,13726.25,13580.25,58.75,172.5,1.4680851063829787,TP,1,L|swing
2022-08-16 14:56:00-04:00,2022-08-16 14:56:00-04:00,2022-08-16 15:59:00-04:00,S,13613.5,13654.0,13721.75,108.25,-83.0,-0.3833718244803695,time,1,S|swing
2022-08-18 11:05:00-04:00,2022-08-18 11:05:00-04:00,2022-08-18 11:14:00-04:00,L,13497.5,13534.5,13472.25,25.25,72.0,1.4257425742574257,TP,1,L|swing
2022-08-18 13:41:00-04:00,2022-08-18 13:41:00-04:00,2022-08-18 14:35:00-04:00,L,13558.25,13515.5,13515.75,42.5,-87.5,-1.0294117647058822,SL,1,L|swing
2022-08-19 09:50:00-04:00,2022-08-19 09:50:00-04:00,2022-08-19 15:59:00-04:00,S,13319.5,13263.5,13425.5,106.0,110.0,0.5188679245283019,time,1,S|swing
2022-08-22 09:44:00-04:00,2022-08-22 09:44:00-04:00,2022-08-22 09:49:00-04:00,S,13065.0,13025.0,13092.25,27.25,78.0,1.4311926605504588,TP,1,S|swing
2022-08-23 10:02:00-04:00,2022-08-23 10:02:00-04:00,2022-08-23 15:59:00-04:00,L,12934.75,12898.5,12865.75,69.0,-74.5,-0.5398550724637681,time,1,L|swing
2022-08-24 10:26:00-04:00,2022-08-24 10:26:00-04:00,2022-08-24 15:59:00-04:00,L,12931.0,12933.75,12876.0,55.0,3.5,0.031818181818181815,time,1,L|swing
2022-08-25 10:14:00-04:00,2022-08-25 10:14:00-04:00,2022-08-25 15:59:00-04:00,L,13054.25,13158.25,12961.75,92.5,206.0,1.1135135135135135,time,1,L|swing
2022-08-26 10:08:00-04:00,2022-08-26 10:08:00-04:00,2022-08-26 10:09:00-04:00,S,13060.0,13147.0,13146.75,86.75,-176.0,-1.0144092219020173,SL,1,S|swing
2022-08-29 11:02:00-04:00,2022-08-29 11:02:00-04:00,2022-08-29 12:49:00-04:00,S,12487.75,12567.0,12566.75,79.0,-160.5,-1.0158227848101267,SL,1,S|swing
2022-08-31 10:26:00-04:00,2022-08-31 10:26:00-04:00,2022-08-31 13:42:00-04:00,S,12412.25,12287.25,12496.25,84.0,248.0,1.4761904761904763,TP,1,S|swing
2022-09-02 12:26:00-04:00,2022-09-02 12:26:00-04:00,2022-09-02 13:25:00-04:00,S,12311.25,12137.25,12427.75,116.5,346.0,1.4849785407725322,TP,1,S|swing
2022-09-06 12:41:00-04:00,2022-09-06 12:41:00-04:00,2022-09-06 13:12:00-04:00,S,12046.5,11985.75,12087.5,41.0,119.5,1.4573170731707317,TP,1,S|swing
2022-09-08 10:26:00-04:00,2022-09-08 10:26:00-04:00,2022-09-08 10:59:00-04:00,L,12243.75,12341.25,12178.25,65.5,193.0,1.4732824427480915,TP,1,L|swing
2022-09-08 12:20:00-04:00,2022-09-08 12:20:00-04:00,2022-09-08 15:59:00-04:00,S,12164.75,12326.5,12333.0,168.25,-325.5,-0.9673105497771174,time,1,S|swing
2022-09-09 09:50:00-04:00,2022-09-09 09:50:00-04:00,2022-09-09 13:11:00-04:00,L,12476.5,12581.75,12405.75,70.75,208.5,1.4734982332155477,TP,1,L|swing
2022-09-12 09:44:00-04:00,2022-09-12 09:44:00-04:00,2022-09-12 10:18:00-04:00,L,12684.5,12749.25,12640.75,43.75,127.5,1.457142857142857,TP,1,L|swing
2022-09-12 12:02:00-04:00,2022-09-12 12:02:00-04:00,2022-09-12 13:53:00-04:00,S,12657.75,12739.75,12739.5,81.75,-166.0,-1.0152905198776758,SL,1,S|swing
2022-09-13 14:11:00-04:00,2022-09-13 14:11:00-04:00,2022-09-13 15:11:00-04:00,S,12187.25,12098.5,12247.0,59.75,175.5,1.4686192468619246,TP,1,S|swing
2022-09-16 10:41:00-04:00,2022-09-16 10:41:00-04:00,2022-09-16 10:48:00-04:00,L,11887.25,11835.0,11835.25,52.0,-106.5,-1.0240384615384615,SL,1,L|swing
2022-09-16 11:14:00-04:00,2022-09-16 11:14:00-04:00,2022-09-16 14:27:00-04:00,S,11815.75,11870.5,11870.25,54.5,-111.5,-1.0229357798165137,SL,1,S|swing
2022-09-19 13:02:00-04:00,2022-09-19 13:02:00-04:00,2022-09-19 15:33:00-04:00,L,11942.25,12026.5,11885.5,56.75,166.5,1.4669603524229076,TP,1,L|swing
2022-09-20 12:59:00-04:00,2022-09-20 12:59:00-04:00,2022-09-20 13:05:00-04:00,S,11950.0,11927.75,11965.5,15.5,42.5,1.3709677419354838,TP,1,S|swing
2022-09-21 11:59:00-04:00,2022-09-21 11:59:00-04:00,2022-09-21 12:14:00-04:00,L,11968.0,11982.5,11957.75,10.25,27.0,1.3170731707317074,TP,1,L|swing
2022-09-21 14:08:00-04:00,2022-09-21 14:08:00-04:00,2022-09-21 14:44:00-04:00,S,11879.0,12068.25,12068.0,189.0,-380.5,-1.0066137566137565,SL,1,S|swing
2022-09-22 13:26:00-04:00,2022-09-22 13:26:00-04:00,2022-09-22 15:02:00-04:00,S,11545.75,11609.0,11608.75,63.0,-128.5,-1.0198412698412698,SL,1,S|swing
2022-09-23 10:02:00-04:00,2022-09-23 10:02:00-04:00,2022-09-23 15:59:00-04:00,S,11341.75,11374.25,11471.5,129.75,-67.0,-0.2581888246628131,time,1,S|swing
2022-09-26 14:56:00-04:00,2022-09-26 14:56:00-04:00,2022-09-26 15:59:00-04:00,L,11391.5,11319.5,11306.75,84.75,-146.0,-0.8613569321533924,time,1,L|swing
2022-09-27 09:41:00-04:00,2022-09-27 09:41:00-04:00,2022-09-27 10:00:00-04:00,L,11556.25,11457.75,11458.0,98.25,-199.0,-1.0127226463104326,SL,1,L|swing
2022-09-27 10:11:00-04:00,2022-09-27 10:11:00-04:00,2022-09-27 12:13:00-04:00,S,11439.25,11263.75,11556.75,117.5,349.0,1.4851063829787234,TP,1,S|swing
2022-09-29 12:29:00-04:00,2022-09-29 12:29:00-04:00,2022-09-29 14:17:00-04:00,S,11202.75,11100.75,11271.25,68.5,202.0,1.4744525547445255,TP,1,S|swing
2022-09-30 10:32:00-04:00,2022-09-30 10:32:00-04:00,2022-09-30 13:35:00-04:00,L,11285.5,11196.25,11196.5,89.0,-180.5,-1.0140449438202248,SL,1,L|swing
2022-10-04 09:41:00-04:00,2022-10-04 09:41:00-04:00,2022-10-04 10:01:00-04:00,L,11559.75,11651.75,11497.75,62.0,182.0,1.467741935483871,TP,1,L|swing
2022-10-04 14:38:00-04:00,2022-10-04 14:38:00-04:00,2022-10-04 14:56:00-04:00,L,11608.25,11647.75,11581.25,27.0,77.0,1.4259259259259258,TP,1,L|swing
2022-10-06 10:26:00-04:00,2022-10-06 10:26:00-04:00,2022-10-06 15:59:00-04:00,S,11563.0,11542.75,11676.5,113.5,38.5,0.1696035242290749,time,1,S|swing
2022-10-10 09:56:00-04:00,2022-10-10 09:56:00-04:00,2022-10-10 15:59:00-04:00,S,11020.75,10981.0,11126.0,105.25,77.5,0.3681710213776722,time,1,S|swing
2022-10-11 09:38:00-04:00,2022-10-11 09:38:00-04:00,2022-10-11 10:01:00-04:00,S,10890.75,10808.75,10946.0,55.25,162.0,1.4660633484162895,TP,1,S|swing
2022-10-12 12:47:00-04:00,2022-10-12 12:47:00-04:00,2022-10-12 13:01:00-04:00,S,10865.0,10892.5,10892.25,27.25,-57.0,-1.0458715596330275,SL,1,S|swing
2022-10-12 14:29:00-04:00,2022-10-12 14:29:00-04:00,2022-10-12 15:59:00-04:00,L,10907.75,10836.5,10830.0,77.75,-144.5,-0.9292604501607717,time,1,L|swing
2022-10-14 10:05:00-04:00,2022-10-14 10:05:00-04:00,2022-10-14 15:59:00-04:00,S,11005.0,10747.75,11201.5,196.5,512.5,1.3040712468193385,time,1,S|swing
2022-10-18 14:50:00-04:00,2022-10-18 14:50:00-04:00,2022-10-18 15:59:00-04:00,S,11100.0,11203.25,11243.5,143.5,-208.5,-0.7264808362369338,time,1,S|swing
2022-10-19 12:11:00-04:00,2022-10-19 12:11:00-04:00,2022-10-19 13:04:00-04:00,S,11161.75,11064.75,11227.0,65.25,192.0,1.471264367816092,TP,1,S|swing
2022-10-20 09:56:00-04:00,2022-10-20 09:56:00-04:00,2022-10-20 13:49:00-04:00,L,11221.5,11091.0,11091.25,130.25,-263.0,-1.0095969289827256,SL,1,L|swing
2022-10-24 11:29:00-04:00,2022-10-24 11:29:00-04:00,2022-10-24 12:19:00-04:00,L,11370.5,11445.75,11319.75,50.75,148.5,1.4630541871921183,TP,1,L|swing
2022-10-24 14:08:00-04:00,2022-10-24 14:08:00-04:00,2022-10-24 15:00:00-04:00,L,11421.0,11483.5,11378.75,42.25,123.0,1.455621301775148,TP,1,L|swing
2022-10-25 14:29:00-04:00,2022-10-25 14:29:00-04:00,2022-10-25 15:59:00-04:00,L,11685.25,11712.75,11643.5,41.75,53.0,0.6347305389221557,time,1,L|swing
2022-10-26 10:14:00-04:00,2022-10-26 10:14:00-04:00,2022-10-26 11:09:00-04:00,L,11547.5,11672.75,11463.5,84.0,248.5,1.4791666666666667,TP,1,L|swing
2022-10-26 12:59:00-04:00,2022-10-26 12:59:00-04:00,2022-10-26 15:59:00-04:00,S,11556.0,11453.5,11662.25,106.25,203.0,0.9552941176470588,time,1,S|swing
2022-10-27 09:56:00-04:00,2022-10-27 09:56:00-04:00,2022-10-27 15:59:00-04:00,S,11266.75,11241.5,11464.75,198.0,48.5,0.12247474747474747,time,1,S|swing
2022-10-31 13:11:00-04:00,2022-10-31 13:11:00-04:00,2022-10-31 13:16:00-04:00,S,11454.75,11463.75,11463.5,8.75,-20.0,-1.1428571428571428,SL,1,S|swing
2022-11-01 09:50:00-04:00,2022-11-01 09:50:00-04:00,2022-11-01 10:41:00-04:00,S,11519.0,11369.5,11619.25,100.25,297.0,1.4812967581047383,TP,1,S|swing
2022-11-03 11:44:00-04:00,2022-11-03 11:44:00-04:00,2022-11-03 12:16:00-04:00,S,10786.5,10818.25,10818.0,31.5,-65.5,-1.0396825396825398,SL,1,S|swing
2022-11-03 13:53:00-04:00,2022-11-03 13:53:00-04:00,2022-11-03 13:58:00-04:00,S,10797.75,10784.0,10807.5,9.75,25.5,1.3076923076923077,TP,1,S|swing
2022-11-04 10:17:00-04:00,2022-11-04 10:17:00-04:00,2022-11-04 11:51:00-04:00,L,10888.5,10723.75,10724.0,164.5,-331.5,-1.0075987841945289,SL,1,L|swing
2022-11-04 14:47:00-04:00,2022-11-04 14:47:00-04:00,2022-11-04 15:59:00-04:00,L,10788.25,10893.0,10699.25,89.0,207.5,1.1657303370786516,time,1,L|swing
2022-11-07 11:26:00-05:00,2022-11-07 11:26:00-05:00,2022-11-07 11:41:00-05:00,L,10926.75,10887.75,10888.0,38.75,-80.0,-1.032258064516129,SL,1,L|swing
2022-11-07 11:59:00-05:00,2022-11-07 11:59:00-05:00,2022-11-07 14:05:00-05:00,S,10867.25,10951.0,10950.75,83.5,-169.5,-1.0149700598802396,SL,1,S|swing
2022-11-08 09:47:00-05:00,2022-11-08 09:47:00-05:00,2022-11-08 10:19:00-05:00,S,11025.75,11093.5,11093.25,67.5,-137.5,-1.0185185185185186,SL,1,S|swing
2022-11-08 10:35:00-05:00,2022-11-08 10:35:00-05:00,2022-11-08 11:32:00-05:00,L,11108.25,11200.25,11046.25,62.0,182.0,1.467741935483871,TP,1,L|swing
2022-11-11 10:26:00-05:00,2022-11-11 10:26:00-05:00,2022-11-11 15:59:00-05:00,L,11751.75,11847.75,11587.5,164.25,190.0,0.578386605783866,time,1,L|swing
2022-11-14 10:35:00-05:00,2022-11-14 10:35:00-05:00,2022-11-14 10:40:00-05:00,L,11778.25,11803.75,11760.75,17.5,49.0,1.4,TP,1,L|swing
2022-11-14 11:26:00-05:00,2022-11-14 11:26:00-05:00,2022-11-14 11:46:00-05:00,S,11746.0,11815.5,11815.25,69.25,-141.0,-1.0180505415162455,SL,1,S|swing
2022-11-14 11:50:00-05:00,2022-11-14 11:50:00-05:00,2022-11-14 15:56:00-05:00,L,11818.25,11732.75,11733.0,85.25,-173.0,-1.0146627565982405,SL,1,L|swing
2022-11-15 11:59:00-05:00,2022-11-15 11:59:00-05:00,2022-11-15 12:42:00-05:00,L,12037.25,11981.5,11981.75,55.5,-113.5,-1.0225225225225225,SL,1,L|swing
2022-11-16 13:59:00-05:00,2022-11-16 13:59:00-05:00,2022-11-16 15:59:00-05:00,S,11744.5,11740.5,11804.25,59.75,6.0,0.0502092050209205,time,1,S|swing
2022-11-18 09:41:00-05:00,2022-11-18 09:41:00-05:00,2022-11-18 11:03:00-05:00,S,11765.5,11648.25,11844.25,78.75,232.5,1.4761904761904763,TP,1,S|swing
2022-11-21 10:26:00-05:00,2022-11-21 10:26:00-05:00,2022-11-21 15:59:00-05:00,S,11605.75,11587.5,11675.75,70.0,34.5,0.24642857142857144,time,1,S|swing
2022-11-22 09:44:00-05:00,2022-11-22 09:44:00-05:00,2022-11-22 10:48:00-05:00,S,11537.5,11631.5,11631.25,93.75,-190.0,-1.0133333333333334,SL,1,S|swing
2022-11-22 10:56:00-05:00,2022-11-22 10:56:00-05:00,2022-11-22 15:13:00-05:00,L,11636.5,11720.25,11580.0,56.5,165.5,1.4646017699115044,TP,1,L|swing
2022-11-23 09:50:00-05:00,2022-11-23 09:50:00-05:00,2022-11-23 12:57:00-05:00,L,11832.5,11744.25,11744.5,88.0,-178.5,-1.0142045454545454,SL,1,L|swing
2022-11-23 14:05:00-05:00,2022-11-23 14:05:00-05:00,2022-11-23 15:59:00-05:00,L,11869.25,11868.0,11781.75,87.5,-4.5,-0.025714285714285714,time,1,L|swing
2022-11-24 10:50:00-05:00,2022-11-24 10:50:00-05:00,2022-11-24 12:24:00-05:00,L,11915.5,11924.75,11908.75,6.75,16.5,1.2222222222222223,TP,1,L|swing
2022-11-28 10:50:00-05:00,2022-11-28 10:50:00-05:00,2022-11-28 12:05:00-05:00,S,11697.25,11730.75,11730.5,33.25,-69.0,-1.037593984962406,SL,1,S|swing
2022-11-29 14:44:00-05:00,2022-11-29 14:44:00-05:00,2022-11-29 15:59:00-05:00,S,11496.25,11523.5,11540.75,44.5,-56.5,-0.6348314606741573,time,1,S|swing
2022-11-30 10:14:00-05:00,2022-11-30 10:14:00-05:00,2022-11-30 10:50:00-05:00,L,11557.5,11520.25,11520.5,37.0,-76.5,-1.0337837837837838,SL,1,L|swing
2022-11-30 10:53:00-05:00,2022-11-30 10:53:00-05:00,2022-11-30 11:35:00-05:00,S,11529.75,11567.25,11567.0,37.25,-77.0,-1.0335570469798658,SL,1,S|swing
2022-11-30 11:44:00-05:00,2022-11-30 11:44:00-05:00,2022-11-30 12:16:00-05:00,L,11566.0,11537.25,11537.5,28.5,-59.5,-1.043859649122807,SL,1,L|swing
2022-11-30 12:29:00-05:00,2022-11-30 12:29:00-05:00,2022-11-30 13:13:00-05:00,S,11517.0,11567.25,11567.0,50.0,-102.5,-1.025,SL,1,S|swing
2022-11-30 13:29:00-05:00,2022-11-30 13:29:00-05:00,2022-11-30 13:30:00-05:00,L,11561.25,11610.25,11528.0,33.25,96.0,1.443609022556391,TP,1,L|swing
2022-12-01 10:23:00-05:00,2022-12-01 10:23:00-05:00,2022-12-01 15:59:00-05:00,S,11974.25,12060.0,12145.0,170.75,-173.5,-0.5080527086383602,time,1,S|swing
2022-12-02 13:14:00-05:00,2022-12-02 13:14:00-05:00,2022-12-02 13:41:00-05:00,S,11913.25,11936.5,11936.25,23.0,-48.5,-1.0543478260869565,SL,1,S|swing
2022-12-07 10:50:00-05:00,2022-12-07 10:50:00-05:00,2022-12-07 11:30:00-05:00,L,11545.25,11459.75,11460.0,85.25,-173.0,-1.0146627565982405,SL,1,L|swing
2022-12-07 11:44:00-05:00,2022-12-07 11:44:00-05:00,2022-12-07 13:12:00-05:00,S,11493.0,11538.75,11538.5,45.5,-93.5,-1.0274725274725274,SL,1,S|swing
2022-12-07 14:23:00-05:00,2022-12-07 14:23:00-05:00,2022-12-07 14:35:00-05:00,S,11492.0,11524.0,11523.75,31.75,-66.0,-1.0393700787401574,SL,1,S|swing
2022-12-08 09:44:00-05:00,2022-12-08 09:44:00-05:00,2022-12-08 09:56:00-05:00,S,11489.25,11573.25,11573.0,83.75,-170.0,-1.0149253731343284,SL,1,S|swing
2022-12-08 10:11:00-05:00,2022-12-08 10:11:00-05:00,2022-12-08 15:59:00-05:00,L,11626.25,11645.5,11476.75,149.5,36.5,0.12207357859531773,time,1,L|swing
2022-12-09 13:17:00-05:00,2022-12-09 13:17:00-05:00,2022-12-09 15:50:00-05:00,S,11655.25,11592.25,11697.75,42.5,124.0,1.4588235294117646,TP,1,S|swing
2022-12-16 10:32:00-05:00,2022-12-16 10:32:00-05:00,2022-12-16 15:59:00-05:00,S,11341.25,11342.25,11427.25,86.0,-4.0,-0.023255813953488372,time,1,S|swing
2022-12-19 13:50:00-05:00,2022-12-19 13:50:00-05:00,2022-12-19 15:59:00-05:00,S,11201.5,11188.25,11255.5,54.0,24.5,0.22685185185185186,time,1,S|swing
2022-12-20 10:17:00-05:00,2022-12-20 10:17:00-05:00,2022-12-20 15:59:00-05:00,L,11172.75,11175.25,11071.5,101.25,3.0,0.014814814814814815,time,1,L|swing
2022-12-21 09:35:00-05:00,2022-12-21 09:35:00-05:00,2022-12-21 09:39:00-05:00,S,11197.0,11230.75,11230.5,33.5,-69.5,-1.037313432835821,SL,1,S|swing
2022-12-21 10:02:00-05:00,2022-12-21 10:02:00-05:00,2022-12-21 14:04:00-05:00,L,11260.5,11379.25,11180.75,79.75,235.5,1.4764890282131662,TP,1,L|swing
2022-12-23 14:11:00-05:00,2022-12-23 14:11:00-05:00,2022-12-23 14:17:00-05:00,S,11037.5,11057.5,11057.25,19.75,-42.0,-1.0632911392405062,SL,1,S|swing
2022-12-23 14:38:00-05:00,2022-12-23 14:38:00-05:00,2022-12-23 15:59:00-05:00,L,11061.75,11079.25,11026.25,35.5,33.0,0.4647887323943662,time,1,L|swing
2022-12-28 09:47:00-05:00,2022-12-28 09:47:00-05:00,2022-12-28 10:55:00-05:00,L,10967.5,10861.0,10861.25,106.25,-215.0,-1.011764705882353,SL,1,L|swing
2022-12-28 14:20:00-05:00,2022-12-28 14:20:00-05:00,2022-12-28 14:35:00-05:00,S,10821.5,10796.25,10839.0,17.5,48.5,1.3857142857142857,TP,1,S|swing
2022-12-29 14:02:00-05:00,2022-12-29 14:02:00-05:00,2022-12-29 15:59:00-05:00,L,11059.0,11032.0,11020.5,38.5,-56.0,-0.7272727272727273,time,1,L|swing
2022-12-30 10:50:00-05:00,2022-12-30 10:50:00-05:00,2022-12-30 11:20:00-05:00,L,10959.75,10904.5,10904.75,55.0,-112.5,-1.0227272727272727,SL,1,L|swing
2022-12-30 13:29:00-05:00,2022-12-30 13:29:00-05:00,2022-12-30 15:12:00-05:00,S,10900.75,10956.5,10956.25,55.5,-113.5,-1.0225225225225225,SL,1,S|swing
