sig_time,entry_time,exit_time,side,entry,exit,stop,risk_pts,pnl,R,reason,parts,tag
2019-06-21 09:59:00-04:00,2019-06-21 09:59:00-04:00,2019-06-21 11:02:00-04:00,L,7755.0,7787.5,7732.75,22.25,63.0,1.4157303370786516,TP,1,L|swing
2019-06-21 13:14:00-04:00,2019-06-21 13:14:00-04:00,2019-06-21 15:59:00-04:00,L,7768.0,7755.5,7751.0,17.0,-27.0,-0.7941176470588235,time,1,L|swing
2019-06-24 11:14:00-04:00,2019-06-24 11:14:00-04:00,2019-06-24 15:59:00-04:00,L,7770.75,7752.75,7749.25,21.5,-38.0,-0.8837209302325582,time,1,L|swing
2019-06-25 14:29:00-04:00,2019-06-25 14:29:00-04:00,2019-06-25 15:59:00-04:00,S,7644.25,7622.0,7699.25,55.0,42.5,0.38636363636363635,time,1,S|swing
2019-06-26 11:14:00-04:00,2019-06-26 11:14:00-04:00,2019-06-26 15:59:00-04:00,S,7672.75,7655.75,7719.25,46.5,32.0,0.34408602150537637,time,1,S|swing
2019-06-27 10:29:00-04:00,2019-06-27 10:29:00-04:00,2019-06-27 11:24:00-04:00,L,7691.25,7666.75,7667.0,24.25,-51.0,-1.0515463917525774,SL,1,L|swing
2019-06-28 09:44:00-04:00,2019-06-28 09:44:00-04:00,2019-06-28 15:59:00-04:00,S,7687.25,7693.5,7710.5,23.25,-14.5,-0.3118279569892473,time,1,S|swing
2019-07-01 14:14:00-04:00,2019-07-01 14:14:00-04:00,2019-07-01 14:24:00-04:00,L,7774.75,7764.75,7765.0,9.75,-22.0,-1.1282051282051282,SL,1,L|swing
2019-07-02 10:29:00-04:00,2019-07-02 10:29:00-04:00,2019-07-02 12:32:00-04:00,L,7798.75,7776.0,7776.25,22.5,-47.5,-1.0555555555555556,SL,1,L|swing
2019-07-02 13:44:00-04:00,2019-07-02 13:44:00-04:00,2019-07-02 15:59:00-04:00,L,7791.75,7825.25,7768.75,23.0,65.0,1.4130434782608696,TP,1,L|swing
2019-07-03 09:44:00-04:00,2019-07-03 09:44:00-04:00,2019-07-03 10:40:00-04:00,L,7847.25,7864.75,7835.0,12.25,33.0,1.346938775510204,TP,1,L|swing
2019-07-08 12:29:00-04:00,2019-07-08 12:29:00-04:00,2019-07-08 15:14:00-04:00,S,7786.0,7810.25,7810.0,24.0,-50.5,-1.0520833333333333,SL,1,S|swing
2019-07-11 11:14:00-04:00,2019-07-11 11:14:00-04:00,2019-07-11 13:34:00-04:00,L,7944.25,7921.25,7921.5,22.75,-48.0,-1.054945054945055,SL,1,L|swing
2019-07-11 14:59:00-04:00,2019-07-11 14:59:00-04:00,2019-07-11 15:59:00-04:00,L,7914.25,7919.25,7894.0,20.25,8.0,0.19753086419753085,time,1,L|swing
2019-07-12 09:44:00-04:00,2019-07-12 09:44:00-04:00,2019-07-12 10:44:00-04:00,L,7938.5,7924.25,7924.5,14.0,-30.5,-1.0892857142857142,SL,1,L|swing
2019-07-12 11:29:00-04:00,2019-07-12 11:29:00-04:00,2019-07-12 15:59:00-04:00,L,7946.75,7965.25,7920.0,26.75,35.0,0.6542056074766355,time,1,L|swing
2019-07-15 11:14:00-04:00,2019-07-15 11:14:00-04:00,2019-07-15 15:00:00-04:00,L,7972.25,7988.25,7961.0,11.25,30.0,1.3333333333333333,TP,1,L|swing
2019-07-16 09:44:00-04:00,2019-07-16 09:44:00-04:00,2019-07-16 10:18:00-04:00,L,7981.5,7971.25,7971.5,10.0,-22.5,-1.125,SL,1,L|swing
2019-07-16 11:29:00-04:00,2019-07-16 11:29:00-04:00,2019-07-16 12:11:00-04:00,S,7967.0,7936.0,7988.25,21.25,60.0,1.411764705882353,TP,1,S|swing
2019-07-16 13:59:00-04:00,2019-07-16 13:59:00-04:00,2019-07-16 15:59:00-04:00,S,7937.0,7948.75,7971.0,34.0,-25.5,-0.375,time,1,S|swing
2019-07-17 10:29:00-04:00,2019-07-17 10:29:00-04:00,2019-07-17 15:59:00-04:00,S,7941.0,7909.75,7962.5,21.5,60.5,1.4069767441860466,TP,1,S|swing
2019-07-18 11:14:00-04:00,2019-07-18 11:14:00-04:00,2019-07-18 14:23:00-04:00,S,7866.5,7906.0,7905.75,39.25,-81.0,-1.0318471337579618,SL,1,S|swing
2019-07-19 13:29:00-04:00,2019-07-19 13:29:00-04:00,2019-07-19 14:28:00-04:00,S,7919.75,7882.75,7945.0,25.25,72.0,1.4257425742574257,TP,1,S|swing
2019-07-22 09:44:00-04:00,2019-07-22 09:44:00-04:00,2019-07-22 15:59:00-04:00,L,7897.0,7921.0,7862.75,34.25,46.0,0.6715328467153284,time,1,L|swing
2019-07-23 13:44:00-04:00,2019-07-23 13:44:00-04:00,2019-07-23 15:59:00-04:00,L,7951.75,7970.0,7908.0,43.75,34.5,0.3942857142857143,time,1,L|swing
2019-07-24 09:44:00-04:00,2019-07-24 09:44:00-04:00,2019-07-24 14:53:00-04:00,L,7964.0,8001.75,7938.25,25.75,73.5,1.4271844660194175,TP,1,L|swing
2019-07-25 14:59:00-04:00,2019-07-25 14:59:00-04:00,2019-07-25 15:59:00-04:00,S,7947.0,7946.75,7963.5,16.5,-1.5,-0.045454545454545456,time,1,S|swing
2019-07-26 09:44:00-04:00,2019-07-26 09:44:00-04:00,2019-07-26 15:59:00-04:00,L,8026.0,8028.0,7991.0,35.0,2.0,0.02857142857142857,time,1,L|swing
2019-07-29 12:14:00-04:00,2019-07-29 12:14:00-04:00,2019-07-29 13:00:00-04:00,S,7977.5,7996.5,7996.25,18.75,-40.0,-1.0666666666666667,SL,1,S|swing
2019-07-30 11:59:00-04:00,2019-07-30 11:59:00-04:00,2019-07-30 14:00:00-04:00,S,7957.75,7978.0,7977.75,20.0,-42.5,-1.0625,SL,1,S|swing
2019-07-31 13:44:00-04:00,2019-07-31 13:44:00-04:00,2019-07-31 14:01:00-04:00,S,7973.0,7946.5,7991.25,18.25,51.0,1.3972602739726028,TP,1,S|swing
2019-07-31 14:44:00-04:00,2019-07-31 14:44:00-04:00,2019-07-31 14:53:00-04:00,S,7903.75,7784.25,7984.0,80.25,237.0,1.4766355140186915,TP,1,S|swing
2019-08-01 13:29:00-04:00,2019-08-01 13:29:00-04:00,2019-08-01 14:12:00-04:00,S,7932.75,7810.75,8014.75,82.0,242.0,1.475609756097561,TP,1,S|swing
2019-08-02 13:14:00-04:00,2019-08-02 13:14:00-04:00,2019-08-02 15:36:00-04:00,S,7662.75,7709.5,7709.25,46.5,-95.5,-1.0268817204301075,SL,1,S|swing
2019-08-08 09:59:00-04:00,2019-08-08 09:59:00-04:00,2019-08-08 12:22:00-04:00,L,7620.0,7694.25,7570.0,50.0,146.5,1.465,TP,1,L|swing
2019-08-09 13:14:00-04:00,2019-08-09 13:14:00-04:00,2019-08-09 15:59:00-04:00,L,7655.25,7656.0,7596.5,58.75,-0.5,-0.00425531914893617,time,1,L|swing
2019-08-12 13:44:00-04:00,2019-08-12 13:44:00-04:00,2019-08-12 15:59:00-04:00,S,7591.5,7570.5,7634.0,42.5,40.0,0.47058823529411764,time,1,S|swing
2019-08-14 10:14:00-04:00,2019-08-14 10:14:00-04:00,2019-08-14 13:01:00-04:00,S,7583.5,7489.5,7646.75,63.25,186.0,1.4703557312252964,TP,1,S|swing
2019-08-14 14:29:00-04:00,2019-08-14 14:29:00-04:00,2019-08-14 15:59:00-04:00,S,7513.25,7500.75,7549.0,35.75,23.0,0.32167832167832167,time,1,S|swing
2019-08-15 10:29:00-04:00,2019-08-15 10:29:00-04:00,2019-08-15 15:59:00-04:00,S,7498.75,7494.0,7573.5,74.75,7.5,0.05016722408026756,time,1,S|swing
2019-08-16 10:59:00-04:00,2019-08-16 10:59:00-04:00,2019-08-16 15:59:00-04:00,L,7627.75,7612.25,7545.0,82.75,-33.0,-0.19939577039274925,time,1,L|swing
2019-08-19 10:59:00-04:00,2019-08-19 10:59:00-04:00,2019-08-19 15:59:00-04:00,L,7725.25,7728.0,7694.5,30.75,3.5,0.056910569105691054,time,1,L|swing
2019-08-20 10:14:00-04:00,2019-08-20 10:14:00-04:00,2019-08-20 14:21:00-04:00,L,7708.5,7680.0,7680.25,28.25,-59.0,-1.0442477876106195,SL,1,L|swing
2019-08-20 14:29:00-04:00,2019-08-20 14:29:00-04:00,2019-08-20 15:59:00-04:00,L,7693.25,7677.75,7678.0,15.25,-33.0,-1.0819672131147542,SL,1,L|swing
2019-08-21 11:14:00-04:00,2019-08-21 11:14:00-04:00,2019-08-21 14:00:00-04:00,L,7754.5,7726.75,7727.0,27.5,-57.5,-1.0454545454545454,SL,1,L|swing
2019-08-21 14:14:00-04:00,2019-08-21 14:14:00-04:00,2019-08-21 15:59:00-04:00,L,7734.75,7741.0,7705.25,29.5,10.5,0.17796610169491525,time,1,L|swing
2019-08-22 10:29:00-04:00,2019-08-22 10:29:00-04:00,2019-08-22 15:59:00-04:00,S,7710.0,7715.0,7773.75,63.75,-12.0,-0.09411764705882353,time,1,S|swing
2019-08-23 11:14:00-04:00,2019-08-23 11:14:00-04:00,2019-08-23 15:59:00-04:00,S,7577.5,7474.25,7732.25,154.75,204.5,0.6607431340872375,time,1,S|swing
2019-08-26 09:44:00-04:00,2019-08-26 09:44:00-04:00,2019-08-26 15:59:00-04:00,S,7537.5,7583.25,7583.0,45.5,-93.5,-1.0274725274725274,SL,1,S|swing
2019-08-28 13:14:00-04:00,2019-08-28 13:14:00-04:00,2019-08-28 15:19:00-04:00,S,7570.5,7600.5,7600.25,29.75,-62.0,-1.0420168067226891,SL,1,S|swing
2019-08-30 14:29:00-04:00,2019-08-30 14:29:00-04:00,2019-08-30 15:02:00-04:00,L,7683.0,7661.5,7661.75,21.25,-45.0,-1.0588235294117647,SL,1,L|swing
2019-09-03 09:44:00-04:00,2019-09-03 09:44:00-04:00,2019-09-03 10:04:00-04:00,L,7660.0,7622.0,7622.25,37.75,-78.0,-1.033112582781457,SL,1,L|swing
2019-09-03 10:14:00-04:00,2019-09-03 10:14:00-04:00,2019-09-03 15:59:00-04:00,S,7603.25,7615.0,7677.0,73.75,-25.5,-0.17288135593220338,time,1,S|swing
2019-09-04 09:44:00-04:00,2019-09-04 09:44:00-04:00,2019-09-04 10:07:00-04:00,L,7691.5,7680.0,7680.25,11.25,-25.0,-1.1111111111111112,SL,1,L|swing
2019-09-04 11:59:00-04:00,2019-09-04 11:59:00-04:00,2019-09-04 15:59:00-04:00,L,7700.25,7723.5,7664.25,36.0,44.5,0.6180555555555556,time,1,L|swing
2019-09-05 09:44:00-04:00,2019-09-05 09:44:00-04:00,2019-09-05 10:16:00-04:00,L,7830.0,7871.75,7801.5,28.5,81.5,1.4298245614035088,TP,1,L|swing
2019-09-06 10:59:00-04:00,2019-09-06 10:59:00-04:00,2019-09-06 12:51:00-04:00,L,7870.0,7840.25,7840.5,29.5,-61.5,-1.0423728813559323,SL,1,L|swing
2019-09-06 12:59:00-04:00,2019-09-06 12:59:00-04:00,2019-09-06 15:59:00-04:00,L,7858.25,7856.0,7838.25,20.0,-6.5,-0.1625,time,1,L|swing
2019-09-09 10:59:00-04:00,2019-09-09 10:59:00-04:00,2019-09-09 12:13:00-04:00,L,7873.0,7843.75,7844.0,29.0,-60.5,-1.043103448275862,SL,1,L|swing
2019-09-09 12:29:00-04:00,2019-09-09 12:29:00-04:00,2019-09-09 15:59:00-04:00,S,7827.0,7837.5,7877.25,50.25,-23.0,-0.22885572139303484,time,1,S|swing
2019-09-10 13:59:00-04:00,2019-09-10 13:59:00-04:00,2019-09-10 15:59:00-04:00,S,7782.25,7813.0,7812.75,30.5,-63.5,-1.040983606557377,SL,1,S|swing
2019-09-11 09:44:00-04:00,2019-09-11 09:44:00-04:00,2019-09-11 10:33:00-04:00,L,7834.0,7869.25,7810.0,24.0,68.5,1.4270833333333333,TP,1,L|swing
2019-09-11 14:59:00-04:00,2019-09-11 14:59:00-04:00,2019-09-11 15:54:00-04:00,L,7868.5,7882.75,7858.5,10.0,26.5,1.325,TP,1,L|swing
2019-09-12 10:29:00-04:00,2019-09-12 10:29:00-04:00,2019-09-12 15:59:00-04:00,L,7971.25,7920.5,7909.25,62.0,-103.5,-0.8346774193548387,time,1,L|swing
2019-09-13 10:14:00-04:00,2019-09-13 10:14:00-04:00,2019-09-13 15:59:00-04:00,S,7892.75,7893.5,7950.25,57.5,-3.5,-0.030434782608695653,time,1,S|swing
2019-09-19 14:29:00-04:00,2019-09-19 14:29:00-04:00,2019-09-19 15:59:00-04:00,L,7933.5,7923.0,7907.75,25.75,-23.0,-0.44660194174757284,time,1,L|swing
2019-09-20 09:44:00-04:00,2019-09-20 09:44:00-04:00,2019-09-20 09:59:00-04:00,L,7939.75,7926.0,7926.25,13.5,-29.5,-1.0925925925925926,SL,1,L|swing
2019-09-23 10:14:00-04:00,2019-09-23 10:14:00-04:00,2019-09-23 11:37:00-04:00,S,7813.75,7848.25,7848.0,34.25,-71.0,-1.0364963503649636,SL,1,S|swing
2019-09-23 14:29:00-04:00,2019-09-23 14:29:00-04:00,2019-09-23 15:08:00-04:00,S,7849.75,7862.0,7861.75,12.0,-26.5,-1.1041666666666667,SL,1,S|swing
2019-09-24 10:29:00-04:00,2019-09-24 10:29:00-04:00,2019-09-24 11:39:00-04:00,S,7854.0,7794.5,7894.25,40.25,117.0,1.453416149068323,TP,1,S|swing
2019-09-25 09:44:00-04:00,2019-09-25 09:44:00-04:00,2019-09-25 10:01:00-04:00,S,7716.25,7677.0,7743.0,26.75,76.5,1.4299065420560748,TP,1,S|swing
2019-09-26 13:29:00-04:00,2019-09-26 13:29:00-04:00,2019-09-26 14:00:00-04:00,S,7758.5,7782.75,7782.5,24.0,-50.5,-1.0520833333333333,SL,1,S|swing
2019-09-27 09:44:00-04:00,2019-09-27 09:44:00-04:00,2019-09-27 10:02:00-04:00,S,7789.0,7753.75,7813.0,24.0,68.5,1.4270833333333333,TP,1,S|swing
2019-09-27 12:44:00-04:00,2019-09-27 12:44:00-04:00,2019-09-27 15:59:00-04:00,S,7725.5,7699.0,7794.0,68.5,51.0,0.3722627737226277,time,1,S|swing
2019-09-30 10:44:00-04:00,2019-09-30 10:44:00-04:00,2019-09-30 11:26:00-04:00,S,7728.0,7752.5,7752.25,24.25,-51.0,-1.0515463917525774,SL,1,S|swing
2019-09-30 11:29:00-04:00,2019-09-30 11:29:00-04:00,2019-09-30 15:59:00-04:00,L,7755.25,7767.5,7708.75,46.5,22.5,0.24193548387096775,time,1,L|swing
2019-10-01 09:44:00-04:00,2019-10-01 09:44:00-04:00,2019-10-01 10:05:00-04:00,L,7833.75,7787.5,7787.75,46.0,-94.5,-1.0271739130434783,SL,1,L|swing
2019-10-01 10:14:00-04:00,2019-10-01 10:14:00-04:00,2019-10-01 15:59:00-04:00,S,7766.75,7701.75,7841.75,75.0,128.0,0.8533333333333334,time,1,S|swing
2019-10-02 09:44:00-04:00,2019-10-02 09:44:00-04:00,2019-10-02 12:36:00-04:00,S,7614.0,7541.0,7663.25,49.25,144.0,1.4619289340101522,TP,1,S|swing
2019-10-03 09:44:00-04:00,2019-10-03 09:44:00-04:00,2019-10-03 10:00:00-04:00,S,7562.0,7526.5,7586.25,24.25,69.0,1.422680412371134,TP,1,S|swing
2019-10-04 11:14:00-04:00,2019-10-04 11:14:00-04:00,2019-10-04 15:59:00-04:00,L,7721.5,7765.25,7662.25,59.25,85.5,0.7215189873417721,time,1,L|swing
2019-10-07 10:29:00-04:00,2019-10-07 10:29:00-04:00,2019-10-07 15:59:00-04:00,L,7761.25,7736.25,7724.25,37.0,-52.0,-0.7027027027027027,time,1,L|swing
2019-10-08 09:44:00-04:00,2019-10-08 09:44:00-04:00,2019-10-08 14:37:00-04:00,S,7667.25,7707.25,7707.0,39.75,-82.0,-1.0314465408805031,SL,1,S|swing
2019-10-09 09:44:00-04:00,2019-10-09 09:44:00-04:00,2019-10-09 09:53:00-04:00,L,7685.75,7669.75,7670.0,15.75,-34.0,-1.0793650793650793,SL,1,L|swing
2019-10-09 09:59:00-04:00,2019-10-09 09:59:00-04:00,2019-10-09 12:35:00-04:00,S,7673.25,7707.75,7707.5,34.25,-71.0,-1.0364963503649636,SL,1,S|swing
2019-10-09 14:44:00-04:00,2019-10-09 14:44:00-04:00,2019-10-09 15:59:00-04:00,L,7716.0,7701.0,7693.0,23.0,-32.0,-0.6956521739130435,time,1,L|swing
2019-10-10 09:44:00-04:00,2019-10-10 09:44:00-04:00,2019-10-10 09:58:00-04:00,L,7707.25,7760.25,7671.25,36.0,104.0,1.4444444444444444,TP,1,L|swing
2019-10-10 12:59:00-04:00,2019-10-10 12:59:00-04:00,2019-10-10 13:30:00-04:00,L,7749.0,7732.0,7732.25,16.75,-36.0,-1.0746268656716418,SL,1,L|swing
2019-10-11 09:44:00-04:00,2019-10-11 09:44:00-04:00,2019-10-11 15:39:00-04:00,L,7866.0,7916.25,7832.0,34.0,98.5,1.4485294117647058,TP,1,L|swing
2019-10-14 10:59:00-04:00,2019-10-14 10:59:00-04:00,2019-10-14 15:59:00-04:00,L,7875.75,7853.75,7830.75,45.0,-46.0,-0.5111111111111111,time,1,L|swing
2019-10-15 09:44:00-04:00,2019-10-15 09:44:00-04:00,2019-10-15 10:40:00-04:00,L,7898.5,7944.25,7867.5,31.0,89.5,1.4435483870967742,TP,1,L|swing
2019-10-16 14:44:00-04:00,2019-10-16 14:44:00-04:00,2019-10-16 15:59:00-04:00,L,7932.0,7933.25,7912.5,19.5,0.5,0.01282051282051282,time,1,L|swing
2019-10-17 11:29:00-04:00,2019-10-17 11:29:00-04:00,2019-10-17 11:52:00-04:00,L,7948.25,7929.25,7929.5,18.75,-40.0,-1.0666666666666667,SL,1,L|swing
2019-10-21 09:59:00-04:00,2019-10-21 09:59:00-04:00,2019-10-21 11:13:00-04:00,S,7908.25,7936.75,7936.5,28.25,-59.0,-1.0442477876106195,SL,1,S|swing
2019-10-22 14:44:00-04:00,2019-10-22 14:44:00-04:00,2019-10-22 15:59:00-04:00,S,7914.5,7884.75,7943.75,29.25,57.5,0.9829059829059829,time,1,S|swing
2019-10-23 14:14:00-04:00,2019-10-23 14:14:00-04:00,2019-10-23 15:59:00-04:00,S,7876.25,7897.75,7897.5,21.25,-45.0,-1.0588235294117647,SL,1,S|swing
2019-10-24 10:44:00-04:00,2019-10-24 10:44:00-04:00,2019-10-24 11:32:00-04:00,L,7937.5,7968.25,7916.5,21.0,59.5,1.4166666666666667,TP,1,L|swing
2019-10-25 09:44:00-04:00,2019-10-25 09:44:00-04:00,2019-10-25 10:49:00-04:00,L,7953.0,8000.5,7920.75,32.25,93.0,1.441860465116279,TP,1,L|swing
2019-10-30 12:14:00-04:00,2019-10-30 12:14:00-04:00,2019-10-30 14:16:00-04:00,S,8047.75,8068.5,8068.25,20.5,-43.5,-1.0609756097560976,SL,1,S|swing
2019-10-31 11:44:00-04:00,2019-10-31 11:44:00-04:00,2019-10-31 15:59:00-04:00,L,8089.75,8090.5,8045.75,44.0,-0.5,-0.005681818181818182,time,1,L|swing
2019-11-04 11:14:00-05:00,2019-11-04 11:14:00-05:00,2019-11-04 11:41:00-05:00,L,8215.0,8203.0,8203.25,11.75,-26.0,-1.1063829787234043,SL,1,L|swing
2019-11-04 12:59:00-05:00,2019-11-04 12:59:00-05:00,2019-11-04 15:59:00-05:00,L,8216.0,8213.5,8201.0,15.0,-7.0,-0.23333333333333334,time,1,L|swing
2019-11-05 13:14:00-05:00,2019-11-05 13:14:00-05:00,2019-11-05 15:59:00-05:00,L,8230.75,8214.75,8200.25,30.5,-34.0,-0.5573770491803278,time,1,L|swing
2019-11-07 09:44:00-05:00,2019-11-07 09:44:00-05:00,2019-11-07 14:44:00-05:00,L,8254.25,8233.5,8233.75,20.5,-43.5,-1.0609756097560976,SL,1,L|swing
2019-11-08 09:44:00-05:00,2019-11-08 09:44:00-05:00,2019-11-08 09:59:00-05:00,L,8231.75,8205.5,8205.75,26.0,-54.5,-1.0480769230769231,SL,1,L|swing
2019-11-11 10:29:00-05:00,2019-11-11 10:29:00-05:00,2019-11-11 15:59:00-05:00,L,8236.25,8248.5,8206.25,30.0,22.5,0.375,time,1,L|swing
2019-11-12 09:44:00-05:00,2019-11-12 09:44:00-05:00,2019-11-12 10:37:00-05:00,L,8265.75,8287.75,8250.5,15.25,42.0,1.3770491803278688,TP,1,L|swing
2019-11-13 14:59:00-05:00,2019-11-13 14:59:00-05:00,2019-11-13 15:59:00-05:00,L,8265.0,8265.25,8239.5,25.5,-1.5,-0.029411764705882353,time,1,L|swing
2019-11-15 10:44:00-05:00,2019-11-15 10:44:00-05:00,2019-11-15 15:59:00-05:00,L,8308.0,8318.5,8288.75,19.25,19.0,0.4935064935064935,time,1,L|swing
2019-11-18 12:44:00-05:00,2019-11-18 12:44:00-05:00,2019-11-18 15:59:00-05:00,L,8318.5,8333.25,8284.25,34.25,27.5,0.40145985401459855,time,1,L|swing
2019-11-19 11:59:00-05:00,2019-11-19 11:59:00-05:00,2019-11-19 15:59:00-05:00,L,8353.5,8343.75,8312.5,41.0,-21.5,-0.2621951219512195,time,1,L|swing
2019-11-20 09:44:00-05:00,2019-11-20 09:44:00-05:00,2019-11-20 09:48:00-05:00,S,8320.0,8331.75,8331.5,11.5,-25.5,-1.108695652173913,SL,1,S|swing
2019-11-20 09:59:00-05:00,2019-11-20 09:59:00-05:00,2019-11-20 12:55:00-05:00,L,8332.5,8305.25,8305.5,27.0,-56.5,-1.0462962962962963,SL,1,L|swing
2019-11-25 09:44:00-05:00,2019-11-25 09:44:00-05:00,2019-11-25 15:59:00-05:00,L,8343.25,8376.75,8301.0,42.25,65.0,0.7692307692307693,time,1,L|swing
2019-11-26 10:44:00-05:00,2019-11-26 10:44:00-05:00,2019-11-26 15:59:00-05:00,L,8388.75,8391.75,8368.5,20.25,4.0,0.09876543209876543,time,1,L|swing
2019-11-27 09:44:00-05:00,2019-11-27 09:44:00-05:00,2019-11-27 10:30:00-05:00,L,8411.0,8423.25,8402.25,8.75,22.5,1.2857142857142858,TP,1,L|swing
2019-11-28 11:44:00-05:00,2019-11-28 11:44:00-05:00,2019-11-28 12:49:00-05:00,L,8442.75,8444.25,8434.5,8.25,1.0,0.06060606060606061,time,1,L|swing
2019-11-29 09:59:00-05:00,2019-11-29 09:59:00-05:00,2019-11-29 11:45:00-05:00,L,8438.25,8421.0,8421.25,17.0,-36.5,-1.0735294117647058,SL,1,L|swing
2019-11-29 11:59:00-05:00,2019-11-29 11:59:00-05:00,2019-11-29 12:17:00-05:00,L,8428.75,8417.25,8417.5,11.25,-25.0,-1.1111111111111112,SL,1,L|swing
2019-11-29 12:29:00-05:00,2019-11-29 12:29:00-05:00,2019-11-29 13:04:00-05:00,S,8412.25,8417.5,8441.0,28.75,-12.5,-0.21739130434782608,time,1,S|swing
2019-12-04 13:29:00-05:00,2019-12-04 13:29:00-05:00,2019-12-04 14:56:00-05:00,L,8303.0,8316.0,8293.75,9.25,24.0,1.2972972972972974,TP,1,L|swing
2019-12-05 09:44:00-05:00,2019-12-05 09:44:00-05:00,2019-12-05 09:59:00-05:00,L,8316.0,8303.0,8303.25,12.75,-28.0,-1.0980392156862746,SL,1,L|swing
2019-12-09 13:29:00-05:00,2019-12-09 13:29:00-05:00,2019-12-09 14:01:00-05:00,L,8390.25,8384.5,8384.75,5.5,-13.5,-1.2272727272727273,SL,1,L|swing
2019-12-11 09:44:00-05:00,2019-12-11 09:44:00-05:00,2019-12-11 10:01:00-05:00,L,8375.5,8393.75,8362.75,12.75,34.5,1.3529411764705883,TP,1,L|swing
2019-12-11 13:29:00-05:00,2019-12-11 13:29:00-05:00,2019-12-11 14:23:00-05:00,L,8382.5,8399.75,8370.5,12.0,32.5,1.3541666666666667,TP,1,L|swing
2019-12-12 09:44:00-05:00,2019-12-12 09:44:00-05:00,2019-12-12 15:59:00-05:00,L,8449.0,8466.5,8380.75,68.25,33.0,0.24175824175824176,time,1,L|swing
2019-12-13 09:44:00-05:00,2019-12-13 09:44:00-05:00,2019-12-13 10:06:00-05:00,L,8470.0,8520.5,8435.75,34.25,99.0,1.4452554744525548,TP,1,L|swing
2019-12-19 13:29:00-05:00,2019-12-19 13:29:00-05:00,2019-12-19 15:59:00-05:00,L,8654.25,8671.0,8634.5,19.75,31.5,0.7974683544303798,time,1,L|swing
2019-12-20 12:44:00-05:00,2019-12-20 12:44:00-05:00,2019-12-20 15:59:00-05:00,L,8711.5,8704.0,8691.25,20.25,-17.0,-0.41975308641975306,time,1,L|swing
2019-12-23 11:59:00-05:00,2019-12-23 11:59:00-05:00,2019-12-23 15:47:00-05:00,L,8735.75,8720.25,8720.5,15.25,-33.0,-1.0819672131147542,SL,1,L|swing
2019-12-24 10:59:00-05:00,2019-12-24 10:59:00-05:00,2019-12-24 13:04:00-05:00,L,8721.0,8728.75,8707.25,13.75,13.5,0.4909090909090909,time,1,L|swing
2019-12-26 09:44:00-05:00,2019-12-26 09:44:00-05:00,2019-12-26 11:43:00-05:00,L,8753.5,8777.25,8737.0,16.5,45.5,1.378787878787879,TP,1,L|swing
2019-12-27 11:44:00-05:00,2019-12-27 11:44:00-05:00,2019-12-27 15:48:00-05:00,L,8817.75,8779.5,8779.75,38.0,-78.5,-1.0328947368421053,SL,1,L|swing
2019-12-30 09:44:00-05:00,2019-12-30 09:44:00-05:00,2019-12-30 15:59:00-05:00,S,8725.75,8731.75,8795.0,69.25,-14.0,-0.10108303249097472,time,1,S|swing
2019-12-31 10:44:00-05:00,2019-12-31 10:44:00-05:00,2019-12-31 15:54:00-05:00,S,8716.25,8746.75,8746.5,30.25,-63.0,-1.0413223140495869,SL,1,S|swing
2020-01-02 09:44:00-05:00,2020-01-02 09:44:00-05:00,2020-01-02 10:15:00-05:00,L,8843.75,8810.5,8810.75,33.0,-68.5,-1.0378787878787878,SL,1,L|swing
2020-01-03 09:44:00-05:00,2020-01-03 09:44:00-05:00,2020-01-03 15:59:00-05:00,L,8837.75,8809.5,8767.5,70.25,-58.5,-0.41637010676156583,time,1,L|swing
2020-01-07 10:29:00-05:00,2020-01-07 10:29:00-05:00,2020-01-07 15:59:00-05:00,L,8866.5,8862.0,8833.75,32.75,-11.0,-0.16793893129770993,time,1,L|swing
2020-01-08 09:44:00-05:00,2020-01-08 09:44:00-05:00,2020-01-08 12:27:00-05:00,L,8884.75,8939.25,8847.75,37.0,107.0,1.445945945945946,TP,1,L|swing
2020-01-09 10:44:00-05:00,2020-01-09 10:44:00-05:00,2020-01-09 12:23:00-05:00,L,9011.75,8984.25,8984.5,27.25,-57.0,-1.0458715596330275,SL,1,L|swing
2020-01-09 13:29:00-05:00,2020-01-09 13:29:00-05:00,2020-01-09 15:59:00-05:00,L,8986.5,9006.0,8952.0,34.5,37.0,0.5362318840579711,time,1,L|swing
2020-01-10 10:59:00-05:00,2020-01-10 10:59:00-05:00,2020-01-10 12:06:00-05:00,L,9035.75,9004.0,9004.25,31.5,-65.5,-1.0396825396825398,SL,1,L|swing
2020-01-10 12:44:00-05:00,2020-01-10 12:44:00-05:00,2020-01-10 14:46:00-05:00,L,9008.0,8988.75,8989.0,19.0,-40.5,-1.0657894736842106,SL,1,L|swing
2020-01-14 11:29:00-05:00,2020-01-14 11:29:00-05:00,2020-01-14 14:13:00-05:00,L,9065.5,9034.75,9035.0,30.5,-63.5,-1.040983606557377,SL,1,L|swing
2020-01-15 09:44:00-05:00,2020-01-15 09:44:00-05:00,2020-01-15 15:23:00-05:00,L,9068.25,9042.75,9043.0,25.25,-53.0,-1.0495049504950495,SL,1,L|swing
2020-01-16 09:44:00-05:00,2020-01-16 09:44:00-05:00,2020-01-16 11:12:00-05:00,L,9112.5,9087.5,9087.75,24.75,-52.0,-1.0505050505050506,SL,1,L|swing
2020-01-16 11:29:00-05:00,2020-01-16 11:29:00-05:00,2020-01-16 14:15:00-05:00,L,9089.25,9107.75,9076.25,13.0,35.0,1.3461538461538463,TP,1,L|swing
2020-01-17 10:44:00-05:00,2020-01-17 10:44:00-05:00,2020-01-17 11:12:00-05:00,L,9156.5,9139.5,9139.75,16.75,-36.0,-1.0746268656716418,SL,1,L|swing
2020-01-17 11:59:00-05:00,2020-01-17 11:59:00-05:00,2020-01-17 15:50:00-05:00,L,9147.25,9172.75,9129.75,17.5,49.0,1.4,TP,1,L|swing
2020-01-21 14:44:00-05:00,2020-01-21 14:44:00-05:00,2020-01-21 15:31:00-05:00,L,9167.0,9189.0,9151.75,15.25,42.0,1.3770491803278688,TP,1,L|swing
2020-01-22 09:44:00-05:00,2020-01-22 09:44:00-05:00,2020-01-22 15:06:00-05:00,L,9235.25,9211.5,9211.75,23.5,-49.5,-1.053191489361702,SL,1,L|swing
2020-01-23 10:14:00-05:00,2020-01-23 10:14:00-05:00,2020-01-23 15:59:00-05:00,L,9202.75,9227.25,9151.5,51.25,47.0,0.4585365853658537,time,1,L|swing
2020-01-24 09:59:00-05:00,2020-01-24 09:59:00-05:00,2020-01-24 10:05:00-05:00,L,9269.25,9255.5,9255.75,13.5,-29.5,-1.0925925925925926,SL,1,L|swing
2020-01-28 09:44:00-05:00,2020-01-28 09:44:00-05:00,2020-01-28 10:24:00-05:00,S,9014.0,9040.25,9040.0,26.0,-54.5,-1.0480769230769231,SL,1,S|swing
2020-01-29 11:29:00-05:00,2020-01-29 11:29:00-05:00,2020-01-29 15:59:00-05:00,L,9122.5,9109.25,9072.0,50.5,-28.5,-0.28217821782178215,time,1,L|swing
2020-01-30 14:44:00-05:00,2020-01-30 14:44:00-05:00,2020-01-30 15:22:00-05:00,S,9076.75,9117.75,9117.5,40.75,-84.0,-1.030674846625767,SL,1,S|swing
2020-01-31 09:44:00-05:00,2020-01-31 09:44:00-05:00,2020-01-31 11:39:00-05:00,S,9127.75,9017.25,9202.0,74.25,219.0,1.4747474747474747,TP,1,S|swing
2020-01-31 13:29:00-05:00,2020-01-31 13:29:00-05:00,2020-01-31 15:59:00-05:00,S,9025.25,8995.0,9077.75,52.5,58.5,0.5571428571428572,time,1,S|swing
2020-02-03 09:44:00-05:00,2020-02-03 09:44:00-05:00,2020-02-03 15:59:00-05:00,L,9090.0,9131.0,9032.0,58.0,80.0,0.6896551724137931,time,1,L|swing
2020-02-05 12:14:00-05:00,2020-02-05 12:14:00-05:00,2020-02-05 15:59:00-05:00,L,9367.5,9375.25,9318.0,49.5,13.5,0.13636363636363635,time,1,L|swing
2020-02-06 09:59:00-05:00,2020-02-06 09:59:00-05:00,2020-02-06 15:59:00-05:00,L,9414.5,9452.75,9362.75,51.75,74.5,0.7198067632850241,time,1,L|swing
2020-02-07 10:44:00-05:00,2020-02-07 10:44:00-05:00,2020-02-07 15:59:00-05:00,L,9434.25,9410.5,9384.75,49.5,-49.5,-0.5,time,1,L|swing
2020-02-10 09:44:00-05:00,2020-02-10 09:44:00-05:00,2020-02-10 15:59:00-05:00,L,9436.75,9524.75,9377.5,59.25,174.0,1.4683544303797469,TP,1,L|swing
2020-02-11 10:14:00-05:00,2020-02-11 10:14:00-05:00,2020-02-11 14:03:00-05:00,L,9588.75,9538.25,9538.5,50.25,-103.0,-1.0248756218905473,SL,1,L|swing
2020-02-12 11:29:00-05:00,2020-02-12 11:29:00-05:00,2020-02-12 15:59:00-05:00,L,9605.75,9620.25,9558.75,47.0,27.0,0.2872340425531915,time,1,L|swing
2020-02-13 13:44:00-05:00,2020-02-13 13:44:00-05:00,2020-02-13 15:42:00-05:00,L,9633.25,9599.25,9599.5,33.75,-70.0,-1.037037037037037,SL,1,L|swing
2020-02-14 11:14:00-05:00,2020-02-14 11:14:00-05:00,2020-02-14 14:16:00-05:00,L,9637.5,9592.75,9593.0,44.5,-91.5,-1.0280898876404494,SL,1,L|swing
2020-02-14 14:29:00-05:00,2020-02-14 14:29:00-05:00,2020-02-14 15:59:00-05:00,L,9609.25,9629.75,9588.0,21.25,39.0,0.9176470588235294,time,1,L|swing
2020-02-17 09:59:00-05:00,2020-02-17 09:59:00-05:00,2020-02-17 12:49:00-05:00,L,9661.75,9666.25,9655.25,6.5,7.0,0.5384615384615384,time,1,L|swing
2020-02-18 11:44:00-05:00,2020-02-18 11:44:00-05:00,2020-02-18 13:13:00-05:00,S,9579.25,9628.5,9628.25,49.0,-100.5,-1.0255102040816326,SL,1,S|swing
2020-02-18 14:29:00-05:00,2020-02-18 14:29:00-05:00,2020-02-18 15:59:00-05:00,L,9639.5,9635.75,9578.5,61.0,-9.5,-0.0778688524590164,time,1,L|swing
2020-02-19 14:14:00-05:00,2020-02-19 14:14:00-05:00,2020-02-19 15:34:00-05:00,L,9740.25,9727.25,9727.5,12.75,-28.0,-1.0980392156862746,SL,1,L|swing
2020-02-20 09:59:00-05:00,2020-02-20 09:59:00-05:00,2020-02-20 11:07:00-05:00,L,9714.75,9685.75,9686.0,28.75,-60.0,-1.0434782608695652,SL,1,L|swing
2020-02-20 11:14:00-05:00,2020-02-20 11:14:00-05:00,2020-02-20 11:31:00-05:00,S,9661.5,9566.0,9725.75,64.25,189.0,1.4708171206225682,TP,1,S|swing
2020-02-20 12:44:00-05:00,2020-02-20 12:44:00-05:00,2020-02-20 15:59:00-05:00,S,9553.25,9634.75,9720.0,166.75,-165.0,-0.4947526236881559,time,1,S|swing
2020-02-21 12:29:00-05:00,2020-02-21 12:29:00-05:00,2020-02-21 13:35:00-05:00,S,9503.0,9454.25,9536.0,33.0,95.5,1.446969696969697,TP,1,S|swing
2020-02-24 12:14:00-05:00,2020-02-24 12:14:00-05:00,2020-02-24 15:59:00-05:00,S,9079.5,9085.25,9202.5,123.0,-13.5,-0.054878048780487805,time,1,S|swing
2020-02-26 12:14:00-05:00,2020-02-26 12:14:00-05:00,2020-02-26 15:59:00-05:00,S,8898.5,8880.0,9038.0,139.5,35.0,0.12544802867383512,time,1,S|swing
2020-02-27 11:44:00-05:00,2020-02-27 11:44:00-05:00,2020-02-27 12:12:00-05:00,S,8633.75,8735.5,8735.25,101.5,-205.5,-1.0123152709359606,SL,1,S|swing
2020-02-27 13:44:00-05:00,2020-02-27 13:44:00-05:00,2020-02-27 15:59:00-05:00,S,8633.75,8432.5,8794.5,160.75,400.5,1.245723172628305,time,1,S|swing
2020-02-28 13:44:00-05:00,2020-02-28 13:44:00-05:00,2020-02-28 15:59:00-05:00,S,8257.5,8476.25,8496.75,239.25,-439.5,-0.9184952978056427,time,1,S|swing
2020-03-02 10:14:00-05:00,2020-03-02 10:14:00-05:00,2020-03-02 11:31:00-05:00,L,8511.5,8671.75,8404.0,107.5,318.5,1.4813953488372094,TP,1,L|swing
2020-03-03 10:44:00-05:00,2020-03-03 10:44:00-05:00,2020-03-03 11:24:00-05:00,L,8944.75,8744.25,8744.5,200.25,-403.0,-1.0062421972534332,SL,1,L|swing
2020-03-03 11:59:00-05:00,2020-03-03 11:59:00-05:00,2020-03-03 13:13:00-05:00,L,8833.75,8704.5,8704.75,129.0,-260.5,-1.0096899224806202,SL,1,L|swing
2020-03-04 10:29:00-05:00,2020-03-04 10:29:00-05:00,2020-03-04 15:59:00-05:00,L,8782.75,8943.0,8665.25,117.5,318.5,1.3553191489361702,time,1,L|swing
2020-03-05 12:14:00-05:00,2020-03-05 12:14:00-05:00,2020-03-05 15:59:00-05:00,S,8760.25,8671.75,8869.0,108.75,175.0,0.8045977011494253,time,1,S|swing
2020-03-06 12:29:00-05:00,2020-03-06 12:29:00-05:00,2020-03-06 15:57:00-05:00,S,8390.75,8545.5,8545.25,154.5,-311.5,-1.0080906148867315,SL,1,S|swing
2020-03-09 10:44:00-04:00,2020-03-09 10:44:00-04:00,2020-03-09 11:37:00-04:00,S,8089.0,8177.5,8177.25,88.25,-179.0,-1.0141643059490084,SL,1,S|swing
2020-03-09 12:44:00-04:00,2020-03-09 12:44:00-04:00,2020-03-09 15:59:00-04:00,S,8113.25,7933.0,8240.5,127.25,358.5,1.4086444007858545,time,1,S|swing
2020-03-11 10:44:00-04:00,2020-03-11 10:44:00-04:00,2020-03-11 15:05:00-04:00,S,8108.5,7938.25,8222.5,114.0,338.5,1.4846491228070176,TP,1,S|swing
2020-03-12 10:44:00-04:00,2020-03-12 10:44:00-04:00,2020-03-12 10:54:00-04:00,S,7528.5,7609.75,7609.5,81.0,-164.5,-1.0154320987654322,SL,1,S|swing
2020-03-13 09:44:00-04:00,2020-03-13 09:44:00-04:00,2020-03-13 11:49:00-04:00,S,7566.25,7295.75,7747.25,181.0,539.0,1.488950276243094,TP,1,S|swing
2020-03-18 11:29:00-04:00,2020-03-18 11:29:00-04:00,2020-03-18 15:59:00-04:00,S,7110.75,7207.5,7325.25,214.5,-195.5,-0.4557109557109557,time,1,S|swing
2020-03-19 09:44:00-04:00,2020-03-19 09:44:00-04:00,2020-03-19 09:57:00-04:00,S,7046.5,7199.5,7199.25,152.75,-308.0,-1.0081833060556464,SL,1,S|swing
2020-03-19 09:59:00-04:00,2020-03-19 09:59:00-04:00,2020-03-19 15:59:00-04:00,L,7226.25,7270.5,7010.25,216.0,86.5,0.20023148148148148,time,1,L|swing
2020-03-23 09:44:00-04:00,2020-03-23 09:44:00-04:00,2020-03-23 15:59:00-04:00,S,6885.25,6994.0,7319.5,434.25,-219.5,-0.25273459988485897,time,1,S|swing
2020-03-24 11:29:00-04:00,2020-03-24 11:29:00-04:00,2020-03-24 14:08:00-04:00,L,7415.25,7310.75,7311.0,104.25,-211.0,-1.0119904076738608,SL,1,L|swing
2020-03-24 14:44:00-04:00,2020-03-24 14:44:00-04:00,2020-03-24 15:59:00-04:00,L,7414.75,7532.25,7293.0,121.75,233.0,0.9568788501026694,time,1,L|swing
2020-03-25 10:59:00-04:00,2020-03-25 10:59:00-04:00,2020-03-25 13:37:00-04:00,L,7507.0,7708.25,7372.25,134.75,400.5,1.4860853432282004,TP,1,L|swing
2020-03-27 12:59:00-04:00,2020-03-27 12:59:00-04:00,2020-03-27 15:12:00-04:00,L,7652.25,7759.75,7580.0,72.25,213.0,1.4740484429065743,TP,1,L|swing
2020-03-31 09:44:00-04:00,2020-03-31 09:44:00-04:00,2020-03-31 10:31:00-04:00,L,7848.75,7974.75,7764.25,84.5,250.0,1.4792899408284024,TP,1,L|swing
2020-03-31 13:44:00-04:00,2020-03-31 13:44:00-04:00,2020-03-31 15:14:00-04:00,L,7858.25,7810.0,7810.25,48.0,-98.5,-1.0260416666666667,SL,1,L|swing
2020-04-01 11:59:00-04:00,2020-04-01 11:59:00-04:00,2020-04-01 14:59:00-04:00,S,7596.5,7467.25,7683.25,86.75,256.5,1.478386167146974,TP,1,S|swing
2020-04-02 13:14:00-04:00,2020-04-02 13:14:00-04:00,2020-04-02 15:56:00-04:00,S,7546.25,7619.5,7619.25,73.0,-148.5,-1.0171232876712328,SL,1,S|swing
2020-04-03 09:44:00-04:00,2020-04-03 09:44:00-04:00,2020-04-03 10:38:00-04:00,L,7643.0,7539.5,7539.75,103.25,-209.0,-1.0121065375302662,SL,1,L|swing
2020-04-06 09:59:00-04:00,2020-04-06 09:59:00-04:00,2020-04-06 15:44:00-04:00,L,7851.75,8003.5,7750.0,101.75,301.5,1.4815724815724816,TP,1,L|swing
2020-04-07 11:59:00-04:00,2020-04-07 11:59:00-04:00,2020-04-07 14:51:00-04:00,L,8174.25,8068.5,8068.75,105.5,-213.5,-1.0118483412322274,SL,1,L|swing
2020-04-08 10:59:00-04:00,2020-04-08 10:59:00-04:00,2020-04-08 15:59:00-04:00,L,8134.0,8211.75,8044.5,89.5,153.5,0.8575418994413407,time,1,L|swing
2020-04-13 12:14:00-04:00,2020-04-13 12:14:00-04:00,2020-04-13 15:59:00-04:00,L,8239.0,8316.5,8141.0,98.0,153.0,0.7806122448979592,time,1,L|swing
2020-04-15 10:29:00-04:00,2020-04-15 10:29:00-04:00,2020-04-15 13:18:00-04:00,L,8529.25,8592.75,8486.25,43.0,125.0,1.4534883720930232,TP,1,L|swing
2020-04-16 10:44:00-04:00,2020-04-16 10:44:00-04:00,2020-04-16 15:59:00-04:00,L,8692.25,8743.25,8592.25,100.0,100.0,0.5,time,1,L|swing
2020-04-20 09:44:00-04:00,2020-04-20 09:44:00-04:00,2020-04-20 10:24:00-04:00,S,8745.5,8785.0,8784.75,39.25,-81.0,-1.0318471337579618,SL,1,S|swing
2020-04-20 10:29:00-04:00,2020-04-20 10:29:00-04:00,2020-04-20 15:59:00-04:00,L,8788.5,8712.5,8704.5,84.0,-154.0,-0.9166666666666666,time,1,L|swing
2020-04-21 09:44:00-04:00,2020-04-21 09:44:00-04:00,2020-04-21 11:11:00-04:00,S,8540.0,8372.75,8652.0,112.0,332.5,1.484375,TP,1,S|swing
2020-04-22 10:29:00-04:00,2020-04-22 10:29:00-04:00,2020-04-22 10:40:00-04:00,S,8573.75,8598.5,8598.25,24.5,-51.5,-1.0510204081632653,SL,1,S|swing
2020-04-22 10:44:00-04:00,2020-04-22 10:44:00-04:00,2020-04-22 15:59:00-04:00,L,8595.5,8648.25,8510.75,84.75,103.5,0.6106194690265486,time,1,L|swing
2020-04-24 12:29:00-04:00,2020-04-24 12:29:00-04:00,2020-04-24 15:59:00-04:00,L,8678.0,8770.75,8587.25,90.75,183.5,1.0110192837465564,time,1,L|swing
2020-04-27 10:14:00-04:00,2020-04-27 10:14:00-04:00,2020-04-27 10:59:00-04:00,L,8865.5,8819.0,8819.25,46.25,-95.0,-1.027027027027027,SL,1,L|swing
2020-04-27 11:29:00-04:00,2020-04-27 11:29:00-04:00,2020-04-27 13:19:00-04:00,L,8858.25,8806.5,8806.75,51.5,-105.5,-1.0242718446601942,SL,1,L|swing
2020-04-28 14:44:00-04:00,2020-04-28 14:44:00-04:00,2020-04-28 15:49:00-04:00,S,8732.0,8684.25,8764.5,32.5,93.5,1.4384615384615385,TP,1,S|swing
2020-04-29 09:44:00-04:00,2020-04-29 09:44:00-04:00,2020-04-29 15:22:00-04:00,L,8863.75,8999.25,8772.75,91.0,269.0,1.478021978021978,TP,1,L|swing
2020-04-30 09:59:00-04:00,2020-04-30 09:59:00-04:00,2020-04-30 12:00:00-04:00,L,8997.0,8937.25,8937.5,59.5,-121.5,-1.0210084033613445,SL,1,L|swing
2020-04-30 12:44:00-04:00,2020-04-30 12:44:00-04:00,2020-04-30 15:59:00-04:00,S,8915.0,8982.5,9009.25,94.25,-137.0,-0.726790450928382,time,1,S|swing
2020-05-01 11:44:00-04:00,2020-05-01 11:44:00-04:00,2020-05-01 15:59:00-04:00,S,8767.5,8711.75,8878.75,111.25,109.5,0.49213483146067416,time,1,S|swing
2020-05-04 12:44:00-04:00,2020-05-04 12:44:00-04:00,2020-05-04 15:10:00-04:00,S,8734.0,8783.5,8783.25,49.25,-101.0,-1.0253807106598984,SL,1,S|swing
2020-05-06 10:29:00-04:00,2020-05-06 10:29:00-04:00,2020-05-06 15:59:00-04:00,L,8991.25,8971.75,8935.25,56.0,-41.0,-0.36607142857142855,time,1,L|swing
2020-05-08 11:14:00-04:00,2020-05-08 11:14:00-04:00,2020-05-08 15:59:00-04:00,L,9178.0,9209.25,9115.75,62.25,60.5,0.4859437751004016,time,1,L|swing
2020-05-12 10:14:00-04:00,2020-05-12 10:14:00-04:00,2020-05-12 11:22:00-04:00,L,9273.25,9327.5,9236.5,36.75,106.5,1.4489795918367347,TP,1,L|swing
2020-05-12 14:29:00-04:00,2020-05-12 14:29:00-04:00,2020-05-12 14:42:00-04:00,L,9275.25,9251.5,9251.75,23.5,-49.5,-1.053191489361702,SL,1,L|swing
2020-05-13 11:44:00-04:00,2020-05-13 11:44:00-04:00,2020-05-13 15:59:00-04:00,S,9031.75,8991.0,9202.75,171.0,79.5,0.2324561403508772,time,1,S|swing
2020-05-21 11:44:00-04:00,2020-05-21 11:44:00-04:00,2020-05-21 15:59:00-04:00,L,9410.0,9377.75,9354.75,55.25,-66.5,-0.6018099547511312,time,1,L|swing
2020-05-22 09:44:00-04:00,2020-05-22 09:44:00-04:00,2020-05-22 09:53:00-04:00,S,9336.25,9372.0,9371.75,35.5,-73.5,-1.0352112676056338,SL,1,S|swing
2020-05-22 09:59:00-04:00,2020-05-22 09:59:00-04:00,2020-05-22 15:59:00-04:00,L,9394.0,9405.75,9318.25,75.75,21.5,0.1419141914191419,time,1,L|swing
2020-05-25 10:14:00-04:00,2020-05-25 10:14:00-04:00,2020-05-25 12:49:00-04:00,L,9523.25,9532.75,9499.75,23.5,17.0,0.3617021276595745,time,1,L|swing
2020-05-26 14:14:00-04:00,2020-05-26 14:14:00-04:00,2020-05-26 15:34:00-04:00,S,9457.75,9415.25,9486.75,29.0,83.0,1.4310344827586208,TP,1,S|swing
2020-05-29 09:44:00-04:00,2020-05-29 09:44:00-04:00,2020-05-29 10:08:00-04:00,L,9455.0,9420.0,9420.25,34.75,-72.0,-1.0359712230215827,SL,1,L|swing
2020-05-29 10:14:00-04:00,2020-05-29 10:14:00-04:00,2020-05-29 14:27:00-04:00,S,9401.25,9491.25,9491.0,89.75,-182.0,-1.0139275766016713,SL,1,S|swing
2020-06-01 09:44:00-04:00,2020-06-01 09:44:00-04:00,2020-06-01 15:59:00-04:00,L,9556.5,9593.75,9505.25,51.25,72.5,0.7073170731707317,time,1,L|swing
2020-06-02 09:59:00-04:00,2020-06-02 09:59:00-04:00,2020-06-02 10:46:00-04:00,L,9584.25,9557.5,9557.75,26.5,-55.5,-1.0471698113207548,SL,1,L|swing
2020-06-02 12:44:00-04:00,2020-06-02 12:44:00-04:00,2020-06-02 15:59:00-04:00,L,9571.25,9654.75,9504.75,66.5,165.0,1.2406015037593985,time,1,L|swing
2020-06-03 09:44:00-04:00,2020-06-03 09:44:00-04:00,2020-06-03 12:11:00-04:00,L,9683.25,9648.25,9648.5,34.75,-72.0,-1.0359712230215827,SL,1,L|swing
2020-06-03 12:44:00-04:00,2020-06-03 12:44:00-04:00,2020-06-03 15:50:00-04:00,L,9675.0,9725.75,9640.5,34.5,99.5,1.4420289855072463,TP,1,L|swing
2020-06-04 09:44:00-04:00,2020-06-04 09:44:00-04:00,2020-06-04 11:17:00-04:00,L,9706.25,9643.5,9643.75,62.5,-127.5,-1.02,SL,1,L|swing
2020-06-05 14:44:00-04:00,2020-06-05 14:44:00-04:00,2020-06-05 15:45:00-04:00,L,9839.0,9805.25,9805.5,33.5,-69.5,-1.037313432835821,SL,1,L|swing
2020-06-08 10:44:00-04:00,2020-06-08 10:44:00-04:00,2020-06-08 14:13:00-04:00,L,9794.25,9865.0,9746.5,47.75,139.5,1.4607329842931938,TP,1,L|swing
2020-06-10 14:14:00-04:00,2020-06-10 14:14:00-04:00,2020-06-10 15:59:00-04:00,L,10116.25,10089.0,10028.25,88.0,-56.5,-0.3210227272727273,time,1,L|swing
2020-06-11 09:44:00-04:00,2020-06-11 09:44:00-04:00,2020-06-11 10:12:00-04:00,S,9902.25,9955.25,9955.0,52.75,-108.0,-1.0236966824644549,SL,1,S|swing
2020-06-11 10:59:00-04:00,2020-06-11 10:59:00-04:00,2020-06-11 12:27:00-04:00,S,9895.5,9767.75,9981.25,85.75,253.5,1.478134110787172,TP,1,S|swing
2020-06-12 10:29:00-04:00,2020-06-12 10:29:00-04:00,2020-06-12 11:04:00-04:00,S,9755.0,9614.5,9849.25,94.25,279.0,1.4801061007957559,TP,1,S|swing
2020-06-15 11:44:00-04:00,2020-06-15 11:44:00-04:00,2020-06-15 12:01:00-04:00,S,9608.25,9640.5,9640.25,32.0,-66.5,-1.0390625,SL,1,S|swing
2020-06-15 12:14:00-04:00,2020-06-15 12:14:00-04:00,2020-06-15 15:59:00-04:00,L,9656.5,9778.0,9513.75,142.75,241.0,0.8441330998248686,time,1,L|swing
2020-06-16 11:29:00-04:00,2020-06-16 11:29:00-04:00,2020-06-16 15:59:00-04:00,L,9928.0,9953.0,9796.75,131.25,48.0,0.18285714285714286,time,1,L|swing
2020-06-19 12:59:00-04:00,2020-06-19 12:59:00-04:00,2020-06-19 14:07:00-04:00,L,10019.75,9936.0,9936.25,83.5,-169.5,-1.0149700598802396,SL,1,L|swing
2020-06-19 14:14:00-04:00,2020-06-19 14:14:00-04:00,2020-06-19 15:59:00-04:00,S,9939.75,9990.75,10067.75,128.0,-104.0,-0.40625,time,1,S|swing
2020-06-22 09:59:00-04:00,2020-06-22 09:59:00-04:00,2020-06-22 12:16:00-04:00,L,10021.0,10089.25,9975.0,46.0,134.5,1.4619565217391304,TP,1,L|swing
2020-06-23 09:44:00-04:00,2020-06-23 09:44:00-04:00,2020-06-23 11:22:00-04:00,L,10192.75,10243.25,10158.5,34.25,99.0,1.4452554744525548,TP,1,L|swing
2020-06-24 09:59:00-04:00,2020-06-24 09:59:00-04:00,2020-06-24 15:59:00-04:00,S,10096.25,9993.75,10221.5,125.25,203.0,0.810379241516966,time,1,S|swing
2020-06-25 09:44:00-04:00,2020-06-25 09:44:00-04:00,2020-06-25 12:01:00-04:00,S,9926.0,10018.0,10017.75,91.75,-186.0,-1.013623978201635,SL,1,S|swing
2020-06-26 14:29:00-04:00,2020-06-26 14:29:00-04:00,2020-06-26 15:59:00-04:00,S,9895.0,9841.25,9971.5,76.5,105.5,0.6895424836601307,time,1,S|swing
2020-06-29 14:59:00-04:00,2020-06-29 14:59:00-04:00,2020-06-29 15:59:00-04:00,S,9895.0,9939.5,9939.25,44.25,-91.0,-1.0282485875706215,SL,1,S|swing
2020-06-30 09:44:00-04:00,2020-06-30 09:44:00-04:00,2020-06-30 15:32:00-04:00,L,10010.5,10115.75,9939.75,70.75,208.5,1.4734982332155477,TP,1,L|swing
2020-07-02 12:14:00-04:00,2020-07-02 12:14:00-04:00,2020-07-02 15:54:00-04:00,L,10380.25,10328.75,10329.0,51.25,-105.0,-1.024390243902439,SL,1,L|swing
2020-07-03 09:59:00-04:00,2020-07-03 09:59:00-04:00,2020-07-03 10:25:00-04:00,L,10353.75,10340.75,10341.0,12.75,-28.0,-1.0980392156862746,SL,1,L|swing
2020-07-03 11:29:00-04:00,2020-07-03 11:29:00-04:00,2020-07-03 12:49:00-04:00,L,10337.75,10347.0,10308.75,29.0,16.5,0.28448275862068967,time,1,L|swing
2020-07-06 09:44:00-04:00,2020-07-06 09:44:00-04:00,2020-07-06 10:00:00-04:00,L,10490.75,10527.0,10466.0,24.75,70.5,1.4242424242424243,TP,1,L|swing
2020-07-07 13:44:00-04:00,2020-07-07 13:44:00-04:00,2020-07-07 14:05:00-04:00,L,10632.25,10598.0,10598.25,34.0,-70.5,-1.036764705882353,SL,1,L|swing
2020-07-09 10:29:00-04:00,2020-07-09 10:29:00-04:00,2020-07-09 10:40:00-04:00,L,10712.5,10678.75,10679.0,33.5,-69.5,-1.037313432835821,SL,1,L|swing
2020-07-09 11:59:00-04:00,2020-07-09 11:59:00-04:00,2020-07-09 14:19:00-04:00,L,10624.75,10721.0,10560.0,64.75,190.5,1.471042471042471,TP,1,L|swing
2020-07-10 10:14:00-04:00,2020-07-10 10:14:00-04:00,2020-07-10 15:32:00-04:00,L,10699.25,10809.25,10625.25,74.0,218.0,1.472972972972973,TP,1,L|swing
2020-07-14 10:14:00-04:00,2020-07-14 10:14:00-04:00,2020-07-14 15:51:00-04:00,S,10367.75,10674.25,10674.0,306.25,-615.0,-1.0040816326530613,SL,1,S|swing
2020-07-15 11:59:00-04:00,2020-07-15 11:59:00-04:00,2020-07-15 15:59:00-04:00,S,10573.25,10687.5,10766.75,193.5,-230.5,-0.5956072351421189,time,1,S|swing
2020-07-16 10:14:00-04:00,2020-07-16 10:14:00-04:00,2020-07-16 13:14:00-04:00,S,10527.25,10600.5,10600.25,73.0,-148.5,-1.0171232876712328,SL,1,S|swing
2020-07-16 14:59:00-04:00,2020-07-16 14:59:00-04:00,2020-07-16 15:29:00-04:00,S,10573.0,10625.25,10625.0,52.0,-106.5,-1.0240384615384615,SL,1,S|swing
2020-07-17 09:44:00-04:00,2020-07-17 09:44:00-04:00,2020-07-17 14:53:00-04:00,S,10585.5,10659.0,10658.75,73.25,-149.0,-1.0170648464163823,SL,1,S|swing
2020-07-20 10:14:00-04:00,2020-07-20 10:14:00-04:00,2020-07-20 15:17:00-04:00,L,10727.75,10910.25,10605.5,122.25,363.0,1.4846625766871167,TP,1,L|swing
2020-07-21 12:59:00-04:00,2020-07-21 12:59:00-04:00,2020-07-21 14:09:00-04:00,L,10868.75,10929.0,10828.0,40.75,118.5,1.4539877300613497,TP,1,L|swing
2020-07-23 12:29:00-04:00,2020-07-23 12:29:00-04:00,2020-07-23 15:59:00-04:00,S,10715.25,10572.5,10855.75,140.5,283.5,1.008896797153025,time,1,S|swing
2020-07-27 11:14:00-04:00,2020-07-27 11:14:00-04:00,2020-07-27 14:21:00-04:00,S,10566.75,10636.25,10636.0,69.25,-141.0,-1.0180505415162455,SL,1,S|swing
2020-07-28 14:14:00-04:00,2020-07-28 14:14:00-04:00,2020-07-28 15:13:00-04:00,S,10617.0,10566.75,10651.0,34.0,98.5,1.4485294117647058,TP,1,S|swing
2020-07-29 09:44:00-04:00,2020-07-29 09:44:00-04:00,2020-07-29 10:02:00-04:00,S,10584.25,10618.0,10617.75,33.5,-69.5,-1.037313432835821,SL,1,S|swing
2020-07-29 10:14:00-04:00,2020-07-29 10:14:00-04:00,2020-07-29 15:59:00-04:00,L,10619.25,10650.0,10570.5,48.75,59.5,0.6102564102564103,time,1,L|swing
2020-07-30 09:59:00-04:00,2020-07-30 09:59:00-04:00,2020-07-30 11:21:00-04:00,S,10542.5,10621.75,10621.5,79.0,-160.5,-1.0158227848101267,SL,1,S|swing
2020-07-31 11:14:00-04:00,2020-07-31 11:14:00-04:00,2020-07-31 12:37:00-04:00,L,10812.25,10713.75,10714.0,98.25,-199.0,-1.0127226463104326,SL,1,L|swing
2020-08-03 11:14:00-04:00,2020-08-03 11:14:00-04:00,2020-08-03 15:59:00-04:00,L,11036.5,11037.75,10971.25,65.25,0.5,0.0038314176245210726,time,1,L|swing
2020-08-04 14:59:00-04:00,2020-08-04 14:59:00-04:00,2020-08-04 15:59:00-04:00,L,11027.0,11084.0,10987.75,39.25,112.0,1.4267515923566878,time,1,L|swing
2020-08-05 10:29:00-04:00,2020-08-05 10:29:00-04:00,2020-08-05 15:59:00-04:00,L,11117.25,11110.75,11064.25,53.0,-15.0,-0.14150943396226415,time,1,L|swing
2020-08-10 09:44:00-04:00,2020-08-10 09:44:00-04:00,2020-08-10 09:51:00-04:00,L,11141.0,11114.0,11114.25,26.75,-56.0,-1.0467289719626167,SL,1,L|swing
2020-08-10 10:44:00-04:00,2020-08-10 10:44:00-04:00,2020-08-10 15:59:00-04:00,S,11015.75,11078.75,11146.75,131.0,-128.0,-0.48854961832061067,time,1,S|swing
2020-08-11 14:29:00-04:00,2020-08-11 14:29:00-04:00,2020-08-11 15:53:00-04:00,S,10989.0,10846.75,11084.5,95.5,282.5,1.4790575916230366,TP,1,S|swing
2020-08-14 10:29:00-04:00,2020-08-14 10:29:00-04:00,2020-08-14 15:59:00-04:00,S,11105.75,11159.75,11218.0,112.25,-110.0,-0.48997772828507796,time,1,S|swing
2020-08-18 10:59:00-04:00,2020-08-18 10:59:00-04:00,2020-08-18 15:59:00-04:00,L,11340.5,11393.75,11268.25,72.25,104.5,0.7231833910034602,time,1,L|swing
2020-08-19 10:59:00-04:00,2020-08-19 10:59:00-04:00,2020-08-19 14:20:00-04:00,L,11406.5,11332.25,11332.5,74.0,-150.5,-1.0168918918918919,SL,1,L|swing
2020-08-20 09:44:00-04:00,2020-08-20 09:44:00-04:00,2020-08-20 14:20:00-04:00,L,11338.75,11446.75,11266.25,72.5,214.0,1.4758620689655173,TP,1,L|swing
2020-08-21 12:14:00-04:00,2020-08-21 12:14:00-04:00,2020-08-21 15:59:00-04:00,L,11532.75,11554.0,11467.5,65.25,40.5,0.3103448275862069,time,1,L|swing
2020-08-25 09:44:00-04:00,2020-08-25 09:44:00-04:00,2020-08-25 11:19:00-04:00,L,11619.75,11686.75,11574.5,45.25,132.0,1.4585635359116023,TP,1,L|swing
2020-08-27 13:29:00-04:00,2020-08-27 13:29:00-04:00,2020-08-27 15:59:00-04:00,L,11923.0,11927.75,11834.25,88.75,7.5,0.04225352112676056,time,1,L|swing
2020-09-02 09:59:00-04:00,2020-09-02 09:59:00-04:00,2020-09-02 15:59:00-04:00,S,12251.25,12411.0,12449.0,197.75,-321.5,-0.8128950695322377,time,1,S|swing
2020-09-03 12:29:00-04:00,2020-09-03 12:29:00-04:00,2020-09-03 15:59:00-04:00,S,11832.75,11773.75,12208.5,375.75,116.0,0.1543579507651364,time,1,S|swing
2020-09-04 09:44:00-04:00,2020-09-04 09:44:00-04:00,2020-09-04 10:14:00-04:00,S,11696.5,11476.75,11843.5,147.0,437.5,1.4880952380952381,TP,1,S|swing
2020-09-08 14:14:00-04:00,2020-09-08 14:14:00-04:00,2020-09-08 14:44:00-04:00,S,11224.25,11119.25,11294.75,70.5,208.0,1.475177304964539,TP,1,S|swing
2020-09-09 14:44:00-04:00,2020-09-09 14:44:00-04:00,2020-09-09 15:59:00-04:00,L,11433.5,11386.0,11367.5,66.0,-97.0,-0.7348484848484849,time,1,L|swing
2020-09-10 11:29:00-04:00,2020-09-10 11:29:00-04:00,2020-09-10 12:35:00-04:00,L,11481.25,11352.5,11352.75,128.5,-259.5,-1.009727626459144,SL,1,L|swing
2020-09-10 12:44:00-04:00,2020-09-10 12:44:00-04:00,2020-09-10 15:59:00-04:00,S,11331.75,11157.0,11567.25,235.5,347.5,0.7377919320594479,time,1,S|swing
2020-09-11 09:44:00-04:00,2020-09-11 09:44:00-04:00,2020-09-11 12:38:00-04:00,S,11199.25,11056.25,11295.25,96.0,284.0,1.4791666666666667,TP,1,S|swing
2020-09-21 10:29:00-04:00,2020-09-21 10:29:00-04:00,2020-09-21 12:08:00-04:00,S,10702.5,10841.0,10840.75,138.25,-279.0,-1.0090415913200723,SL,1,S|swing
2020-09-21 12:59:00-04:00,2020-09-21 12:59:00-04:00,2020-09-21 13:16:00-04:00,S,10810.75,10853.0,10852.75,42.0,-86.5,-1.0297619047619047,SL,1,S|swing
2020-09-21 14:14:00-04:00,2020-09-21 14:14:00-04:00,2020-09-21 15:24:00-04:00,S,10807.5,10885.0,10884.75,77.25,-157.0,-1.0161812297734627,SL,1,S|swing
2020-09-22 10:14:00-04:00,2020-09-22 10:14:00-04:00,2020-09-22 10:59:00-04:00,L,11043.75,10950.25,10950.5,93.25,-189.0,-1.0134048257372654,SL,1,L|swing
2020-09-23 10:29:00-04:00,2020-09-23 10:29:00-04:00,2020-09-23 11:32:00-04:00,L,11074.0,11030.5,11030.75,43.25,-89.0,-1.0289017341040463,SL,1,L|swing
2020-09-23 11:59:00-04:00,2020-09-23 11:59:00-04:00,2020-09-23 15:59:00-04:00,S,10988.0,10821.0,11161.25,173.25,332.0,0.9581529581529582,time,1,S|swing
2020-09-25 09:44:00-04:00,2020-09-25 09:44:00-04:00,2020-09-25 10:23:00-04:00,S,10872.25,10934.25,10934.0,61.75,-126.0,-1.0202429149797572,SL,1,S|swing
2020-09-28 12:44:00-04:00,2020-09-28 12:44:00-04:00,2020-09-28 13:33:00-04:00,L,11265.5,11324.25,11225.75,39.75,115.5,1.4528301886792452,TP,1,L|swing
2020-09-29 12:59:00-04:00,2020-09-29 12:59:00-04:00,2020-09-29 15:59:00-04:00,L,11346.25,11309.75,11289.5,56.75,-75.0,-0.6607929515418502,time,1,L|swing
2020-09-30 13:44:00-04:00,2020-09-30 13:44:00-04:00,2020-09-30 14:43:00-04:00,L,11471.75,11421.75,11422.0,49.75,-102.0,-1.0251256281407035,SL,1,L|swing
2020-10-01 11:29:00-04:00,2020-10-01 11:29:00-04:00,2020-10-01 15:59:00-04:00,L,11536.75,11572.5,11473.75,63.0,69.5,0.5515873015873016,time,1,L|swing
2020-10-02 11:59:00-04:00,2020-10-02 11:59:00-04:00,2020-10-02 15:59:00-04:00,S,11271.0,11244.25,11469.0,198.0,51.5,0.13005050505050506,time,1,S|swing
2020-10-06 10:14:00-04:00,2020-10-06 10:14:00-04:00,2020-10-06 11:11:00-04:00,L,11490.75,11417.5,11417.75,73.0,-148.5,-1.0171232876712328,SL,1,L|swing
2020-10-06 12:14:00-04:00,2020-10-06 12:14:00-04:00,2020-10-06 14:45:00-04:00,L,11420.75,11516.25,11356.5,64.25,189.0,1.4708171206225682,TP,1,L|swing
2020-10-06 14:59:00-04:00,2020-10-06 14:59:00-04:00,2020-10-06 15:59:00-04:00,S,11343.5,11275.75,11524.5,181.0,133.5,0.3687845303867403,time,1,S|swing
2020-10-07 11:29:00-04:00,2020-10-07 11:29:00-04:00,2020-10-07 15:59:00-04:00,L,11427.75,11479.5,11362.25,65.5,101.5,0.7748091603053435,time,1,L|swing
2020-10-08 11:14:00-04:00,2020-10-08 11:14:00-04:00,2020-10-08 15:59:00-04:00,L,11550.0,11536.0,11487.5,62.5,-30.0,-0.24,time,1,L|swing
2020-10-12 10:44:00-04:00,2020-10-12 10:44:00-04:00,2020-10-12 11:43:00-04:00,L,11935.75,12038.25,11866.75,69.0,203.0,1.4710144927536233,TP,1,L|swing
2020-10-13 10:59:00-04:00,2020-10-13 10:59:00-04:00,2020-10-13 13:57:00-04:00,L,12123.25,12031.5,12031.75,91.5,-185.5,-1.0136612021857923,SL,1,L|swing
2020-10-13 14:59:00-04:00,2020-10-13 14:59:00-04:00,2020-10-13 15:59:00-04:00,L,12077.75,12074.0,12017.75,60.0,-9.5,-0.07916666666666666,time,1,L|swing
2020-10-14 10:59:00-04:00,2020-10-14 10:59:00-04:00,2020-10-14 11:45:00-04:00,L,12090.25,12026.75,12027.0,63.25,-129.0,-1.0197628458498025,SL,1,L|swing
2020-10-14 11:59:00-04:00,2020-10-14 11:59:00-04:00,2020-10-14 15:59:00-04:00,S,11971.0,11977.5,12153.25,182.25,-15.0,-0.0411522633744856,time,1,S|swing
2020-10-15 10:44:00-04:00,2020-10-15 10:44:00-04:00,2020-10-15 15:17:00-04:00,S,11760.25,11880.5,11880.25,120.0,-242.5,-1.0104166666666667,SL,1,S|swing
2020-10-16 11:29:00-04:00,2020-10-16 11:29:00-04:00,2020-10-16 15:59:00-04:00,S,11905.0,11826.5,12022.0,117.0,155.0,0.6623931623931624,time,1,S|swing
2020-10-19 09:44:00-04:00,2020-10-19 09:44:00-04:00,2020-10-19 09:54:00-04:00,L,11941.75,11893.5,11893.75,48.0,-98.5,-1.0260416666666667,SL,1,L|swing
2020-10-19 10:14:00-04:00,2020-10-19 10:14:00-04:00,2020-10-19 14:59:00-04:00,S,11833.0,11656.75,11951.0,118.0,350.5,1.4851694915254237,TP,1,S|swing
2020-10-20 10:59:00-04:00,2020-10-20 10:59:00-04:00,2020-10-20 12:35:00-04:00,S,11636.25,11737.25,11737.0,100.75,-204.0,-1.0124069478908189,SL,1,S|swing
2020-10-21 12:59:00-04:00,2020-10-21 12:59:00-04:00,2020-10-21 15:59:00-04:00,S,11642.25,11652.75,11753.25,111.0,-23.0,-0.1036036036036036,time,1,S|swing
2020-10-22 09:44:00-04:00,2020-10-22 09:44:00-04:00,2020-10-22 10:00:00-04:00,L,11704.5,11661.0,11661.25,43.25,-89.0,-1.0289017341040463,SL,1,L|swing
2020-10-22 11:59:00-04:00,2020-10-22 11:59:00-04:00,2020-10-22 15:59:00-04:00,S,11581.5,11654.25,11724.0,142.5,-147.5,-0.5175438596491229,time,1,S|swing
2020-10-26 10:29:00-04:00,2020-10-26 10:29:00-04:00,2020-10-26 11:01:00-04:00,S,11622.5,11513.25,11696.0,73.5,216.5,1.4727891156462585,TP,1,S|swing
2020-10-27 12:44:00-04:00,2020-10-27 12:44:00-04:00,2020-10-27 15:40:00-04:00,S,11555.75,11609.25,11609.0,53.25,-109.0,-1.0234741784037558,SL,1,S|swing
2020-10-28 12:59:00-04:00,2020-10-28 12:59:00-04:00,2020-10-28 15:32:00-04:00,S,11202.75,11267.75,11267.5,64.75,-132.0,-1.0193050193050193,SL,1,S|swing
2020-10-30 09:44:00-04:00,2020-10-30 09:44:00-04:00,2020-10-30 10:36:00-04:00,S,11177.75,11023.0,11281.5,103.75,307.5,1.4819277108433735,TP,1,S|swing
2020-11-02 10:44:00-05:00,2020-11-02 10:44:00-05:00,2020-11-02 13:52:00-05:00,S,11110.0,10957.5,11212.25,102.25,303.0,1.4816625916870416,TP,1,S|swing
2020-11-02 13:59:00-05:00,2020-11-02 13:59:00-05:00,2020-11-02 15:59:00-05:00,S,10948.25,11069.25,11107.25,159.0,-244.0,-0.7672955974842768,time,1,S|swing
2020-11-03 09:44:00-05:00,2020-11-03 09:44:00-05:00,2020-11-03 09:54:00-05:00,L,11139.0,11195.25,11101.0,38.0,110.5,1.4539473684210527,TP,1,L|swing
2020-11-03 14:44:00-05:00,2020-11-03 14:44:00-05:00,2020-11-03 15:59:00-05:00,L,11278.25,11256.75,11216.5,61.75,-45.0,-0.3643724696356275,time,1,L|swing
2020-11-04 09:59:00-05:00,2020-11-04 09:59:00-05:00,2020-11-04 10:21:00-05:00,L,11645.25,11777.5,11556.5,88.75,262.5,1.4788732394366197,TP,1,L|swing
2020-11-05 09:44:00-05:00,2020-11-05 09:44:00-05:00,2020-11-05 15:59:00-05:00,L,12033.5,12066.0,11972.5,61.0,63.0,0.5163934426229508,time,1,L|swing
2020-11-06 11:29:00-05:00,2020-11-06 11:29:00-05:00,2020-11-06 15:59:00-05:00,L,12032.75,12080.25,11883.0,149.75,93.0,0.3105175292153589,time,1,L|swing
2020-11-09 10:29:00-05:00,2020-11-09 10:29:00-05:00,2020-11-09 14:14:00-05:00,L,12229.75,12042.25,12042.5,187.25,-377.0,-1.006675567423231,SL,1,L|swing
2020-11-10 09:44:00-05:00,2020-11-10 09:44:00-05:00,2020-11-10 10:42:00-05:00,S,11652.0,11506.25,11749.75,97.75,289.5,1.4808184143222507,TP,1,S|swing
2020-11-10 12:44:00-05:00,2020-11-10 12:44:00-05:00,2020-11-10 13:33:00-05:00,S,11681.75,11588.75,11744.25,62.5,184.0,1.472,TP,1,S|swing
2020-11-11 09:44:00-05:00,2020-11-11 09:44:00-05:00,2020-11-11 15:59:00-05:00,L,11820.5,11880.25,11702.0,118.5,117.5,0.4957805907172996,time,1,L|swing
2020-11-12 12:14:00-05:00,2020-11-12 12:14:00-05:00,2020-11-12 12:41:00-05:00,L,11913.25,11856.5,11856.75,56.5,-115.5,-1.0221238938053097,SL,1,L|swing
2020-11-12 13:59:00-05:00,2020-11-12 13:59:00-05:00,2020-11-12 15:02:00-05:00,L,11857.75,11786.75,11787.0,70.75,-144.0,-1.017667844522968,SL,1,L|swing
2020-11-13 09:44:00-05:00,2020-11-13 09:44:00-05:00,2020-11-13 10:00:00-05:00,L,11908.75,11870.5,11870.75,38.0,-78.5,-1.0328947368421053,SL,1,L|swing
2020-11-13 11:59:00-05:00,2020-11-13 11:59:00-05:00,2020-11-13 15:59:00-05:00,L,11874.75,11932.75,11801.5,73.25,114.0,0.7781569965870307,time,1,L|swing
2020-11-16 09:44:00-05:00,2020-11-16 09:44:00-05:00,2020-11-16 15:59:00-05:00,L,11980.25,12013.25,11853.0,127.25,64.0,0.25147347740667975,time,1,L|swing
2020-11-17 11:59:00-05:00,2020-11-17 11:59:00-05:00,2020-11-17 15:23:00-05:00,L,11999.25,11961.25,11961.5,37.75,-78.0,-1.033112582781457,SL,1,L|swing
2020-11-18 09:59:00-05:00,2020-11-18 09:59:00-05:00,2020-11-18 12:00:00-05:00,S,11928.25,12007.25,12007.0,78.75,-160.0,-1.0158730158730158,SL,1,S|swing
2020-11-20 10:29:00-05:00,2020-11-20 10:29:00-05:00,2020-11-20 15:18:00-05:00,L,11987.25,11945.25,11945.5,41.75,-86.0,-1.029940119760479,SL,1,L|swing
2020-11-23 10:14:00-05:00,2020-11-23 10:14:00-05:00,2020-11-23 15:59:00-05:00,S,11912.0,11904.5,12002.0,90.0,13.0,0.07222222222222222,time,1,S|swing
2020-11-24 10:59:00-05:00,2020-11-24 10:59:00-05:00,2020-11-24 15:59:00-05:00,L,11987.0,12075.25,11872.25,114.75,174.5,0.7603485838779956,time,1,L|swing
2020-11-26 11:14:00-05:00,2020-11-26 11:14:00-05:00,2020-11-26 12:14:00-05:00,L,12191.75,12177.5,12177.75,14.0,-30.5,-1.0892857142857142,SL,1,L|swing
2020-11-30 12:29:00-05:00,2020-11-30 12:29:00-05:00,2020-11-30 15:59:00-05:00,L,12212.0,12273.5,12085.5,126.5,121.0,0.4782608695652174,time,1,L|swing
2020-12-01 09:44:00-05:00,2020-12-01 09:44:00-05:00,2020-12-01 10:19:00-05:00,L,12372.75,12430.25,12333.75,39.0,113.0,1.4487179487179487,TP,1,L|swing
2020-12-02 09:44:00-05:00,2020-12-02 09:44:00-05:00,2020-12-02 10:28:00-05:00,S,12321.5,12426.25,12426.0,104.5,-211.5,-1.0119617224880382,SL,1,S|swing
2020-12-02 14:29:00-05:00,2020-12-02 14:29:00-05:00,2020-12-02 15:59:00-05:00,L,12447.75,12457.25,12411.25,36.5,17.0,0.2328767123287671,time,1,L|swing
2020-12-03 09:59:00-05:00,2020-12-03 09:59:00-05:00,2020-12-03 11:09:00-05:00,L,12495.75,12461.75,12462.0,33.75,-70.0,-1.037037037037037,SL,1,L|swing
2020-12-03 14:44:00-05:00,2020-12-03 14:44:00-05:00,2020-12-03 15:42:00-05:00,L,12491.75,12460.25,12460.5,31.25,-65.0,-1.04,SL,1,L|swing
2020-12-04 09:44:00-05:00,2020-12-04 09:44:00-05:00,2020-12-04 15:59:00-05:00,L,12483.5,12529.0,12448.25,35.25,89.0,1.2624113475177305,time,1,L|swing
2020-12-07 14:14:00-05:00,2020-12-07 14:14:00-05:00,2020-12-07 15:59:00-05:00,L,12569.5,12597.0,12546.75,22.75,53.0,1.164835164835165,time,1,L|swing
2020-12-09 12:44:00-05:00,2020-12-09 12:44:00-05:00,2020-12-09 15:30:00-05:00,S,12496.5,12307.75,12623.0,126.5,375.5,1.4841897233201582,TP,1,S|swing
2020-12-10 12:44:00-05:00,2020-12-10 12:44:00-05:00,2020-12-10 15:59:00-05:00,S,12386.75,12398.5,12449.25,62.5,-25.5,-0.204,time,1,S|swing
2020-12-11 09:44:00-05:00,2020-12-11 09:44:00-05:00,2020-12-11 10:12:00-05:00,S,12277.25,12355.0,12354.75,77.5,-157.5,-1.0161290322580645,SL,1,S|swing
2020-12-11 11:14:00-05:00,2020-12-11 11:14:00-05:00,2020-12-11 12:20:00-05:00,S,12316.5,12252.25,12360.0,43.5,126.5,1.4540229885057472,TP,1,S|swing
2020-12-16 10:44:00-05:00,2020-12-16 10:44:00-05:00,2020-12-16 15:59:00-05:00,L,12630.25,12672.5,12571.0,59.25,82.5,0.6962025316455697,time,1,L|swing
2020-12-17 12:29:00-05:00,2020-12-17 12:29:00-05:00,2020-12-17 15:59:00-05:00,L,12717.0,12750.25,12683.0,34.0,64.5,0.9485294117647058,time,1,L|swing
2020-12-21 09:59:00-05:00,2020-12-21 09:59:00-05:00,2020-12-21 10:19:00-05:00,S,12582.25,12482.75,12649.25,67.0,197.0,1.4701492537313432,TP,1,S|swing
2020-12-22 09:44:00-05:00,2020-12-22 09:44:00-05:00,2020-12-22 11:01:00-05:00,L,12714.0,12678.25,12678.5,35.5,-73.5,-1.0352112676056338,SL,1,L|swing
2020-12-22 11:44:00-05:00,2020-12-22 11:44:00-05:00,2020-12-22 15:59:00-05:00,S,12608.5,12714.0,12754.25,145.75,-213.0,-0.7307032590051458,time,1,S|swing
2020-12-23 11:29:00-05:00,2020-12-23 11:29:00-05:00,2020-12-23 13:09:00-05:00,S,12673.25,12727.5,12727.25,54.0,-110.5,-1.0231481481481481,SL,1,S|swing
2020-12-24 10:59:00-05:00,2020-12-24 10:59:00-05:00,2020-12-24 13:04:00-05:00,S,12680.0,12703.5,12724.25,44.25,-49.0,-0.5536723163841808,time,1,S|swing
2020-12-28 10:44:00-05:00,2020-12-28 10:44:00-05:00,2020-12-28 15:59:00-05:00,L,12794.25,12833.25,12740.75,53.5,76.0,0.7102803738317757,time,1,L|swing
2020-12-29 10:59:00-05:00,2020-12-29 10:59:00-05:00,2020-12-29 12:47:00-05:00,L,12881.0,12810.25,12810.5,70.5,-143.5,-1.0177304964539007,SL,1,L|swing
2020-12-30 12:29:00-05:00,2020-12-30 12:29:00-05:00,2020-12-30 15:59:00-05:00,L,12865.25,12843.0,12820.25,45.0,-46.5,-0.5166666666666667,time,1,L|swing
2020-12-31 09:59:00-05:00,2020-12-31 09:59:00-05:00,2020-12-31 15:11:00-05:00,S,12832.75,12858.0,12857.75,25.0,-52.5,-1.05,SL,1,S|swing
2021-01-04 14:44:00-05:00,2021-01-04 14:44:00-05:00,2021-01-04 15:38:00-05:00,S,12636.25,12677.5,12677.25,41.0,-84.5,-1.0304878048780488,SL,1,S|swing
2021-01-05 10:59:00-05:00,2021-01-05 10:59:00-05:00,2021-01-05 14:08:00-05:00,S,12714.25,12782.75,12782.5,68.25,-139.0,-1.0183150183150182,SL,1,S|swing
2021-01-06 14:29:00-05:00,2021-01-06 14:29:00-05:00,2021-01-06 15:59:00-05:00,S,12687.5,12618.5,12796.25,108.75,136.0,0.6252873563218391,time,1,S|swing
2021-01-08 11:29:00-05:00,2021-01-08 11:29:00-05:00,2021-01-08 13:23:00-05:00,L,13028.0,12953.0,12953.25,74.75,-152.0,-1.0167224080267558,SL,1,L|swing
2021-01-11 13:44:00-05:00,2021-01-11 13:44:00-05:00,2021-01-11 15:21:00-05:00,S,12962.5,12887.25,13013.25,50.75,148.5,1.4630541871921183,TP,1,S|swing
2021-01-12 14:44:00-05:00,2021-01-12 14:44:00-05:00,2021-01-12 15:50:00-05:00,S,12877.5,12910.0,12909.75,32.25,-67.0,-1.0387596899224807,SL,1,S|swing
2021-01-13 09:44:00-05:00,2021-01-13 09:44:00-05:00,2021-01-13 09:50:00-05:00,S,12868.25,12917.0,12916.75,48.5,-99.5,-1.0257731958762886,SL,1,S|swing
2021-01-13 10:29:00-05:00,2021-01-13 10:29:00-05:00,2021-01-13 15:59:00-05:00,L,12930.0,12967.75,12820.25,109.75,73.5,0.3348519362186788,time,1,L|swing
2021-01-14 09:59:00-05:00,2021-01-14 09:59:00-05:00,2021-01-14 12:10:00-05:00,L,12993.25,12955.75,12956.0,37.25,-77.0,-1.0335570469798658,SL,1,L|swing
2021-01-14 12:29:00-05:00,2021-01-14 12:29:00-05:00,2021-01-14 12:39:00-05:00,L,12974.0,12953.75,12954.0,20.0,-42.5,-1.0625,SL,1,L|swing
2021-01-14 12:44:00-05:00,2021-01-14 12:44:00-05:00,2021-01-14 15:59:00-05:00,S,12942.25,12897.75,13029.0,86.75,87.0,0.5014409221902018,time,1,S|swing
2021-01-15 12:14:00-05:00,2021-01-15 12:14:00-05:00,2021-01-15 15:59:00-05:00,S,12833.5,12799.5,12925.75,92.25,66.0,0.35772357723577236,time,1,S|swing
2021-01-18 10:14:00-05:00,2021-01-18 10:14:00-05:00,2021-01-18 10:28:00-05:00,S,12809.75,12802.25,12815.25,5.5,13.0,1.1818181818181819,TP,1,S|swing
2021-01-18 12:14:00-05:00,2021-01-18 12:14:00-05:00,2021-01-18 12:49:00-05:00,S,12808.0,12811.5,12815.5,7.5,-9.0,-0.6,time,1,S|swing
2021-01-19 10:44:00-05:00,2021-01-19 10:44:00-05:00,2021-01-19 11:15:00-05:00,L,12891.25,12857.0,12857.25,34.0,-70.5,-1.036764705882353,SL,1,L|swing
2021-01-21 10:14:00-05:00,2021-01-21 10:14:00-05:00,2021-01-21 15:59:00-05:00,L,13365.0,13397.25,13282.75,82.25,62.5,0.3799392097264438,time,1,L|swing
2021-01-25 09:44:00-05:00,2021-01-25 09:44:00-05:00,2021-01-25 10:49:00-05:00,L,13547.25,13471.5,13471.75,75.5,-153.5,-1.0165562913907285,SL,1,L|swing
2021-01-25 11:59:00-05:00,2021-01-25 11:59:00-05:00,2021-01-25 15:59:00-05:00,L,13398.75,13474.0,13188.75,210.0,148.5,0.3535714285714286,time,1,L|swing
2021-01-26 10:29:00-05:00,2021-01-26 10:29:00-05:00,2021-01-26 15:59:00-05:00,L,13485.5,13484.75,13426.25,59.25,-3.5,-0.029535864978902954,time,1,L|swing
2021-01-27 11:44:00-05:00,2021-01-27 11:44:00-05:00,2021-01-27 15:34:00-05:00,S,13254.75,13042.25,13397.0,142.25,423.0,1.4868189806678382,TP,1,S|swing
2021-01-29 09:44:00-05:00,2021-01-29 09:44:00-05:00,2021-01-29 15:59:00-05:00,S,13014.75,12914.5,13166.5,151.75,198.5,0.6540362438220758,time,1,S|swing
2021-02-01 10:29:00-05:00,2021-02-01 10:29:00-05:00,2021-02-01 12:59:00-05:00,L,13082.5,13250.25,12970.0,112.5,333.5,1.4822222222222223,TP,1,L|swing
2021-02-02 11:14:00-05:00,2021-02-02 11:14:00-05:00,2021-02-02 15:59:00-05:00,L,13422.0,13448.25,13329.0,93.0,50.5,0.271505376344086,time,1,L|swing
2021-02-03 12:59:00-05:00,2021-02-03 12:59:00-05:00,2021-02-03 15:59:00-05:00,L,13481.5,13390.5,13390.75,90.75,-184.0,-1.0137741046831956,SL,1,L|swing
2021-02-04 10:59:00-05:00,2021-02-04 10:59:00-05:00,2021-02-04 13:15:00-05:00,L,13434.5,13498.25,13391.5,43.0,125.5,1.4593023255813953,TP,1,L|swing
2021-02-05 10:44:00-05:00,2021-02-05 10:44:00-05:00,2021-02-05 12:21:00-05:00,L,13551.0,13598.25,13519.0,32.0,92.5,1.4453125,TP,1,L|swing
2021-02-08 11:59:00-05:00,2021-02-08 11:59:00-05:00,2021-02-08 15:59:00-05:00,L,13630.75,13682.25,13595.75,35.0,101.0,1.4428571428571428,TP,1,L|swing
2021-02-09 14:29:00-05:00,2021-02-09 14:29:00-05:00,2021-02-09 15:59:00-05:00,L,13695.25,13680.25,13661.75,33.5,-32.0,-0.47761194029850745,time,1,L|swing
2021-02-11 11:14:00-05:00,2021-02-11 11:14:00-05:00,2021-02-11 12:19:00-05:00,L,13720.0,13681.5,13681.75,38.25,-79.0,-1.0326797385620916,SL,1,L|swing
2021-02-11 12:29:00-05:00,2021-02-11 12:29:00-05:00,2021-02-11 15:59:00-05:00,S,13648.75,13726.5,13744.25,95.5,-157.5,-0.824607329842932,time,1,S|swing
2021-02-12 09:44:00-05:00,2021-02-12 09:44:00-05:00,2021-02-12 15:39:00-05:00,L,13696.0,13770.5,13645.75,50.25,147.0,1.462686567164179,TP,1,L|swing
2021-02-16 09:44:00-05:00,2021-02-16 09:44:00-05:00,2021-02-16 11:08:00-05:00,L,13856.25,13811.0,13811.25,45.0,-92.5,-1.0277777777777777,SL,1,L|swing
2021-02-16 13:44:00-05:00,2021-02-16 13:44:00-05:00,2021-02-16 15:59:00-05:00,S,13774.5,13764.75,13824.25,49.75,17.5,0.17587939698492464,time,1,S|swing
2021-02-17 10:14:00-05:00,2021-02-17 10:14:00-05:00,2021-02-17 15:59:00-05:00,S,13626.0,13699.75,13759.75,133.75,-149.5,-0.5588785046728972,time,1,S|swing
2021-02-19 09:59:00-05:00,2021-02-19 09:59:00-05:00,2021-02-19 10:11:00-05:00,L,13672.0,13640.75,13641.0,31.0,-64.5,-1.0403225806451613,SL,1,L|swing
2021-02-19 12:14:00-05:00,2021-02-19 12:14:00-05:00,2021-02-19 12:38:00-05:00,S,13653.5,13584.75,13700.0,46.5,135.5,1.456989247311828,TP,1,S|swing
2021-02-19 14:29:00-05:00,2021-02-19 14:29:00-05:00,2021-02-19 15:59:00-05:00,S,13557.25,13578.25,13671.0,113.75,-44.0,-0.1934065934065934,time,1,S|swing
2021-02-22 14:44:00-05:00,2021-02-22 14:44:00-05:00,2021-02-22 15:28:00-05:00,S,13335.75,13261.25,13386.0,50.25,147.0,1.462686567164179,TP,1,S|swing
2021-02-23 09:44:00-05:00,2021-02-23 09:44:00-05:00,2021-02-23 10:45:00-05:00,S,12827.5,13048.25,13048.0,220.5,-443.5,-1.0056689342403629,SL,1,S|swing
2021-02-23 12:14:00-05:00,2021-02-23 12:14:00-05:00,2021-02-23 14:58:00-05:00,S,12930.0,13119.75,13119.5,189.5,-381.5,-1.0065963060686016,SL,1,S|swing
2021-02-25 09:59:00-05:00,2021-02-25 09:59:00-05:00,2021-02-25 10:36:00-05:00,S,13219.5,13114.25,13290.25,70.75,208.5,1.4734982332155477,TP,1,S|swing
2021-02-25 14:59:00-05:00,2021-02-25 14:59:00-05:00,2021-02-25 15:59:00-05:00,S,12907.25,12826.5,13020.25,113.0,159.5,0.7057522123893806,time,1,S|swing
2021-02-26 10:14:00-05:00,2021-02-26 10:14:00-05:00,2021-02-26 12:08:00-05:00,S,12850.5,13032.25,13032.0,181.5,-365.5,-1.0068870523415978,SL,1,S|swing
2021-02-26 13:59:00-05:00,2021-02-26 13:59:00-05:00,2021-02-26 15:59:00-05:00,S,12955.25,12894.0,13090.0,134.75,120.5,0.44712430426716143,time,1,S|swing
2021-03-02 13:14:00-05:00,2021-03-02 13:14:00-05:00,2021-03-02 15:40:00-05:00,L,13196.75,13098.25,13098.5,98.25,-199.0,-1.0127226463104326,SL,1,L|swing
2021-03-04 09:59:00-05:00,2021-03-04 09:59:00-05:00,2021-03-04 11:02:00-05:00,S,12589.75,12765.5,12765.25,175.5,-353.5,-1.0071225071225072,SL,1,S|swing
2021-03-04 12:14:00-05:00,2021-03-04 12:14:00-05:00,2021-03-04 12:48:00-05:00,S,12686.0,12520.0,12797.25,111.25,330.0,1.4831460674157304,TP,1,S|swing
2021-03-05 09:44:00-05:00,2021-03-05 09:44:00-05:00,2021-03-05 11:12:00-05:00,S,12493.5,12285.5,12632.75,139.25,414.0,1.4865350089766607,TP,1,S|swing
2021-03-08 11:44:00-05:00,2021-03-08 11:44:00-05:00,2021-03-08 15:59:00-05:00,S,12537.25,12300.75,12716.0,178.75,471.0,1.3174825174825175,time,1,S|swing
2021-03-09 09:59:00-05:00,2021-03-09 09:59:00-05:00,2021-03-09 15:59:00-05:00,L,12704.75,12786.5,12536.0,168.75,161.5,0.4785185185185185,time,1,L|swing
2021-03-10 12:14:00-05:00,2021-03-10 12:14:00-05:00,2021-03-10 12:39:00-05:00,L,12837.0,12752.5,12752.75,84.25,-171.0,-1.0148367952522255,SL,1,L|swing
2021-03-10 12:44:00-05:00,2021-03-10 12:44:00-05:00,2021-03-10 12:59:00-05:00,L,12779.5,12833.0,12743.25,36.25,105.0,1.4482758620689655,TP,1,L|swing
2021-03-11 10:59:00-05:00,2021-03-11 10:59:00-05:00,2021-03-11 15:59:00-05:00,L,13023.75,13046.0,12912.25,111.5,42.5,0.1905829596412556,time,1,L|swing
2021-03-22 09:59:00-04:00,2021-03-22 09:59:00-04:00,2021-03-22 12:30:00-04:00,L,13008.5,13134.75,12923.75,84.75,250.5,1.4778761061946903,TP,1,L|swing
2021-03-23 10:14:00-04:00,2021-03-23 10:14:00-04:00,2021-03-23 14:59:00-04:00,L,13122.25,13050.0,13050.25,72.0,-146.5,-1.0173611111111112,SL,1,L|swing
2021-03-24 13:14:00-04:00,2021-03-24 13:14:00-04:00,2021-03-24 15:59:00-04:00,S,12882.5,12790.5,13048.75,166.25,182.0,0.5473684210526316,time,1,S|swing
2021-03-25 10:44:00-04:00,2021-03-25 10:44:00-04:00,2021-03-25 15:59:00-04:00,S,12716.25,12772.75,12837.25,121.0,-115.0,-0.47520661157024796,time,1,S|swing
2021-03-26 14:14:00-04:00,2021-03-26 14:14:00-04:00,2021-03-26 15:40:00-04:00,S,12737.25,12872.75,12872.5,135.25,-273.0,-1.009242144177449,SL,1,S|swing
2021-03-29 12:44:00-04:00,2021-03-29 12:44:00-04:00,2021-03-29 15:59:00-04:00,L,12930.0,12955.75,12828.0,102.0,49.5,0.2426470588235294,time,1,L|swing
2021-03-30 09:44:00-04:00,2021-03-30 09:44:00-04:00,2021-03-30 11:32:00-04:00,S,12821.5,12888.5,12888.25,66.75,-136.0,-1.0187265917602997,SL,1,S|swing
2021-03-31 09:44:00-04:00,2021-03-31 09:44:00-04:00,2021-03-31 10:09:00-04:00,L,13001.5,13086.75,12944.0,57.5,168.5,1.4652173913043478,TP,1,L|swing
2021-03-31 12:14:00-04:00,2021-03-31 12:14:00-04:00,2021-03-31 15:59:00-04:00,L,13128.75,13084.5,13000.5,128.25,-90.5,-0.35282651072124754,time,1,L|swing
2021-04-01 09:44:00-04:00,2021-04-01 09:44:00-04:00,2021-04-01 15:59:00-04:00,L,13281.25,13314.0,13207.0,74.25,63.5,0.4276094276094276,time,1,L|swing
2021-04-06 09:44:00-04:00,2021-04-06 09:44:00-04:00,2021-04-06 11:59:00-04:00,L,13583.0,13648.75,13538.5,44.5,129.5,1.4550561797752808,TP,1,L|swing
2021-04-06 13:44:00-04:00,2021-04-06 13:44:00-04:00,2021-04-06 15:54:00-04:00,L,13583.25,13545.5,13545.75,37.5,-77.5,-1.0333333333333334,SL,1,L|swing
2021-04-07 09:44:00-04:00,2021-04-07 09:44:00-04:00,2021-04-07 11:02:00-04:00,L,13556.5,13621.25,13512.75,43.75,127.5,1.457142857142857,TP,1,L|swing
2021-04-07 14:14:00-04:00,2021-04-07 14:14:00-04:00,2021-04-07 15:59:00-04:00,L,13635.75,13604.25,13559.5,76.25,-65.0,-0.4262295081967213,time,1,L|swing
2021-04-08 09:59:00-04:00,2021-04-08 09:59:00-04:00,2021-04-08 10:12:00-04:00,L,13750.25,13702.0,13702.25,48.0,-98.5,-1.0260416666666667,SL,1,L|swing
2021-04-08 10:44:00-04:00,2021-04-08 10:44:00-04:00,2021-04-08 15:59:00-04:00,L,13738.0,13749.25,13691.5,46.5,20.5,0.22043010752688172,time,1,L|swing
2021-04-09 09:44:00-04:00,2021-04-09 09:44:00-04:00,2021-04-09 13:33:00-04:00,L,13702.5,13783.0,13648.25,54.25,159.0,1.4654377880184333,TP,1,L|swing
2021-04-12 11:59:00-04:00,2021-04-12 11:59:00-04:00,2021-04-12 15:59:00-04:00,L,13782.0,13811.5,13731.5,50.5,57.0,0.5643564356435643,time,1,L|swing
2021-04-14 09:59:00-04:00,2021-04-14 09:59:00-04:00,2021-04-14 10:02:00-04:00,L,13974.75,13942.75,13943.0,31.75,-66.0,-1.0393700787401574,SL,1,L|swing
2021-04-14 14:59:00-04:00,2021-04-14 14:59:00-04:00,2021-04-14 15:59:00-04:00,S,13806.0,13808.75,13918.25,112.25,-7.5,-0.0334075723830735,time,1,S|swing
2021-04-16 12:44:00-04:00,2021-04-16 12:44:00-04:00,2021-04-16 15:59:00-04:00,L,14034.75,14030.75,13979.25,55.5,-10.0,-0.09009009009009009,time,1,L|swing
2021-04-19 09:44:00-04:00,2021-04-19 09:44:00-04:00,2021-04-19 10:06:00-04:00,L,14005.25,13945.5,13945.75,59.5,-121.5,-1.0210084033613445,SL,1,L|swing
2021-04-19 10:14:00-04:00,2021-04-19 10:14:00-04:00,2021-04-19 15:59:00-04:00,S,13908.5,13904.25,14013.5,105.0,6.5,0.030952380952380953,time,1,S|swing
2021-04-20 10:14:00-04:00,2021-04-20 10:14:00-04:00,2021-04-20 11:16:00-04:00,S,13871.0,13783.25,13930.0,59.0,173.5,1.4703389830508475,TP,1,S|swing
2021-04-21 09:44:00-04:00,2021-04-21 09:44:00-04:00,2021-04-21 09:49:00-04:00,S,13727.5,13780.25,13780.0,52.5,-107.5,-1.0238095238095237,SL,1,S|swing
2021-04-22 10:29:00-04:00,2021-04-22 10:29:00-04:00,2021-04-22 13:10:00-04:00,L,13911.25,13854.75,13855.0,56.25,-115.0,-1.0222222222222221,SL,1,L|swing
2021-04-22 13:14:00-04:00,2021-04-22 13:14:00-04:00,2021-04-22 13:55:00-04:00,S,13855.25,13722.75,13944.25,89.0,263.0,1.4775280898876404,TP,1,S|swing
2021-04-28 11:59:00-04:00,2021-04-28 11:59:00-04:00,2021-04-28 14:45:00-04:00,S,13889.75,13981.25,13981.0,91.25,-185.0,-1.0136986301369864,SL,1,S|swing
2021-04-29 11:59:00-04:00,2021-04-29 11:59:00-04:00,2021-04-29 15:59:00-04:00,S,13861.25,13955.0,14061.25,200.0,-189.5,-0.47375,time,1,S|swing
2021-04-30 12:29:00-04:00,2021-04-30 12:29:00-04:00,2021-04-30 15:59:00-04:00,S,13902.0,13861.0,13957.25,55.25,80.0,0.7239819004524887,time,1,S|swing
2021-05-03 09:44:00-04:00,2021-05-03 09:44:00-04:00,2021-05-03 10:07:00-04:00,S,13867.25,13916.75,13916.5,49.25,-101.0,-1.0253807106598984,SL,1,S|swing
2021-05-03 10:14:00-04:00,2021-05-03 10:14:00-04:00,2021-05-03 10:53:00-04:00,L,13929.5,13850.5,13850.75,78.75,-160.0,-1.0158730158730158,SL,1,L|swing
2021-05-04 09:44:00-04:00,2021-05-04 09:44:00-04:00,2021-05-04 15:59:00-04:00,S,13594.5,13543.5,13753.5,159.0,100.0,0.31446540880503143,time,1,S|swing
2021-05-05 09:59:00-04:00,2021-05-05 09:59:00-04:00,2021-05-05 15:22:00-04:00,S,13595.5,13491.0,13665.75,70.25,207.0,1.4733096085409252,TP,1,S|swing
2021-05-06 09:59:00-04:00,2021-05-06 09:59:00-04:00,2021-05-06 11:34:00-04:00,S,13427.5,13518.5,13518.25,90.75,-184.0,-1.0137741046831956,SL,1,S|swing
2021-05-06 12:14:00-04:00,2021-05-06 12:14:00-04:00,2021-05-06 12:25:00-04:00,S,13530.25,13564.5,13564.25,34.0,-70.5,-1.036764705882353,SL,1,S|swing
2021-05-06 12:29:00-04:00,2021-05-06 12:29:00-04:00,2021-05-06 15:59:00-04:00,L,13581.0,13596.25,13388.75,192.25,28.5,0.0741222366710013,time,1,L|swing
2021-05-10 12:59:00-04:00,2021-05-10 12:59:00-04:00,2021-05-10 14:14:00-04:00,S,13497.75,13429.75,13543.75,46.0,134.0,1.4565217391304348,TP,1,S|swing
2021-05-12 09:59:00-04:00,2021-05-12 09:59:00-04:00,2021-05-12 15:59:00-04:00,S,13157.25,12998.5,13304.75,147.5,315.5,1.0694915254237287,time,1,S|swing
2021-05-13 09:44:00-04:00,2021-05-13 09:44:00-04:00,2021-05-13 10:00:00-04:00,S,13118.75,13169.25,13169.0,50.25,-103.0,-1.0248756218905473,SL,1,S|swing
2021-05-13 10:14:00-04:00,2021-05-13 10:14:00-04:00,2021-05-13 13:32:00-04:00,L,13190.25,13028.5,13028.75,161.5,-325.5,-1.0077399380804954,SL,1,L|swing
2021-05-14 09:59:00-04:00,2021-05-14 09:59:00-04:00,2021-05-14 13:01:00-04:00,L,13267.75,13365.25,13202.25,65.5,193.0,1.4732824427480915,TP,1,L|swing
2021-05-18 10:14:00-04:00,2021-05-18 10:14:00-04:00,2021-05-18 14:33:00-04:00,L,13347.75,13299.75,13300.0,47.75,-98.0,-1.0261780104712042,SL,1,L|swing
2021-05-19 14:59:00-04:00,2021-05-19 14:59:00-04:00,2021-05-19 15:59:00-04:00,S,13148.0,13231.0,13243.0,95.0,-168.0,-0.8842105263157894,time,1,S|swing
2021-05-20 13:14:00-04:00,2021-05-20 13:14:00-04:00,2021-05-20 15:59:00-04:00,L,13482.75,13486.75,13423.75,59.0,6.0,0.05084745762711865,time,1,L|swing
2021-05-21 13:44:00-04:00,2021-05-21 13:44:00-04:00,2021-05-21 15:56:00-04:00,L,13450.75,13396.5,13396.75,54.0,-110.5,-1.0231481481481481,SL,1,L|swing
2021-05-25 11:14:00-04:00,2021-05-25 11:14:00-04:00,2021-05-25 11:16:00-04:00,L,13664.25,13636.0,13636.25,28.0,-58.5,-1.0446428571428572,SL,1,L|swing
2021-05-25 11:59:00-04:00,2021-05-25 11:59:00-04:00,2021-05-25 15:59:00-04:00,L,13643.25,13656.25,13606.25,37.0,24.0,0.32432432432432434,time,1,L|swing
2021-05-26 11:59:00-04:00,2021-05-26 11:59:00-04:00,2021-05-26 15:59:00-04:00,L,13713.5,13701.5,13655.75,57.75,-26.0,-0.22510822510822512,time,1,L|swing
2021-05-27 10:44:00-04:00,2021-05-27 10:44:00-04:00,2021-05-27 15:59:00-04:00,L,13717.25,13652.0,13620.75,96.5,-132.5,-0.6865284974093264,time,1,L|swing
2021-05-28 14:44:00-04:00,2021-05-28 14:44:00-04:00,2021-05-28 15:51:00-04:00,L,13732.5,13705.5,13705.75,26.75,-56.0,-1.0467289719626167,SL,1,L|swing
2021-05-31 09:44:00-04:00,2021-05-31 09:44:00-04:00,2021-05-31 12:29:00-04:00,S,13670.75,13652.5,13683.5,12.75,34.5,1.3529411764705883,TP,1,S|swing
2021-06-02 10:14:00-04:00,2021-06-02 10:14:00-04:00,2021-06-02 10:40:00-04:00,S,13666.75,13709.5,13709.25,42.5,-87.5,-1.0294117647058822,SL,1,S|swing
2021-06-02 13:29:00-04:00,2021-06-02 13:29:00-04:00,2021-06-02 15:59:00-04:00,S,13630.75,13674.5,13706.25,75.5,-89.5,-0.5927152317880795,time,1,S|swing
2021-06-03 09:44:00-04:00,2021-06-03 09:44:00-04:00,2021-06-03 10:59:00-04:00,S,13489.75,13571.25,13571.0,81.25,-165.0,-1.0153846153846153,SL,1,S|swing
2021-06-03 14:59:00-04:00,2021-06-03 14:59:00-04:00,2021-06-03 15:59:00-04:00,S,13533.75,13528.25,13594.25,60.5,9.0,0.0743801652892562,time,1,S|swing
2021-06-07 09:59:00-04:00,2021-06-07 09:59:00-04:00,2021-06-07 10:16:00-04:00,L,13755.25,13720.25,13720.5,34.75,-72.0,-1.0359712230215827,SL,1,L|swing
2021-06-07 10:29:00-04:00,2021-06-07 10:29:00-04:00,2021-06-07 14:56:00-04:00,L,13736.5,13771.75,13712.5,24.0,68.5,1.4270833333333333,TP,1,L|swing
2021-06-08 09:44:00-04:00,2021-06-08 09:44:00-04:00,2021-06-08 09:52:00-04:00,L,13910.25,13851.75,13852.0,58.25,-119.0,-1.0214592274678111,SL,1,L|swing
2021-06-08 10:14:00-04:00,2021-06-08 10:14:00-04:00,2021-06-08 10:30:00-04:00,L,13850.0,13822.0,13822.25,27.75,-58.0,-1.045045045045045,SL,1,L|swing
2021-06-08 10:44:00-04:00,2021-06-08 10:44:00-04:00,2021-06-08 10:55:00-04:00,L,13830.25,13808.0,13808.25,22.0,-46.5,-1.0568181818181819,SL,1,L|swing
2021-06-08 12:14:00-04:00,2021-06-08 12:14:00-04:00,2021-06-08 15:59:00-04:00,L,13801.0,13808.75,13741.75,59.25,13.5,0.11392405063291139,time,1,L|swing
2021-06-11 09:44:00-04:00,2021-06-11 09:44:00-04:00,2021-06-11 10:47:00-04:00,L,13962.0,13940.75,13941.0,21.0,-44.5,-1.0595238095238095,SL,1,L|swing
2021-06-16 11:44:00-04:00,2021-06-16 11:44:00-04:00,2021-06-16 14:00:00-04:00,S,14035.0,13944.75,14095.75,60.75,178.5,1.4691358024691359,TP,1,S|swing
2021-06-16 14:14:00-04:00,2021-06-16 14:14:00-04:00,2021-06-16 15:59:00-04:00,S,13911.5,13976.0,14042.0,130.5,-131.0,-0.5019157088122606,time,1,S|swing
2021-06-18 09:44:00-04:00,2021-06-18 09:44:00-04:00,2021-06-18 11:12:00-04:00,L,14115.0,14044.0,14044.25,70.75,-144.0,-1.017667844522968,SL,1,L|swing
2021-06-18 11:29:00-04:00,2021-06-18 11:29:00-04:00,2021-06-18 15:59:00-04:00,S,14014.5,14042.0,14132.25,117.75,-57.0,-0.24203821656050956,time,1,S|swing
2021-06-22 10:29:00-04:00,2021-06-22 10:29:00-04:00,2021-06-22 15:10:00-04:00,L,14167.25,14256.75,14107.0,60.25,177.0,1.4688796680497926,TP,1,L|swing
2021-06-24 13:59:00-04:00,2021-06-24 13:59:00-04:00,2021-06-24 15:59:00-04:00,L,14354.25,14354.0,14327.25,27.0,-2.5,-0.046296296296296294,time,1,L|swing
2021-06-28 14:44:00-04:00,2021-06-28 14:44:00-04:00,2021-06-28 15:05:00-04:00,L,14480.0,14513.25,14457.25,22.75,64.5,1.4175824175824177,TP,1,L|swing
2021-07-01 09:44:00-04:00,2021-07-01 09:44:00-04:00,2021-07-01 10:20:00-04:00,L,14552.5,14515.0,14515.25,37.25,-77.0,-1.0335570469798658,SL,1,L|swing
2021-07-02 12:14:00-04:00,2021-07-02 12:14:00-04:00,2021-07-02 15:50:00-04:00,L,14664.75,14723.5,14625.0,39.75,115.5,1.4528301886792452,TP,1,L|swing
2021-07-05 10:29:00-04:00,2021-07-05 10:29:00-04:00,2021-07-05 12:49:00-04:00,L,14698.25,14695.5,14692.0,6.25,-7.5,-0.6,time,1,L|swing
2021-07-06 10:14:00-04:00,2021-07-06 10:14:00-04:00,2021-07-06 10:34:00-04:00,L,14786.25,14726.5,14726.75,59.5,-121.5,-1.0210084033613445,SL,1,L|swing
2021-07-06 11:29:00-04:00,2021-07-06 11:29:00-04:00,2021-07-06 11:45:00-04:00,L,14739.25,14713.5,14713.75,25.5,-53.5,-1.0490196078431373,SL,1,L|swing
2021-07-06 11:59:00-04:00,2021-07-06 11:59:00-04:00,2021-07-06 12:02:00-04:00,L,14721.25,14701.0,14701.25,20.0,-42.5,-1.0625,SL,1,L|swing
2021-07-06 12:14:00-04:00,2021-07-06 12:14:00-04:00,2021-07-06 15:59:00-04:00,S,14660.25,14776.5,14790.0,129.75,-234.5,-0.9036608863198459,time,1,S|swing
2021-07-07 10:44:00-04:00,2021-07-07 10:44:00-04:00,2021-07-07 15:59:00-04:00,S,14732.75,14802.25,14884.0,151.25,-141.0,-0.46611570247933887,time,1,S|swing
2021-07-08 09:44:00-04:00,2021-07-08 09:44:00-04:00,2021-07-08 10:00:00-04:00,S,14591.0,14642.25,14642.0,51.0,-104.5,-1.0245098039215685,SL,1,S|swing
2021-07-12 10:14:00-04:00,2021-07-12 10:14:00-04:00,2021-07-12 15:59:00-04:00,L,14835.0,14868.25,14802.0,33.0,64.5,0.9772727272727273,time,1,L|swing
2021-07-13 09:44:00-04:00,2021-07-13 09:44:00-04:00,2021-07-13 11:21:00-04:00,L,14870.0,14983.25,14794.0,76.0,224.5,1.4769736842105263,TP,1,L|swing
2021-07-13 14:14:00-04:00,2021-07-13 14:14:00-04:00,2021-07-13 15:59:00-04:00,L,14879.75,14865.25,14833.5,46.25,-31.0,-0.33513513513513515,time,1,L|swing
2021-07-14 10:59:00-04:00,2021-07-14 10:59:00-04:00,2021-07-14 11:28:00-04:00,L,14982.75,14922.5,14922.75,60.0,-122.5,-1.0208333333333333,SL,1,L|swing
2021-07-14 14:29:00-04:00,2021-07-14 14:29:00-04:00,2021-07-14 15:59:00-04:00,L,14933.25,14894.25,14862.0,71.25,-80.0,-0.5614035087719298,time,1,L|swing
2021-07-15 09:44:00-04:00,2021-07-15 09:44:00-04:00,2021-07-15 15:59:00-04:00,S,14813.25,14790.5,14908.0,94.75,43.5,0.22955145118733508,time,1,S|swing
2021-07-19 12:59:00-04:00,2021-07-19 12:59:00-04:00,2021-07-19 15:59:00-04:00,S,14473.25,14554.0,14575.25,102.0,-163.5,-0.8014705882352942,time,1,S|swing
2021-07-20 09:44:00-04:00,2021-07-20 09:44:00-04:00,2021-07-20 10:41:00-04:00,S,14534.75,14620.5,14620.25,85.5,-173.5,-1.0146198830409356,SL,1,S|swing
2021-07-22 09:44:00-04:00,2021-07-22 09:44:00-04:00,2021-07-22 15:59:00-04:00,L,14887.75,14928.5,14828.75,59.0,79.5,0.673728813559322,time,1,L|swing
2021-07-23 10:14:00-04:00,2021-07-23 10:14:00-04:00,2021-07-23 11:27:00-04:00,L,14983.25,15056.25,14934.0,49.25,144.0,1.4619289340101522,TP,1,L|swing
2021-07-26 09:44:00-04:00,2021-07-26 09:44:00-04:00,2021-07-26 15:59:00-04:00,L,15085.25,15116.5,15040.0,45.25,60.5,0.6685082872928176,time,1,L|swing
2021-07-28 10:29:00-04:00,2021-07-28 10:29:00-04:00,2021-07-28 15:59:00-04:00,L,15053.25,15005.75,14901.25,152.0,-97.0,-0.3190789473684211,time,1,L|swing
2021-07-29 09:44:00-04:00,2021-07-29 09:44:00-04:00,2021-07-29 15:59:00-04:00,L,15056.75,15034.75,14974.25,82.5,-46.0,-0.2787878787878788,time,1,L|swing
2021-08-02 09:44:00-04:00,2021-08-02 09:44:00-04:00,2021-08-02 11:19:00-04:00,S,14954.75,15044.75,15044.5,89.75,-182.0,-1.0139275766016713,SL,1,S|swing
2021-08-03 09:59:00-04:00,2021-08-03 09:59:00-04:00,2021-08-03 11:57:00-04:00,S,14907.0,15009.25,15009.0,102.0,-206.5,-1.0122549019607843,SL,1,S|swing
2021-08-03 11:59:00-04:00,2021-08-03 11:59:00-04:00,2021-08-03 15:59:00-04:00,L,15011.0,15043.5,14848.5,162.5,63.0,0.19384615384615383,time,1,L|swing
2021-08-05 09:44:00-04:00,2021-08-05 09:44:00-04:00,2021-08-05 10:52:00-04:00,L,15104.0,15150.25,15072.5,31.5,90.5,1.4365079365079365,TP,1,L|swing
2021-08-06 14:14:00-04:00,2021-08-06 14:14:00-04:00,2021-08-06 15:59:00-04:00,S,15092.25,15096.0,15109.75,17.5,-9.5,-0.2714285714285714,time,1,S|swing
2021-08-09 10:14:00-04:00,2021-08-09 10:14:00-04:00,2021-08-09 15:59:00-04:00,L,15110.75,15122.5,15068.75,42.0,21.5,0.25595238095238093,time,1,L|swing
2021-08-10 09:44:00-04:00,2021-08-10 09:44:00-04:00,2021-08-10 10:18:00-04:00,L,15140.5,15116.5,15116.75,23.75,-50.0,-1.0526315789473684,SL,1,L|swing
2021-08-10 10:29:00-04:00,2021-08-10 10:29:00-04:00,2021-08-10 11:12:00-04:00,S,15096.0,15004.75,15157.5,61.5,180.5,1.467479674796748,TP,1,S|swing
2021-08-12 13:44:00-04:00,2021-08-12 13:44:00-04:00,2021-08-12 14:57:00-04:00,L,15051.0,15077.5,15032.75,18.25,51.0,1.3972602739726028,TP,1,L|swing
2021-08-13 10:14:00-04:00,2021-08-13 10:14:00-04:00,2021-08-13 15:59:00-04:00,L,15108.0,15126.0,15055.0,53.0,34.0,0.32075471698113206,time,1,L|swing
2021-08-17 11:59:00-04:00,2021-08-17 11:59:00-04:00,2021-08-17 15:59:00-04:00,S,14940.0,15000.0,15058.0,118.0,-122.0,-0.5169491525423728,time,1,S|swing
2021-08-18 14:14:00-04:00,2021-08-18 14:14:00-04:00,2021-08-18 15:59:00-04:00,S,14952.0,14856.25,15029.5,77.5,189.5,1.2225806451612904,time,1,S|swing
2021-08-20 13:14:00-04:00,2021-08-20 13:14:00-04:00,2021-08-20 15:59:00-04:00,L,15074.25,15083.0,15001.5,72.75,15.5,0.10652920962199312,time,1,L|swing
2021-08-24 09:44:00-04:00,2021-08-24 09:44:00-04:00,2021-08-24 15:59:00-04:00,L,15345.0,15356.0,15309.0,36.0,20.0,0.2777777777777778,time,1,L|swing
2021-08-25 11:14:00-04:00,2021-08-25 11:14:00-04:00,2021-08-25 15:59:00-04:00,L,15357.5,15362.25,15332.75,24.75,7.5,0.15151515151515152,time,1,L|swing
2021-08-26 14:59:00-04:00,2021-08-26 14:59:00-04:00,2021-08-26 15:59:00-04:00,S,15294.0,15274.0,15346.0,52.0,38.0,0.36538461538461536,time,1,S|swing
2021-08-27 10:14:00-04:00,2021-08-27 10:14:00-04:00,2021-08-27 15:59:00-04:00,L,15395.25,15424.25,15277.0,118.25,56.0,0.23678646934460887,time,1,L|swing
2021-08-31 11:14:00-04:00,2021-08-31 11:14:00-04:00,2021-08-31 15:59:00-04:00,L,15551.25,15584.0,15513.75,37.5,63.5,0.8466666666666667,time,1,L|swing
2021-09-02 11:14:00-04:00,2021-09-02 11:14:00-04:00,2021-09-02 12:17:00-04:00,L,15641.25,15615.0,15615.25,26.0,-54.5,-1.0480769230769231,SL,1,L|swing
2021-09-03 09:59:00-04:00,2021-09-03 09:59:00-04:00,2021-09-03 15:59:00-04:00,L,15640.25,15652.25,15551.75,88.5,22.0,0.12429378531073447,time,1,L|swing
2021-09-06 09:44:00-04:00,2021-09-06 09:44:00-04:00,2021-09-06 09:50:00-04:00,L,15690.75,15696.75,15686.25,4.5,10.0,1.1111111111111112,TP,1,L|swing
2021-09-08 13:59:00-04:00,2021-09-08 13:59:00-04:00,2021-09-08 14:02:00-04:00,S,15591.5,15613.5,15613.25,21.75,-46.0,-1.0574712643678161,SL,1,S|swing
2021-09-09 11:29:00-04:00,2021-09-09 11:29:00-04:00,2021-09-09 15:59:00-04:00,S,15614.5,15564.5,15676.75,62.25,98.0,0.7871485943775101,time,1,S|swing
2021-09-10 10:29:00-04:00,2021-09-10 10:29:00-04:00,2021-09-10 15:09:00-04:00,S,15609.25,15522.25,15667.75,58.5,172.0,1.4700854700854702,TP,1,S|swing
2021-09-15 09:44:00-04:00,2021-09-15 09:44:00-04:00,2021-09-15 12:55:00-04:00,S,15342.0,15433.75,15433.5,91.5,-185.5,-1.0136612021857923,SL,1,S|swing
2021-09-20 10:44:00-04:00,2021-09-20 10:44:00-04:00,2021-09-20 15:59:00-04:00,S,15003.5,15005.0,15151.75,148.25,-5.0,-0.016863406408094434,time,1,S|swing
2021-09-21 09:59:00-04:00,2021-09-21 09:59:00-04:00,2021-09-21 15:59:00-04:00,S,15067.0,15018.75,15135.25,68.25,94.5,0.6923076923076923,time,1,S|swing
2021-09-22 10:29:00-04:00,2021-09-22 10:29:00-04:00,2021-09-22 15:59:00-04:00,L,15118.75,15161.5,15014.5,104.25,83.5,0.40047961630695444,time,1,L|swing
2021-09-23 09:44:00-04:00,2021-09-23 09:44:00-04:00,2021-09-23 15:59:00-04:00,L,15258.5,15299.25,15175.25,83.25,79.5,0.4774774774774775,time,1,L|swing
2021-09-27 09:44:00-04:00,2021-09-27 09:44:00-04:00,2021-09-27 15:59:00-04:00,S,15107.75,15194.5,15244.5,136.75,-175.5,-0.6416819012797075,time,1,S|swing
2021-09-28 09:44:00-04:00,2021-09-28 09:44:00-04:00,2021-09-28 11:16:00-04:00,S,14928.25,14774.25,15031.5,103.25,306.0,1.4818401937046004,TP,1,S|swing
2021-10-01 09:44:00-04:00,2021-10-01 09:44:00-04:00,2021-10-01 14:06:00-04:00,S,14631.25,14743.75,14743.5,112.25,-227.0,-1.0111358574610245,SL,1,S|swing
2021-10-01 14:14:00-04:00,2021-10-01 14:14:00-04:00,2021-10-01 14:21:00-04:00,S,14724.25,14747.5,14747.25,23.0,-48.5,-1.0543478260869565,SL,1,S|swing
2021-10-01 14:59:00-04:00,2021-10-01 14:59:00-04:00,2021-10-01 15:59:00-04:00,L,14780.75,14770.5,14645.25,135.5,-22.5,-0.08302583025830258,time,1,L|swing
2021-10-04 09:44:00-04:00,2021-10-04 09:44:00-04:00,2021-10-04 11:40:00-04:00,S,14596.25,14387.75,14735.75,139.5,415.0,1.4874551971326164,TP,1,S|swing
2021-10-07 09:44:00-04:00,2021-10-07 09:44:00-04:00,2021-10-07 15:59:00-04:00,L,14929.0,14886.0,14859.0,70.0,-88.0,-0.6285714285714286,time,1,L|swing
2021-10-11 13:29:00-04:00,2021-10-11 13:29:00-04:00,2021-10-11 15:59:00-04:00,S,14774.0,14700.25,14883.75,109.75,145.5,0.662870159453303,time,1,S|swing
2021-10-12 09:44:00-04:00,2021-10-12 09:44:00-04:00,2021-10-12 15:59:00-04:00,S,14690.5,14650.5,14783.5,93.0,78.0,0.41935483870967744,time,1,S|swing
2021-10-13 10:14:00-04:00,2021-10-13 10:14:00-04:00,2021-10-13 14:01:00-04:00,S,14678.25,14779.25,14779.0,100.75,-204.0,-1.0124069478908189,SL,1,S|swing
2021-10-14 09:44:00-04:00,2021-10-14 09:44:00-04:00,2021-10-14 10:12:00-04:00,L,14925.5,14985.75,14884.75,40.75,118.5,1.4539877300613497,TP,1,L|swing
2021-10-15 10:59:00-04:00,2021-10-15 10:59:00-04:00,2021-10-15 15:59:00-04:00,L,15110.75,15135.25,15044.25,66.5,47.0,0.3533834586466165,time,1,L|swing
2021-10-19 10:59:00-04:00,2021-10-19 10:59:00-04:00,2021-10-19 15:59:00-04:00,L,15375.75,15400.0,15302.0,73.75,46.5,0.3152542372881356,time,1,L|swing
2021-10-20 10:14:00-04:00,2021-10-20 10:14:00-04:00,2021-10-20 12:44:00-04:00,L,15413.25,15379.5,15379.75,33.5,-69.5,-1.037313432835821,SL,1,L|swing
2021-10-20 13:59:00-04:00,2021-10-20 13:59:00-04:00,2021-10-20 15:59:00-04:00,L,15355.0,15382.5,15319.0,36.0,53.0,0.7361111111111112,time,1,L|swing
2021-10-22 09:44:00-04:00,2021-10-22 09:44:00-04:00,2021-10-22 09:48:00-04:00,L,15448.0,15404.0,15404.25,43.75,-90.0,-1.0285714285714285,SL,1,L|swing
2021-10-22 13:44:00-04:00,2021-10-22 13:44:00-04:00,2021-10-22 15:59:00-04:00,S,15335.5,15342.25,15391.75,56.25,-15.5,-0.13777777777777778,time,1,S|swing
2021-10-25 09:44:00-04:00,2021-10-25 09:44:00-04:00,2021-10-25 11:53:00-04:00,S,15355.5,15433.0,15432.75,77.25,-157.0,-1.0161812297734627,SL,1,S|swing
2021-10-26 13:14:00-04:00,2021-10-26 13:14:00-04:00,2021-10-26 15:59:00-04:00,L,15549.5,15544.75,15502.5,47.0,-11.5,-0.12234042553191489,time,1,L|swing
2021-10-28 09:44:00-04:00,2021-10-28 09:44:00-04:00,2021-10-28 10:37:00-04:00,L,15666.75,15712.75,15635.5,31.25,90.0,1.44,TP,1,L|swing
2021-11-01 11:59:00-04:00,2021-11-01 11:59:00-04:00,2021-11-01 15:59:00-04:00,L,15861.0,15893.5,15768.5,92.5,63.0,0.34054054054054056,time,1,L|swing
2021-11-02 09:44:00-04:00,2021-11-02 09:44:00-04:00,2021-11-02 15:59:00-04:00,L,15948.25,15961.75,15860.0,88.25,25.0,0.141643059490085,time,1,L|swing
2021-11-03 11:44:00-04:00,2021-11-03 11:44:00-04:00,2021-11-03 14:01:00-04:00,L,15966.5,16013.25,15934.75,31.75,91.5,1.4409448818897639,TP,1,L|swing
2021-11-04 09:44:00-04:00,2021-11-04 09:44:00-04:00,2021-11-04 10:13:00-04:00,L,16203.5,16272.75,16156.75,46.75,136.5,1.4598930481283423,TP,1,L|swing
2021-11-05 14:29:00-04:00,2021-11-05 14:29:00-04:00,2021-11-05 15:59:00-04:00,L,16364.25,16351.0,16292.0,72.25,-28.5,-0.1972318339100346,time,1,L|swing
2021-11-08 13:29:00-05:00,2021-11-08 13:29:00-05:00,2021-11-08 15:46:00-05:00,L,16359.5,16312.0,16312.25,47.25,-97.0,-1.0264550264550265,SL,1,L|swing
2021-11-09 11:29:00-05:00,2021-11-09 11:29:00-05:00,2021-11-09 15:59:00-05:00,S,16236.0,16217.5,16392.0,156.0,35.0,0.11217948717948718,time,1,S|swing
2021-11-10 11:29:00-05:00,2021-11-10 11:29:00-05:00,2021-11-10 13:15:00-05:00,S,16148.25,16041.75,16219.75,71.5,211.0,1.4755244755244756,TP,1,S|swing
2021-11-11 09:44:00-05:00,2021-11-11 09:44:00-05:00,2021-11-11 15:59:00-05:00,S,16064.75,16023.0,16113.75,49.0,81.5,0.8316326530612245,time,1,S|swing
2021-11-12 09:44:00-05:00,2021-11-12 09:44:00-05:00,2021-11-12 10:47:00-05:00,S,16025.5,16090.25,16090.0,64.5,-131.5,-1.0193798449612403,SL,1,S|swing
2021-11-15 14:44:00-05:00,2021-11-15 14:44:00-05:00,2021-11-15 15:59:00-05:00,L,16164.25,16188.25,16082.5,81.75,46.0,0.28134556574923547,time,1,L|swing
2021-11-16 09:44:00-05:00,2021-11-16 09:44:00-05:00,2021-11-16 15:59:00-05:00,L,16240.75,16304.5,16142.25,98.5,125.5,0.6370558375634517,time,1,L|swing
2021-11-17 13:29:00-05:00,2021-11-17 13:29:00-05:00,2021-11-17 15:59:00-05:00,L,16325.5,16313.0,16287.75,37.75,-27.0,-0.3576158940397351,time,1,L|swing
2021-11-18 11:44:00-05:00,2021-11-18 11:44:00-05:00,2021-11-18 15:59:00-05:00,L,16458.0,16481.0,16303.5,154.5,44.0,0.1423948220064725,time,1,L|swing
2021-11-19 13:59:00-05:00,2021-11-19 13:59:00-05:00,2021-11-19 15:59:00-05:00,L,16581.25,16571.75,16533.5,47.75,-21.0,-0.2198952879581152,time,1,L|swing
2021-11-23 10:29:00-05:00,2021-11-23 10:29:00-05:00,2021-11-23 15:59:00-05:00,S,16243.0,16305.75,16419.0,176.0,-127.5,-0.3622159090909091,time,1,S|swing
2021-11-24 10:44:00-05:00,2021-11-24 10:44:00-05:00,2021-11-24 11:12:00-05:00,S,16229.25,16275.5,16275.25,46.0,-94.5,-1.0271739130434783,SL,1,S|swing
2021-11-24 14:14:00-05:00,2021-11-24 14:14:00-05:00,2021-11-24 15:09:00-05:00,S,16274.0,16338.25,16338.0,64.0,-130.5,-1.01953125,SL,1,S|swing
2021-11-26 09:44:00-05:00,2021-11-26 09:44:00-05:00,2021-11-26 11:17:00-05:00,S,16205.25,16052.25,16307.75,102.5,304.0,1.4829268292682927,TP,1,S|swing
2021-11-26 12:44:00-05:00,2021-11-26 12:44:00-05:00,2021-11-26 13:04:00-05:00,S,16095.75,16051.75,16187.25,91.5,86.0,0.46994535519125685,time,1,S|swing
2021-11-30 10:59:00-05:00,2021-11-30 10:59:00-05:00,2021-11-30 15:59:00-05:00,S,16143.75,16150.25,16456.75,313.0,-15.0,-0.023961661341853034,time,1,S|swing
2021-12-01 09:59:00-05:00,2021-12-01 09:59:00-05:00,2021-12-01 11:14:00-05:00,L,16328.25,16414.0,16270.5,57.75,169.5,1.4675324675324675,TP,1,L|swing
2021-12-01 14:59:00-05:00,2021-12-01 14:59:00-05:00,2021-12-01 15:59:00-05:00,S,16130.75,15875.75,16348.75,218.0,508.0,1.165137614678899,time,1,S|swing
2021-12-08 11:29:00-05:00,2021-12-08 11:29:00-05:00,2021-12-08 15:59:00-05:00,L,16319.0,16388.0,16251.25,67.75,136.0,1.003690036900369,time,1,L|swing
2021-12-09 11:14:00-05:00,2021-12-09 11:14:00-05:00,2021-12-09 13:44:00-05:00,L,16303.5,16253.25,16253.5,50.0,-102.5,-1.025,SL,1,L|swing
2021-12-10 11:44:00-05:00,2021-12-10 11:44:00-05:00,2021-12-10 15:59:00-05:00,L,16237.0,16325.5,16133.25,103.75,175.0,0.8433734939759037,time,1,L|swing
2021-12-15 14:14:00-05:00,2021-12-15 14:14:00-05:00,2021-12-15 15:59:00-05:00,L,15983.25,16281.5,15740.0,243.25,594.5,1.221993833504625,time,1,L|swing
2021-12-17 09:44:00-05:00,2021-12-17 09:44:00-05:00,2021-12-17 09:49:00-05:00,S,15677.0,15792.25,15792.0,115.0,-232.5,-1.0108695652173914,SL,1,S|swing
2021-12-20 11:29:00-05:00,2021-12-20 11:29:00-05:00,2021-12-20 15:59:00-05:00,S,15524.0,15625.5,15658.75,134.75,-205.0,-0.7606679035250464,time,1,S|swing
2021-12-21 11:44:00-05:00,2021-12-21 11:44:00-05:00,2021-12-21 15:59:00-05:00,L,15793.0,15973.25,15605.0,188.0,358.5,0.9534574468085106,time,1,L|swing
2021-12-23 09:59:00-05:00,2021-12-23 09:59:00-05:00,2021-12-23 13:28:00-05:00,L,16233.0,16326.75,16170.0,63.0,185.5,1.4722222222222223,TP,1,L|swing
2021-12-27 09:44:00-05:00,2021-12-27 09:44:00-05:00,2021-12-27 15:59:00-05:00,L,16435.25,16560.0,16341.25,94.0,247.5,1.3164893617021276,time,1,L|swing
2021-12-28 09:59:00-05:00,2021-12-28 09:59:00-05:00,2021-12-28 10:09:00-05:00,L,16576.25,16520.25,16520.5,55.75,-114.0,-1.0224215246636772,SL,1,L|swing
2021-12-28 14:59:00-05:00,2021-12-28 14:59:00-05:00,2021-12-28 15:59:00-05:00,L,16494.25,16494.25,16453.0,41.25,-2.0,-0.024242424242424242,time,1,L|swing
2021-12-30 10:14:00-05:00,2021-12-30 10:14:00-05:00,2021-12-30 15:45:00-05:00,L,16552.0,16449.0,16449.25,102.75,-208.0,-1.0121654501216546,SL,1,L|swing
2021-12-31 09:44:00-05:00,2021-12-31 09:44:00-05:00,2021-12-31 10:01:00-05:00,S,16423.5,16363.25,16464.25,40.75,118.5,1.4539877300613497,TP,1,S|swing
2021-12-31 12:14:00-05:00,2021-12-31 12:14:00-05:00,2021-12-31 15:59:00-05:00,S,16366.25,16325.0,16437.0,70.75,80.5,0.568904593639576,time,1,S|swing
2022-01-03 09:44:00-05:00,2022-01-03 09:44:00-05:00,2022-01-03 09:48:00-05:00,L,16444.5,16370.5,16370.75,73.75,-150.0,-1.0169491525423728,SL,1,L|swing
2022-01-03 09:59:00-05:00,2022-01-03 09:59:00-05:00,2022-01-03 14:44:00-05:00,S,16316.0,16485.25,16485.0,169.0,-340.5,-1.007396449704142,SL,1,S|swing
2022-01-04 09:59:00-05:00,2022-01-04 09:59:00-05:00,2022-01-04 10:36:00-05:00,S,16456.75,16343.75,16532.75,76.0,224.0,1.4736842105263157,TP,1,S|swing
2022-01-05 12:44:00-05:00,2022-01-05 12:44:00-05:00,2022-01-05 15:08:00-05:00,S,16063.5,15826.25,16222.25,158.75,472.5,1.4881889763779528,TP,1,S|swing
2022-01-07 10:44:00-05:00,2022-01-07 10:44:00-05:00,2022-01-07 15:59:00-05:00,S,15587.25,15585.25,15828.25,241.0,2.0,0.004149377593360996,time,1,S|swing
2022-01-10 12:44:00-05:00,2022-01-10 12:44:00-05:00,2022-01-10 13:18:00-05:00,S,15229.5,15329.25,15329.0,99.5,-201.5,-1.0125628140703518,SL,1,S|swing
2022-01-11 11:14:00-05:00,2022-01-11 11:14:00-05:00,2022-01-11 15:59:00-05:00,L,15703.0,15831.75,15474.25,228.75,255.5,0.5584699453551912,time,1,L|swing
2022-01-12 09:59:00-05:00,2022-01-12 09:59:00-05:00,2022-01-12 10:52:00-05:00,L,15967.0,15849.0,15849.25,117.75,-238.0,-1.010615711252654,SL,1,L|swing
2022-01-12 12:44:00-05:00,2022-01-12 12:44:00-05:00,2022-01-12 15:59:00-05:00,L,15927.5,15895.25,15797.0,130.5,-66.5,-0.2547892720306513,time,1,L|swing
2022-01-14 11:14:00-05:00,2022-01-14 11:14:00-05:00,2022-01-14 15:39:00-05:00,S,15440.5,15601.5,15601.25,160.75,-324.0,-1.0077760497667185,SL,1,S|swing
2022-01-17 11:59:00-05:00,2022-01-17 11:59:00-05:00,2022-01-17 12:49:00-05:00,S,15575.5,15553.25,15611.5,36.0,42.5,0.5902777777777778,time,1,S|swing
2022-01-18 12:44:00-05:00,2022-01-18 12:44:00-05:00,2022-01-18 15:59:00-05:00,S,15272.5,15214.25,15428.25,155.75,114.5,0.36757624398073835,time,1,S|swing
2022-01-19 11:14:00-05:00,2022-01-19 11:14:00-05:00,2022-01-19 15:59:00-05:00,S,15129.75,15037.75,15372.5,242.75,182.0,0.3748712667353244,time,1,S|swing
2022-01-20 14:14:00-05:00,2022-01-20 14:14:00-05:00,2022-01-20 15:37:00-05:00,S,15153.0,14923.25,15306.75,153.75,457.5,1.4878048780487805,TP,1,S|swing
2022-01-21 09:44:00-05:00,2022-01-21 09:44:00-05:00,2022-01-21 11:21:00-05:00,S,14671.0,14819.25,14819.0,148.0,-298.5,-1.008445945945946,SL,1,S|swing
2022-01-24 14:44:00-05:00,2022-01-24 14:44:00-05:00,2022-01-24 15:15:00-05:00,S,14022.75,14248.5,14248.25,225.5,-453.5,-1.0055432372505544,SL,1,S|swing
2022-01-25 09:44:00-05:00,2022-01-25 09:44:00-05:00,2022-01-25 09:54:00-05:00,S,14210.5,14069.75,14305.0,94.5,279.5,1.4788359788359788,TP,1,S|swing
2022-01-25 11:14:00-05:00,2022-01-25 11:14:00-05:00,2022-01-25 14:19:00-05:00,S,14085.25,14305.25,14305.0,219.75,-442.0,-1.005688282138794,SL,1,S|swing
2022-01-26 11:44:00-05:00,2022-01-26 11:44:00-05:00,2022-01-26 14:45:00-05:00,L,14462.0,14325.25,14325.5,136.5,-275.5,-1.0091575091575091,SL,1,L|swing
2022-01-27 13:14:00-05:00,2022-01-27 13:14:00-05:00,2022-01-27 15:59:00-05:00,S,14062.25,13987.75,14352.25,290.0,147.0,0.253448275862069,time,1,S|swing
2022-01-28 09:44:00-05:00,2022-01-28 09:44:00-05:00,2022-01-28 10:54:00-05:00,S,13897.5,14102.75,14102.5,205.0,-412.5,-1.0060975609756098,SL,1,S|swing
2022-01-28 11:14:00-05:00,2022-01-28 11:14:00-05:00,2022-01-28 15:59:00-05:00,L,14189.0,14433.75,13860.25,328.75,487.5,0.7414448669201521,time,1,L|swing
2022-02-01 11:14:00-05:00,2022-02-01 11:14:00-05:00,2022-02-01 15:59:00-05:00,L,14914.0,14991.0,14729.0,185.0,152.0,0.41081081081081083,time,1,L|swing
2022-02-02 12:14:00-05:00,2022-02-02 12:14:00-05:00,2022-02-02 15:59:00-05:00,L,15064.25,15114.0,14941.0,123.25,97.5,0.39553752535496955,time,1,L|swing
2022-02-03 09:59:00-05:00,2022-02-03 09:59:00-05:00,2022-02-03 10:20:00-05:00,S,14709.5,14828.75,14828.5,119.0,-240.5,-1.0105042016806722,SL,1,S|swing
2022-02-03 14:14:00-05:00,2022-02-03 14:14:00-05:00,2022-02-03 15:38:00-05:00,S,14652.0,14530.25,14733.75,81.75,241.5,1.4770642201834863,TP,1,S|swing
2022-02-04 11:14:00-05:00,2022-02-04 11:14:00-05:00,2022-02-04 13:00:00-05:00,S,14459.0,14666.5,14666.25,207.25,-417.0,-1.006031363088058,SL,1,S|swing
2022-02-07 09:44:00-05:00,2022-02-07 09:44:00-05:00,2022-02-07 11:09:00-05:00,L,14763.5,14669.75,14670.0,93.5,-189.5,-1.0133689839572193,SL,1,L|swing
2022-02-07 11:44:00-05:00,2022-02-07 11:44:00-05:00,2022-02-07 15:59:00-05:00,S,14577.5,14566.25,14806.75,229.25,20.5,0.04471101417666303,time,1,S|swing
2022-02-08 11:14:00-05:00,2022-02-08 11:14:00-05:00,2022-02-08 15:59:00-05:00,L,14665.0,14733.0,14467.5,197.5,134.0,0.3392405063291139,time,1,L|swing
2022-02-09 12:44:00-05:00,2022-02-09 12:44:00-05:00,2022-02-09 15:59:00-05:00,L,14979.75,15042.5,14852.25,127.5,123.5,0.4843137254901961,time,1,L|swing
2022-02-10 09:59:00-05:00,2022-02-10 09:59:00-05:00,2022-02-10 14:21:00-05:00,L,14910.25,14720.5,14720.75,189.5,-381.5,-1.0065963060686016,SL,1,L|swing
2022-02-10 14:59:00-05:00,2022-02-10 14:59:00-05:00,2022-02-10 15:59:00-05:00,S,14728.5,14702.5,14978.5,250.0,50.0,0.1,time,1,S|swing
2022-02-11 09:44:00-05:00,2022-02-11 09:44:00-05:00,2022-02-11 09:46:00-05:00,S,14668.25,14751.0,14750.75,82.5,-167.5,-1.0151515151515151,SL,1,S|swing
2022-02-14 13:29:00-05:00,2022-02-14 13:29:00-05:00,2022-02-14 13:56:00-05:00,S,14298.0,14154.5,14394.25,96.25,285.0,1.4805194805194806,TP,1,S|swing
2022-02-15 09:59:00-05:00,2022-02-15 09:59:00-05:00,2022-02-15 12:47:00-05:00,L,14501.75,14444.5,14444.75,57.0,-116.5,-1.0219298245614035,SL,1,L|swing
2022-02-15 13:14:00-05:00,2022-02-15 13:14:00-05:00,2022-02-15 15:05:00-05:00,L,14494.0,14592.5,14427.75,66.25,195.0,1.471698113207547,TP,1,L|swing
2022-02-16 12:59:00-05:00,2022-02-16 12:59:00-05:00,2022-02-16 14:00:00-05:00,S,14414.0,14479.5,14479.25,65.25,-133.0,-1.0191570881226053,SL,1,S|swing
2022-02-17 11:59:00-05:00,2022-02-17 11:59:00-05:00,2022-02-17 15:53:00-05:00,S,14358.75,14153.25,14496.25,137.5,409.0,1.4872727272727273,TP,1,S|swing
2022-02-18 09:44:00-05:00,2022-02-18 09:44:00-05:00,2022-02-18 15:59:00-05:00,S,14103.75,14005.5,14271.75,168.0,194.5,0.5788690476190477,time,1,S|swing
2022-02-21 09:44:00-05:00,2022-02-21 09:44:00-05:00,2022-02-21 12:49:00-05:00,S,13820.0,13752.5,13908.0,88.0,133.0,0.7556818181818182,time,1,S|swing
2022-02-22 09:44:00-05:00,2022-02-22 09:44:00-05:00,2022-02-22 11:53:00-05:00,L,13979.0,13861.5,13861.75,117.25,-237.0,-1.0106609808102345,SL,1,L|swing
2022-02-22 14:44:00-05:00,2022-02-22 14:44:00-05:00,2022-02-22 14:50:00-05:00,S,13788.25,13875.25,13875.0,86.75,-176.0,-1.0144092219020173,SL,1,S|swing
2022-02-25 10:59:00-05:00,2022-02-25 10:59:00-05:00,2022-02-25 15:59:00-05:00,L,14057.75,14181.75,13831.75,226.0,246.0,0.5442477876106194,time,1,L|swing
2022-02-28 09:59:00-05:00,2022-02-28 09:59:00-05:00,2022-02-28 15:59:00-05:00,L,14144.5,14233.75,13969.5,175.0,176.5,0.5042857142857143,time,1,L|swing
2022-03-01 12:59:00-05:00,2022-03-01 12:59:00-05:00,2022-03-01 13:27:00-05:00,L,14090.5,13997.5,13997.75,92.75,-188.0,-1.013477088948787,SL,1,L|swing
2022-03-02 10:14:00-05:00,2022-03-02 10:14:00-05:00,2022-03-02 11:04:00-05:00,S,13971.25,14130.25,14130.0,158.75,-320.0,-1.0078740157480315,SL,1,S|swing
2022-03-03 13:29:00-05:00,2022-03-03 13:29:00-05:00,2022-03-03 15:01:00-05:00,L,14178.5,14031.25,14031.5,147.0,-296.5,-1.0085034013605443,SL,1,L|swing
2022-03-07 09:44:00-05:00,2022-03-07 09:44:00-05:00,2022-03-07 10:30:00-05:00,S,13757.5,13574.75,13880.0,122.5,363.5,1.4836734693877551,TP,1,S|swing
2022-03-08 10:14:00-05:00,2022-03-08 10:14:00-05:00,2022-03-08 12:10:00-05:00,S,13172.75,13374.25,13374.0,201.25,-405.0,-1.0062111801242235,SL,1,S|swing
2022-03-08 13:59:00-05:00,2022-03-08 13:59:00-05:00,2022-03-08 15:59:00-05:00,S,13355.25,13255.25,13666.5,311.25,198.0,0.3180722891566265,time,1,S|swing
2022-03-09 10:14:00-05:00,2022-03-09 10:14:00-05:00,2022-03-09 15:59:00-05:00,L,13619.5,13740.25,13496.25,123.25,239.5,0.9716024340770791,time,1,L|swing
2022-03-10 10:44:00-05:00,2022-03-10 10:44:00-05:00,2022-03-10 14:49:00-05:00,S,13480.75,13623.0,13622.75,142.0,-286.5,-1.0088028169014085,SL,1,S|swing
2022-03-14 11:29:00-04:00,2022-03-14 11:29:00-04:00,2022-03-14 13:04:00-04:00,S,13258.75,13057.75,13393.25,134.5,400.0,1.486988847583643,TP,1,S|swing
2022-03-15 09:44:00-04:00,2022-03-15 09:44:00-04:00,2022-03-15 10:04:00-04:00,S,13113.25,13213.75,13213.5,100.25,-203.0,-1.0124688279301746,SL,1,S|swing
2022-03-15 10:44:00-04:00,2022-03-15 10:44:00-04:00,2022-03-15 15:59:00-04:00,L,13306.0,13457.0,13090.75,215.25,300.0,0.6968641114982579,time,1,L|swing
2022-03-21 09:44:00-04:00,2022-03-21 09:44:00-04:00,2022-03-21 09:52:00-04:00,L,14440.5,14356.5,14356.75,83.75,-170.0,-1.0149253731343284,SL,1,L|swing
2022-03-21 11:29:00-04:00,2022-03-21 11:29:00-04:00,2022-03-21 13:12:00-04:00,L,14432.0,14227.5,14227.75,204.25,-411.0,-1.0061199510403918,SL,1,L|swing
2022-03-21 14:29:00-04:00,2022-03-21 14:29:00-04:00,2022-03-21 15:59:00-04:00,L,14325.75,14371.5,14183.5,142.25,89.5,0.3145869947275923,time,1,L|swing
2022-03-23 10:14:00-04:00,2022-03-23 10:14:00-04:00,2022-03-23 15:51:00-04:00,L,14563.75,14460.25,14460.5,103.25,-209.0,-1.0121065375302662,SL,1,L|swing
2022-03-24 09:44:00-04:00,2022-03-24 09:44:00-04:00,2022-03-24 09:50:00-04:00,L,14529.75,14471.5,14471.75,58.0,-118.5,-1.021551724137931,SL,1,L|swing
2022-03-24 09:59:00-04:00,2022-03-24 09:59:00-04:00,2022-03-24 11:01:00-04:00,S,14481.0,14567.5,14567.25,86.25,-175.0,-1.0144927536231885,SL,1,S|swing
2022-03-24 11:29:00-04:00,2022-03-24 11:29:00-04:00,2022-03-24 15:59:00-04:00,L,14625.5,14766.5,14433.0,192.5,280.0,0.7272727272727273,time,1,L|swing
2022-03-25 12:29:00-04:00,2022-03-25 12:29:00-04:00,2022-03-25 15:59:00-04:00,L,14653.75,14755.0,14572.25,81.5,200.5,1.2300613496932515,time,1,L|swing
2022-03-29 10:59:00-04:00,2022-03-29 10:59:00-04:00,2022-03-29 15:59:00-04:00,L,15128.75,15240.5,15032.75,96.0,221.5,1.1536458333333333,time,1,L|swing
2022-03-30 11:59:00-04:00,2022-03-30 11:59:00-04:00,2022-03-30 14:27:00-04:00,L,15154.5,15096.5,15096.75,57.75,-118.0,-1.0216450216450217,SL,1,L|swing
2022-03-31 12:29:00-04:00,2022-03-31 12:29:00-04:00,2022-03-31 15:59:00-04:00,S,15001.25,14860.0,15096.0,94.75,280.5,1.4802110817941954,TP,1,S|swing
2022-04-01 11:29:00-04:00,2022-04-01 11:29:00-04:00,2022-04-01 15:59:00-04:00,S,14829.0,14861.25,14932.25,103.25,-66.5,-0.3220338983050847,time,1,S|swing
2022-04-04 09:44:00-04:00,2022-04-04 09:44:00-04:00,2022-04-04 15:54:00-04:00,L,14991.0,15159.25,14878.25,112.75,334.5,1.483370288248337,TP,1,L|swing
2022-04-06 13:59:00-04:00,2022-04-06 13:59:00-04:00,2022-04-06 14:00:00-04:00,S,14521.75,14562.5,14562.25,40.5,-83.5,-1.0308641975308641,SL,1,S|swing
2022-04-07 10:44:00-04:00,2022-04-07 10:44:00-04:00,2022-04-07 15:11:00-04:00,S,14448.25,14608.75,14608.5,160.25,-323.0,-1.0078003120124805,SL,1,S|swing
2022-04-08 13:29:00-04:00,2022-04-08 13:29:00-04:00,2022-04-08 15:59:00-04:00,S,14416.0,14336.5,14498.25,82.25,157.0,0.9544072948328267,time,1,S|swing
2022-04-11 10:14:00-04:00,2022-04-11 10:14:00-04:00,2022-04-11 10:41:00-04:00,S,14140.25,14055.75,14197.25,57.0,167.0,1.4649122807017543,TP,1,S|swing
2022-04-11 13:44:00-04:00,2022-04-11 13:44:00-04:00,2022-04-11 15:32:00-04:00,S,14090.75,14030.25,14131.75,41.0,119.0,1.451219512195122,TP,1,S|swing
2022-04-12 12:14:00-04:00,2022-04-12 12:14:00-04:00,2022-04-12 15:59:00-04:00,S,14111.5,13942.0,14278.0,166.5,337.0,1.012012012012012,time,1,S|swing
2022-04-18 11:44:00-04:00,2022-04-18 11:44:00-04:00,2022-04-18 15:59:00-04:00,S,13866.75,13917.0,14002.5,135.75,-102.5,-0.3775322283609576,time,1,S|swing
2022-04-19 13:59:00-04:00,2022-04-19 13:59:00-04:00,2022-04-19 14:11:00-04:00,L,14157.0,14123.5,14123.75,33.25,-69.0,-1.037593984962406,SL,1,L|swing
2022-04-19 14:29:00-04:00,2022-04-19 14:29:00-04:00,2022-04-19 15:08:00-04:00,L,14129.25,14169.75,14101.75,27.5,79.0,1.4363636363636363,TP,1,L|swing
2022-04-20 10:59:00-04:00,2022-04-20 10:59:00-04:00,2022-04-20 11:18:00-04:00,L,14128.0,14036.5,14036.75,91.25,-185.0,-1.0136986301369864,SL,1,L|swing
2022-04-20 13:14:00-04:00,2022-04-20 13:14:00-04:00,2022-04-20 14:54:00-04:00,L,14084.25,13979.0,13979.25,105.0,-212.5,-1.0119047619047619,SL,1,L|swing
2022-04-22 09:44:00-04:00,2022-04-22 09:44:00-04:00,2022-04-22 14:00:00-04:00,S,13638.5,13428.25,13779.25,140.75,418.5,1.4866785079928952,TP,1,S|swing
2022-04-25 09:44:00-04:00,2022-04-25 09:44:00-04:00,2022-04-25 10:25:00-04:00,S,13265.25,13366.5,13366.25,101.0,-204.5,-1.0123762376237624,SL,1,S|swing
2022-04-25 14:59:00-04:00,2022-04-25 14:59:00-04:00,2022-04-25 15:07:00-04:00,S,13436.0,13351.0,13493.25,57.25,168.0,1.4672489082969433,TP,1,S|swing
2022-04-26 09:44:00-04:00,2022-04-26 09:44:00-04:00,2022-04-26 15:31:00-04:00,S,13321.75,13060.75,13496.25,174.5,520.0,1.489971346704871,TP,1,S|swing
2022-04-27 10:14:00-04:00,2022-04-27 10:14:00-04:00,2022-04-27 15:59:00-04:00,S,13005.25,13003.0,13255.25,250.0,2.5,0.005,time,1,S|swing
2022-04-28 12:29:00-04:00,2022-04-28 12:29:00-04:00,2022-04-28 15:59:00-04:00,L,13253.75,13462.75,13033.25,220.5,416.0,0.9433106575963719,time,1,L|swing
2022-04-29 09:59:00-04:00,2022-04-29 09:59:00-04:00,2022-04-29 10:28:00-04:00,L,13423.75,13225.5,13225.75,198.0,-398.5,-1.0063131313131313,SL,1,L|swing
2022-04-29 10:29:00-04:00,2022-04-29 10:29:00-04:00,2022-04-29 15:45:00-04:00,S,13230.5,12926.5,13433.75,203.25,606.0,1.4907749077490775,TP,1,S|swing
2022-05-02 12:44:00-04:00,2022-05-02 12:44:00-04:00,2022-05-02 15:50:00-04:00,S,12865.0,13044.75,13044.5,179.5,-361.5,-1.0069637883008355,SL,1,S|swing
2022-05-03 09:44:00-04:00,2022-05-03 09:44:00-04:00,2022-05-03 10:00:00-04:00,S,13013.75,13122.5,13122.25,108.5,-219.5,-1.0115207373271888,SL,1,S|swing
2022-05-03 14:29:00-04:00,2022-05-03 14:29:00-04:00,2022-05-03 15:59:00-04:00,S,13036.25,13090.5,13184.25,148.0,-110.5,-0.3733108108108108,time,1,S|swing
2022-05-06 11:59:00-04:00,2022-05-06 11:59:00-04:00,2022-05-06 15:59:00-04:00,S,12712.75,12693.25,12929.5,216.75,37.0,0.0853517877739331,time,1,S|swing
2022-05-09 10:29:00-04:00,2022-05-09 10:29:00-04:00,2022-05-09 15:59:00-04:00,S,12346.5,12197.0,12555.75,209.25,297.0,0.7096774193548387,time,1,S|swing
2022-05-10 09:44:00-04:00,2022-05-10 09:44:00-04:00,2022-05-10 11:10:00-04:00,S,12397.75,12174.0,12547.5,149.75,445.5,1.4874791318864775,TP,1,S|swing
2022-05-11 12:44:00-04:00,2022-05-11 12:44:00-04:00,2022-05-11 15:59:00-04:00,S,12194.25,11974.75,12429.5,235.25,437.0,0.9287991498405951,time,1,S|swing
2022-05-12 09:59:00-04:00,2022-05-12 09:59:00-04:00,2022-05-12 10:09:00-04:00,S,11795.0,11908.25,11908.0,113.0,-228.5,-1.011061946902655,SL,1,S|swing
2022-05-12 10:44:00-04:00,2022-05-12 10:44:00-04:00,2022-05-12 10:55:00-04:00,S,11937.0,12047.0,12046.75,109.75,-222.0,-1.0113895216400912,SL,1,S|swing
2022-05-12 11:44:00-04:00,2022-05-12 11:44:00-04:00,2022-05-12 13:56:00-04:00,S,11966.0,11716.25,12133.0,167.0,497.5,1.4895209580838322,TP,1,S|swing
2022-05-13 09:44:00-04:00,2022-05-13 09:44:00-04:00,2022-05-13 12:06:00-04:00,L,12195.75,12391.75,12064.5,131.25,390.0,1.4857142857142858,TP,1,L|swing
2022-05-13 14:59:00-04:00,2022-05-13 14:59:00-04:00,2022-05-13 15:59:00-04:00,L,12349.75,12384.5,12218.0,131.75,67.5,0.25616698292220114,time,1,L|swing
2022-05-16 10:29:00-04:00,2022-05-16 10:29:00-04:00,2022-05-16 11:00:00-04:00,L,12366.25,12202.75,12203.0,163.25,-329.0,-1.007656967840735,SL,1,L|swing
2022-05-16 11:59:00-04:00,2022-05-16 11:59:00-04:00,2022-05-16 15:59:00-04:00,L,12328.25,12247.0,12189.5,138.75,-164.5,-0.5927927927927928,time,1,L|swing
2022-05-17 09:44:00-04:00,2022-05-17 09:44:00-04:00,2022-05-17 09:59:00-04:00,L,12515.25,12436.5,12436.75,78.5,-159.5,-1.015923566878981,SL,1,L|swing
2022-05-17 11:44:00-04:00,2022-05-17 11:44:00-04:00,2022-05-17 15:59:00-04:00,L,12467.75,12563.25,12331.75,136.0,189.0,0.6948529411764706,time,1,L|swing
2022-05-19 09:44:00-04:00,2022-05-19 09:44:00-04:00,2022-05-19 10:03:00-04:00,S,11880.25,11979.25,11979.0,98.75,-200.0,-1.0126582278481013,SL,1,S|swing
2022-05-19 12:44:00-04:00,2022-05-19 12:44:00-04:00,2022-05-19 15:59:00-04:00,S,11917.0,11877.5,12077.25,160.25,77.0,0.24024960998439937,time,1,S|swing
2022-05-20 10:14:00-04:00,2022-05-20 10:14:00-04:00,2022-05-20 12:10:00-04:00,S,11908.0,11642.75,12085.5,177.5,528.5,1.4887323943661972,TP,1,S|swing
2022-05-24 12:44:00-04:00,2022-05-24 12:44:00-04:00,2022-05-24 15:37:00-04:00,S,11672.25,11807.5,11807.25,135.0,-272.5,-1.0092592592592593,SL,1,S|swing
2022-05-26 09:44:00-04:00,2022-05-26 09:44:00-04:00,2022-05-26 12:11:00-04:00,L,12042.0,12256.0,11898.75,143.25,426.0,1.486910994764398,TP,1,L|swing
2022-05-30 10:44:00-04:00,2022-05-30 10:44:00-04:00,2022-05-30 11:30:00-04:00,L,12768.0,12814.0,12736.75,31.25,90.0,1.44,TP,1,L|swing
2022-05-31 09:44:00-04:00,2022-05-31 09:44:00-04:00,2022-05-31 11:51:00-04:00,S,12540.0,12696.0,12695.75,155.75,-314.0,-1.0080256821829856,SL,1,S|swing
2022-05-31 11:59:00-04:00,2022-05-31 11:59:00-04:00,2022-05-31 15:59:00-04:00,L,12710.25,12645.0,12479.75,230.5,-132.5,-0.2874186550976139,time,1,L|swing
2022-06-06 09:59:00-04:00,2022-06-06 09:59:00-04:00,2022-06-06 11:16:00-04:00,L,12750.0,12672.75,12673.0,77.0,-156.5,-1.0162337662337662,SL,1,L|swing
2022-06-06 12:14:00-04:00,2022-06-06 12:14:00-04:00,2022-06-06 15:59:00-04:00,S,12566.25,12600.5,12810.75,244.5,-70.5,-0.1441717791411043,time,1,S|swing
2022-06-08 11:14:00-04:00,2022-06-08 11:14:00-04:00,2022-06-08 12:39:00-04:00,L,12743.75,12627.0,12627.25,116.5,-235.5,-1.0107296137339057,SL,1,L|swing
2022-06-08 14:59:00-04:00,2022-06-08 14:59:00-04:00,2022-06-08 15:59:00-04:00,S,12615.75,12619.25,12690.0,74.25,-9.0,-0.06060606060606061,time,1,S|swing
2022-06-09 10:29:00-04:00,2022-06-09 10:29:00-04:00,2022-06-09 13:44:00-04:00,L,12649.0,12505.75,12506.0,143.0,-288.5,-1.0087412587412588,SL,1,L|swing
2022-06-09 14:44:00-04:00,2022-06-09 14:44:00-04:00,2022-06-09 15:59:00-04:00,S,12473.0,12270.75,12608.5,135.5,402.5,1.485239852398524,TP,1,S|swing
2022-06-10 14:14:00-04:00,2022-06-10 14:14:00-04:00,2022-06-10 14:58:00-04:00,S,11881.25,11947.25,11947.0,65.75,-134.0,-1.0190114068441065,SL,1,S|swing
2022-06-13 12:59:00-04:00,2022-06-13 12:59:00-04:00,2022-06-13 15:59:00-04:00,S,11417.25,11296.0,11529.75,112.5,240.5,1.068888888888889,time,1,S|swing
2022-06-14 13:29:00-04:00,2022-06-14 13:29:00-04:00,2022-06-14 14:48:00-04:00,S,11367.75,11285.0,11423.5,55.75,163.5,1.4663677130044843,TP,1,S|swing
2022-06-17 10:29:00-04:00,2022-06-17 10:29:00-04:00,2022-06-17 13:08:00-04:00,S,11200.0,11349.0,11348.75,148.75,-300.0,-1.0084033613445378,SL,1,S|swing
2022-06-20 11:14:00-04:00,2022-06-20 11:14:00-04:00,2022-06-20 12:49:00-04:00,L,11387.0,11428.0,11332.75,54.25,80.0,0.7373271889400922,time,1,L|swing
2022-06-21 12:44:00-04:00,2022-06-21 12:44:00-04:00,2022-06-21 14:03:00-04:00,L,11622.5,11587.75,11588.0,34.5,-71.5,-1.036231884057971,SL,1,L|swing
2022-06-22 12:59:00-04:00,2022-06-22 12:59:00-04:00,2022-06-22 15:38:00-04:00,L,11653.0,11566.75,11567.0,86.0,-174.5,-1.0145348837209303,SL,1,L|swing
2022-06-23 10:29:00-04:00,2022-06-23 10:29:00-04:00,2022-06-23 15:59:00-04:00,L,11654.25,11733.5,11542.75,111.5,156.5,0.7017937219730942,time,1,L|swing
2022-06-27 11:44:00-04:00,2022-06-27 11:44:00-04:00,2022-06-27 15:03:00-04:00,L,12138.0,12019.75,12020.0,118.0,-238.5,-1.0105932203389831,SL,1,L|swing
2022-06-28 09:44:00-04:00,2022-06-28 09:44:00-04:00,2022-06-28 10:06:00-04:00,L,12154.5,12042.0,12042.25,112.25,-227.0,-1.0111358574610245,SL,1,L|swing
2022-06-28 10:29:00-04:00,2022-06-28 10:29:00-04:00,2022-06-28 12:04:00-04:00,S,12012.5,11770.25,12174.5,162.0,482.5,1.4891975308641976,TP,1,S|swing
2022-06-29 09:44:00-04:00,2022-06-29 09:44:00-04:00,2022-06-29 10:02:00-04:00,S,11583.25,11723.0,11722.75,139.5,-281.5,-1.0089605734767024,SL,1,S|swing
2022-06-29 10:59:00-04:00,2022-06-29 10:59:00-04:00,2022-06-29 12:29:00-04:00,S,11691.25,11605.25,11749.25,58.0,170.0,1.4655172413793103,TP,1,S|swing
2022-06-30 09:44:00-04:00,2022-06-30 09:44:00-04:00,2022-06-30 11:26:00-04:00,S,11440.0,11588.5,11588.25,148.25,-299.0,-1.0084317032040473,SL,1,S|swing
2022-06-30 14:14:00-04:00,2022-06-30 14:14:00-04:00,2022-06-30 15:06:00-04:00,S,11615.0,11510.25,11685.5,70.5,207.5,1.4716312056737588,TP,1,S|swing
2022-07-01 09:44:00-04:00,2022-07-01 09:44:00-04:00,2022-07-01 09:46:00-04:00,S,11476.5,11536.0,11535.75,59.25,-121.0,-1.021097046413502,SL,1,S|swing
2022-07-01 10:14:00-04:00,2022-07-01 10:14:00-04:00,2022-07-01 15:40:00-04:00,S,11477.0,11618.5,11618.25,141.25,-285.0,-1.008849557522124,SL,1,S|swing
2022-07-04 09:44:00-04:00,2022-07-04 09:44:00-04:00,2022-07-04 12:49:00-04:00,S,11548.25,11557.25,11578.75,30.5,-20.0,-0.32786885245901637,time,1,S|swing
2022-07-07 09:44:00-04:00,2022-07-07 09:44:00-04:00,2022-07-07 15:59:00-04:00,L,12022.25,12136.0,11907.75,114.5,225.5,0.9847161572052402,time,1,L|swing
2022-07-11 14:29:00-04:00,2022-07-11 14:29:00-04:00,2022-07-11 15:59:00-04:00,S,11943.5,11891.0,12005.0,61.5,103.0,0.8373983739837398,time,1,S|swing
2022-07-12 09:59:00-04:00,2022-07-12 09:59:00-04:00,2022-07-12 15:59:00-04:00,S,11856.5,11779.0,12025.75,169.25,153.0,0.4519940915805022,time,1,S|swing
2022-07-15 10:29:00-04:00,2022-07-15 10:29:00-04:00,2022-07-15 15:59:00-04:00,L,11968.5,12007.75,11740.75,227.75,76.5,0.16794731064763996,time,1,L|swing
2022-07-18 10:59:00-04:00,2022-07-18 10:59:00-04:00,2022-07-18 13:33:00-04:00,L,12137.25,12089.5,12089.75,47.5,-97.5,-1.0263157894736843,SL,1,L|swing
2022-07-19 09:59:00-04:00,2022-07-19 09:59:00-04:00,2022-07-19 12:31:00-04:00,L,12066.75,12194.5,11981.0,85.75,253.5,1.478134110787172,TP,1,L|swing
2022-07-21 09:59:00-04:00,2022-07-21 09:59:00-04:00,2022-07-21 10:14:00-04:00,L,12497.25,12410.25,12410.5,86.75,-176.0,-1.0144092219020173,SL,1,L|swing
2022-07-21 11:14:00-04:00,2022-07-21 11:14:00-04:00,2022-07-21 15:59:00-04:00,L,12491.25,12645.0,12373.25,118.0,305.5,1.2944915254237288,time,1,L|swing
2022-07-25 10:14:00-04:00,2022-07-25 10:14:00-04:00,2022-07-25 15:59:00-04:00,S,12353.0,12355.5,12484.25,131.25,-7.0,-0.02666666666666667,time,1,S|swing
2022-07-27 14:44:00-04:00,2022-07-27 14:44:00-04:00,2022-07-27 15:59:00-04:00,L,12593.0,12615.25,12403.25,189.75,42.5,0.11198945981554677,time,1,L|swing
2022-07-28 11:14:00-04:00,2022-07-28 11:14:00-04:00,2022-07-28 15:59:00-04:00,L,12623.25,12738.25,12449.0,174.25,228.0,0.6542324246771879,time,1,L|swing
2022-07-29 09:44:00-04:00,2022-07-29 09:44:00-04:00,2022-07-29 15:29:00-04:00,L,12843.25,12991.25,12744.0,99.25,294.0,1.4811083123425692,TP,1,L|swing
2022-08-01 09:44:00-04:00,2022-08-01 09:44:00-04:00,2022-08-01 10:54:00-04:00,L,12951.5,13101.25,12851.0,100.5,297.5,1.4800995024875623,TP,1,L|swing
2022-08-01 13:59:00-04:00,2022-08-01 13:59:00-04:00,2022-08-01 14:57:00-04:00,L,12933.0,12985.75,12897.25,35.75,103.5,1.4475524475524475,TP,1,L|swing
2022-08-03 09:44:00-04:00,2022-08-03 09:44:00-04:00,2022-08-03 12:34:00-04:00,L,13074.0,13236.25,12965.25,108.75,322.5,1.4827586206896552,TP,1,L|swing
2022-08-04 12:14:00-04:00,2022-08-04 12:14:00-04:00,2022-08-04 15:59:00-04:00,L,13300.75,13330.5,13184.25,116.5,57.5,0.24678111587982832,time,1,L|swing
2022-08-05 10:14:00-04:00,2022-08-05 10:14:00-04:00,2022-08-05 11:27:00-04:00,L,13279.75,13107.0,13107.25,172.5,-347.5,-1.0072463768115942,SL,1,L|swing
2022-08-05 14:29:00-04:00,2022-08-05 14:29:00-04:00,2022-08-05 15:59:00-04:00,S,13154.75,13226.75,13242.5,87.75,-146.0,-0.8319088319088319,time,1,S|swing
2022-08-08 09:44:00-04:00,2022-08-08 09:44:00-04:00,2022-08-08 11:42:00-04:00,L,13375.25,13231.25,13231.5,143.75,-290.0,-1.008695652173913,SL,1,L|swing
2022-08-09 09:59:00-04:00,2022-08-09 09:59:00-04:00,2022-08-09 15:59:00-04:00,S,13001.25,13032.5,13127.5,126.25,-64.5,-0.25544554455445545,time,1,S|swing
2022-08-11 12:59:00-04:00,2022-08-11 12:59:00-04:00,2022-08-11 14:03:00-04:00,L,13421.75,13360.75,13361.0,60.75,-124.0,-1.0205761316872428,SL,1,L|swing
2022-08-15 09:59:00-04:00,2022-08-15 09:59:00-04:00,2022-08-15 15:59:00-04:00,L,13617.75,13685.0,13501.25,116.5,132.5,0.5686695278969958,time,1,L|swing
2022-08-16 11:29:00-04:00,2022-08-16 11:29:00-04:00,2022-08-16 15:59:00-04:00,L,13627.75,13653.5,13522.5,105.25,49.5,0.23515439429928742,time,1,L|swing
2022-08-17 09:44:00-04:00,2022-08-17 09:44:00-04:00,2022-08-17 14:09:00-04:00,S,13500.5,13566.75,13566.5,66.0,-134.5,-1.018939393939394,SL,1,S|swing
2022-08-18 12:44:00-04:00,2022-08-18 12:44:00-04:00,2022-08-18 15:59:00-04:00,S,13486.25,13528.75,13575.75,89.5,-87.0,-0.4860335195530726,time,1,S|swing
2022-08-19 09:44:00-04:00,2022-08-19 09:44:00-04:00,2022-08-19 15:59:00-04:00,S,13344.25,13263.5,13425.5,81.25,159.5,0.9815384615384616,time,1,S|swing
2022-08-22 10:14:00-04:00,2022-08-22 10:14:00-04:00,2022-08-22 15:59:00-04:00,S,12997.5,12916.25,13092.25,94.75,160.5,0.8469656992084432,time,1,S|swing
2022-08-24 13:14:00-04:00,2022-08-24 13:14:00-04:00,2022-08-24 15:59:00-04:00,S,12944.0,12934.25,13012.25,68.25,17.5,0.1282051282051282,time,1,S|swing
2022-08-25 09:44:00-04:00,2022-08-25 09:44:00-04:00,2022-08-25 09:59:00-04:00,S,12974.75,13046.75,13046.5,71.75,-146.0,-1.0174216027874565,SL,1,S|swing
2022-08-25 10:14:00-04:00,2022-08-25 10:14:00-04:00,2022-08-25 15:59:00-04:00,L,13054.25,13158.25,12961.75,92.5,206.0,1.1135135135135135,time,1,L|swing
2022-08-26 09:59:00-04:00,2022-08-26 09:59:00-04:00,2022-08-26 10:01:00-04:00,L,13133.0,13084.25,13084.5,48.5,-99.5,-1.0257731958762886,SL,1,L|swing
2022-08-26 10:44:00-04:00,2022-08-26 10:44:00-04:00,2022-08-26 15:59:00-04:00,S,12895.75,12619.5,13220.25,324.5,550.5,0.8482280431432974,time,1,S|swing
2022-08-29 09:59:00-04:00,2022-08-29 09:59:00-04:00,2022-08-29 10:17:00-04:00,S,12533.5,12606.25,12606.0,72.5,-147.5,-1.0172413793103448,SL,1,S|swing
2022-08-29 14:14:00-04:00,2022-08-29 14:14:00-04:00,2022-08-29 15:59:00-04:00,S,12547.5,12495.0,12605.75,58.25,103.0,0.8841201716738197,time,1,S|swing
2022-08-31 10:29:00-04:00,2022-08-31 10:29:00-04:00,2022-08-31 15:59:00-04:00,S,12384.5,12282.0,12513.25,128.75,203.0,0.7883495145631068,time,1,S|swing
2022-09-01 10:44:00-04:00,2022-09-01 10:44:00-04:00,2022-09-01 15:07:00-04:00,S,12079.5,12224.5,12224.25,144.75,-292.0,-1.008635578583765,SL,1,S|swing
2022-09-02 10:44:00-04:00,2022-09-02 10:44:00-04:00,2022-09-02 12:37:00-04:00,L,12444.75,12256.0,12256.25,188.5,-379.5,-1.006631299734748,SL,1,L|swing
2022-09-05 11:44:00-04:00,2022-09-05 11:44:00-04:00,2022-09-05 12:23:00-04:00,S,12134.75,12162.25,12162.0,27.25,-57.0,-1.0458715596330275,SL,1,S|swing
2022-09-06 11:29:00-04:00,2022-09-06 11:29:00-04:00,2022-09-06 15:59:00-04:00,S,12066.25,12021.75,12188.75,122.5,87.0,0.3551020408163265,time,1,S|swing
2022-09-07 10:14:00-04:00,2022-09-07 10:14:00-04:00,2022-09-07 11:11:00-04:00,S,12044.25,12128.25,12128.0,83.75,-170.0,-1.0149253731343284,SL,1,S|swing
2022-09-07 11:14:00-04:00,2022-09-07 11:14:00-04:00,2022-09-07 15:59:00-04:00,L,12140.25,12261.75,11991.0,149.25,241.0,0.8073701842546064,time,1,L|swing
2022-09-08 09:44:00-04:00,2022-09-08 09:44:00-04:00,2022-09-08 11:00:00-04:00,L,12216.0,12364.0,12116.75,99.25,294.0,1.4811083123425692,TP,1,L|swing
2022-09-09 09:59:00-04:00,2022-09-09 09:59:00-04:00,2022-09-09 15:59:00-04:00,L,12503.25,12590.0,12405.75,97.5,171.5,0.8794871794871795,time,1,L|swing
2022-09-16 09:44:00-04:00,2022-09-16 09:44:00-04:00,2022-09-16 10:35:00-04:00,S,11812.5,11906.5,11906.25,93.75,-190.0,-1.0133333333333334,SL,1,S|swing
2022-09-19 14:14:00-04:00,2022-09-19 14:14:00-04:00,2022-09-19 15:00:00-04:00,S,11907.25,11952.5,11952.25,45.0,-92.5,-1.0277777777777777,SL,1,S|swing
2022-09-20 13:14:00-04:00,2022-09-20 13:14:00-04:00,2022-09-20 15:59:00-04:00,S,11921.5,11926.0,12023.25,101.75,-11.0,-0.05405405405405406,time,1,S|swing
2022-09-21 09:44:00-04:00,2022-09-21 09:44:00-04:00,2022-09-21 09:48:00-04:00,S,11941.75,11989.75,11989.5,47.75,-98.0,-1.0261780104712042,SL,1,S|swing
2022-09-21 11:14:00-04:00,2022-09-21 11:14:00-04:00,2022-09-21 12:35:00-04:00,L,11966.0,12007.25,11938.0,28.0,80.5,1.4375,TP,1,L|swing
2022-09-21 14:14:00-04:00,2022-09-21 14:14:00-04:00,2022-09-21 14:44:00-04:00,S,11798.0,12068.25,12068.0,270.0,-542.5,-1.0046296296296295,SL,1,S|swing
2022-09-21 14:59:00-04:00,2022-09-21 14:59:00-04:00,2022-09-21 15:44:00-04:00,L,12075.0,11763.5,11763.75,311.25,-625.0,-1.0040160642570282,SL,1,L|swing
2022-09-23 09:44:00-04:00,2022-09-23 09:44:00-04:00,2022-09-23 12:31:00-04:00,S,11408.5,11299.25,11482.0,73.5,216.5,1.4727891156462585,TP,1,S|swing
2022-09-26 11:44:00-04:00,2022-09-26 11:44:00-04:00,2022-09-26 15:59:00-04:00,S,11365.5,11320.0,11538.0,172.5,89.0,0.2579710144927536,time,1,S|swing
2022-09-27 09:44:00-04:00,2022-09-27 09:44:00-04:00,2022-09-27 10:00:00-04:00,L,11540.5,11457.0,11457.25,83.25,-169.0,-1.015015015015015,SL,1,L|swing
2022-09-30 13:14:00-04:00,2022-09-30 13:14:00-04:00,2022-09-30 15:59:00-04:00,S,11212.0,11029.0,11357.25,145.25,364.0,1.2530120481927711,time,1,S|swing
2022-10-03 09:59:00-04:00,2022-10-03 09:59:00-04:00,2022-10-03 10:00:00-04:00,S,11090.0,11136.25,11136.0,46.0,-94.5,-1.0271739130434783,SL,1,S|swing
2022-10-03 10:29:00-04:00,2022-10-03 10:29:00-04:00,2022-10-03 15:59:00-04:00,L,11205.5,11290.5,11039.75,165.75,168.0,0.5067873303167421,time,1,L|swing
2022-10-04 13:29:00-04:00,2022-10-04 13:29:00-04:00,2022-10-04 14:48:00-04:00,L,11568.25,11634.25,11523.75,44.5,130.0,1.4606741573033708,TP,1,L|swing
2022-10-04 14:59:00-04:00,2022-10-04 14:59:00-04:00,2022-10-04 15:59:00-04:00,L,11636.75,11643.5,11523.75,113.0,11.5,0.05088495575221239,time,1,L|swing
2022-10-06 10:14:00-04:00,2022-10-06 10:14:00-04:00,2022-10-06 15:59:00-04:00,S,11547.25,11542.75,11722.0,174.75,7.0,0.020028612303290415,time,1,S|swing
2022-10-10 09:44:00-04:00,2022-10-10 09:44:00-04:00,2022-10-10 12:58:00-04:00,S,11045.25,10908.75,11136.75,91.5,271.0,1.4808743169398908,TP,1,S|swing
2022-10-11 11:59:00-04:00,2022-10-11 11:59:00-04:00,2022-10-11 12:40:00-04:00,S,10961.0,10996.25,10996.0,35.0,-72.5,-1.0357142857142858,SL,1,S|swing
2022-10-11 13:29:00-04:00,2022-10-11 13:29:00-04:00,2022-10-11 14:55:00-04:00,S,10959.5,10839.75,11040.0,80.5,237.5,1.4751552795031055,TP,1,S|swing
2022-10-12 10:44:00-04:00,2022-10-12 10:44:00-04:00,2022-10-12 15:59:00-04:00,S,10821.0,10837.0,10968.0,147.0,-34.0,-0.11564625850340136,time,1,S|swing
2022-10-13 14:44:00-04:00,2022-10-13 14:44:00-04:00,2022-10-13 15:59:00-04:00,L,11064.0,11081.5,10913.75,150.25,33.0,0.10981697171381032,time,1,L|swing
2022-10-18 13:14:00-04:00,2022-10-18 13:14:00-04:00,2022-10-18 14:48:00-04:00,L,11199.75,11083.5,11083.75,116.0,-234.5,-1.0107758620689655,SL,1,L|swing
2022-10-19 10:29:00-04:00,2022-10-19 10:29:00-04:00,2022-10-19 13:02:00-04:00,L,11273.25,11104.25,11104.5,168.75,-340.0,-1.0074074074074073,SL,1,L|swing
2022-10-19 14:59:00-04:00,2022-10-19 14:59:00-04:00,2022-10-19 15:59:00-04:00,S,11102.5,11155.0,11182.25,79.75,-107.0,-0.670846394984326,time,1,S|swing
2022-10-20 09:44:00-04:00,2022-10-20 09:44:00-04:00,2022-10-20 10:09:00-04:00,L,11162.75,11283.0,11082.0,80.75,238.5,1.4767801857585139,TP,1,L|swing
2022-10-24 11:14:00-04:00,2022-10-24 11:14:00-04:00,2022-10-24 15:59:00-04:00,L,11356.25,11479.75,11207.5,148.75,245.0,0.8235294117647058,time,1,L|swing
2022-10-25 14:14:00-04:00,2022-10-25 14:14:00-04:00,2022-10-25 15:59:00-04:00,L,11663.5,11712.75,11614.75,48.75,96.5,0.9897435897435898,time,1,L|swing
2022-10-26 10:29:00-04:00,2022-10-26 10:29:00-04:00,2022-10-26 15:59:00-04:00,L,11578.5,11453.0,11432.75,145.75,-253.0,-0.8679245283018868,time,1,L|swing
2022-10-31 11:44:00-04:00,2022-10-31 11:44:00-04:00,2022-10-31 15:59:00-04:00,L,11480.5,11448.0,11366.75,113.75,-67.0,-0.2945054945054945,time,1,L|swing
2022-11-02 14:14:00-04:00,2022-11-02 14:14:00-04:00,2022-11-02 14:51:00-04:00,L,11382.0,11190.5,11190.75,191.25,-385.0,-1.0065359477124183,SL,1,L|swing
2022-11-03 11:59:00-04:00,2022-11-03 11:59:00-04:00,2022-11-03 15:59:00-04:00,S,10767.75,10724.75,10888.75,121.0,84.0,0.34710743801652894,time,1,S|swing
2022-11-04 09:44:00-04:00,2022-11-04 09:44:00-04:00,2022-11-04 10:41:00-04:00,S,10741.0,10964.25,10964.0,223.0,-448.5,-1.0056053811659194,SL,1,S|swing
2022-11-04 11:44:00-04:00,2022-11-04 11:44:00-04:00,2022-11-04 15:59:00-04:00,S,10767.75,10893.5,10974.5,206.75,-253.5,-0.6130592503022975,time,1,S|swing
2022-11-07 09:44:00-05:00,2022-11-07 09:44:00-05:00,2022-11-07 14:14:00-05:00,S,10889.75,10969.5,10969.25,79.5,-161.5,-1.0157232704402517,SL,1,S|swing
2022-11-08 10:29:00-05:00,2022-11-08 10:29:00-05:00,2022-11-08 11:38:00-05:00,L,11092.25,11220.25,11006.25,86.0,254.0,1.4767441860465116,TP,1,L|swing
2022-11-09 10:59:00-05:00,2022-11-09 10:59:00-05:00,2022-11-09 15:59:00-05:00,S,10952.25,10831.5,11056.25,104.0,239.5,1.1514423076923077,time,1,S|swing
2022-11-11 09:44:00-05:00,2022-11-11 09:44:00-05:00,2022-11-11 10:13:00-05:00,L,11624.5,11706.5,11569.25,55.25,162.0,1.4660633484162895,TP,1,L|swing
2022-11-11 10:14:00-05:00,2022-11-11 10:14:00-05:00,2022-11-11 15:59:00-05:00,L,11712.75,11847.75,11569.25,143.5,268.0,0.9337979094076655,time,1,L|swing
2022-11-14 10:59:00-05:00,2022-11-14 10:59:00-05:00,2022-11-14 15:59:00-05:00,L,11795.0,11742.0,11701.75,93.25,-108.0,-0.579088471849866,time,1,L|swing
2022-11-15 10:29:00-05:00,2022-11-15 10:29:00-05:00,2022-11-15 13:21:00-05:00,L,12040.5,11911.5,11911.75,128.75,-260.0,-1.0097087378640777,SL,1,L|swing
2022-11-15 14:29:00-05:00,2022-11-15 14:29:00-05:00,2022-11-15 15:59:00-05:00,L,11911.75,11906.0,11763.75,148.0,-13.5,-0.04560810810810811,time,1,L|swing
2022-11-17 14:29:00-05:00,2022-11-17 14:29:00-05:00,2022-11-17 15:59:00-05:00,S,11688.0,11712.25,11775.25,87.25,-50.5,-0.28939828080229224,time,1,S|swing
2022-11-21 09:44:00-05:00,2022-11-21 09:44:00-05:00,2022-11-21 09:51:00-05:00,S,11652.25,11694.75,11694.5,42.25,-87.0,-1.029585798816568,SL,1,S|swing
2022-11-22 09:44:00-05:00,2022-11-22 09:44:00-05:00,2022-11-22 10:49:00-05:00,S,11537.5,11642.25,11642.0,104.5,-211.5,-1.0119617224880382,SL,1,S|swing
2022-11-23 09:44:00-05:00,2022-11-23 09:44:00-05:00,2022-11-23 10:25:00-05:00,L,11789.75,11866.75,11737.75,52.0,152.0,1.4615384615384615,TP,1,L|swing
2022-11-23 13:29:00-05:00,2022-11-23 13:29:00-05:00,2022-11-23 15:19:00-05:00,L,11801.0,11889.25,11741.5,59.5,174.5,1.4663865546218486,TP,1,L|swing
2022-11-25 11:14:00-05:00,2022-11-25 11:14:00-05:00,2022-11-25 11:33:00-05:00,S,11806.5,11774.75,11828.25,21.75,61.5,1.4137931034482758,TP,1,S|swing
2022-11-28 12:14:00-05:00,2022-11-28 12:14:00-05:00,2022-11-28 15:59:00-05:00,S,11677.25,11611.25,11788.5,111.25,130.0,0.5842696629213483,time,1,S|swing
2022-11-29 13:29:00-05:00,2022-11-29 13:29:00-05:00,2022-11-29 15:59:00-05:00,S,11480.0,11523.5,11600.75,120.75,-89.0,-0.36853002070393376,time,1,S|swing
2022-12-01 10:59:00-05:00,2022-12-01 10:59:00-05:00,2022-12-01 15:59:00-05:00,L,12073.25,12059.5,11943.5,129.75,-29.5,-0.11368015414258188,time,1,L|swing
2022-12-02 13:14:00-05:00,2022-12-02 13:14:00-05:00,2022-12-02 14:56:00-05:00,S,11913.25,11980.25,11980.0,66.75,-136.0,-1.0187265917602997,SL,1,S|swing
2022-12-05 09:59:00-05:00,2022-12-05 09:59:00-05:00,2022-12-05 10:00:00-05:00,S,11932.75,11874.0,11972.5,39.75,115.5,1.4528301886792452,TP,1,S|swing
2022-12-05 11:29:00-05:00,2022-12-05 11:29:00-05:00,2022-12-05 14:30:00-05:00,S,11890.25,11767.75,11972.5,82.25,243.0,1.4772036474164134,TP,1,S|swing
2022-12-06 09:44:00-05:00,2022-12-06 09:44:00-05:00,2022-12-06 14:12:00-05:00,S,11722.75,11538.25,11846.25,123.5,367.0,1.48582995951417,TP,1,S|swing
2022-12-07 09:44:00-05:00,2022-12-07 09:44:00-05:00,2022-12-07 15:59:00-05:00,S,11528.0,11508.0,11596.25,68.25,38.0,0.2783882783882784,time,1,S|swing
2022-12-08 10:14:00-05:00,2022-12-08 10:14:00-05:00,2022-12-08 15:59:00-05:00,L,11636.25,11645.5,11476.75,159.5,16.5,0.05172413793103448,time,1,L|swing
2022-12-09 09:44:00-05:00,2022-12-09 09:44:00-05:00,2022-12-09 15:59:00-05:00,L,11640.25,11570.25,11516.25,124.0,-142.0,-0.5725806451612904,time,1,L|swing
2022-12-12 13:14:00-05:00,2022-12-12 13:14:00-05:00,2022-12-12 14:51:00-05:00,S,11576.5,11625.5,11625.25,48.75,-100.0,-1.0256410256410255,SL,1,S|swing
2022-12-13 11:14:00-05:00,2022-12-13 11:14:00-05:00,2022-12-13 11:47:00-05:00,L,12013.75,11923.5,11923.75,90.0,-182.5,-1.0138888888888888,SL,1,L|swing
2022-12-13 13:29:00-05:00,2022-12-13 13:29:00-05:00,2022-12-13 15:59:00-05:00,L,11831.25,11840.0,11727.0,104.25,15.5,0.07434052757793765,time,1,L|swing
2022-12-16 10:29:00-05:00,2022-12-16 10:29:00-05:00,2022-12-16 15:59:00-05:00,S,11338.5,11342.25,11491.75,153.25,-9.5,-0.03099510603588907,time,1,S|swing
2022-12-19 10:44:00-05:00,2022-12-19 10:44:00-05:00,2022-12-19 15:59:00-05:00,S,11258.25,11188.25,11377.25,119.0,138.0,0.5798319327731093,time,1,S|swing
2022-12-20 09:44:00-05:00,2022-12-20 09:44:00-05:00,2022-12-20 10:00:00-05:00,S,11083.75,11179.5,11179.25,95.5,-193.5,-1.013089005235602,SL,1,S|swing
2022-12-20 10:59:00-05:00,2022-12-20 10:59:00-05:00,2022-12-20 11:28:00-05:00,S,11192.25,11110.25,11247.5,55.25,162.0,1.4660633484162895,TP,1,S|swing
2022-12-23 09:44:00-05:00,2022-12-23 09:44:00-05:00,2022-12-23 15:59:00-05:00,S,10982.5,11079.75,11143.5,161.0,-196.5,-0.610248447204969,time,1,S|swing
2022-12-27 13:29:00-05:00,2022-12-27 13:29:00-05:00,2022-12-27 15:59:00-05:00,S,10940.5,10919.0,10997.25,56.75,41.0,0.36123348017621143,time,1,S|swing
2022-12-28 10:29:00-05:00,2022-12-28 10:29:00-05:00,2022-12-28 15:59:00-05:00,S,10900.75,10771.0,10996.75,96.0,257.5,1.3411458333333333,time,1,S|swing
2022-12-30 13:44:00-05:00,2022-12-30 13:44:00-05:00,2022-12-30 15:12:00-05:00,S,10913.25,10957.25,10957.0,43.75,-90.0,-1.0285714285714285,SL,1,S|swing
