sig_time,entry_time,exit_time,side,entry,exit,stop,risk_pts,pnl,R,reason,parts,tag
2019-06-21 12:26:00-04:00,2019-06-21 12:26:00-04:00,2019-06-21 13:04:00-04:00,S,7754.25,7770.75,7770.5,16.25,-35.0,-1.0769230769230769,SL,1,S|swing
2019-06-24 13:50:00-04:00,2019-06-24 13:50:00-04:00,2019-06-24 15:59:00-04:00,S,7758.0,7753.25,7768.5,10.5,7.5,0.35714285714285715,time,1,S|swing
2019-06-25 09:50:00-04:00,2019-06-25 09:50:00-04:00,2019-06-25 12:40:00-04:00,S,7718.5,7663.75,7755.5,37.0,107.5,1.4527027027027026,TP,1,S|swing
2019-06-26 10:02:00-04:00,2019-06-26 10:02:00-04:00,2019-06-26 10:18:00-04:00,L,7702.0,7681.5,7681.75,20.25,-43.0,-1.0617283950617284,SL,1,L|swing
2019-06-27 11:29:00-04:00,2019-06-27 11:29:00-04:00,2019-06-27 12:33:00-04:00,S,7669.75,7695.0,7694.75,25.0,-52.5,-1.05,SL,1,S|swing
2019-06-27 12:35:00-04:00,2019-06-27 12:35:00-04:00,2019-06-27 15:59:00-04:00,L,7692.0,7683.25,7677.5,14.5,-19.5,-0.6724137931034483,time,1,L|swing
2019-06-28 09:41:00-04:00,2019-06-28 09:41:00-04:00,2019-06-28 15:59:00-04:00,S,7688.5,7693.5,7710.5,22.0,-12.0,-0.2727272727272727,time,1,S|swing
2019-07-02 12:02:00-04:00,2019-07-02 12:02:00-04:00,2019-07-02 12:22:00-04:00,S,7783.75,7793.5,7793.25,9.5,-21.5,-1.131578947368421,SL,1,S|swing
2019-07-02 14:02:00-04:00,2019-07-02 14:02:00-04:00,2019-07-02 14:08:00-04:00,L,7791.25,7795.25,7788.0,3.25,6.0,0.9230769230769231,TP,1,L|swing
2019-07-03 11:02:00-04:00,2019-07-03 11:02:00-04:00,2019-07-03 11:21:00-04:00,L,7870.25,7858.25,7858.5,11.75,-26.0,-1.1063829787234043,SL,1,L|swing
2019-07-11 11:23:00-04:00,2019-07-11 11:23:00-04:00,2019-07-11 13:27:00-04:00,L,7949.5,7930.75,7931.0,18.5,-39.5,-1.0675675675675675,SL,1,L|swing
2019-07-11 13:35:00-04:00,2019-07-11 13:35:00-04:00,2019-07-11 15:59:00-04:00,S,7916.0,7919.75,7946.0,30.0,-9.5,-0.15833333333333333,time,1,S|swing
2019-07-12 10:08:00-04:00,2019-07-12 10:08:00-04:00,2019-07-12 10:16:00-04:00,L,7947.0,7932.25,7932.5,14.5,-31.5,-1.0862068965517242,SL,1,L|swing
2019-07-12 10:17:00-04:00,2019-07-12 10:17:00-04:00,2019-07-12 12:01:00-04:00,S,7933.75,7950.25,7950.0,16.25,-35.0,-1.0769230769230769,SL,1,S|swing
2019-07-15 09:50:00-04:00,2019-07-15 09:50:00-04:00,2019-07-15 15:00:00-04:00,S,7965.75,7987.25,7987.0,21.25,-45.0,-1.0588235294117647,SL,1,S|swing
2019-07-17 13:08:00-04:00,2019-07-17 13:08:00-04:00,2019-07-17 15:53:00-04:00,S,7937.0,7923.25,7946.75,9.75,25.5,1.3076923076923077,TP,1,S|swing
2019-07-18 09:35:00-04:00,2019-07-18 09:35:00-04:00,2019-07-18 11:21:00-04:00,L,7889.0,7863.25,7863.5,25.5,-53.5,-1.0490196078431373,SL,1,L|swing
2019-07-18 14:08:00-04:00,2019-07-18 14:08:00-04:00,2019-07-18 14:35:00-04:00,L,7885.75,7913.75,7866.5,19.25,54.0,1.4025974025974026,TP,1,L|swing
2019-07-19 10:11:00-04:00,2019-07-19 10:11:00-04:00,2019-07-19 11:40:00-04:00,S,7938.0,7906.25,7959.75,21.75,61.5,1.4137931034482758,TP,1,S|swing
2019-07-19 13:38:00-04:00,2019-07-19 13:38:00-04:00,2019-07-19 14:02:00-04:00,S,7911.0,7923.75,7923.5,12.5,-27.5,-1.1,SL,1,S|swing
2019-07-19 14:11:00-04:00,2019-07-19 14:11:00-04:00,2019-07-19 14:39:00-04:00,S,7905.25,7875.0,7926.0,20.75,58.5,1.4096385542168675,TP,1,S|swing
2019-07-22 09:50:00-04:00,2019-07-22 09:50:00-04:00,2019-07-22 15:59:00-04:00,L,7907.25,7921.0,7868.25,39.0,25.5,0.3269230769230769,time,1,L|swing
2019-07-24 14:02:00-04:00,2019-07-24 14:02:00-04:00,2019-07-24 15:10:00-04:00,L,7995.0,8014.0,7981.75,13.25,36.0,1.3584905660377358,TP,1,L|swing
2019-07-26 09:50:00-04:00,2019-07-26 09:50:00-04:00,2019-07-26 15:59:00-04:00,L,8026.5,8028.0,7994.25,32.25,1.0,0.015503875968992248,time,1,L|swing
2019-07-29 09:35:00-04:00,2019-07-29 09:35:00-04:00,2019-07-29 09:56:00-04:00,S,8007.0,7974.25,8029.5,22.5,63.5,1.4111111111111112,TP,1,S|swing
2019-07-31 12:23:00-04:00,2019-07-31 12:23:00-04:00,2019-07-31 14:00:00-04:00,S,7976.75,7960.25,7988.25,11.5,31.0,1.3478260869565217,TP,1,S|swing
2019-08-01 09:44:00-04:00,2019-08-01 09:44:00-04:00,2019-08-01 11:29:00-04:00,L,7920.75,8011.25,7859.75,61.0,179.0,1.4672131147540983,TP,1,L|swing
2019-08-02 09:47:00-04:00,2019-08-02 09:47:00-04:00,2019-08-02 10:40:00-04:00,S,7726.0,7663.75,7768.0,42.0,122.5,1.4583333333333333,TP,1,S|swing
2019-08-02 13:08:00-04:00,2019-08-02 13:08:00-04:00,2019-08-02 15:26:00-04:00,S,7660.25,7700.25,7700.0,39.75,-82.0,-1.0314465408805031,SL,1,S|swing
2019-08-06 14:17:00-04:00,2019-08-06 14:17:00-04:00,2019-08-06 15:59:00-04:00,L,7531.25,7527.0,7489.25,42.0,-10.5,-0.125,time,1,L|swing
2019-08-07 10:53:00-04:00,2019-08-07 10:53:00-04:00,2019-08-07 12:20:00-04:00,L,7527.0,7455.25,7455.5,71.5,-145.5,-1.0174825174825175,SL,1,L|swing
2019-08-09 10:26:00-04:00,2019-08-09 10:26:00-04:00,2019-08-09 13:31:00-04:00,S,7649.25,7689.75,7689.5,40.25,-83.0,-1.031055900621118,SL,1,S|swing
2019-08-12 14:08:00-04:00,2019-08-12 14:08:00-04:00,2019-08-12 14:28:00-04:00,S,7587.0,7565.25,7602.0,15.0,41.5,1.3833333333333333,TP,1,S|swing
2019-08-15 10:59:00-04:00,2019-08-15 10:59:00-04:00,2019-08-15 11:10:00-04:00,S,7494.75,7463.75,7516.0,21.25,60.0,1.411764705882353,TP,1,S|swing
2019-08-16 10:47:00-04:00,2019-08-16 10:47:00-04:00,2019-08-16 15:59:00-04:00,L,7612.5,7612.25,7563.75,48.75,-2.5,-0.02564102564102564,time,1,L|swing
2019-08-19 11:20:00-04:00,2019-08-19 11:20:00-04:00,2019-08-19 15:59:00-04:00,L,7734.0,7728.0,7717.5,16.5,-14.0,-0.42424242424242425,time,1,L|swing
2019-08-20 11:11:00-04:00,2019-08-20 11:11:00-04:00,2019-08-20 14:03:00-04:00,L,7738.25,7696.25,7696.5,41.75,-86.0,-1.029940119760479,SL,1,L|swing
2019-08-21 09:44:00-04:00,2019-08-21 09:44:00-04:00,2019-08-21 14:00:00-04:00,L,7760.5,7730.0,7730.25,30.25,-63.0,-1.0413223140495869,SL,1,L|swing
2019-08-22 10:23:00-04:00,2019-08-22 10:23:00-04:00,2019-08-22 10:36:00-04:00,S,7722.0,7656.75,7766.0,44.0,128.5,1.4602272727272727,TP,1,S|swing
2019-08-23 10:38:00-04:00,2019-08-23 10:38:00-04:00,2019-08-23 11:02:00-04:00,L,7723.25,7647.0,7647.25,76.0,-154.5,-1.0164473684210527,SL,1,L|swing
2019-08-23 11:11:00-04:00,2019-08-23 11:11:00-04:00,2019-08-23 15:59:00-04:00,S,7586.5,7474.25,7724.25,137.75,222.5,0.8076225045372051,time,1,S|swing
2019-08-27 14:56:00-04:00,2019-08-27 14:56:00-04:00,2019-08-27 15:59:00-04:00,L,7589.25,7570.5,7556.0,33.25,-39.5,-0.5939849624060151,time,1,L|swing
2019-09-03 10:23:00-04:00,2019-09-03 10:23:00-04:00,2019-09-03 15:59:00-04:00,S,7619.25,7615.0,7677.0,57.75,6.5,0.05627705627705628,time,1,S|swing
2019-09-04 11:50:00-04:00,2019-09-04 11:50:00-04:00,2019-09-04 15:34:00-04:00,L,7700.75,7727.75,7682.25,18.5,52.0,1.4054054054054055,TP,1,L|swing
2019-09-05 09:44:00-04:00,2019-09-05 09:44:00-04:00,2019-09-05 10:16:00-04:00,L,7830.0,7868.5,7803.75,26.25,75.0,1.4285714285714286,TP,1,L|swing
2019-09-06 09:35:00-04:00,2019-09-06 09:35:00-04:00,2019-09-06 15:59:00-04:00,S,7846.25,7856.5,7880.75,34.5,-22.5,-0.32608695652173914,time,1,S|swing
2019-09-09 09:44:00-04:00,2019-09-09 09:44:00-04:00,2019-09-09 10:02:00-04:00,S,7870.0,7849.5,7884.25,14.25,39.0,1.368421052631579,TP,1,S|swing
2019-09-10 14:41:00-04:00,2019-09-10 14:41:00-04:00,2019-09-10 15:42:00-04:00,S,7761.5,7780.25,7780.0,18.5,-39.5,-1.0675675675675675,SL,1,S|swing
2019-09-12 12:50:00-04:00,2019-09-12 12:50:00-04:00,2019-09-12 15:50:00-04:00,L,7950.5,7933.5,7933.75,16.75,-36.0,-1.0746268656716418,SL,1,L|swing
2019-09-13 13:59:00-04:00,2019-09-13 13:59:00-04:00,2019-09-13 14:39:00-04:00,S,7887.5,7901.25,7901.0,13.5,-29.5,-1.0925925925925926,SL,1,S|swing
2019-09-18 09:44:00-04:00,2019-09-18 09:44:00-04:00,2019-09-18 14:00:00-04:00,S,7887.5,7859.25,7907.0,19.5,54.5,1.3974358974358974,TP,1,S|swing
2019-09-20 09:50:00-04:00,2019-09-20 09:50:00-04:00,2019-09-20 11:36:00-04:00,S,7930.0,7897.25,7952.5,22.5,63.5,1.4111111111111112,TP,1,S|swing
2019-09-23 10:14:00-04:00,2019-09-23 10:14:00-04:00,2019-09-23 11:37:00-04:00,S,7813.75,7848.25,7848.0,34.25,-71.0,-1.0364963503649636,SL,1,S|swing
2019-09-24 09:53:00-04:00,2019-09-24 09:53:00-04:00,2019-09-24 10:06:00-04:00,L,7887.0,7865.75,7866.0,21.0,-44.5,-1.0595238095238095,SL,1,L|swing
2019-09-24 10:14:00-04:00,2019-09-24 10:14:00-04:00,2019-09-24 11:02:00-04:00,S,7869.5,7833.25,7894.25,24.75,70.5,1.4242424242424243,TP,1,S|swing
2019-09-25 10:11:00-04:00,2019-09-25 10:11:00-04:00,2019-09-25 10:52:00-04:00,S,7704.5,7731.75,7731.5,27.0,-56.5,-1.0462962962962963,SL,1,S|swing
2019-09-25 10:53:00-04:00,2019-09-25 10:53:00-04:00,2019-09-25 14:01:00-04:00,L,7729.5,7789.25,7689.0,40.5,117.5,1.4506172839506173,TP,1,L|swing
2019-09-30 10:17:00-04:00,2019-09-30 10:17:00-04:00,2019-09-30 15:59:00-04:00,L,7746.25,7767.5,7715.5,30.75,40.5,0.6585365853658537,time,1,L|swing
2019-10-01 10:26:00-04:00,2019-10-01 10:26:00-04:00,2019-10-01 15:59:00-04:00,S,7768.0,7701.75,7840.25,72.25,130.5,0.903114186851211,time,1,S|swing
2019-10-02 09:47:00-04:00,2019-10-02 09:47:00-04:00,2019-10-02 11:31:00-04:00,S,7614.5,7550.5,7657.75,43.25,126.0,1.4566473988439306,TP,1,S|swing
2019-10-03 11:14:00-04:00,2019-10-03 11:14:00-04:00,2019-10-03 15:59:00-04:00,L,7599.25,7652.0,7517.5,81.75,103.5,0.6330275229357798,time,1,L|swing
2019-10-07 09:38:00-04:00,2019-10-07 09:38:00-04:00,2019-10-07 10:10:00-04:00,S,7732.25,7757.25,7757.0,24.75,-52.0,-1.0505050505050506,SL,1,S|swing
2019-10-07 10:17:00-04:00,2019-10-07 10:17:00-04:00,2019-10-07 13:34:00-04:00,L,7751.75,7791.75,7724.5,27.25,78.0,1.4311926605504588,TP,1,L|swing
2019-10-07 13:44:00-04:00,2019-10-07 13:44:00-04:00,2019-10-07 14:42:00-04:00,L,7788.75,7750.5,7750.75,38.0,-78.5,-1.0328947368421053,SL,1,L|swing
2019-10-08 09:53:00-04:00,2019-10-08 09:53:00-04:00,2019-10-08 12:45:00-04:00,S,7654.0,7694.25,7694.0,40.0,-82.5,-1.03125,SL,1,S|swing
2019-10-09 13:02:00-04:00,2019-10-09 13:02:00-04:00,2019-10-09 13:18:00-04:00,L,7712.75,7695.75,7696.0,16.75,-36.0,-1.0746268656716418,SL,1,L|swing
2019-10-09 14:50:00-04:00,2019-10-09 14:50:00-04:00,2019-10-09 15:37:00-04:00,L,7717.0,7730.25,7707.5,9.5,24.5,1.2894736842105263,TP,1,L|swing
2019-10-10 09:35:00-04:00,2019-10-10 09:35:00-04:00,2019-10-10 09:51:00-04:00,L,7711.5,7748.75,7686.0,25.5,72.5,1.4215686274509804,TP,1,L|swing
2019-10-11 09:59:00-04:00,2019-10-11 09:59:00-04:00,2019-10-11 12:32:00-04:00,L,7873.5,7842.25,7842.5,31.0,-64.5,-1.0403225806451613,SL,1,L|swing
2019-10-14 14:02:00-04:00,2019-10-14 14:02:00-04:00,2019-10-14 15:59:00-04:00,L,7864.75,7853.75,7850.5,14.25,-24.0,-0.8421052631578947,time,1,L|swing
2019-10-15 09:41:00-04:00,2019-10-15 09:41:00-04:00,2019-10-15 10:35:00-04:00,L,7897.25,7935.0,7871.5,25.75,73.5,1.4271844660194175,TP,1,L|swing
2019-10-16 12:38:00-04:00,2019-10-16 12:38:00-04:00,2019-10-16 15:54:00-04:00,S,7923.25,7935.5,7935.25,12.0,-26.5,-1.1041666666666667,SL,1,S|swing
2019-10-21 10:11:00-04:00,2019-10-21 10:11:00-04:00,2019-10-21 10:39:00-04:00,S,7905.5,7929.0,7928.75,23.25,-49.0,-1.053763440860215,SL,1,S|swing
2019-10-24 09:56:00-04:00,2019-10-24 09:56:00-04:00,2019-10-24 11:29:00-04:00,S,7929.5,7961.75,7961.5,32.0,-66.5,-1.0390625,SL,1,S|swing
2019-10-25 09:41:00-04:00,2019-10-25 09:41:00-04:00,2019-10-25 10:11:00-04:00,L,7946.75,7978.5,7925.0,21.75,61.5,1.4137931034482758,TP,1,L|swing
2019-10-29 10:17:00-04:00,2019-10-29 10:17:00-04:00,2019-10-29 10:47:00-04:00,S,8079.5,8102.5,8102.25,22.75,-48.0,-1.054945054945055,SL,1,S|swing
2019-10-29 11:14:00-04:00,2019-10-29 11:14:00-04:00,2019-10-29 15:59:00-04:00,S,8075.75,8054.5,8104.0,28.25,40.5,0.7168141592920354,time,1,S|swing
2019-10-30 09:41:00-04:00,2019-10-30 09:41:00-04:00,2019-10-30 14:51:00-04:00,S,8040.5,8073.75,8073.5,33.0,-68.5,-1.0378787878787878,SL,1,S|swing
2019-10-31 10:11:00-04:00,2019-10-31 10:11:00-04:00,2019-10-31 15:59:00-04:00,S,8075.5,8091.0,8114.0,38.5,-33.0,-0.42857142857142855,time,1,S|swing
2019-11-01 14:14:00-04:00,2019-11-01 14:14:00-04:00,2019-11-01 15:24:00-04:00,L,8148.0,8140.0,8140.25,7.75,-18.0,-1.1612903225806452,SL,1,L|swing
2019-11-04 13:35:00-05:00,2019-11-04 13:35:00-05:00,2019-11-04 15:12:00-05:00,L,8219.5,8211.75,8212.0,7.5,-17.5,-1.1666666666666667,SL,1,L|swing
2019-11-07 10:38:00-05:00,2019-11-07 10:38:00-05:00,2019-11-07 14:43:00-05:00,L,8266.25,8249.25,8249.5,16.75,-36.0,-1.0746268656716418,SL,1,L|swing
2019-11-08 09:56:00-05:00,2019-11-08 09:56:00-05:00,2019-11-08 09:59:00-05:00,L,8228.75,8205.5,8205.75,23.0,-48.5,-1.0543478260869565,SL,1,L|swing
2019-11-08 10:41:00-05:00,2019-11-08 10:41:00-05:00,2019-11-08 15:21:00-05:00,L,8226.25,8249.75,8210.0,16.25,45.0,1.3846153846153846,TP,1,L|swing
2019-11-12 09:50:00-05:00,2019-11-12 09:50:00-05:00,2019-11-12 10:41:00-05:00,L,8268.5,8292.75,8251.75,16.75,46.5,1.3880597014925373,TP,1,L|swing
2019-11-13 13:59:00-05:00,2019-11-13 13:59:00-05:00,2019-11-13 15:59:00-05:00,S,8258.5,8265.75,8280.25,21.75,-16.5,-0.3793103448275862,time,1,S|swing
2019-11-14 11:02:00-05:00,2019-11-14 11:02:00-05:00,2019-11-14 13:01:00-05:00,S,8233.5,8253.75,8253.5,20.0,-42.5,-1.0625,SL,1,S|swing
2019-11-15 10:05:00-05:00,2019-11-15 10:05:00-05:00,2019-11-15 10:15:00-05:00,S,8295.25,8304.25,8304.0,8.75,-20.0,-1.1428571428571428,SL,1,S|swing
2019-11-15 10:23:00-05:00,2019-11-15 10:23:00-05:00,2019-11-15 15:59:00-05:00,L,8310.5,8318.5,8288.75,21.75,14.0,0.3218390804597701,time,1,L|swing
2019-11-18 11:35:00-05:00,2019-11-18 11:35:00-05:00,2019-11-18 15:59:00-05:00,L,8320.75,8333.25,8299.75,21.0,23.0,0.5476190476190477,time,1,L|swing
2019-11-20 12:02:00-05:00,2019-11-20 12:02:00-05:00,2019-11-20 12:56:00-05:00,S,8319.25,8296.5,8335.0,15.75,43.5,1.380952380952381,TP,1,S|swing
2019-11-21 13:17:00-05:00,2019-11-21 13:17:00-05:00,2019-11-21 14:04:00-05:00,L,8273.25,8263.0,8263.25,10.0,-22.5,-1.125,SL,1,L|swing
2019-11-27 10:35:00-05:00,2019-11-27 10:35:00-05:00,2019-11-27 13:25:00-05:00,L,8425.25,8443.25,8412.75,12.5,34.0,1.36,TP,1,L|swing
2019-11-28 12:02:00-05:00,2019-11-28 12:02:00-05:00,2019-11-28 12:49:00-05:00,L,8444.25,8444.25,8440.25,4.0,-2.0,-0.25,time,1,L|swing
2019-11-29 10:20:00-05:00,2019-11-29 10:20:00-05:00,2019-11-29 11:14:00-05:00,L,8437.0,8424.0,8424.25,12.75,-28.0,-1.0980392156862746,SL,1,L|swing
2019-12-09 09:38:00-05:00,2019-12-09 09:38:00-05:00,2019-12-09 14:05:00-05:00,L,8415.25,8382.0,8382.25,33.0,-68.5,-1.0378787878787878,SL,1,L|swing
2019-12-11 09:41:00-05:00,2019-12-11 09:41:00-05:00,2019-12-11 09:55:00-05:00,S,8367.75,8384.0,8383.75,16.0,-34.5,-1.078125,SL,1,S|swing
2019-12-11 10:02:00-05:00,2019-12-11 10:02:00-05:00,2019-12-11 15:59:00-05:00,L,8395.75,8404.25,8362.75,33.0,15.0,0.22727272727272727,time,1,L|swing
2019-12-12 09:44:00-05:00,2019-12-12 09:44:00-05:00,2019-12-12 15:59:00-05:00,L,8449.0,8466.5,8380.75,68.25,33.0,0.24175824175824176,time,1,L|swing
2019-12-13 10:20:00-05:00,2019-12-13 10:20:00-05:00,2019-12-13 11:21:00-05:00,L,8511.75,8459.75,8460.0,51.75,-106.0,-1.0241545893719808,SL,1,L|swing
2019-12-13 11:23:00-05:00,2019-12-13 11:23:00-05:00,2019-12-13 12:05:00-05:00,S,8467.0,8492.5,8492.25,25.25,-53.0,-1.0495049504950495,SL,1,S|swing
2019-12-23 11:59:00-05:00,2019-12-23 11:59:00-05:00,2019-12-23 12:21:00-05:00,L,8735.75,8732.25,8732.5,3.25,-9.0,-1.3846153846153846,SL,1,L|swing
2019-12-24 12:59:00-05:00,2019-12-24 12:59:00-05:00,2019-12-24 13:04:00-05:00,L,8726.0,8728.75,8720.0,6.0,3.5,0.2916666666666667,time,1,L|swing
2019-12-30 09:38:00-05:00,2019-12-30 09:38:00-05:00,2019-12-30 15:59:00-05:00,S,8738.75,8731.75,8794.0,55.25,12.0,0.1085972850678733,time,1,S|swing
2019-12-31 09:53:00-05:00,2019-12-31 09:53:00-05:00,2019-12-31 15:59:00-05:00,L,8735.75,8747.75,8692.0,43.75,22.0,0.25142857142857145,time,1,L|swing
2020-01-02 09:38:00-05:00,2020-01-02 09:38:00-05:00,2020-01-02 10:15:00-05:00,L,8846.25,8815.0,8815.25,31.0,-64.5,-1.0403225806451613,SL,1,L|swing
2020-01-02 10:23:00-05:00,2020-01-02 10:23:00-05:00,2020-01-02 14:15:00-05:00,S,8807.5,8850.0,8849.75,42.25,-87.0,-1.029585798816568,SL,1,S|swing
2020-01-07 10:59:00-05:00,2020-01-07 10:59:00-05:00,2020-01-07 15:59:00-05:00,L,8875.5,8862.0,8842.5,33.0,-29.0,-0.4393939393939394,time,1,L|swing
2020-01-08 11:47:00-05:00,2020-01-08 11:47:00-05:00,2020-01-08 15:59:00-05:00,L,8927.5,8929.5,8873.0,54.5,2.0,0.01834862385321101,time,1,L|swing
2020-01-09 11:50:00-05:00,2020-01-09 11:50:00-05:00,2020-01-09 12:20:00-05:00,L,9010.75,8993.25,8993.5,17.25,-37.0,-1.0724637681159421,SL,1,L|swing
2020-01-09 14:41:00-05:00,2020-01-09 14:41:00-05:00,2020-01-09 15:22:00-05:00,L,9002.5,8986.75,8987.0,15.5,-33.5,-1.0806451612903225,SL,1,L|swing
2020-01-10 14:17:00-05:00,2020-01-10 14:17:00-05:00,2020-01-10 15:09:00-05:00,S,9004.25,8985.25,9017.5,13.25,36.0,1.3584905660377358,TP,1,S|swing
2020-01-13 09:59:00-05:00,2020-01-13 09:59:00-05:00,2020-01-13 14:42:00-05:00,L,9033.25,9077.0,9003.5,29.75,85.5,1.4369747899159664,TP,1,L|swing
2020-01-14 09:50:00-05:00,2020-01-14 09:50:00-05:00,2020-01-14 13:07:00-05:00,S,9059.0,9089.75,9089.5,30.5,-63.5,-1.040983606557377,SL,1,S|swing
2020-01-14 14:08:00-05:00,2020-01-14 14:08:00-05:00,2020-01-14 15:59:00-05:00,S,9046.5,9050.75,9089.25,42.75,-10.5,-0.12280701754385964,time,1,S|swing
2020-01-15 09:56:00-05:00,2020-01-15 09:56:00-05:00,2020-01-15 13:54:00-05:00,L,9083.0,9049.25,9049.5,33.5,-69.5,-1.037313432835821,SL,1,L|swing
2020-01-16 09:47:00-05:00,2020-01-16 09:47:00-05:00,2020-01-16 11:12:00-05:00,L,9106.25,9087.5,9087.75,18.5,-39.5,-1.0675675675675675,SL,1,L|swing
2020-01-16 13:56:00-05:00,2020-01-16 13:56:00-05:00,2020-01-16 15:44:00-05:00,L,9104.5,9123.25,9091.5,13.0,35.5,1.3653846153846154,TP,1,L|swing
2020-01-17 13:17:00-05:00,2020-01-17 13:17:00-05:00,2020-01-17 15:33:00-05:00,L,9155.25,9168.25,9146.0,9.25,24.0,1.2972972972972974,TP,1,L|swing
2020-01-22 10:26:00-05:00,2020-01-22 10:26:00-05:00,2020-01-22 11:13:00-05:00,L,9242.5,9223.75,9224.0,18.5,-39.5,-1.0675675675675675,SL,1,L|swing
2020-01-22 11:20:00-05:00,2020-01-22 11:20:00-05:00,2020-01-22 15:59:00-05:00,S,9223.75,9200.75,9248.25,24.5,44.0,0.8979591836734694,time,1,S|swing
2020-01-23 10:35:00-05:00,2020-01-23 10:35:00-05:00,2020-01-23 10:54:00-05:00,L,9210.0,9189.5,9189.75,20.25,-43.0,-1.0617283950617284,SL,1,L|swing
2020-01-23 11:11:00-05:00,2020-01-23 11:11:00-05:00,2020-01-23 13:46:00-05:00,S,9178.75,9211.75,9211.5,32.75,-68.0,-1.0381679389312977,SL,1,S|swing
2020-01-27 11:20:00-05:00,2020-01-27 11:20:00-05:00,2020-01-27 11:37:00-05:00,S,8952.0,8973.5,8973.25,21.25,-45.0,-1.0588235294117647,SL,1,S|swing
2020-01-27 14:59:00-05:00,2020-01-27 14:59:00-05:00,2020-01-27 15:59:00-05:00,S,8977.5,8961.5,9010.25,32.75,30.0,0.4580152671755725,time,1,S|swing
2020-01-28 09:41:00-05:00,2020-01-28 09:41:00-05:00,2020-01-28 10:24:00-05:00,S,9004.0,9040.25,9040.0,36.0,-74.5,-1.0347222222222223,SL,1,S|swing
2020-01-28 10:26:00-05:00,2020-01-28 10:26:00-05:00,2020-01-28 14:41:00-05:00,L,9053.25,9116.25,9010.75,42.5,124.0,1.4588235294117646,TP,1,L|swing
2020-01-30 10:59:00-05:00,2020-01-30 10:59:00-05:00,2020-01-30 11:42:00-05:00,S,9027.0,9084.25,9084.0,57.0,-116.5,-1.0219298245614035,SL,1,S|swing
2020-01-30 11:50:00-05:00,2020-01-30 11:50:00-05:00,2020-01-30 12:37:00-05:00,L,9087.25,9048.25,9048.5,38.75,-80.0,-1.032258064516129,SL,1,L|swing
2020-01-30 14:26:00-05:00,2020-01-30 14:26:00-05:00,2020-01-30 15:53:00-05:00,L,9085.75,9138.5,9050.0,35.75,103.5,1.4475524475524475,TP,1,L|swing
2020-01-31 09:47:00-05:00,2020-01-31 09:47:00-05:00,2020-01-31 11:15:00-05:00,S,9126.75,9023.0,9196.5,69.75,205.5,1.4731182795698925,TP,1,S|swing
2020-02-04 10:38:00-05:00,2020-02-04 10:38:00-05:00,2020-02-04 14:12:00-05:00,L,9288.25,9341.75,9252.0,36.25,105.0,1.4482758620689655,TP,1,L|swing
2020-02-07 09:38:00-05:00,2020-02-07 09:38:00-05:00,2020-02-07 10:30:00-05:00,S,9405.5,9425.0,9424.75,19.25,-41.0,-1.0649350649350648,SL,1,S|swing
2020-02-07 13:53:00-05:00,2020-02-07 13:53:00-05:00,2020-02-07 14:08:00-05:00,S,9429.25,9398.25,9450.5,21.25,60.0,1.411764705882353,TP,1,S|swing
2020-02-10 09:53:00-05:00,2020-02-10 09:53:00-05:00,2020-02-10 15:54:00-05:00,L,9434.0,9517.75,9377.5,56.5,165.5,1.4646017699115044,TP,1,L|swing
2020-02-11 10:05:00-05:00,2020-02-11 10:05:00-05:00,2020-02-11 14:03:00-05:00,L,9577.25,9538.25,9538.5,38.75,-80.0,-1.032258064516129,SL,1,L|swing
2020-02-12 10:02:00-05:00,2020-02-12 10:02:00-05:00,2020-02-12 10:07:00-05:00,L,9586.0,9560.5,9560.75,25.25,-53.0,-1.0495049504950495,SL,1,L|swing
2020-02-12 11:20:00-05:00,2020-02-12 11:20:00-05:00,2020-02-12 15:59:00-05:00,L,9598.75,9620.25,9568.25,30.5,41.0,0.6721311475409836,time,1,L|swing
2020-02-14 11:05:00-05:00,2020-02-14 11:05:00-05:00,2020-02-14 12:11:00-05:00,L,9634.75,9616.25,9616.5,18.25,-39.0,-1.0684931506849316,SL,1,L|swing
2020-02-14 12:23:00-05:00,2020-02-14 12:23:00-05:00,2020-02-14 15:57:00-05:00,S,9606.25,9629.5,9629.25,23.0,-48.5,-1.0543478260869565,SL,1,S|swing
2020-02-18 11:41:00-05:00,2020-02-18 11:41:00-05:00,2020-02-18 12:57:00-05:00,S,9583.5,9615.25,9615.0,31.5,-65.5,-1.0396825396825398,SL,1,S|swing
2020-02-18 13:17:00-05:00,2020-02-18 13:17:00-05:00,2020-02-18 14:10:00-05:00,L,9626.0,9608.25,9608.5,17.5,-37.5,-1.0714285714285714,SL,1,L|swing
2020-02-18 14:29:00-05:00,2020-02-18 14:29:00-05:00,2020-02-18 15:59:00-05:00,L,9639.5,9635.75,9607.25,32.25,-9.5,-0.14728682170542637,time,1,L|swing
2020-02-20 09:56:00-05:00,2020-02-20 09:56:00-05:00,2020-02-20 11:07:00-05:00,L,9717.5,9685.75,9686.0,31.5,-65.5,-1.0396825396825398,SL,1,L|swing
2020-02-20 11:11:00-05:00,2020-02-20 11:11:00-05:00,2020-02-20 11:29:00-05:00,S,9672.5,9604.25,9718.5,46.0,134.5,1.4619565217391304,TP,1,S|swing
2020-02-21 09:38:00-05:00,2020-02-21 09:38:00-05:00,2020-02-21 09:49:00-05:00,S,9562.25,9497.75,9605.75,43.5,127.0,1.4597701149425288,TP,1,S|swing
2020-02-24 10:44:00-05:00,2020-02-24 10:44:00-05:00,2020-02-24 15:59:00-05:00,S,9137.0,9085.25,9202.5,65.5,101.5,0.7748091603053435,time,1,S|swing
2020-02-25 10:05:00-05:00,2020-02-25 10:05:00-05:00,2020-02-25 10:25:00-05:00,S,9132.5,9064.25,9178.5,46.0,134.5,1.4619565217391304,TP,1,S|swing
2020-02-26 12:08:00-05:00,2020-02-26 12:08:00-05:00,2020-02-26 15:59:00-05:00,S,8885.25,8880.0,9022.25,137.0,8.5,0.03102189781021898,time,1,S|swing
2020-02-27 14:08:00-05:00,2020-02-27 14:08:00-05:00,2020-02-27 15:53:00-05:00,S,8614.25,8485.75,8700.5,86.25,255.0,1.4782608695652173,TP,1,S|swing
2020-02-28 11:23:00-05:00,2020-02-28 11:23:00-05:00,2020-02-28 11:43:00-05:00,L,8309.75,8470.75,8201.75,108.0,320.0,1.4814814814814814,TP,1,L|swing
2020-02-28 13:50:00-05:00,2020-02-28 13:50:00-05:00,2020-02-28 14:44:00-05:00,S,8257.5,8401.0,8400.75,143.25,-289.0,-1.0087260034904013,SL,1,S|swing
2020-03-03 10:08:00-05:00,2020-03-03 10:08:00-05:00,2020-03-03 11:24:00-05:00,L,8951.0,8744.25,8744.5,206.5,-415.5,-1.0060532687651331,SL,1,L|swing
2020-03-04 12:50:00-05:00,2020-03-04 12:50:00-05:00,2020-03-04 13:19:00-05:00,L,8784.75,8850.75,8740.25,44.5,130.0,1.4606741573033708,TP,1,L|swing
2020-03-05 12:44:00-05:00,2020-03-05 12:44:00-05:00,2020-03-05 15:59:00-05:00,S,8684.0,8671.75,8772.5,88.5,22.5,0.1271186440677966,time,1,S|swing
2020-03-06 14:02:00-05:00,2020-03-06 14:02:00-05:00,2020-03-06 15:35:00-05:00,S,8382.5,8458.5,8458.25,75.75,-154.0,-1.0165016501650166,SL,1,S|swing
2020-03-09 09:35:00-04:00,2020-03-09 09:35:00-04:00,2020-03-09 09:56:00-04:00,S,7829.75,8093.75,8093.5,263.75,-530.0,-1.004739336492891,SL,1,S|swing
2020-03-09 10:14:00-04:00,2020-03-09 10:14:00-04:00,2020-03-09 15:59:00-04:00,L,8119.0,7932.5,7800.75,318.25,-375.0,-0.589159465828751,time,1,L|swing
2020-03-11 09:44:00-04:00,2020-03-11 09:44:00-04:00,2020-03-11 10:49:00-04:00,L,8156.75,8099.0,8099.25,57.5,-117.5,-1.0217391304347827,SL,1,L|swing
2020-03-11 10:59:00-04:00,2020-03-11 10:59:00-04:00,2020-03-11 12:18:00-04:00,S,8115.75,8158.75,8158.5,42.75,-88.0,-1.0292397660818713,SL,1,S|swing
2020-03-11 12:32:00-04:00,2020-03-11 12:32:00-04:00,2020-03-11 13:04:00-04:00,S,8113.25,8017.75,8177.5,64.25,189.0,1.4708171206225682,TP,1,S|swing
2020-03-12 09:36:00-04:00,2020-03-12 09:36:00-04:00,2020-03-12 10:54:00-04:00,S,7441.25,7602.0,7601.75,160.5,-323.5,-1.0077881619937694,SL,1,S|swing
2020-03-12 11:17:00-04:00,2020-03-12 11:17:00-04:00,2020-03-12 12:59:00-04:00,S,7493.0,7615.75,7615.5,122.5,-247.5,-1.010204081632653,SL,1,S|swing
2020-03-12 13:02:00-04:00,2020-03-12 13:02:00-04:00,2020-03-12 15:06:00-04:00,L,7660.0,7362.0,7362.25,297.75,-598.0,-1.0041981528127624,SL,1,L|swing
2020-03-13 13:53:00-04:00,2020-03-13 13:53:00-04:00,2020-03-13 14:07:00-04:00,L,7592.25,7499.5,7499.75,92.5,-187.5,-1.0135135135135136,SL,1,L|swing
2020-03-18 12:38:00-04:00,2020-03-18 12:38:00-04:00,2020-03-18 13:30:00-04:00,S,7085.75,6929.75,7190.25,104.5,310.0,1.4832535885167464,TP,1,S|swing
2020-03-19 10:08:00-04:00,2020-03-19 10:08:00-04:00,2020-03-19 15:59:00-04:00,L,7252.0,7270.5,7010.25,241.75,35.0,0.07238883143743537,time,1,L|swing
2020-03-23 13:14:00-04:00,2020-03-23 13:14:00-04:00,2020-03-23 13:30:00-04:00,L,7124.25,6994.75,6995.0,129.25,-261.0,-1.009671179883946,SL,1,L|swing
2020-03-24 09:56:00-04:00,2020-03-24 09:56:00-04:00,2020-03-24 10:01:00-04:00,L,7371.25,7324.5,7324.75,46.5,-95.5,-1.0268817204301075,SL,1,L|swing
2020-03-24 10:08:00-04:00,2020-03-24 10:08:00-04:00,2020-03-24 10:28:00-04:00,L,7368.75,7454.5,7311.0,57.75,169.5,1.4675324675324675,TP,1,L|swing
2020-03-25 09:38:00-04:00,2020-03-25 09:38:00-04:00,2020-03-25 09:55:00-04:00,L,7654.0,7484.0,7484.25,169.75,-342.0,-1.0073637702503682,SL,1,L|swing
2020-03-25 10:05:00-04:00,2020-03-25 10:05:00-04:00,2020-03-25 13:09:00-04:00,S,7453.5,7665.5,7665.25,211.75,-426.0,-1.0059031877213696,SL,1,S|swing
2020-03-27 10:38:00-04:00,2020-03-27 10:38:00-04:00,2020-03-27 11:09:00-04:00,S,7595.75,7661.25,7661.0,65.25,-133.0,-1.0191570881226053,SL,1,S|swing
2020-03-31 10:08:00-04:00,2020-03-31 10:08:00-04:00,2020-03-31 15:14:00-04:00,L,7880.0,7796.25,7796.5,83.5,-169.5,-1.0149700598802396,SL,1,L|swing
2020-04-01 12:20:00-04:00,2020-04-01 12:20:00-04:00,2020-04-01 14:31:00-04:00,S,7567.0,7495.5,7615.25,48.25,141.0,1.461139896373057,TP,1,S|swing
2020-04-02 10:35:00-04:00,2020-04-02 10:35:00-04:00,2020-04-02 14:19:00-04:00,L,7593.25,7455.75,7456.0,137.25,-277.0,-1.0091074681238617,SL,1,L|swing
2020-04-03 10:38:00-04:00,2020-04-03 10:38:00-04:00,2020-04-03 15:59:00-04:00,S,7542.0,7514.75,7644.5,102.5,52.5,0.25609756097560976,time,1,S|swing
2020-04-06 10:17:00-04:00,2020-04-06 10:17:00-04:00,2020-04-06 12:24:00-04:00,L,7849.75,7926.25,7798.25,51.5,151.0,1.4660194174757282,TP,1,L|swing
2020-04-07 12:41:00-04:00,2020-04-07 12:41:00-04:00,2020-04-07 13:19:00-04:00,L,8221.75,8202.75,8203.0,18.75,-40.0,-1.0666666666666667,SL,1,L|swing
2020-04-07 13:44:00-04:00,2020-04-07 13:44:00-04:00,2020-04-07 14:43:00-04:00,S,8174.25,8087.0,8233.0,58.75,172.5,1.4680851063829787,TP,1,S|swing
2020-04-08 10:11:00-04:00,2020-04-08 10:11:00-04:00,2020-04-08 10:59:00-04:00,S,8067.75,8138.0,8137.75,70.0,-142.5,-1.0178571428571428,SL,1,S|swing
2020-04-08 11:05:00-04:00,2020-04-08 11:05:00-04:00,2020-04-08 14:40:00-04:00,L,8129.5,8201.75,8080.75,48.75,142.5,1.4615384615384615,TP,1,L|swing
2020-04-09 11:05:00-04:00,2020-04-09 11:05:00-04:00,2020-04-09 11:45:00-04:00,S,8180.75,8241.75,8241.5,60.75,-124.0,-1.0205761316872428,SL,1,S|swing
2020-04-09 12:08:00-04:00,2020-04-09 12:08:00-04:00,2020-04-09 12:35:00-04:00,L,8257.5,8222.25,8222.5,35.0,-72.5,-1.0357142857142858,SL,1,L|swing
2020-04-09 14:08:00-04:00,2020-04-09 14:08:00-04:00,2020-04-09 15:59:00-04:00,S,8215.25,8226.25,8261.25,46.0,-24.0,-0.2608695652173913,time,1,S|swing
2020-04-13 12:14:00-04:00,2020-04-13 12:14:00-04:00,2020-04-13 13:11:00-04:00,L,8239.0,8192.25,8192.5,46.5,-95.5,-1.0268817204301075,SL,1,L|swing
2020-04-13 14:02:00-04:00,2020-04-13 14:02:00-04:00,2020-04-13 15:31:00-04:00,L,8243.0,8294.75,8208.0,35.0,101.5,1.45,TP,1,L|swing
2020-04-16 11:08:00-04:00,2020-04-16 11:08:00-04:00,2020-04-16 12:31:00-04:00,L,8729.5,8641.5,8641.75,87.75,-178.0,-1.0142450142450143,SL,1,L|swing
2020-04-16 12:32:00-04:00,2020-04-16 12:32:00-04:00,2020-04-16 15:54:00-04:00,S,8636.5,8763.5,8763.25,126.75,-256.0,-1.009861932938856,SL,1,S|swing
2020-04-21 09:41:00-04:00,2020-04-21 09:41:00-04:00,2020-04-21 10:57:00-04:00,S,8555.75,8412.25,8652.0,96.25,285.0,1.4805194805194806,TP,1,S|swing
2020-04-22 10:38:00-04:00,2020-04-22 10:38:00-04:00,2020-04-22 14:21:00-04:00,L,8589.5,8655.0,8545.25,44.25,129.0,1.4576271186440677,TP,1,L|swing
2020-04-24 12:41:00-04:00,2020-04-24 12:41:00-04:00,2020-04-24 14:40:00-04:00,L,8687.25,8742.75,8649.75,37.5,109.0,1.4533333333333334,TP,1,L|swing
2020-04-30 11:47:00-04:00,2020-04-30 11:47:00-04:00,2020-04-30 15:57:00-04:00,S,8952.25,8990.0,8989.75,37.5,-77.5,-1.0333333333333334,SL,1,S|swing
2020-05-01 11:35:00-04:00,2020-05-01 11:35:00-04:00,2020-05-01 12:04:00-04:00,S,8773.0,8701.25,8821.5,48.5,141.5,1.458762886597938,TP,1,S|swing
2020-05-05 14:17:00-04:00,2020-05-05 14:17:00-04:00,2020-05-05 15:17:00-04:00,L,9008.5,8988.0,8988.25,20.25,-43.0,-1.0617283950617284,SL,1,L|swing
2020-05-06 09:47:00-04:00,2020-05-06 09:47:00-04:00,2020-05-06 09:57:00-04:00,L,9015.25,8971.75,8972.0,43.25,-89.0,-1.0289017341040463,SL,1,L|swing
2020-05-06 10:05:00-04:00,2020-05-06 10:05:00-04:00,2020-05-06 10:45:00-04:00,S,8964.25,9030.0,9029.75,65.5,-133.5,-1.0190839694656488,SL,1,S|swing
2020-05-06 10:47:00-04:00,2020-05-06 10:47:00-04:00,2020-05-06 15:59:00-04:00,L,9037.5,8971.75,8956.0,81.5,-133.5,-0.8190184049079755,time,1,L|swing
2020-05-07 12:11:00-04:00,2020-05-07 12:11:00-04:00,2020-05-07 14:47:00-04:00,L,9098.25,9076.5,9076.75,21.5,-45.5,-1.058139534883721,SL,1,L|swing
2020-05-08 13:56:00-04:00,2020-05-08 13:56:00-04:00,2020-05-08 15:01:00-04:00,S,9164.75,9193.5,9193.25,28.5,-59.5,-1.043859649122807,SL,1,S|swing
2020-05-12 11:23:00-04:00,2020-05-12 11:23:00-04:00,2020-05-12 11:45:00-04:00,L,9324.25,9301.0,9301.25,23.0,-48.5,-1.0543478260869565,SL,1,L|swing
2020-05-12 12:08:00-04:00,2020-05-12 12:08:00-04:00,2020-05-12 13:13:00-04:00,L,9315.75,9291.5,9291.75,24.0,-50.5,-1.0520833333333333,SL,1,L|swing
2020-05-12 13:14:00-04:00,2020-05-12 13:14:00-04:00,2020-05-12 15:18:00-04:00,S,9292.5,9234.5,9331.75,39.25,114.0,1.4522292993630572,TP,1,S|swing
2020-05-13 10:38:00-04:00,2020-05-13 10:38:00-04:00,2020-05-13 10:57:00-04:00,L,9187.75,9138.75,9139.0,48.75,-100.0,-1.0256410256410255,SL,1,L|swing
2020-05-13 11:02:00-04:00,2020-05-13 11:02:00-04:00,2020-05-13 11:47:00-04:00,S,9121.5,9000.5,9202.75,81.25,240.0,1.476923076923077,TP,1,S|swing
2020-05-14 11:17:00-04:00,2020-05-14 11:17:00-04:00,2020-05-14 15:59:00-04:00,L,8969.5,9086.5,8884.75,84.75,232.0,1.368731563421829,time,1,L|swing
2020-05-18 10:23:00-04:00,2020-05-18 10:23:00-04:00,2020-05-18 15:59:00-04:00,L,9288.5,9319.75,9236.25,52.25,60.5,0.5789473684210527,time,1,L|swing
2020-05-19 14:59:00-04:00,2020-05-19 14:59:00-04:00,2020-05-19 15:59:00-04:00,S,9352.0,9291.25,9417.0,65.0,119.5,0.9192307692307692,time,1,S|swing
2020-05-20 09:44:00-04:00,2020-05-20 09:44:00-04:00,2020-05-20 15:59:00-04:00,L,9440.0,9480.0,9397.25,42.75,78.0,0.9122807017543859,time,1,L|swing
2020-05-21 10:35:00-04:00,2020-05-21 10:35:00-04:00,2020-05-21 15:59:00-04:00,S,9411.0,9378.25,9467.0,56.0,63.5,0.5669642857142857,time,1,S|swing
2020-05-22 12:56:00-04:00,2020-05-22 12:56:00-04:00,2020-05-22 14:09:00-04:00,L,9385.0,9411.25,9367.0,18.0,50.5,1.4027777777777777,TP,1,L|swing
2020-05-28 09:38:00-04:00,2020-05-28 09:38:00-04:00,2020-05-28 12:38:00-04:00,L,9423.25,9529.25,9352.0,71.25,210.0,1.4736842105263157,TP,1,L|swing
2020-05-29 10:11:00-04:00,2020-05-29 10:11:00-04:00,2020-05-29 14:10:00-04:00,S,9408.25,9483.25,9483.0,74.75,-152.0,-1.0167224080267558,SL,1,S|swing
2020-06-03 10:02:00-04:00,2020-06-03 10:02:00-04:00,2020-06-03 12:09:00-04:00,L,9694.75,9650.25,9650.5,44.25,-91.0,-1.0282485875706215,SL,1,L|swing
2020-06-03 13:32:00-04:00,2020-06-03 13:32:00-04:00,2020-06-03 15:23:00-04:00,L,9680.75,9708.25,9661.75,19.0,53.0,1.394736842105263,TP,1,L|swing
2020-06-04 11:26:00-04:00,2020-06-04 11:26:00-04:00,2020-06-04 15:59:00-04:00,S,9651.0,9627.75,9718.0,67.0,44.5,0.332089552238806,time,1,S|swing
2020-06-08 09:59:00-04:00,2020-06-08 09:59:00-04:00,2020-06-08 13:21:00-04:00,S,9785.0,9829.5,9829.25,44.25,-91.0,-1.0282485875706215,SL,1,S|swing
2020-06-10 12:23:00-04:00,2020-06-10 12:23:00-04:00,2020-06-10 14:15:00-04:00,L,10065.75,10121.25,10028.25,37.5,109.0,1.4533333333333334,TP,1,L|swing
2020-06-11 11:41:00-04:00,2020-06-11 11:41:00-04:00,2020-06-11 12:19:00-04:00,S,9871.5,9796.25,9922.25,50.75,148.5,1.4630541871921183,TP,1,S|swing
2020-06-12 09:44:00-04:00,2020-06-12 09:44:00-04:00,2020-06-12 10:15:00-04:00,L,9839.75,9771.75,9772.0,67.75,-138.0,-1.018450184501845,SL,1,L|swing
2020-06-16 10:53:00-04:00,2020-06-16 10:53:00-04:00,2020-06-16 15:59:00-04:00,S,9894.5,9953.5,10009.75,115.25,-120.0,-0.5206073752711496,time,1,S|swing
2020-06-22 10:17:00-04:00,2020-06-22 10:17:00-04:00,2020-06-22 15:59:00-04:00,L,10047.25,10114.75,9982.5,64.75,133.0,1.027027027027027,time,1,L|swing
2020-06-23 10:59:00-04:00,2020-06-23 10:59:00-04:00,2020-06-23 11:18:00-04:00,L,10213.75,10239.75,10195.75,18.0,50.0,1.3888888888888888,TP,1,L|swing
2020-06-24 10:11:00-04:00,2020-06-24 10:11:00-04:00,2020-06-24 15:59:00-04:00,S,10099.5,9993.75,10221.5,122.0,209.5,0.8586065573770492,time,1,S|swing
2020-06-25 12:02:00-04:00,2020-06-25 12:02:00-04:00,2020-06-25 15:59:00-04:00,L,10012.0,10087.0,9951.25,60.75,148.0,1.2181069958847737,time,1,L|swing
2020-06-29 10:53:00-04:00,2020-06-29 10:53:00-04:00,2020-06-29 11:11:00-04:00,L,9859.5,9834.0,9834.25,25.25,-53.0,-1.0495049504950495,SL,1,L|swing
2020-06-30 09:38:00-04:00,2020-06-30 09:38:00-04:00,2020-06-30 10:59:00-04:00,L,9992.0,10065.0,9942.75,49.25,144.0,1.4619289340101522,TP,1,L|swing
2020-07-03 10:29:00-04:00,2020-07-03 10:29:00-04:00,2020-07-03 10:34:00-04:00,S,10340.75,10321.0,10354.5,13.75,37.5,1.3636363636363635,TP,1,S|swing
2020-07-06 09:59:00-04:00,2020-07-06 09:59:00-04:00,2020-07-06 11:11:00-04:00,L,10519.0,10592.25,10469.5,49.5,144.5,1.4595959595959596,TP,1,L|swing
2020-07-08 11:23:00-04:00,2020-07-08 11:23:00-04:00,2020-07-08 15:10:00-04:00,S,10518.5,10633.0,10632.75,114.25,-231.0,-1.0109409190371992,SL,1,S|swing
2020-07-09 09:56:00-04:00,2020-07-09 09:56:00-04:00,2020-07-09 10:17:00-04:00,L,10732.5,10688.5,10688.75,43.75,-90.0,-1.0285714285714285,SL,1,L|swing
2020-07-09 12:59:00-04:00,2020-07-09 12:59:00-04:00,2020-07-09 14:48:00-04:00,L,10683.75,10736.75,10647.75,36.0,104.0,1.4444444444444444,TP,1,L|swing
2020-07-10 09:53:00-04:00,2020-07-10 09:53:00-04:00,2020-07-10 13:07:00-04:00,S,10673.75,10749.75,10749.5,75.75,-154.0,-1.0165016501650166,SL,1,S|swing
2020-07-15 09:50:00-04:00,2020-07-15 09:50:00-04:00,2020-07-15 11:03:00-04:00,L,10747.5,10676.75,10677.0,70.5,-143.5,-1.0177304964539007,SL,1,L|swing
2020-07-16 11:05:00-04:00,2020-07-16 11:05:00-04:00,2020-07-16 12:44:00-04:00,S,10496.75,10569.0,10568.75,72.0,-146.5,-1.0173611111111112,SL,1,S|swing
2020-07-17 09:47:00-04:00,2020-07-17 09:47:00-04:00,2020-07-17 14:53:00-04:00,S,10571.0,10659.0,10658.75,87.75,-178.0,-1.0142450142450143,SL,1,S|swing
2020-07-22 09:38:00-04:00,2020-07-22 09:38:00-04:00,2020-07-22 09:53:00-04:00,S,10837.5,10879.5,10879.25,41.75,-86.0,-1.029940119760479,SL,1,S|swing
2020-07-22 09:56:00-04:00,2020-07-22 09:56:00-04:00,2020-07-22 10:47:00-04:00,L,10891.75,10820.0,10820.25,71.5,-145.5,-1.0174825174825175,SL,1,L|swing
2020-07-24 10:53:00-04:00,2020-07-24 10:53:00-04:00,2020-07-24 13:14:00-04:00,L,10458.0,10391.5,10391.75,66.25,-135.0,-1.0188679245283019,SL,1,L|swing
2020-07-24 14:08:00-04:00,2020-07-24 14:08:00-04:00,2020-07-24 15:31:00-04:00,L,10505.5,10428.75,10429.0,76.5,-155.5,-1.0163398692810457,SL,1,L|swing
2020-07-27 09:53:00-04:00,2020-07-27 09:53:00-04:00,2020-07-27 11:38:00-04:00,L,10618.5,10513.0,10513.25,105.25,-213.0,-1.01187648456057,SL,1,L|swing
2020-07-27 13:23:00-04:00,2020-07-27 13:23:00-04:00,2020-07-27 14:23:00-04:00,L,10606.0,10640.0,10582.75,23.25,66.0,1.4193548387096775,TP,1,L|swing
2020-07-28 09:56:00-04:00,2020-07-28 09:56:00-04:00,2020-07-28 11:40:00-04:00,S,10573.25,10647.25,10647.0,73.75,-150.0,-1.0169491525423728,SL,1,S|swing
2020-07-29 10:26:00-04:00,2020-07-29 10:26:00-04:00,2020-07-29 12:08:00-04:00,L,10618.5,10594.25,10594.5,24.0,-50.5,-1.0520833333333333,SL,1,L|swing
2020-07-29 14:41:00-04:00,2020-07-29 14:41:00-04:00,2020-07-29 15:02:00-04:00,L,10667.75,10626.25,10626.5,41.25,-85.0,-1.0303030303030303,SL,1,L|swing
2020-08-03 09:41:00-04:00,2020-08-03 09:41:00-04:00,2020-08-03 15:59:00-04:00,L,11025.0,11037.75,10971.25,53.75,23.5,0.2186046511627907,time,1,L|swing
2020-08-04 12:17:00-04:00,2020-08-04 12:17:00-04:00,2020-08-04 13:15:00-04:00,S,11015.0,11048.0,11047.75,32.75,-68.0,-1.0381679389312977,SL,1,S|swing
2020-08-04 13:23:00-04:00,2020-08-04 13:23:00-04:00,2020-08-04 14:30:00-04:00,L,11051.5,11012.5,11012.75,38.75,-80.0,-1.032258064516129,SL,1,L|swing
2020-08-04 14:35:00-04:00,2020-08-04 14:35:00-04:00,2020-08-04 15:55:00-04:00,S,10997.0,11060.5,11060.25,63.25,-129.0,-1.0197628458498025,SL,1,S|swing
2020-08-05 11:08:00-04:00,2020-08-05 11:08:00-04:00,2020-08-05 11:43:00-04:00,L,11120.75,11092.5,11092.75,28.0,-58.5,-1.0446428571428572,SL,1,L|swing
2020-08-05 11:47:00-04:00,2020-08-05 11:47:00-04:00,2020-08-05 13:35:00-04:00,S,11091.0,11116.0,11115.75,24.75,-52.0,-1.0505050505050506,SL,1,S|swing
2020-08-07 11:47:00-04:00,2020-08-07 11:47:00-04:00,2020-08-07 11:50:00-04:00,S,11219.75,11210.5,11226.5,6.75,16.5,1.2222222222222223,TP,1,S|swing
2020-08-10 09:53:00-04:00,2020-08-10 09:53:00-04:00,2020-08-10 10:44:00-04:00,S,11094.0,11015.75,11146.75,52.75,154.5,1.4644549763033174,TP,1,S|swing
2020-08-10 12:53:00-04:00,2020-08-10 12:53:00-04:00,2020-08-10 15:59:00-04:00,L,11079.75,11078.25,11006.75,73.0,-5.0,-0.03424657534246575,time,1,L|swing
2020-08-11 14:32:00-04:00,2020-08-11 14:32:00-04:00,2020-08-11 15:46:00-04:00,S,10985.0,10887.75,11050.5,65.5,192.5,1.4694656488549618,TP,1,S|swing
2020-08-12 09:56:00-04:00,2020-08-12 09:56:00-04:00,2020-08-12 15:59:00-04:00,L,11056.0,11146.25,10935.75,120.25,178.5,0.7422037422037422,time,1,L|swing
2020-08-14 09:56:00-04:00,2020-08-14 09:56:00-04:00,2020-08-14 10:17:00-04:00,S,11175.25,11128.5,11207.0,31.75,91.5,1.4409448818897639,TP,1,S|swing
2020-08-17 13:17:00-04:00,2020-08-17 13:17:00-04:00,2020-08-17 15:39:00-04:00,L,11279.25,11296.0,11267.5,11.75,31.5,1.3404255319148937,TP,1,L|swing
2020-08-18 11:32:00-04:00,2020-08-18 11:32:00-04:00,2020-08-18 12:46:00-04:00,L,11353.75,11385.25,11332.25,21.5,61.0,1.4186046511627908,TP,1,L|swing
2020-08-19 10:38:00-04:00,2020-08-19 10:38:00-04:00,2020-08-19 14:17:00-04:00,L,11407.75,11367.25,11367.5,40.25,-83.0,-1.031055900621118,SL,1,L|swing
2020-08-19 14:20:00-04:00,2020-08-19 14:20:00-04:00,2020-08-19 15:59:00-04:00,S,11322.5,11319.5,11432.0,109.5,4.0,0.0182648401826484,time,1,S|swing
2020-08-20 09:59:00-04:00,2020-08-20 09:59:00-04:00,2020-08-20 15:59:00-04:00,L,11368.75,11473.25,11266.25,102.5,207.0,1.0097560975609756,time,1,L|swing
2020-08-24 09:41:00-04:00,2020-08-24 09:41:00-04:00,2020-08-24 09:52:00-04:00,L,11721.75,11681.25,11681.5,40.25,-83.0,-1.031055900621118,SL,1,L|swing
2020-08-24 13:41:00-04:00,2020-08-24 13:41:00-04:00,2020-08-24 15:13:00-04:00,S,11599.75,11547.75,11635.0,35.25,102.0,1.446808510638298,TP,1,S|swing
2020-08-26 09:44:00-04:00,2020-08-26 09:44:00-04:00,2020-08-26 10:27:00-04:00,L,11780.0,11805.75,11762.25,17.75,49.5,1.3943661971830985,TP,1,L|swing
2020-08-27 10:11:00-04:00,2020-08-27 10:11:00-04:00,2020-08-27 10:34:00-04:00,S,11915.5,12007.0,12006.75,91.25,-185.0,-1.0136986301369864,SL,1,S|swing
2020-08-27 12:35:00-04:00,2020-08-27 12:35:00-04:00,2020-08-27 12:53:00-04:00,S,11938.75,11835.25,12008.25,69.5,205.0,1.474820143884892,TP,1,S|swing
2020-08-27 14:32:00-04:00,2020-08-27 14:32:00-04:00,2020-08-27 15:50:00-04:00,L,11971.0,11939.25,11939.5,31.5,-65.5,-1.0396825396825398,SL,1,L|swing
2020-08-28 12:44:00-04:00,2020-08-28 12:44:00-04:00,2020-08-28 15:39:00-04:00,S,11962.0,12000.0,11999.75,37.75,-78.0,-1.033112582781457,SL,1,S|swing
2020-08-31 09:50:00-04:00,2020-08-31 09:50:00-04:00,2020-08-31 13:15:00-04:00,L,12043.25,12118.25,11992.75,50.5,148.0,1.4653465346534653,TP,1,L|swing
2020-09-01 10:32:00-04:00,2020-09-01 10:32:00-04:00,2020-09-01 15:59:00-04:00,L,12258.75,12293.75,12199.75,59.0,68.0,0.576271186440678,time,1,L|swing
2020-09-04 09:35:00-04:00,2020-09-04 09:35:00-04:00,2020-09-04 09:44:00-04:00,L,11814.5,11682.5,11682.75,131.75,-266.0,-1.0094876660341556,SL,1,L|swing
2020-09-04 09:47:00-04:00,2020-09-04 09:47:00-04:00,2020-09-04 10:43:00-04:00,S,11584.0,11195.75,11843.5,259.5,774.5,1.4922928709055876,TP,1,S|swing
2020-09-07 10:47:00-04:00,2020-09-07 10:47:00-04:00,2020-09-07 12:49:00-04:00,L,11496.75,11496.75,11456.0,40.75,-2.0,-0.024539877300613498,time,1,L|swing
2020-09-08 14:41:00-04:00,2020-09-08 14:41:00-04:00,2020-09-08 15:59:00-04:00,S,11139.25,11068.75,11251.5,112.25,139.0,0.6191536748329621,time,1,S|swing
2020-09-09 10:32:00-04:00,2020-09-09 10:32:00-04:00,2020-09-09 15:59:00-04:00,L,11348.75,11386.0,11230.0,118.75,72.5,0.30526315789473685,time,1,L|swing
2020-09-14 09:44:00-04:00,2020-09-14 09:44:00-04:00,2020-09-14 13:32:00-04:00,L,11280.5,11207.5,11207.75,72.75,-148.0,-1.0171821305841924,SL,1,L|swing
2020-09-15 12:47:00-04:00,2020-09-15 12:47:00-04:00,2020-09-15 14:02:00-04:00,L,11478.0,11455.0,11455.25,22.75,-48.0,-1.054945054945055,SL,1,L|swing
2020-09-21 10:44:00-04:00,2020-09-21 10:44:00-04:00,2020-09-21 11:52:00-04:00,S,10673.75,10792.5,10792.25,118.5,-239.5,-1.010548523206751,SL,1,S|swing
2020-09-21 14:50:00-04:00,2020-09-21 14:50:00-04:00,2020-09-21 14:58:00-04:00,S,10773.25,10819.25,10819.0,45.75,-94.0,-1.0273224043715847,SL,1,S|swing
2020-09-22 12:29:00-04:00,2020-09-22 12:29:00-04:00,2020-09-22 12:52:00-04:00,L,11047.75,11012.5,11012.75,35.0,-72.5,-1.0357142857142858,SL,1,L|swing
2020-09-24 09:56:00-04:00,2020-09-24 09:56:00-04:00,2020-09-24 15:59:00-04:00,L,10829.75,10877.5,10703.75,126.0,93.5,0.37103174603174605,time,1,L|swing
2020-09-28 13:35:00-04:00,2020-09-28 13:35:00-04:00,2020-09-28 15:59:00-04:00,L,11319.5,11359.75,11263.75,55.75,78.5,0.7040358744394619,time,1,L|swing
2020-09-29 10:44:00-04:00,2020-09-29 10:44:00-04:00,2020-09-29 15:59:00-04:00,S,11313.25,11310.25,11376.25,63.0,4.0,0.031746031746031744,time,1,S|swing
2020-10-01 13:11:00-04:00,2020-10-01 13:11:00-04:00,2020-10-01 14:01:00-04:00,L,11558.25,11520.75,11521.0,37.25,-77.0,-1.0335570469798658,SL,1,L|swing
2020-10-01 14:20:00-04:00,2020-10-01 14:20:00-04:00,2020-10-01 14:51:00-04:00,S,11520.75,11579.5,11579.25,58.5,-119.5,-1.0213675213675213,SL,1,S|swing
2020-10-02 11:59:00-04:00,2020-10-02 11:59:00-04:00,2020-10-02 15:59:00-04:00,S,11271.0,11244.25,11374.25,103.25,51.5,0.24939467312348668,time,1,S|swing
2020-10-05 09:50:00-04:00,2020-10-05 09:50:00-04:00,2020-10-05 10:03:00-04:00,L,11348.75,11389.75,11320.75,28.0,80.0,1.4285714285714286,TP,1,L|swing
2020-10-06 11:20:00-04:00,2020-10-06 11:20:00-04:00,2020-10-06 14:06:00-04:00,S,11415.0,11477.5,11477.25,62.25,-127.0,-1.0200803212851406,SL,1,S|swing
2020-10-07 11:02:00-04:00,2020-10-07 11:02:00-04:00,2020-10-07 14:23:00-04:00,L,11417.5,11499.5,11362.25,55.25,162.0,1.4660633484162895,TP,1,L|swing
2020-10-08 09:47:00-04:00,2020-10-08 09:47:00-04:00,2020-10-08 15:59:00-04:00,S,11525.25,11536.5,11577.25,52.0,-24.5,-0.23557692307692307,time,1,S|swing
2020-10-12 11:11:00-04:00,2020-10-12 11:11:00-04:00,2020-10-12 12:41:00-04:00,L,11996.25,12101.25,11925.75,70.5,208.0,1.475177304964539,TP,1,L|swing
2020-10-13 11:38:00-04:00,2020-10-13 11:38:00-04:00,2020-10-13 12:03:00-04:00,L,12170.5,12124.25,12124.5,46.0,-94.5,-1.0271739130434783,SL,1,L|swing
2020-10-13 12:17:00-04:00,2020-10-13 12:17:00-04:00,2020-10-13 15:59:00-04:00,S,12083.75,12074.5,12151.25,67.5,16.5,0.12222222222222222,time,1,S|swing
2020-10-14 10:26:00-04:00,2020-10-14 10:26:00-04:00,2020-10-14 12:23:00-04:00,S,12051.5,11917.0,12141.75,90.25,267.0,1.479224376731302,TP,1,S|swing
2020-10-15 12:50:00-04:00,2020-10-15 12:50:00-04:00,2020-10-15 12:52:00-04:00,S,11785.0,11808.5,11808.25,23.25,-49.0,-1.053763440860215,SL,1,S|swing
2020-10-15 13:17:00-04:00,2020-10-15 13:17:00-04:00,2020-10-15 13:36:00-04:00,S,11792.75,11820.75,11820.5,27.75,-58.0,-1.045045045045045,SL,1,S|swing
2020-10-15 13:41:00-04:00,2020-10-15 13:41:00-04:00,2020-10-15 15:26:00-04:00,L,11831.0,11903.75,11782.0,49.0,143.5,1.4642857142857142,TP,1,L|swing
2020-10-16 14:56:00-04:00,2020-10-16 14:56:00-04:00,2020-10-16 15:04:00-04:00,L,11962.0,11928.25,11928.5,33.5,-69.5,-1.037313432835821,SL,1,L|swing
2020-10-20 12:20:00-04:00,2020-10-20 12:20:00-04:00,2020-10-20 13:14:00-04:00,L,11697.25,11756.75,11657.0,40.25,117.0,1.453416149068323,TP,1,L|swing
2020-10-21 11:29:00-04:00,2020-10-21 11:29:00-04:00,2020-10-21 12:21:00-04:00,S,11668.0,11711.5,11711.25,43.25,-89.0,-1.0289017341040463,SL,1,S|swing
2020-10-21 14:05:00-04:00,2020-10-21 14:05:00-04:00,2020-10-21 14:36:00-04:00,L,11694.25,11733.75,11667.25,27.0,77.0,1.4259259259259258,TP,1,L|swing
2020-10-22 09:35:00-04:00,2020-10-22 09:35:00-04:00,2020-10-22 09:59:00-04:00,L,11702.5,11665.25,11665.5,37.0,-76.5,-1.0337837837837838,SL,1,L|swing
2020-10-22 10:02:00-04:00,2020-10-22 10:02:00-04:00,2020-10-22 10:25:00-04:00,S,11658.75,11573.75,11716.0,57.25,168.0,1.4672489082969433,TP,1,S|swing
2020-10-22 13:17:00-04:00,2020-10-22 13:17:00-04:00,2020-10-22 15:59:00-04:00,L,11644.5,11653.75,11565.25,79.25,16.5,0.10410094637223975,time,1,L|swing
2020-10-23 09:35:00-04:00,2020-10-23 09:35:00-04:00,2020-10-23 15:59:00-04:00,S,11623.25,11680.25,11682.75,59.5,-116.0,-0.9747899159663865,time,1,S|swing
2020-10-26 11:05:00-04:00,2020-10-26 11:05:00-04:00,2020-10-26 13:30:00-04:00,S,11508.5,11355.25,11611.25,102.75,304.5,1.4817518248175183,TP,1,S|swing
2020-10-27 11:17:00-04:00,2020-10-27 11:17:00-04:00,2020-10-27 11:32:00-04:00,L,11587.25,11542.25,11542.5,44.75,-92.0,-1.0279329608938548,SL,1,L|swing
2020-10-27 13:32:00-04:00,2020-10-27 13:32:00-04:00,2020-10-27 14:19:00-04:00,L,11598.0,11555.0,11555.25,42.75,-88.0,-1.0292397660818713,SL,1,L|swing
2020-10-29 09:59:00-04:00,2020-10-29 09:59:00-04:00,2020-10-29 14:00:00-04:00,L,11261.0,11396.75,11170.0,91.0,269.5,1.4807692307692308,TP,1,L|swing
2020-10-30 09:53:00-04:00,2020-10-30 09:53:00-04:00,2020-10-30 13:38:00-04:00,S,11153.75,10963.0,11281.5,127.75,379.5,1.4853228962818004,TP,1,S|swing
2020-11-03 09:59:00-05:00,2020-11-03 09:59:00-05:00,2020-11-03 11:00:00-05:00,L,11198.5,11343.75,11101.0,97.5,288.5,1.4794871794871796,TP,1,L|swing
2020-11-04 10:14:00-05:00,2020-11-04 10:14:00-05:00,2020-11-04 15:59:00-05:00,L,11730.25,11759.75,11565.75,164.5,57.0,0.17325227963525835,time,1,L|swing
2020-11-05 13:50:00-05:00,2020-11-05 13:50:00-05:00,2020-11-05 14:41:00-05:00,L,12057.5,12096.25,12031.0,26.5,75.5,1.4245283018867925,TP,1,L|swing
2020-11-06 10:05:00-05:00,2020-11-06 10:05:00-05:00,2020-11-06 10:18:00-05:00,S,11914.0,11979.75,11979.5,65.5,-133.5,-1.0190839694656488,SL,1,S|swing
2020-11-06 10:23:00-05:00,2020-11-06 10:23:00-05:00,2020-11-06 15:59:00-05:00,L,11981.25,12080.25,11883.0,98.25,196.0,0.9974554707379135,time,1,L|swing
2020-11-09 09:41:00-05:00,2020-11-09 09:41:00-05:00,2020-11-09 10:05:00-05:00,S,12078.5,12217.5,12217.25,138.75,-280.0,-1.009009009009009,SL,1,S|swing
2020-11-09 14:20:00-05:00,2020-11-09 14:20:00-05:00,2020-11-09 15:49:00-05:00,S,12032.0,11929.0,12101.25,69.25,204.0,1.4729241877256318,TP,1,S|swing
2020-11-10 10:38:00-05:00,2020-11-10 10:38:00-05:00,2020-11-10 11:41:00-05:00,S,11516.0,11682.0,11681.75,165.75,-334.0,-1.0075414781297134,SL,1,S|swing
2020-11-10 14:17:00-05:00,2020-11-10 14:17:00-05:00,2020-11-10 15:59:00-05:00,S,11606.0,11620.0,11690.0,84.0,-30.0,-0.17857142857142858,time,1,S|swing
2020-11-11 10:08:00-05:00,2020-11-11 10:08:00-05:00,2020-11-11 14:07:00-05:00,L,11814.0,11895.25,11759.25,54.75,160.5,1.4657534246575343,TP,1,L|swing
2020-11-12 10:17:00-05:00,2020-11-12 10:17:00-05:00,2020-11-12 11:38:00-05:00,L,11953.5,11888.75,11889.0,64.5,-131.5,-1.0193798449612403,SL,1,L|swing
2020-11-16 13:35:00-05:00,2020-11-16 13:35:00-05:00,2020-11-16 13:40:00-05:00,S,11958.25,11934.0,11975.0,16.75,46.5,1.3880597014925373,TP,1,S|swing
2020-11-16 14:17:00-05:00,2020-11-16 14:17:00-05:00,2020-11-16 15:59:00-05:00,L,11979.25,12013.25,11939.25,40.0,66.0,0.825,time,1,L|swing
2020-11-18 11:56:00-05:00,2020-11-18 11:56:00-05:00,2020-11-18 13:50:00-05:00,L,11992.75,11958.75,11959.0,33.75,-70.0,-1.037037037037037,SL,1,L|swing
2020-11-18 13:53:00-05:00,2020-11-18 13:53:00-05:00,2020-11-18 15:11:00-05:00,S,11963.75,12007.0,12006.75,43.0,-88.5,-1.0290697674418605,SL,1,S|swing
2020-11-19 14:41:00-05:00,2020-11-19 14:41:00-05:00,2020-11-19 15:59:00-05:00,L,11984.5,11981.0,11946.5,38.0,-9.0,-0.11842105263157894,time,1,L|swing
2020-11-20 11:08:00-05:00,2020-11-20 11:08:00-05:00,2020-11-20 11:32:00-05:00,L,12008.0,11991.5,11991.75,16.25,-35.0,-1.0769230769230769,SL,1,L|swing
2020-11-20 12:02:00-05:00,2020-11-20 12:02:00-05:00,2020-11-20 15:18:00-05:00,S,11980.0,11944.25,12004.5,24.5,69.5,1.4183673469387754,TP,1,S|swing
2020-11-23 10:17:00-05:00,2020-11-23 10:17:00-05:00,2020-11-23 15:59:00-05:00,S,11916.0,11904.5,12000.75,84.75,21.0,0.12389380530973451,time,1,S|swing
2020-11-24 09:38:00-05:00,2020-11-24 09:38:00-05:00,2020-11-24 10:41:00-05:00,S,11891.75,11962.5,11962.25,70.5,-143.5,-1.0177304964539007,SL,1,S|swing
2020-11-24 10:50:00-05:00,2020-11-24 10:50:00-05:00,2020-11-24 14:00:00-05:00,L,11978.5,12087.25,11905.5,73.0,215.5,1.476027397260274,TP,1,L|swing
2020-11-26 10:14:00-05:00,2020-11-26 10:14:00-05:00,2020-11-26 10:54:00-05:00,S,12190.25,12179.25,12198.25,8.0,20.0,1.25,TP,1,S|swing
2020-11-26 11:32:00-05:00,2020-11-26 11:32:00-05:00,2020-11-26 11:48:00-05:00,L,12197.25,12186.0,12186.25,11.0,-24.5,-1.1136363636363635,SL,1,L|swing
2020-11-26 11:56:00-05:00,2020-11-26 11:56:00-05:00,2020-11-26 12:18:00-05:00,S,12188.0,12170.75,12200.0,12.0,32.5,1.3541666666666667,TP,1,S|swing
2020-11-30 09:41:00-05:00,2020-11-30 09:41:00-05:00,2020-11-30 10:34:00-05:00,S,12258.25,12196.5,12300.0,41.75,121.5,1.4550898203592815,TP,1,S|swing
2020-12-01 10:08:00-05:00,2020-12-01 10:08:00-05:00,2020-12-01 15:59:00-05:00,L,12417.75,12450.25,12346.5,71.25,63.0,0.4421052631578947,time,1,L|swing
2020-12-02 14:11:00-05:00,2020-12-02 14:11:00-05:00,2020-12-02 14:16:00-05:00,S,12423.25,12436.5,12436.25,13.0,-28.5,-1.0961538461538463,SL,1,S|swing
2020-12-02 14:23:00-05:00,2020-12-02 14:23:00-05:00,2020-12-02 15:59:00-05:00,L,12439.5,12457.25,12413.75,25.75,33.5,0.6504854368932039,time,1,L|swing
2020-12-03 09:50:00-05:00,2020-12-03 09:50:00-05:00,2020-12-03 11:09:00-05:00,L,12498.0,12462.75,12463.0,35.0,-72.5,-1.0357142857142858,SL,1,L|swing
2020-12-03 11:17:00-05:00,2020-12-03 11:17:00-05:00,2020-12-03 11:55:00-05:00,S,12477.0,12507.75,12507.5,30.5,-63.5,-1.040983606557377,SL,1,S|swing
2020-12-03 11:59:00-05:00,2020-12-03 11:59:00-05:00,2020-12-03 12:36:00-05:00,L,12510.5,12481.75,12482.0,28.5,-59.5,-1.043859649122807,SL,1,L|swing
2020-12-04 10:11:00-05:00,2020-12-04 10:11:00-05:00,2020-12-04 15:59:00-05:00,L,12510.0,12529.0,12466.25,43.75,36.0,0.4114285714285714,time,1,L|swing
2020-12-08 09:56:00-05:00,2020-12-08 09:56:00-05:00,2020-12-08 12:00:00-05:00,S,12535.0,12588.0,12587.75,52.75,-108.0,-1.0236966824644549,SL,1,S|swing
2020-12-09 09:38:00-05:00,2020-12-09 09:38:00-05:00,2020-12-09 09:52:00-05:00,S,12598.5,12635.5,12635.25,36.75,-76.0,-1.034013605442177,SL,1,S|swing
2020-12-09 10:11:00-05:00,2020-12-09 10:11:00-05:00,2020-12-09 12:45:00-05:00,S,12582.75,12495.5,12641.5,58.75,172.5,1.4680851063829787,TP,1,S|swing
2020-12-10 10:02:00-05:00,2020-12-10 10:02:00-05:00,2020-12-10 15:59:00-05:00,L,12367.25,12398.0,12217.75,149.5,59.5,0.19899665551839466,time,1,L|swing
2020-12-11 11:38:00-05:00,2020-12-11 11:38:00-05:00,2020-12-11 13:38:00-05:00,S,12274.5,12323.0,12322.75,48.25,-99.0,-1.0259067357512954,SL,1,S|swing
2020-12-16 10:53:00-05:00,2020-12-16 10:53:00-05:00,2020-12-16 15:25:00-05:00,L,12627.0,12694.0,12581.75,45.25,132.0,1.4585635359116023,TP,1,L|swing
2020-12-17 09:41:00-05:00,2020-12-17 09:41:00-05:00,2020-12-17 09:56:00-05:00,L,12749.25,12731.75,12732.0,17.25,-37.0,-1.0724637681159421,SL,1,L|swing
2020-12-17 13:08:00-05:00,2020-12-17 13:08:00-05:00,2020-12-17 15:31:00-05:00,L,12730.5,12707.25,12707.5,23.0,-48.5,-1.0543478260869565,SL,1,L|swing
2020-12-18 09:47:00-05:00,2020-12-18 09:47:00-05:00,2020-12-18 14:57:00-05:00,S,12736.0,12656.75,12789.5,53.5,156.5,1.4626168224299065,TP,1,S|swing
2020-12-21 10:38:00-05:00,2020-12-21 10:38:00-05:00,2020-12-21 11:21:00-05:00,S,12482.25,12534.25,12534.0,51.75,-106.0,-1.0241545893719808,SL,1,S|swing
2020-12-24 09:38:00-05:00,2020-12-24 09:38:00-05:00,2020-12-24 13:04:00-05:00,L,12699.0,12703.0,12655.75,43.25,6.0,0.06936416184971098,time,1,L|swing
2020-12-28 11:26:00-05:00,2020-12-28 11:26:00-05:00,2020-12-28 15:59:00-05:00,L,12825.25,12833.25,12803.75,21.5,14.0,0.32558139534883723,time,1,L|swing
2020-12-29 09:35:00-05:00,2020-12-29 09:35:00-05:00,2020-12-29 09:55:00-05:00,L,12905.75,12877.75,12878.0,27.75,-58.0,-1.045045045045045,SL,1,L|swing
2020-12-29 09:59:00-05:00,2020-12-29 09:59:00-05:00,2020-12-29 15:59:00-05:00,S,12859.5,12847.0,12918.5,59.0,23.0,0.19491525423728814,time,1,S|swing
2020-12-30 09:38:00-05:00,2020-12-30 09:38:00-05:00,2020-12-30 10:38:00-05:00,S,12874.75,12822.75,12910.0,35.25,102.0,1.446808510638298,TP,1,S|swing
2020-12-30 14:56:00-05:00,2020-12-30 14:56:00-05:00,2020-12-30 15:20:00-05:00,S,12844.25,12823.0,12859.0,14.75,40.5,1.3728813559322033,TP,1,S|swing
2021-01-05 09:47:00-05:00,2021-01-05 09:47:00-05:00,2021-01-05 15:59:00-05:00,L,12742.75,12791.25,12639.0,103.75,95.0,0.4578313253012048,time,1,L|swing
2021-01-06 13:47:00-05:00,2021-01-06 13:47:00-05:00,2021-01-06 14:18:00-05:00,L,12789.5,12743.0,12743.25,46.25,-95.0,-1.027027027027027,SL,1,L|swing
2021-01-08 13:20:00-05:00,2021-01-08 13:20:00-05:00,2021-01-08 14:52:00-05:00,S,12995.75,13043.0,13042.75,47.0,-96.5,-1.0265957446808511,SL,1,S|swing
2021-01-11 11:14:00-05:00,2021-01-11 11:14:00-05:00,2021-01-11 11:31:00-05:00,S,12937.5,12986.75,12986.5,49.0,-100.5,-1.0255102040816326,SL,1,S|swing
2021-01-11 14:14:00-05:00,2021-01-11 14:14:00-05:00,2021-01-11 15:21:00-05:00,S,12935.0,12884.25,12969.5,34.5,99.5,1.4420289855072463,TP,1,S|swing
2021-01-14 11:56:00-05:00,2021-01-14 11:56:00-05:00,2021-01-14 15:12:00-05:00,S,12972.75,12927.25,13003.75,31.0,89.0,1.435483870967742,TP,1,S|swing
2021-01-15 10:11:00-05:00,2021-01-15 10:11:00-05:00,2021-01-15 15:59:00-05:00,S,12833.25,12799.5,12925.75,92.5,65.5,0.35405405405405405,time,1,S|swing
2021-01-19 12:02:00-05:00,2021-01-19 12:02:00-05:00,2021-01-19 13:45:00-05:00,L,12909.5,12979.5,12862.25,47.25,138.0,1.4603174603174602,TP,1,L|swing
2021-01-21 10:17:00-05:00,2021-01-21 10:17:00-05:00,2021-01-21 15:59:00-05:00,L,13370.75,13397.25,13292.25,78.5,51.0,0.3248407643312102,time,1,L|swing
2021-01-22 14:44:00-05:00,2021-01-22 14:44:00-05:00,2021-01-22 15:59:00-05:00,L,13376.25,13354.75,13355.0,21.25,-45.0,-1.0588235294117647,SL,1,L|swing
2021-01-25 09:38:00-05:00,2021-01-25 09:38:00-05:00,2021-01-25 10:47:00-05:00,L,13550.0,13486.5,13486.75,63.25,-129.0,-1.0197628458498025,SL,1,L|swing
2021-01-25 10:50:00-05:00,2021-01-25 10:50:00-05:00,2021-01-25 11:03:00-05:00,S,13450.25,13316.5,13540.0,89.75,265.5,1.4791086350974931,TP,1,S|swing
2021-01-25 13:23:00-05:00,2021-01-25 13:23:00-05:00,2021-01-25 15:13:00-05:00,L,13443.25,13390.25,13390.5,52.75,-108.0,-1.0236966824644549,SL,1,L|swing
2021-01-26 09:50:00-05:00,2021-01-26 09:50:00-05:00,2021-01-26 10:48:00-05:00,S,13442.25,13509.75,13509.5,67.25,-137.0,-1.0185873605947955,SL,1,S|swing
2021-01-26 14:23:00-05:00,2021-01-26 14:23:00-05:00,2021-01-26 14:26:00-05:00,L,13508.25,13497.0,13497.25,11.0,-24.5,-1.1136363636363635,SL,1,L|swing
2021-01-27 11:50:00-05:00,2021-01-27 11:50:00-05:00,2021-01-27 12:25:00-05:00,S,13244.25,13306.75,13306.5,62.25,-127.0,-1.0200803212851406,SL,1,S|swing
2021-01-27 14:50:00-05:00,2021-01-27 14:50:00-05:00,2021-01-27 15:59:00-05:00,S,13143.5,13120.5,13240.75,97.25,44.0,0.2262210796915167,time,1,S|swing
2021-01-29 11:08:00-05:00,2021-01-29 11:08:00-05:00,2021-01-29 11:35:00-05:00,S,13064.0,12977.25,13122.5,58.5,171.5,1.4658119658119657,TP,1,S|swing
2021-02-01 11:20:00-05:00,2021-02-01 11:20:00-05:00,2021-02-01 12:59:00-05:00,L,13125.5,13251.25,13041.0,84.5,249.5,1.4763313609467457,TP,1,L|swing
2021-02-02 09:35:00-05:00,2021-02-02 09:35:00-05:00,2021-02-02 11:57:00-05:00,L,13379.0,13453.25,13329.0,50.0,146.5,1.465,TP,1,L|swing
2021-02-04 12:05:00-05:00,2021-02-04 12:05:00-05:00,2021-02-04 13:12:00-05:00,L,13456.75,13491.5,13433.0,23.75,67.5,1.4210526315789473,TP,1,L|swing
2021-02-05 11:50:00-05:00,2021-02-05 11:50:00-05:00,2021-02-05 15:59:00-05:00,L,13576.5,13596.5,13534.5,42.0,38.0,0.4523809523809524,time,1,L|swing
2021-02-08 11:32:00-05:00,2021-02-08 11:32:00-05:00,2021-02-08 15:54:00-05:00,S,13614.5,13672.25,13672.0,57.5,-117.5,-1.0217391304347827,SL,1,S|swing
2021-02-09 09:50:00-05:00,2021-02-09 09:50:00-05:00,2021-02-09 15:59:00-05:00,L,13688.0,13680.25,13633.75,54.25,-17.5,-0.16129032258064516,time,1,L|swing
2021-02-10 09:53:00-05:00,2021-02-10 09:53:00-05:00,2021-02-10 10:19:00-05:00,S,13729.25,13680.75,13762.25,33.0,95.0,1.4393939393939394,TP,1,S|swing
2021-02-11 11:50:00-05:00,2021-02-11 11:50:00-05:00,2021-02-11 11:55:00-05:00,L,13737.0,13713.25,13713.5,23.5,-49.5,-1.053191489361702,SL,1,L|swing
2021-02-12 10:44:00-05:00,2021-02-12 10:44:00-05:00,2021-02-12 15:53:00-05:00,L,13717.75,13797.5,13664.0,53.75,157.5,1.4651162790697674,TP,1,L|swing
2021-02-16 10:41:00-05:00,2021-02-16 10:41:00-05:00,2021-02-16 10:54:00-05:00,L,13871.0,13820.0,13820.25,50.75,-104.0,-1.0246305418719213,SL,1,L|swing
2021-02-16 10:56:00-05:00,2021-02-16 10:56:00-05:00,2021-02-16 11:30:00-05:00,S,13833.5,13771.0,13875.75,42.25,123.0,1.455621301775148,TP,1,S|swing
2021-02-22 10:50:00-05:00,2021-02-22 10:50:00-05:00,2021-02-22 13:55:00-05:00,S,13332.5,13385.25,13385.0,52.5,-107.5,-1.0238095238095237,SL,1,S|swing
2021-02-23 09:47:00-05:00,2021-02-23 09:47:00-05:00,2021-02-23 10:25:00-05:00,S,12778.0,13016.75,13016.5,238.5,-479.5,-1.0052410901467506,SL,1,S|swing
2021-02-24 11:29:00-05:00,2021-02-24 11:29:00-05:00,2021-02-24 13:44:00-05:00,L,13160.5,13264.75,13090.5,70.0,206.5,1.475,TP,1,L|swing
2021-02-25 10:44:00-05:00,2021-02-25 10:44:00-05:00,2021-02-25 12:10:00-05:00,S,13108.5,12960.75,13207.5,99.0,293.5,1.4823232323232323,TP,1,S|swing
2021-02-26 10:14:00-05:00,2021-02-26 10:14:00-05:00,2021-02-26 11:34:00-05:00,S,12850.5,13005.25,13005.0,154.5,-311.5,-1.0080906148867315,SL,1,S|swing
2021-02-26 11:35:00-05:00,2021-02-26 11:35:00-05:00,2021-02-26 15:59:00-05:00,L,13005.0,12894.25,12894.5,110.5,-223.5,-1.01131221719457,SL,1,L|swing
2021-03-01 09:35:00-05:00,2021-03-01 09:35:00-05:00,2021-03-01 09:36:00-05:00,L,13087.5,13059.75,13060.0,27.5,-57.5,-1.0454545454545454,SL,1,L|swing
2021-03-01 09:41:00-05:00,2021-03-01 09:41:00-05:00,2021-03-01 10:00:00-05:00,S,13056.75,13116.25,13116.0,59.25,-121.0,-1.021097046413502,SL,1,S|swing
2021-03-02 09:56:00-05:00,2021-03-02 09:56:00-05:00,2021-03-02 15:50:00-05:00,S,13215.25,13083.75,13303.5,88.25,261.0,1.4787535410764872,TP,1,S|swing
2021-03-04 09:59:00-05:00,2021-03-04 09:59:00-05:00,2021-03-04 11:02:00-05:00,S,12589.75,12765.5,12765.25,175.5,-353.5,-1.0071225071225072,SL,1,S|swing
2021-03-04 12:29:00-05:00,2021-03-04 12:29:00-05:00,2021-03-04 13:52:00-05:00,S,12605.75,12340.75,12783.0,177.25,528.0,1.4894217207334273,TP,1,S|swing
2021-03-05 09:59:00-05:00,2021-03-05 09:59:00-05:00,2021-03-05 13:37:00-05:00,S,12423.25,12606.5,12606.25,183.0,-368.5,-1.0068306010928962,SL,1,S|swing
2021-03-08 11:47:00-05:00,2021-03-08 11:47:00-05:00,2021-03-08 15:05:00-05:00,S,12538.0,12367.25,12652.5,114.5,339.5,1.482532751091703,TP,1,S|swing
2021-03-09 09:53:00-05:00,2021-03-09 09:53:00-05:00,2021-03-09 13:04:00-05:00,L,12676.0,12822.25,12578.0,98.0,290.5,1.4821428571428572,TP,1,L|swing
2021-03-10 10:50:00-05:00,2021-03-10 10:50:00-05:00,2021-03-10 15:59:00-05:00,S,12785.0,12752.5,12872.75,87.75,63.0,0.358974358974359,time,1,S|swing
2021-03-11 11:11:00-05:00,2021-03-11 11:11:00-05:00,2021-03-11 13:07:00-05:00,L,13038.25,13117.75,12984.75,53.5,157.0,1.4672897196261683,TP,1,L|swing
2021-03-15 10:08:00-04:00,2021-03-15 10:08:00-04:00,2021-03-15 11:34:00-04:00,L,12961.75,12896.0,12896.25,65.5,-133.5,-1.0190839694656488,SL,1,L|swing
2021-03-15 12:44:00-04:00,2021-03-15 12:44:00-04:00,2021-03-15 13:04:00-04:00,L,12947.25,12965.5,12934.5,12.75,34.5,1.3529411764705883,TP,1,L|swing
2021-03-19 11:50:00-04:00,2021-03-19 11:50:00-04:00,2021-03-19 15:59:00-04:00,L,12831.75,12836.75,12757.5,74.25,8.0,0.05387205387205387,time,1,L|swing
2021-03-22 09:50:00-04:00,2021-03-22 09:50:00-04:00,2021-03-22 11:24:00-04:00,L,12987.75,13078.0,12927.0,60.75,178.5,1.4691358024691359,TP,1,L|swing
2021-03-23 10:56:00-04:00,2021-03-23 10:56:00-04:00,2021-03-23 14:59:00-04:00,L,13113.75,13050.5,13050.75,63.0,-128.5,-1.0198412698412698,SL,1,L|swing
2021-03-25 10:08:00-04:00,2021-03-25 10:08:00-04:00,2021-03-25 10:36:00-04:00,L,12825.0,12720.25,12720.5,104.5,-211.5,-1.0119617224880382,SL,1,L|swing
2021-03-25 10:44:00-04:00,2021-03-25 10:44:00-04:00,2021-03-25 15:50:00-04:00,S,12716.25,12818.25,12818.0,101.75,-206.0,-1.0122850122850122,SL,1,S|swing
2021-03-26 14:05:00-04:00,2021-03-26 14:05:00-04:00,2021-03-26 15:28:00-04:00,S,12783.5,12841.25,12841.0,57.5,-117.5,-1.0217391304347827,SL,1,S|swing
2021-03-29 12:44:00-04:00,2021-03-29 12:44:00-04:00,2021-03-29 15:59:00-04:00,L,12930.0,12955.75,12855.0,75.0,49.5,0.33,time,1,L|swing
2021-03-30 10:02:00-04:00,2021-03-30 10:02:00-04:00,2021-03-30 10:43:00-04:00,S,12818.5,12859.25,12859.0,40.5,-83.5,-1.0308641975308641,SL,1,S|swing
2021-04-06 13:14:00-04:00,2021-04-06 13:14:00-04:00,2021-04-06 15:59:00-04:00,S,13587.75,13572.25,13631.75,44.0,29.0,0.32954545454545453,time,1,S|swing
2021-04-07 10:05:00-04:00,2021-04-07 10:05:00-04:00,2021-04-07 15:59:00-04:00,L,13590.0,13604.25,13516.25,73.75,26.5,0.17966101694915254,time,1,L|swing
2021-04-08 11:59:00-04:00,2021-04-08 11:59:00-04:00,2021-04-08 12:48:00-04:00,L,13732.5,13717.0,13717.25,15.25,-33.0,-1.0819672131147542,SL,1,L|swing
2021-04-08 13:35:00-04:00,2021-04-08 13:35:00-04:00,2021-04-08 15:59:00-04:00,L,13733.25,13749.25,13716.0,17.25,30.0,0.8695652173913043,time,1,L|swing
2021-04-12 09:47:00-04:00,2021-04-12 09:47:00-04:00,2021-04-12 09:51:00-04:00,S,13783.0,13743.75,13809.75,26.75,76.5,1.4299065420560748,TP,1,S|swing
2021-04-12 14:59:00-04:00,2021-04-12 14:59:00-04:00,2021-04-12 15:42:00-04:00,S,13782.75,13803.75,13803.5,20.75,-44.0,-1.0602409638554218,SL,1,S|swing
2021-04-16 09:41:00-04:00,2021-04-16 09:41:00-04:00,2021-04-16 15:59:00-04:00,S,13990.5,14031.25,14047.75,57.25,-83.5,-0.7292576419213974,time,1,S|swing
2021-04-19 10:11:00-04:00,2021-04-19 10:11:00-04:00,2021-04-19 15:59:00-04:00,S,13919.5,13904.25,14011.75,92.25,28.5,0.15447154471544716,time,1,S|swing
2021-04-20 10:53:00-04:00,2021-04-20 10:53:00-04:00,2021-04-20 15:59:00-04:00,S,13787.25,13799.5,13895.25,108.0,-26.5,-0.12268518518518519,time,1,S|swing
2021-04-21 10:11:00-04:00,2021-04-21 10:11:00-04:00,2021-04-21 15:44:00-04:00,L,13788.5,13903.5,13711.25,77.25,228.0,1.4757281553398058,TP,1,L|swing
2021-04-22 09:41:00-04:00,2021-04-22 09:41:00-04:00,2021-04-22 10:28:00-04:00,S,13882.0,13914.75,13914.5,32.5,-67.5,-1.0384615384615385,SL,1,S|swing
2021-04-22 10:35:00-04:00,2021-04-22 10:35:00-04:00,2021-04-22 13:07:00-04:00,L,13926.0,13869.75,13870.0,56.0,-114.5,-1.0223214285714286,SL,1,L|swing
2021-04-22 13:17:00-04:00,2021-04-22 13:17:00-04:00,2021-04-22 15:59:00-04:00,S,13824.0,13750.75,13942.25,118.25,144.5,0.6109936575052854,time,1,S|swing
2021-04-23 09:35:00-04:00,2021-04-23 09:35:00-04:00,2021-04-23 10:47:00-04:00,L,13806.5,13866.25,13766.0,40.5,117.5,1.4506172839506173,TP,1,L|swing
2021-04-28 09:41:00-04:00,2021-04-28 09:41:00-04:00,2021-04-28 09:48:00-04:00,S,13913.0,13943.5,13943.25,30.25,-63.0,-1.0413223140495869,SL,1,S|swing
2021-04-28 09:50:00-04:00,2021-04-28 09:50:00-04:00,2021-04-28 12:00:00-04:00,L,13942.25,13885.0,13885.25,57.0,-116.5,-1.0219298245614035,SL,1,L|swing
2021-05-03 09:47:00-04:00,2021-05-03 09:47:00-04:00,2021-05-03 10:07:00-04:00,S,13854.5,13916.75,13916.5,62.0,-126.5,-1.0201612903225807,SL,1,S|swing
2021-05-03 10:14:00-04:00,2021-05-03 10:14:00-04:00,2021-05-03 10:53:00-04:00,L,13929.5,13850.5,13850.75,78.75,-160.0,-1.0158730158730158,SL,1,L|swing
2021-05-03 10:56:00-04:00,2021-05-03 10:56:00-04:00,2021-05-03 15:59:00-04:00,S,13853.0,13790.5,13937.0,84.0,123.0,0.7321428571428571,time,1,S|swing
2021-05-06 11:38:00-04:00,2021-05-06 11:38:00-04:00,2021-05-06 15:59:00-04:00,L,13528.25,13596.25,13407.25,121.0,134.0,0.5537190082644629,time,1,L|swing
2021-05-10 09:35:00-04:00,2021-05-10 09:35:00-04:00,2021-05-10 14:10:00-04:00,S,13573.5,13439.75,13663.25,89.75,265.5,1.4791086350974931,TP,1,S|swing
2021-05-10 14:20:00-04:00,2021-05-10 14:20:00-04:00,2021-05-10 15:59:00-04:00,S,13410.0,13356.5,13484.75,74.75,105.0,0.7023411371237458,time,1,S|swing
2021-05-11 09:44:00-04:00,2021-05-11 09:44:00-04:00,2021-05-11 15:59:00-04:00,L,13216.75,13343.75,13081.75,135.0,252.0,0.9333333333333333,time,1,L|swing
2021-05-14 10:17:00-04:00,2021-05-14 10:17:00-04:00,2021-05-14 14:51:00-04:00,L,13293.25,13416.75,13210.25,83.0,245.0,1.4759036144578312,TP,1,L|swing
2021-05-17 10:02:00-04:00,2021-05-17 10:02:00-04:00,2021-05-17 15:59:00-04:00,S,13243.0,13306.0,13343.25,100.25,-128.0,-0.6384039900249376,time,1,S|swing
2021-05-18 10:59:00-04:00,2021-05-18 10:59:00-04:00,2021-05-18 11:30:00-04:00,L,13383.75,13365.75,13366.0,17.75,-38.0,-1.0704225352112675,SL,1,L|swing
2021-05-18 11:47:00-04:00,2021-05-18 11:47:00-04:00,2021-05-18 14:35:00-04:00,S,13339.5,13269.5,13386.75,47.25,138.0,1.4603174603174602,TP,1,S|swing
2021-05-21 09:53:00-04:00,2021-05-21 09:53:00-04:00,2021-05-21 11:29:00-04:00,S,13516.75,13437.75,13570.0,53.25,156.0,1.4647887323943662,TP,1,S|swing
2021-05-24 09:38:00-04:00,2021-05-24 09:38:00-04:00,2021-05-24 12:03:00-04:00,L,13560.75,13661.75,13492.75,68.0,200.0,1.4705882352941178,TP,1,L|swing
2021-05-26 11:08:00-04:00,2021-05-26 11:08:00-04:00,2021-05-26 11:31:00-04:00,L,13708.75,13690.5,13690.75,18.0,-38.5,-1.0694444444444444,SL,1,L|swing
2021-05-26 13:47:00-04:00,2021-05-26 13:47:00-04:00,2021-05-26 14:45:00-04:00,S,13689.25,13710.25,13710.0,20.75,-44.0,-1.0602409638554218,SL,1,S|swing
2021-05-28 09:59:00-04:00,2021-05-28 09:59:00-04:00,2021-05-28 10:28:00-04:00,L,13723.25,13695.25,13695.5,27.75,-58.0,-1.045045045045045,SL,1,L|swing
2021-06-03 09:44:00-04:00,2021-06-03 09:44:00-04:00,2021-06-03 10:59:00-04:00,S,13489.75,13571.25,13571.0,81.25,-165.0,-1.0153846153846153,SL,1,S|swing
2021-06-07 11:32:00-04:00,2021-06-07 11:32:00-04:00,2021-06-07 12:06:00-04:00,S,13727.0,13751.5,13751.25,24.25,-51.0,-1.0515463917525774,SL,1,S|swing
2021-06-08 10:05:00-04:00,2021-06-08 10:05:00-04:00,2021-06-08 15:59:00-04:00,S,13832.5,13809.25,13917.0,84.5,44.5,0.26331360946745563,time,1,S|swing
2021-06-09 10:14:00-04:00,2021-06-09 10:14:00-04:00,2021-06-09 15:59:00-04:00,S,13838.75,13816.0,13904.25,65.5,43.5,0.3320610687022901,time,1,S|swing
2021-06-10 13:59:00-04:00,2021-06-10 13:59:00-04:00,2021-06-10 15:59:00-04:00,L,13958.25,13959.75,13921.0,37.25,1.0,0.013422818791946308,time,1,L|swing
2021-06-11 10:17:00-04:00,2021-06-11 10:17:00-04:00,2021-06-11 10:43:00-04:00,L,13982.0,13950.25,13950.5,31.5,-65.5,-1.0396825396825398,SL,1,L|swing
2021-06-18 11:14:00-04:00,2021-06-18 11:14:00-04:00,2021-06-18 15:59:00-04:00,S,14029.0,14042.0,14115.25,86.25,-28.0,-0.16231884057971013,time,1,S|swing
2021-06-21 10:59:00-04:00,2021-06-21 10:59:00-04:00,2021-06-21 15:59:00-04:00,L,14097.25,14128.0,14033.75,63.5,59.5,0.468503937007874,time,1,L|swing
2021-06-22 10:08:00-04:00,2021-06-22 10:08:00-04:00,2021-06-22 15:00:00-04:00,L,14164.75,14239.75,14114.25,50.5,148.0,1.4653465346534653,TP,1,L|swing
2021-06-23 12:38:00-04:00,2021-06-23 12:38:00-04:00,2021-06-23 15:28:00-04:00,S,14239.25,14289.75,14289.5,50.25,-103.0,-1.0248756218905473,SL,1,S|swing
2021-06-24 09:50:00-04:00,2021-06-24 09:50:00-04:00,2021-06-24 12:13:00-04:00,L,14373.75,14417.75,14343.75,30.0,86.0,1.4333333333333333,TP,1,L|swing
2021-06-25 09:56:00-04:00,2021-06-25 09:56:00-04:00,2021-06-25 15:59:00-04:00,S,14335.0,14339.5,14391.0,56.0,-11.0,-0.09821428571428571,time,1,S|swing
2021-06-30 12:38:00-04:00,2021-06-30 12:38:00-04:00,2021-06-30 15:34:00-04:00,S,14535.25,14560.5,14560.25,25.0,-52.5,-1.05,SL,1,S|swing
2021-07-01 11:08:00-04:00,2021-07-01 11:08:00-04:00,2021-07-01 14:34:00-04:00,S,14504.5,14544.75,14544.5,40.0,-82.5,-1.03125,SL,1,S|swing
2021-07-02 12:56:00-04:00,2021-07-02 12:56:00-04:00,2021-07-02 15:23:00-04:00,L,14682.75,14705.5,14667.0,15.75,43.5,1.380952380952381,TP,1,L|swing
2021-07-05 11:50:00-04:00,2021-07-05 11:50:00-04:00,2021-07-05 12:49:00-04:00,S,14694.5,14696.0,14698.5,4.0,-5.0,-0.625,time,1,S|swing
2021-07-06 13:59:00-04:00,2021-07-06 13:59:00-04:00,2021-07-06 15:22:00-04:00,L,14735.25,14770.0,14711.5,23.75,67.5,1.4210526315789473,TP,1,L|swing
2021-07-09 10:41:00-04:00,2021-07-09 10:41:00-04:00,2021-07-09 10:53:00-04:00,L,14725.5,14758.0,14703.25,22.25,63.0,1.4157303370786516,TP,1,L|swing
2021-07-12 09:53:00-04:00,2021-07-12 09:53:00-04:00,2021-07-12 15:59:00-04:00,S,14820.0,14868.75,14889.0,69.0,-99.5,-0.7210144927536232,time,1,S|swing
2021-07-13 10:14:00-04:00,2021-07-13 10:14:00-04:00,2021-07-13 13:41:00-04:00,L,14930.75,14866.75,14867.0,63.75,-130.0,-1.0196078431372548,SL,1,L|swing
2021-07-16 13:35:00-04:00,2021-07-16 13:35:00-04:00,2021-07-16 15:29:00-04:00,S,14742.0,14681.0,14783.25,41.25,120.0,1.4545454545454546,TP,1,S|swing
2021-07-19 12:56:00-04:00,2021-07-19 12:56:00-04:00,2021-07-19 15:57:00-04:00,S,14467.0,14521.5,14521.25,54.25,-111.0,-1.023041474654378,SL,1,S|swing
2021-07-20 10:44:00-04:00,2021-07-20 10:44:00-04:00,2021-07-20 12:45:00-04:00,L,14631.25,14730.75,14564.25,67.0,197.0,1.4701492537313432,TP,1,L|swing
2021-07-21 09:35:00-04:00,2021-07-21 09:35:00-04:00,2021-07-21 15:54:00-04:00,L,14740.0,14811.5,14691.75,48.25,141.0,1.461139896373057,TP,1,L|swing
2021-07-22 09:41:00-04:00,2021-07-22 09:41:00-04:00,2021-07-22 15:59:00-04:00,L,14876.75,14928.5,14828.75,48.0,101.5,1.0572916666666667,time,1,L|swing
2021-07-23 10:29:00-04:00,2021-07-23 10:29:00-04:00,2021-07-23 11:17:00-04:00,L,14996.75,15035.25,14970.5,26.25,75.0,1.4285714285714286,TP,1,L|swing
2021-07-26 09:44:00-04:00,2021-07-26 09:44:00-04:00,2021-07-26 15:59:00-04:00,L,15085.25,15116.5,15040.0,45.25,60.5,0.6685082872928176,time,1,L|swing
2021-07-28 10:32:00-04:00,2021-07-28 10:32:00-04:00,2021-07-28 13:14:00-04:00,L,15059.75,14979.75,14980.0,79.75,-162.0,-1.0156739811912225,SL,1,L|swing
2021-07-29 09:35:00-04:00,2021-07-29 09:35:00-04:00,2021-07-29 15:59:00-04:00,L,15038.5,15034.75,14982.0,56.5,-9.5,-0.084070796460177,time,1,L|swing
2021-07-30 09:41:00-04:00,2021-07-30 09:41:00-04:00,2021-07-30 10:00:00-04:00,L,14897.5,14957.0,14857.25,40.25,117.0,1.453416149068323,TP,1,L|swing
2021-08-02 11:05:00-04:00,2021-08-02 11:05:00-04:00,2021-08-02 12:00:00-04:00,L,15028.25,14989.5,14989.75,38.5,-79.5,-1.0324675324675325,SL,1,L|swing
2021-08-02 12:20:00-04:00,2021-08-02 12:20:00-04:00,2021-08-02 15:59:00-04:00,S,14986.0,14955.25,15035.5,49.5,59.5,0.601010101010101,time,1,S|swing
2021-08-03 09:53:00-04:00,2021-08-03 09:53:00-04:00,2021-08-03 11:25:00-04:00,S,14948.25,14858.0,15009.0,60.75,178.5,1.4691358024691359,TP,1,S|swing
2021-08-03 11:59:00-04:00,2021-08-03 11:59:00-04:00,2021-08-03 15:59:00-04:00,L,15011.0,15043.5,14885.75,125.25,63.0,0.25149700598802394,time,1,L|swing
2021-08-04 09:59:00-04:00,2021-08-04 09:59:00-04:00,2021-08-04 10:14:00-04:00,L,15056.0,15018.0,15018.25,37.75,-78.0,-1.033112582781457,SL,1,L|swing
2021-08-04 11:08:00-04:00,2021-08-04 11:08:00-04:00,2021-08-04 11:26:00-04:00,L,15052.0,15016.25,15016.5,35.5,-73.5,-1.0352112676056338,SL,1,L|swing
2021-08-04 11:41:00-04:00,2021-08-04 11:41:00-04:00,2021-08-04 11:57:00-04:00,S,15023.5,15049.25,15049.0,25.5,-53.5,-1.0490196078431373,SL,1,S|swing
2021-08-05 09:59:00-04:00,2021-08-05 09:59:00-04:00,2021-08-05 15:59:00-04:00,L,15124.75,15166.25,15072.5,52.25,81.0,0.7751196172248804,time,1,L|swing
2021-08-09 14:35:00-04:00,2021-08-09 14:35:00-04:00,2021-08-09 15:50:00-04:00,L,15142.75,15119.75,15120.0,22.75,-48.0,-1.054945054945055,SL,1,L|swing
2021-08-10 13:26:00-04:00,2021-08-10 13:26:00-04:00,2021-08-10 15:59:00-04:00,S,15047.0,15046.5,15068.0,21.0,-1.0,-0.023809523809523808,time,1,S|swing
2021-08-11 10:38:00-04:00,2021-08-11 10:38:00-04:00,2021-08-11 11:03:00-04:00,S,15032.5,14981.75,15067.0,34.5,99.5,1.4420289855072463,TP,1,S|swing
2021-08-12 10:47:00-04:00,2021-08-12 10:47:00-04:00,2021-08-12 15:08:00-04:00,L,15027.0,15082.25,14989.5,37.5,108.5,1.4466666666666668,TP,1,L|swing
2021-08-13 13:11:00-04:00,2021-08-13 13:11:00-04:00,2021-08-13 15:59:00-04:00,L,15116.0,15126.0,15093.75,22.25,18.0,0.4044943820224719,time,1,L|swing
2021-08-16 09:59:00-04:00,2021-08-16 09:59:00-04:00,2021-08-16 15:23:00-04:00,S,15031.25,15112.5,15112.25,81.0,-164.5,-1.0154320987654322,SL,1,S|swing
2021-08-18 10:14:00-04:00,2021-08-18 10:14:00-04:00,2021-08-18 10:43:00-04:00,L,15024.75,14987.5,14987.75,37.0,-76.5,-1.0337837837837838,SL,1,L|swing
2021-08-18 11:11:00-04:00,2021-08-18 11:11:00-04:00,2021-08-18 14:04:00-04:00,S,14987.25,15017.0,15016.75,29.5,-61.5,-1.0423728813559323,SL,1,S|swing
2021-08-18 14:11:00-04:00,2021-08-18 14:11:00-04:00,2021-08-18 14:12:00-04:00,L,14998.5,14971.25,14971.5,27.0,-56.5,-1.0462962962962963,SL,1,L|swing
2021-08-18 14:14:00-04:00,2021-08-18 14:14:00-04:00,2021-08-18 15:59:00-04:00,S,14952.0,14856.25,15029.5,77.5,189.5,1.2225806451612904,time,1,S|swing
2021-08-24 10:05:00-04:00,2021-08-24 10:05:00-04:00,2021-08-24 15:59:00-04:00,L,15342.75,15356.0,15312.5,30.25,24.5,0.4049586776859504,time,1,L|swing
2021-08-25 10:47:00-04:00,2021-08-25 10:47:00-04:00,2021-08-25 15:59:00-04:00,S,15349.0,15362.75,15386.0,37.0,-29.5,-0.39864864864864863,time,1,S|swing
2021-08-26 09:41:00-04:00,2021-08-26 09:41:00-04:00,2021-08-26 10:24:00-04:00,L,15343.5,15325.75,15326.0,17.5,-37.5,-1.0714285714285714,SL,1,L|swing
2021-08-26 10:29:00-04:00,2021-08-26 10:29:00-04:00,2021-08-26 15:59:00-04:00,S,15294.75,15274.0,15365.0,70.25,39.5,0.28113879003558717,time,1,S|swing
2021-08-27 10:11:00-04:00,2021-08-27 10:11:00-04:00,2021-08-27 15:59:00-04:00,L,15381.75,15424.25,15277.0,104.75,83.0,0.39618138424821003,time,1,L|swing
2021-09-02 10:05:00-04:00,2021-09-02 10:05:00-04:00,2021-09-02 13:51:00-04:00,S,15638.5,15573.25,15682.5,44.0,128.5,1.4602272727272727,TP,1,S|swing
2021-09-03 10:17:00-04:00,2021-09-03 10:17:00-04:00,2021-09-03 15:59:00-04:00,L,15635.0,15652.25,15571.25,63.75,32.5,0.2549019607843137,time,1,L|swing
2021-09-06 10:17:00-04:00,2021-09-06 10:17:00-04:00,2021-09-06 12:49:00-04:00,L,15705.75,15699.5,15692.5,13.25,-14.5,-0.5471698113207547,time,1,L|swing
2021-09-07 10:17:00-04:00,2021-09-07 10:17:00-04:00,2021-09-07 10:32:00-04:00,S,15626.0,15647.25,15647.0,21.0,-44.5,-1.0595238095238095,SL,1,S|swing
2021-09-08 09:38:00-04:00,2021-09-08 09:38:00-04:00,2021-09-08 10:44:00-04:00,S,15626.5,15562.5,15669.75,43.25,126.0,1.4566473988439306,TP,1,S|swing
2021-09-10 09:38:00-04:00,2021-09-10 09:38:00-04:00,2021-09-10 10:04:00-04:00,L,15658.75,15624.0,15624.25,34.5,-71.5,-1.036231884057971,SL,1,L|swing
2021-09-10 14:02:00-04:00,2021-09-10 14:02:00-04:00,2021-09-10 14:31:00-04:00,S,15576.75,15544.75,15598.75,22.0,62.0,1.4090909090909092,TP,1,S|swing
2021-09-15 12:26:00-04:00,2021-09-15 12:26:00-04:00,2021-09-15 13:31:00-04:00,L,15392.0,15452.25,15351.25,40.75,118.5,1.4539877300613497,TP,1,L|swing
2021-09-16 09:41:00-04:00,2021-09-16 09:41:00-04:00,2021-09-16 10:15:00-04:00,S,15431.25,15369.5,15473.0,41.75,121.5,1.4550898203592815,TP,1,S|swing
2021-09-17 09:41:00-04:00,2021-09-17 09:41:00-04:00,2021-09-17 11:12:00-04:00,S,15429.25,15314.75,15506.25,77.0,227.0,1.474025974025974,TP,1,S|swing
2021-09-17 13:53:00-04:00,2021-09-17 13:53:00-04:00,2021-09-17 15:42:00-04:00,S,15285.5,15325.0,15324.75,39.25,-81.0,-1.0318471337579618,SL,1,S|swing
2021-09-20 10:26:00-04:00,2021-09-20 10:26:00-04:00,2021-09-20 14:14:00-04:00,S,15021.25,14878.5,15117.0,95.75,283.5,1.4804177545691906,TP,1,S|swing
2021-09-21 11:59:00-04:00,2021-09-21 11:59:00-04:00,2021-09-21 12:52:00-04:00,L,15090.25,15048.5,15048.75,41.5,-85.5,-1.0301204819277108,SL,1,L|swing
2021-09-21 13:17:00-04:00,2021-09-21 13:17:00-04:00,2021-09-21 13:54:00-04:00,S,15055.0,15003.25,15090.0,35.0,101.5,1.45,TP,1,S|swing
2021-09-22 10:26:00-04:00,2021-09-22 10:26:00-04:00,2021-09-22 15:59:00-04:00,L,15130.0,15161.5,15062.0,68.0,61.0,0.4485294117647059,time,1,L|swing
2021-09-23 10:05:00-04:00,2021-09-23 10:05:00-04:00,2021-09-23 15:59:00-04:00,L,15322.5,15299.25,15190.75,131.75,-48.5,-0.1840607210626186,time,1,L|swing
2021-09-28 10:20:00-04:00,2021-09-28 10:20:00-04:00,2021-09-28 15:59:00-04:00,S,14839.25,14764.75,14961.5,122.25,147.0,0.6012269938650306,time,1,S|swing
2021-09-29 14:17:00-04:00,2021-09-29 14:17:00-04:00,2021-09-29 15:55:00-04:00,L,14831.75,14729.75,14730.0,101.75,-206.0,-1.0122850122850122,SL,1,L|swing
2021-09-30 09:38:00-04:00,2021-09-30 09:38:00-04:00,2021-09-30 10:55:00-04:00,L,14835.75,14776.0,14776.25,59.5,-121.5,-1.0210084033613445,SL,1,L|swing
2021-09-30 11:02:00-04:00,2021-09-30 11:02:00-04:00,2021-09-30 11:16:00-04:00,S,14791.75,14831.5,14831.25,39.5,-81.5,-1.0316455696202531,SL,1,S|swing
2021-09-30 11:23:00-04:00,2021-09-30 11:23:00-04:00,2021-09-30 11:38:00-04:00,L,14830.5,14771.5,14771.75,58.75,-120.0,-1.0212765957446808,SL,1,L|swing
2021-09-30 14:05:00-04:00,2021-09-30 14:05:00-04:00,2021-09-30 15:45:00-04:00,L,14795.5,14722.5,14722.75,72.75,-148.0,-1.0171821305841924,SL,1,L|swing
2021-10-01 09:47:00-04:00,2021-10-01 09:47:00-04:00,2021-10-01 13:48:00-04:00,S,14639.75,14735.75,14735.5,95.75,-194.0,-1.0130548302872062,SL,1,S|swing
2021-10-04 09:44:00-04:00,2021-10-04 09:44:00-04:00,2021-10-04 10:53:00-04:00,S,14596.25,14411.25,14720.25,124.0,368.0,1.4838709677419355,TP,1,S|swing
2021-10-05 09:56:00-04:00,2021-10-05 09:56:00-04:00,2021-10-05 11:00:00-04:00,L,14571.25,14682.75,14496.25,75.0,221.0,1.4733333333333334,TP,1,L|swing
2021-10-06 13:35:00-04:00,2021-10-06 13:35:00-04:00,2021-10-06 15:59:00-04:00,L,14669.5,14753.25,14567.25,102.25,165.5,0.8092909535452323,time,1,L|swing
2021-10-07 10:08:00-04:00,2021-10-07 10:08:00-04:00,2021-10-07 15:44:00-04:00,L,14964.25,14899.5,14899.75,64.5,-131.5,-1.0193798449612403,SL,1,L|swing
2021-10-08 09:59:00-04:00,2021-10-08 09:59:00-04:00,2021-10-08 15:59:00-04:00,S,14849.0,14811.75,14943.5,94.5,72.5,0.3835978835978836,time,1,S|swing
2021-10-13 13:35:00-04:00,2021-10-13 13:35:00-04:00,2021-10-13 15:59:00-04:00,L,14758.25,14766.25,14717.25,41.0,14.0,0.17073170731707318,time,1,L|swing
2021-10-14 09:47:00-04:00,2021-10-14 09:47:00-04:00,2021-10-14 12:18:00-04:00,L,14950.0,15038.75,14890.25,59.75,175.5,1.4686192468619246,TP,1,L|swing
2021-10-15 09:35:00-04:00,2021-10-15 09:35:00-04:00,2021-10-15 10:57:00-04:00,S,15063.25,15100.5,15100.25,37.0,-76.5,-1.0337837837837838,SL,1,S|swing
2021-10-18 09:44:00-04:00,2021-10-18 09:44:00-04:00,2021-10-18 11:21:00-04:00,L,15111.5,15200.75,15051.5,60.0,176.5,1.4708333333333334,TP,1,L|swing
2021-10-19 10:59:00-04:00,2021-10-19 10:59:00-04:00,2021-10-19 15:59:00-04:00,L,15375.75,15400.0,15327.5,48.25,46.5,0.48186528497409326,time,1,L|swing
2021-10-20 10:20:00-04:00,2021-10-20 10:20:00-04:00,2021-10-20 12:44:00-04:00,L,15422.75,15379.5,15379.75,43.0,-88.5,-1.0290697674418605,SL,1,L|swing
2021-10-25 09:41:00-04:00,2021-10-25 09:41:00-04:00,2021-10-25 11:53:00-04:00,S,15336.75,15433.0,15432.75,96.0,-194.5,-1.0130208333333333,SL,1,S|swing
2021-10-26 09:35:00-04:00,2021-10-26 09:35:00-04:00,2021-10-26 10:01:00-04:00,L,15613.25,15662.25,15580.0,33.25,96.0,1.443609022556391,TP,1,L|swing
2021-10-28 10:32:00-04:00,2021-10-28 10:32:00-04:00,2021-10-28 15:59:00-04:00,L,15707.5,15761.25,15655.75,51.75,105.5,1.0193236714975846,time,1,L|swing
2021-11-01 14:14:00-04:00,2021-11-01 14:14:00-04:00,2021-11-01 14:46:00-04:00,S,15801.0,15825.25,15825.0,24.0,-50.5,-1.0520833333333333,SL,1,S|swing
2021-11-03 12:08:00-04:00,2021-11-03 12:08:00-04:00,2021-11-03 14:01:00-04:00,L,15977.0,16018.25,15949.0,28.0,80.5,1.4375,TP,1,L|swing
2021-11-04 09:56:00-04:00,2021-11-04 09:56:00-04:00,2021-11-04 15:59:00-04:00,L,16249.5,16334.5,16156.75,92.75,168.0,0.9056603773584906,time,1,L|swing
2021-11-08 13:38:00-05:00,2021-11-08 13:38:00-05:00,2021-11-08 14:16:00-05:00,L,16355.0,16376.75,16340.0,15.0,41.5,1.3833333333333333,TP,1,L|swing
2021-11-10 10:02:00-05:00,2021-11-10 10:02:00-05:00,2021-11-10 13:15:00-05:00,L,16160.75,16041.0,16041.25,119.5,-241.5,-1.0104602510460252,SL,1,L|swing
2021-11-12 09:44:00-05:00,2021-11-12 09:44:00-05:00,2021-11-12 10:47:00-05:00,S,16025.5,16089.75,16089.5,64.0,-130.5,-1.01953125,SL,1,S|swing
2021-11-12 10:50:00-05:00,2021-11-12 10:50:00-05:00,2021-11-12 11:17:00-05:00,L,16091.25,16161.75,16043.75,47.5,139.0,1.4631578947368422,TP,1,L|swing
2021-11-15 09:50:00-05:00,2021-11-15 09:50:00-05:00,2021-11-15 11:42:00-05:00,S,16207.5,16130.75,16259.25,51.75,151.5,1.463768115942029,TP,1,S|swing
2021-11-16 09:38:00-05:00,2021-11-16 09:38:00-05:00,2021-11-16 15:59:00-05:00,L,16239.0,16304.5,16142.25,96.75,129.0,0.6666666666666666,time,1,L|swing
2021-11-17 10:41:00-05:00,2021-11-17 10:41:00-05:00,2021-11-17 12:54:00-05:00,L,16352.75,16299.25,16299.5,53.25,-109.0,-1.0234741784037558,SL,1,L|swing
2021-11-18 11:41:00-05:00,2021-11-18 11:41:00-05:00,2021-11-18 15:59:00-05:00,L,16441.0,16481.0,16360.75,80.25,78.0,0.48598130841121495,time,1,L|swing
2021-11-19 13:29:00-05:00,2021-11-19 13:29:00-05:00,2021-11-19 15:59:00-05:00,S,16560.25,16572.25,16610.0,49.75,-26.0,-0.2613065326633166,time,1,S|swing
2021-11-22 11:23:00-05:00,2021-11-22 11:23:00-05:00,2021-11-22 11:56:00-05:00,S,16632.25,16484.25,16731.5,99.25,294.0,1.4811083123425692,TP,1,S|swing
2021-11-23 10:17:00-05:00,2021-11-23 10:17:00-05:00,2021-11-23 15:59:00-05:00,S,16289.75,16305.75,16419.0,129.25,-34.0,-0.13152804642166344,time,1,S|swing
2021-11-24 10:35:00-05:00,2021-11-24 10:35:00-05:00,2021-11-24 15:59:00-05:00,L,16253.75,16362.0,16156.75,97.0,214.5,1.1056701030927836,time,1,L|swing
2021-11-25 10:02:00-05:00,2021-11-25 10:02:00-05:00,2021-11-25 12:49:00-05:00,L,16412.25,16409.5,16379.0,33.25,-7.5,-0.11278195488721804,time,1,L|swing
2021-11-26 10:26:00-05:00,2021-11-26 10:26:00-05:00,2021-11-26 12:54:00-05:00,S,16150.0,16003.75,16248.0,98.0,290.5,1.4821428571428572,TP,1,S|swing
2021-11-30 10:59:00-05:00,2021-11-30 10:59:00-05:00,2021-11-30 15:59:00-05:00,S,16143.75,16150.25,16437.25,293.5,-15.0,-0.02555366269165247,time,1,S|swing
2021-12-01 11:17:00-05:00,2021-12-01 11:17:00-05:00,2021-12-01 11:57:00-05:00,L,16415.0,16346.5,16346.75,68.25,-139.0,-1.0183150183150182,SL,1,L|swing
2021-12-01 12:29:00-05:00,2021-12-01 12:29:00-05:00,2021-12-01 12:58:00-05:00,S,16329.25,16260.25,16375.75,46.5,136.0,1.4623655913978495,TP,1,S|swing
2021-12-02 09:44:00-05:00,2021-12-02 09:44:00-05:00,2021-12-02 10:43:00-05:00,L,15942.0,15786.5,15786.75,155.25,-313.0,-1.0080515297906603,SL,1,L|swing
2021-12-03 09:50:00-05:00,2021-12-03 09:50:00-05:00,2021-12-03 11:05:00-05:00,S,15910.5,15640.75,16091.0,180.5,537.5,1.4889196675900278,TP,1,S|swing
2021-12-03 14:20:00-05:00,2021-12-03 14:20:00-05:00,2021-12-03 14:24:00-05:00,S,15552.25,15622.25,15622.0,69.75,-142.0,-1.017921146953405,SL,1,S|swing
2021-12-06 10:08:00-05:00,2021-12-06 10:08:00-05:00,2021-12-06 10:11:00-05:00,S,15659.0,15703.5,15703.25,44.25,-91.0,-1.0282485875706215,SL,1,S|swing
2021-12-07 10:14:00-05:00,2021-12-07 10:14:00-05:00,2021-12-07 15:59:00-05:00,L,16263.75,16320.75,16160.25,103.5,112.0,0.5410628019323671,time,1,L|swing
2021-12-09 10:38:00-05:00,2021-12-09 10:38:00-05:00,2021-12-09 15:59:00-05:00,S,16261.5,16148.5,16348.5,87.0,224.0,1.2873563218390804,time,1,S|swing
2021-12-10 13:14:00-05:00,2021-12-10 13:14:00-05:00,2021-12-10 15:59:00-05:00,L,16266.5,16325.5,16208.25,58.25,116.0,0.9957081545064378,time,1,L|swing
2021-12-15 09:47:00-05:00,2021-12-15 09:47:00-05:00,2021-12-15 12:14:00-05:00,S,15858.25,15754.5,15928.0,69.75,205.5,1.4731182795698925,TP,1,S|swing
2021-12-16 14:35:00-05:00,2021-12-16 14:35:00-05:00,2021-12-16 15:40:00-05:00,S,15837.75,15934.25,15934.0,96.25,-195.0,-1.0129870129870129,SL,1,S|swing
2021-12-20 11:08:00-05:00,2021-12-20 11:08:00-05:00,2021-12-20 15:17:00-05:00,S,15518.5,15632.5,15632.25,113.75,-230.0,-1.010989010989011,SL,1,S|swing
2021-12-21 11:47:00-05:00,2021-12-21 11:47:00-05:00,2021-12-21 13:35:00-05:00,L,15786.0,15903.75,15707.0,79.0,233.5,1.4778481012658229,TP,1,L|swing
2021-12-22 09:41:00-05:00,2021-12-22 09:41:00-05:00,2021-12-22 09:45:00-05:00,L,15966.5,16015.25,15933.5,33.0,95.5,1.446969696969697,TP,1,L|swing
2021-12-23 09:38:00-05:00,2021-12-23 09:38:00-05:00,2021-12-23 11:12:00-05:00,L,16231.0,16312.25,16176.25,54.75,160.5,1.4657534246575343,TP,1,L|swing
2021-12-29 10:05:00-05:00,2021-12-29 10:05:00-05:00,2021-12-29 15:59:00-05:00,S,16476.25,16489.5,16549.5,73.25,-28.5,-0.1945392491467577,time,1,S|swing
2021-12-30 10:29:00-05:00,2021-12-30 10:29:00-05:00,2021-12-30 15:10:00-05:00,L,16557.75,16497.75,16498.0,59.75,-122.0,-1.0209205020920502,SL,1,L|swing
2021-12-31 10:05:00-05:00,2021-12-31 10:05:00-05:00,2021-12-31 15:59:00-05:00,S,16371.5,16325.0,16463.0,91.5,91.0,0.4972677595628415,time,1,S|swing
2022-01-03 12:38:00-05:00,2022-01-03 12:38:00-05:00,2022-01-03 13:44:00-05:00,L,16411.5,16461.75,16377.5,34.0,98.5,1.4485294117647058,TP,1,L|swing
2022-01-06 10:14:00-05:00,2022-01-06 10:14:00-05:00,2022-01-06 10:49:00-05:00,S,15651.0,15843.5,15843.25,192.25,-387.0,-1.0065019505851756,SL,1,S|swing
2022-01-07 10:02:00-05:00,2022-01-07 10:02:00-05:00,2022-01-07 10:20:00-05:00,L,15781.25,15673.25,15673.5,107.75,-218.0,-1.011600928074246,SL,1,L|swing
2022-01-11 11:20:00-05:00,2022-01-11 11:20:00-05:00,2022-01-11 15:59:00-05:00,L,15712.5,15831.75,15515.25,197.25,236.5,0.5994930291508238,time,1,L|swing
2022-01-12 10:53:00-05:00,2022-01-12 10:53:00-05:00,2022-01-12 15:59:00-05:00,S,15849.5,15895.75,16001.75,152.25,-94.5,-0.3103448275862069,time,1,S|swing
2022-01-13 10:14:00-05:00,2022-01-13 10:14:00-05:00,2022-01-13 12:15:00-05:00,S,15866.75,15710.25,15971.75,105.0,311.0,1.480952380952381,TP,1,S|swing
2022-01-14 09:44:00-05:00,2022-01-14 09:44:00-05:00,2022-01-14 15:59:00-05:00,L,15524.75,15592.5,15357.25,167.5,133.5,0.39850746268656717,time,1,L|swing
2022-01-18 11:29:00-05:00,2022-01-18 11:29:00-05:00,2022-01-18 11:40:00-05:00,S,15291.25,15330.0,15329.75,38.5,-79.5,-1.0324675324675325,SL,1,S|swing
2022-01-18 12:08:00-05:00,2022-01-18 12:08:00-05:00,2022-01-18 15:43:00-05:00,S,15296.25,15195.5,15364.0,67.75,199.5,1.4723247232472325,TP,1,S|swing
2022-01-19 10:05:00-05:00,2022-01-19 10:05:00-05:00,2022-01-19 10:31:00-05:00,L,15355.0,15270.0,15270.25,84.75,-172.0,-1.0147492625368733,SL,1,L|swing
2022-01-19 12:59:00-05:00,2022-01-19 12:59:00-05:00,2022-01-19 13:29:00-05:00,L,15311.5,15263.75,15264.0,47.5,-97.5,-1.0263157894736843,SL,1,L|swing
2022-01-21 10:59:00-05:00,2022-01-21 10:59:00-05:00,2022-01-21 12:49:00-05:00,L,14764.5,14613.25,14613.5,151.0,-304.5,-1.0082781456953642,SL,1,L|swing
2022-01-26 12:38:00-05:00,2022-01-26 12:38:00-05:00,2022-01-26 14:02:00-05:00,L,14516.75,14618.75,14448.25,68.5,202.0,1.4744525547445255,TP,1,L|swing
2022-01-26 14:17:00-05:00,2022-01-26 14:17:00-05:00,2022-01-26 15:03:00-05:00,S,14424.0,14097.25,14642.5,218.5,651.5,1.4908466819221968,TP,1,S|swing
2022-01-31 09:35:00-05:00,2022-01-31 09:35:00-05:00,2022-01-31 10:08:00-05:00,L,14527.75,14694.5,14416.0,111.75,331.5,1.483221476510067,TP,1,L|swing
2022-02-01 09:44:00-05:00,2022-02-01 09:44:00-05:00,2022-02-01 15:30:00-05:00,S,14804.0,14957.0,14956.75,152.75,-308.0,-1.0081833060556464,SL,1,S|swing
2022-02-03 10:29:00-05:00,2022-02-03 10:29:00-05:00,2022-02-03 11:59:00-05:00,L,14822.5,14680.0,14680.25,142.25,-287.0,-1.0087873462214412,SL,1,L|swing
2022-02-09 12:44:00-05:00,2022-02-09 12:44:00-05:00,2022-02-09 15:59:00-05:00,L,14979.75,15042.5,14929.75,50.0,123.5,1.235,time,1,L|swing
2022-02-10 13:20:00-05:00,2022-02-10 13:20:00-05:00,2022-02-10 15:33:00-05:00,S,14813.25,14676.25,14905.25,92.0,272.0,1.4782608695652173,TP,1,S|swing
2022-02-11 10:14:00-05:00,2022-02-11 10:14:00-05:00,2022-02-11 13:35:00-05:00,S,14629.0,14422.75,14767.0,138.0,410.5,1.4873188405797102,TP,1,S|swing
2022-02-15 14:44:00-05:00,2022-02-15 14:44:00-05:00,2022-02-15 15:59:00-05:00,L,14564.75,14607.75,14513.75,51.0,84.0,0.8235294117647058,time,1,L|swing
2022-02-21 12:08:00-05:00,2022-02-21 12:08:00-05:00,2022-02-21 12:49:00-05:00,S,13768.0,13752.5,13806.25,38.25,29.0,0.3790849673202614,time,1,S|swing
2022-02-22 10:14:00-05:00,2022-02-22 10:14:00-05:00,2022-02-22 10:50:00-05:00,L,14043.75,13970.0,13970.25,73.5,-149.5,-1.0170068027210883,SL,1,L|swing
2022-02-25 10:56:00-05:00,2022-02-25 10:56:00-05:00,2022-02-25 15:59:00-05:00,L,14067.5,14181.75,13939.25,128.25,226.5,0.8830409356725146,time,1,L|swing
2022-02-28 09:38:00-05:00,2022-02-28 09:38:00-05:00,2022-02-28 10:00:00-05:00,L,14069.5,14153.75,14012.75,56.75,166.5,1.4669603524229076,TP,1,L|swing
2022-03-01 11:38:00-05:00,2022-03-01 11:38:00-05:00,2022-03-01 15:59:00-05:00,S,14063.25,14004.5,14211.25,148.0,115.5,0.3902027027027027,time,1,S|swing
2022-03-02 11:11:00-05:00,2022-03-02 11:11:00-05:00,2022-03-02 15:59:00-05:00,L,14156.5,14236.75,14012.5,144.0,158.5,0.5503472222222222,time,1,L|swing
2022-03-03 10:23:00-05:00,2022-03-03 10:23:00-05:00,2022-03-03 15:59:00-05:00,S,14130.0,14035.5,14289.5,159.5,187.0,0.5862068965517241,time,1,S|swing
2022-03-04 09:35:00-05:00,2022-03-04 09:35:00-05:00,2022-03-04 09:46:00-05:00,L,13981.0,13879.75,13880.0,101.0,-204.5,-1.0123762376237624,SL,1,L|swing
2022-03-04 09:47:00-05:00,2022-03-04 09:47:00-05:00,2022-03-04 15:59:00-05:00,S,13852.0,13834.25,13995.75,143.75,33.5,0.11652173913043479,time,1,S|swing
2022-03-07 10:05:00-05:00,2022-03-07 10:05:00-05:00,2022-03-07 15:13:00-05:00,S,13673.0,13378.75,13869.75,196.75,586.5,1.4904701397712834,TP,1,S|swing
2022-03-08 12:14:00-05:00,2022-03-08 12:14:00-05:00,2022-03-08 15:59:00-05:00,L,13458.25,13254.75,13147.75,310.5,-409.0,-0.6586151368760065,time,1,L|swing
2022-03-09 12:41:00-05:00,2022-03-09 12:41:00-05:00,2022-03-09 15:59:00-05:00,L,13734.25,13740.25,13633.0,101.25,10.0,0.04938271604938271,time,1,L|swing
2022-03-10 11:05:00-05:00,2022-03-10 11:05:00-05:00,2022-03-10 13:47:00-05:00,S,13429.5,13516.0,13515.75,86.25,-175.0,-1.0144927536231885,SL,1,S|swing
2022-03-14 10:14:00-04:00,2022-03-14 10:14:00-04:00,2022-03-14 11:36:00-04:00,L,13373.25,13236.0,13236.25,137.0,-276.5,-1.0091240875912408,SL,1,L|swing
2022-03-14 11:38:00-04:00,2022-03-14 11:38:00-04:00,2022-03-14 13:34:00-04:00,S,13223.5,13032.75,13351.25,127.75,379.5,1.4853228962818004,TP,1,S|swing
2022-03-21 09:59:00-04:00,2022-03-21 09:59:00-04:00,2022-03-21 15:59:00-04:00,S,14302.25,14372.0,14467.0,164.75,-141.5,-0.4294385432473445,time,1,S|swing
2022-03-22 09:44:00-04:00,2022-03-22 09:44:00-04:00,2022-03-22 10:34:00-04:00,L,14471.5,14616.5,14374.25,97.25,288.0,1.480719794344473,TP,1,L|swing
2022-03-23 10:17:00-04:00,2022-03-23 10:17:00-04:00,2022-03-23 15:51:00-04:00,L,14590.5,14460.25,14460.5,130.0,-262.5,-1.0096153846153846,SL,1,L|swing
2022-03-24 11:17:00-04:00,2022-03-24 11:17:00-04:00,2022-03-24 11:41:00-04:00,L,14564.0,14652.25,14504.5,59.5,174.5,1.4663865546218486,TP,1,L|swing
2022-03-28 09:38:00-04:00,2022-03-28 09:38:00-04:00,2022-03-28 11:49:00-04:00,L,14848.25,14735.5,14735.75,112.5,-227.5,-1.011111111111111,SL,1,L|swing
2022-03-28 13:47:00-04:00,2022-03-28 13:47:00-04:00,2022-03-28 14:50:00-04:00,L,14838.75,14900.25,14797.25,41.5,121.0,1.4578313253012047,TP,1,L|swing
2022-03-29 14:02:00-04:00,2022-03-29 14:02:00-04:00,2022-03-29 15:59:00-04:00,L,15186.5,15240.5,15117.5,69.0,106.0,0.7681159420289855,time,1,L|swing
2022-03-30 11:26:00-04:00,2022-03-30 11:26:00-04:00,2022-03-30 12:02:00-04:00,S,15109.0,15169.5,15169.25,60.25,-123.0,-1.020746887966805,SL,1,S|swing
2022-03-30 14:17:00-04:00,2022-03-30 14:17:00-04:00,2022-03-30 15:05:00-04:00,S,15118.25,15063.25,15155.5,37.25,108.0,1.4496644295302012,TP,1,S|swing
2022-03-31 12:05:00-04:00,2022-03-31 12:05:00-04:00,2022-03-31 15:50:00-04:00,S,15022.0,14944.5,15074.25,52.25,153.0,1.4641148325358853,TP,1,S|swing
2022-04-04 09:50:00-04:00,2022-04-04 09:50:00-04:00,2022-04-04 15:59:00-04:00,L,15020.0,15163.75,14883.75,136.25,285.5,1.0477064220183485,time,1,L|swing
2022-04-06 09:44:00-04:00,2022-04-06 09:44:00-04:00,2022-04-06 15:02:00-04:00,S,14534.0,14644.0,14643.75,109.75,-222.0,-1.0113895216400912,SL,1,S|swing
2022-04-08 14:26:00-04:00,2022-04-08 14:26:00-04:00,2022-04-08 15:59:00-04:00,S,14359.75,14336.5,14418.0,58.25,44.5,0.38197424892703863,time,1,S|swing
2022-04-18 13:59:00-04:00,2022-04-18 13:59:00-04:00,2022-04-18 15:36:00-04:00,L,13955.25,13853.0,13853.25,102.0,-206.5,-1.0122549019607843,SL,1,L|swing
2022-04-20 14:41:00-04:00,2022-04-20 14:41:00-04:00,2022-04-20 15:47:00-04:00,S,14006.5,14068.5,14068.25,61.75,-126.0,-1.0202429149797572,SL,1,S|swing
2022-04-21 09:35:00-04:00,2022-04-21 09:35:00-04:00,2022-04-21 10:07:00-04:00,L,14269.5,14163.0,14163.25,106.25,-215.0,-1.011764705882353,SL,1,L|swing
2022-04-21 10:20:00-04:00,2022-04-21 10:20:00-04:00,2022-04-21 13:17:00-04:00,S,14120.75,13880.25,14281.75,161.0,479.0,1.4875776397515528,TP,1,S|swing
2022-04-25 11:47:00-04:00,2022-04-25 11:47:00-04:00,2022-04-25 12:25:00-04:00,S,13259.5,13374.5,13374.25,114.75,-232.0,-1.0108932461873639,SL,1,S|swing
2022-04-25 12:47:00-04:00,2022-04-25 12:47:00-04:00,2022-04-25 13:01:00-04:00,L,13357.5,13313.5,13313.75,43.75,-90.0,-1.0285714285714285,SL,1,L|swing
2022-04-25 13:11:00-04:00,2022-04-25 13:11:00-04:00,2022-04-25 14:47:00-04:00,L,13372.25,13471.5,13305.5,66.75,196.5,1.4719101123595506,TP,1,L|swing
2022-04-27 09:50:00-04:00,2022-04-27 09:50:00-04:00,2022-04-27 10:14:00-04:00,L,13248.75,13004.5,13004.75,244.0,-490.5,-1.0051229508196722,SL,1,L|swing
2022-04-27 10:17:00-04:00,2022-04-27 10:17:00-04:00,2022-04-27 15:59:00-04:00,S,12950.25,13003.0,13255.25,305.0,-107.5,-0.1762295081967213,time,1,S|swing
2022-04-28 12:20:00-04:00,2022-04-28 12:20:00-04:00,2022-04-28 13:01:00-04:00,L,13214.75,13372.75,13108.75,106.0,314.0,1.4811320754716981,TP,1,L|swing
2022-04-29 09:35:00-04:00,2022-04-29 09:35:00-04:00,2022-04-29 10:28:00-04:00,L,13337.25,13225.5,13225.75,111.5,-225.5,-1.0112107623318385,SL,1,L|swing
2022-04-29 10:38:00-04:00,2022-04-29 10:38:00-04:00,2022-04-29 14:47:00-04:00,S,13221.5,12977.5,13384.75,163.25,486.0,1.4885145482388975,TP,1,S|swing
2022-05-02 09:53:00-04:00,2022-05-02 09:53:00-04:00,2022-05-02 13:49:00-04:00,L,12911.5,12742.0,12742.25,169.25,-341.0,-1.0073855243722305,SL,1,L|swing
2022-05-03 09:53:00-04:00,2022-05-03 09:53:00-04:00,2022-05-03 09:59:00-04:00,S,13027.0,13104.75,13104.5,77.5,-157.5,-1.0161290322580645,SL,1,S|swing
2022-05-03 10:44:00-04:00,2022-05-03 10:44:00-04:00,2022-05-03 11:07:00-04:00,S,12996.5,13109.5,13109.25,112.75,-228.0,-1.0110864745011086,SL,1,S|swing
2022-05-03 11:14:00-04:00,2022-05-03 11:14:00-04:00,2022-05-03 15:59:00-04:00,L,13119.75,13090.0,12976.5,143.25,-61.5,-0.21465968586387435,time,1,L|swing
2022-05-04 12:29:00-04:00,2022-05-04 12:29:00-04:00,2022-05-04 14:01:00-04:00,L,13058.25,13224.25,12947.0,111.25,330.0,1.4831460674157304,TP,1,L|swing
2022-05-06 10:59:00-04:00,2022-05-06 10:59:00-04:00,2022-05-06 14:09:00-04:00,L,12841.25,12635.0,12635.25,206.0,-414.5,-1.0060679611650485,SL,1,L|swing
2022-05-09 10:38:00-04:00,2022-05-09 10:38:00-04:00,2022-05-09 15:59:00-04:00,S,12310.75,12197.0,12445.5,134.75,225.5,0.8367346938775511,time,1,S|swing
2022-05-10 10:38:00-04:00,2022-05-10 10:38:00-04:00,2022-05-10 15:59:00-04:00,S,12372.0,12343.25,12519.75,147.75,55.5,0.18781725888324874,time,1,S|swing
2022-05-12 09:38:00-04:00,2022-05-12 09:38:00-04:00,2022-05-12 09:47:00-04:00,S,11716.25,11875.25,11875.0,158.75,-320.0,-1.0078740157480315,SL,1,S|swing
2022-05-12 12:23:00-04:00,2022-05-12 12:23:00-04:00,2022-05-12 12:25:00-04:00,S,11869.75,11896.75,11896.5,26.75,-56.0,-1.0467289719626167,SL,1,S|swing
2022-05-12 12:47:00-04:00,2022-05-12 12:47:00-04:00,2022-05-12 13:36:00-04:00,L,11957.75,11809.0,11809.25,148.5,-299.5,-1.0084175084175084,SL,1,L|swing
2022-05-13 10:02:00-04:00,2022-05-13 10:02:00-04:00,2022-05-13 15:59:00-04:00,L,12304.5,12384.5,12064.5,240.0,158.0,0.32916666666666666,time,1,L|swing
2022-05-16 09:47:00-04:00,2022-05-16 09:47:00-04:00,2022-05-16 10:22:00-04:00,S,12238.5,12359.0,12358.75,120.25,-243.0,-1.0103950103950103,SL,1,S|swing
2022-05-16 12:08:00-04:00,2022-05-16 12:08:00-04:00,2022-05-16 12:56:00-04:00,L,12311.5,12228.0,12228.25,83.25,-169.0,-1.015015015015015,SL,1,L|swing
2022-05-17 12:44:00-04:00,2022-05-17 12:44:00-04:00,2022-05-17 14:13:00-04:00,L,12489.25,12433.75,12434.0,55.25,-113.0,-1.0226244343891402,SL,1,L|swing
2022-05-17 14:23:00-04:00,2022-05-17 14:23:00-04:00,2022-05-17 14:49:00-04:00,S,12400.5,12536.0,12535.75,135.25,-273.0,-1.009242144177449,SL,1,S|swing
2022-05-17 14:56:00-04:00,2022-05-17 14:56:00-04:00,2022-05-17 15:59:00-04:00,L,12527.25,12563.25,12384.25,143.0,70.0,0.24475524475524477,time,1,L|swing
2022-05-23 11:08:00-04:00,2022-05-23 11:08:00-04:00,2022-05-23 12:08:00-04:00,L,11922.0,12049.25,11836.5,85.5,252.5,1.476608187134503,TP,1,L|swing
2022-05-24 09:41:00-04:00,2022-05-24 09:41:00-04:00,2022-05-24 10:01:00-04:00,S,11769.25,11647.25,11851.25,82.0,242.0,1.475609756097561,TP,1,S|swing
2022-05-25 13:50:00-04:00,2022-05-25 13:50:00-04:00,2022-05-25 14:06:00-04:00,L,11861.0,11801.25,11801.5,59.5,-121.5,-1.0210084033613445,SL,1,L|swing
2022-05-26 09:44:00-04:00,2022-05-26 09:44:00-04:00,2022-05-26 12:11:00-04:00,L,12042.0,12256.0,11898.75,143.25,426.0,1.486910994764398,TP,1,L|swing
2022-05-31 09:44:00-04:00,2022-05-31 09:44:00-04:00,2022-05-31 11:51:00-04:00,S,12540.0,12689.25,12689.0,149.0,-300.5,-1.0083892617449663,SL,1,S|swing
2022-06-01 10:32:00-04:00,2022-06-01 10:32:00-04:00,2022-06-01 15:59:00-04:00,S,12601.5,12549.75,12802.75,201.25,101.5,0.25217391304347825,time,1,S|swing
2022-06-02 11:08:00-04:00,2022-06-02 11:08:00-04:00,2022-06-02 12:34:00-04:00,L,12645.25,12779.75,12555.0,90.25,267.0,1.479224376731302,TP,1,L|swing
2022-06-06 10:50:00-04:00,2022-06-06 10:50:00-04:00,2022-06-06 11:08:00-04:00,L,12789.25,12755.0,12755.25,34.0,-70.5,-1.036764705882353,SL,1,L|swing
2022-06-07 09:47:00-04:00,2022-06-07 09:47:00-04:00,2022-06-07 10:42:00-04:00,L,12519.0,12679.0,12411.75,107.25,318.0,1.4825174825174825,TP,1,L|swing
2022-06-08 09:50:00-04:00,2022-06-08 09:50:00-04:00,2022-06-08 12:39:00-04:00,L,12752.5,12627.0,12627.25,125.25,-253.0,-1.0099800399201597,SL,1,L|swing
2022-06-09 13:35:00-04:00,2022-06-09 13:35:00-04:00,2022-06-09 15:07:00-04:00,S,12522.75,12395.0,12608.5,85.75,253.5,1.478134110787172,TP,1,S|swing
2022-06-13 10:20:00-04:00,2022-06-13 10:20:00-04:00,2022-06-13 12:39:00-04:00,S,11422.25,11526.0,11525.75,103.5,-209.5,-1.0120772946859904,SL,1,S|swing
2022-06-13 14:35:00-04:00,2022-06-13 14:35:00-04:00,2022-06-13 14:41:00-04:00,S,11386.25,11425.0,11424.75,38.5,-79.5,-1.0324675324675325,SL,1,S|swing
2022-06-13 14:56:00-04:00,2022-06-13 14:56:00-04:00,2022-06-13 15:33:00-04:00,S,11371.75,11285.75,11429.75,58.0,170.0,1.4655172413793103,TP,1,S|swing
2022-06-14 09:41:00-04:00,2022-06-14 09:41:00-04:00,2022-06-14 15:59:00-04:00,S,11305.5,11318.5,11425.5,120.0,-28.0,-0.11666666666666667,time,1,S|swing
2022-06-17 12:29:00-04:00,2022-06-17 12:29:00-04:00,2022-06-17 13:09:00-04:00,L,11267.25,11356.75,11207.0,60.25,177.0,1.4688796680497926,TP,1,L|swing
2022-06-20 11:05:00-04:00,2022-06-20 11:05:00-04:00,2022-06-20 11:49:00-04:00,L,11382.0,11401.25,11368.5,13.5,36.5,1.3518518518518519,TP,1,L|swing
2022-06-21 09:41:00-04:00,2022-06-21 09:41:00-04:00,2022-06-21 15:59:00-04:00,L,11592.5,11579.0,11471.5,121.0,-29.0,-0.11983471074380166,time,1,L|swing
2022-06-23 10:56:00-04:00,2022-06-23 10:56:00-04:00,2022-06-23 12:01:00-04:00,L,11722.5,11633.0,11633.25,89.25,-181.0,-1.0140056022408963,SL,1,L|swing
2022-06-23 14:44:00-04:00,2022-06-23 14:44:00-04:00,2022-06-23 15:47:00-04:00,L,11663.5,11750.75,11604.75,58.75,172.5,1.4680851063829787,TP,1,L|swing
2022-06-24 09:35:00-04:00,2022-06-24 09:35:00-04:00,2022-06-24 10:01:00-04:00,L,11906.75,12012.0,11836.0,70.75,208.5,1.4734982332155477,TP,1,L|swing
2022-06-27 12:32:00-04:00,2022-06-27 12:32:00-04:00,2022-06-27 15:59:00-04:00,S,12044.25,12045.25,12108.0,63.75,-4.0,-0.03137254901960784,time,1,S|swing
2022-06-28 09:44:00-04:00,2022-06-28 09:44:00-04:00,2022-06-28 10:06:00-04:00,L,12154.5,12046.75,12047.0,107.5,-217.5,-1.0116279069767442,SL,1,L|swing
2022-06-28 10:08:00-04:00,2022-06-28 10:08:00-04:00,2022-06-28 11:41:00-04:00,S,12033.25,11822.25,12174.5,141.25,420.0,1.4867256637168142,TP,1,S|swing
2022-06-29 09:38:00-04:00,2022-06-29 09:38:00-04:00,2022-06-29 09:51:00-04:00,S,11616.25,11694.5,11694.25,78.0,-158.5,-1.016025641025641,SL,1,S|swing
2022-06-29 10:02:00-04:00,2022-06-29 10:02:00-04:00,2022-06-29 15:59:00-04:00,L,11742.0,11689.0,11563.75,178.25,-108.0,-0.302945301542777,time,1,L|swing
2022-06-30 10:02:00-04:00,2022-06-30 10:02:00-04:00,2022-06-30 11:26:00-04:00,S,11368.75,11563.0,11562.75,194.0,-390.5,-1.0064432989690721,SL,1,S|swing
2022-06-30 14:56:00-04:00,2022-06-30 14:56:00-04:00,2022-06-30 15:59:00-04:00,S,11548.25,11539.0,11615.75,67.5,16.5,0.12222222222222222,time,1,S|swing
2022-07-01 09:35:00-04:00,2022-07-01 09:35:00-04:00,2022-07-01 09:46:00-04:00,S,11434.0,11536.0,11535.75,101.75,-206.0,-1.0122850122850122,SL,1,S|swing
2022-07-01 09:50:00-04:00,2022-07-01 09:50:00-04:00,2022-07-01 10:34:00-04:00,L,11537.0,11416.75,11417.0,120.0,-242.5,-1.0104166666666667,SL,1,L|swing
2022-07-01 13:53:00-04:00,2022-07-01 13:53:00-04:00,2022-07-01 15:38:00-04:00,L,11517.75,11611.0,11455.0,62.75,184.5,1.4701195219123506,TP,1,L|swing
2022-07-04 09:41:00-04:00,2022-07-04 09:41:00-04:00,2022-07-04 12:49:00-04:00,S,11551.5,11557.25,11578.75,27.25,-13.5,-0.24770642201834864,time,1,S|swing
2022-07-06 11:44:00-04:00,2022-07-06 11:44:00-04:00,2022-07-06 13:06:00-04:00,S,11767.75,11840.75,11840.5,72.75,-148.0,-1.0171821305841924,SL,1,S|swing
2022-07-07 09:35:00-04:00,2022-07-07 09:35:00-04:00,2022-07-07 13:45:00-04:00,L,11994.0,12115.25,11912.5,81.5,240.5,1.4754601226993864,TP,1,L|swing
2022-07-08 10:26:00-04:00,2022-07-08 10:26:00-04:00,2022-07-08 15:59:00-04:00,L,12102.25,12155.0,11984.0,118.25,103.5,0.4376321353065539,time,1,L|swing
2022-07-11 09:35:00-04:00,2022-07-11 09:35:00-04:00,2022-07-11 15:59:00-04:00,S,11979.5,11891.0,12075.25,95.75,175.0,0.9138381201044387,time,1,S|swing
2022-07-12 10:11:00-04:00,2022-07-12 10:11:00-04:00,2022-07-12 15:59:00-04:00,S,11830.0,11779.0,12012.5,182.5,100.0,0.273972602739726,time,1,S|swing
2022-07-13 10:44:00-04:00,2022-07-13 10:44:00-04:00,2022-07-13 15:59:00-04:00,L,11803.5,11755.5,11597.75,205.75,-98.0,-0.23815309842041313,time,1,L|swing
2022-07-14 09:41:00-04:00,2022-07-14 09:41:00-04:00,2022-07-14 11:41:00-04:00,S,11553.0,11684.75,11684.5,131.5,-265.5,-1.0095057034220531,SL,1,S|swing
2022-07-18 11:41:00-04:00,2022-07-18 11:41:00-04:00,2022-07-18 13:18:00-04:00,L,12158.25,12120.5,12120.75,37.5,-77.5,-1.0333333333333334,SL,1,L|swing
2022-07-18 13:20:00-04:00,2022-07-18 13:20:00-04:00,2022-07-18 13:39:00-04:00,S,12114.25,12054.0,12155.0,40.75,118.5,1.4539877300613497,TP,1,S|swing
2022-07-21 11:35:00-04:00,2022-07-21 11:35:00-04:00,2022-07-21 15:59:00-04:00,L,12537.25,12645.25,12464.75,72.5,214.0,1.4758620689655173,TP,1,L|swing
2022-07-22 10:05:00-04:00,2022-07-22 10:05:00-04:00,2022-07-22 15:59:00-04:00,S,12551.0,12424.0,12697.25,146.25,252.0,0.8615384615384616,time,1,S|swing
2022-07-25 13:56:00-04:00,2022-07-25 13:56:00-04:00,2022-07-25 15:59:00-04:00,S,12325.75,12355.5,12368.25,42.5,-61.5,-0.7235294117647059,time,1,S|swing
2022-07-27 09:35:00-04:00,2022-07-27 09:35:00-04:00,2022-07-27 09:40:00-04:00,L,12305.75,12349.5,12276.0,29.75,85.5,1.4369747899159664,TP,1,L|swing
2022-07-27 14:44:00-04:00,2022-07-27 14:44:00-04:00,2022-07-27 15:59:00-04:00,L,12593.0,12615.25,12411.5,181.5,42.5,0.11707988980716254,time,1,L|swing
2022-07-28 10:08:00-04:00,2022-07-28 10:08:00-04:00,2022-07-28 11:02:00-04:00,S,12473.75,12599.5,12599.25,125.5,-253.5,-1.0099601593625498,SL,1,S|swing
2022-07-28 11:05:00-04:00,2022-07-28 11:05:00-04:00,2022-07-28 15:59:00-04:00,L,12617.5,12738.25,12479.25,138.25,239.5,0.8661844484629295,time,1,L|swing
2022-07-29 10:02:00-04:00,2022-07-29 10:02:00-04:00,2022-07-29 15:59:00-04:00,L,12898.5,12971.5,12744.0,154.5,144.0,0.46601941747572817,time,1,L|swing
2022-08-01 10:02:00-04:00,2022-08-01 10:02:00-04:00,2022-08-01 15:59:00-04:00,L,13007.5,12962.25,12851.0,156.5,-92.5,-0.2955271565495208,time,1,L|swing
2022-08-02 13:47:00-04:00,2022-08-02 13:47:00-04:00,2022-08-02 15:59:00-04:00,S,12919.25,12922.25,13062.0,142.75,-8.0,-0.028021015761821366,time,1,S|swing
2022-08-04 12:17:00-04:00,2022-08-04 12:17:00-04:00,2022-08-04 12:47:00-04:00,L,13297.0,13255.25,13255.5,41.5,-85.5,-1.0301204819277108,SL,1,L|swing
2022-08-05 10:26:00-04:00,2022-08-05 10:26:00-04:00,2022-08-05 11:17:00-04:00,L,13292.75,13154.75,13155.0,137.75,-278.0,-1.0090744101633393,SL,1,L|swing
2022-08-05 11:26:00-04:00,2022-08-05 11:26:00-04:00,2022-08-05 13:35:00-04:00,S,13113.25,13240.75,13240.5,127.25,-257.0,-1.0098231827111985,SL,1,S|swing
2022-08-08 09:59:00-04:00,2022-08-08 09:59:00-04:00,2022-08-08 11:42:00-04:00,L,13392.25,13231.25,13231.5,160.75,-324.0,-1.0077760497667185,SL,1,L|swing
2022-08-09 12:26:00-04:00,2022-08-09 12:26:00-04:00,2022-08-09 13:57:00-04:00,S,12987.0,13028.25,13028.0,41.0,-84.5,-1.0304878048780488,SL,1,S|swing
2022-08-11 11:11:00-04:00,2022-08-11 11:11:00-04:00,2022-08-11 15:59:00-04:00,S,13406.0,13317.5,13512.5,106.5,175.0,0.8215962441314554,time,1,S|swing
2022-08-16 11:41:00-04:00,2022-08-16 11:41:00-04:00,2022-08-16 14:09:00-04:00,L,13639.0,13726.25,13580.25,58.75,172.5,1.4680851063829787,TP,1,L|swing
2022-08-16 14:59:00-04:00,2022-08-16 14:59:00-04:00,2022-08-16 15:59:00-04:00,S,13621.25,13654.0,13711.75,90.5,-67.5,-0.3729281767955801,time,1,S|swing
2022-08-17 10:32:00-04:00,2022-08-17 10:32:00-04:00,2022-08-17 14:03:00-04:00,S,13472.75,13561.0,13560.75,88.0,-178.5,-1.0142045454545454,SL,1,S|swing
2022-08-18 11:26:00-04:00,2022-08-18 11:26:00-04:00,2022-08-18 12:44:00-04:00,L,13546.25,13486.0,13486.25,60.0,-122.5,-1.0208333333333333,SL,1,L|swing
2022-08-18 13:47:00-04:00,2022-08-18 13:47:00-04:00,2022-08-18 14:35:00-04:00,L,13546.25,13517.75,13518.0,28.25,-59.0,-1.0442477876106195,SL,1,L|swing
2022-08-19 10:02:00-04:00,2022-08-19 10:02:00-04:00,2022-08-19 15:59:00-04:00,S,13304.0,13263.5,13416.25,112.25,79.0,0.3518930957683742,time,1,S|swing
2022-08-22 10:11:00-04:00,2022-08-22 10:11:00-04:00,2022-08-22 14:44:00-04:00,S,13002.75,12896.25,13074.25,71.5,211.0,1.4755244755244756,TP,1,S|swing
2022-08-23 10:08:00-04:00,2022-08-23 10:08:00-04:00,2022-08-23 15:59:00-04:00,L,12980.75,12898.5,12865.75,115.0,-166.5,-0.7239130434782609,time,1,L|swing
2022-08-24 10:32:00-04:00,2022-08-24 10:32:00-04:00,2022-08-24 12:16:00-04:00,L,12930.5,13011.25,12876.0,54.5,159.5,1.463302752293578,TP,1,L|swing
2022-08-25 10:17:00-04:00,2022-08-25 10:17:00-04:00,2022-08-25 15:59:00-04:00,L,13064.75,13158.25,12961.75,103.0,185.0,0.8980582524271845,time,1,L|swing
2022-08-26 10:23:00-04:00,2022-08-26 10:23:00-04:00,2022-08-26 11:07:00-04:00,S,13048.75,12824.75,13198.75,150.0,446.0,1.4866666666666666,TP,1,S|swing
2022-08-29 10:56:00-04:00,2022-08-29 10:56:00-04:00,2022-08-29 13:44:00-04:00,S,12464.75,12595.5,12595.25,130.5,-263.5,-1.0095785440613028,SL,1,S|swing
2022-08-31 10:20:00-04:00,2022-08-31 10:20:00-04:00,2022-08-31 15:59:00-04:00,S,12416.5,12282.0,12513.25,96.75,267.0,1.37984496124031,time,1,S|swing
2022-09-02 12:23:00-04:00,2022-09-02 12:23:00-04:00,2022-09-02 13:22:00-04:00,S,12319.25,12154.75,12429.5,110.25,327.0,1.4829931972789117,TP,1,S|swing
2022-09-06 13:11:00-04:00,2022-09-06 13:11:00-04:00,2022-09-06 15:59:00-04:00,S,11994.75,12021.75,12076.25,81.5,-56.0,-0.34355828220858897,time,1,S|swing
2022-09-07 09:41:00-04:00,2022-09-07 09:41:00-04:00,2022-09-07 14:42:00-04:00,L,12112.25,12270.25,12006.25,106.0,314.0,1.4811320754716981,TP,1,L|swing
2022-09-08 10:23:00-04:00,2022-09-08 10:23:00-04:00,2022-09-08 11:06:00-04:00,L,12255.5,12370.5,12178.25,77.25,228.0,1.4757281553398058,TP,1,L|swing
2022-09-08 12:23:00-04:00,2022-09-08 12:23:00-04:00,2022-09-08 15:59:00-04:00,S,12163.75,12326.5,12333.0,169.25,-327.5,-0.9675036927621861,time,1,S|swing
2022-09-09 10:02:00-04:00,2022-09-09 10:02:00-04:00,2022-09-09 15:59:00-04:00,L,12521.75,12590.0,12427.75,94.0,134.5,0.7154255319148937,time,1,L|swing
2022-09-12 09:50:00-04:00,2022-09-12 09:50:00-04:00,2022-09-12 12:10:00-04:00,L,12692.5,12640.5,12640.75,51.75,-106.0,-1.0241545893719808,SL,1,L|swing
2022-09-12 13:26:00-04:00,2022-09-12 13:26:00-04:00,2022-09-12 14:34:00-04:00,L,12715.5,12682.25,12682.5,33.0,-68.5,-1.0378787878787878,SL,1,L|swing
2022-09-16 10:41:00-04:00,2022-09-16 10:41:00-04:00,2022-09-16 10:48:00-04:00,L,11887.25,11835.0,11835.25,52.0,-106.5,-1.0240384615384615,SL,1,L|swing
2022-09-16 10:59:00-04:00,2022-09-16 10:59:00-04:00,2022-09-16 15:04:00-04:00,S,11816.25,11915.75,11915.5,99.25,-201.0,-1.012594458438287,SL,1,S|swing
2022-09-19 12:53:00-04:00,2022-09-19 12:53:00-04:00,2022-09-19 15:59:00-04:00,L,11940.5,12027.0,11870.75,69.75,171.0,1.2258064516129032,time,1,L|swing
2022-09-20 13:29:00-04:00,2022-09-20 13:29:00-04:00,2022-09-20 15:36:00-04:00,S,11882.25,11955.0,11954.75,72.5,-147.5,-1.0172413793103448,SL,1,S|swing
2022-09-21 12:32:00-04:00,2022-09-21 12:32:00-04:00,2022-09-21 13:59:00-04:00,L,11997.25,12053.0,11959.5,37.75,109.5,1.4503311258278146,TP,1,L|swing
2022-09-21 14:02:00-04:00,2022-09-21 14:02:00-04:00,2022-09-21 14:44:00-04:00,S,11872.25,12068.25,12068.0,195.75,-394.0,-1.0063856960408684,SL,1,S|swing
2022-09-22 14:35:00-04:00,2022-09-22 14:35:00-04:00,2022-09-22 14:54:00-04:00,S,11536.5,11585.5,11585.25,48.75,-100.0,-1.0256410256410255,SL,1,S|swing
2022-09-23 10:20:00-04:00,2022-09-23 10:20:00-04:00,2022-09-23 10:29:00-04:00,S,11365.75,11395.5,11395.25,29.5,-61.5,-1.0423728813559323,SL,1,S|swing
2022-09-23 10:38:00-04:00,2022-09-23 10:38:00-04:00,2022-09-23 10:54:00-04:00,S,11371.25,11408.25,11408.0,36.75,-76.0,-1.034013605442177,SL,1,S|swing
2022-09-23 12:08:00-04:00,2022-09-23 12:08:00-04:00,2022-09-23 14:35:00-04:00,S,11331.25,11253.75,11383.5,52.25,153.0,1.4641148325358853,TP,1,S|swing
2022-09-27 09:44:00-04:00,2022-09-27 09:44:00-04:00,2022-09-27 10:00:00-04:00,L,11540.5,11457.75,11458.0,82.5,-167.5,-1.0151515151515151,SL,1,L|swing
2022-09-29 09:41:00-04:00,2022-09-29 09:41:00-04:00,2022-09-29 13:56:00-04:00,S,11303.25,11134.25,11416.5,113.25,336.0,1.4834437086092715,TP,1,S|swing
2022-09-29 14:17:00-04:00,2022-09-29 14:17:00-04:00,2022-09-29 15:16:00-04:00,S,11097.0,11173.75,11173.5,76.5,-155.5,-1.0163398692810457,SL,1,S|swing
2022-09-30 10:44:00-04:00,2022-09-30 10:44:00-04:00,2022-09-30 13:35:00-04:00,L,11290.25,11196.25,11196.5,93.75,-190.0,-1.0133333333333334,SL,1,L|swing
2022-10-03 14:05:00-04:00,2022-10-03 14:05:00-04:00,2022-10-03 14:21:00-04:00,L,11277.75,11308.75,11256.5,21.25,60.0,1.411764705882353,TP,1,L|swing
2022-10-04 09:56:00-04:00,2022-10-04 09:56:00-04:00,2022-10-04 15:59:00-04:00,L,11586.0,11643.5,11500.0,86.0,113.0,0.6569767441860465,time,1,L|swing
2022-10-06 14:38:00-04:00,2022-10-06 14:38:00-04:00,2022-10-06 14:45:00-04:00,S,11586.0,11555.75,11606.75,20.75,58.5,1.4096385542168675,TP,1,S|swing
2022-10-10 09:47:00-04:00,2022-10-10 09:47:00-04:00,2022-10-10 10:38:00-04:00,S,11064.75,10967.25,11130.25,65.5,193.0,1.4732824427480915,TP,1,S|swing
2022-10-10 13:53:00-04:00,2022-10-10 13:53:00-04:00,2022-10-10 15:59:00-04:00,L,11052.25,10980.5,10921.5,130.75,-145.5,-0.5564053537284895,time,1,L|swing
2022-10-11 09:47:00-04:00,2022-10-11 09:47:00-04:00,2022-10-11 11:36:00-04:00,S,10859.0,10946.25,10946.0,87.0,-176.5,-1.014367816091954,SL,1,S|swing
2022-10-12 11:53:00-04:00,2022-10-12 11:53:00-04:00,2022-10-12 12:27:00-04:00,L,10913.0,10865.25,10865.5,47.5,-97.5,-1.0263157894736843,SL,1,L|swing
2022-10-12 12:47:00-04:00,2022-10-12 12:47:00-04:00,2022-10-12 13:01:00-04:00,S,10865.0,10892.5,10892.25,27.25,-57.0,-1.0458715596330275,SL,1,S|swing
2022-10-12 13:41:00-04:00,2022-10-12 13:41:00-04:00,2022-10-12 14:09:00-04:00,S,10846.75,10890.25,10890.0,43.25,-89.0,-1.0289017341040463,SL,1,S|swing
2022-10-12 14:11:00-04:00,2022-10-12 14:11:00-04:00,2022-10-12 15:59:00-04:00,L,10889.0,10836.5,10830.0,59.0,-107.0,-0.9067796610169492,time,1,L|swing
2022-10-14 10:08:00-04:00,2022-10-14 10:08:00-04:00,2022-10-14 15:59:00-04:00,S,10991.5,10747.75,11201.5,210.0,485.5,1.1559523809523808,time,1,S|swing
2022-10-18 14:56:00-04:00,2022-10-18 14:56:00-04:00,2022-10-18 15:59:00-04:00,S,11131.75,11203.25,11243.5,111.75,-145.0,-0.6487695749440716,time,1,S|swing
2022-10-19 12:53:00-04:00,2022-10-19 12:53:00-04:00,2022-10-19 15:59:00-04:00,S,11123.0,11155.0,11182.25,59.25,-66.0,-0.5569620253164557,time,1,S|swing
2022-10-20 09:56:00-04:00,2022-10-20 09:56:00-04:00,2022-10-20 13:49:00-04:00,L,11221.5,11091.0,11091.25,130.25,-263.0,-1.0095969289827256,SL,1,L|swing
2022-10-24 10:02:00-04:00,2022-10-24 10:02:00-04:00,2022-10-24 12:01:00-04:00,S,11292.25,11428.0,11427.75,135.5,-273.5,-1.0092250922509225,SL,1,S|swing
2022-10-26 10:17:00-04:00,2022-10-26 10:17:00-04:00,2022-10-26 10:47:00-04:00,L,11543.0,11646.25,11473.5,69.5,204.5,1.4712230215827338,TP,1,L|swing
2022-10-26 13:02:00-04:00,2022-10-26 13:02:00-04:00,2022-10-26 15:59:00-04:00,S,11550.5,11453.5,11662.25,111.75,192.0,0.8590604026845637,time,1,S|swing
2022-10-27 09:59:00-04:00,2022-10-27 09:59:00-04:00,2022-10-27 15:59:00-04:00,S,11291.25,11241.5,11464.75,173.5,97.5,0.28097982708933716,time,1,S|swing
2022-10-31 09:47:00-04:00,2022-10-31 09:47:00-04:00,2022-10-31 15:59:00-04:00,S,11437.25,11448.5,11523.0,85.75,-24.5,-0.14285714285714285,time,1,S|swing
2022-11-04 09:50:00-04:00,2022-11-04 09:50:00-04:00,2022-11-04 10:41:00-04:00,S,10747.0,10964.25,10964.0,217.0,-436.5,-1.0057603686635945,SL,1,S|swing
2022-11-04 11:29:00-04:00,2022-11-04 11:29:00-04:00,2022-11-04 13:09:00-04:00,S,10815.0,10677.75,10907.0,92.0,272.5,1.4809782608695652,TP,1,S|swing
2022-11-04 14:56:00-04:00,2022-11-04 14:56:00-04:00,2022-11-04 15:59:00-04:00,L,10810.5,10893.0,10727.25,83.25,163.0,0.978978978978979,time,1,L|swing
2022-11-07 13:20:00-05:00,2022-11-07 13:20:00-05:00,2022-11-07 14:15:00-05:00,L,10921.25,10981.25,10880.75,40.5,118.0,1.4567901234567902,TP,1,L|swing
2022-11-08 09:38:00-05:00,2022-11-08 09:38:00-05:00,2022-11-08 10:19:00-05:00,S,11035.25,11098.25,11098.0,62.75,-128.0,-1.0199203187250996,SL,1,S|swing
2022-11-08 10:38:00-05:00,2022-11-08 10:38:00-05:00,2022-11-08 11:40:00-05:00,L,11119.25,11227.75,11046.25,73.0,215.0,1.4726027397260273,TP,1,L|swing
2022-11-08 13:32:00-05:00,2022-11-08 13:32:00-05:00,2022-11-08 15:59:00-05:00,S,11096.25,11094.0,11219.5,123.25,2.5,0.010141987829614604,time,1,S|swing
2022-11-09 12:26:00-05:00,2022-11-09 12:26:00-05:00,2022-11-09 13:32:00-05:00,S,10948.25,10882.75,10992.5,44.25,129.0,1.4576271186440677,TP,1,S|swing
2022-11-11 10:20:00-05:00,2022-11-11 10:20:00-05:00,2022-11-11 15:59:00-05:00,L,11742.5,11847.75,11587.5,155.0,208.5,0.6725806451612903,time,1,L|swing
2022-11-14 09:38:00-05:00,2022-11-14 09:38:00-05:00,2022-11-14 10:07:00-05:00,S,11744.25,11789.25,11789.0,44.75,-92.0,-1.0279329608938548,SL,1,S|swing
2022-11-14 10:20:00-05:00,2022-11-14 10:20:00-05:00,2022-11-14 15:59:00-05:00,L,11799.5,11742.0,11720.5,79.0,-117.0,-0.740506329113924,time,1,L|swing
2022-11-17 14:59:00-05:00,2022-11-17 14:59:00-05:00,2022-11-17 15:10:00-05:00,S,11683.0,11664.0,11696.25,13.25,36.0,1.3584905660377358,TP,1,S|swing
2022-11-21 10:35:00-05:00,2022-11-21 10:35:00-05:00,2022-11-21 15:59:00-05:00,S,11601.0,11587.5,11640.25,39.25,25.0,0.3184713375796178,time,1,S|swing
2022-11-22 09:41:00-05:00,2022-11-22 09:41:00-05:00,2022-11-22 10:48:00-05:00,S,11543.0,11631.5,11631.25,88.25,-179.0,-1.0141643059490084,SL,1,S|swing
2022-11-22 10:56:00-05:00,2022-11-22 10:56:00-05:00,2022-11-22 15:13:00-05:00,L,11636.5,11720.25,11580.0,56.5,165.5,1.4646017699115044,TP,1,L|swing
2022-11-23 09:50:00-05:00,2022-11-23 09:50:00-05:00,2022-11-23 12:57:00-05:00,L,11832.5,11744.25,11744.5,88.0,-178.5,-1.0142045454545454,SL,1,L|swing
2022-11-23 14:23:00-05:00,2022-11-23 14:23:00-05:00,2022-11-23 15:59:00-05:00,L,11862.25,11868.0,11781.75,80.5,9.5,0.059006211180124224,time,1,L|swing
2022-11-24 11:02:00-05:00,2022-11-24 11:02:00-05:00,2022-11-24 12:49:00-05:00,L,11922.75,11921.75,11908.75,14.0,-4.0,-0.14285714285714285,time,1,L|swing
2022-11-28 10:53:00-05:00,2022-11-28 10:53:00-05:00,2022-11-28 12:02:00-05:00,S,11684.5,11717.5,11717.25,32.75,-68.0,-1.0381679389312977,SL,1,S|swing
2022-11-30 11:56:00-05:00,2022-11-30 11:56:00-05:00,2022-11-30 12:12:00-05:00,L,11559.5,11543.75,11544.0,15.5,-33.5,-1.0806451612903225,SL,1,L|swing
2022-11-30 12:14:00-05:00,2022-11-30 12:14:00-05:00,2022-11-30 12:20:00-05:00,S,11545.5,11502.5,11574.75,29.25,84.0,1.435897435897436,TP,1,S|swing
2022-11-30 13:32:00-05:00,2022-11-30 13:32:00-05:00,2022-11-30 13:39:00-05:00,L,11601.25,11708.25,11529.25,72.0,212.0,1.4722222222222223,TP,1,L|swing
2022-12-01 10:23:00-05:00,2022-12-01 10:23:00-05:00,2022-12-01 15:59:00-05:00,S,11974.25,12060.0,12145.0,170.75,-173.5,-0.5080527086383602,time,1,S|swing
2022-12-07 12:38:00-05:00,2022-12-07 12:38:00-05:00,2022-12-07 12:43:00-05:00,S,11481.75,11516.75,11516.5,34.75,-72.0,-1.0359712230215827,SL,1,S|swing
2022-12-07 14:59:00-05:00,2022-12-07 14:59:00-05:00,2022-12-07 15:59:00-05:00,S,11500.0,11508.0,11530.25,30.25,-18.0,-0.2975206611570248,time,1,S|swing
2022-12-08 09:35:00-05:00,2022-12-08 09:35:00-05:00,2022-12-08 09:57:00-05:00,S,11510.0,11582.5,11582.25,72.25,-147.0,-1.0173010380622838,SL,1,S|swing
2022-12-08 10:08:00-05:00,2022-12-08 10:08:00-05:00,2022-12-08 15:59:00-05:00,L,11641.5,11645.5,11476.75,164.75,6.0,0.018209408194233688,time,1,L|swing
2022-12-09 10:56:00-05:00,2022-12-09 10:56:00-05:00,2022-12-09 15:40:00-05:00,L,11675.75,11603.5,11603.75,72.0,-146.5,-1.0173611111111112,SL,1,L|swing
2022-12-12 12:44:00-05:00,2022-12-12 12:44:00-05:00,2022-12-12 13:01:00-05:00,L,11592.25,11616.75,11575.25,17.0,47.0,1.3823529411764706,TP,1,L|swing
2022-12-12 13:26:00-05:00,2022-12-12 13:26:00-05:00,2022-12-12 14:51:00-05:00,S,11583.0,11625.5,11625.25,42.25,-87.0,-1.029585798816568,SL,1,S|swing
2022-12-16 10:32:00-05:00,2022-12-16 10:32:00-05:00,2022-12-16 15:59:00-05:00,S,11341.25,11342.25,11427.25,86.0,-4.0,-0.023255813953488372,time,1,S|swing
2022-12-19 14:11:00-05:00,2022-12-19 14:11:00-05:00,2022-12-19 15:40:00-05:00,S,11183.75,11134.75,11217.0,33.25,96.0,1.443609022556391,TP,1,S|swing
2022-12-20 10:23:00-05:00,2022-12-20 10:23:00-05:00,2022-12-20 15:59:00-05:00,L,11209.75,11175.25,11092.0,117.75,-71.0,-0.30148619957537154,time,1,L|swing
2022-12-21 09:35:00-05:00,2022-12-21 09:35:00-05:00,2022-12-21 09:39:00-05:00,S,11197.0,11230.75,11230.5,33.5,-69.5,-1.037313432835821,SL,1,S|swing
2022-12-21 09:50:00-05:00,2022-12-21 09:50:00-05:00,2022-12-21 11:10:00-05:00,L,11259.5,11376.75,11180.75,78.75,232.5,1.4761904761904763,TP,1,L|swing
2022-12-28 09:47:00-05:00,2022-12-28 09:47:00-05:00,2022-12-28 10:55:00-05:00,L,10967.5,10861.0,10861.25,106.25,-215.0,-1.011764705882353,SL,1,L|swing
2022-12-28 14:38:00-05:00,2022-12-28 14:38:00-05:00,2022-12-28 14:45:00-05:00,S,10795.25,10830.75,10830.5,35.25,-73.0,-1.0354609929078014,SL,1,S|swing
2022-12-30 14:11:00-05:00,2022-12-30 14:11:00-05:00,2022-12-30 15:01:00-05:00,S,10885.25,10918.25,10918.0,32.75,-68.0,-1.0381679389312977,SL,1,S|swing
