side,entry_time,entry,exit_time,exit,reason,pnl,risk,R,lunch_w,day,lunch
L,2019-06-06 14:30:00-04:00,7265.5,2019-06-06 16:00:00-04:00,7282.25,time,31.5,39.0,0.40384615384615385,20.5,balance,inside
S,2019-06-10 14:00:00-04:00,7518.75,2019-06-10 16:00:00-04:00,7510.25,time,15.0,55.75,0.13452914798206278,48.5,break,above
L,2019-06-11 14:00:00-04:00,7532.0,2019-06-11 16:00:00-04:00,7515.0,time,-36.0,39.75,-0.4528301886792453,34.0,break,below
L,2019-06-14 14:15:00-04:00,7486.0,2019-06-14 16:00:00-04:00,7484.25,time,-5.5,16.5,-0.16666666666666666,13.75,balance,overlap
L,2019-06-17 14:00:00-04:00,7545.75,2019-06-17 15:50:00-04:00,7522.75,SL,-48.0,22.5,-1.0666666666666667,20.25,break,overlap
L,2019-06-19 14:00:00-04:00,7697.75,2019-06-19 16:00:00-04:00,7700.75,time,4.0,55.75,0.03587443946188341,21.0,break,inside
S,2019-06-25 14:30:00-04:00,7629.75,2019-06-25 16:00:00-04:00,7628.0,time,1.5,69.5,0.01079136690647482,62.0,balance,below
S,2019-06-26 14:50:00-04:00,7646.75,2019-06-26 16:00:00-04:00,7650.25,time,-9.0,46.75,-0.0962566844919786,44.75,break,overlap
S,2019-07-01 14:25:00-04:00,7761.75,2019-07-01 16:00:00-04:00,7794.25,time,-67.0,43.0,-0.7790697674418605,39.25,break,below
L,2019-07-02 14:10:00-04:00,7798.0,2019-07-02 16:00:00-04:00,7827.5,time,57.0,29.25,0.9743589743589743,27.5,balance,overlap
L,2019-07-05 14:35:00-04:00,7868.75,2019-07-05 16:00:00-04:00,7859.5,time,-20.5,49.75,-0.20603015075376885,47.0,balance,overlap
L,2019-07-08 14:45:00-04:00,7808.25,2019-07-08 16:00:00-04:00,7809.25,time,0.0,27.25,0.0,23.0,break,inside
L,2019-07-09 14:15:00-04:00,7847.0,2019-07-09 16:00:00-04:00,7845.5,time,-5.0,18.0,-0.1388888888888889,15.5,balance,above
S,2019-07-10 14:25:00-04:00,7906.25,2019-07-10 16:00:00-04:00,7928.75,time,-47.0,29.0,-0.8103448275862069,27.5,break,overlap
S,2019-07-11 14:15:00-04:00,7898.25,2019-07-11 16:00:00-04:00,7921.0,time,-47.5,59.75,-0.39748953974895396,55.0,balance,overlap
L,2019-07-15 14:05:00-04:00,7980.25,2019-07-15 16:00:00-04:00,7983.0,time,3.5,18.75,0.09333333333333334,15.0,balance,overlap
S,2019-07-17 14:10:00-04:00,7930.5,2019-07-17 16:00:00-04:00,7899.0,time,61.0,16.25,1.876923076923077,11.75,balance,overlap
L,2019-07-18 14:00:00-04:00,7879.5,2019-07-18 16:00:00-04:00,7928.75,time,96.5,33.5,1.4402985074626866,32.25,break,overlap
S,2019-07-19 14:05:00-04:00,7904.25,2019-07-19 16:00:00-04:00,7853.0,time,100.5,33.0,1.5227272727272727,29.75,balance,below
L,2019-07-22 14:55:00-04:00,7920.0,2019-07-22 16:00:00-04:00,7918.5,time,-5.0,26.25,-0.09523809523809523,24.0,break,overlap
L,2019-07-24 14:00:00-04:00,7996.0,2019-07-24 16:00:00-04:00,8024.0,time,54.0,18.0,1.5,16.75,balance,above
L,2019-07-29 14:50:00-04:00,8003.75,2019-07-29 16:00:00-04:00,8004.75,time,0.0,29.25,0.0,25.25,break,overlap
L,2019-07-30 14:00:00-04:00,7994.0,2019-07-30 15:55:00-04:00,7955.0,SL,-80.0,38.5,-1.0389610389610389,21.25,balance,overlap
S,2019-07-31 14:00:00-04:00,7952.5,2019-07-31 16:00:00-04:00,7855.75,time,191.5,35.75,2.6783216783216783,24.75,break,overlap
S,2019-08-01 14:20:00-04:00,7810.0,2019-08-01 16:00:00-04:00,7821.0,time,-24.0,196.25,-0.061146496815286625,179.75,break,overlap
S,2019-08-05 14:05:00-04:00,7410.25,2019-08-05 16:00:00-04:00,7409.75,time,-1.0,65.5,-0.007633587786259542,63.0,break,below
L,2019-08-06 14:15:00-04:00,7532.5,2019-08-06 16:00:00-04:00,7530.75,time,-5.5,79.25,-0.03470031545741325,60.5,break,overlap
L,2019-08-07 14:40:00-04:00,7555.25,2019-08-07 16:00:00-04:00,7555.75,time,-1.0,107.25,-0.004662004662004662,102.5,balance,overlap
L,2019-08-08 14:40:00-04:00,7712.75,2019-08-08 16:00:00-04:00,7734.25,time,41.0,36.5,0.5616438356164384,30.75,balance,above
S,2019-08-12 14:15:00-04:00,7577.5,2019-08-12 16:00:00-04:00,7566.0,time,21.0,56.5,0.18584070796460178,48.5,break,overlap
L,2019-08-13 14:25:00-04:00,7757.5,2019-08-13 16:00:00-04:00,7740.5,time,-36.0,43.5,-0.41379310344827586,37.75,break,above
S,2019-08-20 14:05:00-04:00,7689.5,2019-08-20 16:00:00-04:00,7665.75,time,45.5,43.25,0.5260115606936416,35.5,break,overlap
S,2019-08-21 14:45:00-04:00,7725.25,2019-08-21 16:00:00-04:00,7748.75,time,-49.0,31.75,-0.7716535433070866,24.75,break,inside
L,2019-08-22 14:45:00-04:00,7731.25,2019-08-22 16:00:00-04:00,7711.5,time,-41.5,49.25,-0.4213197969543147,48.0,balance,below
S,2019-08-23 14:40:00-04:00,7483.0,2019-08-23 16:00:00-04:00,7508.25,time,-52.5,67.25,-0.3903345724907063,64.0,balance,below
S,2019-08-26 14:10:00-04:00,7542.75,2019-08-26 15:55:00-04:00,7583.0,SL,-82.5,39.75,-1.0377358490566038,36.5,balance,overlap
L,2019-08-27 14:50:00-04:00,7590.75,2019-08-27 16:00:00-04:00,7568.75,time,-46.0,54.25,-0.423963133640553,51.0,balance,below
L,2019-08-28 14:45:00-04:00,7595.75,2019-08-28 16:00:00-04:00,7599.25,time,5.0,29.75,0.08403361344537816,27.75,break,above
L,2019-08-29 14:10:00-04:00,7728.75,2019-08-29 15:05:00-04:00,7703.0,SL,-53.5,25.25,-1.0594059405940595,23.75,break,overlap
S,2019-09-10 14:35:00-04:00,7767.0,2019-09-10 15:55:00-04:00,7813.25,SL,-94.5,45.75,-1.0327868852459017,44.25,break,overlap
S,2019-09-11 14:00:00-04:00,7868.0,2019-09-11 15:55:00-04:00,7893.5,SL,-53.0,25.0,-1.06,23.5,break,above
S,2019-09-18 14:10:00-04:00,7835.75,2019-09-18 15:30:00-04:00,7894.25,SL,-119.0,58.0,-1.0258620689655173,32.25,break,overlap
S,2019-09-24 14:05:00-04:00,7704.25,2019-09-24 16:00:00-04:00,7743.75,time,-81.0,99.0,-0.4090909090909091,97.75,balance,below
L,2019-09-25 14:05:00-04:00,7792.0,2019-09-25 16:00:00-04:00,7818.5,time,51.0,43.5,0.5862068965517241,35.75,balance,above
L,2019-09-26 14:00:00-04:00,7786.25,2019-09-26 16:00:00-04:00,7791.75,time,9.0,43.25,0.10404624277456648,39.0,break,overlap
S,2019-09-27 14:20:00-04:00,7674.75,2019-09-27 16:00:00-04:00,7701.0,time,-54.5,89.25,-0.30532212885154064,84.75,balance,below
L,2019-10-02 14:45:00-04:00,7574.0,2019-10-02 16:00:00-04:00,7555.25,time,-39.5,48.75,-0.40512820512820513,39.0,break,below
L,2019-10-04 14:30:00-04:00,7752.25,2019-10-04 16:00:00-04:00,7762.25,time,18.0,22.0,0.4090909090909091,19.0,break,above
S,2019-10-07 14:50:00-04:00,7742.25,2019-10-07 16:00:00-04:00,7738.0,time,6.5,57.75,0.05627705627705628,48.75,balance,overlap
L,2019-10-08 14:45:00-04:00,7720.0,2019-10-08 15:35:00-04:00,7644.0,SL,-154.0,75.5,-1.0198675496688743,55.25,break,overlap
L,2019-10-09 14:50:00-04:00,7726.5,2019-10-09 16:00:00-04:00,7692.5,SL,-70.0,33.5,-1.044776119402985,27.0,balance,overlap
S,2019-10-10 14:05:00-04:00,7721.0,2019-10-10 16:00:00-04:00,7759.75,time,-79.5,56.75,-0.7004405286343612,51.0,balance,above
L,2019-10-14 14:10:00-04:00,7871.0,2019-10-14 16:00:00-04:00,7849.5,SL,-45.0,21.0,-1.0714285714285714,16.0,balance,overlap
L,2019-10-15 14:15:00-04:00,7969.5,2019-10-15 16:00:00-04:00,7957.0,time,-27.0,28.75,-0.46956521739130436,26.75,balance,above
L,2019-10-17 14:50:00-04:00,7959.25,2019-10-17 16:00:00-04:00,7952.25,time,-16.0,36.75,-0.21768707482993196,34.75,balance,below
L,2019-10-18 14:55:00-04:00,7896.0,2019-10-18 16:00:00-04:00,7876.75,time,-40.5,60.75,-0.3333333333333333,59.5,balance,below
S,2019-10-22 14:40:00-04:00,7914.5,2019-10-22 16:00:00-04:00,7857.25,time,112.5,29.25,1.9230769230769231,27.0,break,below
S,2019-10-23 14:15:00-04:00,7868.75,2019-10-23 15:45:00-04:00,7893.5,SL,-51.5,24.25,-1.0618556701030928,20.25,break,overlap
S,2019-10-25 14:05:00-04:00,8016.0,2019-10-25 15:55:00-04:00,8035.5,SL,-41.0,19.0,-1.0789473684210527,17.5,break,above
L,2019-10-30 14:10:00-04:00,8059.75,2019-10-30 16:00:00-04:00,8095.0,time,68.5,28.5,1.2017543859649122,27.0,break,overlap
L,2019-11-04 14:35:00-05:00,8225.75,2019-11-04 16:00:00-05:00,8210.25,time,-33.0,24.5,-0.673469387755102,23.0,break,overlap
S,2019-11-07 14:40:00-05:00,8237.75,2019-11-07 16:00:00-05:00,8230.0,time,13.5,41.5,0.16265060240963855,24.0,balance,overlap
S,2019-11-12 14:10:00-05:00,8263.75,2019-11-12 16:00:00-05:00,8268.75,time,-12.0,30.75,-0.1951219512195122,18.0,balance,above
S,2019-11-13 14:10:00-05:00,8243.5,2019-11-13 16:00:00-05:00,8269.75,time,-54.5,38.5,-0.7077922077922078,35.5,balance,overlap
L,2019-11-14 14:30:00-05:00,8259.75,2019-11-14 16:00:00-05:00,8267.75,time,14.0,39.25,0.17834394904458598,36.5,balance,overlap
L,2019-11-18 14:20:00-05:00,8342.5,2019-11-18 16:00:00-05:00,8329.75,time,-27.5,32.75,-0.4198473282442748,25.25,break,overlap
L,2019-11-19 14:05:00-05:00,8358.25,2019-11-19 16:00:00-05:00,8341.0,time,-36.5,21.5,-0.8488372093023255,19.0,balance,overlap
L,2019-11-21 14:15:00-05:00,8278.25,2019-11-21 16:00:00-05:00,8270.0,time,-18.5,31.75,-0.29133858267716534,29.25,balance,overlap
L,2019-12-02 14:15:00-05:00,8327.5,2019-12-02 16:00:00-05:00,8315.25,time,-26.5,40.75,-0.32515337423312884,38.0,break,below
L,2019-12-04 14:10:00-05:00,8309.75,2019-12-04 16:00:00-05:00,8293.25,SL,-35.0,16.0,-1.09375,14.75,break,inside
L,2019-12-05 14:10:00-05:00,8305.25,2019-12-05 16:00:00-05:00,8310.75,time,9.0,21.0,0.21428571428571427,18.5,balance,below
S,2019-12-09 14:00:00-05:00,8383.25,2019-12-09 16:00:00-05:00,8356.5,time,51.5,16.75,1.537313432835821,14.75,break,overlap
L,2019-12-11 14:00:00-05:00,8391.0,2019-12-11 16:00:00-05:00,8406.25,time,28.5,19.75,0.7215189873417721,17.5,balance,overlap
L,2019-12-12 14:30:00-05:00,8457.0,2019-12-12 16:00:00-05:00,8461.75,time,7.5,54.75,0.0684931506849315,43.25,break,inside
S,2019-12-16 14:30:00-05:00,8606.0,2019-12-16 16:00:00-05:00,8605.75,time,-1.5,11.5,-0.06521739130434782,9.5,break,above
L,2019-12-19 14:20:00-05:00,8660.25,2019-12-19 16:00:00-05:00,8672.75,time,23.0,13.5,0.8518518518518519,11.0,break,above
L,2019-12-26 14:10:00-05:00,8792.25,2019-12-26 16:00:00-05:00,8802.5,time,18.5,25.5,0.3627450980392157,23.75,break,above
S,2019-12-30 14:20:00-05:00,8732.75,2019-12-30 16:00:00-05:00,8736.75,time,-10.0,23.5,-0.2127659574468085,20.75,break,inside
L,2019-12-31 14:30:00-05:00,8731.75,2019-12-31 16:00:00-05:00,8764.0,time,62.5,18.0,1.7361111111111112,15.5,break,inside
L,2020-01-02 14:00:00-05:00,8848.75,2020-01-02 16:00:00-05:00,8888.25,time,77.0,22.0,1.75,18.75,break,inside
L,2020-01-06 14:10:00-05:00,8845.0,2020-01-06 16:00:00-05:00,8865.5,time,39.0,33.5,0.582089552238806,24.75,balance,above
L,2020-01-08 14:45:00-05:00,8946.75,2020-01-08 15:50:00-05:00,8924.75,SL,-46.0,21.5,-1.069767441860465,19.75,balance,above
L,2020-01-13 14:25:00-05:00,9075.5,2020-01-13 16:00:00-05:00,9085.0,time,17.0,18.5,0.4594594594594595,15.5,break,above
S,2020-01-14 14:00:00-05:00,9047.5,2020-01-14 16:00:00-05:00,9054.25,time,-15.5,47.75,-0.16230366492146597,42.0,balance,overlap
L,2020-01-16 14:15:00-05:00,9108.75,2020-01-16 16:00:00-05:00,9135.5,time,51.5,21.0,1.2261904761904763,18.5,break,inside
L,2020-01-23 14:00:00-05:00,9216.25,2020-01-23 16:00:00-05:00,9245.25,time,56.0,31.25,0.896,28.75,break,overlap
S,2020-01-24 14:10:00-05:00,9129.25,2020-01-24 16:00:00-05:00,9153.25,time,-50.0,78.5,-0.3184713375796178,74.75,balance,below
L,2020-01-28 14:00:00-05:00,9107.75,2020-01-28 16:00:00-05:00,9105.25,time,-7.0,26.0,-0.1346153846153846,24.5,balance,above
L,2020-01-29 14:00:00-05:00,9155.0,2020-01-29 15:15:00-05:00,9120.5,SL,-71.0,34.0,-1.0441176470588236,23.75,break,overlap
L,2020-01-30 14:15:00-05:00,9084.0,2020-01-30 16:00:00-05:00,9210.0,time,250.0,52.25,2.3923444976076556,49.75,balance,overlap
L,2020-02-04 14:00:00-05:00,9337.0,2020-02-04 16:00:00-05:00,9341.25,time,6.5,26.5,0.12264150943396226,25.0,break,above
L,2020-02-05 14:50:00-05:00,9384.75,2020-02-05 16:00:00-05:00,9381.75,time,-8.0,50.25,-0.07960199004975124,39.0,balance,overlap
S,2020-02-07 14:00:00-05:00,9403.75,2020-02-07 16:00:00-05:00,9412.25,time,-19.0,59.25,-0.16033755274261605,49.25,break,overlap
L,2020-02-10 14:30:00-05:00,9482.5,2020-02-10 16:00:00-05:00,9526.5,time,86.0,26.0,1.6538461538461537,22.0,balance,above
S,2020-02-11 14:00:00-05:00,9537.5,2020-02-11 16:00:00-05:00,9527.75,time,17.5,54.75,0.1598173515981735,44.25,balance,overlap
S,2020-02-14 14:15:00-05:00,9592.5,2020-02-14 15:55:00-05:00,9628.5,SL,-74.0,35.5,-1.0422535211267605,33.5,balance,overlap
L,2020-02-18 14:20:00-05:00,9634.0,2020-02-18 16:00:00-05:00,9637.0,time,4.0,55.5,0.036036036036036036,50.5,balance,overlap
L,2020-02-19 14:40:00-05:00,9747.5,2020-02-19 15:30:00-05:00,9728.25,SL,-40.5,18.75,-1.08,15.25,break,above
L,2020-02-20 14:20:00-05:00,9623.0,2020-02-20 16:00:00-05:00,9634.25,time,20.5,75.5,0.1357615894039735,70.0,break,below
L,2020-02-24 14:25:00-05:00,9122.5,2020-02-24 16:00:00-05:00,9079.75,time,-87.5,77.0,-0.5681818181818182,75.5,break,inside
S,2020-02-25 14:00:00-05:00,8905.0,2020-02-25 16:00:00-05:00,8865.75,time,76.5,143.75,0.26608695652173914,138.5,balance,below
S,2020-02-27 14:05:00-05:00,8603.25,2020-02-27 16:00:00-05:00,8422.75,time,359.0,191.25,0.938562091503268,182.5,break,overlap
S,2020-02-28 14:00:00-05:00,8224.0,2020-02-28 15:55:00-05:00,8443.25,SL,-440.5,218.75,-1.006857142857143,207.75,break,overlap
S,2020-03-02 14:35:00-05:00,8608.0,2020-03-02 15:35:00-05:00,8737.5,SL,-261.0,129.0,-1.0116279069767442,104.25,balance,above
S,2020-03-03 14:00:00-05:00,8562.5,2020-03-03 16:00:00-05:00,8643.5,time,-164.0,300.75,-0.2726517040731505,278.5,balance,overlap
S,2020-03-06 14:05:00-05:00,8378.5,2020-03-06 15:50:00-05:00,8485.0,SL,-215.0,106.0,-1.0141509433962264,100.5,balance,overlap
S,2020-03-09 14:00:00-04:00,7976.0,2020-03-09 16:00:00-04:00,7898.25,time,153.5,264.5,0.29017013232514177,242.75,break,overlap
L,2020-03-10 14:40:00-04:00,8174.75,2020-03-10 16:00:00-04:00,8354.5,time,357.5,172.0,1.0392441860465116,157.75,balance,overlap
S,2020-03-11 14:05:00-04:00,7991.75,2020-03-11 16:00:00-04:00,7990.5,time,0.5,185.75,0.0013458950201884253,171.25,balance,overlap
S,2020-03-16 14:00:00-04:00,7242.25,2020-03-16 16:00:00-04:00,7068.25,time,346.0,266.75,0.6485473289597001,247.25,break,overlap
S,2020-03-18 14:15:00-04:00,6837.25,2020-03-18 15:55:00-04:00,7196.5,SL,-720.5,358.75,-1.0041811846689896,355.25,break,overlap
L,2020-03-19 14:40:00-04:00,7483.75,2020-03-19 16:00:00-04:00,7234.5,SL,-500.5,248.75,-1.0060301507537688,224.0,balance,above
S,2020-03-20 14:50:00-04:00,7108.0,2020-03-20 16:00:00-04:00,6977.75,time,258.5,217.25,0.5949367088607594,192.75,balance,overlap
S,2020-03-24 14:00:00-04:00,7323.5,2020-03-24 15:55:00-04:00,7531.25,SL,-417.5,207.25,-1.0072376357056694,189.25,break,overlap
L,2020-03-27 14:30:00-04:00,7721.75,2020-03-27 15:50:00-04:00,7579.5,SL,-286.5,141.75,-1.0105820105820107,138.25,break,overlap
L,2020-03-30 14:40:00-04:00,7850.75,2020-03-30 16:00:00-04:00,7843.0,time,-17.5,79.25,-0.11041009463722397,76.75,break,above
S,2020-04-01 14:30:00-04:00,7493.75,2020-04-01 16:00:00-04:00,7468.25,time,49.0,105.5,0.23222748815165878,100.5,balance,overlap
S,2020-04-02 14:00:00-04:00,7485.25,2020-04-02 15:55:00-04:00,7619.75,SL,-271.0,134.0,-1.0111940298507462,127.25,balance,overlap
S,2020-04-03 14:05:00-04:00,7433.0,2020-04-03 15:50:00-04:00,7531.25,SL,-198.5,97.75,-1.0153452685421995,95.5,break,below
S,2020-04-07 14:00:00-04:00,8159.0,2020-04-07 16:00:00-04:00,8011.25,time,293.5,99.75,1.4711779448621554,97.75,balance,overlap
L,2020-04-08 14:35:00-04:00,8198.0,2020-04-08 16:00:00-04:00,8201.75,time,5.5,78.25,0.03514376996805112,75.0,break,overlap
S,2020-04-09 14:05:00-04:00,8214.5,2020-04-09 16:00:00-04:00,8241.75,time,-56.5,68.75,-0.4109090909090909,61.75,break,overlap
L,2020-04-14 14:15:00-04:00,8692.25,2020-04-14 16:00:00-04:00,8677.25,time,-32.0,109.0,-0.14678899082568808,107.25,break,above
L,2020-04-15 14:10:00-04:00,8602.25,2020-04-15 16:00:00-04:00,8593.75,time,-19.0,80.25,-0.11838006230529595,73.25,break,overlap
S,2020-04-17 14:30:00-04:00,8705.0,2020-04-17 15:30:00-04:00,8767.5,SL,-127.0,62.0,-1.0241935483870968,50.0,break,overlap
S,2020-04-20 14:20:00-04:00,8775.0,2020-04-20 16:00:00-04:00,8714.5,time,119.0,62.25,0.9558232931726908,56.5,balance,overlap
L,2020-04-21 14:05:00-04:00,8481.25,2020-04-21 16:00:00-04:00,8432.0,time,-100.5,128.5,-0.39105058365758755,123.75,break,below
L,2020-04-22 14:20:00-04:00,8660.25,2020-04-22 16:00:00-04:00,8630.0,time,-62.5,70.75,-0.4416961130742049,62.25,break,overlap
L,2020-04-24 14:05:00-04:00,8725.0,2020-04-24 16:00:00-04:00,8763.25,time,74.5,90.0,0.41388888888888886,85.0,balance,overlap
L,2020-04-28 14:00:00-04:00,8752.25,2020-04-28 15:50:00-04:00,8673.75,SL,-159.0,78.0,-1.0192307692307692,76.0,balance,below
L,2020-05-05 14:10:00-04:00,9007.5,2020-05-05 15:25:00-04:00,8964.5,SL,-88.0,42.5,-1.035294117647059,36.0,break,above
S,2020-05-07 14:20:00-04:00,9080.75,2020-05-07 16:00:00-04:00,9095.5,time,-31.5,45.5,-0.34615384615384615,34.25,break,overlap
S,2020-05-08 14:05:00-04:00,9157.25,2020-05-08 15:50:00-04:00,9218.75,SL,-125.0,61.0,-1.0245901639344261,59.25,balance,overlap
L,2020-05-11 14:50:00-04:00,9324.5,2020-05-11 16:00:00-04:00,9273.5,time,-104.0,71.75,-0.7247386759581882,70.25,balance,above
L,2020-05-15 14:20:00-04:00,9107.0,2020-05-15 16:00:00-04:00,9123.75,time,31.5,118.5,0.13291139240506328,116.0,balance,overlap
L,2020-05-19 14:15:00-04:00,9410.0,2020-05-19 14:55:00-04:00,9365.75,SL,-90.5,43.75,-1.0342857142857143,42.5,balance,overlap
S,2020-05-21 14:35:00-04:00,9386.0,2020-05-21 16:00:00-04:00,9379.5,time,11.0,50.75,0.10837438423645321,47.5,break,below
L,2020-05-22 14:00:00-04:00,9408.75,2020-05-22 16:00:00-04:00,9407.0,time,-5.5,55.5,-0.04954954954954955,53.5,balance,overlap
S,2020-05-26 14:50:00-04:00,9439.0,2020-05-26 16:00:00-04:00,9390.0,time,96.0,47.75,1.0052356020942408,46.5,balance,below
L,2020-05-27 14:00:00-04:00,9366.5,2020-05-27 16:00:00-04:00,9434.25,time,133.5,103.75,0.6433734939759036,76.0,break,overlap
L,2020-05-29 14:05:00-04:00,9478.75,2020-05-29 16:00:00-04:00,9564.25,time,169.0,101.25,0.8345679012345679,85.25,balance,overlap
L,2020-06-02 14:15:00-04:00,9612.5,2020-06-02 16:00:00-04:00,9654.0,time,81.0,77.5,0.5225806451612903,74.75,balance,overlap
L,2020-06-03 14:00:00-04:00,9697.25,2020-06-03 16:00:00-04:00,9687.75,time,-21.0,56.75,-0.18502202643171806,44.0,balance,overlap
S,2020-06-04 14:55:00-04:00,9595.25,2020-06-04 16:00:00-04:00,9625.0,time,-61.5,84.5,-0.363905325443787,56.75,balance,overlap
L,2020-06-08 14:00:00-04:00,9861.5,2020-06-08 16:00:00-04:00,9881.75,time,38.5,67.75,0.28413284132841327,64.75,balance,overlap
L,2020-06-10 14:00:00-04:00,10103.25,2020-06-10 16:00:00-04:00,10073.25,time,-62.0,75.0,-0.41333333333333333,48.5,break,overlap
S,2020-06-11 14:10:00-04:00,9692.0,2020-06-11 16:00:00-04:00,9600.75,time,180.5,183.5,0.49182561307901906,174.25,break,below
L,2020-06-15 14:00:00-04:00,9765.75,2020-06-15 16:00:00-04:00,9790.0,time,46.5,147.75,0.15736040609137056,93.25,balance,above
S,2020-06-18 14:55:00-04:00,9949.5,2020-06-18 15:55:00-04:00,9998.5,SL,-100.0,48.5,-1.0309278350515463,46.5,balance,overlap
S,2020-06-19 14:15:00-04:00,9932.25,2020-06-19 16:00:00-04:00,9961.25,time,-60.0,123.75,-0.24242424242424243,119.25,balance,below
L,2020-06-22 14:55:00-04:00,10113.75,2020-06-22 16:00:00-04:00,10115.25,time,1.0,57.0,0.008771929824561403,47.75,balance,above
S,2020-06-23 14:55:00-04:00,10244.25,2020-06-23 16:00:00-04:00,10190.5,time,105.5,52.0,1.0144230769230769,48.25,balance,above
S,2020-06-25 14:20:00-04:00,9984.5,2020-06-25 15:15:00-04:00,10041.5,SL,-116.0,56.5,-1.0265486725663717,47.25,balance,overlap
S,2020-06-26 14:35:00-04:00,9875.5,2020-06-26 16:00:00-04:00,9868.0,time,13.0,96.0,0.06770833333333333,94.0,break,below
S,2020-07-06 14:05:00-04:00,10542.0,2020-07-06 15:50:00-04:00,10595.75,SL,-109.5,53.25,-1.028169014084507,46.25,balance,above
S,2020-07-07 14:20:00-04:00,10594.25,2020-07-07 16:00:00-04:00,10523.25,time,140.0,71.5,0.9790209790209791,67.0,balance,overlap
S,2020-07-08 14:00:00-04:00,10564.25,2020-07-08 15:10:00-04:00,10628.75,SL,-131.0,64.0,-1.0234375,58.0,break,overlap
L,2020-07-09 14:15:00-04:00,10723.0,2020-07-09 16:00:00-04:00,10739.0,time,30.0,108.5,0.1382488479262673,105.0,break,overlap
L,2020-07-10 14:45:00-04:00,10779.0,2020-07-10 16:00:00-04:00,10825.0,time,90.0,66.25,0.6792452830188679,63.75,balance,overlap
S,2020-07-13 14:00:00-04:00,10910.0,2020-07-13 16:00:00-04:00,10603.25,time,611.5,132.5,2.3075471698113206,100.5,break,overlap
L,2020-07-14 14:20:00-04:00,10630.25,2020-07-14 16:00:00-04:00,10661.25,time,60.0,142.5,0.21052631578947367,135.5,balance,inside
L,2020-07-15 14:00:00-04:00,10699.25,2020-07-15 16:00:00-04:00,10686.0,time,-28.5,148.0,-0.09628378378378379,121.5,break,below
L,2020-07-16 14:10:00-04:00,10614.0,2020-07-16 16:00:00-04:00,10527.25,time,-175.5,94.25,-0.9310344827586207,91.75,balance,overlap
L,2020-07-17 14:05:00-04:00,10635.0,2020-07-17 16:00:00-04:00,10631.0,time,-10.0,47.0,-0.10638297872340426,42.0,balance,inside
L,2020-07-20 14:10:00-04:00,10866.25,2020-07-20 16:00:00-04:00,10940.0,time,145.5,80.5,0.9037267080745341,77.25,break,above
L,2020-07-21 14:05:00-04:00,10931.75,2020-07-21 15:10:00-04:00,10827.5,SL,-210.5,103.75,-1.0144578313253012,84.75,break,overlap
S,2020-07-23 14:00:00-04:00,10554.0,2020-07-23 16:00:00-04:00,10542.25,time,21.5,239.5,0.04488517745302714,221.5,break,below
L,2020-07-27 14:00:00-04:00,10618.75,2020-07-27 16:00:00-04:00,10667.5,time,95.5,70.75,0.6749116607773852,66.25,break,overlap
L,2020-07-29 14:10:00-04:00,10636.0,2020-07-29 16:00:00-04:00,10652.5,time,31.0,52.75,0.2938388625592417,50.5,balance,overlap
L,2020-07-31 14:50:00-04:00,10797.75,2020-07-31 16:00:00-04:00,10905.0,time,212.5,107.0,0.9929906542056075,102.25,break,overlap
L,2020-08-03 14:30:00-04:00,11063.75,2020-08-03 15:15:00-04:00,11021.5,SL,-86.5,41.75,-1.035928143712575,35.25,break,overlap
S,2020-08-04 14:30:00-04:00,10996.5,2020-08-04 15:55:00-04:00,11063.25,SL,-135.5,66.25,-1.0226415094339623,54.75,balance,overlap
L,2020-08-05 14:30:00-04:00,11120.5,2020-08-05 15:40:00-04:00,11089.5,SL,-64.0,30.5,-1.0491803278688525,28.25,balance,overlap
L,2020-08-06 14:00:00-04:00,11210.0,2020-08-06 16:00:00-04:00,11256.75,time,91.5,87.75,0.5213675213675214,75.5,balance,above
S,2020-08-07 14:15:00-04:00,11062.5,2020-08-07 16:00:00-04:00,11123.25,time,-123.5,143.25,-0.43106457242582896,138.25,balance,below
S,2020-08-11 14:10:00-04:00,11003.75,2020-08-11 16:00:00-04:00,10863.75,time,278.0,80.75,1.721362229102167,72.0,break,overlap
L,2020-08-12 14:20:00-04:00,11182.0,2020-08-12 16:00:00-04:00,11132.0,time,-102.0,66.5,-0.7669172932330827,63.75,break,above
S,2020-08-13 14:15:00-04:00,11167.0,2020-08-13 16:00:00-04:00,11159.5,time,13.0,99.0,0.06565656565656566,85.25,break,overlap
L,2020-08-17 14:10:00-04:00,11285.5,2020-08-17 16:00:00-04:00,11283.5,time,-6.0,40.25,-0.07453416149068323,38.75,break,overlap
L,2020-08-18 14:40:00-04:00,11389.25,2020-08-18 16:00:00-04:00,11399.75,time,19.0,37.75,0.25165562913907286,36.25,break,overlap
S,2020-08-19 14:05:00-04:00,11402.5,2020-08-19 16:00:00-04:00,11323.25,time,156.5,35.5,2.204225352112676,29.5,break,overlap
L,2020-08-20 14:15:00-04:00,11430.0,2020-08-20 16:00:00-04:00,11478.25,time,94.5,40.25,1.173913043478261,36.5,break,above
L,2020-08-21 14:30:00-04:00,11546.75,2020-08-21 16:00:00-04:00,11562.25,time,29.0,61.0,0.23770491803278687,57.25,balance,overlap
S,2020-08-24 14:30:00-04:00,11579.75,2020-08-24 16:00:00-04:00,11630.0,time,-102.5,61.75,-0.8299595141700404,59.25,break,below
L,2020-08-25 14:25:00-04:00,11686.5,2020-08-25 16:00:00-04:00,11717.5,time,60.0,62.25,0.4819277108433735,56.5,break,overlap
L,2020-08-26 14:00:00-04:00,11957.25,2020-08-26 14:55:00-04:00,11877.75,SL,-161.0,79.0,-1.018987341772152,71.5,break,above
L,2020-08-31 14:50:00-04:00,12151.5,2020-08-31 16:00:00-04:00,12096.25,time,-112.5,93.25,-0.6032171581769437,89.25,balance,above
S,2020-09-03 14:55:00-04:00,11720.25,2020-09-03 16:00:00-04:00,11820.5,time,-202.5,183.75,-0.5510204081632653,181.75,break,below
L,2020-09-04 14:35:00-04:00,11589.75,2020-09-04 16:00:00-04:00,11588.5,time,-4.5,222.0,-0.010135135135135136,214.0,break,below
S,2020-09-08 14:15:00-04:00,11198.5,2020-09-08 16:00:00-04:00,11068.0,time,259.0,96.25,1.3454545454545455,83.0,break,overlap
S,2020-09-10 14:10:00-04:00,11294.25,2020-09-10 16:00:00-04:00,11159.0,time,268.5,161.5,0.8312693498452013,142.25,break,below
S,2020-09-15 14:00:00-04:00,11446.25,2020-09-15 16:00:00-04:00,11461.75,time,-33.0,49.25,-0.3350253807106599,40.0,break,overlap
L,2020-09-16 14:15:00-04:00,11408.5,2020-09-16 15:10:00-04:00,11307.0,SL,-205.0,101.0,-1.0148514851485149,97.5,balance,below
L,2020-09-17 14:10:00-04:00,11040.5,2020-09-17 16:00:00-04:00,11079.25,time,75.5,127.5,0.296078431372549,125.75,balance,overlap
S,2020-09-21 14:35:00-04:00,10783.0,2020-09-21 15:20:00-04:00,10885.25,SL,-206.5,101.75,-1.0147420147420148,98.75,break,overlap
L,2020-09-22 14:00:00-04:00,11127.25,2020-09-22 16:00:00-04:00,11166.0,time,75.5,125.25,0.3013972055888224,103.25,balance,overlap
S,2020-09-23 14:00:00-04:00,10941.0,2020-09-23 16:00:00-04:00,10830.0,time,220.0,104.5,1.0526315789473684,90.0,balance,below
S,2020-09-24 14:55:00-04:00,10860.25,2020-09-24 16:00:00-04:00,10890.75,time,-63.0,151.75,-0.20757825370675453,124.0,balance,above
L,2020-09-25 14:05:00-04:00,11077.75,2020-09-25 16:00:00-04:00,11136.5,time,115.5,112.5,0.5133333333333333,101.5,balance,above
L,2020-09-28 14:50:00-04:00,11333.25,2020-09-28 16:00:00-04:00,11374.75,time,81.0,107.5,0.3767441860465116,104.75,balance,overlap
L,2020-09-30 14:00:00-04:00,11507.25,2020-09-30 14:40:00-04:00,11421.5,SL,-173.5,85.25,-1.0175953079178885,83.5,balance,above
L,2020-10-01 14:50:00-04:00,11580.5,2020-10-01 16:00:00-04:00,11574.25,time,-14.5,82.75,-0.08761329305135952,81.0,balance,overlap
S,2020-10-05 14:00:00-04:00,11390.25,2020-10-05 14:55:00-04:00,11453.75,SL,-129.0,63.0,-1.0238095238095237,56.5,break,above
L,2020-10-06 14:10:00-04:00,11474.75,2020-10-06 14:50:00-04:00,11376.5,SL,-198.5,97.75,-1.0153452685421995,88.5,balance,overlap
L,2020-10-07 14:20:00-04:00,11499.5,2020-10-07 16:00:00-04:00,11479.5,time,-42.0,106.5,-0.19718309859154928,105.25,break,overlap
L,2020-10-12 14:00:00-04:00,12153.0,2020-10-12 16:00:00-04:00,12082.0,time,-144.0,140.25,-0.5133689839572193,138.5,balance,above
L,2020-10-14 14:10:00-04:00,12001.0,2020-10-14 16:00:00-04:00,11976.0,time,-52.0,99.5,-0.2613065326633166,93.25,balance,below
L,2020-10-15 14:00:00-04:00,11846.75,2020-10-15 16:00:00-04:00,11883.25,time,71.0,75.75,0.46864686468646866,70.0,balance,inside
L,2020-10-16 14:50:00-04:00,11957.0,2020-10-16 15:40:00-04:00,11878.25,SL,-159.5,78.25,-1.0191693290734825,69.0,balance,overlap
S,2020-10-19 14:30:00-04:00,11710.5,2020-10-19 16:00:00-04:00,11641.0,time,137.0,97.5,0.7025641025641025,90.25,balance,below
L,2020-10-21 14:55:00-04:00,11750.0,2020-10-21 16:00:00-04:00,11671.0,time,-160.0,117.75,-0.6794055201698513,105.0,balance,overlap
L,2020-10-23 14:00:00-04:00,11636.0,2020-10-23 16:00:00-04:00,11661.5,time,49.0,76.25,0.32131147540983607,74.5,break,overlap
L,2020-10-29 14:00:00-04:00,11396.25,2020-10-29 16:00:00-04:00,11397.5,time,0.5,125.5,0.00199203187250996,116.25,balance,above
S,2020-10-30 14:40:00-04:00,10957.25,2020-10-30 16:00:00-04:00,11070.75,time,-229.0,140.5,-0.8149466192170819,138.25,break,below
L,2020-11-05 14:00:00-05:00,12074.0,2020-11-05 16:00:00-05:00,12074.0,time,-2.0,99.25,-0.010075566750629723,93.75,balance,overlap
S,2020-11-09 14:10:00-05:00,12042.0,2020-11-09 16:00:00-05:00,11849.25,time,383.5,104.25,1.839328537170264,89.5,balance,inside
S,2020-11-11 14:45:00-05:00,11838.5,2020-11-11 15:50:00-05:00,11894.25,SL,-113.5,55.25,-1.0271493212669682,44.75,break,above
S,2020-11-13 14:10:00-05:00,11855.5,2020-11-13 14:55:00-05:00,11904.5,SL,-100.0,48.5,-1.0309278350515463,45.0,balance,overlap
S,2020-11-18 14:15:00-05:00,11943.5,2020-11-18 16:00:00-05:00,11905.0,time,75.0,84.5,0.4437869822485207,78.75,balance,overlap
L,2020-11-19 14:35:00-05:00,11979.0,2020-11-19 16:00:00-05:00,11991.5,time,23.0,68.5,0.1678832116788321,56.25,balance,above
L,2020-11-23 14:50:00-05:00,11916.0,2020-11-23 16:00:00-05:00,11908.25,time,-17.5,90.5,-0.09668508287292818,88.25,break,below
L,2020-11-30 14:25:00-05:00,12253.75,2020-11-30 16:00:00-05:00,12297.5,time,85.5,74.75,0.5719063545150501,71.5,balance,overlap
S,2020-12-04 14:00:00-05:00,12501.5,2020-12-04 16:00:00-05:00,12533.5,SL,-66.0,31.5,-1.0476190476190477,29.5,break,above
L,2020-12-08 14:20:00-05:00,12641.0,2020-12-08 16:00:00-05:00,12641.5,time,-1.0,62.5,-0.008,57.0,balance,overlap
L,2020-12-11 14:30:00-05:00,12349.5,2020-12-11 16:00:00-05:00,12373.25,time,45.5,115.5,0.19696969696969696,110.25,balance,overlap
L,2020-12-15 14:10:00-05:00,12566.75,2020-12-15 16:00:00-05:00,12599.5,time,63.5,66.0,0.4810606060606061,58.0,break,overlap
S,2020-12-16 14:05:00-05:00,12621.75,2020-12-16 14:35:00-05:00,12660.25,SL,-79.0,38.0,-1.0394736842105263,32.75,break,above
S,2020-12-18 14:00:00-05:00,12674.25,2020-12-18 16:00:00-05:00,12725.25,SL,-104.0,50.5,-1.0297029702970297,49.0,balance,below
L,2020-12-28 14:25:00-05:00,12847.75,2020-12-28 16:00:00-05:00,12837.25,time,-23.0,37.25,-0.3087248322147651,36.0,balance,overlap
S,2020-12-30 14:30:00-05:00,12843.25,2020-12-30 16:00:00-05:00,12839.0,time,6.5,29.75,0.1092436974789916,25.75,break,overlap
L,2020-12-31 14:15:00-05:00,12834.25,2020-12-31 16:00:00-05:00,12881.5,time,92.5,35.5,1.3028169014084507,34.25,break,overlap
L,2021-01-05 14:00:00-05:00,12772.5,2021-01-05 16:00:00-05:00,12803.5,time,60.0,70.75,0.42402826855123676,55.75,break,overlap
S,2021-01-06 14:15:00-05:00,12736.5,2021-01-06 16:00:00-05:00,12609.5,time,252.0,59.75,2.1087866108786613,52.5,balance,above
S,2021-01-11 14:05:00-05:00,12935.5,2021-01-11 16:00:00-05:00,12913.75,time,41.5,77.75,0.26688102893890675,70.0,break,overlap
L,2021-01-12 14:00:00-05:00,12906.0,2021-01-12 16:00:00-05:00,12877.0,time,-60.0,139.25,-0.21543985637342908,130.25,balance,overlap
L,2021-01-13 14:00:00-05:00,12996.0,2021-01-13 16:00:00-05:00,12979.0,time,-36.0,58.0,-0.3103448275862069,49.75,balance,above
L,2021-01-20 14:25:00-05:00,13298.5,2021-01-20 16:00:00-05:00,13296.5,time,-6.0,56.5,-0.05309734513274336,52.0,break,above
L,2021-01-21 14:10:00-05:00,13389.75,2021-01-21 16:00:00-05:00,13394.5,time,7.5,74.0,0.05067567567567568,70.25,break,overlap
L,2021-01-22 14:50:00-05:00,13380.0,2021-01-22 16:00:00-05:00,13353.25,time,-55.5,39.5,-0.7025316455696202,37.25,balance,overlap
S,2021-01-27 14:30:00-05:00,13174.0,2021-01-27 16:00:00-05:00,13119.0,time,108.0,157.75,0.34231378763866877,128.5,break,overlap
L,2021-02-02 14:40:00-05:00,13487.25,2021-02-02 16:00:00-05:00,13425.5,SL,-125.5,61.25,-1.0244897959183674,59.25,break,above
S,2021-02-03 14:55:00-05:00,13450.25,2021-02-03 16:00:00-05:00,13401.25,time,96.0,46.5,1.032258064516129,45.0,break,overlap
L,2021-02-04 14:55:00-05:00,13506.5,2021-02-04 16:00:00-05:00,13555.5,time,96.0,51.5,0.9320388349514563,49.25,break,overlap
L,2021-02-10 14:25:00-05:00,13669.0,2021-02-10 16:00:00-05:00,13660.0,time,-20.0,86.25,-0.11594202898550725,60.5,balance,below
L,2021-02-17 14:05:00-05:00,13686.5,2021-02-17 16:00:00-05:00,13696.25,time,17.5,95.5,0.09162303664921466,79.75,break,overlap
L,2021-02-18 14:00:00-05:00,13622.75,2021-02-18 16:00:00-05:00,13641.25,time,35.0,126.5,0.1383399209486166,117.75,break,overlap
L,2021-02-23 14:05:00-05:00,13065.0,2021-02-23 16:00:00-05:00,13172.75,time,213.5,180.5,0.5914127423822715,178.0,break,overlap
S,2021-02-26 14:00:00-05:00,12936.0,2021-02-26 16:00:00-05:00,12897.25,time,75.5,154.0,0.24512987012987014,151.0,break,overlap
L,2021-03-01 14:05:00-05:00,13230.5,2021-03-01 16:00:00-05:00,13283.5,time,104.0,53.0,0.9811320754716981,50.75,balance,above
S,2021-03-03 14:00:00-05:00,12738.5,2021-03-03 16:00:00-05:00,12679.75,time,115.5,168.25,0.34323922734026746,152.25,break,below
L,2021-03-05 14:30:00-05:00,12637.75,2021-03-05 16:00:00-05:00,12662.0,time,46.5,324.5,0.07164869029275808,312.0,balance,overlap
S,2021-03-08 14:45:00-05:00,12401.75,2021-03-08 16:00:00-05:00,12312.0,time,177.5,186.75,0.47523427041499333,171.5,balance,overlap
L,2021-03-15 14:00:00-04:00,12993.5,2021-03-15 16:00:00-04:00,13084.75,time,180.5,69.25,1.3032490974729243,61.5,balance,overlap
S,2021-03-16 14:05:00-04:00,13167.0,2021-03-16 16:00:00-04:00,13155.25,time,21.5,99.75,0.10776942355889724,95.5,break,overlap
L,2021-03-17 14:00:00-04:00,13054.25,2021-03-17 16:00:00-04:00,13179.75,time,249.0,115.75,1.0755939524838012,81.75,break,overlap
S,2021-03-18 14:25:00-04:00,12886.0,2021-03-18 16:00:00-04:00,12809.0,time,152.0,122.75,0.6191446028513238,112.25,balance,overlap
S,2021-03-23 14:55:00-04:00,13042.75,2021-03-23 16:00:00-04:00,13025.75,time,32.0,106.5,0.15023474178403756,80.25,balance,overlap
S,2021-03-24 14:50:00-04:00,12874.0,2021-03-24 16:00:00-04:00,12792.0,time,162.0,113.75,0.7120879120879121,112.5,break,below
S,2021-03-25 14:05:00-04:00,12672.5,2021-03-25 15:00:00-04:00,12787.0,SL,-231.0,114.0,-1.013157894736842,101.25,break,overlap
S,2021-03-26 14:05:00-04:00,12753.25,2021-03-26 15:40:00-04:00,12873.0,SL,-241.5,119.25,-1.0125786163522013,91.25,balance,overlap
L,2021-03-30 14:55:00-04:00,12894.0,2021-03-30 16:00:00-04:00,12886.5,time,-17.0,69.0,-0.12318840579710146,54.75,break,inside
S,2021-03-31 14:00:00-04:00,13113.0,2021-03-31 15:15:00-04:00,13153.25,SL,-82.5,39.75,-1.0377358490566038,32.25,break,above
L,2021-04-01 14:50:00-04:00,13307.25,2021-04-01 16:00:00-04:00,13319.25,time,22.0,47.5,0.23157894736842105,43.5,break,overlap
L,2021-04-05 14:00:00-04:00,13601.25,2021-04-05 16:00:00-04:00,13580.25,time,-44.0,60.75,-0.36213991769547327,59.25,break,above
L,2021-04-07 14:05:00-04:00,13620.5,2021-04-07 16:00:00-04:00,13618.0,time,-7.0,61.0,-0.05737704918032787,50.25,break,overlap
L,2021-04-13 14:30:00-04:00,13953.75,2021-04-13 16:00:00-04:00,13973.75,time,38.0,57.0,0.3333333333333333,51.75,break,overlap
S,2021-04-14 14:00:00-04:00,13820.5,2021-04-14 16:00:00-04:00,13822.0,time,-5.0,97.75,-0.02557544757033248,96.5,break,below
L,2021-04-26 14:00:00-04:00,13997.75,2021-04-26 16:00:00-04:00,14018.75,time,40.0,43.5,0.45977011494252873,41.75,break,above
S,2021-04-27 14:00:00-04:00,13939.75,2021-04-27 16:00:00-04:00,13984.5,SL,-91.5,44.25,-1.0338983050847457,30.5,break,below
L,2021-04-28 14:35:00-04:00,13963.0,2021-04-28 16:00:00-04:00,13907.5,time,-113.0,85.25,-0.6627565982404692,47.75,break,overlap
L,2021-04-29 14:10:00-04:00,13938.25,2021-04-29 16:00:00-04:00,13971.0,time,63.5,120.25,0.26403326403326405,107.75,balance,below
L,2021-05-04 14:10:00-04:00,13474.5,2021-05-04 16:00:00-04:00,13531.5,time,112.0,80.5,0.6956521739130435,68.75,break,below
S,2021-05-05 14:05:00-04:00,13543.5,2021-05-05 16:00:00-04:00,13487.75,time,109.5,88.25,0.6203966005665722,82.75,break,overlap
S,2021-05-06 14:25:00-04:00,13475.75,2021-05-06 15:55:00-04:00,13592.0,SL,-234.5,115.75,-1.0129589632829374,102.75,break,overlap
S,2021-05-10 14:00:00-04:00,13452.25,2021-05-10 16:00:00-04:00,13342.75,time,217.0,91.5,1.185792349726776,81.75,break,overlap
L,2021-05-11 14:25:00-04:00,13373.75,2021-05-11 16:00:00-04:00,13334.25,time,-81.0,126.25,-0.3207920792079208,122.0,balance,above
L,2021-05-13 14:40:00-04:00,13152.0,2021-05-13 16:00:00-04:00,13070.5,time,-165.0,155.5,-0.5305466237942122,150.25,break,overlap
L,2021-05-14 14:10:00-04:00,13377.75,2021-05-14 16:00:00-04:00,13393.25,time,29.0,52.0,0.27884615384615385,47.5,balance,above
S,2021-05-18 14:00:00-04:00,13324.0,2021-05-18 16:00:00-04:00,13218.25,time,209.5,51.5,2.033980582524272,49.0,balance,overlap
L,2021-05-19 14:20:00-04:00,13215.0,2021-05-19 16:00:00-04:00,13217.5,time,3.0,100.0,0.015,82.5,balance,above
L,2021-05-20 14:50:00-04:00,13506.75,2021-05-20 16:00:00-04:00,13490.25,time,-35.0,62.75,-0.2788844621513944,53.5,break,above
L,2021-05-21 14:05:00-04:00,13457.25,2021-05-21 15:55:00-04:00,13396.25,SL,-124.0,60.5,-1.024793388429752,56.25,break,below
L,2021-05-24 14:15:00-04:00,13669.25,2021-05-24 16:00:00-04:00,13633.25,time,-74.0,40.75,-0.9079754601226994,36.75,break,above
S,2021-05-27 14:00:00-04:00,13677.25,2021-05-27 16:00:00-04:00,13670.25,time,12.0,36.5,0.1643835616438356,34.5,balance,overlap
L,2021-06-01 14:35:00-04:00,13680.0,2021-06-01 16:00:00-04:00,13649.0,time,-64.0,44.25,-0.7231638418079096,39.5,break,below
S,2021-06-02 14:10:00-04:00,13605.5,2021-06-02 16:00:00-04:00,13675.0,time,-141.0,94.25,-0.7480106100795756,86.0,break,overlap
L,2021-06-04 14:05:00-04:00,13778.75,2021-06-04 16:00:00-04:00,13765.0,time,-29.5,32.5,-0.45384615384615384,31.25,break,above
L,2021-06-07 14:50:00-04:00,13767.0,2021-06-07 16:00:00-04:00,13809.0,time,82.0,34.75,1.1798561151079137,33.5,balance,overlap
L,2021-06-08 14:55:00-04:00,13830.25,2021-06-08 16:00:00-04:00,13811.75,time,-39.0,53.0,-0.36792452830188677,47.0,break,below
L,2021-06-11 14:00:00-04:00,13973.0,2021-06-11 16:00:00-04:00,13989.75,time,31.5,26.25,0.6,22.5,break,inside
S,2021-06-15 14:10:00-04:00,14015.0,2021-06-15 16:00:00-04:00,14025.0,time,-22.0,50.5,-0.21782178217821782,43.25,break,overlap
S,2021-06-16 14:00:00-04:00,13909.25,2021-06-16 16:00:00-04:00,13974.5,time,-132.5,130.25,-0.508637236084453,63.5,break,below
S,2021-06-18 14:50:00-04:00,14040.0,2021-06-18 16:00:00-04:00,14040.75,time,-3.5,69.25,-0.02527075812274368,65.25,break,overlap
L,2021-06-22 14:55:00-04:00,14238.25,2021-06-22 16:00:00-04:00,14264.5,time,50.5,39.0,0.6474358974358975,33.5,balance,above
L,2021-06-28 14:55:00-04:00,14504.0,2021-06-28 16:00:00-04:00,14500.25,time,-9.5,46.75,-0.10160427807486631,37.5,break,overlap
L,2021-06-29 14:05:00-04:00,14559.25,2021-06-29 16:00:00-04:00,14575.25,time,30.0,44.5,0.33707865168539325,39.5,break,overlap
L,2021-07-01 14:05:00-04:00,14538.25,2021-07-01 16:00:00-04:00,14546.25,time,14.0,50.5,0.13861386138613863,44.5,balance,overlap
L,2021-07-02 14:25:00-04:00,14697.75,2021-07-02 16:00:00-04:00,14707.75,time,18.0,42.5,0.21176470588235294,38.5,break,overlap
L,2021-07-06 14:15:00-04:00,14748.0,2021-07-06 16:00:00-04:00,14770.75,time,43.5,123.0,0.17682926829268292,116.0,break,overlap
L,2021-07-12 14:15:00-04:00,14850.25,2021-07-12 16:00:00-04:00,14881.25,time,60.0,28.25,1.0619469026548674,26.25,break,overlap
S,2021-07-13 14:00:00-04:00,14840.25,2021-07-13 16:00:00-04:00,14857.75,time,-37.0,150.5,-0.12292358803986711,133.75,balance,overlap
S,2021-07-16 14:10:00-04:00,14723.0,2021-07-16 16:00:00-04:00,14670.5,time,103.0,60.25,0.8547717842323651,59.0,break,below
L,2021-07-20 14:15:00-04:00,14750.25,2021-07-20 16:00:00-04:00,14700.25,SL,-102.0,49.5,-1.0303030303030303,43.75,break,above
L,2021-07-22 14:10:00-04:00,14915.75,2021-07-22 16:00:00-04:00,14943.75,time,54.0,65.5,0.4122137404580153,61.75,break,overlap
L,2021-07-27 14:15:00-04:00,14865.5,2021-07-27 16:00:00-04:00,14913.0,time,93.0,91.25,0.5095890410958904,86.5,break,below
L,2021-07-28 14:45:00-04:00,15034.5,2021-07-28 16:00:00-04:00,14999.25,time,-72.5,86.0,-0.42151162790697677,81.0,break,overlap
S,2021-07-30 14:35:00-04:00,14930.25,2021-07-30 16:00:00-04:00,14968.25,time,-78.0,48.75,-0.8,47.5,balance,above
L,2021-08-04 14:35:00-04:00,15104.75,2021-08-04 16:00:00-04:00,15071.0,time,-69.5,60.25,-0.5767634854771784,58.25,balance,overlap
L,2021-08-05 14:00:00-04:00,15158.5,2021-08-05 16:00:00-04:00,15160.5,time,2.0,23.5,0.0425531914893617,20.25,balance,above
L,2021-08-09 14:25:00-04:00,15135.25,2021-08-09 16:00:00-04:00,15127.25,time,-18.0,32.5,-0.27692307692307694,24.0,break,inside
S,2021-08-10 14:00:00-04:00,15035.5,2021-08-10 16:00:00-04:00,15038.75,time,-8.5,51.0,-0.08333333333333333,49.75,break,below
L,2021-08-12 14:15:00-04:00,15064.75,2021-08-12 16:00:00-04:00,15078.0,time,24.5,32.0,0.3828125,29.75,break,above
L,2021-08-16 14:05:00-04:00,15083.5,2021-08-16 16:00:00-04:00,15137.5,time,106.0,99.5,0.5326633165829145,93.5,balance,overlap
L,2021-08-17 14:55:00-04:00,14979.25,2021-08-17 16:00:00-04:00,14982.25,time,4.0,82.5,0.024242424242424242,77.75,break,overlap
L,2021-08-18 14:00:00-04:00,15026.75,2021-08-18 14:10:00-04:00,14967.0,SL,-121.5,59.25,-1.0253164556962024,28.75,balance,inside
S,2021-08-19 14:00:00-04:00,14914.75,2021-08-19 16:00:00-04:00,14933.75,time,-40.0,84.5,-0.23668639053254437,71.75,balance,above
L,2021-08-23 14:45:00-04:00,15332.25,2021-08-23 16:00:00-04:00,15317.5,time,-31.5,33.75,-0.4666666666666667,28.5,break,above
S,2021-08-26 14:10:00-04:00,15303.5,2021-08-26 16:00:00-04:00,15275.5,time,54.0,48.0,0.5625,43.5,balance,overlap
L,2021-08-30 14:55:00-04:00,15617.25,2021-08-30 16:00:00-04:00,15601.25,time,-34.0,51.0,-0.3333333333333333,48.25,break,above
L,2021-08-31 14:55:00-04:00,15599.25,2021-08-31 16:00:00-04:00,15588.75,time,-23.0,36.25,-0.31724137931034485,35.0,break,inside
S,2021-09-01 14:20:00-04:00,15665.5,2021-09-01 16:00:00-04:00,15615.25,time,98.5,22.25,2.2134831460674156,16.25,break,overlap
S,2021-09-02 14:00:00-04:00,15565.25,2021-09-02 16:00:00-04:00,15598.75,time,-69.0,69.0,-0.5,63.5,break,below
L,2021-09-08 14:00:00-04:00,15615.5,2021-09-08 16:00:00-04:00,15610.25,time,-12.5,92.25,-0.06775067750677506,89.5,balance,below
S,2021-09-10 14:30:00-04:00,15536.0,2021-09-10 16:00:00-04:00,15454.25,time,161.5,71.25,1.1333333333333333,68.5,break,below
S,2021-09-13 14:25:00-04:00,15355.0,2021-09-13 16:00:00-04:00,15439.0,time,-170.0,89.25,-0.9523809523809523,87.25,break,overlap
S,2021-09-14 14:15:00-04:00,15382.25,2021-09-14 16:00:00-04:00,15392.5,time,-22.5,106.5,-0.1056338028169014,102.0,break,overlap
L,2021-09-15 14:05:00-04:00,15473.75,2021-09-15 16:00:00-04:00,15497.0,time,44.5,121.5,0.1831275720164609,115.5,break,overlap
L,2021-09-16 14:10:00-04:00,15478.5,2021-09-16 16:00:00-04:00,15501.5,time,44.0,80.5,0.2732919254658385,75.5,break,overlap
S,2021-09-20 14:10:00-04:00,14873.5,2021-09-20 15:50:00-04:00,14962.25,SL,-179.5,88.25,-1.0169971671388103,77.25,break,below
L,2021-09-22 14:10:00-04:00,15205.75,2021-09-22 14:50:00-04:00,15112.75,SL,-188.0,92.5,-1.0162162162162163,68.5,balance,above
L,2021-09-24 14:55:00-04:00,15302.75,2021-09-24 16:00:00-04:00,15314.25,time,21.0,58.75,0.17872340425531916,51.75,balance,above
L,2021-09-27 14:05:00-04:00,15209.75,2021-09-27 16:00:00-04:00,15177.5,time,-66.5,90.0,-0.36944444444444446,81.5,break,inside
L,2021-09-28 14:45:00-04:00,14849.75,2021-09-28 16:00:00-04:00,14777.5,time,-146.5,106.0,-0.6910377358490566,98.25,balance,below
L,2021-09-29 14:10:00-04:00,14842.0,2021-09-29 16:00:00-04:00,14764.75,time,-156.5,131.25,-0.5961904761904762,95.25,balance,overlap
L,2021-09-30 14:00:00-04:00,14782.75,2021-09-30 15:55:00-04:00,14681.5,SL,-204.5,100.75,-1.0148883374689825,89.75,balance,below
L,2021-10-01 14:20:00-04:00,14743.25,2021-10-01 16:00:00-04:00,14778.75,time,69.0,98.0,0.3520408163265306,96.25,balance,overlap
L,2021-10-04 14:45:00-04:00,14463.25,2021-10-04 16:00:00-04:00,14482.25,time,36.0,95.75,0.18798955613577023,81.75,break,below
L,2021-10-06 14:00:00-04:00,14706.5,2021-10-06 16:00:00-04:00,14752.0,time,89.0,139.25,0.31956912028725315,137.5,balance,overlap
S,2021-10-07 14:00:00-04:00,14945.75,2021-10-07 16:00:00-04:00,14890.25,time,109.0,55.75,0.9775784753363229,43.25,balance,above
L,2021-10-08 14:25:00-04:00,14866.0,2021-10-08 16:00:00-04:00,14801.0,time,-132.0,75.25,-0.8770764119601329,68.0,balance,overlap
L,2021-10-13 14:10:00-04:00,14772.25,2021-10-13 16:00:00-04:00,14771.5,time,-3.5,76.0,-0.023026315789473683,73.75,break,overlap
L,2021-10-15 14:00:00-04:00,15110.0,2021-10-15 16:00:00-04:00,15136.75,time,51.5,48.25,0.533678756476684,40.75,balance,overlap
L,2021-10-18 14:00:00-04:00,15253.5,2021-10-18 16:00:00-04:00,15293.0,time,77.0,50.75,0.7586206896551724,49.0,balance,above
S,2021-10-19 14:30:00-04:00,15371.25,2021-10-19 15:15:00-04:00,15397.75,SL,-55.0,26.0,-1.0576923076923077,22.75,balance,above
L,2021-10-25 14:20:00-04:00,15509.75,2021-10-25 16:00:00-04:00,15489.5,time,-42.5,76.0,-0.27960526315789475,72.75,break,above
S,2021-11-01 14:10:00-04:00,15801.0,2021-11-01 15:50:00-04:00,15872.75,SL,-145.5,71.25,-1.0210526315789474,64.75,break,overlap
S,2021-11-02 14:30:00-04:00,15908.25,2021-11-02 15:05:00-04:00,15960.25,SL,-106.0,51.5,-1.029126213592233,47.25,break,overlap
L,2021-11-03 14:00:00-04:00,16038.25,2021-11-03 16:00:00-04:00,16127.75,time,177.0,78.5,1.127388535031847,29.25,break,inside
L,2021-11-04 14:20:00-04:00,16359.0,2021-11-04 16:00:00-04:00,16325.0,time,-70.0,75.5,-0.46357615894039733,70.25,balance,above
L,2021-11-08 14:15:00-05:00,16376.0,2021-11-08 15:45:00-05:00,16311.75,SL,-130.5,63.75,-1.0235294117647058,54.25,break,overlap
S,2021-11-10 14:00:00-05:00,16003.5,2021-11-10 16:00:00-05:00,15961.0,time,83.0,159.5,0.2601880877742947,156.25,break,overlap
L,2021-11-15 14:40:00-05:00,16164.25,2021-11-15 16:00:00-05:00,16190.0,time,49.5,81.75,0.30275229357798167,79.0,balance,below
L,2021-11-16 14:00:00-05:00,16320.25,2021-11-16 16:00:00-05:00,16300.0,time,-42.5,42.25,-0.5029585798816568,36.5,break,above
L,2021-11-22 14:45:00-05:00,16566.25,2021-11-22 15:50:00-05:00,16464.75,SL,-205.0,101.0,-1.0148514851485149,95.5,break,below
L,2021-11-23 14:50:00-05:00,16248.0,2021-11-23 16:00:00-05:00,16283.5,time,69.0,129.75,0.2658959537572254,123.25,balance,below
S,2021-12-01 14:15:00-05:00,16120.75,2021-12-01 16:00:00-05:00,15860.25,time,519.0,255.0,1.0176470588235293,237.5,balance,overlap
L,2021-12-06 14:00:00-05:00,15888.25,2021-12-06 16:00:00-05:00,15830.25,time,-118.0,185.0,-0.31891891891891894,179.0,break,overlap
L,2021-12-13 14:55:00-05:00,16193.25,2021-12-13 15:50:00-05:00,16116.75,SL,-155.0,76.0,-1.019736842105263,72.75,break,below
L,2021-12-14 14:05:00-05:00,15823.5,2021-12-14 16:00:00-05:00,15928.75,time,208.5,89.25,1.1680672268907564,66.5,break,below
L,2021-12-15 14:00:00-05:00,15912.75,2021-12-15 16:00:00-05:00,16285.75,time,744.0,172.75,2.1534008683068016,108.5,balance,below
S,2021-12-16 14:10:00-05:00,15884.0,2021-12-16 16:00:00-05:00,15861.0,time,44.0,114.5,0.19213973799126638,97.5,break,below
L,2021-12-20 14:05:00-05:00,15605.25,2021-12-20 16:00:00-05:00,15639.75,time,67.0,98.5,0.3401015228426396,93.5,balance,overlap
L,2021-12-21 14:00:00-05:00,15932.75,2021-12-21 16:00:00-05:00,15963.75,time,60.0,161.75,0.18547140649149924,155.5,balance,overlap
L,2021-12-27 14:20:00-05:00,16552.0,2021-12-27 16:00:00-05:00,16568.25,time,30.5,43.0,0.3546511627906977,40.25,break,above
S,2021-12-28 14:00:00-05:00,16454.5,2021-12-28 16:00:00-05:00,16523.0,time,-139.0,105.25,-0.6603325415676959,92.25,break,overlap
L,2021-12-29 14:10:00-05:00,16480.75,2021-12-29 16:00:00-05:00,16490.75,time,18.0,66.25,0.13584905660377358,56.25,balance,below
S,2021-12-30 14:00:00-05:00,16511.75,2021-12-30 16:00:00-05:00,16431.25,time,159.0,48.5,1.6391752577319587,30.0,balance,above
L,2022-01-03 14:35:00-05:00,16469.5,2022-01-03 16:00:00-05:00,16496.5,time,52.0,96.5,0.2694300518134715,93.75,break,overlap
S,2022-01-05 14:10:00-05:00,15983.25,2022-01-05 16:00:00-05:00,15769.5,time,425.5,168.0,1.2663690476190477,124.75,break,overlap
S,2022-01-07 14:20:00-05:00,15569.0,2022-01-07 15:05:00-05:00,15660.25,SL,-184.5,90.75,-1.0165289256198347,75.5,balance,below
L,2022-01-10 14:00:00-05:00,15451.75,2022-01-10 16:00:00-05:00,15596.0,time,286.5,248.5,0.5764587525150905,225.25,break,overlap
S,2022-01-19 14:05:00-05:00,15190.5,2022-01-19 16:00:00-05:00,15037.25,time,304.5,127.25,1.1964636542239686,124.75,break,overlap
S,2022-01-20 14:10:00-05:00,15153.0,2022-01-20 16:00:00-05:00,14783.5,time,737.0,148.0,2.489864864864865,128.25,break,overlap
S,2022-01-21 14:25:00-05:00,14561.0,2022-01-21 16:00:00-05:00,14443.0,time,234.0,182.0,0.6428571428571429,164.75,break,overlap
L,2022-01-24 14:00:00-05:00,14194.5,2022-01-24 16:00:00-05:00,14498.5,time,606.0,488.5,0.6202661207778914,474.5,balance,overlap
L,2022-01-25 14:10:00-05:00,14285.75,2022-01-25 16:00:00-05:00,14097.25,time,-379.0,265.0,-0.7150943396226415,256.0,balance,overlap
L,2022-01-26 14:00:00-05:00,14573.25,2022-01-26 14:10:00-05:00,14441.0,SL,-266.5,131.75,-1.0113851992409868,107.0,balance,overlap
S,2022-01-28 14:05:00-05:00,14163.0,2022-01-28 15:40:00-05:00,14312.25,SL,-300.5,148.75,-1.0100840336134453,137.5,balance,above
L,2022-01-31 14:05:00-05:00,14796.0,2022-01-31 16:00:00-05:00,14865.5,time,137.0,87.25,0.7851002865329513,78.0,break,above
S,2022-02-03 14:35:00-05:00,14605.5,2022-02-03 16:00:00-05:00,14713.25,SL,-217.5,107.25,-1.013986013986014,86.0,balance,overlap
L,2022-02-04 14:55:00-05:00,14756.5,2022-02-04 16:00:00-05:00,14645.0,time,-225.0,199.75,-0.5632040050062578,197.0,balance,overlap
L,2022-02-07 14:25:00-05:00,14690.75,2022-02-07 15:50:00-05:00,14554.5,SL,-274.5,135.75,-1.011049723756906,119.75,break,overlap
S,2022-02-08 14:20:00-05:00,14657.0,2022-02-08 15:50:00-05:00,14759.5,SL,-207.0,102.0,-1.0147058823529411,99.75,balance,above
L,2022-02-09 14:05:00-05:00,15011.75,2022-02-09 16:00:00-05:00,15033.25,time,41.0,102.5,0.2,85.25,break,overlap
S,2022-02-11 14:25:00-05:00,14286.0,2022-02-11 16:00:00-05:00,14226.0,time,118.0,313.5,0.18819776714513556,289.0,break,below
S,2022-02-14 14:00:00-05:00,14129.25,2022-02-14 16:00:00-05:00,14259.0,time,-261.5,265.0,-0.49339622641509434,255.75,balance,overlap
L,2022-02-15 14:40:00-05:00,14564.75,2022-02-15 16:00:00-05:00,14582.5,time,33.5,137.0,0.12226277372262774,131.5,balance,overlap
L,2022-02-16 14:05:00-05:00,14482.25,2022-02-16 16:00:00-05:00,14590.5,time,214.5,97.5,1.1,88.75,break,overlap
S,2022-02-17 14:05:00-05:00,14278.75,2022-02-17 16:00:00-05:00,14173.0,time,209.5,90.0,1.163888888888889,84.25,balance,below
L,2022-02-18 14:20:00-05:00,14058.75,2022-02-18 16:00:00-05:00,14029.25,time,-61.0,153.0,-0.19934640522875818,150.5,break,below
S,2022-02-22 14:00:00-05:00,13745.0,2022-02-22 14:50:00-05:00,13909.0,SL,-330.0,163.5,-1.0091743119266054,162.25,break,overlap
S,2022-02-23 14:20:00-05:00,13623.75,2022-02-23 16:00:00-05:00,13532.0,time,181.5,241.0,0.37655601659751037,213.0,balance,below
L,2022-02-24 14:30:00-05:00,13747.25,2022-02-24 16:00:00-05:00,13946.25,time,396.0,344.0,0.5755813953488372,297.0,balance,above
S,2022-02-28 14:00:00-05:00,14057.75,2022-02-28 16:00:00-05:00,14227.25,time,-341.0,214.25,-0.7957992998833139,204.5,break,overlap
L,2022-03-02 14:15:00-05:00,14269.25,2022-03-02 16:00:00-05:00,14229.75,time,-81.0,121.25,-0.334020618556701,116.25,balance,above
S,2022-03-04 14:55:00-05:00,13748.5,2022-03-04 16:00:00-05:00,13818.0,time,-141.0,186.25,-0.3785234899328859,170.75,balance,overlap
S,2022-03-07 14:40:00-05:00,13433.75,2022-03-07 16:00:00-05:00,13294.75,time,276.0,156.25,0.8832,128.5,break,below
L,2022-03-10 14:00:00-05:00,13598.0,2022-03-10 16:00:00-05:00,13574.0,time,-50.0,177.5,-0.14084507042253522,122.25,break,overlap
S,2022-03-15 14:15:00-04:00,13272.75,2022-03-15 15:00:00-04:00,13389.0,SL,-234.5,115.75,-1.0129589632829374,105.75,break,above
S,2022-03-16 14:00:00-04:00,13636.5,2022-03-16 15:20:00-04:00,13832.0,SL,-393.0,195.0,-1.0076923076923077,168.25,balance,overlap
L,2022-03-18 14:35:00-04:00,14327.5,2022-03-18 16:00:00-04:00,14406.75,time,156.5,103.25,0.7578692493946732,99.5,break,above
L,2022-03-22 14:15:00-04:00,14651.75,2022-03-22 16:00:00-04:00,14664.5,time,23.5,80.0,0.146875,75.0,break,above
S,2022-03-23 14:05:00-04:00,14483.25,2022-03-23 16:00:00-04:00,14446.5,time,71.5,199.75,0.17897371714643304,191.25,break,overlap
L,2022-03-24 14:00:00-04:00,14682.75,2022-03-24 16:00:00-04:00,14766.5,time,165.5,100.0,0.8275,83.5,balance,above
L,2022-03-25 14:00:00-04:00,14723.75,2022-03-25 16:00:00-04:00,14754.5,time,59.5,141.25,0.21061946902654868,134.5,balance,overlap
L,2022-03-28 14:20:00-04:00,14857.5,2022-03-28 16:00:00-04:00,14991.25,time,265.5,156.75,0.84688995215311,151.25,break,overlap
L,2022-03-29 14:30:00-04:00,15196.0,2022-03-29 16:00:00-04:00,15243.0,time,92.0,116.5,0.3948497854077253,110.75,break,overlap
S,2022-03-30 14:15:00-04:00,15118.5,2022-03-30 16:00:00-04:00,15096.25,time,42.5,78.5,0.27070063694267515,74.5,balance,overlap
L,2022-04-01 14:10:00-04:00,14801.5,2022-04-01 16:00:00-04:00,14858.75,time,112.5,76.25,0.7377049180327869,63.25,break,below
S,2022-04-04 14:05:00-04:00,15072.0,2022-04-04 14:45:00-04:00,15131.75,SL,-121.5,59.25,-1.0253164556962024,45.5,break,above
L,2022-04-06 14:00:00-04:00,14590.25,2022-04-06 14:15:00-04:00,14419.75,SL,-343.0,170.0,-1.0088235294117647,141.5,break,overlap
L,2022-04-07 14:05:00-04:00,14513.25,2022-04-07 16:00:00-04:00,14540.75,time,53.0,195.25,0.1357234314980794,188.75,balance,overlap
S,2022-04-08 14:25:00-04:00,14356.75,2022-04-08 16:00:00-04:00,14344.0,time,23.5,141.5,0.08303886925795052,119.0,break,overlap
S,2022-04-12 14:10:00-04:00,13973.5,2022-04-12 16:00:00-04:00,13932.0,time,81.0,184.5,0.21951219512195122,160.75,balance,overlap
L,2022-04-14 14:00:00-04:00,14039.75,2022-04-14 14:50:00-04:00,13959.25,SL,-163.0,80.0,-1.01875,75.75,break,below
L,2022-04-18 14:20:00-04:00,13988.0,2022-04-18 16:00:00-04:00,13960.0,time,-58.0,202.25,-0.1433868974042027,192.5,break,overlap
S,2022-04-19 14:15:00-04:00,14108.0,2022-04-19 15:05:00-04:00,14177.75,SL,-141.5,69.25,-1.0216606498194947,53.0,balance,above
S,2022-04-20 14:50:00-04:00,13967.25,2022-04-20 16:00:00-04:00,14053.25,time,-174.0,149.5,-0.5819397993311036,137.0,balance,below
S,2022-04-21 14:00:00-04:00,13820.0,2022-04-21 16:00:00-04:00,13716.25,time,205.5,166.75,0.616191904047976,133.25,break,below
S,2022-04-22 14:00:00-04:00,13416.25,2022-04-22 16:00:00-04:00,13345.75,time,139.0,137.5,0.5054545454545455,123.5,balance,below
L,2022-04-25 14:20:00-04:00,13428.5,2022-04-25 16:00:00-04:00,13543.75,time,228.5,186.25,0.6134228187919463,173.5,break,overlap
L,2022-04-28 14:20:00-04:00,13459.0,2022-04-28 16:00:00-04:00,13343.25,time,-233.5,344.25,-0.3391430646332607,336.5,break,overlap
S,2022-04-29 14:00:00-04:00,13044.5,2022-04-29 16:00:00-04:00,12878.25,time,330.5,136.0,1.2150735294117647,128.75,balance,below
S,2022-05-02 14:15:00-04:00,12730.5,2022-05-02 15:20:00-04:00,12956.25,SL,-453.5,225.25,-1.0066592674805772,217.25,break,overlap
L,2022-05-04 14:45:00-04:00,13257.25,2022-05-04 16:00:00-04:00,13517.25,time,518.0,310.25,0.8348106365834005,225.25,break,overlap
S,2022-05-05 14:25:00-04:00,12787.5,2022-05-05 16:00:00-04:00,12888.0,time,-203.0,178.5,-0.5686274509803921,169.25,break,below
S,2022-05-06 14:05:00-04:00,12634.0,2022-05-06 16:00:00-04:00,12655.0,time,-44.0,243.0,-0.09053497942386832,198.25,break,overlap
S,2022-05-12 14:05:00-04:00,11709.75,2022-05-12 16:00:00-04:00,11944.25,time,-471.0,276.25,-0.8524886877828054,269.75,break,overlap
S,2022-05-13 14:00:00-04:00,12240.5,2022-05-13 15:30:00-04:00,12431.25,SL,-383.5,190.25,-1.0078843626806833,138.75,balance,above
L,2022-05-16 14:05:00-04:00,12363.75,2022-05-16 15:55:00-04:00,12217.25,SL,-295.0,146.0,-1.0102739726027397,134.75,balance,overlap
L,2022-05-17 14:05:00-04:00,12521.0,2022-05-17 14:10:00-04:00,12427.75,SL,-188.5,92.75,-1.0161725067385445,80.75,balance,overlap
S,2022-05-18 14:35:00-04:00,11946.0,2022-05-18 16:00:00-04:00,11932.75,time,24.5,189.25,0.06472919418758256,177.75,break,below
L,2022-05-25 14:00:00-04:00,11880.25,2022-05-25 14:05:00-04:00,11787.75,SL,-187.0,92.0,-1.016304347826087,85.5,balance,overlap
L,2022-05-27 14:55:00-04:00,12616.0,2022-05-27 16:00:00-04:00,12679.75,time,125.5,56.25,1.1155555555555556,52.25,break,above
S,2022-05-31 14:45:00-04:00,12649.0,2022-05-31 16:00:00-04:00,12645.5,time,5.0,114.5,0.021834061135371178,104.5,break,overlap
L,2022-06-01 14:10:00-04:00,12572.5,2022-06-01 16:00:00-04:00,12547.75,time,-51.5,118.0,-0.21822033898305085,113.0,break,below
L,2022-06-02 14:00:00-04:00,12845.25,2022-06-02 16:00:00-04:00,12883.75,time,75.0,161.25,0.23255813953488372,151.5,break,above
L,2022-06-07 14:05:00-04:00,12688.0,2022-06-07 16:00:00-04:00,12688.75,time,-0.5,124.5,-0.002008032128514056,104.75,break,above
S,2022-06-09 14:20:00-04:00,12494.5,2022-06-09 16:00:00-04:00,12273.25,time,440.5,114.0,1.9320175438596492,106.25,break,overlap
S,2022-06-13 14:55:00-04:00,11362.25,2022-06-13 16:00:00-04:00,11315.0,time,92.5,167.5,0.27611940298507465,155.75,balance,overlap
S,2022-06-14 14:55:00-04:00,11270.0,2022-06-14 16:00:00-04:00,11300.0,time,-62.0,153.5,-0.20195439739413681,147.0,break,overlap
S,2022-06-15 14:00:00-04:00,11475.5,2022-06-15 14:35:00-04:00,11598.75,SL,-248.5,122.75,-1.0122199592668024,111.0,break,overlap
S,2022-06-16 14:05:00-04:00,11108.25,2022-06-16 16:00:00-04:00,11169.5,time,-124.5,127.0,-0.49015748031496065,122.0,break,below
S,2022-06-21 14:00:00-04:00,11586.5,2022-06-21 16:00:00-04:00,11572.0,time,27.0,57.0,0.23684210526315788,55.0,break,overlap
L,2022-06-22 14:05:00-04:00,11706.0,2022-06-22 15:35:00-04:00,11566.5,SL,-281.0,139.0,-1.0107913669064748,114.75,balance,above
L,2022-06-23 14:30:00-04:00,11667.0,2022-06-23 16:00:00-04:00,11706.0,time,76.0,120.25,0.316008316008316,109.5,balance,overlap
L,2022-06-24 14:30:00-04:00,12039.25,2022-06-24 16:00:00-04:00,12118.75,time,157.0,46.75,1.679144385026738,44.25,break,above
S,2022-06-28 14:10:00-04:00,11727.25,2022-06-28 16:00:00-04:00,11669.25,time,114.0,110.75,0.5146726862302483,99.25,break,below
L,2022-06-29 14:00:00-04:00,11718.75,2022-06-29 16:00:00-04:00,11685.75,time,-68.0,115.0,-0.2956521739130435,93.0,break,overlap
L,2022-07-01 14:15:00-04:00,11527.25,2022-07-01 16:00:00-04:00,11611.5,time,166.5,101.0,0.8242574257425742,97.25,balance,inside
L,2022-07-05 14:25:00-04:00,11715.25,2022-07-05 16:00:00-04:00,11805.0,time,177.5,170.5,0.5205278592375366,158.0,break,above
L,2022-07-06 14:05:00-04:00,11862.75,2022-07-06 16:00:00-04:00,11887.5,time,47.5,86.0,0.2761627906976744,81.5,break,inside
L,2022-07-07 14:05:00-04:00,12132.75,2022-07-07 16:00:00-04:00,12130.75,time,-6.0,58.5,-0.05128205128205128,52.25,break,above
S,2022-07-12 14:30:00-04:00,11854.0,2022-07-12 16:00:00-04:00,11764.25,time,177.5,88.5,1.002824858757062,76.5,break,overlap
L,2022-07-14 14:15:00-04:00,11778.0,2022-07-14 16:00:00-04:00,11812.75,time,67.5,157.25,0.21462639109697934,122.75,break,overlap
L,2022-07-15 14:45:00-04:00,11996.0,2022-07-15 16:00:00-04:00,12015.25,time,36.5,67.25,0.27137546468401486,61.5,break,overlap
S,2022-07-18 14:40:00-04:00,11959.5,2022-07-18 16:00:00-04:00,11904.25,time,108.5,225.75,0.24031007751937986,212.25,balance,overlap
L,2022-07-19 14:00:00-04:00,12268.75,2022-07-19 16:00:00-04:00,12287.25,time,35.0,117.75,0.14861995753715498,104.75,break,above
S,2022-07-22 14:10:00-04:00,12357.0,2022-07-22 16:00:00-04:00,12421.0,time,-130.0,118.75,-0.5473684210526316,117.25,break,below
S,2022-07-25 14:00:00-04:00,12308.5,2022-07-25 16:00:00-04:00,12369.5,time,-124.0,98.5,-0.6294416243654822,86.5,break,overlap
S,2022-07-26 14:25:00-04:00,12094.25,2022-07-26 16:00:00-04:00,12164.25,SL,-142.0,69.5,-1.0215827338129497,57.5,break,below
S,2022-07-27 14:05:00-04:00,12408.25,2022-07-27 14:35:00-04:00,12476.5,SL,-138.5,67.75,-1.022140221402214,59.5,break,above
L,2022-07-28 14:50:00-04:00,12740.0,2022-07-28 16:00:00-04:00,12816.0,time,150.0,116.75,0.6423982869379015,115.0,break,overlap
L,2022-07-29 14:05:00-04:00,12940.75,2022-07-29 16:00:00-04:00,12966.0,time,48.5,107.0,0.2266355140186916,104.5,break,overlap
L,2022-08-03 14:15:00-04:00,13286.5,2022-08-03 16:00:00-04:00,13254.25,time,-66.5,99.75,-0.3333333333333333,91.75,break,above
S,2022-08-08 14:20:00-04:00,13152.75,2022-08-08 16:00:00-04:00,13191.25,time,-79.0,109.0,-0.3623853211009174,104.0,break,overlap
L,2022-08-09 14:50:00-04:00,13038.0,2022-08-09 16:00:00-04:00,13048.25,time,18.5,75.0,0.12333333333333334,68.75,break,below
S,2022-08-11 14:00:00-04:00,13364.0,2022-08-11 16:00:00-04:00,13333.0,time,60.0,78.75,0.38095238095238093,69.75,break,below
L,2022-08-12 14:25:00-04:00,13518.5,2022-08-12 16:00:00-04:00,13564.0,time,89.0,65.25,0.6819923371647509,59.0,break,above
L,2022-08-15 14:50:00-04:00,13678.5,2022-08-15 16:00:00-04:00,13680.75,time,2.5,43.0,0.029069767441860465,41.75,break,above
L,2022-08-16 14:00:00-04:00,13707.0,2022-08-16 14:40:00-04:00,13630.5,SL,-155.0,76.0,-1.019736842105263,71.25,break,overlap
L,2022-08-17 14:00:00-04:00,13524.5,2022-08-17 16:00:00-04:00,13494.75,time,-61.5,100.5,-0.30597014925373134,85.25,break,overlap
S,2022-08-22 14:00:00-04:00,12915.5,2022-08-22 16:00:00-04:00,12920.5,time,-12.0,86.0,-0.06976744186046512,80.75,break,below
S,2022-08-26 14:10:00-04:00,12732.5,2022-08-26 16:00:00-04:00,12601.75,time,259.5,87.25,1.487106017191977,84.25,balance,below
S,2022-08-31 14:40:00-04:00,12283.5,2022-08-31 16:00:00-04:00,12292.25,time,-19.5,117.5,-0.08297872340425531,115.25,balance,overlap
L,2022-09-01 14:20:00-04:00,12159.0,2022-09-01 16:00:00-04:00,12281.5,time,243.0,141.0,0.8617021276595744,109.0,balance,below
L,2022-09-07 14:00:00-04:00,12253.75,2022-09-07 16:00:00-04:00,12252.0,time,-5.5,153.0,-0.017973856209150325,115.75,break,overlap
S,2022-09-13 14:25:00-04:00,12172.75,2022-09-13 16:00:00-04:00,12053.75,time,236.0,83.5,1.4131736526946108,73.25,break,below
S,2022-09-14 14:00:00-04:00,12129.75,2022-09-14 16:00:00-04:00,12233.25,time,-209.0,117.75,-0.8874734607218684,111.5,balance,overlap
L,2022-09-16 14:25:00-04:00,11870.75,2022-09-16 16:00:00-04:00,11931.5,time,119.5,93.0,0.6424731182795699,86.75,break,overlap
S,2022-09-21 14:00:00-04:00,11790.75,2022-09-21 14:40:00-04:00,12066.75,SL,-554.0,275.5,-1.0054446460980035,108.0,balance,overlap
S,2022-09-22 14:20:00-04:00,11525.0,2022-09-22 15:00:00-04:00,11610.75,SL,-173.5,85.25,-1.0175953079178885,74.0,balance,overlap
S,2022-09-23 14:10:00-04:00,11274.25,2022-09-23 15:40:00-04:00,11373.0,SL,-199.5,98.25,-1.015267175572519,75.0,balance,below
L,2022-09-27 14:45:00-04:00,11360.5,2022-09-27 16:00:00-04:00,11323.0,time,-77.0,127.25,-0.3025540275049116,113.0,break,below
L,2022-09-28 14:35:00-04:00,11525.0,2022-09-28 16:00:00-04:00,11554.0,time,56.0,71.5,0.3916083916083916,65.25,balance,above
S,2022-09-29 14:00:00-04:00,11112.25,2022-09-29 16:00:00-04:00,11232.0,time,-241.5,159.0,-0.7594339622641509,153.0,break,overlap
S,2022-09-30 14:40:00-04:00,11142.5,2022-09-30 16:00:00-04:00,11054.75,time,173.5,120.75,0.7184265010351967,112.75,break,overlap
L,2022-10-03 14:10:00-04:00,11294.75,2022-10-03 16:00:00-04:00,11319.5,time,47.5,120.75,0.19668737060041408,107.75,balance,above
L,2022-10-05 14:55:00-04:00,11645.25,2022-10-05 16:00:00-04:00,11652.75,time,13.0,220.0,0.029545454545454545,200.5,break,overlap
S,2022-10-06 14:45:00-04:00,11543.25,2022-10-06 16:00:00-04:00,11552.25,time,-20.0,100.0,-0.1,81.75,balance,overlap
S,2022-10-07 14:20:00-04:00,11102.25,2022-10-07 16:00:00-04:00,11097.5,time,7.5,101.25,0.037037037037037035,94.5,break,below
S,2022-10-11 14:45:00-04:00,10876.75,2022-10-11 16:00:00-04:00,10843.75,time,64.0,163.25,0.19601837672281777,126.75,balance,overlap
S,2022-10-14 14:15:00-04:00,10772.5,2022-10-14 16:00:00-04:00,10753.0,time,37.0,103.5,0.178743961352657,92.5,balance,below
S,2022-10-18 14:40:00-04:00,11113.25,2022-10-18 16:00:00-04:00,11255.5,SL,-286.5,141.75,-1.0105820105820107,125.75,break,below
S,2022-10-20 14:10:00-04:00,11060.5,2022-10-20 16:00:00-04:00,11099.0,time,-79.0,215.0,-0.18372093023255814,201.5,balance,overlap
L,2022-10-21 14:00:00-04:00,11304.75,2022-10-21 16:00:00-04:00,11364.25,time,117.0,125.5,0.46613545816733065,112.5,balance,above
L,2022-10-24 14:40:00-04:00,11463.25,2022-10-24 16:00:00-04:00,11479.0,time,29.5,90.25,0.1634349030470914,81.0,balance,overlap
S,2022-10-26 14:40:00-04:00,11460.75,2022-10-26 16:00:00-04:00,11475.0,time,-30.5,219.5,-0.06947608200455581,207.75,break,overlap
S,2022-10-27 14:10:00-04:00,11240.5,2022-10-27 16:00:00-04:00,11086.5,time,306.0,97.5,1.5692307692307692,90.5,balance,below
L,2022-10-28 14:30:00-04:00,11559.25,2022-10-28 16:00:00-04:00,11593.25,time,66.0,125.5,0.26294820717131473,120.5,break,above
L,2022-11-02 14:00:00-04:00,11402.0,2022-11-02 14:50:00-04:00,11190.25,SL,-425.5,211.25,-1.0071005917159763,82.75,break,overlap
L,2022-11-04 14:40:00-04:00,10800.25,2022-11-04 16:00:00-04:00,10902.5,time,202.5,132.75,0.7627118644067796,127.5,break,overlap
L,2022-11-07 14:00:00-05:00,10947.75,2022-11-07 16:00:00-05:00,11023.25,time,149.0,97.5,0.764102564102564,90.0,balance,overlap
S,2022-11-08 14:05:00-05:00,11018.5,2022-11-08 16:00:00-05:00,11074.25,time,-113.5,201.0,-0.28233830845771146,189.5,balance,overlap
S,2022-11-09 14:45:00-05:00,10853.25,2022-11-09 16:00:00-05:00,10847.5,time,9.5,138.5,0.03429602888086643,135.75,break,overlap
L,2022-11-10 14:50:00-05:00,11522.75,2022-11-10 16:00:00-05:00,11637.25,time,227.0,100.75,1.1265508684863523,86.5,break,above
L,2022-11-11 14:25:00-05:00,11854.5,2022-11-11 16:00:00-05:00,11840.75,time,-29.5,171.0,-0.08625730994152046,166.25,break,above
S,2022-11-17 14:40:00-05:00,11679.5,2022-11-17 16:00:00-05:00,11719.25,time,-81.5,95.75,-0.4255874673629243,94.0,balance,above
L,2022-11-23 14:00:00-05:00,11879.5,2022-11-23 16:00:00-05:00,11869.25,time,-22.5,138.0,-0.08152173913043478,82.5,break,overlap
S,2022-11-28 14:00:00-05:00,11624.0,2022-11-28 16:00:00-05:00,11616.25,time,13.5,110.0,0.06136363636363636,107.0,break,overlap
L,2022-11-30 14:00:00-05:00,11795.25,2022-11-30 16:00:00-05:00,12051.5,time,510.5,297.5,0.8579831932773109,269.25,balance,overlap
L,2022-12-01 14:45:00-05:00,12075.75,2022-12-01 16:00:00-05:00,12048.5,time,-56.5,91.5,-0.3087431693989071,90.0,balance,overlap
L,2022-12-02 14:55:00-05:00,11988.5,2022-12-02 16:00:00-05:00,12005.25,time,31.5,92.0,0.17119565217391305,83.0,balance,overlap
S,2022-12-05 14:00:00-05:00,11778.25,2022-12-05 16:00:00-05:00,11798.0,time,-41.5,95.0,-0.21842105263157896,93.0,break,below
S,2022-12-06 14:20:00-05:00,11537.5,2022-12-06 16:00:00-05:00,11557.25,time,-41.5,97.0,-0.21391752577319587,91.5,break,below
L,2022-12-12 14:50:00-05:00,11637.0,2022-12-12 16:00:00-05:00,11698.0,time,120.0,64.5,0.9302325581395349,52.25,balance,overlap
S,2022-12-14 14:00:00-05:00,11904.5,2022-12-14 16:00:00-05:00,11866.75,time,73.5,165.25,0.22239031770045387,93.75,balance,overlap
S,2022-12-16 14:30:00-05:00,11279.75,2022-12-16 15:15:00-05:00,11353.5,SL,-149.5,73.25,-1.0204778156996588,70.5,balance,below
S,2022-12-19 14:00:00-05:00,11165.75,2022-12-19 16:00:00-05:00,11187.75,time,-46.0,89.75,-0.2562674094707521,65.0,break,below
L,2022-12-21 14:00:00-05:00,11376.5,2022-12-21 16:00:00-05:00,11343.75,time,-67.5,73.0,-0.4623287671232877,69.25,break,above
L,2022-12-22 14:55:00-05:00,10986.75,2022-12-22 16:00:00-05:00,11065.75,time,156.0,116.5,0.6695278969957081,113.5,break,below
S,2022-12-27 14:25:00-05:00,10908.25,2022-12-27 16:00:00-05:00,10918.0,time,-21.5,88.25,-0.12181303116147309,84.5,break,overlap
L,2023-01-03 14:45:00-05:00,10957.25,2023-01-03 16:00:00-05:00,10922.75,time,-71.0,113.25,-0.31346578366445915,75.75,break,below
S,2023-01-04 14:05:00-05:00,10963.25,2023-01-04 16:00:00-05:00,10999.0,time,-73.5,96.5,-0.38082901554404147,83.25,balance,overlap
L,2023-01-06 14:00:00-05:00,11080.0,2023-01-06 16:00:00-05:00,11094.0,time,26.0,82.5,0.15757575757575756,77.75,balance,above
S,2023-01-09 14:55:00-05:00,11226.75,2023-01-09 16:00:00-05:00,11179.75,time,92.0,147.5,0.31186440677966104,113.5,break,above
L,2023-01-10 14:00:00-05:00,11252.0,2023-01-10 16:00:00-05:00,11280.25,time,54.5,95.5,0.28534031413612565,92.0,break,overlap
L,2023-01-13 14:25:00-05:00,11569.5,2023-01-13 16:00:00-05:00,11589.75,time,38.5,89.5,0.21508379888268156,88.25,balance,above
L,2023-01-19 14:20:00-05:00,11433.25,2023-01-19 16:00:00-05:00,11407.25,time,-54.0,105.5,-0.2559241706161137,98.0,balance,overlap
L,2023-01-20 14:20:00-05:00,11617.75,2023-01-20 16:00:00-05:00,11670.25,time,103.0,111.75,0.4608501118568233,98.25,balance,above
S,2023-01-23 14:35:00-05:00,11905.5,2023-01-23 16:00:00-05:00,11916.5,time,-24.0,77.75,-0.15434083601286175,75.25,break,above
L,2023-01-25 14:10:00-05:00,11840.5,2023-01-25 16:00:00-05:00,11881.5,time,80.0,108.0,0.37037037037037035,103.0,break,above
L,2023-01-26 14:20:00-05:00,12051.25,2023-01-26 16:00:00-05:00,12082.0,time,59.5,84.25,0.35311572700296734,79.5,break,overlap
L,2023-01-27 14:15:00-05:00,12266.75,2023-01-27 16:00:00-05:00,12215.25,time,-105.0,81.0,-0.6481481481481481,77.25,break,above
S,2023-01-30 14:45:00-05:00,11990.5,2023-01-30 16:00:00-05:00,11984.5,time,10.0,78.75,0.06349206349206349,71.25,balance,overlap
L,2023-01-31 14:05:00-05:00,12105.5,2023-01-31 16:00:00-05:00,12142.75,time,72.5,63.5,0.5708661417322834,59.5,break,above
L,2023-02-01 14:05:00-05:00,12179.25,2023-02-01 14:30:00-05:00,12096.5,SL,-167.5,82.25,-1.0182370820668694,65.25,balance,overlap
S,2023-02-02 14:40:00-05:00,12770.25,2023-02-02 16:00:00-05:00,12928.0,SL,-317.5,157.25,-1.0095389507154213,156.0,break,above
S,2023-02-03 14:55:00-05:00,12612.0,2023-02-03 16:00:00-05:00,12619.5,time,-17.0,231.25,-0.036756756756756756,225.75,balance,overlap
S,2023-02-09 14:15:00-05:00,12478.5,2023-02-09 16:00:00-05:00,12443.5,time,68.0,137.25,0.24772313296903462,124.5,break,below
S,2023-02-13 14:30:00-05:00,12505.5,2023-02-13 16:00:00-05:00,12540.5,time,-72.0,61.5,-0.5853658536585366,55.25,balance,above
L,2023-02-14 14:40:00-05:00,12624.0,2023-02-14 16:00:00-05:00,12610.5,time,-29.0,167.0,-0.08682634730538923,165.25,break,overlap
L,2023-02-15 14:05:00-05:00,12703.75,2023-02-15 16:00:00-05:00,12734.0,time,58.5,96.25,0.3038961038961039,77.75,balance,overlap
L,2023-02-17 14:20:00-05:00,12353.5,2023-02-17 16:00:00-05:00,12391.75,time,74.5,88.25,0.42209631728045327,82.5,balance,overlap
S,2023-02-21 14:00:00-05:00,12130.5,2023-02-21 16:00:00-05:00,12116.25,time,26.5,44.5,0.29775280898876405,42.75,break,below
S,2023-02-22 14:55:00-05:00,12062.75,2023-02-22 16:00:00-05:00,12111.25,time,-99.0,106.75,-0.4637002341920375,79.5,balance,overlap
L,2023-02-23 14:05:00-05:00,12130.25,2023-02-23 16:00:00-05:00,12194.5,time,126.5,102.5,0.6170731707317073,96.75,balance,below
L,2023-02-24 14:55:00-05:00,12006.25,2023-02-24 16:00:00-05:00,11999.25,time,-16.0,75.5,-0.10596026490066225,67.0,balance,overlap
L,2023-02-27 14:00:00-05:00,12137.25,2023-02-27 15:10:00-05:00,12071.0,SL,-134.5,65.75,-1.0228136882129277,62.25,balance,overlap
S,2023-03-01 14:25:00-05:00,11949.0,2023-03-01 16:00:00-05:00,11958.5,time,-21.0,87.75,-0.11965811965811966,78.0,balance,overlap
L,2023-03-02 14:00:00-05:00,12023.25,2023-03-02 16:00:00-05:00,12065.5,time,82.5,128.75,0.32038834951456313,106.75,balance,above
L,2023-03-03 14:05:00-05:00,12282.25,2023-03-03 16:00:00-05:00,12317.5,time,68.5,66.75,0.5131086142322098,62.0,balance,above
S,2023-03-06 14:45:00-05:00,12344.25,2023-03-06 16:00:00-05:00,12322.5,time,41.5,124.5,0.16666666666666666,114.5,break,overlap
S,2023-03-07 14:35:00-05:00,12165.25,2023-03-07 16:00:00-05:00,12168.5,time,-8.5,145.25,-0.029259896729776247,141.0,balance,below
S,2023-03-09 14:00:00-05:00,12085.0,2023-03-09 16:00:00-05:00,12002.75,time,162.5,206.5,0.3934624697336562,190.0,break,overlap
S,2023-03-14 14:00:00-04:00,12092.25,2023-03-14 15:55:00-04:00,12215.0,SL,-247.5,122.25,-1.0122699386503067,118.5,break,overlap
L,2023-03-15 14:20:00-04:00,12330.75,2023-03-15 16:00:00-04:00,12395.25,time,127.0,149.0,0.4261744966442953,124.0,balance,overlap
L,2023-03-16 14:55:00-04:00,12689.0,2023-03-16 16:00:00-04:00,12700.75,time,21.5,100.0,0.1075,98.25,break,above
L,2023-03-20 14:20:00-04:00,12675.0,2023-03-20 16:00:00-04:00,12694.5,time,37.0,109.75,0.16856492027334852,108.0,balance,overlap
L,2023-03-21 14:40:00-04:00,12821.0,2023-03-21 16:00:00-04:00,12874.75,time,105.5,95.5,0.5523560209424084,94.25,break,overlap
L,2023-03-22 14:00:00-04:00,12985.25,2023-03-22 15:00:00-04:00,12870.5,SL,-231.5,114.25,-1.013129102844639,62.25,balance,overlap
S,2023-03-23 14:05:00-04:00,12877.0,2023-03-23 16:00:00-04:00,12829.75,time,92.5,126.25,0.36633663366336633,115.75,break,overlap
L,2023-03-24 14:40:00-04:00,12859.0,2023-03-24 16:00:00-04:00,12900.5,time,81.0,106.25,0.3811764705882353,102.0,break,overlap
L,2023-03-27 14:30:00-04:00,12838.0,2023-03-27 16:00:00-04:00,12813.0,time,-52.0,72.5,-0.3586206896551724,68.5,balance,below
L,2023-03-29 14:45:00-04:00,12938.25,2023-03-29 16:00:00-04:00,12959.5,time,40.5,48.75,0.4153846153846154,47.25,break,overlap
L,2023-03-31 14:05:00-04:00,13247.25,2023-03-31 16:00:00-04:00,13298.0,time,99.5,40.0,1.24375,32.75,break,above
L,2023-04-03 14:45:00-04:00,13215.75,2023-04-03 16:00:00-04:00,13266.25,time,99.0,58.0,0.853448275862069,51.75,balance,overlap
L,2023-04-05 14:00:00-04:00,13069.25,2023-04-05 16:00:00-04:00,13073.75,time,7.0,63.5,0.05511811023622047,54.25,break,below
L,2023-04-06 14:05:00-04:00,13176.0,2023-04-06 16:00:00-04:00,13166.0,time,-22.0,55.25,-0.19909502262443438,52.5,break,above
L,2023-04-10 14:15:00-04:00,13147.25,2023-04-10 16:00:00-04:00,13169.25,time,42.0,133.5,0.15730337078651685,124.25,break,overlap
L,2023-04-11 14:25:00-04:00,13127.0,2023-04-11 15:50:00-04:00,13062.25,SL,-131.5,64.25,-1.0233463035019454,61.5,break,overlap
S,2023-04-12 14:25:00-04:00,13019.75,2023-04-12 16:00:00-04:00,12959.5,time,118.5,89.5,0.6620111731843575,52.5,balance,overlap
L,2023-04-13 14:05:00-04:00,13199.5,2023-04-13 16:00:00-04:00,13200.25,time,-0.5,69.25,-0.0036101083032490976,67.5,break,above
L,2023-04-14 14:20:00-04:00,13148.25,2023-04-14 16:00:00-04:00,13186.0,time,73.5,92.5,0.3972972972972973,73.5,balance,below
L,2023-04-17 14:40:00-04:00,13130.0,2023-04-17 16:00:00-04:00,13195.25,time,128.5,53.25,1.2065727699530517,51.75,break,below
S,2023-04-18 14:45:00-04:00,13151.25,2023-04-18 16:00:00-04:00,13163.5,time,-26.5,51.25,-0.25853658536585367,40.75,balance,below
S,2023-04-20 14:25:00-04:00,13108.75,2023-04-20 16:00:00-04:00,13092.25,time,31.0,91.25,0.16986301369863013,86.5,balance,above
L,2023-04-21 14:00:00-04:00,13112.5,2023-04-21 15:05:00-04:00,13057.25,SL,-112.5,54.75,-1.0273972602739727,50.0,balance,overlap
L,2023-04-24 14:00:00-04:00,13054.25,2023-04-24 16:00:00-04:00,13058.0,time,5.5,83.75,0.03283582089552239,79.5,break,below
S,2023-04-25 14:05:00-04:00,12850.0,2023-04-25 16:00:00-04:00,12925.75,SL,-153.5,75.25,-1.0199335548172757,71.75,balance,below
S,2023-04-26 14:15:00-04:00,12904.25,2023-04-26 16:00:00-04:00,12891.5,time,23.5,108.5,0.10829493087557604,106.5,balance,overlap
L,2023-04-27 14:15:00-04:00,13221.25,2023-04-27 16:00:00-04:00,13314.75,time,185.0,86.0,1.0755813953488371,83.0,break,above
L,2023-05-03 14:15:00-04:00,13254.0,2023-05-03 14:35:00-04:00,13187.5,SL,-135.0,66.0,-1.0227272727272727,45.75,balance,overlap
L,2023-05-05 14:00:00-04:00,13314.25,2023-05-05 16:00:00-04:00,13310.0,time,-10.5,75.25,-0.06976744186046512,66.25,break,above
S,2023-05-08 14:05:00-04:00,13299.25,2023-05-08 14:40:00-04:00,13355.5,SL,-114.5,55.75,-1.0269058295964126,47.5,break,overlap
L,2023-05-10 14:40:00-04:00,13389.25,2023-05-10 16:00:00-04:00,13419.5,time,58.5,126.75,0.23076923076923078,107.25,break,overlap
L,2023-05-11 14:40:00-04:00,13468.25,2023-05-11 16:00:00-04:00,13440.75,time,-57.0,75.0,-0.38,66.25,break,overlap
S,2023-05-16 14:20:00-04:00,13520.5,2023-05-16 16:00:00-04:00,13484.75,time,69.5,34.0,1.0220588235294117,30.75,break,above
L,2023-05-22 14:45:00-04:00,13926.75,2023-05-22 16:00:00-04:00,13916.0,time,-23.5,56.75,-0.20704845814977973,54.25,break,overlap
S,2023-05-23 14:15:00-04:00,13754.75,2023-05-23 16:00:00-04:00,13733.0,time,41.5,114.75,0.18082788671023964,103.25,break,overlap
L,2023-05-25 14:00:00-04:00,14008.5,2023-05-25 14:45:00-04:00,13941.5,SL,-136.0,66.5,-1.0225563909774436,61.0,balance,overlap
L,2023-05-26 14:45:00-04:00,14340.25,2023-05-26 16:00:00-04:00,14347.75,time,13.0,61.5,0.10569105691056911,57.75,break,above
S,2023-05-30 14:00:00-04:00,14339.5,2023-05-30 16:00:00-04:00,14411.25,time,-145.5,124.25,-0.5855130784708249,119.5,balance,below
L,2023-06-01 14:05:00-04:00,14496.25,2023-06-01 16:00:00-04:00,14485.0,time,-24.5,73.75,-0.16610169491525423,64.25,balance,above
S,2023-06-05 14:30:00-04:00,14552.5,2023-06-05 16:00:00-04:00,14588.25,time,-73.5,143.0,-0.256993006993007,85.25,break,overlap
L,2023-06-12 14:40:00-04:00,14717.75,2023-06-12 16:00:00-04:00,14803.25,time,169.0,68.5,1.2335766423357664,63.75,balance,above
S,2023-06-13 14:25:00-04:00,14843.0,2023-06-13 16:00:00-04:00,14907.5,time,-131.0,88.0,-0.7443181818181818,76.75,balance,overlap
S,2023-06-14 14:00:00-04:00,15054.75,2023-06-14 15:05:00-04:00,15190.25,SL,-273.0,135.0,-1.011111111111111,73.0,balance,above
L,2023-06-15 14:30:00-04:00,15367.5,2023-06-15 16:00:00-04:00,15366.5,time,-4.0,106.5,-0.018779342723004695,98.0,balance,above
S,2023-06-16 14:00:00-04:00,15351.0,2023-06-16 16:00:00-04:00,15299.25,time,101.5,64.75,0.7837837837837838,63.5,break,inside
L,2023-06-21 14:10:00-04:00,15105.0,2023-06-21 16:00:00-04:00,15049.25,time,-113.5,79.5,-0.7138364779874213,68.5,break,below
L,2023-06-22 14:00:00-04:00,15162.25,2023-06-22 16:00:00-04:00,15218.75,time,111.0,80.5,0.6894409937888198,78.25,break,above
S,2023-06-23 14:55:00-04:00,15054.75,2023-06-23 16:00:00-04:00,15070.25,time,-33.0,101.0,-0.16336633663366337,99.5,break,overlap
L,2023-06-27 14:10:00-04:00,15121.75,2023-06-27 16:00:00-04:00,15096.75,time,-52.0,119.25,-0.2180293501048218,113.75,break,above
S,2023-06-29 14:00:00-04:00,15049.0,2023-06-29 16:00:00-04:00,15110.75,time,-125.5,91.25,-0.6876712328767123,83.5,break,overlap
S,2023-07-05 14:20:00-04:00,15328.0,2023-07-05 14:45:00-04:00,15380.5,SL,-107.0,52.0,-1.0288461538461537,41.25,break,inside
L,2023-07-06 14:45:00-04:00,15249.5,2023-07-06 16:00:00-04:00,15234.75,time,-31.5,91.75,-0.17166212534059946,80.25,break,overlap
L,2023-07-10 14:25:00-04:00,15189.0,2023-07-10 16:00:00-04:00,15203.25,time,26.5,125.75,0.10536779324055666,117.25,break,overlap
S,2023-07-11 14:20:00-04:00,15168.0,2023-07-11 15:45:00-04:00,15250.75,SL,-167.5,82.25,-1.0182370820668694,74.75,break,overlap
L,2023-07-12 14:10:00-04:00,15468.25,2023-07-12 16:00:00-04:00,15460.0,time,-18.5,119.75,-0.07724425887265135,112.75,break,overlap
L,2023-07-13 14:10:00-04:00,15681.0,2023-07-13 16:00:00-04:00,15703.75,time,43.5,56.5,0.38495575221238937,48.75,break,above
S,2023-07-14 14:25:00-04:00,15718.0,2023-07-14 16:00:00-04:00,15706.75,time,20.5,100.5,0.10199004975124377,93.25,break,overlap
L,2023-07-17 14:15:00-04:00,15825.0,2023-07-17 16:00:00-04:00,15831.25,time,10.5,65.0,0.08076923076923077,60.75,break,overlap
L,2023-07-18 14:00:00-04:00,15961.25,2023-07-18 16:00:00-04:00,15954.5,time,-15.5,94.0,-0.08244680851063829,86.5,break,above
S,2023-07-19 14:05:00-04:00,15918.25,2023-07-19 16:00:00-04:00,15949.75,time,-65.0,144.5,-0.22491349480968859,135.75,break,overlap
S,2023-07-20 14:00:00-04:00,15674.5,2023-07-20 16:00:00-04:00,15594.75,time,157.5,108.0,0.7291666666666666,103.0,balance,below
L,2023-07-25 14:20:00-04:00,15710.25,2023-07-25 16:00:00-04:00,15653.25,SL,-116.0,56.5,-1.0265486725663717,55.25,break,above
L,2023-07-26 14:35:00-04:00,15659.75,2023-07-26 15:05:00-04:00,15540.25,SL,-241.0,119.0,-1.0126050420168067,58.0,break,overlap
S,2023-07-27 14:05:00-04:00,15686.25,2023-07-27 16:00:00-04:00,15591.0,time,188.5,170.5,0.5527859237536656,151.25,break,overlap
L,2023-08-01 14:45:00-04:00,15845.0,2023-08-01 16:00:00-04:00,15814.0,time,-64.0,67.25,-0.4758364312267658,66.0,balance,overlap
L,2023-08-02 14:15:00-04:00,15511.5,2023-08-02 16:00:00-04:00,15463.5,time,-98.0,98.5,-0.49746192893401014,95.75,break,below
S,2023-08-04 14:00:00-04:00,15468.0,2023-08-04 16:00:00-04:00,15358.75,time,216.5,142.5,0.7596491228070176,94.25,break,overlap
L,2023-08-07 14:30:00-04:00,15455.0,2023-08-07 16:00:00-04:00,15488.25,time,64.5,63.5,0.5078740157480315,56.25,break,inside
L,2023-08-08 14:10:00-04:00,15308.0,2023-08-08 16:00:00-04:00,15349.75,time,81.5,79.5,0.5125786163522013,77.0,break,below
L,2023-08-09 14:10:00-04:00,15277.75,2023-08-09 16:00:00-04:00,15196.5,time,-164.5,115.0,-0.7152173913043478,100.5,break,below
L,2023-08-11 14:35:00-04:00,15126.5,2023-08-11 16:00:00-04:00,15108.5,time,-38.0,75.25,-0.25249169435215946,67.75,break,overlap
L,2023-08-16 14:25:00-04:00,15068.5,2023-08-16 15:10:00-04:00,14986.5,SL,-166.0,81.5,-1.01840490797546,78.75,break,overlap
S,2023-08-17 14:15:00-04:00,14849.75,2023-08-17 16:00:00-04:00,14764.25,time,169.0,108.25,0.7806004618937644,97.0,balance,overlap
L,2023-08-18 14:30:00-04:00,14756.0,2023-08-18 16:00:00-04:00,14753.25,time,-7.5,89.25,-0.04201680672268908,84.25,balance,overlap
L,2023-08-21 14:35:00-04:00,14967.0,2023-08-21 16:00:00-04:00,14970.75,time,5.5,160.75,0.017107309486780714,158.25,break,overlap
S,2023-08-24 14:40:00-04:00,14939.25,2023-08-24 16:00:00-04:00,14852.5,time,171.5,100.5,0.8532338308457711,90.0,break,below
L,2023-08-25 14:10:00-04:00,14918.75,2023-08-25 16:00:00-04:00,14984.5,time,129.5,116.75,0.5546038543897216,106.25,break,overlap
L,2023-08-29 14:40:00-04:00,15405.75,2023-08-29 16:00:00-04:00,15418.0,time,22.5,52.75,0.2132701421800948,47.0,balance,above
S,2023-08-30 14:05:00-04:00,15461.0,2023-08-30 16:00:00-04:00,15496.75,time,-73.5,63.75,-0.5764705882352941,59.25,balance,above
L,2023-08-31 14:20:00-04:00,15592.75,2023-08-31 16:00:00-04:00,15541.5,time,-104.5,99.25,-0.5264483627204031,89.0,break,overlap
L,2023-09-05 14:15:00-04:00,15570.5,2023-09-05 16:00:00-04:00,15528.25,time,-86.5,53.75,-0.8046511627906977,46.75,balance,above
L,2023-09-07 14:00:00-04:00,15292.75,2023-09-07 16:00:00-04:00,15269.25,time,-49.0,92.75,-0.2641509433962264,87.5,break,overlap
S,2023-09-08 14:10:00-04:00,15287.5,2023-09-08 16:00:00-04:00,15307.75,time,-42.5,76.75,-0.2768729641693811,63.0,break,overlap
L,2023-09-11 14:10:00-04:00,15474.75,2023-09-11 16:00:00-04:00,15481.75,time,12.0,115.0,0.05217391304347826,109.5,break,overlap
S,2023-09-12 14:40:00-04:00,15332.0,2023-09-12 16:00:00-04:00,15305.5,time,51.0,87.25,0.2922636103151863,84.75,break,overlap
S,2023-09-13 14:50:00-04:00,15537.0,2023-09-13 16:00:00-04:00,15564.75,time,-57.5,83.25,-0.34534534534534533,66.0,break,overlap
S,2023-09-15 14:20:00-04:00,15364.5,2023-09-15 16:00:00-04:00,15386.25,time,-45.5,103.0,-0.220873786407767,101.75,break,below
S,2023-09-18 14:45:00-04:00,15422.25,2023-09-18 16:00:00-04:00,15418.0,time,6.5,38.75,0.08387096774193549,36.25,break,overlap
L,2023-09-19 14:35:00-04:00,15398.0,2023-09-19 16:00:00-04:00,15379.75,time,-38.5,140.25,-0.13725490196078433,122.0,break,overlap
S,2023-09-20 14:00:00-04:00,15312.5,2023-09-20 14:30:00-04:00,15388.0,SL,-153.0,75.0,-1.02,40.25,balance,overlap
S,2023-09-22 14:10:00-04:00,14880.75,2023-09-22 16:00:00-04:00,14872.5,time,14.5,142.75,0.050788091068301226,114.0,balance,overlap
S,2023-09-26 14:35:00-04:00,14699.75,2023-09-26 16:00:00-04:00,14709.5,time,-21.5,84.0,-0.12797619047619047,79.25,balance,below
L,2023-09-27 14:30:00-04:00,14703.0,2023-09-27 16:00:00-04:00,14748.25,time,88.5,116.0,0.38146551724137934,97.75,balance,below
S,2023-09-28 14:45:00-04:00,14823.75,2023-09-28 16:00:00-04:00,14857.25,time,-69.0,124.5,-0.27710843373493976,117.0,break,above
L,2023-10-02 14:10:00-04:00,14955.25,2023-10-02 14:40:00-04:00,14866.0,SL,-180.5,88.75,-1.0169014084507042,67.5,balance,inside
S,2023-10-03 14:05:00-04:00,14687.75,2023-10-03 16:00:00-04:00,14732.25,time,-91.0,97.5,-0.4666666666666667,95.5,balance,below
S,2023-10-04 14:05:00-04:00,14812.75,2023-10-04 15:10:00-04:00,14900.75,SL,-178.0,87.5,-1.0171428571428571,84.5,break,overlap
L,2023-10-05 14:00:00-04:00,14874.5,2023-10-05 16:00:00-04:00,14864.5,time,-22.0,114.5,-0.09606986899563319,101.75,balance,overlap
L,2023-10-06 14:10:00-04:00,15102.25,2023-10-06 16:00:00-04:00,15127.75,time,49.0,83.25,0.29429429429429427,79.0,balance,above
L,2023-10-09 14:05:00-04:00,15197.25,2023-10-09 16:00:00-04:00,15199.5,time,2.5,154.25,0.008103727714748784,149.5,break,above
L,2023-10-11 14:20:00-04:00,15328.5,2023-10-11 16:00:00-04:00,15400.5,time,142.0,75.75,0.9372937293729373,61.5,break,below
S,2023-10-12 14:00:00-04:00,15264.75,2023-10-12 16:00:00-04:00,15322.0,time,-116.5,205.0,-0.2841463414634146,192.75,balance,overlap
S,2023-10-17 14:50:00-04:00,15188.75,2023-10-17 16:00:00-04:00,15236.75,time,-98.0,120.75,-0.4057971014492754,118.75,break,above
S,2023-10-18 14:45:00-04:00,15062.75,2023-10-18 16:00:00-04:00,15043.5,time,36.5,115.25,0.15835140997830802,113.0,balance,overlap
S,2023-10-19 14:35:00-04:00,14922.25,2023-10-19 16:00:00-04:00,14846.0,time,150.5,216.0,0.34837962962962965,212.0,break,overlap
L,2023-10-26 14:30:00-04:00,14283.25,2023-10-26 16:00:00-04:00,14226.0,time,-116.5,147.0,-0.39625850340136054,137.25,break,below
S,2023-10-27 14:20:00-04:00,14225.75,2023-10-27 16:00:00-04:00,14274.0,time,-98.5,159.25,-0.3092621664050236,155.75,break,overlap
L,2023-10-30 14:35:00-04:00,14430.5,2023-10-30 16:00:00-04:00,14408.5,time,-46.0,120.25,-0.19126819126819128,119.0,break,overlap
L,2023-11-01 14:30:00-04:00,14662.0,2023-11-01 14:40:00-04:00,14561.5,SL,-203.0,100.0,-1.015,54.5,break,overlap
L,2023-11-02 14:40:00-04:00,15002.25,2023-11-02 16:00:00-04:00,14993.75,time,-19.0,80.0,-0.11875,77.5,balance,overlap
L,2023-11-03 14:25:00-04:00,15206.0,2023-11-03 16:00:00-04:00,15182.0,time,-50.0,70.5,-0.3546099290780142,68.5,break,above
L,2023-11-07 14:30:00-05:00,15409.5,2023-11-07 16:00:00-05:00,15374.25,time,-72.5,80.25,-0.4517133956386293,78.0,break,above
L,2023-11-08 14:00:00-05:00,15369.75,2023-11-08 16:00:00-05:00,15377.0,time,12.5,83.5,0.0748502994011976,80.75,break,below
S,2023-11-09 14:10:00-05:00,15299.5,2023-11-09 16:00:00-05:00,15261.25,time,74.5,145.0,0.25689655172413794,139.25,break,overlap
L,2023-11-10 14:10:00-05:00,15570.0,2023-11-10 16:00:00-05:00,15596.0,time,50.0,125.0,0.2,123.5,break,above
L,2023-11-13 14:25:00-05:00,15585.25,2023-11-13 16:00:00-05:00,15551.75,time,-69.0,48.25,-0.7150259067357513,44.25,break,overlap
L,2023-11-14 14:55:00-05:00,15890.25,2023-11-14 16:00:00-05:00,15894.25,time,6.0,57.25,0.05240174672489083,55.0,break,overlap
L,2023-11-15 14:25:00-05:00,15918.5,2023-11-15 16:00:00-05:00,15880.25,time,-78.5,86.25,-0.45507246376811594,84.5,balance,below
L,2023-11-17 14:00:00-05:00,15926.75,2023-11-17 16:00:00-05:00,15894.5,time,-66.5,63.5,-0.5236220472440944,57.25,break,overlap
L,2023-11-20 14:30:00-05:00,16077.25,2023-11-20 16:00:00-05:00,16084.5,time,12.5,74.0,0.08445945945945946,72.25,break,above
S,2023-11-22 14:35:00-05:00,16019.5,2023-11-22 16:00:00-05:00,16048.25,time,-59.5,85.5,-0.347953216374269,46.75,break,overlap
S,2023-11-27 14:15:00-05:00,16035.75,2023-11-27 16:00:00-05:00,16006.0,time,57.5,53.5,0.5373831775700935,44.5,break,above
S,2023-11-29 14:35:00-05:00,16041.25,2023-11-29 16:00:00-05:00,16036.75,time,7.0,59.0,0.059322033898305086,46.5,break,below
L,2023-11-30 14:40:00-05:00,15914.25,2023-11-30 16:00:00-05:00,15969.75,time,109.0,58.75,0.9276595744680851,56.25,break,below
S,2023-12-04 14:00:00-05:00,15799.0,2023-12-04 15:50:00-05:00,15869.0,SL,-142.0,69.5,-1.0215827338129497,51.25,break,overlap
L,2023-12-05 14:15:00-05:00,15901.75,2023-12-05 16:00:00-05:00,15918.25,time,31.0,74.5,0.2080536912751678,70.25,balance,overlap
L,2023-12-07 14:25:00-05:00,16058.0,2023-12-07 16:00:00-05:00,16026.0,time,-66.0,48.25,-0.6839378238341969,46.25,break,above
L,2023-12-08 14:00:00-05:00,16090.75,2023-12-08 16:00:00-05:00,16092.0,time,0.5,101.25,0.0024691358024691358,98.0,balance,overlap
L,2023-12-12 14:20:00-05:00,16324.0,2023-12-12 16:00:00-05:00,16381.75,time,113.5,70.0,0.8107142857142857,67.75,break,above
L,2023-12-13 14:00:00-05:00,16456.0,2023-12-13 16:00:00-05:00,16560.25,time,206.5,91.0,1.1346153846153846,36.75,break,overlap
L,2023-12-18 14:10:00-05:00,16961.25,2023-12-18 16:00:00-05:00,16925.75,time,-73.0,56.75,-0.6431718061674009,52.25,break,above
L,2023-12-19 14:15:00-05:00,17005.75,2023-12-19 16:00:00-05:00,17020.25,time,27.0,41.0,0.32926829268292684,39.75,break,overlap
S,2023-12-20 14:25:00-05:00,17010.75,2023-12-20 16:00:00-05:00,16777.0,time,465.5,55.0,4.2318181818181815,43.25,balance,above
L,2023-12-21 14:15:00-05:00,16888.75,2023-12-21 16:00:00-05:00,16942.5,time,105.5,74.5,0.7080536912751678,67.5,balance,below
S,2023-12-22 14:05:00-05:00,16963.25,2023-12-22 16:00:00-05:00,16976.0,time,-27.5,58.5,-0.23504273504273504,53.5,break,overlap
L,2023-12-26 14:35:00-05:00,17065.5,2023-12-26 16:00:00-05:00,17083.0,time,33.0,28.75,0.5739130434782609,27.0,break,overlap
L,2023-12-29 14:50:00-05:00,17037.75,2023-12-29 16:00:00-05:00,17016.25,time,-45.0,95.0,-0.23684210526315788,93.25,balance,below
S,2024-01-02 14:00:00-05:00,16680.0,2024-01-02 16:00:00-05:00,16732.0,time,-106.0,108.0,-0.49074074074074076,99.75,break,overlap
L,2024-01-03 14:40:00-05:00,16622.75,2024-01-03 15:20:00-05:00,16548.75,SL,-150.0,73.5,-1.0204081632653061,70.25,break,overlap
S,2024-01-04 14:25:00-05:00,16477.0,2024-01-04 16:00:00-05:00,16451.5,time,49.0,52.25,0.4688995215311005,48.5,break,overlap
S,2024-01-05 14:50:00-05:00,16426.0,2024-01-05 16:00:00-05:00,16465.5,time,-81.0,93.0,-0.43548387096774194,88.5,break,overlap
L,2024-01-08 14:10:00-05:00,16751.25,2024-01-08 16:00:00-05:00,16800.5,time,96.5,77.25,0.6245954692556634,68.5,break,above
L,2024-01-10 14:00:00-05:00,16934.5,2024-01-10 16:00:00-05:00,16945.0,time,19.0,65.5,0.1450381679389313,63.25,balance,overlap
L,2024-01-11 14:10:00-05:00,16941.75,2024-01-11 16:00:00-05:00,16964.5,time,43.5,170.75,0.1273792093704246,165.25,balance,below
L,2024-01-12 14:00:00-05:00,16987.0,2024-01-12 16:00:00-05:00,16959.5,time,-57.0,70.0,-0.40714285714285714,65.75,break,overlap
S,2024-01-16 14:10:00-05:00,16880.0,2024-01-16 15:55:00-05:00,16962.0,SL,-166.0,81.5,-1.01840490797546,70.5,balance,overlap
L,2024-01-17 14:40:00-05:00,16839.75,2024-01-17 16:00:00-05:00,16859.0,time,36.5,106.5,0.17136150234741784,91.5,break,inside
L,2024-01-18 14:20:00-05:00,17086.0,2024-01-18 16:00:00-05:00,17103.25,time,32.5,143.75,0.11304347826086956,140.5,break,overlap
L,2024-01-19 14:00:00-05:00,17399.0,2024-01-19 16:00:00-05:00,17460.25,time,120.5,163.25,0.36906584992343033,159.5,balance,above
S,2024-01-24 14:10:00-05:00,17678.25,2024-01-24 16:00:00-05:00,17594.0,time,166.5,116.0,0.7176724137931034,97.5,break,above
S,2024-01-25 14:00:00-05:00,17567.5,2024-01-25 16:00:00-05:00,17618.0,time,-103.0,164.5,-0.3130699088145897,161.5,break,overlap
L,2024-01-29 14:10:00-05:00,17615.25,2024-01-29 16:00:00-05:00,17692.0,time,151.5,41.5,1.8253012048192772,35.75,balance,overlap
S,2024-01-31 14:15:00-05:00,17325.75,2024-01-31 14:35:00-05:00,17404.25,SL,-159.0,78.0,-1.0192307692307692,70.25,balance,overlap
L,2024-02-01 14:45:00-05:00,17418.5,2024-02-01 16:00:00-05:00,17451.75,time,64.5,96.25,0.33506493506493507,90.5,balance,overlap
L,2024-02-02 14:30:00-05:00,17767.5,2024-02-02 16:00:00-05:00,17712.5,time,-112.0,104.0,-0.5384615384615384,92.75,break,above
L,2024-02-05 14:30:00-05:00,17727.75,2024-02-05 16:00:00-05:00,17696.5,time,-64.5,74.0,-0.4358108108108108,67.25,balance,overlap
L,2024-02-06 14:55:00-05:00,17635.75,2024-02-06 16:00:00-05:00,17647.25,time,21.0,75.25,0.13953488372093023,72.25,balance,below
S,2024-02-08 14:05:00-05:00,17847.0,2024-02-08 16:00:00-05:00,17860.75,time,-29.5,49.75,-0.2964824120603015,47.25,balance,overlap
L,2024-02-09 14:25:00-05:00,18051.25,2024-02-09 16:00:00-05:00,18032.5,time,-39.5,73.5,-0.2687074829931973,66.75,balance,above
S,2024-02-12 14:15:00-05:00,17944.25,2024-02-12 16:00:00-05:00,17954.25,time,-22.0,165.25,-0.06656580937972768,117.5,balance,overlap
S,2024-02-13 14:00:00-05:00,17627.5,2024-02-13 16:00:00-05:00,17682.5,time,-112.0,100.75,-0.5558312655086849,80.5,break,overlap
L,2024-02-16 14:00:00-05:00,17890.5,2024-02-16 14:45:00-05:00,17801.5,SL,-180.0,88.5,-1.0169491525423728,84.75,break,overlap
L,2024-02-20 14:15:00-05:00,17543.5,2024-02-20 16:00:00-05:00,17599.0,time,109.0,91.25,0.5972602739726027,80.5,break,below
S,2024-02-21 14:20:00-05:00,17411.5,2024-02-21 15:50:00-05:00,17509.5,SL,-198.0,97.5,-1.0153846153846153,80.5,break,overlap
L,2024-02-22 14:00:00-05:00,18058.25,2024-02-22 16:00:00-05:00,18025.5,time,-67.5,123.5,-0.2732793522267207,121.0,balance,above
L,2024-02-27 14:30:00-05:00,18021.25,2024-02-27 16:00:00-05:00,18010.0,time,-24.5,113.0,-0.1084070796460177,101.5,balance,overlap
L,2024-02-29 14:15:00-05:00,18053.75,2024-02-29 16:00:00-05:00,18054.75,time,0.0,85.0,0.0,81.0,break,overlap
L,2024-03-01 14:00:00-05:00,18357.25,2024-03-01 16:00:00-05:00,18323.25,time,-70.0,135.75,-0.2578268876611418,126.25,balance,above
L,2024-03-04 14:35:00-05:00,18342.25,2024-03-04 15:45:00-05:00,18269.25,SL,-148.0,72.5,-1.0206896551724138,57.5,break,overlap
S,2024-03-05 14:40:00-05:00,17860.75,2024-03-05 16:00:00-05:00,17942.25,time,-165.0,118.5,-0.6962025316455697,103.5,break,below
S,2024-03-06 14:55:00-05:00,18027.75,2024-03-06 16:00:00-05:00,18029.0,time,-4.5,146.75,-0.015332197614991482,143.5,break,overlap
L,2024-03-11 14:45:00-04:00,18010.25,2024-03-11 16:00:00-04:00,17971.75,time,-79.0,70.0,-0.5642857142857143,67.75,break,overlap
L,2024-03-12 14:20:00-04:00,18183.75,2024-03-12 16:00:00-04:00,18227.0,time,84.5,107.25,0.3939393939393939,101.0,break,overlap
L,2024-03-14 14:05:00-04:00,18322.5,2024-03-14 15:05:00-04:00,18209.0,SL,-229.0,113.0,-1.0132743362831858,104.0,break,below
L,2024-03-15 14:40:00-04:00,18093.75,2024-03-15 16:00:00-04:00,18069.25,time,-51.0,87.75,-0.2905982905982906,78.75,break,overlap
L,2024-03-20 14:00:00-04:00,18361.75,2024-03-20 16:00:00-04:00,18518.5,time,311.5,118.0,1.319915254237288,47.5,break,overlap
S,2024-03-21 14:05:00-04:00,18587.25,2024-03-21 16:00:00-04:00,18563.0,time,46.5,120.5,0.19294605809128632,95.25,break,overlap
L,2024-03-25 14:05:00-04:00,18563.75,2024-03-25 15:55:00-04:00,18510.5,SL,-108.5,52.75,-1.028436018957346,46.5,break,above
L,2024-03-27 14:25:00-04:00,18455.0,2024-03-27 16:00:00-04:00,18517.75,time,123.5,63.5,0.9724409448818898,61.75,balance,below
S,2024-04-04 14:00:00-04:00,18484.75,2024-04-04 16:00:00-04:00,18096.75,time,774.0,82.0,4.719512195121951,78.75,break,overlap
S,2024-04-05 14:00:00-04:00,18278.5,2024-04-05 16:00:00-04:00,18286.25,time,-17.5,129.5,-0.06756756756756757,127.75,balance,above
S,2024-04-09 14:35:00-04:00,18249.25,2024-04-09 15:25:00-04:00,18304.25,SL,-112.0,54.5,-1.0275229357798166,52.5,break,below
L,2024-04-11 14:00:00-04:00,18445.75,2024-04-11 16:00:00-04:00,18483.5,time,73.5,158.5,0.23186119873817035,157.0,balance,above
S,2024-04-15 14:50:00-04:00,17872.5,2024-04-15 16:00:00-04:00,17864.5,time,14.0,354.75,0.019732205778717406,350.5,balance,below
L,2024-04-16 14:05:00-04:00,17978.25,2024-04-16 16:00:00-04:00,17881.25,time,-196.0,160.5,-0.6105919003115264,113.0,balance,overlap
L,2024-04-17 14:40:00-04:00,17789.25,2024-04-17 16:00:00-04:00,17666.75,time,-247.0,173.5,-0.7118155619596542,134.5,balance,below
S,2024-04-18 14:30:00-04:00,17526.25,2024-04-18 16:00:00-04:00,17542.75,time,-35.0,186.5,-0.0938337801608579,175.5,break,overlap
S,2024-04-19 14:35:00-04:00,17179.75,2024-04-19 16:00:00-04:00,17174.25,time,9.0,161.25,0.027906976744186046,137.5,balance,below
L,2024-04-22 14:10:00-04:00,17417.25,2024-04-22 16:00:00-04:00,17326.0,time,-184.5,182.5,-0.5054794520547945,179.75,balance,overlap
L,2024-04-23 14:20:00-04:00,17645.0,2024-04-23 16:00:00-04:00,17640.75,time,-10.5,83.0,-0.06325301204819277,78.25,break,above
S,2024-04-29 14:30:00-04:00,17856.25,2024-04-29 16:00:00-04:00,17918.0,time,-125.5,75.5,-0.8311258278145696,57.75,break,inside
S,2024-04-30 14:50:00-04:00,17674.25,2024-04-30 16:00:00-04:00,17605.75,time,135.0,102.25,0.6601466992665037,101.0,balance,below
L,2024-05-01 14:00:00-04:00,17517.75,2024-05-01 16:00:00-04:00,17474.25,time,-89.0,119.0,-0.3739495798319328,75.75,balance,overlap
L,2024-05-02 14:05:00-04:00,17626.5,2024-05-02 16:00:00-04:00,17680.0,time,105.0,133.75,0.3925233644859813,123.5,balance,overlap
L,2024-05-03 14:05:00-04:00,18013.25,2024-05-03 16:00:00-04:00,18013.75,time,-1.0,52.0,-0.009615384615384616,47.75,break,overlap
L,2024-05-06 14:00:00-04:00,18136.5,2024-05-06 16:00:00-04:00,18191.25,time,107.5,69.5,0.7733812949640287,66.0,break,overlap
S,2024-05-07 14:15:00-04:00,18181.5,2024-05-07 16:00:00-04:00,18204.25,time,-47.5,86.5,-0.2745664739884393,84.5,break,overlap
L,2024-05-10 14:05:00-04:00,18260.0,2024-05-10 16:00:00-04:00,18249.25,time,-23.5,52.75,-0.22274881516587677,46.5,break,below
L,2024-05-14 14:05:00-04:00,18348.75,2024-05-14 16:00:00-04:00,18413.75,time,128.0,51.0,1.2549019607843137,41.5,break,overlap
L,2024-05-15 14:00:00-04:00,18686.0,2024-05-15 16:00:00-04:00,18670.0,time,-34.0,109.25,-0.15560640732265446,106.75,balance,above
S,2024-05-16 14:10:00-04:00,18666.25,2024-05-16 16:00:00-04:00,18646.75,time,37.0,75.25,0.24584717607973422,69.75,break,overlap
S,2024-05-17 14:00:00-04:00,18595.0,2024-05-17 16:00:00-04:00,18627.75,time,-67.5,66.25,-0.5094339622641509,53.25,balance,overlap
S,2024-05-20 14:05:00-04:00,18732.75,2024-05-20 16:00:00-04:00,18764.75,time,-66.0,62.0,-0.532258064516129,59.5,break,above
S,2024-05-22 14:00:00-04:00,18735.0,2024-05-22 16:00:00-04:00,18814.75,time,-161.5,97.75,-0.8260869565217391,86.75,break,overlap
S,2024-05-23 14:00:00-04:00,18694.25,2024-05-23 16:00:00-04:00,18682.25,time,22.0,239.75,0.045881126173096975,222.5,balance,overlap
L,2024-05-24 14:05:00-04:00,18920.0,2024-05-24 14:55:00-04:00,18873.5,SL,-95.0,46.0,-1.0326086956521738,41.75,break,above
S,2024-05-28 14:20:00-04:00,18888.25,2024-05-28 16:00:00-04:00,18946.5,SL,-118.5,57.75,-1.025974025974026,54.25,break,overlap
S,2024-05-30 14:45:00-04:00,18660.75,2024-05-30 16:00:00-04:00,18601.25,time,117.0,68.5,0.8540145985401459,60.75,balance,overlap
L,2024-06-04 14:10:00-04:00,18660.0,2024-06-04 16:00:00-04:00,18690.75,time,59.5,89.75,0.33147632311977715,82.0,balance,overlap
L,2024-06-05 14:30:00-04:00,19031.5,2024-06-05 16:00:00-04:00,19053.25,time,41.5,77.25,0.2686084142394822,74.25,balance,above
S,2024-06-06 14:05:00-04:00,19026.0,2024-06-06 16:00:00-04:00,19050.75,time,-51.5,64.5,-0.3992248062015504,55.0,balance,overlap
S,2024-06-07 14:00:00-04:00,19065.5,2024-06-07 16:00:00-04:00,19031.25,time,66.5,90.0,0.36944444444444446,84.5,balance,above
S,2024-06-10 14:25:00-04:00,19051.25,2024-06-10 15:10:00-04:00,19122.0,SL,-143.5,70.25,-1.0213523131672597,67.0,balance,above
L,2024-06-11 14:00:00-04:00,19176.5,2024-06-11 16:00:00-04:00,19236.0,time,117.0,102.75,0.5693430656934306,92.25,balance,overlap
S,2024-06-12 14:00:00-04:00,19478.25,2024-06-12 14:30:00-04:00,19537.75,SL,-121.0,59.0,-1.0254237288135593,46.5,break,above
L,2024-06-13 14:20:00-04:00,19591.25,2024-06-13 16:00:00-04:00,19598.5,time,12.5,91.5,0.06830601092896176,89.0,balance,below
L,2024-06-17 14:00:00-04:00,19977.75,2024-06-17 16:00:00-04:00,19896.0,time,-165.5,235.5,-0.351380042462845,224.75,break,above
S,2024-06-24 14:10:00-04:00,19786.25,2024-06-24 16:00:00-04:00,19741.0,time,88.5,135.75,0.3259668508287293,133.75,break,overlap
L,2024-07-01 14:10:00-04:00,20031.0,2024-07-01 16:00:00-04:00,20056.0,time,48.0,74.25,0.32323232323232326,69.5,balance,overlap
L,2024-07-02 14:10:00-04:00,20218.75,2024-07-02 16:00:00-04:00,20243.75,time,48.0,154.0,0.15584415584415584,151.0,break,overlap
L,2024-07-10 14:45:00-04:00,20888.25,2024-07-10 16:00:00-04:00,20882.0,time,-14.5,129.75,-0.055876685934489405,121.75,break,overlap
S,2024-07-11 14:00:00-04:00,20384.0,2024-07-11 16:00:00-04:00,20430.0,time,-94.0,155.5,-0.3022508038585209,153.5,break,below
S,2024-07-15 14:15:00-04:00,20554.0,2024-07-15 16:00:00-04:00,20597.75,time,-89.5,151.0,-0.29635761589403975,148.5,break,overlap
L,2024-07-16 14:35:00-04:00,20571.5,2024-07-16 16:00:00-04:00,20590.0,time,35.0,107.75,0.16241299303944315,103.0,break,below
L,2024-07-22 14:05:00-04:00,20030.0,2024-07-22 16:00:00-04:00,19988.25,time,-85.5,194.5,-0.21979434447300772,180.5,break,overlap
S,2024-07-24 14:00:00-04:00,19306.25,2024-07-24 16:00:00-04:00,19208.5,time,193.5,74.0,1.3074324324324325,72.0,break,below
S,2024-07-25 14:40:00-04:00,19183.75,2024-07-25 16:00:00-04:00,18955.75,time,454.0,207.0,1.0966183574879227,200.0,balance,overlap
S,2024-07-26 14:50:00-04:00,19135.75,2024-07-26 16:00:00-04:00,19174.5,time,-79.5,163.5,-0.24311926605504589,149.75,balance,overlap
S,2024-07-29 14:00:00-04:00,19234.25,2024-07-29 16:00:00-04:00,19191.25,time,84.0,115.0,0.3652173913043478,104.25,balance,overlap
L,2024-07-30 14:15:00-04:00,18982.0,2024-07-30 16:00:00-04:00,18801.75,SL,-362.5,179.75,-1.0083449235048678,171.25,break,below
L,2024-07-31 14:30:00-04:00,19502.5,2024-07-31 16:00:00-04:00,19540.75,time,74.5,158.5,0.23501577287066247,146.5,break,overlap
S,2024-08-01 14:30:00-04:00,18896.0,2024-08-01 16:00:00-04:00,18948.5,time,-107.0,340.5,-0.15712187958883994,324.25,balance,below
S,2024-08-05 14:00:00-04:00,18017.0,2024-08-05 16:00:00-04:00,18094.25,time,-156.5,272.5,-0.2871559633027523,270.0,balance,above
L,2024-08-06 14:20:00-04:00,18456.5,2024-08-06 15:00:00-04:00,18314.75,SL,-285.5,141.25,-1.0106194690265486,134.25,break,above
S,2024-08-07 14:05:00-04:00,18085.0,2024-08-07 16:00:00-04:00,17963.0,time,242.0,319.75,0.3784206411258796,310.0,break,below
L,2024-08-08 14:00:00-04:00,18540.0,2024-08-08 16:00:00-04:00,18546.0,time,10.0,182.5,0.0273972602739726,174.75,balance,above
L,2024-08-19 14:00:00-04:00,19726.25,2024-08-19 16:00:00-04:00,19837.5,time,220.5,106.5,1.0352112676056338,102.75,balance,above
L,2024-08-20 14:20:00-04:00,19866.5,2024-08-20 16:00:00-04:00,19823.0,time,-89.0,118.75,-0.37473684210526315,110.5,balance,overlap
L,2024-08-21 14:00:00-04:00,19902.0,2024-08-21 16:00:00-04:00,19910.5,time,15.0,131.0,0.05725190839694656,129.75,balance,overlap
S,2024-08-29 14:15:00-04:00,19555.5,2024-08-29 16:00:00-04:00,19402.75,time,303.5,134.5,1.1282527881040891,114.25,break,overlap
L,2024-08-30 14:35:00-04:00,19500.0,2024-08-30 16:00:00-04:00,19609.25,time,216.5,130.25,0.8310940499040307,128.25,break,below
S,2024-09-03 14:00:00-04:00,19068.25,2024-09-03 16:00:00-04:00,19032.5,time,69.5,137.25,0.25318761384335153,100.75,break,below
S,2024-09-04 14:35:00-04:00,18964.5,2024-09-04 16:00:00-04:00,18963.75,time,-0.5,123.5,-0.0020242914979757085,111.5,balance,above
S,2024-09-09 14:00:00-04:00,18618.25,2024-09-09 16:00:00-04:00,18682.0,time,-129.5,112.0,-0.578125,100.5,break,overlap
L,2024-09-10 14:00:00-04:00,18821.25,2024-09-10 16:00:00-04:00,18849.25,time,54.0,231.75,0.11650485436893204,205.75,break,overlap
L,2024-09-11 14:20:00-04:00,19073.25,2024-09-11 16:00:00-04:00,19234.0,time,319.5,289.25,0.5522904062229905,287.25,balance,overlap
L,2024-09-12 14:20:00-04:00,19470.5,2024-09-12 16:00:00-04:00,19448.25,time,-46.5,213.0,-0.10915492957746478,211.0,break,overlap
L,2024-09-18 14:00:00-04:00,19801.5,2024-09-18 15:45:00-04:00,19582.75,SL,-439.5,218.25,-1.006872852233677,148.0,balance,overlap
S,2024-09-20 14:00:00-04:00,19964.0,2024-09-20 15:20:00-04:00,20037.25,SL,-148.5,72.75,-1.0206185567010309,69.5,break,overlap
S,2024-09-24 14:25:00-04:00,20146.0,2024-09-24 16:00:00-04:00,20170.75,time,-51.5,68.5,-0.3759124087591241,63.75,balance,overlap
L,2024-09-26 14:20:00-04:00,20337.25,2024-09-26 16:00:00-04:00,20341.25,time,6.0,148.25,0.02023608768971332,133.0,balance,below
S,2024-09-27 14:25:00-04:00,20200.5,2024-09-27 16:00:00-04:00,20207.5,time,-16.0,84.5,-0.09467455621301775,74.75,balance,below
S,2024-09-30 14:10:00-04:00,20161.5,2024-09-30 15:50:00-04:00,20255.25,SL,-189.5,93.25,-1.0160857908847185,85.5,balance,inside
L,2024-10-01 14:00:00-04:00,20019.0,2024-10-01 16:00:00-04:00,20008.25,time,-23.5,175.25,-0.06704707560627675,157.75,break,below
S,2024-10-07 14:00:00-04:00,20106.5,2024-10-07 16:00:00-04:00,20011.25,time,188.5,61.5,1.532520325203252,60.0,balance,overlap
L,2024-10-08 14:35:00-04:00,20259.5,2024-10-08 16:00:00-04:00,20276.5,time,32.0,95.75,0.1671018276762402,93.25,break,above
L,2024-10-09 14:25:00-04:00,20456.5,2024-10-09 16:00:00-04:00,20438.0,time,-39.0,101.25,-0.1925925925925926,91.75,balance,above
L,2024-10-14 14:35:00-04:00,20629.75,2024-10-14 16:00:00-04:00,20604.0,time,-53.5,52.0,-0.5144230769230769,46.0,break,overlap
S,2024-10-15 14:55:00-04:00,20329.75,2024-10-15 16:00:00-04:00,20336.25,time,-15.0,86.75,-0.08645533141210375,82.0,break,below
L,2024-10-16 14:20:00-04:00,20377.5,2024-10-16 16:00:00-04:00,20341.25,time,-74.5,107.75,-0.345707656612529,77.75,break,inside
S,2024-10-17 14:00:00-04:00,20445.0,2024-10-17 16:00:00-04:00,20382.5,time,123.0,84.25,0.7299703264094956,82.0,balance,inside
L,2024-10-22 14:00:00-04:00,20600.5,2024-10-22 16:00:00-04:00,20530.75,time,-141.5,175.5,-0.4031339031339031,151.75,balance,overlap
S,2024-10-23 14:00:00-04:00,20104.25,2024-10-23 16:00:00-04:00,20252.75,time,-299.0,254.0,-0.5885826771653543,236.75,break,below
S,2024-10-25 14:05:00-04:00,20473.5,2024-10-25 16:00:00-04:00,20485.75,time,-26.5,191.25,-0.06928104575163399,181.5,break,overlap
L,2024-10-29 14:20:00-04:00,20688.75,2024-10-29 16:00:00-04:00,20715.0,time,50.5,103.5,0.24396135265700483,100.5,break,above
S,2024-10-31 14:00:00-04:00,20024.25,2024-10-31 15:45:00-04:00,20115.5,SL,-184.5,90.75,-1.0165289256198347,89.25,break,below
S,2024-11-01 14:05:00-04:00,20145.25,2024-11-01 16:00:00-04:00,20152.75,time,-17.0,109.0,-0.0779816513761468,98.75,break,overlap
L,2024-11-06 14:10:00-05:00,20877.5,2024-11-06 16:00:00-05:00,20907.5,time,58.0,100.0,0.29,98.75,break,overlap
L,2024-11-07 14:30:00-05:00,21206.25,2024-11-07 16:00:00-05:00,21220.0,time,25.5,55.25,0.23076923076923078,45.75,break,above
L,2024-11-12 14:20:00-05:00,21199.25,2024-11-12 16:00:00-05:00,21195.0,time,-10.5,144.75,-0.03626943005181347,143.5,balance,overlap
S,2024-11-26 14:15:00-05:00,20922.5,2024-11-26 15:45:00-05:00,20985.25,SL,-127.5,62.25,-1.0240963855421688,57.5,break,overlap
L,2024-11-27 14:10:00-05:00,20821.0,2024-11-27 16:00:00-05:00,20819.0,time,-6.0,146.25,-0.020512820512820513,143.5,break,below
S,2024-12-02 14:10:00-05:00,21183.25,2024-12-02 16:00:00-05:00,21227.75,time,-91.0,76.5,-0.5947712418300654,64.75,break,above
L,2024-12-03 14:45:00-05:00,21250.25,2024-12-03 16:00:00-05:00,21279.0,time,55.5,60.25,0.4605809128630705,56.5,break,overlap
L,2024-12-04 14:15:00-05:00,21498.5,2024-12-04 16:00:00-05:00,21521.75,time,44.5,59.75,0.3723849372384937,55.0,balance,above
S,2024-12-09 14:40:00-05:00,21467.5,2024-12-09 16:00:00-05:00,21469.25,time,-5.5,82.5,-0.03333333333333333,75.5,break,below
S,2024-12-10 14:10:00-05:00,21443.0,2024-12-10 16:00:00-05:00,21415.5,time,53.0,60.0,0.44166666666666665,58.75,break,below
S,2024-12-12 14:25:00-05:00,21667.75,2024-12-12 16:00:00-05:00,21622.75,time,88.0,77.0,0.5714285714285714,75.5,balance,overlap
L,2024-12-13 14:05:00-05:00,21783.0,2024-12-13 16:00:00-05:00,21775.25,time,-17.5,103.5,-0.08454106280193237,96.5,break,below
L,2024-12-16 14:10:00-05:00,22131.5,2024-12-16 16:00:00-05:00,22105.5,time,-54.0,94.5,-0.2857142857142857,90.5,break,above
S,2024-12-17 14:05:00-05:00,21992.25,2024-12-17 16:00:00-05:00,21989.75,time,3.0,61.5,0.024390243902439025,58.75,break,inside
S,2024-12-18 14:00:00-05:00,21933.75,2024-12-18 16:00:00-05:00,21087.75,time,1690.0,93.0,9.086021505376344,48.0,balance,overlap
L,2024-12-23 14:05:00-05:00,21757.25,2024-12-23 16:00:00-05:00,21723.0,time,-70.5,115.0,-0.3065217391304348,113.75,balance,overlap
L,2024-12-27 14:40:00-05:00,21685.75,2024-12-27 16:00:00-05:00,21729.0,time,84.5,187.75,0.22503328894806923,179.75,break,below
S,2024-12-31 14:25:00-05:00,21198.25,2024-12-31 16:00:00-05:00,21225.25,time,-56.0,146.25,-0.19145299145299147,141.25,balance,below
L,2025-01-03 14:05:00-05:00,21532.5,2025-01-03 16:00:00-05:00,21496.25,time,-74.5,91.25,-0.40821917808219177,89.75,break,above
S,2025-01-06 14:00:00-05:00,21686.0,2025-01-06 16:00:00-05:00,21757.25,time,-144.5,183.5,-0.39373297002724794,167.75,break,overlap
L,2025-01-08 14:25:00-05:00,21418.25,2025-01-08 16:00:00-05:00,21360.75,time,-117.0,252.5,-0.2316831683168317,240.5,balance,overlap
L,2025-01-13 14:40:00-05:00,20917.25,2025-01-13 16:00:00-05:00,20959.25,time,82.0,199.0,0.20603015075376885,195.25,balance,overlap
L,2025-01-15 14:10:00-05:00,21400.75,2025-01-15 16:00:00-05:00,21378.75,time,-46.0,139.25,-0.1651705565529623,133.75,balance,overlap
S,2025-01-24 14:05:00-05:00,21853.75,2025-01-24 16:00:00-05:00,21913.5,time,-121.5,155.0,-0.3919354838709677,147.0,balance,overlap
S,2025-01-27 14:45:00-05:00,21120.5,2025-01-27 16:00:00-05:00,21268.25,SL,-297.5,147.25,-1.0101867572156198,128.75,balance,inside
L,2025-01-28 14:35:00-05:00,21591.25,2025-01-28 16:00:00-05:00,21561.25,time,-62.0,121.0,-0.256198347107438,113.5,break,above
L,2025-01-29 14:40:00-05:00,21550.5,2025-01-29 16:00:00-05:00,21458.25,time,-186.5,182.75,-0.5102599179206566,178.0,break,overlap
L,2025-01-30 14:10:00-05:00,21616.75,2025-01-30 16:00:00-05:00,21629.25,time,23.0,113.75,0.1010989010989011,109.0,balance,overlap
S,2025-01-31 14:05:00-05:00,21694.75,2025-01-31 16:00:00-05:00,21575.5,time,236.5,244.5,0.483640081799591,219.0,break,overlap
L,2025-02-03 14:10:00-05:00,21501.25,2025-02-03 16:00:00-05:00,21415.25,time,-174.0,160.0,-0.54375,131.5,break,above
L,2025-02-04 14:15:00-05:00,21668.25,2025-02-04 16:00:00-05:00,21606.75,time,-125.0,118.25,-0.5285412262156448,110.75,balance,above
S,2025-02-06 14:30:00-05:00,21732.25,2025-02-06 15:50:00-05:00,21842.5,SL,-222.5,109.75,-1.0136674259681093,93.75,balance,overlap
S,2025-02-07 14:25:00-05:00,21577.75,2025-02-07 16:00:00-05:00,21591.25,time,-29.0,153.25,-0.09461663947797716,146.25,break,below
L,2025-02-12 14:45:00-05:00,21836.5,2025-02-12 16:00:00-05:00,21789.0,time,-97.0,81.25,-0.5969230769230769,73.0,balance,above
L,2025-02-13 14:00:00-05:00,22013.75,2025-02-13 16:00:00-05:00,22079.5,time,129.5,123.5,0.5242914979757085,108.5,break,overlap
L,2025-02-14 14:10:00-05:00,22204.25,2025-02-14 16:00:00-05:00,22195.25,time,-20.0,112.75,-0.08869179600886919,107.0,balance,overlap
S,2025-02-18 14:05:00-05:00,22114.25,2025-02-18 15:55:00-05:00,22206.75,SL,-187.0,92.0,-1.016304347826087,67.5,balance,below
L,2025-02-19 14:10:00-05:00,22269.75,2025-02-19 16:00:00-05:00,22216.5,time,-108.5,75.25,-0.7209302325581395,69.5,break,overlap
L,2025-02-20 14:15:00-05:00,22104.25,2025-02-20 16:00:00-05:00,22135.75,time,61.0,81.5,0.37423312883435583,75.0,balance,below
S,2025-02-21 14:15:00-05:00,21738.25,2025-02-21 16:00:00-05:00,21684.0,time,106.5,261.0,0.20402298850574713,243.0,break,below
S,2025-02-24 14:40:00-05:00,21566.25,2025-02-24 16:00:00-05:00,21422.25,time,286.0,95.25,1.5013123359580052,91.75,balance,below
S,2025-02-27 14:20:00-05:00,20940.75,2025-02-27 16:00:00-05:00,20614.5,time,650.5,177.0,1.8375706214689265,161.25,balance,below
S,2025-03-03 14:50:00-05:00,20638.75,2025-03-03 16:00:00-05:00,20512.25,time,251.0,326.75,0.3840856924254017,312.5,break,overlap
L,2025-03-04 14:00:00-05:00,20548.5,2025-03-04 16:00:00-05:00,20436.75,time,-225.5,283.0,-0.39840989399293286,257.25,break,overlap
L,2025-03-05 14:00:00-05:00,20614.5,2025-03-05 16:00:00-05:00,20647.25,time,63.5,283.75,0.11189427312775331,266.0,break,overlap
S,2025-03-06 14:25:00-05:00,20028.5,2025-03-06 16:00:00-05:00,20134.0,time,-213.0,248.75,-0.42814070351758793,235.0,break,overlap
L,2025-03-07 14:00:00-05:00,20186.25,2025-03-07 16:00:00-05:00,20183.25,time,-8.0,414.75,-0.009644364074743821,404.75,break,overlap
S,2025-03-10 14:35:00-04:00,19418.75,2025-03-10 16:00:00-04:00,19458.25,time,-81.0,221.0,-0.1832579185520362,217.0,break,below
L,2025-03-11 14:10:00-04:00,19484.0,2025-03-11 16:00:00-04:00,19426.5,time,-117.0,283.25,-0.20653133274492497,245.0,balance,overlap
L,2025-03-17 14:05:00-04:00,19846.5,2025-03-17 16:00:00-04:00,19819.25,time,-56.5,191.75,-0.14732724902216426,179.0,break,overlap
L,2025-03-19 14:40:00-04:00,19763.0,2025-03-19 16:00:00-04:00,19766.0,time,4.0,179.5,0.011142061281337047,144.25,break,overlap
S,2025-03-20 14:25:00-04:00,19807.5,2025-03-20 16:00:00-04:00,19905.75,time,-198.5,232.25,-0.42734122712594186,213.5,balance,overlap
S,2025-03-26 14:45:00-04:00,20063.25,2025-03-26 16:00:00-04:00,20106.5,time,-88.5,154.75,-0.2859450726978998,141.25,break,below
L,2025-03-31 14:05:00-04:00,19332.75,2025-03-31 16:00:00-04:00,19416.25,time,165.0,159.0,0.5188679245283019,134.0,break,overlap
S,2025-04-01 14:00:00-04:00,19451.75,2025-04-01 16:00:00-04:00,19605.5,time,-309.5,191.75,-0.8070404172099087,146.5,balance,above
S,2025-04-02 14:20:00-04:00,19648.0,2025-04-02 16:00:00-04:00,19751.25,time,-208.5,242.25,-0.43034055727554177,231.75,balance,above
S,2025-04-03 14:05:00-04:00,18808.25,2025-04-03 16:00:00-04:00,18695.5,time,223.5,180.25,0.6199722607489597,176.5,balance,overlap
S,2025-04-04 14:35:00-04:00,17610.5,2025-04-04 16:00:00-04:00,17473.0,time,273.0,369.0,0.3699186991869919,363.75,balance,below
L,2025-04-07 14:15:00-04:00,17795.25,2025-04-07 16:00:00-04:00,17670.25,time,-252.0,581.75,-0.21658788139235066,579.25,balance,above
S,2025-04-08 14:40:00-04:00,17450.0,2025-04-08 16:00:00-04:00,17248.75,time,400.5,624.0,0.32091346153846156,586.5,break,overlap
L,2025-04-09 14:00:00-04:00,18917.75,2025-04-09 16:00:00-04:00,19264.75,time,692.0,1637.0,0.21136224801466097,1619.0,break,overlap
L,2025-04-10 14:00:00-04:00,18570.75,2025-04-10 16:00:00-04:00,18537.25,time,-69.0,652.75,-0.05285331290693221,596.25,break,below
L,2025-04-14 14:00:00-04:00,18963.75,2025-04-14 16:00:00-04:00,18919.75,time,-90.0,225.5,-0.19955654101995565,213.25,balance,below
S,2025-04-15 14:15:00-04:00,18897.0,2025-04-15 16:00:00-04:00,18968.75,time,-145.5,194.0,-0.375,184.25,break,overlap
S,2025-04-16 14:35:00-04:00,18272.0,2025-04-16 16:00:00-04:00,18426.5,time,-311.0,344.75,-0.4510514865844815,327.75,balance,overlap
L,2025-04-17 14:00:00-04:00,18488.75,2025-04-17 16:00:00-04:00,18431.25,time,-117.0,172.25,-0.33962264150943394,171.0,balance,overlap
L,2025-04-24 14:20:00-04:00,19280.0,2025-04-24 16:00:00-04:00,19365.25,time,168.5,140.0,0.6017857142857143,138.5,break,above
L,2025-04-28 14:20:00-04:00,19403.5,2025-04-28 16:00:00-04:00,19497.5,time,186.0,146.0,0.636986301369863,120.75,break,below
L,2025-04-29 14:00:00-04:00,19679.5,2025-04-29 16:00:00-04:00,19644.5,time,-72.0,209.0,-0.1722488038277512,197.0,balance,overlap
L,2025-04-30 14:10:00-04:00,19519.25,2025-04-30 16:00:00-04:00,19693.5,time,346.5,182.5,0.9493150684931507,175.75,break,above
L,2025-05-01 14:15:00-04:00,20038.0,2025-05-01 15:55:00-04:00,19908.5,SL,-261.0,129.0,-1.0116279069767442,119.75,balance,overlap
L,2025-05-02 14:35:00-04:00,20268.5,2025-05-02 15:05:00-04:00,20191.5,SL,-156.0,76.5,-1.0196078431372548,73.75,balance,above
L,2025-05-05 14:05:00-04:00,20160.75,2025-05-05 15:45:00-04:00,20093.0,SL,-137.5,67.25,-1.0223048327137547,61.25,balance,above
S,2025-05-07 14:05:00-04:00,19704.0,2025-05-07 15:40:00-04:00,19926.25,SL,-446.5,221.75,-1.0067643742953776,121.5,balance,overlap
S,2025-05-08 14:00:00-04:00,20243.25,2025-05-08 16:00:00-04:00,20173.75,time,137.0,94.5,0.7248677248677249,91.0,balance,above
S,2025-05-15 14:15:00-04:00,21387.25,2025-05-15 16:00:00-04:00,21429.25,time,-86.0,142.75,-0.30122591943957966,111.0,balance,above
L,2025-05-16 14:45:00-04:00,21482.0,2025-05-16 16:00:00-04:00,21503.0,time,40.0,76.75,0.26058631921824105,72.5,balance,overlap
S,2025-05-20 14:20:00-04:00,21389.0,2025-05-20 16:00:00-04:00,21424.75,time,-73.5,85.0,-0.4323529411764706,70.75,break,overlap
L,2025-05-28 14:10:00-04:00,21495.75,2025-05-28 14:50:00-04:00,21435.25,SL,-123.0,60.0,-1.025,55.25,break,overlap
L,2025-06-02 14:15:00-04:00,21483.25,2025-06-02 16:00:00-04:00,21545.25,time,122.0,82.5,0.7393939393939394,74.25,break,overlap
S,2025-06-03 14:10:00-04:00,21652.75,2025-06-03 16:00:00-04:00,21683.75,time,-64.0,107.25,-0.29836829836829837,84.75,break,above
L,2025-06-04 14:25:00-04:00,21796.5,2025-06-04 16:00:00-04:00,21757.0,time,-81.0,90.75,-0.4462809917355372,85.0,break,overlap
L,2025-06-06 14:00:00-04:00,21846.25,2025-06-06 16:00:00-04:00,21787.0,time,-120.5,125.0,-0.482,112.25,break,overlap
S,2025-06-10 14:00:00-04:00,21843.5,2025-06-10 14:55:00-04:00,21931.25,SL,-177.5,87.25,-1.0171919770773639,63.0,balance,overlap
S,2025-06-11 14:00:00-04:00,21858.0,2025-06-11 16:00:00-04:00,21887.5,time,-61.0,161.5,-0.18885448916408668,112.0,balance,overlap
S,2025-06-13 14:05:00-04:00,21745.75,2025-06-13 16:00:00-04:00,21656.0,time,177.5,110.25,0.8049886621315193,106.0,balance,overlap
S,2025-06-17 14:00:00-04:00,21716.5,2025-06-17 16:00:00-04:00,21733.5,time,-36.0,189.75,-0.09486166007905138,188.0,balance,overlap
S,2025-06-18 14:55:00-04:00,21917.25,2025-06-18 16:00:00-04:00,21962.0,time,-91.5,148.5,-0.30808080808080807,125.5,balance,overlap
L,2025-06-26 14:05:00-04:00,22662.25,2025-06-26 16:00:00-04:00,22648.5,time,-29.5,66.25,-0.22264150943396227,55.25,balance,above
S,2025-06-27 14:15:00-04:00,22691.0,2025-06-27 16:00:00-04:00,22738.5,time,-97.0,119.25,-0.40670859538784065,113.0,balance,overlap
S,2025-07-07 14:15:00-04:00,22823.25,2025-07-07 16:00:00-04:00,22859.0,time,-73.5,139.75,-0.2629695885509839,129.5,break,overlap
L,2025-07-09 14:10:00-04:00,23015.75,2025-07-09 16:00:00-04:00,23040.75,time,48.0,78.5,0.3057324840764331,71.0,break,overlap
L,2025-07-10 14:15:00-04:00,23043.25,2025-07-10 16:00:00-04:00,23009.25,time,-70.0,80.75,-0.43343653250773995,78.25,break,overlap
L,2025-07-15 14:00:00-04:00,23173.0,2025-07-15 15:20:00-04:00,23081.75,SL,-184.5,90.75,-1.0165289256198347,88.5,break,overlap
L,2025-07-16 14:55:00-04:00,23073.25,2025-07-16 16:00:00-04:00,23065.75,time,-17.0,120.25,-0.07068607068607069,114.75,break,overlap
L,2025-07-22 14:55:00-04:00,23252.25,2025-07-22 16:00:00-04:00,23217.75,time,-71.0,93.25,-0.3806970509383378,91.25,break,below
L,2025-07-23 14:05:00-04:00,23275.5,2025-07-23 16:00:00-04:00,23335.0,time,117.0,82.25,0.7112462006079028,76.5,balance,overlap
S,2025-07-28 14:05:00-04:00,23453.75,2025-07-28 16:00:00-04:00,23502.5,time,-99.5,54.25,-0.9170506912442397,53.0,break,overlap
L,2025-07-30 14:25:00-04:00,23555.25,2025-07-30 14:40:00-04:00,23515.75,SL,-81.0,39.0,-1.0384615384615385,34.75,balance,above
S,2025-07-31 14:10:00-04:00,23352.75,2025-07-31 16:00:00-04:00,23363.25,time,-23.0,264.5,-0.043478260869565216,252.25,break,below
S,2025-08-01 14:05:00-04:00,22808.75,2025-08-01 16:00:00-04:00,22883.0,time,-150.5,237.0,-0.31751054852320676,218.5,break,overlap
S,2025-08-05 14:50:00-04:00,23134.0,2025-08-05 16:00:00-04:00,23146.25,time,-26.5,118.25,-0.11205073995771671,115.25,break,below
L,2025-08-06 14:05:00-04:00,23403.5,2025-08-06 16:00:00-04:00,23409.5,time,10.0,57.75,0.08658008658008658,50.5,break,above
S,2025-08-07 14:10:00-04:00,23359.0,2025-08-07 16:00:00-04:00,23515.0,SL,-314.0,155.5,-1.0096463022508038,133.0,break,below
L,2025-08-08 14:00:00-04:00,23716.0,2025-08-08 16:00:00-04:00,23732.5,time,31.0,61.25,0.2530612244897959,51.75,break,above
S,2025-08-11 14:00:00-04:00,23682.25,2025-08-11 16:00:00-04:00,23635.75,time,91.0,122.5,0.37142857142857144,116.25,balance,overlap
L,2025-08-12 14:10:00-04:00,23918.0,2025-08-12 16:00:00-04:00,23925.75,time,13.5,71.75,0.09407665505226481,70.5,balance,above
L,2025-08-13 14:10:00-04:00,23950.75,2025-08-13 16:00:00-04:00,23949.0,time,-5.5,65.0,-0.04230769230769231,61.75,break,below
L,2025-08-21 14:55:00-04:00,23225.75,2025-08-21 16:00:00-04:00,23206.75,time,-40.0,106.5,-0.18779342723004694,104.5,break,overlap
S,2025-08-25 14:40:00-04:00,23552.5,2025-08-25 16:00:00-04:00,23509.75,time,83.5,61.75,0.6761133603238867,56.75,break,above
L,2025-08-27 14:05:00-04:00,23627.0,2025-08-27 16:00:00-04:00,23614.5,time,-27.0,85.25,-0.15835777126099707,82.75,break,overlap
L,2025-08-28 14:25:00-04:00,23776.25,2025-08-28 16:00:00-04:00,23773.5,time,-7.5,93.75,-0.04,91.75,break,overlap
S,2025-09-03 14:15:00-04:00,23342.25,2025-09-03 16:00:00-04:00,23464.75,SL,-247.0,122.0,-1.0122950819672132,117.75,balance,overlap
L,2025-09-04 14:30:00-04:00,23613.75,2025-09-04 16:00:00-04:00,23662.5,time,95.5,101.25,0.47160493827160493,91.5,break,overlap
S,2025-09-10 14:15:00-04:00,23861.5,2025-09-10 16:00:00-04:00,23881.0,time,-41.0,89.5,-0.22905027932960895,75.25,balance,overlap
L,2025-09-12 14:30:00-04:00,24132.25,2025-09-12 16:00:00-04:00,24105.75,time,-55.0,61.25,-0.4489795918367347,57.75,break,above
L,2025-09-16 14:55:00-04:00,24308.75,2025-09-16 16:00:00-04:00,24297.25,time,-25.0,51.5,-0.24271844660194175,48.0,balance,below
L,2025-09-17 14:00:00-04:00,24271.5,2025-09-17 14:10:00-04:00,24133.25,SL,-278.5,137.75,-1.0108892921960073,84.0,balance,below
L,2025-09-22 14:15:00-04:00,25007.25,2025-09-22 16:00:00-04:00,24997.5,time,-21.5,97.5,-0.11025641025641025,91.0,balance,above
S,2025-09-25 14:00:00-04:00,24456.5,2025-09-25 16:00:00-04:00,24636.5,time,-362.0,235.5,-0.7685774946921444,180.25,break,overlap
L,2025-09-26 14:20:00-04:00,24718.5,2025-09-26 16:00:00-04:00,24732.75,time,26.5,150.5,0.08803986710963455,148.5,balance,overlap
L,2025-09-30 14:45:00-04:00,24849.25,2025-09-30 16:00:00-04:00,24871.5,time,42.5,118.25,0.17970401691331925,112.5,break,overlap
L,2025-10-01 14:00:00-04:00,24993.5,2025-10-01 16:00:00-04:00,24998.5,time,8.0,64.75,0.06177606177606178,61.0,balance,above
L,2025-10-02 14:20:00-04:00,25111.5,2025-10-02 16:00:00-04:00,25117.75,time,10.5,78.5,0.06687898089171974,74.25,balance,overlap
L,2025-10-06 14:20:00-04:00,25234.75,2025-10-06 15:55:00-04:00,25181.5,SL,-108.5,52.75,-1.028436018957346,49.75,balance,overlap
L,2025-10-08 14:10:00-04:00,25291.25,2025-10-08 16:00:00-04:00,25331.75,time,79.0,58.0,0.6810344827586207,50.75,break,above
S,2025-10-10 14:50:00-04:00,24576.75,2025-10-10 16:00:00-04:00,24431.5,time,288.5,271.0,0.5322878228782287,244.0,break,below
S,2025-10-16 14:10:00-04:00,24708.25,2025-10-16 16:00:00-04:00,24826.75,time,-239.0,289.25,-0.4131374243733794,265.75,break,below
L,2025-10-17 14:15:00-04:00,25007.0,2025-10-17 16:00:00-04:00,25004.25,time,-7.5,178.5,-0.02100840336134454,151.25,balance,above
L,2025-10-27 14:15:00-04:00,25932.25,2025-10-27 16:00:00-04:00,25973.0,time,79.5,43.25,0.9190751445086706,40.25,break,above
L,2025-10-28 14:15:00-04:00,26177.75,2025-10-28 16:00:00-04:00,26163.5,time,-30.5,117.75,-0.12951167728237792,99.75,break,overlap
S,2025-10-29 14:35:00-04:00,26081.5,2025-10-29 15:50:00-04:00,26269.5,SL,-378.0,187.5,-1.008,65.25,balance,overlap
S,2025-10-30 14:35:00-04:00,25982.25,2025-10-30 16:00:00-04:00,25989.5,time,-16.5,115.0,-0.07173913043478261,112.0,break,inside
S,2025-11-04 14:35:00-05:00,25597.5,2025-11-04 16:00:00-05:00,25577.5,time,38.0,160.5,0.11838006230529595,154.75,balance,overlap
L,2025-11-06 14:05:00-05:00,25374.0,2025-11-06 16:00:00-05:00,25265.75,time,-218.5,177.0,-0.617231638418079,175.5,break,below
L,2025-11-07 14:20:00-05:00,24959.25,2025-11-07 16:00:00-05:00,25192.0,time,463.5,250.5,0.9251497005988024,244.5,break,overlap
L,2025-11-10 14:25:00-05:00,25687.25,2025-11-10 16:00:00-05:00,25731.0,time,85.5,180.0,0.2375,175.5,break,overlap
S,2025-11-17 14:00:00-05:00,24873.25,2025-11-17 16:00:00-05:00,24904.25,time,-64.0,326.5,-0.09800918836140889,312.75,break,overlap
L,2025-11-21 14:20:00-05:00,24580.75,2025-11-21 16:00:00-05:00,24348.5,time,-466.5,377.75,-0.6174718729318333,354.75,balance,overlap
S,2025-12-01 14:20:00-05:00,25406.25,2025-12-01 16:00:00-05:00,25404.0,time,2.5,89.75,0.013927576601671309,81.5,balance,above
L,2025-12-02 14:50:00-05:00,25625.5,2025-12-02 16:00:00-05:00,25598.25,time,-56.5,129.25,-0.218568665377176,126.0,break,overlap
L,2025-12-03 14:40:00-05:00,25658.5,2025-12-03 16:00:00-05:00,25655.25,time,-8.5,103.75,-0.04096385542168675,99.25,balance,above
S,2025-12-04 14:15:00-05:00,25545.0,2025-12-04 16:00:00-05:00,25621.25,time,-154.5,109.5,-0.7054794520547946,80.0,break,inside
L,2025-12-10 14:05:00-05:00,25720.75,2025-12-10 16:00:00-05:00,25793.25,time,143.0,126.0,0.5674603174603174,87.0,break,overlap
L,2025-12-11 14:15:00-05:00,25694.5,2025-12-11 16:00:00-05:00,25717.5,time,44.0,199.75,0.11013767209011265,191.75,balance,overlap
S,2025-12-17 14:30:00-05:00,24702.25,2025-12-17 16:00:00-05:00,24714.5,time,-26.5,154.0,-0.08603896103896104,148.0,balance,below
L,2025-12-23 14:05:00-05:00,25785.75,2025-12-23 16:00:00-05:00,25816.75,time,60.0,35.25,0.851063829787234,29.75,balance,above
L,2025-12-26 14:00:00-05:00,25896.25,2025-12-26 16:00:00-05:00,25867.75,time,-59.0,48.25,-0.6113989637305699,45.25,break,overlap
L,2025-12-29 14:40:00-05:00,25734.5,2025-12-29 16:00:00-05:00,25738.5,time,6.0,87.0,0.034482758620689655,81.5,balance,overlap
S,2025-12-31 14:30:00-05:00,25536.75,2025-12-31 16:00:00-05:00,25459.0,time,153.5,93.25,0.8230563002680965,62.0,balance,overlap
L,2026-01-02 14:20:00-05:00,25409.25,2026-01-02 16:00:00-05:00,25392.75,time,-35.0,144.25,-0.12131715771230503,140.25,balance,below
L,2026-01-06 14:10:00-05:00,25807.5,2026-01-06 16:00:00-05:00,25819.25,time,21.5,133.25,0.08067542213883677,131.5,break,overlap
S,2026-01-07 14:10:00-05:00,25918.75,2026-01-07 16:00:00-05:00,25825.75,time,184.0,79.5,1.1572327044025157,72.5,break,above
S,2026-01-08 14:10:00-05:00,25613.75,2026-01-08 16:00:00-05:00,25691.0,time,-156.5,90.0,-0.8694444444444445,84.0,break,inside
L,2026-01-12 14:30:00-05:00,26010.5,2026-01-12 16:00:00-05:00,25956.25,time,-110.5,72.25,-0.7647058823529411,58.75,balance,above
S,2026-01-13 14:00:00-05:00,25832.5,2026-01-13 16:00:00-05:00,25919.0,time,-175.0,185.75,-0.47106325706594887,184.25,balance,overlap
S,2026-01-15 14:00:00-05:00,25842.5,2026-01-15 16:00:00-05:00,25716.0,time,251.0,97.5,1.2871794871794873,91.25,balance,overlap
L,2026-01-16 14:00:00-05:00,25739.25,2026-01-16 16:00:00-05:00,25687.0,time,-106.5,85.5,-0.6228070175438597,78.5,break,below
S,2026-01-20 14:20:00-05:00,25169.25,2026-01-20 16:00:00-05:00,25143.25,time,50.0,238.25,0.1049317943336831,236.5,balance,overlap
L,2026-01-21 14:25:00-05:00,25430.0,2026-01-21 16:00:00-05:00,25495.75,time,129.5,287.5,0.2252173913043478,152.0,balance,overlap
S,2026-01-22 14:55:00-05:00,25639.5,2026-01-22 16:00:00-05:00,25636.75,time,3.5,82.0,0.021341463414634148,68.75,balance,inside
L,2026-01-28 14:45:00-05:00,26184.75,2026-01-28 16:00:00-05:00,26109.25,SL,-153.0,75.0,-1.02,70.0,balance,below
S,2026-02-02 14:55:00-05:00,25847.0,2026-02-02 16:00:00-05:00,25854.0,time,-16.0,102.25,-0.07823960880195599,60.5,break,above
S,2026-02-03 14:00:00-05:00,25231.5,2026-02-03 16:00:00-05:00,25468.75,time,-476.5,271.0,-0.8791512915129152,256.25,break,below
L,2026-02-04 14:45:00-05:00,25064.5,2026-02-04 16:00:00-05:00,24913.25,time,-304.5,280.75,-0.5422974176313446,273.5,break,below
L,2026-02-09 14:25:00-05:00,25418.5,2026-02-09 16:00:00-05:00,25345.5,time,-148.0,107.25,-0.6899766899766899,105.25,break,above
L,2026-02-11 14:20:00-05:00,25345.5,2026-02-11 16:00:00-05:00,25280.0,time,-133.0,203.75,-0.3263803680981595,183.0,break,below
S,2026-02-13 14:55:00-05:00,24852.5,2026-02-13 16:00:00-05:00,24787.5,time,128.0,143.25,0.4467713787085515,112.25,break,above
S,2026-02-18 14:30:00-05:00,24964.25,2026-02-18 16:00:00-05:00,24947.75,time,31.0,164.5,0.09422492401215805,146.5,balance,above
S,2026-02-24 14:15:00-05:00,25003.25,2026-02-24 16:00:00-05:00,25022.0,time,-39.5,77.75,-0.2540192926045016,69.0,break,above
L,2026-02-25 14:00:00-05:00,25364.0,2026-02-25 16:00:00-05:00,25383.75,time,37.5,55.25,0.3393665158371041,47.25,break,above
L,2026-02-26 14:05:00-05:00,25055.75,2026-02-26 16:00:00-05:00,25082.25,time,51.0,167.25,0.15246636771300448,142.0,break,below
L,2026-03-02 14:25:00-05:00,25079.75,2026-03-02 15:10:00-05:00,24967.5,SL,-226.5,111.75,-1.0134228187919463,108.25,balance,above
S,2026-03-10 14:10:00-04:00,25039.25,2026-03-10 16:00:00-04:00,24993.75,time,89.0,178.75,0.24895104895104894,137.75,balance,overlap
L,2026-03-16 14:40:00-04:00,24731.0,2026-03-16 16:00:00-04:00,24660.75,time,-142.5,114.0,-0.625,110.0,break,overlap
L,2026-03-17 14:05:00-04:00,24837.25,2026-03-17 16:00:00-04:00,24804.25,time,-68.0,106.75,-0.3185011709601874,95.75,break,overlap
S,2026-03-18 14:30:00-04:00,24576.0,2026-03-18 16:00:00-04:00,24437.75,time,274.5,117.5,1.1680851063829787,115.25,balance,overlap
S,2026-03-20 14:20:00-04:00,24123.25,2026-03-20 16:00:00-04:00,24130.0,time,-15.5,236.0,-0.03283898305084746,194.5,balance,below
L,2026-03-23 14:00:00-04:00,24481.75,2026-03-23 16:00:00-04:00,24367.25,time,-231.0,177.0,-0.652542372881356,169.25,balance,overlap
S,2026-03-26 14:25:00-04:00,23848.25,2026-03-26 16:00:00-04:00,23777.25,time,140.0,253.75,0.27586206896551724,250.25,break,overlap
S,2026-03-27 14:05:00-04:00,23336.75,2026-03-27 16:00:00-04:00,23290.25,time,91.0,220.25,0.20658342792281498,211.0,break,overlap
S,2026-03-30 14:25:00-04:00,23155.0,2026-03-30 16:00:00-04:00,23116.0,time,76.0,225.5,0.16851441241685144,211.25,balance,overlap
S,2026-04-01 14:00:00-04:00,24229.5,2026-04-01 16:00:00-04:00,24186.25,time,84.5,119.75,0.35281837160751567,83.25,balance,above
L,2026-04-06 14:20:00-04:00,24352.25,2026-04-06 16:00:00-04:00,24358.25,time,10.0,150.0,0.03333333333333333,144.5,balance,overlap
S,2026-04-07 14:55:00-04:00,24102.0,2026-04-07 15:45:00-04:00,24300.0,SL,-398.0,197.5,-1.0075949367088608,193.75,balance,overlap
S,2026-04-08 14:15:00-04:00,25054.25,2026-04-08 16:00:00-04:00,25076.25,time,-46.0,103.5,-0.2222222222222222,96.5,balance,overlap
S,2026-04-09 14:20:00-04:00,25156.75,2026-04-09 15:50:00-04:00,25265.25,SL,-219.0,108.0,-1.0138888888888888,103.25,break,above
L,2026-04-13 14:50:00-04:00,25449.0,2026-04-13 16:00:00-04:00,25541.25,time,182.5,167.0,0.5464071856287425,159.0,break,above
L,2026-04-15 14:30:00-04:00,26274.75,2026-04-15 16:00:00-04:00,26344.25,time,137.0,172.0,0.39825581395348836,149.75,break,above
S,2026-04-16 14:05:00-04:00,26408.0,2026-04-16 16:00:00-04:00,26452.75,time,-91.5,155.0,-0.29516129032258065,132.5,balance,overlap
L,2026-04-20 14:15:00-04:00,26730.25,2026-04-20 16:00:00-04:00,26748.75,time,35.0,91.0,0.19230769230769232,87.5,break,below
L,2026-04-28 14:15:00-04:00,27160.0,2026-04-28 16:00:00-04:00,27156.75,time,-8.5,134.25,-0.03165735567970205,117.75,balance,overlap
L,2026-04-29 14:55:00-04:00,27296.0,2026-04-29 16:00:00-04:00,27350.5,time,107.0,143.25,0.37347294938917974,120.5,break,overlap
L,2026-04-30 14:00:00-04:00,27579.5,2026-04-30 16:00:00-04:00,27579.75,time,-1.5,231.25,-0.003243243243243243,199.75,balance,overlap
L,2026-05-04 14:00:00-04:00,27811.0,2026-05-04 16:00:00-04:00,27759.25,time,-105.5,197.0,-0.26776649746192893,190.5,balance,below
L,2026-05-05 14:00:00-04:00,28171.5,2026-05-05 16:00:00-04:00,28145.5,time,-54.0,80.75,-0.33436532507739936,76.75,break,above
L,2026-05-06 14:05:00-04:00,28617.25,2026-05-06 16:00:00-04:00,28711.5,time,186.5,105.25,0.8859857482185273,98.25,balance,above
L,2026-05-12 14:00:00-04:00,28937.0,2026-05-12 16:00:00-04:00,29127.75,time,379.5,196.0,0.9681122448979592,188.75,balance,below
L,2026-05-13 14:10:00-04:00,29522.25,2026-05-13 16:00:00-04:00,29459.75,time,-127.0,223.0,-0.28475336322869954,196.75,balance,above
L,2026-05-15 14:00:00-04:00,29462.25,2026-05-15 15:50:00-04:00,29250.25,SL,-426.0,211.5,-1.0070921985815602,200.0,balance,overlap
S,2026-05-18 14:45:00-04:00,28834.75,2026-05-18 15:45:00-04:00,29074.75,SL,-482.0,239.5,-1.0062630480167014,231.0,balance,below
L,2026-05-26 14:10:00-04:00,30025.25,2026-05-26 16:00:00-04:00,30068.5,time,84.5,104.75,0.4033412887828162,94.75,balance,overlap
L,2026-05-27 14:25:00-04:00,30054.0,2026-05-27 16:00:00-04:00,30055.5,time,1.0,159.25,0.0031397174254317113,153.5,break,overlap
L,2026-06-03 14:00:00-04:00,30651.5,2026-06-03 16:00:00-04:00,30617.25,time,-70.5,146.25,-0.24102564102564103,141.75,break,overlap
L,2026-06-04 14:00:00-04:00,30578.5,2026-06-04 16:00:00-04:00,30463.75,time,-231.5,185.25,-0.6248313090418354,170.25,balance,above
S,2026-06-05 14:10:00-04:00,29316.75,2026-06-05 16:00:00-04:00,28903.5,time,824.5,343.75,1.1992727272727273,299.25,break,below
L,2026-06-09 14:15:00-04:00,28935.5,2026-06-09 16:00:00-04:00,29195.0,time,517.0,708.5,0.36485532815808047,697.75,break,below
S,2026-06-10 14:55:00-04:00,28607.25,2026-06-10 16:00:00-04:00,28509.0,time,194.5,289.75,0.3356341673856773,280.5,balance,overlap
S,2026-06-17 14:00:00-04:00,30175.75,2026-06-17 14:40:00-04:00,30503.0,SL,-656.5,326.75,-1.0045906656465187,177.25,balance,overlap
S,2026-06-23 14:30:00-04:00,29714.0,2026-06-23 16:00:00-04:00,29675.5,time,75.0,201.75,0.18587360594795538,184.0,break,overlap
S,2026-06-24 14:45:00-04:00,29355.75,2026-06-24 16:00:00-04:00,29745.75,time,-782.0,450.0,-0.8688888888888889,440.75,balance,overlap
L,2026-06-25 14:25:00-04:00,29877.5,2026-06-25 16:00:00-04:00,29837.25,time,-82.5,291.5,-0.14150943396226415,285.75,break,overlap
S,2026-06-26 14:25:00-04:00,29461.75,2026-06-26 16:00:00-04:00,29301.0,time,319.5,238.75,0.669109947643979,205.5,balance,above
L,2026-06-29 14:40:00-04:00,30053.5,2026-06-29 16:00:00-04:00,30031.0,time,-47.0,219.75,-0.10693970420932879,204.75,break,above
L,2026-06-30 14:45:00-04:00,30566.5,2026-06-30 16:00:00-04:00,30532.0,time,-71.0,113.75,-0.3120879120879121,110.0,break,above
S,2026-07-01 14:40:00-04:00,30145.5,2026-07-01 16:00:00-04:00,30030.0,time,229.0,135.75,0.8434622467771639,127.5,break,overlap
L,2026-07-14 14:10:00-04:00,29869.5,2026-07-14 16:00:00-04:00,29775.75,time,-189.5,165.5,-0.5725075528700906,162.25,balance,overlap
L,2026-07-15 14:05:00-04:00,29718.75,2026-07-15 16:00:00-04:00,29724.75,time,10.0,322.25,0.015515903801396431,309.0,balance,below
S,2026-07-16 14:50:00-04:00,29213.0,2026-07-16 16:00:00-04:00,29199.75,time,24.5,182.75,0.06703146374829001,176.25,break,overlap
S,2026-07-17 14:20:00-04:00,28837.75,2026-07-17 16:00:00-04:00,28728.0,time,217.5,209.5,0.5190930787589498,201.5,break,above
S,2026-07-20 14:40:00-04:00,28859.5,2026-07-20 16:00:00-04:00,28794.5,time,128.0,259.25,0.24686595949855353,218.0,break,overlap
S,2026-07-22 14:10:00-04:00,29224.0,2026-07-22 16:00:00-04:00,29152.0,time,142.0,111.5,0.6367713004484304,101.0,balance,above
S,2026-07-23 14:00:00-04:00,28561.0,2026-07-23 16:00:00-04:00,28709.0,time,-298.0,178.25,-0.8359046283309958,173.5,break,overlap
S,2026-07-24 14:15:00-04:00,28398.75,2026-07-24 16:00:00-04:00,28275.5,time,244.5,232.75,0.5252416756176155,204.25,break,overlap
S,2026-07-28 14:10:00-04:00,27917.0,2026-07-28 16:00:00-04:00,27917.25,time,-2.5,163.0,-0.007668711656441718,155.25,break,overlap
L,2026-07-29 14:00:00-04:00,27801.75,2026-07-29 15:50:00-04:00,27408.25,SL,-789.0,393.0,-1.0038167938931297,340.75,balance,below
L,2026-08-03 14:00:00-04:00,28946.0,2026-08-03 16:00:00-04:00,28884.5,time,-125.0,156.0,-0.40064102564102566,131.5,break,above
S,2026-08-11 14:25:00-04:00,29544.0,2026-08-11 16:00:00-04:00,29621.5,time,-157.0,138.25,-0.5678119349005425,109.0,balance,overlap
S,2026-08-18 14:05:00-04:00,29554.75,2026-08-18 16:00:00-04:00,29589.0,time,-70.5,116.5,-0.30257510729613735,105.5,break,overlap
S,2026-08-19 14:05:00-04:00,29501.75,2026-08-19 16:00:00-04:00,29534.0,time,-66.5,165.75,-0.20060331825037708,157.0,balance,overlap
S,2026-08-20 14:00:00-04:00,29260.5,2026-08-20 16:00:00-04:00,29314.5,time,-110.0,128.75,-0.42718446601941745,107.0,balance,overlap
S,2026-08-21 14:10:00-04:00,29374.0,2026-08-21 16:00:00-04:00,29388.0,time,-30.0,80.75,-0.18575851393188855,79.5,balance,inside
S,2026-08-25 14:00:00-04:00,29204.25,2026-08-25 16:00:00-04:00,29274.75,time,-143.0,95.75,-0.7467362924281984,85.75,balance,overlap
L,2026-08-26 14:45:00-04:00,29320.0,2026-08-26 16:00:00-04:00,29335.5,time,29.0,150.25,0.09650582362728785,126.75,break,overlap
S,2026-08-27 14:20:00-04:00,29567.5,2026-08-27 15:50:00-04:00,29679.0,SL,-225.0,111.0,-1.0135135135135136,108.25,balance,overlap
S,2026-09-01 14:25:00-04:00,29093.5,2026-09-01 16:00:00-04:00,29131.25,time,-77.5,207.25,-0.18697225572979492,200.0,break,overlap
L,2026-09-03 14:00:00-04:00,29574.5,2026-09-03 16:00:00-04:00,29514.75,time,-121.5,98.75,-0.6151898734177215,77.0,break,above
S,2026-09-08 14:45:00-04:00,29545.0,2026-09-08 16:00:00-04:00,29517.25,time,53.5,96.75,0.27648578811369506,92.0,break,inside
S,2026-09-15 14:45:00-04:00,28948.0,2026-09-15 16:00:00-04:00,28984.75,time,-75.5,67.0,-0.5634328358208955,64.25,balance,below
S,2026-09-16 14:30:00-04:00,29078.0,2026-09-16 16:00:00-04:00,28975.5,time,203.0,152.25,0.6666666666666666,105.0,balance,overlap
L,2026-09-18 14:20:00-04:00,29776.5,2026-09-18 16:00:00-04:00,29946.75,time,338.5,117.5,1.4404255319148935,108.75,balance,below
L,2026-09-21 14:10:00-04:00,30730.5,2026-09-21 16:00:00-04:00,30767.5,time,72.0,129.5,0.277992277992278,123.5,break,above
L,2026-09-22 14:15:00-04:00,30990.75,2026-09-22 16:00:00-04:00,31025.75,time,68.0,101.75,0.33415233415233414,98.5,break,overlap
L,2026-09-29 14:25:00-04:00,30602.0,2026-09-29 16:00:00-04:00,30628.75,time,51.5,98.25,0.26208651399491095,90.0,break,overlap
L,2026-10-05 14:55:00-04:00,31321.0,2026-10-05 16:00:00-04:00,31335.75,time,27.5,121.0,0.11363636363636363,118.75,balance,overlap
L,2026-10-07 14:25:00-04:00,31391.25,2026-10-07 16:00:00-04:00,31398.25,time,12.0,77.25,0.07766990291262135,72.25,break,above
